cell,method,param,x,density
n_obs=1000 seed=0 convention=gaussian,NUTS reference,A,2.9042640016226344,4.322241919017868e-05
n_obs=1000 seed=0 convention=gaussian,NUTS reference,A,2.90557219700227,8.549562622359885e-05
n_obs=1000 seed=0 convention=gaussian,NUTS reference,A,2.906880392381905,0.00016274126087338818
n_obs=1000 seed=0 convention=gaussian,NUTS reference,A,2.9081885877615403,0.00029821733756393187
n_obs=1000 seed=0 convention=gaussian,NUTS reference,A,2.9094967831411758,0.0005262904339583585
n_obs=1000 seed=0 convention=gaussian,NUTS reference,A,2.9108049785208108,0.0008948843756535795
n_obs=1000 seed=0 convention=gaussian,NUTS reference,A,2.912113173900446,0.0014667881884803259
n_obs=1000 seed=0 convention=gaussian,NUTS reference,A,2.913421369280081,0.0023187844667616935
n_obs=1000 seed=0 convention=gaussian,NUTS reference,A,2.9147295646597167,0.0035376043222230574
n_obs=1000 seed=0 convention=gaussian,NUTS reference,A,2.916037760039352,0.00521214567719622
n_obs=1000 seed=0 convention=gaussian,NUTS reference,A,2.917345955418987,0.007422261884323934
n_obs=1000 seed=0 convention=gaussian,NUTS reference,A,2.9186541507986226,0.01022562897703018
n_obs=1000 seed=0 convention=gaussian,NUTS reference,A,2.919962346178258,0.013645423567888613
n_obs=1000 seed=0 convention=gaussian,NUTS reference,A,2.921270541557893,0.01766232635670561
n_obs=1000 seed=0 convention=gaussian,NUTS reference,A,2.9225787369375285,0.022214240001423618
n_obs=1000 seed=0 convention=gaussian,NUTS reference,A,2.9238869323171635,0.027205823690028726
n_obs=1000 seed=0 convention=gaussian,NUTS reference,A,2.925195127696799,0.03252767268172877
n_obs=1000 seed=0 convention=gaussian,NUTS reference,A,2.9265033230764343,0.03808237112988438
n_obs=1000 seed=0 convention=gaussian,NUTS reference,A,2.9278115184560694,0.043812699266462855
n_obs=1000 seed=0 convention=gaussian,NUTS reference,A,2.929119713835705,0.0497268722141093
n_obs=1000 seed=0 convention=gaussian,NUTS reference,A,2.9304279092153402,0.055917144534626935
n_obs=1000 seed=0 convention=gaussian,NUTS reference,A,2.9317361045949752,0.0625708692059698
n_obs=1000 seed=0 convention=gaussian,NUTS reference,A,2.9330442999746107,0.06997582004296961
n_obs=1000 seed=0 convention=gaussian,NUTS reference,A,2.934352495354246,0.07852275396322024
n_obs=1000 seed=0 convention=gaussian,NUTS reference,A,2.935660690733881,0.0887069261097221
n_obs=1000 seed=0 convention=gaussian,NUTS reference,A,2.9369688861135166,0.10112697391920321
n_obs=1000 seed=0 convention=gaussian,NUTS reference,A,2.9382770814931516,0.11647594894433992
n_obs=1000 seed=0 convention=gaussian,NUTS reference,A,2.939585276872787,0.1355175649865148
n_obs=1000 seed=0 convention=gaussian,NUTS reference,A,2.9408934722524225,0.1590426216826138
n_obs=1000 seed=0 convention=gaussian,NUTS reference,A,2.9422016676320575,0.18780612246038939
n_obs=1000 seed=0 convention=gaussian,NUTS reference,A,2.943509863011693,0.22245301978279772
n_obs=1000 seed=0 convention=gaussian,NUTS reference,A,2.9448180583913284,0.2634467594061133
n_obs=1000 seed=0 convention=gaussian,NUTS reference,A,2.9461262537709634,0.3110169424866474
n_obs=1000 seed=0 convention=gaussian,NUTS reference,A,2.947434449150599,0.3651390311357052
n_obs=1000 seed=0 convention=gaussian,NUTS reference,A,2.9487426445302343,0.4255508579363386
n_obs=1000 seed=0 convention=gaussian,NUTS reference,A,2.9500508399098693,0.49180056420584245
n_obs=1000 seed=0 convention=gaussian,NUTS reference,A,2.9513590352895047,0.5633122859015355
n_obs=1000 seed=0 convention=gaussian,NUTS reference,A,2.9526672306691397,0.6394527483771586
n_obs=1000 seed=0 convention=gaussian,NUTS reference,A,2.953975426048775,0.7195853638882596
n_obs=1000 seed=0 convention=gaussian,NUTS reference,A,2.9552836214284106,0.8031072227088165
n_obs=1000 seed=0 convention=gaussian,NUTS reference,A,2.9565918168080456,0.8894748221502866
n_obs=1000 seed=0 convention=gaussian,NUTS reference,A,2.957900012187681,0.9782315702274594
n_obs=1000 seed=0 convention=gaussian,NUTS reference,A,2.9592082075673165,1.0690499546428576
n_obs=1000 seed=0 convention=gaussian,NUTS reference,A,2.9605164029469515,1.1617926126074511
n_obs=1000 seed=0 convention=gaussian,NUTS reference,A,2.961824598326587,1.2565822021084136
n_obs=1000 seed=0 convention=gaussian,NUTS reference,A,2.9631327937062224,1.353856157225918
n_obs=1000 seed=0 convention=gaussian,NUTS reference,A,2.9644409890858574,1.4543762945252483
n_obs=1000 seed=0 convention=gaussian,NUTS reference,A,2.965749184465493,1.5591697540120082
n_obs=1000 seed=0 convention=gaussian,NUTS reference,A,2.967057379845128,1.6693969162872337
n_obs=1000 seed=0 convention=gaussian,NUTS reference,A,2.9683655752247633,1.7861680676123288
n_obs=1000 seed=0 convention=gaussian,NUTS reference,A,2.9696737706043987,1.910354018169852
n_obs=1000 seed=0 convention=gaussian,NUTS reference,A,2.9709819659840337,2.0424465397720866
n_obs=1000 seed=0 convention=gaussian,NUTS reference,A,2.972290161363669,2.1825160226596116
n_obs=1000 seed=0 convention=gaussian,NUTS reference,A,2.9735983567433046,2.330286541928594
n_obs=1000 seed=0 convention=gaussian,NUTS reference,A,2.9749065521229396,2.4853103201355835
n_obs=1000 seed=0 convention=gaussian,NUTS reference,A,2.976214747502575,2.6471872686045304
n_obs=1000 seed=0 convention=gaussian,NUTS reference,A,2.97752294288221,2.815754484282836
n_obs=1000 seed=0 convention=gaussian,NUTS reference,A,2.9788311382618455,2.991174430022472
n_obs=1000 seed=0 convention=gaussian,NUTS reference,A,2.980139333641481,3.1738798754653947
n_obs=1000 seed=0 convention=gaussian,NUTS reference,A,2.981447529021116,3.3643801010490972
n_obs=1000 seed=0 convention=gaussian,NUTS reference,A,2.9827557244007514,3.5629812731045885
n_obs=1000 seed=0 convention=gaussian,NUTS reference,A,2.984063919780387,3.7695077971410966
n_obs=1000 seed=0 convention=gaussian,NUTS reference,A,2.985372115160022,3.9831188985594252
n_obs=1000 seed=0 convention=gaussian,NUTS reference,A,2.9866803105396573,4.202292442814153
n_obs=1000 seed=0 convention=gaussian,NUTS reference,A,2.9879885059192928,4.425002458439695
n_obs=1000 seed=0 convention=gaussian,NUTS reference,A,2.9892967012989278,4.649061378097281
n_obs=1000 seed=0 convention=gaussian,NUTS reference,A,2.990604896678563,4.872548527288289
n_obs=1000 seed=0 convention=gaussian,NUTS reference,A,2.991913092058198,5.094216504218452
n_obs=1000 seed=0 convention=gaussian,NUTS reference,A,2.9932212874378337,5.313764960818951
n_obs=1000 seed=0 convention=gaussian,NUTS reference,A,2.994529482817469,5.53189819394748
n_obs=1000 seed=0 convention=gaussian,NUTS reference,A,2.995837678197104,5.750133364306888
n_obs=1000 seed=0 convention=gaussian,NUTS reference,A,2.9971458735767396,5.970388748656772
n_obs=1000 seed=0 convention=gaussian,NUTS reference,A,2.998454068956375,6.194440904773417
n_obs=1000 seed=0 convention=gaussian,NUTS reference,A,2.99976226433601,6.423379739304524
n_obs=1000 seed=0 convention=gaussian,NUTS reference,A,3.0010704597156455,6.657198235834572
n_obs=1000 seed=0 convention=gaussian,NUTS reference,A,3.0023786550952805,6.894623870464866
n_obs=1000 seed=0 convention=gaussian,NUTS reference,A,3.003686850474916,7.133237263155629
n_obs=1000 seed=0 convention=gaussian,NUTS reference,A,3.0049950458545513,7.369846736092801
n_obs=1000 seed=0 convention=gaussian,NUTS reference,A,3.0063032412341864,7.601017730377922
n_obs=1000 seed=0 convention=gaussian,NUTS reference,A,3.007611436613822,7.823614932180486
n_obs=1000 seed=0 convention=gaussian,NUTS reference,A,3.0089196319934572,8.035215450508813
n_obs=1000 seed=0 convention=gaussian,NUTS reference,A,3.0102278273730922,8.234293476103275
n_obs=1000 seed=0 convention=gaussian,NUTS reference,A,3.0115360227527277,8.420147718409554
n_obs=1000 seed=0 convention=gaussian,NUTS reference,A,3.012844218132363,8.592621282550978
n_obs=1000 seed=0 convention=gaussian,NUTS reference,A,3.014152413511998,8.751726305790081
n_obs=1000 seed=0 convention=gaussian,NUTS reference,A,3.0154606088916336,8.897313921698519
n_obs=1000 seed=0 convention=gaussian,NUTS reference,A,3.0167688042712686,9.028914593718461
n_obs=1000 seed=0 convention=gaussian,NUTS reference,A,3.018076999650904,9.145817245876804
n_obs=1000 seed=0 convention=gaussian,NUTS reference,A,3.0193851950305395,9.247372982608487
n_obs=1000 seed=0 convention=gaussian,NUTS reference,A,3.0206933904101745,9.333425262630007
n_obs=1000 seed=0 convention=gaussian,NUTS reference,A,3.02200158578981,9.404711245108713
n_obs=1000 seed=0 convention=gaussian,NUTS reference,A,3.0233097811694454,9.463070891489696
n_obs=1000 seed=0 convention=gaussian,NUTS reference,A,3.0246179765490804,9.511348576950057
n_obs=1000 seed=0 convention=gaussian,NUTS reference,A,3.025926171928716,9.552964085156207
n_obs=1000 seed=0 convention=gaussian,NUTS reference,A,3.0272343673083513,9.591236810575431
n_obs=1000 seed=0 convention=gaussian,NUTS reference,A,3.0285425626879863,9.628633074205386
n_obs=1000 seed=0 convention=gaussian,NUTS reference,A,3.0298507580676217,9.666142622722642
n_obs=1000 seed=0 convention=gaussian,NUTS reference,A,3.0311589534472567,9.702964588104456
n_obs=1000 seed=0 convention=gaussian,NUTS reference,A,3.032467148826892,9.736603679838483
n_obs=1000 seed=0 convention=gaussian,NUTS reference,A,3.0337753442065276,9.763368521834924
n_obs=1000 seed=0 convention=gaussian,NUTS reference,A,3.0350835395861626,9.779157586720897
n_obs=1000 seed=0 convention=gaussian,NUTS reference,A,3.036391734965798,9.780343783446947
n_obs=1000 seed=0 convention=gaussian,NUTS reference,A,3.0376999303454335,9.764546237466911
n_obs=1000 seed=0 convention=gaussian,NUTS reference,A,3.0390081257250685,9.73111215886996
n_obs=1000 seed=0 convention=gaussian,NUTS reference,A,3.040316321104704,9.681211545997884
n_obs=1000 seed=0 convention=gaussian,NUTS reference,A,3.0416245164843394,9.61754796292856
n_obs=1000 seed=0 convention=gaussian,NUTS reference,A,3.0429327118639744,9.543779193860688
n_obs=1000 seed=0 convention=gaussian,NUTS reference,A,3.04424090724361,9.463796818153316
n_obs=1000 seed=0 convention=gaussian,NUTS reference,A,3.045549102623245,9.381022956731622
n_obs=1000 seed=0 convention=gaussian,NUTS reference,A,3.0468572980028803,9.29785268076805
n_obs=1000 seed=0 convention=gaussian,NUTS reference,A,3.0481654933825157,9.215321147269329
n_obs=1000 seed=0 convention=gaussian,NUTS reference,A,3.0494736887621507,9.133025680462454
n_obs=1000 seed=0 convention=gaussian,NUTS reference,A,3.050781884141786,9.049295657501832
n_obs=1000 seed=0 convention=gaussian,NUTS reference,A,3.0520900795214216,8.961575763395063
n_obs=1000 seed=0 convention=gaussian,NUTS reference,A,3.0533982749010566,8.866963022779899
n_obs=1000 seed=0 convention=gaussian,NUTS reference,A,3.054706470280692,8.762810603847283
n_obs=1000 seed=0 convention=gaussian,NUTS reference,A,3.056014665660327,8.647287617956655
n_obs=1000 seed=0 convention=gaussian,NUTS reference,A,3.0573228610399625,8.519778375775457
n_obs=1000 seed=0 convention=gaussian,NUTS reference,A,3.058631056419598,8.381030053639204
n_obs=1000 seed=0 convention=gaussian,NUTS reference,A,3.059939251799233,8.233015617114956
n_obs=1000 seed=0 convention=gaussian,NUTS reference,A,3.0612474471788684,8.078553513595319
n_obs=1000 seed=0 convention=gaussian,NUTS reference,A,3.062555642558504,7.9207901161254535
n_obs=1000 seed=0 convention=gaussian,NUTS reference,A,3.063863837938139,7.762679792147187
n_obs=1000 seed=0 convention=gaussian,NUTS reference,A,3.0651720333177743,7.606580027260986
n_obs=1000 seed=0 convention=gaussian,NUTS reference,A,3.0664802286974098,7.45402484104771
n_obs=1000 seed=0 convention=gaussian,NUTS reference,A,3.0677884240770448,7.30567396491566
n_obs=1000 seed=0 convention=gaussian,NUTS reference,A,3.06909661945668,7.161386211338568
n_obs=1000 seed=0 convention=gaussian,NUTS reference,A,3.070404814836315,7.020351094870642
n_obs=1000 seed=0 convention=gaussian,NUTS reference,A,3.0717130102159507,6.881232915116152
n_obs=1000 seed=0 convention=gaussian,NUTS reference,A,3.073021205595586,6.742319307230918
n_obs=1000 seed=0 convention=gaussian,NUTS reference,A,3.074329400975221,6.60169736330283
n_obs=1000 seed=0 convention=gaussian,NUTS reference,A,3.0756375963548566,6.457485372247036
n_obs=1000 seed=0 convention=gaussian,NUTS reference,A,3.076945791734492,6.308122116864941
n_obs=1000 seed=0 convention=gaussian,NUTS reference,A,3.078253987114127,6.152670840092753
n_obs=1000 seed=0 convention=gaussian,NUTS reference,A,3.0795621824937625,5.9910555257915545
n_obs=1000 seed=0 convention=gaussian,NUTS reference,A,3.0808703778733975,5.824137481326591
n_obs=1000 seed=0 convention=gaussian,NUTS reference,A,3.082178573253033,5.6535728446049855
n_obs=1000 seed=0 convention=gaussian,NUTS reference,A,3.0834867686326684,5.481459472534094
n_obs=1000 seed=0 convention=gaussian,NUTS reference,A,3.0847949640123034,5.3098592000453735
n_obs=1000 seed=0 convention=gaussian,NUTS reference,A,3.086103159391939,5.1403351093265215
n_obs=1000 seed=0 convention=gaussian,NUTS reference,A,3.0874113547715742,4.973646956002228
n_obs=1000 seed=0 convention=gaussian,NUTS reference,A,3.0887195501512092,4.809695631178164
n_obs=1000 seed=0 convention=gaussian,NUTS reference,A,3.0900277455308447,4.647718798265836
n_obs=1000 seed=0 convention=gaussian,NUTS reference,A,3.09133594091048,4.486651208757366
n_obs=1000 seed=0 convention=gaussian,NUTS reference,A,3.092644136290115,4.325511964155452
n_obs=1000 seed=0 convention=gaussian,NUTS reference,A,3.0939523316697506,4.163687655824459
n_obs=1000 seed=0 convention=gaussian,NUTS reference,A,3.0952605270493856,4.001038980345544
n_obs=1000 seed=0 convention=gaussian,NUTS reference,A,3.096568722429021,3.8378400148590774
n_obs=1000 seed=0 convention=gaussian,NUTS reference,A,3.0978769178086565,3.6746259747416032
n_obs=1000 seed=0 convention=gaussian,NUTS reference,A,3.0991851131882915,3.5120484734694255
n_obs=1000 seed=0 convention=gaussian,NUTS reference,A,3.100493308567927,3.350810807380283
n_obs=1000 seed=0 convention=gaussian,NUTS reference,A,3.1018015039475624,3.191697099589876
n_obs=1000 seed=0 convention=gaussian,NUTS reference,A,3.1031096993271974,3.0356496204605357
n_obs=1000 seed=0 convention=gaussian,NUTS reference,A,3.104417894706833,2.8838176592895657
n_obs=1000 seed=0 convention=gaussian,NUTS reference,A,3.105726090086468,2.737512607417932
n_obs=1000 seed=0 convention=gaussian,NUTS reference,A,3.1070342854661033,2.5980499562585138
n_obs=1000 seed=0 convention=gaussian,NUTS reference,A,3.1083424808457387,2.4665160595798348
n_obs=1000 seed=0 convention=gaussian,NUTS reference,A,3.1096506762253737,2.3435380801053505
n_obs=1000 seed=0 convention=gaussian,NUTS reference,A,3.110958871605009,2.2291409898183026
n_obs=1000 seed=0 convention=gaussian,NUTS reference,A,3.1122670669846446,2.122744357250146
n_obs=1000 seed=0 convention=gaussian,NUTS reference,A,3.1135752623642796,2.0232990410445324
n_obs=1000 seed=0 convention=gaussian,NUTS reference,A,3.114883457743915,1.9295134794672568
n_obs=1000 seed=0 convention=gaussian,NUTS reference,A,3.1161916531235505,1.8400920515159973
n_obs=1000 seed=0 convention=gaussian,NUTS reference,A,3.1174998485031855,1.75391339570438
n_obs=1000 seed=0 convention=gaussian,NUTS reference,A,3.118808043882821,1.670109391397412
n_obs=1000 seed=0 convention=gaussian,NUTS reference,A,3.1201162392624564,1.5880495550573994
n_obs=1000 seed=0 convention=gaussian,NUTS reference,A,3.1214244346420914,1.507271704940688
n_obs=1000 seed=0 convention=gaussian,NUTS reference,A,3.122732630021727,1.427414069175235
n_obs=1000 seed=0 convention=gaussian,NUTS reference,A,3.124040825401362,1.3481931816175297
n_obs=1000 seed=0 convention=gaussian,NUTS reference,A,3.1253490207809973,1.269443178567385
n_obs=1000 seed=0 convention=gaussian,NUTS reference,A,3.1266572161606327,1.191199137458837
n_obs=1000 seed=0 convention=gaussian,NUTS reference,A,3.1279654115402677,1.1137836961888132
n_obs=1000 seed=0 convention=gaussian,NUTS reference,A,3.129273606919903,1.0378508627070717
n_obs=1000 seed=0 convention=gaussian,NUTS reference,A,3.1305818022995386,0.9643542951718749
n_obs=1000 seed=0 convention=gaussian,NUTS reference,A,3.1318899976791736,0.8944330143640539
n_obs=1000 seed=0 convention=gaussian,NUTS reference,A,3.133198193058809,0.8292354386103036
n_obs=1000 seed=0 convention=gaussian,NUTS reference,A,3.134506388438444,0.7697231320842131
n_obs=1000 seed=0 convention=gaussian,NUTS reference,A,3.1358145838180795,0.7165026000612217
n_obs=1000 seed=0 convention=gaussian,NUTS reference,A,3.137122779197715,0.66972565893019
n_obs=1000 seed=0 convention=gaussian,NUTS reference,A,3.13843097457735,0.6290797475997703
n_obs=1000 seed=0 convention=gaussian,NUTS reference,A,3.1397391699569854,0.593865443130779
n_obs=1000 seed=0 convention=gaussian,NUTS reference,A,3.141047365336621,0.5631367066333391
n_obs=1000 seed=0 convention=gaussian,NUTS reference,A,3.142355560716256,0.5358660864106426
n_obs=1000 seed=0 convention=gaussian,NUTS reference,A,3.1436637560958913,0.511095389687004
n_obs=1000 seed=0 convention=gaussian,NUTS reference,A,3.1449719514755268,0.488041617807509
n_obs=1000 seed=0 convention=gaussian,NUTS reference,A,3.1462801468551618,0.4661443039622097
n_obs=1000 seed=0 convention=gaussian,NUTS reference,A,3.147588342234797,0.4450580069726893
n_obs=1000 seed=0 convention=gaussian,NUTS reference,A,3.1488965376144322,0.4246070636066021
n_obs=1000 seed=0 convention=gaussian,NUTS reference,A,3.1502047329940677,0.40472538436061106
n_obs=1000 seed=0 convention=gaussian,NUTS reference,A,3.151512928373703,0.38540174510227626
n_obs=1000 seed=0 convention=gaussian,NUTS reference,A,3.152821123753338,0.3666430617401747
n_obs=1000 seed=0 convention=gaussian,NUTS reference,A,3.1541293191329736,0.3484583748933969
n_obs=1000 seed=0 convention=gaussian,NUTS reference,A,3.155437514512609,0.3308584127662421
n_obs=1000 seed=0 convention=gaussian,NUTS reference,A,3.156745709892244,0.31386192046157696
n_obs=1000 seed=0 convention=gaussian,NUTS reference,A,3.1580539052718795,0.2975007369033061
n_obs=1000 seed=0 convention=gaussian,NUTS reference,A,3.1593621006515145,0.2818194064568176
n_obs=1000 seed=0 convention=gaussian,NUTS reference,A,3.16067029603115,0.26686955930917083
n_obs=1000 seed=0 convention=gaussian,NUTS reference,A,3.1619784914107854,0.252702198671696
n_obs=1000 seed=0 convention=gaussian,NUTS reference,A,3.1632866867904204,0.2393613192002138
n_obs=1000 seed=0 convention=gaussian,NUTS reference,A,3.164594882170056,0.22688034429275383
n_obs=1000 seed=0 convention=gaussian,BSL,A,2.9042640016226344,0.019650272931549754
n_obs=1000 seed=0 convention=gaussian,BSL,A,2.90557219700227,0.021392829142013042
n_obs=1000 seed=0 convention=gaussian,BSL,A,2.906880392381905,0.02238651734840992
n_obs=1000 seed=0 convention=gaussian,BSL,A,2.9081885877615403,0.02263532216027945
n_obs=1000 seed=0 convention=gaussian,BSL,A,2.9094967831411758,0.022286340576037338
n_obs=1000 seed=0 convention=gaussian,BSL,A,2.9108049785208108,0.021614510680858186
n_obs=1000 seed=0 convention=gaussian,BSL,A,2.912113173900446,0.02098960165841254
n_obs=1000 seed=0 convention=gaussian,BSL,A,2.913421369280081,0.020836319155960386
n_obs=1000 seed=0 convention=gaussian,BSL,A,2.9147295646597167,0.021596328438523604
n_obs=1000 seed=0 convention=gaussian,BSL,A,2.916037760039352,0.023695625380567634
n_obs=1000 seed=0 convention=gaussian,BSL,A,2.917345955418987,0.027514762079849264
n_obs=1000 seed=0 convention=gaussian,BSL,A,2.9186541507986226,0.03335553576436581
n_obs=1000 seed=0 convention=gaussian,BSL,A,2.919962346178258,0.04139780987103941
n_obs=1000 seed=0 convention=gaussian,BSL,A,2.921270541557893,0.0516453699096663
n_obs=1000 seed=0 convention=gaussian,BSL,A,2.9225787369375285,0.06386999911768752
n_obs=1000 seed=0 convention=gaussian,BSL,A,2.9238869323171635,0.07757549790644572
n_obs=1000 seed=0 convention=gaussian,BSL,A,2.925195127696799,0.09201195542192324
n_obs=1000 seed=0 convention=gaussian,BSL,A,2.9265033230764343,0.10626727386173207
n_obs=1000 seed=0 convention=gaussian,BSL,A,2.9278115184560694,0.11944272297053479
n_obs=1000 seed=0 convention=gaussian,BSL,A,2.929119713835705,0.13088537546621615
n_obs=1000 seed=0 convention=gaussian,BSL,A,2.9304279092153402,0.14041589314264866
n_obs=1000 seed=0 convention=gaussian,BSL,A,2.9317361045949752,0.14847380064013482
n_obs=1000 seed=0 convention=gaussian,BSL,A,2.9330442999746107,0.15611771238981242
n_obs=1000 seed=0 convention=gaussian,BSL,A,2.934352495354246,0.16486402299100789
n_obs=1000 seed=0 convention=gaussian,BSL,A,2.935660690733881,0.17640653019655006
n_obs=1000 seed=0 convention=gaussian,BSL,A,2.9369688861135166,0.19230455592243528
n_obs=1000 seed=0 convention=gaussian,BSL,A,2.9382770814931516,0.21373674000081466
n_obs=1000 seed=0 convention=gaussian,BSL,A,2.939585276872787,0.24138726079865525
n_obs=1000 seed=0 convention=gaussian,BSL,A,2.9408934722524225,0.2754757644855221
n_obs=1000 seed=0 convention=gaussian,BSL,A,2.9422016676320575,0.31588792294895957
n_obs=1000 seed=0 convention=gaussian,BSL,A,2.943509863011693,0.362333816385469
n_obs=1000 seed=0 convention=gaussian,BSL,A,2.9448180583913284,0.4144659595067921
n_obs=1000 seed=0 convention=gaussian,BSL,A,2.9461262537709634,0.4719208789988416
n_obs=1000 seed=0 convention=gaussian,BSL,A,2.947434449150599,0.5342901593318294
n_obs=1000 seed=0 convention=gaussian,BSL,A,2.9487426445302343,0.6010605576579194
n_obs=1000 seed=0 convention=gaussian,BSL,A,2.9500508399098693,0.6715770528219206
n_obs=1000 seed=0 convention=gaussian,BSL,A,2.9513590352895047,0.7450756986966977
n_obs=1000 seed=0 convention=gaussian,BSL,A,2.9526672306691397,0.8208094149570808
n_obs=1000 seed=0 convention=gaussian,BSL,A,2.953975426048775,0.8982561888993494
n_obs=1000 seed=0 convention=gaussian,BSL,A,2.9552836214284106,0.9773630295881052
n_obs=1000 seed=0 convention=gaussian,BSL,A,2.9565918168080456,1.0587496095910798
n_obs=1000 seed=0 convention=gaussian,BSL,A,2.957900012187681,1.1437848425619714
n_obs=1000 seed=0 convention=gaussian,BSL,A,2.9592082075673165,1.2344697739884487
n_obs=1000 seed=0 convention=gaussian,BSL,A,2.9605164029469515,1.3331157865780383
n_obs=1000 seed=0 convention=gaussian,BSL,A,2.961824598326587,1.4418866305998426
n_obs=1000 seed=0 convention=gaussian,BSL,A,2.9631327937062224,1.5623452591991378
n_obs=1000 seed=0 convention=gaussian,BSL,A,2.9644409890858574,1.695171106243612
n_obs=1000 seed=0 convention=gaussian,BSL,A,2.965749184465493,1.8401615596384002
n_obs=1000 seed=0 convention=gaussian,BSL,A,2.967057379845128,1.9965100901052277
n_obs=1000 seed=0 convention=gaussian,BSL,A,2.9683655752247633,2.163214265762903
n_obs=1000 seed=0 convention=gaussian,BSL,A,2.9696737706043987,2.339386225021887
n_obs=1000 seed=0 convention=gaussian,BSL,A,2.9709819659840337,2.5242752789427336
n_obs=1000 seed=0 convention=gaussian,BSL,A,2.972290161363669,2.7169672920263763
n_obs=1000 seed=0 convention=gaussian,BSL,A,2.9735983567433046,2.915927386722165
n_obs=1000 seed=0 convention=gaussian,BSL,A,2.9749065521229396,3.1186905709656805
n_obs=1000 seed=0 convention=gaussian,BSL,A,2.976214747502575,3.3219890049966754
n_obs=1000 seed=0 convention=gaussian,BSL,A,2.97752294288221,3.5224202930293678
n_obs=1000 seed=0 convention=gaussian,BSL,A,2.9788311382618455,3.7174854516117497
n_obs=1000 seed=0 convention=gaussian,BSL,A,2.980139333641481,3.906592561541196
n_obs=1000 seed=0 convention=gaussian,BSL,A,2.981447529021116,4.091557460364919
n_obs=1000 seed=0 convention=gaussian,BSL,A,2.9827557244007514,4.276286216751289
n_obs=1000 seed=0 convention=gaussian,BSL,A,2.984063919780387,4.465640710391434
n_obs=1000 seed=0 convention=gaussian,BSL,A,2.985372115160022,4.66383033449777
n_obs=1000 seed=0 convention=gaussian,BSL,A,2.9866803105396573,4.872883184000719
n_obs=1000 seed=0 convention=gaussian,BSL,A,2.9879885059192928,5.091731773145645
n_obs=1000 seed=0 convention=gaussian,BSL,A,2.9892967012989278,5.316213198806357
n_obs=1000 seed=0 convention=gaussian,BSL,A,2.990604896678563,5.539946227304639
n_obs=1000 seed=0 convention=gaussian,BSL,A,2.991913092058198,5.755763029343633
n_obs=1000 seed=0 convention=gaussian,BSL,A,2.9932212874378337,5.957253755248401
n_obs=1000 seed=0 convention=gaussian,BSL,A,2.994529482817469,6.140043633665541
n_obs=1000 seed=0 convention=gaussian,BSL,A,2.995837678197104,6.302590050082992
n_obs=1000 seed=0 convention=gaussian,BSL,A,2.9971458735767396,6.4464540368760685
n_obs=1000 seed=0 convention=gaussian,BSL,A,2.998454068956375,6.5760952778040895
n_obs=1000 seed=0 convention=gaussian,BSL,A,2.99976226433601,6.698259144210682
n_obs=1000 seed=0 convention=gaussian,BSL,A,3.0010704597156455,6.821016786059801
n_obs=1000 seed=0 convention=gaussian,BSL,A,3.0023786550952805,6.952537943103383
n_obs=1000 seed=0 convention=gaussian,BSL,A,3.003686850474916,7.09973890834924
n_obs=1000 seed=0 convention=gaussian,BSL,A,3.0049950458545513,7.267028448230257
n_obs=1000 seed=0 convention=gaussian,BSL,A,3.0063032412341864,7.45542092994116
n_obs=1000 seed=0 convention=gaussian,BSL,A,3.007611436613822,7.66225313853102
n_obs=1000 seed=0 convention=gaussian,BSL,A,3.0089196319934572,7.8816161256719175
n_obs=1000 seed=0 convention=gaussian,BSL,A,3.0102278273730922,8.105425880839801
n_obs=1000 seed=0 convention=gaussian,BSL,A,3.0115360227527277,8.324872091123618
n_obs=1000 seed=0 convention=gaussian,BSL,A,3.012844218132363,8.53187784374269
n_obs=1000 seed=0 convention=gaussian,BSL,A,3.014152413511998,8.720223730192782
n_obs=1000 seed=0 convention=gaussian,BSL,A,3.0154606088916336,8.886131922482255
n_obs=1000 seed=0 convention=gaussian,BSL,A,3.0167688042712686,9.028307421649066
n_obs=1000 seed=0 convention=gaussian,BSL,A,3.018076999650904,9.14760528166618
n_obs=1000 seed=0 convention=gaussian,BSL,A,3.0193851950305395,9.246561491980913
n_obs=1000 seed=0 convention=gaussian,BSL,A,3.0206933904101745,9.328969865873406
n_obs=1000 seed=0 convention=gaussian,BSL,A,3.02200158578981,9.399544765269507
n_obs=1000 seed=0 convention=gaussian,BSL,A,3.0233097811694454,9.46355675270197
n_obs=1000 seed=0 convention=gaussian,BSL,A,3.0246179765490804,9.526250075821354
n_obs=1000 seed=0 convention=gaussian,BSL,A,3.025926171928716,9.591905598467466
n_obs=1000 seed=0 convention=gaussian,BSL,A,3.0272343673083513,9.662602772731205
n_obs=1000 seed=0 convention=gaussian,BSL,A,3.0285425626879863,9.736990445038979
n_obs=1000 seed=0 convention=gaussian,BSL,A,3.0298507580676217,9.809571719869831
n_obs=1000 seed=0 convention=gaussian,BSL,A,3.0311589534472567,9.871009455435578
n_obs=1000 seed=0 convention=gaussian,BSL,A,3.032467148826892,9.90970179535917
n_obs=1000 seed=0 convention=gaussian,BSL,A,3.0337753442065276,9.914423386590164
n_obs=1000 seed=0 convention=gaussian,BSL,A,3.0350835395861626,9.87736087554766
n_obs=1000 seed=0 convention=gaussian,BSL,A,3.036391734965798,9.796615034228086
n_obs=1000 seed=0 convention=gaussian,BSL,A,3.0376999303454335,9.677342592644504
n_obs=1000 seed=0 convention=gaussian,BSL,A,3.0390081257250685,9.531148648710182
n_obs=1000 seed=0 convention=gaussian,BSL,A,3.040316321104704,9.37392894616272
n_obs=1000 seed=0 convention=gaussian,BSL,A,3.0416245164843394,9.22284022270366
n_obs=1000 seed=0 convention=gaussian,BSL,A,3.0429327118639744,9.093247818564587
n_obs=1000 seed=0 convention=gaussian,BSL,A,3.04424090724361,8.996327219805082
n_obs=1000 seed=0 convention=gaussian,BSL,A,3.045549102623245,8.93761740119685
n_obs=1000 seed=0 convention=gaussian,BSL,A,3.0468572980028803,8.91646330328362
n_obs=1000 seed=0 convention=gaussian,BSL,A,3.0481654933825157,8.926123609329657
n_obs=1000 seed=0 convention=gaussian,BSL,A,3.0494736887621507,8.954394808741034
n_obs=1000 seed=0 convention=gaussian,BSL,A,3.050781884141786,8.984792512626235
n_obs=1000 seed=0 convention=gaussian,BSL,A,3.0520900795214216,8.998440289763316
n_obs=1000 seed=0 convention=gaussian,BSL,A,3.0533982749010566,8.97670341369435
n_obs=1000 seed=0 convention=gaussian,BSL,A,3.054706470280692,8.904280950858087
n_obs=1000 seed=0 convention=gaussian,BSL,A,3.056014665660327,8.772103729030396
n_obs=1000 seed=0 convention=gaussian,BSL,A,3.0573228610399625,8.579210539253234
n_obs=1000 seed=0 convention=gaussian,BSL,A,3.058631056419598,8.332946147004167
n_obs=1000 seed=0 convention=gaussian,BSL,A,3.059939251799233,8.047319265406696
n_obs=1000 seed=0 convention=gaussian,BSL,A,3.0612474471788684,7.739974548982366
n_obs=1000 seed=0 convention=gaussian,BSL,A,3.062555642558504,7.428692363648967
n_obs=1000 seed=0 convention=gaussian,BSL,A,3.063863837938139,7.128427335450755
n_obs=1000 seed=0 convention=gaussian,BSL,A,3.0651720333177743,6.8496019828381876
n_obs=1000 seed=0 convention=gaussian,BSL,A,3.0664802286974098,6.597839485597936
n_obs=1000 seed=0 convention=gaussian,BSL,A,3.0677884240770448,6.374799690178376
n_obs=1000 seed=0 convention=gaussian,BSL,A,3.06909661945668,6.179491536334103
n_obs=1000 seed=0 convention=gaussian,BSL,A,3.070404814836315,6.009458665426706
n_obs=1000 seed=0 convention=gaussian,BSL,A,3.0717130102159507,5.861504456087555
n_obs=1000 seed=0 convention=gaussian,BSL,A,3.073021205595586,5.731968539817895
n_obs=1000 seed=0 convention=gaussian,BSL,A,3.074329400975221,5.616811115925782
n_obs=1000 seed=0 convention=gaussian,BSL,A,3.0756375963548566,5.511802102246453
n_obs=1000 seed=0 convention=gaussian,BSL,A,3.076945791734492,5.412961697326612
n_obs=1000 seed=0 convention=gaussian,BSL,A,3.078253987114127,5.317164791559925
n_obs=1000 seed=0 convention=gaussian,BSL,A,3.0795621824937625,5.222643846738333
n_obs=1000 seed=0 convention=gaussian,BSL,A,3.0808703778733975,5.129102780501323
n_obs=1000 seed=0 convention=gaussian,BSL,A,3.082178573253033,5.037299472875678
n_obs=1000 seed=0 convention=gaussian,BSL,A,3.0834867686326684,4.94819041348433
n_obs=1000 seed=0 convention=gaussian,BSL,A,3.0847949640123034,4.861938200316432
n_obs=1000 seed=0 convention=gaussian,BSL,A,3.086103159391939,4.777161275075209
n_obs=1000 seed=0 convention=gaussian,BSL,A,3.0874113547715742,4.6907228689456115
n_obs=1000 seed=0 convention=gaussian,BSL,A,3.0887195501512092,4.598156809307907
n_obs=1000 seed=0 convention=gaussian,BSL,A,3.0900277455308447,4.4946034238010535
n_obs=1000 seed=0 convention=gaussian,BSL,A,3.09133594091048,4.375970292652018
n_obs=1000 seed=0 convention=gaussian,BSL,A,3.092644136290115,4.2399890394684485
n_obs=1000 seed=0 convention=gaussian,BSL,A,3.0939523316697506,4.0869031860298755
n_obs=1000 seed=0 convention=gaussian,BSL,A,3.0952605270493856,3.9196449403217803
n_obs=1000 seed=0 convention=gaussian,BSL,A,3.096568722429021,3.7434845815743896
n_obs=1000 seed=0 convention=gaussian,BSL,A,3.0978769178086565,3.56523104469065
n_obs=1000 seed=0 convention=gaussian,BSL,A,3.0991851131882915,3.3921244590971504
n_obs=1000 seed=0 convention=gaussian,BSL,A,3.100493308567927,3.23060674238157
n_obs=1000 seed=0 convention=gaussian,BSL,A,3.1018015039475624,3.085193755851957
n_obs=1000 seed=0 convention=gaussian,BSL,A,3.1031096993271974,2.957687896162468
n_obs=1000 seed=0 convention=gaussian,BSL,A,3.104417894706833,2.8469331252434507
n_obs=1000 seed=0 convention=gaussian,BSL,A,3.105726090086468,2.7492049059916206
n_obs=1000 seed=0 convention=gaussian,BSL,A,3.1070342854661033,2.659160207063914
n_obs=1000 seed=0 convention=gaussian,BSL,A,3.1083424808457387,2.571102165841122
n_obs=1000 seed=0 convention=gaussian,BSL,A,3.1096506762253737,2.480210849750787
n_obs=1000 seed=0 convention=gaussian,BSL,A,3.110958871605009,2.3834051009848194
n_obs=1000 seed=0 convention=gaussian,BSL,A,3.1122670669846446,2.279630525241637
n_obs=1000 seed=0 convention=gaussian,BSL,A,3.1135752623642796,2.1695645765126614
n_obs=1000 seed=0 convention=gaussian,BSL,A,3.114883457743915,2.0549153692004363
n_obs=1000 seed=0 convention=gaussian,BSL,A,3.1161916531235505,1.9376003468986942
n_obs=1000 seed=0 convention=gaussian,BSL,A,3.1174998485031855,1.8190941755707446
n_obs=1000 seed=0 convention=gaussian,BSL,A,3.118808043882821,1.7001436528897287
n_obs=1000 seed=0 convention=gaussian,BSL,A,3.1201162392624564,1.5809020113042787
n_obs=1000 seed=0 convention=gaussian,BSL,A,3.1214244346420914,1.4613872226485598
n_obs=1000 seed=0 convention=gaussian,BSL,A,3.122732630021727,1.3420643493032332
n_obs=1000 seed=0 convention=gaussian,BSL,A,3.124040825401362,1.2243197411607947
n_obs=1000 seed=0 convention=gaussian,BSL,A,3.1253490207809973,1.1106415084645018
n_obs=1000 seed=0 convention=gaussian,BSL,A,3.1266572161606327,1.00442775487182
n_obs=1000 seed=0 convention=gaussian,BSL,A,3.1279654115402677,0.9094719422363172
n_obs=1000 seed=0 convention=gaussian,BSL,A,3.129273606919903,0.8292759646809363
n_obs=1000 seed=0 convention=gaussian,BSL,A,3.1305818022995386,0.7663805203449525
n_obs=1000 seed=0 convention=gaussian,BSL,A,3.1318899976791736,0.7218724007735176
n_obs=1000 seed=0 convention=gaussian,BSL,A,3.133198193058809,0.6951537138031143
n_obs=1000 seed=0 convention=gaussian,BSL,A,3.134506388438444,0.6839792167545401
n_obs=1000 seed=0 convention=gaussian,BSL,A,3.1358145838180795,0.6847176270377617
n_obs=1000 seed=0 convention=gaussian,BSL,A,3.137122779197715,0.6927790358411872
n_obs=1000 seed=0 convention=gaussian,BSL,A,3.13843097457735,0.7031568665615774
n_obs=1000 seed=0 convention=gaussian,BSL,A,3.1397391699569854,0.711034176570079
n_obs=1000 seed=0 convention=gaussian,BSL,A,3.141047365336621,0.7123870087693206
n_obs=1000 seed=0 convention=gaussian,BSL,A,3.142355560716256,0.7044903619180405
n_obs=1000 seed=0 convention=gaussian,BSL,A,3.1436637560958913,0.6862197578601792
n_obs=1000 seed=0 convention=gaussian,BSL,A,3.1449719514755268,0.6580666044820455
n_obs=1000 seed=0 convention=gaussian,BSL,A,3.1462801468551618,0.6218527335435167
n_obs=1000 seed=0 convention=gaussian,BSL,A,3.147588342234797,0.5802171056042756
n_obs=1000 seed=0 convention=gaussian,BSL,A,3.1488965376144322,0.5360178584081896
n_obs=1000 seed=0 convention=gaussian,BSL,A,3.1502047329940677,0.49181174336882943
n_obs=1000 seed=0 convention=gaussian,BSL,A,3.151512928373703,0.4495301300090114
n_obs=1000 seed=0 convention=gaussian,BSL,A,3.152821123753338,0.41038615270165335
n_obs=1000 seed=0 convention=gaussian,BSL,A,3.1541293191329736,0.3749614935008427
n_obs=1000 seed=0 convention=gaussian,BSL,A,3.155437514512609,0.3433727292569171
n_obs=1000 seed=0 convention=gaussian,BSL,A,3.156745709892244,0.31542336803344173
n_obs=1000 seed=0 convention=gaussian,BSL,A,3.1580539052718795,0.2906964631273673
n_obs=1000 seed=0 convention=gaussian,BSL,A,3.1593621006515145,0.268601305250794
n_obs=1000 seed=0 convention=gaussian,BSL,A,3.16067029603115,0.24842248414965099
n_obs=1000 seed=0 convention=gaussian,BSL,A,3.1619784914107854,0.22941436858352332
n_obs=1000 seed=0 convention=gaussian,BSL,A,3.1632866867904204,0.21094693709103143
n_obs=1000 seed=0 convention=gaussian,BSL,A,3.164594882170056,0.19266499757634029
n_obs=1000 seed=0 convention=gaussian,Gaussian-NPE (z-score),A,2.9042640016226344,0.23822264855226305
n_obs=1000 seed=0 convention=gaussian,Gaussian-NPE (z-score),A,2.90557219700227,0.26522909713530823
n_obs=1000 seed=0 convention=gaussian,Gaussian-NPE (z-score),A,2.906880392381905,0.2941431134515436
n_obs=1000 seed=0 convention=gaussian,Gaussian-NPE (z-score),A,2.9081885877615403,0.3243783074863451
n_obs=1000 seed=0 convention=gaussian,Gaussian-NPE (z-score),A,2.9094967831411758,0.35540740393015174
n_obs=1000 seed=0 convention=gaussian,Gaussian-NPE (z-score),A,2.9108049785208108,0.38693488054382624
n_obs=1000 seed=0 convention=gaussian,Gaussian-NPE (z-score),A,2.912113173900446,0.4190373187486661
n_obs=1000 seed=0 convention=gaussian,Gaussian-NPE (z-score),A,2.913421369280081,0.45222407542345383
n_obs=1000 seed=0 convention=gaussian,Gaussian-NPE (z-score),A,2.9147295646597167,0.4873859515982132
n_obs=1000 seed=0 convention=gaussian,Gaussian-NPE (z-score),A,2.916037760039352,0.5256287235421335
n_obs=1000 seed=0 convention=gaussian,Gaussian-NPE (z-score),A,2.917345955418987,0.5680246450537386
n_obs=1000 seed=0 convention=gaussian,Gaussian-NPE (z-score),A,2.9186541507986226,0.6153468203156267
n_obs=1000 seed=0 convention=gaussian,Gaussian-NPE (z-score),A,2.919962346178258,0.6678665049663897
n_obs=1000 seed=0 convention=gaussian,Gaussian-NPE (z-score),A,2.921270541557893,0.7252838185587083
n_obs=1000 seed=0 convention=gaussian,Gaussian-NPE (z-score),A,2.9225787369375285,0.7868277840517457
n_obs=1000 seed=0 convention=gaussian,Gaussian-NPE (z-score),A,2.9238869323171635,0.8515107483559538
n_obs=1000 seed=0 convention=gaussian,Gaussian-NPE (z-score),A,2.925195127696799,0.9184706047788488
n_obs=1000 seed=0 convention=gaussian,Gaussian-NPE (z-score),A,2.9265033230764343,0.9872993913764999
n_obs=1000 seed=0 convention=gaussian,Gaussian-NPE (z-score),A,2.9278115184560694,1.0582524428060374
n_obs=1000 seed=0 convention=gaussian,Gaussian-NPE (z-score),A,2.929119713835705,1.1322629332981915
n_obs=1000 seed=0 convention=gaussian,Gaussian-NPE (z-score),A,2.9304279092153402,1.2107452943717147
n_obs=1000 seed=0 convention=gaussian,Gaussian-NPE (z-score),A,2.9317361045949752,1.295239993861991
n_obs=1000 seed=0 convention=gaussian,Gaussian-NPE (z-score),A,2.9330442999746107,1.3870083587930901
n_obs=1000 seed=0 convention=gaussian,Gaussian-NPE (z-score),A,2.934352495354246,1.486708583396197
n_obs=1000 seed=0 convention=gaussian,Gaussian-NPE (z-score),A,2.935660690733881,1.5942621454281283
n_obs=1000 seed=0 convention=gaussian,Gaussian-NPE (z-score),A,2.9369688861135166,1.70895840884129
n_obs=1000 seed=0 convention=gaussian,Gaussian-NPE (z-score),A,2.9382770814931516,1.8297642564072063
n_obs=1000 seed=0 convention=gaussian,Gaussian-NPE (z-score),A,2.939585276872787,1.9557338415732695
n_obs=1000 seed=0 convention=gaussian,Gaussian-NPE (z-score),A,2.9408934722524225,2.086377467679131
n_obs=1000 seed=0 convention=gaussian,Gaussian-NPE (z-score),A,2.9422016676320575,2.221861810021997
n_obs=1000 seed=0 convention=gaussian,Gaussian-NPE (z-score),A,2.943509863011693,2.3629712166454957
n_obs=1000 seed=0 convention=gaussian,Gaussian-NPE (z-score),A,2.9448180583913284,2.5108402333035014
n_obs=1000 seed=0 convention=gaussian,Gaussian-NPE (z-score),A,2.9461262537709634,2.6665420056147906
n_obs=1000 seed=0 convention=gaussian,Gaussian-NPE (z-score),A,2.947434449150599,2.830661261630242
n_obs=1000 seed=0 convention=gaussian,Gaussian-NPE (z-score),A,2.9487426445302343,3.0029824805175025
n_obs=1000 seed=0 convention=gaussian,Gaussian-NPE (z-score),A,2.9500508399098693,3.1823869715424324
n_obs=1000 seed=0 convention=gaussian,Gaussian-NPE (z-score),A,2.9513590352895047,3.3669913894579744
n_obs=1000 seed=0 convention=gaussian,Gaussian-NPE (z-score),A,2.9526672306691397,3.554493468981849
n_obs=1000 seed=0 convention=gaussian,Gaussian-NPE (z-score),A,2.953975426048775,3.742635615997297
n_obs=1000 seed=0 convention=gaussian,Gaussian-NPE (z-score),A,2.9552836214284106,3.9296657307290523
n_obs=1000 seed=0 convention=gaussian,Gaussian-NPE (z-score),A,2.9565918168080456,4.114673660144355
n_obs=1000 seed=0 convention=gaussian,Gaussian-NPE (z-score),A,2.957900012187681,4.297711264803532
n_obs=1000 seed=0 convention=gaussian,Gaussian-NPE (z-score),A,2.9592082075673165,4.479658253834371
n_obs=1000 seed=0 convention=gaussian,Gaussian-NPE (z-score),A,2.9605164029469515,4.661862860531657
n_obs=1000 seed=0 convention=gaussian,Gaussian-NPE (z-score),A,2.961824598326587,4.845650201018775
n_obs=1000 seed=0 convention=gaussian,Gaussian-NPE (z-score),A,2.9631327937062224,5.031835008321114
n_obs=1000 seed=0 convention=gaussian,Gaussian-NPE (z-score),A,2.9644409890858574,5.220385599176921
n_obs=1000 seed=0 convention=gaussian,Gaussian-NPE (z-score),A,2.965749184465493,5.410355360002398
n_obs=1000 seed=0 convention=gaussian,Gaussian-NPE (z-score),A,2.967057379845128,5.600129424369126
n_obs=1000 seed=0 convention=gaussian,Gaussian-NPE (z-score),A,2.9683655752247633,5.7879417588735995
n_obs=1000 seed=0 convention=gaussian,Gaussian-NPE (z-score),A,2.9696737706043987,5.9725264522984265
n_obs=1000 seed=0 convention=gaussian,Gaussian-NPE (z-score),A,2.9709819659840337,6.153706983152334
n_obs=1000 seed=0 convention=gaussian,Gaussian-NPE (z-score),A,2.972290161363669,6.3327245554637
n_obs=1000 seed=0 convention=gaussian,Gaussian-NPE (z-score),A,2.9735983567433046,6.512170825430884
n_obs=1000 seed=0 convention=gaussian,Gaussian-NPE (z-score),A,2.9749065521229396,6.695506646901385
n_obs=1000 seed=0 convention=gaussian,Gaussian-NPE (z-score),A,2.976214747502575,6.886279233369349
n_obs=1000 seed=0 convention=gaussian,Gaussian-NPE (z-score),A,2.97752294288221,7.087248171582808
n_obs=1000 seed=0 convention=gaussian,Gaussian-NPE (z-score),A,2.9788311382618455,7.299659115802681
n_obs=1000 seed=0 convention=gaussian,Gaussian-NPE (z-score),A,2.980139333641481,7.522853014968768
n_obs=1000 seed=0 convention=gaussian,Gaussian-NPE (z-score),A,2.981447529021116,7.754290551784704
n_obs=1000 seed=0 convention=gaussian,Gaussian-NPE (z-score),A,2.9827557244007514,7.989949665603167
n_obs=1000 seed=0 convention=gaussian,Gaussian-NPE (z-score),A,2.984063919780387,8.224963106434776
n_obs=1000 seed=0 convention=gaussian,Gaussian-NPE (z-score),A,2.985372115160022,8.454328804017422
n_obs=1000 seed=0 convention=gaussian,Gaussian-NPE (z-score),A,2.9866803105396573,8.673546896945048
n_obs=1000 seed=0 convention=gaussian,Gaussian-NPE (z-score),A,2.9879885059192928,8.879090178227074
n_obs=1000 seed=0 convention=gaussian,Gaussian-NPE (z-score),A,2.9892967012989278,9.068669709512418
n_obs=1000 seed=0 convention=gaussian,Gaussian-NPE (z-score),A,2.990604896678563,9.241294238094586
n_obs=1000 seed=0 convention=gaussian,Gaussian-NPE (z-score),A,2.991913092058198,9.397138113631149
n_obs=1000 seed=0 convention=gaussian,Gaussian-NPE (z-score),A,2.9932212874378337,9.537239238528128
n_obs=1000 seed=0 convention=gaussian,Gaussian-NPE (z-score),A,2.994529482817469,9.663061203341718
n_obs=1000 seed=0 convention=gaussian,Gaussian-NPE (z-score),A,2.995837678197104,9.775979229614451
n_obs=1000 seed=0 convention=gaussian,Gaussian-NPE (z-score),A,2.9971458735767396,9.876781730005103
n_obs=1000 seed=0 convention=gaussian,Gaussian-NPE (z-score),A,2.998454068956375,9.965301959326279
n_obs=1000 seed=0 convention=gaussian,Gaussian-NPE (z-score),A,2.99976226433601,10.04028996387382
n_obs=1000 seed=0 convention=gaussian,Gaussian-NPE (z-score),A,3.0010704597156455,10.099594758812534
n_obs=1000 seed=0 convention=gaussian,Gaussian-NPE (z-score),A,3.0023786550952805,10.140654951504887
n_obs=1000 seed=0 convention=gaussian,Gaussian-NPE (z-score),A,3.003686850474916,10.161210429920493
n_obs=1000 seed=0 convention=gaussian,Gaussian-NPE (z-score),A,3.0049950458545513,10.160073197434956
n_obs=1000 seed=0 convention=gaussian,Gaussian-NPE (z-score),A,3.0063032412341864,10.1377565031277
n_obs=1000 seed=0 convention=gaussian,Gaussian-NPE (z-score),A,3.007611436613822,10.096774674485664
n_obs=1000 seed=0 convention=gaussian,Gaussian-NPE (z-score),A,3.0089196319934572,10.041494468756282
n_obs=1000 seed=0 convention=gaussian,Gaussian-NPE (z-score),A,3.0102278273730922,9.977529060796396
n_obs=1000 seed=0 convention=gaussian,Gaussian-NPE (z-score),A,3.0115360227527277,9.910790084240707
n_obs=1000 seed=0 convention=gaussian,Gaussian-NPE (z-score),A,3.012844218132363,9.846415391074123
n_obs=1000 seed=0 convention=gaussian,Gaussian-NPE (z-score),A,3.014152413511998,9.787836851204009
n_obs=1000 seed=0 convention=gaussian,Gaussian-NPE (z-score),A,3.0154606088916336,9.736224486713423
n_obs=1000 seed=0 convention=gaussian,Gaussian-NPE (z-score),A,3.0167688042712686,9.69044454445957
n_obs=1000 seed=0 convention=gaussian,Gaussian-NPE (z-score),A,3.018076999650904,9.64752792211632
n_obs=1000 seed=0 convention=gaussian,Gaussian-NPE (z-score),A,3.0193851950305395,9.603505650371982
n_obs=1000 seed=0 convention=gaussian,Gaussian-NPE (z-score),A,3.0206933904101745,9.55437430188645
n_obs=1000 seed=0 convention=gaussian,Gaussian-NPE (z-score),A,3.02200158578981,9.49693464875979
n_obs=1000 seed=0 convention=gaussian,Gaussian-NPE (z-score),A,3.0233097811694454,9.429303649161506
n_obs=1000 seed=0 convention=gaussian,Gaussian-NPE (z-score),A,3.0246179765490804,9.35100895123842
n_obs=1000 seed=0 convention=gaussian,Gaussian-NPE (z-score),A,3.025926171928716,9.26269747344202
n_obs=1000 seed=0 convention=gaussian,Gaussian-NPE (z-score),A,3.0272343673083513,9.165586987533489
n_obs=1000 seed=0 convention=gaussian,Gaussian-NPE (z-score),A,3.0285425626879863,9.060838001459857
n_obs=1000 seed=0 convention=gaussian,Gaussian-NPE (z-score),A,3.0298507580676217,8.949018294493577
n_obs=1000 seed=0 convention=gaussian,Gaussian-NPE (z-score),A,3.0311589534472567,8.829786157709094
n_obs=1000 seed=0 convention=gaussian,Gaussian-NPE (z-score),A,3.032467148826892,8.701850584526964
n_obs=1000 seed=0 convention=gaussian,Gaussian-NPE (z-score),A,3.0337753442065276,8.56319690615118
n_obs=1000 seed=0 convention=gaussian,Gaussian-NPE (z-score),A,3.0350835395861626,8.411509345071012
n_obs=1000 seed=0 convention=gaussian,Gaussian-NPE (z-score),A,3.036391734965798,8.244686433753994
n_obs=1000 seed=0 convention=gaussian,Gaussian-NPE (z-score),A,3.0376999303454335,8.061334777019917
n_obs=1000 seed=0 convention=gaussian,Gaussian-NPE (z-score),A,3.0390081257250685,7.861140301862079
n_obs=1000 seed=0 convention=gaussian,Gaussian-NPE (z-score),A,3.040316321104704,7.645048999298356
n_obs=1000 seed=0 convention=gaussian,Gaussian-NPE (z-score),A,3.0416245164843394,7.415233110329272
n_obs=1000 seed=0 convention=gaussian,Gaussian-NPE (z-score),A,3.0429327118639744,7.174864030120649
n_obs=1000 seed=0 convention=gaussian,Gaussian-NPE (z-score),A,3.04424090724361,6.9277504809821275
n_obs=1000 seed=0 convention=gaussian,Gaussian-NPE (z-score),A,3.045549102623245,6.677922229277202
n_obs=1000 seed=0 convention=gaussian,Gaussian-NPE (z-score),A,3.0468572980028803,6.42924142636792
n_obs=1000 seed=0 convention=gaussian,Gaussian-NPE (z-score),A,3.0481654933825157,6.185105417532386
n_obs=1000 seed=0 convention=gaussian,Gaussian-NPE (z-score),A,3.0494736887621507,5.948271634755363
n_obs=1000 seed=0 convention=gaussian,Gaussian-NPE (z-score),A,3.050781884141786,5.720797052033292
n_obs=1000 seed=0 convention=gaussian,Gaussian-NPE (z-score),A,3.0520900795214216,5.504054426292097
n_obs=1000 seed=0 convention=gaussian,Gaussian-NPE (z-score),A,3.0533982749010566,5.298776067300523
n_obs=1000 seed=0 convention=gaussian,Gaussian-NPE (z-score),A,3.054706470280692,5.105087027924969
n_obs=1000 seed=0 convention=gaussian,Gaussian-NPE (z-score),A,3.056014665660327,4.922517430636016
n_obs=1000 seed=0 convention=gaussian,Gaussian-NPE (z-score),A,3.0573228610399625,4.750014252732469
n_obs=1000 seed=0 convention=gaussian,Gaussian-NPE (z-score),A,3.058631056419598,4.5859906972445845
n_obs=1000 seed=0 convention=gaussian,Gaussian-NPE (z-score),A,3.059939251799233,4.4284467037792465
n_obs=1000 seed=0 convention=gaussian,Gaussian-NPE (z-score),A,3.0612474471788684,4.27516868142994
n_obs=1000 seed=0 convention=gaussian,Gaussian-NPE (z-score),A,3.062555642558504,4.123982254581806
n_obs=1000 seed=0 convention=gaussian,Gaussian-NPE (z-score),A,3.063863837938139,3.973005524317067
n_obs=1000 seed=0 convention=gaussian,Gaussian-NPE (z-score),A,3.0651720333177743,3.820845296401497
n_obs=1000 seed=0 convention=gaussian,Gaussian-NPE (z-score),A,3.0664802286974098,3.6666979316896677
n_obs=1000 seed=0 convention=gaussian,Gaussian-NPE (z-score),A,3.0677884240770448,3.510351113086838
n_obs=1000 seed=0 convention=gaussian,Gaussian-NPE (z-score),A,3.06909661945668,3.352116439957685
n_obs=1000 seed=0 convention=gaussian,Gaussian-NPE (z-score),A,3.070404814836315,3.1927393620957636
n_obs=1000 seed=0 convention=gaussian,Gaussian-NPE (z-score),A,3.0717130102159507,3.0333250803192673
n_obs=1000 seed=0 convention=gaussian,Gaussian-NPE (z-score),A,3.073021205595586,2.8752916588136275
n_obs=1000 seed=0 convention=gaussian,Gaussian-NPE (z-score),A,3.074329400975221,2.720329752393692
n_obs=1000 seed=0 convention=gaussian,Gaussian-NPE (z-score),A,3.0756375963548566,2.5703294000956856
n_obs=1000 seed=0 convention=gaussian,Gaussian-NPE (z-score),A,3.076945791734492,2.427238916524782
n_obs=1000 seed=0 convention=gaussian,Gaussian-NPE (z-score),A,3.078253987114127,2.2928475839625326
n_obs=1000 seed=0 convention=gaussian,Gaussian-NPE (z-score),A,3.0795621824937625,2.1685202741232232
n_obs=1000 seed=0 convention=gaussian,Gaussian-NPE (z-score),A,3.0808703778733975,2.0549418470819925
n_obs=1000 seed=0 convention=gaussian,Gaussian-NPE (z-score),A,3.082178573253033,1.9519397552370914
n_obs=1000 seed=0 convention=gaussian,Gaussian-NPE (z-score),A,3.0834867686326684,1.8584412415941027
n_obs=1000 seed=0 convention=gaussian,Gaussian-NPE (z-score),A,3.0847949640123034,1.7725919839407638
n_obs=1000 seed=0 convention=gaussian,Gaussian-NPE (z-score),A,3.086103159391939,1.6920256187776987
n_obs=1000 seed=0 convention=gaussian,Gaussian-NPE (z-score),A,3.0874113547715742,1.6142379740770865
n_obs=1000 seed=0 convention=gaussian,Gaussian-NPE (z-score),A,3.0887195501512092,1.5369936079977813
n_obs=1000 seed=0 convention=gaussian,Gaussian-NPE (z-score),A,3.0900277455308447,1.458680830787598
n_obs=1000 seed=0 convention=gaussian,Gaussian-NPE (z-score),A,3.09133594091048,1.3785384301695005
n_obs=1000 seed=0 convention=gaussian,Gaussian-NPE (z-score),A,3.092644136290115,1.2967036898448165
n_obs=1000 seed=0 convention=gaussian,Gaussian-NPE (z-score),A,3.0939523316697506,1.2140730088011311
n_obs=1000 seed=0 convention=gaussian,Gaussian-NPE (z-score),A,3.0952605270493856,1.132013596074502
n_obs=1000 seed=0 convention=gaussian,Gaussian-NPE (z-score),A,3.096568722429021,1.052003379360208
n_obs=1000 seed=0 convention=gaussian,Gaussian-NPE (z-score),A,3.0978769178086565,0.9752933288551477
n_obs=1000 seed=0 convention=gaussian,Gaussian-NPE (z-score),A,3.0991851131882915,0.90267535576214
n_obs=1000 seed=0 convention=gaussian,Gaussian-NPE (z-score),A,3.100493308567927,0.8344032995448504
n_obs=1000 seed=0 convention=gaussian,Gaussian-NPE (z-score),A,3.1018015039475624,0.7702667946156463
n_obs=1000 seed=0 convention=gaussian,Gaussian-NPE (z-score),A,3.1031096993271974,0.7097745023259038
n_obs=1000 seed=0 convention=gaussian,Gaussian-NPE (z-score),A,3.104417894706833,0.6523781280136708
n_obs=1000 seed=0 convention=gaussian,Gaussian-NPE (z-score),A,3.105726090086468,0.597667858234947
n_obs=1000 seed=0 convention=gaussian,Gaussian-NPE (z-score),A,3.1070342854661033,0.5454901762585757
n_obs=1000 seed=0 convention=gaussian,Gaussian-NPE (z-score),A,3.1083424808457387,0.49597044702872145
n_obs=1000 seed=0 convention=gaussian,Gaussian-NPE (z-score),A,3.1096506762253737,0.4494530655410473
n_obs=1000 seed=0 convention=gaussian,Gaussian-NPE (z-score),A,3.110958871605009,0.4063917755539285
n_obs=1000 seed=0 convention=gaussian,Gaussian-NPE (z-score),A,3.1122670669846446,0.36722795185805757
n_obs=1000 seed=0 convention=gaussian,Gaussian-NPE (z-score),A,3.1135752623642796,0.3322870804982995
n_obs=1000 seed=0 convention=gaussian,Gaussian-NPE (z-score),A,3.114883457743915,0.30170934779292025
n_obs=1000 seed=0 convention=gaussian,Gaussian-NPE (z-score),A,3.1161916531235505,0.2754162395882826
n_obs=1000 seed=0 convention=gaussian,Gaussian-NPE (z-score),A,3.1174998485031855,0.25310660141425184
n_obs=1000 seed=0 convention=gaussian,Gaussian-NPE (z-score),A,3.118808043882821,0.2342743208586761
n_obs=1000 seed=0 convention=gaussian,Gaussian-NPE (z-score),A,3.1201162392624564,0.2182435265323646
n_obs=1000 seed=0 convention=gaussian,Gaussian-NPE (z-score),A,3.1214244346420914,0.20422160849947463
n_obs=1000 seed=0 convention=gaussian,Gaussian-NPE (z-score),A,3.122732630021727,0.19137134015045743
n_obs=1000 seed=0 convention=gaussian,Gaussian-NPE (z-score),A,3.124040825401362,0.17889923435625685
n_obs=1000 seed=0 convention=gaussian,Gaussian-NPE (z-score),A,3.1253490207809973,0.16614962428422908
n_obs=1000 seed=0 convention=gaussian,Gaussian-NPE (z-score),A,3.1266572161606327,0.15268690187886852
n_obs=1000 seed=0 convention=gaussian,Gaussian-NPE (z-score),A,3.1279654115402677,0.1383462432456662
n_obs=1000 seed=0 convention=gaussian,Gaussian-NPE (z-score),A,3.129273606919903,0.12323831057234243
n_obs=1000 seed=0 convention=gaussian,Gaussian-NPE (z-score),A,3.1305818022995386,0.10770478646275666
n_obs=1000 seed=0 convention=gaussian,Gaussian-NPE (z-score),A,3.1318899976791736,0.09223512737015302
n_obs=1000 seed=0 convention=gaussian,Gaussian-NPE (z-score),A,3.133198193058809,0.07736544866905759
n_obs=1000 seed=0 convention=gaussian,Gaussian-NPE (z-score),A,3.134506388438444,0.06358403579934248
n_obs=1000 seed=0 convention=gaussian,Gaussian-NPE (z-score),A,3.1358145838180795,0.05126359974572698
n_obs=1000 seed=0 convention=gaussian,Gaussian-NPE (z-score),A,3.137122779197715,0.04063023464722616
n_obs=1000 seed=0 convention=gaussian,Gaussian-NPE (z-score),A,3.13843097457735,0.031767273816063084
n_obs=1000 seed=0 convention=gaussian,Gaussian-NPE (z-score),A,3.1397391699569854,0.0246431377616895
n_obs=1000 seed=0 convention=gaussian,Gaussian-NPE (z-score),A,3.141047365336621,0.01914844559384363
n_obs=1000 seed=0 convention=gaussian,Gaussian-NPE (z-score),A,3.142355560716256,0.015129347305520563
n_obs=1000 seed=0 convention=gaussian,Gaussian-NPE (z-score),A,3.1436637560958913,0.012409439764414488
n_obs=1000 seed=0 convention=gaussian,Gaussian-NPE (z-score),A,3.1449719514755268,0.010799065664541377
n_obs=1000 seed=0 convention=gaussian,Gaussian-NPE (z-score),A,3.1462801468551618,0.010095880571151988
n_obs=1000 seed=0 convention=gaussian,Gaussian-NPE (z-score),A,3.147588342234797,0.010082992495635679
n_obs=1000 seed=0 convention=gaussian,Gaussian-NPE (z-score),A,3.1488965376144322,0.010530615338678108
n_obs=1000 seed=0 convention=gaussian,Gaussian-NPE (z-score),A,3.1502047329940677,0.011204787535115902
n_obs=1000 seed=0 convention=gaussian,Gaussian-NPE (z-score),A,3.151512928373703,0.011883429228000888
n_obs=1000 seed=0 convention=gaussian,Gaussian-NPE (z-score),A,3.152821123753338,0.012376959449561038
n_obs=1000 seed=0 convention=gaussian,Gaussian-NPE (z-score),A,3.1541293191329736,0.012548711461588475
n_obs=1000 seed=0 convention=gaussian,Gaussian-NPE (z-score),A,3.155437514512609,0.012329920593753386
n_obs=1000 seed=0 convention=gaussian,Gaussian-NPE (z-score),A,3.156745709892244,0.011725131165219714
n_obs=1000 seed=0 convention=gaussian,Gaussian-NPE (z-score),A,3.1580539052718795,0.010806085624121086
n_obs=1000 seed=0 convention=gaussian,Gaussian-NPE (z-score),A,3.1593621006515145,0.009694838804889588
n_obs=1000 seed=0 convention=gaussian,Gaussian-NPE (z-score),A,3.16067029603115,0.00853922477870037
n_obs=1000 seed=0 convention=gaussian,Gaussian-NPE (z-score),A,3.1619784914107854,0.007485302005099327
n_obs=1000 seed=0 convention=gaussian,Gaussian-NPE (z-score),A,3.1632866867904204,0.006651764238820453
n_obs=1000 seed=0 convention=gaussian,Gaussian-NPE (z-score),A,3.164594882170056,0.006110640396149585
n_obs=1000 seed=0 convention=gaussian,Gaussian-NPE (robust asinh),A,2.9042640016226344,0.07021897218645705
n_obs=1000 seed=0 convention=gaussian,Gaussian-NPE (robust asinh),A,2.90557219700227,0.07705725275974884
n_obs=1000 seed=0 convention=gaussian,Gaussian-NPE (robust asinh),A,2.906880392381905,0.08512897381148747
n_obs=1000 seed=0 convention=gaussian,Gaussian-NPE (robust asinh),A,2.9081885877615403,0.0948401907502609
n_obs=1000 seed=0 convention=gaussian,Gaussian-NPE (robust asinh),A,2.9094967831411758,0.10659103222836991
n_obs=1000 seed=0 convention=gaussian,Gaussian-NPE (robust asinh),A,2.9108049785208108,0.12074281382116596
n_obs=1000 seed=0 convention=gaussian,Gaussian-NPE (robust asinh),A,2.912113173900446,0.13758807994810396
n_obs=1000 seed=0 convention=gaussian,Gaussian-NPE (robust asinh),A,2.913421369280081,0.15732446954098145
n_obs=1000 seed=0 convention=gaussian,Gaussian-NPE (robust asinh),A,2.9147295646597167,0.18003296805867178
n_obs=1000 seed=0 convention=gaussian,Gaussian-NPE (robust asinh),A,2.916037760039352,0.20566281544521436
n_obs=1000 seed=0 convention=gaussian,Gaussian-NPE (robust asinh),A,2.917345955418987,0.23402854479222243
n_obs=1000 seed=0 convention=gaussian,Gaussian-NPE (robust asinh),A,2.9186541507986226,0.26482728883664025
n_obs=1000 seed=0 convention=gaussian,Gaussian-NPE (robust asinh),A,2.919962346178258,0.2976839492613173
n_obs=1000 seed=0 convention=gaussian,Gaussian-NPE (robust asinh),A,2.921270541557893,0.33222635565233666
n_obs=1000 seed=0 convention=gaussian,Gaussian-NPE (robust asinh),A,2.9225787369375285,0.368182724558793
n_obs=1000 seed=0 convention=gaussian,Gaussian-NPE (robust asinh),A,2.9238869323171635,0.4054827135765685
n_obs=1000 seed=0 convention=gaussian,Gaussian-NPE (robust asinh),A,2.925195127696799,0.44433575409920706
n_obs=1000 seed=0 convention=gaussian,Gaussian-NPE (robust asinh),A,2.9265033230764343,0.48526017375707176
n_obs=1000 seed=0 convention=gaussian,Gaussian-NPE (robust asinh),A,2.9278115184560694,0.5290454071580788
n_obs=1000 seed=0 convention=gaussian,Gaussian-NPE (robust asinh),A,2.929119713835705,0.5766454236133519
n_obs=1000 seed=0 convention=gaussian,Gaussian-NPE (robust asinh),A,2.9304279092153402,0.6290195503700323
n_obs=1000 seed=0 convention=gaussian,Gaussian-NPE (robust asinh),A,2.9317361045949752,0.686951211856553
n_obs=1000 seed=0 convention=gaussian,Gaussian-NPE (robust asinh),A,2.9330442999746107,0.750881065540353
n_obs=1000 seed=0 convention=gaussian,Gaussian-NPE (robust asinh),A,2.934352495354246,0.8207871278523362
n_obs=1000 seed=0 convention=gaussian,Gaussian-NPE (robust asinh),A,2.935660690733881,0.8961331442427319
n_obs=1000 seed=0 convention=gaussian,Gaussian-NPE (robust asinh),A,2.9369688861135166,0.9758928005998209
n_obs=1000 seed=0 convention=gaussian,Gaussian-NPE (robust asinh),A,2.9382770814931516,1.0586466869424986
n_obs=1000 seed=0 convention=gaussian,Gaussian-NPE (robust asinh),A,2.939585276872787,1.1427437668158686
n_obs=1000 seed=0 convention=gaussian,Gaussian-NPE (robust asinh),A,2.9408934722524225,1.2265177512688086
n_obs=1000 seed=0 convention=gaussian,Gaussian-NPE (robust asinh),A,2.9422016676320575,1.3085461842993935
n_obs=1000 seed=0 convention=gaussian,Gaussian-NPE (robust asinh),A,2.943509863011693,1.3879312198370004
n_obs=1000 seed=0 convention=gaussian,Gaussian-NPE (robust asinh),A,2.9448180583913284,1.464565080278546
n_obs=1000 seed=0 convention=gaussian,Gaussian-NPE (robust asinh),A,2.9461262537709634,1.5393253651839327
n_obs=1000 seed=0 convention=gaussian,Gaussian-NPE (robust asinh),A,2.947434449150599,1.6141359117319414
n_obs=1000 seed=0 convention=gaussian,Gaussian-NPE (robust asinh),A,2.9487426445302343,1.6918380861487732
n_obs=1000 seed=0 convention=gaussian,Gaussian-NPE (robust asinh),A,2.9500508399098693,1.77584984908775
n_obs=1000 seed=0 convention=gaussian,Gaussian-NPE (robust asinh),A,2.9513590352895047,1.869641029827498
n_obs=1000 seed=0 convention=gaussian,Gaussian-NPE (robust asinh),A,2.9526672306691397,1.9761094751300554
n_obs=1000 seed=0 convention=gaussian,Gaussian-NPE (robust asinh),A,2.953975426048775,2.0969861897129776
n_obs=1000 seed=0 convention=gaussian,Gaussian-NPE (robust asinh),A,2.9552836214284106,2.2324121811591624
n_obs=1000 seed=0 convention=gaussian,Gaussian-NPE (robust asinh),A,2.9565918168080456,2.3808068180292032
n_obs=1000 seed=0 convention=gaussian,Gaussian-NPE (robust asinh),A,2.957900012187681,2.5390890345505372
n_obs=1000 seed=0 convention=gaussian,Gaussian-NPE (robust asinh),A,2.9592082075673165,2.7032312869313073
n_obs=1000 seed=0 convention=gaussian,Gaussian-NPE (robust asinh),A,2.9605164029469515,2.8690423358392114
n_obs=1000 seed=0 convention=gaussian,Gaussian-NPE (robust asinh),A,2.961824598326587,3.033011984870804
n_obs=1000 seed=0 convention=gaussian,Gaussian-NPE (robust asinh),A,2.9631327937062224,3.193028104781749
n_obs=1000 seed=0 convention=gaussian,Gaussian-NPE (robust asinh),A,2.9644409890858574,3.3488022726546256
n_obs=1000 seed=0 convention=gaussian,Gaussian-NPE (robust asinh),A,2.965749184465493,3.5019093794928633
n_obs=1000 seed=0 convention=gaussian,Gaussian-NPE (robust asinh),A,2.967057379845128,3.6554395182913884
n_obs=1000 seed=0 convention=gaussian,Gaussian-NPE (robust asinh),A,2.9683655752247633,3.8133512120013626
n_obs=1000 seed=0 convention=gaussian,Gaussian-NPE (robust asinh),A,2.9696737706043987,3.979679335453635
n_obs=1000 seed=0 convention=gaussian,Gaussian-NPE (robust asinh),A,2.9709819659840337,4.157774266240056
n_obs=1000 seed=0 convention=gaussian,Gaussian-NPE (robust asinh),A,2.972290161363669,4.349729022253211
n_obs=1000 seed=0 convention=gaussian,Gaussian-NPE (robust asinh),A,2.9735983567433046,4.556097663737928
n_obs=1000 seed=0 convention=gaussian,Gaussian-NPE (robust asinh),A,2.9749065521229396,4.775936763188548
n_obs=1000 seed=0 convention=gaussian,Gaussian-NPE (robust asinh),A,2.976214747502575,5.007129567850939
n_obs=1000 seed=0 convention=gaussian,Gaussian-NPE (robust asinh),A,2.97752294288221,5.246894882480104
n_obs=1000 seed=0 convention=gaussian,Gaussian-NPE (robust asinh),A,2.9788311382618455,5.49235057695224
n_obs=1000 seed=0 convention=gaussian,Gaussian-NPE (robust asinh),A,2.980139333641481,5.740999768421552
n_obs=1000 seed=0 convention=gaussian,Gaussian-NPE (robust asinh),A,2.981447529021116,5.991034053453654
n_obs=1000 seed=0 convention=gaussian,Gaussian-NPE (robust asinh),A,2.9827557244007514,6.241394696073411
n_obs=1000 seed=0 convention=gaussian,Gaussian-NPE (robust asinh),A,2.984063919780387,6.491588484380795
n_obs=1000 seed=0 convention=gaussian,Gaussian-NPE (robust asinh),A,2.985372115160022,6.74130963681733
n_obs=1000 seed=0 convention=gaussian,Gaussian-NPE (robust asinh),A,2.9866803105396573,6.989964576671533
n_obs=1000 seed=0 convention=gaussian,Gaussian-NPE (robust asinh),A,2.9879885059192928,7.236226017853457
n_obs=1000 seed=0 convention=gaussian,Gaussian-NPE (robust asinh),A,2.9892967012989278,7.477749666284483
n_obs=1000 seed=0 convention=gaussian,Gaussian-NPE (robust asinh),A,2.990604896678563,7.711163755528483
n_obs=1000 seed=0 convention=gaussian,Gaussian-NPE (robust asinh),A,2.991913092058198,7.932385155208138
n_obs=1000 seed=0 convention=gaussian,Gaussian-NPE (robust asinh),A,2.9932212874378337,8.137232305386517
n_obs=1000 seed=0 convention=gaussian,Gaussian-NPE (robust asinh),A,2.994529482817469,8.32221441566402
n_obs=1000 seed=0 convention=gaussian,Gaussian-NPE (robust asinh),A,2.995837678197104,8.48530748549469
n_obs=1000 seed=0 convention=gaussian,Gaussian-NPE (robust asinh),A,2.9971458735767396,8.62650842885514
n_obs=1000 seed=0 convention=gaussian,Gaussian-NPE (robust asinh),A,2.998454068956375,8.748001578661135
n_obs=1000 seed=0 convention=gaussian,Gaussian-NPE (robust asinh),A,2.99976226433601,8.85386697485922
n_obs=1000 seed=0 convention=gaussian,Gaussian-NPE (robust asinh),A,3.0010704597156455,8.949377431459007
n_obs=1000 seed=0 convention=gaussian,Gaussian-NPE (robust asinh),A,3.0023786550952805,9.040035130473393
n_obs=1000 seed=0 convention=gaussian,Gaussian-NPE (robust asinh),A,3.003686850474916,9.130560529678311
n_obs=1000 seed=0 convention=gaussian,Gaussian-NPE (robust asinh),A,3.0049950458545513,9.224055790758442
n_obs=1000 seed=0 convention=gaussian,Gaussian-NPE (robust asinh),A,3.0063032412341864,9.321526182422671
n_obs=1000 seed=0 convention=gaussian,Gaussian-NPE (robust asinh),A,3.007611436613822,9.421867784091624
n_obs=1000 seed=0 convention=gaussian,Gaussian-NPE (robust asinh),A,3.0089196319934572,9.522330889044664
n_obs=1000 seed=0 convention=gaussian,Gaussian-NPE (robust asinh),A,3.0102278273730922,9.619359297781273
n_obs=1000 seed=0 convention=gaussian,Gaussian-NPE (robust asinh),A,3.0115360227527277,9.709605677453599
n_obs=1000 seed=0 convention=gaussian,Gaussian-NPE (robust asinh),A,3.012844218132363,9.7908601304727
n_obs=1000 seed=0 convention=gaussian,Gaussian-NPE (robust asinh),A,3.014152413511998,9.862632195997735
n_obs=1000 seed=0 convention=gaussian,Gaussian-NPE (robust asinh),A,3.0154606088916336,9.92621060768182
n_obs=1000 seed=0 convention=gaussian,Gaussian-NPE (robust asinh),A,3.0167688042712686,9.984175919883084
n_obs=1000 seed=0 convention=gaussian,Gaussian-NPE (robust asinh),A,3.018076999650904,10.039512327993737
n_obs=1000 seed=0 convention=gaussian,Gaussian-NPE (robust asinh),A,3.0193851950305395,10.09459372462895
n_obs=1000 seed=0 convention=gaussian,Gaussian-NPE (robust asinh),A,3.0206933904101745,10.150353355196165
n_obs=1000 seed=0 convention=gaussian,Gaussian-NPE (robust asinh),A,3.02200158578981,10.205871188732338
n_obs=1000 seed=0 convention=gaussian,Gaussian-NPE (robust asinh),A,3.0233097811694454,10.258458972516912
n_obs=1000 seed=0 convention=gaussian,Gaussian-NPE (robust asinh),A,3.0246179765490804,10.304153230898157
n_obs=1000 seed=0 convention=gaussian,Gaussian-NPE (robust asinh),A,3.025926171928716,10.338408368069809
n_obs=1000 seed=0 convention=gaussian,Gaussian-NPE (robust asinh),A,3.0272343673083513,10.356756880445236
n_obs=1000 seed=0 convention=gaussian,Gaussian-NPE (robust asinh),A,3.0285425626879863,10.355270870063112
n_obs=1000 seed=0 convention=gaussian,Gaussian-NPE (robust asinh),A,3.0298507580676217,10.330779770274116
n_obs=1000 seed=0 convention=gaussian,Gaussian-NPE (robust asinh),A,3.0311589534472567,10.280916230452577
n_obs=1000 seed=0 convention=gaussian,Gaussian-NPE (robust asinh),A,3.032467148826892,10.204125225571916
n_obs=1000 seed=0 convention=gaussian,Gaussian-NPE (robust asinh),A,3.0337753442065276,10.099757380752214
n_obs=1000 seed=0 convention=gaussian,Gaussian-NPE (robust asinh),A,3.0350835395861626,9.968287431921944
n_obs=1000 seed=0 convention=gaussian,Gaussian-NPE (robust asinh),A,3.036391734965798,9.811592035728363
n_obs=1000 seed=0 convention=gaussian,Gaussian-NPE (robust asinh),A,3.0376999303454335,9.63313846239905
n_obs=1000 seed=0 convention=gaussian,Gaussian-NPE (robust asinh),A,3.0390081257250685,9.437918091334922
n_obs=1000 seed=0 convention=gaussian,Gaussian-NPE (robust asinh),A,3.040316321104704,9.23202013061144
n_obs=1000 seed=0 convention=gaussian,Gaussian-NPE (robust asinh),A,3.0416245164843394,9.021861757472232
n_obs=1000 seed=0 convention=gaussian,Gaussian-NPE (robust asinh),A,3.0429327118639744,8.813224206055747
n_obs=1000 seed=0 convention=gaussian,Gaussian-NPE (robust asinh),A,3.04424090724361,8.610335493554459
n_obs=1000 seed=0 convention=gaussian,Gaussian-NPE (robust asinh),A,3.045549102623245,8.415249970971805
n_obs=1000 seed=0 convention=gaussian,Gaussian-NPE (robust asinh),A,3.0468572980028803,8.227695767753683
n_obs=1000 seed=0 convention=gaussian,Gaussian-NPE (robust asinh),A,3.0481654933825157,8.045422508577134
n_obs=1000 seed=0 convention=gaussian,Gaussian-NPE (robust asinh),A,3.0494736887621507,7.864936031104619
n_obs=1000 seed=0 convention=gaussian,Gaussian-NPE (robust asinh),A,3.050781884141786,7.682407693069383
n_obs=1000 seed=0 convention=gaussian,Gaussian-NPE (robust asinh),A,3.0520900795214216,7.494524902278072
n_obs=1000 seed=0 convention=gaussian,Gaussian-NPE (robust asinh),A,3.0533982749010566,7.299104484806017
n_obs=1000 seed=0 convention=gaussian,Gaussian-NPE (robust asinh),A,3.054706470280692,7.095389060821317
n_obs=1000 seed=0 convention=gaussian,Gaussian-NPE (robust asinh),A,3.056014665660327,6.884043709648119
n_obs=1000 seed=0 convention=gaussian,Gaussian-NPE (robust asinh),A,3.0573228610399625,6.666930267180172
n_obs=1000 seed=0 convention=gaussian,Gaussian-NPE (robust asinh),A,3.058631056419598,6.446748729184162
n_obs=1000 seed=0 convention=gaussian,Gaussian-NPE (robust asinh),A,3.059939251799233,6.226614299323063
n_obs=1000 seed=0 convention=gaussian,Gaussian-NPE (robust asinh),A,3.0612474471788684,6.009612402728309
n_obs=1000 seed=0 convention=gaussian,Gaussian-NPE (robust asinh),A,3.062555642558504,5.798364766300981
n_obs=1000 seed=0 convention=gaussian,Gaussian-NPE (robust asinh),A,3.063863837938139,5.594651338741345
n_obs=1000 seed=0 convention=gaussian,Gaussian-NPE (robust asinh),A,3.0651720333177743,5.399150702109583
n_obs=1000 seed=0 convention=gaussian,Gaussian-NPE (robust asinh),A,3.0664802286974098,5.211363950915645
n_obs=1000 seed=0 convention=gaussian,Gaussian-NPE (robust asinh),A,3.0677884240770448,5.029760067258379
n_obs=1000 seed=0 convention=gaussian,Gaussian-NPE (robust asinh),A,3.06909661945668,4.852128132825799
n_obs=1000 seed=0 convention=gaussian,Gaussian-NPE (robust asinh),A,3.070404814836315,4.676062422774024
n_obs=1000 seed=0 convention=gaussian,Gaussian-NPE (robust asinh),A,3.0717130102159507,4.499464899203857
n_obs=1000 seed=0 convention=gaussian,Gaussian-NPE (robust asinh),A,3.073021205595586,4.320943283520189
n_obs=1000 seed=0 convention=gaussian,Gaussian-NPE (robust asinh),A,3.074329400975221,4.140014804861571
n_obs=1000 seed=0 convention=gaussian,Gaussian-NPE (robust asinh),A,3.0756375963548566,3.957084638168863
n_obs=1000 seed=0 convention=gaussian,Gaussian-NPE (robust asinh),A,3.076945791734492,3.7732340179944153
n_obs=1000 seed=0 convention=gaussian,Gaussian-NPE (robust asinh),A,3.078253987114127,3.589904885232676
n_obs=1000 seed=0 convention=gaussian,Gaussian-NPE (robust asinh),A,3.0795621824937625,3.408589701683616
n_obs=1000 seed=0 convention=gaussian,Gaussian-NPE (robust asinh),A,3.0808703778733975,3.2306202226389478
n_obs=1000 seed=0 convention=gaussian,Gaussian-NPE (robust asinh),A,3.082178573253033,3.0571026491755617
n_obs=1000 seed=0 convention=gaussian,Gaussian-NPE (robust asinh),A,3.0834867686326684,2.888984926178345
n_obs=1000 seed=0 convention=gaussian,Gaussian-NPE (robust asinh),A,3.0847949640123034,2.7271881420063653
n_obs=1000 seed=0 convention=gaussian,Gaussian-NPE (robust asinh),A,3.086103159391939,2.5727098987888857
n_obs=1000 seed=0 convention=gaussian,Gaussian-NPE (robust asinh),A,3.0874113547715742,2.4266241283220076
n_obs=1000 seed=0 convention=gaussian,Gaussian-NPE (robust asinh),A,3.0887195501512092,2.2899527774388106
n_obs=1000 seed=0 convention=gaussian,Gaussian-NPE (robust asinh),A,3.0900277455308447,2.1634476819709283
n_obs=1000 seed=0 convention=gaussian,Gaussian-NPE (robust asinh),A,3.09133594091048,2.0473670683628122
n_obs=1000 seed=0 convention=gaussian,Gaussian-NPE (robust asinh),A,3.092644136290115,1.9413392484788135
n_obs=1000 seed=0 convention=gaussian,Gaussian-NPE (robust asinh),A,3.0939523316697506,1.8443730463158685
n_obs=1000 seed=0 convention=gaussian,Gaussian-NPE (robust asinh),A,3.0952605270493856,1.7550165366505668
n_obs=1000 seed=0 convention=gaussian,Gaussian-NPE (robust asinh),A,3.096568722429021,1.671609755685236
n_obs=1000 seed=0 convention=gaussian,Gaussian-NPE (robust asinh),A,3.0978769178086565,1.5925472687712476
n_obs=1000 seed=0 convention=gaussian,Gaussian-NPE (robust asinh),A,3.0991851131882915,1.5164729914842838
n_obs=1000 seed=0 convention=gaussian,Gaussian-NPE (robust asinh),A,3.100493308567927,1.4423655099574642
n_obs=1000 seed=0 convention=gaussian,Gaussian-NPE (robust asinh),A,3.1018015039475624,1.3695187020514468
n_obs=1000 seed=0 convention=gaussian,Gaussian-NPE (robust asinh),A,3.1031096993271974,1.2974593708296074
n_obs=1000 seed=0 convention=gaussian,Gaussian-NPE (robust asinh),A,3.104417894706833,1.2258577672878226
n_obs=1000 seed=0 convention=gaussian,Gaussian-NPE (robust asinh),A,3.105726090086468,1.1544765384867754
n_obs=1000 seed=0 convention=gaussian,Gaussian-NPE (robust asinh),A,3.1070342854661033,1.083176897923732
n_obs=1000 seed=0 convention=gaussian,Gaussian-NPE (robust asinh),A,3.1083424808457387,1.0119706329233489
n_obs=1000 seed=0 convention=gaussian,Gaussian-NPE (robust asinh),A,3.1096506762253737,0.9410850491815134
n_obs=1000 seed=0 convention=gaussian,Gaussian-NPE (robust asinh),A,3.110958871605009,0.8710022082785893
n_obs=1000 seed=0 convention=gaussian,Gaussian-NPE (robust asinh),A,3.1122670669846446,0.8024442551311932
n_obs=1000 seed=0 convention=gaussian,Gaussian-NPE (robust asinh),A,3.1135752623642796,0.7362977357356078
n_obs=1000 seed=0 convention=gaussian,Gaussian-NPE (robust asinh),A,3.114883457743915,0.6734926861852522
n_obs=1000 seed=0 convention=gaussian,Gaussian-NPE (robust asinh),A,3.1161916531235505,0.6148681622709178
n_obs=1000 seed=0 convention=gaussian,Gaussian-NPE (robust asinh),A,3.1174998485031855,0.5610593368447361
n_obs=1000 seed=0 convention=gaussian,Gaussian-NPE (robust asinh),A,3.118808043882821,0.5124320189516607
n_obs=1000 seed=0 convention=gaussian,Gaussian-NPE (robust asinh),A,3.1201162392624564,0.469073009209887
n_obs=1000 seed=0 convention=gaussian,Gaussian-NPE (robust asinh),A,3.1214244346420914,0.4308263734151277
n_obs=1000 seed=0 convention=gaussian,Gaussian-NPE (robust asinh),A,3.122732630021727,0.3973534340561017
n_obs=1000 seed=0 convention=gaussian,Gaussian-NPE (robust asinh),A,3.124040825401362,0.36819203474476947
n_obs=1000 seed=0 convention=gaussian,Gaussian-NPE (robust asinh),A,3.1253490207809973,0.34279820548319984
n_obs=1000 seed=0 convention=gaussian,Gaussian-NPE (robust asinh),A,3.1266572161606327,0.3205667292560851
n_obs=1000 seed=0 convention=gaussian,Gaussian-NPE (robust asinh),A,3.1279654115402677,0.30084021127827687
n_obs=1000 seed=0 convention=gaussian,Gaussian-NPE (robust asinh),A,3.129273606919903,0.2829233610187936
n_obs=1000 seed=0 convention=gaussian,Gaussian-NPE (robust asinh),A,3.1305818022995386,0.26611720682145523
n_obs=1000 seed=0 convention=gaussian,Gaussian-NPE (robust asinh),A,3.1318899976791736,0.24977770758258858
n_obs=1000 seed=0 convention=gaussian,Gaussian-NPE (robust asinh),A,3.133198193058809,0.23338927506760118
n_obs=1000 seed=0 convention=gaussian,Gaussian-NPE (robust asinh),A,3.134506388438444,0.21663253136193045
n_obs=1000 seed=0 convention=gaussian,Gaussian-NPE (robust asinh),A,3.1358145838180795,0.19942268137817215
n_obs=1000 seed=0 convention=gaussian,Gaussian-NPE (robust asinh),A,3.137122779197715,0.18190207758208368
n_obs=1000 seed=0 convention=gaussian,Gaussian-NPE (robust asinh),A,3.13843097457735,0.1643851859696561
n_obs=1000 seed=0 convention=gaussian,Gaussian-NPE (robust asinh),A,3.1397391699569854,0.14727012594800865
n_obs=1000 seed=0 convention=gaussian,Gaussian-NPE (robust asinh),A,3.141047365336621,0.13094164609410017
n_obs=1000 seed=0 convention=gaussian,Gaussian-NPE (robust asinh),A,3.142355560716256,0.11569177886245871
n_obs=1000 seed=0 convention=gaussian,Gaussian-NPE (robust asinh),A,3.1436637560958913,0.10167668302408324
n_obs=1000 seed=0 convention=gaussian,Gaussian-NPE (robust asinh),A,3.1449719514755268,0.08891522825168369
n_obs=1000 seed=0 convention=gaussian,Gaussian-NPE (robust asinh),A,3.1462801468551618,0.07732209004738506
n_obs=1000 seed=0 convention=gaussian,Gaussian-NPE (robust asinh),A,3.147588342234797,0.06675984403268437
n_obs=1000 seed=0 convention=gaussian,Gaussian-NPE (robust asinh),A,3.1488965376144322,0.05709251478989079
n_obs=1000 seed=0 convention=gaussian,Gaussian-NPE (robust asinh),A,3.1502047329940677,0.04822636233999755
n_obs=1000 seed=0 convention=gaussian,Gaussian-NPE (robust asinh),A,3.151512928373703,0.0401299858004105
n_obs=1000 seed=0 convention=gaussian,Gaussian-NPE (robust asinh),A,3.152821123753338,0.03283255240488207
n_obs=1000 seed=0 convention=gaussian,Gaussian-NPE (robust asinh),A,3.1541293191329736,0.026404337078465036
n_obs=1000 seed=0 convention=gaussian,Gaussian-NPE (robust asinh),A,3.155437514512609,0.020926971520768802
n_obs=1000 seed=0 convention=gaussian,Gaussian-NPE (robust asinh),A,3.156745709892244,0.01646179112601524
n_obs=1000 seed=0 convention=gaussian,Gaussian-NPE (robust asinh),A,3.1580539052718795,0.013023802737808008
n_obs=1000 seed=0 convention=gaussian,Gaussian-NPE (robust asinh),A,3.1593621006515145,0.010566644521759006
n_obs=1000 seed=0 convention=gaussian,Gaussian-NPE (robust asinh),A,3.16067029603115,0.008981091892285005
n_obs=1000 seed=0 convention=gaussian,Gaussian-NPE (robust asinh),A,3.1619784914107854,0.00810674034433916
n_obs=1000 seed=0 convention=gaussian,Gaussian-NPE (robust asinh),A,3.1632866867904204,0.0077538924503952915
n_obs=1000 seed=0 convention=gaussian,Gaussian-NPE (robust asinh),A,3.164594882170056,0.007730694369196006
n_obs=1000 seed=0 convention=gaussian,NUTS reference,B,0.7072343811035156,2.6276226299881113e-11
n_obs=1000 seed=0 convention=gaussian,NUTS reference,B,0.710262772616669,9.907925042999256e-11
n_obs=1000 seed=0 convention=gaussian,NUTS reference,B,0.7132911641298226,3.5577727083962185e-10
n_obs=1000 seed=0 convention=gaussian,NUTS reference,B,0.7163195556429761,1.2166878783674732e-09
n_obs=1000 seed=0 convention=gaussian,NUTS reference,B,0.7193479471561297,3.9629788157966e-09
n_obs=1000 seed=0 convention=gaussian,NUTS reference,B,0.7223763386692832,1.2295600115730968e-08
n_obs=1000 seed=0 convention=gaussian,NUTS reference,B,0.7254047301824368,3.634262763606902e-08
n_obs=1000 seed=0 convention=gaussian,NUTS reference,B,0.7284331216955903,1.0234959223057762e-07
n_obs=1000 seed=0 convention=gaussian,NUTS reference,B,0.7314615132087439,2.7468660360935904e-07
n_obs=1000 seed=0 convention=gaussian,NUTS reference,B,0.7344899047218973,7.026927408071341e-07
n_obs=1000 seed=0 convention=gaussian,NUTS reference,B,0.7375182962350509,1.7138992042888667e-06
n_obs=1000 seed=0 convention=gaussian,NUTS reference,B,0.7405466877482044,3.986909372803604e-06
n_obs=1000 seed=0 convention=gaussian,NUTS reference,B,0.743575079261358,8.848859176870512e-06
n_obs=1000 seed=0 convention=gaussian,NUTS reference,B,0.7466034707745115,1.8747412948357026e-05
n_obs=1000 seed=0 convention=gaussian,NUTS reference,B,0.7496318622876651,3.7935263109408936e-05
n_obs=1000 seed=0 convention=gaussian,NUTS reference,B,0.7526602538008186,7.336444872179458e-05
n_obs=1000 seed=0 convention=gaussian,NUTS reference,B,0.7556886453139722,0.0001357121515265968
n_obs=1000 seed=0 convention=gaussian,NUTS reference,B,0.7587170368271257,0.00024035724351055448
n_obs=1000 seed=0 convention=gaussian,NUTS reference,B,0.7617454283402793,0.00040802789039775866
n_obs=1000 seed=0 convention=gaussian,NUTS reference,B,0.7647738198534327,0.0006647947414840995
n_obs=1000 seed=0 convention=gaussian,NUTS reference,B,0.7678022113665863,0.001041143796915069
n_obs=1000 seed=0 convention=gaussian,NUTS reference,B,0.7708306028797398,0.001570052975301824
n_obs=1000 seed=0 convention=gaussian,NUTS reference,B,0.7738589943928934,0.0022842876201367634
n_obs=1000 seed=0 convention=gaussian,NUTS reference,B,0.7768873859060469,0.003213435537686468
n_obs=1000 seed=0 convention=gaussian,NUTS reference,B,0.7799157774192005,0.004381407350583994
n_obs=1000 seed=0 convention=gaussian,NUTS reference,B,0.782944168932354,0.005805145767941699
n_obs=1000 seed=0 convention=gaussian,NUTS reference,B,0.7859725604455075,0.007495101771603594
n_obs=1000 seed=0 convention=gaussian,NUTS reference,B,0.789000951958661,0.009457703238148736
n_obs=1000 seed=0 convention=gaussian,NUTS reference,B,0.7920293434718146,0.011699648968067253
n_obs=1000 seed=0 convention=gaussian,NUTS reference,B,0.7950577349849681,0.014233478575426704
n_obs=1000 seed=0 convention=gaussian,NUTS reference,B,0.7980861264981216,0.017083545931734646
n_obs=1000 seed=0 convention=gaussian,NUTS reference,B,0.8011145180112752,0.02029133467286473
n_obs=1000 seed=0 convention=gaussian,NUTS reference,B,0.8041429095244287,0.02391912827645413
n_obs=1000 seed=0 convention=gaussian,NUTS reference,B,0.8071713010375823,0.0280515086012854
n_obs=1000 seed=0 convention=gaussian,NUTS reference,B,0.8101996925507358,0.032794964048914375
n_obs=1000 seed=0 convention=gaussian,NUTS reference,B,0.8132280840638894,0.0382766975267019
n_obs=1000 seed=0 convention=gaussian,NUTS reference,B,0.8162564755770428,0.0446439602109207
n_obs=1000 seed=0 convention=gaussian,NUTS reference,B,0.8192848670901964,0.05206444991845126
n_obs=1000 seed=0 convention=gaussian,NUTS reference,B,0.8223132586033499,0.06072663949079081
n_obs=1000 seed=0 convention=gaussian,NUTS reference,B,0.8253416501165035,0.07083725021816487
n_obs=1000 seed=0 convention=gaussian,NUTS reference,B,0.828370041629657,0.0826127475918552
n_obs=1000 seed=0 convention=gaussian,NUTS reference,B,0.8313984331428106,0.09626351182489236
n_obs=1000 seed=0 convention=gaussian,NUTS reference,B,0.8344268246559641,0.1119727534119342
n_obs=1000 seed=0 convention=gaussian,NUTS reference,B,0.8374552161691177,0.1298755518335119
n_obs=1000 seed=0 convention=gaussian,NUTS reference,B,0.8404836076822711,0.15004454072235426
n_obs=1000 seed=0 convention=gaussian,NUTS reference,B,0.8435119991954247,0.17248681759811776
n_obs=1000 seed=0 convention=gaussian,NUTS reference,B,0.8465403907085782,0.19715263958103907
n_obs=1000 seed=0 convention=gaussian,NUTS reference,B,0.8495687822217317,0.22395280586796276
n_obs=1000 seed=0 convention=gaussian,NUTS reference,B,0.8525971737348853,0.2527804827043651
n_obs=1000 seed=0 convention=gaussian,NUTS reference,B,0.8556255652480389,0.2835348537628562
n_obs=1000 seed=0 convention=gaussian,NUTS reference,B,0.8586539567611924,0.3161464449205591
n_obs=1000 seed=0 convention=gaussian,NUTS reference,B,0.8616823482743459,0.350604588006216
n_obs=1000 seed=0 convention=gaussian,NUTS reference,B,0.8647107397874995,0.3869849845426651
n_obs=1000 seed=0 convention=gaussian,NUTS reference,B,0.867739131300653,0.4254710993770525
n_obs=1000 seed=0 convention=gaussian,NUTS reference,B,0.8707675228138065,0.46636041950014745
n_obs=1000 seed=0 convention=gaussian,NUTS reference,B,0.87379591432696,0.510048214811324
n_obs=1000 seed=0 convention=gaussian,NUTS reference,B,0.8768243058401136,0.5569873685886554
n_obs=1000 seed=0 convention=gaussian,NUTS reference,B,0.8798526973532672,0.6076301149567331
n_obs=1000 seed=0 convention=gaussian,NUTS reference,B,0.8828810888664207,0.6623621272730469
n_obs=1000 seed=0 convention=gaussian,NUTS reference,B,0.8859094803795742,0.7214392641198815
n_obs=1000 seed=0 convention=gaussian,NUTS reference,B,0.8889378718927278,0.784933864163404
n_obs=1000 seed=0 convention=gaussian,NUTS reference,B,0.8919662634058813,0.8526947342825139
n_obs=1000 seed=0 convention=gaussian,NUTS reference,B,0.8949946549190348,0.9243261461480801
n_obs=1000 seed=0 convention=gaussian,NUTS reference,B,0.8980230464321883,0.999195769976686
n_obs=1000 seed=0 convention=gaussian,NUTS reference,B,0.9010514379453419,1.0764848525913098
n_obs=1000 seed=0 convention=gaussian,NUTS reference,B,0.9040798294584954,1.1552900320899997
n_obs=1000 seed=0 convention=gaussian,NUTS reference,B,0.907108220971649,1.234772066548877
n_obs=1000 seed=0 convention=gaussian,NUTS reference,B,0.9101366124848025,1.3143259067337516
n_obs=1000 seed=0 convention=gaussian,NUTS reference,B,0.9131650039979561,1.3937282692557367
n_obs=1000 seed=0 convention=gaussian,NUTS reference,B,0.9161933955111096,1.4732138536600528
n_obs=1000 seed=0 convention=gaussian,NUTS reference,B,0.9192217870242632,1.5534456499925806
n_obs=1000 seed=0 convention=gaussian,NUTS reference,B,0.9222501785374166,1.635375760165571
n_obs=1000 seed=0 convention=gaussian,NUTS reference,B,0.9252785700505701,1.7200298247802916
n_obs=1000 seed=0 convention=gaussian,NUTS reference,B,0.9283069615637237,1.8082759332203076
n_obs=1000 seed=0 convention=gaussian,NUTS reference,B,0.9313353530768773,1.9006462869305738
n_obs=1000 seed=0 convention=gaussian,NUTS reference,B,0.9343637445900308,1.9972635535362542
n_obs=1000 seed=0 convention=gaussian,NUTS reference,B,0.9373921361031843,2.0978897927951263
n_obs=1000 seed=0 convention=gaussian,NUTS reference,B,0.9404205276163379,2.2020763640769685
n_obs=1000 seed=0 convention=gaussian,NUTS reference,B,0.9434489191294915,2.3093616699021875
n_obs=1000 seed=0 convention=gaussian,NUTS reference,B,0.946477310642645,2.419449439443309
n_obs=1000 seed=0 convention=gaussian,NUTS reference,B,0.9495057021557984,2.5323066411315622
n_obs=1000 seed=0 convention=gaussian,NUTS reference,B,0.952534093668952,2.648143971706674
n_obs=1000 seed=0 convention=gaussian,NUTS reference,B,0.9555624851821056,2.767275833752006
n_obs=1000 seed=0 convention=gaussian,NUTS reference,B,0.9585908766952591,2.8898915129774854
n_obs=1000 seed=0 convention=gaussian,NUTS reference,B,0.9616192682084126,3.0157959422570366
n_obs=1000 seed=0 convention=gaussian,NUTS reference,B,0.9646476597215662,3.144190273829081
n_obs=1000 seed=0 convention=gaussian,NUTS reference,B,0.9676760512347198,3.2735565598761593
n_obs=1000 seed=0 convention=gaussian,NUTS reference,B,0.9707044427478733,3.401688848564545
n_obs=1000 seed=0 convention=gaussian,NUTS reference,B,0.9737328342610267,3.5258807200205027
n_obs=1000 seed=0 convention=gaussian,NUTS reference,B,0.9767612257741803,3.6432447494263527
n_obs=1000 seed=0 convention=gaussian,NUTS reference,B,0.9797896172873338,3.7511104016134587
n_obs=1000 seed=0 convention=gaussian,NUTS reference,B,0.9828180088004874,3.847429020905859
n_obs=1000 seed=0 convention=gaussian,NUTS reference,B,0.9858464003136409,3.9311104822940277
n_obs=1000 seed=0 convention=gaussian,NUTS reference,B,0.9888747918267944,4.002225692234437
n_obs=1000 seed=0 convention=gaussian,NUTS reference,B,0.991903183339948,4.062030569655451
n_obs=1000 seed=0 convention=gaussian,NUTS reference,B,0.9949315748531016,4.112797064313804
n_obs=1000 seed=0 convention=gaussian,NUTS reference,B,0.9979599663662551,4.157470480709635
n_obs=1000 seed=0 convention=gaussian,NUTS reference,B,1.0009883578794085,4.199204043472278
n_obs=1000 seed=0 convention=gaussian,NUTS reference,B,1.0040167493925622,4.24084524148417
n_obs=1000 seed=0 convention=gaussian,NUTS reference,B,1.0070451409057157,4.284459341648248
n_obs=1000 seed=0 convention=gaussian,NUTS reference,B,1.0100735324188692,4.3309715793452765
n_obs=1000 seed=0 convention=gaussian,NUTS reference,B,1.0131019239320227,4.379991909977226
n_obs=1000 seed=0 convention=gaussian,NUTS reference,B,1.0161303154451762,4.429857942568298
n_obs=1000 seed=0 convention=gaussian,NUTS reference,B,1.0191587069583299,4.477896713899526
n_obs=1000 seed=0 convention=gaussian,NUTS reference,B,1.0221870984714834,4.520868541290478
n_obs=1000 seed=0 convention=gaussian,NUTS reference,B,1.0252154899846369,4.555521306895911
n_obs=1000 seed=0 convention=gaussian,NUTS reference,B,1.0282438814977906,4.579157482045885
n_obs=1000 seed=0 convention=gaussian,NUTS reference,B,1.031272273010944,4.590106005799601
n_obs=1000 seed=0 convention=gaussian,NUTS reference,B,1.0343006645240975,4.588002328688291
n_obs=1000 seed=0 convention=gaussian,NUTS reference,B,1.037329056037251,4.573813874384458
n_obs=1000 seed=0 convention=gaussian,NUTS reference,B,1.0403574475504045,4.549600360231765
n_obs=1000 seed=0 convention=gaussian,NUTS reference,B,1.0433858390635582,4.518058745199562
n_obs=1000 seed=0 convention=gaussian,NUTS reference,B,1.0464142305767117,4.481957115218705
n_obs=1000 seed=0 convention=gaussian,NUTS reference,B,1.0494426220898652,4.4435954288032855
n_obs=1000 seed=0 convention=gaussian,NUTS reference,B,1.0524710136030189,4.404430739512657
n_obs=1000 seed=0 convention=gaussian,NUTS reference,B,1.0554994051161724,4.364964003021933
n_obs=1000 seed=0 convention=gaussian,NUTS reference,B,1.0585277966293258,4.324910365113716
n_obs=1000 seed=0 convention=gaussian,NUTS reference,B,1.0615561881424793,4.28358490211921
n_obs=1000 seed=0 convention=gaussian,NUTS reference,B,1.0645845796556328,4.240362104094906
n_obs=1000 seed=0 convention=gaussian,NUTS reference,B,1.0676129711687863,4.195040705654246
n_obs=1000 seed=0 convention=gaussian,NUTS reference,B,1.07064136268194,4.147981335949837
n_obs=1000 seed=0 convention=gaussian,NUTS reference,B,1.0736697541950935,4.099972632164867
n_obs=1000 seed=0 convention=gaussian,NUTS reference,B,1.076698145708247,4.051887320124039
n_obs=1000 seed=0 convention=gaussian,NUTS reference,B,1.0797265372214007,4.00426912035438
n_obs=1000 seed=0 convention=gaussian,NUTS reference,B,1.0827549287345541,3.957011598984133
n_obs=1000 seed=0 convention=gaussian,NUTS reference,B,1.0857833202477076,3.90924615294038
n_obs=1000 seed=0 convention=gaussian,NUTS reference,B,1.0888117117608611,3.8594721056138144
n_obs=1000 seed=0 convention=gaussian,NUTS reference,B,1.0918401032740146,3.8058766998051357
n_obs=1000 seed=0 convention=gaussian,NUTS reference,B,1.0948684947871683,3.746740671720203
n_obs=1000 seed=0 convention=gaussian,NUTS reference,B,1.0978968863003218,3.6808190455646286
n_obs=1000 seed=0 convention=gaussian,NUTS reference,B,1.1009252778134753,3.6076160415465734
n_obs=1000 seed=0 convention=gaussian,NUTS reference,B,1.103953669326629,3.5275137517101873
n_obs=1000 seed=0 convention=gaussian,NUTS reference,B,1.1069820608397825,3.4417460101523956
n_obs=1000 seed=0 convention=gaussian,NUTS reference,B,1.110010452352936,3.35222587607628
n_obs=1000 seed=0 convention=gaussian,NUTS reference,B,1.1130388438660894,3.2612461066702942
n_obs=1000 seed=0 convention=gaussian,NUTS reference,B,1.116067235379243,3.171089638437715
n_obs=1000 seed=0 convention=gaussian,NUTS reference,B,1.1190956268923966,3.083615156005614
n_obs=1000 seed=0 convention=gaussian,NUTS reference,B,1.12212401840555,2.999910142330447
n_obs=1000 seed=0 convention=gaussian,NUTS reference,B,1.1251524099187036,2.920109941489385
n_obs=1000 seed=0 convention=gaussian,NUTS reference,B,1.1281808014318573,2.8434504249778194
n_obs=1000 seed=0 convention=gaussian,NUTS reference,B,1.1312091929450108,2.7685553862904846
n_obs=1000 seed=0 convention=gaussian,NUTS reference,B,1.1342375844581642,2.693880060140125
n_obs=1000 seed=0 convention=gaussian,NUTS reference,B,1.1372659759713177,2.6181729041890085
n_obs=1000 seed=0 convention=gaussian,NUTS reference,B,1.1402943674844712,2.5408072973382483
n_obs=1000 seed=0 convention=gaussian,NUTS reference,B,1.1433227589976247,2.4618809113723645
n_obs=1000 seed=0 convention=gaussian,NUTS reference,B,1.1463511505107784,2.3820656892740764
n_obs=1000 seed=0 convention=gaussian,NUTS reference,B,1.1493795420239319,2.3022807349083267
n_obs=1000 seed=0 convention=gaussian,NUTS reference,B,1.1524079335370854,2.223318076307654
n_obs=1000 seed=0 convention=gaussian,NUTS reference,B,1.155436325050239,2.1455564209965274
n_obs=1000 seed=0 convention=gaussian,NUTS reference,B,1.1584647165633926,2.068853093865187
n_obs=1000 seed=0 convention=gaussian,NUTS reference,B,1.161493108076546,1.9926317909854538
n_obs=1000 seed=0 convention=gaussian,NUTS reference,B,1.1645214995896995,1.9161143332517028
n_obs=1000 seed=0 convention=gaussian,NUTS reference,B,1.167549891102853,1.8386034259421464
n_obs=1000 seed=0 convention=gaussian,NUTS reference,B,1.1705782826160067,1.7597207550437441
n_obs=1000 seed=0 convention=gaussian,NUTS reference,B,1.1736066741291602,1.6795344560101466
n_obs=1000 seed=0 convention=gaussian,NUTS reference,B,1.1766350656423137,1.598555278201692
n_obs=1000 seed=0 convention=gaussian,NUTS reference,B,1.1796634571554674,1.5176230119106853
n_obs=1000 seed=0 convention=gaussian,NUTS reference,B,1.1826918486686209,1.4377309726930507
n_obs=1000 seed=0 convention=gaussian,NUTS reference,B,1.1857202401817744,1.3598424956259063
n_obs=1000 seed=0 convention=gaussian,NUTS reference,B,1.1887486316949278,1.2847431557236744
n_obs=1000 seed=0 convention=gaussian,NUTS reference,B,1.1917770232080813,1.2129534262073067
n_obs=1000 seed=0 convention=gaussian,NUTS reference,B,1.194805414721235,1.1447064122251058
n_obs=1000 seed=0 convention=gaussian,NUTS reference,B,1.1978338062343885,1.0799796249015545
n_obs=1000 seed=0 convention=gaussian,NUTS reference,B,1.200862197747542,1.018561219011331
n_obs=1000 seed=0 convention=gaussian,NUTS reference,B,1.2038905892606957,0.9601301032634545
n_obs=1000 seed=0 convention=gaussian,NUTS reference,B,1.2069189807738492,0.9043343173608767
n_obs=1000 seed=0 convention=gaussian,NUTS reference,B,1.2099473722870027,0.8508598619091794
n_obs=1000 seed=0 convention=gaussian,NUTS reference,B,1.2129757638001561,0.7994885959544275
n_obs=1000 seed=0 convention=gaussian,NUTS reference,B,1.2160041553133096,0.7501453422869405
n_obs=1000 seed=0 convention=gaussian,NUTS reference,B,1.2190325468264631,0.7029301385920536
n_obs=1000 seed=0 convention=gaussian,NUTS reference,B,1.2220609383396168,0.6581247237821072
n_obs=1000 seed=0 convention=gaussian,NUTS reference,B,1.2250893298527703,0.6161588039983968
n_obs=1000 seed=0 convention=gaussian,NUTS reference,B,1.228117721365924,0.577526927189398
n_obs=1000 seed=0 convention=gaussian,NUTS reference,B,1.2311461128790775,0.5426621268480436
n_obs=1000 seed=0 convention=gaussian,NUTS reference,B,1.234174504392231,0.5117928138933778
n_obs=1000 seed=0 convention=gaussian,NUTS reference,B,1.2372028959053845,0.4848249726872271
n_obs=1000 seed=0 convention=gaussian,NUTS reference,B,1.240231287418538,0.4612929384994729
n_obs=1000 seed=0 convention=gaussian,NUTS reference,B,1.2432596789316914,0.4404049007607187
n_obs=1000 seed=0 convention=gaussian,NUTS reference,B,1.2462880704448451,0.4211784917773373
n_obs=1000 seed=0 convention=gaussian,NUTS reference,B,1.2493164619579986,0.40262945801823385
n_obs=1000 seed=0 convention=gaussian,NUTS reference,B,1.252344853471152,0.3839565205955001
n_obs=1000 seed=0 convention=gaussian,NUTS reference,B,1.2553732449843058,0.36466729853652535
n_obs=1000 seed=0 convention=gaussian,NUTS reference,B,1.2584016364974593,0.3446131789619706
n_obs=1000 seed=0 convention=gaussian,NUTS reference,B,1.2614300280106128,0.3239352170840407
n_obs=1000 seed=0 convention=gaussian,NUTS reference,B,1.2644584195237663,0.30295365141743685
n_obs=1000 seed=0 convention=gaussian,NUTS reference,B,1.2674868110369197,0.2820479235242083
n_obs=1000 seed=0 convention=gaussian,NUTS reference,B,1.2705152025500732,0.2615678997273877
n_obs=1000 seed=0 convention=gaussian,NUTS reference,B,1.273543594063227,0.24179563389066547
n_obs=1000 seed=0 convention=gaussian,NUTS reference,B,1.2765719855763804,0.22295194786730269
n_obs=1000 seed=0 convention=gaussian,NUTS reference,B,1.2796003770895341,0.20522475015742864
n_obs=1000 seed=0 convention=gaussian,NUTS reference,B,1.2826287686026876,0.18879238199428833
n_obs=1000 seed=0 convention=gaussian,NUTS reference,B,1.285657160115841,0.17382417491394128
n_obs=1000 seed=0 convention=gaussian,NUTS reference,B,1.2886855516289946,0.16045543531253179
n_obs=1000 seed=0 convention=gaussian,NUTS reference,B,1.291713943142148,0.1487476858397546
n_obs=1000 seed=0 convention=gaussian,NUTS reference,B,1.2947423346553015,0.13865197555377107
n_obs=1000 seed=0 convention=gaussian,NUTS reference,B,1.2977707261684552,0.1299919769358666
n_obs=1000 seed=0 convention=gaussian,NUTS reference,B,1.3007991176816087,0.1224761783739008
n_obs=1000 seed=0 convention=gaussian,NUTS reference,B,1.3038275091947624,0.1157382292984779
n_obs=1000 seed=0 convention=gaussian,NUTS reference,B,1.306855900707916,0.10939517483959321
n_obs=1000 seed=0 convention=gaussian,NUTS reference,B,1.3098842922210694,0.10310798289522483
n_obs=1000 seed=0 convention=gaussian,BSL,B,0.7072343811035156,6.506935329653436e-20
n_obs=1000 seed=0 convention=gaussian,BSL,B,0.710262772616669,5.42484237528561e-19
n_obs=1000 seed=0 convention=gaussian,BSL,B,0.7132911641298226,4.268700912878057e-18
n_obs=1000 seed=0 convention=gaussian,BSL,B,0.7163195556429761,3.170377977459825e-17
n_obs=1000 seed=0 convention=gaussian,BSL,B,0.7193479471561297,2.2225043835412444e-16
n_obs=1000 seed=0 convention=gaussian,BSL,B,0.7223763386692832,1.470621718308566e-15
n_obs=1000 seed=0 convention=gaussian,BSL,B,0.7254047301824368,9.185391977437615e-15
n_obs=1000 seed=0 convention=gaussian,BSL,B,0.7284331216955903,5.415589100448606e-14
n_obs=1000 seed=0 convention=gaussian,BSL,B,0.7314615132087439,3.014112990917401e-13
n_obs=1000 seed=0 convention=gaussian,BSL,B,0.7344899047218973,1.5836370141305943e-12
n_obs=1000 seed=0 convention=gaussian,BSL,B,0.7375182962350509,7.855122706850142e-12
n_obs=1000 seed=0 convention=gaussian,BSL,B,0.7405466877482044,3.678523426904677e-11
n_obs=1000 seed=0 convention=gaussian,BSL,B,0.743575079261358,1.6264595017352882e-10
n_obs=1000 seed=0 convention=gaussian,BSL,B,0.7466034707745115,6.790366350171382e-10
n_obs=1000 seed=0 convention=gaussian,BSL,B,0.7496318622876651,2.677078313249567e-09
n_obs=1000 seed=0 convention=gaussian,BSL,B,0.7526602538008186,9.967661696501913e-09
n_obs=1000 seed=0 convention=gaussian,BSL,B,0.7556886453139722,3.5054825458376636e-08
n_obs=1000 seed=0 convention=gaussian,BSL,B,0.7587170368271257,1.1646566394366976e-07
n_obs=1000 seed=0 convention=gaussian,BSL,B,0.7617454283402793,3.6562612821390304e-07
n_obs=1000 seed=0 convention=gaussian,BSL,B,0.7647738198534327,1.0848920251639298e-06
n_obs=1000 seed=0 convention=gaussian,BSL,B,0.7678022113665863,3.0437053006989474e-06
n_obs=1000 seed=0 convention=gaussian,BSL,B,0.7708306028797398,8.077743474960315e-06
n_obs=1000 seed=0 convention=gaussian,BSL,B,0.7738589943928934,2.029160200506027e-05
n_obs=1000 seed=0 convention=gaussian,BSL,B,0.7768873859060469,4.828705983676319e-05
n_obs=1000 seed=0 convention=gaussian,BSL,B,0.7799157774192005,0.00010896515518148309
n_obs=1000 seed=0 convention=gaussian,BSL,B,0.782944168932354,0.00023349244165948074
n_obs=1000 seed=0 convention=gaussian,BSL,B,0.7859725604455075,0.0004759174381802787
n_obs=1000 seed=0 convention=gaussian,BSL,B,0.789000951958661,0.0009246840194497918
n_obs=1000 seed=0 convention=gaussian,BSL,B,0.7920293434718146,0.0017170564224168803
n_obs=1000 seed=0 convention=gaussian,BSL,B,0.7950577349849681,0.0030564615078212108
n_obs=1000 seed=0 convention=gaussian,BSL,B,0.7980861264981216,0.0052329942236617084
n_obs=1000 seed=0 convention=gaussian,BSL,B,0.8011145180112752,0.008647257710951465
n_obs=1000 seed=0 convention=gaussian,BSL,B,0.8041429095244287,0.013835994416496314
n_obs=1000 seed=0 convention=gaussian,BSL,B,0.8071713010375823,0.02149313781884536
n_obs=1000 seed=0 convention=gaussian,BSL,B,0.8101996925507358,0.032471997174476235
n_obs=1000 seed=0 convention=gaussian,BSL,B,0.8132280840638894,0.04774668037423269
n_obs=1000 seed=0 convention=gaussian,BSL,B,0.8162564755770428,0.06831058440227998
n_obs=1000 seed=0 convention=gaussian,BSL,B,0.8192848670901964,0.09500424211798524
n_obs=1000 seed=0 convention=gaussian,BSL,B,0.8223132586033499,0.12829544607073554
n_obs=1000 seed=0 convention=gaussian,BSL,B,0.8253416501165035,0.16807130815241236
n_obs=1000 seed=0 convention=gaussian,BSL,B,0.828370041629657,0.21352420811569156
n_obs=1000 seed=0 convention=gaussian,BSL,B,0.8313984331428106,0.2632008065518481
n_obs=1000 seed=0 convention=gaussian,BSL,B,0.8344268246559641,0.3152300611976456
n_obs=1000 seed=0 convention=gaussian,BSL,B,0.8374552161691177,0.36767172413626165
n_obs=1000 seed=0 convention=gaussian,BSL,B,0.8404836076822711,0.4188687539803689
n_obs=1000 seed=0 convention=gaussian,BSL,B,0.8435119991954247,0.4676802741267484
n_obs=1000 seed=0 convention=gaussian,BSL,B,0.8465403907085782,0.5135248981307914
n_obs=1000 seed=0 convention=gaussian,BSL,B,0.8495687822217317,0.556251749125688
n_obs=1000 seed=0 convention=gaussian,BSL,B,0.8525971737348853,0.5959322734733739
n_obs=1000 seed=0 convention=gaussian,BSL,B,0.8556255652480389,0.6326913129743797
n_obs=1000 seed=0 convention=gaussian,BSL,B,0.8586539567611924,0.6666620650411591
n_obs=1000 seed=0 convention=gaussian,BSL,B,0.8616823482743459,0.69808012971668
n_obs=1000 seed=0 convention=gaussian,BSL,B,0.8647107397874995,0.7274653593102712
n_obs=1000 seed=0 convention=gaussian,BSL,B,0.867739131300653,0.7558063410061059
n_obs=1000 seed=0 convention=gaussian,BSL,B,0.8707675228138065,0.7846675762779338
n_obs=1000 seed=0 convention=gaussian,BSL,B,0.87379591432696,0.8161696120453066
n_obs=1000 seed=0 convention=gaussian,BSL,B,0.8768243058401136,0.8528268872429756
n_obs=1000 seed=0 convention=gaussian,BSL,B,0.8798526973532672,0.8972543620059024
n_obs=1000 seed=0 convention=gaussian,BSL,B,0.8828810888664207,0.9517732767787426
n_obs=1000 seed=0 convention=gaussian,BSL,B,0.8859094803795742,1.0179678204815235
n_obs=1000 seed=0 convention=gaussian,BSL,B,0.8889378718927278,1.0962731179514842
n_obs=1000 seed=0 convention=gaussian,BSL,B,0.8919662634058813,1.1857019684657815
n_obs=1000 seed=0 convention=gaussian,BSL,B,0.8949946549190348,1.283821227616524
n_obs=1000 seed=0 convention=gaussian,BSL,B,0.8980230464321883,1.3870469224268474
n_obs=1000 seed=0 convention=gaussian,BSL,B,0.9010514379453419,1.4912377921562046
n_obs=1000 seed=0 convention=gaussian,BSL,B,0.9040798294584954,1.5924578902222708
n_obs=1000 seed=0 convention=gaussian,BSL,B,0.907108220971649,1.6876994827032568
n_obs=1000 seed=0 convention=gaussian,BSL,B,0.9101366124848025,1.7753515440667802
n_obs=1000 seed=0 convention=gaussian,BSL,B,0.9131650039979561,1.85527718738874
n_obs=1000 seed=0 convention=gaussian,BSL,B,0.9161933955111096,1.9284943292400516
n_obs=1000 seed=0 convention=gaussian,BSL,B,0.9192217870242632,1.9965830217475349
n_obs=1000 seed=0 convention=gaussian,BSL,B,0.9222501785374166,2.0610220060346074
n_obs=1000 seed=0 convention=gaussian,BSL,B,0.9252785700505701,2.1226653901293058
n_obs=1000 seed=0 convention=gaussian,BSL,B,0.9283069615637237,2.18151500936684
n_obs=1000 seed=0 convention=gaussian,BSL,B,0.9313353530768773,2.2368473984013217
n_obs=1000 seed=0 convention=gaussian,BSL,B,0.9343637445900308,2.2876436803302935
n_obs=1000 seed=0 convention=gaussian,BSL,B,0.9373921361031843,2.3331756764266443
n_obs=1000 seed=0 convention=gaussian,BSL,B,0.9404205276163379,2.3735520678421747
n_obs=1000 seed=0 convention=gaussian,BSL,B,0.9434489191294915,2.4100446448620976
n_obs=1000 seed=0 convention=gaussian,BSL,B,0.946477310642645,2.445092596979866
n_obs=1000 seed=0 convention=gaussian,BSL,B,0.9495057021557984,2.4819901424680313
n_obs=1000 seed=0 convention=gaussian,BSL,B,0.952534093668952,2.524354205214256
n_obs=1000 seed=0 convention=gaussian,BSL,B,0.9555624851821056,2.5755121319840164
n_obs=1000 seed=0 convention=gaussian,BSL,B,0.9585908766952591,2.6379422130057746
n_obs=1000 seed=0 convention=gaussian,BSL,B,0.9616192682084126,2.712863150476421
n_obs=1000 seed=0 convention=gaussian,BSL,B,0.9646476597215662,2.8000257452787296
n_obs=1000 seed=0 convention=gaussian,BSL,B,0.9676760512347198,2.897720483796397
n_obs=1000 seed=0 convention=gaussian,BSL,B,0.9707044427478733,3.0029778471971484
n_obs=1000 seed=0 convention=gaussian,BSL,B,0.9737328342610267,3.1119078678779575
n_obs=1000 seed=0 convention=gaussian,BSL,B,0.9767612257741803,3.2201154333281727
n_obs=1000 seed=0 convention=gaussian,BSL,B,0.9797896172873338,3.3231486965729315
n_obs=1000 seed=0 convention=gaussian,BSL,B,0.9828180088004874,3.4169784111770602
n_obs=1000 seed=0 convention=gaussian,BSL,B,0.9858464003136409,3.4985308535721478
n_obs=1000 seed=0 convention=gaussian,BSL,B,0.9888747918267944,3.5662704001619345
n_obs=1000 seed=0 convention=gaussian,BSL,B,0.991903183339948,3.6207457480730714
n_obs=1000 seed=0 convention=gaussian,BSL,B,0.9949315748531016,3.664917721823117
n_obs=1000 seed=0 convention=gaussian,BSL,B,0.9979599663662551,3.7040443927048172
n_obs=1000 seed=0 convention=gaussian,BSL,B,1.0009883578794085,3.744963918375031
n_obs=1000 seed=0 convention=gaussian,BSL,B,1.0040167493925622,3.794789782604041
n_obs=1000 seed=0 convention=gaussian,BSL,B,1.0070451409057157,3.8592608842413214
n_obs=1000 seed=0 convention=gaussian,BSL,B,1.0100735324188692,3.941177313673947
n_obs=1000 seed=0 convention=gaussian,BSL,B,1.0131019239320227,4.039411637230177
n_obs=1000 seed=0 convention=gaussian,BSL,B,1.0161303154451762,4.148867475919244
n_obs=1000 seed=0 convention=gaussian,BSL,B,1.0191587069583299,4.2614819915582896
n_obs=1000 seed=0 convention=gaussian,BSL,B,1.0221870984714834,4.3680249313063255
n_obs=1000 seed=0 convention=gaussian,BSL,B,1.0252154899846369,4.460163564295359
n_obs=1000 seed=0 convention=gaussian,BSL,B,1.0282438814977906,4.5321598649399535
n_obs=1000 seed=0 convention=gaussian,BSL,B,1.031272273010944,4.58169774570719
n_obs=1000 seed=0 convention=gaussian,BSL,B,1.0343006645240975,4.609659567803461
n_obs=1000 seed=0 convention=gaussian,BSL,B,1.037329056037251,4.619052158363544
n_obs=1000 seed=0 convention=gaussian,BSL,B,1.0403574475504045,4.613564650676453
n_obs=1000 seed=0 convention=gaussian,BSL,B,1.0433858390635582,4.596312144019093
n_obs=1000 seed=0 convention=gaussian,BSL,B,1.0464142305767117,4.5691673020213806
n_obs=1000 seed=0 convention=gaussian,BSL,B,1.0494426220898652,4.532791810366659
n_obs=1000 seed=0 convention=gaussian,BSL,B,1.0524710136030189,4.4871868829897
n_obs=1000 seed=0 convention=gaussian,BSL,B,1.0554994051161724,4.432407354123358
n_obs=1000 seed=0 convention=gaussian,BSL,B,1.0585277966293258,4.369083717662609
n_obs=1000 seed=0 convention=gaussian,BSL,B,1.0615561881424793,4.298548844956519
n_obs=1000 seed=0 convention=gaussian,BSL,B,1.0645845796556328,4.222588888224796
n_obs=1000 seed=0 convention=gaussian,BSL,B,1.0676129711687863,4.143025561605368
n_obs=1000 seed=0 convention=gaussian,BSL,B,1.07064136268194,4.061403154434697
n_obs=1000 seed=0 convention=gaussian,BSL,B,1.0736697541950935,3.978967833837748
n_obs=1000 seed=0 convention=gaussian,BSL,B,1.076698145708247,3.8969329402733033
n_obs=1000 seed=0 convention=gaussian,BSL,B,1.0797265372214007,3.8168264594281607
n_obs=1000 seed=0 convention=gaussian,BSL,B,1.0827549287345541,3.740631523910779
n_obs=1000 seed=0 convention=gaussian,BSL,B,1.0857833202477076,3.6705197412853985
n_obs=1000 seed=0 convention=gaussian,BSL,B,1.0888117117608611,3.6082044506542292
n_obs=1000 seed=0 convention=gaussian,BSL,B,1.0918401032740146,3.5541829852365328
n_obs=1000 seed=0 convention=gaussian,BSL,B,1.0948684947871683,3.5072496417795196
n_obs=1000 seed=0 convention=gaussian,BSL,B,1.0978968863003218,3.464567753940286
n_obs=1000 seed=0 convention=gaussian,BSL,B,1.1009252778134753,3.422332550827637
n_obs=1000 seed=0 convention=gaussian,BSL,B,1.103953669326629,3.3767761680968595
n_obs=1000 seed=0 convention=gaussian,BSL,B,1.1069820608397825,3.325115108074303
n_obs=1000 seed=0 convention=gaussian,BSL,B,1.110010452352936,3.266092341131674
n_obs=1000 seed=0 convention=gaussian,BSL,B,1.1130388438660894,3.199976294023575
n_obs=1000 seed=0 convention=gaussian,BSL,B,1.116067235379243,3.1281204884543463
n_obs=1000 seed=0 convention=gaussian,BSL,B,1.1190956268923966,3.052335318084447
n_obs=1000 seed=0 convention=gaussian,BSL,B,1.12212401840555,2.974325256171845
n_obs=1000 seed=0 convention=gaussian,BSL,B,1.1251524099187036,2.8953376626929304
n_obs=1000 seed=0 convention=gaussian,BSL,B,1.1281808014318573,2.8160385514425146
n_obs=1000 seed=0 convention=gaussian,BSL,B,1.1312091929450108,2.7365483770212093
n_obs=1000 seed=0 convention=gaussian,BSL,B,1.1342375844581642,2.656557816941283
n_obs=1000 seed=0 convention=gaussian,BSL,B,1.1372659759713177,2.5754729492015858
n_obs=1000 seed=0 convention=gaussian,BSL,B,1.1402943674844712,2.492570582390116
n_obs=1000 seed=0 convention=gaussian,BSL,B,1.1433227589976247,2.407155772539229
n_obs=1000 seed=0 convention=gaussian,BSL,B,1.1463511505107784,2.318709616555686
n_obs=1000 seed=0 convention=gaussian,BSL,B,1.1493795420239319,2.227012438143416
n_obs=1000 seed=0 convention=gaussian,BSL,B,1.1524079335370854,2.1322329533273314
n_obs=1000 seed=0 convention=gaussian,BSL,B,1.155436325050239,2.034981205811843
n_obs=1000 seed=0 convention=gaussian,BSL,B,1.1584647165633926,1.936322254731685
n_obs=1000 seed=0 convention=gaussian,BSL,B,1.161493108076546,1.837739281989309
n_obs=1000 seed=0 convention=gaussian,BSL,B,1.1645214995896995,1.7410302975369416
n_obs=1000 seed=0 convention=gaussian,BSL,B,1.167549891102853,1.6481320452549217
n_obs=1000 seed=0 convention=gaussian,BSL,B,1.1705782826160067,1.560885801185489
n_obs=1000 seed=0 convention=gaussian,BSL,B,1.1736066741291602,1.4807798049745702
n_obs=1000 seed=0 convention=gaussian,BSL,B,1.1766350656423137,1.4087114212757978
n_obs=1000 seed=0 convention=gaussian,BSL,B,1.1796634571554674,1.344809754604095
n_obs=1000 seed=0 convention=gaussian,BSL,B,1.1826918486686209,1.2883553969401307
n_obs=1000 seed=0 convention=gaussian,BSL,B,1.1857202401817744,1.2378326198379013
n_obs=1000 seed=0 convention=gaussian,BSL,B,1.1887486316949278,1.1911419631390503
n_obs=1000 seed=0 convention=gaussian,BSL,B,1.1917770232080813,1.1459723310718715
n_obs=1000 seed=0 convention=gaussian,BSL,B,1.194805414721235,1.1002760849377669
n_obs=1000 seed=0 convention=gaussian,BSL,B,1.1978338062343885,1.0527263270930534
n_obs=1000 seed=0 convention=gaussian,BSL,B,1.200862197747542,1.0030002642595524
n_obs=1000 seed=0 convention=gaussian,BSL,B,1.2038905892606957,0.9517616946963996
n_obs=1000 seed=0 convention=gaussian,BSL,B,1.2069189807738492,0.9003160387838454
n_obs=1000 seed=0 convention=gaussian,BSL,B,1.2099473722870027,0.8500480216117806
n_obs=1000 seed=0 convention=gaussian,BSL,B,1.2129757638001561,0.8018605798623091
n_obs=1000 seed=0 convention=gaussian,BSL,B,1.2160041553133096,0.7558528135839129
n_obs=1000 seed=0 convention=gaussian,BSL,B,1.2190325468264631,0.7113836631483417
n_obs=1000 seed=0 convention=gaussian,BSL,B,1.2220609383396168,0.6675020606806876
n_obs=1000 seed=0 convention=gaussian,BSL,B,1.2250893298527703,0.6235608694481318
n_obs=1000 seed=0 convention=gaussian,BSL,B,1.228117721365924,0.5797494126517759
n_obs=1000 seed=0 convention=gaussian,BSL,B,1.2311461128790775,0.5373149788775748
n_obs=1000 seed=0 convention=gaussian,BSL,B,1.234174504392231,0.49837499373367194
n_obs=1000 seed=0 convention=gaussian,BSL,B,1.2372028959053845,0.46538288078329293
n_obs=1000 seed=0 convention=gaussian,BSL,B,1.240231287418538,0.4404314365724435
n_obs=1000 seed=0 convention=gaussian,BSL,B,1.2432596789316914,0.42461737295139246
n_obs=1000 seed=0 convention=gaussian,BSL,B,1.2462880704448451,0.4176509982087977
n_obs=1000 seed=0 convention=gaussian,BSL,B,1.2493164619579986,0.41780658649979513
n_obs=1000 seed=0 convention=gaussian,BSL,B,1.252344853471152,0.42220940462077083
n_obs=1000 seed=0 convention=gaussian,BSL,B,1.2553732449843058,0.4273727493058745
n_obs=1000 seed=0 convention=gaussian,BSL,B,1.2584016364974593,0.4298473652740451
n_obs=1000 seed=0 convention=gaussian,BSL,B,1.2614300280106128,0.4268311266945322
n_obs=1000 seed=0 convention=gaussian,BSL,B,1.2644584195237663,0.41660770626782495
n_obs=1000 seed=0 convention=gaussian,BSL,B,1.2674868110369197,0.3987326023849186
n_obs=1000 seed=0 convention=gaussian,BSL,B,1.2705152025500732,0.3739508942679116
n_obs=1000 seed=0 convention=gaussian,BSL,B,1.273543594063227,0.3438963919464564
n_obs=1000 seed=0 convention=gaussian,BSL,B,1.2765719855763804,0.3106689887434646
n_obs=1000 seed=0 convention=gaussian,BSL,B,1.2796003770895341,0.2764037505480594
n_obs=1000 seed=0 convention=gaussian,BSL,B,1.2826287686026876,0.24292903198359084
n_obs=1000 seed=0 convention=gaussian,BSL,B,1.285657160115841,0.21157008984828413
n_obs=1000 seed=0 convention=gaussian,BSL,B,1.2886855516289946,0.18310547807616104
n_obs=1000 seed=0 convention=gaussian,BSL,B,1.291713943142148,0.15784318743794698
n_obs=1000 seed=0 convention=gaussian,BSL,B,1.2947423346553015,0.13576293864517355
n_obs=1000 seed=0 convention=gaussian,BSL,B,1.2977707261684552,0.11667108776615272
n_obs=1000 seed=0 convention=gaussian,BSL,B,1.3007991176816087,0.10032816019870539
n_obs=1000 seed=0 convention=gaussian,BSL,B,1.3038275091947624,0.08652712385728904
n_obs=1000 seed=0 convention=gaussian,BSL,B,1.306855900707916,0.0751174802794487
n_obs=1000 seed=0 convention=gaussian,BSL,B,1.3098842922210694,0.06598444730659771
n_obs=1000 seed=0 convention=gaussian,Gaussian-NPE (z-score),B,0.7072343811035156,0.09639337205576162
n_obs=1000 seed=0 convention=gaussian,Gaussian-NPE (z-score),B,0.710262772616669,0.10750792897627313
n_obs=1000 seed=0 convention=gaussian,Gaussian-NPE (z-score),B,0.7132911641298226,0.1198824820085537
n_obs=1000 seed=0 convention=gaussian,Gaussian-NPE (z-score),B,0.7163195556429761,0.13359880615166736
n_obs=1000 seed=0 convention=gaussian,Gaussian-NPE (z-score),B,0.7193479471561297,0.1487370215147311
n_obs=1000 seed=0 convention=gaussian,Gaussian-NPE (z-score),B,0.7223763386692832,0.16537919365118187
n_obs=1000 seed=0 convention=gaussian,Gaussian-NPE (z-score),B,0.7254047301824368,0.18361047989035206
n_obs=1000 seed=0 convention=gaussian,Gaussian-NPE (z-score),B,0.7284331216955903,0.20351602156218956
n_obs=1000 seed=0 convention=gaussian,Gaussian-NPE (z-score),B,0.7314615132087439,0.22517277501545163
n_obs=1000 seed=0 convention=gaussian,Gaussian-NPE (z-score),B,0.7344899047218973,0.24863689596396557
n_obs=1000 seed=0 convention=gaussian,Gaussian-NPE (z-score),B,0.7375182962350509,0.2739287826892352
n_obs=1000 seed=0 convention=gaussian,Gaussian-NPE (z-score),B,0.7405466877482044,0.301019047863367
n_obs=1000 seed=0 convention=gaussian,Gaussian-NPE (z-score),B,0.743575079261358,0.3298192029026803
n_obs=1000 seed=0 convention=gaussian,Gaussian-NPE (z-score),B,0.7466034707745115,0.3601805261434159
n_obs=1000 seed=0 convention=gaussian,Gaussian-NPE (z-score),B,0.7496318622876651,0.39190343949720885
n_obs=1000 seed=0 convention=gaussian,Gaussian-NPE (z-score),B,0.7526602538008186,0.4247578844085751
n_obs=1000 seed=0 convention=gaussian,Gaussian-NPE (z-score),B,0.7556886453139722,0.45851294127291065
n_obs=1000 seed=0 convention=gaussian,Gaussian-NPE (z-score),B,0.7587170368271257,0.4929716587622373
n_obs=1000 seed=0 convention=gaussian,Gaussian-NPE (z-score),B,0.7617454283402793,0.5280052182218707
n_obs=1000 seed=0 convention=gaussian,Gaussian-NPE (z-score),B,0.7647738198534327,0.5635796546804888
n_obs=1000 seed=0 convention=gaussian,Gaussian-NPE (z-score),B,0.7678022113665863,0.5997688180299245
n_obs=1000 seed=0 convention=gaussian,Gaussian-NPE (z-score),B,0.7708306028797398,0.6367492857942985
n_obs=1000 seed=0 convention=gaussian,Gaussian-NPE (z-score),B,0.7738589943928934,0.6747763552044639
n_obs=1000 seed=0 convention=gaussian,Gaussian-NPE (z-score),B,0.7768873859060469,0.7141444257975048
n_obs=1000 seed=0 convention=gaussian,Gaussian-NPE (z-score),B,0.7799157774192005,0.7551390522292001
n_obs=1000 seed=0 convention=gaussian,Gaussian-NPE (z-score),B,0.782944168932354,0.7979905982477626
n_obs=1000 seed=0 convention=gaussian,Gaussian-NPE (z-score),B,0.7859725604455075,0.8428398699165827
n_obs=1000 seed=0 convention=gaussian,Gaussian-NPE (z-score),B,0.789000951958661,0.8897239891202612
n_obs=1000 seed=0 convention=gaussian,Gaussian-NPE (z-score),B,0.7920293434718146,0.9385864203753018
n_obs=1000 seed=0 convention=gaussian,Gaussian-NPE (z-score),B,0.7950577349849681,0.9893094618319604
n_obs=1000 seed=0 convention=gaussian,Gaussian-NPE (z-score),B,0.7980861264981216,1.0417620204016733
n_obs=1000 seed=0 convention=gaussian,Gaussian-NPE (z-score),B,0.8011145180112752,1.095851490455789
n_obs=1000 seed=0 convention=gaussian,Gaussian-NPE (z-score),B,0.8041429095244287,1.1515670678680838
n_obs=1000 seed=0 convention=gaussian,Gaussian-NPE (z-score),B,0.8071713010375823,1.2090032646127242
n_obs=1000 seed=0 convention=gaussian,Gaussian-NPE (z-score),B,0.8101996925507358,1.2683564550993007
n_obs=1000 seed=0 convention=gaussian,Gaussian-NPE (z-score),B,0.8132280840638894,1.3298930903675417
n_obs=1000 seed=0 convention=gaussian,Gaussian-NPE (z-score),B,0.8162564755770428,1.3938944829704925
n_obs=1000 seed=0 convention=gaussian,Gaussian-NPE (z-score),B,0.8192848670901964,1.460588419005708
n_obs=1000 seed=0 convention=gaussian,Gaussian-NPE (z-score),B,0.8223132586033499,1.5300811108800336
n_obs=1000 seed=0 convention=gaussian,Gaussian-NPE (z-score),B,0.8253416501165035,1.6023034168859227
n_obs=1000 seed=0 convention=gaussian,Gaussian-NPE (z-score),B,0.828370041629657,1.6769826713778975
n_obs=1000 seed=0 convention=gaussian,Gaussian-NPE (z-score),B,0.8313984331428106,1.7536463931578743
n_obs=1000 seed=0 convention=gaussian,Gaussian-NPE (z-score),B,0.8344268246559641,1.8316576445665067
n_obs=1000 seed=0 convention=gaussian,Gaussian-NPE (z-score),B,0.8374552161691177,1.9102753382977813
n_obs=1000 seed=0 convention=gaussian,Gaussian-NPE (z-score),B,0.8404836076822711,1.9887278175652685
n_obs=1000 seed=0 convention=gaussian,Gaussian-NPE (z-score),B,0.8435119991954247,2.0662857366306473
n_obs=1000 seed=0 convention=gaussian,Gaussian-NPE (z-score),B,0.8465403907085782,2.1423211829347752
n_obs=1000 seed=0 convention=gaussian,Gaussian-NPE (z-score),B,0.8495687822217317,2.2163438539716176
n_obs=1000 seed=0 convention=gaussian,Gaussian-NPE (z-score),B,0.8525971737348853,2.2880109268012947
n_obs=1000 seed=0 convention=gaussian,Gaussian-NPE (z-score),B,0.8556255652480389,2.3571135424489507
n_obs=1000 seed=0 convention=gaussian,Gaussian-NPE (z-score),B,0.8586539567611924,2.4235479959674118
n_obs=1000 seed=0 convention=gaussian,Gaussian-NPE (z-score),B,0.8616823482743459,2.4872825445268574
n_obs=1000 seed=0 convention=gaussian,Gaussian-NPE (z-score),B,0.8647107397874995,2.548330645540442
n_obs=1000 seed=0 convention=gaussian,Gaussian-NPE (z-score),B,0.867739131300653,2.6067386009799014
n_obs=1000 seed=0 convention=gaussian,Gaussian-NPE (z-score),B,0.8707675228138065,2.662590845485255
n_obs=1000 seed=0 convention=gaussian,Gaussian-NPE (z-score),B,0.87379591432696,2.716030683286449
n_obs=1000 seed=0 convention=gaussian,Gaussian-NPE (z-score),B,0.8768243058401136,2.767289419303727
n_obs=1000 seed=0 convention=gaussian,Gaussian-NPE (z-score),B,0.8798526973532672,2.8167136032534135
n_obs=1000 seed=0 convention=gaussian,Gaussian-NPE (z-score),B,0.8828810888664207,2.864779202129149
n_obs=1000 seed=0 convention=gaussian,Gaussian-NPE (z-score),B,0.8859094803795742,2.9120831853935547
n_obs=1000 seed=0 convention=gaussian,Gaussian-NPE (z-score),B,0.8889378718927278,2.9593070405291817
n_obs=1000 seed=0 convention=gaussian,Gaussian-NPE (z-score),B,0.8919662634058813,3.007152478230503
n_obs=1000 seed=0 convention=gaussian,Gaussian-NPE (z-score),B,0.8949946549190348,3.0562559796220303
n_obs=1000 seed=0 convention=gaussian,Gaussian-NPE (z-score),B,0.8980230464321883,3.1070945516068047
n_obs=1000 seed=0 convention=gaussian,Gaussian-NPE (z-score),B,0.9010514379453419,3.159898724859333
n_obs=1000 seed=0 convention=gaussian,Gaussian-NPE (z-score),B,0.9040798294584954,3.2145893813078064
n_obs=1000 seed=0 convention=gaussian,Gaussian-NPE (z-score),B,0.907108220971649,3.2707519910162497
n_obs=1000 seed=0 convention=gaussian,Gaussian-NPE (z-score),B,0.9101366124848025,3.3276556643563033
n_obs=1000 seed=0 convention=gaussian,Gaussian-NPE (z-score),B,0.9131650039979561,3.3843162919120195
n_obs=1000 seed=0 convention=gaussian,Gaussian-NPE (z-score),B,0.9161933955111096,3.4395947055064973
n_obs=1000 seed=0 convention=gaussian,Gaussian-NPE (z-score),B,0.9192217870242632,3.492314107367658
n_obs=1000 seed=0 convention=gaussian,Gaussian-NPE (z-score),B,0.9222501785374166,3.5413774719857374
n_obs=1000 seed=0 convention=gaussian,Gaussian-NPE (z-score),B,0.9252785700505701,3.585865993660543
n_obs=1000 seed=0 convention=gaussian,Gaussian-NPE (z-score),B,0.9283069615637237,3.625103820492414
n_obs=1000 seed=0 convention=gaussian,Gaussian-NPE (z-score),B,0.9313353530768773,3.6586813526711537
n_obs=1000 seed=0 convention=gaussian,Gaussian-NPE (z-score),B,0.9343637445900308,3.6864377696569965
n_obs=1000 seed=0 convention=gaussian,Gaussian-NPE (z-score),B,0.9373921361031843,3.708411407023053
n_obs=1000 seed=0 convention=gaussian,Gaussian-NPE (z-score),B,0.9404205276163379,3.7247724552680346
n_obs=1000 seed=0 convention=gaussian,Gaussian-NPE (z-score),B,0.9434489191294915,3.735754980229513
n_obs=1000 seed=0 convention=gaussian,Gaussian-NPE (z-score),B,0.946477310642645,3.7416039739691103
n_obs=1000 seed=0 convention=gaussian,Gaussian-NPE (z-score),B,0.9495057021557984,3.7425483971800357
n_obs=1000 seed=0 convention=gaussian,Gaussian-NPE (z-score),B,0.952534093668952,3.738804119604934
n_obs=1000 seed=0 convention=gaussian,Gaussian-NPE (z-score),B,0.9555624851821056,3.7306029741739004
n_obs=1000 seed=0 convention=gaussian,Gaussian-NPE (z-score),B,0.9585908766952591,3.718237589796432
n_obs=1000 seed=0 convention=gaussian,Gaussian-NPE (z-score),B,0.9616192682084126,3.702107695559747
n_obs=1000 seed=0 convention=gaussian,Gaussian-NPE (z-score),B,0.9646476597215662,3.6827529591795254
n_obs=1000 seed=0 convention=gaussian,Gaussian-NPE (z-score),B,0.9676760512347198,3.660860090966977
n_obs=1000 seed=0 convention=gaussian,Gaussian-NPE (z-score),B,0.9707044427478733,3.637237155019168
n_obs=1000 seed=0 convention=gaussian,Gaussian-NPE (z-score),B,0.9737328342610267,3.612754580130618
n_obs=1000 seed=0 convention=gaussian,Gaussian-NPE (z-score),B,0.9767612257741803,3.58825893955358
n_obs=1000 seed=0 convention=gaussian,Gaussian-NPE (z-score),B,0.9797896172873338,3.5644710324553452
n_obs=1000 seed=0 convention=gaussian,Gaussian-NPE (z-score),B,0.9828180088004874,3.5418833601293676
n_obs=1000 seed=0 convention=gaussian,Gaussian-NPE (z-score),B,0.9858464003136409,3.5206733444354352
n_obs=1000 seed=0 convention=gaussian,Gaussian-NPE (z-score),B,0.9888747918267944,3.500647513459607
n_obs=1000 seed=0 convention=gaussian,Gaussian-NPE (z-score),B,0.991903183339948,3.481228547917413
n_obs=1000 seed=0 convention=gaussian,Gaussian-NPE (z-score),B,0.9949315748531016,3.461491880709602
n_obs=1000 seed=0 convention=gaussian,Gaussian-NPE (z-score),B,0.9979599663662551,3.440251969741678
n_obs=1000 seed=0 convention=gaussian,Gaussian-NPE (z-score),B,1.0009883578794085,3.4161911104115164
n_obs=1000 seed=0 convention=gaussian,Gaussian-NPE (z-score),B,1.0040167493925622,3.3880166298295395
n_obs=1000 seed=0 convention=gaussian,Gaussian-NPE (z-score),B,1.0070451409057157,3.354626608326597
n_obs=1000 seed=0 convention=gaussian,Gaussian-NPE (z-score),B,1.0100735324188692,3.3152610522881307
n_obs=1000 seed=0 convention=gaussian,Gaussian-NPE (z-score),B,1.0131019239320227,3.2696156489016213
n_obs=1000 seed=0 convention=gaussian,Gaussian-NPE (z-score),B,1.0161303154451762,3.2178993358558636
n_obs=1000 seed=0 convention=gaussian,Gaussian-NPE (z-score),B,1.0191587069583299,3.16082465548978
n_obs=1000 seed=0 convention=gaussian,Gaussian-NPE (z-score),B,1.0221870984714834,3.0995301455833064
n_obs=1000 seed=0 convention=gaussian,Gaussian-NPE (z-score),B,1.0252154899846369,3.035445055856961
n_obs=1000 seed=0 convention=gaussian,Gaussian-NPE (z-score),B,1.0282438814977906,2.9701163192741915
n_obs=1000 seed=0 convention=gaussian,Gaussian-NPE (z-score),B,1.031272273010944,2.905023940117561
n_obs=1000 seed=0 convention=gaussian,Gaussian-NPE (z-score),B,1.0343006645240975,2.8414124387373807
n_obs=1000 seed=0 convention=gaussian,Gaussian-NPE (z-score),B,1.037329056037251,2.7801624149677044
n_obs=1000 seed=0 convention=gaussian,Gaussian-NPE (z-score),B,1.0403574475504045,2.721718516587351
n_obs=1000 seed=0 convention=gaussian,Gaussian-NPE (z-score),B,1.0433858390635582,2.666079924761887
n_obs=1000 seed=0 convention=gaussian,Gaussian-NPE (z-score),B,1.0464142305767117,2.6128491385526322
n_obs=1000 seed=0 convention=gaussian,Gaussian-NPE (z-score),B,1.0494426220898652,2.561326425181662
n_obs=1000 seed=0 convention=gaussian,Gaussian-NPE (z-score),B,1.0524710136030189,2.510632167098447
n_obs=1000 seed=0 convention=gaussian,Gaussian-NPE (z-score),B,1.0554994051161724,2.459837876885011
n_obs=1000 seed=0 convention=gaussian,Gaussian-NPE (z-score),B,1.0585277966293258,2.408088367043197
n_obs=1000 seed=0 convention=gaussian,Gaussian-NPE (z-score),B,1.0615561881424793,2.3547014047676273
n_obs=1000 seed=0 convention=gaussian,Gaussian-NPE (z-score),B,1.0645845796556328,2.2992359995427707
n_obs=1000 seed=0 convention=gaussian,Gaussian-NPE (z-score),B,1.0676129711687863,2.2415253598511504
n_obs=1000 seed=0 convention=gaussian,Gaussian-NPE (z-score),B,1.07064136268194,2.1816749941741795
n_obs=1000 seed=0 convention=gaussian,Gaussian-NPE (z-score),B,1.0736697541950935,2.1200302030453777
n_obs=1000 seed=0 convention=gaussian,Gaussian-NPE (z-score),B,1.076698145708247,2.05712020650167
n_obs=1000 seed=0 convention=gaussian,Gaussian-NPE (z-score),B,1.0797265372214007,1.9935882196261938
n_obs=1000 seed=0 convention=gaussian,Gaussian-NPE (z-score),B,1.0827549287345541,1.9301176927954362
n_obs=1000 seed=0 convention=gaussian,Gaussian-NPE (z-score),B,1.0857833202477076,1.8673644598679533
n_obs=1000 seed=0 convention=gaussian,Gaussian-NPE (z-score),B,1.0888117117608611,1.8059026568962957
n_obs=1000 seed=0 convention=gaussian,Gaussian-NPE (z-score),B,1.0918401032740146,1.7461892545960525
n_obs=1000 seed=0 convention=gaussian,Gaussian-NPE (z-score),B,1.0948684947871683,1.6885484559129595
n_obs=1000 seed=0 convention=gaussian,Gaussian-NPE (z-score),B,1.0978968863003218,1.6331737835705729
n_obs=1000 seed=0 convention=gaussian,Gaussian-NPE (z-score),B,1.1009252778134753,1.5801431307168707
n_obs=1000 seed=0 convention=gaussian,Gaussian-NPE (z-score),B,1.103953669326629,1.5294408518532456
n_obs=1000 seed=0 convention=gaussian,Gaussian-NPE (z-score),B,1.1069820608397825,1.4809812530202502
n_obs=1000 seed=0 convention=gaussian,Gaussian-NPE (z-score),B,1.110010452352936,1.4346293370073748
n_obs=1000 seed=0 convention=gaussian,Gaussian-NPE (z-score),B,1.1130388438660894,1.3902168078798414
n_obs=1000 seed=0 convention=gaussian,Gaussian-NPE (z-score),B,1.116067235379243,1.3475534447118773
n_obs=1000 seed=0 convention=gaussian,Gaussian-NPE (z-score),B,1.1190956268923966,1.3064353998200373
n_obs=1000 seed=0 convention=gaussian,Gaussian-NPE (z-score),B,1.12212401840555,1.2666524114779425
n_obs=1000 seed=0 convention=gaussian,Gaussian-NPE (z-score),B,1.1251524099187036,1.2279953700944382
n_obs=1000 seed=0 convention=gaussian,Gaussian-NPE (z-score),B,1.1281808014318573,1.1902645247297972
n_obs=1000 seed=0 convention=gaussian,Gaussian-NPE (z-score),B,1.1312091929450108,1.1532774605056872
n_obs=1000 seed=0 convention=gaussian,Gaussian-NPE (z-score),B,1.1342375844581642,1.116875391152324
n_obs=1000 seed=0 convention=gaussian,Gaussian-NPE (z-score),B,1.1372659759713177,1.0809266085766551
n_obs=1000 seed=0 convention=gaussian,Gaussian-NPE (z-score),B,1.1402943674844712,1.0453270230636813
n_obs=1000 seed=0 convention=gaussian,Gaussian-NPE (z-score),B,1.1433227589976247,1.0099991373539938
n_obs=1000 seed=0 convention=gaussian,Gaussian-NPE (z-score),B,1.1463511505107784,0.9748918456113873
n_obs=1000 seed=0 convention=gaussian,Gaussian-NPE (z-score),B,1.1493795420239319,0.939983532970112
n_obs=1000 seed=0 convention=gaussian,Gaussian-NPE (z-score),B,1.1524079335370854,0.9052898195690615
n_obs=1000 seed=0 convention=gaussian,Gaussian-NPE (z-score),B,1.155436325050239,0.8708751832422815
n_obs=1000 seed=0 convention=gaussian,Gaussian-NPE (z-score),B,1.1584647165633926,0.8368652907742181
n_obs=1000 seed=0 convention=gaussian,Gaussian-NPE (z-score),B,1.161493108076546,0.8034550691286573
n_obs=1000 seed=0 convention=gaussian,Gaussian-NPE (z-score),B,1.1645214995896995,0.7709071454913768
n_obs=1000 seed=0 convention=gaussian,Gaussian-NPE (z-score),B,1.167549891102853,0.7395366550337577
n_obs=1000 seed=0 convention=gaussian,Gaussian-NPE (z-score),B,1.1705782826160067,0.7096813564767795
n_obs=1000 seed=0 convention=gaussian,Gaussian-NPE (z-score),B,1.1736066741291602,0.6816597651666878
n_obs=1000 seed=0 convention=gaussian,Gaussian-NPE (z-score),B,1.1766350656423137,0.6557235549766692
n_obs=1000 seed=0 convention=gaussian,Gaussian-NPE (z-score),B,1.1796634571554674,0.6320127595657797
n_obs=1000 seed=0 convention=gaussian,Gaussian-NPE (z-score),B,1.1826918486686209,0.6105226333699236
n_obs=1000 seed=0 convention=gaussian,Gaussian-NPE (z-score),B,1.1857202401817744,0.5910892761809502
n_obs=1000 seed=0 convention=gaussian,Gaussian-NPE (z-score),B,1.1887486316949278,0.5733977128015024
n_obs=1000 seed=0 convention=gaussian,Gaussian-NPE (z-score),B,1.1917770232080813,0.5570118897690803
n_obs=1000 seed=0 convention=gaussian,Gaussian-NPE (z-score),B,1.194805414721235,0.5414219867535112
n_obs=1000 seed=0 convention=gaussian,Gaussian-NPE (z-score),B,1.1978338062343885,0.5261013976025043
n_obs=1000 seed=0 convention=gaussian,Gaussian-NPE (z-score),B,1.200862197747542,0.5105642595798852
n_obs=1000 seed=0 convention=gaussian,Gaussian-NPE (z-score),B,1.2038905892606957,0.494414666229214
n_obs=1000 seed=0 convention=gaussian,Gaussian-NPE (z-score),B,1.2069189807738492,0.47738051941965226
n_obs=1000 seed=0 convention=gaussian,Gaussian-NPE (z-score),B,1.2099473722870027,0.4593279462110382
n_obs=1000 seed=0 convention=gaussian,Gaussian-NPE (z-score),B,1.2129757638001561,0.4402557662173653
n_obs=1000 seed=0 convention=gaussian,Gaussian-NPE (z-score),B,1.2160041553133096,0.4202730145701301
n_obs=1000 seed=0 convention=gaussian,Gaussian-NPE (z-score),B,1.2190325468264631,0.3995653703718505
n_obs=1000 seed=0 convention=gaussian,Gaussian-NPE (z-score),B,1.2220609383396168,0.3783579579292628
n_obs=1000 seed=0 convention=gaussian,Gaussian-NPE (z-score),B,1.2250893298527703,0.35688202043730227
n_obs=1000 seed=0 convention=gaussian,Gaussian-NPE (z-score),B,1.228117721365924,0.3353513704022754
n_obs=1000 seed=0 convention=gaussian,Gaussian-NPE (z-score),B,1.2311461128790775,0.3139516420039612
n_obs=1000 seed=0 convention=gaussian,Gaussian-NPE (z-score),B,1.234174504392231,0.29284190675709676
n_obs=1000 seed=0 convention=gaussian,Gaussian-NPE (z-score),B,1.2372028959053845,0.27216506088894066
n_obs=1000 seed=0 convention=gaussian,Gaussian-NPE (z-score),B,1.240231287418538,0.2520613916204476
n_obs=1000 seed=0 convention=gaussian,Gaussian-NPE (z-score),B,1.2432596789316914,0.23267940351019256
n_obs=1000 seed=0 convention=gaussian,Gaussian-NPE (z-score),B,1.2462880704448451,0.2141793665924651
n_obs=1000 seed=0 convention=gaussian,Gaussian-NPE (z-score),B,1.2493164619579986,0.19672765903190073
n_obs=1000 seed=0 convention=gaussian,Gaussian-NPE (z-score),B,1.252344853471152,0.18048298992289807
n_obs=1000 seed=0 convention=gaussian,Gaussian-NPE (z-score),B,1.2553732449843058,0.16557809325298561
n_obs=1000 seed=0 convention=gaussian,Gaussian-NPE (z-score),B,1.2584016364974593,0.15210178111768177
n_obs=1000 seed=0 convention=gaussian,Gaussian-NPE (z-score),B,1.2614300280106128,0.14008604722957874
n_obs=1000 seed=0 convention=gaussian,Gaussian-NPE (z-score),B,1.2644584195237663,0.1295014074079215
n_obs=1000 seed=0 convention=gaussian,Gaussian-NPE (z-score),B,1.2674868110369197,0.1202614119258114
n_obs=1000 seed=0 convention=gaussian,Gaussian-NPE (z-score),B,1.2705152025500732,0.1122349884611499
n_obs=1000 seed=0 convention=gaussian,Gaussian-NPE (z-score),B,1.273543594063227,0.10526361999525846
n_obs=1000 seed=0 convention=gaussian,Gaussian-NPE (z-score),B,1.2765719855763804,0.09917970872455269
n_obs=1000 seed=0 convention=gaussian,Gaussian-NPE (z-score),B,1.2796003770895341,0.09382285425803578
n_obs=1000 seed=0 convention=gaussian,Gaussian-NPE (z-score),B,1.2826287686026876,0.08905189868410317
n_obs=1000 seed=0 convention=gaussian,Gaussian-NPE (z-score),B,1.285657160115841,0.08475199821916
n_obs=1000 seed=0 convention=gaussian,Gaussian-NPE (z-score),B,1.2886855516289946,0.08083719889607745
n_obs=1000 seed=0 convention=gaussian,Gaussian-NPE (z-score),B,1.291713943142148,0.07724969556771903
n_obs=1000 seed=0 convention=gaussian,Gaussian-NPE (z-score),B,1.2947423346553015,0.07395704496728454
n_obs=1000 seed=0 convention=gaussian,Gaussian-NPE (z-score),B,1.2977707261684552,0.07094822074080745
n_obs=1000 seed=0 convention=gaussian,Gaussian-NPE (z-score),B,1.3007991176816087,0.06822882784271012
n_obs=1000 seed=0 convention=gaussian,Gaussian-NPE (z-score),B,1.3038275091947624,0.06581534902036225
n_obs=1000 seed=0 convention=gaussian,Gaussian-NPE (z-score),B,1.306855900707916,0.06372819684448287
n_obs=1000 seed=0 convention=gaussian,Gaussian-NPE (z-score),B,1.3098842922210694,0.061983639829762495
n_obs=1000 seed=0 convention=gaussian,Gaussian-NPE (robust asinh),B,0.7072343811035156,0.009268037142229554
n_obs=1000 seed=0 convention=gaussian,Gaussian-NPE (robust asinh),B,0.710262772616669,0.011162493419774865
n_obs=1000 seed=0 convention=gaussian,Gaussian-NPE (robust asinh),B,0.7132911641298226,0.013387102135793007
n_obs=1000 seed=0 convention=gaussian,Gaussian-NPE (robust asinh),B,0.7163195556429761,0.015919648330199366
n_obs=1000 seed=0 convention=gaussian,Gaussian-NPE (robust asinh),B,0.7193479471561297,0.018711849225235756
n_obs=1000 seed=0 convention=gaussian,Gaussian-NPE (robust asinh),B,0.7223763386692832,0.021699452791537455
n_obs=1000 seed=0 convention=gaussian,Gaussian-NPE (robust asinh),B,0.7254047301824368,0.024817467934346575
n_obs=1000 seed=0 convention=gaussian,Gaussian-NPE (robust asinh),B,0.7284331216955903,0.028017247003324787
n_obs=1000 seed=0 convention=gaussian,Gaussian-NPE (robust asinh),B,0.7314615132087439,0.03128155710640231
n_obs=1000 seed=0 convention=gaussian,Gaussian-NPE (robust asinh),B,0.7344899047218973,0.03463429155869947
n_obs=1000 seed=0 convention=gaussian,Gaussian-NPE (robust asinh),B,0.7375182962350509,0.038142896878623225
n_obs=1000 seed=0 convention=gaussian,Gaussian-NPE (robust asinh),B,0.7405466877482044,0.041913413009909535
n_obs=1000 seed=0 convention=gaussian,Gaussian-NPE (robust asinh),B,0.743575079261358,0.04607962403575253
n_obs=1000 seed=0 convention=gaussian,Gaussian-NPE (robust asinh),B,0.7466034707745115,0.05078872404923784
n_obs=1000 seed=0 convention=gaussian,Gaussian-NPE (robust asinh),B,0.7496318622876651,0.05618598312160934
n_obs=1000 seed=0 convention=gaussian,Gaussian-NPE (robust asinh),B,0.7526602538008186,0.06240036709880267
n_obs=1000 seed=0 convention=gaussian,Gaussian-NPE (robust asinh),B,0.7556886453139722,0.06953233954915355
n_obs=1000 seed=0 convention=gaussian,Gaussian-NPE (robust asinh),B,0.7587170368271257,0.07764454996803101
n_obs=1000 seed=0 convention=gaussian,Gaussian-NPE (robust asinh),B,0.7617454283402793,0.08675598379661978
n_obs=1000 seed=0 convention=gaussian,Gaussian-NPE (robust asinh),B,0.7647738198534327,0.09684035246786327
n_obs=1000 seed=0 convention=gaussian,Gaussian-NPE (robust asinh),B,0.7678022113665863,0.10782977402986439
n_obs=1000 seed=0 convention=gaussian,Gaussian-NPE (robust asinh),B,0.7708306028797398,0.11962480300859969
n_obs=1000 seed=0 convention=gaussian,Gaussian-NPE (robust asinh),B,0.7738589943928934,0.13211133237365447
n_obs=1000 seed=0 convention=gaussian,Gaussian-NPE (robust asinh),B,0.7768873859060469,0.14518368683641553
n_obs=1000 seed=0 convention=gaussian,Gaussian-NPE (robust asinh),B,0.7799157774192005,0.15877146540394843
n_obs=1000 seed=0 convention=gaussian,Gaussian-NPE (robust asinh),B,0.782944168932354,0.17286576643938723
n_obs=1000 seed=0 convention=gaussian,Gaussian-NPE (robust asinh),B,0.7859725604455075,0.18753900153194425
n_obs=1000 seed=0 convention=gaussian,Gaussian-NPE (robust asinh),B,0.789000951958661,0.20295236029016958
n_obs=1000 seed=0 convention=gaussian,Gaussian-NPE (robust asinh),B,0.7920293434718146,0.2193467458009602
n_obs=1000 seed=0 convention=gaussian,Gaussian-NPE (robust asinh),B,0.7950577349849681,0.23701674683409477
n_obs=1000 seed=0 convention=gaussian,Gaussian-NPE (robust asinh),B,0.7980861264981216,0.2562722284184078
n_obs=1000 seed=0 convention=gaussian,Gaussian-NPE (robust asinh),B,0.8011145180112752,0.27739689490552716
n_obs=1000 seed=0 convention=gaussian,Gaussian-NPE (robust asinh),B,0.8041429095244287,0.30061581164418777
n_obs=1000 seed=0 convention=gaussian,Gaussian-NPE (robust asinh),B,0.8071713010375823,0.32608280273001244
n_obs=1000 seed=0 convention=gaussian,Gaussian-NPE (robust asinh),B,0.8101996925507358,0.353893417682912
n_obs=1000 seed=0 convention=gaussian,Gaussian-NPE (robust asinh),B,0.8132280840638894,0.3841208871464002
n_obs=1000 seed=0 convention=gaussian,Gaussian-NPE (robust asinh),B,0.8162564755770428,0.4168637138823376
n_obs=1000 seed=0 convention=gaussian,Gaussian-NPE (robust asinh),B,0.8192848670901964,0.452287501492811
n_obs=1000 seed=0 convention=gaussian,Gaussian-NPE (robust asinh),B,0.8223132586033499,0.49064305447056794
n_obs=1000 seed=0 convention=gaussian,Gaussian-NPE (robust asinh),B,0.8253416501165035,0.5322487779045737
n_obs=1000 seed=0 convention=gaussian,Gaussian-NPE (robust asinh),B,0.828370041629657,0.5774366932349706
n_obs=1000 seed=0 convention=gaussian,Gaussian-NPE (robust asinh),B,0.8313984331428106,0.6264744640080908
n_obs=1000 seed=0 convention=gaussian,Gaussian-NPE (robust asinh),B,0.8344268246559641,0.6794860090112373
n_obs=1000 seed=0 convention=gaussian,Gaussian-NPE (robust asinh),B,0.8374552161691177,0.7363964319200526
n_obs=1000 seed=0 convention=gaussian,Gaussian-NPE (robust asinh),B,0.8404836076822711,0.7969213092570169
n_obs=1000 seed=0 convention=gaussian,Gaussian-NPE (robust asinh),B,0.8435119991954247,0.8606074164068118
n_obs=1000 seed=0 convention=gaussian,Gaussian-NPE (robust asinh),B,0.8465403907085782,0.9269163309854337
n_obs=1000 seed=0 convention=gaussian,Gaussian-NPE (robust asinh),B,0.8495687822217317,0.9953298653370789
n_obs=1000 seed=0 convention=gaussian,Gaussian-NPE (robust asinh),B,0.8525971737348853,1.0654514497323084
n_obs=1000 seed=0 convention=gaussian,Gaussian-NPE (robust asinh),B,0.8556255652480389,1.137081507564535
n_obs=1000 seed=0 convention=gaussian,Gaussian-NPE (robust asinh),B,0.8586539567611924,1.2102547651328162
n_obs=1000 seed=0 convention=gaussian,Gaussian-NPE (robust asinh),B,0.8616823482743459,1.285238232493319
n_obs=1000 seed=0 convention=gaussian,Gaussian-NPE (robust asinh),B,0.8647107397874995,1.3624956220024438
n_obs=1000 seed=0 convention=gaussian,Gaussian-NPE (robust asinh),B,0.867739131300653,1.4426254418684736
n_obs=1000 seed=0 convention=gaussian,Gaussian-NPE (robust asinh),B,0.8707675228138065,1.526277686516764
n_obs=1000 seed=0 convention=gaussian,Gaussian-NPE (robust asinh),B,0.87379591432696,1.6140518957867862
n_obs=1000 seed=0 convention=gaussian,Gaussian-NPE (robust asinh),B,0.8768243058401136,1.7063808942517562
n_obs=1000 seed=0 convention=gaussian,Gaussian-NPE (robust asinh),B,0.8798526973532672,1.8034105967934349
n_obs=1000 seed=0 convention=gaussian,Gaussian-NPE (robust asinh),B,0.8828810888664207,1.9048944369798178
n_obs=1000 seed=0 convention=gaussian,Gaussian-NPE (robust asinh),B,0.8859094803795742,2.010126781385305
n_obs=1000 seed=0 convention=gaussian,Gaussian-NPE (robust asinh),B,0.8889378718927278,2.117938967577802
n_obs=1000 seed=0 convention=gaussian,Gaussian-NPE (robust asinh),B,0.8919662634058813,2.2267725422883498
n_obs=1000 seed=0 convention=gaussian,Gaussian-NPE (robust asinh),B,0.8949946549190348,2.3348283293048513
n_obs=1000 seed=0 convention=gaussian,Gaussian-NPE (robust asinh),B,0.8980230464321883,2.440271337312163
n_obs=1000 seed=0 convention=gaussian,Gaussian-NPE (robust asinh),B,0.9010514379453419,2.541455762020912
n_obs=1000 seed=0 convention=gaussian,Gaussian-NPE (robust asinh),B,0.9040798294584954,2.6371265400600055
n_obs=1000 seed=0 convention=gaussian,Gaussian-NPE (robust asinh),B,0.907108220971649,2.7265571391835164
n_obs=1000 seed=0 convention=gaussian,Gaussian-NPE (robust asinh),B,0.9101366124848025,2.809597453522519
n_obs=1000 seed=0 convention=gaussian,Gaussian-NPE (robust asinh),B,0.9131650039979561,2.886627281786579
n_obs=1000 seed=0 convention=gaussian,Gaussian-NPE (robust asinh),B,0.9161933955111096,2.9584336196575918
n_obs=1000 seed=0 convention=gaussian,Gaussian-NPE (robust asinh),B,0.9192217870242632,3.02604672059659
n_obs=1000 seed=0 convention=gaussian,Gaussian-NPE (robust asinh),B,0.9222501785374166,3.0905750936212395
n_obs=1000 seed=0 convention=gaussian,Gaussian-NPE (robust asinh),B,0.9252785700505701,3.153071881221287
n_obs=1000 seed=0 convention=gaussian,Gaussian-NPE (robust asinh),B,0.9283069615637237,3.2144479358793125
n_obs=1000 seed=0 convention=gaussian,Gaussian-NPE (robust asinh),B,0.9313353530768773,3.275427672312136
n_obs=1000 seed=0 convention=gaussian,Gaussian-NPE (robust asinh),B,0.9343637445900308,3.3365303612115675
n_obs=1000 seed=0 convention=gaussian,Gaussian-NPE (robust asinh),B,0.9373921361031843,3.398056994321677
n_obs=1000 seed=0 convention=gaussian,Gaussian-NPE (robust asinh),B,0.9404205276163379,3.4600710566452397
n_obs=1000 seed=0 convention=gaussian,Gaussian-NPE (robust asinh),B,0.9434489191294915,3.5223753919932665
n_obs=1000 seed=0 convention=gaussian,Gaussian-NPE (robust asinh),B,0.946477310642645,3.58449940212837
n_obs=1000 seed=0 convention=gaussian,Gaussian-NPE (robust asinh),B,0.9495057021557984,3.6457149528321513
n_obs=1000 seed=0 convention=gaussian,Gaussian-NPE (robust asinh),B,0.952534093668952,3.7050935800227434
n_obs=1000 seed=0 convention=gaussian,Gaussian-NPE (robust asinh),B,0.9555624851821056,3.761604657688132
n_obs=1000 seed=0 convention=gaussian,Gaussian-NPE (robust asinh),B,0.9585908766952591,3.8142399332453207
n_obs=1000 seed=0 convention=gaussian,Gaussian-NPE (robust asinh),B,0.9616192682084126,3.8621402114541117
n_obs=1000 seed=0 convention=gaussian,Gaussian-NPE (robust asinh),B,0.9646476597215662,3.9046984439483086
n_obs=1000 seed=0 convention=gaussian,Gaussian-NPE (robust asinh),B,0.9676760512347198,3.9416199162135683
n_obs=1000 seed=0 convention=gaussian,Gaussian-NPE (robust asinh),B,0.9707044427478733,3.9729315013308573
n_obs=1000 seed=0 convention=gaussian,Gaussian-NPE (robust asinh),B,0.9737328342610267,3.9989437599022075
n_obs=1000 seed=0 convention=gaussian,Gaussian-NPE (robust asinh),B,0.9767612257741803,4.020178414573095
n_obs=1000 seed=0 convention=gaussian,Gaussian-NPE (robust asinh),B,0.9797896172873338,4.0372777278622705
n_obs=1000 seed=0 convention=gaussian,Gaussian-NPE (robust asinh),B,0.9828180088004874,4.0509119122527375
n_obs=1000 seed=0 convention=gaussian,Gaussian-NPE (robust asinh),B,0.9858464003136409,4.061697553702242
n_obs=1000 seed=0 convention=gaussian,Gaussian-NPE (robust asinh),B,0.9888747918267944,4.070136009757552
n_obs=1000 seed=0 convention=gaussian,Gaussian-NPE (robust asinh),B,0.991903183339948,4.076577071086435
n_obs=1000 seed=0 convention=gaussian,Gaussian-NPE (robust asinh),B,0.9949315748531016,4.081210082113912
n_obs=1000 seed=0 convention=gaussian,Gaussian-NPE (robust asinh),B,0.9979599663662551,4.084081710059729
n_obs=1000 seed=0 convention=gaussian,Gaussian-NPE (robust asinh),B,1.0009883578794085,4.08513605270687
n_obs=1000 seed=0 convention=gaussian,Gaussian-NPE (robust asinh),B,1.0040167493925622,4.084268760933894
n_obs=1000 seed=0 convention=gaussian,Gaussian-NPE (robust asinh),B,1.0070451409057157,4.081383161601056
n_obs=1000 seed=0 convention=gaussian,Gaussian-NPE (robust asinh),B,1.0100735324188692,4.076434491575095
n_obs=1000 seed=0 convention=gaussian,Gaussian-NPE (robust asinh),B,1.0131019239320227,4.0694497749466025
n_obs=1000 seed=0 convention=gaussian,Gaussian-NPE (robust asinh),B,1.0161303154451762,4.0605162193689
n_obs=1000 seed=0 convention=gaussian,Gaussian-NPE (robust asinh),B,1.0191587069583299,4.049739420626596
n_obs=1000 seed=0 convention=gaussian,Gaussian-NPE (robust asinh),B,1.0221870984714834,4.037181772741714
n_obs=1000 seed=0 convention=gaussian,Gaussian-NPE (robust asinh),B,1.0252154899846369,4.022798103353899
n_obs=1000 seed=0 convention=gaussian,Gaussian-NPE (robust asinh),B,1.0282438814977906,4.006387003059875
n_obs=1000 seed=0 convention=gaussian,Gaussian-NPE (robust asinh),B,1.031272273010944,3.9875717429131368
n_obs=1000 seed=0 convention=gaussian,Gaussian-NPE (robust asinh),B,1.0343006645240975,3.9658157274690713
n_obs=1000 seed=0 convention=gaussian,Gaussian-NPE (robust asinh),B,1.037329056037251,3.940467719495284
n_obs=1000 seed=0 convention=gaussian,Gaussian-NPE (robust asinh),B,1.0403574475504045,3.910825488286415
n_obs=1000 seed=0 convention=gaussian,Gaussian-NPE (robust asinh),B,1.0433858390635582,3.876205252254245
n_obs=1000 seed=0 convention=gaussian,Gaussian-NPE (robust asinh),B,1.0464142305767117,3.83600760522125
n_obs=1000 seed=0 convention=gaussian,Gaussian-NPE (robust asinh),B,1.0494426220898652,3.789775432807935
n_obs=1000 seed=0 convention=gaussian,Gaussian-NPE (robust asinh),B,1.0524710136030189,3.737242099846953
n_obs=1000 seed=0 convention=gaussian,Gaussian-NPE (robust asinh),B,1.0554994051161724,3.6783672283005795
n_obs=1000 seed=0 convention=gaussian,Gaussian-NPE (robust asinh),B,1.0585277966293258,3.613353987966598
n_obs=1000 seed=0 convention=gaussian,Gaussian-NPE (robust asinh),B,1.0615561881424793,3.5426394904613385
n_obs=1000 seed=0 convention=gaussian,Gaussian-NPE (robust asinh),B,1.0645845796556328,3.46685202518076
n_obs=1000 seed=0 convention=gaussian,Gaussian-NPE (robust asinh),B,1.0676129711687863,3.386736485529546
n_obs=1000 seed=0 convention=gaussian,Gaussian-NPE (robust asinh),B,1.07064136268194,3.303060032362829
n_obs=1000 seed=0 convention=gaussian,Gaussian-NPE (robust asinh),B,1.0736697541950935,3.216519179020807
n_obs=1000 seed=0 convention=gaussian,Gaussian-NPE (robust asinh),B,1.076698145708247,3.127672530064904
n_obs=1000 seed=0 convention=gaussian,Gaussian-NPE (robust asinh),B,1.0797265372214007,3.0369182664006993
n_obs=1000 seed=0 convention=gaussian,Gaussian-NPE (robust asinh),B,1.0827549287345541,2.944523460198567
n_obs=1000 seed=0 convention=gaussian,Gaussian-NPE (robust asinh),B,1.0857833202477076,2.8506974539114744
n_obs=1000 seed=0 convention=gaussian,Gaussian-NPE (robust asinh),B,1.0888117117608611,2.7556887770921086
n_obs=1000 seed=0 convention=gaussian,Gaussian-NPE (robust asinh),B,1.0918401032740146,2.6598783122443486
n_obs=1000 seed=0 convention=gaussian,Gaussian-NPE (robust asinh),B,1.0948684947871683,2.563842346408656
n_obs=1000 seed=0 convention=gaussian,Gaussian-NPE (robust asinh),B,1.0978968863003218,2.468367023481801
n_obs=1000 seed=0 convention=gaussian,Gaussian-NPE (robust asinh),B,1.1009252778134753,2.374407968445095
n_obs=1000 seed=0 convention=gaussian,Gaussian-NPE (robust asinh),B,1.103953669326629,2.283002040396509
n_obs=1000 seed=0 convention=gaussian,Gaussian-NPE (robust asinh),B,1.1069820608397825,2.195148957643555
n_obs=1000 seed=0 convention=gaussian,Gaussian-NPE (robust asinh),B,1.110010452352936,2.1116865219241947
n_obs=1000 seed=0 convention=gaussian,Gaussian-NPE (robust asinh),B,1.1130388438660894,2.0331833767994474
n_obs=1000 seed=0 convention=gaussian,Gaussian-NPE (robust asinh),B,1.116067235379243,1.9598682471279338
n_obs=1000 seed=0 convention=gaussian,Gaussian-NPE (robust asinh),B,1.1190956268923966,1.891606259754865
n_obs=1000 seed=0 convention=gaussian,Gaussian-NPE (robust asinh),B,1.12212401840555,1.8279236844841729
n_obs=1000 seed=0 convention=gaussian,Gaussian-NPE (robust asinh),B,1.1251524099187036,1.768074503961668
n_obs=1000 seed=0 convention=gaussian,Gaussian-NPE (robust asinh),B,1.1281808014318573,1.7111369968832364
n_obs=1000 seed=0 convention=gaussian,Gaussian-NPE (robust asinh),B,1.1312091929450108,1.6561262331720623
n_obs=1000 seed=0 convention=gaussian,Gaussian-NPE (robust asinh),B,1.1342375844581642,1.6021083355134134
n_obs=1000 seed=0 convention=gaussian,Gaussian-NPE (robust asinh),B,1.1372659759713177,1.5483035035840016
n_obs=1000 seed=0 convention=gaussian,Gaussian-NPE (robust asinh),B,1.1402943674844712,1.4941663448206
n_obs=1000 seed=0 convention=gaussian,Gaussian-NPE (robust asinh),B,1.1433227589976247,1.4394338902060346
n_obs=1000 seed=0 convention=gaussian,Gaussian-NPE (robust asinh),B,1.1463511505107784,1.3841343088799247
n_obs=1000 seed=0 convention=gaussian,Gaussian-NPE (robust asinh),B,1.1493795420239319,1.3285535009777127
n_obs=1000 seed=0 convention=gaussian,Gaussian-NPE (robust asinh),B,1.1524079335370854,1.2731627897519038
n_obs=1000 seed=0 convention=gaussian,Gaussian-NPE (robust asinh),B,1.155436325050239,1.218518306403325
n_obs=1000 seed=0 convention=gaussian,Gaussian-NPE (robust asinh),B,1.1584647165633926,1.1651497633592807
n_obs=1000 seed=0 convention=gaussian,Gaussian-NPE (robust asinh),B,1.161493108076546,1.1134608135933404
n_obs=1000 seed=0 convention=gaussian,Gaussian-NPE (robust asinh),B,1.1645214995896995,1.0636628316774885
n_obs=1000 seed=0 convention=gaussian,Gaussian-NPE (robust asinh),B,1.167549891102853,1.0157575661336808
n_obs=1000 seed=0 convention=gaussian,Gaussian-NPE (robust asinh),B,1.1705782826160067,0.9695724939010012
n_obs=1000 seed=0 convention=gaussian,Gaussian-NPE (robust asinh),B,1.1736066741291602,0.9248387844986027
n_obs=1000 seed=0 convention=gaussian,Gaussian-NPE (robust asinh),B,1.1766350656423137,0.8812898600299782
n_obs=1000 seed=0 convention=gaussian,Gaussian-NPE (robust asinh),B,1.1796634571554674,0.8387527556192473
n_obs=1000 seed=0 convention=gaussian,Gaussian-NPE (robust asinh),B,1.1826918486686209,0.7972070970971618
n_obs=1000 seed=0 convention=gaussian,Gaussian-NPE (robust asinh),B,1.1857202401817744,0.7567968214815692
n_obs=1000 seed=0 convention=gaussian,Gaussian-NPE (robust asinh),B,1.1887486316949278,0.717794279991785
n_obs=1000 seed=0 convention=gaussian,Gaussian-NPE (robust asinh),B,1.1917770232080813,0.6805301604688831
n_obs=1000 seed=0 convention=gaussian,Gaussian-NPE (robust asinh),B,1.194805414721235,0.6453113274060159
n_obs=1000 seed=0 convention=gaussian,Gaussian-NPE (robust asinh),B,1.1978338062343885,0.6123498990256048
n_obs=1000 seed=0 convention=gaussian,Gaussian-NPE (robust asinh),B,1.200862197747542,0.581721085146099
n_obs=1000 seed=0 convention=gaussian,Gaussian-NPE (robust asinh),B,1.2038905892606957,0.5533571388856041
n_obs=1000 seed=0 convention=gaussian,Gaussian-NPE (robust asinh),B,1.2069189807738492,0.5270738616345655
n_obs=1000 seed=0 convention=gaussian,Gaussian-NPE (robust asinh),B,1.2099473722870027,0.5026177403622764
n_obs=1000 seed=0 convention=gaussian,Gaussian-NPE (robust asinh),B,1.2129757638001561,0.4797180179451757
n_obs=1000 seed=0 convention=gaussian,Gaussian-NPE (robust asinh),B,1.2160041553133096,0.4581292102039893
n_obs=1000 seed=0 convention=gaussian,Gaussian-NPE (robust asinh),B,1.2190325468264631,0.4376547330452872
n_obs=1000 seed=0 convention=gaussian,Gaussian-NPE (robust asinh),B,1.2220609383396168,0.4181493624766136
n_obs=1000 seed=0 convention=gaussian,Gaussian-NPE (robust asinh),B,1.2250893298527703,0.39950488912300647
n_obs=1000 seed=0 convention=gaussian,Gaussian-NPE (robust asinh),B,1.228117721365924,0.38162761531570694
n_obs=1000 seed=0 convention=gaussian,Gaussian-NPE (robust asinh),B,1.2311461128790775,0.3644173023539997
n_obs=1000 seed=0 convention=gaussian,Gaussian-NPE (robust asinh),B,1.234174504392231,0.3477550199327166
n_obs=1000 seed=0 convention=gaussian,Gaussian-NPE (robust asinh),B,1.2372028959053845,0.33150327268396873
n_obs=1000 seed=0 convention=gaussian,Gaussian-NPE (robust asinh),B,1.240231287418538,0.31551739993122496
n_obs=1000 seed=0 convention=gaussian,Gaussian-NPE (robust asinh),B,1.2432596789316914,0.29966396090861874
n_obs=1000 seed=0 convention=gaussian,Gaussian-NPE (robust asinh),B,1.2462880704448451,0.2838403599501787
n_obs=1000 seed=0 convention=gaussian,Gaussian-NPE (robust asinh),B,1.2493164619579986,0.26799032491995445
n_obs=1000 seed=0 convention=gaussian,Gaussian-NPE (robust asinh),B,1.252344853471152,0.2521115130405018
n_obs=1000 seed=0 convention=gaussian,Gaussian-NPE (robust asinh),B,1.2553732449843058,0.23625380107227303
n_obs=1000 seed=0 convention=gaussian,Gaussian-NPE (robust asinh),B,1.2584016364974593,0.22050911738985657
n_obs=1000 seed=0 convention=gaussian,Gaussian-NPE (robust asinh),B,1.2614300280106128,0.2049955391105877
n_obs=1000 seed=0 convention=gaussian,Gaussian-NPE (robust asinh),B,1.2644584195237663,0.18983948242655949
n_obs=1000 seed=0 convention=gaussian,Gaussian-NPE (robust asinh),B,1.2674868110369197,0.17515994853531971
n_obs=1000 seed=0 convention=gaussian,Gaussian-NPE (robust asinh),B,1.2705152025500732,0.16105791084658028
n_obs=1000 seed=0 convention=gaussian,Gaussian-NPE (robust asinh),B,1.273543594063227,0.14761225129870148
n_obs=1000 seed=0 convention=gaussian,Gaussian-NPE (robust asinh),B,1.2765719855763804,0.13488165041833977
n_obs=1000 seed=0 convention=gaussian,Gaussian-NPE (robust asinh),B,1.2796003770895341,0.12291013871723211
n_obs=1000 seed=0 convention=gaussian,Gaussian-NPE (robust asinh),B,1.2826287686026876,0.11173319484357389
n_obs=1000 seed=0 convention=gaussian,Gaussian-NPE (robust asinh),B,1.285657160115841,0.10138160013096995
n_obs=1000 seed=0 convention=gaussian,Gaussian-NPE (robust asinh),B,1.2886855516289946,0.09188157073390905
n_obs=1000 seed=0 convention=gaussian,Gaussian-NPE (robust asinh),B,1.291713943142148,0.08325144192511062
n_obs=1000 seed=0 convention=gaussian,Gaussian-NPE (robust asinh),B,1.2947423346553015,0.07549665865377392
n_obs=1000 seed=0 convention=gaussian,Gaussian-NPE (robust asinh),B,1.2977707261684552,0.06860544507928366
n_obs=1000 seed=0 convention=gaussian,Gaussian-NPE (robust asinh),B,1.3007991176816087,0.06254707443046764
n_obs=1000 seed=0 convention=gaussian,Gaussian-NPE (robust asinh),B,1.3038275091947624,0.05727339466820487
n_obs=1000 seed=0 convention=gaussian,Gaussian-NPE (robust asinh),B,1.306855900707916,0.05272278826540704
n_obs=1000 seed=0 convention=gaussian,Gaussian-NPE (robust asinh),B,1.3098842922210694,0.048824737714475805
n_obs=1000 seed=0 convention=gaussian,NUTS reference,g,1.4322425732801412,5.049115645281759e-13
n_obs=1000 seed=0 convention=gaussian,NUTS reference,g,1.4445836527955564,1.2478816742561277e-11
n_obs=1000 seed=0 convention=gaussian,NUTS reference,g,1.4569247323109717,2.410688014885872e-10
n_obs=1000 seed=0 convention=gaussian,NUTS reference,g,1.4692658118263868,3.6411505727172588e-09
n_obs=1000 seed=0 convention=gaussian,NUTS reference,g,1.4816068913418021,4.301433137253449e-08
n_obs=1000 seed=0 convention=gaussian,NUTS reference,g,1.4939479708572174,3.9760878440070583e-07
n_obs=1000 seed=0 convention=gaussian,NUTS reference,g,1.5062890503726325,2.8776442381870354e-06
n_obs=1000 seed=0 convention=gaussian,NUTS reference,g,1.5186301298880478,1.632191630308856e-05
n_obs=1000 seed=0 convention=gaussian,NUTS reference,g,1.530971209403463,7.26684642802348e-05
n_obs=1000 seed=0 convention=gaussian,NUTS reference,g,1.5433122889188784,0.0002546716529078737
n_obs=1000 seed=0 convention=gaussian,NUTS reference,g,1.5556533684342937,0.0007062347236906225
n_obs=1000 seed=0 convention=gaussian,NUTS reference,g,1.5679944479497088,0.0015654380500546507
n_obs=1000 seed=0 convention=gaussian,NUTS reference,g,1.580335527465124,0.002828286607885963
n_obs=1000 seed=0 convention=gaussian,NUTS reference,g,1.5926766069805394,0.004317186746402384
n_obs=1000 seed=0 convention=gaussian,NUTS reference,g,1.6050176864959544,0.00589241473147049
n_obs=1000 seed=0 convention=gaussian,NUTS reference,g,1.6173587660113697,0.007673906329288871
n_obs=1000 seed=0 convention=gaussian,NUTS reference,g,1.629699845526785,0.00992192110505928
n_obs=1000 seed=0 convention=gaussian,NUTS reference,g,1.6420409250422003,0.01272644602750054
n_obs=1000 seed=0 convention=gaussian,NUTS reference,g,1.6543820045576156,0.01595925622950073
n_obs=1000 seed=0 convention=gaussian,NUTS reference,g,1.6667230840730307,0.019534646813903038
n_obs=1000 seed=0 convention=gaussian,NUTS reference,g,1.679064163588446,0.023721396956841004
n_obs=1000 seed=0 convention=gaussian,NUTS reference,g,1.6914052431038613,0.029300518494342762
n_obs=1000 seed=0 convention=gaussian,NUTS reference,g,1.7037463226192764,0.03725366740215601
n_obs=1000 seed=0 convention=gaussian,NUTS reference,g,1.7160874021346917,0.04806387431301635
n_obs=1000 seed=0 convention=gaussian,NUTS reference,g,1.728428481650107,0.06164179193477614
n_obs=1000 seed=0 convention=gaussian,NUTS reference,g,1.7407695611655223,0.07831415180148142
n_obs=1000 seed=0 convention=gaussian,NUTS reference,g,1.7531106406809376,0.09949799818009762
n_obs=1000 seed=0 convention=gaussian,NUTS reference,g,1.7654517201963527,0.12676208418129814
n_obs=1000 seed=0 convention=gaussian,NUTS reference,g,1.777792799711768,0.16017261012736225
n_obs=1000 seed=0 convention=gaussian,NUTS reference,g,1.7901338792271833,0.19808401218900618
n_obs=1000 seed=0 convention=gaussian,NUTS reference,g,1.8024749587425983,0.23918797954579574
n_obs=1000 seed=0 convention=gaussian,NUTS reference,g,1.8148160382580136,0.28494041294157324
n_obs=1000 seed=0 convention=gaussian,NUTS reference,g,1.827157117773429,0.33937684899797177
n_obs=1000 seed=0 convention=gaussian,NUTS reference,g,1.8394981972888442,0.4058205514553246
n_obs=1000 seed=0 convention=gaussian,NUTS reference,g,1.8518392768042595,0.48389354315866584
n_obs=1000 seed=0 convention=gaussian,NUTS reference,g,1.8641803563196746,0.5701756732408402
n_obs=1000 seed=0 convention=gaussian,NUTS reference,g,1.87652143583509,0.6612846029406608
n_obs=1000 seed=0 convention=gaussian,NUTS reference,g,1.8888625153505052,0.7559673809629184
n_obs=1000 seed=0 convention=gaussian,NUTS reference,g,1.9012035948659203,0.855329856025293
n_obs=1000 seed=0 convention=gaussian,NUTS reference,g,1.9135446743813356,0.9615632354045525
n_obs=1000 seed=0 convention=gaussian,NUTS reference,g,1.9258857538967509,1.0752959483495836
n_obs=1000 seed=0 convention=gaussian,NUTS reference,g,1.9382268334121662,1.194174837919753
n_obs=1000 seed=0 convention=gaussian,NUTS reference,g,1.9505679129275815,1.3152639675702533
n_obs=1000 seed=0 convention=gaussian,NUTS reference,g,1.9629089924429965,1.438286014930439
n_obs=1000 seed=0 convention=gaussian,NUTS reference,g,1.9752500719584118,1.5650901679439306
n_obs=1000 seed=0 convention=gaussian,NUTS reference,g,1.9875911514738271,1.6961355228493522
n_obs=1000 seed=0 convention=gaussian,NUTS reference,g,1.9999322309892422,1.8282797417824086
n_obs=1000 seed=0 convention=gaussian,NUTS reference,g,2.0122733105046575,1.9562255500157117
n_obs=1000 seed=0 convention=gaussian,NUTS reference,g,2.024614390020073,2.076119913239861
n_obs=1000 seed=0 convention=gaussian,NUTS reference,g,2.036955469535488,2.1871592282686794
n_obs=1000 seed=0 convention=gaussian,NUTS reference,g,2.0492965490509034,2.2891756248337662
n_obs=1000 seed=0 convention=gaussian,NUTS reference,g,2.0616376285663183,2.3794581692780046
n_obs=1000 seed=0 convention=gaussian,NUTS reference,g,2.073978708081734,2.452521188343895
n_obs=1000 seed=0 convention=gaussian,NUTS reference,g,2.086319787597149,2.502352380114868
n_obs=1000 seed=0 convention=gaussian,NUTS reference,g,2.098660867112564,2.525537755126932
n_obs=1000 seed=0 convention=gaussian,NUTS reference,g,2.1110019466279795,2.524628395927335
n_obs=1000 seed=0 convention=gaussian,NUTS reference,g,2.1233430261433948,2.5089610669201927
n_obs=1000 seed=0 convention=gaussian,NUTS reference,g,2.13568410565881,2.489432413296942
n_obs=1000 seed=0 convention=gaussian,NUTS reference,g,2.1480251851742254,2.470320780444469
n_obs=1000 seed=0 convention=gaussian,NUTS reference,g,2.1603662646896407,2.446501446888591
n_obs=1000 seed=0 convention=gaussian,NUTS reference,g,2.1727073442050555,2.408403226583752
n_obs=1000 seed=0 convention=gaussian,NUTS reference,g,2.1850484237204713,2.349021114020571
n_obs=1000 seed=0 convention=gaussian,NUTS reference,g,2.197389503235886,2.2682106023443627
n_obs=1000 seed=0 convention=gaussian,NUTS reference,g,2.2097305827513014,2.1732484838114963
n_obs=1000 seed=0 convention=gaussian,NUTS reference,g,2.2220716622667167,2.074844516210988
n_obs=1000 seed=0 convention=gaussian,NUTS reference,g,2.234412741782132,1.9793855047991127
n_obs=1000 seed=0 convention=gaussian,NUTS reference,g,2.2467538212975473,1.8838484902861616
n_obs=1000 seed=0 convention=gaussian,NUTS reference,g,2.259094900812962,1.780194739261151
n_obs=1000 seed=0 convention=gaussian,NUTS reference,g,2.271435980328378,1.6653161124195
n_obs=1000 seed=0 convention=gaussian,NUTS reference,g,2.2837770598437928,1.5449890957264665
n_obs=1000 seed=0 convention=gaussian,NUTS reference,g,2.296118139359208,1.428579942405232
n_obs=1000 seed=0 convention=gaussian,NUTS reference,g,2.3084592188746234,1.3222039497995555
n_obs=1000 seed=0 convention=gaussian,NUTS reference,g,2.3208002983900387,1.226173775975097
n_obs=1000 seed=0 convention=gaussian,NUTS reference,g,2.333141377905454,1.1358200872144804
n_obs=1000 seed=0 convention=gaussian,NUTS reference,g,2.3454824574208692,1.0445081883793566
n_obs=1000 seed=0 convention=gaussian,NUTS reference,g,2.3578235369362845,0.9485748964028885
n_obs=1000 seed=0 convention=gaussian,NUTS reference,g,2.3701646164516994,0.8502257868475944
n_obs=1000 seed=0 convention=gaussian,NUTS reference,g,2.382505695967115,0.7543728277620286
n_obs=1000 seed=0 convention=gaussian,NUTS reference,g,2.39484677548253,0.663262486879448
n_obs=1000 seed=0 convention=gaussian,NUTS reference,g,2.4071878549979453,0.576177191652575
n_obs=1000 seed=0 convention=gaussian,NUTS reference,g,2.4195289345133606,0.49374427636561063
n_obs=1000 seed=0 convention=gaussian,NUTS reference,g,2.431870014028776,0.41993256834562337
n_obs=1000 seed=0 convention=gaussian,NUTS reference,g,2.444211093544191,0.3590722371602013
n_obs=1000 seed=0 convention=gaussian,NUTS reference,g,2.456552173059606,0.312247187276208
n_obs=1000 seed=0 convention=gaussian,NUTS reference,g,2.468893252575022,0.2770934245102894
n_obs=1000 seed=0 convention=gaussian,NUTS reference,g,2.4812343320904366,0.24983235952465593
n_obs=1000 seed=0 convention=gaussian,NUTS reference,g,2.493575411605852,0.22660662252005695
n_obs=1000 seed=0 convention=gaussian,NUTS reference,g,2.5059164911212672,0.20379031906192702
n_obs=1000 seed=0 convention=gaussian,NUTS reference,g,2.5182575706366825,0.17878692094919674
n_obs=1000 seed=0 convention=gaussian,NUTS reference,g,2.530598650152098,0.1514785557473703
n_obs=1000 seed=0 convention=gaussian,NUTS reference,g,2.542939729667513,0.12438987970048403
n_obs=1000 seed=0 convention=gaussian,NUTS reference,g,2.5552808091829284,0.10056708706631987
n_obs=1000 seed=0 convention=gaussian,NUTS reference,g,2.5676218886983433,0.08125992526590255
n_obs=1000 seed=0 convention=gaussian,NUTS reference,g,2.579962968213759,0.06579930964211905
n_obs=1000 seed=0 convention=gaussian,NUTS reference,g,2.592304047729174,0.05312366197099675
n_obs=1000 seed=0 convention=gaussian,NUTS reference,g,2.604645127244589,0.04279706553689851
n_obs=1000 seed=0 convention=gaussian,NUTS reference,g,2.6169862067600045,0.0347571655698337
n_obs=1000 seed=0 convention=gaussian,NUTS reference,g,2.62932728627542,0.028663351858679447
n_obs=1000 seed=0 convention=gaussian,NUTS reference,g,2.641668365790835,0.023730087654024498
n_obs=1000 seed=0 convention=gaussian,NUTS reference,g,2.65400944530625,0.019158943015919878
n_obs=1000 seed=0 convention=gaussian,NUTS reference,g,2.6663505248216657,0.014689303910193617
n_obs=1000 seed=0 convention=gaussian,NUTS reference,g,2.6786916043370805,0.01070044791610619
n_obs=1000 seed=0 convention=gaussian,NUTS reference,g,2.691032683852496,0.007786135623521916
n_obs=1000 seed=0 convention=gaussian,NUTS reference,g,2.703373763367911,0.0062194188622864185
n_obs=1000 seed=0 convention=gaussian,NUTS reference,g,2.7157148428833264,0.005735118972143293
n_obs=1000 seed=0 convention=gaussian,NUTS reference,g,2.7280559223987417,0.0057305991059256964
n_obs=1000 seed=0 convention=gaussian,NUTS reference,g,2.740397001914157,0.005640814111336731
n_obs=1000 seed=0 convention=gaussian,NUTS reference,g,2.7527380814295723,0.005190484253364952
n_obs=1000 seed=0 convention=gaussian,NUTS reference,g,2.765079160944987,0.0044248638882474775
n_obs=1000 seed=0 convention=gaussian,NUTS reference,g,2.777420240460403,0.0035626090830744995
n_obs=1000 seed=0 convention=gaussian,NUTS reference,g,2.7897613199758178,0.002814352935403936
n_obs=1000 seed=0 convention=gaussian,NUTS reference,g,2.802102399491233,0.002309532707263781
n_obs=1000 seed=0 convention=gaussian,NUTS reference,g,2.8144434790066484,0.0020687676622645323
n_obs=1000 seed=0 convention=gaussian,NUTS reference,g,2.8267845585220637,0.0019524420615843648
n_obs=1000 seed=0 convention=gaussian,NUTS reference,g,2.839125638037479,0.0017325235253179672
n_obs=1000 seed=0 convention=gaussian,NUTS reference,g,2.851466717552894,0.0013088703770120756
n_obs=1000 seed=0 convention=gaussian,NUTS reference,g,2.8638077970683096,0.0007989615767063252
n_obs=1000 seed=0 convention=gaussian,NUTS reference,g,2.8761488765837244,0.00038548699968764195
n_obs=1000 seed=0 convention=gaussian,NUTS reference,g,2.8884899560991397,0.00014576677379252908
n_obs=1000 seed=0 convention=gaussian,NUTS reference,g,2.900831035614555,4.306152620588787e-05
n_obs=1000 seed=0 convention=gaussian,NUTS reference,g,2.9131721151299703,9.926330457935419e-06
n_obs=1000 seed=0 convention=gaussian,NUTS reference,g,2.9255131946453856,1.7847037970956016e-06
n_obs=1000 seed=0 convention=gaussian,NUTS reference,g,2.937854274160801,2.502367981033389e-07
n_obs=1000 seed=0 convention=gaussian,NUTS reference,g,2.950195353676216,2.7360100810153398e-08
n_obs=1000 seed=0 convention=gaussian,NUTS reference,g,2.962536433191631,2.3326846300512707e-09
n_obs=1000 seed=0 convention=gaussian,NUTS reference,g,2.974877512707047,1.5508242829894762e-10
n_obs=1000 seed=0 convention=gaussian,NUTS reference,g,2.9872185922224617,8.039629940787793e-12
n_obs=1000 seed=0 convention=gaussian,NUTS reference,g,2.999559671737877,3.2499444232510885e-13
n_obs=1000 seed=0 convention=gaussian,NUTS reference,g,3.0119007512532923,1.0244294057020486e-14
n_obs=1000 seed=0 convention=gaussian,NUTS reference,g,3.0242418307687076,2.517991716326015e-16
n_obs=1000 seed=0 convention=gaussian,NUTS reference,g,3.036582910284123,4.826059720068886e-18
n_obs=1000 seed=0 convention=gaussian,NUTS reference,g,3.0489239897995377,7.212689076968855e-20
n_obs=1000 seed=0 convention=gaussian,NUTS reference,g,3.0612650693149535,8.405583207178085e-22
n_obs=1000 seed=0 convention=gaussian,NUTS reference,g,3.0736061488303683,7.638438951390498e-24
n_obs=1000 seed=0 convention=gaussian,NUTS reference,g,3.0859472283457836,5.412619423908201e-26
n_obs=1000 seed=0 convention=gaussian,NUTS reference,g,3.098288307861199,2.9907250663714118e-28
n_obs=1000 seed=0 convention=gaussian,NUTS reference,g,3.110629387376614,1.2885806600712674e-30
n_obs=1000 seed=0 convention=gaussian,NUTS reference,g,3.1229704668920295,4.329251799521737e-33
n_obs=1000 seed=0 convention=gaussian,NUTS reference,g,3.135311546407445,1.1341753457934053e-35
n_obs=1000 seed=0 convention=gaussian,NUTS reference,g,3.14765262592286,2.316934082120769e-38
n_obs=1000 seed=0 convention=gaussian,NUTS reference,g,3.159993705438275,3.690738478991557e-41
n_obs=1000 seed=0 convention=gaussian,NUTS reference,g,3.1723347849536907,4.584362871124892e-44
n_obs=1000 seed=0 convention=gaussian,NUTS reference,g,3.1846758644691056,4.440284725748238e-47
n_obs=1000 seed=0 convention=gaussian,NUTS reference,g,3.197016943984521,3.353580775935006e-50
n_obs=1000 seed=0 convention=gaussian,NUTS reference,g,3.209358023499936,1.9750261152657022e-53
n_obs=1000 seed=0 convention=gaussian,NUTS reference,g,3.2216991030153515,9.069911153133709e-57
n_obs=1000 seed=0 convention=gaussian,NUTS reference,g,3.2340401825307667,3.2478752683465124e-60
n_obs=1000 seed=0 convention=gaussian,NUTS reference,g,3.2463812620461816,9.069049466130725e-64
n_obs=1000 seed=0 convention=gaussian,NUTS reference,g,3.2587223415615973,1.974650858339166e-67
n_obs=1000 seed=0 convention=gaussian,NUTS reference,g,3.271063421077012,3.352625045810951e-71
n_obs=1000 seed=0 convention=gaussian,NUTS reference,g,3.2834045005924275,4.438597569014369e-75
n_obs=1000 seed=0 convention=gaussian,NUTS reference,g,3.295745580107843,4.582185597658915e-79
n_obs=1000 seed=0 convention=gaussian,NUTS reference,g,3.308086659623258,3.688635146728513e-83
n_obs=1000 seed=0 convention=gaussian,NUTS reference,g,3.3204277391386734,2.3153936787867897e-87
n_obs=1000 seed=0 convention=gaussian,NUTS reference,g,3.3327688186540887,1.1333136136473186e-91
n_obs=1000 seed=0 convention=gaussian,NUTS reference,g,3.345109898169504,4.325551500377033e-96
n_obs=1000 seed=0 convention=gaussian,NUTS reference,g,3.357450977684919,1.2873569670913014e-100
n_obs=1000 seed=0 convention=gaussian,NUTS reference,g,3.3697920572003346,2.9876010778565415e-105
n_obs=1000 seed=0 convention=gaussian,NUTS reference,g,3.3821331367157494,5.406451934485524e-110
n_obs=1000 seed=0 convention=gaussian,NUTS reference,g,3.3944742162311647,7.629010352964097e-115
n_obs=1000 seed=0 convention=gaussian,NUTS reference,g,3.40681529574658,8.394410079728968e-120
n_obs=1000 seed=0 convention=gaussian,NUTS reference,g,3.4191563752619953,7.202417254349292e-125
n_obs=1000 seed=0 convention=gaussian,NUTS reference,g,3.4314974547774106,4.8187288904936095e-130
n_obs=1000 seed=0 convention=gaussian,NUTS reference,g,3.443838534292826,2.5139279547479544e-135
n_obs=1000 seed=0 convention=gaussian,NUTS reference,g,3.4561796138082412,1.0226788652857987e-140
n_obs=1000 seed=0 convention=gaussian,NUTS reference,g,3.468520693323656,3.244082226630025e-146
n_obs=1000 seed=0 convention=gaussian,NUTS reference,g,3.4808617728390714,8.024362605828629e-152
n_obs=1000 seed=0 convention=gaussian,NUTS reference,g,3.4932028523544867,1.547730554662671e-157
n_obs=1000 seed=0 convention=gaussian,NUTS reference,g,3.505543931869902,2.327803336825268e-163
n_obs=1000 seed=0 convention=gaussian,NUTS reference,g,3.5178850113853173,2.730004328190124e-169
n_obs=1000 seed=0 convention=gaussian,NUTS reference,g,3.5302260909007326,2.4965858451937424e-175
n_obs=1000 seed=0 convention=gaussian,NUTS reference,g,3.542567170416148,1.7803106559820977e-181
n_obs=1000 seed=0 convention=gaussian,NUTS reference,g,3.5549082499315627,9.899452994942766e-188
n_obs=1000 seed=0 convention=gaussian,NUTS reference,g,3.567249329446978,4.2923262423173723e-194
n_obs=1000 seed=0 convention=gaussian,NUTS reference,g,3.5795904089623933,1.451243769723977e-200
n_obs=1000 seed=0 convention=gaussian,NUTS reference,g,3.5919314884778086,3.826080755021106e-207
n_obs=1000 seed=0 convention=gaussian,NUTS reference,g,3.604272567993224,7.86563909074386e-214
n_obs=1000 seed=0 convention=gaussian,NUTS reference,g,3.6166136475086392,1.260898178638488e-220
n_obs=1000 seed=0 convention=gaussian,NUTS reference,g,3.6289547270240545,1.5761303745417947e-227
n_obs=1000 seed=0 convention=gaussian,NUTS reference,g,3.64129580653947,1.5362800081786166e-234
n_obs=1000 seed=0 convention=gaussian,NUTS reference,g,3.653636886054885,1.1676555248817385e-241
n_obs=1000 seed=0 convention=gaussian,NUTS reference,g,3.6659779655703,6.920304706564789e-249
n_obs=1000 seed=0 convention=gaussian,NUTS reference,g,3.6783190450857153,3.1981719872039337e-256
n_obs=1000 seed=0 convention=gaussian,NUTS reference,g,3.6906601246011306,1.1525095476031618e-263
n_obs=1000 seed=0 convention=gaussian,NUTS reference,g,3.703001204116546,3.2385705914629423e-271
n_obs=1000 seed=0 convention=gaussian,NUTS reference,g,3.715342283631961,7.096240453465273e-279
n_obs=1000 seed=0 convention=gaussian,NUTS reference,g,3.7276833631473765,1.212465520581697e-286
n_obs=1000 seed=0 convention=gaussian,NUTS reference,g,3.7400244426627918,1.6153870262789952e-294
n_obs=1000 seed=0 convention=gaussian,NUTS reference,g,3.7523655221782066,1.6782239053657806e-302
n_obs=1000 seed=0 convention=gaussian,NUTS reference,g,3.764706601693622,1.3595316883271e-310
n_obs=1000 seed=0 convention=gaussian,NUTS reference,g,3.7770476812090372,8.58805e-319
n_obs=1000 seed=0 convention=gaussian,NUTS reference,g,3.7893887607244525,0.0
n_obs=1000 seed=0 convention=gaussian,NUTS reference,g,3.801729840239868,0.0
n_obs=1000 seed=0 convention=gaussian,NUTS reference,g,3.814070919755283,0.0
n_obs=1000 seed=0 convention=gaussian,NUTS reference,g,3.8264119992706984,0.0
n_obs=1000 seed=0 convention=gaussian,NUTS reference,g,3.8387530787861137,0.0
n_obs=1000 seed=0 convention=gaussian,NUTS reference,g,3.851094158301529,0.0
n_obs=1000 seed=0 convention=gaussian,NUTS reference,g,3.863435237816944,0.0
n_obs=1000 seed=0 convention=gaussian,NUTS reference,g,3.875776317332359,0.0
n_obs=1000 seed=0 convention=gaussian,NUTS reference,g,3.8881173968477745,0.0
n_obs=1000 seed=0 convention=gaussian,BSL,g,1.4322425732801412,2.9430440934836607e-27
n_obs=1000 seed=0 convention=gaussian,BSL,g,1.4445836527955564,1.1263869294153866e-24
n_obs=1000 seed=0 convention=gaussian,BSL,g,1.4569247323109717,3.0641479590275974e-22
n_obs=1000 seed=0 convention=gaussian,BSL,g,1.4692658118263868,5.924656434965361e-20
n_obs=1000 seed=0 convention=gaussian,BSL,g,1.4816068913418021,8.142315982465397e-18
n_obs=1000 seed=0 convention=gaussian,BSL,g,1.4939479708572174,7.953607749018455e-16
n_obs=1000 seed=0 convention=gaussian,BSL,g,1.5062890503726325,5.522199340186702e-14
n_obs=1000 seed=0 convention=gaussian,BSL,g,1.5186301298880478,2.72516248621758e-12
n_obs=1000 seed=0 convention=gaussian,BSL,g,1.530971209403463,9.558882545544615e-11
n_obs=1000 seed=0 convention=gaussian,BSL,g,1.5433122889188784,2.3832070216457156e-09
n_obs=1000 seed=0 convention=gaussian,BSL,g,1.5556533684342937,4.2234917644055104e-08
n_obs=1000 seed=0 convention=gaussian,BSL,g,1.5679944479497088,5.320828697061197e-07
n_obs=1000 seed=0 convention=gaussian,BSL,g,1.580335527465124,4.7665334995993695e-06
n_obs=1000 seed=0 convention=gaussian,BSL,g,1.5926766069805394,3.0385716123506203e-05
n_obs=1000 seed=0 convention=gaussian,BSL,g,1.6050176864959544,0.0001381305267682535
n_obs=1000 seed=0 convention=gaussian,BSL,g,1.6173587660113697,0.0004503837739223767
n_obs=1000 seed=0 convention=gaussian,BSL,g,1.629699845526785,0.0010701411344286936
n_obs=1000 seed=0 convention=gaussian,BSL,g,1.6420409250422003,0.0019317343759678131
n_obs=1000 seed=0 convention=gaussian,BSL,g,1.6543820045576156,0.002917334125737936
n_obs=1000 seed=0 convention=gaussian,BSL,g,1.6667230840730307,0.004338200324266618
n_obs=1000 seed=0 convention=gaussian,BSL,g,1.679064163588446,0.0072850407771982845
n_obs=1000 seed=0 convention=gaussian,BSL,g,1.6914052431038613,0.013610024464518693
n_obs=1000 seed=0 convention=gaussian,BSL,g,1.7037463226192764,0.02508561184029695
n_obs=1000 seed=0 convention=gaussian,BSL,g,1.7160874021346917,0.04116508757773616
n_obs=1000 seed=0 convention=gaussian,BSL,g,1.728428481650107,0.058775219282070246
n_obs=1000 seed=0 convention=gaussian,BSL,g,1.7407695611655223,0.07740168715296487
n_obs=1000 seed=0 convention=gaussian,BSL,g,1.7531106406809376,0.1018403108893589
n_obs=1000 seed=0 convention=gaussian,BSL,g,1.7654517201963527,0.13599969288494196
n_obs=1000 seed=0 convention=gaussian,BSL,g,1.777792799711768,0.1783658668895568
n_obs=1000 seed=0 convention=gaussian,BSL,g,1.7901338792271833,0.22677847775694235
n_obs=1000 seed=0 convention=gaussian,BSL,g,1.8024749587425983,0.2810177463264765
n_obs=1000 seed=0 convention=gaussian,BSL,g,1.8148160382580136,0.3367479657746607
n_obs=1000 seed=0 convention=gaussian,BSL,g,1.827157117773429,0.38336874272380556
n_obs=1000 seed=0 convention=gaussian,BSL,g,1.8394981972888442,0.4143910754506681
n_obs=1000 seed=0 convention=gaussian,BSL,g,1.8518392768042595,0.43874586900453416
n_obs=1000 seed=0 convention=gaussian,BSL,g,1.8641803563196746,0.4759812434202156
n_obs=1000 seed=0 convention=gaussian,BSL,g,1.87652143583509,0.5380933571465837
n_obs=1000 seed=0 convention=gaussian,BSL,g,1.8888625153505052,0.623296738946082
n_obs=1000 seed=0 convention=gaussian,BSL,g,1.9012035948659203,0.7284864832111021
n_obs=1000 seed=0 convention=gaussian,BSL,g,1.9135446743813356,0.8545296030927888
n_obs=1000 seed=0 convention=gaussian,BSL,g,1.9258857538967509,0.9971853138837578
n_obs=1000 seed=0 convention=gaussian,BSL,g,1.9382268334121662,1.1406437745386775
n_obs=1000 seed=0 convention=gaussian,BSL,g,1.9505679129275815,1.262969231449693
n_obs=1000 seed=0 convention=gaussian,BSL,g,1.9629089924429965,1.353794300114287
n_obs=1000 seed=0 convention=gaussian,BSL,g,1.9752500719584118,1.4251255084322798
n_obs=1000 seed=0 convention=gaussian,BSL,g,1.9875911514738271,1.4975193232016908
n_obs=1000 seed=0 convention=gaussian,BSL,g,1.9999322309892422,1.5823932266488956
n_obs=1000 seed=0 convention=gaussian,BSL,g,2.0122733105046575,1.6836421912101398
n_obs=1000 seed=0 convention=gaussian,BSL,g,2.024614390020073,1.806802493320756
n_obs=1000 seed=0 convention=gaussian,BSL,g,2.036955469535488,1.9540340755717618
n_obs=1000 seed=0 convention=gaussian,BSL,g,2.0492965490509034,2.111722313890767
n_obs=1000 seed=0 convention=gaussian,BSL,g,2.0616376285663183,2.2559056512650155
n_obs=1000 seed=0 convention=gaussian,BSL,g,2.073978708081734,2.372422771532859
n_obs=1000 seed=0 convention=gaussian,BSL,g,2.086319787597149,2.4648690124542054
n_obs=1000 seed=0 convention=gaussian,BSL,g,2.098660867112564,2.5403064000252558
n_obs=1000 seed=0 convention=gaussian,BSL,g,2.1110019466279795,2.591706618424689
n_obs=1000 seed=0 convention=gaussian,BSL,g,2.1233430261433948,2.6050065032791543
n_obs=1000 seed=0 convention=gaussian,BSL,g,2.13568410565881,2.578818304243166
n_obs=1000 seed=0 convention=gaussian,BSL,g,2.1480251851742254,2.522206747843703
n_obs=1000 seed=0 convention=gaussian,BSL,g,2.1603662646896407,2.448235606145509
n_obs=1000 seed=0 convention=gaussian,BSL,g,2.1727073442050555,2.387033481754218
n_obs=1000 seed=0 convention=gaussian,BSL,g,2.1850484237204713,2.3791953796428666
n_obs=1000 seed=0 convention=gaussian,BSL,g,2.197389503235886,2.430436701121789
n_obs=1000 seed=0 convention=gaussian,BSL,g,2.2097305827513014,2.4874965328928567
n_obs=1000 seed=0 convention=gaussian,BSL,g,2.2220716622667167,2.47884825610021
n_obs=1000 seed=0 convention=gaussian,BSL,g,2.234412741782132,2.3798362367008483
n_obs=1000 seed=0 convention=gaussian,BSL,g,2.2467538212975473,2.229471207538724
n_obs=1000 seed=0 convention=gaussian,BSL,g,2.259094900812962,2.078058593316311
n_obs=1000 seed=0 convention=gaussian,BSL,g,2.271435980328378,1.9347522968218904
n_obs=1000 seed=0 convention=gaussian,BSL,g,2.2837770598437928,1.7784712432896244
n_obs=1000 seed=0 convention=gaussian,BSL,g,2.296118139359208,1.5972712550595076
n_obs=1000 seed=0 convention=gaussian,BSL,g,2.3084592188746234,1.4040589292746202
n_obs=1000 seed=0 convention=gaussian,BSL,g,2.3208002983900387,1.226448595856669
n_obs=1000 seed=0 convention=gaussian,BSL,g,2.333141377905454,1.0840085987386516
n_obs=1000 seed=0 convention=gaussian,BSL,g,2.3454824574208692,0.9729807505349
n_obs=1000 seed=0 convention=gaussian,BSL,g,2.3578235369362845,0.8751258751879579
n_obs=1000 seed=0 convention=gaussian,BSL,g,2.3701646164516994,0.7780836985255974
n_obs=1000 seed=0 convention=gaussian,BSL,g,2.382505695967115,0.683877057882167
n_obs=1000 seed=0 convention=gaussian,BSL,g,2.39484677548253,0.599825551019131
n_obs=1000 seed=0 convention=gaussian,BSL,g,2.4071878549979453,0.5274418371696734
n_obs=1000 seed=0 convention=gaussian,BSL,g,2.4195289345133606,0.46416520713551995
n_obs=1000 seed=0 convention=gaussian,BSL,g,2.431870014028776,0.40897048988671725
n_obs=1000 seed=0 convention=gaussian,BSL,g,2.444211093544191,0.36144653870063737
n_obs=1000 seed=0 convention=gaussian,BSL,g,2.456552173059606,0.3222611361729522
n_obs=1000 seed=0 convention=gaussian,BSL,g,2.468893252575022,0.29426695381331863
n_obs=1000 seed=0 convention=gaussian,BSL,g,2.4812343320904366,0.2749275296112348
n_obs=1000 seed=0 convention=gaussian,BSL,g,2.493575411605852,0.2528084896177296
n_obs=1000 seed=0 convention=gaussian,BSL,g,2.5059164911212672,0.22170731391912377
n_obs=1000 seed=0 convention=gaussian,BSL,g,2.5182575706366825,0.19036486134308803
n_obs=1000 seed=0 convention=gaussian,BSL,g,2.530598650152098,0.16772199274356542
n_obs=1000 seed=0 convention=gaussian,BSL,g,2.542939729667513,0.14979086419364496
n_obs=1000 seed=0 convention=gaussian,BSL,g,2.5552808091829284,0.12942876045262067
n_obs=1000 seed=0 convention=gaussian,BSL,g,2.5676218886983433,0.10627686185656797
n_obs=1000 seed=0 convention=gaussian,BSL,g,2.579962968213759,0.0829561841466047
n_obs=1000 seed=0 convention=gaussian,BSL,g,2.592304047729174,0.0608950592662223
n_obs=1000 seed=0 convention=gaussian,BSL,g,2.604645127244589,0.04082352301751345
n_obs=1000 seed=0 convention=gaussian,BSL,g,2.6169862067600045,0.023846816015925913
n_obs=1000 seed=0 convention=gaussian,BSL,g,2.62932728627542,0.011518600140502518
n_obs=1000 seed=0 convention=gaussian,BSL,g,2.641668365790835,0.004425773228030212
n_obs=1000 seed=0 convention=gaussian,BSL,g,2.65400944530625,0.0013292000899725943
n_obs=1000 seed=0 convention=gaussian,BSL,g,2.6663505248216657,0.00031138156334335895
n_obs=1000 seed=0 convention=gaussian,BSL,g,2.6786916043370805,5.69918076342462e-05
n_obs=1000 seed=0 convention=gaussian,BSL,g,2.691032683852496,8.11130622807246e-06
n_obs=1000 seed=0 convention=gaussian,BSL,g,2.703373763367911,8.85224535664838e-07
n_obs=1000 seed=0 convention=gaussian,BSL,g,2.7157148428833264,7.268994599174735e-08
n_obs=1000 seed=0 convention=gaussian,BSL,g,2.7280559223987417,4.410858525007061e-09
n_obs=1000 seed=0 convention=gaussian,BSL,g,2.740397001914157,1.950492474687152e-10
n_obs=1000 seed=0 convention=gaussian,BSL,g,2.7527380814295723,6.225947727982106e-12
n_obs=1000 seed=0 convention=gaussian,BSL,g,2.765079160944987,1.4258796350248993e-13
n_obs=1000 seed=0 convention=gaussian,BSL,g,2.777420240460403,2.334385658711079e-15
n_obs=1000 seed=0 convention=gaussian,BSL,g,2.7897613199758178,2.7259021543765008e-17
n_obs=1000 seed=0 convention=gaussian,BSL,g,2.802102399491233,2.267344339808833e-19
n_obs=1000 seed=0 convention=gaussian,BSL,g,2.8144434790066484,1.3422868291606182e-21
n_obs=1000 seed=0 convention=gaussian,BSL,g,2.8267845585220637,5.653023973318069e-24
n_obs=1000 seed=0 convention=gaussian,BSL,g,2.839125638037479,1.6931366497369926e-26
n_obs=1000 seed=0 convention=gaussian,BSL,g,2.851466717552894,3.605750917243931e-29
n_obs=1000 seed=0 convention=gaussian,BSL,g,2.8638077970683096,5.459321197721234e-32
n_obs=1000 seed=0 convention=gaussian,BSL,g,2.8761488765837244,5.876057212343405e-35
n_obs=1000 seed=0 convention=gaussian,BSL,g,2.8884899560991397,4.495880924156835e-38
n_obs=1000 seed=0 convention=gaussian,BSL,g,2.900831035614555,2.445172652430583e-41
n_obs=1000 seed=0 convention=gaussian,BSL,g,2.9131721151299703,9.452782926075919e-45
n_obs=1000 seed=0 convention=gaussian,BSL,g,2.9255131946453856,2.59751484231123e-48
n_obs=1000 seed=0 convention=gaussian,BSL,g,2.937854274160801,5.07340556534377e-52
n_obs=1000 seed=0 convention=gaussian,BSL,g,2.950195353676216,7.043375146408022e-56
n_obs=1000 seed=0 convention=gaussian,BSL,g,2.962536433191631,6.950232060484233e-60
n_obs=1000 seed=0 convention=gaussian,BSL,g,2.974877512707047,4.874760783431204e-64
n_obs=1000 seed=0 convention=gaussian,BSL,g,2.9872185922224617,2.4301977201895653e-68
n_obs=1000 seed=0 convention=gaussian,BSL,g,2.999559671737877,8.611193359499743e-73
n_obs=1000 seed=0 convention=gaussian,BSL,g,3.0119007512532923,2.1687919367299504e-77
n_obs=1000 seed=0 convention=gaussian,BSL,g,3.0242418307687076,3.882440581490706e-82
n_obs=1000 seed=0 convention=gaussian,BSL,g,3.036582910284123,4.939964331720593e-87
n_obs=1000 seed=0 convention=gaussian,BSL,g,3.0489239897995377,4.4676038211904444e-92
n_obs=1000 seed=0 convention=gaussian,BSL,g,3.0612650693149535,2.871819769648103e-97
n_obs=1000 seed=0 convention=gaussian,BSL,g,3.0736061488303683,1.3121131299568312e-102
n_obs=1000 seed=0 convention=gaussian,BSL,g,3.0859472283457836,4.2610523944652646e-108
n_obs=1000 seed=0 convention=gaussian,BSL,g,3.098288307861199,9.835442461816051e-114
n_obs=1000 seed=0 convention=gaussian,BSL,g,3.110629387376614,1.6136239200867879e-119
n_obs=1000 seed=0 convention=gaussian,BSL,g,3.1229704668920295,1.881664138904908e-125
n_obs=1000 seed=0 convention=gaussian,BSL,g,3.135311546407445,1.559600033560468e-131
n_obs=1000 seed=0 convention=gaussian,BSL,g,3.14765262592286,9.187887973636657e-138
n_obs=1000 seed=0 convention=gaussian,BSL,g,3.159993705438275,3.847241630900444e-144
n_obs=1000 seed=0 convention=gaussian,BSL,g,3.1723347849536907,1.1450238823083995e-150
n_obs=1000 seed=0 convention=gaussian,BSL,g,3.1846758644691056,2.4222051891200257e-157
n_obs=1000 seed=0 convention=gaussian,BSL,g,3.197016943984521,3.641988876566456e-164
n_obs=1000 seed=0 convention=gaussian,BSL,g,3.209358023499936,3.892221943308707e-171
n_obs=1000 seed=0 convention=gaussian,BSL,g,3.2216991030153515,2.956568008752088e-178
n_obs=1000 seed=0 convention=gaussian,BSL,g,3.2340401825307667,1.596281363729987e-185
n_obs=1000 seed=0 convention=gaussian,BSL,g,3.2463812620461816,6.125792838429507e-193
n_obs=1000 seed=0 convention=gaussian,BSL,g,3.2587223415615973,1.6708846136922622e-200
n_obs=1000 seed=0 convention=gaussian,BSL,g,3.271063421077012,3.239380063530191e-208
n_obs=1000 seed=0 convention=gaussian,BSL,g,3.2834045005924275,4.4638402203079295e-216
n_obs=1000 seed=0 convention=gaussian,BSL,g,3.295745580107843,4.372065577410386e-224
n_obs=1000 seed=0 convention=gaussian,BSL,g,3.308086659623258,3.0436589296935494e-232
n_obs=1000 seed=0 convention=gaussian,BSL,g,3.3204277391386734,1.5060402918969373e-240
n_obs=1000 seed=0 convention=gaussian,BSL,g,3.3327688186540887,5.296737956996416e-249
n_obs=1000 seed=0 convention=gaussian,BSL,g,3.345109898169504,1.3240722225786212e-257
n_obs=1000 seed=0 convention=gaussian,BSL,g,3.357450977684919,2.3525894844179878e-266
n_obs=1000 seed=0 convention=gaussian,BSL,g,3.3697920572003346,2.9710633916690164e-275
n_obs=1000 seed=0 convention=gaussian,BSL,g,3.3821331367157494,2.6669137758220834e-284
n_obs=1000 seed=0 convention=gaussian,BSL,g,3.3944742162311647,1.7015210298488982e-293
n_obs=1000 seed=0 convention=gaussian,BSL,g,3.40681529574658,7.716084185574346e-303
n_obs=1000 seed=0 convention=gaussian,BSL,g,3.4191563752619953,2.48706928109e-312
n_obs=1000 seed=0 convention=gaussian,BSL,g,3.4314974547774106,5.7e-322
n_obs=1000 seed=0 convention=gaussian,BSL,g,3.443838534292826,0.0
n_obs=1000 seed=0 convention=gaussian,BSL,g,3.4561796138082412,0.0
n_obs=1000 seed=0 convention=gaussian,BSL,g,3.468520693323656,0.0
n_obs=1000 seed=0 convention=gaussian,BSL,g,3.4808617728390714,0.0
n_obs=1000 seed=0 convention=gaussian,BSL,g,3.4932028523544867,0.0
n_obs=1000 seed=0 convention=gaussian,BSL,g,3.505543931869902,0.0
n_obs=1000 seed=0 convention=gaussian,BSL,g,3.5178850113853173,0.0
n_obs=1000 seed=0 convention=gaussian,BSL,g,3.5302260909007326,0.0
n_obs=1000 seed=0 convention=gaussian,BSL,g,3.542567170416148,0.0
n_obs=1000 seed=0 convention=gaussian,BSL,g,3.5549082499315627,0.0
n_obs=1000 seed=0 convention=gaussian,BSL,g,3.567249329446978,0.0
n_obs=1000 seed=0 convention=gaussian,BSL,g,3.5795904089623933,0.0
n_obs=1000 seed=0 convention=gaussian,BSL,g,3.5919314884778086,0.0
n_obs=1000 seed=0 convention=gaussian,BSL,g,3.604272567993224,0.0
n_obs=1000 seed=0 convention=gaussian,BSL,g,3.6166136475086392,0.0
n_obs=1000 seed=0 convention=gaussian,BSL,g,3.6289547270240545,0.0
n_obs=1000 seed=0 convention=gaussian,BSL,g,3.64129580653947,0.0
n_obs=1000 seed=0 convention=gaussian,BSL,g,3.653636886054885,0.0
n_obs=1000 seed=0 convention=gaussian,BSL,g,3.6659779655703,0.0
n_obs=1000 seed=0 convention=gaussian,BSL,g,3.6783190450857153,0.0
n_obs=1000 seed=0 convention=gaussian,BSL,g,3.6906601246011306,0.0
n_obs=1000 seed=0 convention=gaussian,BSL,g,3.703001204116546,0.0
n_obs=1000 seed=0 convention=gaussian,BSL,g,3.715342283631961,0.0
n_obs=1000 seed=0 convention=gaussian,BSL,g,3.7276833631473765,0.0
n_obs=1000 seed=0 convention=gaussian,BSL,g,3.7400244426627918,0.0
n_obs=1000 seed=0 convention=gaussian,BSL,g,3.7523655221782066,0.0
n_obs=1000 seed=0 convention=gaussian,BSL,g,3.764706601693622,0.0
n_obs=1000 seed=0 convention=gaussian,BSL,g,3.7770476812090372,0.0
n_obs=1000 seed=0 convention=gaussian,BSL,g,3.7893887607244525,0.0
n_obs=1000 seed=0 convention=gaussian,BSL,g,3.801729840239868,0.0
n_obs=1000 seed=0 convention=gaussian,BSL,g,3.814070919755283,0.0
n_obs=1000 seed=0 convention=gaussian,BSL,g,3.8264119992706984,0.0
n_obs=1000 seed=0 convention=gaussian,BSL,g,3.8387530787861137,0.0
n_obs=1000 seed=0 convention=gaussian,BSL,g,3.851094158301529,0.0
n_obs=1000 seed=0 convention=gaussian,BSL,g,3.863435237816944,0.0
n_obs=1000 seed=0 convention=gaussian,BSL,g,3.875776317332359,0.0
n_obs=1000 seed=0 convention=gaussian,BSL,g,3.8881173968477745,0.0
n_obs=1000 seed=0 convention=gaussian,Gaussian-NPE (z-score),g,1.4322425732801412,1.219316419468478e-05
n_obs=1000 seed=0 convention=gaussian,Gaussian-NPE (z-score),g,1.4445836527955564,2.274217965049713e-05
n_obs=1000 seed=0 convention=gaussian,Gaussian-NPE (z-score),g,1.4569247323109717,4.070956888664885e-05
n_obs=1000 seed=0 convention=gaussian,Gaussian-NPE (z-score),g,1.4692658118263868,6.997388683189961e-05
n_obs=1000 seed=0 convention=gaussian,Gaussian-NPE (z-score),g,1.4816068913418021,0.0001155689139041041
n_obs=1000 seed=0 convention=gaussian,Gaussian-NPE (z-score),g,1.4939479708572174,0.00018356238800822965
n_obs=1000 seed=0 convention=gaussian,Gaussian-NPE (z-score),g,1.5062890503726325,0.0002806976810994738
n_obs=1000 seed=0 convention=gaussian,Gaussian-NPE (z-score),g,1.5186301298880478,0.0004138169755332333
n_obs=1000 seed=0 convention=gaussian,Gaussian-NPE (z-score),g,1.530971209403463,0.0005891789477902635
n_obs=1000 seed=0 convention=gaussian,Gaussian-NPE (z-score),g,1.5433122889188784,0.0008118738074615218
n_obs=1000 seed=0 convention=gaussian,Gaussian-NPE (z-score),g,1.5556533684342937,0.0010855763730217
n_obs=1000 seed=0 convention=gaussian,Gaussian-NPE (z-score),g,1.5679944479497088,0.0014128213445155323
n_obs=1000 seed=0 convention=gaussian,Gaussian-NPE (z-score),g,1.580335527465124,0.0017958237690456052
n_obs=1000 seed=0 convention=gaussian,Gaussian-NPE (z-score),g,1.5926766069805394,0.0022376432390212976
n_obs=1000 seed=0 convention=gaussian,Gaussian-NPE (z-score),g,1.6050176864959544,0.002743292002307411
n_obs=1000 seed=0 convention=gaussian,Gaussian-NPE (z-score),g,1.6173587660113697,0.0033203190997617136
n_obs=1000 seed=0 convention=gaussian,Gaussian-NPE (z-score),g,1.629699845526785,0.003978531790399433
n_obs=1000 seed=0 convention=gaussian,Gaussian-NPE (z-score),g,1.6420409250422003,0.004728826493655864
n_obs=1000 seed=0 convention=gaussian,Gaussian-NPE (z-score),g,1.6543820045576156,0.005581486780823041
n_obs=1000 seed=0 convention=gaussian,Gaussian-NPE (z-score),g,1.6667230840730307,0.006544603913598938
n_obs=1000 seed=0 convention=gaussian,Gaussian-NPE (z-score),g,1.679064163588446,0.0076233422689096055
n_obs=1000 seed=0 convention=gaussian,Gaussian-NPE (z-score),g,1.6914052431038613,0.008820552974616392
n_obs=1000 seed=0 convention=gaussian,Gaussian-NPE (z-score),g,1.7037463226192764,0.010138801031366568
n_obs=1000 seed=0 convention=gaussian,Gaussian-NPE (z-score),g,1.7160874021346917,0.011583377305528721
n_obs=1000 seed=0 convention=gaussian,Gaussian-NPE (z-score),g,1.728428481650107,0.01316550484523542
n_obs=1000 seed=0 convention=gaussian,Gaussian-NPE (z-score),g,1.7407695611655223,0.014904848500869977
n_obs=1000 seed=0 convention=gaussian,Gaussian-NPE (z-score),g,1.7531106406809376,0.016830615833035727
n_obs=1000 seed=0 convention=gaussian,Gaussian-NPE (z-score),g,1.7654517201963527,0.01898090364246506
n_obs=1000 seed=0 convention=gaussian,Gaussian-NPE (z-score),g,1.777792799711768,0.021400348433134445
n_obs=1000 seed=0 convention=gaussian,Gaussian-NPE (z-score),g,1.7901338792271833,0.024136448008207197
n_obs=1000 seed=0 convention=gaussian,Gaussian-NPE (z-score),g,1.8024749587425983,0.027235077026630042
n_obs=1000 seed=0 convention=gaussian,Gaussian-NPE (z-score),g,1.8148160382580136,0.030735749933048482
n_obs=1000 seed=0 convention=gaussian,Gaussian-NPE (z-score),g,1.827157117773429,0.03466716799663218
n_obs=1000 seed=0 convention=gaussian,Gaussian-NPE (z-score),g,1.8394981972888442,0.039043589068683625
n_obs=1000 seed=0 convention=gaussian,Gaussian-NPE (z-score),g,1.8518392768042595,0.043862583977309404
n_obs=1000 seed=0 convention=gaussian,Gaussian-NPE (z-score),g,1.8641803563196746,0.04910472906458398
n_obs=1000 seed=0 convention=gaussian,Gaussian-NPE (z-score),g,1.87652143583509,0.054735638321820546
n_obs=1000 seed=0 convention=gaussian,Gaussian-NPE (z-score),g,1.8888625153505052,0.06071040338285865
n_obs=1000 seed=0 convention=gaussian,Gaussian-NPE (z-score),g,1.9012035948659203,0.06698001313673914
n_obs=1000 seed=0 convention=gaussian,Gaussian-NPE (z-score),g,1.9135446743813356,0.07349878984509602
n_obs=1000 seed=0 convention=gaussian,Gaussian-NPE (z-score),g,1.9258857538967509,0.08023148560291062
n_obs=1000 seed=0 convention=gaussian,Gaussian-NPE (z-score),g,1.9382268334121662,0.08715860192335229
n_obs=1000 seed=0 convention=gaussian,Gaussian-NPE (z-score),g,1.9505679129275815,0.09427881957040452
n_obs=1000 seed=0 convention=gaussian,Gaussian-NPE (z-score),g,1.9629089924429965,0.10160813097944087
n_obs=1000 seed=0 convention=gaussian,Gaussian-NPE (z-score),g,1.9752500719584118,0.10917620404889389
n_obs=1000 seed=0 convention=gaussian,Gaussian-NPE (z-score),g,1.9875911514738271,0.11702142049884007
n_obs=1000 seed=0 convention=gaussian,Gaussian-NPE (z-score),g,1.9999322309892422,0.1251866119148365
n_obs=1000 seed=0 convention=gaussian,Gaussian-NPE (z-score),g,2.0122733105046575,0.13371746248504912
n_obs=1000 seed=0 convention=gaussian,Gaussian-NPE (z-score),g,2.024614390020073,0.1426646817794302
n_obs=1000 seed=0 convention=gaussian,Gaussian-NPE (z-score),g,2.036955469535488,0.15208945224307147
n_obs=1000 seed=0 convention=gaussian,Gaussian-NPE (z-score),g,2.0492965490509034,0.16206975888046926
n_obs=1000 seed=0 convention=gaussian,Gaussian-NPE (z-score),g,2.0616376285663183,0.17270377155155225
n_obs=1000 seed=0 convention=gaussian,Gaussian-NPE (z-score),g,2.073978708081734,0.18410631710197317
n_obs=1000 seed=0 convention=gaussian,Gaussian-NPE (z-score),g,2.086319787597149,0.19639616433837295
n_obs=1000 seed=0 convention=gaussian,Gaussian-NPE (z-score),g,2.098660867112564,0.20967513093572523
n_obs=1000 seed=0 convention=gaussian,Gaussian-NPE (z-score),g,2.1110019466279795,0.2240038248573174
n_obs=1000 seed=0 convention=gaussian,Gaussian-NPE (z-score),g,2.1233430261433948,0.23938153393119396
n_obs=1000 seed=0 convention=gaussian,Gaussian-NPE (z-score),g,2.13568410565881,0.25573793737732
n_obs=1000 seed=0 convention=gaussian,Gaussian-NPE (z-score),g,2.1480251851742254,0.2729414433253014
n_obs=1000 seed=0 convention=gaussian,Gaussian-NPE (z-score),g,2.1603662646896407,0.2908238911969782
n_obs=1000 seed=0 convention=gaussian,Gaussian-NPE (z-score),g,2.1727073442050555,0.3092159693888462
n_obs=1000 seed=0 convention=gaussian,Gaussian-NPE (z-score),g,2.1850484237204713,0.3279840595622935
n_obs=1000 seed=0 convention=gaussian,Gaussian-NPE (z-score),g,2.197389503235886,0.34705865439926403
n_obs=1000 seed=0 convention=gaussian,Gaussian-NPE (z-score),g,2.2097305827513014,0.3664470335826039
n_obs=1000 seed=0 convention=gaussian,Gaussian-NPE (z-score),g,2.2220716622667167,0.3862273646886989
n_obs=1000 seed=0 convention=gaussian,Gaussian-NPE (z-score),g,2.234412741782132,0.40652613030872653
n_obs=1000 seed=0 convention=gaussian,Gaussian-NPE (z-score),g,2.2467538212975473,0.4274843397258548
n_obs=1000 seed=0 convention=gaussian,Gaussian-NPE (z-score),g,2.259094900812962,0.44921970970597846
n_obs=1000 seed=0 convention=gaussian,Gaussian-NPE (z-score),g,2.271435980328378,0.4717920514057546
n_obs=1000 seed=0 convention=gaussian,Gaussian-NPE (z-score),g,2.2837770598437928,0.4951780771823152
n_obs=1000 seed=0 convention=gaussian,Gaussian-NPE (z-score),g,2.296118139359208,0.5192602864490936
n_obs=1000 seed=0 convention=gaussian,Gaussian-NPE (z-score),g,2.3084592188746234,0.5438326747856418
n_obs=1000 seed=0 convention=gaussian,Gaussian-NPE (z-score),g,2.3208002983900387,0.5686235644348441
n_obs=1000 seed=0 convention=gaussian,Gaussian-NPE (z-score),g,2.333141377905454,0.5933327125011256
n_obs=1000 seed=0 convention=gaussian,Gaussian-NPE (z-score),g,2.3454824574208692,0.6176762939273857
n_obs=1000 seed=0 convention=gaussian,Gaussian-NPE (z-score),g,2.3578235369362845,0.6414303128106542
n_obs=1000 seed=0 convention=gaussian,Gaussian-NPE (z-score),g,2.3701646164516994,0.6644618228548573
n_obs=1000 seed=0 convention=gaussian,Gaussian-NPE (z-score),g,2.382505695967115,0.6867391688691385
n_obs=1000 seed=0 convention=gaussian,Gaussian-NPE (z-score),g,2.39484677548253,0.7083174697191459
n_obs=1000 seed=0 convention=gaussian,Gaussian-NPE (z-score),g,2.4071878549979453,0.7293025744025368
n_obs=1000 seed=0 convention=gaussian,Gaussian-NPE (z-score),g,2.4195289345133606,0.7498034736673961
n_obs=1000 seed=0 convention=gaussian,Gaussian-NPE (z-score),g,2.431870014028776,0.7698871435413841
n_obs=1000 seed=0 convention=gaussian,Gaussian-NPE (z-score),g,2.444211093544191,0.789549362670682
n_obs=1000 seed=0 convention=gaussian,Gaussian-NPE (z-score),g,2.456552173059606,0.8087100837907957
n_obs=1000 seed=0 convention=gaussian,Gaussian-NPE (z-score),g,2.468893252575022,0.8272340219027028
n_obs=1000 seed=0 convention=gaussian,Gaussian-NPE (z-score),g,2.4812343320904366,0.8449689192562734
n_obs=1000 seed=0 convention=gaussian,Gaussian-NPE (z-score),g,2.493575411605852,0.8617882653721147
n_obs=1000 seed=0 convention=gaussian,Gaussian-NPE (z-score),g,2.5059164911212672,0.8776240424937832
n_obs=1000 seed=0 convention=gaussian,Gaussian-NPE (z-score),g,2.5182575706366825,0.8924787576115907
n_obs=1000 seed=0 convention=gaussian,Gaussian-NPE (z-score),g,2.530598650152098,0.906413342510929
n_obs=1000 seed=0 convention=gaussian,Gaussian-NPE (z-score),g,2.542939729667513,0.9195159008293219
n_obs=1000 seed=0 convention=gaussian,Gaussian-NPE (z-score),g,2.5552808091829284,0.9318628077627805
n_obs=1000 seed=0 convention=gaussian,Gaussian-NPE (z-score),g,2.5676218886983433,0.9434860645166284
n_obs=1000 seed=0 convention=gaussian,Gaussian-NPE (z-score),g,2.579962968213759,0.9543583686425312
n_obs=1000 seed=0 convention=gaussian,Gaussian-NPE (z-score),g,2.592304047729174,0.9644011766042635
n_obs=1000 seed=0 convention=gaussian,Gaussian-NPE (z-score),g,2.604645127244589,0.9735134875183905
n_obs=1000 seed=0 convention=gaussian,Gaussian-NPE (z-score),g,2.6169862067600045,0.9816127901098258
n_obs=1000 seed=0 convention=gaussian,Gaussian-NPE (z-score),g,2.62932728627542,0.9886763915979774
n_obs=1000 seed=0 convention=gaussian,Gaussian-NPE (z-score),g,2.641668365790835,0.9947716134672233
n_obs=1000 seed=0 convention=gaussian,Gaussian-NPE (z-score),g,2.65400944530625,1.0000663111749653
n_obs=1000 seed=0 convention=gaussian,Gaussian-NPE (z-score),g,2.6663505248216657,1.0048155493038822
n_obs=1000 seed=0 convention=gaussian,Gaussian-NPE (z-score),g,2.6786916043370805,1.009324950404798
n_obs=1000 seed=0 convention=gaussian,Gaussian-NPE (z-score),g,2.691032683852496,1.0138956907532655
n_obs=1000 seed=0 convention=gaussian,Gaussian-NPE (z-score),g,2.703373763367911,1.0187601385906113
n_obs=1000 seed=0 convention=gaussian,Gaussian-NPE (z-score),g,2.7157148428833264,1.02402036586642
n_obs=1000 seed=0 convention=gaussian,Gaussian-NPE (z-score),g,2.7280559223987417,1.0296033617341391
n_obs=1000 seed=0 convention=gaussian,Gaussian-NPE (z-score),g,2.740397001914157,1.0352455493238724
n_obs=1000 seed=0 convention=gaussian,Gaussian-NPE (z-score),g,2.7527380814295723,1.0405143183312318
n_obs=1000 seed=0 convention=gaussian,Gaussian-NPE (z-score),g,2.765079160944987,1.044866071558847
n_obs=1000 seed=0 convention=gaussian,Gaussian-NPE (z-score),g,2.777420240460403,1.0477306652363492
n_obs=1000 seed=0 convention=gaussian,Gaussian-NPE (z-score),g,2.7897613199758178,1.0486041895145648
n_obs=1000 seed=0 convention=gaussian,Gaussian-NPE (z-score),g,2.802102399491233,1.0471288428292305
n_obs=1000 seed=0 convention=gaussian,Gaussian-NPE (z-score),g,2.8144434790066484,1.0431417875735234
n_obs=1000 seed=0 convention=gaussian,Gaussian-NPE (z-score),g,2.8267845585220637,1.036683551520065
n_obs=1000 seed=0 convention=gaussian,Gaussian-NPE (z-score),g,2.839125638037479,1.0279677948142472
n_obs=1000 seed=0 convention=gaussian,Gaussian-NPE (z-score),g,2.851466717552894,1.0173241868954896
n_obs=1000 seed=0 convention=gaussian,Gaussian-NPE (z-score),g,2.8638077970683096,1.0051315410672783
n_obs=1000 seed=0 convention=gaussian,Gaussian-NPE (z-score),g,2.8761488765837244,0.9917580084195672
n_obs=1000 seed=0 convention=gaussian,Gaussian-NPE (z-score),g,2.8884899560991397,0.9775200243823539
n_obs=1000 seed=0 convention=gaussian,Gaussian-NPE (z-score),g,2.900831035614555,0.9626642996530947
n_obs=1000 seed=0 convention=gaussian,Gaussian-NPE (z-score),g,2.9131721151299703,0.9473701870546938
n_obs=1000 seed=0 convention=gaussian,Gaussian-NPE (z-score),g,2.9255131946453856,0.9317651793564949
n_obs=1000 seed=0 convention=gaussian,Gaussian-NPE (z-score),g,2.937854274160801,0.9159447742899572
n_obs=1000 seed=0 convention=gaussian,Gaussian-NPE (z-score),g,2.950195353676216,0.8999890372120689
n_obs=1000 seed=0 convention=gaussian,Gaussian-NPE (z-score),g,2.962536433191631,0.8839708642787917
n_obs=1000 seed=0 convention=gaussian,Gaussian-NPE (z-score),g,2.974877512707047,0.8679541446791951
n_obs=1000 seed=0 convention=gaussian,Gaussian-NPE (z-score),g,2.9872185922224617,0.8519830171135718
n_obs=1000 seed=0 convention=gaussian,Gaussian-NPE (z-score),g,2.999559671737877,0.8360658620343505
n_obs=1000 seed=0 convention=gaussian,Gaussian-NPE (z-score),g,3.0119007512532923,0.8201593867519802
n_obs=1000 seed=0 convention=gaussian,Gaussian-NPE (z-score),g,3.0242418307687076,0.8041588967652794
n_obs=1000 seed=0 convention=gaussian,Gaussian-NPE (z-score),g,3.036582910284123,0.7879002282559799
n_obs=1000 seed=0 convention=gaussian,Gaussian-NPE (z-score),g,3.0489239897995377,0.7711765583367596
n_obs=1000 seed=0 convention=gaussian,Gaussian-NPE (z-score),g,3.0612650693149535,0.753769586176466
n_obs=1000 seed=0 convention=gaussian,Gaussian-NPE (z-score),g,3.0736061488303683,0.7354902568702737
n_obs=1000 seed=0 convention=gaussian,Gaussian-NPE (z-score),g,3.0859472283457836,0.7162206762586967
n_obs=1000 seed=0 convention=gaussian,Gaussian-NPE (z-score),g,3.098288307861199,0.6959474925090455
n_obs=1000 seed=0 convention=gaussian,Gaussian-NPE (z-score),g,3.110629387376614,0.6747784361164315
n_obs=1000 seed=0 convention=gaussian,Gaussian-NPE (z-score),g,3.1229704668920295,0.6529374801433327
n_obs=1000 seed=0 convention=gaussian,Gaussian-NPE (z-score),g,3.135311546407445,0.6307389152664393
n_obs=1000 seed=0 convention=gaussian,Gaussian-NPE (z-score),g,3.14765262592286,0.6085450328072489
n_obs=1000 seed=0 convention=gaussian,Gaussian-NPE (z-score),g,3.159993705438275,0.586715044092762
n_obs=1000 seed=0 convention=gaussian,Gaussian-NPE (z-score),g,3.1723347849536907,0.5655540580224037
n_obs=1000 seed=0 convention=gaussian,Gaussian-NPE (z-score),g,3.1846758644691056,0.5452706547140896
n_obs=1000 seed=0 convention=gaussian,Gaussian-NPE (z-score),g,3.197016943984521,0.5259501910829241
n_obs=1000 seed=0 convention=gaussian,Gaussian-NPE (z-score),g,3.209358023499936,0.5075486145097674
n_obs=1000 seed=0 convention=gaussian,Gaussian-NPE (z-score),g,3.2216991030153515,0.48990827638500145
n_obs=1000 seed=0 convention=gaussian,Gaussian-NPE (z-score),g,3.2340401825307667,0.47279325724176824
n_obs=1000 seed=0 convention=gaussian,Gaussian-NPE (z-score),g,3.2463812620461816,0.45593771326245525
n_obs=1000 seed=0 convention=gaussian,Gaussian-NPE (z-score),g,3.2587223415615973,0.43909776419677626
n_obs=1000 seed=0 convention=gaussian,Gaussian-NPE (z-score),g,3.271063421077012,0.42209645380634875
n_obs=1000 seed=0 convention=gaussian,Gaussian-NPE (z-score),g,3.2834045005924275,0.40485280177050376
n_obs=1000 seed=0 convention=gaussian,Gaussian-NPE (z-score),g,3.295745580107843,0.3873896560199145
n_obs=1000 seed=0 convention=gaussian,Gaussian-NPE (z-score),g,3.308086659623258,0.3698200228604954
n_obs=1000 seed=0 convention=gaussian,Gaussian-NPE (z-score),g,3.3204277391386734,0.3523165501795191
n_obs=1000 seed=0 convention=gaussian,Gaussian-NPE (z-score),g,3.3327688186540887,0.3350726375074678
n_obs=1000 seed=0 convention=gaussian,Gaussian-NPE (z-score),g,3.345109898169504,0.31826528709690355
n_obs=1000 seed=0 convention=gaussian,Gaussian-NPE (z-score),g,3.357450977684919,0.3020287856263703
n_obs=1000 seed=0 convention=gaussian,Gaussian-NPE (z-score),g,3.3697920572003346,0.2864447374586769
n_obs=1000 seed=0 convention=gaussian,Gaussian-NPE (z-score),g,3.3821331367157494,0.2715487389187418
n_obs=1000 seed=0 convention=gaussian,Gaussian-NPE (z-score),g,3.3944742162311647,0.2573486599031526
n_obs=1000 seed=0 convention=gaussian,Gaussian-NPE (z-score),g,3.40681529574658,0.24384592512687325
n_obs=1000 seed=0 convention=gaussian,Gaussian-NPE (z-score),g,3.4191563752619953,0.23105075932039632
n_obs=1000 seed=0 convention=gaussian,Gaussian-NPE (z-score),g,3.4314974547774106,0.2189853381711078
n_obs=1000 seed=0 convention=gaussian,Gaussian-NPE (z-score),g,3.443838534292826,0.20767403314522462
n_obs=1000 seed=0 convention=gaussian,Gaussian-NPE (z-score),g,3.4561796138082412,0.19712533035425175
n_obs=1000 seed=0 convention=gaussian,Gaussian-NPE (z-score),g,3.468520693323656,0.1873133641165771
n_obs=1000 seed=0 convention=gaussian,Gaussian-NPE (z-score),g,3.4808617728390714,0.17816708578730348
n_obs=1000 seed=0 convention=gaussian,Gaussian-NPE (z-score),g,3.4932028523544867,0.16957207909688735
n_obs=1000 seed=0 convention=gaussian,Gaussian-NPE (z-score),g,3.505543931869902,0.16138536285078273
n_obs=1000 seed=0 convention=gaussian,Gaussian-NPE (z-score),g,3.5178850113853173,0.15345910251967856
n_obs=1000 seed=0 convention=gaussian,Gaussian-NPE (z-score),g,3.5302260909007326,0.14566652211940867
n_obs=1000 seed=0 convention=gaussian,Gaussian-NPE (z-score),g,3.542567170416148,0.13792309789212107
n_obs=1000 seed=0 convention=gaussian,Gaussian-NPE (z-score),g,3.5549082499315627,0.13019801461182567
n_obs=1000 seed=0 convention=gaussian,Gaussian-NPE (z-score),g,3.567249329446978,0.12251396053785726
n_obs=1000 seed=0 convention=gaussian,Gaussian-NPE (z-score),g,3.5795904089623933,0.11493655775556144
n_obs=1000 seed=0 convention=gaussian,Gaussian-NPE (z-score),g,3.5919314884778086,0.10755717767751202
n_obs=1000 seed=0 convention=gaussian,Gaussian-NPE (z-score),g,3.604272567993224,0.10047402379621574
n_obs=1000 seed=0 convention=gaussian,Gaussian-NPE (z-score),g,3.6166136475086392,0.09377601233745905
n_obs=1000 seed=0 convention=gaussian,Gaussian-NPE (z-score),g,3.6289547270240545,0.08753237686157771
n_obs=1000 seed=0 convention=gaussian,Gaussian-NPE (z-score),g,3.64129580653947,0.08178864783425775
n_obs=1000 seed=0 convention=gaussian,Gaussian-NPE (z-score),g,3.653636886054885,0.07656751166118403
n_obs=1000 seed=0 convention=gaussian,Gaussian-NPE (z-score),g,3.6659779655703,0.07187179843387763
n_obs=1000 seed=0 convention=gaussian,Gaussian-NPE (z-score),g,3.6783190450857153,0.06768690926184885
n_obs=1000 seed=0 convention=gaussian,Gaussian-NPE (z-score),g,3.6906601246011306,0.06398125505053184
n_obs=1000 seed=0 convention=gaussian,Gaussian-NPE (z-score),g,3.703001204116546,0.06070510107315008
n_obs=1000 seed=0 convention=gaussian,Gaussian-NPE (z-score),g,3.715342283631961,0.05778971388109946
n_obs=1000 seed=0 convention=gaussian,Gaussian-NPE (z-score),g,3.7276833631473765,0.05514917293525195
n_obs=1000 seed=0 convention=gaussian,Gaussian-NPE (z-score),g,3.7400244426627918,0.05268642389077896
n_obs=1000 seed=0 convention=gaussian,Gaussian-NPE (z-score),g,3.7523655221782066,0.05030348592100877
n_obs=1000 seed=0 convention=gaussian,Gaussian-NPE (z-score),g,3.764706601693622,0.04791393899239366
n_obs=1000 seed=0 convention=gaussian,Gaussian-NPE (z-score),g,3.7770476812090372,0.04545467863783335
n_obs=1000 seed=0 convention=gaussian,Gaussian-NPE (z-score),g,3.7893887607244525,0.04289387625520008
n_obs=1000 seed=0 convention=gaussian,Gaussian-NPE (z-score),g,3.801729840239868,0.040233084547185355
n_obs=1000 seed=0 convention=gaussian,Gaussian-NPE (z-score),g,3.814070919755283,0.03750304912520477
n_obs=1000 seed=0 convention=gaussian,Gaussian-NPE (z-score),g,3.8264119992706984,0.03475443889033134
n_obs=1000 seed=0 convention=gaussian,Gaussian-NPE (z-score),g,3.8387530787861137,0.03204588756521366
n_obs=1000 seed=0 convention=gaussian,Gaussian-NPE (z-score),g,3.851094158301529,0.029432180287039172
n_obs=1000 seed=0 convention=gaussian,Gaussian-NPE (z-score),g,3.863435237816944,0.026955112232794648
n_obs=1000 seed=0 convention=gaussian,Gaussian-NPE (z-score),g,3.875776317332359,0.024638669636220363
n_obs=1000 seed=0 convention=gaussian,Gaussian-NPE (z-score),g,3.8881173968477745,0.022489013042939227
n_obs=1000 seed=0 convention=gaussian,Gaussian-NPE (robust asinh),g,1.4322425732801412,0.021901271520743597
n_obs=1000 seed=0 convention=gaussian,Gaussian-NPE (robust asinh),g,1.4445836527955564,0.02668016364332231
n_obs=1000 seed=0 convention=gaussian,Gaussian-NPE (robust asinh),g,1.4569247323109717,0.0319437675776592
n_obs=1000 seed=0 convention=gaussian,Gaussian-NPE (robust asinh),g,1.4692658118263868,0.037534995691516
n_obs=1000 seed=0 convention=gaussian,Gaussian-NPE (robust asinh),g,1.4816068913418021,0.04324740162757335
n_obs=1000 seed=0 convention=gaussian,Gaussian-NPE (robust asinh),g,1.4939479708572174,0.04887457115957786
n_obs=1000 seed=0 convention=gaussian,Gaussian-NPE (robust asinh),g,1.5062890503726325,0.05428052610580559
n_obs=1000 seed=0 convention=gaussian,Gaussian-NPE (robust asinh),g,1.5186301298880478,0.05946828819771796
n_obs=1000 seed=0 convention=gaussian,Gaussian-NPE (robust asinh),g,1.530971209403463,0.06461999289908493
n_obs=1000 seed=0 convention=gaussian,Gaussian-NPE (robust asinh),g,1.5433122889188784,0.07009028871056916
n_obs=1000 seed=0 convention=gaussian,Gaussian-NPE (robust asinh),g,1.5556533684342937,0.07635152350195247
n_obs=1000 seed=0 convention=gaussian,Gaussian-NPE (robust asinh),g,1.5679944479497088,0.08390666170949346
n_obs=1000 seed=0 convention=gaussian,Gaussian-NPE (robust asinh),g,1.580335527465124,0.09319652588937762
n_obs=1000 seed=0 convention=gaussian,Gaussian-NPE (robust asinh),g,1.5926766069805394,0.10452809924436897
n_obs=1000 seed=0 convention=gaussian,Gaussian-NPE (robust asinh),g,1.6050176864959544,0.11804131099530063
n_obs=1000 seed=0 convention=gaussian,Gaussian-NPE (robust asinh),g,1.6173587660113697,0.1337174553250367
n_obs=1000 seed=0 convention=gaussian,Gaussian-NPE (robust asinh),g,1.629699845526785,0.15141878886794963
n_obs=1000 seed=0 convention=gaussian,Gaussian-NPE (robust asinh),g,1.6420409250422003,0.1709406589326979
n_obs=1000 seed=0 convention=gaussian,Gaussian-NPE (robust asinh),g,1.6543820045576156,0.19205746749095717
n_obs=1000 seed=0 convention=gaussian,Gaussian-NPE (robust asinh),g,1.6667230840730307,0.21455185133855187
n_obs=1000 seed=0 convention=gaussian,Gaussian-NPE (robust asinh),g,1.679064163588446,0.23822913845537255
n_obs=1000 seed=0 convention=gaussian,Gaussian-NPE (robust asinh),g,1.6914052431038613,0.2629295752749431
n_obs=1000 seed=0 convention=gaussian,Gaussian-NPE (robust asinh),g,1.7037463226192764,0.2885516177093939
n_obs=1000 seed=0 convention=gaussian,Gaussian-NPE (robust asinh),g,1.7160874021346917,0.31508812631068883
n_obs=1000 seed=0 convention=gaussian,Gaussian-NPE (robust asinh),g,1.728428481650107,0.342659830548917
n_obs=1000 seed=0 convention=gaussian,Gaussian-NPE (robust asinh),g,1.7407695611655223,0.3715197671385858
n_obs=1000 seed=0 convention=gaussian,Gaussian-NPE (robust asinh),g,1.7531106406809376,0.40200894783527114
n_obs=1000 seed=0 convention=gaussian,Gaussian-NPE (robust asinh),g,1.7654517201963527,0.4344660390398049
n_obs=1000 seed=0 convention=gaussian,Gaussian-NPE (robust asinh),g,1.777792799711768,0.4691188710647817
n_obs=1000 seed=0 convention=gaussian,Gaussian-NPE (robust asinh),g,1.7901338792271833,0.5059970996222987
n_obs=1000 seed=0 convention=gaussian,Gaussian-NPE (robust asinh),g,1.8024749587425983,0.5448964939080588
n_obs=1000 seed=0 convention=gaussian,Gaussian-NPE (robust asinh),g,1.8148160382580136,0.585402266975395
n_obs=1000 seed=0 convention=gaussian,Gaussian-NPE (robust asinh),g,1.827157117773429,0.6269545386250301
n_obs=1000 seed=0 convention=gaussian,Gaussian-NPE (robust asinh),g,1.8394981972888442,0.6689245600146312
n_obs=1000 seed=0 convention=gaussian,Gaussian-NPE (robust asinh),g,1.8518392768042595,0.7106713951945735
n_obs=1000 seed=0 convention=gaussian,Gaussian-NPE (robust asinh),g,1.8641803563196746,0.7515660395917492
n_obs=1000 seed=0 convention=gaussian,Gaussian-NPE (robust asinh),g,1.87652143583509,0.7909980848233353
n_obs=1000 seed=0 convention=gaussian,Gaussian-NPE (robust asinh),g,1.8888625153505052,0.828404466893765
n_obs=1000 seed=0 convention=gaussian,Gaussian-NPE (robust asinh),g,1.9012035948659203,0.8633596182673442
n_obs=1000 seed=0 convention=gaussian,Gaussian-NPE (robust asinh),g,1.9135446743813356,0.8957286195975186
n_obs=1000 seed=0 convention=gaussian,Gaussian-NPE (robust asinh),g,1.9258857538967509,0.9258227678555301
n_obs=1000 seed=0 convention=gaussian,Gaussian-NPE (robust asinh),g,1.9382268334121662,0.9544512943077057
n_obs=1000 seed=0 convention=gaussian,Gaussian-NPE (robust asinh),g,1.9505679129275815,0.982778140284117
n_obs=1000 seed=0 convention=gaussian,Gaussian-NPE (robust asinh),g,1.9629089924429965,1.0119795215447283
n_obs=1000 seed=0 convention=gaussian,Gaussian-NPE (robust asinh),g,1.9752500719584118,1.0428151912883856
n_obs=1000 seed=0 convention=gaussian,Gaussian-NPE (robust asinh),g,1.9875911514738271,1.0753010646497168
n_obs=1000 seed=0 convention=gaussian,Gaussian-NPE (robust asinh),g,1.9999322309892422,1.108647732619779
n_obs=1000 seed=0 convention=gaussian,Gaussian-NPE (robust asinh),g,2.0122733105046575,1.1415114392047125
n_obs=1000 seed=0 convention=gaussian,Gaussian-NPE (robust asinh),g,2.024614390020073,1.1724547784049353
n_obs=1000 seed=0 convention=gaussian,Gaussian-NPE (robust asinh),g,2.036955469535488,1.200417759407509
n_obs=1000 seed=0 convention=gaussian,Gaussian-NPE (robust asinh),g,2.0492965490509034,1.225007349296282
n_obs=1000 seed=0 convention=gaussian,Gaussian-NPE (robust asinh),g,2.0616376285663183,1.2465134422455293
n_obs=1000 seed=0 convention=gaussian,Gaussian-NPE (robust asinh),g,2.073978708081734,1.2656883772345713
n_obs=1000 seed=0 convention=gaussian,Gaussian-NPE (robust asinh),g,2.086319787597149,1.283414630374058
n_obs=1000 seed=0 convention=gaussian,Gaussian-NPE (robust asinh),g,2.098660867112564,1.3003961373224036
n_obs=1000 seed=0 convention=gaussian,Gaussian-NPE (robust asinh),g,2.1110019466279795,1.3169588038442392
n_obs=1000 seed=0 convention=gaussian,Gaussian-NPE (robust asinh),g,2.1233430261433948,1.3329810966947866
n_obs=1000 seed=0 convention=gaussian,Gaussian-NPE (robust asinh),g,2.13568410565881,1.34793508673611
n_obs=1000 seed=0 convention=gaussian,Gaussian-NPE (robust asinh),g,2.1480251851742254,1.3610100104621834
n_obs=1000 seed=0 convention=gaussian,Gaussian-NPE (robust asinh),g,2.1603662646896407,1.3712957625957964
n_obs=1000 seed=0 convention=gaussian,Gaussian-NPE (robust asinh),g,2.1727073442050555,1.37800032219788
n_obs=1000 seed=0 convention=gaussian,Gaussian-NPE (robust asinh),g,2.1850484237204713,1.3806567980275766
n_obs=1000 seed=0 convention=gaussian,Gaussian-NPE (robust asinh),g,2.197389503235886,1.3792564963001603
n_obs=1000 seed=0 convention=gaussian,Gaussian-NPE (robust asinh),g,2.2097305827513014,1.3742469366312682
n_obs=1000 seed=0 convention=gaussian,Gaussian-NPE (robust asinh),g,2.2220716622667167,1.366372358916365
n_obs=1000 seed=0 convention=gaussian,Gaussian-NPE (robust asinh),g,2.234412741782132,1.3564008225823854
n_obs=1000 seed=0 convention=gaussian,Gaussian-NPE (robust asinh),g,2.2467538212975473,1.3448440136863071
n_obs=1000 seed=0 convention=gaussian,Gaussian-NPE (robust asinh),g,2.259094900812962,1.3317925804361117
n_obs=1000 seed=0 convention=gaussian,Gaussian-NPE (robust asinh),g,2.271435980328378,1.3169408467803376
n_obs=1000 seed=0 convention=gaussian,Gaussian-NPE (robust asinh),g,2.2837770598437928,1.299781161340612
n_obs=1000 seed=0 convention=gaussian,Gaussian-NPE (robust asinh),g,2.296118139359208,1.279864348908781
n_obs=1000 seed=0 convention=gaussian,Gaussian-NPE (robust asinh),g,2.3084592188746234,1.2569997107343807
n_obs=1000 seed=0 convention=gaussian,Gaussian-NPE (robust asinh),g,2.3208002983900387,1.2313157046822525
n_obs=1000 seed=0 convention=gaussian,Gaussian-NPE (robust asinh),g,2.333141377905454,1.2031839083716322
n_obs=1000 seed=0 convention=gaussian,Gaussian-NPE (robust asinh),g,2.3454824574208692,1.1730714528679402
n_obs=1000 seed=0 convention=gaussian,Gaussian-NPE (robust asinh),g,2.3578235369362845,1.1414018858784751
n_obs=1000 seed=0 convention=gaussian,Gaussian-NPE (robust asinh),g,2.3701646164516994,1.108479733082062
n_obs=1000 seed=0 convention=gaussian,Gaussian-NPE (robust asinh),g,2.382505695967115,1.0744964750327108
n_obs=1000 seed=0 convention=gaussian,Gaussian-NPE (robust asinh),g,2.39484677548253,1.0396035523013991
n_obs=1000 seed=0 convention=gaussian,Gaussian-NPE (robust asinh),g,2.4071878549979453,1.0040145316455356
n_obs=1000 seed=0 convention=gaussian,Gaussian-NPE (robust asinh),g,2.4195289345133606,0.9680848167169888
n_obs=1000 seed=0 convention=gaussian,Gaussian-NPE (robust asinh),g,2.431870014028776,0.9323220826735438
n_obs=1000 seed=0 convention=gaussian,Gaussian-NPE (robust asinh),g,2.444211093544191,0.8973111899692862
n_obs=1000 seed=0 convention=gaussian,Gaussian-NPE (robust asinh),g,2.456552173059606,0.8635826910084622
n_obs=1000 seed=0 convention=gaussian,Gaussian-NPE (robust asinh),g,2.468893252575022,0.8314853538444337
n_obs=1000 seed=0 convention=gaussian,Gaussian-NPE (robust asinh),g,2.4812343320904366,0.8011168985598798
n_obs=1000 seed=0 convention=gaussian,Gaussian-NPE (robust asinh),g,2.493575411605852,0.7723286790398244
n_obs=1000 seed=0 convention=gaussian,Gaussian-NPE (robust asinh),g,2.5059164911212672,0.7447809338941902
n_obs=1000 seed=0 convention=gaussian,Gaussian-NPE (robust asinh),g,2.5182575706366825,0.718014940214398
n_obs=1000 seed=0 convention=gaussian,Gaussian-NPE (robust asinh),g,2.530598650152098,0.6915276026939474
n_obs=1000 seed=0 convention=gaussian,Gaussian-NPE (robust asinh),g,2.542939729667513,0.6648560248730164
n_obs=1000 seed=0 convention=gaussian,Gaussian-NPE (robust asinh),g,2.5552808091829284,0.6376779853942438
n_obs=1000 seed=0 convention=gaussian,Gaussian-NPE (robust asinh),g,2.5676218886983433,0.6099087985488149
n_obs=1000 seed=0 convention=gaussian,Gaussian-NPE (robust asinh),g,2.579962968213759,0.5817514797678506
n_obs=1000 seed=0 convention=gaussian,Gaussian-NPE (robust asinh),g,2.592304047729174,0.5536619914003996
n_obs=1000 seed=0 convention=gaussian,Gaussian-NPE (robust asinh),g,2.604645127244589,0.5262271260564856
n_obs=1000 seed=0 convention=gaussian,Gaussian-NPE (robust asinh),g,2.6169862067600045,0.49999584872763436
n_obs=1000 seed=0 convention=gaussian,Gaussian-NPE (robust asinh),g,2.62932728627542,0.47532680831429547
n_obs=1000 seed=0 convention=gaussian,Gaussian-NPE (robust asinh),g,2.641668365790835,0.45230363625939024
n_obs=1000 seed=0 convention=gaussian,Gaussian-NPE (robust asinh),g,2.65400944530625,0.43073682151861675
n_obs=1000 seed=0 convention=gaussian,Gaussian-NPE (robust asinh),g,2.6663505248216657,0.41023786550376895
n_obs=1000 seed=0 convention=gaussian,Gaussian-NPE (robust asinh),g,2.6786916043370805,0.3903331321532973
n_obs=1000 seed=0 convention=gaussian,Gaussian-NPE (robust asinh),g,2.691032683852496,0.37058301368534924
n_obs=1000 seed=0 convention=gaussian,Gaussian-NPE (robust asinh),g,2.703373763367911,0.35067972735385217
n_obs=1000 seed=0 convention=gaussian,Gaussian-NPE (robust asinh),g,2.7157148428833264,0.33050696769569543
n_obs=1000 seed=0 convention=gaussian,Gaussian-NPE (robust asinh),g,2.7280559223987417,0.31015370788430957
n_obs=1000 seed=0 convention=gaussian,Gaussian-NPE (robust asinh),g,2.740397001914157,0.28988291249482634
n_obs=1000 seed=0 convention=gaussian,Gaussian-NPE (robust asinh),g,2.7527380814295723,0.2700642921044844
n_obs=1000 seed=0 convention=gaussian,Gaussian-NPE (robust asinh),g,2.765079160944987,0.2510875328233444
n_obs=1000 seed=0 convention=gaussian,Gaussian-NPE (robust asinh),g,2.777420240460403,0.2332766657490587
n_obs=1000 seed=0 convention=gaussian,Gaussian-NPE (robust asinh),g,2.7897613199758178,0.2168257073367877
n_obs=1000 seed=0 convention=gaussian,Gaussian-NPE (robust asinh),g,2.802102399491233,0.20176993961935513
n_obs=1000 seed=0 convention=gaussian,Gaussian-NPE (robust asinh),g,2.8144434790066484,0.1879972552840336
n_obs=1000 seed=0 convention=gaussian,Gaussian-NPE (robust asinh),g,2.8267845585220637,0.17529253101186862
n_obs=1000 seed=0 convention=gaussian,Gaussian-NPE (robust asinh),g,2.839125638037479,0.1633990658230995
n_obs=1000 seed=0 convention=gaussian,Gaussian-NPE (robust asinh),g,2.851466717552894,0.1520786258234921
n_obs=1000 seed=0 convention=gaussian,Gaussian-NPE (robust asinh),g,2.8638077970683096,0.14115650618722275
n_obs=1000 seed=0 convention=gaussian,Gaussian-NPE (robust asinh),g,2.8761488765837244,0.13054655996073106
n_obs=1000 seed=0 convention=gaussian,Gaussian-NPE (robust asinh),g,2.8884899560991397,0.12025722798952164
n_obs=1000 seed=0 convention=gaussian,Gaussian-NPE (robust asinh),g,2.900831035614555,0.11037995867053263
n_obs=1000 seed=0 convention=gaussian,Gaussian-NPE (robust asinh),g,2.9131721151299703,0.10105905604847125
n_obs=1000 seed=0 convention=gaussian,Gaussian-NPE (robust asinh),g,2.9255131946453856,0.0924436111110819
n_obs=1000 seed=0 convention=gaussian,Gaussian-NPE (robust asinh),g,2.937854274160801,0.08463089523418942
n_obs=1000 seed=0 convention=gaussian,Gaussian-NPE (robust asinh),g,2.950195353676216,0.0776212612337242
n_obs=1000 seed=0 convention=gaussian,Gaussian-NPE (robust asinh),g,2.962536433191631,0.0713069032839404
n_obs=1000 seed=0 convention=gaussian,Gaussian-NPE (robust asinh),g,2.974877512707047,0.06550454668556001
n_obs=1000 seed=0 convention=gaussian,Gaussian-NPE (robust asinh),g,2.9872185922224617,0.060020145896654525
n_obs=1000 seed=0 convention=gaussian,Gaussian-NPE (robust asinh),g,2.999559671737877,0.0547157769358115
n_obs=1000 seed=0 convention=gaussian,Gaussian-NPE (robust asinh),g,3.0119007512532923,0.04954759719967001
n_obs=1000 seed=0 convention=gaussian,Gaussian-NPE (robust asinh),g,3.0242418307687076,0.044560295038887296
n_obs=1000 seed=0 convention=gaussian,Gaussian-NPE (robust asinh),g,3.036582910284123,0.03984689053492164
n_obs=1000 seed=0 convention=gaussian,Gaussian-NPE (robust asinh),g,3.0489239897995377,0.03549833353380978
n_obs=1000 seed=0 convention=gaussian,Gaussian-NPE (robust asinh),g,3.0612650693149535,0.03156721455959513
n_obs=1000 seed=0 convention=gaussian,Gaussian-NPE (robust asinh),g,3.0736061488303683,0.02805731788986149
n_obs=1000 seed=0 convention=gaussian,Gaussian-NPE (robust asinh),g,3.0859472283457836,0.024935630687934418
n_obs=1000 seed=0 convention=gaussian,Gaussian-NPE (robust asinh),g,3.098288307861199,0.02215437140569658
n_obs=1000 seed=0 convention=gaussian,Gaussian-NPE (robust asinh),g,3.110629387376614,0.019670134863972125
n_obs=1000 seed=0 convention=gaussian,Gaussian-NPE (robust asinh),g,3.1229704668920295,0.017452654862822665
n_obs=1000 seed=0 convention=gaussian,Gaussian-NPE (robust asinh),g,3.135311546407445,0.015482621463777017
n_obs=1000 seed=0 convention=gaussian,Gaussian-NPE (robust asinh),g,3.14765262592286,0.013743182686512728
n_obs=1000 seed=0 convention=gaussian,Gaussian-NPE (robust asinh),g,3.159993705438275,0.012211662142322234
n_obs=1000 seed=0 convention=gaussian,Gaussian-NPE (robust asinh),g,3.1723347849536907,0.010856590267999188
n_obs=1000 seed=0 convention=gaussian,Gaussian-NPE (robust asinh),g,3.1846758644691056,0.009641589421031483
n_obs=1000 seed=0 convention=gaussian,Gaussian-NPE (robust asinh),g,3.197016943984521,0.008533950190297018
n_obs=1000 seed=0 convention=gaussian,Gaussian-NPE (robust asinh),g,3.209358023499936,0.007513655996880901
n_obs=1000 seed=0 convention=gaussian,Gaussian-NPE (robust asinh),g,3.2216991030153515,0.006578808279461198
n_obs=1000 seed=0 convention=gaussian,Gaussian-NPE (robust asinh),g,3.2340401825307667,0.0057452882196878325
n_obs=1000 seed=0 convention=gaussian,Gaussian-NPE (robust asinh),g,3.2463812620461816,0.005040863247347138
n_obs=1000 seed=0 convention=gaussian,Gaussian-NPE (robust asinh),g,3.2587223415615973,0.004495745838804582
n_obs=1000 seed=0 convention=gaussian,Gaussian-NPE (robust asinh),g,3.271063421077012,0.004132324892205508
n_obs=1000 seed=0 convention=gaussian,Gaussian-NPE (robust asinh),g,3.2834045005924275,0.0039565033622818175
n_obs=1000 seed=0 convention=gaussian,Gaussian-NPE (robust asinh),g,3.295745580107843,0.0039522936880704
n_obs=1000 seed=0 convention=gaussian,Gaussian-NPE (robust asinh),g,3.308086659623258,0.0040805985000609765
n_obs=1000 seed=0 convention=gaussian,Gaussian-NPE (robust asinh),g,3.3204277391386734,0.004282637750450983
n_obs=1000 seed=0 convention=gaussian,Gaussian-NPE (robust asinh),g,3.3327688186540887,0.004487994473658537
n_obs=1000 seed=0 convention=gaussian,Gaussian-NPE (robust asinh),g,3.345109898169504,0.0046263217820007784
n_obs=1000 seed=0 convention=gaussian,Gaussian-NPE (robust asinh),g,3.357450977684919,0.004640391789302502
n_obs=1000 seed=0 convention=gaussian,Gaussian-NPE (robust asinh),g,3.3697920572003346,0.004497049347080866
n_obs=1000 seed=0 convention=gaussian,Gaussian-NPE (robust asinh),g,3.3821331367157494,0.004192695534035013
n_obs=1000 seed=0 convention=gaussian,Gaussian-NPE (robust asinh),g,3.3944742162311647,0.003751567685557148
n_obs=1000 seed=0 convention=gaussian,Gaussian-NPE (robust asinh),g,3.40681529574658,0.0032176744715808397
n_obs=1000 seed=0 convention=gaussian,Gaussian-NPE (robust asinh),g,3.4191563752619953,0.0026434388046756214
n_obs=1000 seed=0 convention=gaussian,Gaussian-NPE (robust asinh),g,3.4314974547774106,0.0020787672065872387
n_obs=1000 seed=0 convention=gaussian,Gaussian-NPE (robust asinh),g,3.443838534292826,0.0015632738334545226
n_obs=1000 seed=0 convention=gaussian,Gaussian-NPE (robust asinh),g,3.4561796138082412,0.0011225975959380545
n_obs=1000 seed=0 convention=gaussian,Gaussian-NPE (robust asinh),g,3.468520693323656,0.000768254550093635
n_obs=1000 seed=0 convention=gaussian,Gaussian-NPE (robust asinh),g,3.4808617728390714,0.0004998216960014836
n_obs=1000 seed=0 convention=gaussian,Gaussian-NPE (robust asinh),g,3.4932028523544867,0.00030829965666999615
n_obs=1000 seed=0 convention=gaussian,Gaussian-NPE (robust asinh),g,3.505543931869902,0.00017979119721250018
n_obs=1000 seed=0 convention=gaussian,Gaussian-NPE (robust asinh),g,3.5178850113853173,9.88641442605885e-05
n_obs=1000 seed=0 convention=gaussian,Gaussian-NPE (robust asinh),g,3.5302260909007326,5.113578522152988e-05
n_obs=1000 seed=0 convention=gaussian,Gaussian-NPE (robust asinh),g,3.542567170416148,2.4825664768129284e-05
n_obs=1000 seed=0 convention=gaussian,Gaussian-NPE (robust asinh),g,3.5549082499315627,1.1292333626071214e-05
n_obs=1000 seed=0 convention=gaussian,Gaussian-NPE (robust asinh),g,3.567249329446978,4.805420335052305e-06
n_obs=1000 seed=0 convention=gaussian,Gaussian-NPE (robust asinh),g,3.5795904089623933,1.9110335849862973e-06
n_obs=1000 seed=0 convention=gaussian,Gaussian-NPE (robust asinh),g,3.5919314884778086,7.104103191697676e-07
n_obs=1000 seed=0 convention=gaussian,Gaussian-NPE (robust asinh),g,3.604272567993224,2.5006207698660954e-07
n_obs=1000 seed=0 convention=gaussian,Gaussian-NPE (robust asinh),g,3.6166136475086392,9.553192105220706e-08
n_obs=1000 seed=0 convention=gaussian,Gaussian-NPE (robust asinh),g,3.6289547270240545,7.87669824031985e-08
n_obs=1000 seed=0 convention=gaussian,Gaussian-NPE (robust asinh),g,3.64129580653947,1.7929890109569011e-07
n_obs=1000 seed=0 convention=gaussian,Gaussian-NPE (robust asinh),g,3.653636886054885,5.065042210088103e-07
n_obs=1000 seed=0 convention=gaussian,Gaussian-NPE (robust asinh),g,3.6659779655703,1.37366638534058e-06
n_obs=1000 seed=0 convention=gaussian,Gaussian-NPE (robust asinh),g,3.6783190450857153,3.4760221919700268e-06
n_obs=1000 seed=0 convention=gaussian,Gaussian-NPE (robust asinh),g,3.6906601246011306,8.185712900617574e-06
n_obs=1000 seed=0 convention=gaussian,Gaussian-NPE (robust asinh),g,3.703001204116546,1.793502774883192e-05
n_obs=1000 seed=0 convention=gaussian,Gaussian-NPE (robust asinh),g,3.715342283631961,3.6560332688461777e-05
n_obs=1000 seed=0 convention=gaussian,Gaussian-NPE (robust asinh),g,3.7276833631473765,6.933938082806722e-05
n_obs=1000 seed=0 convention=gaussian,Gaussian-NPE (robust asinh),g,3.7400244426627918,0.0001223521038487321
n_obs=1000 seed=0 convention=gaussian,Gaussian-NPE (robust asinh),g,3.7523655221782066,0.00020086514340563396
n_obs=1000 seed=0 convention=gaussian,Gaussian-NPE (robust asinh),g,3.764706601693622,0.0003068028374040778
n_obs=1000 seed=0 convention=gaussian,Gaussian-NPE (robust asinh),g,3.7770476812090372,0.0004359892882386123
n_obs=1000 seed=0 convention=gaussian,Gaussian-NPE (robust asinh),g,3.7893887607244525,0.0005764397506521533
n_obs=1000 seed=0 convention=gaussian,Gaussian-NPE (robust asinh),g,3.801729840239868,0.0007090774576270294
n_obs=1000 seed=0 convention=gaussian,Gaussian-NPE (robust asinh),g,3.814070919755283,0.0008115122705215897
n_obs=1000 seed=0 convention=gaussian,Gaussian-NPE (robust asinh),g,3.8264119992706984,0.000864088366174447
n_obs=1000 seed=0 convention=gaussian,Gaussian-NPE (robust asinh),g,3.8387530787861137,0.000856017966232405
n_obs=1000 seed=0 convention=gaussian,Gaussian-NPE (robust asinh),g,3.851094158301529,0.000788985926416861
n_obs=1000 seed=0 convention=gaussian,Gaussian-NPE (robust asinh),g,3.863435237816944,0.0006765770905073227
n_obs=1000 seed=0 convention=gaussian,Gaussian-NPE (robust asinh),g,3.875776317332359,0.0005397926596996262
n_obs=1000 seed=0 convention=gaussian,Gaussian-NPE (robust asinh),g,3.8881173968477745,0.00040068060041464654
n_obs=1000 seed=0 convention=gaussian,NUTS reference,k,0.19131414732565688,3.9235838723137124e-17
n_obs=1000 seed=0 convention=gaussian,NUTS reference,k,0.19997185342285942,6.304268609802909e-15
n_obs=1000 seed=0 convention=gaussian,NUTS reference,k,0.20862955952006196,6.622645382858286e-13
n_obs=1000 seed=0 convention=gaussian,NUTS reference,k,0.21728726561726452,4.5526231410073605e-11
n_obs=1000 seed=0 convention=gaussian,NUTS reference,k,0.22594497171446706,2.05048248830266e-09
n_obs=1000 seed=0 convention=gaussian,NUTS reference,k,0.2346026778116696,6.061107682988268e-08
n_obs=1000 seed=0 convention=gaussian,NUTS reference,k,0.24326038390887217,1.1787036814282623e-06
n_obs=1000 seed=0 convention=gaussian,NUTS reference,k,0.2519180900060747,1.513548311561145e-05
n_obs=1000 seed=0 convention=gaussian,NUTS reference,k,0.26057579610327725,0.00012908048097387193
n_obs=1000 seed=0 convention=gaussian,NUTS reference,k,0.2692335022004798,0.0007385484909102262
n_obs=1000 seed=0 convention=gaussian,NUTS reference,k,0.2778912082976823,0.002888523891890996
n_obs=1000 seed=0 convention=gaussian,NUTS reference,k,0.2865489143948849,0.008003821374822941
n_obs=1000 seed=0 convention=gaussian,NUTS reference,k,0.29520662049208746,0.016764953628681887
n_obs=1000 seed=0 convention=gaussian,NUTS reference,k,0.30386432658928997,0.029187977236065848
n_obs=1000 seed=0 convention=gaussian,NUTS reference,k,0.31252203268649253,0.04609582454233878
n_obs=1000 seed=0 convention=gaussian,NUTS reference,k,0.3211797387836951,0.06824357648773205
n_obs=1000 seed=0 convention=gaussian,NUTS reference,k,0.3298374448808976,0.09472540792776452
n_obs=1000 seed=0 convention=gaussian,NUTS reference,k,0.3384951509781001,0.12537141261834092
n_obs=1000 seed=0 convention=gaussian,NUTS reference,k,0.3471528570753027,0.1641918305447898
n_obs=1000 seed=0 convention=gaussian,NUTS reference,k,0.35581056317250526,0.21841960670179036
n_obs=1000 seed=0 convention=gaussian,NUTS reference,k,0.36446826926970777,0.29436217803794795
n_obs=1000 seed=0 convention=gaussian,NUTS reference,k,0.37312597536691033,0.39448383239262913
n_obs=1000 seed=0 convention=gaussian,NUTS reference,k,0.3817836814641129,0.5137685841883483
n_obs=1000 seed=0 convention=gaussian,NUTS reference,k,0.3904413875613154,0.643053798511958
n_obs=1000 seed=0 convention=gaussian,NUTS reference,k,0.399099093658518,0.7853506849858323
n_obs=1000 seed=0 convention=gaussian,NUTS reference,k,0.40775679975572054,0.9581327689037125
n_obs=1000 seed=0 convention=gaussian,NUTS reference,k,0.41641450585292306,1.1713275482396979
n_obs=1000 seed=0 convention=gaussian,NUTS reference,k,0.4250722119501256,1.4140403071698926
n_obs=1000 seed=0 convention=gaussian,NUTS reference,k,0.4337299180473282,1.671375077493132
n_obs=1000 seed=0 convention=gaussian,NUTS reference,k,0.4423876241445307,1.9489986253494076
n_obs=1000 seed=0 convention=gaussian,NUTS reference,k,0.45104533024173327,2.2644874085552984
n_obs=1000 seed=0 convention=gaussian,NUTS reference,k,0.4597030363389358,2.6096010562952294
n_obs=1000 seed=0 convention=gaussian,NUTS reference,k,0.46836074243613834,2.9494482338831456
n_obs=1000 seed=0 convention=gaussian,NUTS reference,k,0.4770184485333409,3.260267861080513
n_obs=1000 seed=0 convention=gaussian,NUTS reference,k,0.4856761546305434,3.541340527264282
n_obs=1000 seed=0 convention=gaussian,NUTS reference,k,0.494333860727746,3.807131325284989
n_obs=1000 seed=0 convention=gaussian,NUTS reference,k,0.5029915668249485,4.0742281189682785
n_obs=1000 seed=0 convention=gaussian,NUTS reference,k,0.5116492729221511,4.3424619869732854
n_obs=1000 seed=0 convention=gaussian,NUTS reference,k,0.5203069790193536,4.591248950147182
n_obs=1000 seed=0 convention=gaussian,NUTS reference,k,0.5289646851165561,4.782515606531088
n_obs=1000 seed=0 convention=gaussian,NUTS reference,k,0.5376223912137588,4.876510065709091
n_obs=1000 seed=0 convention=gaussian,NUTS reference,k,0.5462800973109613,4.865355696668885
n_obs=1000 seed=0 convention=gaussian,NUTS reference,k,0.5549378034081638,4.778370049354031
n_obs=1000 seed=0 convention=gaussian,NUTS reference,k,0.5635955095053664,4.65663709662666
n_obs=1000 seed=0 convention=gaussian,NUTS reference,k,0.5722532156025689,4.540519539443801
n_obs=1000 seed=0 convention=gaussian,NUTS reference,k,0.5809109216997714,4.447937541652246
n_obs=1000 seed=0 convention=gaussian,NUTS reference,k,0.589568627796974,4.335562727907753
n_obs=1000 seed=0 convention=gaussian,NUTS reference,k,0.5982263338941765,4.133155327453317
n_obs=1000 seed=0 convention=gaussian,NUTS reference,k,0.6068840399913791,3.8311790653473863
n_obs=1000 seed=0 convention=gaussian,NUTS reference,k,0.6155417460885817,3.4881928504231676
n_obs=1000 seed=0 convention=gaussian,NUTS reference,k,0.6241994521857841,3.160888965190002
n_obs=1000 seed=0 convention=gaussian,NUTS reference,k,0.6328571582829867,2.859404497390961
n_obs=1000 seed=0 convention=gaussian,NUTS reference,k,0.6415148643801892,2.5661757529851115
n_obs=1000 seed=0 convention=gaussian,NUTS reference,k,0.6501725704773917,2.2748088275987963
n_obs=1000 seed=0 convention=gaussian,NUTS reference,k,0.6588302765745944,2.003463474964089
n_obs=1000 seed=0 convention=gaussian,NUTS reference,k,0.6674879826717969,1.7721927790626417
n_obs=1000 seed=0 convention=gaussian,NUTS reference,k,0.6761456887689994,1.571139223821323
n_obs=1000 seed=0 convention=gaussian,NUTS reference,k,0.684803394866202,1.374650713041139
n_obs=1000 seed=0 convention=gaussian,NUTS reference,k,0.6934611009634045,1.1769688319509077
n_obs=1000 seed=0 convention=gaussian,NUTS reference,k,0.702118807060607,0.9925990642020144
n_obs=1000 seed=0 convention=gaussian,NUTS reference,k,0.7107765131578097,0.8375559227477861
n_obs=1000 seed=0 convention=gaussian,NUTS reference,k,0.7194342192550122,0.7159102156741673
n_obs=1000 seed=0 convention=gaussian,NUTS reference,k,0.7280919253522147,0.6186139598678051
n_obs=1000 seed=0 convention=gaussian,NUTS reference,k,0.7367496314494173,0.5329322413790839
n_obs=1000 seed=0 convention=gaussian,NUTS reference,k,0.7454073375466198,0.44879826969372943
n_obs=1000 seed=0 convention=gaussian,NUTS reference,k,0.7540650436438223,0.3632636000584902
n_obs=1000 seed=0 convention=gaussian,NUTS reference,k,0.7627227497410249,0.28440829442620713
n_obs=1000 seed=0 convention=gaussian,NUTS reference,k,0.7713804558382275,0.22457994160813272
n_obs=1000 seed=0 convention=gaussian,NUTS reference,k,0.78003816193543,0.18540870541460838
n_obs=1000 seed=0 convention=gaussian,NUTS reference,k,0.7886958680326326,0.15549230066817146
n_obs=1000 seed=0 convention=gaussian,NUTS reference,k,0.7973535741298351,0.12566928933188354
n_obs=1000 seed=0 convention=gaussian,NUTS reference,k,0.8060112802270376,0.09703411613437218
n_obs=1000 seed=0 convention=gaussian,NUTS reference,k,0.8146689863242401,0.07299374093309471
n_obs=1000 seed=0 convention=gaussian,NUTS reference,k,0.8233266924214427,0.05416226953427025
n_obs=1000 seed=0 convention=gaussian,NUTS reference,k,0.8319843985186453,0.04127541675142147
n_obs=1000 seed=0 convention=gaussian,NUTS reference,k,0.8406421046158478,0.034324447919291824
n_obs=1000 seed=0 convention=gaussian,NUTS reference,k,0.8492998107130504,0.03012778630700339
n_obs=1000 seed=0 convention=gaussian,NUTS reference,k,0.8579575168102529,0.026066137123471392
n_obs=1000 seed=0 convention=gaussian,NUTS reference,k,0.8666152229074554,0.022964278169952255
n_obs=1000 seed=0 convention=gaussian,NUTS reference,k,0.875272929004658,0.021809398550913368
n_obs=1000 seed=0 convention=gaussian,NUTS reference,k,0.8839306351018605,0.02149527185063213
n_obs=1000 seed=0 convention=gaussian,NUTS reference,k,0.892588341199063,0.020760851185068215
n_obs=1000 seed=0 convention=gaussian,NUTS reference,k,0.9012460472962657,0.018969967346913162
n_obs=1000 seed=0 convention=gaussian,NUTS reference,k,0.9099037533934682,0.015778423698100907
n_obs=1000 seed=0 convention=gaussian,NUTS reference,k,0.9185614594906707,0.011872004178029305
n_obs=1000 seed=0 convention=gaussian,NUTS reference,k,0.9272191655878733,0.00848142593024297
n_obs=1000 seed=0 convention=gaussian,NUTS reference,k,0.9358768716850758,0.006133698625476376
n_obs=1000 seed=0 convention=gaussian,NUTS reference,k,0.9445345777822783,0.004423937426525213
n_obs=1000 seed=0 convention=gaussian,NUTS reference,k,0.953192283879481,0.0027761346629045116
n_obs=1000 seed=0 convention=gaussian,NUTS reference,k,0.9618499899766835,0.001308222405233138
n_obs=1000 seed=0 convention=gaussian,NUTS reference,k,0.970507696073886,0.0004257735583396243
n_obs=1000 seed=0 convention=gaussian,NUTS reference,k,0.9791654021710885,9.234996745664056e-05
n_obs=1000 seed=0 convention=gaussian,NUTS reference,k,0.9878231082682911,1.316729443692405e-05
n_obs=1000 seed=0 convention=gaussian,NUTS reference,k,0.9964808143654936,1.2277840700743012e-06
n_obs=1000 seed=0 convention=gaussian,NUTS reference,k,1.0051385204626961,7.472618287613382e-08
n_obs=1000 seed=0 convention=gaussian,NUTS reference,k,1.0137962265598988,2.966406869879447e-09
n_obs=1000 seed=0 convention=gaussian,NUTS reference,k,1.0224539326571014,7.678462880803806e-11
n_obs=1000 seed=0 convention=gaussian,NUTS reference,k,1.0311116387543038,1.2958563683831171e-12
n_obs=1000 seed=0 convention=gaussian,NUTS reference,k,1.0397693448515064,1.425806080198332e-14
n_obs=1000 seed=0 convention=gaussian,NUTS reference,k,1.048427050948709,1.0227703142299965e-16
n_obs=1000 seed=0 convention=gaussian,NUTS reference,k,1.0570847570459114,4.783074272491111e-19
n_obs=1000 seed=0 convention=gaussian,NUTS reference,k,1.065742463143114,1.4582985589657672e-21
n_obs=1000 seed=0 convention=gaussian,NUTS reference,k,1.0744001692403167,2.898649290854809e-24
n_obs=1000 seed=0 convention=gaussian,NUTS reference,k,1.083057875337519,3.756251351849805e-27
n_obs=1000 seed=0 convention=gaussian,NUTS reference,k,1.0917155814347215,3.1733889344907224e-30
n_obs=1000 seed=0 convention=gaussian,NUTS reference,k,1.1003732875319243,1.7478397871696638e-33
n_obs=1000 seed=0 convention=gaussian,NUTS reference,k,1.1090309936291267,6.2760961873593735e-37
n_obs=1000 seed=0 convention=gaussian,NUTS reference,k,1.1176886997263291,1.4692212751929851e-40
n_obs=1000 seed=0 convention=gaussian,NUTS reference,k,1.126346405823532,2.242303901825271e-44
n_obs=1000 seed=0 convention=gaussian,NUTS reference,k,1.1350041119207344,2.2310606817366488e-48
n_obs=1000 seed=0 convention=gaussian,NUTS reference,k,1.1436618180179368,1.4472312723849647e-52
n_obs=1000 seed=0 convention=gaussian,NUTS reference,k,1.1523195241151396,6.120320140464681e-57
n_obs=1000 seed=0 convention=gaussian,NUTS reference,k,1.160977230212342,1.687407545085538e-61
n_obs=1000 seed=0 convention=gaussian,NUTS reference,k,1.1696349363095444,3.0330214325791746e-66
n_obs=1000 seed=0 convention=gaussian,NUTS reference,k,1.1782926424067472,3.5541898095784334e-71
n_obs=1000 seed=0 convention=gaussian,NUTS reference,k,1.1869503485039496,2.715284878702211e-76
n_obs=1000 seed=0 convention=gaussian,NUTS reference,k,1.195608054601152,1.3523833969331483e-81
n_obs=1000 seed=0 convention=gaussian,NUTS reference,k,1.204265760698355,4.391308063122798e-87
n_obs=1000 seed=0 convention=gaussian,NUTS reference,k,1.2129234667955573,9.296032334191778e-93
n_obs=1000 seed=0 convention=gaussian,NUTS reference,k,1.2215811728927597,1.2829537238968894e-98
n_obs=1000 seed=0 convention=gaussian,NUTS reference,k,1.2302388789899625,1.1543406864166297e-104
n_obs=1000 seed=0 convention=gaussian,NUTS reference,k,1.238896585087165,6.771215883878874e-111
n_obs=1000 seed=0 convention=gaussian,NUTS reference,k,1.2475542911843673,2.5894585478616853e-117
n_obs=1000 seed=0 convention=gaussian,NUTS reference,k,1.2562119972815702,6.455961198713097e-124
n_obs=1000 seed=0 convention=gaussian,NUTS reference,k,1.2648697033787726,1.0493551673592865e-130
n_obs=1000 seed=0 convention=gaussian,NUTS reference,k,1.273527409475975,1.1119717268709155e-137
n_obs=1000 seed=0 convention=gaussian,NUTS reference,k,1.2821851155731778,7.682005787811985e-145
n_obs=1000 seed=0 convention=gaussian,NUTS reference,k,1.2908428216703802,3.459912857859806e-152
n_obs=1000 seed=0 convention=gaussian,NUTS reference,k,1.2995005277675826,1.0159336302495863e-159
n_obs=1000 seed=0 convention=gaussian,NUTS reference,k,1.3081582338647855,1.944800953398556e-167
n_obs=1000 seed=0 convention=gaussian,NUTS reference,k,1.3168159399619879,2.4271388739476427e-175
n_obs=1000 seed=0 convention=gaussian,NUTS reference,k,1.3254736460591903,1.9748028217568707e-183
n_obs=1000 seed=0 convention=gaussian,NUTS reference,k,1.3341313521563931,1.047520419869647e-191
n_obs=1000 seed=0 convention=gaussian,NUTS reference,k,1.3427890582535955,3.6225209165669264e-200
n_obs=1000 seed=0 convention=gaussian,NUTS reference,k,1.351446764350798,8.167120277191147e-209
n_obs=1000 seed=0 convention=gaussian,NUTS reference,k,1.3601044704480008,1.2004294649191285e-217
n_obs=1000 seed=0 convention=gaussian,NUTS reference,k,1.3687621765452032,1.1503075960056102e-226
n_obs=1000 seed=0 convention=gaussian,NUTS reference,k,1.3774198826424056,7.186227701975524e-236
n_obs=1000 seed=0 convention=gaussian,NUTS reference,k,1.3860775887396084,2.9268307292858925e-245
n_obs=1000 seed=0 convention=gaussian,NUTS reference,k,1.3947352948368108,7.771482684853357e-255
n_obs=1000 seed=0 convention=gaussian,NUTS reference,k,1.4033930009340132,1.345302059047726e-264
n_obs=1000 seed=0 convention=gaussian,NUTS reference,k,1.412050707031216,1.5182572920114435e-274
n_obs=1000 seed=0 convention=gaussian,NUTS reference,k,1.4207084131284184,1.1170705181277813e-284
n_obs=1000 seed=0 convention=gaussian,NUTS reference,k,1.4293661192256208,5.358280564507663e-295
n_obs=1000 seed=0 convention=gaussian,NUTS reference,k,1.4380238253228232,1.6756370536602498e-305
n_obs=1000 seed=0 convention=gaussian,NUTS reference,k,1.446681531420026,3.41620643e-316
n_obs=1000 seed=0 convention=gaussian,NUTS reference,k,1.4553392375172285,0.0
n_obs=1000 seed=0 convention=gaussian,NUTS reference,k,1.463996943614431,0.0
n_obs=1000 seed=0 convention=gaussian,NUTS reference,k,1.4726546497116337,0.0
n_obs=1000 seed=0 convention=gaussian,NUTS reference,k,1.4813123558088361,0.0
n_obs=1000 seed=0 convention=gaussian,NUTS reference,k,1.4899700619060385,0.0
n_obs=1000 seed=0 convention=gaussian,NUTS reference,k,1.4986277680032414,0.0
n_obs=1000 seed=0 convention=gaussian,NUTS reference,k,1.5072854741004438,0.0
n_obs=1000 seed=0 convention=gaussian,NUTS reference,k,1.5159431801976462,0.0
n_obs=1000 seed=0 convention=gaussian,NUTS reference,k,1.524600886294849,0.0
n_obs=1000 seed=0 convention=gaussian,NUTS reference,k,1.5332585923920514,0.0
n_obs=1000 seed=0 convention=gaussian,NUTS reference,k,1.5419162984892538,0.0
n_obs=1000 seed=0 convention=gaussian,NUTS reference,k,1.5505740045864567,0.0
n_obs=1000 seed=0 convention=gaussian,NUTS reference,k,1.559231710683659,0.0
n_obs=1000 seed=0 convention=gaussian,NUTS reference,k,1.5678894167808615,0.0
n_obs=1000 seed=0 convention=gaussian,NUTS reference,k,1.5765471228780643,0.0
n_obs=1000 seed=0 convention=gaussian,NUTS reference,k,1.5852048289752667,0.0
n_obs=1000 seed=0 convention=gaussian,NUTS reference,k,1.593862535072469,0.0
n_obs=1000 seed=0 convention=gaussian,NUTS reference,k,1.602520241169672,0.0
n_obs=1000 seed=0 convention=gaussian,NUTS reference,k,1.6111779472668744,0.0
n_obs=1000 seed=0 convention=gaussian,NUTS reference,k,1.6198356533640768,0.0
n_obs=1000 seed=0 convention=gaussian,NUTS reference,k,1.6284933594612796,0.0
n_obs=1000 seed=0 convention=gaussian,NUTS reference,k,1.637151065558482,0.0
n_obs=1000 seed=0 convention=gaussian,NUTS reference,k,1.6458087716556844,0.0
n_obs=1000 seed=0 convention=gaussian,NUTS reference,k,1.6544664777528872,0.0
n_obs=1000 seed=0 convention=gaussian,NUTS reference,k,1.6631241838500896,0.0
n_obs=1000 seed=0 convention=gaussian,NUTS reference,k,1.671781889947292,0.0
n_obs=1000 seed=0 convention=gaussian,NUTS reference,k,1.6804395960444949,0.0
n_obs=1000 seed=0 convention=gaussian,NUTS reference,k,1.6890973021416973,0.0
n_obs=1000 seed=0 convention=gaussian,NUTS reference,k,1.6977550082388997,0.0
n_obs=1000 seed=0 convention=gaussian,NUTS reference,k,1.7064127143361025,0.0
n_obs=1000 seed=0 convention=gaussian,NUTS reference,k,1.715070420433305,0.0
n_obs=1000 seed=0 convention=gaussian,NUTS reference,k,1.7237281265305073,0.0
n_obs=1000 seed=0 convention=gaussian,NUTS reference,k,1.7323858326277102,0.0
n_obs=1000 seed=0 convention=gaussian,NUTS reference,k,1.7410435387249126,0.0
n_obs=1000 seed=0 convention=gaussian,NUTS reference,k,1.749701244822115,0.0
n_obs=1000 seed=0 convention=gaussian,NUTS reference,k,1.7583589509193178,0.0
n_obs=1000 seed=0 convention=gaussian,NUTS reference,k,1.7670166570165202,0.0
n_obs=1000 seed=0 convention=gaussian,NUTS reference,k,1.7756743631137226,0.0
n_obs=1000 seed=0 convention=gaussian,NUTS reference,k,1.7843320692109255,0.0
n_obs=1000 seed=0 convention=gaussian,NUTS reference,k,1.7929897753081279,0.0
n_obs=1000 seed=0 convention=gaussian,NUTS reference,k,1.8016474814053303,0.0
n_obs=1000 seed=0 convention=gaussian,NUTS reference,k,1.810305187502533,0.0
n_obs=1000 seed=0 convention=gaussian,NUTS reference,k,1.8189628935997355,0.0
n_obs=1000 seed=0 convention=gaussian,NUTS reference,k,1.827620599696938,0.0
n_obs=1000 seed=0 convention=gaussian,NUTS reference,k,1.8362783057941408,0.0
n_obs=1000 seed=0 convention=gaussian,NUTS reference,k,1.8449360118913432,0.0
n_obs=1000 seed=0 convention=gaussian,NUTS reference,k,1.8535937179885456,0.0
n_obs=1000 seed=0 convention=gaussian,NUTS reference,k,1.8622514240857484,0.0
n_obs=1000 seed=0 convention=gaussian,NUTS reference,k,1.8709091301829508,0.0
n_obs=1000 seed=0 convention=gaussian,NUTS reference,k,1.8795668362801532,0.0
n_obs=1000 seed=0 convention=gaussian,NUTS reference,k,1.888224542377356,0.0
n_obs=1000 seed=0 convention=gaussian,NUTS reference,k,1.8968822484745584,0.0
n_obs=1000 seed=0 convention=gaussian,NUTS reference,k,1.9055399545717608,0.0
n_obs=1000 seed=0 convention=gaussian,NUTS reference,k,1.9141976606689632,0.0
n_obs=1000 seed=0 convention=gaussian,BSL,k,0.19131414732565688,1.2228071704907834e-28
n_obs=1000 seed=0 convention=gaussian,BSL,k,0.19997185342285942,1.918699527411133e-25
n_obs=1000 seed=0 convention=gaussian,BSL,k,0.20862955952006196,1.8611603732636693e-22
n_obs=1000 seed=0 convention=gaussian,BSL,k,0.21728726561726452,1.1161853723735372e-19
n_obs=1000 seed=0 convention=gaussian,BSL,k,0.22594497171446706,4.139397816446906e-17
n_obs=1000 seed=0 convention=gaussian,BSL,k,0.2346026778116696,9.495079661806807e-15
n_obs=1000 seed=0 convention=gaussian,BSL,k,0.24326038390887217,1.3477028075534957e-12
n_obs=1000 seed=0 convention=gaussian,BSL,k,0.2519180900060747,1.1843754802673258e-10
n_obs=1000 seed=0 convention=gaussian,BSL,k,0.26057579610327725,6.450415718168708e-09
n_obs=1000 seed=0 convention=gaussian,BSL,k,0.2692335022004798,2.1802078029909637e-07
n_obs=1000 seed=0 convention=gaussian,BSL,k,0.2778912082976823,4.582921433545943e-06
n_obs=1000 seed=0 convention=gaussian,BSL,k,0.2865489143948849,6.011053710898217e-05
n_obs=1000 seed=0 convention=gaussian,BSL,k,0.29520662049208746,0.0004946268691830429
n_obs=1000 seed=0 convention=gaussian,BSL,k,0.30386432658928997,0.002579392678617268
n_obs=1000 seed=0 convention=gaussian,BSL,k,0.31252203268649253,0.00871840326670344
n_obs=1000 seed=0 convention=gaussian,BSL,k,0.3211797387836951,0.020224060813417558
n_obs=1000 seed=0 convention=gaussian,BSL,k,0.3298374448808976,0.036912528338447825
n_obs=1000 seed=0 convention=gaussian,BSL,k,0.3384951509781001,0.06511697176129976
n_obs=1000 seed=0 convention=gaussian,BSL,k,0.3471528570753027,0.11973921883181302
n_obs=1000 seed=0 convention=gaussian,BSL,k,0.35581056317250526,0.20773661068743582
n_obs=1000 seed=0 convention=gaussian,BSL,k,0.36446826926970777,0.3196624235122141
n_obs=1000 seed=0 convention=gaussian,BSL,k,0.37312597536691033,0.4534613830641898
n_obs=1000 seed=0 convention=gaussian,BSL,k,0.3817836814641129,0.6429018921542322
n_obs=1000 seed=0 convention=gaussian,BSL,k,0.3904413875613154,0.9290450845150757
n_obs=1000 seed=0 convention=gaussian,BSL,k,0.399099093658518,1.2741563348698113
n_obs=1000 seed=0 convention=gaussian,BSL,k,0.40775679975572054,1.5432935806270904
n_obs=1000 seed=0 convention=gaussian,BSL,k,0.41641450585292306,1.6389965758797258
n_obs=1000 seed=0 convention=gaussian,BSL,k,0.4250722119501256,1.6131956565993761
n_obs=1000 seed=0 convention=gaussian,BSL,k,0.4337299180473282,1.611187257373091
n_obs=1000 seed=0 convention=gaussian,BSL,k,0.4423876241445307,1.7683716061171952
n_obs=1000 seed=0 convention=gaussian,BSL,k,0.45104533024173327,2.1470238319264694
n_obs=1000 seed=0 convention=gaussian,BSL,k,0.4597030363389358,2.677413159751463
n_obs=1000 seed=0 convention=gaussian,BSL,k,0.46836074243613834,3.1330088387892188
n_obs=1000 seed=0 convention=gaussian,BSL,k,0.4770184485333409,3.3015061349828407
n_obs=1000 seed=0 convention=gaussian,BSL,k,0.4856761546305434,3.2001647666701674
n_obs=1000 seed=0 convention=gaussian,BSL,k,0.494333860727746,3.0396521419320317
n_obs=1000 seed=0 convention=gaussian,BSL,k,0.5029915668249485,3.020144101739807
n_obs=1000 seed=0 convention=gaussian,BSL,k,0.5116492729221511,3.170114449374309
n_obs=1000 seed=0 convention=gaussian,BSL,k,0.5203069790193536,3.3915615214216706
n_obs=1000 seed=0 convention=gaussian,BSL,k,0.5289646851165561,3.5894948384961953
n_obs=1000 seed=0 convention=gaussian,BSL,k,0.5376223912137588,3.705684748808467
n_obs=1000 seed=0 convention=gaussian,BSL,k,0.5462800973109613,3.766143401833383
n_obs=1000 seed=0 convention=gaussian,BSL,k,0.5549378034081638,3.8617712310756667
n_obs=1000 seed=0 convention=gaussian,BSL,k,0.5635955095053664,4.014375514676938
n_obs=1000 seed=0 convention=gaussian,BSL,k,0.5722532156025689,4.145363608201058
n_obs=1000 seed=0 convention=gaussian,BSL,k,0.5809109216997714,4.167650955375933
n_obs=1000 seed=0 convention=gaussian,BSL,k,0.589568627796974,4.078752383320434
n_obs=1000 seed=0 convention=gaussian,BSL,k,0.5982263338941765,3.9484393715586106
n_obs=1000 seed=0 convention=gaussian,BSL,k,0.6068840399913791,3.8449601873483585
n_obs=1000 seed=0 convention=gaussian,BSL,k,0.6155417460885817,3.778261392012672
n_obs=1000 seed=0 convention=gaussian,BSL,k,0.6241994521857841,3.678876500206975
n_obs=1000 seed=0 convention=gaussian,BSL,k,0.6328571582829867,3.4768020795888517
n_obs=1000 seed=0 convention=gaussian,BSL,k,0.6415148643801892,3.1903518382583096
n_obs=1000 seed=0 convention=gaussian,BSL,k,0.6501725704773917,2.926413261280914
n_obs=1000 seed=0 convention=gaussian,BSL,k,0.6588302765745944,2.780332025582828
n_obs=1000 seed=0 convention=gaussian,BSL,k,0.6674879826717969,2.688331732811712
n_obs=1000 seed=0 convention=gaussian,BSL,k,0.6761456887689994,2.4953508636887722
n_obs=1000 seed=0 convention=gaussian,BSL,k,0.684803394866202,2.1663305566499558
n_obs=1000 seed=0 convention=gaussian,BSL,k,0.6934611009634045,1.7958817134772171
n_obs=1000 seed=0 convention=gaussian,BSL,k,0.702118807060607,1.477967279284868
n_obs=1000 seed=0 convention=gaussian,BSL,k,0.7107765131578097,1.2309239208489657
n_obs=1000 seed=0 convention=gaussian,BSL,k,0.7194342192550122,1.0342963520982695
n_obs=1000 seed=0 convention=gaussian,BSL,k,0.7280919253522147,0.8817186238722762
n_obs=1000 seed=0 convention=gaussian,BSL,k,0.7367496314494173,0.7538585325492684
n_obs=1000 seed=0 convention=gaussian,BSL,k,0.7454073375466198,0.6215566925639364
n_obs=1000 seed=0 convention=gaussian,BSL,k,0.7540650436438223,0.49142730728263817
n_obs=1000 seed=0 convention=gaussian,BSL,k,0.7627227497410249,0.38905794026517043
n_obs=1000 seed=0 convention=gaussian,BSL,k,0.7713804558382275,0.31280138861567136
n_obs=1000 seed=0 convention=gaussian,BSL,k,0.78003816193543,0.24471256792237042
n_obs=1000 seed=0 convention=gaussian,BSL,k,0.7886958680326326,0.18593808125445227
n_obs=1000 seed=0 convention=gaussian,BSL,k,0.7973535741298351,0.14501530540665375
n_obs=1000 seed=0 convention=gaussian,BSL,k,0.8060112802270376,0.1161727290866754
n_obs=1000 seed=0 convention=gaussian,BSL,k,0.8146689863242401,0.0876232569743539
n_obs=1000 seed=0 convention=gaussian,BSL,k,0.8233266924214427,0.055652988848208414
n_obs=1000 seed=0 convention=gaussian,BSL,k,0.8319843985186453,0.027114049769575543
n_obs=1000 seed=0 convention=gaussian,BSL,k,0.8406421046158478,0.00949405050127619
n_obs=1000 seed=0 convention=gaussian,BSL,k,0.8492998107130504,0.0022841349937873954
n_obs=1000 seed=0 convention=gaussian,BSL,k,0.8579575168102529,0.0003651022710730393
n_obs=1000 seed=0 convention=gaussian,BSL,k,0.8666152229074554,3.780109919837344e-05
n_obs=1000 seed=0 convention=gaussian,BSL,k,0.875272929004658,2.4897067751090997e-06
n_obs=1000 seed=0 convention=gaussian,BSL,k,0.8839306351018605,1.0307656250215994e-07
n_obs=1000 seed=0 convention=gaussian,BSL,k,0.892588341199063,2.6625641876972237e-09
n_obs=1000 seed=0 convention=gaussian,BSL,k,0.9012460472962657,4.271862047862331e-11
n_obs=1000 seed=0 convention=gaussian,BSL,k,0.9099037533934682,4.2457890268612663e-13
n_obs=1000 seed=0 convention=gaussian,BSL,k,0.9185614594906707,2.6100374825655794e-15
n_obs=1000 seed=0 convention=gaussian,BSL,k,0.9272191655878733,9.914768011439123e-18
n_obs=1000 seed=0 convention=gaussian,BSL,k,0.9358768716850758,2.3260842529511623e-20
n_obs=1000 seed=0 convention=gaussian,BSL,k,0.9445345777822783,3.3691911295624743e-23
n_obs=1000 seed=0 convention=gaussian,BSL,k,0.953192283879481,3.0122061676439654e-26
n_obs=1000 seed=0 convention=gaussian,BSL,k,0.9618499899766835,1.6620072605892502e-29
n_obs=1000 seed=0 convention=gaussian,BSL,k,0.970507696073886,5.658701742632663e-33
n_obs=1000 seed=0 convention=gaussian,BSL,k,0.9791654021710885,1.1887537006265328e-36
n_obs=1000 seed=0 convention=gaussian,BSL,k,0.9878231082682911,1.5407025275243538e-40
n_obs=1000 seed=0 convention=gaussian,BSL,k,0.9964808143654936,1.2318595160538092e-44
n_obs=1000 seed=0 convention=gaussian,BSL,k,1.0051385204626961,6.075535656114031e-49
n_obs=1000 seed=0 convention=gaussian,BSL,k,1.0137962265598988,1.8482292815659925e-53
n_obs=1000 seed=0 convention=gaussian,BSL,k,1.0224539326571014,3.467711793662297e-58
n_obs=1000 seed=0 convention=gaussian,BSL,k,1.0311116387543038,4.0125001796329835e-63
n_obs=1000 seed=0 convention=gaussian,BSL,k,1.0397693448515064,2.86313719293339e-68
n_obs=1000 seed=0 convention=gaussian,BSL,k,1.048427050948709,1.2597822529053023e-73
n_obs=1000 seed=0 convention=gaussian,BSL,k,1.0570847570459114,3.4178060560439923e-79
n_obs=1000 seed=0 convention=gaussian,BSL,k,1.065742463143114,5.717043823315655e-85
n_obs=1000 seed=0 convention=gaussian,BSL,k,1.0744001692403167,5.895798408122538e-91
n_obs=1000 seed=0 convention=gaussian,BSL,k,1.083057875337519,3.7483213548819293e-97
n_obs=1000 seed=0 convention=gaussian,BSL,k,1.0917155814347215,1.4690327038042586e-103
n_obs=1000 seed=0 convention=gaussian,BSL,k,1.1003732875319243,3.5489935450440724e-110
n_obs=1000 seed=0 convention=gaussian,BSL,k,1.1090309936291267,5.28491437509481e-117
n_obs=1000 seed=0 convention=gaussian,BSL,k,1.1176886997263291,4.850771740935554e-124
n_obs=1000 seed=0 convention=gaussian,BSL,k,1.126346405823532,2.7441395779214874e-131
n_obs=1000 seed=0 convention=gaussian,BSL,k,1.1350041119207344,9.567699569868022e-139
n_obs=1000 seed=0 convention=gaussian,BSL,k,1.1436618180179368,2.055887989382954e-146
n_obs=1000 seed=0 convention=gaussian,BSL,k,1.1523195241151396,2.7224984207055025e-154
n_obs=1000 seed=0 convention=gaussian,BSL,k,1.160977230212342,2.2217684055870323e-162
n_obs=1000 seed=0 convention=gaussian,BSL,k,1.1696349363095444,1.1173276794191007e-170
n_obs=1000 seed=0 convention=gaussian,BSL,k,1.1782926424067472,3.4625935547997245e-179
n_obs=1000 seed=0 convention=gaussian,BSL,k,1.1869503485039496,6.61227771210609e-188
n_obs=1000 seed=0 convention=gaussian,BSL,k,1.195608054601152,7.780714700825721e-197
n_obs=1000 seed=0 convention=gaussian,BSL,k,1.204265760698355,5.64154052095579e-206
n_obs=1000 seed=0 convention=gaussian,BSL,k,1.2129234667955573,2.520446182721959e-215
n_obs=1000 seed=0 convention=gaussian,BSL,k,1.2215811728927597,6.938266508038524e-225
n_obs=1000 seed=0 convention=gaussian,BSL,k,1.2302388789899625,1.1768234234727496e-234
n_obs=1000 seed=0 convention=gaussian,BSL,k,1.238896585087165,1.2298493579657639e-244
n_obs=1000 seed=0 convention=gaussian,BSL,k,1.2475542911843673,7.918936445621103e-255
n_obs=1000 seed=0 convention=gaussian,BSL,k,1.2562119972815702,3.141598214755909e-265
n_obs=1000 seed=0 convention=gaussian,BSL,k,1.2648697033787726,7.678886367492951e-276
n_obs=1000 seed=0 convention=gaussian,BSL,k,1.273527409475975,1.1563918995604185e-286
n_obs=1000 seed=0 convention=gaussian,BSL,k,1.2821851155731778,1.0729186849138091e-297
n_obs=1000 seed=0 convention=gaussian,BSL,k,1.2908428216703802,6.13309461230738e-309
n_obs=1000 seed=0 convention=gaussian,BSL,k,1.2995005277675826,2.159e-320
n_obs=1000 seed=0 convention=gaussian,BSL,k,1.3081582338647855,0.0
n_obs=1000 seed=0 convention=gaussian,BSL,k,1.3168159399619879,0.0
n_obs=1000 seed=0 convention=gaussian,BSL,k,1.3254736460591903,0.0
n_obs=1000 seed=0 convention=gaussian,BSL,k,1.3341313521563931,0.0
n_obs=1000 seed=0 convention=gaussian,BSL,k,1.3427890582535955,0.0
n_obs=1000 seed=0 convention=gaussian,BSL,k,1.351446764350798,0.0
n_obs=1000 seed=0 convention=gaussian,BSL,k,1.3601044704480008,0.0
n_obs=1000 seed=0 convention=gaussian,BSL,k,1.3687621765452032,0.0
n_obs=1000 seed=0 convention=gaussian,BSL,k,1.3774198826424056,0.0
n_obs=1000 seed=0 convention=gaussian,BSL,k,1.3860775887396084,0.0
n_obs=1000 seed=0 convention=gaussian,BSL,k,1.3947352948368108,0.0
n_obs=1000 seed=0 convention=gaussian,BSL,k,1.4033930009340132,0.0
n_obs=1000 seed=0 convention=gaussian,BSL,k,1.412050707031216,0.0
n_obs=1000 seed=0 convention=gaussian,BSL,k,1.4207084131284184,0.0
n_obs=1000 seed=0 convention=gaussian,BSL,k,1.4293661192256208,0.0
n_obs=1000 seed=0 convention=gaussian,BSL,k,1.4380238253228232,0.0
n_obs=1000 seed=0 convention=gaussian,BSL,k,1.446681531420026,0.0
n_obs=1000 seed=0 convention=gaussian,BSL,k,1.4553392375172285,0.0
n_obs=1000 seed=0 convention=gaussian,BSL,k,1.463996943614431,0.0
n_obs=1000 seed=0 convention=gaussian,BSL,k,1.4726546497116337,0.0
n_obs=1000 seed=0 convention=gaussian,BSL,k,1.4813123558088361,0.0
n_obs=1000 seed=0 convention=gaussian,BSL,k,1.4899700619060385,0.0
n_obs=1000 seed=0 convention=gaussian,BSL,k,1.4986277680032414,0.0
n_obs=1000 seed=0 convention=gaussian,BSL,k,1.5072854741004438,0.0
n_obs=1000 seed=0 convention=gaussian,BSL,k,1.5159431801976462,0.0
n_obs=1000 seed=0 convention=gaussian,BSL,k,1.524600886294849,0.0
n_obs=1000 seed=0 convention=gaussian,BSL,k,1.5332585923920514,0.0
n_obs=1000 seed=0 convention=gaussian,BSL,k,1.5419162984892538,0.0
n_obs=1000 seed=0 convention=gaussian,BSL,k,1.5505740045864567,0.0
n_obs=1000 seed=0 convention=gaussian,BSL,k,1.559231710683659,0.0
n_obs=1000 seed=0 convention=gaussian,BSL,k,1.5678894167808615,0.0
n_obs=1000 seed=0 convention=gaussian,BSL,k,1.5765471228780643,0.0
n_obs=1000 seed=0 convention=gaussian,BSL,k,1.5852048289752667,0.0
n_obs=1000 seed=0 convention=gaussian,BSL,k,1.593862535072469,0.0
n_obs=1000 seed=0 convention=gaussian,BSL,k,1.602520241169672,0.0
n_obs=1000 seed=0 convention=gaussian,BSL,k,1.6111779472668744,0.0
n_obs=1000 seed=0 convention=gaussian,BSL,k,1.6198356533640768,0.0
n_obs=1000 seed=0 convention=gaussian,BSL,k,1.6284933594612796,0.0
n_obs=1000 seed=0 convention=gaussian,BSL,k,1.637151065558482,0.0
n_obs=1000 seed=0 convention=gaussian,BSL,k,1.6458087716556844,0.0
n_obs=1000 seed=0 convention=gaussian,BSL,k,1.6544664777528872,0.0
n_obs=1000 seed=0 convention=gaussian,BSL,k,1.6631241838500896,0.0
n_obs=1000 seed=0 convention=gaussian,BSL,k,1.671781889947292,0.0
n_obs=1000 seed=0 convention=gaussian,BSL,k,1.6804395960444949,0.0
n_obs=1000 seed=0 convention=gaussian,BSL,k,1.6890973021416973,0.0
n_obs=1000 seed=0 convention=gaussian,BSL,k,1.6977550082388997,0.0
n_obs=1000 seed=0 convention=gaussian,BSL,k,1.7064127143361025,0.0
n_obs=1000 seed=0 convention=gaussian,BSL,k,1.715070420433305,0.0
n_obs=1000 seed=0 convention=gaussian,BSL,k,1.7237281265305073,0.0
n_obs=1000 seed=0 convention=gaussian,BSL,k,1.7323858326277102,0.0
n_obs=1000 seed=0 convention=gaussian,BSL,k,1.7410435387249126,0.0
n_obs=1000 seed=0 convention=gaussian,BSL,k,1.749701244822115,0.0
n_obs=1000 seed=0 convention=gaussian,BSL,k,1.7583589509193178,0.0
n_obs=1000 seed=0 convention=gaussian,BSL,k,1.7670166570165202,0.0
n_obs=1000 seed=0 convention=gaussian,BSL,k,1.7756743631137226,0.0
n_obs=1000 seed=0 convention=gaussian,BSL,k,1.7843320692109255,0.0
n_obs=1000 seed=0 convention=gaussian,BSL,k,1.7929897753081279,0.0
n_obs=1000 seed=0 convention=gaussian,BSL,k,1.8016474814053303,0.0
n_obs=1000 seed=0 convention=gaussian,BSL,k,1.810305187502533,0.0
n_obs=1000 seed=0 convention=gaussian,BSL,k,1.8189628935997355,0.0
n_obs=1000 seed=0 convention=gaussian,BSL,k,1.827620599696938,0.0
n_obs=1000 seed=0 convention=gaussian,BSL,k,1.8362783057941408,0.0
n_obs=1000 seed=0 convention=gaussian,BSL,k,1.8449360118913432,0.0
n_obs=1000 seed=0 convention=gaussian,BSL,k,1.8535937179885456,0.0
n_obs=1000 seed=0 convention=gaussian,BSL,k,1.8622514240857484,0.0
n_obs=1000 seed=0 convention=gaussian,BSL,k,1.8709091301829508,0.0
n_obs=1000 seed=0 convention=gaussian,BSL,k,1.8795668362801532,0.0
n_obs=1000 seed=0 convention=gaussian,BSL,k,1.888224542377356,0.0
n_obs=1000 seed=0 convention=gaussian,BSL,k,1.8968822484745584,0.0
n_obs=1000 seed=0 convention=gaussian,BSL,k,1.9055399545717608,0.0
n_obs=1000 seed=0 convention=gaussian,BSL,k,1.9141976606689632,0.0
n_obs=1000 seed=0 convention=gaussian,Gaussian-NPE (z-score),k,0.19131414732565688,3.3156676919327367e-06
n_obs=1000 seed=0 convention=gaussian,Gaussian-NPE (z-score),k,0.19997185342285942,7.110003981033491e-06
n_obs=1000 seed=0 convention=gaussian,Gaussian-NPE (z-score),k,0.20862955952006196,1.4695597813062525e-05
n_obs=1000 seed=0 convention=gaussian,Gaussian-NPE (z-score),k,0.21728726561726452,2.9283754949060085e-05
n_obs=1000 seed=0 convention=gaussian,Gaussian-NPE (z-score),k,0.22594497171446706,5.6273845413273114e-05
n_obs=1000 seed=0 convention=gaussian,Gaussian-NPE (z-score),k,0.2346026778116696,0.00010431885459662747
n_obs=1000 seed=0 convention=gaussian,Gaussian-NPE (z-score),k,0.24326038390887217,0.00018661787345741851
n_obs=1000 seed=0 convention=gaussian,Gaussian-NPE (z-score),k,0.2519180900060747,0.0003223015223200551
n_obs=1000 seed=0 convention=gaussian,Gaussian-NPE (z-score),k,0.26057579610327725,0.0005376596049201606
n_obs=1000 seed=0 convention=gaussian,Gaussian-NPE (z-score),k,0.2692335022004798,0.000866853818289071
n_obs=1000 seed=0 convention=gaussian,Gaussian-NPE (z-score),k,0.2778912082976823,0.0013517130625888437
n_obs=1000 seed=0 convention=gaussian,Gaussian-NPE (z-score),k,0.2865489143948849,0.0020402819342226902
n_obs=1000 seed=0 convention=gaussian,Gaussian-NPE (z-score),k,0.29520662049208746,0.0029840231060436744
n_obs=1000 seed=0 convention=gaussian,Gaussian-NPE (z-score),k,0.30386432658928997,0.004233951841130134
n_obs=1000 seed=0 convention=gaussian,Gaussian-NPE (z-score),k,0.31252203268649253,0.005836426212127918
n_obs=1000 seed=0 convention=gaussian,Gaussian-NPE (z-score),k,0.3211797387836951,0.007829683969214112
n_obs=1000 seed=0 convention=gaussian,Gaussian-NPE (z-score),k,0.3298374448808976,0.010242334488997524
n_obs=1000 seed=0 convention=gaussian,Gaussian-NPE (z-score),k,0.3384951509781001,0.013094753836372802
n_obs=1000 seed=0 convention=gaussian,Gaussian-NPE (z-score),k,0.3471528570753027,0.016403682686841135
n_obs=1000 seed=0 convention=gaussian,Gaussian-NPE (z-score),k,0.35581056317250526,0.02018943793624359
n_obs=1000 seed=0 convention=gaussian,Gaussian-NPE (z-score),k,0.36446826926970777,0.024484295891083946
n_obs=1000 seed=0 convention=gaussian,Gaussian-NPE (z-score),k,0.37312597536691033,0.029340095467404397
n_obs=1000 seed=0 convention=gaussian,Gaussian-NPE (z-score),k,0.3817836814641129,0.03483314905447787
n_obs=1000 seed=0 convention=gaussian,Gaussian-NPE (z-score),k,0.3904413875613154,0.04106513632297545
n_obs=1000 seed=0 convention=gaussian,Gaussian-NPE (z-score),k,0.399099093658518,0.04815957364402978
n_obs=1000 seed=0 convention=gaussian,Gaussian-NPE (z-score),k,0.40775679975572054,0.05625435898337198
n_obs=1000 seed=0 convention=gaussian,Gaussian-NPE (z-score),k,0.41641450585292306,0.06549149361032885
n_obs=1000 seed=0 convention=gaussian,Gaussian-NPE (z-score),k,0.4250722119501256,0.07600527457810484
n_obs=1000 seed=0 convention=gaussian,Gaussian-NPE (z-score),k,0.4337299180473282,0.08791016889563037
n_obs=1000 seed=0 convention=gaussian,Gaussian-NPE (z-score),k,0.4423876241445307,0.10128949679928394
n_obs=1000 seed=0 convention=gaussian,Gaussian-NPE (z-score),k,0.45104533024173327,0.11618619599382458
n_obs=1000 seed=0 convention=gaussian,Gaussian-NPE (z-score),k,0.4597030363389358,0.13259731418363688
n_obs=1000 seed=0 convention=gaussian,Gaussian-NPE (z-score),k,0.46836074243613834,0.15047420208711443
n_obs=1000 seed=0 convention=gaussian,Gaussian-NPE (z-score),k,0.4770184485333409,0.16973020009243273
n_obs=1000 seed=0 convention=gaussian,Gaussian-NPE (z-score),k,0.4856761546305434,0.19025654953118362
n_obs=1000 seed=0 convention=gaussian,Gaussian-NPE (z-score),k,0.494333860727746,0.2119452712033101
n_obs=1000 seed=0 convention=gaussian,Gaussian-NPE (z-score),k,0.5029915668249485,0.23471527213061993
n_obs=1000 seed=0 convention=gaussian,Gaussian-NPE (z-score),k,0.5116492729221511,0.25853580091859235
n_obs=1000 seed=0 convention=gaussian,Gaussian-NPE (z-score),k,0.5203069790193536,0.28344052452830315
n_obs=1000 seed=0 convention=gaussian,Gaussian-NPE (z-score),k,0.5289646851165561,0.30952662453083724
n_obs=1000 seed=0 convention=gaussian,Gaussian-NPE (z-score),k,0.5376223912137588,0.3369364812905692
n_obs=1000 seed=0 convention=gaussian,Gaussian-NPE (z-score),k,0.5462800973109613,0.3658240605782529
n_obs=1000 seed=0 convention=gaussian,Gaussian-NPE (z-score),k,0.5549378034081638,0.39631276644257013
n_obs=1000 seed=0 convention=gaussian,Gaussian-NPE (z-score),k,0.5635955095053664,0.42845478061440173
n_obs=1000 seed=0 convention=gaussian,Gaussian-NPE (z-score),k,0.5722532156025689,0.46220255112892317
n_obs=1000 seed=0 convention=gaussian,Gaussian-NPE (z-score),k,0.5809109216997714,0.49740062836479315
n_obs=1000 seed=0 convention=gaussian,Gaussian-NPE (z-score),k,0.589568627796974,0.5338009614634103
n_obs=1000 seed=0 convention=gaussian,Gaussian-NPE (z-score),k,0.5982263338941765,0.5710984691646404
n_obs=1000 seed=0 convention=gaussian,Gaussian-NPE (z-score),k,0.6068840399913791,0.6089781247241656
n_obs=1000 seed=0 convention=gaussian,Gaussian-NPE (z-score),k,0.6155417460885817,0.6471617775201346
n_obs=1000 seed=0 convention=gaussian,Gaussian-NPE (z-score),k,0.6241994521857841,0.6854435149919604
n_obs=1000 seed=0 convention=gaussian,Gaussian-NPE (z-score),k,0.6328571582829867,0.7237063301179141
n_obs=1000 seed=0 convention=gaussian,Gaussian-NPE (z-score),k,0.6415148643801892,0.7619187223653971
n_obs=1000 seed=0 convention=gaussian,Gaussian-NPE (z-score),k,0.6501725704773917,0.8001154236199547
n_obs=1000 seed=0 convention=gaussian,Gaussian-NPE (z-score),k,0.6588302765745944,0.8383696953530552
n_obs=1000 seed=0 convention=gaussian,Gaussian-NPE (z-score),k,0.6674879826717969,0.8767646543348961
n_obs=1000 seed=0 convention=gaussian,Gaussian-NPE (z-score),k,0.6761456887689994,0.9153684026841427
n_obs=1000 seed=0 convention=gaussian,Gaussian-NPE (z-score),k,0.684803394866202,0.9542140945847012
n_obs=1000 seed=0 convention=gaussian,Gaussian-NPE (z-score),k,0.6934611009634045,0.99328347665304
n_obs=1000 seed=0 convention=gaussian,Gaussian-NPE (z-score),k,0.702118807060607,1.0324921472942787
n_obs=1000 seed=0 convention=gaussian,Gaussian-NPE (z-score),k,0.7107765131578097,1.0716766777351847
n_obs=1000 seed=0 convention=gaussian,Gaussian-NPE (z-score),k,0.7194342192550122,1.1105864694385925
n_obs=1000 seed=0 convention=gaussian,Gaussian-NPE (z-score),k,0.7280919253522147,1.1488849831743368
n_obs=1000 seed=0 convention=gaussian,Gaussian-NPE (z-score),k,0.7367496314494173,1.1861644981369968
n_obs=1000 seed=0 convention=gaussian,Gaussian-NPE (z-score),k,0.7454073375466198,1.2219757682316919
n_obs=1000 seed=0 convention=gaussian,Gaussian-NPE (z-score),k,0.7540650436438223,1.2558699304550525
n_obs=1000 seed=0 convention=gaussian,Gaussian-NPE (z-score),k,0.7627227497410249,1.2874464301169075
n_obs=1000 seed=0 convention=gaussian,Gaussian-NPE (z-score),k,0.7713804558382275,1.3163989137198626
n_obs=1000 seed=0 convention=gaussian,Gaussian-NPE (z-score),k,0.78003816193543,1.3425514713460807
n_obs=1000 seed=0 convention=gaussian,Gaussian-NPE (z-score),k,0.7886958680326326,1.365879788469389
n_obs=1000 seed=0 convention=gaussian,Gaussian-NPE (z-score),k,0.7973535741298351,1.3865146310929162
n_obs=1000 seed=0 convention=gaussian,Gaussian-NPE (z-score),k,0.8060112802270376,1.4047276256970338
n_obs=1000 seed=0 convention=gaussian,Gaussian-NPE (z-score),k,0.8146689863242401,1.4209010208353265
n_obs=1000 seed=0 convention=gaussian,Gaussian-NPE (z-score),k,0.8233266924214427,1.4354841855475091
n_obs=1000 seed=0 convention=gaussian,Gaussian-NPE (z-score),k,0.8319843985186453,1.448940541082573
n_obs=1000 seed=0 convention=gaussian,Gaussian-NPE (z-score),k,0.8406421046158478,1.4616898744022742
n_obs=1000 seed=0 convention=gaussian,Gaussian-NPE (z-score),k,0.8492998107130504,1.4740524991768158
n_obs=1000 seed=0 convention=gaussian,Gaussian-NPE (z-score),k,0.8579575168102529,1.4862029048219487
n_obs=1000 seed=0 convention=gaussian,Gaussian-NPE (z-score),k,0.8666152229074554,1.4981404963047975
n_obs=1000 seed=0 convention=gaussian,Gaussian-NPE (z-score),k,0.875272929004658,1.509683170979615
n_obs=1000 seed=0 convention=gaussian,Gaussian-NPE (z-score),k,0.8839306351018605,1.5204859087818257
n_obs=1000 seed=0 convention=gaussian,Gaussian-NPE (z-score),k,0.892588341199063,1.530082159626588
n_obs=1000 seed=0 convention=gaussian,Gaussian-NPE (z-score),k,0.9012460472962657,1.537941889466645
n_obs=1000 seed=0 convention=gaussian,Gaussian-NPE (z-score),k,0.9099037533934682,1.543537750713629
n_obs=1000 seed=0 convention=gaussian,Gaussian-NPE (z-score),k,0.9185614594906707,1.5464102942175708
n_obs=1000 seed=0 convention=gaussian,Gaussian-NPE (z-score),k,0.9272191655878733,1.546223988197189
n_obs=1000 seed=0 convention=gaussian,Gaussian-NPE (z-score),k,0.9358768716850758,1.5428072871012157
n_obs=1000 seed=0 convention=gaussian,Gaussian-NPE (z-score),k,0.9445345777822783,1.536171639416279
n_obs=1000 seed=0 convention=gaussian,Gaussian-NPE (z-score),k,0.953192283879481,1.5265063138958874
n_obs=1000 seed=0 convention=gaussian,Gaussian-NPE (z-score),k,0.9618499899766835,1.5141488341622271
n_obs=1000 seed=0 convention=gaussian,Gaussian-NPE (z-score),k,0.970507696073886,1.499534941796674
n_obs=1000 seed=0 convention=gaussian,Gaussian-NPE (z-score),k,0.9791654021710885,1.4831367446457466
n_obs=1000 seed=0 convention=gaussian,Gaussian-NPE (z-score),k,0.9878231082682911,1.4654014382802507
n_obs=1000 seed=0 convention=gaussian,Gaussian-NPE (z-score),k,0.9964808143654936,1.44670375875746
n_obs=1000 seed=0 convention=gaussian,Gaussian-NPE (z-score),k,1.0051385204626961,1.4273219337772471
n_obs=1000 seed=0 convention=gaussian,Gaussian-NPE (z-score),k,1.0137962265598988,1.4074398153438508
n_obs=1000 seed=0 convention=gaussian,Gaussian-NPE (z-score),k,1.0224539326571014,1.3871693752626242
n_obs=1000 seed=0 convention=gaussian,Gaussian-NPE (z-score),k,1.0311116387543038,1.3665810851739166
n_obs=1000 seed=0 convention=gaussian,Gaussian-NPE (z-score),k,1.0397693448515064,1.3457276977153316
n_obs=1000 seed=0 convention=gaussian,Gaussian-NPE (z-score),k,1.048427050948709,1.3246506219941703
n_obs=1000 seed=0 convention=gaussian,Gaussian-NPE (z-score),k,1.0570847570459114,1.3033661256752118
n_obs=1000 seed=0 convention=gaussian,Gaussian-NPE (z-score),k,1.065742463143114,1.2818378419982648
n_obs=1000 seed=0 convention=gaussian,Gaussian-NPE (z-score),k,1.0744001692403167,1.259948860642303
n_obs=1000 seed=0 convention=gaussian,Gaussian-NPE (z-score),k,1.083057875337519,1.2374884168036329
n_obs=1000 seed=0 convention=gaussian,Gaussian-NPE (z-score),k,1.0917155814347215,1.214164291089554
n_obs=1000 seed=0 convention=gaussian,Gaussian-NPE (z-score),k,1.1003732875319243,1.1896440543014664
n_obs=1000 seed=0 convention=gaussian,Gaussian-NPE (z-score),k,1.1090309936291267,1.1636191352219243
n_obs=1000 seed=0 convention=gaussian,Gaussian-NPE (z-score),k,1.1176886997263291,1.1358783712483809
n_obs=1000 seed=0 convention=gaussian,Gaussian-NPE (z-score),k,1.126346405823532,1.106374281229325
n_obs=1000 seed=0 convention=gaussian,Gaussian-NPE (z-score),k,1.1350041119207344,1.0752663771991162
n_obs=1000 seed=0 convention=gaussian,Gaussian-NPE (z-score),k,1.1436618180179368,1.0429306800187652
n_obs=1000 seed=0 convention=gaussian,Gaussian-NPE (z-score),k,1.1523195241151396,1.009931705037406
n_obs=1000 seed=0 convention=gaussian,Gaussian-NPE (z-score),k,1.160977230212342,0.9769608149740754
n_obs=1000 seed=0 convention=gaussian,Gaussian-NPE (z-score),k,1.1696349363095444,0.9447514602096003
n_obs=1000 seed=0 convention=gaussian,Gaussian-NPE (z-score),k,1.1782926424067472,0.9139862457321518
n_obs=1000 seed=0 convention=gaussian,Gaussian-NPE (z-score),k,1.1869503485039496,0.8852121808339137
n_obs=1000 seed=0 convention=gaussian,Gaussian-NPE (z-score),k,1.195608054601152,0.8587785760829282
n_obs=1000 seed=0 convention=gaussian,Gaussian-NPE (z-score),k,1.204265760698355,0.8348071884111014
n_obs=1000 seed=0 convention=gaussian,Gaussian-NPE (z-score),k,1.2129234667955573,0.8131974385443458
n_obs=1000 seed=0 convention=gaussian,Gaussian-NPE (z-score),k,1.2215811728927597,0.7936624657379681
n_obs=1000 seed=0 convention=gaussian,Gaussian-NPE (z-score),k,1.2302388789899625,0.7757862114978165
n_obs=1000 seed=0 convention=gaussian,Gaussian-NPE (z-score),k,1.238896585087165,0.7590889670788629
n_obs=1000 seed=0 convention=gaussian,Gaussian-NPE (z-score),k,1.2475542911843673,0.7430893119175694
n_obs=1000 seed=0 convention=gaussian,Gaussian-NPE (z-score),k,1.2562119972815702,0.7273535326948973
n_obs=1000 seed=0 convention=gaussian,Gaussian-NPE (z-score),k,1.2648697033787726,0.7115281384933261
n_obs=1000 seed=0 convention=gaussian,Gaussian-NPE (z-score),k,1.273527409475975,0.6953554754772772
n_obs=1000 seed=0 convention=gaussian,Gaussian-NPE (z-score),k,1.2821851155731778,0.6786755298494587
n_obs=1000 seed=0 convention=gaussian,Gaussian-NPE (z-score),k,1.2908428216703802,0.6614182781430193
n_obs=1000 seed=0 convention=gaussian,Gaussian-NPE (z-score),k,1.2995005277675826,0.6435905702076603
n_obs=1000 seed=0 convention=gaussian,Gaussian-NPE (z-score),k,1.3081582338647855,0.6252601745507864
n_obs=1000 seed=0 convention=gaussian,Gaussian-NPE (z-score),k,1.3168159399619879,0.606538133804055
n_obs=1000 seed=0 convention=gaussian,Gaussian-NPE (z-score),k,1.3254736460591903,0.5875597171624509
n_obs=1000 seed=0 convention=gaussian,Gaussian-NPE (z-score),k,1.3341313521563931,0.5684644080889001
n_obs=1000 seed=0 convention=gaussian,Gaussian-NPE (z-score),k,1.3427890582535955,0.5493764207517629
n_obs=1000 seed=0 convention=gaussian,Gaussian-NPE (z-score),k,1.351446764350798,0.5303886032915683
n_obs=1000 seed=0 convention=gaussian,Gaussian-NPE (z-score),k,1.3601044704480008,0.5115533932438422
n_obs=1000 seed=0 convention=gaussian,Gaussian-NPE (z-score),k,1.3687621765452032,0.49288397904462095
n_obs=1000 seed=0 convention=gaussian,Gaussian-NPE (z-score),k,1.3774198826424056,0.47436673892944964
n_obs=1000 seed=0 convention=gaussian,Gaussian-NPE (z-score),k,1.3860775887396084,0.4559828541685877
n_obs=1000 seed=0 convention=gaussian,Gaussian-NPE (z-score),k,1.3947352948368108,0.4377338269397254
n_obs=1000 seed=0 convention=gaussian,Gaussian-NPE (z-score),k,1.4033930009340132,0.41966375214791624
n_obs=1000 seed=0 convention=gaussian,Gaussian-NPE (z-score),k,1.412050707031216,0.4018714770800464
n_obs=1000 seed=0 convention=gaussian,Gaussian-NPE (z-score),k,1.4207084131284184,0.38450829358740135
n_obs=1000 seed=0 convention=gaussian,Gaussian-NPE (z-score),k,1.4293661192256208,0.36776074102134115
n_obs=1000 seed=0 convention=gaussian,Gaussian-NPE (z-score),k,1.4380238253228232,0.35182213941744794
n_obs=1000 seed=0 convention=gaussian,Gaussian-NPE (z-score),k,1.446681531420026,0.3368593547974688
n_obs=1000 seed=0 convention=gaussian,Gaussian-NPE (z-score),k,1.4553392375172285,0.32298228379663396
n_obs=1000 seed=0 convention=gaussian,Gaussian-NPE (z-score),k,1.463996943614431,0.3102226071386067
n_obs=1000 seed=0 convention=gaussian,Gaussian-NPE (z-score),k,1.4726546497116337,0.2985260397410274
n_obs=1000 seed=0 convention=gaussian,Gaussian-NPE (z-score),k,1.4813123558088361,0.2877593675910988
n_obs=1000 seed=0 convention=gaussian,Gaussian-NPE (z-score),k,1.4899700619060385,0.27773069153976254
n_obs=1000 seed=0 convention=gaussian,Gaussian-NPE (z-score),k,1.4986277680032414,0.268218949255981
n_obs=1000 seed=0 convention=gaussian,Gaussian-NPE (z-score),k,1.5072854741004438,0.25900721415058187
n_obs=1000 seed=0 convention=gaussian,Gaussian-NPE (z-score),k,1.5159431801976462,0.24991363766737437
n_obs=1000 seed=0 convention=gaussian,Gaussian-NPE (z-score),k,1.524600886294849,0.2408143359261229
n_obs=1000 seed=0 convention=gaussian,Gaussian-NPE (z-score),k,1.5332585923920514,0.2316540619782929
n_obs=1000 seed=0 convention=gaussian,Gaussian-NPE (z-score),k,1.5419162984892538,0.22244298633460505
n_obs=1000 seed=0 convention=gaussian,Gaussian-NPE (z-score),k,1.5505740045864567,0.21324088734216767
n_obs=1000 seed=0 convention=gaussian,Gaussian-NPE (z-score),k,1.559231710683659,0.2041328544452976
n_obs=1000 seed=0 convention=gaussian,Gaussian-NPE (z-score),k,1.5678894167808615,0.19520250422580826
n_obs=1000 seed=0 convention=gaussian,Gaussian-NPE (z-score),k,1.5765471228780643,0.1865091612465901
n_obs=1000 seed=0 convention=gaussian,Gaussian-NPE (z-score),k,1.5852048289752667,0.178074302965581
n_obs=1000 seed=0 convention=gaussian,Gaussian-NPE (z-score),k,1.593862535072469,0.16988009592896017
n_obs=1000 seed=0 convention=gaussian,Gaussian-NPE (z-score),k,1.602520241169672,0.16187970879777894
n_obs=1000 seed=0 convention=gaussian,Gaussian-NPE (z-score),k,1.6111779472668744,0.15401610012582248
n_obs=1000 seed=0 convention=gaussian,Gaussian-NPE (z-score),k,1.6198356533640768,0.14624391298741932
n_obs=1000 seed=0 convention=gaussian,Gaussian-NPE (z-score),k,1.6284933594612796,0.13854847512070942
n_obs=1000 seed=0 convention=gaussian,Gaussian-NPE (z-score),k,1.637151065558482,0.13095683055743285
n_obs=1000 seed=0 convention=gaussian,Gaussian-NPE (z-score),k,1.6458087716556844,0.12353793857745539
n_obs=1000 seed=0 convention=gaussian,Gaussian-NPE (z-score),k,1.6544664777528872,0.11639206205280156
n_obs=1000 seed=0 convention=gaussian,Gaussian-NPE (z-score),k,1.6631241838500896,0.10963215799915299
n_obs=1000 seed=0 convention=gaussian,Gaussian-NPE (z-score),k,1.671781889947292,0.103362047942384
n_obs=1000 seed=0 convention=gaussian,Gaussian-NPE (z-score),k,1.6804395960444949,0.09765679260536349
n_obs=1000 seed=0 convention=gaussian,Gaussian-NPE (z-score),k,1.6890973021416973,0.09254990222357229
n_obs=1000 seed=0 convention=gaussian,Gaussian-NPE (z-score),k,1.6977550082388997,0.08803005292868042
n_obs=1000 seed=0 convention=gaussian,Gaussian-NPE (z-score),k,1.7064127143361025,0.08404742841218897
n_obs=1000 seed=0 convention=gaussian,Gaussian-NPE (z-score),k,1.715070420433305,0.08052737139330811
n_obs=1000 seed=0 convention=gaussian,Gaussian-NPE (z-score),k,1.7237281265305073,0.07738734437134741
n_obs=1000 seed=0 convention=gaussian,Gaussian-NPE (z-score),k,1.7323858326277102,0.07455265623305318
n_obs=1000 seed=0 convention=gaussian,Gaussian-NPE (z-score),k,1.7410435387249126,0.07196707883550582
n_obs=1000 seed=0 convention=gaussian,Gaussian-NPE (z-score),k,1.749701244822115,0.06959611209563397
n_obs=1000 seed=0 convention=gaussian,Gaussian-NPE (z-score),k,1.7583589509193178,0.06742278927713952
n_obs=1000 seed=0 convention=gaussian,Gaussian-NPE (z-score),k,1.7670166570165202,0.06543797925446444
n_obs=1000 seed=0 convention=gaussian,Gaussian-NPE (z-score),k,1.7756743631137226,0.06362860580045421
n_obs=1000 seed=0 convention=gaussian,Gaussian-NPE (z-score),k,1.7843320692109255,0.06196768393062436
n_obs=1000 seed=0 convention=gaussian,Gaussian-NPE (z-score),k,1.7929897753081279,0.06040943616010021
n_obs=1000 seed=0 convention=gaussian,Gaussian-NPE (z-score),k,1.8016474814053303,0.058891164480284294
n_obs=1000 seed=0 convention=gaussian,Gaussian-NPE (z-score),k,1.810305187502533,0.057341469630800355
n_obs=1000 seed=0 convention=gaussian,Gaussian-NPE (z-score),k,1.8189628935997355,0.05569245855762727
n_obs=1000 seed=0 convention=gaussian,Gaussian-NPE (z-score),k,1.827620599696938,0.0538923827154469
n_obs=1000 seed=0 convention=gaussian,Gaussian-NPE (z-score),k,1.8362783057941408,0.051915093986706726
n_obs=1000 seed=0 convention=gaussian,Gaussian-NPE (z-score),k,1.8449360118913432,0.04976379526416855
n_obs=1000 seed=0 convention=gaussian,Gaussian-NPE (z-score),k,1.8535937179885456,0.047468398650699004
n_obs=1000 seed=0 convention=gaussian,Gaussian-NPE (z-score),k,1.8622514240857484,0.045077725697681884
n_obs=1000 seed=0 convention=gaussian,Gaussian-NPE (z-score),k,1.8709091301829508,0.042649127601982785
n_obs=1000 seed=0 convention=gaussian,Gaussian-NPE (z-score),k,1.8795668362801532,0.04023846033929371
n_obs=1000 seed=0 convention=gaussian,Gaussian-NPE (z-score),k,1.888224542377356,0.03789271342593089
n_obs=1000 seed=0 convention=gaussian,Gaussian-NPE (z-score),k,1.8968822484745584,0.03564632743839229
n_obs=1000 seed=0 convention=gaussian,Gaussian-NPE (z-score),k,1.9055399545717608,0.033520899636283415
n_obs=1000 seed=0 convention=gaussian,Gaussian-NPE (z-score),k,1.9141976606689632,0.031527065492561374
n_obs=1000 seed=0 convention=gaussian,Gaussian-NPE (robust asinh),k,0.19131414732565688,0.004823240586322728
n_obs=1000 seed=0 convention=gaussian,Gaussian-NPE (robust asinh),k,0.19997185342285942,0.008201218947625783
n_obs=1000 seed=0 convention=gaussian,Gaussian-NPE (robust asinh),k,0.20862955952006196,0.012903422574780938
n_obs=1000 seed=0 convention=gaussian,Gaussian-NPE (robust asinh),k,0.21728726561726452,0.019062810816719705
n_obs=1000 seed=0 convention=gaussian,Gaussian-NPE (robust asinh),k,0.22594497171446706,0.026833896518846236
n_obs=1000 seed=0 convention=gaussian,Gaussian-NPE (robust asinh),k,0.2346026778116696,0.036500532131471836
n_obs=1000 seed=0 convention=gaussian,Gaussian-NPE (robust asinh),k,0.24326038390887217,0.048601012147850925
n_obs=1000 seed=0 convention=gaussian,Gaussian-NPE (robust asinh),k,0.2519180900060747,0.06402390848852438
n_obs=1000 seed=0 convention=gaussian,Gaussian-NPE (robust asinh),k,0.26057579610327725,0.08399681368000263
n_obs=1000 seed=0 convention=gaussian,Gaussian-NPE (robust asinh),k,0.2692335022004798,0.10991745069617129
n_obs=1000 seed=0 convention=gaussian,Gaussian-NPE (robust asinh),k,0.2778912082976823,0.143077280631935
n_obs=1000 seed=0 convention=gaussian,Gaussian-NPE (robust asinh),k,0.2865489143948849,0.18442387493212223
n_obs=1000 seed=0 convention=gaussian,Gaussian-NPE (robust asinh),k,0.29520662049208746,0.23451555705386562
n_obs=1000 seed=0 convention=gaussian,Gaussian-NPE (robust asinh),k,0.30386432658928997,0.29372449074909296
n_obs=1000 seed=0 convention=gaussian,Gaussian-NPE (robust asinh),k,0.31252203268649253,0.3625848823658493
n_obs=1000 seed=0 convention=gaussian,Gaussian-NPE (robust asinh),k,0.3211797387836951,0.44204800622003765
n_obs=1000 seed=0 convention=gaussian,Gaussian-NPE (robust asinh),k,0.3298374448808976,0.5334119481209492
n_obs=1000 seed=0 convention=gaussian,Gaussian-NPE (robust asinh),k,0.3384951509781001,0.6378970855478114
n_obs=1000 seed=0 convention=gaussian,Gaussian-NPE (robust asinh),k,0.3471528570753027,0.7561224163636854
n_obs=1000 seed=0 convention=gaussian,Gaussian-NPE (robust asinh),k,0.35581056317250526,0.8878399595587378
n_obs=1000 seed=0 convention=gaussian,Gaussian-NPE (robust asinh),k,0.36446826926970777,1.0320364009517435
n_obs=1000 seed=0 convention=gaussian,Gaussian-NPE (robust asinh),k,0.37312597536691033,1.1871178292178461
n_obs=1000 seed=0 convention=gaussian,Gaussian-NPE (robust asinh),k,0.3817836814641129,1.350810272581775
n_obs=1000 seed=0 convention=gaussian,Gaussian-NPE (robust asinh),k,0.3904413875613154,1.5197811671424943
n_obs=1000 seed=0 convention=gaussian,Gaussian-NPE (robust asinh),k,0.399099093658518,1.6894093537703596
n_obs=1000 seed=0 convention=gaussian,Gaussian-NPE (robust asinh),k,0.40775679975572054,1.8541636640115255
n_obs=1000 seed=0 convention=gaussian,Gaussian-NPE (robust asinh),k,0.41641450585292306,2.0087079412837543
n_obs=1000 seed=0 convention=gaussian,Gaussian-NPE (robust asinh),k,0.4250722119501256,2.149370849380439
n_obs=1000 seed=0 convention=gaussian,Gaussian-NPE (robust asinh),k,0.4337299180473282,2.2751537794257204
n_obs=1000 seed=0 convention=gaussian,Gaussian-NPE (robust asinh),k,0.4423876241445307,2.387338831361816
n_obs=1000 seed=0 convention=gaussian,Gaussian-NPE (robust asinh),k,0.45104533024173327,2.487546526039389
n_obs=1000 seed=0 convention=gaussian,Gaussian-NPE (robust asinh),k,0.4597030363389358,2.5755562522115283
n_obs=1000 seed=0 convention=gaussian,Gaussian-NPE (robust asinh),k,0.46836074243613834,2.6488473212197365
n_obs=1000 seed=0 convention=gaussian,Gaussian-NPE (robust asinh),k,0.4770184485333409,2.704479605271199
n_obs=1000 seed=0 convention=gaussian,Gaussian-NPE (robust asinh),k,0.4856761546305434,2.7417218507097525
n_obs=1000 seed=0 convention=gaussian,Gaussian-NPE (robust asinh),k,0.494333860727746,2.763201118152508
n_obs=1000 seed=0 convention=gaussian,Gaussian-NPE (robust asinh),k,0.5029915668249485,2.773947479332062
n_obs=1000 seed=0 convention=gaussian,Gaussian-NPE (robust asinh),k,0.5116492729221511,2.779494234867445
n_obs=1000 seed=0 convention=gaussian,Gaussian-NPE (robust asinh),k,0.5203069790193536,2.784237442910998
n_obs=1000 seed=0 convention=gaussian,Gaussian-NPE (robust asinh),k,0.5289646851165561,2.7902669706989225
n_obs=1000 seed=0 convention=gaussian,Gaussian-NPE (robust asinh),k,0.5376223912137588,2.7966867062481735
n_obs=1000 seed=0 convention=gaussian,Gaussian-NPE (robust asinh),k,0.5462800973109613,2.800023204805432
n_obs=1000 seed=0 convention=gaussian,Gaussian-NPE (robust asinh),k,0.5549378034081638,2.79612619167419
n_obs=1000 seed=0 convention=gaussian,Gaussian-NPE (robust asinh),k,0.5635955095053664,2.7826622710322053
n_obs=1000 seed=0 convention=gaussian,Gaussian-NPE (robust asinh),k,0.5722532156025689,2.7603750619650262
n_obs=1000 seed=0 convention=gaussian,Gaussian-NPE (robust asinh),k,0.5809109216997714,2.731942666428035
n_obs=1000 seed=0 convention=gaussian,Gaussian-NPE (robust asinh),k,0.589568627796974,2.6990930400514275
n_obs=1000 seed=0 convention=gaussian,Gaussian-NPE (robust asinh),k,0.5982263338941765,2.660164869514792
n_obs=1000 seed=0 convention=gaussian,Gaussian-NPE (robust asinh),k,0.6068840399913791,2.6101813978201016
n_obs=1000 seed=0 convention=gaussian,Gaussian-NPE (robust asinh),k,0.6155417460885817,2.5436094169306185
n_obs=1000 seed=0 convention=gaussian,Gaussian-NPE (robust asinh),k,0.6241994521857841,2.4578053538564455
n_obs=1000 seed=0 convention=gaussian,Gaussian-NPE (robust asinh),k,0.6328571582829867,2.3546519710168545
n_obs=1000 seed=0 convention=gaussian,Gaussian-NPE (robust asinh),k,0.6415148643801892,2.239486481066666
n_obs=1000 seed=0 convention=gaussian,Gaussian-NPE (robust asinh),k,0.6501725704773917,2.118574845599082
n_obs=1000 seed=0 convention=gaussian,Gaussian-NPE (robust asinh),k,0.6588302765745944,1.9972065285303917
n_obs=1000 seed=0 convention=gaussian,Gaussian-NPE (robust asinh),k,0.6674879826717969,1.879425681642037
n_obs=1000 seed=0 convention=gaussian,Gaussian-NPE (robust asinh),k,0.6761456887689994,1.7685861961472724
n_obs=1000 seed=0 convention=gaussian,Gaussian-NPE (robust asinh),k,0.684803394866202,1.6671658562388278
n_obs=1000 seed=0 convention=gaussian,Gaussian-NPE (robust asinh),k,0.6934611009634045,1.5755180407637404
n_obs=1000 seed=0 convention=gaussian,Gaussian-NPE (robust asinh),k,0.702118807060607,1.4911207253916061
n_obs=1000 seed=0 convention=gaussian,Gaussian-NPE (robust asinh),k,0.7107765131578097,1.4098963812582412
n_obs=1000 seed=0 convention=gaussian,Gaussian-NPE (robust asinh),k,0.7194342192550122,1.3289495736498758
n_obs=1000 seed=0 convention=gaussian,Gaussian-NPE (robust asinh),k,0.7280919253522147,1.2483086569109096
n_obs=1000 seed=0 convention=gaussian,Gaussian-NPE (robust asinh),k,0.7367496314494173,1.1702291721139269
n_obs=1000 seed=0 convention=gaussian,Gaussian-NPE (robust asinh),k,0.7454073375466198,1.0970319386146845
n_obs=1000 seed=0 convention=gaussian,Gaussian-NPE (robust asinh),k,0.7540650436438223,1.0294321750256787
n_obs=1000 seed=0 convention=gaussian,Gaussian-NPE (robust asinh),k,0.7627227497410249,0.9662612539310782
n_obs=1000 seed=0 convention=gaussian,Gaussian-NPE (robust asinh),k,0.7713804558382275,0.9051840678443438
n_obs=1000 seed=0 convention=gaussian,Gaussian-NPE (robust asinh),k,0.78003816193543,0.8437577800687224
n_obs=1000 seed=0 convention=gaussian,Gaussian-NPE (robust asinh),k,0.7886958680326326,0.7804855585705649
n_obs=1000 seed=0 convention=gaussian,Gaussian-NPE (robust asinh),k,0.7973535741298351,0.7155921401821541
n_obs=1000 seed=0 convention=gaussian,Gaussian-NPE (robust asinh),k,0.8060112802270376,0.6511643515565834
n_obs=1000 seed=0 convention=gaussian,Gaussian-NPE (robust asinh),k,0.8146689863242401,0.5904717485030927
n_obs=1000 seed=0 convention=gaussian,Gaussian-NPE (robust asinh),k,0.8233266924214427,0.536678490266957
n_obs=1000 seed=0 convention=gaussian,Gaussian-NPE (robust asinh),k,0.8319843985186453,0.4914975715527555
n_obs=1000 seed=0 convention=gaussian,Gaussian-NPE (robust asinh),k,0.8406421046158478,0.4544685506746337
n_obs=1000 seed=0 convention=gaussian,Gaussian-NPE (robust asinh),k,0.8492998107130504,0.42330926937294416
n_obs=1000 seed=0 convention=gaussian,Gaussian-NPE (robust asinh),k,0.8579575168102529,0.3951394429874005
n_obs=1000 seed=0 convention=gaussian,Gaussian-NPE (robust asinh),k,0.8666152229074554,0.367752666822913
n_obs=1000 seed=0 convention=gaussian,Gaussian-NPE (robust asinh),k,0.875272929004658,0.3401815604588497
n_obs=1000 seed=0 convention=gaussian,Gaussian-NPE (robust asinh),k,0.8839306351018605,0.31249483277806683
n_obs=1000 seed=0 convention=gaussian,Gaussian-NPE (robust asinh),k,0.892588341199063,0.285303632896074
n_obs=1000 seed=0 convention=gaussian,Gaussian-NPE (robust asinh),k,0.9012460472962657,0.259380961979304
n_obs=1000 seed=0 convention=gaussian,Gaussian-NPE (robust asinh),k,0.9099037533934682,0.23544502305095397
n_obs=1000 seed=0 convention=gaussian,Gaussian-NPE (robust asinh),k,0.9185614594906707,0.21400442652703733
n_obs=1000 seed=0 convention=gaussian,Gaussian-NPE (robust asinh),k,0.9272191655878733,0.19524010115145224
n_obs=1000 seed=0 convention=gaussian,Gaussian-NPE (robust asinh),k,0.9358768716850758,0.17896753560827855
n_obs=1000 seed=0 convention=gaussian,Gaussian-NPE (robust asinh),k,0.9445345777822783,0.1646944205021072
n_obs=1000 seed=0 convention=gaussian,Gaussian-NPE (robust asinh),k,0.953192283879481,0.15175065803938834
n_obs=1000 seed=0 convention=gaussian,Gaussian-NPE (robust asinh),k,0.9618499899766835,0.1394639588813972
n_obs=1000 seed=0 convention=gaussian,Gaussian-NPE (robust asinh),k,0.970507696073886,0.1273405503046916
n_obs=1000 seed=0 convention=gaussian,Gaussian-NPE (robust asinh),k,0.9791654021710885,0.11519054263304809
n_obs=1000 seed=0 convention=gaussian,Gaussian-NPE (robust asinh),k,0.9878231082682911,0.10317004473172382
n_obs=1000 seed=0 convention=gaussian,Gaussian-NPE (robust asinh),k,0.9964808143654936,0.09176530474886971
n_obs=1000 seed=0 convention=gaussian,Gaussian-NPE (robust asinh),k,1.0051385204626961,0.08171272294867692
n_obs=1000 seed=0 convention=gaussian,Gaussian-NPE (robust asinh),k,1.0137962265598988,0.07377269397820789
n_obs=1000 seed=0 convention=gaussian,Gaussian-NPE (robust asinh),k,1.0224539326571014,0.06834530203754743
n_obs=1000 seed=0 convention=gaussian,Gaussian-NPE (robust asinh),k,1.0311116387543038,0.06514409765758357
n_obs=1000 seed=0 convention=gaussian,Gaussian-NPE (robust asinh),k,1.0397693448515064,0.06323894611602554
n_obs=1000 seed=0 convention=gaussian,Gaussian-NPE (robust asinh),k,1.048427050948709,0.061529601087303105
n_obs=1000 seed=0 convention=gaussian,Gaussian-NPE (robust asinh),k,1.0570847570459114,0.059332545389204294
n_obs=1000 seed=0 convention=gaussian,Gaussian-NPE (robust asinh),k,1.065742463143114,0.056650874331773314
n_obs=1000 seed=0 convention=gaussian,Gaussian-NPE (robust asinh),k,1.0744001692403167,0.05395234689714056
n_obs=1000 seed=0 convention=gaussian,Gaussian-NPE (robust asinh),k,1.083057875337519,0.051652056545998346
n_obs=1000 seed=0 convention=gaussian,Gaussian-NPE (robust asinh),k,1.0917155814347215,0.049693076904378373
n_obs=1000 seed=0 convention=gaussian,Gaussian-NPE (robust asinh),k,1.1003732875319243,0.047526820950452686
n_obs=1000 seed=0 convention=gaussian,Gaussian-NPE (robust asinh),k,1.1090309936291267,0.04448449129076433
n_obs=1000 seed=0 convention=gaussian,Gaussian-NPE (robust asinh),k,1.1176886997263291,0.040227204204978044
n_obs=1000 seed=0 convention=gaussian,Gaussian-NPE (robust asinh),k,1.126346405823532,0.034926531260830784
n_obs=1000 seed=0 convention=gaussian,Gaussian-NPE (robust asinh),k,1.1350041119207344,0.02909648298931304
n_obs=1000 seed=0 convention=gaussian,Gaussian-NPE (robust asinh),k,1.1436618180179368,0.023296319602275753
n_obs=1000 seed=0 convention=gaussian,Gaussian-NPE (robust asinh),k,1.1523195241151396,0.017957881084506314
n_obs=1000 seed=0 convention=gaussian,Gaussian-NPE (robust asinh),k,1.160977230212342,0.013384819753763431
n_obs=1000 seed=0 convention=gaussian,Gaussian-NPE (robust asinh),k,1.1696349363095444,0.009796833546991407
n_obs=1000 seed=0 convention=gaussian,Gaussian-NPE (robust asinh),k,1.1782926424067472,0.007317218983933056
n_obs=1000 seed=0 convention=gaussian,Gaussian-NPE (robust asinh),k,1.1869503485039496,0.005925107860163459
n_obs=1000 seed=0 convention=gaussian,Gaussian-NPE (robust asinh),k,1.195608054601152,0.005440008920487072
n_obs=1000 seed=0 convention=gaussian,Gaussian-NPE (robust asinh),k,1.204265760698355,0.005560769437273394
n_obs=1000 seed=0 convention=gaussian,Gaussian-NPE (robust asinh),k,1.2129234667955573,0.005943763088218419
n_obs=1000 seed=0 convention=gaussian,Gaussian-NPE (robust asinh),k,1.2215811728927597,0.006304402871686803
n_obs=1000 seed=0 convention=gaussian,Gaussian-NPE (robust asinh),k,1.2302388789899625,0.006506902392238148
n_obs=1000 seed=0 convention=gaussian,Gaussian-NPE (robust asinh),k,1.238896585087165,0.006574177009767021
n_obs=1000 seed=0 convention=gaussian,Gaussian-NPE (robust asinh),k,1.2475542911843673,0.006585075031242861
n_obs=1000 seed=0 convention=gaussian,Gaussian-NPE (robust asinh),k,1.2562119972815702,0.006537173965617134
n_obs=1000 seed=0 convention=gaussian,Gaussian-NPE (robust asinh),k,1.2648697033787726,0.006312528064098412
n_obs=1000 seed=0 convention=gaussian,Gaussian-NPE (robust asinh),k,1.273527409475975,0.00579030892515114
n_obs=1000 seed=0 convention=gaussian,Gaussian-NPE (robust asinh),k,1.2821851155731778,0.004990744441245084
n_obs=1000 seed=0 convention=gaussian,Gaussian-NPE (robust asinh),k,1.2908428216703802,0.0040948009727120845
n_obs=1000 seed=0 convention=gaussian,Gaussian-NPE (robust asinh),k,1.2995005277675826,0.0033149101220010815
n_obs=1000 seed=0 convention=gaussian,Gaussian-NPE (robust asinh),k,1.3081582338647855,0.002744530100787818
n_obs=1000 seed=0 convention=gaussian,Gaussian-NPE (robust asinh),k,1.3168159399619879,0.0023235683483407554
n_obs=1000 seed=0 convention=gaussian,Gaussian-NPE (robust asinh),k,1.3254736460591903,0.001930229649393046
n_obs=1000 seed=0 convention=gaussian,Gaussian-NPE (robust asinh),k,1.3341313521563931,0.001495467641456533
n_obs=1000 seed=0 convention=gaussian,Gaussian-NPE (robust asinh),k,1.3427890582535955,0.0010417635355876045
n_obs=1000 seed=0 convention=gaussian,Gaussian-NPE (robust asinh),k,1.351446764350798,0.0006393359025559767
n_obs=1000 seed=0 convention=gaussian,Gaussian-NPE (robust asinh),k,1.3601044704480008,0.00034221371725681195
n_obs=1000 seed=0 convention=gaussian,Gaussian-NPE (robust asinh),k,1.3687621765452032,0.0001590177432302199
n_obs=1000 seed=0 convention=gaussian,Gaussian-NPE (robust asinh),k,1.3774198826424056,6.401056201301639e-05
n_obs=1000 seed=0 convention=gaussian,Gaussian-NPE (robust asinh),k,1.3860775887396084,2.2299756403259294e-05
n_obs=1000 seed=0 convention=gaussian,Gaussian-NPE (robust asinh),k,1.3947352948368108,6.720540528294538e-06
n_obs=1000 seed=0 convention=gaussian,Gaussian-NPE (robust asinh),k,1.4033930009340132,1.7517850490055076e-06
n_obs=1000 seed=0 convention=gaussian,Gaussian-NPE (robust asinh),k,1.412050707031216,3.949460464233596e-07
n_obs=1000 seed=0 convention=gaussian,Gaussian-NPE (robust asinh),k,1.4207084131284184,7.738047231708861e-08
n_obs=1000 seed=0 convention=gaussian,Gaussian-NPE (robust asinh),k,1.4293661192256208,1.5998857262745664e-08
n_obs=1000 seed=0 convention=gaussian,Gaussian-NPE (robust asinh),k,1.4380238253228232,2.190595934198734e-08
n_obs=1000 seed=0 convention=gaussian,Gaussian-NPE (robust asinh),k,1.446681531420026,1.1494866978413394e-07
n_obs=1000 seed=0 convention=gaussian,Gaussian-NPE (robust asinh),k,1.4553392375172285,5.685893188105757e-07
n_obs=1000 seed=0 convention=gaussian,Gaussian-NPE (robust asinh),k,1.463996943614431,2.4370178579176124e-06
n_obs=1000 seed=0 convention=gaussian,Gaussian-NPE (robust asinh),k,1.4726546497116337,9.033165642126117e-06
n_obs=1000 seed=0 convention=gaussian,Gaussian-NPE (robust asinh),k,1.4813123558088361,2.8955021914082734e-05
n_obs=1000 seed=0 convention=gaussian,Gaussian-NPE (robust asinh),k,1.4899700619060385,8.026201795262158e-05
n_obs=1000 seed=0 convention=gaussian,Gaussian-NPE (robust asinh),k,1.4986277680032414,0.00019239708816790442
n_obs=1000 seed=0 convention=gaussian,Gaussian-NPE (robust asinh),k,1.5072854741004438,0.0003988312308042937
n_obs=1000 seed=0 convention=gaussian,Gaussian-NPE (robust asinh),k,1.5159431801976462,0.0007149605286943904
n_obs=1000 seed=0 convention=gaussian,Gaussian-NPE (robust asinh),k,1.524600886294849,0.001108350743357736
n_obs=1000 seed=0 convention=gaussian,Gaussian-NPE (robust asinh),k,1.5332585923920514,0.001485848777211973
n_obs=1000 seed=0 convention=gaussian,Gaussian-NPE (robust asinh),k,1.5419162984892538,0.0017225595671254926
n_obs=1000 seed=0 convention=gaussian,Gaussian-NPE (robust asinh),k,1.5505740045864567,0.0017269355519262907
n_obs=1000 seed=0 convention=gaussian,Gaussian-NPE (robust asinh),k,1.559231710683659,0.0014972015052712251
n_obs=1000 seed=0 convention=gaussian,Gaussian-NPE (robust asinh),k,1.5678894167808615,0.0011225007073714323
n_obs=1000 seed=0 convention=gaussian,Gaussian-NPE (robust asinh),k,1.5765471228780643,0.000727771819728523
n_obs=1000 seed=0 convention=gaussian,Gaussian-NPE (robust asinh),k,1.5852048289752667,0.0004080431489032602
n_obs=1000 seed=0 convention=gaussian,Gaussian-NPE (robust asinh),k,1.593862535072469,0.00019784231681519086
n_obs=1000 seed=0 convention=gaussian,Gaussian-NPE (robust asinh),k,1.602520241169672,8.29534650008451e-05
n_obs=1000 seed=0 convention=gaussian,Gaussian-NPE (robust asinh),k,1.6111779472668744,3.0078219002132647e-05
n_obs=1000 seed=0 convention=gaussian,Gaussian-NPE (robust asinh),k,1.6198356533640768,9.431308400849722e-06
n_obs=1000 seed=0 convention=gaussian,Gaussian-NPE (robust asinh),k,1.6284933594612796,2.557372666700123e-06
n_obs=1000 seed=0 convention=gaussian,Gaussian-NPE (robust asinh),k,1.637151065558482,5.996783022348694e-07
n_obs=1000 seed=0 convention=gaussian,Gaussian-NPE (robust asinh),k,1.6458087716556844,1.2160316960774732e-07
n_obs=1000 seed=0 convention=gaussian,Gaussian-NPE (robust asinh),k,1.6544664777528872,2.1324246701090307e-08
n_obs=1000 seed=0 convention=gaussian,Gaussian-NPE (robust asinh),k,1.6631241838500896,3.2337373658901454e-09
n_obs=1000 seed=0 convention=gaussian,Gaussian-NPE (robust asinh),k,1.671781889947292,4.240704734948874e-10
n_obs=1000 seed=0 convention=gaussian,Gaussian-NPE (robust asinh),k,1.6804395960444949,4.809208088117307e-11
n_obs=1000 seed=0 convention=gaussian,Gaussian-NPE (robust asinh),k,1.6890973021416973,4.716407768276819e-12
n_obs=1000 seed=0 convention=gaussian,Gaussian-NPE (robust asinh),k,1.6977550082388997,3.999920564870583e-13
n_obs=1000 seed=0 convention=gaussian,Gaussian-NPE (robust asinh),k,1.7064127143361025,2.933550918860207e-14
n_obs=1000 seed=0 convention=gaussian,Gaussian-NPE (robust asinh),k,1.715070420433305,1.8605362604171452e-15
n_obs=1000 seed=0 convention=gaussian,Gaussian-NPE (robust asinh),k,1.7237281265305073,1.0204339275144671e-16
n_obs=1000 seed=0 convention=gaussian,Gaussian-NPE (robust asinh),k,1.7323858326277102,4.839872092266604e-18
n_obs=1000 seed=0 convention=gaussian,Gaussian-NPE (robust asinh),k,1.7410435387249126,1.9851124925272928e-19
n_obs=1000 seed=0 convention=gaussian,Gaussian-NPE (robust asinh),k,1.749701244822115,7.041069061452582e-21
n_obs=1000 seed=0 convention=gaussian,Gaussian-NPE (robust asinh),k,1.7583589509193178,2.159704480087075e-22
n_obs=1000 seed=0 convention=gaussian,Gaussian-NPE (robust asinh),k,1.7670166570165202,5.728650113127421e-24
n_obs=1000 seed=0 convention=gaussian,Gaussian-NPE (robust asinh),k,1.7756743631137226,1.3140518739205677e-25
n_obs=1000 seed=0 convention=gaussian,Gaussian-NPE (robust asinh),k,1.7843320692109255,2.6066034486082603e-27
n_obs=1000 seed=0 convention=gaussian,Gaussian-NPE (robust asinh),k,1.7929897753081279,4.471360280304069e-29
n_obs=1000 seed=0 convention=gaussian,Gaussian-NPE (robust asinh),k,1.8016474814053303,6.632948222847244e-31
n_obs=1000 seed=0 convention=gaussian,Gaussian-NPE (robust asinh),k,1.810305187502533,8.508946504411537e-33
n_obs=1000 seed=0 convention=gaussian,Gaussian-NPE (robust asinh),k,1.8189628935997355,9.439461572859383e-35
n_obs=1000 seed=0 convention=gaussian,Gaussian-NPE (robust asinh),k,1.827620599696938,9.055676422344135e-37
n_obs=1000 seed=0 convention=gaussian,Gaussian-NPE (robust asinh),k,1.8362783057941408,7.512713245300691e-39
n_obs=1000 seed=0 convention=gaussian,Gaussian-NPE (robust asinh),k,1.8449360118913432,5.389828822693266e-41
n_obs=1000 seed=0 convention=gaussian,Gaussian-NPE (robust asinh),k,1.8535937179885456,3.3439161288292087e-43
n_obs=1000 seed=0 convention=gaussian,Gaussian-NPE (robust asinh),k,1.8622514240857484,1.794064377692157e-45
n_obs=1000 seed=0 convention=gaussian,Gaussian-NPE (robust asinh),k,1.8709091301829508,8.323824474493868e-48
n_obs=1000 seed=0 convention=gaussian,Gaussian-NPE (robust asinh),k,1.8795668362801532,3.339719925192339e-50
n_obs=1000 seed=0 convention=gaussian,Gaussian-NPE (robust asinh),k,1.888224542377356,1.1587758223538576e-52
n_obs=1000 seed=0 convention=gaussian,Gaussian-NPE (robust asinh),k,1.8968822484745584,3.476890762444542e-55
n_obs=1000 seed=0 convention=gaussian,Gaussian-NPE (robust asinh),k,1.9055399545717608,9.021627903028536e-58
n_obs=1000 seed=0 convention=gaussian,Gaussian-NPE (robust asinh),k,1.9141976606689632,2.0243286360088336e-60
