cell,method,param,x,density
"n=1000, N=n^(3/2)",Reference (flow convention),A,2.9042409185409546,1.7092915364160894e-07
"n=1000, N=n^(3/2)",Reference (flow convention),A,2.905888732899613,5.047143385601729e-07
"n=1000, N=n^(3/2)",Reference (flow convention),A,2.9075365472582715,1.409192556392155e-06
"n=1000, N=n^(3/2)",Reference (flow convention),A,2.90918436161693,3.7212823889636003e-06
"n=1000, N=n^(3/2)",Reference (flow convention),A,2.910832175975589,9.296687066877395e-06
"n=1000, N=n^(3/2)",Reference (flow convention),A,2.9124799903342473,2.1978966884979055e-05
"n=1000, N=n^(3/2)",Reference (flow convention),A,2.9141278046929058,4.9189855092717336e-05
"n=1000, N=n^(3/2)",Reference (flow convention),A,2.9157756190515642,0.00010425460877740527
"n=1000, N=n^(3/2)",Reference (flow convention),A,2.9174234334102227,0.0002093370237836242
"n=1000, N=n^(3/2)",Reference (flow convention),A,2.919071247768881,0.00039840582203739557
"n=1000, N=n^(3/2)",Reference (flow convention),A,2.9207190621275396,0.0007190367693800004
"n=1000, N=n^(3/2)",Reference (flow convention),A,2.9223668764861985,0.0012312891920713217
"n=1000, N=n^(3/2)",Reference (flow convention),A,2.924014690844857,0.002001771118898429
"n=1000, N=n^(3/2)",Reference (flow convention),A,2.9256625052035155,0.00309176684692254
"n=1000, N=n^(3/2)",Reference (flow convention),A,2.927310319562174,0.00454018367661455
"n=1000, N=n^(3/2)",Reference (flow convention),A,2.9289581339208324,0.006344820648175151
"n=1000, N=n^(3/2)",Reference (flow convention),A,2.930605948279491,0.008448166413771207
"n=1000, N=n^(3/2)",Reference (flow convention),A,2.9322537626381493,0.01073523653527631
"n=1000, N=n^(3/2)",Reference (flow convention),A,2.933901576996808,0.013049607652497299
"n=1000, N=n^(3/2)",Reference (flow convention),A,2.9355493913554667,0.01522937301654071
"n=1000, N=n^(3/2)",Reference (flow convention),A,2.937197205714125,0.017158154922832226
"n=1000, N=n^(3/2)",Reference (flow convention),A,2.9388450200727836,0.018819786776899414
"n=1000, N=n^(3/2)",Reference (flow convention),A,2.940492834431442,0.0203415973392408
"n=1000, N=n^(3/2)",Reference (flow convention),A,2.9421406487901005,0.022012507374383004
"n=1000, N=n^(3/2)",Reference (flow convention),A,2.943788463148759,0.0242686726065698
"n=1000, N=n^(3/2)",Reference (flow convention),A,2.945436277507418,0.027649138391303087
"n=1000, N=n^(3/2)",Reference (flow convention),A,2.9470840918660763,0.03273312999052691
"n=1000, N=n^(3/2)",Reference (flow convention),A,2.948731906224735,0.040075267251131856
"n=1000, N=n^(3/2)",Reference (flow convention),A,2.9503797205833933,0.05015308114772537
"n=1000, N=n^(3/2)",Reference (flow convention),A,2.9520275349420517,0.0633338081458419
"n=1000, N=n^(3/2)",Reference (flow convention),A,2.95367534930071,0.07985858478056475
"n=1000, N=n^(3/2)",Reference (flow convention),A,2.955323163659369,0.09983687771408757
"n=1000, N=n^(3/2)",Reference (flow convention),A,2.9569709780180276,0.12324534586295574
"n=1000, N=n^(3/2)",Reference (flow convention),A,2.958618792376686,0.14993224568380467
"n=1000, N=n^(3/2)",Reference (flow convention),A,2.9602666067353445,0.17963575460285752
"n=1000, N=n^(3/2)",Reference (flow convention),A,2.961914421094003,0.21202580612420568
"n=1000, N=n^(3/2)",Reference (flow convention),A,2.9635622354526614,0.2467710679085381
"n=1000, N=n^(3/2)",Reference (flow convention),A,2.96521004981132,0.2836188177331093
"n=1000, N=n^(3/2)",Reference (flow convention),A,2.9668578641699788,0.3224644664730541
"n=1000, N=n^(3/2)",Reference (flow convention),A,2.9685056785286372,0.3633882969045602
"n=1000, N=n^(3/2)",Reference (flow convention),A,2.9701534928872957,0.40665187367499
"n=1000, N=n^(3/2)",Reference (flow convention),A,2.971801307245954,0.4526676459053691
"n=1000, N=n^(3/2)",Reference (flow convention),A,2.9734491216046126,0.5019682083616324
"n=1000, N=n^(3/2)",Reference (flow convention),A,2.975096935963271,0.5551955569677849
"n=1000, N=n^(3/2)",Reference (flow convention),A,2.9767447503219295,0.6131073296424829
"n=1000, N=n^(3/2)",Reference (flow convention),A,2.9783925646805884,0.6765724756715731
"n=1000, N=n^(3/2)",Reference (flow convention),A,2.980040379039247,0.7465233241608613
"n=1000, N=n^(3/2)",Reference (flow convention),A,2.9816881933979054,0.8238536383931234
"n=1000, N=n^(3/2)",Reference (flow convention),A,2.983336007756564,0.9092911959618135
"n=1000, N=n^(3/2)",Reference (flow convention),A,2.9849838221152223,1.0033018246997956
"n=1000, N=n^(3/2)",Reference (flow convention),A,2.9866316364738807,1.1060763798506759
"n=1000, N=n^(3/2)",Reference (flow convention),A,2.988279450832539,1.2176117235300932
"n=1000, N=n^(3/2)",Reference (flow convention),A,2.989927265191198,1.337845434124106
"n=1000, N=n^(3/2)",Reference (flow convention),A,2.9915750795498566,1.4667747395977095
"n=1000, N=n^(3/2)",Reference (flow convention),A,2.993222893908515,1.6045011985656028
"n=1000, N=n^(3/2)",Reference (flow convention),A,2.9948707082671735,1.75118472804813
"n=1000, N=n^(3/2)",Reference (flow convention),A,2.996518522625832,1.9069356698853217
"n=1000, N=n^(3/2)",Reference (flow convention),A,2.9981663369844904,2.0716967867059126
"n=1000, N=n^(3/2)",Reference (flow convention),A,2.999814151343149,2.245163179637475
"n=1000, N=n^(3/2)",Reference (flow convention),A,3.001461965701808,2.4267698615956097
"n=1000, N=n^(3/2)",Reference (flow convention),A,3.0031097800604662,2.615758634636571
"n=1000, N=n^(3/2)",Reference (flow convention),A,3.0047575944191247,2.8113204099258584
"n=1000, N=n^(3/2)",Reference (flow convention),A,3.006405408777783,3.012788045981244
"n=1000, N=n^(3/2)",Reference (flow convention),A,3.0080532231364416,3.219824241540611
"n=1000, N=n^(3/2)",Reference (flow convention),A,3.0097010374951,3.4325216751589727
"n=1000, N=n^(3/2)",Reference (flow convention),A,3.0113488518537586,3.651333853659168
"n=1000, N=n^(3/2)",Reference (flow convention),A,3.0129966662124175,3.87680370809747
"n=1000, N=n^(3/2)",Reference (flow convention),A,3.014644480571076,4.109144646674303
"n=1000, N=n^(3/2)",Reference (flow convention),A,3.0162922949297344,4.347816589767143
"n=1000, N=n^(3/2)",Reference (flow convention),A,3.017940109288393,4.591276160962403
"n=1000, N=n^(3/2)",Reference (flow convention),A,3.0195879236470513,4.837032885892686
"n=1000, N=n^(3/2)",Reference (flow convention),A,3.0212357380057098,5.0820220658048845
"n=1000, N=n^(3/2)",Reference (flow convention),A,3.0228835523643682,5.323164367398784
"n=1000, N=n^(3/2)",Reference (flow convention),A,3.024531366723027,5.557895242036372
"n=1000, N=n^(3/2)",Reference (flow convention),A,3.0261791810816856,5.784465354366356
"n=1000, N=n^(3/2)",Reference (flow convention),A,3.027826995440344,6.001933055269563
"n=1000, N=n^(3/2)",Reference (flow convention),A,3.0294748097990025,6.209930208323103
"n=1000, N=n^(3/2)",Reference (flow convention),A,3.031122624157661,6.408394977338967
"n=1000, N=n^(3/2)",Reference (flow convention),A,3.0327704385163194,6.597464445204124
"n=1000, N=n^(3/2)",Reference (flow convention),A,3.0344182528749784,6.777604415491579
"n=1000, N=n^(3/2)",Reference (flow convention),A,3.036066067233637,6.949888763658058
"n=1000, N=n^(3/2)",Reference (flow convention),A,3.0377138815922953,7.116221576710534
"n=1000, N=n^(3/2)",Reference (flow convention),A,3.0393616959509537,7.279291129393232
"n=1000, N=n^(3/2)",Reference (flow convention),A,3.041009510309612,7.442157985097104
"n=1000, N=n^(3/2)",Reference (flow convention),A,3.0426573246682707,7.607547147473323
"n=1000, N=n^(3/2)",Reference (flow convention),A,3.044305139026929,7.777048324858941
"n=1000, N=n^(3/2)",Reference (flow convention),A,3.045952953385588,7.950468546168542
"n=1000, N=n^(3/2)",Reference (flow convention),A,3.0476007677442465,8.125524410779953
"n=1000, N=n^(3/2)",Reference (flow convention),A,3.049248582102905,8.297952412611084
"n=1000, N=n^(3/2)",Reference (flow convention),A,3.0508963964615634,8.462012458355249
"n=1000, N=n^(3/2)",Reference (flow convention),A,3.052544210820222,8.61129555436778
"n=1000, N=n^(3/2)",Reference (flow convention),A,3.0541920251788803,8.739718725917738
"n=1000, N=n^(3/2)",Reference (flow convention),A,3.055839839537539,8.842572876208864
"n=1000, N=n^(3/2)",Reference (flow convention),A,3.0574876538961977,8.917460997767348
"n=1000, N=n^(3/2)",Reference (flow convention),A,3.059135468254856,8.964928963510058
"n=1000, N=n^(3/2)",Reference (flow convention),A,3.0607832826135146,8.988581632933771
"n=1000, N=n^(3/2)",Reference (flow convention),A,3.062431096972173,8.994536301296558
"n=1000, N=n^(3/2)",Reference (flow convention),A,3.0640789113308315,8.99021586461482
"n=1000, N=n^(3/2)",Reference (flow convention),A,3.06572672568949,8.982699102410937
"n=1000, N=n^(3/2)",Reference (flow convention),A,3.0673745400481485,8.977046023179376
"n=1000, N=n^(3/2)",Reference (flow convention),A,3.0690223544068074,8.975100719192168
"n=1000, N=n^(3/2)",Reference (flow convention),A,3.070670168765466,8.975173177216805
"n=1000, N=n^(3/2)",Reference (flow convention),A,3.0723179831241243,8.972725278151975
"n=1000, N=n^(3/2)",Reference (flow convention),A,3.0739657974827828,8.961833309741428
"n=1000, N=n^(3/2)",Reference (flow convention),A,3.075613611841441,8.936915798920781
"n=1000, N=n^(3/2)",Reference (flow convention),A,3.0772614262000997,8.894126121828819
"n=1000, N=n^(3/2)",Reference (flow convention),A,3.078909240558758,8.831958028336011
"n=1000, N=n^(3/2)",Reference (flow convention),A,3.080557054917417,8.75094104097036
"n=1000, N=n^(3/2)",Reference (flow convention),A,3.0822048692760755,8.65267657078992
"n=1000, N=n^(3/2)",Reference (flow convention),A,3.083852683634734,8.538728093056639
"n=1000, N=n^(3/2)",Reference (flow convention),A,3.0855004979933924,8.409916042727502
"n=1000, N=n^(3/2)",Reference (flow convention),A,3.087148312352051,8.266358204710189
"n=1000, N=n^(3/2)",Reference (flow convention),A,3.0887961267107094,8.10822462156014
"n=1000, N=n^(3/2)",Reference (flow convention),A,3.090443941069368,7.93680673498385
"n=1000, N=n^(3/2)",Reference (flow convention),A,3.0920917554280267,7.755309200114434
"n=1000, N=n^(3/2)",Reference (flow convention),A,3.093739569786685,7.568863626430738
"n=1000, N=n^(3/2)",Reference (flow convention),A,3.0953873841453436,7.383609839409976
"n=1000, N=n^(3/2)",Reference (flow convention),A,3.097035198504002,7.205135292925666
"n=1000, N=n^(3/2)",Reference (flow convention),A,3.0986830128626606,7.036889850723363
"n=1000, N=n^(3/2)",Reference (flow convention),A,3.100330827221319,6.879234302348511
"n=1000, N=n^(3/2)",Reference (flow convention),A,3.1019786415799775,6.72951184210223
"n=1000, N=n^(3/2)",Reference (flow convention),A,3.1036264559386364,6.5830870194734885
"n=1000, N=n^(3/2)",Reference (flow convention),A,3.105274270297295,6.4348981073325895
"n=1000, N=n^(3/2)",Reference (flow convention),A,3.1069220846559533,6.280903568035758
"n=1000, N=n^(3/2)",Reference (flow convention),A,3.108569899014612,6.118926312159617
"n=1000, N=n^(3/2)",Reference (flow convention),A,3.1102177133732702,5.948717147484901
"n=1000, N=n^(3/2)",Reference (flow convention),A,3.1118655277319287,5.771396595333915
"n=1000, N=n^(3/2)",Reference (flow convention),A,3.113513342090587,5.588638381929562
"n=1000, N=n^(3/2)",Reference (flow convention),A,3.115161156449246,5.401968042157408
"n=1000, N=n^(3/2)",Reference (flow convention),A,3.1168089708079045,5.212407668402859
"n=1000, N=n^(3/2)",Reference (flow convention),A,3.118456785166563,5.020501149961426
"n=1000, N=n^(3/2)",Reference (flow convention),A,3.1201045995252215,4.826598023335015
"n=1000, N=n^(3/2)",Reference (flow convention),A,3.12175241388388,4.631208955965429
"n=1000, N=n^(3/2)",Reference (flow convention),A,3.1234002282425384,4.435270343915318
"n=1000, N=n^(3/2)",Reference (flow convention),A,3.125048042601197,4.2402321609874845
"n=1000, N=n^(3/2)",Reference (flow convention),A,3.1266958569598557,4.047964783583178
"n=1000, N=n^(3/2)",Reference (flow convention),A,3.128343671318514,3.8605327872183675
"n=1000, N=n^(3/2)",Reference (flow convention),A,3.1299914856771727,3.6798980047442584
"n=1000, N=n^(3/2)",Reference (flow convention),A,3.131639300035831,3.507605737932199
"n=1000, N=n^(3/2)",Reference (flow convention),A,3.1332871143944896,3.344501213984101
"n=1000, N=n^(3/2)",Reference (flow convention),A,3.134934928753148,3.1905313281295706
"n=1000, N=n^(3/2)",Reference (flow convention),A,3.1365827431118065,3.044699538349131
"n=1000, N=n^(3/2)",Reference (flow convention),A,3.1382305574704654,2.905233147314688
"n=1000, N=n^(3/2)",Reference (flow convention),A,3.139878371829124,2.769971779361898
"n=1000, N=n^(3/2)",Reference (flow convention),A,3.1415261861877823,2.636901450122112
"n=1000, N=n^(3/2)",Reference (flow convention),A,3.143174000546441,2.5046794880891237
"n=1000, N=n^(3/2)",Reference (flow convention),A,3.1448218149050993,2.3729709742935277
"n=1000, N=n^(3/2)",Reference (flow convention),A,3.1464696292637577,2.242473632684923
"n=1000, N=n^(3/2)",Reference (flow convention),A,3.1481174436224166,2.1146272883821826
"n=1000, N=n^(3/2)",Reference (flow convention),A,3.149765257981075,1.9911302786963174
"n=1000, N=n^(3/2)",Reference (flow convention),A,3.1514130723397336,1.8734556857020186
"n=1000, N=n^(3/2)",Reference (flow convention),A,3.153060886698392,1.762540766473256
"n=1000, N=n^(3/2)",Reference (flow convention),A,3.1547087010570505,1.6587265517538852
"n=1000, N=n^(3/2)",Reference (flow convention),A,3.156356515415709,1.5619030591593768
"n=1000, N=n^(3/2)",Reference (flow convention),A,3.1580043297743674,1.4717304573723786
"n=1000, N=n^(3/2)",Reference (flow convention),A,3.159652144133026,1.3877968202230295
"n=1000, N=n^(3/2)",Reference (flow convention),A,3.1612999584916848,1.3096367181106539
"n=1000, N=n^(3/2)",Reference (flow convention),A,3.1629477728503432,1.236632197672771
"n=1000, N=n^(3/2)",Reference (flow convention),A,3.1645955872090017,1.1678942425753884
"n=1000, N=n^(3/2)",Reference (flow convention),A,3.16624340156766,1.102238550775303
"n=1000, N=n^(3/2)",Reference (flow convention),A,3.1678912159263186,1.0383190535087712
"n=1000, N=n^(3/2)",Reference (flow convention),A,3.169539030284977,0.9748960817238234
"n=1000, N=n^(3/2)",Reference (flow convention),A,3.171186844643636,0.9111406345460816
"n=1000, N=n^(3/2)",Reference (flow convention),A,3.1728346590022944,0.8468502373860577
"n=1000, N=n^(3/2)",Reference (flow convention),A,3.174482473360953,0.7824862525453176
"n=1000, N=n^(3/2)",Reference (flow convention),A,3.1761302877196114,0.7190178136185957
"n=1000, N=n^(3/2)",Reference (flow convention),A,3.17777810207827,0.6576364807112022
"n=1000, N=n^(3/2)",Reference (flow convention),A,3.1794259164369283,0.5994521915274645
"n=1000, N=n^(3/2)",Reference (flow convention),A,3.181073730795587,0.5452766899902085
"n=1000, N=n^(3/2)",Reference (flow convention),A,3.1827215451542457,0.4955516134502484
"n=1000, N=n^(3/2)",Reference (flow convention),A,3.184369359512904,0.45041121588728916
"n=1000, N=n^(3/2)",Reference (flow convention),A,3.1860171738715626,0.4098169511362383
"n=1000, N=n^(3/2)",Reference (flow convention),A,3.187664988230221,0.3736850980961157
"n=1000, N=n^(3/2)",Reference (flow convention),A,3.1893128025888795,0.3419505954320872
"n=1000, N=n^(3/2)",Reference (flow convention),A,3.190960616947538,0.3145523630379602
"n=1000, N=n^(3/2)",Reference (flow convention),A,3.192608431306197,0.29136320352047107
"n=1000, N=n^(3/2)",Reference (flow convention),A,3.1942562456648553,0.272104875709972
"n=1000, N=n^(3/2)",Reference (flow convention),A,3.195904060023514,0.25628552211628586
"n=1000, N=n^(3/2)",Reference (flow convention),A,3.1975518743821723,0.24318267977388444
"n=1000, N=n^(3/2)",Reference (flow convention),A,3.1991996887408307,0.23188127235463935
"n=1000, N=n^(3/2)",Reference (flow convention),A,3.200847503099489,0.2213656681633277
"n=1000, N=n^(3/2)",Reference (flow convention),A,3.2024953174581476,0.21065503619597903
"n=1000, N=n^(3/2)",Reference (flow convention),A,3.2041431318168065,0.19895895772425073
"n=1000, N=n^(3/2)",Reference (flow convention),A,3.205790946175465,0.1858181935641424
"n=1000, N=n^(3/2)",Reference (flow convention),A,3.2074387605341235,0.17119099963956436
"n=1000, N=n^(3/2)",Reference (flow convention),A,3.209086574892782,0.15545462567852775
"n=1000, N=n^(3/2)",Reference (flow convention),A,3.2107343892514404,0.13931420771790665
"n=1000, N=n^(3/2)",Reference (flow convention),A,3.212382203610099,0.12363938301994398
"n=1000, N=n^(3/2)",Reference (flow convention),A,3.2140300179687573,0.10927152484597591
"n=1000, N=n^(3/2)",Reference (flow convention),A,3.215677832327416,0.09685273659497724
"n=1000, N=n^(3/2)",Reference (flow convention),A,3.2173256466860747,0.08671890998252607
"n=1000, N=n^(3/2)",Reference (flow convention),A,3.218973461044733,0.0788770463805189
"n=1000, N=n^(3/2)",Reference (flow convention),A,3.2206212754033916,0.073060053861787
"n=1000, N=n^(3/2)",Reference (flow convention),A,3.22226908976205,0.0688300903841443
"n=1000, N=n^(3/2)",Reference (flow convention),A,3.2239169041207085,0.06569174270983034
"n=1000, N=n^(3/2)",Reference (flow convention),A,3.225564718479367,0.06318135578273686
"n=1000, N=n^(3/2)",Reference (flow convention),A,3.227212532838026,0.060915052028403194
"n=1000, N=n^(3/2)",Reference (flow convention),A,3.2288603471966844,0.0585974529294494
"n=1000, N=n^(3/2)",Reference (flow convention),A,3.230508161555343,0.0560073683808444
"n=1000, N=n^(3/2)",Reference (flow convention),A,3.2321559759140013,0.05298072740900409
"n=1000, N=n^(3/2)",Reference (Gaussian convention),A,2.9042409185409546,0.11461506426778541
"n=1000, N=n^(3/2)",Reference (Gaussian convention),A,2.905888732899613,0.12816835544467323
"n=1000, N=n^(3/2)",Reference (Gaussian convention),A,2.9075365472582715,0.14384015647831153
"n=1000, N=n^(3/2)",Reference (Gaussian convention),A,2.90918436161693,0.1625125232470555
"n=1000, N=n^(3/2)",Reference (Gaussian convention),A,2.910832175975589,0.18513497897158224
"n=1000, N=n^(3/2)",Reference (Gaussian convention),A,2.9124799903342473,0.21279560504694514
"n=1000, N=n^(3/2)",Reference (Gaussian convention),A,2.9141278046929058,0.24678406239883213
"n=1000, N=n^(3/2)",Reference (Gaussian convention),A,2.9157756190515642,0.2885953524491595
"n=1000, N=n^(3/2)",Reference (Gaussian convention),A,2.9174234334102227,0.33986860978938466
"n=1000, N=n^(3/2)",Reference (Gaussian convention),A,2.919071247768881,0.4022864296220081
"n=1000, N=n^(3/2)",Reference (Gaussian convention),A,2.9207190621275396,0.47744986006524254
"n=1000, N=n^(3/2)",Reference (Gaussian convention),A,2.9223668764861985,0.5667118329213859
"n=1000, N=n^(3/2)",Reference (Gaussian convention),A,2.924014690844857,0.670949284091738
"n=1000, N=n^(3/2)",Reference (Gaussian convention),A,2.9256625052035155,0.7903111476097945
"n=1000, N=n^(3/2)",Reference (Gaussian convention),A,2.927310319562174,0.9240590530916145
"n=1000, N=n^(3/2)",Reference (Gaussian convention),A,2.9289581339208324,1.070635827243413
"n=1000, N=n^(3/2)",Reference (Gaussian convention),A,2.930605948279491,1.228001089283175
"n=1000, N=n^(3/2)",Reference (Gaussian convention),A,2.9322537626381493,1.3941091394863874
"n=1000, N=n^(3/2)",Reference (Gaussian convention),A,2.933901576996808,1.567296180508116
"n=1000, N=n^(3/2)",Reference (Gaussian convention),A,2.9355493913554667,1.7463900061561428
"n=1000, N=n^(3/2)",Reference (Gaussian convention),A,2.937197205714125,1.9305327291951881
"n=1000, N=n^(3/2)",Reference (Gaussian convention),A,2.9388450200727836,2.118882632773262
"n=1000, N=n^(3/2)",Reference (Gaussian convention),A,2.940492834431442,2.3104069629673614
"n=1000, N=n^(3/2)",Reference (Gaussian convention),A,2.9421406487901005,2.50388303163351
"n=1000, N=n^(3/2)",Reference (Gaussian convention),A,2.943788463148759,2.6980953655194306
"n=1000, N=n^(3/2)",Reference (Gaussian convention),A,2.945436277507418,2.892159333951367
"n=1000, N=n^(3/2)",Reference (Gaussian convention),A,2.9470840918660763,3.0859207722515216
"n=1000, N=n^(3/2)",Reference (Gaussian convention),A,2.948731906224735,3.2803884745916503
"n=1000, N=n^(3/2)",Reference (Gaussian convention),A,2.9503797205833933,3.4780857551034052
"n=1000, N=n^(3/2)",Reference (Gaussian convention),A,2.9520275349420517,3.6831060009989307
"n=1000, N=n^(3/2)",Reference (Gaussian convention),A,2.95367534930071,3.9006538625121157
"n=1000, N=n^(3/2)",Reference (Gaussian convention),A,2.955323163659369,4.136028826238695
"n=1000, N=n^(3/2)",Reference (Gaussian convention),A,2.9569709780180276,4.393295386093672
"n=1000, N=n^(3/2)",Reference (Gaussian convention),A,2.958618792376686,4.674103041493573
"n=1000, N=n^(3/2)",Reference (Gaussian convention),A,2.9602666067353445,4.977111579896064
"n=1000, N=n^(3/2)",Reference (Gaussian convention),A,2.961914421094003,5.2982312967388925
"n=1000, N=n^(3/2)",Reference (Gaussian convention),A,2.9635622354526614,5.6315487276702125
"n=1000, N=n^(3/2)",Reference (Gaussian convention),A,2.96521004981132,5.970567778186029
"n=1000, N=n^(3/2)",Reference (Gaussian convention),A,2.9668578641699788,6.309358060639654
"n=1000, N=n^(3/2)",Reference (Gaussian convention),A,2.9685056785286372,6.6433301971177885
"n=1000, N=n^(3/2)",Reference (Gaussian convention),A,2.9701534928872957,6.9695340394838725
"n=1000, N=n^(3/2)",Reference (Gaussian convention),A,2.971801307245954,7.286508894382247
"n=1000, N=n^(3/2)",Reference (Gaussian convention),A,2.9734491216046126,7.5937957230941215
"n=1000, N=n^(3/2)",Reference (Gaussian convention),A,2.975096935963271,7.891284942422456
"n=1000, N=n^(3/2)",Reference (Gaussian convention),A,2.9767447503219295,8.178622655239103
"n=1000, N=n^(3/2)",Reference (Gaussian convention),A,2.9783925646805884,8.45488140796842
"n=1000, N=n^(3/2)",Reference (Gaussian convention),A,2.980040379039247,8.718577475306565
"n=1000, N=n^(3/2)",Reference (Gaussian convention),A,2.9816881933979054,8.967934598617893
"n=1000, N=n^(3/2)",Reference (Gaussian convention),A,2.983336007756564,9.20118681078718
"n=1000, N=n^(3/2)",Reference (Gaussian convention),A,2.9849838221152223,9.416778528897355
"n=1000, N=n^(3/2)",Reference (Gaussian convention),A,2.9866316364738807,9.61350125792397
"n=1000, N=n^(3/2)",Reference (Gaussian convention),A,2.988279450832539,9.790712363392107
"n=1000, N=n^(3/2)",Reference (Gaussian convention),A,2.989927265191198,9.948669024542827
"n=1000, N=n^(3/2)",Reference (Gaussian convention),A,2.9915750795498566,10.08875437487975
"n=1000, N=n^(3/2)",Reference (Gaussian convention),A,2.993222893908515,10.21322963167205
"n=1000, N=n^(3/2)",Reference (Gaussian convention),A,2.9948707082671735,10.324314684160528
"n=1000, N=n^(3/2)",Reference (Gaussian convention),A,2.996518522625832,10.422812510189466
"n=1000, N=n^(3/2)",Reference (Gaussian convention),A,2.9981663369844904,10.506859165742513
"n=1000, N=n^(3/2)",Reference (Gaussian convention),A,2.999814151343149,10.57144103625177
"n=1000, N=n^(3/2)",Reference (Gaussian convention),A,3.001461965701808,10.609049376525785
"n=1000, N=n^(3/2)",Reference (Gaussian convention),A,3.0031097800604662,10.611417502069024
"n=1000, N=n^(3/2)",Reference (Gaussian convention),A,3.0047575944191247,10.571905877070117
"n=1000, N=n^(3/2)",Reference (Gaussian convention),A,3.006405408777783,10.487860021045686
"n=1000, N=n^(3/2)",Reference (Gaussian convention),A,3.0080532231364416,10.362192001052758
"n=1000, N=n^(3/2)",Reference (Gaussian convention),A,3.0097010374951,10.203565908601398
"n=1000, N=n^(3/2)",Reference (Gaussian convention),A,3.0113488518537586,10.024939864337272
"n=1000, N=n^(3/2)",Reference (Gaussian convention),A,3.0129966662124175,9.840776369216027
"n=1000, N=n^(3/2)",Reference (Gaussian convention),A,3.014644480571076,9.663773221723615
"n=1000, N=n^(3/2)",Reference (Gaussian convention),A,3.0162922949297344,9.502206599667193
"n=1000, N=n^(3/2)",Reference (Gaussian convention),A,3.017940109288393,9.358733452589417
"n=1000, N=n^(3/2)",Reference (Gaussian convention),A,3.0195879236470513,9.230844776964547
"n=1000, N=n^(3/2)",Reference (Gaussian convention),A,3.0212357380057098,9.112434822596693
"n=1000, N=n^(3/2)",Reference (Gaussian convention),A,3.0228835523643682,8.9955793417679
"n=1000, N=n^(3/2)",Reference (Gaussian convention),A,3.024531366723027,8.87181854790298
"n=1000, N=n^(3/2)",Reference (Gaussian convention),A,3.0261791810816856,8.732841599224356
"n=1000, N=n^(3/2)",Reference (Gaussian convention),A,3.027826995440344,8.5709987094179
"n=1000, N=n^(3/2)",Reference (Gaussian convention),A,3.0294748097990025,8.380121292756654
"n=1000, N=n^(3/2)",Reference (Gaussian convention),A,3.031122624157661,8.15670680729578
"n=1000, N=n^(3/2)",Reference (Gaussian convention),A,3.0327704385163194,7.901016517470958
"n=1000, N=n^(3/2)",Reference (Gaussian convention),A,3.0344182528749784,7.617480157748942
"n=1000, N=n^(3/2)",Reference (Gaussian convention),A,3.036066067233637,7.314110061964732
"n=1000, N=n^(3/2)",Reference (Gaussian convention),A,3.0377138815922953,7.001119192453385
"n=1000, N=n^(3/2)",Reference (Gaussian convention),A,3.0393616959509537,6.689231027379539
"n=1000, N=n^(3/2)",Reference (Gaussian convention),A,3.041009510309612,6.388115286001835
"n=1000, N=n^(3/2)",Reference (Gaussian convention),A,3.0426573246682707,6.1051443871873685
"n=1000, N=n^(3/2)",Reference (Gaussian convention),A,3.044305139026929,5.844509482393853
"n=1000, N=n^(3/2)",Reference (Gaussian convention),A,3.045952953385588,5.606773373081508
"n=1000, N=n^(3/2)",Reference (Gaussian convention),A,3.0476007677442465,5.389045924815643
"n=1000, N=n^(3/2)",Reference (Gaussian convention),A,3.049248582102905,5.185931494383786
"n=1000, N=n^(3/2)",Reference (Gaussian convention),A,3.0508963964615634,4.991132556902824
"n=1000, N=n^(3/2)",Reference (Gaussian convention),A,3.052544210820222,4.799239443427246
"n=1000, N=n^(3/2)",Reference (Gaussian convention),A,3.0541920251788803,4.607053761795456
"n=1000, N=n^(3/2)",Reference (Gaussian convention),A,3.055839839537539,4.413951649200584
"n=1000, N=n^(3/2)",Reference (Gaussian convention),A,3.0574876538961977,4.221228417647042
"n=1000, N=n^(3/2)",Reference (Gaussian convention),A,3.059135468254856,4.030826877775011
"n=1000, N=n^(3/2)",Reference (Gaussian convention),A,3.0607832826135146,3.844084362649374
"n=1000, N=n^(3/2)",Reference (Gaussian convention),A,3.062431096972173,3.661047452094605
"n=1000, N=n^(3/2)",Reference (Gaussian convention),A,3.0640789113308315,3.4805905448307914
"n=1000, N=n^(3/2)",Reference (Gaussian convention),A,3.06572672568949,3.301206973885874
"n=1000, N=n^(3/2)",Reference (Gaussian convention),A,3.0673745400481485,3.122064358064448
"n=1000, N=n^(3/2)",Reference (Gaussian convention),A,3.0690223544068074,2.9438120978712985
"n=1000, N=n^(3/2)",Reference (Gaussian convention),A,3.070670168765466,2.7687304441130016
"n=1000, N=n^(3/2)",Reference (Gaussian convention),A,3.0723179831241243,2.6000949960536714
"n=1000, N=n^(3/2)",Reference (Gaussian convention),A,3.0739657974827828,2.440997299877992
"n=1000, N=n^(3/2)",Reference (Gaussian convention),A,3.075613611841441,2.2931437264547263
"n=1000, N=n^(3/2)",Reference (Gaussian convention),A,3.0772614262000997,2.15619438439971
"n=1000, N=n^(3/2)",Reference (Gaussian convention),A,3.078909240558758,2.0279586055121834
"n=1000, N=n^(3/2)",Reference (Gaussian convention),A,3.080557054917417,1.9053493489630444
"n=1000, N=n^(3/2)",Reference (Gaussian convention),A,3.0822048692760755,1.7856340127796324
"n=1000, N=n^(3/2)",Reference (Gaussian convention),A,3.083852683634734,1.6673995488015023
"n=1000, N=n^(3/2)",Reference (Gaussian convention),A,3.0855004979933924,1.550834566351179
"n=1000, N=n^(3/2)",Reference (Gaussian convention),A,3.087148312352051,1.4373078387521903
"n=1000, N=n^(3/2)",Reference (Gaussian convention),A,3.0887961267107094,1.3285729488452105
"n=1000, N=n^(3/2)",Reference (Gaussian convention),A,3.090443941069368,1.2260582592847227
"n=1000, N=n^(3/2)",Reference (Gaussian convention),A,3.0920917554280267,1.1305573269478508
"n=1000, N=n^(3/2)",Reference (Gaussian convention),A,3.093739569786685,1.0423362742525468
"n=1000, N=n^(3/2)",Reference (Gaussian convention),A,3.0953873841453436,0.9614278597933572
"n=1000, N=n^(3/2)",Reference (Gaussian convention),A,3.097035198504002,0.8878363079173621
"n=1000, N=n^(3/2)",Reference (Gaussian convention),A,3.0986830128626606,0.821524702817867
"n=1000, N=n^(3/2)",Reference (Gaussian convention),A,3.100330827221319,0.7622551380833706
"n=1000, N=n^(3/2)",Reference (Gaussian convention),A,3.1019786415799775,0.7094465871942918
"n=1000, N=n^(3/2)",Reference (Gaussian convention),A,3.1036264559386364,0.6621614623687392
"n=1000, N=n^(3/2)",Reference (Gaussian convention),A,3.105274270297295,0.6192106673521122
"n=1000, N=n^(3/2)",Reference (Gaussian convention),A,3.1069220846559533,0.5792964840374862
"n=1000, N=n^(3/2)",Reference (Gaussian convention),A,3.108569899014612,0.5411387647474154
"n=1000, N=n^(3/2)",Reference (Gaussian convention),A,3.1102177133732702,0.5035987517606471
"n=1000, N=n^(3/2)",Reference (Gaussian convention),A,3.1118655277319287,0.4658401563737443
"n=1000, N=n^(3/2)",Reference (Gaussian convention),A,3.113513342090587,0.4275186458947979
"n=1000, N=n^(3/2)",Reference (Gaussian convention),A,3.115161156449246,0.3889188844360822
"n=1000, N=n^(3/2)",Reference (Gaussian convention),A,3.1168089708079045,0.3509389800146114
"n=1000, N=n^(3/2)",Reference (Gaussian convention),A,3.118456785166563,0.3148838598474414
"n=1000, N=n^(3/2)",Reference (Gaussian convention),A,3.1201045995252215,0.282128549998618
"n=1000, N=n^(3/2)",Reference (Gaussian convention),A,3.12175241388388,0.2537768787129004
"n=1000, N=n^(3/2)",Reference (Gaussian convention),A,3.1234002282425384,0.23043063672979103
"n=1000, N=n^(3/2)",Reference (Gaussian convention),A,3.125048042601197,0.21211759775097072
"n=1000, N=n^(3/2)",Reference (Gaussian convention),A,3.1266958569598557,0.19835656000961185
"n=1000, N=n^(3/2)",Reference (Gaussian convention),A,3.128343671318514,0.18830333324127582
"n=1000, N=n^(3/2)",Reference (Gaussian convention),A,3.1299914856771727,0.1809249543339834
"n=1000, N=n^(3/2)",Reference (Gaussian convention),A,3.131639300035831,0.17516615140647757
"n=1000, N=n^(3/2)",Reference (Gaussian convention),A,3.1332871143944896,0.17008212243831095
"n=1000, N=n^(3/2)",Reference (Gaussian convention),A,3.134934928753148,0.1649158600101214
"n=1000, N=n^(3/2)",Reference (Gaussian convention),A,3.1365827431118065,0.1591095313620491
"n=1000, N=n^(3/2)",Reference (Gaussian convention),A,3.1382305574704654,0.15226310684019242
"n=1000, N=n^(3/2)",Reference (Gaussian convention),A,3.139878371829124,0.1440781857447972
"n=1000, N=n^(3/2)",Reference (Gaussian convention),A,3.1415261861877823,0.1343323471332572
"n=1000, N=n^(3/2)",Reference (Gaussian convention),A,3.143174000546441,0.12291042990103893
"n=1000, N=n^(3/2)",Reference (Gaussian convention),A,3.1448218149050993,0.10988258760527439
"n=1000, N=n^(3/2)",Reference (Gaussian convention),A,3.1464696292637577,0.09558522817664948
"n=1000, N=n^(3/2)",Reference (Gaussian convention),A,3.1481174436224166,0.08064917345525875
"n=1000, N=n^(3/2)",Reference (Gaussian convention),A,3.149765257981075,0.065936633694262
"n=1000, N=n^(3/2)",Reference (Gaussian convention),A,3.1514130723397336,0.05238695274718189
"n=1000, N=n^(3/2)",Reference (Gaussian convention),A,3.153060886698392,0.040812419562038994
"n=1000, N=n^(3/2)",Reference (Gaussian convention),A,3.1547087010570505,0.03171068557453053
"n=1000, N=n^(3/2)",Reference (Gaussian convention),A,3.156356515415709,0.025158337235773834
"n=1000, N=n^(3/2)",Reference (Gaussian convention),A,3.1580043297743674,0.020822130995300066
"n=1000, N=n^(3/2)",Reference (Gaussian convention),A,3.159652144133026,0.01808224711960962
"n=1000, N=n^(3/2)",Reference (Gaussian convention),A,3.1612999584916848,0.016222652670911202
"n=1000, N=n^(3/2)",Reference (Gaussian convention),A,3.1629477728503432,0.01462254119160182
"n=1000, N=n^(3/2)",Reference (Gaussian convention),A,3.1645955872090017,0.01288767537285366
"n=1000, N=n^(3/2)",Reference (Gaussian convention),A,3.16624340156766,0.010888452280627675
"n=1000, N=n^(3/2)",Reference (Gaussian convention),A,3.1678912159263186,0.008709782204974688
"n=1000, N=n^(3/2)",Reference (Gaussian convention),A,3.169539030284977,0.006549169053888988
"n=1000, N=n^(3/2)",Reference (Gaussian convention),A,3.171186844643636,0.004610748460052756
"n=1000, N=n^(3/2)",Reference (Gaussian convention),A,3.1728346590022944,0.003032551267833173
"n=1000, N=n^(3/2)",Reference (Gaussian convention),A,3.174482473360953,0.0018610717701573376
"n=1000, N=n^(3/2)",Reference (Gaussian convention),A,3.1761302877196114,0.0010649472479720484
"n=1000, N=n^(3/2)",Reference (Gaussian convention),A,3.17777810207827,0.0005679550596449101
"n=1000, N=n^(3/2)",Reference (Gaussian convention),A,3.1794259164369283,0.0002822243947566044
"n=1000, N=n^(3/2)",Reference (Gaussian convention),A,3.181073730795587,0.00013064021194433912
"n=1000, N=n^(3/2)",Reference (Gaussian convention),A,3.1827215451542457,5.6322995839459255e-05
"n=1000, N=n^(3/2)",Reference (Gaussian convention),A,3.184369359512904,2.2612870751777844e-05
"n=1000, N=n^(3/2)",Reference (Gaussian convention),A,3.1860171738715626,8.453313403727427e-06
"n=1000, N=n^(3/2)",Reference (Gaussian convention),A,3.187664988230221,2.942005780071344e-06
"n=1000, N=n^(3/2)",Reference (Gaussian convention),A,3.1893128025888795,9.531300433724998e-07
"n=1000, N=n^(3/2)",Reference (Gaussian convention),A,3.190960616947538,2.87410203945246e-07
"n=1000, N=n^(3/2)",Reference (Gaussian convention),A,3.192608431306197,8.06576006220625e-08
"n=1000, N=n^(3/2)",Reference (Gaussian convention),A,3.1942562456648553,2.1063747309801167e-08
"n=1000, N=n^(3/2)",Reference (Gaussian convention),A,3.195904060023514,5.118347867158062e-09
"n=1000, N=n^(3/2)",Reference (Gaussian convention),A,3.1975518743821723,1.1571426693074833e-09
"n=1000, N=n^(3/2)",Reference (Gaussian convention),A,3.1991996887408307,2.4337088394742453e-10
"n=1000, N=n^(3/2)",Reference (Gaussian convention),A,3.200847503099489,4.761448755876828e-11
"n=1000, N=n^(3/2)",Reference (Gaussian convention),A,3.2024953174581476,8.664930102580917e-12
"n=1000, N=n^(3/2)",Reference (Gaussian convention),A,3.2041431318168065,1.4666131046772765e-12
"n=1000, N=n^(3/2)",Reference (Gaussian convention),A,3.205790946175465,2.3086709740806393e-13
"n=1000, N=n^(3/2)",Reference (Gaussian convention),A,3.2074387605341235,3.379700261325715e-14
"n=1000, N=n^(3/2)",Reference (Gaussian convention),A,3.209086574892782,4.600868238450079e-15
"n=1000, N=n^(3/2)",Reference (Gaussian convention),A,3.2107343892514404,5.824044616066462e-16
"n=1000, N=n^(3/2)",Reference (Gaussian convention),A,3.212382203610099,6.855080901161686e-17
"n=1000, N=n^(3/2)",Reference (Gaussian convention),A,3.2140300179687573,7.502136141829534e-18
"n=1000, N=n^(3/2)",Reference (Gaussian convention),A,3.215677832327416,7.633520480507535e-19
"n=1000, N=n^(3/2)",Reference (Gaussian convention),A,3.2173256466860747,7.221327128752317e-20
"n=1000, N=n^(3/2)",Reference (Gaussian convention),A,3.218973461044733,6.351077449679374e-21
"n=1000, N=n^(3/2)",Reference (Gaussian convention),A,3.2206212754033916,5.192821231398796e-22
"n=1000, N=n^(3/2)",Reference (Gaussian convention),A,3.22226908976205,3.9470572066191834e-23
"n=1000, N=n^(3/2)",Reference (Gaussian convention),A,3.2239169041207085,2.7889912692395715e-24
"n=1000, N=n^(3/2)",Reference (Gaussian convention),A,3.225564718479367,1.831956528151947e-25
"n=1000, N=n^(3/2)",Reference (Gaussian convention),A,3.227212532838026,1.1185848753295446e-26
"n=1000, N=n^(3/2)",Reference (Gaussian convention),A,3.2288603471966844,6.348933967459699e-28
"n=1000, N=n^(3/2)",Reference (Gaussian convention),A,3.230508161555343,3.3496839512909365e-29
"n=1000, N=n^(3/2)",Reference (Gaussian convention),A,3.2321559759140013,1.6427510587976366e-30
"n=1000, N=n^(3/2)",flow-NPE,A,2.9042409185409546,0.007389520514198318
"n=1000, N=n^(3/2)",flow-NPE,A,2.905888732899613,0.006447898777824146
"n=1000, N=n^(3/2)",flow-NPE,A,2.9075365472582715,0.0055092449967049
"n=1000, N=n^(3/2)",flow-NPE,A,2.90918436161693,0.004672775393924767
"n=1000, N=n^(3/2)",flow-NPE,A,2.910832175975589,0.004041337471640108
"n=1000, N=n^(3/2)",flow-NPE,A,2.9124799903342473,0.0037114578680603433
"n=1000, N=n^(3/2)",flow-NPE,A,2.9141278046929058,0.0037670237491152885
"n=1000, N=n^(3/2)",flow-NPE,A,2.9157756190515642,0.0042776362335661035
"n=1000, N=n^(3/2)",flow-NPE,A,2.9174234334102227,0.005301228004335193
"n=1000, N=n^(3/2)",flow-NPE,A,2.919071247768881,0.006889049336724439
"n=1000, N=n^(3/2)",flow-NPE,A,2.9207190621275396,0.009089933318821311
"n=1000, N=n^(3/2)",flow-NPE,A,2.9223668764861985,0.011950243833048201
"n=1000, N=n^(3/2)",flow-NPE,A,2.924014690844857,0.015506610206205269
"n=1000, N=n^(3/2)",flow-NPE,A,2.9256625052035155,0.019770892408728227
"n=1000, N=n^(3/2)",flow-NPE,A,2.927310319562174,0.024710626718047662
"n=1000, N=n^(3/2)",flow-NPE,A,2.9289581339208324,0.03023225577626258
"n=1000, N=n^(3/2)",flow-NPE,A,2.930605948279491,0.03617663919888367
"n=1000, N=n^(3/2)",flow-NPE,A,2.9322537626381493,0.04233462212245434
"n=1000, N=n^(3/2)",flow-NPE,A,2.933901576996808,0.04848418226943041
"n=1000, N=n^(3/2)",flow-NPE,A,2.9355493913554667,0.05444160217338671
"n=1000, N=n^(3/2)",flow-NPE,A,2.937197205714125,0.06011101533030456
"n=1000, N=n^(3/2)",flow-NPE,A,2.9388450200727836,0.06551381824260012
"n=1000, N=n^(3/2)",flow-NPE,A,2.940492834431442,0.07078433629425214
"n=1000, N=n^(3/2)",flow-NPE,A,2.9421406487901005,0.07612986855618739
"n=1000, N=n^(3/2)",flow-NPE,A,2.943788463148759,0.08176737436952485
"n=1000, N=n^(3/2)",flow-NPE,A,2.945436277507418,0.08785935931771677
"n=1000, N=n^(3/2)",flow-NPE,A,2.9470840918660763,0.0944728120661257
"n=1000, N=n^(3/2)",flow-NPE,A,2.948731906224735,0.10157596685001156
"n=1000, N=n^(3/2)",flow-NPE,A,2.9503797205833933,0.10907173217980189
"n=1000, N=n^(3/2)",flow-NPE,A,2.9520275349420517,0.11685094647148608
"n=1000, N=n^(3/2)",flow-NPE,A,2.95367534930071,0.1248406382634384
"n=1000, N=n^(3/2)",flow-NPE,A,2.955323163659369,0.13302622260579783
"n=1000, N=n^(3/2)",flow-NPE,A,2.9569709780180276,0.14144043844653847
"n=1000, N=n^(3/2)",flow-NPE,A,2.958618792376686,0.1501290787331316
"n=1000, N=n^(3/2)",flow-NPE,A,2.9602666067353445,0.159115515224228
"n=1000, N=n^(3/2)",flow-NPE,A,2.961914421094003,0.16838642037596932
"n=1000, N=n^(3/2)",flow-NPE,A,2.9635622354526614,0.17790940882988213
"n=1000, N=n^(3/2)",flow-NPE,A,2.96521004981132,0.18767530879821226
"n=1000, N=n^(3/2)",flow-NPE,A,2.9668578641699788,0.19774283479908483
"n=1000, N=n^(3/2)",flow-NPE,A,2.9685056785286372,0.2082599404670349
"n=1000, N=n^(3/2)",flow-NPE,A,2.9701534928872957,0.2194468898143211
"n=1000, N=n^(3/2)",flow-NPE,A,2.971801307245954,0.2315463676497302
"n=1000, N=n^(3/2)",flow-NPE,A,2.9734491216046126,0.2447654409394052
"n=1000, N=n^(3/2)",flow-NPE,A,2.975096935963271,0.2592422037152105
"n=1000, N=n^(3/2)",flow-NPE,A,2.9767447503219295,0.2750612788162426
"n=1000, N=n^(3/2)",flow-NPE,A,2.9783925646805884,0.29232038610733035
"n=1000, N=n^(3/2)",flow-NPE,A,2.980040379039247,0.3112253075410387
"n=1000, N=n^(3/2)",flow-NPE,A,2.9816881933979054,0.33217472211454935
"n=1000, N=n^(3/2)",flow-NPE,A,2.983336007756564,0.35579687335816784
"n=1000, N=n^(3/2)",flow-NPE,A,2.9849838221152223,0.38291625089454967
"n=1000, N=n^(3/2)",flow-NPE,A,2.9866316364738807,0.4144529311329757
"n=1000, N=n^(3/2)",flow-NPE,A,2.988279450832539,0.4512798503992434
"n=1000, N=n^(3/2)",flow-NPE,A,2.989927265191198,0.4940760455334103
"n=1000, N=n^(3/2)",flow-NPE,A,2.9915750795498566,0.5432134758740078
"n=1000, N=n^(3/2)",flow-NPE,A,2.993222893908515,0.5987029701031582
"n=1000, N=n^(3/2)",flow-NPE,A,2.9948707082671735,0.6602060638368705
"n=1000, N=n^(3/2)",flow-NPE,A,2.996518522625832,0.727100526882136
"n=1000, N=n^(3/2)",flow-NPE,A,2.9981663369844904,0.7985745575808179
"n=1000, N=n^(3/2)",flow-NPE,A,2.999814151343149,0.8737222926857772
"n=1000, N=n^(3/2)",flow-NPE,A,3.001461965701808,0.9516220461330409
"n=1000, N=n^(3/2)",flow-NPE,A,3.0031097800604662,1.0313944781397089
"n=1000, N=n^(3/2)",flow-NPE,A,3.0047575944191247,1.1122529235997318
"n=1000, N=n^(3/2)",flow-NPE,A,3.006405408777783,1.1935640515279013
"n=1000, N=n^(3/2)",flow-NPE,A,3.0080532231364416,1.274929309257963
"n=1000, N=n^(3/2)",flow-NPE,A,3.0097010374951,1.3562785626461509
"n=1000, N=n^(3/2)",flow-NPE,A,3.0113488518537586,1.4379461207107254
"n=1000, N=n^(3/2)",flow-NPE,A,3.0129966662124175,1.5206879311931618
"n=1000, N=n^(3/2)",flow-NPE,A,3.014644480571076,1.6056059012256934
"n=1000, N=n^(3/2)",flow-NPE,A,3.0162922949297344,1.6939714911677186
"n=1000, N=n^(3/2)",flow-NPE,A,3.017940109288393,1.7869770537306515
"n=1000, N=n^(3/2)",flow-NPE,A,3.0195879236470513,1.8854752655998435
"n=1000, N=n^(3/2)",flow-NPE,A,3.0212357380057098,1.9897806417907637
"n=1000, N=n^(3/2)",flow-NPE,A,3.0228835523643682,2.0995954884137613
"n=1000, N=n^(3/2)",flow-NPE,A,3.024531366723027,2.214088160020208
"n=1000, N=n^(3/2)",flow-NPE,A,3.0261791810816856,2.332104955792307
"n=1000, N=n^(3/2)",flow-NPE,A,3.027826995440344,2.4524539474210894
"n=1000, N=n^(3/2)",flow-NPE,A,3.0294748097990025,2.5741750543435975
"n=1000, N=n^(3/2)",flow-NPE,A,3.031122624157661,2.6967164995024846
"n=1000, N=n^(3/2)",flow-NPE,A,3.0327704385163194,2.8199745597102392
"n=1000, N=n^(3/2)",flow-NPE,A,3.0344182528749784,2.944209664236507
"n=1000, N=n^(3/2)",flow-NPE,A,3.036066067233637,3.0699042005632253
"n=1000, N=n^(3/2)",flow-NPE,A,3.0377138815922953,3.197649252674143
"n=1000, N=n^(3/2)",flow-NPE,A,3.0393616959509537,3.328122843887723
"n=1000, N=n^(3/2)",flow-NPE,A,3.041009510309612,3.462158272905105
"n=1000, N=n^(3/2)",flow-NPE,A,3.0426573246682707,3.6008301135566665
"n=1000, N=n^(3/2)",flow-NPE,A,3.044305139026929,3.745450433605788
"n=1000, N=n^(3/2)",flow-NPE,A,3.045952953385588,3.8973973729047713
"n=1000, N=n^(3/2)",flow-NPE,A,3.0476007677442465,4.057785629824612
"n=1000, N=n^(3/2)",flow-NPE,A,3.049248582102905,4.227090161097783
"n=1000, N=n^(3/2)",flow-NPE,A,3.0508963964615634,4.404892531339736
"n=1000, N=n^(3/2)",flow-NPE,A,3.052544210820222,4.589894995927626
"n=1000, N=n^(3/2)",flow-NPE,A,3.0541920251788803,4.780244877020799
"n=1000, N=n^(3/2)",flow-NPE,A,3.055839839537539,4.974077649003307
"n=1000, N=n^(3/2)",flow-NPE,A,3.0574876538961977,5.170085056917325
"n=1000, N=n^(3/2)",flow-NPE,A,3.059135468254856,5.367891979951976
"n=1000, N=n^(3/2)",flow-NPE,A,3.0607832826135146,5.568091712545483
"n=1000, N=n^(3/2)",flow-NPE,A,3.062431096972173,5.7719140556841335
"n=1000, N=n^(3/2)",flow-NPE,A,3.0640789113308315,5.980632795438602
"n=1000, N=n^(3/2)",flow-NPE,A,3.06572672568949,6.194909382683966
"n=1000, N=n^(3/2)",flow-NPE,A,3.0673745400481485,6.414288383717621
"n=1000, N=n^(3/2)",flow-NPE,A,3.0690223544068074,6.637005436054741
"n=1000, N=n^(3/2)",flow-NPE,A,3.070670168765466,6.860162941104692
"n=1000, N=n^(3/2)",flow-NPE,A,3.0723179831241243,7.080210882062647
"n=1000, N=n^(3/2)",flow-NPE,A,3.0739657974827828,7.293579900149974
"n=1000, N=n^(3/2)",flow-NPE,A,3.075613611841441,7.497278671045005
"n=1000, N=n^(3/2)",flow-NPE,A,3.0772614262000997,7.689293929461501
"n=1000, N=n^(3/2)",flow-NPE,A,3.078909240558758,7.868704036703771
"n=1000, N=n^(3/2)",flow-NPE,A,3.080557054917417,8.035507791803981
"n=1000, N=n^(3/2)",flow-NPE,A,3.0822048692760755,8.190250479848753
"n=1000, N=n^(3/2)",flow-NPE,A,3.083852683634734,8.333578396448084
"n=1000, N=n^(3/2)",flow-NPE,A,3.0855004979933924,8.465861900803699
"n=1000, N=n^(3/2)",flow-NPE,A,3.087148312352051,8.586995898084565
"n=1000, N=n^(3/2)",flow-NPE,A,3.0887961267107094,8.696424298722812
"n=1000, N=n^(3/2)",flow-NPE,A,3.090443941069368,8.793358210349533
"n=1000, N=n^(3/2)",flow-NPE,A,3.0920917554280267,8.877089675983362
"n=1000, N=n^(3/2)",flow-NPE,A,3.093739569786685,8.94726762505937
"n=1000, N=n^(3/2)",flow-NPE,A,3.0953873841453436,9.004015253064477
"n=1000, N=n^(3/2)",flow-NPE,A,3.097035198504002,9.047826019539576
"n=1000, N=n^(3/2)",flow-NPE,A,3.0986830128626606,9.07925893382466
"n=1000, N=n^(3/2)",flow-NPE,A,3.100330827221319,9.098533491840845
"n=1000, N=n^(3/2)",flow-NPE,A,3.1019786415799775,9.105173607414722
"n=1000, N=n^(3/2)",flow-NPE,A,3.1036264559386364,9.097851776949012
"n=1000, N=n^(3/2)",flow-NPE,A,3.105274270297295,9.074535914332998
"n=1000, N=n^(3/2)",flow-NPE,A,3.1069220846559533,9.032950507779429
"n=1000, N=n^(3/2)",flow-NPE,A,3.108569899014612,8.97125278175433
"n=1000, N=n^(3/2)",flow-NPE,A,3.1102177133732702,8.888728441347926
"n=1000, N=n^(3/2)",flow-NPE,A,3.1118655277319287,8.786271461226296
"n=1000, N=n^(3/2)",flow-NPE,A,3.113513342090587,8.666457546613668
"n=1000, N=n^(3/2)",flow-NPE,A,3.115161156449246,8.533147636721527
"n=1000, N=n^(3/2)",flow-NPE,A,3.1168089708079045,8.390721208610854
"n=1000, N=n^(3/2)",flow-NPE,A,3.118456785166563,8.243169613296661
"n=1000, N=n^(3/2)",flow-NPE,A,3.1201045995252215,8.093319355092149
"n=1000, N=n^(3/2)",flow-NPE,A,3.12175241388388,7.942391593162668
"n=1000, N=n^(3/2)",flow-NPE,A,3.1234002282425384,7.789976942810437
"n=1000, N=n^(3/2)",flow-NPE,A,3.125048042601197,7.634379367933779
"n=1000, N=n^(3/2)",flow-NPE,A,3.1266958569598557,7.473208942913567
"n=1000, N=n^(3/2)",flow-NPE,A,3.128343671318514,7.304086708038404
"n=1000, N=n^(3/2)",flow-NPE,A,3.1299914856771727,7.1253356102347745
"n=1000, N=n^(3/2)",flow-NPE,A,3.131639300035831,6.936536552227524
"n=1000, N=n^(3/2)",flow-NPE,A,3.1332871143944896,6.738823734845011
"n=1000, N=n^(3/2)",flow-NPE,A,3.134934928753148,6.534807496339707
"n=1000, N=n^(3/2)",flow-NPE,A,3.1365827431118065,6.3280799996513215
"n=1000, N=n^(3/2)",flow-NPE,A,3.1382305574704654,6.122382901832905
"n=1000, N=n^(3/2)",flow-NPE,A,3.139878371829124,5.920653908289996
"n=1000, N=n^(3/2)",flow-NPE,A,3.1415261861877823,5.724251461907937
"n=1000, N=n^(3/2)",flow-NPE,A,3.143174000546441,5.532629364101336
"n=1000, N=n^(3/2)",flow-NPE,A,3.1448218149050993,5.343592142964506
"n=1000, N=n^(3/2)",flow-NPE,A,3.1464696292637577,5.154060482468265
"n=1000, N=n^(3/2)",flow-NPE,A,3.1481174436224166,4.961097490966577
"n=1000, N=n^(3/2)",flow-NPE,A,3.149765257981075,4.762863524184909
"n=1000, N=n^(3/2)",flow-NPE,A,3.1514130723397336,4.559208275234214
"n=1000, N=n^(3/2)",flow-NPE,A,3.153060886698392,4.3517496217603675
"n=1000, N=n^(3/2)",flow-NPE,A,3.1547087010570505,4.143467836204487
"n=1000, N=n^(3/2)",flow-NPE,A,3.156356515415709,3.9379919380537136
"n=1000, N=n^(3/2)",flow-NPE,A,3.1580043297743674,3.7388232937467243
"n=1000, N=n^(3/2)",flow-NPE,A,3.159652144133026,3.5487174709877936
"n=1000, N=n^(3/2)",flow-NPE,A,3.1612999584916848,3.369352169530484
"n=1000, N=n^(3/2)",flow-NPE,A,3.1629477728503432,3.201292122296057
"n=1000, N=n^(3/2)",flow-NPE,A,3.1645955872090017,3.044168303430182
"n=1000, N=n^(3/2)",flow-NPE,A,3.16624340156766,2.896949157759532
"n=1000, N=n^(3/2)",flow-NPE,A,3.1678912159263186,2.7581999190881374
"n=1000, N=n^(3/2)",flow-NPE,A,3.169539030284977,2.626281346741799
"n=1000, N=n^(3/2)",flow-NPE,A,3.171186844643636,2.499497036575235
"n=1000, N=n^(3/2)",flow-NPE,A,3.1728346590022944,2.3762284983960833
"n=1000, N=n^(3/2)",flow-NPE,A,3.174482473360953,2.2550879377919264
"n=1000, N=n^(3/2)",flow-NPE,A,3.1761302877196114,2.1350822892463204
"n=1000, N=n^(3/2)",flow-NPE,A,3.17777810207827,2.0157459154855375
"n=1000, N=n^(3/2)",flow-NPE,A,3.1794259164369283,1.897188971819729
"n=1000, N=n^(3/2)",flow-NPE,A,3.181073730795587,1.780031674058241
"n=1000, N=n^(3/2)",flow-NPE,A,3.1827215451542457,1.6652379874838212
"n=1000, N=n^(3/2)",flow-NPE,A,3.184369359512904,1.5539003052028524
"n=1000, N=n^(3/2)",flow-NPE,A,3.1860171738715626,1.4470392904139495
"n=1000, N=n^(3/2)",flow-NPE,A,3.187664988230221,1.345466944937051
"n=1000, N=n^(3/2)",flow-NPE,A,3.1893128025888795,1.2497293690757516
"n=1000, N=n^(3/2)",flow-NPE,A,3.190960616947538,1.1601173462065122
"n=1000, N=n^(3/2)",flow-NPE,A,3.192608431306197,1.0767195073447073
"n=1000, N=n^(3/2)",flow-NPE,A,3.1942562456648553,0.9994937016219951
"n=1000, N=n^(3/2)",flow-NPE,A,3.195904060023514,0.9283384572074884
"n=1000, N=n^(3/2)",flow-NPE,A,3.1975518743821723,0.863149955862913
"n=1000, N=n^(3/2)",flow-NPE,A,3.1991996887408307,0.8038496406493664
"n=1000, N=n^(3/2)",flow-NPE,A,3.200847503099489,0.7503687885612932
"n=1000, N=n^(3/2)",flow-NPE,A,3.2024953174581476,0.7025852249472856
"n=1000, N=n^(3/2)",flow-NPE,A,3.2041431318168065,0.6602247267566171
"n=1000, N=n^(3/2)",flow-NPE,A,3.205790946175465,0.6227593035527366
"n=1000, N=n^(3/2)",flow-NPE,A,3.2074387605341235,0.5893461846294773
"n=1000, N=n^(3/2)",flow-NPE,A,3.209086574892782,0.5588465762601732
"n=1000, N=n^(3/2)",flow-NPE,A,3.2107343892514404,0.5299406598062778
"n=1000, N=n^(3/2)",flow-NPE,A,3.212382203610099,0.5013220057768528
"n=1000, N=n^(3/2)",flow-NPE,A,3.2140300179687573,0.4719235386273522
"n=1000, N=n^(3/2)",flow-NPE,A,3.215677832327416,0.44111145926696116
"n=1000, N=n^(3/2)",flow-NPE,A,3.2173256466860747,0.40879023163286116
"n=1000, N=n^(3/2)",flow-NPE,A,3.218973461044733,0.3753886349309507
"n=1000, N=n^(3/2)",flow-NPE,A,3.2206212754033916,0.34173340311683587
"n=1000, N=n^(3/2)",flow-NPE,A,3.22226908976205,0.3088491639468665
"n=1000, N=n^(3/2)",flow-NPE,A,3.2239169041207085,0.2777402256526092
"n=1000, N=n^(3/2)",flow-NPE,A,3.225564718479367,0.24920751024791674
"n=1000, N=n^(3/2)",flow-NPE,A,3.227212532838026,0.22373655903261627
"n=1000, N=n^(3/2)",flow-NPE,A,3.2288603471966844,0.2014684978731421
"n=1000, N=n^(3/2)",flow-NPE,A,3.230508161555343,0.18224366599078512
"n=1000, N=n^(3/2)",flow-NPE,A,3.2321559759140013,0.16569273974477633
"n=1000, N=n^(3/2)",Gaussian-NPE,A,2.9042409185409546,0.1810172661581346
"n=1000, N=n^(3/2)",Gaussian-NPE,A,2.905888732899613,0.20013839475023806
"n=1000, N=n^(3/2)",Gaussian-NPE,A,2.9075365472582715,0.22088056213391138
"n=1000, N=n^(3/2)",Gaussian-NPE,A,2.90918436161693,0.24374238219554253
"n=1000, N=n^(3/2)",Gaussian-NPE,A,2.910832175975589,0.2691879588380115
"n=1000, N=n^(3/2)",Gaussian-NPE,A,2.9124799903342473,0.29771325422149997
"n=1000, N=n^(3/2)",Gaussian-NPE,A,2.9141278046929058,0.3300332693777789
"n=1000, N=n^(3/2)",Gaussian-NPE,A,2.9157756190515642,0.36725863931046815
"n=1000, N=n^(3/2)",Gaussian-NPE,A,2.9174234334102227,0.41086119845815583
"n=1000, N=n^(3/2)",Gaussian-NPE,A,2.919071247768881,0.4623042904872966
"n=1000, N=n^(3/2)",Gaussian-NPE,A,2.9207190621275396,0.5224206247718925
"n=1000, N=n^(3/2)",Gaussian-NPE,A,2.9223668764861985,0.5908363224736509
"n=1000, N=n^(3/2)",Gaussian-NPE,A,2.924014690844857,0.6658109861761892
"n=1000, N=n^(3/2)",Gaussian-NPE,A,2.9256625052035155,0.7447115909658274
"n=1000, N=n^(3/2)",Gaussian-NPE,A,2.927310319562174,0.8250205050101452
"n=1000, N=n^(3/2)",Gaussian-NPE,A,2.9289581339208324,0.905463399732221
"n=1000, N=n^(3/2)",Gaussian-NPE,A,2.930605948279491,0.9867134381795823
"n=1000, N=n^(3/2)",Gaussian-NPE,A,2.9322537626381493,1.071273099711994
"n=1000, N=n^(3/2)",Gaussian-NPE,A,2.933901576996808,1.1624985622580533
"n=1000, N=n^(3/2)",Gaussian-NPE,A,2.9355493913554667,1.2631436813056407
"n=1000, N=n^(3/2)",Gaussian-NPE,A,2.937197205714125,1.3740649332914923
"n=1000, N=n^(3/2)",Gaussian-NPE,A,2.9388450200727836,1.4937145546877733
"n=1000, N=n^(3/2)",Gaussian-NPE,A,2.940492834431442,1.618745955212829
"n=1000, N=n^(3/2)",Gaussian-NPE,A,2.9421406487901005,1.7455782190073996
"n=1000, N=n^(3/2)",Gaussian-NPE,A,2.943788463148759,1.8723166203439476
"n=1000, N=n^(3/2)",Gaussian-NPE,A,2.945436277507418,2.00021486871197
"n=1000, N=n^(3/2)",Gaussian-NPE,A,2.9470840918660763,2.1340150305733387
"n=1000, N=n^(3/2)",Gaussian-NPE,A,2.948731906224735,2.2809691859972587
"n=1000, N=n^(3/2)",Gaussian-NPE,A,2.9503797205833933,2.4489203287660795
"n=1000, N=n^(3/2)",Gaussian-NPE,A,2.9520275349420517,2.644213211712472
"n=1000, N=n^(3/2)",Gaussian-NPE,A,2.95367534930071,2.870214315499143
"n=1000, N=n^(3/2)",Gaussian-NPE,A,2.955323163659369,3.1268449397340903
"n=1000, N=n^(3/2)",Gaussian-NPE,A,2.9569709780180276,3.41099257017043
"n=1000, N=n^(3/2)",Gaussian-NPE,A,2.958618792376686,3.717283074647888
"n=1000, N=n^(3/2)",Gaussian-NPE,A,2.9602666067353445,4.038696180617442
"n=1000, N=n^(3/2)",Gaussian-NPE,A,2.961914421094003,4.366868404146893
"n=1000, N=n^(3/2)",Gaussian-NPE,A,2.9635622354526614,4.6923806805131925
"n=1000, N=n^(3/2)",Gaussian-NPE,A,2.96521004981132,5.005524838711666
"n=1000, N=n^(3/2)",Gaussian-NPE,A,2.9668578641699788,5.29780421131442
"n=1000, N=n^(3/2)",Gaussian-NPE,A,2.9685056785286372,5.563878619018958
"n=1000, N=n^(3/2)",Gaussian-NPE,A,2.9701534928872957,5.80317472699421
"n=1000, N=n^(3/2)",Gaussian-NPE,A,2.971801307245954,6.020300367775947
"n=1000, N=n^(3/2)",Gaussian-NPE,A,2.9734491216046126,6.22383277433719
"n=1000, N=n^(3/2)",Gaussian-NPE,A,2.975096935963271,6.423791571520227
"n=1000, N=n^(3/2)",Gaussian-NPE,A,2.9767447503219295,6.628764212333956
"n=1000, N=n^(3/2)",Gaussian-NPE,A,2.9783925646805884,6.843857900978216
"n=1000, N=n^(3/2)",Gaussian-NPE,A,2.980040379039247,7.070263026136108
"n=1000, N=n^(3/2)",Gaussian-NPE,A,2.9816881933979054,7.306395846129416
"n=1000, N=n^(3/2)",Gaussian-NPE,A,2.983336007756564,7.549764789409271
"n=1000, N=n^(3/2)",Gaussian-NPE,A,2.9849838221152223,7.79834786483414
"n=1000, N=n^(3/2)",Gaussian-NPE,A,2.9866316364738807,8.05062597733973
"n=1000, N=n^(3/2)",Gaussian-NPE,A,2.988279450832539,8.304321994654112
"n=1000, N=n^(3/2)",Gaussian-NPE,A,2.989927265191198,8.554816953500113
"n=1000, N=n^(3/2)",Gaussian-NPE,A,2.9915750795498566,8.794561530037136
"n=1000, N=n^(3/2)",Gaussian-NPE,A,2.993222893908515,9.01430802668733
"n=1000, N=n^(3/2)",Gaussian-NPE,A,2.9948707082671735,9.205917854952727
"n=1000, N=n^(3/2)",Gaussian-NPE,A,2.996518522625832,9.365492963380067
"n=1000, N=n^(3/2)",Gaussian-NPE,A,2.9981663369844904,9.495246849183388
"n=1000, N=n^(3/2)",Gaussian-NPE,A,2.999814151343149,9.603065595908731
"n=1000, N=n^(3/2)",Gaussian-NPE,A,3.001461965701808,9.699796084338145
"n=1000, N=n^(3/2)",Gaussian-NPE,A,3.0031097800604662,9.79534607013487
"n=1000, N=n^(3/2)",Gaussian-NPE,A,3.0047575944191247,9.895183488491215
"n=1000, N=n^(3/2)",Gaussian-NPE,A,3.006405408777783,9.998598676347559
"n=1000, N=n^(3/2)",Gaussian-NPE,A,3.0080532231364416,10.099303794463983
"n=1000, N=n^(3/2)",Gaussian-NPE,A,3.0097010374951,10.187959981778137
"n=1000, N=n^(3/2)",Gaussian-NPE,A,3.0113488518537586,10.255462394728612
"n=1000, N=n^(3/2)",Gaussian-NPE,A,3.0129966662124175,10.295593859268775
"n=1000, N=n^(3/2)",Gaussian-NPE,A,3.014644480571076,10.306072428066175
"n=1000, N=n^(3/2)",Gaussian-NPE,A,3.0162922949297344,10.287866586640778
"n=1000, N=n^(3/2)",Gaussian-NPE,A,3.017940109288393,10.243500035944058
"n=1000, N=n^(3/2)",Gaussian-NPE,A,3.0195879236470513,10.175459882510859
"n=1000, N=n^(3/2)",Gaussian-NPE,A,3.0212357380057098,10.085550291079954
"n=1000, N=n^(3/2)",Gaussian-NPE,A,3.0228835523643682,9.975289888701484
"n=1000, N=n^(3/2)",Gaussian-NPE,A,3.024531366723027,9.846726741389304
"n=1000, N=n^(3/2)",Gaussian-NPE,A,3.0261791810816856,9.702815996020632
"n=1000, N=n^(3/2)",Gaussian-NPE,A,3.027826995440344,9.54690600697956
"n=1000, N=n^(3/2)",Gaussian-NPE,A,3.0294748097990025,9.381597987221307
"n=1000, N=n^(3/2)",Gaussian-NPE,A,3.031122624157661,9.207747152273011
"n=1000, N=n^(3/2)",Gaussian-NPE,A,3.0327704385163194,9.024299370887992
"n=1000, N=n^(3/2)",Gaussian-NPE,A,3.0344182528749784,8.829090753487215
"n=1000, N=n^(3/2)",Gaussian-NPE,A,3.036066067233637,8.620126204306716
"n=1000, N=n^(3/2)",Gaussian-NPE,A,3.0377138815922953,8.39663685997676
"n=1000, N=n^(3/2)",Gaussian-NPE,A,3.0393616959509537,8.159483434872426
"n=1000, N=n^(3/2)",Gaussian-NPE,A,3.041009510309612,7.910934366708151
"n=1000, N=n^(3/2)",Gaussian-NPE,A,3.0426573246682707,7.654133119964183
"n=1000, N=n^(3/2)",Gaussian-NPE,A,3.044305139026929,7.392543138220241
"n=1000, N=n^(3/2)",Gaussian-NPE,A,3.045952953385588,7.129477552200037
"n=1000, N=n^(3/2)",Gaussian-NPE,A,3.0476007677442465,6.867712057567369
"n=1000, N=n^(3/2)",Gaussian-NPE,A,3.049248582102905,6.609207616757649
"n=1000, N=n^(3/2)",Gaussian-NPE,A,3.0508963964615634,6.355016225877836
"n=1000, N=n^(3/2)",Gaussian-NPE,A,3.052544210820222,6.105386205957875
"n=1000, N=n^(3/2)",Gaussian-NPE,A,3.0541920251788803,5.859954805391726
"n=1000, N=n^(3/2)",Gaussian-NPE,A,3.055839839537539,5.617863715813131
"n=1000, N=n^(3/2)",Gaussian-NPE,A,3.0574876538961977,5.377748467286973
"n=1000, N=n^(3/2)",Gaussian-NPE,A,3.059135468254856,5.137754263300559
"n=1000, N=n^(3/2)",Gaussian-NPE,A,3.0607832826135146,4.895829704834174
"n=1000, N=n^(3/2)",Gaussian-NPE,A,3.062431096972173,4.650424224364419
"n=1000, N=n^(3/2)",Gaussian-NPE,A,3.0640789113308315,4.401424968835193
"n=1000, N=n^(3/2)",Gaussian-NPE,A,3.06572672568949,4.150913452137011
"n=1000, N=n^(3/2)",Gaussian-NPE,A,3.0673745400481485,3.9032889827991806
"n=1000, N=n^(3/2)",Gaussian-NPE,A,3.0690223544068074,3.6645390338140267
"n=1000, N=n^(3/2)",Gaussian-NPE,A,3.070670168765466,3.440814961867466
"n=1000, N=n^(3/2)",Gaussian-NPE,A,3.0723179831241243,3.236791934924065
"n=1000, N=n^(3/2)",Gaussian-NPE,A,3.0739657974827828,3.054394127729399
"n=1000, N=n^(3/2)",Gaussian-NPE,A,3.075613611841441,2.8923169905322084
"n=1000, N=n^(3/2)",Gaussian-NPE,A,3.0772614262000997,2.746472121872779
"n=1000, N=n^(3/2)",Gaussian-NPE,A,3.078909240558758,2.6111656278913298
"n=1000, N=n^(3/2)",Gaussian-NPE,A,3.080557054917417,2.48061234383539
"n=1000, N=n^(3/2)",Gaussian-NPE,A,3.0822048692760755,2.3503256152902603
"n=1000, N=n^(3/2)",Gaussian-NPE,A,3.083852683634734,2.2179910403493546
"n=1000, N=n^(3/2)",Gaussian-NPE,A,3.0855004979933924,2.083603379698975
"n=1000, N=n^(3/2)",Gaussian-NPE,A,3.087148312352051,1.9488839899917427
"n=1000, N=n^(3/2)",Gaussian-NPE,A,3.0887961267107094,1.8162411502203073
"n=1000, N=n^(3/2)",Gaussian-NPE,A,3.090443941069368,1.6876960079652343
"n=1000, N=n^(3/2)",Gaussian-NPE,A,3.0920917554280267,1.5641903396956336
"n=1000, N=n^(3/2)",Gaussian-NPE,A,3.093739569786685,1.4455072399644877
"n=1000, N=n^(3/2)",Gaussian-NPE,A,3.0953873841453436,1.3307558287138277
"n=1000, N=n^(3/2)",Gaussian-NPE,A,3.097035198504002,1.2191326173202741
"n=1000, N=n^(3/2)",Gaussian-NPE,A,3.0986830128626606,1.1105838852901249
"n=1000, N=n^(3/2)",Gaussian-NPE,A,3.100330827221319,1.0060772415964785
"n=1000, N=n^(3/2)",Gaussian-NPE,A,3.1019786415799775,0.9073838384551578
"n=1000, N=n^(3/2)",Gaussian-NPE,A,3.1036264559386364,0.8164784229985286
"n=1000, N=n^(3/2)",Gaussian-NPE,A,3.105274270297295,0.7348046835987646
"n=1000, N=n^(3/2)",Gaussian-NPE,A,3.1069220846559533,0.6626925999159436
"n=1000, N=n^(3/2)",Gaussian-NPE,A,3.108569899014612,0.5991533420885664
"n=1000, N=n^(3/2)",Gaussian-NPE,A,3.1102177133732702,0.5421399594396282
"n=1000, N=n^(3/2)",Gaussian-NPE,A,3.1118655277319287,0.48919188423861343
"n=1000, N=n^(3/2)",Gaussian-NPE,A,3.113513342090587,0.4382363125781037
"n=1000, N=n^(3/2)",Gaussian-NPE,A,3.115161156449246,0.3882564582808446
"n=1000, N=n^(3/2)",Gaussian-NPE,A,3.1168089708079045,0.339583895373581
"n=1000, N=n^(3/2)",Gaussian-NPE,A,3.118456785166563,0.29371171979811456
"n=1000, N=n^(3/2)",Gaussian-NPE,A,3.1201045995252215,0.2526998459518974
"n=1000, N=n^(3/2)",Gaussian-NPE,A,3.12175241388388,0.21838585727059223
"n=1000, N=n^(3/2)",Gaussian-NPE,A,3.1234002282425384,0.19167650011109846
"n=1000, N=n^(3/2)",Gaussian-NPE,A,3.125048042601197,0.17216097468388702
"n=1000, N=n^(3/2)",Gaussian-NPE,A,3.1266958569598557,0.15817216645647383
"n=1000, N=n^(3/2)",Gaussian-NPE,A,3.128343671318514,0.14726310932930262
"n=1000, N=n^(3/2)",Gaussian-NPE,A,3.1299914856771727,0.13691752031678045
"n=1000, N=n^(3/2)",Gaussian-NPE,A,3.131639300035831,0.12523374059212405
"n=1000, N=n^(3/2)",Gaussian-NPE,A,3.1332871143944896,0.1113477514199801
"n=1000, N=n^(3/2)",Gaussian-NPE,A,3.134934928753148,0.09548214120940345
"n=1000, N=n^(3/2)",Gaussian-NPE,A,3.1365827431118065,0.07866382809026658
"n=1000, N=n^(3/2)",Gaussian-NPE,A,3.1382305574704654,0.06226784245570279
"n=1000, N=n^(3/2)",Gaussian-NPE,A,3.139878371829124,0.04757152553431294
"n=1000, N=n^(3/2)",Gaussian-NPE,A,3.1415261861877823,0.03545071927719799
"n=1000, N=n^(3/2)",Gaussian-NPE,A,3.143174000546441,0.026262995020261058
"n=1000, N=n^(3/2)",Gaussian-NPE,A,3.1448218149050993,0.019890539072822885
"n=1000, N=n^(3/2)",Gaussian-NPE,A,3.1464696292637577,0.015879600044079376
"n=1000, N=n^(3/2)",Gaussian-NPE,A,3.1481174436224166,0.013610594154082226
"n=1000, N=n^(3/2)",Gaussian-NPE,A,3.149765257981075,0.012448513344051214
"n=1000, N=n^(3/2)",Gaussian-NPE,A,3.1514130723397336,0.011845541077664508
"n=1000, N=n^(3/2)",Gaussian-NPE,A,3.153060886698392,0.011390282758272776
"n=1000, N=n^(3/2)",Gaussian-NPE,A,3.1547087010570505,0.010815505487218003
"n=1000, N=n^(3/2)",Gaussian-NPE,A,3.156356515415709,0.009983639960121042
"n=1000, N=n^(3/2)",Gaussian-NPE,A,3.1580043297743674,0.008865263130147861
"n=1000, N=n^(3/2)",Gaussian-NPE,A,3.159652144133026,0.0075156914113979605
"n=1000, N=n^(3/2)",Gaussian-NPE,A,3.1612999584916848,0.0060474100422478385
"n=1000, N=n^(3/2)",Gaussian-NPE,A,3.1629477728503432,0.004596535286970103
"n=1000, N=n^(3/2)",Gaussian-NPE,A,3.1645955872090017,0.003287601053195565
"n=1000, N=n^(3/2)",Gaussian-NPE,A,3.16624340156766,0.002205864213509223
"n=1000, N=n^(3/2)",Gaussian-NPE,A,3.1678912159263186,0.0013851155309727071
"n=1000, N=n^(3/2)",Gaussian-NPE,A,3.169539030284977,0.0008124618621432296
"n=1000, N=n^(3/2)",Gaussian-NPE,A,3.171186844643636,0.00044456044295872427
"n=1000, N=n^(3/2)",Gaussian-NPE,A,3.1728346590022944,0.00022668685296634844
"n=1000, N=n^(3/2)",Gaussian-NPE,A,3.174482473360953,0.00010763790162297345
"n=1000, N=n^(3/2)",Gaussian-NPE,A,3.1761302877196114,4.7567694903469545e-05
"n=1000, N=n^(3/2)",Gaussian-NPE,A,3.17777810207827,1.9556772851707172e-05
"n=1000, N=n^(3/2)",Gaussian-NPE,A,3.1794259164369283,7.478225236678783e-06
"n=1000, N=n^(3/2)",Gaussian-NPE,A,3.181073730795587,2.6590644879347e-06
"n=1000, N=n^(3/2)",Gaussian-NPE,A,3.1827215451542457,8.790748198542287e-07
"n=1000, N=n^(3/2)",Gaussian-NPE,A,3.184369359512904,2.701749057195702e-07
"n=1000, N=n^(3/2)",Gaussian-NPE,A,3.1860171738715626,7.718887759785293e-08
"n=1000, N=n^(3/2)",Gaussian-NPE,A,3.187664988230221,2.049899050528608e-08
"n=1000, N=n^(3/2)",Gaussian-NPE,A,3.1893128025888795,5.06013661411e-09
"n=1000, N=n^(3/2)",Gaussian-NPE,A,3.190960616947538,1.1610011482521804e-09
"n=1000, N=n^(3/2)",Gaussian-NPE,A,3.192608431306197,2.475914309479885e-10
"n=1000, N=n^(3/2)",Gaussian-NPE,A,3.1942562456648553,4.9075573095371834e-11
"n=1000, N=n^(3/2)",Gaussian-NPE,A,3.195904060023514,9.041029366347905e-12
"n=1000, N=n^(3/2)",Gaussian-NPE,A,3.1975518743821723,1.5480686382684996e-12
"n=1000, N=n^(3/2)",Gaussian-NPE,A,3.1991996887408307,2.463657436444574e-13
"n=1000, N=n^(3/2)",Gaussian-NPE,A,3.200847503099489,3.6440702679283027e-14
"n=1000, N=n^(3/2)",Gaussian-NPE,A,3.2024953174581476,5.0096621972376196e-15
"n=1000, N=n^(3/2)",Gaussian-NPE,A,3.2041431318168065,6.400953648900361e-16
"n=1000, N=n^(3/2)",Gaussian-NPE,A,3.205790946175465,7.601423692211539e-17
"n=1000, N=n^(3/2)",Gaussian-NPE,A,3.2074387605341235,8.389939793942316e-18
"n=1000, N=n^(3/2)",Gaussian-NPE,A,3.209086574892782,8.606689420518875e-19
"n=1000, N=n^(3/2)",Gaussian-NPE,A,3.2107343892514404,8.205907441964038e-20
"n=1000, N=n^(3/2)",Gaussian-NPE,A,3.212382203610099,7.271602989732653e-21
"n=1000, N=n^(3/2)",Gaussian-NPE,A,3.2140300179687573,5.98889464900161e-22
"n=1000, N=n^(3/2)",Gaussian-NPE,A,3.215677832327416,4.584332283730225e-23
"n=1000, N=n^(3/2)",Gaussian-NPE,A,3.2173256466860747,3.261507324227425e-24
"n=1000, N=n^(3/2)",Gaussian-NPE,A,3.218973461044733,2.156619101919866e-25
"n=1000, N=n^(3/2)",Gaussian-NPE,A,3.2206212754033916,1.3253828089469345e-26
"n=1000, N=n^(3/2)",Gaussian-NPE,A,3.22226908976205,7.57045527421166e-28
"n=1000, N=n^(3/2)",Gaussian-NPE,A,3.2239169041207085,4.0189761586964083e-29
"n=1000, N=n^(3/2)",Gaussian-NPE,A,3.225564718479367,1.9829950050278285e-30
"n=1000, N=n^(3/2)",Gaussian-NPE,A,3.227212532838026,9.093698749136261e-32
"n=1000, N=n^(3/2)",Gaussian-NPE,A,3.2288603471966844,3.875897236906065e-33
"n=1000, N=n^(3/2)",Gaussian-NPE,A,3.230508161555343,1.5353828659802849e-34
"n=1000, N=n^(3/2)",Gaussian-NPE,A,3.2321559759140013,5.6529333959636815e-36
"n=1000, N=n^(3/2)",Reference (flow convention),B,0.6747851463794708,4.927013523695503e-84
"n=1000, N=n^(3/2)",Reference (flow convention),B,0.6791030298156355,3.6188510738977873e-81
"n=1000, N=n^(3/2)",Reference (flow convention),B,0.6834209132518002,2.3594701407471833e-78
"n=1000, N=n^(3/2)",Reference (flow convention),B,0.6877387966879649,1.3655734937012755e-75
"n=1000, N=n^(3/2)",Reference (flow convention),B,0.6920566801241295,7.015723896713769e-73
"n=1000, N=n^(3/2)",Reference (flow convention),B,0.6963745635602941,3.199533913276203e-70
"n=1000, N=n^(3/2)",Reference (flow convention),B,0.7006924469964588,1.2952624178733568e-67
"n=1000, N=n^(3/2)",Reference (flow convention),B,0.7050103304326235,4.654634986568756e-65
"n=1000, N=n^(3/2)",Reference (flow convention),B,0.7093282138687882,1.4848080474492237e-62
"n=1000, N=n^(3/2)",Reference (flow convention),B,0.7136460973049528,4.2044753837325014e-60
"n=1000, N=n^(3/2)",Reference (flow convention),B,0.7179639807411174,1.0568421697198428e-57
"n=1000, N=n^(3/2)",Reference (flow convention),B,0.7222818641772821,2.358116583970148e-55
"n=1000, N=n^(3/2)",Reference (flow convention),B,0.7265997476134468,4.670648988389767e-53
"n=1000, N=n^(3/2)",Reference (flow convention),B,0.7309176310496115,8.211944531269614e-51
"n=1000, N=n^(3/2)",Reference (flow convention),B,0.7352355144857762,1.2816563821872851e-48
"n=1000, N=n^(3/2)",Reference (flow convention),B,0.7395533979219409,1.7756363334150645e-46
"n=1000, N=n^(3/2)",Reference (flow convention),B,0.7438712813581054,2.1837014600252948e-44
"n=1000, N=n^(3/2)",Reference (flow convention),B,0.7481891647942701,2.383907121481644e-42
"n=1000, N=n^(3/2)",Reference (flow convention),B,0.7525070482304348,2.3101608841571954e-40
"n=1000, N=n^(3/2)",Reference (flow convention),B,0.7568249316665995,1.987247478541087e-38
"n=1000, N=n^(3/2)",Reference (flow convention),B,0.7611428151027642,1.5174644444988495e-36
"n=1000, N=n^(3/2)",Reference (flow convention),B,0.7654606985389287,1.0285891643020015e-34
"n=1000, N=n^(3/2)",Reference (flow convention),B,0.7697785819750934,6.189024948069899e-33
"n=1000, N=n^(3/2)",Reference (flow convention),B,0.7740964654112581,3.305669361986389e-31
"n=1000, N=n^(3/2)",Reference (flow convention),B,0.7784143488474228,1.567304993221162e-29
"n=1000, N=n^(3/2)",Reference (flow convention),B,0.7827322322835875,6.596363772153689e-28
"n=1000, N=n^(3/2)",Reference (flow convention),B,0.7870501157197521,2.4644086775516747e-26
"n=1000, N=n^(3/2)",Reference (flow convention),B,0.7913679991559168,8.172934568583357e-25
"n=1000, N=n^(3/2)",Reference (flow convention),B,0.7956858825920814,2.4060277868667055e-23
"n=1000, N=n^(3/2)",Reference (flow convention),B,0.8000037660282461,6.287540845566912e-22
"n=1000, N=n^(3/2)",Reference (flow convention),B,0.8043216494644108,1.4585419311426865e-20
"n=1000, N=n^(3/2)",Reference (flow convention),B,0.8086395329005754,3.0034158070871966e-19
"n=1000, N=n^(3/2)",Reference (flow convention),B,0.8129574163367401,5.4899858485124835e-18
"n=1000, N=n^(3/2)",Reference (flow convention),B,0.8172752997729047,8.908146646039441e-17
"n=1000, N=n^(3/2)",Reference (flow convention),B,0.8215931832090695,1.2831149576278895e-15
"n=1000, N=n^(3/2)",Reference (flow convention),B,0.8259110666452341,1.6406214793537048e-14
"n=1000, N=n^(3/2)",Reference (flow convention),B,0.8302289500813987,1.8621712497881604e-13
"n=1000, N=n^(3/2)",Reference (flow convention),B,0.8345468335175634,1.876311300747473e-12
"n=1000, N=n^(3/2)",Reference (flow convention),B,0.8388647169537281,1.678312012845137e-11
"n=1000, N=n^(3/2)",Reference (flow convention),B,0.8431826003898928,1.332710472241389e-10
"n=1000, N=n^(3/2)",Reference (flow convention),B,0.8475004838260574,9.395362275706603e-10
"n=1000, N=n^(3/2)",Reference (flow convention),B,0.851818367262222,5.880784327493246e-09
"n=1000, N=n^(3/2)",Reference (flow convention),B,0.8561362506983867,3.268481167256104e-08
"n=1000, N=n^(3/2)",Reference (flow convention),B,0.8604541341345514,1.6133002492707688e-07
"n=1000, N=n^(3/2)",Reference (flow convention),B,0.8647720175707161,7.073771365917984e-07
"n=1000, N=n^(3/2)",Reference (flow convention),B,0.8690899010068807,2.7562798305687615e-06
"n=1000, N=n^(3/2)",Reference (flow convention),B,0.8734077844430455,9.5499595799938e-06
"n=1000, N=n^(3/2)",Reference (flow convention),B,0.87772566787921,2.9452164667919164e-05
"n=1000, N=n^(3/2)",Reference (flow convention),B,0.8820435513153747,8.097798444919506e-05
"n=1000, N=n^(3/2)",Reference (flow convention),B,0.8863614347515394,0.00019901256886370116
"n=1000, N=n^(3/2)",Reference (flow convention),B,0.8906793181877041,0.00043902232864892737
"n=1000, N=n^(3/2)",Reference (flow convention),B,0.8949972016238688,0.0008751965001737812
"n=1000, N=n^(3/2)",Reference (flow convention),B,0.8993150850600333,0.0015931140331064554
"n=1000, N=n^(3/2)",Reference (flow convention),B,0.903632968496198,0.0026879874276054595
"n=1000, N=n^(3/2)",Reference (flow convention),B,0.9079508519323627,0.004285616415501905
"n=1000, N=n^(3/2)",Reference (flow convention),B,0.9122687353685274,0.006588553238987238
"n=1000, N=n^(3/2)",Reference (flow convention),B,0.916586618804692,0.009913396578612283
"n=1000, N=n^(3/2)",Reference (flow convention),B,0.9209045022408567,0.014658234047650244
"n=1000, N=n^(3/2)",Reference (flow convention),B,0.9252223856770214,0.021166749357330986
"n=1000, N=n^(3/2)",Reference (flow convention),B,0.929540269113186,0.029541204088910235
"n=1000, N=n^(3/2)",Reference (flow convention),B,0.9338581525493507,0.03953607287312706
"n=1000, N=n^(3/2)",Reference (flow convention),B,0.9381760359855154,0.05065467456744795
"n=1000, N=n^(3/2)",Reference (flow convention),B,0.94249391942168,0.062456346040999616
"n=1000, N=n^(3/2)",Reference (flow convention),B,0.9468118028578447,0.07493624169949331
"n=1000, N=n^(3/2)",Reference (flow convention),B,0.9511296862940093,0.08876610725346253
"n=1000, N=n^(3/2)",Reference (flow convention),B,0.9554475697301741,0.10523456757274342
"n=1000, N=n^(3/2)",Reference (flow convention),B,0.9597654531663387,0.12587616603834048
"n=1000, N=n^(3/2)",Reference (flow convention),B,0.9640833366025033,0.15194935207308322
"n=1000, N=n^(3/2)",Reference (flow convention),B,0.968401220038668,0.18401867026285895
"n=1000, N=n^(3/2)",Reference (flow convention),B,0.9727191034748326,0.22186417053974997
"n=1000, N=n^(3/2)",Reference (flow convention),B,0.9770369869109974,0.2648082297466269
"n=1000, N=n^(3/2)",Reference (flow convention),B,0.981354870347162,0.31237109289709813
"n=1000, N=n^(3/2)",Reference (flow convention),B,0.9856727537833266,0.3649700500657488
"n=1000, N=n^(3/2)",Reference (flow convention),B,0.9899906372194913,0.42423455542912375
"n=1000, N=n^(3/2)",Reference (flow convention),B,0.994308520655656,0.4926047474145238
"n=1000, N=n^(3/2)",Reference (flow convention),B,0.9986264040918207,0.5723225021977747
"n=1000, N=n^(3/2)",Reference (flow convention),B,1.0029442875279853,0.6644440363221491
"n=1000, N=n^(3/2)",Reference (flow convention),B,1.00726217096415,0.7685755446183938
"n=1000, N=n^(3/2)",Reference (flow convention),B,1.0115800544003146,0.8834818108385679
"n=1000, N=n^(3/2)",Reference (flow convention),B,1.0158979378364794,1.008042380893522
"n=1000, N=n^(3/2)",Reference (flow convention),B,1.020215821272644,1.1418856726034272
"n=1000, N=n^(3/2)",Reference (flow convention),B,1.0245337047088086,1.2854504697852271
"n=1000, N=n^(3/2)",Reference (flow convention),B,1.0288515881449734,1.439624361751454
"n=1000, N=n^(3/2)",Reference (flow convention),B,1.033169471581138,1.605095781071517
"n=1000, N=n^(3/2)",Reference (flow convention),B,1.0374873550173027,1.781426089345681
"n=1000, N=n^(3/2)",Reference (flow convention),B,1.0418052384534673,1.9660809093296157
"n=1000, N=n^(3/2)",Reference (flow convention),B,1.0461231218896319,2.154108114409254
"n=1000, N=n^(3/2)",Reference (flow convention),B,1.0504410053257967,2.3391143202293754
"n=1000, N=n^(3/2)",Reference (flow convention),B,1.0547588887619612,2.515374513149055
"n=1000, N=n^(3/2)",Reference (flow convention),B,1.059076772198126,2.679950540494054
"n=1000, N=n^(3/2)",Reference (flow convention),B,1.0633946556342906,2.8335250845434015
"n=1000, N=n^(3/2)",Reference (flow convention),B,1.0677125390704552,2.9794986520584668
"n=1000, N=n^(3/2)",Reference (flow convention),B,1.07203042250662,3.1220697234780976
"n=1000, N=n^(3/2)",Reference (flow convention),B,1.0763483059427845,3.264593961256177
"n=1000, N=n^(3/2)",Reference (flow convention),B,1.0806661893789493,3.4090510221816466
"n=1000, N=n^(3/2)",Reference (flow convention),B,1.0849840728151139,3.5563316849984976
"n=1000, N=n^(3/2)",Reference (flow convention),B,1.0893019562512785,3.7063307590375922
"n=1000, N=n^(3/2)",Reference (flow convention),B,1.0936198396874433,3.8572946902950065
"n=1000, N=n^(3/2)",Reference (flow convention),B,1.097937723123608,4.00512238495633
"n=1000, N=n^(3/2)",Reference (flow convention),B,1.1022556065597726,4.143940637311223
"n=1000, N=n^(3/2)",Reference (flow convention),B,1.1065734899959372,4.2684040907560945
"n=1000, N=n^(3/2)",Reference (flow convention),B,1.110891373432102,4.376589464003551
"n=1000, N=n^(3/2)",Reference (flow convention),B,1.1152092568682666,4.471614264021349
"n=1000, N=n^(3/2)",Reference (flow convention),B,1.1195271403044313,4.560771585096856
"n=1000, N=n^(3/2)",Reference (flow convention),B,1.123845023740596,4.652295341481775
"n=1000, N=n^(3/2)",Reference (flow convention),B,1.1281629071767605,4.751015547127367
"n=1000, N=n^(3/2)",Reference (flow convention),B,1.1324807906129253,4.854880409735528
"n=1000, N=n^(3/2)",Reference (flow convention),B,1.1367986740490899,4.954378267333959
"n=1000, N=n^(3/2)",Reference (flow convention),B,1.1411165574852546,5.035765102740425
"n=1000, N=n^(3/2)",Reference (flow convention),B,1.1454344409214192,5.086791579341514
"n=1000, N=n^(3/2)",Reference (flow convention),B,1.1497523243575838,5.1017684757066
"n=1000, N=n^(3/2)",Reference (flow convention),B,1.1540702077937486,5.083033027087277
"n=1000, N=n^(3/2)",Reference (flow convention),B,1.1583880912299132,5.038269529019526
"n=1000, N=n^(3/2)",Reference (flow convention),B,1.162705974666078,4.975802453628055
"n=1000, N=n^(3/2)",Reference (flow convention),B,1.1670238581022425,4.900857529488833
"n=1000, N=n^(3/2)",Reference (flow convention),B,1.171341741538407,4.814556664536769
"n=1000, N=n^(3/2)",Reference (flow convention),B,1.1756596249745719,4.715459034615321
"n=1000, N=n^(3/2)",Reference (flow convention),B,1.1799775084107367,4.602244475809391
"n=1000, N=n^(3/2)",Reference (flow convention),B,1.1842953918469012,4.475992357501076
"n=1000, N=n^(3/2)",Reference (flow convention),B,1.1886132752830658,4.3409572350971075
"n=1000, N=n^(3/2)",Reference (flow convention),B,1.1929311587192304,4.2034331886529275
"n=1000, N=n^(3/2)",Reference (flow convention),B,1.1972490421553952,4.069222842689895
"n=1000, N=n^(3/2)",Reference (flow convention),B,1.20156692559156,3.9411269278746364
"n=1000, N=n^(3/2)",Reference (flow convention),B,1.2058848090277245,3.8180280131971505
"n=1000, N=n^(3/2)",Reference (flow convention),B,1.2102026924638891,3.6961332076165894
"n=1000, N=n^(3/2)",Reference (flow convention),B,1.2145205759000537,3.5714170278553725
"n=1000, N=n^(3/2)",Reference (flow convention),B,1.2188384593362185,3.4415811619056127
"n=1000, N=n^(3/2)",Reference (flow convention),B,1.2231563427723833,3.3065353989822275
"n=1000, N=n^(3/2)",Reference (flow convention),B,1.2274742262085478,3.167712836431451
"n=1000, N=n^(3/2)",Reference (flow convention),B,1.2317921096447124,3.0271633116390397
"n=1000, N=n^(3/2)",Reference (flow convention),B,1.2361099930808772,2.886945669178612
"n=1000, N=n^(3/2)",Reference (flow convention),B,1.240427876517042,2.748647988829145
"n=1000, N=n^(3/2)",Reference (flow convention),B,1.2447457599532066,2.612763609315694
"n=1000, N=n^(3/2)",Reference (flow convention),B,1.2490636433893711,2.478129201245976
"n=1000, N=n^(3/2)",Reference (flow convention),B,1.2533815268255357,2.3420208963006024
"n=1000, N=n^(3/2)",Reference (flow convention),B,1.2576994102617005,2.2012982345682093
"n=1000, N=n^(3/2)",Reference (flow convention),B,1.2620172936978653,2.054280973883696
"n=1000, N=n^(3/2)",Reference (flow convention),B,1.2663351771340299,1.9023799420204448
"n=1000, N=n^(3/2)",Reference (flow convention),B,1.2706530605701944,1.7504208487227861
"n=1000, N=n^(3/2)",Reference (flow convention),B,1.274970944006359,1.605241920564382
"n=1000, N=n^(3/2)",Reference (flow convention),B,1.2792888274425238,1.4731362275187756
"n=1000, N=n^(3/2)",Reference (flow convention),B,1.2836067108786886,1.3574148888878124
"n=1000, N=n^(3/2)",Reference (flow convention),B,1.2879245943148532,1.257332267910049
"n=1000, N=n^(3/2)",Reference (flow convention),B,1.2922424777510177,1.1688398210706352
"n=1000, N=n^(3/2)",Reference (flow convention),B,1.2965603611871823,1.0865937469578542
"n=1000, N=n^(3/2)",Reference (flow convention),B,1.3008782446233471,1.0060309792444242
"n=1000, N=n^(3/2)",Reference (flow convention),B,1.305196128059512,0.9245769644512625
"n=1000, N=n^(3/2)",Reference (flow convention),B,1.3095140114956765,0.8418751730405118
"n=1000, N=n^(3/2)",Reference (flow convention),B,1.313831894931841,0.7595203124982317
"n=1000, N=n^(3/2)",Reference (flow convention),B,1.3181497783680058,0.6806304306529657
"n=1000, N=n^(3/2)",Reference (flow convention),B,1.3224676618041704,0.6090998817726034
"n=1000, N=n^(3/2)",Reference (flow convention),B,1.3267855452403352,0.548335139685998
"n=1000, N=n^(3/2)",Reference (flow convention),B,1.3311034286764998,0.49984865860334793
"n=1000, N=n^(3/2)",Reference (flow convention),B,1.3354213121126643,0.46255341890089274
"n=1000, N=n^(3/2)",Reference (flow convention),B,1.3397391955488291,0.4332834329548306
"n=1000, N=n^(3/2)",Reference (flow convention),B,1.344057078984994,0.4081921206786023
"n=1000, N=n^(3/2)",Reference (flow convention),B,1.3483749624211585,0.38410205467746555
"n=1000, N=n^(3/2)",Reference (flow convention),B,1.352692845857323,0.35909161250718047
"n=1000, N=n^(3/2)",Reference (flow convention),B,1.3570107292934876,0.3323071228089772
"n=1000, N=n^(3/2)",Reference (flow convention),B,1.3613286127296524,0.3035285993550679
"n=1000, N=n^(3/2)",Reference (flow convention),B,1.3656464961658172,0.2730109030895175
"n=1000, N=n^(3/2)",Reference (flow convention),B,1.3699643796019818,0.24167575401263458
"n=1000, N=n^(3/2)",Reference (flow convention),B,1.3742822630381464,0.2112637748890543
"n=1000, N=n^(3/2)",Reference (flow convention),B,1.378600146474311,0.18398160032687036
"n=1000, N=n^(3/2)",Reference (flow convention),B,1.3829180299104757,0.161589781843573
"n=1000, N=n^(3/2)",Reference (flow convention),B,1.3872359133466405,0.14443897662465727
"n=1000, N=n^(3/2)",Reference (flow convention),B,1.391553796782805,0.1311627455030907
"n=1000, N=n^(3/2)",Reference (flow convention),B,1.3958716802189697,0.11934106359472356
"n=1000, N=n^(3/2)",Reference (flow convention),B,1.4001895636551343,0.10675267162540757
"n=1000, N=n^(3/2)",Reference (flow convention),B,1.404507447091299,0.09241991917308524
"n=1000, N=n^(3/2)",Reference (flow convention),B,1.4088253305274638,0.07685257781660516
"n=1000, N=n^(3/2)",Reference (flow convention),B,1.4131432139636284,0.0614987331929513
"n=1000, N=n^(3/2)",Reference (flow convention),B,1.417461097399793,0.04788588021233994
"n=1000, N=n^(3/2)",Reference (flow convention),B,1.4217789808359578,0.03697049440277485
"n=1000, N=n^(3/2)",Reference (flow convention),B,1.4260968642721223,0.028928190979676614
"n=1000, N=n^(3/2)",Reference (flow convention),B,1.4304147477082871,0.023317741270165327
"n=1000, N=n^(3/2)",Reference (flow convention),B,1.4347326311444517,0.019416012795546906
"n=1000, N=n^(3/2)",Reference (flow convention),B,1.4390505145806163,0.016531669414629774
"n=1000, N=n^(3/2)",Reference (flow convention),B,1.443368398016781,0.014186425316930327
"n=1000, N=n^(3/2)",Reference (flow convention),B,1.4476862814529459,0.01214700529171926
"n=1000, N=n^(3/2)",Reference (flow convention),B,1.4520041648891104,0.010358095514502381
"n=1000, N=n^(3/2)",Reference (flow convention),B,1.456322048325275,0.008844789553751257
"n=1000, N=n^(3/2)",Reference (flow convention),B,1.4606399317614396,0.007634418958092557
"n=1000, N=n^(3/2)",Reference (flow convention),B,1.4649578151976044,0.006718897821522823
"n=1000, N=n^(3/2)",Reference (flow convention),B,1.4692756986337692,0.00605279335463488
"n=1000, N=n^(3/2)",Reference (flow convention),B,1.4735935820699337,0.005565103202717567
"n=1000, N=n^(3/2)",Reference (flow convention),B,1.4779114655060983,0.0051659947297117235
"n=1000, N=n^(3/2)",Reference (flow convention),B,1.4822293489422629,0.004752574225691878
"n=1000, N=n^(3/2)",Reference (flow convention),B,1.4865472323784277,0.0042317411860887735
"n=1000, N=n^(3/2)",Reference (flow convention),B,1.4908651158145925,0.0035603579784028064
"n=1000, N=n^(3/2)",Reference (flow convention),B,1.495182999250757,0.002773389808222383
"n=1000, N=n^(3/2)",Reference (flow convention),B,1.4995008826869216,0.0019701726329431147
"n=1000, N=n^(3/2)",Reference (flow convention),B,1.5038187661230862,0.001263328907202263
"n=1000, N=n^(3/2)",Reference (flow convention),B,1.508136649559251,0.0007264256740273564
"n=1000, N=n^(3/2)",Reference (flow convention),B,1.5124545329954158,0.0003730455767895588
"n=1000, N=n^(3/2)",Reference (flow convention),B,1.5167724164315803,0.0001706705458954181
"n=1000, N=n^(3/2)",Reference (flow convention),B,1.521090299867745,6.946100653802314e-05
"n=1000, N=n^(3/2)",Reference (flow convention),B,1.5254081833039097,2.5126329831136056e-05
"n=1000, N=n^(3/2)",Reference (flow convention),B,1.5297260667400745,8.07416228266668e-06
"n=1000, N=n^(3/2)",Reference (flow convention),B,1.534043950176239,2.3041642978960028e-06
"n=1000, N=n^(3/2)",Reference (Gaussian convention),B,0.6747851463794708,4.79321668643469e-09
"n=1000, N=n^(3/2)",Reference (Gaussian convention),B,0.6791030298156355,2.7962174888581963e-08
"n=1000, N=n^(3/2)",Reference (Gaussian convention),B,0.6834209132518002,1.4422264476419224e-07
"n=1000, N=n^(3/2)",Reference (Gaussian convention),B,0.6877387966879649,6.578588014750066e-07
"n=1000, N=n^(3/2)",Reference (Gaussian convention),B,0.6920566801241295,2.6548049568593875e-06
"n=1000, N=n^(3/2)",Reference (Gaussian convention),B,0.6963745635602941,9.48330967399954e-06
"n=1000, N=n^(3/2)",Reference (Gaussian convention),B,0.7006924469964588,3.000725187138513e-05
"n=1000, N=n^(3/2)",Reference (Gaussian convention),B,0.7050103304326235,8.41892283207494e-05
"n=1000, N=n^(3/2)",Reference (Gaussian convention),B,0.7093282138687882,0.00020971273555733295
"n=1000, N=n^(3/2)",Reference (Gaussian convention),B,0.7136460973049528,0.0004646181753267685
"n=1000, N=n^(3/2)",Reference (Gaussian convention),B,0.7179639807411174,0.0009176452305391068
"n=1000, N=n^(3/2)",Reference (Gaussian convention),B,0.7222818641772821,0.0016205235524333877
"n=1000, N=n^(3/2)",Reference (Gaussian convention),B,0.7265997476134468,0.0025685008093988258
"n=1000, N=n^(3/2)",Reference (Gaussian convention),B,0.7309176310496115,0.003671235503959379
"n=1000, N=n^(3/2)",Reference (Gaussian convention),B,0.7352355144857762,0.004760792491817329
"n=1000, N=n^(3/2)",Reference (Gaussian convention),B,0.7395533979219409,0.005646545365147992
"n=1000, N=n^(3/2)",Reference (Gaussian convention),B,0.7438712813581054,0.006197267912034227
"n=1000, N=n^(3/2)",Reference (Gaussian convention),B,0.7481891647942701,0.006411629330198012
"n=1000, N=n^(3/2)",Reference (Gaussian convention),B,0.7525070482304348,0.006445314117933227
"n=1000, N=n^(3/2)",Reference (Gaussian convention),B,0.7568249316665995,0.0065904348230365955
"n=1000, N=n^(3/2)",Reference (Gaussian convention),B,0.7611428151027642,0.007227736116586373
"n=1000, N=n^(3/2)",Reference (Gaussian convention),B,0.7654606985389287,0.008769303631174343
"n=1000, N=n^(3/2)",Reference (Gaussian convention),B,0.7697785819750934,0.011579108874287375
"n=1000, N=n^(3/2)",Reference (Gaussian convention),B,0.7740964654112581,0.01584590682726023
"n=1000, N=n^(3/2)",Reference (Gaussian convention),B,0.7784143488474228,0.021439494995141993
"n=1000, N=n^(3/2)",Reference (Gaussian convention),B,0.7827322322835875,0.02787531422106425
"n=1000, N=n^(3/2)",Reference (Gaussian convention),B,0.7870501157197521,0.03451678018754378
"n=1000, N=n^(3/2)",Reference (Gaussian convention),B,0.7913679991559168,0.04098696385680052
"n=1000, N=n^(3/2)",Reference (Gaussian convention),B,0.7956858825920814,0.047566334113902466
"n=1000, N=n^(3/2)",Reference (Gaussian convention),B,0.8000037660282461,0.05533706790020857
"n=1000, N=n^(3/2)",Reference (Gaussian convention),B,0.8043216494644108,0.06602810334750114
"n=1000, N=n^(3/2)",Reference (Gaussian convention),B,0.8086395329005754,0.08169921387865636
"n=1000, N=n^(3/2)",Reference (Gaussian convention),B,0.8129574163367401,0.10438415163735389
"n=1000, N=n^(3/2)",Reference (Gaussian convention),B,0.8172752997729047,0.13568466053166542
"n=1000, N=n^(3/2)",Reference (Gaussian convention),B,0.8215931832090695,0.1763170115615154
"n=1000, N=n^(3/2)",Reference (Gaussian convention),B,0.8259110666452341,0.22580677422501905
"n=1000, N=n^(3/2)",Reference (Gaussian convention),B,0.8302289500813987,0.28264425483360717
"n=1000, N=n^(3/2)",Reference (Gaussian convention),B,0.8345468335175634,0.3449944981506997
"n=1000, N=n^(3/2)",Reference (Gaussian convention),B,0.8388647169537281,0.41161205397506384
"n=1000, N=n^(3/2)",Reference (Gaussian convention),B,0.8431826003898928,0.4823759313878397
"n=1000, N=n^(3/2)",Reference (Gaussian convention),B,0.8475004838260574,0.558132020294794
"n=1000, N=n^(3/2)",Reference (Gaussian convention),B,0.851818367262222,0.6400982959594598
"n=1000, N=n^(3/2)",Reference (Gaussian convention),B,0.8561362506983867,0.7294092518681863
"n=1000, N=n^(3/2)",Reference (Gaussian convention),B,0.8604541341345514,0.8271363413792587
"n=1000, N=n^(3/2)",Reference (Gaussian convention),B,0.8647720175707161,0.9345670932167075
"n=1000, N=n^(3/2)",Reference (Gaussian convention),B,0.8690899010068807,1.0532148117358926
"n=1000, N=n^(3/2)",Reference (Gaussian convention),B,0.8734077844430455,1.1842754409016456
"n=1000, N=n^(3/2)",Reference (Gaussian convention),B,0.87772566787921,1.327801967968464
"n=1000, N=n^(3/2)",Reference (Gaussian convention),B,0.8820435513153747,1.4821741269375255
"n=1000, N=n^(3/2)",Reference (Gaussian convention),B,0.8863614347515394,1.6442278258237277
"n=1000, N=n^(3/2)",Reference (Gaussian convention),B,0.8906793181877041,1.8099664739249353
"n=1000, N=n^(3/2)",Reference (Gaussian convention),B,0.8949972016238688,1.9755596580352386
"n=1000, N=n^(3/2)",Reference (Gaussian convention),B,0.8993150850600333,2.138376289768714
"n=1000, N=n^(3/2)",Reference (Gaussian convention),B,0.903632968496198,2.297783489378181
"n=1000, N=n^(3/2)",Reference (Gaussian convention),B,0.9079508519323627,2.455330040786923
"n=1000, N=n^(3/2)",Reference (Gaussian convention),B,0.9122687353685274,2.6141056777824985
"n=1000, N=n^(3/2)",Reference (Gaussian convention),B,0.916586618804692,2.777628201858063
"n=1000, N=n^(3/2)",Reference (Gaussian convention),B,0.9209045022408567,2.948938123916568
"n=1000, N=n^(3/2)",Reference (Gaussian convention),B,0.9252223856770214,3.130094123956453
"n=1000, N=n^(3/2)",Reference (Gaussian convention),B,0.929540269113186,3.321484760231159
"n=1000, N=n^(3/2)",Reference (Gaussian convention),B,0.9338581525493507,3.520540347859195
"n=1000, N=n^(3/2)",Reference (Gaussian convention),B,0.9381760359855154,3.7207567308859453
"n=1000, N=n^(3/2)",Reference (Gaussian convention),B,0.94249391942168,3.912827419660398
"n=1000, N=n^(3/2)",Reference (Gaussian convention),B,0.9468118028578447,4.0884161058230415
"n=1000, N=n^(3/2)",Reference (Gaussian convention),B,0.9511296862940093,4.244386616592219
"n=1000, N=n^(3/2)",Reference (Gaussian convention),B,0.9554475697301741,4.384136736405239
"n=1000, N=n^(3/2)",Reference (Gaussian convention),B,0.9597654531663387,4.5149150227748605
"n=1000, N=n^(3/2)",Reference (Gaussian convention),B,0.9640833366025033,4.643540134143377
"n=1000, N=n^(3/2)",Reference (Gaussian convention),B,0.968401220038668,4.773782479871625
"n=1000, N=n^(3/2)",Reference (Gaussian convention),B,0.9727191034748326,4.905976570954645
"n=1000, N=n^(3/2)",Reference (Gaussian convention),B,0.9770369869109974,5.036892812756925
"n=1000, N=n^(3/2)",Reference (Gaussian convention),B,0.981354870347162,5.158853541500207
"n=1000, N=n^(3/2)",Reference (Gaussian convention),B,0.9856727537833266,5.259908635059947
"n=1000, N=n^(3/2)",Reference (Gaussian convention),B,0.9899906372194913,5.327236419164704
"n=1000, N=n^(3/2)",Reference (Gaussian convention),B,0.994308520655656,5.352781121398145
"n=1000, N=n^(3/2)",Reference (Gaussian convention),B,0.9986264040918207,5.3372141308551555
"n=1000, N=n^(3/2)",Reference (Gaussian convention),B,1.0029442875279853,5.289172192084914
"n=1000, N=n^(3/2)",Reference (Gaussian convention),B,1.00726217096415,5.220429754481686
"n=1000, N=n^(3/2)",Reference (Gaussian convention),B,1.0115800544003146,5.140394689531786
"n=1000, N=n^(3/2)",Reference (Gaussian convention),B,1.0158979378364794,5.053013649680167
"n=1000, N=n^(3/2)",Reference (Gaussian convention),B,1.020215821272644,4.957038092121964
"n=1000, N=n^(3/2)",Reference (Gaussian convention),B,1.0245337047088086,4.848740141318924
"n=1000, N=n^(3/2)",Reference (Gaussian convention),B,1.0288515881449734,4.72536836536426
"n=1000, N=n^(3/2)",Reference (Gaussian convention),B,1.033169471581138,4.587638257805977
"n=1000, N=n^(3/2)",Reference (Gaussian convention),B,1.0374873550173027,4.440157171344445
"n=1000, N=n^(3/2)",Reference (Gaussian convention),B,1.0418052384534673,4.2897584382588185
"n=1000, N=n^(3/2)",Reference (Gaussian convention),B,1.0461231218896319,4.142727997823562
"n=1000, N=n^(3/2)",Reference (Gaussian convention),B,1.0504410053257967,4.002236805583925
"n=1000, N=n^(3/2)",Reference (Gaussian convention),B,1.0547588887619612,3.8669901331828975
"n=1000, N=n^(3/2)",Reference (Gaussian convention),B,1.059076772198126,3.731702978063786
"n=1000, N=n^(3/2)",Reference (Gaussian convention),B,1.0633946556342906,3.589593165750205
"n=1000, N=n^(3/2)",Reference (Gaussian convention),B,1.0677125390704552,3.436175586026415
"n=1000, N=n^(3/2)",Reference (Gaussian convention),B,1.07203042250662,3.2723633173141633
"n=1000, N=n^(3/2)",Reference (Gaussian convention),B,1.0763483059427845,3.1045528855604014
"n=1000, N=n^(3/2)",Reference (Gaussian convention),B,1.0806661893789493,2.9410951423896363
"n=1000, N=n^(3/2)",Reference (Gaussian convention),B,1.0849840728151139,2.7873584470095003
"n=1000, N=n^(3/2)",Reference (Gaussian convention),B,1.0893019562512785,2.6429171837570475
"n=1000, N=n^(3/2)",Reference (Gaussian convention),B,1.0936198396874433,2.5028057723312465
"n=1000, N=n^(3/2)",Reference (Gaussian convention),B,1.097937723123608,2.361622448906674
"n=1000, N=n^(3/2)",Reference (Gaussian convention),B,1.1022556065597726,2.217311814839403
"n=1000, N=n^(3/2)",Reference (Gaussian convention),B,1.1065734899959372,2.07215022092357
"n=1000, N=n^(3/2)",Reference (Gaussian convention),B,1.110891373432102,1.9308435222834421
"n=1000, N=n^(3/2)",Reference (Gaussian convention),B,1.1152092568682666,1.7975949076896678
"n=1000, N=n^(3/2)",Reference (Gaussian convention),B,1.1195271403044313,1.6741746315330737
"n=1000, N=n^(3/2)",Reference (Gaussian convention),B,1.123845023740596,1.559764003464813
"n=1000, N=n^(3/2)",Reference (Gaussian convention),B,1.1281629071767605,1.4520126490225584
"n=1000, N=n^(3/2)",Reference (Gaussian convention),B,1.1324807906129253,1.3483600614426896
"n=1000, N=n^(3/2)",Reference (Gaussian convention),B,1.1367986740490899,1.2471131023106385
"n=1000, N=n^(3/2)",Reference (Gaussian convention),B,1.1411165574852546,1.1481940170979459
"n=1000, N=n^(3/2)",Reference (Gaussian convention),B,1.1454344409214192,1.0533889220806683
"n=1000, N=n^(3/2)",Reference (Gaussian convention),B,1.1497523243575838,0.9657385206427123
"n=1000, N=n^(3/2)",Reference (Gaussian convention),B,1.1540702077937486,0.8880590649130158
"n=1000, N=n^(3/2)",Reference (Gaussian convention),B,1.1583880912299132,0.8213258799045895
"n=1000, N=n^(3/2)",Reference (Gaussian convention),B,1.162705974666078,0.7639440052178561
"n=1000, N=n^(3/2)",Reference (Gaussian convention),B,1.1670238581022425,0.7123339834648353
"n=1000, N=n^(3/2)",Reference (Gaussian convention),B,1.171341741538407,0.6623661689706221
"n=1000, N=n^(3/2)",Reference (Gaussian convention),B,1.1756596249745719,0.610826986668404
"n=1000, N=n^(3/2)",Reference (Gaussian convention),B,1.1799775084107367,0.5563760824186298
"n=1000, N=n^(3/2)",Reference (Gaussian convention),B,1.1842953918469012,0.49981083507346846
"n=1000, N=n^(3/2)",Reference (Gaussian convention),B,1.1886132752830658,0.44360304883779167
"n=1000, N=n^(3/2)",Reference (Gaussian convention),B,1.1929311587192304,0.39082667194457177
"n=1000, N=n^(3/2)",Reference (Gaussian convention),B,1.1972490421553952,0.3439094419943991
"n=1000, N=n^(3/2)",Reference (Gaussian convention),B,1.20156692559156,0.3038357462732764
"n=1000, N=n^(3/2)",Reference (Gaussian convention),B,1.2058848090277245,0.27016712372785917
"n=1000, N=n^(3/2)",Reference (Gaussian convention),B,1.2102026924638891,0.24167510752521143
"n=1000, N=n^(3/2)",Reference (Gaussian convention),B,1.2145205759000537,0.21703296633480265
"n=1000, N=n^(3/2)",Reference (Gaussian convention),B,1.2188384593362185,0.1951862344058741
"n=1000, N=n^(3/2)",Reference (Gaussian convention),B,1.2231563427723833,0.17543291023028115
"n=1000, N=n^(3/2)",Reference (Gaussian convention),B,1.2274742262085478,0.15741929484818154
"n=1000, N=n^(3/2)",Reference (Gaussian convention),B,1.2317921096447124,0.14111941896515198
"n=1000, N=n^(3/2)",Reference (Gaussian convention),B,1.2361099930808772,0.12672675028407984
"n=1000, N=n^(3/2)",Reference (Gaussian convention),B,1.240427876517042,0.11444510576611992
"n=1000, N=n^(3/2)",Reference (Gaussian convention),B,1.2447457599532066,0.10428376712083229
"n=1000, N=n^(3/2)",Reference (Gaussian convention),B,1.2490636433893711,0.09596032865274755
"n=1000, N=n^(3/2)",Reference (Gaussian convention),B,1.2533815268255357,0.08893037265481446
"n=1000, N=n^(3/2)",Reference (Gaussian convention),B,1.2576994102617005,0.08251298697048379
"n=1000, N=n^(3/2)",Reference (Gaussian convention),B,1.2620172936978653,0.07606813221648029
"n=1000, N=n^(3/2)",Reference (Gaussian convention),B,1.2663351771340299,0.06916101519146613
"n=1000, N=n^(3/2)",Reference (Gaussian convention),B,1.2706530605701944,0.061650244544183254
"n=1000, N=n^(3/2)",Reference (Gaussian convention),B,1.274970944006359,0.05369175630877982
"n=1000, N=n^(3/2)",Reference (Gaussian convention),B,1.2792888274425238,0.045692153713104304
"n=1000, N=n^(3/2)",Reference (Gaussian convention),B,1.2836067108786886,0.03821212642009001
"n=1000, N=n^(3/2)",Reference (Gaussian convention),B,1.2879245943148532,0.031788538742765576
"n=1000, N=n^(3/2)",Reference (Gaussian convention),B,1.2922424777510177,0.026713033134105824
"n=1000, N=n^(3/2)",Reference (Gaussian convention),B,1.2965603611871823,0.02290673954516553
"n=1000, N=n^(3/2)",Reference (Gaussian convention),B,1.3008782446233471,0.019999011335884775
"n=1000, N=n^(3/2)",Reference (Gaussian convention),B,1.305196128059512,0.017549232365479898
"n=1000, N=n^(3/2)",Reference (Gaussian convention),B,1.3095140114956765,0.015236744886393557
"n=1000, N=n^(3/2)",Reference (Gaussian convention),B,1.313831894931841,0.012912253404051428
"n=1000, N=n^(3/2)",Reference (Gaussian convention),B,1.3181497783680058,0.01055214570180305
"n=1000, N=n^(3/2)",Reference (Gaussian convention),B,1.3224676618041704,0.008210273583942345
"n=1000, N=n^(3/2)",Reference (Gaussian convention),B,1.3267855452403352,0.0059977841131248055
"n=1000, N=n^(3/2)",Reference (Gaussian convention),B,1.3311034286764998,0.0040574803757865196
"n=1000, N=n^(3/2)",Reference (Gaussian convention),B,1.3354213121126643,0.002511546604717819
"n=1000, N=n^(3/2)",Reference (Gaussian convention),B,1.3397391955488291,0.0014091060609395625
"n=1000, N=n^(3/2)",Reference (Gaussian convention),B,1.344057078984994,0.0007116280903135845
"n=1000, N=n^(3/2)",Reference (Gaussian convention),B,1.3483749624211585,0.0003219179382543771
"n=1000, N=n^(3/2)",Reference (Gaussian convention),B,1.352692845857323,0.0001300000635602799
"n=1000, N=n^(3/2)",Reference (Gaussian convention),B,1.3570107292934876,4.675392901496442e-05
"n=1000, N=n^(3/2)",Reference (Gaussian convention),B,1.3613286127296524,1.4949864510390503e-05
"n=1000, N=n^(3/2)",Reference (Gaussian convention),B,1.3656464961658172,4.244901450412631e-06
"n=1000, N=n^(3/2)",Reference (Gaussian convention),B,1.3699643796019818,1.0693219079066908e-06
"n=1000, N=n^(3/2)",Reference (Gaussian convention),B,1.3742822630381464,2.388085150289374e-07
"n=1000, N=n^(3/2)",Reference (Gaussian convention),B,1.378600146474311,4.725475955837281e-08
"n=1000, N=n^(3/2)",Reference (Gaussian convention),B,1.3829180299104757,8.281257333622247e-09
"n=1000, N=n^(3/2)",Reference (Gaussian convention),B,1.3872359133466405,1.2848067798904155e-09
"n=1000, N=n^(3/2)",Reference (Gaussian convention),B,1.391553796782805,1.7641421218479147e-10
"n=1000, N=n^(3/2)",Reference (Gaussian convention),B,1.3958716802189697,2.1432311711131926e-11
"n=1000, N=n^(3/2)",Reference (Gaussian convention),B,1.4001895636551343,2.30328527257648e-12
"n=1000, N=n^(3/2)",Reference (Gaussian convention),B,1.404507447091299,2.18921438251163e-13
"n=1000, N=n^(3/2)",Reference (Gaussian convention),B,1.4088253305274638,1.840017152509858e-14
"n=1000, N=n^(3/2)",Reference (Gaussian convention),B,1.4131432139636284,1.367383235651463e-15
"n=1000, N=n^(3/2)",Reference (Gaussian convention),B,1.417461097399793,8.98347159707798e-17
"n=1000, N=n^(3/2)",Reference (Gaussian convention),B,1.4217789808359578,5.2172554143033814e-18
"n=1000, N=n^(3/2)",Reference (Gaussian convention),B,1.4260968642721223,2.678235677674951e-19
"n=1000, N=n^(3/2)",Reference (Gaussian convention),B,1.4304147477082871,1.2151631636437645e-20
"n=1000, N=n^(3/2)",Reference (Gaussian convention),B,1.4347326311444517,4.872753843941138e-22
"n=1000, N=n^(3/2)",Reference (Gaussian convention),B,1.4390505145806163,1.726820961099677e-23
"n=1000, N=n^(3/2)",Reference (Gaussian convention),B,1.443368398016781,5.407983118913894e-25
"n=1000, N=n^(3/2)",Reference (Gaussian convention),B,1.4476862814529459,1.4966613504401968e-26
"n=1000, N=n^(3/2)",Reference (Gaussian convention),B,1.4520041648891104,3.6601539907908143e-28
"n=1000, N=n^(3/2)",Reference (Gaussian convention),B,1.456322048325275,7.909557127658193e-30
"n=1000, N=n^(3/2)",Reference (Gaussian convention),B,1.4606399317614396,1.5103342052508496e-31
"n=1000, N=n^(3/2)",Reference (Gaussian convention),B,1.4649578151976044,2.548323374310503e-33
"n=1000, N=n^(3/2)",Reference (Gaussian convention),B,1.4692756986337692,3.799183845260156e-35
"n=1000, N=n^(3/2)",Reference (Gaussian convention),B,1.4735935820699337,5.00466584506763e-37
"n=1000, N=n^(3/2)",Reference (Gaussian convention),B,1.4779114655060983,5.8251139137450885e-39
"n=1000, N=n^(3/2)",Reference (Gaussian convention),B,1.4822293489422629,5.990658891288811e-41
"n=1000, N=n^(3/2)",Reference (Gaussian convention),B,1.4865472323784277,5.4435530622205756e-43
"n=1000, N=n^(3/2)",Reference (Gaussian convention),B,1.4908651158145925,4.370442406865185e-45
"n=1000, N=n^(3/2)",Reference (Gaussian convention),B,1.495182999250757,3.100282065217671e-47
"n=1000, N=n^(3/2)",Reference (Gaussian convention),B,1.4995008826869216,1.943157613068642e-49
"n=1000, N=n^(3/2)",Reference (Gaussian convention),B,1.5038187661230862,1.0760793796129763e-51
"n=1000, N=n^(3/2)",Reference (Gaussian convention),B,1.508136649559251,5.265125734030984e-54
"n=1000, N=n^(3/2)",Reference (Gaussian convention),B,1.5124545329954158,2.276146688699112e-56
"n=1000, N=n^(3/2)",Reference (Gaussian convention),B,1.5167724164315803,8.693965103824142e-59
"n=1000, N=n^(3/2)",Reference (Gaussian convention),B,1.521090299867745,2.9340054304318306e-61
"n=1000, N=n^(3/2)",Reference (Gaussian convention),B,1.5254081833039097,8.748400631338103e-64
"n=1000, N=n^(3/2)",Reference (Gaussian convention),B,1.5297260667400745,2.304732895749847e-66
"n=1000, N=n^(3/2)",Reference (Gaussian convention),B,1.534043950176239,5.364586728221133e-69
"n=1000, N=n^(3/2)",flow-NPE,B,0.6747851463794708,8.602003123269443e-13
"n=1000, N=n^(3/2)",flow-NPE,B,0.6791030298156355,4.550904156678877e-12
"n=1000, N=n^(3/2)",flow-NPE,B,0.6834209132518002,2.2530019312966586e-11
"n=1000, N=n^(3/2)",flow-NPE,B,0.6877387966879649,1.0437378167140091e-10
"n=1000, N=n^(3/2)",flow-NPE,B,0.6920566801241295,4.524676820879453e-10
"n=1000, N=n^(3/2)",flow-NPE,B,0.6963745635602941,1.8354835002157558e-09
"n=1000, N=n^(3/2)",flow-NPE,B,0.7006924469964588,6.9675634776589615e-09
"n=1000, N=n^(3/2)",flow-NPE,B,0.7050103304326235,2.4750278474622242e-08
"n=1000, N=n^(3/2)",flow-NPE,B,0.7093282138687882,8.227157071532444e-08
"n=1000, N=n^(3/2)",flow-NPE,B,0.7136460973049528,2.559133241839143e-07
"n=1000, N=n^(3/2)",flow-NPE,B,0.7179639807411174,7.449273022510441e-07
"n=1000, N=n^(3/2)",flow-NPE,B,0.7222818641772821,2.0291761815743556e-06
"n=1000, N=n^(3/2)",flow-NPE,B,0.7265997476134468,5.1727489506466965e-06
"n=1000, N=n^(3/2)",flow-NPE,B,0.7309176310496115,1.234058865711261e-05
"n=1000, N=n^(3/2)",flow-NPE,B,0.7352355144857762,2.755432864767928e-05
"n=1000, N=n^(3/2)",flow-NPE,B,0.7395533979219409,5.758706793193415e-05
"n=1000, N=n^(3/2)",flow-NPE,B,0.7438712813581054,0.00011266954480720056
"n=1000, N=n^(3/2)",flow-NPE,B,0.7481891647942701,0.00020641287975187725
"n=1000, N=n^(3/2)",flow-NPE,B,0.7525070482304348,0.0003542223835276412
"n=1000, N=n^(3/2)",flow-NPE,B,0.7568249316665995,0.000569738460428285
"n=1000, N=n^(3/2)",flow-NPE,B,0.7611428151027642,0.0008596657728241466
"n=1000, N=n^(3/2)",flow-NPE,B,0.7654606985389287,0.0012185850952162716
"n=1000, N=n^(3/2)",flow-NPE,B,0.7697785819750934,0.0016263666817706742
"n=1000, N=n^(3/2)",flow-NPE,B,0.7740964654112581,0.0020507482245085877
"n=1000, N=n^(3/2)",flow-NPE,B,0.7784143488474228,0.00245597097214848
"n=1000, N=n^(3/2)",flow-NPE,B,0.7827322322835875,0.002815524613922929
"n=1000, N=n^(3/2)",flow-NPE,B,0.7870501157197521,0.003124534194707581
"n=1000, N=n^(3/2)",flow-NPE,B,0.7913679991559168,0.0034068709654126953
"n=1000, N=n^(3/2)",flow-NPE,B,0.7956858825920814,0.0037143317424389722
"n=1000, N=n^(3/2)",flow-NPE,B,0.8000037660282461,0.004118956486090742
"n=1000, N=n^(3/2)",flow-NPE,B,0.8043216494644108,0.004702202949216348
"n=1000, N=n^(3/2)",flow-NPE,B,0.8086395329005754,0.005544304685911066
"n=1000, N=n^(3/2)",flow-NPE,B,0.8129574163367401,0.006714064128205397
"n=1000, N=n^(3/2)",flow-NPE,B,0.8172752997729047,0.008256364732693844
"n=1000, N=n^(3/2)",flow-NPE,B,0.8215931832090695,0.010175110929740107
"n=1000, N=n^(3/2)",flow-NPE,B,0.8259110666452341,0.012414195001172938
"n=1000, N=n^(3/2)",flow-NPE,B,0.8302289500813987,0.01484586614079612
"n=1000, N=n^(3/2)",flow-NPE,B,0.8345468335175634,0.01727942275893854
"n=1000, N=n^(3/2)",flow-NPE,B,0.8388647169537281,0.01949903253217673
"n=1000, N=n^(3/2)",flow-NPE,B,0.8431826003898928,0.021327335377911073
"n=1000, N=n^(3/2)",flow-NPE,B,0.8475004838260574,0.02269629625058894
"n=1000, N=n^(3/2)",flow-NPE,B,0.851818367262222,0.023696947850042074
"n=1000, N=n^(3/2)",flow-NPE,B,0.8561362506983867,0.024582437818264878
"n=1000, N=n^(3/2)",flow-NPE,B,0.8604541341345514,0.025715461715486235
"n=1000, N=n^(3/2)",flow-NPE,B,0.8647720175707161,0.02747508818903349
"n=1000, N=n^(3/2)",flow-NPE,B,0.8690899010068807,0.030157296873213262
"n=1000, N=n^(3/2)",flow-NPE,B,0.8734077844430455,0.03390758402483383
"n=1000, N=n^(3/2)",flow-NPE,B,0.87772566787921,0.03870978084225197
"n=1000, N=n^(3/2)",flow-NPE,B,0.8820435513153747,0.04442979617623313
"n=1000, N=n^(3/2)",flow-NPE,B,0.8863614347515394,0.050889570085472416
"n=1000, N=n^(3/2)",flow-NPE,B,0.8906793181877041,0.05793689615816105
"n=1000, N=n^(3/2)",flow-NPE,B,0.8949972016238688,0.06548459937462078
"n=1000, N=n^(3/2)",flow-NPE,B,0.8993150850600333,0.07351180700845979
"n=1000, N=n^(3/2)",flow-NPE,B,0.903632968496198,0.08203923064086063
"n=1000, N=n^(3/2)",flow-NPE,B,0.9079508519323627,0.09109959318756979
"n=1000, N=n^(3/2)",flow-NPE,B,0.9122687353685274,0.1007206858107127
"n=1000, N=n^(3/2)",flow-NPE,B,0.916586618804692,0.11092680192615123
"n=1000, N=n^(3/2)",flow-NPE,B,0.9209045022408567,0.12175295488613523
"n=1000, N=n^(3/2)",flow-NPE,B,0.9252223856770214,0.13326180103949548
"n=1000, N=n^(3/2)",flow-NPE,B,0.929540269113186,0.1455562334168413
"n=1000, N=n^(3/2)",flow-NPE,B,0.9338581525493507,0.15878655504970915
"n=1000, N=n^(3/2)",flow-NPE,B,0.9381760359855154,0.17315418782930123
"n=1000, N=n^(3/2)",flow-NPE,B,0.94249391942168,0.18891175522109135
"n=1000, N=n^(3/2)",flow-NPE,B,0.9468118028578447,0.20635507538471007
"n=1000, N=n^(3/2)",flow-NPE,B,0.9511296862940093,0.2258016457475835
"n=1000, N=n^(3/2)",flow-NPE,B,0.9554475697301741,0.24755561780393637
"n=1000, N=n^(3/2)",flow-NPE,B,0.9597654531663387,0.27186843641333186
"n=1000, N=n^(3/2)",flow-NPE,B,0.9640833366025033,0.2989106891898422
"n=1000, N=n^(3/2)",flow-NPE,B,0.968401220038668,0.3287689835431598
"n=1000, N=n^(3/2)",flow-NPE,B,0.9727191034748326,0.3614719607036034
"n=1000, N=n^(3/2)",flow-NPE,B,0.9770369869109974,0.397037032872711
"n=1000, N=n^(3/2)",flow-NPE,B,0.981354870347162,0.43552039512284435
"n=1000, N=n^(3/2)",flow-NPE,B,0.9856727537833266,0.4770511688454687
"n=1000, N=n^(3/2)",flow-NPE,B,0.9899906372194913,0.5218365969395586
"n=1000, N=n^(3/2)",flow-NPE,B,0.994308520655656,0.5701365916109175
"n=1000, N=n^(3/2)",flow-NPE,B,0.9986264040918207,0.6222178331643631
"n=1000, N=n^(3/2)",flow-NPE,B,1.0029442875279853,0.6783040363320868
"n=1000, N=n^(3/2)",flow-NPE,B,1.00726217096415,0.7385361230369183
"n=1000, N=n^(3/2)",flow-NPE,B,1.0115800544003146,0.802946224606096
"n=1000, N=n^(3/2)",flow-NPE,B,1.0158979378364794,0.8714411284361251
"n=1000, N=n^(3/2)",flow-NPE,B,1.020215821272644,0.9437920991431198
"n=1000, N=n^(3/2)",flow-NPE,B,1.0245337047088086,1.0196386322195032
"n=1000, N=n^(3/2)",flow-NPE,B,1.0288515881449734,1.0985233498519762
"n=1000, N=n^(3/2)",flow-NPE,B,1.033169471581138,1.1799716601646428
"n=1000, N=n^(3/2)",flow-NPE,B,1.0374873550173027,1.2636097952609187
"n=1000, N=n^(3/2)",flow-NPE,B,1.0418052384534673,1.3492882572460323
"n=1000, N=n^(3/2)",flow-NPE,B,1.0461231218896319,1.4371605699722856
"n=1000, N=n^(3/2)",flow-NPE,B,1.0504410053257967,1.5276706871638244
"n=1000, N=n^(3/2)",flow-NPE,B,1.0547588887619612,1.621426731799257
"n=1000, N=n^(3/2)",flow-NPE,B,1.059076772198126,1.7189755468276269
"n=1000, N=n^(3/2)",flow-NPE,B,1.0633946556342906,1.8205301295780298
"n=1000, N=n^(3/2)",flow-NPE,B,1.0677125390704552,1.9257286552966275
"n=1000, N=n^(3/2)",flow-NPE,B,1.07203042250662,2.0335092050413013
"n=1000, N=n^(3/2)",flow-NPE,B,1.0763483059427845,2.142162994109437
"n=1000, N=n^(3/2)",flow-NPE,B,1.0806661893789493,2.2495845722840713
"n=1000, N=n^(3/2)",flow-NPE,B,1.0849840728151139,2.353683329432541
"n=1000, N=n^(3/2)",flow-NPE,B,1.0893019562512785,2.4528725472955903
"n=1000, N=n^(3/2)",flow-NPE,B,1.0936198396874433,2.546520480289652
"n=1000, N=n^(3/2)",flow-NPE,B,1.097937723123608,2.6352364712857246
"n=1000, N=n^(3/2)",flow-NPE,B,1.1022556065597726,2.720878824626503
"n=1000, N=n^(3/2)",flow-NPE,B,1.1065734899959372,2.8062204074468067
"n=1000, N=n^(3/2)",flow-NPE,B,1.110891373432102,2.8942992212194056
"n=1000, N=n^(3/2)",flow-NPE,B,1.1152092568682666,2.9875983311489174
"n=1000, N=n^(3/2)",flow-NPE,B,1.1195271403044313,3.087295247373713
"n=1000, N=n^(3/2)",flow-NPE,B,1.123845023740596,3.192835457403574
"n=1000, N=n^(3/2)",flow-NPE,B,1.1281629071767605,3.3019868001432564
"n=1000, N=n^(3/2)",flow-NPE,B,1.1324807906129253,3.411350335708823
"n=1000, N=n^(3/2)",flow-NPE,B,1.1367986740490899,3.5171249717245607
"n=1000, N=n^(3/2)",flow-NPE,B,1.1411165574852546,3.6158416022229547
"n=1000, N=n^(3/2)",flow-NPE,B,1.1454344409214192,3.7048401336988954
"n=1000, N=n^(3/2)",flow-NPE,B,1.1497523243575838,3.782419683778734
"n=1000, N=n^(3/2)",flow-NPE,B,1.1540702077937486,3.8477515201392665
"n=1000, N=n^(3/2)",flow-NPE,B,1.1583880912299132,3.9007163143957624
"n=1000, N=n^(3/2)",flow-NPE,B,1.162705974666078,3.9417871751410507
"n=1000, N=n^(3/2)",flow-NPE,B,1.1670238581022425,3.9719766332209523
"n=1000, N=n^(3/2)",flow-NPE,B,1.171341741538407,3.9927787560638874
"n=1000, N=n^(3/2)",flow-NPE,B,1.1756596249745719,4.006018676719147
"n=1000, N=n^(3/2)",flow-NPE,B,1.1799775084107367,4.01356783774203
"n=1000, N=n^(3/2)",flow-NPE,B,1.1842953918469012,4.016954376571269
"n=1000, N=n^(3/2)",flow-NPE,B,1.1886132752830658,4.016956335428832
"n=1000, N=n^(3/2)",flow-NPE,B,1.1929311587192304,4.013295413740851
"n=1000, N=n^(3/2)",flow-NPE,B,1.1972490421553952,4.004549330894977
"n=1000, N=n^(3/2)",flow-NPE,B,1.20156692559156,3.988366767668911
"n=1000, N=n^(3/2)",flow-NPE,B,1.2058848090277245,3.961992828443251
"n=1000, N=n^(3/2)",flow-NPE,B,1.2102026924638891,3.9230038414866177
"n=1000, N=n^(3/2)",flow-NPE,B,1.2145205759000537,3.8700462646912133
"n=1000, N=n^(3/2)",flow-NPE,B,1.2188384593362185,3.8033295786943166
"n=1000, N=n^(3/2)",flow-NPE,B,1.2231563427723833,3.724674295250421
"n=1000, N=n^(3/2)",flow-NPE,B,1.2274742262085478,3.637057503527444
"n=1000, N=n^(3/2)",flow-NPE,B,1.2317921096447124,3.543780843069707
"n=1000, N=n^(3/2)",flow-NPE,B,1.2361099930808772,3.447539802077375
"n=1000, N=n^(3/2)",flow-NPE,B,1.240427876517042,3.349735114304532
"n=1000, N=n^(3/2)",flow-NPE,B,1.2447457599532066,3.2503004565218077
"n=1000, N=n^(3/2)",flow-NPE,B,1.2490636433893711,3.148133671494382
"n=1000, N=n^(3/2)",flow-NPE,B,1.2533815268255357,3.041973585964902
"n=1000, N=n^(3/2)",flow-NPE,B,1.2576994102617005,2.931365701550868
"n=1000, N=n^(3/2)",flow-NPE,B,1.2620172936978653,2.8173096389370675
"n=1000, N=n^(3/2)",flow-NPE,B,1.2663351771340299,2.7023169397929423
"n=1000, N=n^(3/2)",flow-NPE,B,1.2706530605701944,2.5898677000358625
"n=1000, N=n^(3/2)",flow-NPE,B,1.274970944006359,2.483504329376454
"n=1000, N=n^(3/2)",flow-NPE,B,1.2792888274425238,2.385915306813558
"n=1000, N=n^(3/2)",flow-NPE,B,1.2836067108786886,2.2983034607232335
"n=1000, N=n^(3/2)",flow-NPE,B,1.2879245943148532,2.220168116436874
"n=1000, N=n^(3/2)",flow-NPE,B,1.2922424777510177,2.149470853739705
"n=1000, N=n^(3/2)",flow-NPE,B,1.2965603611871823,2.0830763503319516
"n=1000, N=n^(3/2)",flow-NPE,B,1.3008782446233471,2.0173591305115925
"n=1000, N=n^(3/2)",flow-NPE,B,1.305196128059512,1.948886242444694
"n=1000, N=n^(3/2)",flow-NPE,B,1.3095140114956765,1.875076557708447
"n=1000, N=n^(3/2)",flow-NPE,B,1.313831894931841,1.7947041478843093
"n=1000, N=n^(3/2)",flow-NPE,B,1.3181497783680058,1.7081038284966934
"n=1000, N=n^(3/2)",flow-NPE,B,1.3224676618041704,1.6169941107210137
"n=1000, N=n^(3/2)",flow-NPE,B,1.3267855452403352,1.523952021134955
"n=1000, N=n^(3/2)",flow-NPE,B,1.3311034286764998,1.4317021683547282
"n=1000, N=n^(3/2)",flow-NPE,B,1.3354213121126643,1.3424526179688268
"n=1000, N=n^(3/2)",flow-NPE,B,1.3397391955488291,1.257486090572165
"n=1000, N=n^(3/2)",flow-NPE,B,1.344057078984994,1.177109648161639
"n=1000, N=n^(3/2)",flow-NPE,B,1.3483749624211585,1.1009291734738045
"n=1000, N=n^(3/2)",flow-NPE,B,1.352692845857323,1.0283033269502888
"n=1000, N=n^(3/2)",flow-NPE,B,1.3570107292934876,0.9587834663385525
"n=1000, N=n^(3/2)",flow-NPE,B,1.3613286127296524,0.8923713146161831
"n=1000, N=n^(3/2)",flow-NPE,B,1.3656464961658172,0.8295104245999404
"n=1000, N=n^(3/2)",flow-NPE,B,1.3699643796019818,0.770839139328597
"n=1000, N=n^(3/2)",flow-NPE,B,1.3742822630381464,0.7168309736389289
"n=1000, N=n^(3/2)",flow-NPE,B,1.378600146474311,0.6674939929882316
"n=1000, N=n^(3/2)",flow-NPE,B,1.3829180299104757,0.6222721354573526
"n=1000, N=n^(3/2)",flow-NPE,B,1.3872359133466405,0.5801983503103435
"n=1000, N=n^(3/2)",flow-NPE,B,1.391553796782805,0.5402337750209424
"n=1000, N=n^(3/2)",flow-NPE,B,1.3958716802189697,0.5016439618631328
"n=1000, N=n^(3/2)",flow-NPE,B,1.4001895636551343,0.46425117707185964
"n=1000, N=n^(3/2)",flow-NPE,B,1.404507447091299,0.42846252859414136
"n=1000, N=n^(3/2)",flow-NPE,B,1.4088253305274638,0.39507286176682804
"n=1000, N=n^(3/2)",flow-NPE,B,1.4131432139636284,0.3649308878582575
"n=1000, N=n^(3/2)",flow-NPE,B,1.417461097399793,0.3386010204432842
"n=1000, N=n^(3/2)",flow-NPE,B,1.4217789808359578,0.31614204996224643
"n=1000, N=n^(3/2)",flow-NPE,B,1.4260968642721223,0.29707038311870665
"n=1000, N=n^(3/2)",flow-NPE,B,1.4304147477082871,0.2805048375407686
"n=1000, N=n^(3/2)",flow-NPE,B,1.4347326311444517,0.26542743369755784
"n=1000, N=n^(3/2)",flow-NPE,B,1.4390505145806163,0.25096031802594737
"n=1000, N=n^(3/2)",flow-NPE,B,1.443368398016781,0.2365631337276843
"n=1000, N=n^(3/2)",flow-NPE,B,1.4476862814529459,0.22209443785100327
"n=1000, N=n^(3/2)",flow-NPE,B,1.4520041648891104,0.20773773790958414
"n=1000, N=n^(3/2)",flow-NPE,B,1.456322048325275,0.19384256038119385
"n=1000, N=n^(3/2)",flow-NPE,B,1.4606399317614396,0.18075332019563603
"n=1000, N=n^(3/2)",flow-NPE,B,1.4649578151976044,0.1686878968414209
"n=1000, N=n^(3/2)",flow-NPE,B,1.4692756986337692,0.1576942597145868
"n=1000, N=n^(3/2)",flow-NPE,B,1.4735935820699337,0.14767651402772083
"n=1000, N=n^(3/2)",flow-NPE,B,1.4779114655060983,0.13845827856547543
"n=1000, N=n^(3/2)",flow-NPE,B,1.4822293489422629,0.12984803106532453
"n=1000, N=n^(3/2)",flow-NPE,B,1.4865472323784277,0.1216834530329403
"n=1000, N=n^(3/2)",flow-NPE,B,1.4908651158145925,0.11384921747908926
"n=1000, N=n^(3/2)",flow-NPE,B,1.495182999250757,0.10627535795517759
"n=1000, N=n^(3/2)",flow-NPE,B,1.4995008826869216,0.09892732425479502
"n=1000, N=n^(3/2)",flow-NPE,B,1.5038187661230862,0.0917960588470064
"n=1000, N=n^(3/2)",flow-NPE,B,1.508136649559251,0.08489157431055998
"n=1000, N=n^(3/2)",flow-NPE,B,1.5124545329954158,0.07824006268134613
"n=1000, N=n^(3/2)",flow-NPE,B,1.5167724164315803,0.07188325904518109
"n=1000, N=n^(3/2)",flow-NPE,B,1.521090299867745,0.06587859308013487
"n=1000, N=n^(3/2)",flow-NPE,B,1.5254081833039097,0.06029859056540462
"n=1000, N=n^(3/2)",flow-NPE,B,1.5297260667400745,0.05522784670965211
"n=1000, N=n^(3/2)",flow-NPE,B,1.534043950176239,0.05075598521174976
"n=1000, N=n^(3/2)",Gaussian-NPE,B,0.6747851463794708,0.07195772974465155
"n=1000, N=n^(3/2)",Gaussian-NPE,B,0.6791030298156355,0.08234663186612325
"n=1000, N=n^(3/2)",Gaussian-NPE,B,0.6834209132518002,0.09342016441769939
"n=1000, N=n^(3/2)",Gaussian-NPE,B,0.6877387966879649,0.10530640679967002
"n=1000, N=n^(3/2)",Gaussian-NPE,B,0.6920566801241295,0.1181537321500971
"n=1000, N=n^(3/2)",Gaussian-NPE,B,0.6963745635602941,0.13209542031542254
"n=1000, N=n^(3/2)",Gaussian-NPE,B,0.7006924469964588,0.14722255139344245
"n=1000, N=n^(3/2)",Gaussian-NPE,B,0.7050103304326235,0.16357324335317358
"n=1000, N=n^(3/2)",Gaussian-NPE,B,0.7093282138687882,0.18113928900481105
"n=1000, N=n^(3/2)",Gaussian-NPE,B,0.7136460973049528,0.19988455656730156
"n=1000, N=n^(3/2)",Gaussian-NPE,B,0.7179639807411174,0.21976636080124817
"n=1000, N=n^(3/2)",Gaussian-NPE,B,0.7222818641772821,0.24075267516687465
"n=1000, N=n^(3/2)",Gaussian-NPE,B,0.7265997476134468,0.26283314798599494
"n=1000, N=n^(3/2)",Gaussian-NPE,B,0.7309176310496115,0.28602710796122616
"n=1000, N=n^(3/2)",Gaussian-NPE,B,0.7352355144857762,0.3103937898364521
"n=1000, N=n^(3/2)",Gaussian-NPE,B,0.7395533979219409,0.3360474933444147
"n=1000, N=n^(3/2)",Gaussian-NPE,B,0.7438712813581054,0.3631746597297779
"n=1000, N=n^(3/2)",Gaussian-NPE,B,0.7481891647942701,0.3920442399141921
"n=1000, N=n^(3/2)",Gaussian-NPE,B,0.7525070482304348,0.4230006905178216
"n=1000, N=n^(3/2)",Gaussian-NPE,B,0.7568249316665995,0.45643219063322155
"n=1000, N=n^(3/2)",Gaussian-NPE,B,0.7611428151027642,0.49271436022897613
"n=1000, N=n^(3/2)",Gaussian-NPE,B,0.7654606985389287,0.5321389227469026
"n=1000, N=n^(3/2)",Gaussian-NPE,B,0.7697785819750934,0.5748437663026752
"n=1000, N=n^(3/2)",Gaussian-NPE,B,0.7740964654112581,0.6207629974162036
"n=1000, N=n^(3/2)",Gaussian-NPE,B,0.7784143488474228,0.6696120298792089
"n=1000, N=n^(3/2)",Gaussian-NPE,B,0.7827322322835875,0.7209147231641831
"n=1000, N=n^(3/2)",Gaussian-NPE,B,0.7870501157197521,0.7740696776138936
"n=1000, N=n^(3/2)",Gaussian-NPE,B,0.7913679991559168,0.8284439231539602
"n=1000, N=n^(3/2)",Gaussian-NPE,B,0.7956858825920814,0.8834766071850542
"n=1000, N=n^(3/2)",Gaussian-NPE,B,0.8000037660282461,0.9387737877249424
"n=1000, N=n^(3/2)",Gaussian-NPE,B,0.8043216494644108,0.9941776780931078
"n=1000, N=n^(3/2)",Gaussian-NPE,B,0.8086395329005754,1.0497985283926121
"n=1000, N=n^(3/2)",Gaussian-NPE,B,0.8129574163367401,1.1060035388955676
"n=1000, N=n^(3/2)",Gaussian-NPE,B,0.8172752997729047,1.16336384773596
"n=1000, N=n^(3/2)",Gaussian-NPE,B,0.8215931832090695,1.2225670236877355
"n=1000, N=n^(3/2)",Gaussian-NPE,B,0.8259110666452341,1.2843078733626685
"n=1000, N=n^(3/2)",Gaussian-NPE,B,0.8302289500813987,1.349173799916771
"n=1000, N=n^(3/2)",Gaussian-NPE,B,0.8345468335175634,1.417541560862729
"n=1000, N=n^(3/2)",Gaussian-NPE,B,0.8388647169537281,1.4894998157734354
"n=1000, N=n^(3/2)",Gaussian-NPE,B,0.8431826003898928,1.5648070962115308
"n=1000, N=n^(3/2)",Gaussian-NPE,B,0.8475004838260574,1.6428894013026998
"n=1000, N=n^(3/2)",Gaussian-NPE,B,0.851818367262222,1.7228772459832131
"n=1000, N=n^(3/2)",Gaussian-NPE,B,0.8561362506983867,1.8036794567935692
"n=1000, N=n^(3/2)",Gaussian-NPE,B,0.8604541341345514,1.8840895617782083
"n=1000, N=n^(3/2)",Gaussian-NPE,B,0.8647720175707161,1.9629182793102296
"n=1000, N=n^(3/2)",Gaussian-NPE,B,0.8690899010068807,2.0391405272788297
"n=1000, N=n^(3/2)",Gaussian-NPE,B,0.8734077844430455,2.112037550097526
"n=1000, N=n^(3/2)",Gaussian-NPE,B,0.87772566787921,2.1813070276286806
"n=1000, N=n^(3/2)",Gaussian-NPE,B,0.8820435513153747,2.2471113325165977
"n=1000, N=n^(3/2)",Gaussian-NPE,B,0.8863614347515394,2.3100410272223275
"n=1000, N=n^(3/2)",Gaussian-NPE,B,0.8906793181877041,2.3709883971256045
"n=1000, N=n^(3/2)",Gaussian-NPE,B,0.8949972016238688,2.430950238621148
"n=1000, N=n^(3/2)",Gaussian-NPE,B,0.8993150850600333,2.490801897038922
"n=1000, N=n^(3/2)",Gaussian-NPE,B,0.903632968496198,2.5510965508546413
"n=1000, N=n^(3/2)",Gaussian-NPE,B,0.9079508519323627,2.611939450636963
"n=1000, N=n^(3/2)",Gaussian-NPE,B,0.9122687353685274,2.67296709649371
"n=1000, N=n^(3/2)",Gaussian-NPE,B,0.916586618804692,2.7334329656141882
"n=1000, N=n^(3/2)",Gaussian-NPE,B,0.9209045022408567,2.792373831684618
"n=1000, N=n^(3/2)",Gaussian-NPE,B,0.9252223856770214,2.8488119415384068
"n=1000, N=n^(3/2)",Gaussian-NPE,B,0.929540269113186,2.9019421919067923
"n=1000, N=n^(3/2)",Gaussian-NPE,B,0.9338581525493507,2.951259582060124
"n=1000, N=n^(3/2)",Gaussian-NPE,B,0.9381760359855154,2.996597695772474
"n=1000, N=n^(3/2)",Gaussian-NPE,B,0.94249391942168,3.0380702577651397
"n=1000, N=n^(3/2)",Gaussian-NPE,B,0.9468118028578447,3.075931409960627
"n=1000, N=n^(3/2)",Gaussian-NPE,B,0.9511296862940093,3.110392161611945
"n=1000, N=n^(3/2)",Gaussian-NPE,B,0.9554475697301741,3.1414451818059814
"n=1000, N=n^(3/2)",Gaussian-NPE,B,0.9597654531663387,3.1687520551479893
"n=1000, N=n^(3/2)",Gaussian-NPE,B,0.9640833366025033,3.1916328480289944
"n=1000, N=n^(3/2)",Gaussian-NPE,B,0.968401220038668,3.2091690323227464
"n=1000, N=n^(3/2)",Gaussian-NPE,B,0.9727191034748326,3.2203955116521037
"n=1000, N=n^(3/2)",Gaussian-NPE,B,0.9770369869109974,3.2245279433034875
"n=1000, N=n^(3/2)",Gaussian-NPE,B,0.981354870347162,3.221159292375567
"n=1000, N=n^(3/2)",Gaussian-NPE,B,0.9856727537833266,3.2103700146522165
"n=1000, N=n^(3/2)",Gaussian-NPE,B,0.9899906372194913,3.1927257585625264
"n=1000, N=n^(3/2)",Gaussian-NPE,B,0.994308520655656,3.1691734628059813
"n=1000, N=n^(3/2)",Gaussian-NPE,B,0.9986264040918207,3.1408768183035205
"n=1000, N=n^(3/2)",Gaussian-NPE,B,1.0029442875279853,3.109044366270504
"n=1000, N=n^(3/2)",Gaussian-NPE,B,1.00726217096415,3.0747951780675202
"n=1000, N=n^(3/2)",Gaussian-NPE,B,1.0115800544003146,3.0390839959769615
"n=1000, N=n^(3/2)",Gaussian-NPE,B,1.0158979378364794,3.0026811978001633
"n=1000, N=n^(3/2)",Gaussian-NPE,B,1.020215821272644,2.966184179035482
"n=1000, N=n^(3/2)",Gaussian-NPE,B,1.0245337047088086,2.9300319374228048
"n=1000, N=n^(3/2)",Gaussian-NPE,B,1.0288515881449734,2.894503025594949
"n=1000, N=n^(3/2)",Gaussian-NPE,B,1.033169471581138,2.8596924019584655
"n=1000, N=n^(3/2)",Gaussian-NPE,B,1.0374873550173027,2.825477269811308
"n=1000, N=n^(3/2)",Gaussian-NPE,B,1.0418052384534673,2.791490202189417
"n=1000, N=n^(3/2)",Gaussian-NPE,B,1.0461231218896319,2.757118173246661
"n=1000, N=n^(3/2)",Gaussian-NPE,B,1.0504410053257967,2.721540277410859
"n=1000, N=n^(3/2)",Gaussian-NPE,B,1.0547588887619612,2.6838077535290257
"n=1000, N=n^(3/2)",Gaussian-NPE,B,1.059076772198126,2.642959706150887
"n=1000, N=n^(3/2)",Gaussian-NPE,B,1.0633946556342906,2.598158136296353
"n=1000, N=n^(3/2)",Gaussian-NPE,B,1.0677125390704552,2.548818231614643
"n=1000, N=n^(3/2)",Gaussian-NPE,B,1.07203042250662,2.49470680527643
"n=1000, N=n^(3/2)",Gaussian-NPE,B,1.0763483059427845,2.43598588861615
"n=1000, N=n^(3/2)",Gaussian-NPE,B,1.0806661893789493,2.3731905389813095
"n=1000, N=n^(3/2)",Gaussian-NPE,B,1.0849840728151139,2.3071472121351313
"n=1000, N=n^(3/2)",Gaussian-NPE,B,1.0893019562512785,2.238855530022229
"n=1000, N=n^(3/2)",Gaussian-NPE,B,1.0936198396874433,2.1693650244496823
"n=1000, N=n^(3/2)",Gaussian-NPE,B,1.097937723123608,2.0996752627958175
"n=1000, N=n^(3/2)",Gaussian-NPE,B,1.1022556065597726,2.030673877451922
"n=1000, N=n^(3/2)",Gaussian-NPE,B,1.1065734899959372,1.9631089718496009
"n=1000, N=n^(3/2)",Gaussian-NPE,B,1.110891373432102,1.897578945775571
"n=1000, N=n^(3/2)",Gaussian-NPE,B,1.1152092568682666,1.8345204396307928
"n=1000, N=n^(3/2)",Gaussian-NPE,B,1.1195271403044313,1.774184516308078
"n=1000, N=n^(3/2)",Gaussian-NPE,B,1.123845023740596,1.7166068551063771
"n=1000, N=n^(3/2)",Gaussian-NPE,B,1.1281629071767605,1.6615908159844999
"n=1000, N=n^(3/2)",Gaussian-NPE,B,1.1324807906129253,1.608725261527562
"n=1000, N=n^(3/2)",Gaussian-NPE,B,1.1367986740490899,1.5574496338391086
"n=1000, N=n^(3/2)",Gaussian-NPE,B,1.1411165574852546,1.507160792467565
"n=1000, N=n^(3/2)",Gaussian-NPE,B,1.1454344409214192,1.4573375367255517
"n=1000, N=n^(3/2)",Gaussian-NPE,B,1.1497523243575838,1.407647947567312
"n=1000, N=n^(3/2)",Gaussian-NPE,B,1.1540702077937486,1.358006750184503
"n=1000, N=n^(3/2)",Gaussian-NPE,B,1.1583880912299132,1.3085645476467072
"n=1000, N=n^(3/2)",Gaussian-NPE,B,1.162705974666078,1.2596327172553612
"n=1000, N=n^(3/2)",Gaussian-NPE,B,1.1670238581022425,1.2115689202926136
"n=1000, N=n^(3/2)",Gaussian-NPE,B,1.171341741538407,1.1646608317857403
"n=1000, N=n^(3/2)",Gaussian-NPE,B,1.1756596249745719,1.1190453259904944
"n=1000, N=n^(3/2)",Gaussian-NPE,B,1.1799775084107367,1.0746871992778342
"n=1000, N=n^(3/2)",Gaussian-NPE,B,1.1842953918469012,1.0314203903771324
"n=1000, N=n^(3/2)",Gaussian-NPE,B,1.1886132752830658,0.9890331228308387
"n=1000, N=n^(3/2)",Gaussian-NPE,B,1.1929311587192304,0.9473639798076149
"n=1000, N=n^(3/2)",Gaussian-NPE,B,1.1972490421553952,0.9063734818859546
"n=1000, N=n^(3/2)",Gaussian-NPE,B,1.20156692559156,0.8661658337633347
"n=1000, N=n^(3/2)",Gaussian-NPE,B,1.2058848090277245,0.8269543248446845
"n=1000, N=n^(3/2)",Gaussian-NPE,B,1.2102026924638891,0.7889846206837483
"n=1000, N=n^(3/2)",Gaussian-NPE,B,1.2145205759000537,0.7524454364607345
"n=1000, N=n^(3/2)",Gaussian-NPE,B,1.2188384593362185,0.7174003219187567
"n=1000, N=n^(3/2)",Gaussian-NPE,B,1.2231563427723833,0.683765903533333
"n=1000, N=n^(3/2)",Gaussian-NPE,B,1.2274742262085478,0.6513439929103705
"n=1000, N=n^(3/2)",Gaussian-NPE,B,1.2317921096447124,0.6198943143834699
"n=1000, N=n^(3/2)",Gaussian-NPE,B,1.2361099930808772,0.5892193302035759
"n=1000, N=n^(3/2)",Gaussian-NPE,B,1.240427876517042,0.5592288367841844
"n=1000, N=n^(3/2)",Gaussian-NPE,B,1.2447457599532066,0.52996107126988
"n=1000, N=n^(3/2)",Gaussian-NPE,B,1.2490636433893711,0.5015549988524831
"n=1000, N=n^(3/2)",Gaussian-NPE,B,1.2533815268255357,0.4741875891979409
"n=1000, N=n^(3/2)",Gaussian-NPE,B,1.2576994102617005,0.4480023946906034
"n=1000, N=n^(3/2)",Gaussian-NPE,B,1.2620172936978653,0.4230570660544794
"n=1000, N=n^(3/2)",Gaussian-NPE,B,1.2663351771340299,0.3993080736205282
"n=1000, N=n^(3/2)",Gaussian-NPE,B,1.2706530605701944,0.37663563989409315
"n=1000, N=n^(3/2)",Gaussian-NPE,B,1.274970944006359,0.3548972202974098
"n=1000, N=n^(3/2)",Gaussian-NPE,B,1.2792888274425238,0.33398901754338356
"n=1000, N=n^(3/2)",Gaussian-NPE,B,1.2836067108786886,0.3138941064832056
"n=1000, N=n^(3/2)",Gaussian-NPE,B,1.2879245943148532,0.2947017199766992
"n=1000, N=n^(3/2)",Gaussian-NPE,B,1.2922424777510177,0.27659208862203205
"n=1000, N=n^(3/2)",Gaussian-NPE,B,1.2965603611871823,0.2597915384153323
"n=1000, N=n^(3/2)",Gaussian-NPE,B,1.3008782446233471,0.24451061961375958
"n=1000, N=n^(3/2)",Gaussian-NPE,B,1.305196128059512,0.23088220143270208
"n=1000, N=n^(3/2)",Gaussian-NPE,B,1.3095140114956765,0.21891604197727818
"n=1000, N=n^(3/2)",Gaussian-NPE,B,1.313831894931841,0.2084815740958787
"n=1000, N=n^(3/2)",Gaussian-NPE,B,1.3181497783680058,0.19932275369553137
"n=1000, N=n^(3/2)",Gaussian-NPE,B,1.3224676618041704,0.1910999484459029
"n=1000, N=n^(3/2)",Gaussian-NPE,B,1.3267855452403352,0.18344665822395523
"n=1000, N=n^(3/2)",Gaussian-NPE,B,1.3311034286764998,0.1760256623360454
"n=1000, N=n^(3/2)",Gaussian-NPE,B,1.3354213121126643,0.16857098870207718
"n=1000, N=n^(3/2)",Gaussian-NPE,B,1.3397391955488291,0.16090806524162982
"n=1000, N=n^(3/2)",Gaussian-NPE,B,1.344057078984994,0.15295212892936993
"n=1000, N=n^(3/2)",Gaussian-NPE,B,1.3483749624211585,0.1446914437164869
"n=1000, N=n^(3/2)",Gaussian-NPE,B,1.352692845857323,0.1361648497403854
"n=1000, N=n^(3/2)",Gaussian-NPE,B,1.3570107292934876,0.12744203825733053
"n=1000, N=n^(3/2)",Gaussian-NPE,B,1.3613286127296524,0.11861091714320061
"n=1000, N=n^(3/2)",Gaussian-NPE,B,1.3656464961658172,0.10977175852057336
"n=1000, N=n^(3/2)",Gaussian-NPE,B,1.3699643796019818,0.1010346557136117
"n=1000, N=n^(3/2)",Gaussian-NPE,B,1.3742822630381464,0.09251623319615204
"n=1000, N=n^(3/2)",Gaussian-NPE,B,1.378600146474311,0.08433322645378666
"n=1000, N=n^(3/2)",Gaussian-NPE,B,1.3829180299104757,0.07659317283310005
"n=1000, N=n^(3/2)",Gaussian-NPE,B,1.3872359133466405,0.06938455791505932
"n=1000, N=n^(3/2)",Gaussian-NPE,B,1.391553796782805,0.0627694372762482
"n=1000, N=n^(3/2)",Gaussian-NPE,B,1.3958716802189697,0.05678074840743258
"n=1000, N=n^(3/2)",Gaussian-NPE,B,1.4001895636551343,0.05142485206826809
"n=1000, N=n^(3/2)",Gaussian-NPE,B,1.404507447091299,0.04668811591007367
"n=1000, N=n^(3/2)",Gaussian-NPE,B,1.4088253305274638,0.04254519701880983
"n=1000, N=n^(3/2)",Gaussian-NPE,B,1.4131432139636284,0.038966347206513124
"n=1000, N=n^(3/2)",Gaussian-NPE,B,1.417461097399793,0.0359215055231343
"n=1000, N=n^(3/2)",Gaussian-NPE,B,1.4217789808359578,0.033379962501658665
"n=1000, N=n^(3/2)",Gaussian-NPE,B,1.4260968642721223,0.03130574538612532
"n=1000, N=n^(3/2)",Gaussian-NPE,B,1.4304147477082871,0.029650307391480148
"n=1000, N=n^(3/2)",Gaussian-NPE,B,1.4347326311444517,0.02834525335038774
"n=1000, N=n^(3/2)",Gaussian-NPE,B,1.4390505145806163,0.02729830047550744
"n=1000, N=n^(3/2)",Gaussian-NPE,B,1.443368398016781,0.026395159054052823
"n=1000, N=n^(3/2)",Gaussian-NPE,B,1.4476862814529459,0.02550851695027199
"n=1000, N=n^(3/2)",Gaussian-NPE,B,1.4520041648891104,0.024513204769858996
"n=1000, N=n^(3/2)",Gaussian-NPE,B,1.456322048325275,0.023304581053396674
"n=1000, N=n^(3/2)",Gaussian-NPE,B,1.4606399317614396,0.021815917619597863
"n=1000, N=n^(3/2)",Gaussian-NPE,B,1.4649578151976044,0.020030529140570415
"n=1000, N=n^(3/2)",Gaussian-NPE,B,1.4692756986337692,0.01798558344755812
"n=1000, N=n^(3/2)",Gaussian-NPE,B,1.4735935820699337,0.0157665395407727
"n=1000, N=n^(3/2)",Gaussian-NPE,B,1.4779114655060983,0.013493351602665337
"n=1000, N=n^(3/2)",Gaussian-NPE,B,1.4822293489422629,0.011301330161501567
"n=1000, N=n^(3/2)",Gaussian-NPE,B,1.4865472323784277,0.009320457544444716
"n=1000, N=n^(3/2)",Gaussian-NPE,B,1.4908651158145925,0.007656902448831116
"n=1000, N=n^(3/2)",Gaussian-NPE,B,1.495182999250757,0.006379631921610635
"n=1000, N=n^(3/2)",Gaussian-NPE,B,1.4995008826869216,0.005513719743353754
"n=1000, N=n^(3/2)",Gaussian-NPE,B,1.5038187661230862,0.0050405832766814785
"n=1000, N=n^(3/2)",Gaussian-NPE,B,1.508136649559251,0.0049042502218511275
"n=1000, N=n^(3/2)",Gaussian-NPE,B,1.5124545329954158,0.005022011944260313
"n=1000, N=n^(3/2)",Gaussian-NPE,B,1.5167724164315803,0.005297459291024686
"n=1000, N=n^(3/2)",Gaussian-NPE,B,1.521090299867745,0.005633836018439673
"n=1000, N=n^(3/2)",Gaussian-NPE,B,1.5254081833039097,0.005945806165505449
"n=1000, N=n^(3/2)",Gaussian-NPE,B,1.5297260667400745,0.006168093210758397
"n=1000, N=n^(3/2)",Gaussian-NPE,B,1.534043950176239,0.006260025463670807
"n=1000, N=n^(3/2)",Reference (flow convention),g,0.1114143551826477,0.0
"n=1000, N=n^(3/2)",Reference (flow convention),g,0.1323991759616526,0.0
"n=1000, N=n^(3/2)",Reference (flow convention),g,0.15338399674065747,0.0
"n=1000, N=n^(3/2)",Reference (flow convention),g,0.17436881751966238,0.0
"n=1000, N=n^(3/2)",Reference (flow convention),g,0.19535363829866725,0.0
"n=1000, N=n^(3/2)",Reference (flow convention),g,0.21633845907767216,0.0
"n=1000, N=n^(3/2)",Reference (flow convention),g,0.23732327985667706,0.0
"n=1000, N=n^(3/2)",Reference (flow convention),g,0.25830810063568194,0.0
"n=1000, N=n^(3/2)",Reference (flow convention),g,0.27929292141468687,0.0
"n=1000, N=n^(3/2)",Reference (flow convention),g,0.30027774219369174,0.0
"n=1000, N=n^(3/2)",Reference (flow convention),g,0.3212625629726966,0.0
"n=1000, N=n^(3/2)",Reference (flow convention),g,0.3422473837517015,0.0
"n=1000, N=n^(3/2)",Reference (flow convention),g,0.3632322045307064,0.0
"n=1000, N=n^(3/2)",Reference (flow convention),g,0.3842170253097113,0.0
"n=1000, N=n^(3/2)",Reference (flow convention),g,0.4052018460887162,0.0
"n=1000, N=n^(3/2)",Reference (flow convention),g,0.4261866668677211,0.0
"n=1000, N=n^(3/2)",Reference (flow convention),g,0.447171487646726,0.0
"n=1000, N=n^(3/2)",Reference (flow convention),g,0.46815630842573086,0.0
"n=1000, N=n^(3/2)",Reference (flow convention),g,0.4891411292047358,0.0
"n=1000, N=n^(3/2)",Reference (flow convention),g,0.5101259499837407,0.0
"n=1000, N=n^(3/2)",Reference (flow convention),g,0.5311107707627456,9.322450149e-314
"n=1000, N=n^(3/2)",Reference (flow convention),g,0.5520955915417505,6.656907818984597e-297
"n=1000, N=n^(3/2)",Reference (flow convention),g,0.5730804123207554,1.6087493471871703e-280
"n=1000, N=n^(3/2)",Reference (flow convention),g,0.5940652330997602,1.315762762764956e-264
"n=1000, N=n^(3/2)",Reference (flow convention),g,0.6150500538787651,3.642001883497785e-249
"n=1000, N=n^(3/2)",Reference (flow convention),g,0.63603487465777,3.411741418826332e-234
"n=1000, N=n^(3/2)",Reference (flow convention),g,0.6570196954367749,1.081646668093798e-219
"n=1000, N=n^(3/2)",Reference (flow convention),g,0.6780045162157797,1.1605613222446715e-205
"n=1000, N=n^(3/2)",Reference (flow convention),g,0.6989893369947846,4.214287266812994e-192
"n=1000, N=n^(3/2)",Reference (flow convention),g,0.7199741577737897,5.179091050647816e-179
"n=1000, N=n^(3/2)",Reference (flow convention),g,0.7409589785527946,2.1540526957730053e-166
"n=1000, N=n^(3/2)",Reference (flow convention),g,0.7619437993317995,3.032022835801317e-154
"n=1000, N=n^(3/2)",Reference (flow convention),g,0.7829286201108043,1.4443817066602797e-142
"n=1000, N=n^(3/2)",Reference (flow convention),g,0.8039134408898092,2.3286534301168044e-131
"n=1000, N=n^(3/2)",Reference (flow convention),g,0.8248982616688141,1.2705773340763935e-120
"n=1000, N=n^(3/2)",Reference (flow convention),g,0.845883082447819,2.3462307177452281e-110
"n=1000, N=n^(3/2)",Reference (flow convention),g,0.8668679032268238,1.466269147014713e-100
"n=1000, N=n^(3/2)",Reference (flow convention),g,0.8878527240058287,3.1012019136827703e-91
"n=1000, N=n^(3/2)",Reference (flow convention),g,0.9088375447848336,2.219830209395452e-82
"n=1000, N=n^(3/2)",Reference (flow convention),g,0.9298223655638385,5.377529958244225e-74
"n=1000, N=n^(3/2)",Reference (flow convention),g,0.9508071863428433,4.408788719149263e-66
"n=1000, N=n^(3/2)",Reference (flow convention),g,0.9717920071218482,1.2232890890795365e-58
"n=1000, N=n^(3/2)",Reference (flow convention),g,0.9927768279008533,1.1487149799832116e-51
"n=1000, N=n^(3/2)",Reference (flow convention),g,1.0137616486798582,3.650638538064198e-45
"n=1000, N=n^(3/2)",Reference (flow convention),g,1.034746469458863,3.926438059769607e-39
"n=1000, N=n^(3/2)",Reference (flow convention),g,1.055731290237868,1.4292297068874653e-33
"n=1000, N=n^(3/2)",Reference (flow convention),g,1.0767161110168728,1.760672923935994e-28
"n=1000, N=n^(3/2)",Reference (flow convention),g,1.0977009317958777,7.340551755194276e-24
"n=1000, N=n^(3/2)",Reference (flow convention),g,1.1186857525748826,1.0357432229608926e-19
"n=1000, N=n^(3/2)",Reference (flow convention),g,1.1396705733538874,4.945940891607138e-16
"n=1000, N=n^(3/2)",Reference (flow convention),g,1.1606553941328923,7.993178538460094e-13
"n=1000, N=n^(3/2)",Reference (flow convention),g,1.1816402149118972,4.371859976985753e-10
"n=1000, N=n^(3/2)",Reference (flow convention),g,1.202625035690902,8.092927173113986e-08
"n=1000, N=n^(3/2)",Reference (flow convention),g,1.223609856469907,5.071719488011891e-06
"n=1000, N=n^(3/2)",Reference (flow convention),g,1.2445946772489118,0.00010781446319812571
"n=1000, N=n^(3/2)",Reference (flow convention),g,1.2655794980279167,0.0007893218450472249
"n=1000, N=n^(3/2)",Reference (flow convention),g,1.2865643188069216,0.002233221152929056
"n=1000, N=n^(3/2)",Reference (flow convention),g,1.3075491395859264,0.004323475784762426
"n=1000, N=n^(3/2)",Reference (flow convention),g,1.3285339603649315,0.009794984676251854
"n=1000, N=n^(3/2)",Reference (flow convention),g,1.3495187811439364,0.018436121158487574
"n=1000, N=n^(3/2)",Reference (flow convention),g,1.3705036019229413,0.03554935780006099
"n=1000, N=n^(3/2)",Reference (flow convention),g,1.3914884227019462,0.07364626525000512
"n=1000, N=n^(3/2)",Reference (flow convention),g,1.412473243480951,0.13882515473684284
"n=1000, N=n^(3/2)",Reference (flow convention),g,1.433458064259956,0.23481843577724937
"n=1000, N=n^(3/2)",Reference (flow convention),g,1.4544428850389608,0.3563158290621059
"n=1000, N=n^(3/2)",Reference (flow convention),g,1.4754277058179657,0.5098501497626975
"n=1000, N=n^(3/2)",Reference (flow convention),g,1.4964125265969705,0.692649826813889
"n=1000, N=n^(3/2)",Reference (flow convention),g,1.5173973473759754,0.891956697295564
"n=1000, N=n^(3/2)",Reference (flow convention),g,1.5383821681549803,1.138580247964297
"n=1000, N=n^(3/2)",Reference (flow convention),g,1.5593669889339852,1.4921569533069252
"n=1000, N=n^(3/2)",Reference (flow convention),g,1.58035180971299,1.9586150143172463
"n=1000, N=n^(3/2)",Reference (flow convention),g,1.6013366304919951,2.3885095053275442
"n=1000, N=n^(3/2)",Reference (flow convention),g,1.622321451271,2.625972053004483
"n=1000, N=n^(3/2)",Reference (flow convention),g,1.643306272050005,2.783372979085901
"n=1000, N=n^(3/2)",Reference (flow convention),g,1.6642910928290098,2.9388028424338537
"n=1000, N=n^(3/2)",Reference (flow convention),g,1.6852759136080147,3.0656820684219923
"n=1000, N=n^(3/2)",Reference (flow convention),g,1.7062607343870195,3.147946480874736
"n=1000, N=n^(3/2)",Reference (flow convention),g,1.7272455551660244,3.113757114022385
"n=1000, N=n^(3/2)",Reference (flow convention),g,1.7482303759450293,2.9446107357994427
"n=1000, N=n^(3/2)",Reference (flow convention),g,1.7692151967240342,2.7070270364240114
"n=1000, N=n^(3/2)",Reference (flow convention),g,1.790200017503039,2.4303360821978046
"n=1000, N=n^(3/2)",Reference (flow convention),g,1.811184838282044,2.1772406577982726
"n=1000, N=n^(3/2)",Reference (flow convention),g,1.8321696590610488,1.9390585408225427
"n=1000, N=n^(3/2)",Reference (flow convention),g,1.8531544798400537,1.6679258161536832
"n=1000, N=n^(3/2)",Reference (flow convention),g,1.8741393006190588,1.3715427491687342
"n=1000, N=n^(3/2)",Reference (flow convention),g,1.8951241213980636,1.1013627628447729
"n=1000, N=n^(3/2)",Reference (flow convention),g,1.9161089421770685,0.8810660088328067
"n=1000, N=n^(3/2)",Reference (flow convention),g,1.9370937629560734,0.6951657235847668
"n=1000, N=n^(3/2)",Reference (flow convention),g,1.9580785837350783,0.5643222459772171
"n=1000, N=n^(3/2)",Reference (flow convention),g,1.9790634045140831,0.4512724497031427
"n=1000, N=n^(3/2)",Reference (flow convention),g,2.0000482252930882,0.328008440841304
"n=1000, N=n^(3/2)",Reference (flow convention),g,2.021033046072093,0.22369816567534942
"n=1000, N=n^(3/2)",Reference (flow convention),g,2.042017866851098,0.15408783867785653
"n=1000, N=n^(3/2)",Reference (flow convention),g,2.0630026876301026,0.10985903785892749
"n=1000, N=n^(3/2)",Reference (flow convention),g,2.0839875084091077,0.08693391076757191
"n=1000, N=n^(3/2)",Reference (flow convention),g,2.1049723291881124,0.06667855121047889
"n=1000, N=n^(3/2)",Reference (flow convention),g,2.1259571499671175,0.04569252985981232
"n=1000, N=n^(3/2)",Reference (flow convention),g,2.146941970746122,0.027923014268840675
"n=1000, N=n^(3/2)",Reference (flow convention),g,2.1679267915251272,0.017627822304556257
"n=1000, N=n^(3/2)",Reference (flow convention),g,2.188911612304132,0.013935288084539966
"n=1000, N=n^(3/2)",Reference (flow convention),g,2.209896433083137,0.009533027197585229
"n=1000, N=n^(3/2)",Reference (flow convention),g,2.2308812538621416,0.006206938406605077
"n=1000, N=n^(3/2)",Reference (flow convention),g,2.2518660746411467,0.0036978465053727383
"n=1000, N=n^(3/2)",Reference (flow convention),g,2.272850895420152,0.001176084701129572
"n=1000, N=n^(3/2)",Reference (flow convention),g,2.2938357161991565,0.0007901099142130283
"n=1000, N=n^(3/2)",Reference (flow convention),g,2.3148205369781616,0.0018060670470428043
"n=1000, N=n^(3/2)",Reference (flow convention),g,2.3358053577571662,0.0016458508603880136
"n=1000, N=n^(3/2)",Reference (flow convention),g,2.3567901785361713,0.0005089481983063723
"n=1000, N=n^(3/2)",Reference (flow convention),g,2.377774999315176,5.32657149332351e-05
"n=1000, N=n^(3/2)",Reference (flow convention),g,2.398759820094181,1.886668438253707e-06
"n=1000, N=n^(3/2)",Reference (flow convention),g,2.4197446408731857,2.2616051245553738e-08
"n=1000, N=n^(3/2)",Reference (flow convention),g,2.440729461652191,9.175111316072499e-11
"n=1000, N=n^(3/2)",Reference (flow convention),g,2.4617142824311955,1.2597352196564336e-13
"n=1000, N=n^(3/2)",Reference (flow convention),g,2.4826991032102006,5.853566656283788e-17
"n=1000, N=n^(3/2)",Reference (flow convention),g,2.5036839239892053,9.205242457130129e-21
"n=1000, N=n^(3/2)",Reference (flow convention),g,2.5246687447682103,4.899178495286615e-25
"n=1000, N=n^(3/2)",Reference (flow convention),g,2.5456535655472154,8.824389325906153e-30
"n=1000, N=n^(3/2)",Reference (flow convention),g,2.56663838632622,5.37922147596993e-35
"n=1000, N=n^(3/2)",Reference (flow convention),g,2.587623207105225,1.1097561430654001e-40
"n=1000, N=n^(3/2)",Reference (flow convention),g,2.60860802788423,7.748346913149731e-47
"n=1000, N=n^(3/2)",Reference (flow convention),g,2.629592848663235,1.8308970429111397e-53
"n=1000, N=n^(3/2)",Reference (flow convention),g,2.6505776694422396,1.4641721997389334e-60
"n=1000, N=n^(3/2)",Reference (flow convention),g,2.6715624902212447,3.962723379006839e-68
"n=1000, N=n^(3/2)",Reference (flow convention),g,2.6925473110002494,3.6296832283562276e-76
"n=1000, N=n^(3/2)",Reference (flow convention),g,2.7135321317792545,1.125167189447961e-84
"n=1000, N=n^(3/2)",Reference (flow convention),g,2.734516952558259,1.1804259850044006e-93
"n=1000, N=n^(3/2)",Reference (flow convention),g,2.755501773337264,4.191156037834391e-103
"n=1000, N=n^(3/2)",Reference (flow convention),g,2.776486594116269,5.0361918513704877e-113
"n=1000, N=n^(3/2)",Reference (flow convention),g,2.797471414895274,2.0480665713635754e-123
"n=1000, N=n^(3/2)",Reference (flow convention),g,2.818456235674279,2.818767394270822e-134
"n=1000, N=n^(3/2)",Reference (flow convention),g,2.8394410564532837,1.3129487572773676e-145
"n=1000, N=n^(3/2)",Reference (flow convention),g,2.860425877232289,2.0697108711483014e-157
"n=1000, N=n^(3/2)",Reference (flow convention),g,2.8814106980112935,1.1041929049781834e-169
"n=1000, N=n^(3/2)",Reference (flow convention),g,2.9023955187902986,1.9936714550402657e-182
"n=1000, N=n^(3/2)",Reference (flow convention),g,2.923380339569303,1.2182476895699192e-195
"n=1000, N=n^(3/2)",Reference (flow convention),g,2.9443651603483083,2.5193642891136537e-209
"n=1000, N=n^(3/2)",Reference (flow convention),g,2.965349981127313,1.7632736150750438e-223
"n=1000, N=n^(3/2)",Reference (flow convention),g,2.986334801906318,4.17658972640354e-238
"n=1000, N=n^(3/2)",Reference (flow convention),g,3.0073196226853227,3.348091280734444e-253
"n=1000, N=n^(3/2)",Reference (flow convention),g,3.028304443464328,9.083351719619204e-269
"n=1000, N=n^(3/2)",Reference (flow convention),g,3.0492892642433325,8.340043948315635e-285
"n=1000, N=n^(3/2)",Reference (flow convention),g,3.0702740850223376,2.5915757916731056e-301
"n=1000, N=n^(3/2)",Reference (flow convention),g,3.0912589058013427,2.725414e-318
"n=1000, N=n^(3/2)",Reference (flow convention),g,3.1122437265803473,0.0
"n=1000, N=n^(3/2)",Reference (flow convention),g,3.1332285473593524,0.0
"n=1000, N=n^(3/2)",Reference (flow convention),g,3.154213368138357,0.0
"n=1000, N=n^(3/2)",Reference (flow convention),g,3.175198188917362,0.0
"n=1000, N=n^(3/2)",Reference (flow convention),g,3.196183009696367,0.0
"n=1000, N=n^(3/2)",Reference (flow convention),g,3.217167830475372,0.0
"n=1000, N=n^(3/2)",Reference (flow convention),g,3.2381526512543766,0.0
"n=1000, N=n^(3/2)",Reference (flow convention),g,3.2591374720333817,0.0
"n=1000, N=n^(3/2)",Reference (flow convention),g,3.2801222928123863,0.0
"n=1000, N=n^(3/2)",Reference (flow convention),g,3.3011071135913914,0.0
"n=1000, N=n^(3/2)",Reference (flow convention),g,3.322091934370396,0.0
"n=1000, N=n^(3/2)",Reference (flow convention),g,3.343076755149401,0.0
"n=1000, N=n^(3/2)",Reference (flow convention),g,3.3640615759284063,0.0
"n=1000, N=n^(3/2)",Reference (flow convention),g,3.385046396707411,0.0
"n=1000, N=n^(3/2)",Reference (flow convention),g,3.406031217486416,0.0
"n=1000, N=n^(3/2)",Reference (flow convention),g,3.4270160382654207,0.0
"n=1000, N=n^(3/2)",Reference (flow convention),g,3.4480008590444258,0.0
"n=1000, N=n^(3/2)",Reference (flow convention),g,3.4689856798234304,0.0
"n=1000, N=n^(3/2)",Reference (flow convention),g,3.4899705006024355,0.0
"n=1000, N=n^(3/2)",Reference (flow convention),g,3.51095532138144,0.0
"n=1000, N=n^(3/2)",Reference (flow convention),g,3.5319401421604453,0.0
"n=1000, N=n^(3/2)",Reference (flow convention),g,3.55292496293945,0.0
"n=1000, N=n^(3/2)",Reference (flow convention),g,3.573909783718455,0.0
"n=1000, N=n^(3/2)",Reference (flow convention),g,3.5948946044974597,0.0
"n=1000, N=n^(3/2)",Reference (flow convention),g,3.6158794252764648,0.0
"n=1000, N=n^(3/2)",Reference (flow convention),g,3.63686424605547,0.0
"n=1000, N=n^(3/2)",Reference (flow convention),g,3.6578490668344745,0.0
"n=1000, N=n^(3/2)",Reference (flow convention),g,3.6788338876134796,0.0
"n=1000, N=n^(3/2)",Reference (flow convention),g,3.6998187083924843,0.0
"n=1000, N=n^(3/2)",Reference (flow convention),g,3.7208035291714894,0.0
"n=1000, N=n^(3/2)",Reference (flow convention),g,3.741788349950494,0.0
"n=1000, N=n^(3/2)",Reference (flow convention),g,3.762773170729499,0.0
"n=1000, N=n^(3/2)",Reference (flow convention),g,3.783757991508504,0.0
"n=1000, N=n^(3/2)",Reference (flow convention),g,3.804742812287509,0.0
"n=1000, N=n^(3/2)",Reference (flow convention),g,3.8257276330665135,0.0
"n=1000, N=n^(3/2)",Reference (flow convention),g,3.8467124538455186,0.0
"n=1000, N=n^(3/2)",Reference (flow convention),g,3.8676972746245233,0.0
"n=1000, N=n^(3/2)",Reference (flow convention),g,3.8886820954035284,0.0
"n=1000, N=n^(3/2)",Reference (flow convention),g,3.9096669161825335,0.0
"n=1000, N=n^(3/2)",Reference (flow convention),g,3.930651736961538,0.0
"n=1000, N=n^(3/2)",Reference (flow convention),g,3.9516365577405432,0.0
"n=1000, N=n^(3/2)",Reference (flow convention),g,3.972621378519548,0.0
"n=1000, N=n^(3/2)",Reference (flow convention),g,3.993606199298553,0.0
"n=1000, N=n^(3/2)",Reference (flow convention),g,4.014591020077558,0.0
"n=1000, N=n^(3/2)",Reference (flow convention),g,4.035575840856563,0.0
"n=1000, N=n^(3/2)",Reference (flow convention),g,4.056560661635568,0.0
"n=1000, N=n^(3/2)",Reference (flow convention),g,4.077545482414573,0.0
"n=1000, N=n^(3/2)",Reference (flow convention),g,4.098530303193577,0.0
"n=1000, N=n^(3/2)",Reference (flow convention),g,4.119515123972582,0.0
"n=1000, N=n^(3/2)",Reference (flow convention),g,4.140499944751587,0.0
"n=1000, N=n^(3/2)",Reference (flow convention),g,4.161484765530592,0.0
"n=1000, N=n^(3/2)",Reference (flow convention),g,4.182469586309597,0.0
"n=1000, N=n^(3/2)",Reference (flow convention),g,4.203454407088602,0.0
"n=1000, N=n^(3/2)",Reference (flow convention),g,4.224439227867607,0.0
"n=1000, N=n^(3/2)",Reference (flow convention),g,4.245424048646612,0.0
"n=1000, N=n^(3/2)",Reference (flow convention),g,4.266408869425616,0.0
"n=1000, N=n^(3/2)",Reference (flow convention),g,4.287393690204621,0.0
"n=1000, N=n^(3/2)",Reference (Gaussian convention),g,0.1114143551826477,0.0
"n=1000, N=n^(3/2)",Reference (Gaussian convention),g,0.1323991759616526,0.0
"n=1000, N=n^(3/2)",Reference (Gaussian convention),g,0.15338399674065747,0.0
"n=1000, N=n^(3/2)",Reference (Gaussian convention),g,0.17436881751966238,0.0
"n=1000, N=n^(3/2)",Reference (Gaussian convention),g,0.19535363829866725,0.0
"n=1000, N=n^(3/2)",Reference (Gaussian convention),g,0.21633845907767216,0.0
"n=1000, N=n^(3/2)",Reference (Gaussian convention),g,0.23732327985667706,0.0
"n=1000, N=n^(3/2)",Reference (Gaussian convention),g,0.25830810063568194,0.0
"n=1000, N=n^(3/2)",Reference (Gaussian convention),g,0.27929292141468687,0.0
"n=1000, N=n^(3/2)",Reference (Gaussian convention),g,0.30027774219369174,0.0
"n=1000, N=n^(3/2)",Reference (Gaussian convention),g,0.3212625629726966,0.0
"n=1000, N=n^(3/2)",Reference (Gaussian convention),g,0.3422473837517015,0.0
"n=1000, N=n^(3/2)",Reference (Gaussian convention),g,0.3632322045307064,0.0
"n=1000, N=n^(3/2)",Reference (Gaussian convention),g,0.3842170253097113,0.0
"n=1000, N=n^(3/2)",Reference (Gaussian convention),g,0.4052018460887162,0.0
"n=1000, N=n^(3/2)",Reference (Gaussian convention),g,0.4261866668677211,0.0
"n=1000, N=n^(3/2)",Reference (Gaussian convention),g,0.447171487646726,0.0
"n=1000, N=n^(3/2)",Reference (Gaussian convention),g,0.46815630842573086,0.0
"n=1000, N=n^(3/2)",Reference (Gaussian convention),g,0.4891411292047358,0.0
"n=1000, N=n^(3/2)",Reference (Gaussian convention),g,0.5101259499837407,0.0
"n=1000, N=n^(3/2)",Reference (Gaussian convention),g,0.5311107707627456,0.0
"n=1000, N=n^(3/2)",Reference (Gaussian convention),g,0.5520955915417505,0.0
"n=1000, N=n^(3/2)",Reference (Gaussian convention),g,0.5730804123207554,0.0
"n=1000, N=n^(3/2)",Reference (Gaussian convention),g,0.5940652330997602,0.0
"n=1000, N=n^(3/2)",Reference (Gaussian convention),g,0.6150500538787651,0.0
"n=1000, N=n^(3/2)",Reference (Gaussian convention),g,0.63603487465777,6.637496e-317
"n=1000, N=n^(3/2)",Reference (Gaussian convention),g,0.6570196954367749,1.3659367825927835e-302
"n=1000, N=n^(3/2)",Reference (Gaussian convention),g,0.6780045162157797,1.301115444774932e-288
"n=1000, N=n^(3/2)",Reference (Gaussian convention),g,0.6989893369947846,5.736671320818007e-275
"n=1000, N=n^(3/2)",Reference (Gaussian convention),g,0.7199741577737897,1.1707468756584344e-261
"n=1000, N=n^(3/2)",Reference (Gaussian convention),g,0.7409589785527946,1.1059231539936006e-248
"n=1000, N=n^(3/2)",Reference (Gaussian convention),g,0.7619437993317995,4.835549102088079e-236
"n=1000, N=n^(3/2)",Reference (Gaussian convention),g,0.7829286201108043,9.78645826385029e-224
"n=1000, N=n^(3/2)",Reference (Gaussian convention),g,0.8039134408898092,9.167780416936034e-212
"n=1000, N=n^(3/2)",Reference (Gaussian convention),g,0.8248982616688141,3.97522541918117e-200
"n=1000, N=n^(3/2)",Reference (Gaussian convention),g,0.845883082447819,7.978444395081447e-189
"n=1000, N=n^(3/2)",Reference (Gaussian convention),g,0.8668679032268238,7.411968896010699e-178
"n=1000, N=n^(3/2)",Reference (Gaussian convention),g,0.8878527240058287,3.187189290240124e-167
"n=1000, N=n^(3/2)",Reference (Gaussian convention),g,0.9088375447848336,6.343676538552898e-157
"n=1000, N=n^(3/2)",Reference (Gaussian convention),g,0.9298223655638385,5.84430815492068e-147
"n=1000, N=n^(3/2)",Reference (Gaussian convention),g,0.9508071863428433,2.4922068620441465e-137
"n=1000, N=n^(3/2)",Reference (Gaussian convention),g,0.9717920071218482,4.91919424095255e-128
"n=1000, N=n^(3/2)",Reference (Gaussian convention),g,0.9927768279008533,4.4943072512212877e-119
"n=1000, N=n^(3/2)",Reference (Gaussian convention),g,1.0137616486798582,1.9005988012154504e-110
"n=1000, N=n^(3/2)",Reference (Gaussian convention),g,1.034746469458863,3.720292153908997e-102
"n=1000, N=n^(3/2)",Reference (Gaussian convention),g,1.055731290237868,3.3707189709562793e-94
"n=1000, N=n^(3/2)",Reference (Gaussian convention),g,1.0767161110168728,1.4136013398828575e-86
"n=1000, N=n^(3/2)",Reference (Gaussian convention),g,1.0977009317958777,2.744038843986068e-79
"n=1000, N=n^(3/2)",Reference (Gaussian convention),g,1.1186857525748826,2.4655423444168546e-72
"n=1000, N=n^(3/2)",Reference (Gaussian convention),g,1.1396705733538874,1.02540063352475e-65
"n=1000, N=n^(3/2)",Reference (Gaussian convention),g,1.1606553941328923,1.9739384367668905e-59
"n=1000, N=n^(3/2)",Reference (Gaussian convention),g,1.1816402149118972,1.758865123152441e-53
"n=1000, N=n^(3/2)",Reference (Gaussian convention),g,1.202625035690902,7.254214511330137e-48
"n=1000, N=n^(3/2)",Reference (Gaussian convention),g,1.223609856469907,1.3848642478697208e-42
"n=1000, N=n^(3/2)",Reference (Gaussian convention),g,1.2445946772489118,1.2237227798738266e-37
"n=1000, N=n^(3/2)",Reference (Gaussian convention),g,1.2655794980279167,5.005161767633907e-33
"n=1000, N=n^(3/2)",Reference (Gaussian convention),g,1.2865643188069216,9.475735854552735e-29
"n=1000, N=n^(3/2)",Reference (Gaussian convention),g,1.3075491395859264,8.303646922507923e-25
"n=1000, N=n^(3/2)",Reference (Gaussian convention),g,1.3285339603649315,3.3681343205910536e-21
"n=1000, N=n^(3/2)",Reference (Gaussian convention),g,1.3495187811439364,6.323880372710833e-18
"n=1000, N=n^(3/2)",Reference (Gaussian convention),g,1.3705036019229413,5.496363725405119e-15
"n=1000, N=n^(3/2)",Reference (Gaussian convention),g,1.3914884227019462,2.211707650848339e-12
"n=1000, N=n^(3/2)",Reference (Gaussian convention),g,1.412473243480951,4.121994249579112e-10
"n=1000, N=n^(3/2)",Reference (Gaussian convention),g,1.433458064259956,3.5617424015832055e-08
"n=1000, N=n^(3/2)",Reference (Gaussian convention),g,1.4544428850389608,1.4309020395949636e-06
"n=1000, N=n^(3/2)",Reference (Gaussian convention),g,1.4754277058179657,2.6933527241920683e-05
"n=1000, N=n^(3/2)",Reference (Gaussian convention),g,1.4964125265969705,0.00024262996973977986
"n=1000, N=n^(3/2)",Reference (Gaussian convention),g,1.5173973473759754,0.0011077402388996068
"n=1000, N=n^(3/2)",Reference (Gaussian convention),g,1.5383821681549803,0.0029399426720797743
"n=1000, N=n^(3/2)",Reference (Gaussian convention),g,1.5593669889339852,0.005720676870292254
"n=1000, N=n^(3/2)",Reference (Gaussian convention),g,1.58035180971299,0.009882783573118767
"n=1000, N=n^(3/2)",Reference (Gaussian convention),g,1.6013366304919951,0.016273803935054853
"n=1000, N=n^(3/2)",Reference (Gaussian convention),g,1.622321451271,0.02665903950121663
"n=1000, N=n^(3/2)",Reference (Gaussian convention),g,1.643306272050005,0.04130010658915452
"n=1000, N=n^(3/2)",Reference (Gaussian convention),g,1.6642910928290098,0.06062216097149158
"n=1000, N=n^(3/2)",Reference (Gaussian convention),g,1.6852759136080147,0.09420666575454732
"n=1000, N=n^(3/2)",Reference (Gaussian convention),g,1.7062607343870195,0.1527405244733789
"n=1000, N=n^(3/2)",Reference (Gaussian convention),g,1.7272455551660244,0.23117045502185152
"n=1000, N=n^(3/2)",Reference (Gaussian convention),g,1.7482303759450293,0.3264593646945578
"n=1000, N=n^(3/2)",Reference (Gaussian convention),g,1.7692151967240342,0.44554523328651086
"n=1000, N=n^(3/2)",Reference (Gaussian convention),g,1.790200017503039,0.5943580869222045
"n=1000, N=n^(3/2)",Reference (Gaussian convention),g,1.811184838282044,0.7790343630453459
"n=1000, N=n^(3/2)",Reference (Gaussian convention),g,1.8321696590610488,0.9922636952846562
"n=1000, N=n^(3/2)",Reference (Gaussian convention),g,1.8531544798400537,1.2126893939394445
"n=1000, N=n^(3/2)",Reference (Gaussian convention),g,1.8741393006190588,1.4236241925067927
"n=1000, N=n^(3/2)",Reference (Gaussian convention),g,1.8951241213980636,1.6510992663989583
"n=1000, N=n^(3/2)",Reference (Gaussian convention),g,1.9161089421770685,1.8982064308250495
"n=1000, N=n^(3/2)",Reference (Gaussian convention),g,1.9370937629560734,2.1197658083782223
"n=1000, N=n^(3/2)",Reference (Gaussian convention),g,1.9580785837350783,2.3118878259405107
"n=1000, N=n^(3/2)",Reference (Gaussian convention),g,1.9790634045140831,2.4970205543265087
"n=1000, N=n^(3/2)",Reference (Gaussian convention),g,2.0000482252930882,2.639379613427301
"n=1000, N=n^(3/2)",Reference (Gaussian convention),g,2.021033046072093,2.685803325251601
"n=1000, N=n^(3/2)",Reference (Gaussian convention),g,2.042017866851098,2.667336395677849
"n=1000, N=n^(3/2)",Reference (Gaussian convention),g,2.0630026876301026,2.6171942583262333
"n=1000, N=n^(3/2)",Reference (Gaussian convention),g,2.0839875084091077,2.515917783244049
"n=1000, N=n^(3/2)",Reference (Gaussian convention),g,2.1049723291881124,2.3444251070858666
"n=1000, N=n^(3/2)",Reference (Gaussian convention),g,2.1259571499671175,2.1298399305351436
"n=1000, N=n^(3/2)",Reference (Gaussian convention),g,2.146941970746122,1.938712064085461
"n=1000, N=n^(3/2)",Reference (Gaussian convention),g,2.1679267915251272,1.7631634584400384
"n=1000, N=n^(3/2)",Reference (Gaussian convention),g,2.188911612304132,1.5442080500256161
"n=1000, N=n^(3/2)",Reference (Gaussian convention),g,2.209896433083137,1.3328398475062255
"n=1000, N=n^(3/2)",Reference (Gaussian convention),g,2.2308812538621416,1.1909968534107638
"n=1000, N=n^(3/2)",Reference (Gaussian convention),g,2.2518660746411467,1.0636982614249113
"n=1000, N=n^(3/2)",Reference (Gaussian convention),g,2.272850895420152,0.8978597939327455
"n=1000, N=n^(3/2)",Reference (Gaussian convention),g,2.2938357161991565,0.7246996557981867
"n=1000, N=n^(3/2)",Reference (Gaussian convention),g,2.3148205369781616,0.589519685658114
"n=1000, N=n^(3/2)",Reference (Gaussian convention),g,2.3358053577571662,0.4931533174354144
"n=1000, N=n^(3/2)",Reference (Gaussian convention),g,2.3567901785361713,0.4039404954943714
"n=1000, N=n^(3/2)",Reference (Gaussian convention),g,2.377774999315176,0.3201377708985931
"n=1000, N=n^(3/2)",Reference (Gaussian convention),g,2.398759820094181,0.2520381928060203
"n=1000, N=n^(3/2)",Reference (Gaussian convention),g,2.4197446408731857,0.18956086058486774
"n=1000, N=n^(3/2)",Reference (Gaussian convention),g,2.440729461652191,0.13369752463804493
"n=1000, N=n^(3/2)",Reference (Gaussian convention),g,2.4617142824311955,0.09193398230993824
"n=1000, N=n^(3/2)",Reference (Gaussian convention),g,2.4826991032102006,0.06422090969288928
"n=1000, N=n^(3/2)",Reference (Gaussian convention),g,2.5036839239892053,0.04597667754868233
"n=1000, N=n^(3/2)",Reference (Gaussian convention),g,2.5246687447682103,0.034217134459039934
"n=1000, N=n^(3/2)",Reference (Gaussian convention),g,2.5456535655472154,0.02635932211247066
"n=1000, N=n^(3/2)",Reference (Gaussian convention),g,2.56663838632622,0.01974267762984578
"n=1000, N=n^(3/2)",Reference (Gaussian convention),g,2.587623207105225,0.015000010501105533
"n=1000, N=n^(3/2)",Reference (Gaussian convention),g,2.60860802788423,0.010787929064348969
"n=1000, N=n^(3/2)",Reference (Gaussian convention),g,2.629592848663235,0.005718866021638081
"n=1000, N=n^(3/2)",Reference (Gaussian convention),g,2.6505776694422396,0.002335001363909497
"n=1000, N=n^(3/2)",Reference (Gaussian convention),g,2.6715624902212447,0.0017463820533928963
"n=1000, N=n^(3/2)",Reference (Gaussian convention),g,2.6925473110002494,0.0015608893128534337
"n=1000, N=n^(3/2)",Reference (Gaussian convention),g,2.7135321317792545,0.0007396669160075656
"n=1000, N=n^(3/2)",Reference (Gaussian convention),g,2.734516952558259,0.0001640119749461371
"n=1000, N=n^(3/2)",Reference (Gaussian convention),g,2.755501773337264,1.6847626160168078e-05
"n=1000, N=n^(3/2)",Reference (Gaussian convention),g,2.776486594116269,8.011057522025781e-07
"n=1000, N=n^(3/2)",Reference (Gaussian convention),g,2.797471414895274,1.7632028024873752e-08
"n=1000, N=n^(3/2)",Reference (Gaussian convention),g,2.818456235674279,1.796278979794472e-10
"n=1000, N=n^(3/2)",Reference (Gaussian convention),g,2.8394410564532837,8.470406029714339e-13
"n=1000, N=n^(3/2)",Reference (Gaussian convention),g,2.860425877232289,1.8488155062044845e-15
"n=1000, N=n^(3/2)",Reference (Gaussian convention),g,2.8814106980112935,1.8678492613014294e-18
"n=1000, N=n^(3/2)",Reference (Gaussian convention),g,2.9023955187902986,8.73471981762563e-22
"n=1000, N=n^(3/2)",Reference (Gaussian convention),g,2.923380339569303,1.8906669659963033e-25
"n=1000, N=n^(3/2)",Reference (Gaussian convention),g,2.9443651603483083,1.8942617830133129e-29
"n=1000, N=n^(3/2)",Reference (Gaussian convention),g,2.965349981127313,8.784637851295777e-34
"n=1000, N=n^(3/2)",Reference (Gaussian convention),g,2.986334801906318,1.8856740779506072e-38
"n=1000, N=n^(3/2)",Reference (Gaussian convention),g,3.0073196226853227,1.8735630091311985e-43
"n=1000, N=n^(3/2)",Reference (Gaussian convention),g,3.028304443464328,8.616460061511676e-49
"n=1000, N=n^(3/2)",Reference (Gaussian convention),g,3.0492892642433325,1.834207053119154e-54
"n=1000, N=n^(3/2)",Reference (Gaussian convention),g,3.0702740850223376,1.807285410042601e-60
"n=1000, N=n^(3/2)",Reference (Gaussian convention),g,3.0912589058013427,8.242596300424616e-67
"n=1000, N=n^(3/2)",Reference (Gaussian convention),g,3.1122437265803473,1.740043961728413e-73
"n=1000, N=n^(3/2)",Reference (Gaussian convention),g,3.1332285473593524,1.70025991226015e-80
"n=1000, N=n^(3/2)",Reference (Gaussian convention),g,3.154213368138357,7.690052659726394e-88
"n=1000, N=n^(3/2)",Reference (Gaussian convention),g,3.175198188917362,1.609912290232963e-95
"n=1000, N=n^(3/2)",Reference (Gaussian convention),g,3.196183009696367,1.560033849119892e-103
"n=1000, N=n^(3/2)",Reference (Gaussian convention),g,3.217167830475372,6.997207148542872e-112
"n=1000, N=n^(3/2)",Reference (Gaussian convention),g,3.2381526512543766,1.4526946743545005e-120
"n=1000, N=n^(3/2)",Reference (Gaussian convention),g,3.2591374720333817,1.3959917809501567e-129
"n=1000, N=n^(3/2)",Reference (Gaussian convention),g,3.2801222928123863,6.2094092173988674e-139
"n=1000, N=n^(3/2)",Reference (Gaussian convention),g,3.3011071135913914,1.2784289786149261e-148
"n=1000, N=n^(3/2)",Reference (Gaussian convention),g,3.322091934370396,1.2183212927539687e-158
"n=1000, N=n^(3/2)",Reference (Gaussian convention),g,3.343076755149401,5.374102758136574e-169
"n=1000, N=n^(3/2)",Reference (Gaussian convention),g,3.3640615759284063,1.0972586213362666e-179
"n=1000, N=n^(3/2)",Reference (Gaussian convention),g,3.385046396707411,1.036981338985784e-190
"n=1000, N=n^(3/2)",Reference (Gaussian convention),g,3.406031217486416,4.536195715763198e-202
"n=1000, N=n^(3/2)",Reference (Gaussian convention),g,3.4270160382654207,9.184838635328431e-214
"n=1000, N=n^(3/2)",Reference (Gaussian convention),g,3.4480008590444258,8.608157037501602e-226
"n=1000, N=n^(3/2)",Reference (Gaussian convention),g,3.4689856798234304,3.734287365772373e-238
"n=1000, N=n^(3/2)",Reference (Gaussian convention),g,3.4899705006024355,7.498323843427884e-251
"n=1000, N=n^(3/2)",Reference (Gaussian convention),g,3.51095532138144,6.969145868998834e-264
"n=1000, N=n^(3/2)",Reference (Gaussian convention),g,3.5319401421604453,2.9981531948889254e-277
"n=1000, N=n^(3/2)",Reference (Gaussian convention),g,3.55292496293945,5.970174002622315e-291
"n=1000, N=n^(3/2)",Reference (Gaussian convention),g,3.573909783718455,5.502740867181902e-305
"n=1000, N=n^(3/2)",Reference (Gaussian convention),g,3.5948946044974597,2.34765e-319
"n=1000, N=n^(3/2)",Reference (Gaussian convention),g,3.6158794252764648,0.0
"n=1000, N=n^(3/2)",Reference (Gaussian convention),g,3.63686424605547,0.0
"n=1000, N=n^(3/2)",Reference (Gaussian convention),g,3.6578490668344745,0.0
"n=1000, N=n^(3/2)",Reference (Gaussian convention),g,3.6788338876134796,0.0
"n=1000, N=n^(3/2)",Reference (Gaussian convention),g,3.6998187083924843,0.0
"n=1000, N=n^(3/2)",Reference (Gaussian convention),g,3.7208035291714894,0.0
"n=1000, N=n^(3/2)",Reference (Gaussian convention),g,3.741788349950494,0.0
"n=1000, N=n^(3/2)",Reference (Gaussian convention),g,3.762773170729499,0.0
"n=1000, N=n^(3/2)",Reference (Gaussian convention),g,3.783757991508504,0.0
"n=1000, N=n^(3/2)",Reference (Gaussian convention),g,3.804742812287509,0.0
"n=1000, N=n^(3/2)",Reference (Gaussian convention),g,3.8257276330665135,0.0
"n=1000, N=n^(3/2)",Reference (Gaussian convention),g,3.8467124538455186,0.0
"n=1000, N=n^(3/2)",Reference (Gaussian convention),g,3.8676972746245233,0.0
"n=1000, N=n^(3/2)",Reference (Gaussian convention),g,3.8886820954035284,0.0
"n=1000, N=n^(3/2)",Reference (Gaussian convention),g,3.9096669161825335,0.0
"n=1000, N=n^(3/2)",Reference (Gaussian convention),g,3.930651736961538,0.0
"n=1000, N=n^(3/2)",Reference (Gaussian convention),g,3.9516365577405432,0.0
"n=1000, N=n^(3/2)",Reference (Gaussian convention),g,3.972621378519548,0.0
"n=1000, N=n^(3/2)",Reference (Gaussian convention),g,3.993606199298553,0.0
"n=1000, N=n^(3/2)",Reference (Gaussian convention),g,4.014591020077558,0.0
"n=1000, N=n^(3/2)",Reference (Gaussian convention),g,4.035575840856563,0.0
"n=1000, N=n^(3/2)",Reference (Gaussian convention),g,4.056560661635568,0.0
"n=1000, N=n^(3/2)",Reference (Gaussian convention),g,4.077545482414573,0.0
"n=1000, N=n^(3/2)",Reference (Gaussian convention),g,4.098530303193577,0.0
"n=1000, N=n^(3/2)",Reference (Gaussian convention),g,4.119515123972582,0.0
"n=1000, N=n^(3/2)",Reference (Gaussian convention),g,4.140499944751587,0.0
"n=1000, N=n^(3/2)",Reference (Gaussian convention),g,4.161484765530592,0.0
"n=1000, N=n^(3/2)",Reference (Gaussian convention),g,4.182469586309597,0.0
"n=1000, N=n^(3/2)",Reference (Gaussian convention),g,4.203454407088602,0.0
"n=1000, N=n^(3/2)",Reference (Gaussian convention),g,4.224439227867607,0.0
"n=1000, N=n^(3/2)",Reference (Gaussian convention),g,4.245424048646612,0.0
"n=1000, N=n^(3/2)",Reference (Gaussian convention),g,4.266408869425616,0.0
"n=1000, N=n^(3/2)",Reference (Gaussian convention),g,4.287393690204621,0.0
"n=1000, N=n^(3/2)",flow-NPE,g,0.1114143551826477,0.012982251628925733
"n=1000, N=n^(3/2)",flow-NPE,g,0.1323991759616526,0.014625812996403285
"n=1000, N=n^(3/2)",flow-NPE,g,0.15338399674065747,0.016552413124529746
"n=1000, N=n^(3/2)",flow-NPE,g,0.17436881751966238,0.01883665737008573
"n=1000, N=n^(3/2)",flow-NPE,g,0.19535363829866725,0.02151828843053458
"n=1000, N=n^(3/2)",flow-NPE,g,0.21633845907767216,0.02459424791912089
"n=1000, N=n^(3/2)",flow-NPE,g,0.23732327985667706,0.02801866353627384
"n=1000, N=n^(3/2)",flow-NPE,g,0.25830810063568194,0.031711592319384245
"n=1000, N=n^(3/2)",flow-NPE,g,0.27929292141468687,0.03557789870969351
"n=1000, N=n^(3/2)",flow-NPE,g,0.30027774219369174,0.03953608670564506
"n=1000, N=n^(3/2)",flow-NPE,g,0.3212625629726966,0.04355212459325466
"n=1000, N=n^(3/2)",flow-NPE,g,0.3422473837517015,0.047667377381591165
"n=1000, N=n^(3/2)",flow-NPE,g,0.3632322045307064,0.05200735601798583
"n=1000, N=n^(3/2)",flow-NPE,g,0.3842170253097113,0.05676297851389032
"n=1000, N=n^(3/2)",flow-NPE,g,0.4052018460887162,0.0621478107691952
"n=1000, N=n^(3/2)",flow-NPE,g,0.4261866668677211,0.0683475175755215
"n=1000, N=n^(3/2)",flow-NPE,g,0.447171487646726,0.07548387726252263
"n=1000, N=n^(3/2)",flow-NPE,g,0.46815630842573086,0.08361077532417507
"n=1000, N=n^(3/2)",flow-NPE,g,0.4891411292047358,0.09274531827619288
"n=1000, N=n^(3/2)",flow-NPE,g,0.5101259499837407,0.10292039974874707
"n=1000, N=n^(3/2)",flow-NPE,g,0.5311107707627456,0.11423374205936637
"n=1000, N=n^(3/2)",flow-NPE,g,0.5520955915417505,0.12686804964557652
"n=1000, N=n^(3/2)",flow-NPE,g,0.5730804123207554,0.14106822341185107
"n=1000, N=n^(3/2)",flow-NPE,g,0.5940652330997602,0.15708057073011497
"n=1000, N=n^(3/2)",flow-NPE,g,0.6150500538787651,0.17507787775572733
"n=1000, N=n^(3/2)",flow-NPE,g,0.63603487465777,0.19510405616538848
"n=1000, N=n^(3/2)",flow-NPE,g,0.6570196954367749,0.21706643668629727
"n=1000, N=n^(3/2)",flow-NPE,g,0.6780045162157797,0.240783175166625
"n=1000, N=n^(3/2)",flow-NPE,g,0.6989893369947846,0.26606663854995083
"n=1000, N=n^(3/2)",flow-NPE,g,0.7199741577737897,0.2928047410399906
"n=1000, N=n^(3/2)",flow-NPE,g,0.7409589785527946,0.3210016292652673
"n=1000, N=n^(3/2)",flow-NPE,g,0.7619437993317995,0.3507576499040612
"n=1000, N=n^(3/2)",flow-NPE,g,0.7829286201108043,0.3821963132999428
"n=1000, N=n^(3/2)",flow-NPE,g,0.8039134408898092,0.4153684074160751
"n=1000, N=n^(3/2)",flow-NPE,g,0.8248982616688141,0.4501699309450677
"n=1000, N=n^(3/2)",flow-NPE,g,0.845883082447819,0.48630048702505263
"n=1000, N=n^(3/2)",flow-NPE,g,0.8668679032268238,0.5232710246165874
"n=1000, N=n^(3/2)",flow-NPE,g,0.8878527240058287,0.560455676384591
"n=1000, N=n^(3/2)",flow-NPE,g,0.9088375447848336,0.5971771547628394
"n=1000, N=n^(3/2)",flow-NPE,g,0.9298223655638385,0.6328143725648778
"n=1000, N=n^(3/2)",flow-NPE,g,0.9508071863428433,0.6669160812871213
"n=1000, N=n^(3/2)",flow-NPE,g,0.9717920071218482,0.699292750290146
"n=1000, N=n^(3/2)",flow-NPE,g,0.9927768279008533,0.7300492556105413
"n=1000, N=n^(3/2)",flow-NPE,g,1.0137616486798582,0.7595272192122311
"n=1000, N=n^(3/2)",flow-NPE,g,1.034746469458863,0.7881546291318635
"n=1000, N=n^(3/2)",flow-NPE,g,1.055731290237868,0.8162422972493192
"n=1000, N=n^(3/2)",flow-NPE,g,1.0767161110168728,0.8437999751030946
"n=1000, N=n^(3/2)",flow-NPE,g,1.0977009317958777,0.8704485354189309
"n=1000, N=n^(3/2)",flow-NPE,g,1.1186857525748826,0.8954715665978839
"n=1000, N=n^(3/2)",flow-NPE,g,1.1396705733538874,0.9179921735321421
"n=1000, N=n^(3/2)",flow-NPE,g,1.1606553941328923,0.9372050138589685
"n=1000, N=n^(3/2)",flow-NPE,g,1.1816402149118972,0.952567957718196
"n=1000, N=n^(3/2)",flow-NPE,g,1.202625035690902,0.9638781625713067
"n=1000, N=n^(3/2)",flow-NPE,g,1.223609856469907,0.9712163218212484
"n=1000, N=n^(3/2)",flow-NPE,g,1.2445946772489118,0.9748092915974886
"n=1000, N=n^(3/2)",flow-NPE,g,1.2655794980279167,0.9748959498773474
"n=1000, N=n^(3/2)",flow-NPE,g,1.2865643188069216,0.9716622502064722
"n=1000, N=n^(3/2)",flow-NPE,g,1.3075491395859264,0.9652532443872052
"n=1000, N=n^(3/2)",flow-NPE,g,1.3285339603649315,0.9558157167057743
"n=1000, N=n^(3/2)",flow-NPE,g,1.3495187811439364,0.9435153936196556
"n=1000, N=n^(3/2)",flow-NPE,g,1.3705036019229413,0.9285119177027433
"n=1000, N=n^(3/2)",flow-NPE,g,1.3914884227019462,0.9109269024038702
"n=1000, N=n^(3/2)",flow-NPE,g,1.412473243480951,0.8908590085968918
"n=1000, N=n^(3/2)",flow-NPE,g,1.433458064259956,0.8684673573158922
"n=1000, N=n^(3/2)",flow-NPE,g,1.4544428850389608,0.8440857308937352
"n=1000, N=n^(3/2)",flow-NPE,g,1.4754277058179657,0.8182911303381449
"n=1000, N=n^(3/2)",flow-NPE,g,1.4964125265969705,0.791862140587318
"n=1000, N=n^(3/2)",flow-NPE,g,1.5173973473759754,0.7656192563826492
"n=1000, N=n^(3/2)",flow-NPE,g,1.5383821681549803,0.7402054749334442
"n=1000, N=n^(3/2)",flow-NPE,g,1.5593669889339852,0.7159018939765472
"n=1000, N=n^(3/2)",flow-NPE,g,1.58035180971299,0.6925605288384888
"n=1000, N=n^(3/2)",flow-NPE,g,1.6013366304919951,0.6696841959536766
"n=1000, N=n^(3/2)",flow-NPE,g,1.622321451271,0.6466203254093279
"n=1000, N=n^(3/2)",flow-NPE,g,1.643306272050005,0.6227934498404823
"n=1000, N=n^(3/2)",flow-NPE,g,1.6642910928290098,0.5978964844892977
"n=1000, N=n^(3/2)",flow-NPE,g,1.6852759136080147,0.5719884624944386
"n=1000, N=n^(3/2)",flow-NPE,g,1.7062607343870195,0.545485769292505
"n=1000, N=n^(3/2)",flow-NPE,g,1.7272455551660244,0.5190650747832747
"n=1000, N=n^(3/2)",flow-NPE,g,1.7482303759450293,0.4935112904191414
"n=1000, N=n^(3/2)",flow-NPE,g,1.7692151967240342,0.4695473613560749
"n=1000, N=n^(3/2)",flow-NPE,g,1.790200017503039,0.44768157154313626
"n=1000, N=n^(3/2)",flow-NPE,g,1.811184838282044,0.4281038713305857
"n=1000, N=n^(3/2)",flow-NPE,g,1.8321696590610488,0.4106526308254751
"n=1000, N=n^(3/2)",flow-NPE,g,1.8531544798400537,0.39485663314096525
"n=1000, N=n^(3/2)",flow-NPE,g,1.8741393006190588,0.3800393293795579
"n=1000, N=n^(3/2)",flow-NPE,g,1.8951241213980636,0.3654603870940774
"n=1000, N=n^(3/2)",flow-NPE,g,1.9161089421770685,0.35046562527416825
"n=1000, N=n^(3/2)",flow-NPE,g,1.9370937629560734,0.3346169830535987
"n=1000, N=n^(3/2)",flow-NPE,g,1.9580785837350783,0.31777547537144224
"n=1000, N=n^(3/2)",flow-NPE,g,1.9790634045140831,0.30011396820854874
"n=1000, N=n^(3/2)",flow-NPE,g,2.0000482252930882,0.28204931572319475
"n=1000, N=n^(3/2)",flow-NPE,g,2.021033046072093,0.26410779170277204
"n=1000, N=n^(3/2)",flow-NPE,g,2.042017866851098,0.24676620652494982
"n=1000, N=n^(3/2)",flow-NPE,g,2.0630026876301026,0.23032718457855011
"n=1000, N=n^(3/2)",flow-NPE,g,2.0839875084091077,0.21487655487611054
"n=1000, N=n^(3/2)",flow-NPE,g,2.1049723291881124,0.20033410989878533
"n=1000, N=n^(3/2)",flow-NPE,g,2.1259571499671175,0.1865643401007783
"n=1000, N=n^(3/2)",flow-NPE,g,2.146941970746122,0.1734867186758949
"n=1000, N=n^(3/2)",flow-NPE,g,2.1679267915251272,0.16113134960258044
"n=1000, N=n^(3/2)",flow-NPE,g,2.188911612304132,0.14962017013775153
"n=1000, N=n^(3/2)",flow-NPE,g,2.209896433083137,0.13909457962071464
"n=1000, N=n^(3/2)",flow-NPE,g,2.2308812538621416,0.12963432777882586
"n=1000, N=n^(3/2)",flow-NPE,g,2.2518660746411467,0.12121000755968633
"n=1000, N=n^(3/2)",flow-NPE,g,2.272850895420152,0.11368920928860526
"n=1000, N=n^(3/2)",flow-NPE,g,2.2938357161991565,0.1068892196654361
"n=1000, N=n^(3/2)",flow-NPE,g,2.3148205369781616,0.10064970561720564
"n=1000, N=n^(3/2)",flow-NPE,g,2.3358053577571662,0.09489248793912636
"n=1000, N=n^(3/2)",flow-NPE,g,2.3567901785361713,0.08964189169876718
"n=1000, N=n^(3/2)",flow-NPE,g,2.377774999315176,0.0849951741477675
"n=1000, N=n^(3/2)",flow-NPE,g,2.398759820094181,0.08105326055833316
"n=1000, N=n^(3/2)",flow-NPE,g,2.4197446408731857,0.07784019713893485
"n=1000, N=n^(3/2)",flow-NPE,g,2.440729461652191,0.07524705850438239
"n=1000, N=n^(3/2)",flow-NPE,g,2.4617142824311955,0.07302742065434728
"n=1000, N=n^(3/2)",flow-NPE,g,2.4826991032102006,0.0708493778971856
"n=1000, N=n^(3/2)",flow-NPE,g,2.5036839239892053,0.0683837915442549
"n=1000, N=n^(3/2)",flow-NPE,g,2.5246687447682103,0.065393033639969
"n=1000, N=n^(3/2)",flow-NPE,g,2.5456535655472154,0.06178674634910088
"n=1000, N=n^(3/2)",flow-NPE,g,2.56663838632622,0.05762868595827249
"n=1000, N=n^(3/2)",flow-NPE,g,2.587623207105225,0.053100735790509695
"n=1000, N=n^(3/2)",flow-NPE,g,2.60860802788423,0.048444779809290454
"n=1000, N=n^(3/2)",flow-NPE,g,2.629592848663235,0.04390484991010322
"n=1000, N=n^(3/2)",flow-NPE,g,2.6505776694422396,0.039683849836277346
"n=1000, N=n^(3/2)",flow-NPE,g,2.6715624902212447,0.03591884900014155
"n=1000, N=n^(3/2)",flow-NPE,g,2.6925473110002494,0.032672579303116976
"n=1000, N=n^(3/2)",flow-NPE,g,2.7135321317792545,0.029937645467047004
"n=1000, N=n^(3/2)",flow-NPE,g,2.734516952558259,0.027651394920050882
"n=1000, N=n^(3/2)",flow-NPE,g,2.755501773337264,0.02571992980650971
"n=1000, N=n^(3/2)",flow-NPE,g,2.776486594116269,0.024047775702528914
"n=1000, N=n^(3/2)",flow-NPE,g,2.797471414895274,0.022566221013857576
"n=1000, N=n^(3/2)",flow-NPE,g,2.818456235674279,0.02125097577408854
"n=1000, N=n^(3/2)",flow-NPE,g,2.8394410564532837,0.020121240910959935
"n=1000, N=n^(3/2)",flow-NPE,g,2.860425877232289,0.019218422749388894
"n=1000, N=n^(3/2)",flow-NPE,g,2.8814106980112935,0.01857163428813788
"n=1000, N=n^(3/2)",flow-NPE,g,2.9023955187902986,0.018164519186800916
"n=1000, N=n^(3/2)",flow-NPE,g,2.923380339569303,0.017919357705746153
"n=1000, N=n^(3/2)",flow-NPE,g,2.9443651603483083,0.017707980259304396
"n=1000, N=n^(3/2)",flow-NPE,g,2.965349981127313,0.017387046140624706
"n=1000, N=n^(3/2)",flow-NPE,g,2.986334801906318,0.01684352392569585
"n=1000, N=n^(3/2)",flow-NPE,g,3.0073196226853227,0.01603095499328101
"n=1000, N=n^(3/2)",flow-NPE,g,3.028304443464328,0.014981281398393673
"n=1000, N=n^(3/2)",flow-NPE,g,3.0492892642433325,0.013788455783652563
"n=1000, N=n^(3/2)",flow-NPE,g,3.0702740850223376,0.01257252838595521
"n=1000, N=n^(3/2)",flow-NPE,g,3.0912589058013427,0.01144005955448418
"n=1000, N=n^(3/2)",flow-NPE,g,3.1122437265803473,0.010455776232801686
"n=1000, N=n^(3/2)",flow-NPE,g,3.1332285473593524,0.009633316203757918
"n=1000, N=n^(3/2)",flow-NPE,g,3.154213368138357,0.008944253461668453
"n=1000, N=n^(3/2)",flow-NPE,g,3.175198188917362,0.008338364343384629
"n=1000, N=n^(3/2)",flow-NPE,g,3.196183009696367,0.007765882881391354
"n=1000, N=n^(3/2)",flow-NPE,g,3.217167830475372,0.0071938684730404176
"n=1000, N=n^(3/2)",flow-NPE,g,3.2381526512543766,0.006612513384544541
"n=1000, N=n^(3/2)",flow-NPE,g,3.2591374720333817,0.0060317980176450015
"n=1000, N=n^(3/2)",flow-NPE,g,3.2801222928123863,0.005472671757309436
"n=1000, N=n^(3/2)",flow-NPE,g,3.3011071135913914,0.004958268975438817
"n=1000, N=n^(3/2)",flow-NPE,g,3.322091934370396,0.004508980442689495
"n=1000, N=n^(3/2)",flow-NPE,g,3.343076755149401,0.004141700168086919
"n=1000, N=n^(3/2)",flow-NPE,g,3.3640615759284063,0.003870666677245081
"n=1000, N=n^(3/2)",flow-NPE,g,3.385046396707411,0.0037068814535392253
"n=1000, N=n^(3/2)",flow-NPE,g,3.406031217486416,0.003655021023255778
"n=1000, N=n^(3/2)",flow-NPE,g,3.4270160382654207,0.003709221135498228
"n=1000, N=n^(3/2)",flow-NPE,g,3.4480008590444258,0.003850161263401572
"n=1000, N=n^(3/2)",flow-NPE,g,3.4689856798234304,0.004045056959918556
"n=1000, N=n^(3/2)",flow-NPE,g,3.4899705006024355,0.004250627435121663
"n=1000, N=n^(3/2)",flow-NPE,g,3.51095532138144,0.004418287889821622
"n=1000, N=n^(3/2)",flow-NPE,g,3.5319401421604453,0.004501035746462414
"n=1000, N=n^(3/2)",flow-NPE,g,3.55292496293945,0.0044617979563580335
"n=1000, N=n^(3/2)",flow-NPE,g,3.573909783718455,0.004282341688671733
"n=1000, N=n^(3/2)",flow-NPE,g,3.5948946044974597,0.003970364719005965
"n=1000, N=n^(3/2)",flow-NPE,g,3.6158794252764648,0.0035614341938028818
"n=1000, N=n^(3/2)",flow-NPE,g,3.63686424605547,0.0031133712789391606
"n=1000, N=n^(3/2)",flow-NPE,g,3.6578490668344745,0.002693492863303109
"n=1000, N=n^(3/2)",flow-NPE,g,3.6788338876134796,0.0023623327277326454
"n=1000, N=n^(3/2)",flow-NPE,g,3.6998187083924843,0.0021591656720537926
"n=1000, N=n^(3/2)",flow-NPE,g,3.7208035291714894,0.0020938772181580963
"n=1000, N=n^(3/2)",flow-NPE,g,3.741788349950494,0.002147010926018031
"n=1000, N=n^(3/2)",flow-NPE,g,3.762773170729499,0.0022767679427503702
"n=1000, N=n^(3/2)",flow-NPE,g,3.783757991508504,0.002429850326100849
"n=1000, N=n^(3/2)",flow-NPE,g,3.804742812287509,0.0025528883530794707
"n=1000, N=n^(3/2)",flow-NPE,g,3.8257276330665135,0.002602214762801569
"n=1000, N=n^(3/2)",flow-NPE,g,3.8467124538455186,0.0025508918670481464
"n=1000, N=n^(3/2)",flow-NPE,g,3.8676972746245233,0.0023924787837599675
"n=1000, N=n^(3/2)",flow-NPE,g,3.8886820954035284,0.002141158055253675
"n=1000, N=n^(3/2)",flow-NPE,g,3.9096669161825335,0.0018281035954379845
"n=1000, N=n^(3/2)",flow-NPE,g,3.930651736961538,0.0014947073675829414
"n=1000, N=n^(3/2)",flow-NPE,g,3.9516365577405432,0.0011842068946371126
"n=1000, N=n^(3/2)",flow-NPE,g,3.972621378519548,0.0009337346721524716
"n=1000, N=n^(3/2)",flow-NPE,g,3.993606199298553,0.000768473115328544
"n=1000, N=n^(3/2)",flow-NPE,g,4.014591020077558,0.0006986780675648917
"n=1000, N=n^(3/2)",flow-NPE,g,4.035575840856563,0.0007194378498512423
"n=1000, N=n^(3/2)",flow-NPE,g,4.056560661635568,0.0008126141796024421
"n=1000, N=n^(3/2)",flow-NPE,g,4.077545482414573,0.0009504346462677331
"n=1000, N=n^(3/2)",flow-NPE,g,4.098530303193577,0.001100299674413141
"n=1000, N=n^(3/2)",flow-NPE,g,4.119515123972582,0.0012302303652645798
"n=1000, N=n^(3/2)",flow-NPE,g,4.140499944751587,0.0013140749816490517
"n=1000, N=n^(3/2)",flow-NPE,g,4.161484765530592,0.001335432188084547
"n=1000, N=n^(3/2)",flow-NPE,g,4.182469586309597,0.001289484159456136
"n=1000, N=n^(3/2)",flow-NPE,g,4.203454407088602,0.0011824980926994353
"n=1000, N=n^(3/2)",flow-NPE,g,4.224439227867607,0.0010293557233617624
"n=1000, N=n^(3/2)",flow-NPE,g,4.245424048646612,0.0008498526500649805
"n=1000, N=n^(3/2)",flow-NPE,g,4.266408869425616,0.0006646281518314942
"n=1000, N=n^(3/2)",flow-NPE,g,4.287393690204621,0.0004915382672250979
"n=1000, N=n^(3/2)",Gaussian-NPE,g,0.1114143551826477,0.0003426251048837727
"n=1000, N=n^(3/2)",Gaussian-NPE,g,0.1323991759616526,0.0005076118178298978
"n=1000, N=n^(3/2)",Gaussian-NPE,g,0.15338399674065747,0.000737456547791038
"n=1000, N=n^(3/2)",Gaussian-NPE,g,0.17436881751966238,0.0010516417564114062
"n=1000, N=n^(3/2)",Gaussian-NPE,g,0.19535363829866725,0.0014735628913799602
"n=1000, N=n^(3/2)",Gaussian-NPE,g,0.21633845907767216,0.0020308829251405197
"n=1000, N=n^(3/2)",Gaussian-NPE,g,0.23732327985667706,0.002755871124105881
"n=1000, N=n^(3/2)",Gaussian-NPE,g,0.25830810063568194,0.0036857146747275825
"n=1000, N=n^(3/2)",Gaussian-NPE,g,0.27929292141468687,0.004862766476953061
"n=1000, N=n^(3/2)",Gaussian-NPE,g,0.30027774219369174,0.006334652471156165
"n=1000, N=n^(3/2)",Gaussian-NPE,g,0.3212625629726966,0.008154112022123825
"n=1000, N=n^(3/2)",Gaussian-NPE,g,0.3422473837517015,0.010378397216422808
"n=1000, N=n^(3/2)",Gaussian-NPE,g,0.3632322045307064,0.013068030799595131
"n=1000, N=n^(3/2)",Gaussian-NPE,g,0.3842170253097113,0.016284741275766904
"n=1000, N=n^(3/2)",Gaussian-NPE,g,0.4052018460887162,0.02008847789029925
"n=1000, N=n^(3/2)",Gaussian-NPE,g,0.4261866668677211,0.024533565882271006
"n=1000, N=n^(3/2)",Gaussian-NPE,g,0.447171487646726,0.029664280132204693
"n=1000, N=n^(3/2)",Gaussian-NPE,g,0.46815630842573086,0.03551035394258728
"n=1000, N=n^(3/2)",Gaussian-NPE,g,0.4891411292047358,0.042083138443583946
"n=1000, N=n^(3/2)",Gaussian-NPE,g,0.5101259499837407,0.04937321901578239
"n=1000, N=n^(3/2)",Gaussian-NPE,g,0.5311107707627456,0.05735022434547599
"n=1000, N=n^(3/2)",Gaussian-NPE,g,0.5520955915417505,0.06596531321278712
"n=1000, N=n^(3/2)",Gaussian-NPE,g,0.5730804123207554,0.07515642420805041
"n=1000, N=n^(3/2)",Gaussian-NPE,g,0.5940652330997602,0.08485589968134827
"n=1000, N=n^(3/2)",Gaussian-NPE,g,0.6150500538787651,0.09499964735826057
"n=1000, N=n^(3/2)",Gaussian-NPE,g,0.63603487465777,0.10553667497419941
"n=1000, N=n^(3/2)",Gaussian-NPE,g,0.6570196954367749,0.11643768381913816
"n=1000, N=n^(3/2)",Gaussian-NPE,g,0.6780045162157797,0.1277014462634356
"n=1000, N=n^(3/2)",Gaussian-NPE,g,0.6989893369947846,0.13935788869551657
"n=1000, N=n^(3/2)",Gaussian-NPE,g,0.7199741577737897,0.1514671063743562
"n=1000, N=n^(3/2)",Gaussian-NPE,g,0.7409589785527946,0.16411391333218245
"n=1000, N=n^(3/2)",Gaussian-NPE,g,0.7619437993317995,0.1773979689330129
"n=1000, N=n^(3/2)",Gaussian-NPE,g,0.7829286201108043,0.19142003423532533
"n=1000, N=n^(3/2)",Gaussian-NPE,g,0.8039134408898092,0.20626550045596098
"n=1000, N=n^(3/2)",Gaussian-NPE,g,0.8248982616688141,0.22198696094345266
"n=1000, N=n^(3/2)",Gaussian-NPE,g,0.845883082447819,0.2385881635351856
"n=1000, N=n^(3/2)",Gaussian-NPE,g,0.8668679032268238,0.2560120170558348
"n=1000, N=n^(3/2)",Gaussian-NPE,g,0.8878527240058287,0.27413524700412256
"n=1000, N=n^(3/2)",Gaussian-NPE,g,0.9088375447848336,0.2927716581976369
"n=1000, N=n^(3/2)",Gaussian-NPE,g,0.9298223655638385,0.3116847401334926
"n=1000, N=n^(3/2)",Gaussian-NPE,g,0.9508071863428433,0.33060868709965235
"n=1000, N=n^(3/2)",Gaussian-NPE,g,0.9717920071218482,0.34927511800929567
"n=1000, N=n^(3/2)",Gaussian-NPE,g,0.9927768279008533,0.36744130875420217
"n=1000, N=n^(3/2)",Gaussian-NPE,g,1.0137616486798582,0.3849150370795694
"n=1000, N=n^(3/2)",Gaussian-NPE,g,1.034746469458863,0.40157149284938537
"n=1000, N=n^(3/2)",Gaussian-NPE,g,1.055731290237868,0.4173591649801137
"n=1000, N=n^(3/2)",Gaussian-NPE,g,1.0767161110168728,0.4322938950905796
"n=1000, N=n^(3/2)",Gaussian-NPE,g,1.0977009317958777,0.44644282486794623
"n=1000, N=n^(3/2)",Gaussian-NPE,g,1.1186857525748826,0.4599020752906009
"n=1000, N=n^(3/2)",Gaussian-NPE,g,1.1396705733538874,0.47277309295856795
"n=1000, N=n^(3/2)",Gaussian-NPE,g,1.1606553941328923,0.48514239162414086
"n=1000, N=n^(3/2)",Gaussian-NPE,g,1.1816402149118972,0.49706801964694247
"n=1000, N=n^(3/2)",Gaussian-NPE,g,1.202625035690902,0.5085739778916782
"n=1000, N=n^(3/2)",Gaussian-NPE,g,1.223609856469907,0.5196516756237861
"n=1000, N=n^(3/2)",Gaussian-NPE,g,1.2445946772489118,0.5302659801625603
"n=1000, N=n^(3/2)",Gaussian-NPE,g,1.2655794980279167,0.5403628698454243
"n=1000, N=n^(3/2)",Gaussian-NPE,g,1.2865643188069216,0.5498761575060201
"n=1000, N=n^(3/2)",Gaussian-NPE,g,1.3075491395859264,0.5587319030900577
"n=1000, N=n^(3/2)",Gaussian-NPE,g,1.3285339603649315,0.5668504893305385
"n=1000, N=n^(3/2)",Gaussian-NPE,g,1.3495187811439364,0.5741474173404341
"n=1000, N=n^(3/2)",Gaussian-NPE,g,1.3705036019229413,0.5805343856566527
"n=1000, N=n^(3/2)",Gaussian-NPE,g,1.3914884227019462,0.5859220844388607
"n=1000, N=n^(3/2)",Gaussian-NPE,g,1.412473243480951,0.5902255157713606
"n=1000, N=n^(3/2)",Gaussian-NPE,g,1.433458064259956,0.5933718055785296
"n=1000, N=n^(3/2)",Gaussian-NPE,g,1.4544428850389608,0.5953096692292288
"n=1000, N=n^(3/2)",Gaussian-NPE,g,1.4754277058179657,0.5960191196983179
"n=1000, N=n^(3/2)",Gaussian-NPE,g,1.4964125265969705,0.5955197464912876
"n=1000, N=n^(3/2)",Gaussian-NPE,g,1.5173973473759754,0.5938759419428106
"n=1000, N=n^(3/2)",Gaussian-NPE,g,1.5383821681549803,0.5911977627175866
"n=1000, N=n^(3/2)",Gaussian-NPE,g,1.5593669889339852,0.5876366368176905
"n=1000, N=n^(3/2)",Gaussian-NPE,g,1.58035180971299,0.5833758161186542
"n=1000, N=n^(3/2)",Gaussian-NPE,g,1.6013366304919951,0.5786162803134284
"n=1000, N=n^(3/2)",Gaussian-NPE,g,1.622321451271,0.5735596329758553
"n=1000, N=n^(3/2)",Gaussian-NPE,g,1.643306272050005,0.5683902505731327
"n=1000, N=n^(3/2)",Gaussian-NPE,g,1.6642910928290098,0.5632593605809009
"n=1000, N=n^(3/2)",Gaussian-NPE,g,1.6852759136080147,0.5582736492583863
"n=1000, N=n^(3/2)",Gaussian-NPE,g,1.7062607343870195,0.5534903300717405
"n=1000, N=n^(3/2)",Gaussian-NPE,g,1.7272455551660244,0.5489193958031369
"n=1000, N=n^(3/2)",Gaussian-NPE,g,1.7482303759450293,0.5445322759841773
"n=1000, N=n^(3/2)",Gaussian-NPE,g,1.7692151967240342,0.5402747167083756
"n=1000, N=n^(3/2)",Gaussian-NPE,g,1.790200017503039,0.536080810242478
"n=1000, N=n^(3/2)",Gaussian-NPE,g,1.811184838282044,0.531885021139678
"n=1000, N=n^(3/2)",Gaussian-NPE,g,1.8321696590610488,0.5276298303037442
"n=1000, N=n^(3/2)",Gaussian-NPE,g,1.8531544798400537,0.5232680121258918
"n=1000, N=n^(3/2)",Gaussian-NPE,g,1.8741393006190588,0.5187601286083022
"n=1000, N=n^(3/2)",Gaussian-NPE,g,1.8951241213980636,0.5140690781786833
"n=1000, N=n^(3/2)",Gaussian-NPE,g,1.9161089421770685,0.5091541187423526
"n=1000, N=n^(3/2)",Gaussian-NPE,g,1.9370937629560734,0.5039665925135106
"n=1000, N=n^(3/2)",Gaussian-NPE,g,1.9580785837350783,0.4984487822710849
"n=1000, N=n^(3/2)",Gaussian-NPE,g,1.9790634045140831,0.4925362703745075
"n=1000, N=n^(3/2)",Gaussian-NPE,g,2.0000482252930882,0.4861632240324986
"n=1000, N=n^(3/2)",Gaussian-NPE,g,2.021033046072093,0.479269447376138
"n=1000, N=n^(3/2)",Gaussian-NPE,g,2.042017866851098,0.47180788812160485
"n=1000, N=n^(3/2)",Gaussian-NPE,g,2.0630026876301026,0.46375145839607285
"n=1000, N=n^(3/2)",Gaussian-NPE,g,2.0839875084091077,0.4550983369555427
"n=1000, N=n^(3/2)",Gaussian-NPE,g,2.1049723291881124,0.44587519907521495
"n=1000, N=n^(3/2)",Gaussian-NPE,g,2.1259571499671175,0.43613800466309294
"n=1000, N=n^(3/2)",Gaussian-NPE,g,2.146941970746122,0.4259701069438984
"n=1000, N=n^(3/2)",Gaussian-NPE,g,2.1679267915251272,0.41547762360253593
"n=1000, N=n^(3/2)",Gaussian-NPE,g,2.188911612304132,0.4047823184928968
"n=1000, N=n^(3/2)",Gaussian-NPE,g,2.209896433083137,0.3940126682774672
"n=1000, N=n^(3/2)",Gaussian-NPE,g,2.2308812538621416,0.3832942267655261
"n=1000, N=n^(3/2)",Gaussian-NPE,g,2.2518660746411467,0.37274068221852497
"n=1000, N=n^(3/2)",Gaussian-NPE,g,2.272850895420152,0.3624469792857357
"n=1000, N=n^(3/2)",Gaussian-NPE,g,2.2938357161991565,0.35248549204596374
"n=1000, N=n^(3/2)",Gaussian-NPE,g,2.3148205369781616,0.34290556538457184
"n=1000, N=n^(3/2)",Gaussian-NPE,g,2.3358053577571662,0.33373597946307454
"n=1000, N=n^(3/2)",Gaussian-NPE,g,2.3567901785361713,0.32498927058777805
"n=1000, N=n^(3/2)",Gaussian-NPE,g,2.377774999315176,0.31666654957307433
"n=1000, N=n^(3/2)",Gaussian-NPE,g,2.398759820094181,0.30876156772372926
"n=1000, N=n^(3/2)",Gaussian-NPE,g,2.4197446408731857,0.30126322452188825
"n=1000, N=n^(3/2)",Gaussian-NPE,g,2.440729461652191,0.29415631793929664
"n=1000, N=n^(3/2)",Gaussian-NPE,g,2.4617142824311955,0.2874209003968427
"n=1000, N=n^(3/2)",Gaussian-NPE,g,2.4826991032102006,0.2810309544943157
"n=1000, N=n^(3/2)",Gaussian-NPE,g,2.5036839239892053,0.2749531710367875
"n=1000, N=n^(3/2)",Gaussian-NPE,g,2.5246687447682103,0.26914643266057453
"n=1000, N=n^(3/2)",Gaussian-NPE,g,2.5456535655472154,0.2635622930519461
"n=1000, N=n^(3/2)",Gaussian-NPE,g,2.56663838632622,0.258146433061976
"n=1000, N=n^(3/2)",Gaussian-NPE,g,2.587623207105225,0.2528408789629484
"n=1000, N=n^(3/2)",Gaussian-NPE,g,2.60860802788423,0.2475867242180335
"n=1000, N=n^(3/2)",Gaussian-NPE,g,2.629592848663235,0.24232716817507552
"n=1000, N=n^(3/2)",Gaussian-NPE,g,2.6505776694422396,0.23701078484797272
"n=1000, N=n^(3/2)",Gaussian-NPE,g,2.6715624902212447,0.23159496712686595
"n=1000, N=n^(3/2)",Gaussian-NPE,g,2.6925473110002494,0.22604940166343013
"n=1000, N=n^(3/2)",Gaussian-NPE,g,2.7135321317792545,0.22035923379749403
"n=1000, N=n^(3/2)",Gaussian-NPE,g,2.734516952558259,0.21452736713066795
"n=1000, N=n^(3/2)",Gaussian-NPE,g,2.755501773337264,0.20857523175094414
"n=1000, N=n^(3/2)",Gaussian-NPE,g,2.776486594116269,0.2025414525061852
"n=1000, N=n^(3/2)",Gaussian-NPE,g,2.797471414895274,0.19647818565917555
"n=1000, N=n^(3/2)",Gaussian-NPE,g,2.818456235674279,0.19044540180578498
"n=1000, N=n^(3/2)",Gaussian-NPE,g,2.8394410564532837,0.18450392497524074
"n=1000, N=n^(3/2)",Gaussian-NPE,g,2.860425877232289,0.1787084123267926
"n=1000, N=n^(3/2)",Gaussian-NPE,g,2.8814106980112935,0.1731015360194274
"n=1000, N=n^(3/2)",Gaussian-NPE,g,2.9023955187902986,0.16771036621476443
"n=1000, N=n^(3/2)",Gaussian-NPE,g,2.923380339569303,0.16254542584414025
"n=1000, N=n^(3/2)",Gaussian-NPE,g,2.9443651603483083,0.15760225727584573
"n=1000, N=n^(3/2)",Gaussian-NPE,g,2.965349981127313,0.15286480014855033
"n=1000, N=n^(3/2)",Gaussian-NPE,g,2.986334801906318,0.1483095791902403
"n=1000, N=n^(3/2)",Gaussian-NPE,g,3.0073196226853227,0.14390970140926418
"n=1000, N=n^(3/2)",Gaussian-NPE,g,3.028304443464328,0.13963792237557374
"n=1000, N=n^(3/2)",Gaussian-NPE,g,3.0492892642433325,0.13546844491416915
"n=1000, N=n^(3/2)",Gaussian-NPE,g,3.0702740850223376,0.13137751890596297
"n=1000, N=n^(3/2)",Gaussian-NPE,g,3.0912589058013427,0.12734320337793278
"n=1000, N=n^(3/2)",Gaussian-NPE,g,3.1122437265803473,0.12334477761928342
"n=1000, N=n^(3/2)",Gaussian-NPE,g,3.1332285473593524,0.11936225878721693
"n=1000, N=n^(3/2)",Gaussian-NPE,g,3.154213368138357,0.1153763570083703
"n=1000, N=n^(3/2)",Gaussian-NPE,g,3.175198188917362,0.11136904386606568
"n=1000, N=n^(3/2)",Gaussian-NPE,g,3.196183009696367,0.10732477363935185
"n=1000, N=n^(3/2)",Gaussian-NPE,g,3.217167830475372,0.10323228916859888
"n=1000, N=n^(3/2)",Gaussian-NPE,g,3.2381526512543766,0.09908684635775088
"n=1000, N=n^(3/2)",Gaussian-NPE,g,3.2591374720333817,0.09489257828227779
"n=1000, N=n^(3/2)",Gaussian-NPE,g,3.2801222928123863,0.0906645895213361
"n=1000, N=n^(3/2)",Gaussian-NPE,g,3.3011071135913914,0.08643025948289725
"n=1000, N=n^(3/2)",Gaussian-NPE,g,3.322091934370396,0.08222920565350794
"n=1000, N=n^(3/2)",Gaussian-NPE,g,3.343076755149401,0.07811147849125502
"n=1000, N=n^(3/2)",Gaussian-NPE,g,3.3640615759284063,0.07413385351867673
"n=1000, N=n^(3/2)",Gaussian-NPE,g,3.385046396707411,0.07035450962366817
"n=1000, N=n^(3/2)",Gaussian-NPE,g,3.406031217486416,0.06682682511935566
"n=1000, N=n^(3/2)",Gaussian-NPE,g,3.4270160382654207,0.06359334065070957
"n=1000, N=n^(3/2)",Gaussian-NPE,g,3.4480008590444258,0.06068100741027132
"n=1000, N=n^(3/2)",Gaussian-NPE,g,3.4689856798234304,0.05809861054041377
"n=1000, N=n^(3/2)",Gaussian-NPE,g,3.4899705006024355,0.05583678103513325
"n=1000, N=n^(3/2)",Gaussian-NPE,g,3.51095532138144,0.05387042187175181
"n=1000, N=n^(3/2)",Gaussian-NPE,g,3.5319401421604453,0.05216285147956223
"n=1000, N=n^(3/2)",Gaussian-NPE,g,3.55292496293945,0.0506706615219188
"n=1000, N=n^(3/2)",Gaussian-NPE,g,3.573909783718455,0.04934827071578556
"n=1000, N=n^(3/2)",Gaussian-NPE,g,3.5948946044974597,0.048151408185791035
"n=1000, N=n^(3/2)",Gaussian-NPE,g,3.6158794252764648,0.047039173489306106
"n=1000, N=n^(3/2)",Gaussian-NPE,g,3.63686424605547,0.04597475444904552
"n=1000, N=n^(3/2)",Gaussian-NPE,g,3.6578490668344745,0.044925212729310715
"n=1000, N=n^(3/2)",Gaussian-NPE,g,3.6788338876134796,0.04386089941236188
"n=1000, N=n^(3/2)",Gaussian-NPE,g,3.6998187083924843,0.0427550335530464
"n=1000, N=n^(3/2)",Gaussian-NPE,g,3.7208035291714894,0.04158381281669897
"n=1000, N=n^(3/2)",Gaussian-NPE,g,3.741788349950494,0.04032719730917138
"n=1000, N=n^(3/2)",Gaussian-NPE,g,3.762773170729499,0.03897028133571933
"n=1000, N=n^(3/2)",Gaussian-NPE,g,3.783757991508504,0.037504987622310276
"n=1000, N=n^(3/2)",Gaussian-NPE,g,3.804742812287509,0.03593170603087706
"n=1000, N=n^(3/2)",Gaussian-NPE,g,3.8257276330665135,0.03426046043738419
"n=1000, N=n^(3/2)",Gaussian-NPE,g,3.8467124538455186,0.03251122368567691
"n=1000, N=n^(3/2)",Gaussian-NPE,g,3.8676972746245233,0.030713109457436823
"n=1000, N=n^(3/2)",Gaussian-NPE,g,3.8886820954035284,0.028902343733554513
"n=1000, N=n^(3/2)",Gaussian-NPE,g,3.9096669161825335,0.02711913692949244
"n=1000, N=n^(3/2)",Gaussian-NPE,g,3.930651736961538,0.025403804099201545
"n=1000, N=n^(3/2)",Gaussian-NPE,g,3.9516365577405432,0.02379266565391417
"n=1000, N=n^(3/2)",Gaussian-NPE,g,3.972621378519548,0.02231435507806239
"n=1000, N=n^(3/2)",Gaussian-NPE,g,3.993606199298553,0.02098712879211846
"n=1000, N=n^(3/2)",Gaussian-NPE,g,4.014591020077558,0.01981761133673684
"n=1000, N=n^(3/2)",Gaussian-NPE,g,4.035575840856563,0.018801145779207905
"n=1000, N=n^(3/2)",Gaussian-NPE,g,4.056560661635568,0.017923613286192058
"n=1000, N=n^(3/2)",Gaussian-NPE,g,4.077545482414573,0.017164310041184672
"n=1000, N=n^(3/2)",Gaussian-NPE,g,4.098530303193577,0.016499291135199008
"n=1000, N=n^(3/2)",Gaussian-NPE,g,4.119515123972582,0.01590455185245276
"n=1000, N=n^(3/2)",Gaussian-NPE,g,4.140499944751587,0.015358521978353603
"n=1000, N=n^(3/2)",Gaussian-NPE,g,4.161484765530592,0.014843564889099633
"n=1000, N=n^(3/2)",Gaussian-NPE,g,4.182469586309597,0.014346438040255772
"n=1000, N=n^(3/2)",Gaussian-NPE,g,4.203454407088602,0.01385791255787049
"n=1000, N=n^(3/2)",Gaussian-NPE,g,4.224439227867607,0.013371905580948942
"n=1000, N=n^(3/2)",Gaussian-NPE,g,4.245424048646612,0.01288451720854112
"n=1000, N=n^(3/2)",Gaussian-NPE,g,4.266408869425616,0.012393288623228506
"n=1000, N=n^(3/2)",Gaussian-NPE,g,4.287393690204621,0.011896846263548961
"n=1000, N=n^(3/2)",Reference (flow convention),k,-0.18213817900046717,1.3147614564870469e-123
"n=1000, N=n^(3/2)",Reference (flow convention),k,-0.16796732661412597,5.377717575110753e-111
"n=1000, N=n^(3/2)",Reference (flow convention),k,-0.1537964742277848,4.445120277609823e-99
"n=1000, N=n^(3/2)",Reference (flow convention),k,-0.13962562184144361,7.425121130722649e-88
"n=1000, N=n^(3/2)",Reference (flow convention),k,-0.12545476945510245,2.506444364417779e-77
"n=1000, N=n^(3/2)",Reference (flow convention),k,-0.11128391706876126,1.7098070162644025e-67
"n=1000, N=n^(3/2)",Reference (flow convention),k,-0.09711306468242008,2.357059906569301e-58
"n=1000, N=n^(3/2)",Reference (flow convention),k,-0.0829422122960789,6.566419827969507e-50
"n=1000, N=n^(3/2)",Reference (flow convention),k,-0.06877135990973772,3.69675927842271e-42
"n=1000, N=n^(3/2)",Reference (flow convention),k,-0.05460050752339654,4.2057959367138124e-35
"n=1000, N=n^(3/2)",Reference (flow convention),k,-0.04042965513705535,9.669627062954302e-29
"n=1000, N=n^(3/2)",Reference (flow convention),k,-0.026258802750714183,4.4926829261921045e-23
"n=1000, N=n^(3/2)",Reference (flow convention),k,-0.01208795036437299,4.218290169678191e-18
"n=1000, N=n^(3/2)",Reference (flow convention),k,0.002082902021968175,8.003919900333817e-14
"n=1000, N=n^(3/2)",Reference (flow convention),k,0.016253754408309368,3.069109208349381e-10
"n=1000, N=n^(3/2)",Reference (flow convention),k,0.030424606794650533,2.378632030976927e-07
"n=1000, N=n^(3/2)",Reference (flow convention),k,0.044595459180991726,3.730320634068895e-05
"n=1000, N=n^(3/2)",Reference (flow convention),k,0.05876631156733292,0.0011947749530796651
"n=1000, N=n^(3/2)",Reference (flow convention),k,0.07293716395367408,0.008397651843316842
"n=1000, N=n^(3/2)",Reference (flow convention),k,0.08710801634001528,0.019386242749876742
"n=1000, N=n^(3/2)",Reference (flow convention),k,0.10127886872635647,0.027980246714605736
"n=1000, N=n^(3/2)",Reference (flow convention),k,0.1154497211126976,0.0241563961491592
"n=1000, N=n^(3/2)",Reference (flow convention),k,0.1296205734990388,0.02402847202269524
"n=1000, N=n^(3/2)",Reference (flow convention),k,0.14379142588538,0.03197196201360035
"n=1000, N=n^(3/2)",Reference (flow convention),k,0.15796227827172118,0.0611242630107302
"n=1000, N=n^(3/2)",Reference (flow convention),k,0.17213313065806238,0.12900971406252176
"n=1000, N=n^(3/2)",Reference (flow convention),k,0.18630398304440351,0.22677084689363897
"n=1000, N=n^(3/2)",Reference (flow convention),k,0.2004748354307447,0.3620595372917522
"n=1000, N=n^(3/2)",Reference (flow convention),k,0.2146456878170859,0.575864388925064
"n=1000, N=n^(3/2)",Reference (flow convention),k,0.2288165402034271,0.9170988709509427
"n=1000, N=n^(3/2)",Reference (flow convention),k,0.24298739258976823,1.3224497044437427
"n=1000, N=n^(3/2)",Reference (flow convention),k,0.2571582449761094,1.8286972104082573
"n=1000, N=n^(3/2)",Reference (flow convention),k,0.2713290973624506,2.4702246178801617
"n=1000, N=n^(3/2)",Reference (flow convention),k,0.2854999497487918,3.2437077827614873
"n=1000, N=n^(3/2)",Reference (flow convention),k,0.299670802135133,3.9291769417388283
"n=1000, N=n^(3/2)",Reference (flow convention),k,0.31384165452147417,4.649076527805585
"n=1000, N=n^(3/2)",Reference (flow convention),k,0.32801250690781536,5.259445395873886
"n=1000, N=n^(3/2)",Reference (flow convention),k,0.34218335929415655,5.521840262567921
"n=1000, N=n^(3/2)",Reference (flow convention),k,0.35635421168049775,5.518612928104086
"n=1000, N=n^(3/2)",Reference (flow convention),k,0.37052506406683894,5.426336366094137
"n=1000, N=n^(3/2)",Reference (flow convention),k,0.38469591645318013,5.209502521783086
"n=1000, N=n^(3/2)",Reference (flow convention),k,0.3988667688395213,4.7054179128458795
"n=1000, N=n^(3/2)",Reference (flow convention),k,0.4130376212258624,4.103419017331228
"n=1000, N=n^(3/2)",Reference (flow convention),k,0.4272084736122036,3.691418120313793
"n=1000, N=n^(3/2)",Reference (flow convention),k,0.4413793259985448,3.159266021300502
"n=1000, N=n^(3/2)",Reference (flow convention),k,0.455550178384886,2.3971118215339224
"n=1000, N=n^(3/2)",Reference (flow convention),k,0.4697210307712272,1.711720171999424
"n=1000, N=n^(3/2)",Reference (flow convention),k,0.48389188315756837,1.2656412437944884
"n=1000, N=n^(3/2)",Reference (flow convention),k,0.49806273554390956,0.9474773451885526
"n=1000, N=n^(3/2)",Reference (flow convention),k,0.5122335879302508,0.6497878928804685
"n=1000, N=n^(3/2)",Reference (flow convention),k,0.526404440316592,0.43592440960981604
"n=1000, N=n^(3/2)",Reference (flow convention),k,0.540575292702933,0.28395953817943365
"n=1000, N=n^(3/2)",Reference (flow convention),k,0.5547461450892742,0.16296523807293833
"n=1000, N=n^(3/2)",Reference (flow convention),k,0.5689169974756154,0.10097963521216266
"n=1000, N=n^(3/2)",Reference (flow convention),k,0.5830878498619566,0.07635124570643702
"n=1000, N=n^(3/2)",Reference (flow convention),k,0.5972587022482978,0.03914266899295629
"n=1000, N=n^(3/2)",Reference (flow convention),k,0.611429554634639,0.0175669887311971
"n=1000, N=n^(3/2)",Reference (flow convention),k,0.6256004070209802,0.012965038990101853
"n=1000, N=n^(3/2)",Reference (flow convention),k,0.6397712594073214,0.01053311478475617
"n=1000, N=n^(3/2)",Reference (flow convention),k,0.6539421117936626,0.005944709655831105
"n=1000, N=n^(3/2)",Reference (flow convention),k,0.6681129641800037,0.0015354267484736185
"n=1000, N=n^(3/2)",Reference (flow convention),k,0.6822838165663448,0.0001076108410477413
"n=1000, N=n^(3/2)",Reference (flow convention),k,0.696454668952686,1.6414748479558528e-06
"n=1000, N=n^(3/2)",Reference (flow convention),k,0.7106255213390272,5.150354916310777e-09
"n=1000, N=n^(3/2)",Reference (flow convention),k,0.7247963737253684,3.2797630523750216e-12
"n=1000, N=n^(3/2)",Reference (flow convention),k,0.7389672261117096,4.225158676558074e-16
"n=1000, N=n^(3/2)",Reference (flow convention),k,0.7531380784980508,1.100253174406051e-20
"n=1000, N=n^(3/2)",Reference (flow convention),k,0.767308930884392,5.790356707183941e-26
"n=1000, N=n^(3/2)",Reference (flow convention),k,0.7814797832707332,6.158283092040666e-32
"n=1000, N=n^(3/2)",Reference (flow convention),k,0.7956506356570743,1.3235802115728038e-38
"n=1000, N=n^(3/2)",Reference (flow convention),k,0.8098214880434155,5.748781844986346e-46
"n=1000, N=n^(3/2)",Reference (flow convention),k,0.8239923404297568,5.0458693653231153e-54
"n=1000, N=n^(3/2)",Reference (flow convention),k,0.8381631928160979,8.950158055788434e-63
"n=1000, N=n^(3/2)",Reference (flow convention),k,0.8523340452024392,3.208188766445622e-72
"n=1000, N=n^(3/2)",Reference (flow convention),k,0.8665048975887802,2.3239331141878687e-82
"n=1000, N=n^(3/2)",Reference (flow convention),k,0.8806757499751213,3.4019022866932106e-93
"n=1000, N=n^(3/2)",Reference (flow convention),k,0.8948466023614626,1.0063627330911288e-104
"n=1000, N=n^(3/2)",Reference (flow convention),k,0.9090174547478037,6.016192951820697e-117
"n=1000, N=n^(3/2)",Reference (flow convention),k,0.923188307134145,7.268143059788545e-130
"n=1000, N=n^(3/2)",Reference (flow convention),k,0.9373591595204861,1.7744332926279423e-143
"n=1000, N=n^(3/2)",Reference (flow convention),k,0.9515300119068274,8.754480655618855e-158
"n=1000, N=n^(3/2)",Reference (flow convention),k,0.9657008642931685,8.728419228653802e-173
"n=1000, N=n^(3/2)",Reference (flow convention),k,0.9798717166795098,1.7586333600865014e-188
"n=1000, N=n^(3/2)",Reference (flow convention),k,0.9940425690658509,7.160601692084363e-205
"n=1000, N=n^(3/2)",Reference (flow convention),k,1.0082134214521918,5.891938788024674e-222
"n=1000, N=n^(3/2)",Reference (flow convention),k,1.0223842738385331,9.79718785727727e-240
"n=1000, N=n^(3/2)",Reference (flow convention),k,1.0365551262248742,3.2921464369206247e-258
"n=1000, N=n^(3/2)",Reference (flow convention),k,1.0507259786112155,2.2355858578901327e-277
"n=1000, N=n^(3/2)",Reference (flow convention),k,1.0648968309975566,3.06787784010598e-297
"n=1000, N=n^(3/2)",Reference (flow convention),k,1.079067683383898,8.50784e-318
"n=1000, N=n^(3/2)",Reference (flow convention),k,1.093238535770239,0.0
"n=1000, N=n^(3/2)",Reference (flow convention),k,1.1074093881565803,0.0
"n=1000, N=n^(3/2)",Reference (flow convention),k,1.1215802405429214,0.0
"n=1000, N=n^(3/2)",Reference (flow convention),k,1.1357510929292625,0.0
"n=1000, N=n^(3/2)",Reference (flow convention),k,1.1499219453156038,0.0
"n=1000, N=n^(3/2)",Reference (flow convention),k,1.1640927977019448,0.0
"n=1000, N=n^(3/2)",Reference (flow convention),k,1.1782636500882862,0.0
"n=1000, N=n^(3/2)",Reference (flow convention),k,1.1924345024746272,0.0
"n=1000, N=n^(3/2)",Reference (flow convention),k,1.2066053548609685,0.0
"n=1000, N=n^(3/2)",Reference (flow convention),k,1.2207762072473096,0.0
"n=1000, N=n^(3/2)",Reference (flow convention),k,1.234947059633651,0.0
"n=1000, N=n^(3/2)",Reference (flow convention),k,1.249117912019992,0.0
"n=1000, N=n^(3/2)",Reference (flow convention),k,1.263288764406333,0.0
"n=1000, N=n^(3/2)",Reference (flow convention),k,1.2774596167926744,0.0
"n=1000, N=n^(3/2)",Reference (flow convention),k,1.2916304691790155,0.0
"n=1000, N=n^(3/2)",Reference (flow convention),k,1.3058013215653568,0.0
"n=1000, N=n^(3/2)",Reference (flow convention),k,1.3199721739516979,0.0
"n=1000, N=n^(3/2)",Reference (flow convention),k,1.3341430263380392,0.0
"n=1000, N=n^(3/2)",Reference (flow convention),k,1.3483138787243802,0.0
"n=1000, N=n^(3/2)",Reference (flow convention),k,1.3624847311107215,0.0
"n=1000, N=n^(3/2)",Reference (flow convention),k,1.3766555834970626,0.0
"n=1000, N=n^(3/2)",Reference (flow convention),k,1.3908264358834037,0.0
"n=1000, N=n^(3/2)",Reference (flow convention),k,1.404997288269745,0.0
"n=1000, N=n^(3/2)",Reference (flow convention),k,1.419168140656086,0.0
"n=1000, N=n^(3/2)",Reference (flow convention),k,1.4333389930424274,0.0
"n=1000, N=n^(3/2)",Reference (flow convention),k,1.4475098454287685,0.0
"n=1000, N=n^(3/2)",Reference (flow convention),k,1.4616806978151098,0.0
"n=1000, N=n^(3/2)",Reference (flow convention),k,1.4758515502014509,0.0
"n=1000, N=n^(3/2)",Reference (flow convention),k,1.4900224025877922,0.0
"n=1000, N=n^(3/2)",Reference (flow convention),k,1.5041932549741333,0.0
"n=1000, N=n^(3/2)",Reference (flow convention),k,1.5183641073604743,0.0
"n=1000, N=n^(3/2)",Reference (flow convention),k,1.5325349597468156,0.0
"n=1000, N=n^(3/2)",Reference (flow convention),k,1.5467058121331567,0.0
"n=1000, N=n^(3/2)",Reference (flow convention),k,1.560876664519498,0.0
"n=1000, N=n^(3/2)",Reference (flow convention),k,1.575047516905839,0.0
"n=1000, N=n^(3/2)",Reference (flow convention),k,1.5892183692921804,0.0
"n=1000, N=n^(3/2)",Reference (flow convention),k,1.6033892216785215,0.0
"n=1000, N=n^(3/2)",Reference (flow convention),k,1.6175600740648628,0.0
"n=1000, N=n^(3/2)",Reference (flow convention),k,1.6317309264512039,0.0
"n=1000, N=n^(3/2)",Reference (flow convention),k,1.645901778837545,0.0
"n=1000, N=n^(3/2)",Reference (flow convention),k,1.6600726312238863,0.0
"n=1000, N=n^(3/2)",Reference (flow convention),k,1.6742434836102273,0.0
"n=1000, N=n^(3/2)",Reference (flow convention),k,1.6884143359965686,0.0
"n=1000, N=n^(3/2)",Reference (flow convention),k,1.7025851883829097,0.0
"n=1000, N=n^(3/2)",Reference (flow convention),k,1.716756040769251,0.0
"n=1000, N=n^(3/2)",Reference (flow convention),k,1.7309268931555921,0.0
"n=1000, N=n^(3/2)",Reference (flow convention),k,1.7450977455419334,0.0
"n=1000, N=n^(3/2)",Reference (flow convention),k,1.7592685979282745,0.0
"n=1000, N=n^(3/2)",Reference (flow convention),k,1.7734394503146156,0.0
"n=1000, N=n^(3/2)",Reference (flow convention),k,1.7876103027009569,0.0
"n=1000, N=n^(3/2)",Reference (flow convention),k,1.801781155087298,0.0
"n=1000, N=n^(3/2)",Reference (flow convention),k,1.8159520074736393,0.0
"n=1000, N=n^(3/2)",Reference (flow convention),k,1.8301228598599806,0.0
"n=1000, N=n^(3/2)",Reference (flow convention),k,1.8442937122463217,0.0
"n=1000, N=n^(3/2)",Reference (flow convention),k,1.8584645646326627,0.0
"n=1000, N=n^(3/2)",Reference (flow convention),k,1.8726354170190038,0.0
"n=1000, N=n^(3/2)",Reference (flow convention),k,1.8868062694053453,0.0
"n=1000, N=n^(3/2)",Reference (flow convention),k,1.9009771217916864,0.0
"n=1000, N=n^(3/2)",Reference (flow convention),k,1.9151479741780275,0.0
"n=1000, N=n^(3/2)",Reference (flow convention),k,1.9293188265643686,0.0
"n=1000, N=n^(3/2)",Reference (flow convention),k,1.9434896789507097,0.0
"n=1000, N=n^(3/2)",Reference (flow convention),k,1.9576605313370512,0.0
"n=1000, N=n^(3/2)",Reference (flow convention),k,1.9718313837233923,0.0
"n=1000, N=n^(3/2)",Reference (flow convention),k,1.9860022361097334,0.0
"n=1000, N=n^(3/2)",Reference (flow convention),k,2.0001730884960747,0.0
"n=1000, N=n^(3/2)",Reference (flow convention),k,2.014343940882416,0.0
"n=1000, N=n^(3/2)",Reference (flow convention),k,2.0285147932687573,0.0
"n=1000, N=n^(3/2)",Reference (flow convention),k,2.0426856456550984,0.0
"n=1000, N=n^(3/2)",Reference (flow convention),k,2.0568564980414394,0.0
"n=1000, N=n^(3/2)",Reference (flow convention),k,2.0710273504277805,0.0
"n=1000, N=n^(3/2)",Reference (flow convention),k,2.085198202814122,0.0
"n=1000, N=n^(3/2)",Reference (flow convention),k,2.099369055200463,0.0
"n=1000, N=n^(3/2)",Reference (flow convention),k,2.113539907586804,0.0
"n=1000, N=n^(3/2)",Reference (flow convention),k,2.1277107599731453,0.0
"n=1000, N=n^(3/2)",Reference (flow convention),k,2.141881612359487,0.0
"n=1000, N=n^(3/2)",Reference (flow convention),k,2.156052464745828,0.0
"n=1000, N=n^(3/2)",Reference (flow convention),k,2.170223317132169,0.0
"n=1000, N=n^(3/2)",Reference (flow convention),k,2.18439416951851,0.0
"n=1000, N=n^(3/2)",Reference (flow convention),k,2.198565021904851,0.0
"n=1000, N=n^(3/2)",Reference (flow convention),k,2.2127358742911927,0.0
"n=1000, N=n^(3/2)",Reference (flow convention),k,2.2269067266775338,0.0
"n=1000, N=n^(3/2)",Reference (flow convention),k,2.241077579063875,0.0
"n=1000, N=n^(3/2)",Reference (flow convention),k,2.255248431450216,0.0
"n=1000, N=n^(3/2)",Reference (flow convention),k,2.2694192838365574,0.0
"n=1000, N=n^(3/2)",Reference (flow convention),k,2.2835901362228985,0.0
"n=1000, N=n^(3/2)",Reference (flow convention),k,2.2977609886092396,0.0
"n=1000, N=n^(3/2)",Reference (flow convention),k,2.3119318409955807,0.0
"n=1000, N=n^(3/2)",Reference (flow convention),k,2.3261026933819218,0.0
"n=1000, N=n^(3/2)",Reference (flow convention),k,2.3402735457682633,0.0
"n=1000, N=n^(3/2)",Reference (flow convention),k,2.3544443981546044,0.0
"n=1000, N=n^(3/2)",Reference (flow convention),k,2.3686152505409455,0.0
"n=1000, N=n^(3/2)",Reference (flow convention),k,2.3827861029272865,0.0
"n=1000, N=n^(3/2)",Reference (flow convention),k,2.396956955313628,0.0
"n=1000, N=n^(3/2)",Reference (flow convention),k,2.411127807699969,0.0
"n=1000, N=n^(3/2)",Reference (flow convention),k,2.4252986600863102,0.0
"n=1000, N=n^(3/2)",Reference (flow convention),k,2.4394695124726513,0.0
"n=1000, N=n^(3/2)",Reference (flow convention),k,2.4536403648589924,0.0
"n=1000, N=n^(3/2)",Reference (flow convention),k,2.467811217245334,0.0
"n=1000, N=n^(3/2)",Reference (flow convention),k,2.481982069631675,0.0
"n=1000, N=n^(3/2)",Reference (flow convention),k,2.496152922018016,0.0
"n=1000, N=n^(3/2)",Reference (flow convention),k,2.510323774404357,0.0
"n=1000, N=n^(3/2)",Reference (flow convention),k,2.5244946267906987,0.0
"n=1000, N=n^(3/2)",Reference (flow convention),k,2.5386654791770398,0.0
"n=1000, N=n^(3/2)",Reference (flow convention),k,2.552836331563381,0.0
"n=1000, N=n^(3/2)",Reference (flow convention),k,2.567007183949722,0.0
"n=1000, N=n^(3/2)",Reference (flow convention),k,2.581178036336063,0.0
"n=1000, N=n^(3/2)",Reference (flow convention),k,2.5953488887224045,0.0
"n=1000, N=n^(3/2)",Reference (flow convention),k,2.6095197411087456,0.0
"n=1000, N=n^(3/2)",Reference (flow convention),k,2.6236905934950867,0.0
"n=1000, N=n^(3/2)",Reference (flow convention),k,2.637861445881428,0.0
"n=1000, N=n^(3/2)",Reference (Gaussian convention),k,-0.18213817900046717,5.4343079750757804e-238
"n=1000, N=n^(3/2)",Reference (Gaussian convention),k,-0.16796732661412597,3.5569403771691914e-221
"n=1000, N=n^(3/2)",Reference (Gaussian convention),k,-0.1537964742277848,5.523936358274234e-205
"n=1000, N=n^(3/2)",Reference (Gaussian convention),k,-0.13962562184144361,2.035450241729716e-189
"n=1000, N=n^(3/2)",Reference (Gaussian convention),k,-0.12545476945510245,1.779557629038139e-174
"n=1000, N=n^(3/2)",Reference (Gaussian convention),k,-0.11128391706876126,3.6915041933232795e-160
"n=1000, N=n^(3/2)",Reference (Gaussian convention),k,-0.09711306468242008,1.816914196344904e-146
"n=1000, N=n^(3/2)",Reference (Gaussian convention),k,-0.0829422122960789,2.1218037529908683e-133
"n=1000, N=n^(3/2)",Reference (Gaussian convention),k,-0.06877135990973772,5.879166382376258e-121
"n=1000, N=n^(3/2)",Reference (Gaussian convention),k,-0.05460050752339654,3.865147142009497e-109
"n=1000, N=n^(3/2)",Reference (Gaussian convention),k,-0.04042965513705535,6.029149534207714e-98
"n=1000, N=n^(3/2)",Reference (Gaussian convention),k,-0.026258802750714183,2.2314431263102195e-87
"n=1000, N=n^(3/2)",Reference (Gaussian convention),k,-0.01208795036437299,1.9595454173647594e-77
"n=1000, N=n^(3/2)",Reference (Gaussian convention),k,0.002082902021968175,4.0828609909283495e-68
"n=1000, N=n^(3/2)",Reference (Gaussian convention),k,0.016253754408309368,2.0184296391178957e-59
"n=1000, N=n^(3/2)",Reference (Gaussian convention),k,0.030424606794650533,2.367567872410123e-51
"n=1000, N=n^(3/2)",Reference (Gaussian convention),k,0.044595459180991726,6.589177336255363e-44
"n=1000, N=n^(3/2)",Reference (Gaussian convention),k,0.05876631156733292,4.3511125610799894e-37
"n=1000, N=n^(3/2)",Reference (Gaussian convention),k,0.07293716395367408,6.8172810180571065e-31
"n=1000, N=n^(3/2)",Reference (Gaussian convention),k,0.08710801634001528,2.5343601753990866e-25
"n=1000, N=n^(3/2)",Reference (Gaussian convention),k,0.10127886872635647,2.2355599532184447e-20
"n=1000, N=n^(3/2)",Reference (Gaussian convention),k,0.1154497211126976,4.679639222135128e-16
"n=1000, N=n^(3/2)",Reference (Gaussian convention),k,0.1296205734990388,2.3254085197753037e-12
"n=1000, N=n^(3/2)",Reference (Gaussian convention),k,0.14379142588538,2.746251874366379e-09
"n=1000, N=n^(3/2)",Reference (Gaussian convention),k,0.15796227827172118,7.736064874966334e-07
"n=1000, N=n^(3/2)",Reference (Gaussian convention),k,0.17213313065806238,5.2582298700863684e-05
"n=1000, N=n^(3/2)",Reference (Gaussian convention),k,0.18630398304440351,0.000892807383831544
"n=1000, N=n^(3/2)",Reference (Gaussian convention),k,0.2004748354307447,0.004168702133432619
"n=1000, N=n^(3/2)",Reference (Gaussian convention),k,0.2146456878170859,0.007243144758145665
"n=1000, N=n^(3/2)",Reference (Gaussian convention),k,0.2288165402034271,0.013455592366988853
"n=1000, N=n^(3/2)",Reference (Gaussian convention),k,0.24298739258976823,0.036104366026299774
"n=1000, N=n^(3/2)",Reference (Gaussian convention),k,0.2571582449761094,0.071105603083029
"n=1000, N=n^(3/2)",Reference (Gaussian convention),k,0.2713290973624506,0.09802795517129355
"n=1000, N=n^(3/2)",Reference (Gaussian convention),k,0.2854999497487918,0.13779560768196505
"n=1000, N=n^(3/2)",Reference (Gaussian convention),k,0.299670802135133,0.23561913518251715
"n=1000, N=n^(3/2)",Reference (Gaussian convention),k,0.31384165452147417,0.383721166398215
"n=1000, N=n^(3/2)",Reference (Gaussian convention),k,0.32801250690781536,0.6126377126991173
"n=1000, N=n^(3/2)",Reference (Gaussian convention),k,0.34218335929415655,0.9464630509587031
"n=1000, N=n^(3/2)",Reference (Gaussian convention),k,0.35635421168049775,1.3975688970577658
"n=1000, N=n^(3/2)",Reference (Gaussian convention),k,0.37052506406683894,1.8922325045905337
"n=1000, N=n^(3/2)",Reference (Gaussian convention),k,0.38469591645318013,2.353932607656829
"n=1000, N=n^(3/2)",Reference (Gaussian convention),k,0.3988667688395213,2.9394852374425633
"n=1000, N=n^(3/2)",Reference (Gaussian convention),k,0.4130376212258624,3.6542051526747534
"n=1000, N=n^(3/2)",Reference (Gaussian convention),k,0.4272084736122036,4.183353270877361
"n=1000, N=n^(3/2)",Reference (Gaussian convention),k,0.4413793259985448,4.52192046488809
"n=1000, N=n^(3/2)",Reference (Gaussian convention),k,0.455550178384886,4.925293372245904
"n=1000, N=n^(3/2)",Reference (Gaussian convention),k,0.4697210307712272,5.231506593697039
"n=1000, N=n^(3/2)",Reference (Gaussian convention),k,0.48389188315756837,5.383972172151188
"n=1000, N=n^(3/2)",Reference (Gaussian convention),k,0.49806273554390956,5.269752777679421
"n=1000, N=n^(3/2)",Reference (Gaussian convention),k,0.5122335879302508,4.787211498285624
"n=1000, N=n^(3/2)",Reference (Gaussian convention),k,0.526404440316592,4.324833994144854
"n=1000, N=n^(3/2)",Reference (Gaussian convention),k,0.540575292702933,3.836514669163781
"n=1000, N=n^(3/2)",Reference (Gaussian convention),k,0.5547461450892742,3.2903162303702875
"n=1000, N=n^(3/2)",Reference (Gaussian convention),k,0.5689169974756154,2.7099002822886544
"n=1000, N=n^(3/2)",Reference (Gaussian convention),k,0.5830878498619566,2.0621300404693197
"n=1000, N=n^(3/2)",Reference (Gaussian convention),k,0.5972587022482978,1.5545145404725016
"n=1000, N=n^(3/2)",Reference (Gaussian convention),k,0.611429554634639,1.1707149716219922
"n=1000, N=n^(3/2)",Reference (Gaussian convention),k,0.6256004070209802,0.8039367386865621
"n=1000, N=n^(3/2)",Reference (Gaussian convention),k,0.6397712594073214,0.543473468896247
"n=1000, N=n^(3/2)",Reference (Gaussian convention),k,0.6539421117936626,0.3980490661116211
"n=1000, N=n^(3/2)",Reference (Gaussian convention),k,0.6681129641800037,0.2857385071319303
"n=1000, N=n^(3/2)",Reference (Gaussian convention),k,0.6822838165663448,0.18047833589418952
"n=1000, N=n^(3/2)",Reference (Gaussian convention),k,0.696454668952686,0.11453369680683341
"n=1000, N=n^(3/2)",Reference (Gaussian convention),k,0.7106255213390272,0.08184584307311625
"n=1000, N=n^(3/2)",Reference (Gaussian convention),k,0.7247963737253684,0.05482848728672728
"n=1000, N=n^(3/2)",Reference (Gaussian convention),k,0.7389672261117096,0.03582151574371027
"n=1000, N=n^(3/2)",Reference (Gaussian convention),k,0.7531380784980508,0.017795583448403714
"n=1000, N=n^(3/2)",Reference (Gaussian convention),k,0.767308930884392,0.008866142007349299
"n=1000, N=n^(3/2)",Reference (Gaussian convention),k,0.7814797832707332,0.004592408241513287
"n=1000, N=n^(3/2)",Reference (Gaussian convention),k,0.7956506356570743,0.0007482646716846727
"n=1000, N=n^(3/2)",Reference (Gaussian convention),k,0.8098214880434155,2.9738286294322236e-05
"n=1000, N=n^(3/2)",Reference (Gaussian convention),k,0.8239923404297568,2.828912395772124e-07
"n=1000, N=n^(3/2)",Reference (Gaussian convention),k,0.8381631928160979,6.430844176640171e-10
"n=1000, N=n^(3/2)",Reference (Gaussian convention),k,0.8523340452024392,3.491680614708684e-13
"n=1000, N=n^(3/2)",Reference (Gaussian convention),k,0.8665048975887802,4.5258840785460336e-17
"n=1000, N=n^(3/2)",Reference (Gaussian convention),k,0.8806757499751213,1.3997399327269615e-21
"n=1000, N=n^(3/2)",Reference (Gaussian convention),k,0.8948466023614626,1.0323659084676883e-26
"n=1000, N=n^(3/2)",Reference (Gaussian convention),k,0.9090174547478037,1.8148127369314452e-32
"n=1000, N=n^(3/2)",Reference (Gaussian convention),k,0.923188307134145,7.600102970044626e-39
"n=1000, N=n^(3/2)",Reference (Gaussian convention),k,0.9373591595204861,7.57856275232289e-46
"n=1000, N=n^(3/2)",Reference (Gaussian convention),k,0.9515300119068274,1.798621224130271e-53
"n=1000, N=n^(3/2)",Reference (Gaussian convention),k,0.9657008642931685,1.0155493776899367e-61
"n=1000, N=n^(3/2)",Reference (Gaussian convention),k,0.9798717166795098,1.3636773855805974e-70
"n=1000, N=n^(3/2)",Reference (Gaussian convention),k,0.9940425690658509,4.3534134713101856e-80
"n=1000, N=n^(3/2)",Reference (Gaussian convention),k,1.0082134214521918,3.3031718179447877e-90
"n=1000, N=n^(3/2)",Reference (Gaussian convention),k,1.0223842738385331,5.955337806076869e-101
"n=1000, N=n^(3/2)",Reference (Gaussian convention),k,1.0365551262248742,2.5507097272104647e-112
"n=1000, N=n^(3/2)",Reference (Gaussian convention),k,1.0507259786112155,2.5948571118743777e-124
"n=1000, N=n^(3/2)",Reference (Gaussian convention),k,1.0648968309975566,6.268931502875124e-137
"n=1000, N=n^(3/2)",Reference (Gaussian convention),k,1.079067683383898,3.596179015439987e-150
"n=1000, N=n^(3/2)",Reference (Gaussian convention),k,1.093238535770239,4.8978520764332636e-164
"n=1000, N=n^(3/2)",Reference (Gaussian convention),k,1.1074093881565803,1.583591496580458e-178
"n=1000, N=n^(3/2)",Reference (Gaussian convention),k,1.1215802405429214,1.2153936103657235e-193
"n=1000, N=n^(3/2)",Reference (Gaussian convention),k,1.1357510929292625,2.2140929541347533e-209
"n=1000, N=n^(3/2)",Reference (Gaussian convention),k,1.1499219453156038,9.57312049364696e-226
"n=1000, N=n^(3/2)",Reference (Gaussian convention),k,1.1640927977019448,9.823534069601397e-243
"n=1000, N=n^(3/2)",Reference (Gaussian convention),k,1.1782636500882862,2.39232302223433e-260
"n=1000, N=n^(3/2)",Reference (Gaussian convention),k,1.1924345024746272,1.3825917425044852e-278
"n=1000, N=n^(3/2)",Reference (Gaussian convention),k,1.2066053548609685,1.8961684652711433e-297
"n=1000, N=n^(3/2)",Reference (Gaussian convention),k,1.2207762072473096,6.1710286e-317
"n=1000, N=n^(3/2)",Reference (Gaussian convention),k,1.234947059633651,0.0
"n=1000, N=n^(3/2)",Reference (Gaussian convention),k,1.249117912019992,0.0
"n=1000, N=n^(3/2)",Reference (Gaussian convention),k,1.263288764406333,0.0
"n=1000, N=n^(3/2)",Reference (Gaussian convention),k,1.2774596167926744,0.0
"n=1000, N=n^(3/2)",Reference (Gaussian convention),k,1.2916304691790155,0.0
"n=1000, N=n^(3/2)",Reference (Gaussian convention),k,1.3058013215653568,0.0
"n=1000, N=n^(3/2)",Reference (Gaussian convention),k,1.3199721739516979,0.0
"n=1000, N=n^(3/2)",Reference (Gaussian convention),k,1.3341430263380392,0.0
"n=1000, N=n^(3/2)",Reference (Gaussian convention),k,1.3483138787243802,0.0
"n=1000, N=n^(3/2)",Reference (Gaussian convention),k,1.3624847311107215,0.0
"n=1000, N=n^(3/2)",Reference (Gaussian convention),k,1.3766555834970626,0.0
"n=1000, N=n^(3/2)",Reference (Gaussian convention),k,1.3908264358834037,0.0
"n=1000, N=n^(3/2)",Reference (Gaussian convention),k,1.404997288269745,0.0
"n=1000, N=n^(3/2)",Reference (Gaussian convention),k,1.419168140656086,0.0
"n=1000, N=n^(3/2)",Reference (Gaussian convention),k,1.4333389930424274,0.0
"n=1000, N=n^(3/2)",Reference (Gaussian convention),k,1.4475098454287685,0.0
"n=1000, N=n^(3/2)",Reference (Gaussian convention),k,1.4616806978151098,0.0
"n=1000, N=n^(3/2)",Reference (Gaussian convention),k,1.4758515502014509,0.0
"n=1000, N=n^(3/2)",Reference (Gaussian convention),k,1.4900224025877922,0.0
"n=1000, N=n^(3/2)",Reference (Gaussian convention),k,1.5041932549741333,0.0
"n=1000, N=n^(3/2)",Reference (Gaussian convention),k,1.5183641073604743,0.0
"n=1000, N=n^(3/2)",Reference (Gaussian convention),k,1.5325349597468156,0.0
"n=1000, N=n^(3/2)",Reference (Gaussian convention),k,1.5467058121331567,0.0
"n=1000, N=n^(3/2)",Reference (Gaussian convention),k,1.560876664519498,0.0
"n=1000, N=n^(3/2)",Reference (Gaussian convention),k,1.575047516905839,0.0
"n=1000, N=n^(3/2)",Reference (Gaussian convention),k,1.5892183692921804,0.0
"n=1000, N=n^(3/2)",Reference (Gaussian convention),k,1.6033892216785215,0.0
"n=1000, N=n^(3/2)",Reference (Gaussian convention),k,1.6175600740648628,0.0
"n=1000, N=n^(3/2)",Reference (Gaussian convention),k,1.6317309264512039,0.0
"n=1000, N=n^(3/2)",Reference (Gaussian convention),k,1.645901778837545,0.0
"n=1000, N=n^(3/2)",Reference (Gaussian convention),k,1.6600726312238863,0.0
"n=1000, N=n^(3/2)",Reference (Gaussian convention),k,1.6742434836102273,0.0
"n=1000, N=n^(3/2)",Reference (Gaussian convention),k,1.6884143359965686,0.0
"n=1000, N=n^(3/2)",Reference (Gaussian convention),k,1.7025851883829097,0.0
"n=1000, N=n^(3/2)",Reference (Gaussian convention),k,1.716756040769251,0.0
"n=1000, N=n^(3/2)",Reference (Gaussian convention),k,1.7309268931555921,0.0
"n=1000, N=n^(3/2)",Reference (Gaussian convention),k,1.7450977455419334,0.0
"n=1000, N=n^(3/2)",Reference (Gaussian convention),k,1.7592685979282745,0.0
"n=1000, N=n^(3/2)",Reference (Gaussian convention),k,1.7734394503146156,0.0
"n=1000, N=n^(3/2)",Reference (Gaussian convention),k,1.7876103027009569,0.0
"n=1000, N=n^(3/2)",Reference (Gaussian convention),k,1.801781155087298,0.0
"n=1000, N=n^(3/2)",Reference (Gaussian convention),k,1.8159520074736393,0.0
"n=1000, N=n^(3/2)",Reference (Gaussian convention),k,1.8301228598599806,0.0
"n=1000, N=n^(3/2)",Reference (Gaussian convention),k,1.8442937122463217,0.0
"n=1000, N=n^(3/2)",Reference (Gaussian convention),k,1.8584645646326627,0.0
"n=1000, N=n^(3/2)",Reference (Gaussian convention),k,1.8726354170190038,0.0
"n=1000, N=n^(3/2)",Reference (Gaussian convention),k,1.8868062694053453,0.0
"n=1000, N=n^(3/2)",Reference (Gaussian convention),k,1.9009771217916864,0.0
"n=1000, N=n^(3/2)",Reference (Gaussian convention),k,1.9151479741780275,0.0
"n=1000, N=n^(3/2)",Reference (Gaussian convention),k,1.9293188265643686,0.0
"n=1000, N=n^(3/2)",Reference (Gaussian convention),k,1.9434896789507097,0.0
"n=1000, N=n^(3/2)",Reference (Gaussian convention),k,1.9576605313370512,0.0
"n=1000, N=n^(3/2)",Reference (Gaussian convention),k,1.9718313837233923,0.0
"n=1000, N=n^(3/2)",Reference (Gaussian convention),k,1.9860022361097334,0.0
"n=1000, N=n^(3/2)",Reference (Gaussian convention),k,2.0001730884960747,0.0
"n=1000, N=n^(3/2)",Reference (Gaussian convention),k,2.014343940882416,0.0
"n=1000, N=n^(3/2)",Reference (Gaussian convention),k,2.0285147932687573,0.0
"n=1000, N=n^(3/2)",Reference (Gaussian convention),k,2.0426856456550984,0.0
"n=1000, N=n^(3/2)",Reference (Gaussian convention),k,2.0568564980414394,0.0
"n=1000, N=n^(3/2)",Reference (Gaussian convention),k,2.0710273504277805,0.0
"n=1000, N=n^(3/2)",Reference (Gaussian convention),k,2.085198202814122,0.0
"n=1000, N=n^(3/2)",Reference (Gaussian convention),k,2.099369055200463,0.0
"n=1000, N=n^(3/2)",Reference (Gaussian convention),k,2.113539907586804,0.0
"n=1000, N=n^(3/2)",Reference (Gaussian convention),k,2.1277107599731453,0.0
"n=1000, N=n^(3/2)",Reference (Gaussian convention),k,2.141881612359487,0.0
"n=1000, N=n^(3/2)",Reference (Gaussian convention),k,2.156052464745828,0.0
"n=1000, N=n^(3/2)",Reference (Gaussian convention),k,2.170223317132169,0.0
"n=1000, N=n^(3/2)",Reference (Gaussian convention),k,2.18439416951851,0.0
"n=1000, N=n^(3/2)",Reference (Gaussian convention),k,2.198565021904851,0.0
"n=1000, N=n^(3/2)",Reference (Gaussian convention),k,2.2127358742911927,0.0
"n=1000, N=n^(3/2)",Reference (Gaussian convention),k,2.2269067266775338,0.0
"n=1000, N=n^(3/2)",Reference (Gaussian convention),k,2.241077579063875,0.0
"n=1000, N=n^(3/2)",Reference (Gaussian convention),k,2.255248431450216,0.0
"n=1000, N=n^(3/2)",Reference (Gaussian convention),k,2.2694192838365574,0.0
"n=1000, N=n^(3/2)",Reference (Gaussian convention),k,2.2835901362228985,0.0
"n=1000, N=n^(3/2)",Reference (Gaussian convention),k,2.2977609886092396,0.0
"n=1000, N=n^(3/2)",Reference (Gaussian convention),k,2.3119318409955807,0.0
"n=1000, N=n^(3/2)",Reference (Gaussian convention),k,2.3261026933819218,0.0
"n=1000, N=n^(3/2)",Reference (Gaussian convention),k,2.3402735457682633,0.0
"n=1000, N=n^(3/2)",Reference (Gaussian convention),k,2.3544443981546044,0.0
"n=1000, N=n^(3/2)",Reference (Gaussian convention),k,2.3686152505409455,0.0
"n=1000, N=n^(3/2)",Reference (Gaussian convention),k,2.3827861029272865,0.0
"n=1000, N=n^(3/2)",Reference (Gaussian convention),k,2.396956955313628,0.0
"n=1000, N=n^(3/2)",Reference (Gaussian convention),k,2.411127807699969,0.0
"n=1000, N=n^(3/2)",Reference (Gaussian convention),k,2.4252986600863102,0.0
"n=1000, N=n^(3/2)",Reference (Gaussian convention),k,2.4394695124726513,0.0
"n=1000, N=n^(3/2)",Reference (Gaussian convention),k,2.4536403648589924,0.0
"n=1000, N=n^(3/2)",Reference (Gaussian convention),k,2.467811217245334,0.0
"n=1000, N=n^(3/2)",Reference (Gaussian convention),k,2.481982069631675,0.0
"n=1000, N=n^(3/2)",Reference (Gaussian convention),k,2.496152922018016,0.0
"n=1000, N=n^(3/2)",Reference (Gaussian convention),k,2.510323774404357,0.0
"n=1000, N=n^(3/2)",Reference (Gaussian convention),k,2.5244946267906987,0.0
"n=1000, N=n^(3/2)",Reference (Gaussian convention),k,2.5386654791770398,0.0
"n=1000, N=n^(3/2)",Reference (Gaussian convention),k,2.552836331563381,0.0
"n=1000, N=n^(3/2)",Reference (Gaussian convention),k,2.567007183949722,0.0
"n=1000, N=n^(3/2)",Reference (Gaussian convention),k,2.581178036336063,0.0
"n=1000, N=n^(3/2)",Reference (Gaussian convention),k,2.5953488887224045,0.0
"n=1000, N=n^(3/2)",Reference (Gaussian convention),k,2.6095197411087456,0.0
"n=1000, N=n^(3/2)",Reference (Gaussian convention),k,2.6236905934950867,0.0
"n=1000, N=n^(3/2)",Reference (Gaussian convention),k,2.637861445881428,0.0
"n=1000, N=n^(3/2)",flow-NPE,k,-0.18213817900046717,0.0002521235134050658
"n=1000, N=n^(3/2)",flow-NPE,k,-0.16796732661412597,0.0007041157794723654
"n=1000, N=n^(3/2)",flow-NPE,k,-0.1537964742277848,0.0018319099461858762
"n=1000, N=n^(3/2)",flow-NPE,k,-0.13962562184144361,0.004442703469268908
"n=1000, N=n^(3/2)",flow-NPE,k,-0.12545476945510245,0.010050201264763527
"n=1000, N=n^(3/2)",flow-NPE,k,-0.11128391706876126,0.021224822678120515
"n=1000, N=n^(3/2)",flow-NPE,k,-0.09711306468242008,0.041887141248897204
"n=1000, N=n^(3/2)",flow-NPE,k,-0.0829422122960789,0.07733771153502975
"n=1000, N=n^(3/2)",flow-NPE,k,-0.06877135990973772,0.1337763535913737
"n=1000, N=n^(3/2)",flow-NPE,k,-0.05460050752339654,0.21715187389471796
"n=1000, N=n^(3/2)",flow-NPE,k,-0.04042965513705535,0.3314355251778545
"n=1000, N=n^(3/2)",flow-NPE,k,-0.026258802750714183,0.4767609700842818
"n=1000, N=n^(3/2)",flow-NPE,k,-0.01208795036437299,0.6481396885599435
"n=1000, N=n^(3/2)",flow-NPE,k,0.002082902021968175,0.8354371653912942
"n=1000, N=n^(3/2)",flow-NPE,k,0.016253754408309368,1.0248993312677472
"n=1000, N=n^(3/2)",flow-NPE,k,0.030424606794650533,1.2018934320177443
"n=1000, N=n^(3/2)",flow-NPE,k,0.044595459180991726,1.3539892852323108
"n=1000, N=n^(3/2)",flow-NPE,k,0.05876631156733292,1.4733521328544459
"n=1000, N=n^(3/2)",flow-NPE,k,0.07293716395367408,1.5577264373015114
"n=1000, N=n^(3/2)",flow-NPE,k,0.08710801634001528,1.6098774781545135
"n=1000, N=n^(3/2)",flow-NPE,k,0.10127886872635647,1.6359132975453607
"n=1000, N=n^(3/2)",flow-NPE,k,0.1154497211126976,1.6431948813363129
"n=1000, N=n^(3/2)",flow-NPE,k,0.1296205734990388,1.638505902599934
"n=1000, N=n^(3/2)",flow-NPE,k,0.14379142588538,1.626901923617814
"n=1000, N=n^(3/2)",flow-NPE,k,0.15796227827172118,1.6113493913941597
"n=1000, N=n^(3/2)",flow-NPE,k,0.17213313065806238,1.5930137385214047
"n=1000, N=n^(3/2)",flow-NPE,k,0.18630398304440351,1.571915823033551
"n=1000, N=n^(3/2)",flow-NPE,k,0.2004748354307447,1.5476532757908876
"n=1000, N=n^(3/2)",flow-NPE,k,0.2146456878170859,1.5199568768631948
"n=1000, N=n^(3/2)",flow-NPE,k,0.2288165402034271,1.4889783081023038
"n=1000, N=n^(3/2)",flow-NPE,k,0.24298739258976823,1.4553276000791429
"n=1000, N=n^(3/2)",flow-NPE,k,0.2571582449761094,1.4199497806022625
"n=1000, N=n^(3/2)",flow-NPE,k,0.2713290973624506,1.3839383440717505
"n=1000, N=n^(3/2)",flow-NPE,k,0.2854999497487918,1.3483510867327246
"n=1000, N=n^(3/2)",flow-NPE,k,0.299670802135133,1.31405632099634
"n=1000, N=n^(3/2)",flow-NPE,k,0.31384165452147417,1.2816160470576252
"n=1000, N=n^(3/2)",flow-NPE,k,0.32801250690781536,1.2512093606032821
"n=1000, N=n^(3/2)",flow-NPE,k,0.34218335929415655,1.2226063418019282
"n=1000, N=n^(3/2)",flow-NPE,k,0.35635421168049775,1.1952108873309184
"n=1000, N=n^(3/2)",flow-NPE,k,0.37052506406683894,1.1681906024512025
"n=1000, N=n^(3/2)",flow-NPE,k,0.38469591645318013,1.1406926839953544
"n=1000, N=n^(3/2)",flow-NPE,k,0.3988667688395213,1.1121047639969086
"n=1000, N=n^(3/2)",flow-NPE,k,0.4130376212258624,1.0822760566359857
"n=1000, N=n^(3/2)",flow-NPE,k,0.4272084736122036,1.0515995743206257
"n=1000, N=n^(3/2)",flow-NPE,k,0.4413793259985448,1.0208960606260342
"n=1000, N=n^(3/2)",flow-NPE,k,0.455550178384886,0.991126489927804
"n=1000, N=n^(3/2)",flow-NPE,k,0.4697210307712272,0.9630468107429547
"n=1000, N=n^(3/2)",flow-NPE,k,0.48389188315756837,0.9369509778362887
"n=1000, N=n^(3/2)",flow-NPE,k,0.49806273554390956,0.9126028802778317
"n=1000, N=n^(3/2)",flow-NPE,k,0.5122335879302508,0.88936253268284
"n=1000, N=n^(3/2)",flow-NPE,k,0.526404440316592,0.8664259804180763
"n=1000, N=n^(3/2)",flow-NPE,k,0.540575292702933,0.8430684074251669
"n=1000, N=n^(3/2)",flow-NPE,k,0.5547461450892742,0.8188096744468261
"n=1000, N=n^(3/2)",flow-NPE,k,0.5689169974756154,0.7934773441450732
"n=1000, N=n^(3/2)",flow-NPE,k,0.5830878498619566,0.7671847153879008
"n=1000, N=n^(3/2)",flow-NPE,k,0.5972587022482978,0.7402537273714844
"n=1000, N=n^(3/2)",flow-NPE,k,0.611429554634639,0.7131058064061065
"n=1000, N=n^(3/2)",flow-NPE,k,0.6256004070209802,0.6861397909023464
"n=1000, N=n^(3/2)",flow-NPE,k,0.6397712594073214,0.6596257541338943
"n=1000, N=n^(3/2)",flow-NPE,k,0.6539421117936626,0.63365603742808
"n=1000, N=n^(3/2)",flow-NPE,k,0.6681129641800037,0.6081871325751051
"n=1000, N=n^(3/2)",flow-NPE,k,0.6822838165663448,0.5831661723108735
"n=1000, N=n^(3/2)",flow-NPE,k,0.696454668952686,0.5586805404192833
"n=1000, N=n^(3/2)",flow-NPE,k,0.7106255213390272,0.5350380366941571
"n=1000, N=n^(3/2)",flow-NPE,k,0.7247963737253684,0.5127099227282206
"n=1000, N=n^(3/2)",flow-NPE,k,0.7389672261117096,0.49214386517528863
"n=1000, N=n^(3/2)",flow-NPE,k,0.7531380784980508,0.473533237118874
"n=1000, N=n^(3/2)",flow-NPE,k,0.767308930884392,0.4566619428556748
"n=1000, N=n^(3/2)",flow-NPE,k,0.7814797832707332,0.440910126254733
"n=1000, N=n^(3/2)",flow-NPE,k,0.7956506356570743,0.42542897612559505
"n=1000, N=n^(3/2)",flow-NPE,k,0.8098214880434155,0.4094168270370434
"n=1000, N=n^(3/2)",flow-NPE,k,0.8239923404297568,0.39238859535518444
"n=1000, N=n^(3/2)",flow-NPE,k,0.8381631928160979,0.3743364927014091
"n=1000, N=n^(3/2)",flow-NPE,k,0.8523340452024392,0.35572294807750776
"n=1000, N=n^(3/2)",flow-NPE,k,0.8665048975887802,0.3373095123742097
"n=1000, N=n^(3/2)",flow-NPE,k,0.8806757499751213,0.31988753030876665
"n=1000, N=n^(3/2)",flow-NPE,k,0.8948466023614626,0.304014786188795
"n=1000, N=n^(3/2)",flow-NPE,k,0.9090174547478037,0.2898587631829292
"n=1000, N=n^(3/2)",flow-NPE,k,0.923188307134145,0.27719922622288995
"n=1000, N=n^(3/2)",flow-NPE,k,0.9373591595204861,0.2655709964546455
"n=1000, N=n^(3/2)",flow-NPE,k,0.9515300119068274,0.2544678326027766
"n=1000, N=n^(3/2)",flow-NPE,k,0.9657008642931685,0.24351151092028578
"n=1000, N=n^(3/2)",flow-NPE,k,0.9798717166795098,0.2325236063052346
"n=1000, N=n^(3/2)",flow-NPE,k,0.9940425690658509,0.2214988341397551
"n=1000, N=n^(3/2)",flow-NPE,k,1.0082134214521918,0.21053012380997307
"n=1000, N=n^(3/2)",flow-NPE,k,1.0223842738385331,0.19974743026264194
"n=1000, N=n^(3/2)",flow-NPE,k,1.0365551262248742,0.18930245883498986
"n=1000, N=n^(3/2)",flow-NPE,k,1.0507259786112155,0.1793851671619119
"n=1000, N=n^(3/2)",flow-NPE,k,1.0648968309975566,0.17022912294292517
"n=1000, N=n^(3/2)",flow-NPE,k,1.079067683383898,0.16207053579444913
"n=1000, N=n^(3/2)",flow-NPE,k,1.093238535770239,0.15506210952792304
"n=1000, N=n^(3/2)",flow-NPE,k,1.1074093881565803,0.14918064675356682
"n=1000, N=n^(3/2)",flow-NPE,k,1.1215802405429214,0.14418046679537241
"n=1000, N=n^(3/2)",flow-NPE,k,1.1357510929292625,0.1396252962871192
"n=1000, N=n^(3/2)",flow-NPE,k,1.1499219453156038,0.13499268136162446
"n=1000, N=n^(3/2)",flow-NPE,k,1.1640927977019448,0.12981067736759302
"n=1000, N=n^(3/2)",flow-NPE,k,1.1782636500882862,0.12377479173543855
"n=1000, N=n^(3/2)",flow-NPE,k,1.1924345024746272,0.11680700349846199
"n=1000, N=n^(3/2)",flow-NPE,k,1.2066053548609685,0.10904696025926254
"n=1000, N=n^(3/2)",flow-NPE,k,1.2207762072473096,0.10079159639453433
"n=1000, N=n^(3/2)",flow-NPE,k,1.234947059633651,0.09241188769194615
"n=1000, N=n^(3/2)",flow-NPE,k,1.249117912019992,0.08427295700327121
"n=1000, N=n^(3/2)",flow-NPE,k,1.263288764406333,0.07667295993159019
"n=1000, N=n^(3/2)",flow-NPE,k,1.2774596167926744,0.06980533969201744
"n=1000, N=n^(3/2)",flow-NPE,k,1.2916304691790155,0.06374283494562465
"n=1000, N=n^(3/2)",flow-NPE,k,1.3058013215653568,0.05844032224907235
"n=1000, N=n^(3/2)",flow-NPE,k,1.3199721739516979,0.053754872472989115
"n=1000, N=n^(3/2)",flow-NPE,k,1.3341430263380392,0.04948227854976036
"n=1000, N=n^(3/2)",flow-NPE,k,1.3483138787243802,0.04540729055027424
"n=1000, N=n^(3/2)",flow-NPE,k,1.3624847311107215,0.041359434539605895
"n=1000, N=n^(3/2)",flow-NPE,k,1.3766555834970626,0.037260385293160156
"n=1000, N=n^(3/2)",flow-NPE,k,1.3908264358834037,0.03314728182413588
"n=1000, N=n^(3/2)",flow-NPE,k,1.404997288269745,0.02916231000392195
"n=1000, N=n^(3/2)",flow-NPE,k,1.419168140656086,0.025510582204546255
"n=1000, N=n^(3/2)",flow-NPE,k,1.4333389930424274,0.022399869026132023
"n=1000, N=n^(3/2)",flow-NPE,k,1.4475098454287685,0.01998130936367222
"n=1000, N=n^(3/2)",flow-NPE,k,1.4616806978151098,0.018308192729001693
"n=1000, N=n^(3/2)",flow-NPE,k,1.4758515502014509,0.017322835011189777
"n=1000, N=n^(3/2)",flow-NPE,k,1.4900224025877922,0.016873164979167483
"n=1000, N=n^(3/2)",flow-NPE,k,1.5041932549741333,0.01675307979835221
"n=1000, N=n^(3/2)",flow-NPE,k,1.5183641073604743,0.016754588468031135
"n=1000, N=n^(3/2)",flow-NPE,k,1.5325349597468156,0.016716129375980514
"n=1000, N=n^(3/2)",flow-NPE,k,1.5467058121331567,0.016552027467597107
"n=1000, N=n^(3/2)",flow-NPE,k,1.560876664519498,0.016254111905331332
"n=1000, N=n^(3/2)",flow-NPE,k,1.575047516905839,0.01586671289343688
"n=1000, N=n^(3/2)",flow-NPE,k,1.5892183692921804,0.015446467548961302
"n=1000, N=n^(3/2)",flow-NPE,k,1.6033892216785215,0.015023924247009284
"n=1000, N=n^(3/2)",flow-NPE,k,1.6175600740648628,0.014582451566929437
"n=1000, N=n^(3/2)",flow-NPE,k,1.6317309264512039,0.01406237170740245
"n=1000, N=n^(3/2)",flow-NPE,k,1.645901778837545,0.013387788957111776
"n=1000, N=n^(3/2)",flow-NPE,k,1.6600726312238863,0.012504193361173824
"n=1000, N=n^(3/2)",flow-NPE,k,1.6742434836102273,0.011410138003327137
"n=1000, N=n^(3/2)",flow-NPE,k,1.6884143359965686,0.010168420357940446
"n=1000, N=n^(3/2)",flow-NPE,k,1.7025851883829097,0.008891011628584045
"n=1000, N=n^(3/2)",flow-NPE,k,1.716756040769251,0.007703844858287084
"n=1000, N=n^(3/2)",flow-NPE,k,1.7309268931555921,0.006706666921689872
"n=1000, N=n^(3/2)",flow-NPE,k,1.7450977455419334,0.0059447487441956475
"n=1000, N=n^(3/2)",flow-NPE,k,1.7592685979282745,0.005402762053358391
"n=1000, N=n^(3/2)",flow-NPE,k,1.7734394503146156,0.005020467846029492
"n=1000, N=n^(3/2)",flow-NPE,k,1.7876103027009569,0.004720737819765201
"n=1000, N=n^(3/2)",flow-NPE,k,1.801781155087298,0.0044369697497424814
"n=1000, N=n^(3/2)",flow-NPE,k,1.8159520074736393,0.004129845519566643
"n=1000, N=n^(3/2)",flow-NPE,k,1.8301228598599806,0.003790189768260642
"n=1000, N=n^(3/2)",flow-NPE,k,1.8442937122463217,0.0034315448272150516
"n=1000, N=n^(3/2)",flow-NPE,k,1.8584645646326627,0.003079622828314727
"n=1000, N=n^(3/2)",flow-NPE,k,1.8726354170190038,0.0027647423748785333
"n=1000, N=n^(3/2)",flow-NPE,k,1.8868062694053453,0.0025190631525402775
"n=1000, N=n^(3/2)",flow-NPE,k,1.9009771217916864,0.0023760197893012247
"n=1000, N=n^(3/2)",flow-NPE,k,1.9151479741780275,0.002367699711018754
"n=1000, N=n^(3/2)",flow-NPE,k,1.9293188265643686,0.0025177859733576512
"n=1000, N=n^(3/2)",flow-NPE,k,1.9434896789507097,0.0028314570698841305
"n=1000, N=n^(3/2)",flow-NPE,k,1.9576605313370512,0.0032866329151019606
"n=1000, N=n^(3/2)",flow-NPE,k,1.9718313837233923,0.003831367892897205
"n=1000, N=n^(3/2)",flow-NPE,k,1.9860022361097334,0.004390004785540981
"n=1000, N=n^(3/2)",flow-NPE,k,2.0001730884960747,0.004877264387740362
"n=1000, N=n^(3/2)",flow-NPE,k,2.014343940882416,0.005216377021405806
"n=1000, N=n^(3/2)",flow-NPE,k,2.0285147932687573,0.005355794079540384
"n=1000, N=n^(3/2)",flow-NPE,k,2.0426856456550984,0.005279417322748801
"n=1000, N=n^(3/2)",flow-NPE,k,2.0568564980414394,0.005007506866898447
"n=1000, N=n^(3/2)",flow-NPE,k,2.0710273504277805,0.0045886927363551116
"n=1000, N=n^(3/2)",flow-NPE,k,2.085198202814122,0.004086495757135587
"n=1000, N=n^(3/2)",flow-NPE,k,2.099369055200463,0.0035651430747474532
"n=1000, N=n^(3/2)",flow-NPE,k,2.113539907586804,0.00307872538635088
"n=1000, N=n^(3/2)",flow-NPE,k,2.1277107599731453,0.002665534617868565
"n=1000, N=n^(3/2)",flow-NPE,k,2.141881612359487,0.002347069210789795
"n=1000, N=n^(3/2)",flow-NPE,k,2.156052464745828,0.002129785953403061
"n=1000, N=n^(3/2)",flow-NPE,k,2.170223317132169,0.0020075249447040044
"n=1000, N=n^(3/2)",flow-NPE,k,2.18439416951851,0.0019633466622754722
"n=1000, N=n^(3/2)",flow-NPE,k,2.198565021904851,0.0019708112160716773
"n=1000, N=n^(3/2)",flow-NPE,k,2.2127358742911927,0.001995926629527781
"n=1000, N=n^(3/2)",flow-NPE,k,2.2269067266775338,0.0020013719967782615
"n=1000, N=n^(3/2)",flow-NPE,k,2.241077579063875,0.001953595347047604
"n=1000, N=n^(3/2)",flow-NPE,k,2.255248431450216,0.001831266182231613
"n=1000, N=n^(3/2)",flow-NPE,k,2.2694192838365574,0.0016316909555436812
"n=1000, N=n^(3/2)",flow-NPE,k,2.2835901362228985,0.0013717879366023289
"n=1000, N=n^(3/2)",flow-NPE,k,2.2977609886092396,0.001082513338101136
"n=1000, N=n^(3/2)",flow-NPE,k,2.3119318409955807,0.0007989068566457456
"n=1000, N=n^(3/2)",flow-NPE,k,2.3261026933819218,0.0005500226492448208
"n=1000, N=n^(3/2)",flow-NPE,k,2.3402735457682633,0.00035263937984348026
"n=1000, N=n^(3/2)",flow-NPE,k,2.3544443981546044,0.00021029380545464118
"n=1000, N=n^(3/2)",flow-NPE,k,2.3686152505409455,0.00011654930882413628
"n=1000, N=n^(3/2)",flow-NPE,k,2.3827861029272865,5.999768603832415e-05
"n=1000, N=n^(3/2)",flow-NPE,k,2.396956955313628,2.8676877937745687e-05
"n=1000, N=n^(3/2)",flow-NPE,k,2.411127807699969,1.2722887603646421e-05
"n=1000, N=n^(3/2)",flow-NPE,k,2.4252986600863102,5.238611580948099e-06
"n=1000, N=n^(3/2)",flow-NPE,k,2.4394695124726513,2.0015598728693355e-06
"n=1000, N=n^(3/2)",flow-NPE,k,2.4536403648589924,7.095862544024861e-07
"n=1000, N=n^(3/2)",flow-NPE,k,2.467811217245334,2.3339962119485928e-07
"n=1000, N=n^(3/2)",flow-NPE,k,2.481982069631675,7.122552530482741e-08
"n=1000, N=n^(3/2)",flow-NPE,k,2.496152922018016,2.016505979631122e-08
"n=1000, N=n^(3/2)",flow-NPE,k,2.510323774404357,5.296430837719751e-09
"n=1000, N=n^(3/2)",flow-NPE,k,2.5244946267906987,1.290569091337517e-09
"n=1000, N=n^(3/2)",flow-NPE,k,2.5386654791770398,2.917355847648473e-10
"n=1000, N=n^(3/2)",flow-NPE,k,2.552836331563381,6.117937180518161e-11
"n=1000, N=n^(3/2)",flow-NPE,k,2.567007183949722,1.1902171486794341e-11
"n=1000, N=n^(3/2)",flow-NPE,k,2.581178036336063,2.148086090355026e-12
"n=1000, N=n^(3/2)",flow-NPE,k,2.5953488887224045,3.596504115007986e-13
"n=1000, N=n^(3/2)",flow-NPE,k,2.6095197411087456,5.586145265754114e-14
"n=1000, N=n^(3/2)",flow-NPE,k,2.6236905934950867,8.049080109453253e-15
"n=1000, N=n^(3/2)",flow-NPE,k,2.637861445881428,1.075925849649316e-15
"n=1000, N=n^(3/2)",Gaussian-NPE,k,-0.18213817900046717,0.00024948394992668115
"n=1000, N=n^(3/2)",Gaussian-NPE,k,-0.16796732661412597,0.0004568021859576928
"n=1000, N=n^(3/2)",Gaussian-NPE,k,-0.1537964742277848,0.0008136377203394521
"n=1000, N=n^(3/2)",Gaussian-NPE,k,-0.13962562184144361,0.0014102480878861476
"n=1000, N=n^(3/2)",Gaussian-NPE,k,-0.12545476945510245,0.0023794424438875624
"n=1000, N=n^(3/2)",Gaussian-NPE,k,-0.11128391706876126,0.003909610570388832
"n=1000, N=n^(3/2)",Gaussian-NPE,k,-0.09711306468242008,0.006258115959281589
"n=1000, N=n^(3/2)",Gaussian-NPE,k,-0.0829422122960789,0.009763121293206478
"n=1000, N=n^(3/2)",Gaussian-NPE,k,-0.06877135990973772,0.01485121667981824
"n=1000, N=n^(3/2)",Gaussian-NPE,k,-0.05460050752339654,0.022037754918689464
"n=1000, N=n^(3/2)",Gaussian-NPE,k,-0.04042965513705535,0.0319167853088165
"n=1000, N=n^(3/2)",Gaussian-NPE,k,-0.026258802750714183,0.045138115211587955
"n=1000, N=n^(3/2)",Gaussian-NPE,k,-0.01208795036437299,0.062370423143598995
"n=1000, N=n^(3/2)",Gaussian-NPE,k,0.002082902021968175,0.08425144960038303
"n=1000, N=n^(3/2)",Gaussian-NPE,k,0.016253754408309368,0.11132885603513432
"n=1000, N=n^(3/2)",Gaussian-NPE,k,0.030424606794650533,0.14399792663518193
"n=1000, N=n^(3/2)",Gaussian-NPE,k,0.044595459180991726,0.1824443118962835
"n=1000, N=n^(3/2)",Gaussian-NPE,k,0.05876631156733292,0.22660087386412517
"n=1000, N=n^(3/2)",Gaussian-NPE,k,0.07293716395367408,0.2761269172372378
"n=1000, N=n^(3/2)",Gaussian-NPE,k,0.08710801634001528,0.33041549641568796
"n=1000, N=n^(3/2)",Gaussian-NPE,k,0.10127886872635647,0.38863030584501196
"n=1000, N=n^(3/2)",Gaussian-NPE,k,0.1154497211126976,0.4497685635798919
"n=1000, N=n^(3/2)",Gaussian-NPE,k,0.1296205734990388,0.512741314507052
"n=1000, N=n^(3/2)",Gaussian-NPE,k,0.14379142588538,0.5764588798108559
"n=1000, N=n^(3/2)",Gaussian-NPE,k,0.15796227827172118,0.6399077758483757
"n=1000, N=n^(3/2)",Gaussian-NPE,k,0.17213313065806238,0.7022068712705706
"n=1000, N=n^(3/2)",Gaussian-NPE,k,0.18630398304440351,0.7626347269860133
"n=1000, N=n^(3/2)",Gaussian-NPE,k,0.2004748354307447,0.8206261406364636
"n=1000, N=n^(3/2)",Gaussian-NPE,k,0.2146456878170859,0.8757425244448568
"n=1000, N=n^(3/2)",Gaussian-NPE,k,0.2288165402034271,0.9276263067569612
"n=1000, N=n^(3/2)",Gaussian-NPE,k,0.24298739258976823,0.9759526967673381
"n=1000, N=n^(3/2)",Gaussian-NPE,k,0.2571582449761094,1.0203921003689826
"n=1000, N=n^(3/2)",Gaussian-NPE,k,0.2713290973624506,1.0605932297217036
"n=1000, N=n^(3/2)",Gaussian-NPE,k,0.2854999497487918,1.0961913194591366
"n=1000, N=n^(3/2)",Gaussian-NPE,k,0.299670802135133,1.126839259705215
"n=1000, N=n^(3/2)",Gaussian-NPE,k,0.31384165452147417,1.152253539038936
"n=1000, N=n^(3/2)",Gaussian-NPE,k,0.32801250690781536,1.1722631449733472
"n=1000, N=n^(3/2)",Gaussian-NPE,k,0.34218335929415655,1.1868489214272864
"n=1000, N=n^(3/2)",Gaussian-NPE,k,0.35635421168049775,1.1961634424777317
"n=1000, N=n^(3/2)",Gaussian-NPE,k,0.37052506406683894,1.2005264755342706
"n=1000, N=n^(3/2)",Gaussian-NPE,k,0.38469591645318013,1.2003971496299406
"n=1000, N=n^(3/2)",Gaussian-NPE,k,0.3988667688395213,1.1963293220682893
"n=1000, N=n^(3/2)",Gaussian-NPE,k,0.4130376212258624,1.1889198948013207
"n=1000, N=n^(3/2)",Gaussian-NPE,k,0.4272084736122036,1.1787602069365313
"n=1000, N=n^(3/2)",Gaussian-NPE,k,0.4413793259985448,1.166398280884117
"n=1000, N=n^(3/2)",Gaussian-NPE,k,0.455550178384886,1.1523156254437534
"n=1000, N=n^(3/2)",Gaussian-NPE,k,0.4697210307712272,1.136917959315733
"n=1000, N=n^(3/2)",Gaussian-NPE,k,0.48389188315756837,1.120536002187309
"n=1000, N=n^(3/2)",Gaussian-NPE,k,0.49806273554390956,1.1034312277721041
"n=1000, N=n^(3/2)",Gaussian-NPE,k,0.5122335879302508,1.0858022336764201
"n=1000, N=n^(3/2)",Gaussian-NPE,k,0.526404440316592,1.0677894912591666
"n=1000, N=n^(3/2)",Gaussian-NPE,k,0.540575292702933,1.0494786500026025
"n=1000, N=n^(3/2)",Gaussian-NPE,k,0.5547461450892742,1.030904299313661
"n=1000, N=n^(3/2)",Gaussian-NPE,k,0.5689169974756154,1.0120565651579414
"n=1000, N=n^(3/2)",Gaussian-NPE,k,0.5830878498619566,0.9928921308578629
"n=1000, N=n^(3/2)",Gaussian-NPE,k,0.5972587022482978,0.9733496880528021
"n=1000, N=n^(3/2)",Gaussian-NPE,k,0.611429554634639,0.9533681400461292
"n=1000, N=n^(3/2)",Gaussian-NPE,k,0.6256004070209802,0.9329047289859821
"n=1000, N=n^(3/2)",Gaussian-NPE,k,0.6397712594073214,0.9119499964278341
"n=1000, N=n^(3/2)",Gaussian-NPE,k,0.6539421117936626,0.8905371126337792
"n=1000, N=n^(3/2)",Gaussian-NPE,k,0.6681129641800037,0.8687443251899422
"n=1000, N=n^(3/2)",Gaussian-NPE,k,0.6822838165663448,0.8466906408881181
"n=1000, N=n^(3/2)",Gaussian-NPE,k,0.696454668952686,0.824525961711883
"n=1000, N=n^(3/2)",Gaussian-NPE,k,0.7106255213390272,0.8024175162988535
"n=1000, N=n^(3/2)",Gaussian-NPE,k,0.7247963737253684,0.7805345578526307
"n=1000, N=n^(3/2)",Gaussian-NPE,k,0.7389672261117096,0.7590331108883793
"n=1000, N=n^(3/2)",Gaussian-NPE,k,0.7531380784980508,0.7380422735966632
"n=1000, N=n^(3/2)",Gaussian-NPE,k,0.767308930884392,0.7176533777294105
"n=1000, N=n^(3/2)",Gaussian-NPE,k,0.7814797832707332,0.6979131777609353
"n=1000, N=n^(3/2)",Gaussian-NPE,k,0.7956506356570743,0.6788220483065419
"n=1000, N=n^(3/2)",Gaussian-NPE,k,0.8098214880434155,0.6603377341398435
"n=1000, N=n^(3/2)",Gaussian-NPE,k,0.8239923404297568,0.6423844332797984
"n=1000, N=n^(3/2)",Gaussian-NPE,k,0.8381631928160979,0.6248659985809117
"n=1000, N=n^(3/2)",Gaussian-NPE,k,0.8523340452024392,0.6076810970355437
"n=1000, N=n^(3/2)",Gaussian-NPE,k,0.8665048975887802,0.5907376231958337
"n=1000, N=n^(3/2)",Gaussian-NPE,k,0.8806757499751213,0.5739637908260085
"n=1000, N=n^(3/2)",Gaussian-NPE,k,0.8948466023614626,0.5573141674763836
"n=1000, N=n^(3/2)",Gaussian-NPE,k,0.9090174547478037,0.5407702448359069
"n=1000, N=n^(3/2)",Gaussian-NPE,k,0.923188307134145,0.5243365351694785
"n=1000, N=n^(3/2)",Gaussian-NPE,k,0.9373591595204861,0.5080341988594118
"n=1000, N=n^(3/2)",Gaussian-NPE,k,0.9515300119068274,0.4918945272412349
"n=1000, N=n^(3/2)",Gaussian-NPE,k,0.9657008642931685,0.4759541679020058
"n=1000, N=n^(3/2)",Gaussian-NPE,k,0.9798717166795098,0.46025298810784676
"n=1000, N=n^(3/2)",Gaussian-NPE,k,0.9940425690658509,0.4448343013505442
"n=1000, N=n^(3/2)",Gaussian-NPE,k,1.0082134214521918,0.42974623667128087
"n=1000, N=n^(3/2)",Gaussian-NPE,k,1.0223842738385331,0.415042604144468
"n=1000, N=n^(3/2)",Gaussian-NPE,k,1.0365551262248742,0.4007818000958516
"n=1000, N=n^(3/2)",Gaussian-NPE,k,1.0507259786112155,0.3870229948346768
"n=1000, N=n^(3/2)",Gaussian-NPE,k,1.0648968309975566,0.37381980085657474
"n=1000, N=n^(3/2)",Gaussian-NPE,k,1.079067683383898,0.3612125276365583
"n=1000, N=n^(3/2)",Gaussian-NPE,k,1.093238535770239,0.3492207315373496
"n=1000, N=n^(3/2)",Gaussian-NPE,k,1.1074093881565803,0.3378379151405875
"n=1000, N=n^(3/2)",Gaussian-NPE,k,1.1215802405429214,0.3270298978172219
"n=1000, N=n^(3/2)",Gaussian-NPE,k,1.1357510929292625,0.3167376607616041
"n=1000, N=n^(3/2)",Gaussian-NPE,k,1.1499219453156038,0.306884534611715
"n=1000, N=n^(3/2)",Gaussian-NPE,k,1.1640927977019448,0.2973866518605475
"n=1000, N=n^(3/2)",Gaussian-NPE,k,1.1782636500882862,0.28816483422904454
"n=1000, N=n^(3/2)",Gaussian-NPE,k,1.1924345024746272,0.2791556984591502
"n=1000, N=n^(3/2)",Gaussian-NPE,k,1.2066053548609685,0.2703198500723071
"n=1000, N=n^(3/2)",Gaussian-NPE,k,1.2207762072473096,0.2616456077843911
"n=1000, N=n^(3/2)",Gaussian-NPE,k,1.234947059633651,0.25314766240129355
"n=1000, N=n^(3/2)",Gaussian-NPE,k,1.249117912019992,0.24486121338148706
"n=1000, N=n^(3/2)",Gaussian-NPE,k,1.263288764406333,0.2368331604076838
"n=1000, N=n^(3/2)",Gaussian-NPE,k,1.2774596167926744,0.22911257038289962
"n=1000, N=n^(3/2)",Gaussian-NPE,k,1.2916304691790155,0.22174269236299055
"n=1000, N=n^(3/2)",Gaussian-NPE,k,1.3058013215653568,0.21475621543841764
"n=1000, N=n^(3/2)",Gaussian-NPE,k,1.3199721739516979,0.20817441049514812
"n=1000, N=n^(3/2)",Gaussian-NPE,k,1.3341430263380392,0.20200957748134912
"n=1000, N=n^(3/2)",Gaussian-NPE,k,1.3483138787243802,0.19626921266716404
"n=1000, N=n^(3/2)",Gaussian-NPE,k,1.3624847311107215,0.1909598359083067
"n=1000, N=n^(3/2)",Gaussian-NPE,k,1.3766555834970626,0.18608862901274012
"n=1000, N=n^(3/2)",Gaussian-NPE,k,1.3908264358834037,0.18166186092378211
"n=1000, N=n^(3/2)",Gaussian-NPE,k,1.404997288269745,0.1776802363189187
"n=1000, N=n^(3/2)",Gaussian-NPE,k,1.419168140656086,0.17413241208462907
"n=1000, N=n^(3/2)",Gaussian-NPE,k,1.4333389930424274,0.17098861507652718
"n=1000, N=n^(3/2)",Gaussian-NPE,k,1.4475098454287685,0.16819635116461865
"n=1000, N=n^(3/2)",Gaussian-NPE,k,1.4616806978151098,0.16567963252305223
"n=1000, N=n^(3/2)",Gaussian-NPE,k,1.4758515502014509,0.1633421948945377
"n=1000, N=n^(3/2)",Gaussian-NPE,k,1.4900224025877922,0.1610741773562563
"n=1000, N=n^(3/2)",Gaussian-NPE,k,1.5041932549741333,0.15876102336353165
"n=1000, N=n^(3/2)",Gaussian-NPE,k,1.5183641073604743,0.1562931168092497
"n=1000, N=n^(3/2)",Gaussian-NPE,k,1.5325349597468156,0.15357486694046651
"n=1000, N=n^(3/2)",Gaussian-NPE,k,1.5467058121331567,0.15053240297426235
"n=1000, N=n^(3/2)",Gaussian-NPE,k,1.560876664519498,0.14711946906662093
"n=1000, N=n^(3/2)",Gaussian-NPE,k,1.575047516905839,0.14332132597770667
"n=1000, N=n^(3/2)",Gaussian-NPE,k,1.5892183692921804,0.13915643023987598
"n=1000, N=n^(3/2)",Gaussian-NPE,k,1.6033892216785215,0.13467550525601746
"n=1000, N=n^(3/2)",Gaussian-NPE,k,1.6175600740648628,0.1299575599263729
"n=1000, N=n^(3/2)",Gaussian-NPE,k,1.6317309264512039,0.12510263073330966
"n=1000, N=n^(3/2)",Gaussian-NPE,k,1.645901778837545,0.12022156181136467
"n=1000, N=n^(3/2)",Gaussian-NPE,k,1.6600726312238863,0.11542385800595788
"n=1000, N=n^(3/2)",Gaussian-NPE,k,1.6742434836102273,0.11080529183169534
"n=1000, N=n^(3/2)",Gaussian-NPE,k,1.6884143359965686,0.10643725474278487
"n=1000, N=n^(3/2)",Gaussian-NPE,k,1.7025851883829097,0.10235966551441462
"n=1000, N=n^(3/2)",Gaussian-NPE,k,1.716756040769251,0.09857860751147858
"n=1000, N=n^(3/2)",Gaussian-NPE,k,1.7309268931555921,0.09506894496958171
"n=1000, N=n^(3/2)",Gaussian-NPE,k,1.7450977455419334,0.09178122827254886
"n=1000, N=n^(3/2)",Gaussian-NPE,k,1.7592685979282745,0.08865147964068408
"n=1000, N=n^(3/2)",Gaussian-NPE,k,1.7734394503146156,0.08561209501179973
"n=1000, N=n^(3/2)",Gaussian-NPE,k,1.7876103027009569,0.08260212333352443
"n=1000, N=n^(3/2)",Gaussian-NPE,k,1.801781155087298,0.07957551154151336
"n=1000, N=n^(3/2)",Gaussian-NPE,k,1.8159520074736393,0.07650640684775185
"n=1000, N=n^(3/2)",Gaussian-NPE,k,1.8301228598599806,0.07339116475186357
"n=1000, N=n^(3/2)",Gaussian-NPE,k,1.8442937122463217,0.07024722748400113
"n=1000, N=n^(3/2)",Gaussian-NPE,k,1.8584645646326627,0.0671094517236234
"n=1000, N=n^(3/2)",Gaussian-NPE,k,1.8726354170190038,0.06402473863503264
"n=1000, N=n^(3/2)",Gaussian-NPE,k,1.8868062694053453,0.06104593279041141
"n=1000, N=n^(3/2)",Gaussian-NPE,k,1.9009771217916864,0.05822590661550865
"n=1000, N=n^(3/2)",Gaussian-NPE,k,1.9151479741780275,0.055612554240060535
"n=1000, N=n^(3/2)",Gaussian-NPE,k,1.9293188265643686,0.05324512948236707
"n=1000, N=n^(3/2)",Gaussian-NPE,k,1.9434896789507097,0.05115204266712587
"n=1000, N=n^(3/2)",Gaussian-NPE,k,1.9576605313370512,0.04934994949672969
"n=1000, N=n^(3/2)",Gaussian-NPE,k,1.9718313837233923,0.04784377791027698
"n=1000, N=n^(3/2)",Gaussian-NPE,k,1.9860022361097334,0.04662727476893947
"n=1000, N=n^(3/2)",Gaussian-NPE,k,2.0001730884960747,0.04568371179554326
"n=1000, N=n^(3/2)",Gaussian-NPE,k,2.014343940882416,0.044986541838792436
"n=1000, N=n^(3/2)",Gaussian-NPE,k,2.0285147932687573,0.04449999705962678
"n=1000, N=n^(3/2)",Gaussian-NPE,k,2.0426856456550984,0.044179816253864974
"n=1000, N=n^(3/2)",Gaussian-NPE,k,2.0568564980414394,0.043974424835687365
"n=1000, N=n^(3/2)",Gaussian-NPE,k,2.0710273504277805,0.04382692158888866
"n=1000, N=n^(3/2)",Gaussian-NPE,k,2.085198202814122,0.04367812350001934
"n=1000, N=n^(3/2)",Gaussian-NPE,k,2.099369055200463,0.043470686983413796
"n=1000, N=n^(3/2)",Gaussian-NPE,k,2.113539907586804,0.043154003071044604
"n=1000, N=n^(3/2)",Gaussian-NPE,k,2.1277107599731453,0.0426892357426457
"n=1000, N=n^(3/2)",Gaussian-NPE,k,2.141881612359487,0.04205363771081658
"n=1000, N=n^(3/2)",Gaussian-NPE,k,2.156052464745828,0.04124322935059048
"n=1000, N=n^(3/2)",Gaussian-NPE,k,2.170223317132169,0.0402731144091936
"n=1000, N=n^(3/2)",Gaussian-NPE,k,2.18439416951851,0.03917511388760027
"n=1000, N=n^(3/2)",Gaussian-NPE,k,2.198565021904851,0.037992939489966036
"n=1000, N=n^(3/2)",Gaussian-NPE,k,2.2127358742911927,0.036775663626979586
"n=1000, N=n^(3/2)",Gaussian-NPE,k,2.2269067266775338,0.03557062936796188
"n=1000, N=n^(3/2)",Gaussian-NPE,k,2.241077579063875,0.03441707385699778
"n=1000, N=n^(3/2)",Gaussian-NPE,k,2.255248431450216,0.03334157678762911
"n=1000, N=n^(3/2)",Gaussian-NPE,k,2.2694192838365574,0.03235603688278649
"n=1000, N=n^(3/2)",Gaussian-NPE,k,2.2835901362228985,0.031458333787435955
"n=1000, N=n^(3/2)",Gaussian-NPE,k,2.2977609886092396,0.030635289391439068
"n=1000, N=n^(3/2)",Gaussian-NPE,k,2.3119318409955807,0.02986712873942797
"n=1000, N=n^(3/2)",Gaussian-NPE,k,2.3261026933819218,0.02913243890031246
"n=1000, N=n^(3/2)",Gaussian-NPE,k,2.3402735457682633,0.028412655404535834
"n=1000, N=n^(3/2)",Gaussian-NPE,k,2.3544443981546044,0.027695331475272537
"n=1000, N=n^(3/2)",Gaussian-NPE,k,2.3686152505409455,0.026975784752173566
"n=1000, N=n^(3/2)",Gaussian-NPE,k,2.3827861029272865,0.026257073857078334
"n=1000, N=n^(3/2)",Gaussian-NPE,k,2.396956955313628,0.02554854993751931
"n=1000, N=n^(3/2)",Gaussian-NPE,k,2.411127807699969,0.024863406965149968
"n=1000, N=n^(3/2)",Gaussian-NPE,k,2.4252986600863102,0.02421571229367192
"n=1000, N=n^(3/2)",Gaussian-NPE,k,2.4394695124726513,0.023617365770797018
"n=1000, N=n^(3/2)",Gaussian-NPE,k,2.4536403648589924,0.023075360516774376
"n=1000, N=n^(3/2)",Gaussian-NPE,k,2.467811217245334,0.022589646367952704
"n=1000, N=n^(3/2)",Gaussian-NPE,k,2.481982069631675,0.022151849902569545
"n=1000, N=n^(3/2)",Gaussian-NPE,k,2.496152922018016,0.021745074026054963
"n=1000, N=n^(3/2)",Gaussian-NPE,k,2.510323774404357,0.02134495227518258
"n=1000, N=n^(3/2)",Gaussian-NPE,k,2.5244946267906987,0.020922029681895403
"n=1000, N=n^(3/2)",Gaussian-NPE,k,2.5386654791770398,0.020445361730840685
"n=1000, N=n^(3/2)",Gaussian-NPE,k,2.552836331563381,0.019886978688245606
"n=1000, N=n^(3/2)",Gaussian-NPE,k,2.567007183949722,0.01922660608168976
"n=1000, N=n^(3/2)",Gaussian-NPE,k,2.581178036336063,0.01845584147085314
"n=1000, N=n^(3/2)",Gaussian-NPE,k,2.5953488887224045,0.017580941734393275
"n=1000, N=n^(3/2)",Gaussian-NPE,k,2.6095197411087456,0.01662352324041364
"n=1000, N=n^(3/2)",Gaussian-NPE,k,2.6236905934950867,0.015618815773490906
"n=1000, N=n^(3/2)",Gaussian-NPE,k,2.637861445881428,0.014611576548949439
"n=1000, N=n^2",Reference (flow convention),A,2.8912764255523684,4.75216442860353e-12
"n=1000, N=n^2",Reference (flow convention),A,2.892875940391886,2.0971949578570426e-11
"n=1000, N=n^2",Reference (flow convention),A,2.894475455231403,8.77083878020441e-11
"n=1000, N=n^2",Reference (flow convention),A,2.8960749700709205,3.476409534507333e-10
"n=1000, N=n^2",Reference (flow convention),A,2.897674484910438,1.306006690840297e-09
"n=1000, N=n^2",Reference (flow convention),A,2.8992739997499553,4.650793402089006e-09
"n=1000, N=n^2",Reference (flow convention),A,2.900873514589473,1.570089557402212e-08
"n=1000, N=n^2",Reference (flow convention),A,2.9024730294289904,5.025657936187067e-08
"n=1000, N=n^2",Reference (flow convention),A,2.904072544268508,1.5254417893949875e-07
"n=1000, N=n^2",Reference (flow convention),A,2.905672059108025,4.3914130177748006e-07
"n=1000, N=n^2",Reference (flow convention),A,2.9072715739475425,1.1992236603188473e-06
"n=1000, N=n^2",Reference (flow convention),A,2.90887108878706,3.107243608798818e-06
"n=1000, N=n^2",Reference (flow convention),A,2.9104706036265773,7.640701551457435e-06
"n=1000, N=n^2",Reference (flow convention),A,2.9120701184660946,1.783570378571299e-05
"n=1000, N=n^2",Reference (flow convention),A,2.913669633305612,3.9534496760947926e-05
"n=1000, N=n^2",Reference (flow convention),A,2.9152691481451294,8.32406488001594e-05
"n=1000, N=n^2",Reference (flow convention),A,2.916868662984647,0.00016654343634040468
"n=1000, N=n^2",Reference (flow convention),A,2.9184681778241646,0.0003167581991047994
"n=1000, N=n^2",Reference (flow convention),A,2.920067692663682,0.0005729656905915872
"n=1000, N=n^2",Reference (flow convention),A,2.9216672075031993,0.0009861426067279385
"n=1000, N=n^2",Reference (flow convention),A,2.9232667223427167,0.0016158129720183559
"n=1000, N=n^2",Reference (flow convention),A,2.924866237182234,0.0025219522696143847
"n=1000, N=n^2",Reference (flow convention),A,2.9264657520217514,0.0037520083944115015
"n=1000, N=n^2",Reference (flow convention),A,2.928065266861269,0.005324846363126973
"n=1000, N=n^2",Reference (flow convention),A,2.929664781700786,0.0072157076496060955
"n=1000, N=n^2",Reference (flow convention),A,2.9312642965403035,0.009347999880643252
"n=1000, N=n^2",Reference (flow convention),A,2.932863811379821,0.011597850847092011
"n=1000, N=n^2",Reference (flow convention),A,2.9344633262193387,0.013815163203350142
"n=1000, N=n^2",Reference (flow convention),A,2.936062841058856,0.01586050360390258
"n=1000, N=n^2",Reference (flow convention),A,2.9376623558983734,0.017651693586959064
"n=1000, N=n^2",Reference (flow convention),A,2.939261870737891,0.019209364725115117
"n=1000, N=n^2",Reference (flow convention),A,2.940861385577408,0.02068901485946271
"n=1000, N=n^2",Reference (flow convention),A,2.9424609004169255,0.02238946471400122
"n=1000, N=n^2",Reference (flow convention),A,2.944060415256443,0.024733750153546404
"n=1000, N=n^2",Reference (flow convention),A,2.9456599300959603,0.028226417869996082
"n=1000, N=n^2",Reference (flow convention),A,2.9472594449354776,0.03339791886200033
"n=1000, N=n^2",Reference (flow convention),A,2.948858959774995,0.04074954836499046
"n=1000, N=n^2",Reference (flow convention),A,2.950458474614513,0.05071000335327382
"n=1000, N=n^2",Reference (flow convention),A,2.95205798945403,0.06360834472122068
"n=1000, N=n^2",Reference (flow convention),A,2.9536575042935476,0.07966121047528762
"n=1000, N=n^2",Reference (flow convention),A,2.955257019133065,0.09896826430767242
"n=1000, N=n^2",Reference (flow convention),A,2.9568565339725823,0.12151121555768664
"n=1000, N=n^2",Reference (flow convention),A,2.9584560488120997,0.14715733166237052
"n=1000, N=n^2",Reference (flow convention),A,2.960055563651617,0.1756742203656771
"n=1000, N=n^2",Reference (flow convention),A,2.9616550784911344,0.20676394359445008
"n=1000, N=n^2",Reference (flow convention),A,2.9632545933306518,0.24011868850160603
"n=1000, N=n^2",Reference (flow convention),A,2.964854108170169,0.27548934716285933
"n=1000, N=n^2",Reference (flow convention),A,2.966453623009687,0.3127487904263847
"n=1000, N=n^2",Reference (flow convention),A,2.9680531378492043,0.35193042855919526
"n=1000, N=n^2",Reference (flow convention),A,2.9696526526887217,0.39323264552650916
"n=1000, N=n^2",Reference (flow convention),A,2.971252167528239,0.43699634570094775
"n=1000, N=n^2",Reference (flow convention),A,2.9728516823677564,0.4836758899556963
"n=1000, N=n^2",Reference (flow convention),A,2.974451197207274,0.5338234115838539
"n=1000, N=n^2",Reference (flow convention),A,2.976050712046791,0.5880911296854473
"n=1000, N=n^2",Reference (flow convention),A,2.9776502268863085,0.6472350531187482
"n=1000, N=n^2",Reference (flow convention),A,2.979249741725826,0.7120919135261796
"n=1000, N=n^2",Reference (flow convention),A,2.9808492565653433,0.7835105182505308
"n=1000, N=n^2",Reference (flow convention),A,2.9824487714048606,0.8622465090124048
"n=1000, N=n^2",Reference (flow convention),A,2.9840482862443785,0.9488589461470261
"n=1000, N=n^2",Reference (flow convention),A,2.985647801083896,1.043657298535993
"n=1000, N=n^2",Reference (flow convention),A,2.987247315923413,1.1467281371181286
"n=1000, N=n^2",Reference (flow convention),A,2.9888468307629306,1.25803126335476
"n=1000, N=n^2",Reference (flow convention),A,2.990446345602448,1.3775186830485977
"n=1000, N=n^2",Reference (flow convention),A,2.9920458604419653,1.505218903440866
"n=1000, N=n^2",Reference (flow convention),A,2.9936453752814827,1.6412491336714101
"n=1000, N=n^2",Reference (flow convention),A,2.995244890121,1.785755200804217
"n=1000, N=n^2",Reference (flow convention),A,2.9968444049605174,1.9388109517366985
"n=1000, N=n^2",Reference (flow convention),A,2.9984439198000348,2.1003207040535417
"n=1000, N=n^2",Reference (flow convention),A,3.0000434346395526,2.269960797788755
"n=1000, N=n^2",Reference (flow convention),A,3.00164294947907,2.447180958200752
"n=1000, N=n^2",Reference (flow convention),A,3.0032424643185873,2.6312725618811514
"n=1000, N=n^2",Reference (flow convention),A,3.0048419791581047,2.821498628362394
"n=1000, N=n^2",Reference (flow convention),A,3.006441493997622,3.0172627200028908
"n=1000, N=n^2",Reference (flow convention),A,3.0080410088371394,3.218269153989058
"n=1000, N=n^2",Reference (flow convention),A,3.009640523676657,3.4246059747061883
"n=1000, N=n^2",Reference (flow convention),A,3.011240038516174,3.636684507844049
"n=1000, N=n^2",Reference (flow convention),A,3.0128395533556915,3.855008574446151
"n=1000, N=n^2",Reference (flow convention),A,3.014439068195209,4.079816026462723
"n=1000, N=n^2",Reference (flow convention),A,3.0160385830347263,4.310706038909547
"n=1000, N=n^2",Reference (flow convention),A,3.017638097874244,4.546398808273237
"n=1000, N=n^2",Reference (flow convention),A,3.0192376127137615,4.784743509964792
"n=1000, N=n^2",Reference (flow convention),A,3.020837127553279,5.02299957000333
"n=1000, N=n^2",Reference (flow convention),A,3.022436642392796,5.258302914439294
"n=1000, N=n^2",Reference (flow convention),A,3.0240361572323136,5.488147664035433
"n=1000, N=n^2",Reference (flow convention),A,3.025635672071831,5.710708741499561
"n=1000, N=n^2",Reference (flow convention),A,3.0272351869113483,5.92490962041726
"n=1000, N=n^2",Reference (flow convention),A,3.0288347017508657,6.13026518582561
"n=1000, N=n^2",Reference (flow convention),A,3.030434216590383,6.326637826319077
"n=1000, N=n^2",Reference (flow convention),A,3.0320337314299004,6.514077086459983
"n=1000, N=n^2",Reference (flow convention),A,3.033633246269418,6.69285044038197
"n=1000, N=n^2",Reference (flow convention),A,3.0352327611089356,6.863647822450882
"n=1000, N=n^2",Reference (flow convention),A,3.036832275948453,7.027823340140634
"n=1000, N=n^2",Reference (flow convention),A,3.0384317907879703,7.187489448298501
"n=1000, N=n^2",Reference (flow convention),A,3.0400313056274877,7.345328081680821
"n=1000, N=n^2",Reference (flow convention),A,3.041630820467005,7.5041034610555055
"n=1000, N=n^2",Reference (flow convention),A,3.0432303353065224,7.6659906303088015
"n=1000, N=n^2",Reference (flow convention),A,3.04482985014604,7.831911237379878
"n=1000, N=n^2",Reference (flow convention),A,3.046429364985557,8.001065950837026
"n=1000, N=n^2",Reference (flow convention),A,3.0480288798250745,8.170786251345138
"n=1000, N=n^2",Reference (flow convention),A,3.049628394664592,8.336738566749437
"n=1000, N=n^2",Reference (flow convention),A,3.0512279095041097,8.493440286806784
"n=1000, N=n^2",Reference (flow convention),A,3.052827424343627,8.635006491757984
"n=1000, N=n^2",Reference (flow convention),A,3.0544269391831445,8.756029055782392
"n=1000, N=n^2",Reference (flow convention),A,3.056026454022662,8.852475367605448
"n=1000, N=n^2",Reference (flow convention),A,3.057625968862179,8.92246930144018
"n=1000, N=n^2",Reference (flow convention),A,3.0592254837016966,8.966789910533487
"n=1000, N=n^2",Reference (flow convention),A,3.060824998541214,8.98892088229815
"n=1000, N=n^2",Reference (flow convention),A,3.0624245133807313,8.994538018583572
"n=1000, N=n^2",Reference (flow convention),A,3.0640240282202487,8.99044668088936
"n=1000, N=n^2",Reference (flow convention),A,3.065623543059766,8.983153223793224
"n=1000, N=n^2",Reference (flow convention),A,3.067223057899284,8.977412810715743
"n=1000, N=n^2",Reference (flow convention),A,3.068822572738801,8.975164263289624
"n=1000, N=n^2",Reference (flow convention),A,3.0704220875783186,8.97518804775598
"n=1000, N=n^2",Reference (flow convention),A,3.072021602417836,8.97361130201329
"n=1000, N=n^2",Reference (flow convention),A,3.0736211172573533,8.965104281322198
"n=1000, N=n^2",Reference (flow convention),A,3.0752206320968707,8.944374298466457
"n=1000, N=n^2",Reference (flow convention),A,3.076820146936388,8.907464688727389
"n=1000, N=n^2",Reference (flow convention),A,3.0784196617759054,8.852451518937938
"n=1000, N=n^2",Reference (flow convention),A,3.080019176615423,8.779369518667584
"n=1000, N=n^2",Reference (flow convention),A,3.08161869145494,8.689498853597588
"n=1000, N=n^2",Reference (flow convention),A,3.0832182062944575,8.584387900265277
"n=1000, N=n^2",Reference (flow convention),A,3.0848177211339753,8.4650757741289
"n=1000, N=n^2",Reference (flow convention),A,3.0864172359734927,8.331872337965272
"n=1000, N=n^2",Reference (flow convention),A,3.08801675081301,8.184791037381618
"n=1000, N=n^2",Reference (flow convention),A,3.0896162656525274,8.024417849819779
"n=1000, N=n^2",Reference (flow convention),A,3.091215780492045,7.852773823040232
"n=1000, N=n^2",Reference (flow convention),A,3.092815295331562,7.673696860677303
"n=1000, N=n^2",Reference (flow convention),A,3.0944148101710796,7.492457532247029
"n=1000, N=n^2",Reference (flow convention),A,3.096014325010597,7.314658859594515
"n=1000, N=n^2",Reference (flow convention),A,3.0976138398501143,7.144801454016357
"n=1000, N=n^2",Reference (flow convention),A,3.0992133546896317,6.985066598115286
"n=1000, N=n^2",Reference (flow convention),A,3.1008128695291495,6.834796091374362
"n=1000, N=n^2",Reference (flow convention),A,3.102412384368667,6.6908618400819755
"n=1000, N=n^2",Reference (flow convention),A,3.104011899208184,6.548756180566295
"n=1000, N=n^2",Reference (flow convention),A,3.1056114140477016,6.403964353148869
"n=1000, N=n^2",Reference (flow convention),A,3.107210928887219,6.25311778873961
"n=1000, N=n^2",Reference (flow convention),A,3.1088104437267363,6.09457737532632
"n=1000, N=n^2",Reference (flow convention),A,3.1104099585662537,5.9283659002082105
"n=1000, N=n^2",Reference (flow convention),A,3.112009473405771,5.7556237601430515
"n=1000, N=n^2",Reference (flow convention),A,3.1136089882452884,5.577897693308485
"n=1000, N=n^2",Reference (flow convention),A,3.115208503084806,5.3965581875605135
"n=1000, N=n^2",Reference (flow convention),A,3.116808017924323,5.21251799977156
"n=1000, N=n^2",Reference (flow convention),A,3.118407532763841,5.026267891088033
"n=1000, N=n^2",Reference (flow convention),A,3.1200070476033583,4.8381253080092925
"n=1000, N=n^2",Reference (flow convention),A,3.1216065624428757,4.648542729018627
"n=1000, N=n^2",Reference (flow convention),A,3.123206077282393,4.458342252991747
"n=1000, N=n^2",Reference (flow convention),A,3.1248055921219104,4.268803507444612
"n=1000, N=n^2",Reference (flow convention),A,3.126405106961428,4.081597513522641
"n=1000, N=n^2",Reference (flow convention),A,3.128004621800945,3.8986031546359547
"n=1000, N=n^2",Reference (flow convention),A,3.1296041366404626,3.7216571331201447
"n=1000, N=n^2",Reference (flow convention),A,3.13120365147998,3.5522826965061345
"n=1000, N=n^2",Reference (flow convention),A,3.1328031663194973,3.391435365423344
"n=1000, N=n^2",Reference (flow convention),A,3.134402681159015,3.2393078590267708
"n=1000, N=n^2",Reference (flow convention),A,3.1360021959985325,3.095247634275752
"n=1000, N=n^2",Reference (flow convention),A,3.13760171083805,2.9578406662000054
"n=1000, N=n^2",Reference (flow convention),A,3.139201225677567,2.825185653021237
"n=1000, N=n^2",Reference (flow convention),A,3.1408007405170846,2.695322102066996
"n=1000, N=n^2",Reference (flow convention),A,3.142400255356602,2.5667065427446696
"n=1000, N=n^2",Reference (flow convention),A,3.1439997701961193,2.4385907001959333
"n=1000, N=n^2",Reference (flow convention),A,3.1455992850356367,2.311173167260136
"n=1000, N=n^2",Reference (flow convention),A,3.147198799875154,2.1854729481129374
"n=1000, N=n^2",Reference (flow convention),A,3.1487983147146714,2.062977732799756
"n=1000, N=n^2",Reference (flow convention),A,3.150397829554189,1.945203452333372
"n=1000, N=n^2",Reference (flow convention),A,3.1519973443937066,1.833325141663707
"n=1000, N=n^2",Reference (flow convention),A,3.153596859233224,1.7279929433082806
"n=1000, N=n^2",Reference (flow convention),A,3.1551963740727413,1.6293559411988676
"n=1000, N=n^2",Reference (flow convention),A,3.1567958889122587,1.5372255760045104
"n=1000, N=n^2",Reference (flow convention),A,3.158395403751776,1.451261989398995
"n=1000, N=n^2",Reference (flow convention),A,3.1599949185912934,1.371079896770541
"n=1000, N=n^2",Reference (flow convention),A,3.161594433430811,1.2962335609947155
"n=1000, N=n^2",Reference (flow convention),A,3.163193948270328,1.226117759129605
"n=1000, N=n^2",Reference (flow convention),A,3.1647934631098456,1.1598731231572172
"n=1000, N=n^2",Reference (flow convention),A,3.1663929779493634,1.0963850671393889
"n=1000, N=n^2",Reference (flow convention),A,3.1679924927888807,1.0344177440804607
"n=1000, N=n^2",Reference (flow convention),A,3.169592007628398,0.9728543938385554
"n=1000, N=n^2",Reference (flow convention),A,3.1711915224679155,0.9109588161037073
"n=1000, N=n^2",Reference (flow convention),A,3.172791037307433,0.8485564616272214
"n=1000, N=n^2",Reference (flow convention),A,3.17439055214695,0.7860637075119379
"n=1000, N=n^2",Reference (flow convention),A,3.1759900669864676,0.7243544307900731
"n=1000, N=n^2",Reference (flow convention),A,3.177589581825985,0.6645157434986195
"n=1000, N=n^2",Reference (flow convention),A,3.1791890966655023,0.6075826338068524
"n=1000, N=n^2",Reference (flow convention),A,3.1807886115050197,0.5543400011916475
"n=1000, N=n^2",Reference (flow convention),A,3.182388126344537,0.5052438929979881
"n=1000, N=n^2",Reference (flow convention),A,3.1839876411840544,0.4604605611257237
"n=1000, N=n^2",Reference (flow convention),A,3.1855871560235722,0.4199769445190206
"n=1000, N=n^2",Reference (flow convention),A,3.1871866708630896,0.38371787387986134
"n=1000, N=n^2",Reference (flow convention),A,3.188786185702607,0.35161755739327843
"n=1000, N=n^2",Reference (flow convention),A,3.1903857005421243,0.32362455306767873
"n=1000, N=n^2",Reference (flow convention),A,3.1919852153816417,0.29965209109323504
"n=1000, N=n^2",Reference (flow convention),A,3.193584730221159,0.27950471914883573
"n=1000, N=n^2",Reference (flow convention),A,3.1951842450606764,0.26281405509122424
"n=1000, N=n^2",Reference (flow convention),A,3.196783759900194,0.249007013902149
"n=1000, N=n^2",Reference (flow convention),A,3.198383274739711,0.23731815097943115
"n=1000, N=n^2",Reference (flow convention),A,3.199982789579229,0.22684862474317383
"n=1000, N=n^2",Reference (flow convention),A,3.2015823044187464,0.21666685291958715
"n=1000, N=n^2",Reference (flow convention),A,3.2031818192582637,0.20593721431250325
"n=1000, N=n^2",Reference (flow convention),A,3.204781334097781,0.19405289800953637
"n=1000, N=n^2",Reference (flow convention),A,3.2063808489372985,0.18074140502500388
"n=1000, N=n^2",Reference (flow convention),A,3.207980363776816,0.1661120634442122
"n=1000, N=n^2",Reference (flow convention),A,3.209579878616333,0.15062705066462131
"n=1000, N=n^2",Reference (Gaussian convention),A,2.8912764255523684,0.03177224209809664
"n=1000, N=n^2",Reference (Gaussian convention),A,2.892875940391886,0.0387889830111258
"n=1000, N=n^2",Reference (Gaussian convention),A,2.894475455231403,0.04737126607316208
"n=1000, N=n^2",Reference (Gaussian convention),A,2.8960749700709205,0.057246475962211475
"n=1000, N=n^2",Reference (Gaussian convention),A,2.897674484910438,0.0679515591414358
"n=1000, N=n^2",Reference (Gaussian convention),A,2.8992739997499553,0.07902098622328105
"n=1000, N=n^2",Reference (Gaussian convention),A,2.900873514589473,0.09018415488387499
"n=1000, N=n^2",Reference (Gaussian convention),A,2.9024730294289904,0.10148988416584333
"n=1000, N=n^2",Reference (Gaussian convention),A,2.904072544268508,0.11331607442850915
"n=1000, N=n^2",Reference (Gaussian convention),A,2.905672059108025,0.12628375665903754
"n=1000, N=n^2",Reference (Gaussian convention),A,2.9072715739475425,0.14114119309962087
"n=1000, N=n^2",Reference (Gaussian convention),A,2.90887108878706,0.15868895824520873
"n=1000, N=n^2",Reference (Gaussian convention),A,2.9104706036265773,0.17978028191501622
"n=1000, N=n^2",Reference (Gaussian convention),A,2.9120701184660946,0.20537804197498516
"n=1000, N=n^2",Reference (Gaussian convention),A,2.913669633305612,0.23661576979924673
"n=1000, N=n^2",Reference (Gaussian convention),A,2.9152691481451294,0.27481499016565697
"n=1000, N=n^2",Reference (Gaussian convention),A,2.916868662984647,0.3214453463866738
"n=1000, N=n^2",Reference (Gaussian convention),A,2.9184681778241646,0.378045092756045
"n=1000, N=n^2",Reference (Gaussian convention),A,2.920067692663682,0.44612055811237916
"n=1000, N=n^2",Reference (Gaussian convention),A,2.9216672075031993,0.527018380994606
"n=1000, N=n^2",Reference (Gaussian convention),A,2.9232667223427167,0.6217491394399762
"n=1000, N=n^2",Reference (Gaussian convention),A,2.924866237182234,0.7307691531435374
"n=1000, N=n^2",Reference (Gaussian convention),A,2.9264657520217514,0.8537910425111239
"n=1000, N=n^2",Reference (Gaussian convention),A,2.928065266861269,0.9897380763830386
"n=1000, N=n^2",Reference (Gaussian convention),A,2.929664781700786,1.1369235302623215
"n=1000, N=n^2",Reference (Gaussian convention),A,2.9312642965403035,1.2934215792181587
"n=1000, N=n^2",Reference (Gaussian convention),A,2.932863811379821,1.4574729750429452
"n=1000, N=n^2",Reference (Gaussian convention),A,2.9344633262193387,1.6277334517131057
"n=1000, N=n^2",Reference (Gaussian convention),A,2.936062841058856,1.8032635065193023
"n=1000, N=n^2",Reference (Gaussian convention),A,2.9376623558983734,1.9833148439201331
"n=1000, N=n^2",Reference (Gaussian convention),A,2.939261870737891,2.1670788730788133
"n=1000, N=n^2",Reference (Gaussian convention),A,2.940861385577408,2.353555601736066
"n=1000, N=n^2",Reference (Gaussian convention),A,2.9424609004169255,2.541604945533308
"n=1000, N=n^2",Reference (Gaussian convention),A,2.944060415256443,2.730148908590515
"n=1000, N=n^2",Reference (Gaussian convention),A,2.9456599300959603,2.918467223964668
"n=1000, N=n^2",Reference (Gaussian convention),A,2.9472594449354776,3.1065507887916013
"n=1000, N=n^2",Reference (Gaussian convention),A,2.948858959774995,3.2954737881126244
"n=1000, N=n^2",Reference (Gaussian convention),A,2.950458474614513,3.4876793990674666
"n=1000, N=n^2",Reference (Gaussian convention),A,2.95205798945403,3.6869960935443538
"n=1000, N=n^2",Reference (Gaussian convention),A,2.9536575042935476,3.898211392718221
"n=1000, N=n^2",Reference (Gaussian convention),A,2.955257019133065,4.126179489116984
"n=1000, N=n^2",Reference (Gaussian convention),A,2.9568565339725823,4.374669796519929
"n=1000, N=n^2",Reference (Gaussian convention),A,2.9584560488120997,4.645336307452338
"n=1000, N=n^2",Reference (Gaussian convention),A,2.960055563651617,4.937183968263824
"n=1000, N=n^2",Reference (Gaussian convention),A,2.9616550784911344,5.246718174866193
"n=1000, N=n^2",Reference (Gaussian convention),A,2.9632545933306518,5.568693039341026
"n=1000, N=n^2",Reference (Gaussian convention),A,2.964854108170169,5.8971693981931095
"n=1000, N=n^2",Reference (Gaussian convention),A,2.966453623009687,6.226542875324894
"n=1000, N=n^2",Reference (Gaussian convention),A,2.9680531378492043,6.552290002592913
"n=1000, N=n^2",Reference (Gaussian convention),A,2.9696526526887217,6.871320999210599
"n=1000, N=n^2",Reference (Gaussian convention),A,2.971252167528239,7.181943286708393
"n=1000, N=n^2",Reference (Gaussian convention),A,2.9728516823677564,7.483510771973327
"n=1000, N=n^2",Reference (Gaussian convention),A,2.974451197207274,7.775885272248984
"n=1000, N=n^2",Reference (Gaussian convention),A,2.976050712046791,8.058882146557927
"n=1000, N=n^2",Reference (Gaussian convention),A,2.9776502268863085,8.331882931452492
"n=1000, N=n^2",Reference (Gaussian convention),A,2.979249741725826,8.593730698835325
"n=1000, N=n^2",Reference (Gaussian convention),A,2.9808492565653433,8.84288628538205
"n=1000, N=n^2",Reference (Gaussian convention),A,2.9824487714048606,9.07769813223221
"n=1000, N=n^2",Reference (Gaussian convention),A,2.9840482862443785,9.296625272547917
"n=1000, N=n^2",Reference (Gaussian convention),A,2.985647801083896,9.498368931916003
"n=1000, N=n^2",Reference (Gaussian convention),A,2.987247315923413,9.682005954093931
"n=1000, N=n^2",Reference (Gaussian convention),A,2.9888468307629306,9.847227883389001
"n=1000, N=n^2",Reference (Gaussian convention),A,2.990446345602448,9.994630491699226
"n=1000, N=n^2",Reference (Gaussian convention),A,2.9920458604419653,10.125801092929859
"n=1000, N=n^2",Reference (Gaussian convention),A,2.9936453752814827,10.24291890726585
"n=1000, N=n^2",Reference (Gaussian convention),A,2.995244890121,10.34780365662785
"n=1000, N=n^2",Reference (Gaussian convention),A,2.9968444049605174,10.440694902286955
"n=1000, N=n^2",Reference (Gaussian convention),A,2.9984439198000348,10.519282240827133
"n=1000, N=n^2",Reference (Gaussian convention),A,3.0000434346395526,10.57847944187773
"n=1000, N=n^2",Reference (Gaussian convention),A,3.00164294947907,10.611175290848143
"n=1000, N=n^2",Reference (Gaussian convention),A,3.0032424643185873,10.609852836862718
"n=1000, N=n^2",Reference (Gaussian convention),A,3.0048419791581047,10.568683743729956
"n=1000, N=n^2",Reference (Gaussian convention),A,3.006441493997622,10.485532095932063
"n=1000, N=n^2",Reference (Gaussian convention),A,3.0080410088371394,10.363258652429305
"n=1000, N=n^2",Reference (Gaussian convention),A,3.009640523676657,10.209832689276277
"n=1000, N=n^2",Reference (Gaussian convention),A,3.011240038516174,10.037062324316693
"n=1000, N=n^2",Reference (Gaussian convention),A,3.0128395533556915,9.85820017277495
"n=1000, N=n^2",Reference (Gaussian convention),A,3.014439068195209,9.68511266509519
"n=1000, N=n^2",Reference (Gaussian convention),A,3.0160385830347263,9.525905412171657
"n=1000, N=n^2",Reference (Gaussian convention),A,3.017638097874244,9.383729575339347
"n=1000, N=n^2",Reference (Gaussian convention),A,3.0192376127137615,9.256994367914409
"n=1000, N=n^2",Reference (Gaussian convention),A,3.020837127553279,9.140619040718562
"n=1000, N=n^2",Reference (Gaussian convention),A,3.022436642392796,9.027599056470224
"n=1000, N=n^2",Reference (Gaussian convention),A,3.0240361572323136,8.910240073085614
"n=1000, N=n^2",Reference (Gaussian convention),A,3.025635672071831,8.78085416494525
"n=1000, N=n^2",Reference (Gaussian convention),A,3.0272351869113483,8.63218797955102
"n=1000, N=n^2",Reference (Gaussian convention),A,3.0288347017508657,8.458015194324986
"n=1000, N=n^2",Reference (Gaussian convention),A,3.030434216590383,8.254077905722582
"n=1000, N=n^2",Reference (Gaussian convention),A,3.0320337314299004,8.019131096324049
"n=1000, N=n^2",Reference (Gaussian convention),A,3.033633246269418,7.755590521468215
"n=1000, N=n^2",Reference (Gaussian convention),A,3.0352327611089356,7.469400626242833
"n=1000, N=n^2",Reference (Gaussian convention),A,3.036832275948453,7.169111963202638
"n=1000, N=n^2",Reference (Gaussian convention),A,3.0384317907879703,6.864493465823079
"n=1000, N=n^2",Reference (Gaussian convention),A,3.0400313056274877,6.565089675140365
"n=1000, N=n^2",Reference (Gaussian convention),A,3.041630820467005,6.278987366980114
"n=1000, N=n^2",Reference (Gaussian convention),A,3.0432303353065224,6.011871691392747
"n=1000, N=n^2",Reference (Gaussian convention),A,3.04482985014604,5.766396740708612
"n=1000, N=n^2",Reference (Gaussian convention),A,3.046429364985557,5.541971254584189
"n=1000, N=n^2",Reference (Gaussian convention),A,3.0480288798250745,5.335123529406078
"n=1000, N=n^2",Reference (Gaussian convention),A,3.049628394664592,5.14051701590834
"n=1000, N=n^2",Reference (Gaussian convention),A,3.0512279095041097,4.952433810612224
"n=1000, N=n^2",Reference (Gaussian convention),A,3.052827424343627,4.76627772037607
"n=1000, N=n^2",Reference (Gaussian convention),A,3.0544269391831445,4.579566423192924
"n=1000, N=n^2",Reference (Gaussian convention),A,3.056026454022662,4.39207105570552
"n=1000, N=n^2",Reference (Gaussian convention),A,3.057625968862179,4.205131627214248
"n=1000, N=n^2",Reference (Gaussian convention),A,3.0592254837016966,4.020524541314808
"n=1000, N=n^2",Reference (Gaussian convention),A,3.060824998541214,3.8394076447520726
"n=1000, N=n^2",Reference (Gaussian convention),A,3.0624245133807313,3.661772601337618
"n=1000, N=n^2",Reference (Gaussian convention),A,3.0640240282202487,3.4865760024607573
"n=1000, N=n^2",Reference (Gaussian convention),A,3.065623543059766,3.312430184407453
"n=1000, N=n^2",Reference (Gaussian convention),A,3.067223057899284,3.1385180394377525
"n=1000, N=n^2",Reference (Gaussian convention),A,3.068822572738801,2.9653131896528917
"n=1000, N=n^2",Reference (Gaussian convention),A,3.0704220875783186,2.7947617650864274
"n=1000, N=n^2",Reference (Gaussian convention),A,3.072021602417836,2.6298002567546495
"n=1000, N=n^2",Reference (Gaussian convention),A,3.0736211172573533,2.4733746967720487
"n=1000, N=n^2",Reference (Gaussian convention),A,3.0752206320968707,2.327366690894645
"n=1000, N=n^2",Reference (Gaussian convention),A,3.076820146936388,2.1918979545615387
"n=1000, N=n^2",Reference (Gaussian convention),A,3.0784196617759054,2.065327454802994
"n=1000, N=n^2",Reference (Gaussian convention),A,3.080019176615423,1.9449404920860918
"n=1000, N=n^2",Reference (Gaussian convention),A,3.08161869145494,1.828012269760995
"n=1000, N=n^2",Reference (Gaussian convention),A,3.0832182062944575,1.712770607826328
"n=1000, N=n^2",Reference (Gaussian convention),A,3.0848177211339753,1.5988613463589219
"n=1000, N=n^2",Reference (Gaussian convention),A,3.0864172359734927,1.4871874038102377
"n=1000, N=n^2",Reference (Gaussian convention),A,3.08801675081301,1.3793004645309244
"n=1000, N=n^2",Reference (Gaussian convention),A,3.0896162656525274,1.2767077353617295
"n=1000, N=n^2",Reference (Gaussian convention),A,3.091215780492045,1.1804269170080837
"n=1000, N=n^2",Reference (Gaussian convention),A,3.092815295331562,1.0909197491758509
"n=1000, N=n^2",Reference (Gaussian convention),A,3.0944148101710796,1.0082973730781732
"n=1000, N=n^2",Reference (Gaussian convention),A,3.096014325010597,0.9325660343348514
"n=1000, N=n^2",Reference (Gaussian convention),A,3.0976138398501143,0.8637272999255308
"n=1000, N=n^2",Reference (Gaussian convention),A,3.0992133546896317,0.8017008151834397
"n=1000, N=n^2",Reference (Gaussian convention),A,3.1008128695291495,0.7461738387770176
"n=1000, N=n^2",Reference (Gaussian convention),A,3.102412384368667,0.6965097006650599
"n=1000, N=n^2",Reference (Gaussian convention),A,3.104011899208184,0.6517734690131577
"n=1000, N=n^2",Reference (Gaussian convention),A,3.1056114140477016,0.6108399437598604
"n=1000, N=n^2",Reference (Gaussian convention),A,3.107210928887219,0.5725157298054774
"n=1000, N=n^2",Reference (Gaussian convention),A,3.1088104437267363,0.5356443789753085
"n=1000, N=n^2",Reference (Gaussian convention),A,3.1104099585662537,0.499216597872439
"n=1000, N=n^2",Reference (Gaussian convention),A,3.112009473405771,0.46251545390090193
"n=1000, N=n^2",Reference (Gaussian convention),A,3.1136089882452884,0.42527974806535324
"n=1000, N=n^2",Reference (Gaussian convention),A,3.115208503084806,0.3878133914526374
"n=1000, N=n^2",Reference (Gaussian convention),A,3.116808017924323,0.35096052274498024
"n=1000, N=n^2",Reference (Gaussian convention),A,3.118407532763841,0.3159201728169849
"n=1000, N=n^2",Reference (Gaussian convention),A,3.1200070476033583,0.2839538199652232
"n=1000, N=n^2",Reference (Gaussian convention),A,3.1216065624428757,0.25608920904201027
"n=1000, N=n^2",Reference (Gaussian convention),A,3.123206077282393,0.23291523929015268
"n=1000, N=n^2",Reference (Gaussian convention),A,3.1248055921219104,0.21451008794050394
"n=1000, N=n^2",Reference (Gaussian convention),A,3.126405106961428,0.2004877381537058
"n=1000, N=n^2",Reference (Gaussian convention),A,3.128004621800945,0.19011802758916105
"n=1000, N=n^2",Reference (Gaussian convention),A,3.1296041366404626,0.18247570103513053
"n=1000, N=n^2",Reference (Gaussian convention),A,3.13120365147998,0.176587280254996
"n=1000, N=n^2",Reference (Gaussian convention),A,3.1328031663194973,0.1715538841126467
"n=1000, N=n^2",Reference (Gaussian convention),A,3.134402681159015,0.16663139293396642
"n=1000, N=n^2",Reference (Gaussian convention),A,3.1360021959985325,0.1612559424024319
"n=1000, N=n^2",Reference (Gaussian convention),A,3.13760171083805,0.15501929550475743
"n=1000, N=n^2",Reference (Gaussian convention),A,3.139201225677567,0.14761972646699906
"n=1000, N=n^2",Reference (Gaussian convention),A,3.1408007405170846,0.13882588203152896
"n=1000, N=n^2",Reference (Gaussian convention),A,3.142400255356602,0.12848337134325225
"n=1000, N=n^2",Reference (Gaussian convention),A,3.1439997701961193,0.11656843741928606
"n=1000, N=n^2",Reference (Gaussian convention),A,3.1455992850356367,0.10326308391851241
"n=1000, N=n^2",Reference (Gaussian convention),A,3.147198799875154,0.08900753568661338
"n=1000, N=n^2",Reference (Gaussian convention),A,3.1487983147146714,0.07448887279420331
"n=1000, N=n^2",Reference (Gaussian convention),A,3.150397829554189,0.06054827422055907
"n=1000, N=n^2",Reference (Gaussian convention),A,3.1519973443937066,0.04802298096291418
"n=1000, N=n^2",Reference (Gaussian convention),A,3.153596859233224,0.03756793907842527
"n=1000, N=n^2",Reference (Gaussian convention),A,3.1551963740727413,0.029513744073225323
"n=1000, N=n^2",Reference (Gaussian convention),A,3.1567958889122587,0.023807316761951424
"n=1000, N=n^2",Reference (Gaussian convention),A,3.158395403751776,0.020054066026413863
"n=1000, N=n^2",Reference (Gaussian convention),A,3.1599949185912934,0.017646029350076142
"n=1000, N=n^2",Reference (Gaussian convention),A,3.161594433430811,0.01593248710067078
"n=1000, N=n^2",Reference (Gaussian convention),A,3.163193948270328,0.014377992699860216
"n=1000, N=n^2",Reference (Gaussian convention),A,3.1647934631098456,0.01266153832482822
"n=1000, N=n^2",Reference (Gaussian convention),A,3.1663929779493634,0.01069559550490774
"n=1000, N=n^2",Reference (Gaussian convention),A,3.1679924927888807,0.008574223683776036
"n=1000, N=n^2",Reference (Gaussian convention),A,3.169592007628398,0.0064824263141644006
"n=1000, N=n^2",Reference (Gaussian convention),A,3.1711915224679155,0.004605714583356501
"n=1000, N=n^2",Reference (Gaussian convention),A,3.172791037307433,0.003069100127804625
"n=1000, N=n^2",Reference (Gaussian convention),A,3.17439055214695,0.0019159754948597633
"n=1000, N=n^2",Reference (Gaussian convention),A,3.1759900669864676,0.0011198151090306805
"n=1000, N=n^2",Reference (Gaussian convention),A,3.177589581825985,0.0006124942040137091
"n=1000, N=n^2",Reference (Gaussian convention),A,3.1791890966655023,0.00031342776915125746
"n=1000, N=n^2",Reference (Gaussian convention),A,3.1807886115050197,0.00015002545343247955
"n=1000, N=n^2",Reference (Gaussian convention),A,3.182388126344537,6.716047069926796e-05
"n=1000, N=n^2",Reference (Gaussian convention),A,3.1839876411840544,2.811400169337161e-05
"n=1000, N=n^2",Reference (Gaussian convention),A,3.1855871560235722,1.1003634984819025e-05
"n=1000, N=n^2",Reference (Gaussian convention),A,3.1871866708630896,4.026264255582518e-06
"n=1000, N=n^2",Reference (Gaussian convention),A,3.188786185702607,1.3771195614310881e-06
"n=1000, N=n^2",Reference (Gaussian convention),A,3.1903857005421243,4.402478470886602e-07
"n=1000, N=n^2",Reference (Gaussian convention),A,3.1919852153816417,1.3153282589895262e-07
"n=1000, N=n^2",Reference (Gaussian convention),A,3.193584730221159,3.672312341095016e-08
"n=1000, N=n^2",Reference (Gaussian convention),A,3.1951842450606764,9.580166108100653e-09
"n=1000, N=n^2",Reference (Gaussian convention),A,3.196783759900194,2.335049370497427e-09
"n=1000, N=n^2",Reference (Gaussian convention),A,3.198383274739711,5.317072459883386e-10
"n=1000, N=n^2",Reference (Gaussian convention),A,3.199982789579229,1.1310158885652202e-10
"n=1000, N=n^2",Reference (Gaussian convention),A,3.2015823044187464,2.247257351920439e-11
"n=1000, N=n^2",Reference (Gaussian convention),A,3.2031818192582637,4.170570208266793e-12
"n=1000, N=n^2",Reference (Gaussian convention),A,3.204781334097781,7.22885067545313e-13
"n=1000, N=n^2",Reference (Gaussian convention),A,3.2063808489372985,1.1701700331553849e-13
"n=1000, N=n^2",Reference (Gaussian convention),A,3.207980363776816,1.768932475896019e-14
"n=1000, N=n^2",Reference (Gaussian convention),A,3.209579878616333,2.497092446088929e-15
"n=1000, N=n^2",flow-NPE,A,2.8912764255523684,0.004577742081321876
"n=1000, N=n^2",flow-NPE,A,2.892875940391886,0.0049438107817273815
"n=1000, N=n^2",flow-NPE,A,2.894475455231403,0.005166994083705657
"n=1000, N=n^2",flow-NPE,A,2.8960749700709205,0.0052098095530684636
"n=1000, N=n^2",flow-NPE,A,2.897674484910438,0.005066707138367094
"n=1000, N=n^2",flow-NPE,A,2.8992739997499553,0.0047664010551203215
"n=1000, N=n^2",flow-NPE,A,2.900873514589473,0.004368833742689809
"n=1000, N=n^2",flow-NPE,A,2.9024730294289904,0.003957867587292284
"n=1000, N=n^2",flow-NPE,A,2.904072544268508,0.0036316381855416744
"n=1000, N=n^2",flow-NPE,A,2.905672059108025,0.0034926270668709913
"n=1000, N=n^2",flow-NPE,A,2.9072715739475425,0.003638967984779447
"n=1000, N=n^2",flow-NPE,A,2.90887108878706,0.004157624854015581
"n=1000, N=n^2",flow-NPE,A,2.9104706036265773,0.005119307685536643
"n=1000, N=n^2",flow-NPE,A,2.9120701184660946,0.006574636388540744
"n=1000, N=n^2",flow-NPE,A,2.913669633305612,0.008551171917471534
"n=1000, N=n^2",flow-NPE,A,2.9152691481451294,0.011051325876521443
"n=1000, N=n^2",flow-NPE,A,2.916868662984647,0.014051565769501992
"n=1000, N=n^2",flow-NPE,A,2.9184681778241646,0.01750356924369404
"n=1000, N=n^2",flow-NPE,A,2.920067692663682,0.02133801409645891
"n=1000, N=n^2",flow-NPE,A,2.9216672075031993,0.025471573153064527
"n=1000, N=n^2",flow-NPE,A,2.9232667223427167,0.029817418926119735
"n=1000, N=n^2",flow-NPE,A,2.924866237182234,0.03429902449924419
"n=1000, N=n^2",flow-NPE,A,2.9264657520217514,0.03886614447624923
"n=1000, N=n^2",flow-NPE,A,2.928065266861269,0.04351062724154735
"n=1000, N=n^2",flow-NPE,A,2.929664781700786,0.04827854468720634
"n=1000, N=n^2",flow-NPE,A,2.9312642965403035,0.05327470629473825
"n=1000, N=n^2",flow-NPE,A,2.932863811379821,0.058656584776605764
"n=1000, N=n^2",flow-NPE,A,2.9344633262193387,0.06461718043798653
"n=1000, N=n^2",flow-NPE,A,2.936062841058856,0.0713598191652125
"n=1000, N=n^2",flow-NPE,A,2.9376623558983734,0.0790711258263656
"n=1000, N=n^2",flow-NPE,A,2.939261870737891,0.08790010163148677
"n=1000, N=n^2",flow-NPE,A,2.940861385577408,0.09795044873466816
"n=1000, N=n^2",flow-NPE,A,2.9424609004169255,0.10928994155155483
"n=1000, N=n^2",flow-NPE,A,2.944060415256443,0.12197554441488082
"n=1000, N=n^2",flow-NPE,A,2.9456599300959603,0.13608758296478254
"n=1000, N=n^2",flow-NPE,A,2.9472594449354776,0.15176233552101714
"n=1000, N=n^2",flow-NPE,A,2.948858959774995,0.16921149525739942
"n=1000, N=n^2",flow-NPE,A,2.950458474614513,0.18871995840758957
"n=1000, N=n^2",flow-NPE,A,2.95205798945403,0.21062000258121483
"n=1000, N=n^2",flow-NPE,A,2.9536575042935476,0.2352482886733889
"n=1000, N=n^2",flow-NPE,A,2.955257019133065,0.26289913438656193
"n=1000, N=n^2",flow-NPE,A,2.9568565339725823,0.2937898393810703
"n=1000, N=n^2",flow-NPE,A,2.9584560488120997,0.32804957343782004
"n=1000, N=n^2",flow-NPE,A,2.960055563651617,0.36573337218777896
"n=1000, N=n^2",flow-NPE,A,2.9616550784911344,0.40685109379966256
"n=1000, N=n^2",flow-NPE,A,2.9632545933306518,0.4513934094614689
"n=1000, N=n^2",flow-NPE,A,2.964854108170169,0.4993376726481658
"n=1000, N=n^2",flow-NPE,A,2.966453623009687,0.5506268598066917
"n=1000, N=n^2",flow-NPE,A,2.9680531378492043,0.6051309789700846
"n=1000, N=n^2",flow-NPE,A,2.9696526526887217,0.662615138304876
"n=1000, N=n^2",flow-NPE,A,2.971252167528239,0.7227441744019452
"n=1000, N=n^2",flow-NPE,A,2.9728516823677564,0.7851458890884306
"n=1000, N=n^2",flow-NPE,A,2.974451197207274,0.8495346399513816
"n=1000, N=n^2",flow-NPE,A,2.976050712046791,0.9158709347546473
"n=1000, N=n^2",flow-NPE,A,2.9776502268863085,0.9845106059726344
"n=1000, N=n^2",flow-NPE,A,2.979249741725826,1.0562883345635734
"n=1000, N=n^2",flow-NPE,A,2.9808492565653433,1.1324899202601235
"n=1000, N=n^2",flow-NPE,A,2.9824487714048606,1.2146948153749786
"n=1000, N=n^2",flow-NPE,A,2.9840482862443785,1.3045080170356673
"n=1000, N=n^2",flow-NPE,A,2.985647801083896,1.40323727213842
"n=1000, N=n^2",flow-NPE,A,2.987247315923413,1.5115956309455034
"n=1000, N=n^2",flow-NPE,A,2.9888468307629306,1.6295114857177042
"n=1000, N=n^2",flow-NPE,A,2.990446345602448,1.7561052676957123
"n=1000, N=n^2",flow-NPE,A,2.9920458604419653,1.8898487706958387
"n=1000, N=n^2",flow-NPE,A,2.9936453752814827,2.0288717654089767
"n=1000, N=n^2",flow-NPE,A,2.995244890121,2.1713373314530857
"n=1000, N=n^2",flow-NPE,A,2.9968444049605174,2.3157869841735486
"n=1000, N=n^2",flow-NPE,A,2.9984439198000348,2.461367009365923
"n=1000, N=n^2",flow-NPE,A,3.0000434346395526,2.607885627112936
"n=1000, N=n^2",flow-NPE,A,3.00164294947907,2.755703664816356
"n=1000, N=n^2",flow-NPE,A,3.0032424643185873,2.9055108214938947
"n=1000, N=n^2",flow-NPE,A,3.0048419791581047,3.0580686211307038
"n=1000, N=n^2",flow-NPE,A,3.006441493997622,3.2140014368884504
"n=1000, N=n^2",flow-NPE,A,3.0080410088371394,3.373691421190683
"n=1000, N=n^2",flow-NPE,A,3.009640523676657,3.537293762789404
"n=1000, N=n^2",flow-NPE,A,3.011240038516174,3.704850460882386
"n=1000, N=n^2",flow-NPE,A,3.0128395533556915,3.876455297251018
"n=1000, N=n^2",flow-NPE,A,3.014439068195209,4.0524140485899025
"n=1000, N=n^2",flow-NPE,A,3.0160385830347263,4.233349440464402
"n=1000, N=n^2",flow-NPE,A,3.017638097874244,4.420214076744831
"n=1000, N=n^2",flow-NPE,A,3.0192376127137615,4.614192104782229
"n=1000, N=n^2",flow-NPE,A,3.020837127553279,4.816490549389698
"n=1000, N=n^2",flow-NPE,A,3.022436642392796,5.028044696305731
"n=1000, N=n^2",flow-NPE,A,3.0240361572323136,5.249187365506944
"n=1000, N=n^2",flow-NPE,A,3.025635672071831,5.479353513425221
"n=1000, N=n^2",flow-NPE,A,3.0272351869113483,5.716899709085836
"n=1000, N=n^2",flow-NPE,A,3.0288347017508657,5.959103960222436
"n=1000, N=n^2",flow-NPE,A,3.030434216590383,6.202373446127708
"n=1000, N=n^2",flow-NPE,A,3.0320337314299004,6.442634773635643
"n=1000, N=n^2",flow-NPE,A,3.033633246269418,6.6758308275565605
"n=1000, N=n^2",flow-NPE,A,3.0352327611089356,6.898418990054056
"n=1000, N=n^2",flow-NPE,A,3.036832275948453,7.107768791302226
"n=1000, N=n^2",flow-NPE,A,3.0384317907879703,7.30239085499201
"n=1000, N=n^2",flow-NPE,A,3.0400313056274877,7.481978492375404
"n=1000, N=n^2",flow-NPE,A,3.041630820467005,7.647288070107393
"n=1000, N=n^2",flow-NPE,A,3.0432303353065224,7.799908348955909
"n=1000, N=n^2",flow-NPE,A,3.04482985014604,7.941968328403294
"n=1000, N=n^2",flow-NPE,A,3.046429364985557,8.075816679353027
"n=1000, N=n^2",flow-NPE,A,3.0480288798250745,8.203689606556894
"n=1000, N=n^2",flow-NPE,A,3.049628394664592,8.327381456080618
"n=1000, N=n^2",flow-NPE,A,3.0512279095041097,8.447946585862088
"n=1000, N=n^2",flow-NPE,A,3.052827424343627,8.56548238953521
"n=1000, N=n^2",flow-NPE,A,3.0544269391831445,8.679054779386494
"n=1000, N=n^2",flow-NPE,A,3.056026454022662,8.786813800704738
"n=1000, N=n^2",flow-NPE,A,3.057625968862179,8.886304567450352
"n=1000, N=n^2",flow-NPE,A,3.0592254837016966,8.974918881356691
"n=1000, N=n^2",flow-NPE,A,3.060824998541214,9.050378845726625
"n=1000, N=n^2",flow-NPE,A,3.0624245133807313,9.111120226103473
"n=1000, N=n^2",flow-NPE,A,3.0640240282202487,9.156464809590902
"n=1000, N=n^2",flow-NPE,A,3.065623543059766,9.18653424439063
"n=1000, N=n^2",flow-NPE,A,3.067223057899284,9.201941739923805
"n=1000, N=n^2",flow-NPE,A,3.068822572738801,9.203371968568407
"n=1000, N=n^2",flow-NPE,A,3.0704220875783186,9.19119586503622
"n=1000, N=n^2",flow-NPE,A,3.072021602417836,9.165252212451675
"n=1000, N=n^2",flow-NPE,A,3.0736211172573533,9.124867629835688
"n=1000, N=n^2",flow-NPE,A,3.0752206320968707,9.069103120775464
"n=1000, N=n^2",flow-NPE,A,3.076820146936388,8.997138708976452
"n=1000, N=n^2",flow-NPE,A,3.0784196617759054,8.908664295757603
"n=1000, N=n^2",flow-NPE,A,3.080019176615423,8.80414814951572
"n=1000, N=n^2",flow-NPE,A,3.08161869145494,8.684900522265709
"n=1000, N=n^2",flow-NPE,A,3.0832182062944575,8.552919870528333
"n=1000, N=n^2",flow-NPE,A,3.0848177211339753,8.410576863255162
"n=1000, N=n^2",flow-NPE,A,3.0864172359734927,8.260233717599908
"n=1000, N=n^2",flow-NPE,A,3.08801675081301,8.103902176175298
"n=1000, N=n^2",flow-NPE,A,3.0896162656525274,7.943016562804884
"n=1000, N=n^2",flow-NPE,A,3.091215780492045,7.778354445925942
"n=1000, N=n^2",flow-NPE,A,3.092815295331562,7.610095358352433
"n=1000, N=n^2",flow-NPE,A,3.0944148101710796,7.4379809530897
"n=1000, N=n^2",flow-NPE,A,3.096014325010597,7.261530717863366
"n=1000, N=n^2",flow-NPE,A,3.0976138398501143,7.080269976750731
"n=1000, N=n^2",flow-NPE,A,3.0992133546896317,6.893932942924913
"n=1000, N=n^2",flow-NPE,A,3.1008128695291495,6.702608600379692
"n=1000, N=n^2",flow-NPE,A,3.102412384368667,6.50680312601113
"n=1000, N=n^2",flow-NPE,A,3.104011899208184,6.307404804948184
"n=1000, N=n^2",flow-NPE,A,3.1056114140477016,6.105558872943109
"n=1000, N=n^2",flow-NPE,A,3.107210928887219,5.902486434681342
"n=1000, N=n^2",flow-NPE,A,3.1088104437267363,5.6993029465084994
"n=1000, N=n^2",flow-NPE,A,3.1104099585662537,5.4968958241289245
"n=1000, N=n^2",flow-NPE,A,3.112009473405771,5.295901576538879
"n=1000, N=n^2",flow-NPE,A,3.1136089882452884,5.0967851486063855
"n=1000, N=n^2",flow-NPE,A,3.115208503084806,4.899982371847938
"n=1000, N=n^2",flow-NPE,A,3.116808017924323,4.7060386570311925
"n=1000, N=n^2",flow-NPE,A,3.118407532763841,4.5156764065418
"n=1000, N=n^2",flow-NPE,A,3.1200070476033583,4.329751645106914
"n=1000, N=n^2",flow-NPE,A,3.1216065624428757,4.149105941196
"n=1000, N=n^2",flow-NPE,A,3.123206077282393,3.9743638588547077
"n=1000, N=n^2",flow-NPE,A,3.1248055921219104,3.8057506696400263
"n=1000, N=n^2",flow-NPE,A,3.126405106961428,3.643000353946164
"n=1000, N=n^2",flow-NPE,A,3.128004621800945,3.485393058955658
"n=1000, N=n^2",flow-NPE,A,3.1296041366404626,3.331917597090043
"n=1000, N=n^2",flow-NPE,A,3.13120365147998,3.1815154367379077
"n=1000, N=n^2",flow-NPE,A,3.1328031663194973,3.033341187670573
"n=1000, N=n^2",flow-NPE,A,3.134402681159015,2.8869752280815955
"n=1000, N=n^2",flow-NPE,A,3.1360021959985325,2.7425423528747683
"n=1000, N=n^2",flow-NPE,A,3.13760171083805,2.600716673181243
"n=1000, N=n^2",flow-NPE,A,3.139201225677567,2.462618272994893
"n=1000, N=n^2",flow-NPE,A,3.1408007405170846,2.329625984833969
"n=1000, N=n^2",flow-NPE,A,3.142400255356602,2.2031420398829376
"n=1000, N=n^2",flow-NPE,A,3.1439997701961193,2.0843495564313725
"n=1000, N=n^2",flow-NPE,A,3.1455992850356367,1.9740040032954445
"n=1000, N=n^2",flow-NPE,A,3.147198799875154,1.8722948024349566
"n=1000, N=n^2",flow-NPE,A,3.1487983147146714,1.7788024088596632
"n=1000, N=n^2",flow-NPE,A,3.150397829554189,1.6925597945015267
"n=1000, N=n^2",flow-NPE,A,3.1519973443937066,1.6122076188525947
"n=1000, N=n^2",flow-NPE,A,3.153596859233224,1.5362137113418683
"n=1000, N=n^2",flow-NPE,A,3.1551963740727413,1.46311449614717
"n=1000, N=n^2",flow-NPE,A,3.1567958889122587,1.3917320617656352
"n=1000, N=n^2",flow-NPE,A,3.158395403751776,1.321326685154397
"n=1000, N=n^2",flow-NPE,A,3.1599949185912934,1.2516591336719107
"n=1000, N=n^2",flow-NPE,A,3.161594433430811,1.182956421010177
"n=1000, N=n^2",flow-NPE,A,3.163193948270328,1.1157944364647037
"n=1000, N=n^2",flow-NPE,A,3.1647934631098456,1.0509267302928265
"n=1000, N=n^2",flow-NPE,A,3.1663929779493634,0.989097517261718
"n=1000, N=n^2",flow-NPE,A,3.1679924927888807,0.9308771551886156
"n=1000, N=n^2",flow-NPE,A,3.169592007628398,0.8765504676208928
"n=1000, N=n^2",flow-NPE,A,3.1711915224679155,0.8260746536783915
"n=1000, N=n^2",flow-NPE,A,3.172791037307433,0.7791076915954008
"n=1000, N=n^2",flow-NPE,A,3.17439055214695,0.7350938183838616
"n=1000, N=n^2",flow-NPE,A,3.1759900669864676,0.6933827897756843
"n=1000, N=n^2",flow-NPE,A,3.177589581825985,0.6533557016760031
"n=1000, N=n^2",flow-NPE,A,3.1791890966655023,0.6145321499782181
"n=1000, N=n^2",flow-NPE,A,3.1807886115050197,0.5766401498511367
"n=1000, N=n^2",flow-NPE,A,3.182388126344537,0.53963955208498
"n=1000, N=n^2",flow-NPE,A,3.1839876411840544,0.5036995290387172
"n=1000, N=n^2",flow-NPE,A,3.1855871560235722,0.46913914935017703
"n=1000, N=n^2",flow-NPE,A,3.1871866708630896,0.43634575723127456
"n=1000, N=n^2",flow-NPE,A,3.188786185702607,0.40568817169887994
"n=1000, N=n^2",flow-NPE,A,3.1903857005421243,0.37744071037077986
"n=1000, N=n^2",flow-NPE,A,3.1919852153816417,0.3517304004886724
"n=1000, N=n^2",flow-NPE,A,3.193584730221159,0.32851447635153175
"n=1000, N=n^2",flow-NPE,A,3.1951842450606764,0.307589437546341
"n=1000, N=n^2",flow-NPE,A,3.196783759900194,0.28862747514935455
"n=1000, N=n^2",flow-NPE,A,3.198383274739711,0.2712316836334807
"n=1000, N=n^2",flow-NPE,A,3.199982789579229,0.25499871783703953
"n=1000, N=n^2",flow-NPE,A,3.2015823044187464,0.23957683355188375
"n=1000, N=n^2",flow-NPE,A,3.2031818192582637,0.22470875670537924
"n=1000, N=n^2",flow-NPE,A,3.204781334097781,0.21025238284393594
"n=1000, N=n^2",flow-NPE,A,3.2063808489372985,0.1961772504339096
"n=1000, N=n^2",flow-NPE,A,3.207980363776816,0.1825399483268241
"n=1000, N=n^2",flow-NPE,A,3.209579878616333,0.16944582861268068
"n=1000, N=n^2",Gaussian-NPE,A,2.8912764255523684,0.1917546752264687
"n=1000, N=n^2",Gaussian-NPE,A,2.892875940391886,0.20988447721999048
"n=1000, N=n^2",Gaussian-NPE,A,2.894475455231403,0.2297180799340305
"n=1000, N=n^2",Gaussian-NPE,A,2.8960749700709205,0.2515924251516902
"n=1000, N=n^2",Gaussian-NPE,A,2.897674484910438,0.2758627501059953
"n=1000, N=n^2",Gaussian-NPE,A,2.8992739997499553,0.3030151294629522
"n=1000, N=n^2",Gaussian-NPE,A,2.900873514589473,0.33378506214834247
"n=1000, N=n^2",Gaussian-NPE,A,2.9024730294289904,0.36917805025155975
"n=1000, N=n^2",Gaussian-NPE,A,2.904072544268508,0.4103095983861711
"n=1000, N=n^2",Gaussian-NPE,A,2.905672059108025,0.4580684450278764
"n=1000, N=n^2",Gaussian-NPE,A,2.9072715739475425,0.5127184698482674
"n=1000, N=n^2",Gaussian-NPE,A,2.90887108878706,0.5736282116782931
"n=1000, N=n^2",Gaussian-NPE,A,2.9104706036265773,0.6393015703182577
"n=1000, N=n^2",Gaussian-NPE,A,2.9120701184660946,0.707772171162674
"n=1000, N=n^2",Gaussian-NPE,A,2.913669633305612,0.7772615412469595
"n=1000, N=n^2",Gaussian-NPE,A,2.9152691481451294,0.8468631461956692
"n=1000, N=n^2",Gaussian-NPE,A,2.916868662984647,0.9169696004093076
"n=1000, N=n^2",Gaussian-NPE,A,2.9184681778241646,0.989237389823525
"n=1000, N=n^2",Gaussian-NPE,A,2.920067692663682,1.066056034061221
"n=1000, N=n^2",Gaussian-NPE,A,2.9216672075031993,1.149688350105503
"n=1000, N=n^2",Gaussian-NPE,A,2.9232667223427167,1.2413949853302348
"n=1000, N=n^2",Gaussian-NPE,A,2.924866237182234,1.3408895484893373
"n=1000, N=n^2",Gaussian-NPE,A,2.9264657520217514,1.4463719693006474
"n=1000, N=n^2",Gaussian-NPE,A,2.928065266861269,1.5551862676646138
"n=1000, N=n^2",Gaussian-NPE,A,2.929664781700786,1.6649133951602855
"n=1000, N=n^2",Gaussian-NPE,A,2.9312642965403035,1.7745281044567085
"n=1000, N=n^2",Gaussian-NPE,A,2.932863811379821,1.8851974108251583
"n=1000, N=n^2",Gaussian-NPE,A,2.9344633262193387,2.000408997177456
"n=1000, N=n^2",Gaussian-NPE,A,2.936062841058856,2.1253569827767285
"n=1000, N=n^2",Gaussian-NPE,A,2.9376623558983734,2.2657863438097348
"n=1000, N=n^2",Gaussian-NPE,A,2.939261870737891,2.4266898749871855
"n=1000, N=n^2",Gaussian-NPE,A,2.940861385577408,2.6112778027980768
"n=1000, N=n^2",Gaussian-NPE,A,2.9424609004169255,2.8204896636318812
"n=1000, N=n^2",Gaussian-NPE,A,2.944060415256443,3.0530652639968863
"n=1000, N=n^2",Gaussian-NPE,A,2.9456599300959603,3.3059629872794924
"n=1000, N=n^2",Gaussian-NPE,A,2.9472594449354776,3.5748250703630204
"n=1000, N=n^2",Gaussian-NPE,A,2.948858959774995,3.854282184691968
"n=1000, N=n^2",Gaussian-NPE,A,2.950458474614513,4.138102728892582
"n=1000, N=n^2",Gaussian-NPE,A,2.95205798945403,4.419391030081478
"n=1000, N=n^2",Gaussian-NPE,A,2.9536575042935476,4.691091057983169
"n=1000, N=n^2",Gaussian-NPE,A,2.955257019133065,4.946909944657927
"n=1000, N=n^2",Gaussian-NPE,A,2.9568565339725823,5.182508508142186
"n=1000, N=n^2",Gaussian-NPE,A,2.9584560488120997,5.396565182530983
"n=1000, N=n^2",Gaussian-NPE,A,2.960055563651617,5.591250859991266
"n=1000, N=n^2",Gaussian-NPE,A,2.9616550784911344,5.771813157132638
"n=1000, N=n^2",Gaussian-NPE,A,2.9632545933306518,5.945299387590714
"n=1000, N=n^2",Gaussian-NPE,A,2.964854108170169,6.118801410714368
"n=1000, N=n^2",Gaussian-NPE,A,2.966453623009687,6.297819252418517
"n=1000, N=n^2",Gaussian-NPE,A,2.9680531378492043,6.485307006845905
"n=1000, N=n^2",Gaussian-NPE,A,2.9696526526887217,6.681682418495313
"n=1000, N=n^2",Gaussian-NPE,A,2.971252167528239,6.885663424604775
"n=1000, N=n^2",Gaussian-NPE,A,2.9728516823677564,7.095428929046501
"n=1000, N=n^2",Gaussian-NPE,A,2.974451197207274,7.309469762287423
"n=1000, N=n^2",Gaussian-NPE,A,2.976050712046791,7.5266822832316915
"n=1000, N=n^2",Gaussian-NPE,A,2.9776502268863085,7.745686792807689
"n=1000, N=n^2",Gaussian-NPE,A,2.979249741725826,7.963813557867641
"n=1000, N=n^2",Gaussian-NPE,A,2.9808492565653433,8.176443009596149
"n=1000, N=n^2",Gaussian-NPE,A,2.9824487714048606,8.377266140719094
"n=1000, N=n^2",Gaussian-NPE,A,2.9840482862443785,8.559589834601478
"n=1000, N=n^2",Gaussian-NPE,A,2.985647801083896,8.718269804134486
"n=1000, N=n^2",Gaussian-NPE,A,2.987247315923413,8.851489719040186
"n=1000, N=n^2",Gaussian-NPE,A,2.9888468307629306,8.961604172846513
"n=1000, N=n^2",Gaussian-NPE,A,2.990446345602448,9.054622124696786
"n=1000, N=n^2",Gaussian-NPE,A,2.9920458604419653,9.138449645616314
"n=1000, N=n^2",Gaussian-NPE,A,2.9936453752814827,9.220490916773196
"n=1000, N=n^2",Gaussian-NPE,A,2.995244890121,9.305433023037839
"n=1000, N=n^2",Gaussian-NPE,A,2.9968444049605174,9.393947487902944
"n=1000, N=n^2",Gaussian-NPE,A,2.9984439198000348,9.482690668292623
"n=1000, N=n^2",Gaussian-NPE,A,3.0000434346395526,9.565518531734483
"n=1000, N=n^2",Gaussian-NPE,A,3.00164294947907,9.635417347784296
"n=1000, N=n^2",Gaussian-NPE,A,3.0032424643185873,9.686435362992032
"n=1000, N=n^2",Gaussian-NPE,A,3.0048419791581047,9.714959466600328
"n=1000, N=n^2",Gaussian-NPE,A,3.006441493997622,9.71999211067635
"n=1000, N=n^2",Gaussian-NPE,A,3.0080410088371394,9.70251823149261
"n=1000, N=n^2",Gaussian-NPE,A,3.009640523676657,9.664417836165558
"n=1000, N=n^2",Gaussian-NPE,A,3.011240038516174,9.607508772797598
"n=1000, N=n^2",Gaussian-NPE,A,3.0128395533556915,9.533139844062603
"n=1000, N=n^2",Gaussian-NPE,A,3.014439068195209,9.442391703687548
"n=1000, N=n^2",Gaussian-NPE,A,3.0160385830347263,9.336584342827685
"n=1000, N=n^2",Gaussian-NPE,A,3.017638097874244,9.217635614240628
"n=1000, N=n^2",Gaussian-NPE,A,3.0192376127137615,9.087946505658513
"n=1000, N=n^2",Gaussian-NPE,A,3.020837127553279,8.949816648045735
"n=1000, N=n^2",Gaussian-NPE,A,3.022436642392796,8.804710058859145
"n=1000, N=n^2",Gaussian-NPE,A,3.0240361572323136,8.6527996342059
"n=1000, N=n^2",Gaussian-NPE,A,3.025635672071831,8.493059865728762
"n=1000, N=n^2",Gaussian-NPE,A,3.0272351869113483,8.323864384100746
"n=1000, N=n^2",Gaussian-NPE,A,3.0288347017508657,8.143783100583672
"n=1000, N=n^2",Gaussian-NPE,A,3.030434216590383,7.952216217170277
"n=1000, N=n^2",Gaussian-NPE,A,3.0320337314299004,7.749652094257706
"n=1000, N=n^2",Gaussian-NPE,A,3.033633246269418,7.537561613144318
"n=1000, N=n^2",Gaussian-NPE,A,3.0352327611089356,7.318089101455065
"n=1000, N=n^2",Gaussian-NPE,A,3.036832275948453,7.0937049417835984
"n=1000, N=n^2",Gaussian-NPE,A,3.0384317907879703,6.866900218504862
"n=1000, N=n^2",Gaussian-NPE,A,3.0400313056274877,6.639929789249125
"n=1000, N=n^2",Gaussian-NPE,A,3.041630820467005,6.414602108082411
"n=1000, N=n^2",Gaussian-NPE,A,3.0432303353065224,6.192145718021308
"n=1000, N=n^2",Gaussian-NPE,A,3.04482985014604,5.9731897414973245
"n=1000, N=n^2",Gaussian-NPE,A,3.046429364985557,5.7578499147777675
"n=1000, N=n^2",Gaussian-NPE,A,3.0480288798250745,5.545848912386226
"n=1000, N=n^2",Gaussian-NPE,A,3.049628394664592,5.3365848207148305
"n=1000, N=n^2",Gaussian-NPE,A,3.0512279095041097,5.12912354944278
"n=1000, N=n^2",Gaussian-NPE,A,3.052827424343627,4.9221905081418695
"n=1000, N=n^2",Gaussian-NPE,A,3.0544269391831445,4.714294940098443
"n=1000, N=n^2",Gaussian-NPE,A,3.056026454022662,4.5040803585975535
"n=1000, N=n^2",Gaussian-NPE,A,3.057625968862179,4.290867276809165
"n=1000, N=n^2",Gaussian-NPE,A,3.0592254837016966,4.0752121330732445
"n=1000, N=n^2",Gaussian-NPE,A,3.060824998541214,3.859235413403864
"n=1000, N=n^2",Gaussian-NPE,A,3.0624245133807313,3.6465199725359567
"n=1000, N=n^2",Gaussian-NPE,A,3.0640240282202487,3.44153059576152
"n=1000, N=n^2",Gaussian-NPE,A,3.065623543059766,3.2486892376929895
"n=1000, N=n^2",Gaussian-NPE,A,3.067223057899284,3.0713747906631537
"n=1000, N=n^2",Gaussian-NPE,A,3.068822572738801,2.9111466767834417
"n=1000, N=n^2",Gaussian-NPE,A,3.0704220875783186,2.7674134429043793
"n=1000, N=n^2",Gaussian-NPE,A,3.072021602417836,2.6376221632827703
"n=1000, N=n^2",Gaussian-NPE,A,3.0736211172573533,2.517892286073334
"n=1000, N=n^2",Gaussian-NPE,A,3.0752206320968707,2.4039072606635288
"n=1000, N=n^2",Gaussian-NPE,A,3.076820146936388,2.291829449730204
"n=1000, N=n^2",Gaussian-NPE,A,3.0784196617759054,2.179015648558298
"n=1000, N=n^2",Gaussian-NPE,A,3.080019176615423,2.0643706736385976
"n=1000, N=n^2",Gaussian-NPE,A,3.08161869145494,1.948273494832593
"n=1000, N=n^2",Gaussian-NPE,A,3.0832182062944575,1.8321281542855794
"n=1000, N=n^2",Gaussian-NPE,A,3.0848177211339753,1.717701406672684
"n=1000, N=n^2",Gaussian-NPE,A,3.0864172359734927,1.6064721594363727
"n=1000, N=n^2",Gaussian-NPE,A,3.08801675081301,1.4992043224908216
"n=1000, N=n^2",Gaussian-NPE,A,3.0896162656525274,1.395863870325737
"n=1000, N=n^2",Gaussian-NPE,A,3.091215780492045,1.2958677740769138
"n=1000, N=n^2",Gaussian-NPE,A,3.092815295331562,1.1985322254789215
"n=1000, N=n^2",Gaussian-NPE,A,3.0944148101710796,1.1035276521373891
"n=1000, N=n^2",Gaussian-NPE,A,3.096014325010597,1.0111654530483412
"n=1000, N=n^2",Gaussian-NPE,A,3.0976138398501143,0.9224190310482066
"n=1000, N=n^2",Gaussian-NPE,A,3.0992133546896317,0.8386824493824784
"n=1000, N=n^2",Gaussian-NPE,A,3.1008128695291495,0.7613569796307625
"n=1000, N=n^2",Gaussian-NPE,A,3.102412384368667,0.6914055804622813
"n=1000, N=n^2",Gaussian-NPE,A,3.104011899208184,0.629020220590254
"n=1000, N=n^2",Gaussian-NPE,A,3.1056114140477016,0.5735103749912118
"n=1000, N=n^2",Gaussian-NPE,A,3.107210928887219,0.5234537870423516
"n=1000, N=n^2",Gaussian-NPE,A,3.1088104437267363,0.47707013409347265
"n=1000, N=n^2",Gaussian-NPE,A,3.1104099585662537,0.43270757669937443
"n=1000, N=n^2",Gaussian-NPE,A,3.112009473405771,0.3892944857025445
"n=1000, N=n^2",Gaussian-NPE,A,3.1136089882452884,0.34661804141646696
"n=1000, N=n^2",Gaussian-NPE,A,3.115208503084806,0.3053454954783547
"n=1000, N=n^2",Gaussian-NPE,A,3.116808017924323,0.2667838206284186
"n=1000, N=n^2",Gaussian-NPE,A,3.118407532763841,0.23245211486710293
"n=1000, N=n^2",Gaussian-NPE,A,3.1200070476033583,0.2035942973013743
"n=1000, N=n^2",Gaussian-NPE,A,3.1216065624428757,0.18077377937321318
"n=1000, N=n^2",Gaussian-NPE,A,3.123206077282393,0.16366538649587864
"n=1000, N=n^2",Gaussian-NPE,A,3.1248055921219104,0.1511009927050094
"n=1000, N=n^2",Gaussian-NPE,A,3.126405106961428,0.14134976850017753
"n=1000, N=n^2",Gaussian-NPE,A,3.128004621800945,0.13254325228350522
"n=1000, N=n^2",Gaussian-NPE,A,3.1296041366404626,0.12311312420741725
"n=1000, N=n^2",Gaussian-NPE,A,3.13120365147998,0.11211219700745673
"n=1000, N=n^2",Gaussian-NPE,A,3.1328031663194973,0.0993367337982765
"n=1000, N=n^2",Gaussian-NPE,A,3.134402681159015,0.08524111435965284
"n=1000, N=n^2",Gaussian-NPE,A,3.1360021959985325,0.07070322826857008
"n=1000, N=n^2",Gaussian-NPE,A,3.13760171083805,0.05673461974738523
"n=1000, N=n^2",Gaussian-NPE,A,3.139201225677567,0.04422498378625937
"n=1000, N=n^2",Gaussian-NPE,A,3.1408007405170846,0.033777193444553745
"n=1000, N=n^2",Gaussian-NPE,A,3.142400255356602,0.02564747114547074
"n=1000, N=n^2",Gaussian-NPE,A,3.1439997701961193,0.019773270476891827
"n=1000, N=n^2",Gaussian-NPE,A,3.1455992850356367,0.015855993242658316
"n=1000, N=n^2",Gaussian-NPE,A,3.147198799875154,0.013464406416952434
"n=1000, N=n^2",Gaussian-NPE,A,3.1487983147146714,0.012131473784263413
"n=1000, N=n^2",Gaussian-NPE,A,3.150397829554189,0.011427419147865693
"n=1000, N=n^2",Gaussian-NPE,A,3.1519973443937066,0.011002559425867205
"n=1000, N=n^2",Gaussian-NPE,A,3.153596859233224,0.010602883089221148
"n=1000, N=n^2",Gaussian-NPE,A,3.1551963740727413,0.010067318192420384
"n=1000, N=n^2",Gaussian-NPE,A,3.1567958889122587,0.009316548742190593
"n=1000, N=n^2",Gaussian-NPE,A,3.158395403751776,0.008339694262679592
"n=1000, N=n^2",Gaussian-NPE,A,3.1599949185912934,0.007180146077026117
"n=1000, N=n^2",Gaussian-NPE,A,3.161594433430811,0.005918879242070602
"n=1000, N=n^2",Gaussian-NPE,A,3.163193948270328,0.004654246979549362
"n=1000, N=n^2",Gaussian-NPE,A,3.1647934631098456,0.003480350315593156
"n=1000, N=n^2",Gaussian-NPE,A,3.1663929779493634,0.002468678606857279
"n=1000, N=n^2",Gaussian-NPE,A,3.1679924927888807,0.0016576585175773772
"n=1000, N=n^2",Gaussian-NPE,A,3.169592007628398,0.0010520156386825974
"n=1000, N=n^2",Gaussian-NPE,A,3.1711915224679155,0.0006302455139774225
"n=1000, N=n^2",Gaussian-NPE,A,3.172791037307433,0.00035608051559669483
"n=1000, N=n^2",Gaussian-NPE,A,3.17439055214695,0.0001895955284550906
"n=1000, N=n^2",Gaussian-NPE,A,3.1759900669864676,9.508621770663687e-05
"n=1000, N=n^2",Gaussian-NPE,A,3.177589581825985,4.489976742948186e-05
"n=1000, N=n^2",Gaussian-NPE,A,3.1791890966655023,1.9956290705682637e-05
"n=1000, N=n^2",Gaussian-NPE,A,3.1807886115050197,8.347000187864931e-06
"n=1000, N=n^2",Gaussian-NPE,A,3.182388126344537,3.2849325625484045e-06
"n=1000, N=n^2",Gaussian-NPE,A,3.1839876411840544,1.2162333851558494e-06
"n=1000, N=n^2",Gaussian-NPE,A,3.1855871560235722,4.2360823948133186e-07
"n=1000, N=n^2",Gaussian-NPE,A,3.1871866708630896,1.387846657254235e-07
"n=1000, N=n^2",Gaussian-NPE,A,3.188786185702607,4.27689028300539e-08
"n=1000, N=n^2",Gaussian-NPE,A,3.1903857005421243,1.239679999881198e-08
"n=1000, N=n^2",Gaussian-NPE,A,3.1919852153816417,3.3796770579768343e-09
"n=1000, N=n^2",Gaussian-NPE,A,3.193584730221159,8.665968120384269e-10
"n=1000, N=n^2",Gaussian-NPE,A,3.1951842450606764,2.0899192580702523e-10
"n=1000, N=n^2",Gaussian-NPE,A,3.196783759900194,4.7403266965428715e-11
"n=1000, N=n^2",Gaussian-NPE,A,3.198383274739711,1.0112308745664394e-11
"n=1000, N=n^2",Gaussian-NPE,A,3.199982789579229,2.028866219897404e-12
"n=1000, N=n^2",Gaussian-NPE,A,3.2015823044187464,3.828387678202538e-13
"n=1000, N=n^2",Gaussian-NPE,A,3.2031818192582637,6.794173321359157e-14
"n=1000, N=n^2",Gaussian-NPE,A,3.204781334097781,1.1340042294030242e-14
"n=1000, N=n^2",Gaussian-NPE,A,3.2063808489372985,1.7801206175484464e-15
"n=1000, N=n^2",Gaussian-NPE,A,3.207980363776816,2.62809115045906e-16
"n=1000, N=n^2",Gaussian-NPE,A,3.209579878616333,3.649113023365749e-17
"n=1000, N=n^2",Reference (flow convention),B,0.7593533882379532,2.5532608821511036e-37
"n=1000, N=n^2",Reference (flow convention),B,0.7629175146277826,8.709520187564482e-36
"n=1000, N=n^2",Reference (flow convention),B,0.7664816410176118,2.739293436854099e-34
"n=1000, N=n^2",Reference (flow convention),B,0.7700457674074412,7.943797817261755e-33
"n=1000, N=n^2",Reference (flow convention),B,0.7736098937972706,2.124042094783709e-31
"n=1000, N=n^2",Reference (flow convention),B,0.7771740201871,5.2365274930010794e-30
"n=1000, N=n^2",Reference (flow convention),B,0.7807381465769293,1.1903344807322674e-28
"n=1000, N=n^2",Reference (flow convention),B,0.7843022729667587,2.49482469264524e-27
"n=1000, N=n^2",Reference (flow convention),B,0.7878663993565881,4.8212149778105475e-26
"n=1000, N=n^2",Reference (flow convention),B,0.7914305257464174,8.590500599602438e-25
"n=1000, N=n^2",Reference (flow convention),B,0.7949946521362468,1.4113218154337544e-23
"n=1000, N=n^2",Reference (flow convention),B,0.7985587785260762,2.137860554273068e-22
"n=1000, N=n^2",Reference (flow convention),B,0.8021229049159054,2.985923047972421e-21
"n=1000, N=n^2",Reference (flow convention),B,0.8056870313057348,3.845244980725831e-20
"n=1000, N=n^2",Reference (flow convention),B,0.8092511576955642,4.565789932676256e-19
"n=1000, N=n^2",Reference (flow convention),B,0.8128152840853936,4.9986740953524085e-18
"n=1000, N=n^2",Reference (flow convention),B,0.8163794104752229,5.0459316050655303e-17
"n=1000, N=n^2",Reference (flow convention),B,0.8199435368650523,4.69652293335822e-16
"n=1000, N=n^2",Reference (flow convention),B,0.8235076632548817,4.03052247761379e-15
"n=1000, N=n^2",Reference (flow convention),B,0.827071789644711,3.1893179151835314e-14
"n=1000, N=n^2",Reference (flow convention),B,0.8306359160345403,2.326956583791262e-13
"n=1000, N=n^2",Reference (flow convention),B,0.8342000424243697,1.5654390039507152e-12
"n=1000, N=n^2",Reference (flow convention),B,0.837764168814199,9.710602404131019e-12
"n=1000, N=n^2",Reference (flow convention),B,0.8413282952040284,5.5542446156894674e-11
"n=1000, N=n^2",Reference (flow convention),B,0.8448924215938578,2.929422392229777e-10
"n=1000, N=n^2",Reference (flow convention),B,0.8484565479836872,1.4247227353125412e-09
"n=1000, N=n^2",Reference (flow convention),B,0.8520206743735165,6.389822216501443e-09
"n=1000, N=n^2",Reference (flow convention),B,0.8555848007633459,2.6429191159245075e-08
"n=1000, N=n^2",Reference (flow convention),B,0.8591489271531753,1.0082163251207953e-07
"n=1000, N=n^2",Reference (flow convention),B,0.8627130535430045,3.547751004789823e-07
"n=1000, N=n^2",Reference (flow convention),B,0.8662771799328339,1.15175853543184e-06
"n=1000, N=n^2",Reference (flow convention),B,0.8698413063226633,3.4505974832156113e-06
"n=1000, N=n^2",Reference (flow convention),B,0.8734054327124927,9.54380174428162e-06
"n=1000, N=n^2",Reference (flow convention),B,0.876969559102322,2.4383347571281072e-05
"n=1000, N=n^2",Reference (flow convention),B,0.8805336854921514,5.759464102597097e-05
"n=1000, N=n^2",Reference (flow convention),B,0.8840978118819808,0.00012593371407069898
"n=1000, N=n^2",Reference (flow convention),B,0.8876619382718101,0.00025538752561511755
"n=1000, N=n^2",Reference (flow convention),B,0.8912260646616394,0.00048170563904323903
"n=1000, N=n^2",Reference (flow convention),B,0.8947901910514688,0.0008485654254542938
"n=1000, N=n^2",Reference (flow convention),B,0.8983543174412982,0.001404355563816509
"n=1000, N=n^2",Reference (flow convention),B,0.9019184438311275,0.002201212743717745
"n=1000, N=n^2",Reference (flow convention),B,0.9054825702209569,0.0033013319924598173
"n=1000, N=n^2",Reference (flow convention),B,0.9090466966107862,0.004792837348999356
"n=1000, N=n^2",Reference (flow convention),B,0.9126108230006156,0.006809757873700906
"n=1000, N=n^2",Reference (flow convention),B,0.916174949390445,0.009541600500874195
"n=1000, N=n^2",Reference (flow convention),B,0.9197390757802744,0.013215275050298542
"n=1000, N=n^2",Reference (flow convention),B,0.9233032021701036,0.018042002045961666
"n=1000, N=n^2",Reference (flow convention),B,0.926867328559933,0.024142662803342183
"n=1000, N=n^2",Reference (flow convention),B,0.9304314549497624,0.03148549387036067
"n=1000, N=n^2",Reference (flow convention),B,0.9339955813395917,0.039875531050885066
"n=1000, N=n^2",Reference (flow convention),B,0.9375597077294211,0.04901860807144751
"n=1000, N=n^2",Reference (flow convention),B,0.9411238341192505,0.05865026627134046
"n=1000, N=n^2",Reference (flow convention),B,0.9446879605090799,0.06868762487353457
"n=1000, N=n^2",Reference (flow convention),B,0.9482520868989092,0.07934593082769818
"n=1000, N=n^2",Reference (flow convention),B,0.9518162132887386,0.09116883330673127
"n=1000, N=n^2",Reference (flow convention),B,0.955380339678568,0.10495006862964025
"n=1000, N=n^2",Reference (flow convention),B,0.9589444660683972,0.12156393125560196
"n=1000, N=n^2",Reference (flow convention),B,0.9625085924582266,0.14175768839261096
"n=1000, N=n^2",Reference (flow convention),B,0.966072718848056,0.165976557523527
"n=1000, N=n^2",Reference (flow convention),B,0.9696368452378854,0.19428453207802873
"n=1000, N=n^2",Reference (flow convention),B,0.9732009716277147,0.22641722001296308
"n=1000, N=n^2",Reference (flow convention),B,0.9767650980175441,0.2619661154321439
"n=1000, N=n^2",Reference (flow convention),B,0.9803292244073734,0.30065256696622383
"n=1000, N=n^2",Reference (flow convention),B,0.9838933507972027,0.3426059058735027
"n=1000, N=n^2",Reference (flow convention),B,0.9874574771870321,0.38852766308984
"n=1000, N=n^2",Reference (flow convention),B,0.9910216035768615,0.4396354843462949
"n=1000, N=n^2",Reference (flow convention),B,0.9945857299666909,0.49736284743108244
"n=1000, N=n^2",Reference (flow convention),B,0.9981498563565202,0.5629214291084136
"n=1000, N=n^2",Reference (flow convention),B,1.0017139827463495,0.6369312893558317
"n=1000, N=n^2",Reference (flow convention),B,1.0052781091361789,0.7193065513643944
"n=1000, N=n^2",Reference (flow convention),B,1.0088422355260083,0.8094444288284457
"n=1000, N=n^2",Reference (flow convention),B,1.0124063619158377,0.906595586271649
"n=1000, N=n^2",Reference (flow convention),B,1.015970488305667,1.01021436720807
"n=1000, N=n^2",Reference (flow convention),B,1.0195346146954964,1.1201432691813475
"n=1000, N=n^2",Reference (flow convention),B,1.0230987410853256,1.2366095742015062
"n=1000, N=n^2",Reference (flow convention),B,1.026662867475155,1.360091207031682
"n=1000, N=n^2",Reference (flow convention),B,1.0302269938649844,1.4910954327787707
"n=1000, N=n^2",Reference (flow convention),B,1.0337911202548138,1.629845935772777
"n=1000, N=n^2",Reference (flow convention),B,1.0373552466446432,1.7758884850247436
"n=1000, N=n^2",Reference (flow convention),B,1.0409193730344726,1.9277276889217942
"n=1000, N=n^2",Reference (flow convention),B,1.044483499424302,2.0827077627140085
"n=1000, N=n^2",Reference (flow convention),B,1.0480476258141311,2.237323219616597
"n=1000, N=n^2",Reference (flow convention),B,1.0516117522039605,2.3879564359387695
"n=1000, N=n^2",Reference (flow convention),B,1.05517587859379,2.5317940326871455
"n=1000, N=n^2",Reference (flow convention),B,1.0587400049836193,2.6675402026944055
"n=1000, N=n^2",Reference (flow convention),B,1.0623041313734487,2.795619551935828
"n=1000, N=n^2",Reference (flow convention),B,1.065868257763278,2.917804709816351
"n=1000, N=n^2",Reference (flow convention),B,1.0694323841531075,3.0364757786408716
"n=1000, N=n^2",Reference (flow convention),B,1.0729965105429367,3.153871236009512
"n=1000, N=n^2",Reference (flow convention),B,1.076560636932766,3.2716414797413598
"n=1000, N=n^2",Reference (flow convention),B,1.0801247633225954,3.390792312069024
"n=1000, N=n^2",Reference (flow convention),B,1.0836888897124248,3.5118400433774095
"n=1000, N=n^2",Reference (flow convention),B,1.0872530161022542,3.6348749155459372
"n=1000, N=n^2",Reference (flow convention),B,1.0908171424920836,3.759353907527288
"n=1000, N=n^2",Reference (flow convention),B,1.094381268881913,3.883744001696795
"n=1000, N=n^2",Reference (flow convention),B,1.0979453952717422,4.005378869555579
"n=1000, N=n^2",Reference (flow convention),B,1.1015095216615716,4.120859639515852
"n=1000, N=n^2",Reference (flow convention),B,1.105073648051401,4.227017751381427
"n=1000, N=n^2",Reference (flow convention),B,1.1086377744412304,4.322085470197652
"n=1000, N=n^2",Reference (flow convention),B,1.1122019008310597,4.406546965741738
"n=1000, N=n^2",Reference (flow convention),B,1.1157660272208891,4.483257865818852
"n=1000, N=n^2",Reference (flow convention),B,1.1193301536107185,4.556709127049777
"n=1000, N=n^2",Reference (flow convention),B,1.1228942800005477,4.631604256581976
"n=1000, N=n^2",Reference (flow convention),B,1.126458406390377,4.711139239012082
"n=1000, N=n^2",Reference (flow convention),B,1.1300225327802065,4.795520595001545
"n=1000, N=n^2",Reference (flow convention),B,1.1335866591700359,4.881294083758401
"n=1000, N=n^2",Reference (flow convention),B,1.1371507855598653,4.961885051391886
"n=1000, N=n^2",Reference (flow convention),B,1.1407149119496944,5.029323500599133
"n=1000, N=n^2",Reference (flow convention),B,1.144279038339524,5.076583567148212
"n=1000, N=n^2",Reference (flow convention),B,1.1478431647293532,5.099613239713805
"n=1000, N=n^2",Reference (flow convention),B,1.1514072911191826,5.098223847785139
"n=1000, N=n^2",Reference (flow convention),B,1.154971417509012,5.075540703935445
"n=1000, N=n^2",Reference (flow convention),B,1.1585355438988414,5.0363870593404325
"n=1000, N=n^2",Reference (flow convention),B,1.1620996702886708,4.985401082921344
"n=1000, N=n^2",Reference (flow convention),B,1.1656637966785,4.925668865919609
"n=1000, N=n^2",Reference (flow convention),B,1.1692279230683296,4.858284783703931
"n=1000, N=n^2",Reference (flow convention),B,1.1727920494581587,4.782793201509396
"n=1000, N=n^2",Reference (flow convention),B,1.1763561758479881,4.698159726150513
"n=1000, N=n^2",Reference (flow convention),B,1.1799203022378175,4.60383558019507
"n=1000, N=n^2",Reference (flow convention),B,1.183484428627647,4.500542670043579
"n=1000, N=n^2",Reference (flow convention),B,1.1870485550174763,4.390527966971017
"n=1000, N=n^2",Reference (flow convention),B,1.1906126814073055,4.277189430848669
"n=1000, N=n^2",Reference (flow convention),B,1.194176807797135,4.164178750986844
"n=1000, N=n^2",Reference (flow convention),B,1.1977409341869643,4.054308874648417
"n=1000, N=n^2",Reference (flow convention),B,1.2013050605767936,3.948724472039786
"n=1000, N=n^2",Reference (flow convention),B,1.204869186966623,3.846711112099007
"n=1000, N=n^2",Reference (flow convention),B,1.2084333133564524,3.7462193142992173
"n=1000, N=n^2",Reference (flow convention),B,1.2119974397462818,3.6448207309066882
"n=1000, N=n^2",Reference (flow convention),B,1.215561566136111,3.540621106977397
"n=1000, N=n^2",Reference (flow convention),B,1.2191256925259404,3.43274955636801
"n=1000, N=n^2",Reference (flow convention),B,1.2226898189157698,3.321341840558067
"n=1000, N=n^2",Reference (flow convention),B,1.2262539453055992,3.207213625106111
"n=1000, N=n^2",Reference (flow convention),B,1.2298180716954286,3.0914971712616817
"n=1000, N=n^2",Reference (flow convention),B,1.233382198085258,2.9753886189374508
"n=1000, N=n^2",Reference (flow convention),B,1.2369463244750873,2.859973844699747
"n=1000, N=n^2",Reference (flow convention),B,1.2405104508649165,2.746027585738563
"n=1000, N=n^2",Reference (flow convention),B,1.244074577254746,2.6337533138817517
"n=1000, N=n^2",Reference (flow convention),B,1.2476387036445753,2.5225652421255105
"n=1000, N=n^2",Reference (flow convention),B,1.2512028300344047,2.4110881521952896
"n=1000, N=n^2",Reference (flow convention),B,1.254766956424234,2.2975002345820568
"n=1000, N=n^2",Reference (flow convention),B,1.2583310828140635,2.180189715452775
"n=1000, N=n^2",Reference (flow convention),B,1.2618952092038929,2.058519934251937
"n=1000, N=n^2",Reference (flow convention),B,1.265459335593722,1.9333959259495923
"n=1000, N=n^2",Reference (flow convention),B,1.2690234619835516,1.8073608515007775
"n=1000, N=n^2",Reference (flow convention),B,1.2725875883733808,1.6841185722031518
"n=1000, N=n^2",Reference (flow convention),B,1.2761517147632102,1.5676079317849443
"n=1000, N=n^2",Reference (flow convention),B,1.2797158411530396,1.460942353524112
"n=1000, N=n^2",Reference (flow convention),B,1.2832799675428688,1.365591580267653
"n=1000, N=n^2",Reference (flow convention),B,1.2868440939326984,1.2810913142793174
"n=1000, N=n^2",Reference (flow convention),B,1.2904082203225276,1.2053561386781957
"n=1000, N=n^2",Reference (flow convention),B,1.293972346712357,1.1354312115590122
"n=1000, N=n^2",Reference (flow convention),B,1.2975364731021863,1.0683621175608236
"n=1000, N=n^2",Reference (flow convention),B,1.3011005994920157,1.0018702187064157
"n=1000, N=n^2",Reference (flow convention),B,1.3046647258818451,0.9346815943010277
"n=1000, N=n^2",Reference (flow convention),B,1.3082288522716743,0.8665597861668545
"n=1000, N=n^2",Reference (flow convention),B,1.311792978661504,0.7981965705679054
"n=1000, N=n^2",Reference (flow convention),B,1.315357105051333,0.7310635492830768
"n=1000, N=n^2",Reference (flow convention),B,1.3189212314411625,0.6671972979603444
"n=1000, N=n^2",Reference (flow convention),B,1.3224853578309919,0.6088270298855804
"n=1000, N=n^2",Reference (flow convention),B,1.3260494842208213,0.5578352519337574
"n=1000, N=n^2",Reference (flow convention),B,1.3296136106106506,0.5152044538027275
"n=1000, N=n^2",Reference (flow convention),B,1.3331777370004798,0.4806956221461104
"n=1000, N=n^2",Reference (flow convention),B,1.3367418633903094,0.4529284922575832
"n=1000, N=n^2",Reference (flow convention),B,1.3403059897801386,0.42983098530089536
"n=1000, N=n^2",Reference (flow convention),B,1.343870116169968,0.4092391806253316
"n=1000, N=n^2",Reference (flow convention),B,1.3474342425597974,0.38938189342141905
"n=1000, N=n^2",Reference (flow convention),B,1.3509983689496268,0.3690890726693804
"n=1000, N=n^2",Reference (flow convention),B,1.3545624953394562,0.34773525796304505
"n=1000, N=n^2",Reference (flow convention),B,1.3581266217292853,0.32505951452937654
"n=1000, N=n^2",Reference (flow convention),B,1.361690748119115,0.3010283748609028
"n=1000, N=n^2",Reference (flow convention),B,1.3652548745089441,0.2758322216226568
"n=1000, N=n^2",Reference (flow convention),B,1.3688190008987735,0.24998302414809817
"n=1000, N=n^2",Reference (flow convention),B,1.372383127288603,0.22438672149094024
"n=1000, N=n^2",Reference (flow convention),B,1.3759472536784323,0.2002551735127585
"n=1000, N=n^2",Reference (flow convention),B,1.3795113800682617,0.17881104118123897
"n=1000, N=n^2",Reference (flow convention),B,1.3830755064580909,0.16087560262925682
"n=1000, N=n^2",Reference (flow convention),B,1.3866396328479205,0.1465299953514104
"n=1000, N=n^2",Reference (flow convention),B,1.3902037592377496,0.13503530544103523
"n=1000, N=n^2",Reference (flow convention),B,1.393767885627579,0.12507910666103308
"n=1000, N=n^2",Reference (flow convention),B,1.3973320120174084,0.11525041515272616
"n=1000, N=n^2",Reference (flow convention),B,1.4008961384072378,0.10452993006749818
"n=1000, N=n^2",Reference (flow convention),B,1.4044602647970672,0.09258528867919714
"n=1000, N=n^2",Reference (flow convention),B,1.4080243911868964,0.0797734291313736
"n=1000, N=n^2",Reference (flow convention),B,1.411588517576726,0.06689877534949988
"n=1000, N=n^2",Reference (flow convention),B,1.4151526439665552,0.054871019068127254
"n=1000, N=n^2",Reference (flow convention),B,1.4187167703563845,0.04441113828332418
"n=1000, N=n^2",Reference (flow convention),B,1.422280896746214,0.03589209649334006
"n=1000, N=n^2",Reference (flow convention),B,1.425845023136043,0.029324181731293253
"n=1000, N=n^2",Reference (flow convention),B,1.4294091495258727,0.02444377255072267
"n=1000, N=n^2",Reference (flow convention),B,1.432973275915702,0.020847420749260645
"n=1000, N=n^2",Reference (flow convention),B,1.4365374023055315,0.018120006062327172
"n=1000, N=n^2",Reference (flow convention),B,1.4401015286953607,0.015923907289196154
"n=1000, N=n^2",Reference (flow convention),B,1.44366565508519,0.014037615812102312
"n=1000, N=n^2",Reference (flow convention),B,1.4472297814750195,0.012350809523248083
"n=1000, N=n^2",Reference (flow convention),B,1.4507939078648486,0.010833350408629228
"n=1000, N=n^2",Reference (flow convention),B,1.4543580342546782,0.009496608114578859
"n=1000, N=n^2",Reference (flow convention),B,1.4579221606445074,0.008360441935945625
"n=1000, N=n^2",Reference (flow convention),B,1.461486287034337,0.007432699739247814
"n=1000, N=n^2",Reference (flow convention),B,1.4650504134241662,0.006702212515027246
"n=1000, N=n^2",Reference (flow convention),B,1.4686145398139956,0.006141220601052183
"n=1000, N=n^2",Reference (Gaussian convention),B,0.7593533882379532,0.00687743811400839
"n=1000, N=n^2",Reference (Gaussian convention),B,0.7629175146277826,0.007728942298479712
"n=1000, N=n^2",Reference (Gaussian convention),B,0.7664816410176118,0.009308157982986847
"n=1000, N=n^2",Reference (Gaussian convention),B,0.7700457674074412,0.011800340538596747
"n=1000, N=n^2",Reference (Gaussian convention),B,0.7736098937972706,0.015293021269784924
"n=1000, N=n^2",Reference (Gaussian convention),B,0.7771740201871,0.01971955091155213
"n=1000, N=n^2",Reference (Gaussian convention),B,0.7807381465769293,0.024839722733354483
"n=1000, N=n^2",Reference (Gaussian convention),B,0.7843022729667587,0.030296588573861142
"n=1000, N=n^2",Reference (Gaussian convention),B,0.7878663993565881,0.03575540051445496
"n=1000, N=n^2",Reference (Gaussian convention),B,0.7914305257464174,0.04107979721814889
"n=1000, N=n^2",Reference (Gaussian convention),B,0.7949946521362468,0.046470239701815026
"n=1000, N=n^2",Reference (Gaussian convention),B,0.7985587785260762,0.052507253104057204
"n=1000, N=n^2",Reference (Gaussian convention),B,0.8021229049159054,0.060094907788455845
"n=1000, N=n^2",Reference (Gaussian convention),B,0.8056870313057348,0.07034472220113362
"n=1000, N=n^2",Reference (Gaussian convention),B,0.8092511576955642,0.08444236958744843
"n=1000, N=n^2",Reference (Gaussian convention),B,0.8128152840853936,0.1035071780038622
"n=1000, N=n^2",Reference (Gaussian convention),B,0.8163794104752229,0.12843013944900894
"n=1000, N=n^2",Reference (Gaussian convention),B,0.8199435368650523,0.1596949265247246
"n=1000, N=n^2",Reference (Gaussian convention),B,0.8235076632548817,0.19723840695715703
"n=1000, N=n^2",Reference (Gaussian convention),B,0.827071789644711,0.2404417020741624
"n=1000, N=n^2",Reference (Gaussian convention),B,0.8306359160345403,0.28831190815574115
"n=1000, N=n^2",Reference (Gaussian convention),B,0.8342000424243697,0.33981929465455224
"n=1000, N=n^2",Reference (Gaussian convention),B,0.837764168814199,0.3942543576267224
"n=1000, N=n^2",Reference (Gaussian convention),B,0.8413282952040284,0.4514402049931251
"n=1000, N=n^2",Reference (Gaussian convention),B,0.8448924215938578,0.5117109881971298
"n=1000, N=n^2",Reference (Gaussian convention),B,0.8484565479836872,0.5757030881928284
"n=1000, N=n^2",Reference (Gaussian convention),B,0.8520206743735165,0.6441106213770795
"n=1000, N=n^2",Reference (Gaussian convention),B,0.8555848007633459,0.7175577396103927
"n=1000, N=n^2",Reference (Gaussian convention),B,0.8591489271531753,0.7966375629747839
"n=1000, N=n^2",Reference (Gaussian convention),B,0.8627130535430045,0.8820345033097436
"n=1000, N=n^2",Reference (Gaussian convention),B,0.8662771799328339,0.9745769010197902
"n=1000, N=n^2",Reference (Gaussian convention),B,0.8698413063226633,1.075109511860881
"n=1000, N=n^2",Reference (Gaussian convention),B,0.8734054327124927,1.1842005989964846
"n=1000, N=n^2",Reference (Gaussian convention),B,0.876969559102322,1.3018172412691127
"n=1000, N=n^2",Reference (Gaussian convention),B,0.8805336854921514,1.427131907956076
"n=1000, N=n^2",Reference (Gaussian convention),B,0.8840978118819808,1.5585508474766105
"n=1000, N=n^2",Reference (Gaussian convention),B,0.8876619382718101,1.6939464070261891
"n=1000, N=n^2",Reference (Gaussian convention),B,0.8912260646616394,1.8310129114081264
"n=1000, N=n^2",Reference (Gaussian convention),B,0.8947901910514688,1.9676699252320708
"n=1000, N=n^2",Reference (Gaussian convention),B,0.8983543174412982,2.1024562970379495
"n=1000, N=n^2",Reference (Gaussian convention),B,0.9019184438311275,2.234840826870512
"n=1000, N=n^2",Reference (Gaussian convention),B,0.9054825702209569,2.3653411242429137
"n=1000, N=n^2",Reference (Gaussian convention),B,0.9090466966107862,2.4953690394779824
"n=1000, N=n^2",Reference (Gaussian convention),B,0.9126108230006156,2.626843156315039
"n=1000, N=n^2",Reference (Gaussian convention),B,0.916174949390445,2.7617438559221763
"n=1000, N=n^2",Reference (Gaussian convention),B,0.9197390757802744,2.9017939436451514
"n=1000, N=n^2",Reference (Gaussian convention),B,0.9233032021701036,3.0482832246404015
"n=1000, N=n^2",Reference (Gaussian convention),B,0.926867328559933,3.201858520379742
"n=1000, N=n^2",Reference (Gaussian convention),B,0.9304314549497624,3.3620956545661405
"n=1000, N=n^2",Reference (Gaussian convention),B,0.9339955813395917,3.526939716729152
"n=1000, N=n^2",Reference (Gaussian convention),B,0.9375597077294211,3.692448190598154
"n=1000, N=n^2",Reference (Gaussian convention),B,0.9411238341192505,3.8533419517687015
"n=1000, N=n^2",Reference (Gaussian convention),B,0.9446879605090799,4.004464309200321
"n=1000, N=n^2",Reference (Gaussian convention),B,0.9482520868989092,4.142578478447842
"n=1000, N=n^2",Reference (Gaussian convention),B,0.9518162132887386,4.267527078398725
"n=1000, N=n^2",Reference (Gaussian convention),B,0.955380339678568,4.382049883691918
"n=1000, N=n^2",Reference (Gaussian convention),B,0.9589444660683972,4.490389170745407
"n=1000, N=n^2",Reference (Gaussian convention),B,0.9625085924582266,4.596565077349021
"n=1000, N=n^2",Reference (Gaussian convention),B,0.966072718848056,4.703248439502411
"n=1000, N=n^2",Reference (Gaussian convention),B,0.9696368452378854,4.811481152841461
"n=1000, N=n^2",Reference (Gaussian convention),B,0.9732009716277147,4.920748842253577
"n=1000, N=n^2",Reference (Gaussian convention),B,0.9767650980175441,5.028808434682094
"n=1000, N=n^2",Reference (Gaussian convention),B,0.9803292244073734,5.131278772721326
"n=1000, N=n^2",Reference (Gaussian convention),B,0.9838933507972027,5.221662126097934
"n=1000, N=n^2",Reference (Gaussian convention),B,0.9874574771870321,5.292456151352495
"n=1000, N=n^2",Reference (Gaussian convention),B,0.9910216035768615,5.337264299795947
"n=1000, N=n^2",Reference (Gaussian convention),B,0.9945857299666909,5.352958461570859
"n=1000, N=n^2",Reference (Gaussian convention),B,0.9981498563565202,5.3407320553482664
"n=1000, N=n^2",Reference (Gaussian convention),B,1.0017139827463495,5.30548101245134
"n=1000, N=n^2",Reference (Gaussian convention),B,1.0052781091361789,5.253879326189236
"n=1000, N=n^2",Reference (Gaussian convention),B,1.0088422355260083,5.192114207718005
"n=1000, N=n^2",Reference (Gaussian convention),B,1.0124063619158377,5.124218835968424
"n=1000, N=n^2",Reference (Gaussian convention),B,1.015970488305667,5.051480973397061
"n=1000, N=n^2",Reference (Gaussian convention),B,1.0195346146954964,4.972897231229311
"n=1000, N=n^2",Reference (Gaussian convention),B,1.0230987410853256,4.886322382217148
"n=1000, N=n^2",Reference (Gaussian convention),B,1.026662867475155,4.789842118843139
"n=1000, N=n^2",Reference (Gaussian convention),B,1.0302269938649844,4.682904841287964
"n=1000, N=n^2",Reference (Gaussian convention),B,1.0337911202548138,4.566858031089366
"n=1000, N=n^2",Reference (Gaussian convention),B,1.0373552466446432,4.444749149336062
"n=1000, N=n^2",Reference (Gaussian convention),B,1.0409193730344726,4.320514072790137
"n=1000, N=n^2",Reference (Gaussian convention),B,1.044483499424302,4.197870069521579
"n=1000, N=n^2",Reference (Gaussian convention),B,1.0480476258141311,4.079271882852279
"n=1000, N=n^2",Reference (Gaussian convention),B,1.0516117522039605,3.965210173488135
"n=1000, N=n^2",Reference (Gaussian convention),B,1.05517587859379,3.8540346475706246
"n=1000, N=n^2",Reference (Gaussian convention),B,1.0587400049836193,3.7424161230452975
"n=1000, N=n^2",Reference (Gaussian convention),B,1.0623041313734487,3.626451255094603
"n=1000, N=n^2",Reference (Gaussian convention),B,1.065868257763278,3.5031724039892636
"n=1000, N=n^2",Reference (Gaussian convention),B,1.0694323841531075,3.371915612184
"n=1000, N=n^2",Reference (Gaussian convention),B,1.0729965105429367,3.234864101508757
"n=1000, N=n^2",Reference (Gaussian convention),B,1.076560636932766,3.0963498629621817
"n=1000, N=n^2",Reference (Gaussian convention),B,1.0801247633225954,2.961116828235919
"n=1000, N=n^2",Reference (Gaussian convention),B,1.0836888897124248,2.832362311832452
"n=1000, N=n^2",Reference (Gaussian convention),B,1.0872530161022542,2.710549484720707
"n=1000, N=n^2",Reference (Gaussian convention),B,1.0908171424920836,2.593571545811093
"n=1000, N=n^2",Reference (Gaussian convention),B,1.094381268881913,2.4781035348510954
"n=1000, N=n^2",Reference (Gaussian convention),B,1.0979453952717422,2.361368730878749
"n=1000, N=n^2",Reference (Gaussian convention),B,1.1015095216615716,2.242418658616051
"n=1000, N=n^2",Reference (Gaussian convention),B,1.105073648051401,2.1223930151355352
"n=1000, N=n^2",Reference (Gaussian convention),B,1.1086377744412304,2.003812697569777
"n=1000, N=n^2",Reference (Gaussian convention),B,1.1122019008310597,1.8894122686764954
"n=1000, N=n^2",Reference (Gaussian convention),B,1.1157660272208891,1.7811231363686086
"n=1000, N=n^2",Reference (Gaussian convention),B,1.1193301536107185,1.679595101813211
"n=1000, N=n^2",Reference (Gaussian convention),B,1.1228942800005477,1.5842900922313305
"n=1000, N=n^2",Reference (Gaussian convention),B,1.126458406390377,1.4939253814435034
"n=1000, N=n^2",Reference (Gaussian convention),B,1.1300225327802065,1.4069979352489932
"n=1000, N=n^2",Reference (Gaussian convention),B,1.1335866591700359,1.3222356856583977
"n=1000, N=n^2",Reference (Gaussian convention),B,1.1371507855598653,1.2389469814197158
"n=1000, N=n^2",Reference (Gaussian convention),B,1.1407149119496944,1.1572618670425785
"n=1000, N=n^2",Reference (Gaussian convention),B,1.144279038339524,1.0781925349844097
"n=1000, N=n^2",Reference (Gaussian convention),B,1.1478431647293532,1.0034042630441389
"n=1000, N=n^2",Reference (Gaussian convention),B,1.1514072911191826,0.9346795981162737
"n=1000, N=n^2",Reference (Gaussian convention),B,1.154971417509012,0.8732416342286848
"n=1000, N=n^2",Reference (Gaussian convention),B,1.1585355438988414,0.8192282705860608
"n=1000, N=n^2",Reference (Gaussian convention),B,1.1620996702886708,0.771557706965278
"n=1000, N=n^2",Reference (Gaussian convention),B,1.1656637966785,0.7282240038461615
"n=1000, N=n^2",Reference (Gaussian convention),B,1.1692279230683296,0.6868607822840264
"n=1000, N=n^2",Reference (Gaussian convention),B,1.1727920494581587,0.6453411754431725
"n=1000, N=n^2",Reference (Gaussian convention),B,1.1763561758479881,0.6022442916433899
"n=1000, N=n^2",Reference (Gaussian convention),B,1.1799203022378175,0.5571152631149605
"n=1000, N=n^2",Reference (Gaussian convention),B,1.183484428627647,0.5104979375548349
"n=1000, N=n^2",Reference (Gaussian convention),B,1.1870485550174763,0.46373466073985103
"n=1000, N=n^2",Reference (Gaussian convention),B,1.1906126814073055,0.41856323152665426
"n=1000, N=n^2",Reference (Gaussian convention),B,1.194176807797135,0.376616619422747
"n=1000, N=n^2",Reference (Gaussian convention),B,1.1977409341869643,0.33899616348969763
"n=1000, N=n^2",Reference (Gaussian convention),B,1.2013050605767936,0.30607378169652977
"n=1000, N=n^2",Reference (Gaussian convention),B,1.204869186966623,0.2775694619248684
"n=1000, N=n^2",Reference (Gaussian convention),B,1.2084333133564524,0.2528135184136
"n=1000, N=n^2",Reference (Gaussian convention),B,1.2119974397462818,0.23103331096793908
"n=1000, N=n^2",Reference (Gaussian convention),B,1.215561566136111,0.21154266530724142
"n=1000, N=n^2",Reference (Gaussian convention),B,1.2191256925259404,0.19381296735052753
"n=1000, N=n^2",Reference (Gaussian convention),B,1.2226898189157698,0.17747994294497366
"n=1000, N=n^2",Reference (Gaussian convention),B,1.2262539453055992,0.16234078156019208
"n=1000, N=n^2",Reference (Gaussian convention),B,1.2298180716954286,0.14834929957153326
"n=1000, N=n^2",Reference (Gaussian convention),B,1.233382198085258,0.1355843709994427
"n=1000, N=n^2",Reference (Gaussian convention),B,1.2369463244750873,0.12417906764500004
"n=1000, N=n^2",Reference (Gaussian convention),B,1.2405104508649165,0.11423131711076447
"n=1000, N=n^2",Reference (Gaussian convention),B,1.244074577254746,0.10573201870456882
"n=1000, N=n^2",Reference (Gaussian convention),B,1.2476387036445753,0.0985331461707819
"n=1000, N=n^2",Reference (Gaussian convention),B,1.2512028300344047,0.09235701923229574
"n=1000, N=n^2",Reference (Gaussian convention),B,1.254766956424234,0.0868378276679533
"n=1000, N=n^2",Reference (Gaussian convention),B,1.2583310828140635,0.08158514899488074
"n=1000, N=n^2",Reference (Gaussian convention),B,1.2618952092038929,0.07625530094269085
"n=1000, N=n^2",Reference (Gaussian convention),B,1.265459335593722,0.07061078207952133
"n=1000, N=n^2",Reference (Gaussian convention),B,1.2690234619835516,0.06455200618214747
"n=1000, N=n^2",Reference (Gaussian convention),B,1.2725875883733808,0.05812075435693225
"n=1000, N=n^2",Reference (Gaussian convention),B,1.2761517147632102,0.0514862941893351
"n=1000, N=n^2",Reference (Gaussian convention),B,1.2797158411530396,0.044919599776599525
"n=1000, N=n^2",Reference (Gaussian convention),B,1.2832799675428688,0.03874698911220355
"n=1000, N=n^2",Reference (Gaussian convention),B,1.2868440939326984,0.03327488690646277
"n=1000, N=n^2",Reference (Gaussian convention),B,1.2904082203225276,0.028700929333975337
"n=1000, N=n^2",Reference (Gaussian convention),B,1.293972346712357,0.025052061273376714
"n=1000, N=n^2",Reference (Gaussian convention),B,1.2975364731021863,0.022187161183162343
"n=1000, N=n^2",Reference (Gaussian convention),B,1.3011005994920157,0.019865131640145386
"n=1000, N=n^2",Reference (Gaussian convention),B,1.3046647258818451,0.017838532937237195
"n=1000, N=n^2",Reference (Gaussian convention),B,1.3082288522716743,0.015922515727966213
"n=1000, N=n^2",Reference (Gaussian convention),B,1.311792978661504,0.014015081196297713
"n=1000, N=n^2",Reference (Gaussian convention),B,1.315357105051333,0.012081244048712619
"n=1000, N=n^2",Reference (Gaussian convention),B,1.3189212314411625,0.010129868041586013
"n=1000, N=n^2",Reference (Gaussian convention),B,1.3224853578309919,0.008200849863511068
"n=1000, N=n^2",Reference (Gaussian convention),B,1.3260494842208213,0.006359716701386095
"n=1000, N=n^2",Reference (Gaussian convention),B,1.3296136106106506,0.0046874613793368705
"n=1000, N=n^2",Reference (Gaussian convention),B,1.3331777370004798,0.0032604450711110457
"n=1000, N=n^2",Reference (Gaussian convention),B,1.3367418633903094,0.002127490430917016
"n=1000, N=n^2",Reference (Gaussian convention),B,1.3403059897801386,0.0012961550015018425
"n=1000, N=n^2",Reference (Gaussian convention),B,1.343870116169968,0.0007346447864336887
"n=1000, N=n^2",Reference (Gaussian convention),B,1.3474342425597974,0.0003863301293242335
"n=1000, N=n^2",Reference (Gaussian convention),B,1.3509983689496268,0.00018811972599540265
"n=1000, N=n^2",Reference (Gaussian convention),B,1.3545624953394562,8.46959412931029e-05
"n=1000, N=n^2",Reference (Gaussian convention),B,1.3581266217292853,3.5217830526700925e-05
"n=1000, N=n^2",Reference (Gaussian convention),B,1.361690748119115,1.3513523161477653e-05
"n=1000, N=n^2",Reference (Gaussian convention),B,1.3652548745089441,4.78186018365693e-06
"n=1000, N=n^2",Reference (Gaussian convention),B,1.3688190008987735,1.5596343709781052e-06
"n=1000, N=n^2",Reference (Gaussian convention),B,1.372383127288603,4.6866753024582115e-07
"n=1000, N=n^2",Reference (Gaussian convention),B,1.3759472536784323,1.297100952907845e-07
"n=1000, N=n^2",Reference (Gaussian convention),B,1.3795113800682617,3.3054060850380645e-08
"n=1000, N=n^2",Reference (Gaussian convention),B,1.3830755064580909,7.753763204182344e-09
"n=1000, N=n^2",Reference (Gaussian convention),B,1.3866396328479205,1.673966933005423e-09
"n=1000, N=n^2",Reference (Gaussian convention),B,1.3902037592377496,3.3254500972777947e-10
"n=1000, N=n^2",Reference (Gaussian convention),B,1.393767885627579,6.077938856284102e-11
"n=1000, N=n^2",Reference (Gaussian convention),B,1.3973320120174084,1.0218956656544388e-11
"n=1000, N=n^2",Reference (Gaussian convention),B,1.4008961384072378,1.5803407321007637e-12
"n=1000, N=n^2",Reference (Gaussian convention),B,1.4044602647970672,2.2477345001688665e-13
"n=1000, N=n^2",Reference (Gaussian convention),B,1.4080243911868964,2.9400262949668146e-14
"n=1000, N=n^2",Reference (Gaussian convention),B,1.411588517576726,3.5361941097319135e-15
"n=1000, N=n^2",Reference (Gaussian convention),B,1.4151526439665552,3.910845904224218e-16
"n=1000, N=n^2",Reference (Gaussian convention),B,1.4187167703563845,3.976764115389945e-17
"n=1000, N=n^2",Reference (Gaussian convention),B,1.422280896746214,3.717847234496963e-18
"n=1000, N=n^2",Reference (Gaussian convention),B,1.425845023136043,3.195484752328934e-19
"n=1000, N=n^2",Reference (Gaussian convention),B,1.4294091495258727,2.524927226851358e-20
"n=1000, N=n^2",Reference (Gaussian convention),B,1.432973275915702,1.83405970099581e-21
"n=1000, N=n^2",Reference (Gaussian convention),B,1.4365374023055315,1.2246670479651544e-22
"n=1000, N=n^2",Reference (Gaussian convention),B,1.4401015286953607,7.517123435195706e-24
"n=1000, N=n^2",Reference (Gaussian convention),B,1.44366565508519,4.241358440562976e-25
"n=1000, N=n^2",Reference (Gaussian convention),B,1.4472297814750195,2.1997317732337618e-26
"n=1000, N=n^2",Reference (Gaussian convention),B,1.4507939078648486,1.0486699735508444e-27
"n=1000, N=n^2",Reference (Gaussian convention),B,1.4543580342546782,4.5952181591116614e-29
"n=1000, N=n^2",Reference (Gaussian convention),B,1.4579221606445074,1.850828996000732e-30
"n=1000, N=n^2",Reference (Gaussian convention),B,1.461486287034337,6.851957951393132e-32
"n=1000, N=n^2",Reference (Gaussian convention),B,1.4650504134241662,2.331563838781821e-33
"n=1000, N=n^2",Reference (Gaussian convention),B,1.4686145398139956,7.292235575630663e-35
"n=1000, N=n^2",flow-NPE,B,0.7593533882379532,1.4117995668207322e-07
"n=1000, N=n^2",flow-NPE,B,0.7629175146277826,2.9705061310143937e-07
"n=1000, N=n^2",flow-NPE,B,0.7664816410176118,6.081764117296944e-07
"n=1000, N=n^2",flow-NPE,B,0.7700457674074412,1.2118265094501005e-06
"n=1000, N=n^2",flow-NPE,B,0.7736098937972706,2.350386393972378e-06
"n=1000, N=n^2",flow-NPE,B,0.7771740201871,4.438217235948918e-06
"n=1000, N=n^2",flow-NPE,B,0.7807381465769293,8.160887400149357e-06
"n=1000, N=n^2",flow-NPE,B,0.7843022729667587,1.4615761821876756e-05
"n=1000, N=n^2",flow-NPE,B,0.7878663993565881,2.5501349843180882e-05
"n=1000, N=n^2",flow-NPE,B,0.7914305257464174,4.335823837442331e-05
"n=1000, N=n^2",flow-NPE,B,0.7949946521362468,7.185593381170798e-05
"n=1000, N=n^2",flow-NPE,B,0.7985587785260762,0.00011610707865231129
"n=1000, N=n^2",flow-NPE,B,0.8021229049159054,0.0001829738786000171
"n=1000, N=n^2",flow-NPE,B,0.8056870313057348,0.00028131322054633336
"n=1000, N=n^2",flow-NPE,B,0.8092511576955642,0.0004220906448246532
"n=1000, N=n^2",flow-NPE,B,0.8128152840853936,0.0006182843702184376
"n=1000, N=n^2",flow-NPE,B,0.8163794104752229,0.0008845050695525746
"n=1000, N=n^2",flow-NPE,B,0.8199435368650523,0.0012362805789807758
"n=1000, N=n^2",flow-NPE,B,0.8235076632548817,0.0016890002365574544
"n=1000, N=n^2",flow-NPE,B,0.827071789644711,0.002256579624033132
"n=1000, N=n^2",flow-NPE,B,0.8306359160345403,0.0029499855988141567
"n=1000, N=n^2",flow-NPE,B,0.8342000424243697,0.0037758396503741807
"n=1000, N=n^2",flow-NPE,B,0.837764168814199,0.004735375751020778
"n=1000, N=n^2",flow-NPE,B,0.8413282952040284,0.005824046475498385
"n=1000, N=n^2",flow-NPE,B,0.8448924215938578,0.00703203166971809
"n=1000, N=n^2",flow-NPE,B,0.8484565479836872,0.008345800891777094
"n=1000, N=n^2",flow-NPE,B,0.8520206743735165,0.009750722843919406
"n=1000, N=n^2",flow-NPE,B,0.8555848007633459,0.011234527321055952
"n=1000, N=n^2",flow-NPE,B,0.8591489271531753,0.012791246137901157
"n=1000, N=n^2",flow-NPE,B,0.8627130535430045,0.01442513146928389
"n=1000, N=n^2",flow-NPE,B,0.8662771799328339,0.01615400713680544
"n=1000, N=n^2",flow-NPE,B,0.8698413063226633,0.01801156455947247
"n=1000, N=n^2",flow-NPE,B,0.8734054327124927,0.020048257859483297
"n=1000, N=n^2",flow-NPE,B,0.876969559102322,0.022330645898168185
"n=1000, N=n^2",flow-NPE,B,0.8805336854921514,0.024939225649219472
"n=1000, N=n^2",flow-NPE,B,0.8840978118819808,0.027964961250744137
"n=1000, N=n^2",flow-NPE,B,0.8876619382718101,0.031504819852411464
"n=1000, N=n^2",flow-NPE,B,0.8912260646616394,0.03565669271948585
"n=1000, N=n^2",flow-NPE,B,0.8947901910514688,0.0405141436349653
"n=1000, N=n^2",flow-NPE,B,0.8983543174412982,0.046161522162664635
"n=1000, N=n^2",flow-NPE,B,0.9019184438311275,0.05267011525774851
"n=1000, N=n^2",flow-NPE,B,0.9054825702209569,0.06009614826113195
"n=1000, N=n^2",flow-NPE,B,0.9090466966107862,0.06848149888956058
"n=1000, N=n^2",flow-NPE,B,0.9126108230006156,0.07785784551338837
"n=1000, N=n^2",flow-NPE,B,0.916174949390445,0.0882545455860037
"n=1000, N=n^2",flow-NPE,B,0.9197390757802744,0.09970981581781298
"n=1000, N=n^2",flow-NPE,B,0.9233032021701036,0.11228385536755232
"n=1000, N=n^2",flow-NPE,B,0.926867328559933,0.12607162105948336
"n=1000, N=n^2",flow-NPE,B,0.9304314549497624,0.141212305585604
"n=1000, N=n^2",flow-NPE,B,0.9339955813395917,0.15789245867545212
"n=1000, N=n^2",flow-NPE,B,0.9375597077294211,0.17634030588984942
"n=1000, N=n^2",flow-NPE,B,0.9411238341192505,0.19681016705646584
"n=1000, N=n^2",flow-NPE,B,0.9446879605090799,0.21955775713856304
"n=1000, N=n^2",flow-NPE,B,0.9482520868989092,0.24480918665137125
"n=1000, N=n^2",flow-NPE,B,0.9518162132887386,0.2727281921558688
"n=1000, N=n^2",flow-NPE,B,0.955380339678568,0.30338707648661917
"n=1000, N=n^2",flow-NPE,B,0.9589444660683972,0.33674673984387654
"n=1000, N=n^2",flow-NPE,B,0.9625085924582266,0.37265000385531794
"n=1000, N=n^2",flow-NPE,B,0.966072718848056,0.4108304078726913
"n=1000, N=n^2",flow-NPE,B,0.9696368452378854,0.45093623243990116
"n=1000, N=n^2",flow-NPE,B,0.9732009716277147,0.4925671975050669
"n=1000, N=n^2",flow-NPE,B,0.9767650980175441,0.5353195348110628
"n=1000, N=n^2",flow-NPE,B,0.9803292244073734,0.5788341902703371
"n=1000, N=n^2",flow-NPE,B,0.9838933507972027,0.6228427768764426
"n=1000, N=n^2",flow-NPE,B,0.9874574771870321,0.6672063816702788
"n=1000, N=n^2",flow-NPE,B,0.9910216035768615,0.7119431636857285
"n=1000, N=n^2",flow-NPE,B,0.9945857299666909,0.7572416501906754
"n=1000, N=n^2",flow-NPE,B,0.9981498563565202,0.8034576730668049
"n=1000, N=n^2",flow-NPE,B,1.0017139827463495,0.851094053739482
"n=1000, N=n^2",flow-NPE,B,1.0052781091361789,0.9007635669795863
"n=1000, N=n^2",flow-NPE,B,1.0088422355260083,0.9531374422239918
"n=1000, N=n^2",flow-NPE,B,1.0124063619158377,1.0088835710996662
"n=1000, N=n^2",flow-NPE,B,1.015970488305667,1.068600359503805
"n=1000, N=n^2",flow-NPE,B,1.0195346146954964,1.1327533533629806
"n=1000, N=n^2",flow-NPE,B,1.0230987410853256,1.201621979560025
"n=1000, N=n^2",flow-NPE,B,1.026662867475155,1.2752627817508315
"n=1000, N=n^2",flow-NPE,B,1.0302269938649844,1.3534935037860207
"n=1000, N=n^2",flow-NPE,B,1.0337911202548138,1.4358996835352347
"n=1000, N=n^2",flow-NPE,B,1.0373552466446432,1.5218626387224747
"n=1000, N=n^2",flow-NPE,B,1.0409193730344726,1.610605405249361
"n=1000, N=n^2",flow-NPE,B,1.044483499424302,1.701251679420881
"n=1000, N=n^2",flow-NPE,B,1.0480476258141311,1.7928921754074927
"n=1000, N=n^2",flow-NPE,B,1.0516117522039605,1.8846528256925854
"n=1000, N=n^2",flow-NPE,B,1.05517587859379,1.975759577695346
"n=1000, N=n^2",flow-NPE,B,1.0587400049836193,2.065594875577079
"n=1000, N=n^2",flow-NPE,B,1.0623041313734487,2.1537411644458824
"n=1000, N=n^2",flow-NPE,B,1.065868257763278,2.2400070684833473
"n=1000, N=n^2",flow-NPE,B,1.0694323841531075,2.3244326045145365
"n=1000, N=n^2",flow-NPE,B,1.0729965105429367,2.4072712304514114
"n=1000, N=n^2",flow-NPE,B,1.076560636932766,2.488948831694588
"n=1000, N=n^2",flow-NPE,B,1.0801247633225954,2.5700027277186615
"n=1000, N=n^2",flow-NPE,B,1.0836888897124248,2.6510069101109397
"n=1000, N=n^2",flow-NPE,B,1.0872530161022542,2.7324922726427823
"n=1000, N=n^2",flow-NPE,B,1.0908171424920836,2.8148718550558693
"n=1000, N=n^2",flow-NPE,B,1.094381268881913,2.89838064451584
"n=1000, N=n^2",flow-NPE,B,1.0979453952717422,2.9830372308625197
"n=1000, N=n^2",flow-NPE,B,1.1015095216615716,3.0686310115358193
"n=1000, N=n^2",flow-NPE,B,1.105073648051401,3.1547344467915672
"n=1000, N=n^2",flow-NPE,B,1.1086377744412304,3.240735966841603
"n=1000, N=n^2",flow-NPE,B,1.1122019008310597,3.3258863236162277
"n=1000, N=n^2",flow-NPE,B,1.1157660272208891,3.4093499714639734
"n=1000, N=n^2",flow-NPE,B,1.1193301536107185,3.4902535868517686
"n=1000, N=n^2",flow-NPE,B,1.1228942800005477,3.5677258615272134
"n=1000, N=n^2",flow-NPE,B,1.126458406390377,3.640925708697986
"n=1000, N=n^2",flow-NPE,B,1.1300225327802065,3.709059333572875
"n=1000, N=n^2",flow-NPE,B,1.1335866591700359,3.771389538628619
"n=1000, N=n^2",flow-NPE,B,1.1371507855598653,3.827242549592133
"n=1000, N=n^2",flow-NPE,B,1.1407149119496944,3.8760181324614447
"n=1000, N=n^2",flow-NPE,B,1.144279038339524,3.9172076554892503
"n=1000, N=n^2",flow-NPE,B,1.1478431647293532,3.9504221760958007
"n=1000, N=n^2",flow-NPE,B,1.1514072911191826,3.975429073688088
"n=1000, N=n^2",flow-NPE,B,1.154971417509012,3.9921919627965803
"n=1000, N=n^2",flow-NPE,B,1.1585355438988414,4.000905526469489
"n=1000, N=n^2",flow-NPE,B,1.1620996702886708,4.0020153940101615
"n=1000, N=n^2",flow-NPE,B,1.1656637966785,3.996213872870803
"n=1000, N=n^2",flow-NPE,B,1.1692279230683296,3.984405389234178
"n=1000, N=n^2",flow-NPE,B,1.1727920494581587,3.9676404832463947
"n=1000, N=n^2",flow-NPE,B,1.1763561758479881,3.947023203371667
"n=1000, N=n^2",flow-NPE,B,1.1799203022378175,3.9236024772877642
"n=1000, N=n^2",flow-NPE,B,1.183484428627647,3.8982622005766383
"n=1000, N=n^2",flow-NPE,B,1.1870485550174763,3.871626371850199
"n=1000, N=n^2",flow-NPE,B,1.1906126814073055,3.8439941608378994
"n=1000, N=n^2",flow-NPE,B,1.194176807797135,3.8153155404022967
"n=1000, N=n^2",flow-NPE,B,1.1977409341869643,3.7852118711617817
"n=1000, N=n^2",flow-NPE,B,1.2013050605767936,3.753038826616966
"n=1000, N=n^2",flow-NPE,B,1.204869186966623,3.717982622013454
"n=1000, N=n^2",flow-NPE,B,1.2084333133564524,3.6791758049468437
"n=1000, N=n^2",flow-NPE,B,1.2119974397462818,3.6358166065027118
"n=1000, N=n^2",flow-NPE,B,1.215561566136111,3.587276240376339
"n=1000, N=n^2",flow-NPE,B,1.2191256925259404,3.5331812688676716
"n=1000, N=n^2",flow-NPE,B,1.2226898189157698,3.473462537197641
"n=1000, N=n^2",flow-NPE,B,1.2262539453055992,3.408367314386686
"n=1000, N=n^2",flow-NPE,B,1.2298180716954286,3.338436265145242
"n=1000, N=n^2",flow-NPE,B,1.233382198085258,3.264450972501494
"n=1000, N=n^2",flow-NPE,B,1.2369463244750873,3.1873604760957335
"n=1000, N=n^2",flow-NPE,B,1.2405104508649165,3.108196549865261
"n=1000, N=n^2",flow-NPE,B,1.244074577254746,3.02798736400066
"n=1000, N=n^2",flow-NPE,B,1.2476387036445753,2.947678091568562
"n=1000, N=n^2",flow-NPE,B,1.2512028300344047,2.8680653139027856
"n=1000, N=n^2",flow-NPE,B,1.254766956424234,2.789750071769011
"n=1000, N=n^2",flow-NPE,B,1.2583310828140635,2.7131123021287102
"n=1000, N=n^2",flow-NPE,B,1.2618952092038929,2.6383072892817845
"n=1000, N=n^2",flow-NPE,B,1.265459335593722,2.5652827060891905
"n=1000, N=n^2",flow-NPE,B,1.2690234619835516,2.493812931234663
"n=1000, N=n^2",flow-NPE,B,1.2725875883733808,2.423545785910207
"n=1000, N=n^2",flow-NPE,B,1.2761517147632102,2.354055865438087
"n=1000, N=n^2",flow-NPE,B,1.2797158411530396,2.2848984292423853
"n=1000, N=n^2",flow-NPE,B,1.2832799675428688,2.215658394682535
"n=1000, N=n^2",flow-NPE,B,1.2868440939326984,2.145990207638678
"n=1000, N=n^2",flow-NPE,B,1.2904082203225276,2.0756459381234387
"n=1000, N=n^2",flow-NPE,B,1.293972346712357,2.004490536222557
"n=1000, N=n^2",flow-NPE,B,1.2975364731021863,1.932504532669998
"n=1000, N=n^2",flow-NPE,B,1.3011005994920157,1.859775493563325
"n=1000, N=n^2",flow-NPE,B,1.3046647258818451,1.7864803066510517
"n=1000, N=n^2",flow-NPE,B,1.3082288522716743,1.7128610134701143
"n=1000, N=n^2",flow-NPE,B,1.311792978661504,1.6391974720255473
"n=1000, N=n^2",flow-NPE,B,1.315357105051333,1.565780561090878
"n=1000, N=n^2",flow-NPE,B,1.3189212314411625,1.4928897084306676
"n=1000, N=n^2",flow-NPE,B,1.3224853578309919,1.4207779969448646
"n=1000, N=n^2",flow-NPE,B,1.3260494842208213,1.3496668431271577
"n=1000, N=n^2",flow-NPE,B,1.3296136106106506,1.279750351567429
"n=1000, N=n^2",flow-NPE,B,1.3331777370004798,1.2112072903295081
"n=1000, N=n^2",flow-NPE,B,1.3367418633903094,1.1442167481957959
"n=1000, N=n^2",flow-NPE,B,1.3403059897801386,1.0789724808132515
"n=1000, N=n^2",flow-NPE,B,1.343870116169968,1.0156911025708635
"n=1000, N=n^2",flow-NPE,B,1.3474342425597974,0.9546106851428299
"n=1000, N=n^2",flow-NPE,B,1.3509983689496268,0.8959786711766081
"n=1000, N=n^2",flow-NPE,B,1.3545624953394562,0.8400307112979173
"n=1000, N=n^2",flow-NPE,B,1.3581266217292853,0.786964384906696
"n=1000, N=n^2",flow-NPE,B,1.361690748119115,0.7369131674454107
"n=1000, N=n^2",flow-NPE,B,1.3652548745089441,0.6899261241950412
"n=1000, N=n^2",flow-NPE,B,1.3688190008987735,0.6459576609801825
"n=1000, N=n^2",flow-NPE,B,1.372383127288603,0.6048695916417364
"n=1000, N=n^2",flow-NPE,B,1.3759472536784323,0.5664453462873286
"n=1000, N=n^2",flow-NPE,B,1.3795113800682617,0.5304139369044554
"n=1000, N=n^2",flow-NPE,B,1.3830755064580909,0.49647978339849147
"n=1000, N=n^2",flow-NPE,B,1.3866396328479205,0.46435390987991926
"n=1000, N=n^2",flow-NPE,B,1.3902037592377496,0.43378230919409483
"n=1000, N=n^2",flow-NPE,B,1.393767885627579,0.4045681965208051
"n=1000, N=n^2",flow-NPE,B,1.3973320120174084,0.3765860881936248
"n=1000, N=n^2",flow-NPE,B,1.4008961384072378,0.3497868356016267
"n=1000, N=n^2",flow-NPE,B,1.4044602647970672,0.3241937217071585
"n=1000, N=n^2",flow-NPE,B,1.4080243911868964,0.29989044675316445
"n=1000, N=n^2",flow-NPE,B,1.411588517576726,0.2770023681221202
"n=1000, N=n^2",flow-NPE,B,1.4151526439665552,0.25567283965668386
"n=1000, N=n^2",flow-NPE,B,1.4187167703563845,0.23603699822245106
"n=1000, N=n^2",flow-NPE,B,1.422280896746214,0.21819584539141612
"n=1000, N=n^2",flow-NPE,B,1.425845023136043,0.20219382932362956
"n=1000, N=n^2",flow-NPE,B,1.4294091495258727,0.18800313590326834
"n=1000, N=n^2",flow-NPE,B,1.432973275915702,0.17551735730156134
"n=1000, N=n^2",flow-NPE,B,1.4365374023055315,0.16455604513197566
"n=1000, N=n^2",flow-NPE,B,1.4401015286953607,0.15487998291136584
"n=1000, N=n^2",flow-NPE,B,1.44366565508519,0.14621512762568517
"n=1000, N=n^2",flow-NPE,B,1.4472297814750195,0.13828149737828072
"n=1000, N=n^2",flow-NPE,B,1.4507939078648486,0.13082225249409368
"n=1000, N=n^2",flow-NPE,B,1.4543580342546782,0.12362813419831661
"n=1000, N=n^2",flow-NPE,B,1.4579221606445074,0.11655335993989321
"n=1000, N=n^2",flow-NPE,B,1.461486287034337,0.10952083337405191
"n=1000, N=n^2",flow-NPE,B,1.4650504134241662,0.10251669690949604
"n=1000, N=n^2",flow-NPE,B,1.4686145398139956,0.09557631801263393
"n=1000, N=n^2",Gaussian-NPE,B,0.7593533882379532,0.08007673613001515
"n=1000, N=n^2",Gaussian-NPE,B,0.7629175146277826,0.0927805608199242
"n=1000, N=n^2",Gaussian-NPE,B,0.7664816410176118,0.1058618662531533
"n=1000, N=n^2",Gaussian-NPE,B,0.7700457674074412,0.11951067145665974
"n=1000, N=n^2",Gaussian-NPE,B,0.7736098937972706,0.13409527634335983
"n=1000, N=n^2",Gaussian-NPE,B,0.7771740201871,0.15009022298057012
"n=1000, N=n^2",Gaussian-NPE,B,0.7807381465769293,0.1679907967309991
"n=1000, N=n^2",Gaussian-NPE,B,0.7843022729667587,0.18823770702067247
"n=1000, N=n^2",Gaussian-NPE,B,0.7878663993565881,0.21116131624927564
"n=1000, N=n^2",Gaussian-NPE,B,0.7914305257464174,0.2369406094144718
"n=1000, N=n^2",Gaussian-NPE,B,0.7949946521362468,0.2655682401821644
"n=1000, N=n^2",Gaussian-NPE,B,0.7985587785260762,0.2968224669789186
"n=1000, N=n^2",Gaussian-NPE,B,0.8021229049159054,0.3302629736792612
"n=1000, N=n^2",Gaussian-NPE,B,0.8056870313057348,0.3652775918781062
"n=1000, N=n^2",Gaussian-NPE,B,0.8092511576955642,0.40119951186551356
"n=1000, N=n^2",Gaussian-NPE,B,0.8128152840853936,0.43748797739563083
"n=1000, N=n^2",Gaussian-NPE,B,0.8163794104752229,0.47393066657806815
"n=1000, N=n^2",Gaussian-NPE,B,0.8199435368650523,0.5108017108271024
"n=1000, N=n^2",Gaussian-NPE,B,0.8235076632548817,0.5489112330913688
"n=1000, N=n^2",Gaussian-NPE,B,0.827071789644711,0.5895129021438411
"n=1000, N=n^2",Gaussian-NPE,B,0.8306359160345403,0.6340827015635817
"n=1000, N=n^2",Gaussian-NPE,B,0.8342000424243697,0.6840248223378406
"n=1000, N=n^2",Gaussian-NPE,B,0.837764168814199,0.740383156046743
"n=1000, N=n^2",Gaussian-NPE,B,0.8413282952040284,0.8036339468165489
"n=1000, N=n^2",Gaussian-NPE,B,0.8448924215938578,0.8736110940325045
"n=1000, N=n^2",Gaussian-NPE,B,0.8484565479836872,0.9495790313580663
"n=1000, N=n^2",Gaussian-NPE,B,0.8520206743735165,1.0304284109351052
"n=1000, N=n^2",Gaussian-NPE,B,0.8555848007633459,1.1149369648726537
"n=1000, N=n^2",Gaussian-NPE,B,0.8591489271531753,1.2020221806589073
"n=1000, N=n^2",Gaussian-NPE,B,0.8627130535430045,1.2909205764507636
"n=1000, N=n^2",Gaussian-NPE,B,0.8662771799328339,1.38125824952273
"n=1000, N=n^2",Gaussian-NPE,B,0.8698413063226633,1.4730166533188072
"n=1000, N=n^2",Gaussian-NPE,B,0.8734054327124927,1.5664293779826937
"n=1000, N=n^2",Gaussian-NPE,B,0.876969559102322,1.6618577727906099
"n=1000, N=n^2",Gaussian-NPE,B,0.8805336854921514,1.7596837030827974
"n=1000, N=n^2",Gaussian-NPE,B,0.8840978118819808,1.8602345016619244
"n=1000, N=n^2",Gaussian-NPE,B,0.8876619382718101,1.9637308552788655
"n=1000, N=n^2",Gaussian-NPE,B,0.8912260646616394,2.070234787611939
"n=1000, N=n^2",Gaussian-NPE,B,0.8947901910514688,2.1795792359743142
"n=1000, N=n^2",Gaussian-NPE,B,0.8983543174412982,2.291282774734163
"n=1000, N=n^2",Gaussian-NPE,B,0.9019184438311275,2.4044836937595315
"n=1000, N=n^2",Gaussian-NPE,B,0.9054825702209569,2.5179502154538076
"n=1000, N=n^2",Gaussian-NPE,B,0.9090466966107862,2.630219897227391
"n=1000, N=n^2",Gaussian-NPE,B,0.9126108230006156,2.7398811994520798
"n=1000, N=n^2",Gaussian-NPE,B,0.916174949390445,2.8459413949247767
"n=1000, N=n^2",Gaussian-NPE,B,0.9197390757802744,2.948155739036945
"n=1000, N=n^2",Gaussian-NPE,B,0.9233032021701036,3.04716369116155
"n=1000, N=n^2",Gaussian-NPE,B,0.926867328559933,3.144321412783491
"n=1000, N=n^2",Gaussian-NPE,B,0.9304314549497624,3.2412355653093896
"n=1000, N=n^2",Gaussian-NPE,B,0.9339955813395917,3.3391464201556076
"n=1000, N=n^2",Gaussian-NPE,B,0.9375597077294211,3.43840333389911
"n=1000, N=n^2",Gaussian-NPE,B,0.9411238341192505,3.5382593547071504
"n=1000, N=n^2",Gaussian-NPE,B,0.9446879605090799,3.6370775647075226
"n=1000, N=n^2",Gaussian-NPE,B,0.9482520868989092,3.7328544057256674
"n=1000, N=n^2",Gaussian-NPE,B,0.9518162132887386,3.8238265662175484
"n=1000, N=n^2",Gaussian-NPE,B,0.955380339678568,3.9089126671994197
"n=1000, N=n^2",Gaussian-NPE,B,0.9589444660683972,3.9878468450283506
"n=1000, N=n^2",Gaussian-NPE,B,0.9625085924582266,4.0610133620627495
"n=1000, N=n^2",Gaussian-NPE,B,0.966072718848056,4.129097695945884
"n=1000, N=n^2",Gaussian-NPE,B,0.9696368452378854,4.19268668854022
"n=1000, N=n^2",Gaussian-NPE,B,0.9732009716277147,4.251906691549881
"n=1000, N=n^2",Gaussian-NPE,B,0.9767650980175441,4.306149331424146
"n=1000, N=n^2",Gaussian-NPE,B,0.9803292244073734,4.353939176599057
"n=1000, N=n^2",Gaussian-NPE,B,0.9838933507972027,4.393024993671463
"n=1000, N=n^2",Gaussian-NPE,B,0.9874574771870321,4.42076569192872
"n=1000, N=n^2",Gaussian-NPE,B,0.9910216035768615,4.4347926035288605
"n=1000, N=n^2",Gaussian-NPE,B,0.9945857299666909,4.4337865398524725
"n=1000, N=n^2",Gaussian-NPE,B,0.9981498563565202,4.418094839617589
"n=1000, N=n^2",Gaussian-NPE,B,1.0017139827463495,4.389915700518295
"n=1000, N=n^2",Gaussian-NPE,B,1.0052781091361789,4.352918280116582
"n=1000, N=n^2",Gaussian-NPE,B,1.0088422355260083,4.3113880397381035
"n=1000, N=n^2",Gaussian-NPE,B,1.0124063619158377,4.269179588818051
"n=1000, N=n^2",Gaussian-NPE,B,1.015970488305667,4.228831299056155
"n=1000, N=n^2",Gaussian-NPE,B,1.0195346146954964,4.191119796251943
"n=1000, N=n^2",Gaussian-NPE,B,1.0230987410853256,4.155152900311284
"n=1000, N=n^2",Gaussian-NPE,B,1.026662867475155,4.118901601066613
"n=1000, N=n^2",Gaussian-NPE,B,1.0302269938649844,4.0799351377767685
"n=1000, N=n^2",Gaussian-NPE,B,1.0337911202548138,4.036090907848817
"n=1000, N=n^2",Gaussian-NPE,B,1.0373552466446432,3.985879679443896
"n=1000, N=n^2",Gaussian-NPE,B,1.0409193730344726,3.9285576984078734
"n=1000, N=n^2",Gaussian-NPE,B,1.044483499424302,3.863935024420696
"n=1000, N=n^2",Gaussian-NPE,B,1.0480476258141311,3.792080793767366
"n=1000, N=n^2",Gaussian-NPE,B,1.0516117522039605,3.7130984593822776
"n=1000, N=n^2",Gaussian-NPE,B,1.05517587859379,3.6270777934641085
"n=1000, N=n^2",Gaussian-NPE,B,1.0587400049836193,3.534221042831418
"n=1000, N=n^2",Gaussian-NPE,B,1.0623041313734487,3.435044742938527
"n=1000, N=n^2",Gaussian-NPE,B,1.065868257763278,3.3305258691640294
"n=1000, N=n^2",Gaussian-NPE,B,1.0694323841531075,3.222104687199123
"n=1000, N=n^2",Gaussian-NPE,B,1.0729965105429367,3.1115442929433845
"n=1000, N=n^2",Gaussian-NPE,B,1.076560636932766,3.0007199313002437
"n=1000, N=n^2",Gaussian-NPE,B,1.0801247633225954,2.891424990027904
"n=1000, N=n^2",Gaussian-NPE,B,1.0836888897124248,2.785235113846607
"n=1000, N=n^2",Gaussian-NPE,B,1.0872530161022542,2.6834101399384966
"n=1000, N=n^2",Gaussian-NPE,B,1.0908171424920836,2.5867871208671813
"n=1000, N=n^2",Gaussian-NPE,B,1.094381268881913,2.4956468771223914
"n=1000, N=n^2",Gaussian-NPE,B,1.0979453952717422,2.409596099577719
"n=1000, N=n^2",Gaussian-NPE,B,1.1015095216615716,2.3275476977211005
"n=1000, N=n^2",Gaussian-NPE,B,1.105073648051401,2.24786863273781
"n=1000, N=n^2",Gaussian-NPE,B,1.1086377744412304,2.1687002778157276
"n=1000, N=n^2",Gaussian-NPE,B,1.1122019008310597,2.0883779253164443
"n=1000, N=n^2",Gaussian-NPE,B,1.1157660272208891,2.0058261066627816
"n=1000, N=n^2",Gaussian-NPE,B,1.1193301536107185,1.920808066096974
"n=1000, N=n^2",Gaussian-NPE,B,1.1228942800005477,1.8339565111108724
"n=1000, N=n^2",Gaussian-NPE,B,1.126458406390377,1.7465852088999017
"n=1000, N=n^2",Gaussian-NPE,B,1.1300225327802065,1.660348857455077
"n=1000, N=n^2",Gaussian-NPE,B,1.1335866591700359,1.5768590310917168
"n=1000, N=n^2",Gaussian-NPE,B,1.1371507855598653,1.4973646929319604
"n=1000, N=n^2",Gaussian-NPE,B,1.1407149119496944,1.4225687339006325
"n=1000, N=n^2",Gaussian-NPE,B,1.144279038339524,1.3525943343638516
"n=1000, N=n^2",Gaussian-NPE,B,1.1478431647293532,1.2870634170401993
"n=1000, N=n^2",Gaussian-NPE,B,1.1514072911191826,1.225227523592269
"n=1000, N=n^2",Gaussian-NPE,B,1.154971417509012,1.1661053047936254
"n=1000, N=n^2",Gaussian-NPE,B,1.1585355438988414,1.1086148931017252
"n=1000, N=n^2",Gaussian-NPE,B,1.1620996702886708,1.0517163255083575
"n=1000, N=n^2",Gaussian-NPE,B,1.1656637966785,0.9945782474522272
"n=1000, N=n^2",Gaussian-NPE,B,1.1692279230683296,0.9367546610984293
"n=1000, N=n^2",Gaussian-NPE,B,1.1727920494581587,0.8783224673618593
"n=1000, N=n^2",Gaussian-NPE,B,1.1763561758479881,0.8199162801433224
"n=1000, N=n^2",Gaussian-NPE,B,1.1799203022378175,0.7626188421740306
"n=1000, N=n^2",Gaussian-NPE,B,1.183484428627647,0.7077168664889859
"n=1000, N=n^2",Gaussian-NPE,B,1.1870485550174763,0.65638880076073
"n=1000, N=n^2",Gaussian-NPE,B,1.1906126814073055,0.60942440445426
"n=1000, N=n^2",Gaussian-NPE,B,1.194176807797135,0.56706880363432
"n=1000, N=n^2",Gaussian-NPE,B,1.1977409341869643,0.529037884921215
"n=1000, N=n^2",Gaussian-NPE,B,1.2013050605767936,0.49468726906007654
"n=1000, N=n^2",Gaussian-NPE,B,1.204869186966623,0.4632615035242924
"n=1000, N=n^2",Gaussian-NPE,B,1.2084333133564524,0.43412666537852196
"n=1000, N=n^2",Gaussian-NPE,B,1.2119974397462818,0.4069064228058134
"n=1000, N=n^2",Gaussian-NPE,B,1.215561566136111,0.3814887412706473
"n=1000, N=n^2",Gaussian-NPE,B,1.2191256925259404,0.3579250893478148
"n=1000, N=n^2",Gaussian-NPE,B,1.2226898189157698,0.33628216901996333
"n=1000, N=n^2",Gaussian-NPE,B,1.2262539453055992,0.3165140051611923
"n=1000, N=n^2",Gaussian-NPE,B,1.2298180716954286,0.29840141177568225
"n=1000, N=n^2",Gaussian-NPE,B,1.233382198085258,0.28157066506376466
"n=1000, N=n^2",Gaussian-NPE,B,1.2369463244750873,0.26557140956567377
"n=1000, N=n^2",Gaussian-NPE,B,1.2405104508649165,0.24997739522117593
"n=1000, N=n^2",Gaussian-NPE,B,1.244074577254746,0.23447449349574892
"n=1000, N=n^2",Gaussian-NPE,B,1.2476387036445753,0.21891247370114147
"n=1000, N=n^2",Gaussian-NPE,B,1.2512028300344047,0.20331196350331848
"n=1000, N=n^2",Gaussian-NPE,B,1.254766956424234,0.18783046842655243
"n=1000, N=n^2",Gaussian-NPE,B,1.2583310828140635,0.1727000208313031
"n=1000, N=n^2",Gaussian-NPE,B,1.2618952092038929,0.1581546724899171
"n=1000, N=n^2",Gaussian-NPE,B,1.265459335593722,0.14436850682963148
"n=1000, N=n^2",Gaussian-NPE,B,1.2690234619835516,0.1314224370745533
"n=1000, N=n^2",Gaussian-NPE,B,1.2725875883733808,0.11930934383888549
"n=1000, N=n^2",Gaussian-NPE,B,1.2761517147632102,0.10797344542697541
"n=1000, N=n^2",Gaussian-NPE,B,1.2797158411530396,0.0973661077826219
"n=1000, N=n^2",Gaussian-NPE,B,1.2832799675428688,0.08749303917488845
"n=1000, N=n^2",Gaussian-NPE,B,1.2868440939326984,0.0784312356087013
"n=1000, N=n^2",Gaussian-NPE,B,1.2904082203225276,0.07030730473001744
"n=1000, N=n^2",Gaussian-NPE,B,1.293972346712357,0.0632459231576652
"n=1000, N=n^2",Gaussian-NPE,B,1.2975364731021863,0.05731009403402171
"n=1000, N=n^2",Gaussian-NPE,B,1.3011005994920157,0.05245768283500246
"n=1000, N=n^2",Gaussian-NPE,B,1.3046647258818451,0.04853074972625674
"n=1000, N=n^2",Gaussian-NPE,B,1.3082288522716743,0.04528005776110059
"n=1000, N=n^2",Gaussian-NPE,B,1.311792978661504,0.04241388750353733
"n=1000, N=n^2",Gaussian-NPE,B,1.315357105051333,0.03965362364989194
"n=1000, N=n^2",Gaussian-NPE,B,1.3189212314411625,0.03678012203119455
"n=1000, N=n^2",Gaussian-NPE,B,1.3224853578309919,0.03366199840667825
"n=1000, N=n^2",Gaussian-NPE,B,1.3260494842208213,0.030264970334368237
"n=1000, N=n^2",Gaussian-NPE,B,1.3296136106106506,0.02664629672259059
"n=1000, N=n^2",Gaussian-NPE,B,1.3331777370004798,0.02293901129374988
"n=1000, N=n^2",Gaussian-NPE,B,1.3367418633903094,0.019328637027648306
"n=1000, N=n^2",Gaussian-NPE,B,1.3403059897801386,0.01602321877712038
"n=1000, N=n^2",Gaussian-NPE,B,1.343870116169968,0.01321787290979379
"n=1000, N=n^2",Gaussian-NPE,B,1.3474342425597974,0.01105772722796425
"n=1000, N=n^2",Gaussian-NPE,B,1.3509983689496268,0.009606414474046044
"n=1000, N=n^2",Gaussian-NPE,B,1.3545624953394562,0.008828842528112914
"n=1000, N=n^2",Gaussian-NPE,B,1.3581266217292853,0.00859514041959755
"n=1000, N=n^2",Gaussian-NPE,B,1.361690748119115,0.008707370767055196
"n=1000, N=n^2",Gaussian-NPE,B,1.3652548745089441,0.00894339779445836
"n=1000, N=n^2",Gaussian-NPE,B,1.3688190008987735,0.009105969960134103
"n=1000, N=n^2",Gaussian-NPE,B,1.372383127288603,0.009062506008697159
"n=1000, N=n^2",Gaussian-NPE,B,1.3759472536784323,0.00876392648934894
"n=1000, N=n^2",Gaussian-NPE,B,1.3795113800682617,0.008238473721578043
"n=1000, N=n^2",Gaussian-NPE,B,1.3830755064580909,0.007565689239238859
"n=1000, N=n^2",Gaussian-NPE,B,1.3866396328479205,0.006842341515461947
"n=1000, N=n^2",Gaussian-NPE,B,1.3902037592377496,0.006153073268846435
"n=1000, N=n^2",Gaussian-NPE,B,1.393767885627579,0.005553845734962204
"n=1000, N=n^2",Gaussian-NPE,B,1.3973320120174084,0.005068950753145708
"n=1000, N=n^2",Gaussian-NPE,B,1.4008961384072378,0.004696643490653176
"n=1000, N=n^2",Gaussian-NPE,B,1.4044602647970672,0.004417031161514553
"n=1000, N=n^2",Gaussian-NPE,B,1.4080243911868964,0.004198428641999123
"n=1000, N=n^2",Gaussian-NPE,B,1.411588517576726,0.004002227270509652
"n=1000, N=n^2",Gaussian-NPE,B,1.4151526439665552,0.003788419469877135
"n=1000, N=n^2",Gaussian-NPE,B,1.4187167703563845,0.0035230931244379453
"n=1000, N=n^2",Gaussian-NPE,B,1.422280896746214,0.003186628878944054
"n=1000, N=n^2",Gaussian-NPE,B,1.425845023136043,0.0027793436241126137
"n=1000, N=n^2",Gaussian-NPE,B,1.4294091495258727,0.0023215831585287907
"n=1000, N=n^2",Gaussian-NPE,B,1.432973275915702,0.001847644325893157
"n=1000, N=n^2",Gaussian-NPE,B,1.4365374023055315,0.0013957954667105056
"n=1000, N=n^2",Gaussian-NPE,B,1.4401015286953607,0.0009982741081483353
"n=1000, N=n^2",Gaussian-NPE,B,1.44366565508519,0.0006746989832176796
"n=1000, N=n^2",Gaussian-NPE,B,1.4472297814750195,0.00043038881839146796
"n=1000, N=n^2",Gaussian-NPE,B,1.4507939078648486,0.00025890214736920634
"n=1000, N=n^2",Gaussian-NPE,B,1.4543580342546782,0.00014678676703618762
"n=1000, N=n^2",Gaussian-NPE,B,1.4579221606445074,7.840592586400267e-05
"n=1000, N=n^2",Gaussian-NPE,B,1.461486287034337,3.944669323162542e-05
"n=1000, N=n^2",Gaussian-NPE,B,1.4650504134241662,1.868950906736059e-05
"n=1000, N=n^2",Gaussian-NPE,B,1.4686145398139956,8.337988135190911e-06
"n=1000, N=n^2",Reference (flow convention),g,0.851308003425598,8.868571968791433e-108
"n=1000, N=n^2",Reference (flow convention),g,0.8618798925145785,7.5929169648089e-103
"n=1000, N=n^2",Reference (flow convention),g,0.8724517816035591,4.9379092975309695e-98
"n=1000, N=n^2",Reference (flow convention),g,0.8830236706925395,2.4392542368888613e-93
"n=1000, N=n^2",Reference (flow convention),g,0.89359555978152,9.152727440803572e-89
"n=1000, N=n^2",Reference (flow convention),g,0.9041674488705006,2.608696126449035e-84
"n=1000, N=n^2",Reference (flow convention),g,0.9147393379594811,5.647756432786329e-80
"n=1000, N=n^2",Reference (flow convention),g,0.9253112270484617,9.287694600819858e-76
"n=1000, N=n^2",Reference (flow convention),g,0.9358831161374421,1.160164028800631e-71
"n=1000, N=n^2",Reference (flow convention),g,0.9464550052264227,1.1008049336942688e-67
"n=1000, N=n^2",Reference (flow convention),g,0.9570268943154032,7.933792554363487e-64
"n=1000, N=n^2",Reference (flow convention),g,0.9675987834043838,4.343409891794318e-60
"n=1000, N=n^2",Reference (flow convention),g,0.9781706724933643,1.8061769406999938e-56
"n=1000, N=n^2",Reference (flow convention),g,0.9887425615823449,5.705178969301708e-53
"n=1000, N=n^2",Reference (flow convention),g,0.9993144506713254,1.3688559681663682e-49
"n=1000, N=n^2",Reference (flow convention),g,1.009886339760306,2.4947425648650866e-46
"n=1000, N=n^2",Reference (flow convention),g,1.0204582288492863,3.4536094346185554e-43
"n=1000, N=n^2",Reference (flow convention),g,1.0310301179382668,3.6316184107074165e-40
"n=1000, N=n^2",Reference (flow convention),g,1.0416020070272474,2.9007259362312674e-37
"n=1000, N=n^2",Reference (flow convention),g,1.052173896116228,1.7599190370984142e-34
"n=1000, N=n^2",Reference (flow convention),g,1.0627457852052085,8.110697088591212e-32
"n=1000, N=n^2",Reference (flow convention),g,1.073317674294189,2.8392470094599624e-29
"n=1000, N=n^2",Reference (flow convention),g,1.0838895633831696,7.549664877635645e-27
"n=1000, N=n^2",Reference (flow convention),g,1.09446145247215,1.5248659742835123e-24
"n=1000, N=n^2",Reference (flow convention),g,1.1050333415611306,2.339457589636618e-22
"n=1000, N=n^2",Reference (flow convention),g,1.1156052306501112,2.726328508334977e-20
"n=1000, N=n^2",Reference (flow convention),g,1.1261771197390917,2.413352186440418e-18
"n=1000, N=n^2",Reference (flow convention),g,1.136749008828072,1.6227168632073096e-16
"n=1000, N=n^2",Reference (flow convention),g,1.1473208979170528,8.287897268675563e-15
"n=1000, N=n^2",Reference (flow convention),g,1.1578927870060332,3.215330618848045e-13
"n=1000, N=n^2",Reference (flow convention),g,1.1684646760950137,9.475166521549758e-12
"n=1000, N=n^2",Reference (flow convention),g,1.1790365651839942,2.1209416573259192e-10
"n=1000, N=n^2",Reference (flow convention),g,1.1896084542729748,3.6062278174359242e-09
"n=1000, N=n^2",Reference (flow convention),g,1.2001803433619553,4.657633017527611e-08
"n=1000, N=n^2",Reference (flow convention),g,1.2107522324509359,4.5696060744767334e-07
"n=1000, N=n^2",Reference (flow convention),g,1.2213241215399164,3.405891155043432e-06
"n=1000, N=n^2",Reference (flow convention),g,1.2318960106288968,1.928957035729294e-05
"n=1000, N=n^2",Reference (flow convention),g,1.2424678997178775,8.306792535312242e-05
"n=1000, N=n^2",Reference (flow convention),g,1.2530397888068578,0.00027248460561984906
"n=1000, N=n^2",Reference (flow convention),g,1.2636116778958384,0.0006842933931618167
"n=1000, N=n^2",Reference (flow convention),g,1.274183566984819,0.0013344680873820809
"n=1000, N=n^2",Reference (flow convention),g,1.2847554560737995,0.00209994730042988
"n=1000, N=n^2",Reference (flow convention),g,1.29532734516278,0.0029136455574635123
"n=1000, N=n^2",Reference (flow convention),g,1.3058992342517606,0.004074089668378635
"n=1000, N=n^2",Reference (flow convention),g,1.3164711233407411,0.006128176145056905
"n=1000, N=n^2",Reference (flow convention),g,1.3270430124297217,0.00927919045782288
"n=1000, N=n^2",Reference (flow convention),g,1.3376149015187022,0.013191236713772344
"n=1000, N=n^2",Reference (flow convention),g,1.3481867906076825,0.01777210935959127
"n=1000, N=n^2",Reference (flow convention),g,1.3587586796966633,0.024089573682845238
"n=1000, N=n^2",Reference (flow convention),g,1.3693305687856436,0.034124402253804136
"n=1000, N=n^2",Reference (flow convention),g,1.3799024578746244,0.04956752257354854
"n=1000, N=n^2",Reference (flow convention),g,1.3904743469636047,0.07122521376791631
"n=1000, N=n^2",Reference (flow convention),g,1.4010462360525853,0.09961981590738461
"n=1000, N=n^2",Reference (flow convention),g,1.4116181251415658,0.13556397047379218
"n=1000, N=n^2",Reference (flow convention),g,1.4221900142305464,0.1796230198243253
"n=1000, N=n^2",Reference (flow convention),g,1.432761903319527,0.2311932422317641
"n=1000, N=n^2",Reference (flow convention),g,1.4433337924085075,0.2889559610323427
"n=1000, N=n^2",Reference (flow convention),g,1.453905681497488,0.3528715188690805
"n=1000, N=n^2",Reference (flow convention),g,1.4644775705864683,0.42495531322703767
"n=1000, N=n^2",Reference (flow convention),g,1.475049459675449,0.5067549865073961
"n=1000, N=n^2",Reference (flow convention),g,1.4856213487644294,0.5965216896322632
"n=1000, N=n^2",Reference (flow convention),g,1.4961932378534102,0.6906664507796031
"n=1000, N=n^2",Reference (flow convention),g,1.5067651269423905,0.7880181847691831
"n=1000, N=n^2",Reference (flow convention),g,1.517337016031371,0.8913405360113476
"n=1000, N=n^2",Reference (flow convention),g,1.5279089051203516,1.0060706970679774
"n=1000, N=n^2",Reference (flow convention),g,1.5384807942093321,1.1399456794885277
"n=1000, N=n^2",Reference (flow convention),g,1.5490526832983127,1.3018349576426542
"n=1000, N=n^2",Reference (flow convention),g,1.559624572387293,1.4973209471658548
"n=1000, N=n^2",Reference (flow convention),g,1.5701964614762738,1.7240510810318552
"n=1000, N=n^2",Reference (flow convention),g,1.580768350565254,1.9682735677765295
"n=1000, N=n^2",Reference (flow convention),g,1.5913402396542349,2.203229864031591
"n=1000, N=n^2",Reference (flow convention),g,1.6019121287432152,2.3976732402283303
"n=1000, N=n^2",Reference (flow convention),g,1.6124840178321957,2.536300748091813
"n=1000, N=n^2",Reference (flow convention),g,1.6230559069211763,2.631775751517452
"n=1000, N=n^2",Reference (flow convention),g,1.6336277960101568,2.710795451504184
"n=1000, N=n^2",Reference (flow convention),g,1.6441996850991374,2.7901852002288097
"n=1000, N=n^2",Reference (flow convention),g,1.654771574188118,2.870447318343093
"n=1000, N=n^2",Reference (flow convention),g,1.6653434632770985,2.945984931303765
"n=1000, N=n^2",Reference (flow convention),g,1.6759153523660788,3.0133621795826984
"n=1000, N=n^2",Reference (flow convention),g,1.6864872414550596,3.071938365518652
"n=1000, N=n^2",Reference (flow convention),g,1.69705913054404,3.1202505936859386
"n=1000, N=n^2",Reference (flow convention),g,1.7076310196330207,3.1503325680726797
"n=1000, N=n^2",Reference (flow convention),g,1.718202908722001,3.148132520326059
"n=1000, N=n^2",Reference (flow convention),g,1.7287747978109815,3.105083846101614
"n=1000, N=n^2",Reference (flow convention),g,1.739346686899962,3.0272238788053496
"n=1000, N=n^2",Reference (flow convention),g,1.7499185759889426,2.927644286150837
"n=1000, N=n^2",Reference (flow convention),g,1.7604904650779232,2.812929407888618
"n=1000, N=n^2",Reference (flow convention),g,1.7710623541669037,2.683425084704268
"n=1000, N=n^2",Reference (flow convention),g,1.7816342432558843,2.543699582738452
"n=1000, N=n^2",Reference (flow convention),g,1.7922061323448646,2.4044344086335263
"n=1000, N=n^2",Reference (flow convention),g,1.8027780214338454,2.274054148490427
"n=1000, N=n^2",Reference (flow convention),g,1.8133499105228257,2.1529475239620233
"n=1000, N=n^2",Reference (flow convention),g,1.8239217996118064,2.0347193429017634
"n=1000, N=n^2",Reference (flow convention),g,1.8344936887007868,1.9110833208531024
"n=1000, N=n^2",Reference (flow convention),g,1.8450655777897673,1.7771926645233647
"n=1000, N=n^2",Reference (flow convention),g,1.8556374668787479,1.633444625236811
"n=1000, N=n^2",Reference (flow convention),g,1.8662093559677284,1.4837888528434702
"n=1000, N=n^2",Reference (flow convention),g,1.876781245056709,1.3348456977305758
"n=1000, N=n^2",Reference (flow convention),g,1.8873531341456895,1.1949664092338943
"n=1000, N=n^2",Reference (flow convention),g,1.89792502323467,1.0695883533820125
"n=1000, N=n^2",Reference (flow convention),g,1.9084969123236506,0.9570521316403247
"n=1000, N=n^2",Reference (flow convention),g,1.9190688014126311,0.852425480868136
"n=1000, N=n^2",Reference (flow convention),g,1.9296406905016115,0.7556870965037196
"n=1000, N=n^2",Reference (flow convention),g,1.940212579590592,0.6722128646066109
"n=1000, N=n^2",Reference (flow convention),g,1.9507844686795726,0.6044842163922305
"n=1000, N=n^2",Reference (flow convention),g,1.961356357768553,0.5470695283872866
"n=1000, N=n^2",Reference (flow convention),g,1.9719282468575337,0.49109489587884064
"n=1000, N=n^2",Reference (flow convention),g,1.9825001359465142,0.4314027589007739
"n=1000, N=n^2",Reference (flow convention),g,1.9930720250354947,0.3687875262987439
"n=1000, N=n^2",Reference (flow convention),g,2.003643914124475,0.3077818361361369
"n=1000, N=n^2",Reference (flow convention),g,2.014215803213456,0.25356429387326557
"n=1000, N=n^2",Reference (flow convention),g,2.0247876923024366,0.20898356214459762
"n=1000, N=n^2",Reference (flow convention),g,2.035359581391417,0.17318537393031294
"n=1000, N=n^2",Reference (flow convention),g,2.0459314704803973,0.1439500035024722
"n=1000, N=n^2",Reference (flow convention),g,2.056503359569378,0.12080262362205815
"n=1000, N=n^2",Reference (flow convention),g,2.0670752486583583,0.10421517294257597
"n=1000, N=n^2",Reference (flow convention),g,2.0776471377473387,0.09273679121517912
"n=1000, N=n^2",Reference (flow convention),g,2.0882190268363194,0.08309530170257927
"n=1000, N=n^2",Reference (flow convention),g,2.0987909159253,0.07295709839112811
"n=1000, N=n^2",Reference (flow convention),g,2.1093628050142805,0.062168896545128756
"n=1000, N=n^2",Reference (flow convention),g,2.119934694103261,0.0515075730849705
"n=1000, N=n^2",Reference (flow convention),g,2.1305065831922416,0.041462374895329786
"n=1000, N=n^2",Reference (flow convention),g,2.1410784722812224,0.03235558757511762
"n=1000, N=n^2",Reference (flow convention),g,2.1516503613702023,0.02480033586555628
"n=1000, N=n^2",Reference (flow convention),g,2.162222250459183,0.01949475700382748
"n=1000, N=n^2",Reference (flow convention),g,2.172794139548164,0.016487107277297453
"n=1000, N=n^2",Reference (flow convention),g,2.183366028637144,0.014784456356726289
"n=1000, N=n^2",Reference (flow convention),g,2.1939379177261245,0.013036576074612722
"n=1000, N=n^2",Reference (flow convention),g,2.204509806815105,0.010744515941190535
"n=1000, N=n^2",Reference (flow convention),g,2.215081695904086,0.008472734492656666
"n=1000, N=n^2",Reference (flow convention),g,2.2256535849930663,0.006818549071219774
"n=1000, N=n^2",Reference (flow convention),g,2.2362254740820466,0.0056300812481286785
"n=1000, N=n^2",Reference (flow convention),g,2.2467973631710274,0.004382290857886548
"n=1000, N=n^2",Reference (flow convention),g,2.257369252260008,0.002931197973837821
"n=1000, N=n^2",Reference (flow convention),g,2.267941141348988,0.0016209854250649343
"n=1000, N=n^2",Reference (flow convention),g,2.278513030437969,0.0008322877879472411
"n=1000, N=n^2",Reference (flow convention),g,2.2890849195269496,0.0006788495318572971
"n=1000, N=n^2",Reference (flow convention),g,2.29965680861593,0.00103547974108563
"n=1000, N=n^2",Reference (flow convention),g,2.3102286977049102,0.0016008227935470525
"n=1000, N=n^2",Reference (flow convention),g,2.320800586793891,0.00196191614647731
"n=1000, N=n^2",Reference (flow convention),g,2.3313724758828718,0.0018360751685176247
"n=1000, N=n^2",Reference (flow convention),g,2.341944364971852,0.0013060456418107038
"n=1000, N=n^2",Reference (flow convention),g,2.3525162540608324,0.0007057317887712884
"n=1000, N=n^2",Reference (flow convention),g,2.363088143149813,0.0002896707647050259
"n=1000, N=n^2",Reference (flow convention),g,2.3736600322387935,9.031287456221593e-05
"n=1000, N=n^2",Reference (flow convention),g,2.384231921327774,2.138819971380329e-05
"n=1000, N=n^2",Reference (flow convention),g,2.3948038104167546,3.847497139233998e-06
"n=1000, N=n^2",Reference (flow convention),g,2.4053756995057354,5.257289387353535e-07
"n=1000, N=n^2",Reference (flow convention),g,2.4159475885947157,5.456635740667481e-08
"n=1000, N=n^2",Reference (flow convention),g,2.426519477683696,4.301971660809046e-09
"n=1000, N=n^2",Reference (flow convention),g,2.437091366772677,2.5762596346719135e-10
"n=1000, N=n^2",Reference (flow convention),g,2.4476632558616576,1.1719017821992297e-11
"n=1000, N=n^2",Reference (flow convention),g,2.458235144950638,4.0492286633560373e-13
"n=1000, N=n^2",Reference (flow convention),g,2.468807034039618,1.0627543520354177e-14
"n=1000, N=n^2",Reference (flow convention),g,2.479378923128599,2.1187171583412034e-16
"n=1000, N=n^2",Reference (flow convention),g,2.4899508122175793,3.208430064916978e-18
"n=1000, N=n^2",Reference (flow convention),g,2.5005227013065596,3.690554922207341e-20
"n=1000, N=n^2",Reference (flow convention),g,2.5110945903955404,3.224558573921504e-22
"n=1000, N=n^2",Reference (flow convention),g,2.521666479484521,2.140071925209948e-24
"n=1000, N=n^2",Reference (flow convention),g,2.5322383685735015,1.0788621852234438e-26
"n=1000, N=n^2",Reference (flow convention),g,2.542810257662482,4.1312651970497256e-29
"n=1000, N=n^2",Reference (flow convention),g,2.5533821467514626,1.2016546730045253e-31
"n=1000, N=n^2",Reference (flow convention),g,2.5639540358404433,2.6549465788863053e-34
"n=1000, N=n^2",Reference (flow convention),g,2.5745259249294237,4.455653357617328e-37
"n=1000, N=n^2",Reference (flow convention),g,2.585097814018404,5.6799760859090384e-40
"n=1000, N=n^2",Reference (flow convention),g,2.5956697031073848,5.499980127591641e-43
"n=1000, N=n^2",Reference (flow convention),g,2.606241592196365,4.0453419242323124e-46
"n=1000, N=n^2",Reference (flow convention),g,2.6168134812853454,2.2601062295261112e-49
"n=1000, N=n^2",Reference (flow convention),g,2.627385370374326,9.591399295073747e-53
"n=1000, N=n^2",Reference (flow convention),g,2.637957259463307,3.091822776508116e-56
"n=1000, N=n^2",Reference (flow convention),g,2.6485291485522873,7.570537499634676e-60
"n=1000, N=n^2",Reference (flow convention),g,2.6591010376412676,1.408050852321599e-63
"n=1000, N=n^2",Reference (flow convention),g,2.6696729267302484,1.9892504572267307e-67
"n=1000, N=n^2",Reference (flow convention),g,2.680244815819229,2.1347159511158894e-71
"n=1000, N=n^2",Reference (flow convention),g,2.6908167049082095,1.7400840488270606e-75
"n=1000, N=n^2",Reference (flow convention),g,2.70138859399719,1.0774071628401581e-79
"n=1000, N=n^2",Reference (flow convention),g,2.7119604830861705,5.06721104963769e-84
"n=1000, N=n^2",Reference (flow convention),g,2.722532372175151,1.8102461377429274e-88
"n=1000, N=n^2",Reference (flow convention),g,2.733104261264131,4.912310023765756e-93
"n=1000, N=n^2",Reference (flow convention),g,2.743676150353112,1.0125428433748083e-97
"n=1000, N=n^2",Reference (flow convention),g,2.7542480394420927,1.5853331857136066e-102
"n=1000, N=n^2",Reference (flow convention),g,2.764819928531073,1.8854160296588382e-107
"n=1000, N=n^2",Reference (flow convention),g,2.7753918176200534,1.7032301701213777e-112
"n=1000, N=n^2",Reference (flow convention),g,2.785963706709034,1.1687429107239612e-117
"n=1000, N=n^2",Reference (flow convention),g,2.796535595798015,6.091779004237004e-123
"n=1000, N=n^2",Reference (flow convention),g,2.8071074848869952,2.411841656428174e-128
"n=1000, N=n^2",Reference (flow convention),g,2.8176793739759756,7.253254997833812e-134
"n=1000, N=n^2",Reference (flow convention),g,2.8282512630649563,1.6569011598386748e-139
"n=1000, N=n^2",Reference (flow convention),g,2.8388231521539367,2.875012650050747e-145
"n=1000, N=n^2",Reference (flow convention),g,2.849395041242917,3.789329927425273e-151
"n=1000, N=n^2",Reference (flow convention),g,2.8599669303318977,3.793713951717368e-157
"n=1000, N=n^2",Reference (flow convention),g,2.8705388194208785,2.885002843596563e-163
"n=1000, N=n^2",Reference (flow convention),g,2.881110708509859,1.6665080326920382e-169
"n=1000, N=n^2",Reference (flow convention),g,2.891682597598839,7.312200295472115e-176
"n=1000, N=n^2",Reference (flow convention),g,2.90225448668782,2.4370713755954637e-182
"n=1000, N=n^2",Reference (flow convention),g,2.9128263757768003,6.169755025163647e-189
"n=1000, N=n^2",Reference (flow convention),g,2.923398264865781,1.1864435890489738e-195
"n=1000, N=n^2",Reference (flow convention),g,2.9339701539547614,1.733028758075495e-202
"n=1000, N=n^2",Reference (flow convention),g,2.944542043043742,1.9228435376029432e-209
"n=1000, N=n^2",Reference (flow convention),g,2.9551139321327224,1.6205469822244835e-216
"n=1000, N=n^2",Reference (Gaussian convention),g,0.851308003425598,5.880222809101573e-186
"n=1000, N=n^2",Reference (Gaussian convention),g,0.8618798925145785,1.9642087316687233e-180
"n=1000, N=n^2",Reference (Gaussian convention),g,0.8724517816035591,5.396030127518972e-175
"n=1000, N=n^2",Reference (Gaussian convention),g,0.8830236706925395,1.2191410865704678e-169
"n=1000, N=n^2",Reference (Gaussian convention),g,0.89359555978152,2.2653037466385187e-164
"n=1000, N=n^2",Reference (Gaussian convention),g,0.9041674488705006,3.4617188449035027e-159
"n=1000, N=n^2",Reference (Gaussian convention),g,0.9147393379594811,4.350608608192051e-154
"n=1000, N=n^2",Reference (Gaussian convention),g,0.9253112270484617,4.4967745137444064e-149
"n=1000, N=n^2",Reference (Gaussian convention),g,0.9358831161374421,3.822478755716141e-144
"n=1000, N=n^2",Reference (Gaussian convention),g,0.9464550052264227,2.6722797670711268e-139
"n=1000, N=n^2",Reference (Gaussian convention),g,0.9570268943154032,1.5364259723501632e-134
"n=1000, N=n^2",Reference (Gaussian convention),g,0.9675987834043838,7.264976772729145e-130
"n=1000, N=n^2",Reference (Gaussian convention),g,0.9781706724933643,2.8252032275938736e-125
"n=1000, N=n^2",Reference (Gaussian convention),g,0.9887425615823449,9.035621514687539e-121
"n=1000, N=n^2",Reference (Gaussian convention),g,0.9993144506713254,2.3766172306829864e-116
"n=1000, N=n^2",Reference (Gaussian convention),g,1.009886339760306,5.141067732142973e-112
"n=1000, N=n^2",Reference (Gaussian convention),g,1.0204582288492863,9.14619135286243e-108
"n=1000, N=n^2",Reference (Gaussian convention),g,1.0310301179382668,1.338197192611891e-103
"n=1000, N=n^2",Reference (Gaussian convention),g,1.0416020070272474,1.6102481880500292e-99
"n=1000, N=n^2",Reference (Gaussian convention),g,1.052173896116228,1.593523224305646e-95
"n=1000, N=n^2",Reference (Gaussian convention),g,1.0627457852052085,1.2969309341394602e-91
"n=1000, N=n^2",Reference (Gaussian convention),g,1.073317674294189,8.680968380546153e-88
"n=1000, N=n^2",Reference (Gaussian convention),g,1.0838895633831696,4.778728676935777e-84
"n=1000, N=n^2",Reference (Gaussian convention),g,1.09446145247215,2.1634628673022445e-80
"n=1000, N=n^2",Reference (Gaussian convention),g,1.1050333415611306,8.055256825219954e-77
"n=1000, N=n^2",Reference (Gaussian convention),g,1.1156052306501112,2.4666197879215567e-73
"n=1000, N=n^2",Reference (Gaussian convention),g,1.1261771197390917,6.211806296532349e-70
"n=1000, N=n^2",Reference (Gaussian convention),g,1.136749008828072,1.2865494157413824e-66
"n=1000, N=n^2",Reference (Gaussian convention),g,1.1473208979170528,2.1914315673577122e-63
"n=1000, N=n^2",Reference (Gaussian convention),g,1.1578927870060332,3.069885865437273e-60
"n=1000, N=n^2",Reference (Gaussian convention),g,1.1684646760950137,3.5367911913979897e-57
"n=1000, N=n^2",Reference (Gaussian convention),g,1.1790365651839942,3.3511162006137976e-54
"n=1000, N=n^2",Reference (Gaussian convention),g,1.1896084542729748,2.6113340521971215e-51
"n=1000, N=n^2",Reference (Gaussian convention),g,1.2001803433619553,1.673509788329905e-48
"n=1000, N=n^2",Reference (Gaussian convention),g,1.2107522324509359,8.820373298971256e-46
"n=1000, N=n^2",Reference (Gaussian convention),g,1.2213241215399164,3.823301661672606e-43
"n=1000, N=n^2",Reference (Gaussian convention),g,1.2318960106288968,1.3629598619461532e-40
"n=1000, N=n^2",Reference (Gaussian convention),g,1.2424678997178775,3.995954047514756e-38
"n=1000, N=n^2",Reference (Gaussian convention),g,1.2530397888068578,9.634980710058737e-36
"n=1000, N=n^2",Reference (Gaussian convention),g,1.2636116778958384,1.910619487030915e-33
"n=1000, N=n^2",Reference (Gaussian convention),g,1.274183566984819,3.115950978332288e-31
"n=1000, N=n^2",Reference (Gaussian convention),g,1.2847554560737995,4.179267836883764e-29
"n=1000, N=n^2",Reference (Gaussian convention),g,1.29532734516278,4.6100236383122834e-27
"n=1000, N=n^2",Reference (Gaussian convention),g,1.3058992342517606,4.182151469643616e-25
"n=1000, N=n^2",Reference (Gaussian convention),g,1.3164711233407411,3.120258000462854e-23
"n=1000, N=n^2",Reference (Gaussian convention),g,1.3270430124297217,1.9145917212122384e-21
"n=1000, N=n^2",Reference (Gaussian convention),g,1.3376149015187022,9.661799925576677e-20
"n=1000, N=n^2",Reference (Gaussian convention),g,1.3481867906076825,4.009942572258106e-18
"n=1000, N=n^2",Reference (Gaussian convention),g,1.3587586796966633,1.3687365333164769e-16
"n=1000, N=n^2",Reference (Gaussian convention),g,1.3693305687856436,3.8424533232948726e-15
"n=1000, N=n^2",Reference (Gaussian convention),g,1.3799024578746244,8.871830778434701e-14
"n=1000, N=n^2",Reference (Gaussian convention),g,1.3904743469636047,1.684799802582903e-12
"n=1000, N=n^2",Reference (Gaussian convention),g,1.4010462360525853,2.631706800683732e-11
"n=1000, N=n^2",Reference (Gaussian convention),g,1.4116181251415658,3.3815812952447154e-10
"n=1000, N=n^2",Reference (Gaussian convention),g,1.4221900142305464,3.574863694530451e-09
"n=1000, N=n^2",Reference (Gaussian convention),g,1.432761903319527,3.11001514642847e-08
"n=1000, N=n^2",Reference (Gaussian convention),g,1.4433337924085075,2.2274327493754494e-07
"n=1000, N=n^2",Reference (Gaussian convention),g,1.453905681497488,1.3142497059631167e-06
"n=1000, N=n^2",Reference (Gaussian convention),g,1.4644775705864683,6.395423727456028e-06
"n=1000, N=n^2",Reference (Gaussian convention),g,1.475049459675449,2.571533037142272e-05
"n=1000, N=n^2",Reference (Gaussian convention),g,1.4856213487644294,8.570452105711811e-05
"n=1000, N=n^2",Reference (Gaussian convention),g,1.4961932378534102,0.00023799061373943958
"n=1000, N=n^2",Reference (Gaussian convention),g,1.5067651269423905,0.0005553433007753336
"n=1000, N=n^2",Reference (Gaussian convention),g,1.517337016031371,0.001103874219323198
"n=1000, N=n^2",Reference (Gaussian convention),g,1.5279089051203516,0.001908055317508619
"n=1000, N=n^2",Reference (Gaussian convention),g,1.5384807942093321,0.0029507062490960454
"n=1000, N=n^2",Reference (Gaussian convention),g,1.5490526832983127,0.004221450772801257
"n=1000, N=n^2",Reference (Gaussian convention),g,1.559624572387293,0.005762037287625943
"n=1000, N=n^2",Reference (Gaussian convention),g,1.5701964614762738,0.007654541023568073
"n=1000, N=n^2",Reference (Gaussian convention),g,1.580768350565254,0.009983959128753054
"n=1000, N=n^2",Reference (Gaussian convention),g,1.5913402396542349,0.012860292587630875
"n=1000, N=n^2",Reference (Gaussian convention),g,1.6019121287432152,0.016496289699509295
"n=1000, N=n^2",Reference (Gaussian convention),g,1.6124840178321957,0.021188825950440974
"n=1000, N=n^2",Reference (Gaussian convention),g,1.6230559069211763,0.027108805834679665
"n=1000, N=n^2",Reference (Gaussian convention),g,1.6336277960101568,0.03412392950996023
"n=1000, N=n^2",Reference (Gaussian convention),g,1.6441996850991374,0.04199841608470674
"n=1000, N=n^2",Reference (Gaussian convention),g,1.654771574188118,0.050911475545094974
"n=1000, N=n^2",Reference (Gaussian convention),g,1.6653434632770985,0.061846288695635764
"n=1000, N=n^2",Reference (Gaussian convention),g,1.6759153523660788,0.07653143082266174
"n=1000, N=n^2",Reference (Gaussian convention),g,1.6864872414550596,0.09687178905214854
"n=1000, N=n^2",Reference (Gaussian convention),g,1.69705913054404,0.1239701900996812
"n=1000, N=n^2",Reference (Gaussian convention),g,1.7076310196330207,0.15737439818825413
"n=1000, N=n^2",Reference (Gaussian convention),g,1.718202908722001,0.19555039151678755
"n=1000, N=n^2",Reference (Gaussian convention),g,1.7287747978109815,0.23746755097541
"n=1000, N=n^2",Reference (Gaussian convention),g,1.739346686899962,0.28357594046696794
"n=1000, N=n^2",Reference (Gaussian convention),g,1.7499185759889426,0.335090282706582
"n=1000, N=n^2",Reference (Gaussian convention),g,1.7604904650779232,0.39284246614841045
"n=1000, N=n^2",Reference (Gaussian convention),g,1.7710623541669037,0.45732994238299624
"n=1000, N=n^2",Reference (Gaussian convention),g,1.7816342432558843,0.5294591583905126
"n=1000, N=n^2",Reference (Gaussian convention),g,1.7922061323448646,0.6104505888727139
"n=1000, N=n^2",Reference (Gaussian convention),g,1.8027780214338454,0.7008555388356806
"n=1000, N=n^2",Reference (Gaussian convention),g,1.8133499105228257,0.7999706611120166
"n=1000, N=n^2",Reference (Gaussian convention),g,1.8239217996118064,0.9061168781497577
"n=1000, N=n^2",Reference (Gaussian convention),g,1.8344936887007868,1.016833040961754
"n=1000, N=n^2",Reference (Gaussian convention),g,1.8450655777897673,1.1286577246499843
"n=1000, N=n^2",Reference (Gaussian convention),g,1.8556374668787479,1.238044951120249
"n=1000, N=n^2",Reference (Gaussian convention),g,1.8662093559677284,1.344139586227732
"n=1000, N=n^2",Reference (Gaussian convention),g,1.876781245056709,1.450580206801071
"n=1000, N=n^2",Reference (Gaussian convention),g,1.8873531341456895,1.563014780226157
"n=1000, N=n^2",Reference (Gaussian convention),g,1.89792502323467,1.6838084349261568
"n=1000, N=n^2",Reference (Gaussian convention),g,1.9084969123236506,1.8092204302545474
"n=1000, N=n^2",Reference (Gaussian convention),g,1.9190688014126311,1.9318325095911741
"n=1000, N=n^2",Reference (Gaussian convention),g,1.9296406905016115,2.0456578167003316
"n=1000, N=n^2",Reference (Gaussian convention),g,1.940212579590592,2.1494863416654026
"n=1000, N=n^2",Reference (Gaussian convention),g,1.9507844686795726,2.246505089139845
"n=1000, N=n^2",Reference (Gaussian convention),g,1.961356357768553,2.3412041031651287
"n=1000, N=n^2",Reference (Gaussian convention),g,1.9719282468575337,2.4354120742325693
"n=1000, N=n^2",Reference (Gaussian convention),g,1.9825001359465142,2.52525047748471
"n=1000, N=n^2",Reference (Gaussian convention),g,1.9930720250354947,2.601441315852818
"n=1000, N=n^2",Reference (Gaussian convention),g,2.003643914124475,2.6543927351017738
"n=1000, N=n^2",Reference (Gaussian convention),g,2.014215803213456,2.680803362484712
"n=1000, N=n^2",Reference (Gaussian convention),g,2.0247876923024366,2.6855250246313105
"n=1000, N=n^2",Reference (Gaussian convention),g,2.035359581391417,2.676889831148354
"n=1000, N=n^2",Reference (Gaussian convention),g,2.0459314704803973,2.6604952166056557
"n=1000, N=n^2",Reference (Gaussian convention),g,2.056503359569378,2.636752439738886
"n=1000, N=n^2",Reference (Gaussian convention),g,2.0670752486583583,2.6024766781078608
"n=1000, N=n^2",Reference (Gaussian convention),g,2.0776471377473387,2.553598990441756
"n=1000, N=n^2",Reference (Gaussian convention),g,2.0882190268363194,2.4870269635590394
"n=1000, N=n^2",Reference (Gaussian convention),g,2.0987909159253,2.4018877080185472
"n=1000, N=n^2",Reference (Gaussian convention),g,2.1093628050142805,2.3009749520568965
"n=1000, N=n^2",Reference (Gaussian convention),g,2.119934694103261,2.191751811473361
"n=1000, N=n^2",Reference (Gaussian convention),g,2.1305065831922416,2.084681315528531
"n=1000, N=n^2",Reference (Gaussian convention),g,2.1410784722812224,1.9877931313572805
"n=1000, N=n^2",Reference (Gaussian convention),g,2.1516503613702023,1.9006659660002092
"n=1000, N=n^2",Reference (Gaussian convention),g,2.162222250459183,1.8139185459303215
"n=1000, N=n^2",Reference (Gaussian convention),g,2.172794139548164,1.7165500309268698
"n=1000, N=n^2",Reference (Gaussian convention),g,2.183366028637144,1.605505074701499
"n=1000, N=n^2",Reference (Gaussian convention),g,2.1939379177261245,1.4889908241542322
"n=1000, N=n^2",Reference (Gaussian convention),g,2.204509806815105,1.3809551140910326
"n=1000, N=n^2",Reference (Gaussian convention),g,2.215081695904086,1.291672750481682
"n=1000, N=n^2",Reference (Gaussian convention),g,2.2256535849930663,1.221378321167471
"n=1000, N=n^2",Reference (Gaussian convention),g,2.2362254740820466,1.1607821821733426
"n=1000, N=n^2",Reference (Gaussian convention),g,2.2467973631710274,1.0975527405923247
"n=1000, N=n^2",Reference (Gaussian convention),g,2.257369252260008,1.0238115463713293
"n=1000, N=n^2",Reference (Gaussian convention),g,2.267941141348988,0.9393347647936104
"n=1000, N=n^2",Reference (Gaussian convention),g,2.278513030437969,0.8495506516056116
"n=1000, N=n^2",Reference (Gaussian convention),g,2.2890849195269496,0.7617402804732852
"n=1000, N=n^2",Reference (Gaussian convention),g,2.29965680861593,0.6822865478168204
"n=1000, N=n^2",Reference (Gaussian convention),g,2.3102286977049102,0.6149150651784073
"n=1000, N=n^2",Reference (Gaussian convention),g,2.320800586793891,0.5594425215553013
"n=1000, N=n^2",Reference (Gaussian convention),g,2.3313724758828718,0.5119679679347622
"n=1000, N=n^2",Reference (Gaussian convention),g,2.341944364971852,0.46728720810835916
"n=1000, N=n^2",Reference (Gaussian convention),g,2.3525162540608324,0.4222432035840281
"n=1000, N=n^2",Reference (Gaussian convention),g,2.363088143149813,0.37734961031333913
"n=1000, N=n^2",Reference (Gaussian convention),g,2.3736600322387935,0.33528491164141067
"n=1000, N=n^2",Reference (Gaussian convention),g,2.384231921327774,0.2977986992941383
"n=1000, N=n^2",Reference (Gaussian convention),g,2.3948038104167546,0.2641082095750506
"n=1000, N=n^2",Reference (Gaussian convention),g,2.4053756995057354,0.23211279644797375
"n=1000, N=n^2",Reference (Gaussian convention),g,2.4159475885947157,0.20065447028235112
"n=1000, N=n^2",Reference (Gaussian convention),g,2.426519477683696,0.1703205581506467
"n=1000, N=n^2",Reference (Gaussian convention),g,2.437091366772677,0.1424892051659377
"n=1000, N=n^2",Reference (Gaussian convention),g,2.4476632558616576,0.1181922361897472
"n=1000, N=n^2",Reference (Gaussian convention),g,2.458235144950638,0.09780099426961181
"n=1000, N=n^2",Reference (Gaussian convention),g,2.468807034039618,0.0811859764742283
"n=1000, N=n^2",Reference (Gaussian convention),g,2.479378923128599,0.06784672463604212
"n=1000, N=n^2",Reference (Gaussian convention),g,2.4899508122175793,0.05707555183768539
"n=1000, N=n^2",Reference (Gaussian convention),g,2.5005227013065596,0.048274796346794505
"n=1000, N=n^2",Reference (Gaussian convention),g,2.5110945903955404,0.04115888642906562
"n=1000, N=n^2",Reference (Gaussian convention),g,2.521666479484521,0.0355692352270269
"n=1000, N=n^2",Reference (Gaussian convention),g,2.5322383685735015,0.03114456739687357
"n=1000, N=n^2",Reference (Gaussian convention),g,2.542810257662482,0.027335729593873974
"n=1000, N=n^2",Reference (Gaussian convention),g,2.5533821467514626,0.023775811705047053
"n=1000, N=n^2",Reference (Gaussian convention),g,2.5639540358404433,0.02050075493326738
"n=1000, N=n^2",Reference (Gaussian convention),g,2.5745259249294237,0.017729062980251262
"n=1000, N=n^2",Reference (Gaussian convention),g,2.585097814018404,0.01548525846361639
"n=1000, N=n^2",Reference (Gaussian convention),g,2.5956697031073848,0.013479416952997621
"n=1000, N=n^2",Reference (Gaussian convention),g,2.606241592196365,0.011318064083079655
"n=1000, N=n^2",Reference (Gaussian convention),g,2.6168134812853454,0.008829545545762709
"n=1000, N=n^2",Reference (Gaussian convention),g,2.627385370374326,0.006231975770261635
"n=1000, N=n^2",Reference (Gaussian convention),g,2.637957259463307,0.0039980092090868375
"n=1000, N=n^2",Reference (Gaussian convention),g,2.6485291485522873,0.0025217886550615333
"n=1000, N=n^2",Reference (Gaussian convention),g,2.6591010376412676,0.0018625930250767823
"n=1000, N=n^2",Reference (Gaussian convention),g,2.6696729267302484,0.0017427882311113487
"n=1000, N=n^2",Reference (Gaussian convention),g,2.680244815819229,0.0017548235216784368
"n=1000, N=n^2",Reference (Gaussian convention),g,2.6908167049082095,0.001607205339296973
"n=1000, N=n^2",Reference (Gaussian convention),g,2.70138859399719,0.0012473837297235094
"n=1000, N=n^2",Reference (Gaussian convention),g,2.7119604830861705,0.0008028308052567548
"n=1000, N=n^2",Reference (Gaussian convention),g,2.722532372175151,0.00042591963943009635
"n=1000, N=n^2",Reference (Gaussian convention),g,2.733104261264131,0.00018594976698878412
"n=1000, N=n^2",Reference (Gaussian convention),g,2.743676150353112,6.677774374328961e-05
"n=1000, N=n^2",Reference (Gaussian convention),g,2.7542480394420927,1.9723398445939624e-05
"n=1000, N=n^2",Reference (Gaussian convention),g,2.764819928531073,4.791048307215246e-06
"n=1000, N=n^2",Reference (Gaussian convention),g,2.7753918176200534,9.571365544729999e-07
"n=1000, N=n^2",Reference (Gaussian convention),g,2.785963706709034,1.5725722508336642e-07
"n=1000, N=n^2",Reference (Gaussian convention),g,2.796535595798015,2.12490893973747e-08
"n=1000, N=n^2",Reference (Gaussian convention),g,2.8071074848869952,2.3613640781754995e-09
"n=1000, N=n^2",Reference (Gaussian convention),g,2.8176793739759756,2.1581342937224028e-10
"n=1000, N=n^2",Reference (Gaussian convention),g,2.8282512630649563,1.6221344823218563e-11
"n=1000, N=n^2",Reference (Gaussian convention),g,2.8388231521539367,1.0027394958685272e-12
"n=1000, N=n^2",Reference (Gaussian convention),g,2.849395041242917,5.0977937434268705e-14
"n=1000, N=n^2",Reference (Gaussian convention),g,2.8599669303318977,2.131421156319202e-15
"n=1000, N=n^2",Reference (Gaussian convention),g,2.8705388194208785,7.329074866952066e-17
"n=1000, N=n^2",Reference (Gaussian convention),g,2.881110708509859,2.0726306557533163e-18
"n=1000, N=n^2",Reference (Gaussian convention),g,2.891682597598839,4.820449642074251e-20
"n=1000, N=n^2",Reference (Gaussian convention),g,2.90225448668782,9.220321331531287e-22
"n=1000, N=n^2",Reference (Gaussian convention),g,2.9128263757768003,1.4504322129219872e-23
"n=1000, N=n^2",Reference (Gaussian convention),g,2.923398264865781,1.876470278186331e-25
"n=1000, N=n^2",Reference (Gaussian convention),g,2.9339701539547614,1.996543683611218e-27
"n=1000, N=n^2",Reference (Gaussian convention),g,2.944542043043742,1.7470640101338868e-29
"n=1000, N=n^2",Reference (Gaussian convention),g,2.9551139321327224,1.2572790853530078e-31
"n=1000, N=n^2",flow-NPE,g,0.851308003425598,0.025452072303124896
"n=1000, N=n^2",flow-NPE,g,0.8618798925145785,0.028898675679076228
"n=1000, N=n^2",flow-NPE,g,0.8724517816035591,0.03266476676723254
"n=1000, N=n^2",flow-NPE,g,0.8830236706925395,0.03682152527946706
"n=1000, N=n^2",flow-NPE,g,0.89359555978152,0.041456965528791294
"n=1000, N=n^2",flow-NPE,g,0.9041674488705006,0.046674514217578976
"n=1000, N=n^2",flow-NPE,g,0.9147393379594811,0.0525856747722889
"n=1000, N=n^2",flow-NPE,g,0.9253112270484617,0.05929632942905607
"n=1000, N=n^2",flow-NPE,g,0.9358831161374421,0.06689079637560646
"n=1000, N=n^2",flow-NPE,g,0.9464550052264227,0.07542112125317041
"n=1000, N=n^2",flow-NPE,g,0.9570268943154032,0.08490894644117825
"n=1000, N=n^2",flow-NPE,g,0.9675987834043838,0.09536316711150096
"n=1000, N=n^2",flow-NPE,g,0.9781706724933643,0.10681001166910882
"n=1000, N=n^2",flow-NPE,g,0.9887425615823449,0.1193259588883268
"n=1000, N=n^2",flow-NPE,g,0.9993144506713254,0.13306073534383667
"n=1000, N=n^2",flow-NPE,g,1.009886339760306,0.14823913711392867
"n=1000, N=n^2",flow-NPE,g,1.0204582288492863,0.1651366243251299
"n=1000, N=n^2",flow-NPE,g,1.0310301179382668,0.18403292644976627
"n=1000, N=n^2",flow-NPE,g,1.0416020070272474,0.2051571881214962
"n=1000, N=n^2",flow-NPE,g,1.052173896116228,0.22864359159730277
"n=1000, N=n^2",flow-NPE,g,1.0627457852052085,0.2545146384122017
"n=1000, N=n^2",flow-NPE,g,1.073317674294189,0.2826996410961881
"n=1000, N=n^2",flow-NPE,g,1.0838895633831696,0.3130816522512589
"n=1000, N=n^2",flow-NPE,g,1.09446145247215,0.34555347784569435
"n=1000, N=n^2",flow-NPE,g,1.1050333415611306,0.38005921501684975
"n=1000, N=n^2",flow-NPE,g,1.1156052306501112,0.41660478191858225
"n=1000, N=n^2",flow-NPE,g,1.1261771197390917,0.4552360544236547
"n=1000, N=n^2",flow-NPE,g,1.136749008828072,0.49599881573652754
"n=1000, N=n^2",flow-NPE,g,1.1473208979170528,0.5389028791806592
"n=1000, N=n^2",flow-NPE,g,1.1578927870060332,0.5839097814166637
"n=1000, N=n^2",flow-NPE,g,1.1684646760950137,0.6309514370565719
"n=1000, N=n^2",flow-NPE,g,1.1790365651839942,0.6799719889398556
"n=1000, N=n^2",flow-NPE,g,1.1896084542729748,0.7309729966369207
"n=1000, N=n^2",flow-NPE,g,1.2001803433619553,0.7840371700910699
"n=1000, N=n^2",flow-NPE,g,1.2107522324509359,0.8393096842296832
"n=1000, N=n^2",flow-NPE,g,1.2213241215399164,0.8969284787024737
"n=1000, N=n^2",flow-NPE,g,1.2318960106288968,0.9569137892855277
"n=1000, N=n^2",flow-NPE,g,1.2424678997178775,1.0190476591032025
"n=1000, N=n^2",flow-NPE,g,1.2530397888068578,1.0827885408362579
"n=1000, N=n^2",flow-NPE,g,1.2636116778958384,1.1472657611928514
"n=1000, N=n^2",flow-NPE,g,1.274183566984819,1.211378779320413
"n=1000, N=n^2",flow-NPE,g,1.2847554560737995,1.273990116608686
"n=1000, N=n^2",flow-NPE,g,1.29532734516278,1.3341607873793233
"n=1000, N=n^2",flow-NPE,g,1.3058992342517606,1.3913501018268557
"n=1000, N=n^2",flow-NPE,g,1.3164711233407411,1.4455023002215923
"n=1000, N=n^2",flow-NPE,g,1.3270430124297217,1.4969751200005212
"n=1000, N=n^2",flow-NPE,g,1.3376149015187022,1.5463211000657933
"n=1000, N=n^2",flow-NPE,g,1.3481867906076825,1.593990788079555
"n=1000, N=n^2",flow-NPE,g,1.3587586796966633,1.6400636083352629
"n=1000, N=n^2",flow-NPE,g,1.3693305687856436,1.6841087702918367
"n=1000, N=n^2",flow-NPE,g,1.3799024578746244,1.7252325026628585
"n=1000, N=n^2",flow-NPE,g,1.3904743469636047,1.7622955031708347
"n=1000, N=n^2",flow-NPE,g,1.4010462360525853,1.7942163831579536
"n=1000, N=n^2",flow-NPE,g,1.4116181251415658,1.8202445398211362
"n=1000, N=n^2",flow-NPE,g,1.4221900142305464,1.8401055761237868
"n=1000, N=n^2",flow-NPE,g,1.432761903319527,1.85398493679922
"n=1000, N=n^2",flow-NPE,g,1.4433337924085075,1.8623890452791816
"n=1000, N=n^2",flow-NPE,g,1.453905681497488,1.8659697021962751
"n=1000, N=n^2",flow-NPE,g,1.4644775705864683,1.8653936032800862
"n=1000, N=n^2",flow-NPE,g,1.475049459675449,1.8612902091807106
"n=1000, N=n^2",flow-NPE,g,1.4856213487644294,1.854249643715612
"n=1000, N=n^2",flow-NPE,g,1.4961932378534102,1.8448069512970848
"n=1000, N=n^2",flow-NPE,g,1.5067651269423905,1.8333624849450416
"n=1000, N=n^2",flow-NPE,g,1.517337016031371,1.8200421441661443
"n=1000, N=n^2",flow-NPE,g,1.5279089051203516,1.804561147671365
"n=1000, N=n^2",flow-NPE,g,1.5384807942093321,1.786181484057214
"n=1000, N=n^2",flow-NPE,g,1.5490526832983127,1.7638261822938117
"n=1000, N=n^2",flow-NPE,g,1.559624572387293,1.736345138882204
"n=1000, N=n^2",flow-NPE,g,1.5701964614762738,1.7028539339618038
"n=1000, N=n^2",flow-NPE,g,1.580768350565254,1.663027604181079
"n=1000, N=n^2",flow-NPE,g,1.5913402396542349,1.6172445655178989
"n=1000, N=n^2",flow-NPE,g,1.6019121287432152,1.5665324194441679
"n=1000, N=n^2",flow-NPE,g,1.6124840178321957,1.5123384514520979
"n=1000, N=n^2",flow-NPE,g,1.6230559069211763,1.4562029075407643
"n=1000, N=n^2",flow-NPE,g,1.6336277960101568,1.3994352542402735
"n=1000, N=n^2",flow-NPE,g,1.6441996850991374,1.3428820308262468
"n=1000, N=n^2",flow-NPE,g,1.654771574188118,1.2868402886299137
"n=1000, N=n^2",flow-NPE,g,1.6653434632770985,1.23112674831562
"n=1000, N=n^2",flow-NPE,g,1.6759153523660788,1.1752713898230125
"n=1000, N=n^2",flow-NPE,g,1.6864872414550596,1.1187738492045745
"n=1000, N=n^2",flow-NPE,g,1.69705913054404,1.0613478835609347
"n=1000, N=n^2",flow-NPE,g,1.7076310196330207,1.0030864852733685
"n=1000, N=n^2",flow-NPE,g,1.718202908722001,0.9445064074949601
"n=1000, N=n^2",flow-NPE,g,1.7287747978109815,0.88646828222942
"n=1000, N=n^2",flow-NPE,g,1.739346686899962,0.8300049298091473
"n=1000, N=n^2",flow-NPE,g,1.7499185759889426,0.7761135017108093
"n=1000, N=n^2",flow-NPE,g,1.7604904650779232,0.7255697627598858
"n=1000, N=n^2",flow-NPE,g,1.7710623541669037,0.6788067384591209
"n=1000, N=n^2",flow-NPE,g,1.7816342432558843,0.6358742308065758
"n=1000, N=n^2",flow-NPE,g,1.7922061323448646,0.5964718317268451
"n=1000, N=n^2",flow-NPE,g,1.8027780214338454,0.5600340330306556
"n=1000, N=n^2",flow-NPE,g,1.8133499105228257,0.5258432095738631
"n=1000, N=n^2",flow-NPE,g,1.8239217996118064,0.49315046707542626
"n=1000, N=n^2",flow-NPE,g,1.8344936887007868,0.4612898019785856
"n=1000, N=n^2",flow-NPE,g,1.8450655777897673,0.42977406957113656
"n=1000, N=n^2",flow-NPE,g,1.8556374668787479,0.398361839460198
"n=1000, N=n^2",flow-NPE,g,1.8662093559677284,0.36708479498002994
"n=1000, N=n^2",flow-NPE,g,1.876781245056709,0.3362286508156529
"n=1000, N=n^2",flow-NPE,g,1.8873531341456895,0.306267784486533
"n=1000, N=n^2",flow-NPE,g,1.89792502323467,0.2777637787336919
"n=1000, N=n^2",flow-NPE,g,1.9084969123236506,0.25124790056297247
"n=1000, N=n^2",flow-NPE,g,1.9190688014126311,0.2271136133262245
"n=1000, N=n^2",flow-NPE,g,1.9296406905016115,0.20554470805148692
"n=1000, N=n^2",flow-NPE,g,1.940212579590592,0.1864966043202752
"n=1000, N=n^2",flow-NPE,g,1.9507844686795726,0.16973428457571782
"n=1000, N=n^2",flow-NPE,g,1.961356357768553,0.15491395850961626
"n=1000, N=n^2",flow-NPE,g,1.9719282468575337,0.14168213342756375
"n=1000, N=n^2",flow-NPE,g,1.9825001359465142,0.12976038161953812
"n=1000, N=n^2",flow-NPE,g,1.9930720250354947,0.11898957038137337
"n=1000, N=n^2",flow-NPE,g,2.003643914124475,0.10932240835461382
"n=1000, N=n^2",flow-NPE,g,2.014215803213456,0.10077233757157443
"n=1000, N=n^2",flow-NPE,g,2.0247876923024366,0.09334235438551841
"n=1000, N=n^2",flow-NPE,g,2.035359581391417,0.08696300646991278
"n=1000, N=n^2",flow-NPE,g,2.0459314704803973,0.08146285433381278
"n=1000, N=n^2",flow-NPE,g,2.056503359569378,0.07658054835646586
"n=1000, N=n^2",flow-NPE,g,2.0670752486583583,0.07201186329622815
"n=1000, N=n^2",flow-NPE,g,2.0776471377473387,0.06747373872748025
"n=1000, N=n^2",flow-NPE,g,2.0882190268363194,0.06276386630493905
"n=1000, N=n^2",flow-NPE,g,2.0987909159253,0.05779834644870039
"n=1000, N=n^2",flow-NPE,g,2.1093628050142805,0.05261859942358281
"n=1000, N=n^2",flow-NPE,g,2.119934694103261,0.04736844975656813
"n=1000, N=n^2",flow-NPE,g,2.1305065831922416,0.042250111128111126
"n=1000, N=n^2",flow-NPE,g,2.1410784722812224,0.037472002563309584
"n=1000, N=n^2",flow-NPE,g,2.1516503613702023,0.033201620125962776
"n=1000, N=n^2",flow-NPE,g,2.162222250459183,0.029533782255930955
"n=1000, N=n^2",flow-NPE,g,2.172794139548164,0.026479688569240663
"n=1000, N=n^2",flow-NPE,g,2.183366028637144,0.02397670492545323
"n=1000, N=n^2",flow-NPE,g,2.1939379177261245,0.0219138107421256
"n=1000, N=n^2",flow-NPE,g,2.204509806815105,0.020164230400675224
"n=1000, N=n^2",flow-NPE,g,2.215081695904086,0.018615687953062763
"n=1000, N=n^2",flow-NPE,g,2.2256535849930663,0.017190317382014413
"n=1000, N=n^2",flow-NPE,g,2.2362254740820466,0.015850180949268548
"n=1000, N=n^2",flow-NPE,g,2.2467973631710274,0.014589413852543366
"n=1000, N=n^2",flow-NPE,g,2.257369252260008,0.01341844183798811
"n=1000, N=n^2",flow-NPE,g,2.267941141348988,0.01234779013589572
"n=1000, N=n^2",flow-NPE,g,2.278513030437969,0.011377895745172539
"n=1000, N=n^2",flow-NPE,g,2.2890849195269496,0.010497649491216078
"n=1000, N=n^2",flow-NPE,g,2.29965680861593,0.009689959110892087
"n=1000, N=n^2",flow-NPE,g,2.3102286977049102,0.008939602290700585
"n=1000, N=n^2",flow-NPE,g,2.320800586793891,0.008238387230943545
"n=1000, N=n^2",flow-NPE,g,2.3313724758828718,0.007585001717748736
"n=1000, N=n^2",flow-NPE,g,2.341944364971852,0.006980385178509451
"n=1000, N=n^2",flow-NPE,g,2.3525162540608324,0.0064220188131757314
"n=1000, N=n^2",flow-NPE,g,2.363088143149813,0.005900879084207003
"n=1000, N=n^2",flow-NPE,g,2.3736600322387935,0.005402966856801819
"n=1000, N=n^2",flow-NPE,g,2.384231921327774,0.004914551067830645
"n=1000, N=n^2",flow-NPE,g,2.3948038104167546,0.004428201040904825
"n=1000, N=n^2",flow-NPE,g,2.4053756995057354,0.0039464082881013746
"n=1000, N=n^2",flow-NPE,g,2.4159475885947157,0.0034810747128102663
"n=1000, N=n^2",flow-NPE,g,2.426519477683696,0.003049350562426964
"n=1000, N=n^2",flow-NPE,g,2.437091366772677,0.0026679513418496627
"n=1000, N=n^2",flow-NPE,g,2.4476632558616576,0.002348389995244259
"n=1000, N=n^2",flow-NPE,g,2.458235144950638,0.002094638524162984
"n=1000, N=n^2",flow-NPE,g,2.468807034039618,0.0019033558506207147
"n=1000, N=n^2",flow-NPE,g,2.479378923128599,0.0017658224285731774
"n=1000, N=n^2",flow-NPE,g,2.4899508122175793,0.0016704764943205627
"n=1000, N=n^2",flow-NPE,g,2.5005227013065596,0.0016052498466565786
"n=1000, N=n^2",flow-NPE,g,2.5110945903955404,0.0015592983135517369
"n=1000, N=n^2",flow-NPE,g,2.521666479484521,0.0015239318212203602
"n=1000, N=n^2",flow-NPE,g,2.5322383685735015,0.0014926341805910517
"n=1000, N=n^2",flow-NPE,g,2.542810257662482,0.0014602494561316223
"n=1000, N=n^2",flow-NPE,g,2.5533821467514626,0.0014217718679491373
"n=1000, N=n^2",flow-NPE,g,2.5639540358404433,0.0013714934854549415
"n=1000, N=n^2",flow-NPE,g,2.5745259249294237,0.0013032132485499633
"n=1000, N=n^2",flow-NPE,g,2.585097814018404,0.0012116788947550599
"n=1000, N=n^2",flow-NPE,g,2.5956697031073848,0.0010946804213889884
"n=1000, N=n^2",flow-NPE,g,2.606241592196365,0.0009547176959561427
"n=1000, N=n^2",flow-NPE,g,2.6168134812853454,0.000799271419154688
"n=1000, N=n^2",flow-NPE,g,2.627385370374326,0.000639371602429427
"n=1000, N=n^2",flow-NPE,g,2.637957259463307,0.00048698157087338165
"n=1000, N=n^2",flow-NPE,g,2.6485291485522873,0.0003522271450758128
"n=1000, N=n^2",flow-NPE,g,2.6591010376412676,0.0002414615496089571
"n=1000, N=n^2",flow-NPE,g,2.6696729267302484,0.0001566715238144251
"n=1000, N=n^2",flow-NPE,g,2.680244815819229,9.61228825043809e-05
"n=1000, N=n^2",flow-NPE,g,2.6908167049082095,5.572658749857368e-05
"n=1000, N=n^2",flow-NPE,g,2.70138859399719,3.0513444523264885e-05
"n=1000, N=n^2",flow-NPE,g,2.7119604830861705,1.5775039690472677e-05
"n=1000, N=n^2",flow-NPE,g,2.722532372175151,7.698417897667835e-06
"n=1000, N=n^2",flow-NPE,g,2.733104261264131,3.545816359963312e-06
"n=1000, N=n^2",flow-NPE,g,2.743676150353112,1.5412313352207722e-06
"n=1000, N=n^2",flow-NPE,g,2.7542480394420927,6.321555623773545e-07
"n=1000, N=n^2",flow-NPE,g,2.764819928531073,2.4465969022466687e-07
"n=1000, N=n^2",flow-NPE,g,2.7753918176200534,8.934452048270907e-08
"n=1000, N=n^2",flow-NPE,g,2.785963706709034,3.0784347915170515e-08
"n=1000, N=n^2",flow-NPE,g,2.796535595798015,1.000786197831881e-08
"n=1000, N=n^2",flow-NPE,g,2.8071074848869952,3.0697075540900245e-09
"n=1000, N=n^2",flow-NPE,g,2.8176793739759756,8.883694867723691e-10
"n=1000, N=n^2",flow-NPE,g,2.8282512630649563,2.4256540023637503e-10
"n=1000, N=n^2",flow-NPE,g,2.8388231521539367,6.248863668431619e-11
"n=1000, N=n^2",flow-NPE,g,2.849395041242917,1.5188298244612294e-11
"n=1000, N=n^2",flow-NPE,g,2.8599669303318977,3.4829905167076955e-12
"n=1000, N=n^2",flow-NPE,g,2.8705388194208785,7.535811958507619e-13
"n=1000, N=n^2",flow-NPE,g,2.881110708509859,1.5383035418822694e-13
"n=1000, N=n^2",flow-NPE,g,2.891682597598839,2.962702241726532e-14
"n=1000, N=n^2",flow-NPE,g,2.90225448668782,5.383537983058078e-15
"n=1000, N=n^2",flow-NPE,g,2.9128263757768003,9.229565359576757e-16
"n=1000, N=n^2",flow-NPE,g,2.923398264865781,1.4928917919547654e-16
"n=1000, N=n^2",flow-NPE,g,2.9339701539547614,2.2782898131928106e-17
"n=1000, N=n^2",flow-NPE,g,2.944542043043742,3.2803722244010884e-18
"n=1000, N=n^2",flow-NPE,g,2.9551139321327224,4.456262621064735e-19
"n=1000, N=n^2",Gaussian-NPE,g,0.851308003425598,3.939164039736107e-27
"n=1000, N=n^2",Gaussian-NPE,g,0.8618798925145785,5.01219849370259e-26
"n=1000, N=n^2",Gaussian-NPE,g,0.8724517816035591,5.998368320288116e-25
"n=1000, N=n^2",Gaussian-NPE,g,0.8830236706925395,6.75192010876726e-24
"n=1000, N=n^2",Gaussian-NPE,g,0.89359555978152,7.148590063560215e-23
"n=1000, N=n^2",Gaussian-NPE,g,0.9041674488705006,7.119068804007547e-22
"n=1000, N=n^2",Gaussian-NPE,g,0.9147393379594811,6.668800418714798e-21
"n=1000, N=n^2",Gaussian-NPE,g,0.9253112270484617,5.876347055585595e-20
"n=1000, N=n^2",Gaussian-NPE,g,0.9358831161374421,4.87099168364053e-19
"n=1000, N=n^2",Gaussian-NPE,g,0.9464550052264227,3.7983449719570414e-18
"n=1000, N=n^2",Gaussian-NPE,g,0.9570268943154032,2.786488951626163e-17
"n=1000, N=n^2",Gaussian-NPE,g,0.9675987834043838,1.923212317140148e-16
"n=1000, N=n^2",Gaussian-NPE,g,0.9781706724933643,1.248900192454059e-15
"n=1000, N=n^2",Gaussian-NPE,g,0.9887425615823449,7.631067081442353e-15
"n=1000, N=n^2",Gaussian-NPE,g,0.9993144506713254,4.3876247657697576e-14
"n=1000, N=n^2",Gaussian-NPE,g,1.009886339760306,2.3740702966542886e-13
"n=1000, N=n^2",Gaussian-NPE,g,1.0204582288492863,1.2089680272512063e-12
"n=1000, N=n^2",Gaussian-NPE,g,1.0310301179382668,5.794754210558584e-12
"n=1000, N=n^2",Gaussian-NPE,g,1.0416020070272474,2.614575307306071e-11
"n=1000, N=n^2",Gaussian-NPE,g,1.052173896116228,1.1106213677981422e-10
"n=1000, N=n^2",Gaussian-NPE,g,1.0627457852052085,4.4421074184416733e-10
"n=1000, N=n^2",Gaussian-NPE,g,1.073317674294189,1.6731590468065666e-09
"n=1000, N=n^2",Gaussian-NPE,g,1.0838895633831696,5.935894061254881e-09
"n=1000, N=n^2",Gaussian-NPE,g,1.09446145247215,1.983907069980169e-08
"n=1000, N=n^2",Gaussian-NPE,g,1.1050333415611306,6.247981642036406e-08
"n=1000, N=n^2",Gaussian-NPE,g,1.1156052306501112,1.8546059717718057e-07
"n=1000, N=n^2",Gaussian-NPE,g,1.1261771197390917,5.190184770445061e-07
"n=1000, N=n^2",Gaussian-NPE,g,1.136749008828072,1.3698633104833828e-06
"n=1000, N=n^2",Gaussian-NPE,g,1.1473208979170528,3.4111470374600398e-06
"n=1000, N=n^2",Gaussian-NPE,g,1.1578927870060332,8.017585532185868e-06
"n=1000, N=n^2",Gaussian-NPE,g,1.1684646760950137,1.779625069918705e-05
"n=1000, N=n^2",Gaussian-NPE,g,1.1790365651839942,3.732619841370697e-05
"n=1000, N=n^2",Gaussian-NPE,g,1.1896084542729748,7.402906107149695e-05
"n=1000, N=n^2",Gaussian-NPE,g,1.2001803433619553,0.0001389473907053609
"n=1000, N=n^2",Gaussian-NPE,g,1.2107522324509359,0.0002470468965419577
"n=1000, N=n^2",Gaussian-NPE,g,1.2213241215399164,0.00041657075271445647
"n=1000, N=n^2",Gaussian-NPE,g,1.2318960106288968,0.0006670721725930436
"n=1000, N=n^2",Gaussian-NPE,g,1.2424678997178775,0.0010161097949418377
"n=1000, N=n^2",Gaussian-NPE,g,1.2530397888068578,0.001475164478681331
"n=1000, N=n^2",Gaussian-NPE,g,1.2636116778958384,0.002045924032455338
"n=1000, N=n^2",Gaussian-NPE,g,1.274183566984819,0.002718383317350993
"n=1000, N=n^2",Gaussian-NPE,g,1.2847554560737995,0.003471973624547108
"n=1000, N=n^2",Gaussian-NPE,g,1.29532734516278,0.0042801378943837
"n=1000, N=n^2",Gaussian-NPE,g,1.3058992342517606,0.005117656172333757
"n=1000, N=n^2",Gaussian-NPE,g,1.3164711233407411,0.005969025476179322
"n=1000, N=n^2",Gaussian-NPE,g,1.3270430124297217,0.0068357144523485975
"n=1000, N=n^2",Gaussian-NPE,g,1.3376149015187022,0.007740357785017135
"n=1000, N=n^2",Gaussian-NPE,g,1.3481867906076825,0.008726887100110476
"n=1000, N=n^2",Gaussian-NPE,g,1.3587586796966633,0.00985693818475267
"n=1000, N=n^2",Gaussian-NPE,g,1.3693305687856436,0.011204151966198127
"n=1000, N=n^2",Gaussian-NPE,g,1.3799024578746244,0.012848599739467972
"n=1000, N=n^2",Gaussian-NPE,g,1.3904743469636047,0.01487302722615359
"n=1000, N=n^2",Gaussian-NPE,g,1.4010462360525853,0.017360959448104837
"n=1000, N=n^2",Gaussian-NPE,g,1.4116181251415658,0.020394782722415277
"n=1000, N=n^2",Gaussian-NPE,g,1.4221900142305464,0.024051143719702534
"n=1000, N=n^2",Gaussian-NPE,g,1.432761903319527,0.02839248140856789
"n=1000, N=n^2",Gaussian-NPE,g,1.4433337924085075,0.03345693991970551
"n=1000, N=n^2",Gaussian-NPE,g,1.453905681497488,0.03925225901145845
"n=1000, N=n^2",Gaussian-NPE,g,1.4644775705864683,0.045759726383684536
"n=1000, N=n^2",Gaussian-NPE,g,1.475049459675449,0.05295036545484079
"n=1000, N=n^2",Gaussian-NPE,g,1.4856213487644294,0.06080852614508568
"n=1000, N=n^2",Gaussian-NPE,g,1.4961932378534102,0.06935190393041592
"n=1000, N=n^2",Gaussian-NPE,g,1.5067651269423905,0.07863610485667087
"n=1000, N=n^2",Gaussian-NPE,g,1.517337016031371,0.08873798296925209
"n=1000, N=n^2",Gaussian-NPE,g,1.5279089051203516,0.09972264360313124
"n=1000, N=n^2",Gaussian-NPE,g,1.5384807942093321,0.11160859541689307
"n=1000, N=n^2",Gaussian-NPE,g,1.5490526832983127,0.12434850701288744
"n=1000, N=n^2",Gaussian-NPE,g,1.559624572387293,0.13783731873229033
"n=1000, N=n^2",Gaussian-NPE,g,1.5701964614762738,0.15194775781139258
"n=1000, N=n^2",Gaussian-NPE,g,1.580768350565254,0.16658141923325634
"n=1000, N=n^2",Gaussian-NPE,g,1.5913402396542349,0.18171711755888856
"n=1000, N=n^2",Gaussian-NPE,g,1.6019121287432152,0.1974396780988732
"n=1000, N=n^2",Gaussian-NPE,g,1.6124840178321957,0.21394021531833288
"n=1000, N=n^2",Gaussian-NPE,g,1.6230559069211763,0.23148909255185918
"n=1000, N=n^2",Gaussian-NPE,g,1.6336277960101568,0.25039081645975825
"n=1000, N=n^2",Gaussian-NPE,g,1.6441996850991374,0.27093356524995726
"n=1000, N=n^2",Gaussian-NPE,g,1.654771574188118,0.29334486629542444
"n=1000, N=n^2",Gaussian-NPE,g,1.6653434632770985,0.31776097041219814
"n=1000, N=n^2",Gaussian-NPE,g,1.6759153523660788,0.3442130946306792
"n=1000, N=n^2",Gaussian-NPE,g,1.6864872414550596,0.372630605506951
"n=1000, N=n^2",Gaussian-NPE,g,1.69705913054404,0.4028597331699579
"n=1000, N=n^2",Gaussian-NPE,g,1.7076310196330207,0.43469562457047806
"n=1000, N=n^2",Gaussian-NPE,g,1.718202908722001,0.4679239991275746
"n=1000, N=n^2",Gaussian-NPE,g,1.7287747978109815,0.5023654478828641
"n=1000, N=n^2",Gaussian-NPE,g,1.739346686899962,0.5379111860041403
"n=1000, N=n^2",Gaussian-NPE,g,1.7499185759889426,0.5745363936281818
"n=1000, N=n^2",Gaussian-NPE,g,1.7604904650779232,0.6122796411693926
"n=1000, N=n^2",Gaussian-NPE,g,1.7710623541669037,0.651186438611617
"n=1000, N=n^2",Gaussian-NPE,g,1.7816342432558843,0.6912300893422203
"n=1000, N=n^2",Gaussian-NPE,g,1.7922061323448646,0.7322377462168451
"n=1000, N=n^2",Gaussian-NPE,g,1.8027780214338454,0.77385565097701
"n=1000, N=n^2",Gaussian-NPE,g,1.8133499105228257,0.8155791221044757
"n=1000, N=n^2",Gaussian-NPE,g,1.8239217996118064,0.8568505956251059
"n=1000, N=n^2",Gaussian-NPE,g,1.8344936887007868,0.897200994083789
"n=1000, N=n^2",Gaussian-NPE,g,1.8450655777897673,0.9363879945662663
"n=1000, N=n^2",Gaussian-NPE,g,1.8556374668787479,0.974479538291953
"n=1000, N=n^2",Gaussian-NPE,g,1.8662093559677284,1.0118452733491867
"n=1000, N=n^2",Gaussian-NPE,g,1.876781245056709,1.0490472309078078
"n=1000, N=n^2",Gaussian-NPE,g,1.8873531341456895,1.0866531393585304
"n=1000, N=n^2",Gaussian-NPE,g,1.89792502323467,1.125020505122469
"n=1000, N=n^2",Gaussian-NPE,g,1.9084969123236506,1.1641103598356661
"n=1000, N=n^2",Gaussian-NPE,g,1.9190688014126311,1.203385192585658
"n=1000, N=n^2",Gaussian-NPE,g,1.9296406905016115,1.241828165725212
"n=1000, N=n^2",Gaussian-NPE,g,1.940212579590592,1.2780931673575882
"n=1000, N=n^2",Gaussian-NPE,g,1.9507844686795726,1.3107611753402526
"n=1000, N=n^2",Gaussian-NPE,g,1.961356357768553,1.338644433446977
"n=1000, N=n^2",Gaussian-NPE,g,1.9719282468575337,1.361057295785335
"n=1000, N=n^2",Gaussian-NPE,g,1.9825001359465142,1.3779739307183043
"n=1000, N=n^2",Gaussian-NPE,g,1.9930720250354947,1.3900244633798513
"n=1000, N=n^2",Gaussian-NPE,g,2.003643914124475,1.3983345422125364
"n=1000, N=n^2",Gaussian-NPE,g,2.014215803213456,1.404266771597195
"n=1000, N=n^2",Gaussian-NPE,g,2.0247876923024366,1.4091505861663403
"n=1000, N=n^2",Gaussian-NPE,g,2.035359581391417,1.4140764298950044
"n=1000, N=n^2",Gaussian-NPE,g,2.0459314704803973,1.4197882133475233
"n=1000, N=n^2",Gaussian-NPE,g,2.056503359569378,1.4266598273988669
"n=1000, N=n^2",Gaussian-NPE,g,2.0670752486583583,1.4347137942695414
"n=1000, N=n^2",Gaussian-NPE,g,2.0776471377473387,1.4436453222996661
"n=1000, N=n^2",Gaussian-NPE,g,2.0882190268363194,1.4528443608811827
"n=1000, N=n^2",Gaussian-NPE,g,2.0987909159253,1.461438557430867
"n=1000, N=n^2",Gaussian-NPE,g,2.1093628050142805,1.468388833382797
"n=1000, N=n^2",Gaussian-NPE,g,2.119934694103261,1.4726488286382369
"n=1000, N=n^2",Gaussian-NPE,g,2.1305065831922416,1.4733612063717425
"n=1000, N=n^2",Gaussian-NPE,g,2.1410784722812224,1.4700313490861394
"n=1000, N=n^2",Gaussian-NPE,g,2.1516503613702023,1.4626134361877445
"n=1000, N=n^2",Gaussian-NPE,g,2.162222250459183,1.451470982453808
"n=1000, N=n^2",Gaussian-NPE,g,2.172794139548164,1.437220818038256
"n=1000, N=n^2",Gaussian-NPE,g,2.183366028637144,1.4205134030595585
"n=1000, N=n^2",Gaussian-NPE,g,2.1939379177261245,1.4018243266179005
"n=1000, N=n^2",Gaussian-NPE,g,2.204509806815105,1.3813258874884633
"n=1000, N=n^2",Gaussian-NPE,g,2.215081695904086,1.3588800108265937
"n=1000, N=n^2",Gaussian-NPE,g,2.2256535849930663,1.3341553715320107
"n=1000, N=n^2",Gaussian-NPE,g,2.2362254740820466,1.306832300675348
"n=1000, N=n^2",Gaussian-NPE,g,2.2467973631710274,1.2768276730431656
"n=1000, N=n^2",Gaussian-NPE,g,2.257369252260008,1.2444587234964941
"n=1000, N=n^2",Gaussian-NPE,g,2.267941141348988,1.2104790419957907
"n=1000, N=n^2",Gaussian-NPE,g,2.278513030437969,1.175962645682816
"n=1000, N=n^2",Gaussian-NPE,g,2.2890849195269496,1.142068972425835
"n=1000, N=n^2",Gaussian-NPE,g,2.29965680861593,1.109767857468708
"n=1000, N=n^2",Gaussian-NPE,g,2.3102286977049102,1.07961688115253
"n=1000, N=n^2",Gaussian-NPE,g,2.320800586793891,1.0516584695484652
"n=1000, N=n^2",Gaussian-NPE,g,2.3313724758828718,1.0254550828386322
"n=1000, N=n^2",Gaussian-NPE,g,2.341944364971852,1.0002321071362723
"n=1000, N=n^2",Gaussian-NPE,g,2.3525162540608324,0.9750698631536121
"n=1000, N=n^2",Gaussian-NPE,g,2.363088143149813,0.9490854690637921
"n=1000, N=n^2",Gaussian-NPE,g,2.3736600322387935,0.9215659285247308
"n=1000, N=n^2",Gaussian-NPE,g,2.384231921327774,0.892042196648851
"n=1000, N=n^2",Gaussian-NPE,g,2.3948038104167546,0.8603162733751298
"n=1000, N=n^2",Gaussian-NPE,g,2.4053756995057354,0.8264610992371505
"n=1000, N=n^2",Gaussian-NPE,g,2.4159475885947157,0.7908061676427345
"n=1000, N=n^2",Gaussian-NPE,g,2.426519477683696,0.7539082441326029
"n=1000, N=n^2",Gaussian-NPE,g,2.437091366772677,0.7164974702985283
"n=1000, N=n^2",Gaussian-NPE,g,2.4476632558616576,0.6793916898353998
"n=1000, N=n^2",Gaussian-NPE,g,2.458235144950638,0.6433849390901933
"n=1000, N=n^2",Gaussian-NPE,g,2.468807034039618,0.6091314189383208
"n=1000, N=n^2",Gaussian-NPE,g,2.479378923128599,0.5770544551937478
"n=1000, N=n^2",Gaussian-NPE,g,2.4899508122175793,0.5473062057450002
"n=1000, N=n^2",Gaussian-NPE,g,2.5005227013065596,0.5197898099090633
"n=1000, N=n^2",Gaussian-NPE,g,2.5110945903955404,0.49423688458638076
"n=1000, N=n^2",Gaussian-NPE,g,2.521666479484521,0.4703160371462012
"n=1000, N=n^2",Gaussian-NPE,g,2.5322383685735015,0.4477377601010066
"n=1000, N=n^2",Gaussian-NPE,g,2.542810257662482,0.4263216706833597
"n=1000, N=n^2",Gaussian-NPE,g,2.5533821467514626,0.40600493159985124
"n=1000, N=n^2",Gaussian-NPE,g,2.5639540358404433,0.38679268595288385
"n=1000, N=n^2",Gaussian-NPE,g,2.5745259249294237,0.36867441797379774
"n=1000, N=n^2",Gaussian-NPE,g,2.585097814018404,0.351544374522432
"n=1000, N=n^2",Gaussian-NPE,g,2.5956697031073848,0.3351628435755861
"n=1000, N=n^2",Gaussian-NPE,g,2.606241592196365,0.3191784705697629
"n=1000, N=n^2",Gaussian-NPE,g,2.6168134812853454,0.3032070076000078
"n=1000, N=n^2",Gaussian-NPE,g,2.627385370374326,0.28693919787604955
"n=1000, N=n^2",Gaussian-NPE,g,2.637957259463307,0.2702387027831697
"n=1000, N=n^2",Gaussian-NPE,g,2.6485291485522873,0.2531941509364448
"n=1000, N=n^2",Gaussian-NPE,g,2.6591010376412676,0.23610578294138101
"n=1000, N=n^2",Gaussian-NPE,g,2.6696729267302484,0.2194102059268393
"n=1000, N=n^2",Gaussian-NPE,g,2.680244815819229,0.2035676674714865
"n=1000, N=n^2",Gaussian-NPE,g,2.6908167049082095,0.1889474699110254
"n=1000, N=n^2",Gaussian-NPE,g,2.70138859399719,0.1757453383419133
"n=1000, N=n^2",Gaussian-NPE,g,2.7119604830861705,0.16395362832100355
"n=1000, N=n^2",Gaussian-NPE,g,2.722532372175151,0.15338700488678472
"n=1000, N=n^2",Gaussian-NPE,g,2.733104261264131,0.14374952115664189
"n=1000, N=n^2",Gaussian-NPE,g,2.743676150353112,0.1347191102471777
"n=1000, N=n^2",Gaussian-NPE,g,2.7542480394420927,0.12602444739912624
"n=1000, N=n^2",Gaussian-NPE,g,2.764819928531073,0.11749572721746428
"n=1000, N=n^2",Gaussian-NPE,g,2.7753918176200534,0.10908159210869095
"n=1000, N=n^2",Gaussian-NPE,g,2.785963706709034,0.1008349415091044
"n=1000, N=n^2",Gaussian-NPE,g,2.796535595798015,0.09287731370295463
"n=1000, N=n^2",Gaussian-NPE,g,2.8071074848869952,0.08535384385579091
"n=1000, N=n^2",Gaussian-NPE,g,2.8176793739759756,0.07838964470775546
"n=1000, N=n^2",Gaussian-NPE,g,2.8282512630649563,0.07205605992598968
"n=1000, N=n^2",Gaussian-NPE,g,2.8388231521539367,0.06635306459167967
"n=1000, N=n^2",Gaussian-NPE,g,2.849395041242917,0.06121181875930181
"n=1000, N=n^2",Gaussian-NPE,g,2.8599669303318977,0.05651763412814979
"n=1000, N=n^2",Gaussian-NPE,g,2.8705388194208785,0.05214783511516318
"n=1000, N=n^2",Gaussian-NPE,g,2.881110708509859,0.04801286963728681
"n=1000, N=n^2",Gaussian-NPE,g,2.891682597598839,0.04408594927136768
"n=1000, N=n^2",Gaussian-NPE,g,2.90225448668782,0.04040926072056776
"n=1000, N=n^2",Gaussian-NPE,g,2.9128263757768003,0.03707323232660559
"n=1000, N=n^2",Gaussian-NPE,g,2.923398264865781,0.034175949499361744
"n=1000, N=n^2",Gaussian-NPE,g,2.9339701539547614,0.03177767733888506
"n=1000, N=n^2",Gaussian-NPE,g,2.944542043043742,0.029867112208249297
"n=1000, N=n^2",Gaussian-NPE,g,2.9551139321327224,0.028351176105772376
"n=1000, N=n^2",Reference (flow convention),k,-0.11988223659843207,2.2334587656812195e-73
"n=1000, N=n^2",Reference (flow convention),k,-0.11078852673247831,3.6657350907848804e-67
"n=1000, N=n^2",Reference (flow convention),k,-0.10169481686652457,3.114302221205804e-61
"n=1000, N=n^2",Reference (flow convention),k,-0.09260110700057081,1.3695471066897575e-55
"n=1000, N=n^2",Reference (flow convention),k,-0.08350739713461705,3.117523490989885e-50
"n=1000, N=n^2",Reference (flow convention),k,-0.07441368726866329,3.673322298399511e-45
"n=1000, N=n^2",Reference (flow convention),k,-0.06531997740270953,2.2403964524784947e-40
"n=1000, N=n^2",Reference (flow convention),k,-0.05622626753675579,7.0730586335669e-36
"n=1000, N=n^2",Reference (flow convention),k,-0.04713255767080203,1.1558625196976549e-31
"n=1000, N=n^2",Reference (flow convention),k,-0.03803884780484827,9.777360928567432e-28
"n=1000, N=n^2",Reference (flow convention),k,-0.028945137938894513,4.2810831404279406e-24
"n=1000, N=n^2",Reference (flow convention),k,-0.01985142807294077,9.702915486760462e-21
"n=1000, N=n^2",Reference (flow convention),k,-0.01075771820698701,1.1383281986711937e-17
"n=1000, N=n^2",Reference (flow convention),k,-0.0016640083410332518,6.9127321749037284e-15
"n=1000, N=n^2",Reference (flow convention),k,0.007429701524920493,2.1729524382548283e-12
"n=1000, N=n^2",Reference (flow convention),k,0.01652341139087425,3.5356865948140866e-10
"n=1000, N=n^2",Reference (flow convention),k,0.02561712125682801,2.9780954812574217e-08
"n=1000, N=n^2",Reference (flow convention),k,0.03471083112278177,1.2987164843414363e-06
"n=1000, N=n^2",Reference (flow convention),k,0.04380454098873553,2.9340419539591124e-05
"n=1000, N=n^2",Reference (flow convention),k,0.052898250854689285,0.0003441973750714783
"n=1000, N=n^2",Reference (flow convention),k,0.061991960720643044,0.0021153760944200104
"n=1000, N=n^2",Reference (flow convention),k,0.07108567058659677,0.007036866143652735
"n=1000, N=n^2",Reference (flow convention),k,0.08017938045255053,0.014072016371432022
"n=1000, N=n^2",Reference (flow convention),k,0.08927309031850429,0.02102674089124394
"n=1000, N=n^2",Reference (flow convention),k,0.09836680018445805,0.02700399873534194
"n=1000, N=n^2",Reference (flow convention),k,0.10746051005041181,0.027607936089839618
"n=1000, N=n^2",Reference (flow convention),k,0.11655421991636557,0.023718234927907048
"n=1000, N=n^2",Reference (flow convention),k,0.1256479297823193,0.02286715109262131
"n=1000, N=n^2",Reference (flow convention),k,0.13474163964827307,0.026254302450463007
"n=1000, N=n^2",Reference (flow convention),k,0.14383534951422683,0.032011746507482404
"n=1000, N=n^2",Reference (flow convention),k,0.1529290593801806,0.04622176169328534
"n=1000, N=n^2",Reference (flow convention),k,0.16202276924613435,0.0771417673691267
"n=1000, N=n^2",Reference (flow convention),k,0.1711164791120881,0.12316323848608217
"n=1000, N=n^2",Reference (flow convention),k,0.18021018897804186,0.18064472592676803
"n=1000, N=n^2",Reference (flow convention),k,0.18930389884399562,0.2519371449208218
"n=1000, N=n^2",Reference (flow convention),k,0.19839760870994938,0.33913495697500196
"n=1000, N=n^2",Reference (flow convention),k,0.20749131857590314,0.4529982033878812
"n=1000, N=n^2",Reference (flow convention),k,0.2165850284418569,0.6153832963706751
"n=1000, N=n^2",Reference (flow convention),k,0.22567873830781066,0.8330009842687344
"n=1000, N=n^2",Reference (flow convention),k,0.23477244817376441,1.0825215707760896
"n=1000, N=n^2",Reference (flow convention),k,0.24386615803971817,1.349703682617952
"n=1000, N=n^2",Reference (flow convention),k,0.2529598679056719,1.663368150900258
"n=1000, N=n^2",Reference (flow convention),k,0.26205357777162563,2.0351545965393907
"n=1000, N=n^2",Reference (flow convention),k,0.2711472876375794,2.461004360512578
"n=1000, N=n^2",Reference (flow convention),k,0.28024099750353315,2.9529334043151367
"n=1000, N=n^2",Reference (flow convention),k,0.2893347073694869,3.4429480728788278
"n=1000, N=n^2",Reference (flow convention),k,0.29842841723544067,3.871412078973944
"n=1000, N=n^2",Reference (flow convention),k,0.3075221271013944,4.317304346288278
"n=1000, N=n^2",Reference (flow convention),k,0.3166158369673482,4.789789470992799
"n=1000, N=n^2",Reference (flow convention),k,0.32570954683330194,5.1820151566246535
"n=1000, N=n^2",Reference (flow convention),k,0.3348032566992557,5.430087867575516
"n=1000, N=n^2",Reference (flow convention),k,0.34389696656520946,5.531350253032025
"n=1000, N=n^2",Reference (flow convention),k,0.3529906764311632,5.532187030281819
"n=1000, N=n^2",Reference (flow convention),k,0.362084386297117,5.486723710816984
"n=1000, N=n^2",Reference (flow convention),k,0.37117809616307074,5.420634645770736
"n=1000, N=n^2",Reference (flow convention),k,0.3802718060290245,5.303720008053422
"n=1000, N=n^2",Reference (flow convention),k,0.3893655158949782,5.076865857285771
"n=1000, N=n^2",Reference (flow convention),k,0.398459225760932,4.723534294070928
"n=1000, N=n^2",Reference (flow convention),k,0.4075529356268857,4.315550002962357
"n=1000, N=n^2",Reference (flow convention),k,0.41664664549283953,3.9869864834891975
"n=1000, N=n^2",Reference (flow convention),k,0.42574035535879323,3.733615746551175
"n=1000, N=n^2",Reference (flow convention),k,0.43483406522474705,3.437772783385289
"n=1000, N=n^2",Reference (flow convention),k,0.44392777509070075,3.034602103253633
"n=1000, N=n^2",Reference (flow convention),k,0.45302148495665456,2.538842686812925
"n=1000, N=n^2",Reference (flow convention),k,0.46211519482260827,2.0501855674358667
"n=1000, N=n^2",Reference (flow convention),k,0.47120890468856197,1.6542705316298283
"n=1000, N=n^2",Reference (flow convention),k,0.4803026145545158,1.359553994932479
"n=1000, N=n^2",Reference (flow convention),k,0.4893963244204695,1.1369784919374373
"n=1000, N=n^2",Reference (flow convention),k,0.4984900342864233,0.9381448277836884
"n=1000, N=n^2",Reference (flow convention),k,0.507583744152377,0.7420546838515201
"n=1000, N=n^2",Reference (flow convention),k,0.5166774540183308,0.5714516054326308
"n=1000, N=n^2",Reference (flow convention),k,0.5257711638842845,0.4435269548424004
"n=1000, N=n^2",Reference (flow convention),k,0.5348648737502383,0.34245818520266436
"n=1000, N=n^2",Reference (flow convention),k,0.543958583616192,0.2511027378831023
"n=1000, N=n^2",Reference (flow convention),k,0.5530522934821458,0.1747020501895847
"n=1000, N=n^2",Reference (flow convention),k,0.5621460033480995,0.12256078622557444
"n=1000, N=n^2",Reference (flow convention),k,0.5712397132140533,0.09623939299292696
"n=1000, N=n^2",Reference (flow convention),k,0.580333423080007,0.08168886585993392
"n=1000, N=n^2",Reference (flow convention),k,0.5894271329459608,0.06057560235728087
"n=1000, N=n^2",Reference (flow convention),k,0.5985208428119145,0.03611850822065746
"n=1000, N=n^2",Reference (flow convention),k,0.6076145526778683,0.020875541123503136
"n=1000, N=n^2",Reference (flow convention),k,0.616708262543822,0.014885210687293154
"n=1000, N=n^2",Reference (flow convention),k,0.6258019724097758,0.012938787698188731
"n=1000, N=n^2",Reference (flow convention),k,0.6348956822757296,0.011632216580351679
"n=1000, N=n^2",Reference (flow convention),k,0.6439893921416833,0.00933332338385451
"n=1000, N=n^2",Reference (flow convention),k,0.6530831020076371,0.006254297404548568
"n=1000, N=n^2",Reference (flow convention),k,0.6621768118735908,0.0030979491590632188
"n=1000, N=n^2",Reference (flow convention),k,0.6712705217395446,0.0009624577479017076
"n=1000, N=n^2",Reference (flow convention),k,0.6803642316054983,0.0001682669789319749
"n=1000, N=n^2",Reference (flow convention),k,0.6894579414714521,1.5748645604710143e-05
"n=1000, N=n^2",Reference (flow convention),k,0.6985516513374058,7.732409208878925e-07
"n=1000, N=n^2",Reference (flow convention),k,0.7076453612033596,1.9757396529638915e-08
"n=1000, N=n^2",Reference (flow convention),k,0.7167390710693133,2.61879183849076e-10
"n=1000, N=n^2",Reference (flow convention),k,0.7258327809352672,1.798336398977339e-12
"n=1000, N=n^2",Reference (flow convention),k,0.7349264908012209,6.39460165143636e-15
"n=1000, N=n^2",Reference (flow convention),k,0.7440202006671747,1.177162721020738e-17
"n=1000, N=n^2",Reference (flow convention),k,0.7531139105331284,1.1217659488902593e-20
"n=1000, N=n^2",Reference (flow convention),k,0.7622076203990821,5.533441258651895e-24
"n=1000, N=n^2",Reference (flow convention),k,0.7713013302650359,1.412893131329058e-27
"n=1000, N=n^2",Reference (flow convention),k,0.7803950401309896,1.8674185967544874e-31
"n=1000, N=n^2",Reference (flow convention),k,0.7894887499969434,1.277589492897135e-35
"n=1000, N=n^2",Reference (flow convention),k,0.7985824598628971,4.524367046741764e-40
"n=1000, N=n^2",Reference (flow convention),k,0.8076761697288509,8.293560100983831e-45
"n=1000, N=n^2",Reference (flow convention),k,0.8167698795948046,7.86938429531273e-50
"n=1000, N=n^2",Reference (flow convention),k,0.8258635894607584,3.8650674227778354e-55
"n=1000, N=n^2",Reference (flow convention),k,0.8349572993267121,9.826298289136553e-61
"n=1000, N=n^2",Reference (flow convention),k,0.844051009192666,1.2931215730378332e-66
"n=1000, N=n^2",Reference (flow convention),k,0.8531447190586197,8.808568027771105e-73
"n=1000, N=n^2",Reference (flow convention),k,0.8622384289245735,3.105902437574001e-79
"n=1000, N=n^2",Reference (flow convention),k,0.8713321387905272,5.668744033761413e-86
"n=1000, N=n^2",Reference (flow convention),k,0.880425848656481,5.3555296221033054e-93
"n=1000, N=n^2",Reference (flow convention),k,0.8895195585224348,2.618994249981305e-100
"n=1000, N=n^2",Reference (flow convention),k,0.8986132683883884,6.629537090455276e-108
"n=1000, N=n^2",Reference (flow convention),k,0.9077069782543422,8.686571628094161e-116
"n=1000, N=n^2",Reference (flow convention),k,0.916800688120296,5.8915578464217645e-124
"n=1000, N=n^2",Reference (flow convention),k,0.9258943979862496,2.06837094193592e-132
"n=1000, N=n^2",Reference (flow convention),k,0.9349881078522034,3.75874834716247e-141
"n=1000, N=n^2",Reference (flow convention),k,0.9440818177181572,3.535693523889982e-150
"n=1000, N=n^2",Reference (flow convention),k,0.9531755275841111,1.7215614001777113e-159
"n=1000, N=n^2",Reference (flow convention),k,0.9622692374500647,4.3389731309812813e-169
"n=1000, N=n^2",Reference (flow convention),k,0.9713629473160185,5.6606714078275835e-179
"n=1000, N=n^2",Reference (flow convention),k,0.9804566571819723,3.8226582294316834e-189
"n=1000, N=n^2",Reference (flow convention),k,0.9895503670479261,1.3362248281670283e-199
"n=1000, N=n^2",Reference (flow convention),k,0.9986440769138797,2.4177430509476083e-210
"n=1000, N=n^2",Reference (flow convention),k,1.0077377867798336,2.2644216110069035e-221
"n=1000, N=n^2",Reference (flow convention),k,1.0168314966457874,1.0977943188245225e-232
"n=1000, N=n^2",Reference (flow convention),k,1.0259252065117412,2.754870620453023e-244
"n=1000, N=n^2",Reference (flow convention),k,1.0350189163776948,3.5784749108617305e-256
"n=1000, N=n^2",Reference (flow convention),k,1.0441126262436486,2.4060867774650098e-268
"n=1000, N=n^2",Reference (flow convention),k,1.0532063361096025,8.374157733528493e-281
"n=1000, N=n^2",Reference (flow convention),k,1.062300045975556,1.508646633363718e-293
"n=1000, N=n^2",Reference (flow convention),k,1.0713937558415099,1.4068586320565541e-306
"n=1000, N=n^2",Reference (flow convention),k,1.0804874657074637,6.791e-320
"n=1000, N=n^2",Reference (flow convention),k,1.0895811755734175,0.0
"n=1000, N=n^2",Reference (flow convention),k,1.098674885439371,0.0
"n=1000, N=n^2",Reference (flow convention),k,1.107768595305325,0.0
"n=1000, N=n^2",Reference (flow convention),k,1.1168623051712787,0.0
"n=1000, N=n^2",Reference (flow convention),k,1.1259560150372325,0.0
"n=1000, N=n^2",Reference (flow convention),k,1.1350497249031861,0.0
"n=1000, N=n^2",Reference (flow convention),k,1.14414343476914,0.0
"n=1000, N=n^2",Reference (flow convention),k,1.1532371446350937,0.0
"n=1000, N=n^2",Reference (flow convention),k,1.1623308545010476,0.0
"n=1000, N=n^2",Reference (flow convention),k,1.1714245643670012,0.0
"n=1000, N=n^2",Reference (flow convention),k,1.180518274232955,0.0
"n=1000, N=n^2",Reference (flow convention),k,1.1896119840989088,0.0
"n=1000, N=n^2",Reference (flow convention),k,1.1987056939648624,0.0
"n=1000, N=n^2",Reference (flow convention),k,1.2077994038308162,0.0
"n=1000, N=n^2",Reference (flow convention),k,1.21689311369677,0.0
"n=1000, N=n^2",Reference (flow convention),k,1.2259868235627238,0.0
"n=1000, N=n^2",Reference (flow convention),k,1.2350805334286774,0.0
"n=1000, N=n^2",Reference (flow convention),k,1.2441742432946312,0.0
"n=1000, N=n^2",Reference (flow convention),k,1.253267953160585,0.0
"n=1000, N=n^2",Reference (flow convention),k,1.2623616630265388,0.0
"n=1000, N=n^2",Reference (flow convention),k,1.2714553728924924,0.0
"n=1000, N=n^2",Reference (flow convention),k,1.2805490827584463,0.0
"n=1000, N=n^2",Reference (flow convention),k,1.2896427926244,0.0
"n=1000, N=n^2",Reference (flow convention),k,1.2987365024903539,0.0
"n=1000, N=n^2",Reference (flow convention),k,1.3078302123563075,0.0
"n=1000, N=n^2",Reference (flow convention),k,1.3169239222222613,0.0
"n=1000, N=n^2",Reference (flow convention),k,1.326017632088215,0.0
"n=1000, N=n^2",Reference (flow convention),k,1.335111341954169,0.0
"n=1000, N=n^2",Reference (flow convention),k,1.3442050518201225,0.0
"n=1000, N=n^2",Reference (flow convention),k,1.3532987616860763,0.0
"n=1000, N=n^2",Reference (flow convention),k,1.3623924715520301,0.0
"n=1000, N=n^2",Reference (flow convention),k,1.3714861814179837,0.0
"n=1000, N=n^2",Reference (flow convention),k,1.3805798912839375,0.0
"n=1000, N=n^2",Reference (flow convention),k,1.3896736011498914,0.0
"n=1000, N=n^2",Reference (flow convention),k,1.3987673110158452,0.0
"n=1000, N=n^2",Reference (flow convention),k,1.4078610208817988,0.0
"n=1000, N=n^2",Reference (flow convention),k,1.4169547307477526,0.0
"n=1000, N=n^2",Reference (flow convention),k,1.4260484406137064,0.0
"n=1000, N=n^2",Reference (flow convention),k,1.4351421504796602,0.0
"n=1000, N=n^2",Reference (flow convention),k,1.4442358603456138,0.0
"n=1000, N=n^2",Reference (flow convention),k,1.4533295702115676,0.0
"n=1000, N=n^2",Reference (flow convention),k,1.4624232800775214,0.0
"n=1000, N=n^2",Reference (flow convention),k,1.4715169899434752,0.0
"n=1000, N=n^2",Reference (flow convention),k,1.4806106998094288,0.0
"n=1000, N=n^2",Reference (flow convention),k,1.4897044096753826,0.0
"n=1000, N=n^2",Reference (flow convention),k,1.4987981195413365,0.0
"n=1000, N=n^2",Reference (flow convention),k,1.50789182940729,0.0
"n=1000, N=n^2",Reference (flow convention),k,1.5169855392732439,0.0
"n=1000, N=n^2",Reference (flow convention),k,1.5260792491391977,0.0
"n=1000, N=n^2",Reference (flow convention),k,1.5351729590051515,0.0
"n=1000, N=n^2",Reference (flow convention),k,1.544266668871105,0.0
"n=1000, N=n^2",Reference (flow convention),k,1.553360378737059,0.0
"n=1000, N=n^2",Reference (flow convention),k,1.5624540886030127,0.0
"n=1000, N=n^2",Reference (flow convention),k,1.5715477984689665,0.0
"n=1000, N=n^2",Reference (flow convention),k,1.5806415083349201,0.0
"n=1000, N=n^2",Reference (flow convention),k,1.589735218200874,0.0
"n=1000, N=n^2",Reference (flow convention),k,1.5988289280668277,0.0
"n=1000, N=n^2",Reference (flow convention),k,1.6079226379327816,0.0
"n=1000, N=n^2",Reference (flow convention),k,1.6170163477987352,0.0
"n=1000, N=n^2",Reference (flow convention),k,1.626110057664689,0.0
"n=1000, N=n^2",Reference (flow convention),k,1.6352037675306428,0.0
"n=1000, N=n^2",Reference (flow convention),k,1.6442974773965964,0.0
"n=1000, N=n^2",Reference (flow convention),k,1.6533911872625502,0.0
"n=1000, N=n^2",Reference (flow convention),k,1.662484897128504,0.0
"n=1000, N=n^2",Reference (flow convention),k,1.6715786069944578,0.0
"n=1000, N=n^2",Reference (flow convention),k,1.6806723168604114,0.0
"n=1000, N=n^2",Reference (flow convention),k,1.6897660267263652,0.0
"n=1000, N=n^2",Reference (Gaussian convention),k,-0.11988223659843207,9.011719807911999e-169
"n=1000, N=n^2",Reference (Gaussian convention),k,-0.11078852673247831,1.1386674951609664e-159
"n=1000, N=n^2",Reference (Gaussian convention),k,-0.10169481686652457,7.956234660126608e-151
"n=1000, N=n^2",Reference (Gaussian convention),k,-0.09260110700057081,3.0742533950263514e-142
"n=1000, N=n^2",Reference (Gaussian convention),k,-0.08350739713461705,6.568907649027237e-134
"n=1000, N=n^2",Reference (Gaussian convention),k,-0.07441368726866329,7.761900450991673e-126
"n=1000, N=n^2",Reference (Gaussian convention),k,-0.06531997740270953,5.071826610254473e-118
"n=1000, N=n^2",Reference (Gaussian convention),k,-0.05622626753675579,1.8326610288821804e-110
"n=1000, N=n^2",Reference (Gaussian convention),k,-0.04713255767080203,3.662025034481652e-103
"n=1000, N=n^2",Reference (Gaussian convention),k,-0.03803884780484827,4.046521856137665e-96
"n=1000, N=n^2",Reference (Gaussian convention),k,-0.028945137938894513,2.4726570744971082e-89
"n=1000, N=n^2",Reference (Gaussian convention),k,-0.01985142807294077,8.355401165750534e-83
"n=1000, N=n^2",Reference (Gaussian convention),k,-0.01075771820698701,1.561320786555139e-76
"n=1000, N=n^2",Reference (Gaussian convention),k,-0.0016640083410332518,1.6133864184524406e-70
"n=1000, N=n^2",Reference (Gaussian convention),k,0.007429701524920493,9.219472519956318e-65
"n=1000, N=n^2",Reference (Gaussian convention),k,0.01652341139087425,2.913366887840224e-59
"n=1000, N=n^2",Reference (Gaussian convention),k,0.02561712125682801,5.0910308210988453e-54
"n=1000, N=n^2",Reference (Gaussian convention),k,0.03471083112278177,4.91969001962393e-49
"n=1000, N=n^2",Reference (Gaussian convention),k,0.04380454098873553,2.629004174174157e-44
"n=1000, N=n^2",Reference (Gaussian convention),k,0.052898250854689285,7.769023825886001e-40
"n=1000, N=n^2",Reference (Gaussian convention),k,0.061991960720643044,1.269590093662237e-35
"n=1000, N=n^2",Reference (Gaussian convention),k,0.07108567058659677,1.1473159399470096e-31
"n=1000, N=n^2",Reference (Gaussian convention),k,0.08017938045255053,5.733582960810826e-28
"n=1000, N=n^2",Reference (Gaussian convention),k,0.08927309031850429,1.5845106746864773e-24
"n=1000, N=n^2",Reference (Gaussian convention),k,0.09836680018445805,2.4215608394071887e-21
"n=1000, N=n^2",Reference (Gaussian convention),k,0.10746051005041181,2.0466222705256734e-18
"n=1000, N=n^2",Reference (Gaussian convention),k,0.11655421991636557,9.5663301706809e-16
"n=1000, N=n^2",Reference (Gaussian convention),k,0.1256479297823193,2.473248824972993e-13
"n=1000, N=n^2",Reference (Gaussian convention),k,0.13474163964827307,3.537609754239329e-11
"n=1000, N=n^2",Reference (Gaussian convention),k,0.14383534951422683,2.800876829946274e-09
"n=1000, N=n^2",Reference (Gaussian convention),k,0.1529290593801806,1.2288243024641668e-07
"n=1000, N=n^2",Reference (Gaussian convention),k,0.16202276924613435,2.994217872398841e-06
"n=1000, N=n^2",Reference (Gaussian convention),k,0.1711164791120881,4.071166343182361e-05
"n=1000, N=n^2",Reference (Gaussian convention),k,0.18021018897804186,0.00031183990161707924
"n=1000, N=n^2",Reference (Gaussian convention),k,0.18930389884399562,0.0013707686648216024
"n=1000, N=n^2",Reference (Gaussian convention),k,0.19839760870994938,0.0035800051049281064
"n=1000, N=n^2",Reference (Gaussian convention),k,0.20749131857590314,0.005957444221094212
"n=1000, N=n^2",Reference (Gaussian convention),k,0.2165850284418569,0.007590741720069474
"n=1000, N=n^2",Reference (Gaussian convention),k,0.22567873830781066,0.010993323963760095
"n=1000, N=n^2",Reference (Gaussian convention),k,0.23477244817376441,0.020676910499408868
"n=1000, N=n^2",Reference (Gaussian convention),k,0.24386615803971817,0.03808077410001277
"n=1000, N=n^2",Reference (Gaussian convention),k,0.2529598679056719,0.060657051496849544
"n=1000, N=n^2",Reference (Gaussian convention),k,0.26205357777162563,0.08189909813837716
"n=1000, N=n^2",Reference (Gaussian convention),k,0.2711472876375794,0.0977230894504068
"n=1000, N=n^2",Reference (Gaussian convention),k,0.28024099750353315,0.11778725837412828
"n=1000, N=n^2",Reference (Gaussian convention),k,0.2893347073694869,0.15791881167801838
"n=1000, N=n^2",Reference (Gaussian convention),k,0.29842841723544067,0.22470513417007068
"n=1000, N=n^2",Reference (Gaussian convention),k,0.3075221271013944,0.31190022244416543
"n=1000, N=n^2",Reference (Gaussian convention),k,0.3166158369673482,0.4199376913547117
"n=1000, N=n^2",Reference (Gaussian convention),k,0.32570954683330194,0.5677558202750282
"n=1000, N=n^2",Reference (Gaussian convention),k,0.3348032566992557,0.7602649803241461
"n=1000, N=n^2",Reference (Gaussian convention),k,0.34389696656520946,0.994261679040671
"n=1000, N=n^2",Reference (Gaussian convention),k,0.3529906764311632,1.2803577607071845
"n=1000, N=n^2",Reference (Gaussian convention),k,0.362084386297117,1.6020178395193405
"n=1000, N=n^2",Reference (Gaussian convention),k,0.37117809616307074,1.9136890883569022
"n=1000, N=n^2",Reference (Gaussian convention),k,0.3802718060290245,2.2057688874552217
"n=1000, N=n^2",Reference (Gaussian convention),k,0.3893655158949782,2.5252193979980957
"n=1000, N=n^2",Reference (Gaussian convention),k,0.398459225760932,2.9199211798371905
"n=1000, N=n^2",Reference (Gaussian convention),k,0.4075529356268857,3.3788561572138596
"n=1000, N=n^2",Reference (Gaussian convention),k,0.41664664549283953,3.8195058394536074
"n=1000, N=n^2",Reference (Gaussian convention),k,0.42574035535879323,4.14328647042782
"n=1000, N=n^2",Reference (Gaussian convention),k,0.43483406522474705,4.364422730859401
"n=1000, N=n^2",Reference (Gaussian convention),k,0.44392777509070075,4.589773188460553
"n=1000, N=n^2",Reference (Gaussian convention),k,0.45302148495665456,4.852912467883696
"n=1000, N=n^2",Reference (Gaussian convention),k,0.46211519482260827,5.091809627921876
"n=1000, N=n^2",Reference (Gaussian convention),k,0.47120890468856197,5.252913789012931
"n=1000, N=n^2",Reference (Gaussian convention),k,0.4803026145545158,5.357317257612954
"n=1000, N=n^2",Reference (Gaussian convention),k,0.4893963244204695,5.391135042114893
"n=1000, N=n^2",Reference (Gaussian convention),k,0.4984900342864233,5.259121549240365
"n=1000, N=n^2",Reference (Gaussian convention),k,0.507583744152377,4.960817445874995
"n=1000, N=n^2",Reference (Gaussian convention),k,0.5166774540183308,4.630142830051761
"n=1000, N=n^2",Reference (Gaussian convention),k,0.5257711638842845,4.34420829335941
"n=1000, N=n^2",Reference (Gaussian convention),k,0.5348648737502383,4.04770264940183
"n=1000, N=n^2",Reference (Gaussian convention),k,0.543958583616192,3.7060817835942497
"n=1000, N=n^2",Reference (Gaussian convention),k,0.5530522934821458,3.3552789098726445
"n=1000, N=n^2",Reference (Gaussian convention),k,0.5621460033480995,2.999346470883832
"n=1000, N=n^2",Reference (Gaussian convention),k,0.5712397132140533,2.604643499368717
"n=1000, N=n^2",Reference (Gaussian convention),k,0.580333423080007,2.183792727771434
"n=1000, N=n^2",Reference (Gaussian convention),k,0.5894271329459608,1.8093535299782932
"n=1000, N=n^2",Reference (Gaussian convention),k,0.5985208428119145,1.5180821923378707
"n=1000, N=n^2",Reference (Gaussian convention),k,0.6076145526778683,1.2719627686575565
"n=1000, N=n^2",Reference (Gaussian convention),k,0.616708262543822,1.029967674819425
"n=1000, N=n^2",Reference (Gaussian convention),k,0.6258019724097758,0.7992098057484914
"n=1000, N=n^2",Reference (Gaussian convention),k,0.6348956822757296,0.6159812897805463
"n=1000, N=n^2",Reference (Gaussian convention),k,0.6439893921416833,0.4926327306545876
"n=1000, N=n^2",Reference (Gaussian convention),k,0.6530831020076371,0.40536996424753863
"n=1000, N=n^2",Reference (Gaussian convention),k,0.6621768118735908,0.33179238241434184
"n=1000, N=n^2",Reference (Gaussian convention),k,0.6712705217395446,0.26116187889357606
"n=1000, N=n^2",Reference (Gaussian convention),k,0.6803642316054983,0.19325118049229645
"n=1000, N=n^2",Reference (Gaussian convention),k,0.6894579414714521,0.14083535318511395
"n=1000, N=n^2",Reference (Gaussian convention),k,0.6985516513374058,0.108517839140231
"n=1000, N=n^2",Reference (Gaussian convention),k,0.7076453612033596,0.08780884674113498
"n=1000, N=n^2",Reference (Gaussian convention),k,0.7167390710693133,0.06974767718361882
"n=1000, N=n^2",Reference (Gaussian convention),k,0.7258327809352672,0.05312472349817872
"n=1000, N=n^2",Reference (Gaussian convention),k,0.7349264908012209,0.04065331087289135
"n=1000, N=n^2",Reference (Gaussian convention),k,0.7440202006671747,0.029462681617908708
"n=1000, N=n^2",Reference (Gaussian convention),k,0.7531139105331284,0.01782276234122064
"n=1000, N=n^2",Reference (Gaussian convention),k,0.7622076203990821,0.010620378171002426
"n=1000, N=n^2",Reference (Gaussian convention),k,0.7713013302650359,0.007869434383902446
"n=1000, N=n^2",Reference (Gaussian convention),k,0.7803950401309896,0.004992734231000579
"n=1000, N=n^2",Reference (Gaussian convention),k,0.7894887499969434,0.001952071449144306
"n=1000, N=n^2",Reference (Gaussian convention),k,0.7985824598628971,0.0004316037519139844
"n=1000, N=n^2",Reference (Gaussian convention),k,0.8076761697288509,5.311571924511477e-05
"n=1000, N=n^2",Reference (Gaussian convention),k,0.8167698795948046,3.628083930944711e-06
"n=1000, N=n^2",Reference (Gaussian convention),k,0.8258635894607584,1.3746664688881204e-07
"n=1000, N=n^2",Reference (Gaussian convention),k,0.8349572993267121,2.888686575103826e-09
"n=1000, N=n^2",Reference (Gaussian convention),k,0.844051009192666,3.3661212298739805e-11
"n=1000, N=n^2",Reference (Gaussian convention),k,0.8531447190586197,2.1748525103256127e-13
"n=1000, N=n^2",Reference (Gaussian convention),k,0.8622384289245735,7.790095550909801e-16
"n=1000, N=n^2",Reference (Gaussian convention),k,0.8713321387905272,1.546709491012243e-18
"n=1000, N=n^2",Reference (Gaussian convention),k,0.880425848656481,1.7020271549994987e-21
"n=1000, N=n^2",Reference (Gaussian convention),k,0.8895195585224348,1.03789718639288e-24
"n=1000, N=n^2",Reference (Gaussian convention),k,0.8986132683883884,3.506800111296106e-28
"n=1000, N=n^2",Reference (Gaussian convention),k,0.9077069782543422,6.564116531477482e-32
"n=1000, N=n^2",Reference (Gaussian convention),k,0.916800688120296,6.805993773628593e-36
"n=1000, N=n^2",Reference (Gaussian convention),k,0.9258943979862496,3.908411741991175e-40
"n=1000, N=n^2",Reference (Gaussian convention),k,0.9349881078522034,1.242935333655886e-44
"n=1000, N=n^2",Reference (Gaussian convention),k,0.9440818177181572,2.1886933324709636e-49
"n=1000, N=n^2",Reference (Gaussian convention),k,0.9531755275841111,2.133836048306747e-54
"n=1000, N=n^2",Reference (Gaussian convention),k,0.9622692374500647,1.151679219582494e-59
"n=1000, N=n^2",Reference (Gaussian convention),k,0.9713629473160185,3.440756972794086e-65
"n=1000, N=n^2",Reference (Gaussian convention),k,0.9804566571819723,5.6896965356874296e-71
"n=1000, N=n^2",Reference (Gaussian convention),k,0.9895503670479261,5.2071543627237686e-77
"n=1000, N=n^2",Reference (Gaussian convention),k,0.9986440769138797,2.6372694892321274e-83
"n=1000, N=n^2",Reference (Gaussian convention),k,1.0077377867798336,7.391294080896295e-90
"n=1000, N=n^2",Reference (Gaussian convention),k,1.0168314966457874,1.1462257777448293e-96
"n=1000, N=n^2",Reference (Gaussian convention),k,1.0259252065117412,9.835078524648797e-104
"n=1000, N=n^2",Reference (Gaussian convention),k,1.0350189163776948,4.668958482253895e-111
"n=1000, N=n^2",Reference (Gaussian convention),k,1.0441126262436486,1.2262397683899167e-118
"n=1000, N=n^2",Reference (Gaussian convention),k,1.0532063361096025,1.7816592600946673e-126
"n=1000, N=n^2",Reference (Gaussian convention),k,1.062300045975556,1.4320238797024295e-134
"n=1000, N=n^2",Reference (Gaussian convention),k,1.0713937558415099,6.367022682127187e-143
"n=1000, N=n^2",Reference (Gaussian convention),k,1.0804874657074637,1.565917097010001e-151
"n=1000, N=n^2",Reference (Gaussian convention),k,1.0895811755734175,2.130269142941113e-160
"n=1000, N=n^2",Reference (Gaussian convention),k,1.098674885439371,1.602957170930853e-169
"n=1000, N=n^2",Reference (Gaussian convention),k,1.107768595305325,6.671456277460773e-179
"n=1000, N=n^2",Reference (Gaussian convention),k,1.1168623051712787,1.5357526023179802e-188
"n=1000, N=n^2",Reference (Gaussian convention),k,1.1259560150372325,1.955308678476432e-198
"n=1000, N=n^2",Reference (Gaussian convention),k,1.1350497249031861,1.3768774055842918e-208
"n=1000, N=n^2",Reference (Gaussian convention),k,1.14414343476914,5.362339428034101e-219
"n=1000, N=n^2",Reference (Gaussian convention),k,1.1532371446350937,1.1550115240778053e-229
"n=1000, N=n^2",Reference (Gaussian convention),k,1.1623308545010476,1.3758968087429197e-240
"n=1000, N=n^2",Reference (Gaussian convention),k,1.1714245643670012,9.06458754738302e-252
"n=1000, N=n^2",Reference (Gaussian convention),k,1.180518274232955,3.302695173507088e-263
"n=1000, N=n^2",Reference (Gaussian convention),k,1.1896119840989088,6.654926691447794e-275
"n=1000, N=n^2",Reference (Gaussian convention),k,1.1987056939648624,7.415985857312704e-287
"n=1000, N=n^2",Reference (Gaussian convention),k,1.2077994038308162,4.5702736658543066e-299
"n=1000, N=n^2",Reference (Gaussian convention),k,1.21689311369677,1.5576160384303e-311
"n=1000, N=n^2",Reference (Gaussian convention),k,1.2259868235627238,5e-324
"n=1000, N=n^2",Reference (Gaussian convention),k,1.2350805334286774,0.0
"n=1000, N=n^2",Reference (Gaussian convention),k,1.2441742432946312,0.0
"n=1000, N=n^2",Reference (Gaussian convention),k,1.253267953160585,0.0
"n=1000, N=n^2",Reference (Gaussian convention),k,1.2623616630265388,0.0
"n=1000, N=n^2",Reference (Gaussian convention),k,1.2714553728924924,0.0
"n=1000, N=n^2",Reference (Gaussian convention),k,1.2805490827584463,0.0
"n=1000, N=n^2",Reference (Gaussian convention),k,1.2896427926244,0.0
"n=1000, N=n^2",Reference (Gaussian convention),k,1.2987365024903539,0.0
"n=1000, N=n^2",Reference (Gaussian convention),k,1.3078302123563075,0.0
"n=1000, N=n^2",Reference (Gaussian convention),k,1.3169239222222613,0.0
"n=1000, N=n^2",Reference (Gaussian convention),k,1.326017632088215,0.0
"n=1000, N=n^2",Reference (Gaussian convention),k,1.335111341954169,0.0
"n=1000, N=n^2",Reference (Gaussian convention),k,1.3442050518201225,0.0
"n=1000, N=n^2",Reference (Gaussian convention),k,1.3532987616860763,0.0
"n=1000, N=n^2",Reference (Gaussian convention),k,1.3623924715520301,0.0
"n=1000, N=n^2",Reference (Gaussian convention),k,1.3714861814179837,0.0
"n=1000, N=n^2",Reference (Gaussian convention),k,1.3805798912839375,0.0
"n=1000, N=n^2",Reference (Gaussian convention),k,1.3896736011498914,0.0
"n=1000, N=n^2",Reference (Gaussian convention),k,1.3987673110158452,0.0
"n=1000, N=n^2",Reference (Gaussian convention),k,1.4078610208817988,0.0
"n=1000, N=n^2",Reference (Gaussian convention),k,1.4169547307477526,0.0
"n=1000, N=n^2",Reference (Gaussian convention),k,1.4260484406137064,0.0
"n=1000, N=n^2",Reference (Gaussian convention),k,1.4351421504796602,0.0
"n=1000, N=n^2",Reference (Gaussian convention),k,1.4442358603456138,0.0
"n=1000, N=n^2",Reference (Gaussian convention),k,1.4533295702115676,0.0
"n=1000, N=n^2",Reference (Gaussian convention),k,1.4624232800775214,0.0
"n=1000, N=n^2",Reference (Gaussian convention),k,1.4715169899434752,0.0
"n=1000, N=n^2",Reference (Gaussian convention),k,1.4806106998094288,0.0
"n=1000, N=n^2",Reference (Gaussian convention),k,1.4897044096753826,0.0
"n=1000, N=n^2",Reference (Gaussian convention),k,1.4987981195413365,0.0
"n=1000, N=n^2",Reference (Gaussian convention),k,1.50789182940729,0.0
"n=1000, N=n^2",Reference (Gaussian convention),k,1.5169855392732439,0.0
"n=1000, N=n^2",Reference (Gaussian convention),k,1.5260792491391977,0.0
"n=1000, N=n^2",Reference (Gaussian convention),k,1.5351729590051515,0.0
"n=1000, N=n^2",Reference (Gaussian convention),k,1.544266668871105,0.0
"n=1000, N=n^2",Reference (Gaussian convention),k,1.553360378737059,0.0
"n=1000, N=n^2",Reference (Gaussian convention),k,1.5624540886030127,0.0
"n=1000, N=n^2",Reference (Gaussian convention),k,1.5715477984689665,0.0
"n=1000, N=n^2",Reference (Gaussian convention),k,1.5806415083349201,0.0
"n=1000, N=n^2",Reference (Gaussian convention),k,1.589735218200874,0.0
"n=1000, N=n^2",Reference (Gaussian convention),k,1.5988289280668277,0.0
"n=1000, N=n^2",Reference (Gaussian convention),k,1.6079226379327816,0.0
"n=1000, N=n^2",Reference (Gaussian convention),k,1.6170163477987352,0.0
"n=1000, N=n^2",Reference (Gaussian convention),k,1.626110057664689,0.0
"n=1000, N=n^2",Reference (Gaussian convention),k,1.6352037675306428,0.0
"n=1000, N=n^2",Reference (Gaussian convention),k,1.6442974773965964,0.0
"n=1000, N=n^2",Reference (Gaussian convention),k,1.6533911872625502,0.0
"n=1000, N=n^2",Reference (Gaussian convention),k,1.662484897128504,0.0
"n=1000, N=n^2",Reference (Gaussian convention),k,1.6715786069944578,0.0
"n=1000, N=n^2",Reference (Gaussian convention),k,1.6806723168604114,0.0
"n=1000, N=n^2",Reference (Gaussian convention),k,1.6897660267263652,0.0
"n=1000, N=n^2",flow-NPE,k,-0.11988223659843207,3.600966628843384e-06
"n=1000, N=n^2",flow-NPE,k,-0.11078852673247831,1.9529896889367535e-05
"n=1000, N=n^2",flow-NPE,k,-0.10169481686652457,9.381784437175005e-05
"n=1000, N=n^2",flow-NPE,k,-0.09260110700057081,0.00039944433531793053
"n=1000, N=n^2",flow-NPE,k,-0.08350739713461705,0.0015085175376643033
"n=1000, N=n^2",flow-NPE,k,-0.07441368726866329,0.005057991760914405
"n=1000, N=n^2",flow-NPE,k,-0.06531997740270953,0.015074480752864447
"n=1000, N=n^2",flow-NPE,k,-0.05622626753675579,0.03999127969339148
"n=1000, N=n^2",flow-NPE,k,-0.04713255767080203,0.09460740760527352
"n=1000, N=n^2",flow-NPE,k,-0.03803884780484827,0.20003523775921558
"n=1000, N=n^2",flow-NPE,k,-0.028945137938894513,0.37911445553409007
"n=1000, N=n^2",flow-NPE,k,-0.01985142807294077,0.6464734486935292
"n=1000, N=n^2",flow-NPE,k,-0.01075771820698701,0.996749718153746
"n=1000, N=n^2",flow-NPE,k,-0.0016640083410332518,1.398587209435368
"n=1000, N=n^2",flow-NPE,k,0.007429701524920493,1.8011259685215673
"n=1000, N=n^2",flow-NPE,k,0.01652341139087425,2.15215320417877
"n=1000, N=n^2",flow-NPE,k,0.02561712125682801,2.4180500986681106
"n=1000, N=n^2",flow-NPE,k,0.03471083112278177,2.5933930294136447
"n=1000, N=n^2",flow-NPE,k,0.04380454098873553,2.6953703012213057
"n=1000, N=n^2",flow-NPE,k,0.052898250854689285,2.7488910199642524
"n=1000, N=n^2",flow-NPE,k,0.061991960720643044,2.773313868415236
"n=1000, N=n^2",flow-NPE,k,0.07108567058659677,2.7779258895914682
"n=1000, N=n^2",flow-NPE,k,0.08017938045255053,2.765393906442371
"n=1000, N=n^2",flow-NPE,k,0.08927309031850429,2.7374178181819646
"n=1000, N=n^2",flow-NPE,k,0.09836680018445805,2.697648961770837
"n=1000, N=n^2",flow-NPE,k,0.10746051005041181,2.65109905307787
"n=1000, N=n^2",flow-NPE,k,0.11655421991636557,2.6023787516452765
"n=1000, N=n^2",flow-NPE,k,0.1256479297823193,2.555019496741947
"n=1000, N=n^2",flow-NPE,k,0.13474163964827307,2.5120444787490026
"n=1000, N=n^2",flow-NPE,k,0.14383534951422683,2.4764137046690706
"n=1000, N=n^2",flow-NPE,k,0.1529290593801806,2.450286798801782
"n=1000, N=n^2",flow-NPE,k,0.16202276924613435,2.433483375726301
"n=1000, N=n^2",flow-NPE,k,0.1711164791120881,2.422476966867712
"n=1000, N=n^2",flow-NPE,k,0.18021018897804186,2.4109365703335
"n=1000, N=n^2",flow-NPE,k,0.18930389884399562,2.3917340842703334
"n=1000, N=n^2",flow-NPE,k,0.19839760870994938,2.359447715697116
"n=1000, N=n^2",flow-NPE,k,0.20749131857590314,2.312191887310303
"n=1000, N=n^2",flow-NPE,k,0.2165850284418569,2.251963375360601
"n=1000, N=n^2",flow-NPE,k,0.22567873830781066,2.183359781882787
"n=1000, N=n^2",flow-NPE,k,0.23477244817376441,2.1113172942060747
"n=1000, N=n^2",flow-NPE,k,0.24386615803971817,2.03908545715153
"n=1000, N=n^2",flow-NPE,k,0.2529598679056719,1.967536094320021
"n=1000, N=n^2",flow-NPE,k,0.26205357777162563,1.8960216595581298
"n=1000, N=n^2",flow-NPE,k,0.2711472876375794,1.8239815172218998
"n=1000, N=n^2",flow-NPE,k,0.28024099750353315,1.752140768924897
"n=1000, N=n^2",flow-NPE,k,0.2893347073694869,1.6826233959297812
"n=1000, N=n^2",flow-NPE,k,0.29842841723544067,1.6180686321636815
"n=1000, N=n^2",flow-NPE,k,0.3075221271013944,1.5603316055920862
"n=1000, N=n^2",flow-NPE,k,0.3166158369673482,1.5094646664233762
"n=1000, N=n^2",flow-NPE,k,0.32570954683330194,1.4635339868296984
"n=1000, N=n^2",flow-NPE,k,0.3348032566992557,1.4194215308258515
"n=1000, N=n^2",flow-NPE,k,0.34389696656520946,1.374159359671616
"n=1000, N=n^2",flow-NPE,k,0.3529906764311632,1.325964395711239
"n=1000, N=n^2",flow-NPE,k,0.362084386297117,1.2744204780328012
"n=1000, N=n^2",flow-NPE,k,0.37117809616307074,1.219995223907167
"n=1000, N=n^2",flow-NPE,k,0.3802718060290245,1.1635364999204518
"n=1000, N=n^2",flow-NPE,k,0.3893655158949782,1.1061294017451067
"n=1000, N=n^2",flow-NPE,k,0.398459225760932,1.0491052924588482
"n=1000, N=n^2",flow-NPE,k,0.4075529356268857,0.9937971090856387
"n=1000, N=n^2",flow-NPE,k,0.41664664549283953,0.9410094982404654
"n=1000, N=n^2",flow-NPE,k,0.42574035535879323,0.890626902981579
"n=1000, N=n^2",flow-NPE,k,0.43483406522474705,0.8417858316282985
"n=1000, N=n^2",flow-NPE,k,0.44392777509070075,0.7935739869954223
"n=1000, N=n^2",flow-NPE,k,0.45302148495665456,0.74573837411253
"n=1000, N=n^2",flow-NPE,k,0.46211519482260827,0.6988452016762132
"n=1000, N=n^2",flow-NPE,k,0.47120890468856197,0.6537912645042278
"n=1000, N=n^2",flow-NPE,k,0.4803026145545158,0.6111125948235256
"n=1000, N=n^2",flow-NPE,k,0.4893963244204695,0.5706729308638105
"n=1000, N=n^2",flow-NPE,k,0.4984900342864233,0.5319409402788757
"n=1000, N=n^2",flow-NPE,k,0.507583744152377,0.49456017516519857
"n=1000, N=n^2",flow-NPE,k,0.5166774540183308,0.4587209573732239
"n=1000, N=n^2",flow-NPE,k,0.5257711638842845,0.42505507000976084
"n=1000, N=n^2",flow-NPE,k,0.5348648737502383,0.3941573611407165
"n=1000, N=n^2",flow-NPE,k,0.543958583616192,0.36610153577298993
"n=1000, N=n^2",flow-NPE,k,0.5530522934821458,0.34030749141980876
"n=1000, N=n^2",flow-NPE,k,0.5621460033480995,0.31586285004838427
"n=1000, N=n^2",flow-NPE,k,0.5712397132140533,0.29207741224397304
"n=1000, N=n^2",flow-NPE,k,0.580333423080007,0.2688820792720511
"n=1000, N=n^2",flow-NPE,k,0.5894271329459608,0.2468017306855425
"n=1000, N=n^2",flow-NPE,k,0.5985208428119145,0.2265535989520701
"n=1000, N=n^2",flow-NPE,k,0.6076145526778683,0.2085924678352465
"n=1000, N=n^2",flow-NPE,k,0.616708262543822,0.19291728216244924
"n=1000, N=n^2",flow-NPE,k,0.6258019724097758,0.1791990828014785
"n=1000, N=n^2",flow-NPE,k,0.6348956822757296,0.1670425760882788
"n=1000, N=n^2",flow-NPE,k,0.6439893921416833,0.15615691906841458
"n=1000, N=n^2",flow-NPE,k,0.6530831020076371,0.14635030545278968
"n=1000, N=n^2",flow-NPE,k,0.6621768118735908,0.13741434250153095
"n=1000, N=n^2",flow-NPE,k,0.6712705217395446,0.1290276701344601
"n=1000, N=n^2",flow-NPE,k,0.6803642316054983,0.12077490430763517
"n=1000, N=n^2",flow-NPE,k,0.6894579414714521,0.11227717522445156
"n=1000, N=n^2",flow-NPE,k,0.6985516513374058,0.10333445992290496
"n=1000, N=n^2",flow-NPE,k,0.7076453612033596,0.09397471377011145
"n=1000, N=n^2",flow-NPE,k,0.7167390710693133,0.08439640826254294
"n=1000, N=n^2",flow-NPE,k,0.7258327809352672,0.07487699895814415
"n=1000, N=n^2",flow-NPE,k,0.7349264908012209,0.06571302199252448
"n=1000, N=n^2",flow-NPE,k,0.7440202006671747,0.0571920615474968
"n=1000, N=n^2",flow-NPE,k,0.7531139105331284,0.04956354477512572
"n=1000, N=n^2",flow-NPE,k,0.7622076203990821,0.042998042812233184
"n=1000, N=n^2",flow-NPE,k,0.7713013302650359,0.03755588685023497
"n=1000, N=n^2",flow-NPE,k,0.7803950401309896,0.033189622569773
"n=1000, N=n^2",flow-NPE,k,0.7894887499969434,0.02978590980439392
"n=1000, N=n^2",flow-NPE,k,0.7985824598628971,0.02722395598261254
"n=1000, N=n^2",flow-NPE,k,0.8076761697288509,0.025404786766454454
"n=1000, N=n^2",flow-NPE,k,0.8167698795948046,0.02421867379496809
"n=1000, N=n^2",flow-NPE,k,0.8258635894607584,0.023476715422928705
"n=1000, N=n^2",flow-NPE,k,0.8349572993267121,0.022884805574950907
"n=1000, N=n^2",flow-NPE,k,0.844051009192666,0.022114937382393944
"n=1000, N=n^2",flow-NPE,k,0.8531447190586197,0.02093805105375674
"n=1000, N=n^2",flow-NPE,k,0.8622384289245735,0.019316611803612365
"n=1000, N=n^2",flow-NPE,k,0.8713321387905272,0.017385771540292264
"n=1000, N=n^2",flow-NPE,k,0.880425848656481,0.015347591635651407
"n=1000, N=n^2",flow-NPE,k,0.8895195585224348,0.013366756434467102
"n=1000, N=n^2",flow-NPE,k,0.8986132683883884,0.011533060454591662
"n=1000, N=n^2",flow-NPE,k,0.9077069782543422,0.00988221801625852
"n=1000, N=n^2",flow-NPE,k,0.916800688120296,0.008422023543228723
"n=1000, N=n^2",flow-NPE,k,0.9258943979862496,0.0071328714223860825
"n=1000, N=n^2",flow-NPE,k,0.9349881078522034,0.0059618080572659835
"n=1000, N=n^2",flow-NPE,k,0.9440818177181572,0.004843571399603184
"n=1000, N=n^2",flow-NPE,k,0.9531755275841111,0.003746025296936063
"n=1000, N=n^2",flow-NPE,k,0.9622692374500647,0.0026998317052216495
"n=1000, N=n^2",flow-NPE,k,0.9713629473160185,0.0017814986572710697
"n=1000, N=n^2",flow-NPE,k,0.9804566571819723,0.0010635884337005955
"n=1000, N=n^2",flow-NPE,k,0.9895503670479261,0.0005740665588825409
"n=1000, N=n^2",flow-NPE,k,0.9986440769138797,0.00029224680195287235
"n=1000, N=n^2",flow-NPE,k,1.0077377867798336,0.00017454462946935175
"n=1000, N=n^2",flow-NPE,k,1.0168314966457874,0.0001841843274546489
"n=1000, N=n^2",flow-NPE,k,1.0259252065117412,0.00030392287618802327
"n=1000, N=n^2",flow-NPE,k,1.0350189163776948,0.0005263279351987138
"n=1000, N=n^2",flow-NPE,k,1.0441126262436486,0.0008301295881874358
"n=1000, N=n^2",flow-NPE,k,1.0532063361096025,0.0011603597421622734
"n=1000, N=n^2",flow-NPE,k,1.062300045975556,0.0014309549420788016
"n=1000, N=n^2",flow-NPE,k,1.0713937558415099,0.0015556996485911853
"n=1000, N=n^2",flow-NPE,k,1.0804874657074637,0.0014908715846717788
"n=1000, N=n^2",flow-NPE,k,1.0895811755734175,0.0012593922839613189
"n=1000, N=n^2",flow-NPE,k,1.098674885439371,0.0009377493445217343
"n=1000, N=n^2",flow-NPE,k,1.107768595305325,0.0006154846710487807
"n=1000, N=n^2",flow-NPE,k,1.1168623051712787,0.0003560839575267242
"n=1000, N=n^2",flow-NPE,k,1.1259560150372325,0.0001815901404080402
"n=1000, N=n^2",flow-NPE,k,1.1350497249031861,8.162755895638057e-05
"n=1000, N=n^2",flow-NPE,k,1.14414343476914,3.234342759815475e-05
"n=1000, N=n^2",flow-NPE,k,1.1532371446350937,1.1296397443308624e-05
"n=1000, N=n^2",flow-NPE,k,1.1623308545010476,3.4777517157999034e-06
"n=1000, N=n^2",flow-NPE,k,1.1714245643670012,9.437606630878968e-07
"n=1000, N=n^2",flow-NPE,k,1.180518274232955,2.257510909934415e-07
"n=1000, N=n^2",flow-NPE,k,1.1896119840989088,4.7599515518634426e-08
"n=1000, N=n^2",flow-NPE,k,1.1987056939648624,8.846671380248359e-09
"n=1000, N=n^2",flow-NPE,k,1.2077994038308162,1.4493121943259212e-09
"n=1000, N=n^2",flow-NPE,k,1.21689311369677,2.092901001056576e-10
"n=1000, N=n^2",flow-NPE,k,1.2259868235627238,2.6640361478677268e-11
"n=1000, N=n^2",flow-NPE,k,1.2350805334286774,2.9890710143959538e-12
"n=1000, N=n^2",flow-NPE,k,1.2441742432946312,2.956227481249156e-13
"n=1000, N=n^2",flow-NPE,k,1.253267953160585,2.578210411862137e-14
"n=1000, N=n^2",flow-NPE,k,1.2623616630265388,2.1531737531466e-15
"n=1000, N=n^2",flow-NPE,k,1.2714553728924924,2.655424947289839e-15
"n=1000, N=n^2",flow-NPE,k,1.2805490827584463,3.2439534876304136e-14
"n=1000, N=n^2",flow-NPE,k,1.2896427926244,3.6772106467042593e-13
"n=1000, N=n^2",flow-NPE,k,1.2987365024903539,3.675135302186793e-12
"n=1000, N=n^2",flow-NPE,k,1.3078302123563075,3.2376756397807193e-11
"n=1000, N=n^2",flow-NPE,k,1.3169239222222613,2.514189644989725e-10
"n=1000, N=n^2",flow-NPE,k,1.326017632088215,1.7209466900969061e-09
"n=1000, N=n^2",flow-NPE,k,1.335111341954169,1.0383445545345747e-08
"n=1000, N=n^2",flow-NPE,k,1.3442050518201225,5.522303231409654e-08
"n=1000, N=n^2",flow-NPE,k,1.3532987616860763,2.5888309917613946e-07
"n=1000, N=n^2",flow-NPE,k,1.3623924715520301,1.0697735015959078e-06
"n=1000, N=n^2",flow-NPE,k,1.3714861814179837,3.896589550794704e-06
"n=1000, N=n^2",flow-NPE,k,1.3805798912839375,1.2510716281622775e-05
"n=1000, N=n^2",flow-NPE,k,1.3896736011498914,3.5406612440215234e-05
"n=1000, N=n^2",flow-NPE,k,1.3987673110158452,8.832655001536825e-05
"n=1000, N=n^2",flow-NPE,k,1.4078610208817988,0.00019422397849983472
"n=1000, N=n^2",flow-NPE,k,1.4169547307477526,0.0003764602382985026
"n=1000, N=n^2",flow-NPE,k,1.4260484406137064,0.0006431911615503687
"n=1000, N=n^2",flow-NPE,k,1.4351421504796602,0.000968647387013557
"n=1000, N=n^2",flow-NPE,k,1.4442358603456138,0.0012858669763803753
"n=1000, N=n^2",flow-NPE,k,1.4533295702115676,0.0015046346636839489
"n=1000, N=n^2",flow-NPE,k,1.4624232800775214,0.0015519251494216756
"n=1000, N=n^2",flow-NPE,k,1.4715169899434752,0.0014109615128385117
"n=1000, N=n^2",flow-NPE,k,1.4806106998094288,0.0011307438968271141
"n=1000, N=n^2",flow-NPE,k,1.4897044096753826,0.0007987631580661037
"n=1000, N=n^2",flow-NPE,k,1.4987981195413365,0.0004973664502921603
"n=1000, N=n^2",flow-NPE,k,1.50789182940729,0.0002729855357189671
"n=1000, N=n^2",flow-NPE,k,1.5169855392732439,0.0001320710024427638
"n=1000, N=n^2",flow-NPE,k,1.5260792491391977,5.632225057430235e-05
"n=1000, N=n^2",flow-NPE,k,1.5351729590051515,2.117177231486037e-05
"n=1000, N=n^2",flow-NPE,k,1.544266668871105,7.015184824682089e-06
"n=1000, N=n^2",flow-NPE,k,1.553360378737059,2.0489233350131913e-06
"n=1000, N=n^2",flow-NPE,k,1.5624540886030127,5.274933487559433e-07
"n=1000, N=n^2",flow-NPE,k,1.5715477984689665,1.1970518316137095e-07
"n=1000, N=n^2",flow-NPE,k,1.5806415083349201,2.394493218257728e-08
"n=1000, N=n^2",flow-NPE,k,1.589735218200874,4.222007062990815e-09
"n=1000, N=n^2",flow-NPE,k,1.5988289280668277,6.561890636014866e-10
"n=1000, N=n^2",flow-NPE,k,1.6079226379327816,8.989669152002396e-11
"n=1000, N=n^2",flow-NPE,k,1.6170163477987352,1.0855832096414792e-11
"n=1000, N=n^2",flow-NPE,k,1.626110057664689,1.1555459369813425e-12
"n=1000, N=n^2",flow-NPE,k,1.6352037675306428,1.0842164704879758e-13
"n=1000, N=n^2",flow-NPE,k,1.6442974773965964,8.967047581619929e-15
"n=1000, N=n^2",flow-NPE,k,1.6533911872625502,6.537137748196624e-16
"n=1000, N=n^2",flow-NPE,k,1.662484897128504,4.200785311714399e-17
"n=1000, N=n^2",flow-NPE,k,1.6715786069944578,2.3794579012617934e-18
"n=1000, N=n^2",flow-NPE,k,1.6806723168604114,1.1880377821593882e-19
"n=1000, N=n^2",flow-NPE,k,1.6897660267263652,5.22862105710846e-21
"n=1000, N=n^2",Gaussian-NPE,k,-0.11988223659843207,3.686496221086971e-05
"n=1000, N=n^2",Gaussian-NPE,k,-0.11078852673247831,7.372028344976113e-05
"n=1000, N=n^2",Gaussian-NPE,k,-0.10169481686652457,0.0001431046621510057
"n=1000, N=n^2",Gaussian-NPE,k,-0.09260110700057081,0.00026974173833017775
"n=1000, N=n^2",Gaussian-NPE,k,-0.08350739713461705,0.0004938753786308786
"n=1000, N=n^2",Gaussian-NPE,k,-0.07441368726866329,0.0008786655053078364
"n=1000, N=n^2",Gaussian-NPE,k,-0.06531997740270953,0.0015196563180498058
"n=1000, N=n^2",Gaussian-NPE,k,-0.05622626753675579,0.0025561101848550357
"n=1000, N=n^2",Gaussian-NPE,k,-0.04713255767080203,0.004183528234818932
"n=1000, N=n^2",Gaussian-NPE,k,-0.03803884780484827,0.006666111218202206
"n=1000, N=n^2",Gaussian-NPE,k,-0.028945137938894513,0.01034735372381841
"n=1000, N=n^2",Gaussian-NPE,k,-0.01985142807294077,0.015656557041091642
"n=1000, N=n^2",Gaussian-NPE,k,-0.01075771820698701,0.023108947950588498
"n=1000, N=n^2",Gaussian-NPE,k,-0.0016640083410332518,0.033297421925790896
"n=1000, N=n^2",Gaussian-NPE,k,0.007429701524920493,0.046874719996828525
"n=1000, N=n^2",Gaussian-NPE,k,0.01652341139087425,0.06452600848574445
"n=1000, N=n^2",Gaussian-NPE,k,0.02561712125682801,0.08693315616078842
"n=1000, N=n^2",Gaussian-NPE,k,0.03471083112278177,0.1147332290416745
"n=1000, N=n^2",Gaussian-NPE,k,0.04380454098873553,0.14847460516361166
"n=1000, N=n^2",Gaussian-NPE,k,0.052898250854689285,0.18857450673083054
"n=1000, N=n^2",Gaussian-NPE,k,0.061991960720643044,0.23528165230833317
"n=1000, N=n^2",Gaussian-NPE,k,0.07108567058659677,0.288647263001725
"n=1000, N=n^2",Gaussian-NPE,k,0.08017938045255053,0.34850697485560095
"n=1000, N=n^2",Gaussian-NPE,k,0.08927309031850429,0.4144754324523618
"n=1000, N=n^2",Gaussian-NPE,k,0.09836680018445805,0.4859544871058492
"n=1000, N=n^2",Gaussian-NPE,k,0.10746051005041181,0.5621549379457914
"n=1000, N=n^2",Gaussian-NPE,k,0.11655421991636557,0.642130576394341
"n=1000, N=n^2",Gaussian-NPE,k,0.1256479297823193,0.7248219657766792
"n=1000, N=n^2",Gaussian-NPE,k,0.13474163964827307,0.8091061104138626
"n=1000, N=n^2",Gaussian-NPE,k,0.14383534951422683,0.893847277683418
"n=1000, N=n^2",Gaussian-NPE,k,0.1529290593801806,0.9779440818099282
"n=1000, N=n^2",Gaussian-NPE,k,0.16202276924613435,1.0603687201263265
"n=1000, N=n^2",Gaussian-NPE,k,0.1711164791120881,1.140195889149088
"n=1000, N=n^2",Gaussian-NPE,k,0.18021018897804186,1.2166210007749518
"n=1000, N=n^2",Gaussian-NPE,k,0.18930389884399562,1.2889692528264103
"n=1000, N=n^2",Gaussian-NPE,k,0.19839760870994938,1.3566982600072375
"n=1000, N=n^2",Gaussian-NPE,k,0.20749131857590314,1.4193969382679057
"n=1000, N=n^2",Gaussian-NPE,k,0.2165850284418569,1.476782203068968
"n=1000, N=n^2",Gaussian-NPE,k,0.22567873830781066,1.5286933032921204
"n=1000, N=n^2",Gaussian-NPE,k,0.23477244817376441,1.575082097268365
"n=1000, N=n^2",Gaussian-NPE,k,0.24386615803971817,1.6159971195761547
"n=1000, N=n^2",Gaussian-NPE,k,0.2529598679056719,1.6515603572422426
"n=1000, N=n^2",Gaussian-NPE,k,0.26205357777162563,1.6819380855261612
"n=1000, N=n^2",Gaussian-NPE,k,0.2711472876375794,1.7073100654416442
"n=1000, N=n^2",Gaussian-NPE,k,0.28024099750353315,1.7278436185325605
"n=1000, N=n^2",Gaussian-NPE,k,0.2893347073694869,1.7436793812651472
"n=1000, N=n^2",Gaussian-NPE,k,0.29842841723544067,1.754933323244643
"n=1000, N=n^2",Gaussian-NPE,k,0.3075221271013944,1.7617152720801335
"n=1000, N=n^2",Gaussian-NPE,k,0.3166158369673482,1.764159042105233
"n=1000, N=n^2",Gaussian-NPE,k,0.32570954683330194,1.7624551350421749
"n=1000, N=n^2",Gaussian-NPE,k,0.3348032566992557,1.7568754900764572
"n=1000, N=n^2",Gaussian-NPE,k,0.34389696656520946,1.7477816516605396
"n=1000, N=n^2",Gaussian-NPE,k,0.3529906764311632,1.7356125005033727
"n=1000, N=n^2",Gaussian-NPE,k,0.362084386297117,1.7208537616992179
"n=1000, N=n^2",Gaussian-NPE,k,0.37117809616307074,1.703996766578275
"n=1000, N=n^2",Gaussian-NPE,k,0.3802718060290245,1.6854966140037169
"n=1000, N=n^2",Gaussian-NPE,k,0.3893655158949782,1.6657391580823504
"n=1000, N=n^2",Gaussian-NPE,k,0.398459225760932,1.6450226120909919
"n=1000, N=n^2",Gaussian-NPE,k,0.4075529356268857,1.6235544956414143
"n=1000, N=n^2",Gaussian-NPE,k,0.41664664549283953,1.6014600532720036
"n=1000, N=n^2",Gaussian-NPE,k,0.42574035535879323,1.578795692368729
"n=1000, N=n^2",Gaussian-NPE,k,0.43483406522474705,1.555561109923228
"n=1000, N=n^2",Gaussian-NPE,k,0.44392777509070075,1.5317062600618632
"n=1000, N=n^2",Gaussian-NPE,k,0.45302148495665456,1.5071330303963275
"n=1000, N=n^2",Gaussian-NPE,k,0.46211519482260827,1.4816950135149431
"n=1000, N=n^2",Gaussian-NPE,k,0.47120890468856197,1.4552008536106833
"n=1000, N=n^2",Gaussian-NPE,k,0.4803026145545158,1.4274266505537332
"n=1000, N=n^2",Gaussian-NPE,k,0.4893963244204695,1.3981408266659963
"n=1000, N=n^2",Gaussian-NPE,k,0.4984900342864233,1.3671413010695894
"n=1000, N=n^2",Gaussian-NPE,k,0.507583744152377,1.334300731441156
"n=1000, N=n^2",Gaussian-NPE,k,0.5166774540183308,1.2996120412136454
"n=1000, N=n^2",Gaussian-NPE,k,0.5257711638842845,1.2632244049027082
"n=1000, N=n^2",Gaussian-NPE,k,0.5348648737502383,1.2254599783083475
"n=1000, N=n^2",Gaussian-NPE,k,0.543958583616192,1.1868041743009645
"n=1000, N=n^2",Gaussian-NPE,k,0.5530522934821458,1.1478669261388996
"n=1000, N=n^2",Gaussian-NPE,k,0.5621460033480995,1.1093183376645628
"n=1000, N=n^2",Gaussian-NPE,k,0.5712397132140533,1.0718081272212476
"n=1000, N=n^2",Gaussian-NPE,k,0.580333423080007,1.0358828382194745
"n=1000, N=n^2",Gaussian-NPE,k,0.5894271329459608,1.0019165632947495
"n=1000, N=n^2",Gaussian-NPE,k,0.5985208428119145,0.9700691232247428
"n=1000, N=n^2",Gaussian-NPE,k,0.6076145526778683,0.9402803672237313
"n=1000, N=n^2",Gaussian-NPE,k,0.616708262543822,0.9123016256155522
"n=1000, N=n^2",Gaussian-NPE,k,0.6258019724097758,0.8857572266130903
"n=1000, N=n^2",Gaussian-NPE,k,0.6348956822757296,0.8602225151476514
"n=1000, N=n^2",Gaussian-NPE,k,0.6439893921416833,0.8353017154394551
"n=1000, N=n^2",Gaussian-NPE,k,0.6530831020076371,0.8106900447663238
"n=1000, N=n^2",Gaussian-NPE,k,0.6621768118735908,0.7862093021271734
"n=1000, N=n^2",Gaussian-NPE,k,0.6712705217395446,0.7618132593731445
"n=1000, N=n^2",Gaussian-NPE,k,0.6803642316054983,0.7375665399140597
"n=1000, N=n^2",Gaussian-NPE,k,0.6894579414714521,0.713606313688353
"n=1000, N=n^2",Gaussian-NPE,k,0.6985516513374058,0.6900987386611692
"n=1000, N=n^2",Gaussian-NPE,k,0.7076453612033596,0.6672012799220352
"n=1000, N=n^2",Gaussian-NPE,k,0.7167390710693133,0.6450384561066311
"n=1000, N=n^2",Gaussian-NPE,k,0.7258327809352672,0.6236935169037823
"n=1000, N=n^2",Gaussian-NPE,k,0.7349264908012209,0.6032136148386475
"n=1000, N=n^2",Gaussian-NPE,k,0.7440202006671747,0.583622557924478
"n=1000, N=n^2",Gaussian-NPE,k,0.7531139105331284,0.5649340148154676
"n=1000, N=n^2",Gaussian-NPE,k,0.7622076203990821,0.5471591719570715
"n=1000, N=n^2",Gaussian-NPE,k,0.7713013302650359,0.5303057315201761
"n=1000, N=n^2",Gaussian-NPE,k,0.7803950401309896,0.5143687684652604
"n=1000, N=n^2",Gaussian-NPE,k,0.7894887499969434,0.49931718906088196
"n=1000, N=n^2",Gaussian-NPE,k,0.7985824598628971,0.485081399859619
"n=1000, N=n^2",Gaussian-NPE,k,0.8076761697288509,0.4715477921791348
"n=1000, N=n^2",Gaussian-NPE,k,0.8167698795948046,0.45856381437243976
"n=1000, N=n^2",Gaussian-NPE,k,0.8258635894607584,0.44595430852943607
"n=1000, N=n^2",Gaussian-NPE,k,0.8349572993267121,0.4335463534469163
"n=1000, N=n^2",Gaussian-NPE,k,0.844051009192666,0.4211971032675893
"n=1000, N=n^2",Gaussian-NPE,k,0.8531447190586197,0.40881787087498017
"n=1000, N=n^2",Gaussian-NPE,k,0.8622384289245735,0.39638837163495816
"n=1000, N=n^2",Gaussian-NPE,k,0.8713321387905272,0.38395745056449837
"n=1000, N=n^2",Gaussian-NPE,k,0.880425848656481,0.3716300760706611
"n=1000, N=n^2",Gaussian-NPE,k,0.8895195585224348,0.35954388591857533
"n=1000, N=n^2",Gaussian-NPE,k,0.8986132683883884,0.34784109321501316
"n=1000, N=n^2",Gaussian-NPE,k,0.9077069782543422,0.33664238651668527
"n=1000, N=n^2",Gaussian-NPE,k,0.916800688120296,0.3260284049972573
"n=1000, N=n^2",Gaussian-NPE,k,0.9258943979862496,0.3160318362668913
"n=1000, N=n^2",Gaussian-NPE,k,0.9349881078522034,0.30664001418140396
"n=1000, N=n^2",Gaussian-NPE,k,0.9440818177181572,0.2978050930338625
"n=1000, N=n^2",Gaussian-NPE,k,0.9531755275841111,0.2894572847015135
"n=1000, N=n^2",Gaussian-NPE,k,0.9622692374500647,0.28151667766817423
"n=1000, N=n^2",Gaussian-NPE,k,0.9713629473160185,0.2739006706950204
"n=1000, N=n^2",Gaussian-NPE,k,0.9804566571819723,0.26652641806240596
"n=1000, N=n^2",Gaussian-NPE,k,0.9895503670479261,0.25930999897544565
"n=1000, N=n^2",Gaussian-NPE,k,0.9986440769138797,0.2521654379017048
"n=1000, N=n^2",Gaussian-NPE,k,1.0077377867798336,0.2450067083405099
"n=1000, N=n^2",Gaussian-NPE,k,1.0168314966457874,0.2377544714518989
"n=1000, N=n^2",Gaussian-NPE,k,1.0259252065117412,0.23034707791278516
"n=1000, N=n^2",Gaussian-NPE,k,1.0350189163776948,0.2227531651193615
"n=1000, N=n^2",Gaussian-NPE,k,1.0441126262436486,0.21498188011313013
"n=1000, N=n^2",Gaussian-NPE,k,1.0532063361096025,0.20708688823433427
"n=1000, N=n^2",Gaussian-NPE,k,1.062300045975556,0.19916188889875544
"n=1000, N=n^2",Gaussian-NPE,k,1.0713937558415099,0.19132781798780418
"n=1000, N=n^2",Gaussian-NPE,k,1.0804874657074637,0.1837144078671025
"n=1000, N=n^2",Gaussian-NPE,k,1.0895811755734175,0.17644043844527593
"n=1000, N=n^2",Gaussian-NPE,k,1.098674885439371,0.1695973019647324
"n=1000, N=n^2",Gaussian-NPE,k,1.107768595305325,0.16323937807959113
"n=1000, N=n^2",Gaussian-NPE,k,1.1168623051712787,0.15738261890878483
"n=1000, N=n^2",Gaussian-NPE,k,1.1259560150372325,0.1520104154796432
"n=1000, N=n^2",Gaussian-NPE,k,1.1350497249031861,0.14708400964564922
"n=1000, N=n^2",Gaussian-NPE,k,1.14414343476914,0.14255393728765758
"n=1000, N=n^2",Gaussian-NPE,k,1.1532371446350937,0.1383693605248326
"n=1000, N=n^2",Gaussian-NPE,k,1.1623308545010476,0.13448340925287458
"n=1000, N=n^2",Gaussian-NPE,k,1.1714245643670012,0.13085429612324098
"n=1000, N=n^2",Gaussian-NPE,k,1.180518274232955,0.12744342663427044
"n=1000, N=n^2",Gaussian-NPE,k,1.1896119840989088,0.12421255468084341
"n=1000, N=n^2",Gaussian-NPE,k,1.1987056939648624,0.12112203668318068
"n=1000, N=n^2",Gaussian-NPE,k,1.2077994038308162,0.11813149752806319
"n=1000, N=n^2",Gaussian-NPE,k,1.21689311369677,0.1152030532078279
"n=1000, N=n^2",Gaussian-NPE,k,1.2259868235627238,0.11230607132119953
"n=1000, N=n^2",Gaussian-NPE,k,1.2350805334286774,0.10942170185538821
"n=1000, N=n^2",Gaussian-NPE,k,1.2441742432946312,0.10654533325454946
"n=1000, N=n^2",Gaussian-NPE,k,1.253267953160585,0.10368574360599954
"n=1000, N=n^2",Gaussian-NPE,k,1.2623616630265388,0.10086080548293933
"n=1000, N=n^2",Gaussian-NPE,k,1.2714553728924924,0.09809078570952438
"n=1000, N=n^2",Gaussian-NPE,k,1.2805490827584463,0.09539115037629764
"n=1000, N=n^2",Gaussian-NPE,k,1.2896427926244,0.09276704647209402
"n=1000, N=n^2",Gaussian-NPE,k,1.2987365024903539,0.09021119993277521
"n=1000, N=n^2",Gaussian-NPE,k,1.3078302123563075,0.08770598924062717
"n=1000, N=n^2",Gaussian-NPE,k,1.3169239222222613,0.08522923479176037
"n=1000, N=n^2",Gaussian-NPE,k,1.326017632088215,0.08276215505135184
"n=1000, N=n^2",Gaussian-NPE,k,1.335111341954169,0.08029729027666686
"n=1000, N=n^2",Gaussian-NPE,k,1.3442050518201225,0.07784415040009363
"n=1000, N=n^2",Gaussian-NPE,k,1.3532987616860763,0.07543089847903853
"n=1000, N=n^2",Gaussian-NPE,k,1.3623924715520301,0.07310137175353379
"n=1000, N=n^2",Gaussian-NPE,k,1.3714861814179837,0.0709079033481335
"n=1000, N=n^2",Gaussian-NPE,k,1.3805798912839375,0.0689014431866852
"n=1000, N=n^2",Gaussian-NPE,k,1.3896736011498914,0.06712113402071296
"n=1000, N=n^2",Gaussian-NPE,k,1.3987673110158452,0.06558562818949328
"n=1000, N=n^2",Gaussian-NPE,k,1.4078610208817988,0.06428802041557846
"n=1000, N=n^2",Gaussian-NPE,k,1.4169547307477526,0.06319544393562415
"n=1000, N=n^2",Gaussian-NPE,k,1.4260484406137064,0.06225335000474434
"n=1000, N=n^2",Gaussian-NPE,k,1.4351421504796602,0.061393515195994966
"n=1000, N=n^2",Gaussian-NPE,k,1.4442358603456138,0.060544112633733604
"n=1000, N=n^2",Gaussian-NPE,k,1.4533295702115676,0.059639872965140076
"n=1000, N=n^2",Gaussian-NPE,k,1.4624232800775214,0.05863047519955643
"n=1000, N=n^2",Gaussian-NPE,k,1.4715169899434752,0.057485781017734744
"n=1000, N=n^2",Gaussian-NPE,k,1.4806106998094288,0.05619723154871196
"n=1000, N=n^2",Gaussian-NPE,k,1.4897044096753826,0.05477550858886931
"n=1000, N=n^2",Gaussian-NPE,k,1.4987981195413365,0.05324527018678279
"n=1000, N=n^2",Gaussian-NPE,k,1.50789182940729,0.051638273831366883
"n=1000, N=n^2",Gaussian-NPE,k,1.5169855392732439,0.04998640948289027
"n=1000, N=n^2",Gaussian-NPE,k,1.5260792491391977,0.048316044807656396
"n=1000, N=n^2",Gaussian-NPE,k,1.5351729590051515,0.046644668072296024
"n=1000, N=n^2",Gaussian-NPE,k,1.544266668871105,0.044980199530764674
"n=1000, N=n^2",Gaussian-NPE,k,1.553360378737059,0.04332268078319631
"n=1000, N=n^2",Gaussian-NPE,k,1.5624540886030127,0.041667512117872875
"n=1000, N=n^2",Gaussian-NPE,k,1.5715477984689665,0.040009130678091157
"n=1000, N=n^2",Gaussian-NPE,k,1.5806415083349201,0.03834407553309673
"n=1000, N=n^2",Gaussian-NPE,k,1.589735218200874,0.03667273893476309
"n=1000, N=n^2",Gaussian-NPE,k,1.5988289280668277,0.034999631264958836
"n=1000, N=n^2",Gaussian-NPE,k,1.6079226379327816,0.033332508269871865
"n=1000, N=n^2",Gaussian-NPE,k,1.6170163477987352,0.0316810447670506
"n=1000, N=n^2",Gaussian-NPE,k,1.626110057664689,0.030055778742924918
"n=1000, N=n^2",Gaussian-NPE,k,1.6352037675306428,0.02846779404568242
"n=1000, N=n^2",Gaussian-NPE,k,1.6442974773965964,0.026929172129763052
"n=1000, N=n^2",Gaussian-NPE,k,1.6533911872625502,0.025453807505415166
"n=1000, N=n^2",Gaussian-NPE,k,1.662484897128504,0.02405792980990841
"n=1000, N=n^2",Gaussian-NPE,k,1.6715786069944578,0.022759714436686763
"n=1000, N=n^2",Gaussian-NPE,k,1.6806723168604114,0.021577681132960307
"n=1000, N=n^2",Gaussian-NPE,k,1.6897660267263652,0.02052805022472438
"n=5000, N=n^(3/2)",Reference (flow convention),A,2.9325300444207505,2.8110539622927953e-06
"n=5000, N=n^(3/2)",Reference (flow convention),A,2.9331658872918234,7.186599648359476e-06
"n=5000, N=n^(3/2)",Reference (flow convention),A,2.9338017301628967,1.7398301328758273e-05
"n=5000, N=n^(3/2)",Reference (flow convention),A,2.9344375730339696,3.988595100675648e-05
"n=5000, N=n^(3/2)",Reference (flow convention),A,2.9350734159050424,8.658920835556699e-05
"n=5000, N=n^(3/2)",Reference (flow convention),A,2.9357092587761158,0.00017800821871251688
"n=5000, N=n^(3/2)",Reference (flow convention),A,2.9363451016471886,0.0003465387913571589
"n=5000, N=n^(3/2)",Reference (flow convention),A,2.9369809445182615,0.0006388582076002129
"n=5000, N=n^(3/2)",Reference (flow convention),A,2.937616787389335,0.0011153396581244895
"n=5000, N=n^(3/2)",Reference (flow convention),A,2.9382526302604077,0.0018440635862036773
"n=5000, N=n^(3/2)",Reference (flow convention),A,2.9388884731314806,0.0028876104148685133
"n=5000, N=n^(3/2)",Reference (flow convention),A,2.939524316002554,0.0042829568929066255
"n=5000, N=n^(3/2)",Reference (flow convention),A,2.940160158873627,0.006018320091489646
"n=5000, N=n^(3/2)",Reference (flow convention),A,2.9407960017446997,0.008014548477773878
"n=5000, N=n^(3/2)",Reference (flow convention),A,2.941431844615773,0.01012061537137753
"n=5000, N=n^(3/2)",Reference (flow convention),A,2.942067687486846,0.012130877441745128
"n=5000, N=n^(3/2)",Reference (flow convention),A,2.9427035303579188,0.013825297968377701
"n=5000, N=n^(3/2)",Reference (flow convention),A,2.943339373228992,0.015024443653333696
"n=5000, N=n^(3/2)",Reference (flow convention),A,2.943975216100065,0.015642601518869727
"n=5000, N=n^(3/2)",Reference (flow convention),A,2.944611058971138,0.015719273554599258
"n=5000, N=n^(3/2)",Reference (flow convention),A,2.945246901842211,0.015414231390461263
"n=5000, N=n^(3/2)",Reference (flow convention),A,2.945882744713284,0.014963325638144759
"n=5000, N=n^(3/2)",Reference (flow convention),A,2.946518587584357,0.014606890158964781
"n=5000, N=n^(3/2)",Reference (flow convention),A,2.9471544304554302,0.014513812068084888
"n=5000, N=n^(3/2)",Reference (flow convention),A,2.947790273326503,0.014727302955828324
"n=5000, N=n^(3/2)",Reference (flow convention),A,2.948426116197576,0.015151642484456919
"n=5000, N=n^(3/2)",Reference (flow convention),A,2.9490619590686493,0.015585207095160798
"n=5000, N=n^(3/2)",Reference (flow convention),A,2.949697801939722,0.01578940030398969
"n=5000, N=n^(3/2)",Reference (flow convention),A,2.950333644810795,0.01557183902593353
"n=5000, N=n^(3/2)",Reference (flow convention),A,2.9509694876818684,0.014859710183152894
"n=5000, N=n^(3/2)",Reference (flow convention),A,2.9516053305529413,0.013746294795690622
"n=5000, N=n^(3/2)",Reference (flow convention),A,2.952241173424014,0.01250679159918836
"n=5000, N=n^(3/2)",Reference (flow convention),A,2.9528770162950875,0.011592478706793582
"n=5000, N=n^(3/2)",Reference (flow convention),A,2.9535128591661604,0.011618688026794135
"n=5000, N=n^(3/2)",Reference (flow convention),A,2.9541487020372332,0.013358911644469491
"n=5000, N=n^(3/2)",Reference (flow convention),A,2.9547845449083066,0.01774634062414795
"n=5000, N=n^(3/2)",Reference (flow convention),A,2.9554203877793794,0.025871192581464964
"n=5000, N=n^(3/2)",Reference (flow convention),A,2.9560562306504523,0.03895463561982698
"n=5000, N=n^(3/2)",Reference (flow convention),A,2.9566920735215256,0.058282969110276195
"n=5000, N=n^(3/2)",Reference (flow convention),A,2.9573279163925985,0.08509889699127074
"n=5000, N=n^(3/2)",Reference (flow convention),A,2.9579637592636714,0.12046467335992238
"n=5000, N=n^(3/2)",Reference (flow convention),A,2.9585996021347447,0.16512602431856072
"n=5000, N=n^(3/2)",Reference (flow convention),A,2.9592354450058176,0.21940877189650293
"n=5000, N=n^(3/2)",Reference (flow convention),A,2.9598712878768905,0.28317015019705477
"n=5000, N=n^(3/2)",Reference (flow convention),A,2.960507130747964,0.35580895616634634
"n=5000, N=n^(3/2)",Reference (flow convention),A,2.9611429736190367,0.43632238830687886
"n=5000, N=n^(3/2)",Reference (flow convention),A,2.9617788164901095,0.5233911326900919
"n=5000, N=n^(3/2)",Reference (flow convention),A,2.962414659361183,0.6154800131969499
"n=5000, N=n^(3/2)",Reference (flow convention),A,2.9630505022322557,0.7109533274964338
"n=5000, N=n^(3/2)",Reference (flow convention),A,2.963686345103329,0.8082113990371923
"n=5000, N=n^(3/2)",Reference (flow convention),A,2.964322187974402,0.9058501621218445
"n=5000, N=n^(3/2)",Reference (flow convention),A,2.964958030845475,1.0028298503669295
"n=5000, N=n^(3/2)",Reference (flow convention),A,2.965593873716548,1.0986223564520319
"n=5000, N=n^(3/2)",Reference (flow convention),A,2.966229716587621,1.193302438815317
"n=5000, N=n^(3/2)",Reference (flow convention),A,2.966865559458694,1.2875615042916535
"n=5000, N=n^(3/2)",Reference (flow convention),A,2.9675014023297672,1.382647598707738
"n=5000, N=n^(3/2)",Reference (flow convention),A,2.96813724520084,1.4802564396403997
"n=5000, N=n^(3/2)",Reference (flow convention),A,2.968773088071913,1.5824037081266187
"n=5000, N=n^(3/2)",Reference (flow convention),A,2.9694089309429863,1.69129903663559
"n=5000, N=n^(3/2)",Reference (flow convention),A,2.970044773814059,1.8092298299871572
"n=5000, N=n^(3/2)",Reference (flow convention),A,2.970680616685132,1.9384608437471185
"n=5000, N=n^(3/2)",Reference (flow convention),A,2.9713164595562054,2.081162846803359
"n=5000, N=n^(3/2)",Reference (flow convention),A,2.9719523024272783,2.2393860531405294
"n=5000, N=n^(3/2)",Reference (flow convention),A,2.972588145298351,2.4150767179398835
"n=5000, N=n^(3/2)",Reference (flow convention),A,2.9732239881694245,2.6101018653353254
"n=5000, N=n^(3/2)",Reference (flow convention),A,2.9738598310404973,2.8262231250296215
"n=5000, N=n^(3/2)",Reference (flow convention),A,2.97449567391157,3.064975669243798
"n=5000, N=n^(3/2)",Reference (flow convention),A,2.9751315167826435,3.327467640246051
"n=5000, N=n^(3/2)",Reference (flow convention),A,2.9757673596537164,3.614186605748298
"n=5000, N=n^(3/2)",Reference (flow convention),A,2.9764032025247893,3.92492893173439
"n=5000, N=n^(3/2)",Reference (flow convention),A,2.9770390453958626,4.258921065912508
"n=5000, N=n^(3/2)",Reference (flow convention),A,2.9776748882669355,4.615096027164884
"n=5000, N=n^(3/2)",Reference (flow convention),A,2.9783107311380084,4.992389497095602
"n=5000, N=n^(3/2)",Reference (flow convention),A,2.9789465740090817,5.389898312151356
"n=5000, N=n^(3/2)",Reference (flow convention),A,2.9795824168801546,5.806822504731207
"n=5000, N=n^(3/2)",Reference (flow convention),A,2.9802182597512274,6.242244477437658
"n=5000, N=n^(3/2)",Reference (flow convention),A,2.9808541026223008,6.6949015581840525
"n=5000, N=n^(3/2)",Reference (flow convention),A,2.9814899454933737,7.163118952092499
"n=5000, N=n^(3/2)",Reference (flow convention),A,2.9821257883644465,7.644990368841033
"n=5000, N=n^(3/2)",Reference (flow convention),A,2.98276163123552,8.138779144379246
"n=5000, N=n^(3/2)",Reference (flow convention),A,2.9833974741065927,8.643424325074978
"n=5000, N=n^(3/2)",Reference (flow convention),A,2.9840333169776656,9.158995778532008
"n=5000, N=n^(3/2)",Reference (flow convention),A,2.984669159848739,9.686932896187109
"n=5000, N=n^(3/2)",Reference (flow convention),A,2.985305002719812,10.22990648774923
"n=5000, N=n^(3/2)",Reference (flow convention),A,2.9859408455908847,10.791181779348154
"n=5000, N=n^(3/2)",Reference (flow convention),A,2.986576688461958,11.373473956889065
"n=5000, N=n^(3/2)",Reference (flow convention),A,2.987212531333031,11.977487787861884
"n=5000, N=n^(3/2)",Reference (flow convention),A,2.9878483742041038,12.600554728878972
"n=5000, N=n^(3/2)",Reference (flow convention),A,2.988484217075177,13.235897498170278
"n=5000, N=n^(3/2)",Reference (flow convention),A,2.98912005994625,13.872950513137036
"n=5000, N=n^(3/2)",Reference (flow convention),A,2.989755902817323,14.49883363642357
"n=5000, N=n^(3/2)",Reference (flow convention),A,2.990391745688396,15.100638243616045
"n=5000, N=n^(3/2)",Reference (flow convention),A,2.991027588559469,15.66784034222358
"n=5000, N=n^(3/2)",Reference (flow convention),A,2.991663431430542,16.194078402266403
"n=5000, N=n^(3/2)",Reference (flow convention),A,2.9922992743016152,16.677771303417025
"n=5000, N=n^(3/2)",Reference (flow convention),A,2.992935117172688,17.121498255788474
"n=5000, N=n^(3/2)",Reference (flow convention),A,2.993570960043761,17.530512918298555
"n=5000, N=n^(3/2)",Reference (flow convention),A,2.9942068029148343,17.911020347926854
"n=5000, N=n^(3/2)",Reference (flow convention),A,2.994842645785907,18.268814708924186
"n=5000, N=n^(3/2)",Reference (flow convention),A,2.99547848865698,18.608607829760736
"n=5000, N=n^(3/2)",Reference (flow convention),A,2.9961143315280534,18.93402840156759
"n=5000, N=n^(3/2)",Reference (flow convention),A,2.9967501743991263,19.248008646659404
"n=5000, N=n^(3/2)",Reference (flow convention),A,2.997386017270199,19.553197384410463
"n=5000, N=n^(3/2)",Reference (flow convention),A,2.9980218601412725,19.85213552916648
"n=5000, N=n^(3/2)",Reference (flow convention),A,2.9986577030123454,20.14711354470952
"n=5000, N=n^(3/2)",Reference (flow convention),A,2.9992935458834182,20.43979854945364
"n=5000, N=n^(3/2)",Reference (flow convention),A,2.9999293887544916,20.73081089325629
"n=5000, N=n^(3/2)",Reference (flow convention),A,3.0005652316255644,21.019438293037382
"n=5000, N=n^(3/2)",Reference (flow convention),A,3.0012010744966373,21.30362133212629
"n=5000, N=n^(3/2)",Reference (flow convention),A,3.0018369173677106,21.580250121008184
"n=5000, N=n^(3/2)",Reference (flow convention),A,3.0024727602387835,21.845696761908616
"n=5000, N=n^(3/2)",Reference (flow convention),A,3.0031086031098564,22.09639966969812
"n=5000, N=n^(3/2)",Reference (flow convention),A,3.0037444459809297,22.32925858435241
"n=5000, N=n^(3/2)",Reference (flow convention),A,3.0043802888520026,22.541638463031788
"n=5000, N=n^(3/2)",Reference (flow convention),A,3.0050161317230755,22.73092747560405
"n=5000, N=n^(3/2)",Reference (flow convention),A,3.005651974594149,22.89380201818166
"n=5000, N=n^(3/2)",Reference (flow convention),A,3.0062878174652217,23.025526021473425
"n=5000, N=n^(3/2)",Reference (flow convention),A,3.0069236603362945,23.11965818902775
"n=5000, N=n^(3/2)",Reference (flow convention),A,3.007559503207368,23.168418848337065
"n=5000, N=n^(3/2)",Reference (flow convention),A,3.0081953460784407,23.163721279345438
"n=5000, N=n^(3/2)",Reference (flow convention),A,3.0088311889495136,23.098611222773048
"n=5000, N=n^(3/2)",Reference (flow convention),A,3.009467031820587,22.968704063137384
"n=5000, N=n^(3/2)",Reference (flow convention),A,3.01010287469166,22.77322858192158
"n=5000, N=n^(3/2)",Reference (flow convention),A,3.0107387175627327,22.515454843200295
"n=5000, N=n^(3/2)",Reference (flow convention),A,3.011374560433806,22.202502328805068
"n=5000, N=n^(3/2)",Reference (flow convention),A,3.012010403304879,21.844678780063465
"n=5000, N=n^(3/2)",Reference (flow convention),A,3.012646246175952,21.45452941113022
"n=5000, N=n^(3/2)",Reference (flow convention),A,3.013282089047025,21.04570509554263
"n=5000, N=n^(3/2)",Reference (flow convention),A,3.013917931918098,20.631674368069532
"n=5000, N=n^(3/2)",Reference (flow convention),A,3.014553774789171,20.224295444480315
"n=5000, N=n^(3/2)",Reference (flow convention),A,3.015189617660244,19.83235862264524
"n=5000, N=n^(3/2)",Reference (flow convention),A,3.015825460531317,19.46035425975242
"n=5000, N=n^(3/2)",Reference (flow convention),A,3.01646130340239,19.107817014004194
"n=5000, N=n^(3/2)",Reference (flow convention),A,3.0170971462734633,18.769556876792706
"n=5000, N=n^(3/2)",Reference (flow convention),A,3.017732989144536,18.43689164860721
"n=5000, N=n^(3/2)",Reference (flow convention),A,3.018368832015609,18.09970373025418
"n=5000, N=n^(3/2)",Reference (flow convention),A,3.0190046748866823,17.748866626501563
"n=5000, N=n^(3/2)",Reference (flow convention),A,3.019640517757755,17.378432180480626
"n=5000, N=n^(3/2)",Reference (flow convention),A,3.020276360628828,16.98700011508434
"n=5000, N=n^(3/2)",Reference (flow convention),A,3.0209122034999014,16.577901464810378
"n=5000, N=n^(3/2)",Reference (flow convention),A,3.0215480463709743,16.158151119341547
"n=5000, N=n^(3/2)",Reference (flow convention),A,3.022183889242047,15.736461538682331
"n=5000, N=n^(3/2)",Reference (flow convention),A,3.0228197321131205,15.320858307234818
"n=5000, N=n^(3/2)",Reference (flow convention),A,3.0234555749841934,14.916528099892522
"n=5000, N=n^(3/2)",Reference (flow convention),A,3.0240914178552663,14.524442535566482
"n=5000, N=n^(3/2)",Reference (flow convention),A,3.0247272607263396,14.14107395541154
"n=5000, N=n^(3/2)",Reference (flow convention),A,3.0253631035974125,13.75922598635925
"n=5000, N=n^(3/2)",Reference (flow convention),A,3.0259989464684853,13.369726683115182
"n=5000, N=n^(3/2)",Reference (flow convention),A,3.0266347893395587,12.963541741892145
"n=5000, N=n^(3/2)",Reference (flow convention),A,3.0272706322106315,12.533795553284435
"n=5000, N=n^(3/2)",Reference (flow convention),A,3.0279064750817044,12.077243287371248
"n=5000, N=n^(3/2)",Reference (flow convention),A,3.0285423179527777,11.594896695626952
"n=5000, N=n^(3/2)",Reference (flow convention),A,3.0291781608238506,11.091728108497367
"n=5000, N=n^(3/2)",Reference (flow convention),A,3.0298140036949235,10.575604007508929
"n=5000, N=n^(3/2)",Reference (flow convention),A,3.030449846565997,10.05577031287859
"n=5000, N=n^(3/2)",Reference (flow convention),A,3.0310856894370697,9.541280321423582
"n=5000, N=n^(3/2)",Reference (flow convention),A,3.031721532308143,9.039712022972811
"n=5000, N=n^(3/2)",Reference (flow convention),A,3.032357375179216,8.5563936442499
"n=5000, N=n^(3/2)",Reference (flow convention),A,3.0329932180502888,8.094199146410954
"n=5000, N=n^(3/2)",Reference (flow convention),A,3.033629060921362,7.65384071337419
"n=5000, N=n^(3/2)",Reference (flow convention),A,3.034264903792435,7.234500055252334
"n=5000, N=n^(3/2)",Reference (flow convention),A,3.034900746663508,6.8346048736444
"n=5000, N=n^(3/2)",Reference (flow convention),A,3.035536589534581,6.452559464809274
"n=5000, N=n^(3/2)",Reference (flow convention),A,3.036172432405654,6.087271505485215
"n=5000, N=n^(3/2)",Reference (flow convention),A,3.036808275276727,5.738379270332203
"n=5000, N=n^(3/2)",Reference (flow convention),A,3.0374441181478002,5.406169127866601
"n=5000, N=n^(3/2)",Reference (flow convention),A,3.038079961018873,5.0912616692697
"n=5000, N=n^(3/2)",Reference (flow convention),A,3.038715803889946,4.794204664890287
"n=5000, N=n^(3/2)",Reference (flow convention),A,3.0393516467610193,4.515117315238568
"n=5000, N=n^(3/2)",Reference (flow convention),A,3.039987489632092,4.253482969417348
"n=5000, N=n^(3/2)",Reference (flow convention),A,3.040623332503165,4.0081146224946975
"n=5000, N=n^(3/2)",Reference (flow convention),A,3.0412591753742384,3.7772587879447186
"n=5000, N=n^(3/2)",Reference (flow convention),A,3.0418950182453113,3.55878521946111
"n=5000, N=n^(3/2)",Reference (flow convention),A,3.042530861116384,3.3504292568798957
"n=5000, N=n^(3/2)",Reference (flow convention),A,3.0431667039874575,3.150081128366278
"n=5000, N=n^(3/2)",Reference (flow convention),A,3.0438025468585304,2.956118562860368
"n=5000, N=n^(3/2)",Reference (flow convention),A,3.0444383897296032,2.7677422733054478
"n=5000, N=n^(3/2)",Reference (flow convention),A,3.0450742326006766,2.5852177803625485
"n=5000, N=n^(3/2)",Reference (flow convention),A,3.0457100754717494,2.4098944985232116
"n=5000, N=n^(3/2)",Reference (flow convention),A,3.0463459183428223,2.243903513366549
"n=5000, N=n^(3/2)",Reference (flow convention),A,3.0469817612138956,2.0895372356572497
"n=5000, N=n^(3/2)",Reference (flow convention),A,3.0476176040849685,1.9484524183593237
"n=5000, N=n^(3/2)",Reference (flow convention),A,3.0482534469560414,1.820948631108599
"n=5000, N=n^(3/2)",Reference (flow convention),A,3.0488892898271147,1.7055955342343174
"n=5000, N=n^(3/2)",Reference (flow convention),A,3.0495251326981876,1.5993885526184601
"n=5000, N=n^(3/2)",Reference (flow convention),A,3.0501609755692605,1.4984309537925664
"n=5000, N=n^(3/2)",Reference (flow convention),A,3.050796818440334,1.3989417660185184
"n=5000, N=n^(3/2)",Reference (flow convention),A,3.0514326613114067,1.2982573588746342
"n=5000, N=n^(3/2)",Reference (flow convention),A,3.0520685041824795,1.195488713697736
"n=5000, N=n^(3/2)",Reference (flow convention),A,3.052704347053553,1.0916223893248014
"n=5000, N=n^(3/2)",Reference (flow convention),A,3.0533401899246257,0.989059814956944
"n=5000, N=n^(3/2)",Reference (flow convention),A,3.0539760327956986,0.890790932856561
"n=5000, N=n^(3/2)",Reference (flow convention),A,3.054611875666772,0.7995125349254391
"n=5000, N=n^(3/2)",Reference (flow convention),A,3.055247718537845,0.7169876634892693
"n=5000, N=n^(3/2)",Reference (flow convention),A,3.0558835614089177,0.6438160307324008
"n=5000, N=n^(3/2)",Reference (flow convention),A,3.056519404279991,0.579608720900331
"n=5000, N=n^(3/2)",Reference (flow convention),A,3.057155247151064,0.5234109852686849
"n=5000, N=n^(3/2)",Reference (flow convention),A,3.057791090022137,0.47415262550685816
"n=5000, N=n^(3/2)",Reference (flow convention),A,3.05842693289321,0.4309417387839809
"n=5000, N=n^(3/2)",Reference (flow convention),A,3.059062775764283,0.39312524532913984
"n=5000, N=n^(3/2)",Reference (Gaussian convention),A,2.9325300444207505,0.10374962224011028
"n=5000, N=n^(3/2)",Reference (Gaussian convention),A,2.9331658872918234,0.12540509899104185
"n=5000, N=n^(3/2)",Reference (Gaussian convention),A,2.9338017301628967,0.14957911161014398
"n=5000, N=n^(3/2)",Reference (Gaussian convention),A,2.9344375730339696,0.1762210365508053
"n=5000, N=n^(3/2)",Reference (Gaussian convention),A,2.9350734159050424,0.20520623920776337
"n=5000, N=n^(3/2)",Reference (Gaussian convention),A,2.9357092587761158,0.23637548828697166
"n=5000, N=n^(3/2)",Reference (Gaussian convention),A,2.9363451016471886,0.2695790974501004
"n=5000, N=n^(3/2)",Reference (Gaussian convention),A,2.9369809445182615,0.30470581398744717
"n=5000, N=n^(3/2)",Reference (Gaussian convention),A,2.937616787389335,0.34169499290559546
"n=5000, N=n^(3/2)",Reference (Gaussian convention),A,2.9382526302604077,0.38055371141659855
"n=5000, N=n^(3/2)",Reference (Gaussian convention),A,2.9388884731314806,0.4214109019257287
"n=5000, N=n^(3/2)",Reference (Gaussian convention),A,2.939524316002554,0.46462803218459336
"n=5000, N=n^(3/2)",Reference (Gaussian convention),A,2.940160158873627,0.5109544047023491
"n=5000, N=n^(3/2)",Reference (Gaussian convention),A,2.9407960017446997,0.5616806788901509
"n=5000, N=n^(3/2)",Reference (Gaussian convention),A,2.941431844615773,0.6187242840759432
"n=5000, N=n^(3/2)",Reference (Gaussian convention),A,2.942067687486846,0.6845841064393898
"n=5000, N=n^(3/2)",Reference (Gaussian convention),A,2.9427035303579188,0.762126954753726
"n=5000, N=n^(3/2)",Reference (Gaussian convention),A,2.943339373228992,0.8542061849033341
"n=5000, N=n^(3/2)",Reference (Gaussian convention),A,2.943975216100065,0.9631555291100533
"n=5000, N=n^(3/2)",Reference (Gaussian convention),A,2.944611058971138,1.0902438272308344
"n=5000, N=n^(3/2)",Reference (Gaussian convention),A,2.945246901842211,1.2352135037625387
"n=5000, N=n^(3/2)",Reference (Gaussian convention),A,2.945882744713284,1.3960458242281015
"n=5000, N=n^(3/2)",Reference (Gaussian convention),A,2.946518587584357,1.5690820405227175
"n=5000, N=n^(3/2)",Reference (Gaussian convention),A,2.9471544304554302,1.7495672447861697
"n=5000, N=n^(3/2)",Reference (Gaussian convention),A,2.947790273326503,1.9325746773488421
"n=5000, N=n^(3/2)",Reference (Gaussian convention),A,2.948426116197576,2.114138481745411
"n=5000, N=n^(3/2)",Reference (Gaussian convention),A,2.9490619590686493,2.2923196428655976
"n=5000, N=n^(3/2)",Reference (Gaussian convention),A,2.949697801939722,2.467903395427706
"n=5000, N=n^(3/2)",Reference (Gaussian convention),A,2.950333644810795,2.644503992508226
"n=5000, N=n^(3/2)",Reference (Gaussian convention),A,2.9509694876818684,2.828018035655347
"n=5000, N=n^(3/2)",Reference (Gaussian convention),A,2.9516053305529413,3.025560998972203
"n=5000, N=n^(3/2)",Reference (Gaussian convention),A,2.952241173424014,3.244166709652869
"n=5000, N=n^(3/2)",Reference (Gaussian convention),A,2.9528770162950875,3.489573015059828
"n=5000, N=n^(3/2)",Reference (Gaussian convention),A,2.9535128591661604,3.765356214600677
"n=5000, N=n^(3/2)",Reference (Gaussian convention),A,2.9541487020372332,4.0725560941989585
"n=5000, N=n^(3/2)",Reference (Gaussian convention),A,2.9547845449083066,4.409809342714143
"n=5000, N=n^(3/2)",Reference (Gaussian convention),A,2.9554203877793794,4.773914583129054
"n=5000, N=n^(3/2)",Reference (Gaussian convention),A,2.9560562306504523,5.1606856255797755
"n=5000, N=n^(3/2)",Reference (Gaussian convention),A,2.9566920735215256,5.565897064254133
"n=5000, N=n^(3/2)",Reference (Gaussian convention),A,2.9573279163925985,5.986093789378796
"n=5000, N=n^(3/2)",Reference (Gaussian convention),A,2.9579637592636714,6.419056572452522
"n=5000, N=n^(3/2)",Reference (Gaussian convention),A,2.9585996021347447,6.863820986054408
"n=5000, N=n^(3/2)",Reference (Gaussian convention),A,2.9592354450058176,7.320321991656899
"n=5000, N=n^(3/2)",Reference (Gaussian convention),A,2.9598712878768905,7.788904036404911
"n=5000, N=n^(3/2)",Reference (Gaussian convention),A,2.960507130747964,8.269991833313663
"n=5000, N=n^(3/2)",Reference (Gaussian convention),A,2.9611429736190367,8.764100949768384
"n=5000, N=n^(3/2)",Reference (Gaussian convention),A,2.9617788164901095,9.272123390203825
"n=5000, N=n^(3/2)",Reference (Gaussian convention),A,2.962414659361183,9.79559062804229
"n=5000, N=n^(3/2)",Reference (Gaussian convention),A,2.9630505022322557,10.336551494163817
"n=5000, N=n^(3/2)",Reference (Gaussian convention),A,2.963686345103329,10.896875370898083
"n=5000, N=n^(3/2)",Reference (Gaussian convention),A,2.964322187974402,11.477127477363016
"n=5000, N=n^(3/2)",Reference (Gaussian convention),A,2.964958030845475,12.075473218170087
"n=5000, N=n^(3/2)",Reference (Gaussian convention),A,2.965593873716548,12.68715706265539
"n=5000, N=n^(3/2)",Reference (Gaussian convention),A,2.966229716587621,13.304888965954722
"n=5000, N=n^(3/2)",Reference (Gaussian convention),A,2.966865559458694,13.920053679265033
"n=5000, N=n^(3/2)",Reference (Gaussian convention),A,2.9675014023297672,14.524259818887938
"n=5000, N=n^(3/2)",Reference (Gaussian convention),A,2.96813724520084,15.110590972439546
"n=5000, N=n^(3/2)",Reference (Gaussian convention),A,2.968773088071913,15.674101248079321
"n=5000, N=n^(3/2)",Reference (Gaussian convention),A,2.9694089309429863,16.21151258299947
"n=5000, N=n^(3/2)",Reference (Gaussian convention),A,2.970044773814059,16.72048757511931
"n=5000, N=n^(3/2)",Reference (Gaussian convention),A,2.970680616685132,17.199040632162276
"n=5000, N=n^(3/2)",Reference (Gaussian convention),A,2.9713164595562054,17.645519956033446
"n=5000, N=n^(3/2)",Reference (Gaussian convention),A,2.9719523024272783,18.059235059202464
"n=5000, N=n^(3/2)",Reference (Gaussian convention),A,2.972588145298351,18.441429641381934
"n=5000, N=n^(3/2)",Reference (Gaussian convention),A,2.9732239881694245,18.79610645587008
"n=5000, N=n^(3/2)",Reference (Gaussian convention),A,2.9738598310404973,19.13027485826949
"n=5000, N=n^(3/2)",Reference (Gaussian convention),A,2.97449567391157,19.453439936249726
"n=5000, N=n^(3/2)",Reference (Gaussian convention),A,2.9751315167826435,19.776428991867004
"n=5000, N=n^(3/2)",Reference (Gaussian convention),A,2.9757673596537164,20.109823884166637
"n=5000, N=n^(3/2)",Reference (Gaussian convention),A,2.9764032025247893,20.462298040403905
"n=5000, N=n^(3/2)",Reference (Gaussian convention),A,2.9770390453958626,20.83909892518174
"n=5000, N=n^(3/2)",Reference (Gaussian convention),A,2.9776748882669355,21.240854908515217
"n=5000, N=n^(3/2)",Reference (Gaussian convention),A,2.9783107311380084,21.662865121219703
"n=5000, N=n^(3/2)",Reference (Gaussian convention),A,2.9789465740090817,22.095031461420824
"n=5000, N=n^(3/2)",Reference (Gaussian convention),A,2.9795824168801546,22.52255650125904
"n=5000, N=n^(3/2)",Reference (Gaussian convention),A,2.9802182597512274,22.927422878930248
"n=5000, N=n^(3/2)",Reference (Gaussian convention),A,2.9808541026223008,23.29050830646291
"n=5000, N=n^(3/2)",Reference (Gaussian convention),A,2.9814899454933737,23.59403820644432
"n=5000, N=n^(3/2)",Reference (Gaussian convention),A,2.9821257883644465,23.823991770961293
"n=5000, N=n^(3/2)",Reference (Gaussian convention),A,2.98276163123552,23.972066908484173
"n=5000, N=n^(3/2)",Reference (Gaussian convention),A,2.9833974741065927,24.03684565683655
"n=5000, N=n^(3/2)",Reference (Gaussian convention),A,2.9840333169776656,24.02386486060041
"n=5000, N=n^(3/2)",Reference (Gaussian convention),A,2.984669159848739,23.944418729222328
"n=5000, N=n^(3/2)",Reference (Gaussian convention),A,2.985305002719812,23.81316117482189
"n=5000, N=n^(3/2)",Reference (Gaussian convention),A,2.9859408455908847,23.644944812108317
"n=5000, N=n^(3/2)",Reference (Gaussian convention),A,2.986576688461958,23.45171331461134
"n=5000, N=n^(3/2)",Reference (Gaussian convention),A,2.987212531333031,23.2404339433017
"n=5000, N=n^(3/2)",Reference (Gaussian convention),A,2.9878483742041038,23.01282568130277
"n=5000, N=n^(3/2)",Reference (Gaussian convention),A,2.988484217075177,22.767002344519312
"n=5000, N=n^(3/2)",Reference (Gaussian convention),A,2.98912005994625,22.500355011034284
"n=5000, N=n^(3/2)",Reference (Gaussian convention),A,2.989755902817323,22.21243206799718
"n=5000, N=n^(3/2)",Reference (Gaussian convention),A,2.990391745688396,21.906549329864212
"n=5000, N=n^(3/2)",Reference (Gaussian convention),A,2.991027588559469,21.589421410286693
"n=5000, N=n^(3/2)",Reference (Gaussian convention),A,2.991663431430542,21.268989725694336
"n=5000, N=n^(3/2)",Reference (Gaussian convention),A,2.9922992743016152,20.95140825749458
"n=5000, N=n^(3/2)",Reference (Gaussian convention),A,2.992935117172688,20.63847271711807
"n=5000, N=n^(3/2)",Reference (Gaussian convention),A,2.993570960043761,20.326521548939457
"n=5000, N=n^(3/2)",Reference (Gaussian convention),A,2.9942068029148343,20.00716286734891
"n=5000, N=n^(3/2)",Reference (Gaussian convention),A,2.994842645785907,19.66943466998582
"n=5000, N=n^(3/2)",Reference (Gaussian convention),A,2.99547848865698,19.302526082091507
"n=5000, N=n^(3/2)",Reference (Gaussian convention),A,2.9961143315280534,18.898144769762936
"n=5000, N=n^(3/2)",Reference (Gaussian convention),A,2.9967501743991263,18.45194755067093
"n=5000, N=n^(3/2)",Reference (Gaussian convention),A,2.997386017270199,17.963926094756086
"n=5000, N=n^(3/2)",Reference (Gaussian convention),A,2.9980218601412725,17.438001772458627
"n=5000, N=n^(3/2)",Reference (Gaussian convention),A,2.9986577030123454,16.881193776593786
"n=5000, N=n^(3/2)",Reference (Gaussian convention),A,2.9992935458834182,16.302615966619907
"n=5000, N=n^(3/2)",Reference (Gaussian convention),A,2.9999293887544916,15.712383623624282
"n=5000, N=n^(3/2)",Reference (Gaussian convention),A,3.0005652316255644,15.120425755416905
"n=5000, N=n^(3/2)",Reference (Gaussian convention),A,3.0012010744966373,14.535255726128696
"n=5000, N=n^(3/2)",Reference (Gaussian convention),A,3.0018369173677106,13.962887031713288
"n=5000, N=n^(3/2)",Reference (Gaussian convention),A,3.0024727602387835,13.406171199097633
"n=5000, N=n^(3/2)",Reference (Gaussian convention),A,3.0031086031098564,12.864796582952355
"n=5000, N=n^(3/2)",Reference (Gaussian convention),A,3.0037444459809297,12.33602198215892
"n=5000, N=n^(3/2)",Reference (Gaussian convention),A,3.0043802888520026,11.815998501906792
"n=5000, N=n^(3/2)",Reference (Gaussian convention),A,3.0050161317230755,11.30134373873195
"n=5000, N=n^(3/2)",Reference (Gaussian convention),A,3.005651974594149,10.790535639570033
"n=5000, N=n^(3/2)",Reference (Gaussian convention),A,3.0062878174652217,10.28471784900795
"n=5000, N=n^(3/2)",Reference (Gaussian convention),A,3.0069236603362945,9.787657556784662
"n=5000, N=n^(3/2)",Reference (Gaussian convention),A,3.007559503207368,9.304846257706256
"n=5000, N=n^(3/2)",Reference (Gaussian convention),A,3.0081953460784407,8.842017260904846
"n=5000, N=n^(3/2)",Reference (Gaussian convention),A,3.0088311889495136,8.403566806233762
"n=5000, N=n^(3/2)",Reference (Gaussian convention),A,3.009467031820587,7.991406454691714
"n=5000, N=n^(3/2)",Reference (Gaussian convention),A,3.01010287469166,7.604605803157312
"n=5000, N=n^(3/2)",Reference (Gaussian convention),A,3.0107387175627327,7.239871239678575
"n=5000, N=n^(3/2)",Reference (Gaussian convention),A,3.011374560433806,6.892591733536211
"n=5000, N=n^(3/2)",Reference (Gaussian convention),A,3.012010403304879,6.558011993382778
"n=5000, N=n^(3/2)",Reference (Gaussian convention),A,3.012646246175952,6.232132850453357
"n=5000, N=n^(3/2)",Reference (Gaussian convention),A,3.013282089047025,5.912142081760338
"n=5000, N=n^(3/2)",Reference (Gaussian convention),A,3.013917931918098,5.596421949587135
"n=5000, N=n^(3/2)",Reference (Gaussian convention),A,3.014553774789171,5.284337115376934
"n=5000, N=n^(3/2)",Reference (Gaussian convention),A,3.015189617660244,4.9760196008422355
"n=5000, N=n^(3/2)",Reference (Gaussian convention),A,3.015825460531317,4.672264351339156
"n=5000, N=n^(3/2)",Reference (Gaussian convention),A,3.01646130340239,4.374513198999184
"n=5000, N=n^(3/2)",Reference (Gaussian convention),A,3.0170971462734633,4.084819564587921
"n=5000, N=n^(3/2)",Reference (Gaussian convention),A,3.017732989144536,3.805689605738786
"n=5000, N=n^(3/2)",Reference (Gaussian convention),A,3.018368832015609,3.5397706032891048
"n=5000, N=n^(3/2)",Reference (Gaussian convention),A,3.0190046748866823,3.289450630090998
"n=5000, N=n^(3/2)",Reference (Gaussian convention),A,3.019640517757755,3.056488508850824
"n=5000, N=n^(3/2)",Reference (Gaussian convention),A,3.020276360628828,2.8417806774348504
"n=5000, N=n^(3/2)",Reference (Gaussian convention),A,3.0209122034999014,2.645304358804151
"n=5000, N=n^(3/2)",Reference (Gaussian convention),A,3.0215480463709743,2.4661996896911687
"n=5000, N=n^(3/2)",Reference (Gaussian convention),A,3.022183889242047,2.3029162811145207
"n=5000, N=n^(3/2)",Reference (Gaussian convention),A,3.0228197321131205,2.1533715180071424
"n=5000, N=n^(3/2)",Reference (Gaussian convention),A,3.0234555749841934,2.0151240447763423
"n=5000, N=n^(3/2)",Reference (Gaussian convention),A,3.0240914178552663,1.8856052898795568
"n=5000, N=n^(3/2)",Reference (Gaussian convention),A,3.0247272607263396,1.762436496511442
"n=5000, N=n^(3/2)",Reference (Gaussian convention),A,3.0253631035974125,1.6437941244315992
"n=5000, N=n^(3/2)",Reference (Gaussian convention),A,3.0259989464684853,1.5287188825652394
"n=5000, N=n^(3/2)",Reference (Gaussian convention),A,3.0266347893395587,1.417245378626785
"n=5000, N=n^(3/2)",Reference (Gaussian convention),A,3.0272706322106315,1.3102804882246448
"n=5000, N=n^(3/2)",Reference (Gaussian convention),A,3.0279064750817044,1.2092537428775043
"n=5000, N=n^(3/2)",Reference (Gaussian convention),A,3.0285423179527777,1.115650978906717
"n=5000, N=n^(3/2)",Reference (Gaussian convention),A,3.0291781608238506,1.0305798081625486
"n=5000, N=n^(3/2)",Reference (Gaussian convention),A,3.0298140036949235,0.9544902614464307
"n=5000, N=n^(3/2)",Reference (Gaussian convention),A,3.030449846565997,0.8871061256960998
"n=5000, N=n^(3/2)",Reference (Gaussian convention),A,3.0310856894370697,0.827546691982133
"n=5000, N=n^(3/2)",Reference (Gaussian convention),A,3.031721532308143,0.7745646564974833
"n=5000, N=n^(3/2)",Reference (Gaussian convention),A,3.032357375179216,0.7268078852442625
"n=5000, N=n^(3/2)",Reference (Gaussian convention),A,3.0329932180502888,0.6830286866595823
"n=5000, N=n^(3/2)",Reference (Gaussian convention),A,3.033629060921362,0.6422014094827958
"n=5000, N=n^(3/2)",Reference (Gaussian convention),A,3.034264903792435,0.6035504199079852
"n=5000, N=n^(3/2)",Reference (Gaussian convention),A,3.034900746663508,0.566519805574527
"n=5000, N=n^(3/2)",Reference (Gaussian convention),A,3.035536589534581,0.5307238545554122
"n=5000, N=n^(3/2)",Reference (Gaussian convention),A,3.036172432405654,0.49590416171532703
"n=5000, N=n^(3/2)",Reference (Gaussian convention),A,3.036808275276727,0.46189639865725507
"n=5000, N=n^(3/2)",Reference (Gaussian convention),A,3.0374441181478002,0.4285936637343237
"n=5000, N=n^(3/2)",Reference (Gaussian convention),A,3.038079961018873,0.3958955521788009
"n=5000, N=n^(3/2)",Reference (Gaussian convention),A,3.038715803889946,0.3636514100122458
"n=5000, N=n^(3/2)",Reference (Gaussian convention),A,3.0393516467610193,0.33162805794290245
"n=5000, N=n^(3/2)",Reference (Gaussian convention),A,3.039987489632092,0.2995376845127592
"n=5000, N=n^(3/2)",Reference (Gaussian convention),A,3.040623332503165,0.2671407640121081
"n=5000, N=n^(3/2)",Reference (Gaussian convention),A,3.0412591753742384,0.2343993739884852
"n=5000, N=n^(3/2)",Reference (Gaussian convention),A,3.0418950182453113,0.20162005247538647
"n=5000, N=n^(3/2)",Reference (Gaussian convention),A,3.042530861116384,0.16951509437256573
"n=5000, N=n^(3/2)",Reference (Gaussian convention),A,3.0431667039874575,0.13913592829817142
"n=5000, N=n^(3/2)",Reference (Gaussian convention),A,3.0438025468585304,0.11168134315290373
"n=5000, N=n^(3/2)",Reference (Gaussian convention),A,3.0444383897296032,0.08823328136737726
"n=5000, N=n^(3/2)",Reference (Gaussian convention),A,3.0450742326006766,0.06950105553946913
"n=5000, N=n^(3/2)",Reference (Gaussian convention),A,3.0457100754717494,0.05565113594313799
"n=5000, N=n^(3/2)",Reference (Gaussian convention),A,3.0463459183428223,0.04626935321805603
"n=5000, N=n^(3/2)",Reference (Gaussian convention),A,3.0469817612138956,0.040460168397122784
"n=5000, N=n^(3/2)",Reference (Gaussian convention),A,3.0476176040849685,0.03704905225141308
"n=5000, N=n^(3/2)",Reference (Gaussian convention),A,3.0482534469560414,0.03482943810154493
"n=5000, N=n^(3/2)",Reference (Gaussian convention),A,3.0488892898271147,0.03278943156204192
"n=5000, N=n^(3/2)",Reference (Gaussian convention),A,3.0495251326981876,0.030264910481432462
"n=5000, N=n^(3/2)",Reference (Gaussian convention),A,3.0501609755692605,0.026990604235085126
"n=5000, N=n^(3/2)",Reference (Gaussian convention),A,3.050796818440334,0.023051750004818232
"n=5000, N=n^(3/2)",Reference (Gaussian convention),A,3.0514326613114067,0.018766407547939595
"n=5000, N=n^(3/2)",Reference (Gaussian convention),A,3.0520685041824795,0.014543670678606404
"n=5000, N=n^(3/2)",Reference (Gaussian convention),A,3.052704347053553,0.010761554108794803
"n=5000, N=n^(3/2)",Reference (Gaussian convention),A,3.0533401899246257,0.007692613679487219
"n=5000, N=n^(3/2)",Reference (Gaussian convention),A,3.0539760327956986,0.005483169838210349
"n=5000, N=n^(3/2)",Reference (Gaussian convention),A,3.054611875666772,0.00417263818361914
"n=5000, N=n^(3/2)",Reference (Gaussian convention),A,3.055247718537845,0.003729493143356677
"n=5000, N=n^(3/2)",Reference (Gaussian convention),A,3.0558835614089177,0.004081485876708197
"n=5000, N=n^(3/2)",Reference (Gaussian convention),A,3.056519404279991,0.005127214880118661
"n=5000, N=n^(3/2)",Reference (Gaussian convention),A,3.057155247151064,0.006728999839481113
"n=5000, N=n^(3/2)",Reference (Gaussian convention),A,3.057791090022137,0.008698001080313662
"n=5000, N=n^(3/2)",Reference (Gaussian convention),A,3.05842693289321,0.010787611946890246
"n=5000, N=n^(3/2)",Reference (Gaussian convention),A,3.059062775764283,0.012708410630535079
"n=5000, N=n^(3/2)",flow-NPE,A,2.9325300444207505,0.016882757060315917
"n=5000, N=n^(3/2)",flow-NPE,A,2.9331658872918234,0.018121627950598577
"n=5000, N=n^(3/2)",flow-NPE,A,2.9338017301628967,0.01969796315271686
"n=5000, N=n^(3/2)",flow-NPE,A,2.9344375730339696,0.021753360255228758
"n=5000, N=n^(3/2)",flow-NPE,A,2.9350734159050424,0.0244107679002916
"n=5000, N=n^(3/2)",flow-NPE,A,2.9357092587761158,0.02776035444501048
"n=5000, N=n^(3/2)",flow-NPE,A,2.9363451016471886,0.03184838019553004
"n=5000, N=n^(3/2)",flow-NPE,A,2.9369809445182615,0.03666962299701629
"n=5000, N=n^(3/2)",flow-NPE,A,2.937616787389335,0.04216402761788055
"n=5000, N=n^(3/2)",flow-NPE,A,2.9382526302604077,0.04821881840397271
"n=5000, N=n^(3/2)",flow-NPE,A,2.9388884731314806,0.05467784451352433
"n=5000, N=n^(3/2)",flow-NPE,A,2.939524316002554,0.06135976636439006
"n=5000, N=n^(3/2)",flow-NPE,A,2.940160158873627,0.06808536398270068
"n=5000, N=n^(3/2)",flow-NPE,A,2.9407960017446997,0.0747117754047143
"n=5000, N=n^(3/2)",flow-NPE,A,2.941431844615773,0.08116852183537919
"n=5000, N=n^(3/2)",flow-NPE,A,2.942067687486846,0.08748790559145395
"n=5000, N=n^(3/2)",flow-NPE,A,2.9427035303579188,0.09382199888276306
"n=5000, N=n^(3/2)",flow-NPE,A,2.943339373228992,0.10044069555399833
"n=5000, N=n^(3/2)",flow-NPE,A,2.943975216100065,0.10770993660552515
"n=5000, N=n^(3/2)",flow-NPE,A,2.944611058971138,0.1160549438592584
"n=5000, N=n^(3/2)",flow-NPE,A,2.945246901842211,0.12591810154742292
"n=5000, N=n^(3/2)",flow-NPE,A,2.945882744713284,0.13772304732015067
"n=5000, N=n^(3/2)",flow-NPE,A,2.946518587584357,0.1518544893993351
"n=5000, N=n^(3/2)",flow-NPE,A,2.9471544304554302,0.16865763642572396
"n=5000, N=n^(3/2)",flow-NPE,A,2.947790273326503,0.18845377422005202
"n=5000, N=n^(3/2)",flow-NPE,A,2.948426116197576,0.21156217400280278
"n=5000, N=n^(3/2)",flow-NPE,A,2.9490619590686493,0.23831570615154543
"n=5000, N=n^(3/2)",flow-NPE,A,2.949697801939722,0.26905955904801865
"n=5000, N=n^(3/2)",flow-NPE,A,2.950333644810795,0.304128789747629
"n=5000, N=n^(3/2)",flow-NPE,A,2.9509694876818684,0.34380884712367143
"n=5000, N=n^(3/2)",flow-NPE,A,2.9516053305529413,0.38829066075807334
"n=5000, N=n^(3/2)",flow-NPE,A,2.952241173424014,0.43763568347868204
"n=5000, N=n^(3/2)",flow-NPE,A,2.9528770162950875,0.4917650757522305
"n=5000, N=n^(3/2)",flow-NPE,A,2.9535128591661604,0.5504814636504728
"n=5000, N=n^(3/2)",flow-NPE,A,2.9541487020372332,0.6135232883392331
"n=5000, N=n^(3/2)",flow-NPE,A,2.9547845449083066,0.6806432265935524
"n=5000, N=n^(3/2)",flow-NPE,A,2.9554203877793794,0.7516957388656275
"n=5000, N=n^(3/2)",flow-NPE,A,2.9560562306504523,0.8267158241266166
"n=5000, N=n^(3/2)",flow-NPE,A,2.9566920735215256,0.9059718278025226
"n=5000, N=n^(3/2)",flow-NPE,A,2.9573279163925985,0.9899792077086244
"n=5000, N=n^(3/2)",flow-NPE,A,2.9579637592636714,1.079468710052828
"n=5000, N=n^(3/2)",flow-NPE,A,2.9585996021347447,1.175310539614218
"n=5000, N=n^(3/2)",flow-NPE,A,2.9592354450058176,1.2784048136241581
"n=5000, N=n^(3/2)",flow-NPE,A,2.9598712878768905,1.3895565963896184
"n=5000, N=n^(3/2)",flow-NPE,A,2.960507130747964,1.5093595274195277
"n=5000, N=n^(3/2)",flow-NPE,A,2.9611429736190367,1.6381137820578646
"n=5000, N=n^(3/2)",flow-NPE,A,2.9617788164901095,1.7758005547979245
"n=5000, N=n^(3/2)",flow-NPE,A,2.962414659361183,1.9221261794079714
"n=5000, N=n^(3/2)",flow-NPE,A,2.9630505022322557,2.0766355976289854
"n=5000, N=n^(3/2)",flow-NPE,A,2.963686345103329,2.2388797689542366
"n=5000, N=n^(3/2)",flow-NPE,A,2.964322187974402,2.4086082177253823
"n=5000, N=n^(3/2)",flow-NPE,A,2.964958030845475,2.585949574426056
"n=5000, N=n^(3/2)",flow-NPE,A,2.965593873716548,2.771541967154369
"n=5000, N=n^(3/2)",flow-NPE,A,2.966229716587621,2.966582081168865
"n=5000, N=n^(3/2)",flow-NPE,A,2.966865559458694,3.1727755129451922
"n=5000, N=n^(3/2)",flow-NPE,A,2.9675014023297672,3.3921892111145797
"n=5000, N=n^(3/2)",flow-NPE,A,2.96813724520084,3.6270260243602914
"n=5000, N=n^(3/2)",flow-NPE,A,2.968773088071913,3.879358082570681
"n=5000, N=n^(3/2)",flow-NPE,A,2.9694089309429863,4.150866452121673
"n=5000, N=n^(3/2)",flow-NPE,A,2.970044773814059,4.4426362959421235
"n=5000, N=n^(3/2)",flow-NPE,A,2.970680616685132,4.755047882005534
"n=5000, N=n^(3/2)",flow-NPE,A,2.9713164595562054,5.087784521175757
"n=5000, N=n^(3/2)",flow-NPE,A,2.9719523024272783,5.439951992927073
"n=5000, N=n^(3/2)",flow-NPE,A,2.972588145298351,5.810276233196282
"n=5000, N=n^(3/2)",flow-NPE,A,2.9732239881694245,6.19732477447722
"n=5000, N=n^(3/2)",flow-NPE,A,2.9738598310404973,6.599689881001676
"n=5000, N=n^(3/2)",flow-NPE,A,2.97449567391157,7.016081463184873
"n=5000, N=n^(3/2)",flow-NPE,A,2.9751315167826435,7.445304303158664
"n=5000, N=n^(3/2)",flow-NPE,A,2.9757673596537164,7.886129919209318
"n=5000, N=n^(3/2)",flow-NPE,A,2.9764032025247893,8.337107967573264
"n=5000, N=n^(3/2)",flow-NPE,A,2.9770390453958626,8.79638477248516
"n=5000, N=n^(3/2)",flow-NPE,A,2.9776748882669355,9.261600349437371
"n=5000, N=n^(3/2)",flow-NPE,A,2.9783107311380084,9.72991901332561
"n=5000, N=n^(3/2)",flow-NPE,A,2.9789465740090817,10.198217131247617
"n=5000, N=n^(3/2)",flow-NPE,A,2.9795824168801546,10.663413393993162
"n=5000, N=n^(3/2)",flow-NPE,A,2.9802182597512274,11.122891475792963
"n=5000, N=n^(3/2)",flow-NPE,A,2.9808541026223008,11.574939539759075
"n=5000, N=n^(3/2)",flow-NPE,A,2.9814899454933737,12.019119943571033
"n=5000, N=n^(3/2)",flow-NPE,A,2.9821257883644465,12.456486898031436
"n=5000, N=n^(3/2)",flow-NPE,A,2.98276163123552,12.889588795685098
"n=5000, N=n^(3/2)",flow-NPE,A,2.9833974741065927,13.322223120097759
"n=5000, N=n^(3/2)",flow-NPE,A,2.9840333169776656,13.758951599910219
"n=5000, N=n^(3/2)",flow-NPE,A,2.984669159848739,14.204426239897977
"n=5000, N=n^(3/2)",flow-NPE,A,2.985305002719812,14.662615967826742
"n=5000, N=n^(3/2)",flow-NPE,A,2.9859408455908847,15.136050939586024
"n=5000, N=n^(3/2)",flow-NPE,A,2.986576688461958,15.62521006943362
"n=5000, N=n^(3/2)",flow-NPE,A,2.987212531333031,16.128163241914297
"n=5000, N=n^(3/2)",flow-NPE,A,2.9878483742041038,16.640543704006756
"n=5000, N=n^(3/2)",flow-NPE,A,2.988484217075177,17.155873934476254
"n=5000, N=n^(3/2)",flow-NPE,A,2.98912005994625,17.66620903344726
"n=5000, N=n^(3/2)",flow-NPE,A,2.989755902817323,18.16300608271251
"n=5000, N=n^(3/2)",flow-NPE,A,2.990391745688396,18.638086125983108
"n=5000, N=n^(3/2)",flow-NPE,A,2.991027588559469,19.08453533421303
"n=5000, N=n^(3/2)",flow-NPE,A,2.991663431430542,19.497398189307454
"n=5000, N=n^(3/2)",flow-NPE,A,2.9922992743016152,19.87404867723589
"n=5000, N=n^(3/2)",flow-NPE,A,2.992935117172688,20.214181307887106
"n=5000, N=n^(3/2)",flow-NPE,A,2.993570960043761,20.519433070221677
"n=5000, N=n^(3/2)",flow-NPE,A,2.9942068029148343,20.792716833892015
"n=5000, N=n^(3/2)",flow-NPE,A,2.994842645785907,21.03740110252819
"n=5000, N=n^(3/2)",flow-NPE,A,2.99547848865698,21.256497283291665
"n=5000, N=n^(3/2)",flow-NPE,A,2.9961143315280534,21.45200672350792
"n=5000, N=n^(3/2)",flow-NPE,A,2.9967501743991263,21.62453756416233
"n=5000, N=n^(3/2)",flow-NPE,A,2.997386017270199,21.773236967482223
"n=5000, N=n^(3/2)",flow-NPE,A,2.9980218601412725,21.896014674584077
"n=5000, N=n^(3/2)",flow-NPE,A,2.9986577030123454,21.9899772984153
"n=5000, N=n^(3/2)",flow-NPE,A,2.9992935458834182,22.05196271219506
"n=5000, N=n^(3/2)",flow-NPE,A,2.9999293887544916,22.079065025078958
"n=5000, N=n^(3/2)",flow-NPE,A,3.0005652316255644,22.069067815176044
"n=5000, N=n^(3/2)",flow-NPE,A,3.0012010744966373,22.02074393126513
"n=5000, N=n^(3/2)",flow-NPE,A,3.0018369173677106,21.934019018673904
"n=5000, N=n^(3/2)",flow-NPE,A,3.0024727602387835,21.810020499152717
"n=5000, N=n^(3/2)",flow-NPE,A,3.0031086031098564,21.6510385913734
"n=5000, N=n^(3/2)",flow-NPE,A,3.0037444459809297,21.460414254228724
"n=5000, N=n^(3/2)",flow-NPE,A,3.0043802888520026,21.24235082719501
"n=5000, N=n^(3/2)",flow-NPE,A,3.0050161317230755,21.00163453684201
"n=5000, N=n^(3/2)",flow-NPE,A,3.005651974594149,20.743254131763553
"n=5000, N=n^(3/2)",flow-NPE,A,3.0062878174652217,20.471934481535733
"n=5000, N=n^(3/2)",flow-NPE,A,3.0069236603362945,20.191636327662373
"n=5000, N=n^(3/2)",flow-NPE,A,3.007559503207368,19.90510999708689
"n=5000, N=n^(3/2)",flow-NPE,A,3.0081953460784407,19.61360766766767
"n=5000, N=n^(3/2)",flow-NPE,A,3.0088311889495136,19.316844020107386
"n=5000, N=n^(3/2)",flow-NPE,A,3.009467031820587,19.013246682900746
"n=5000, N=n^(3/2)",flow-NPE,A,3.01010287469166,18.700466676760197
"n=5000, N=n^(3/2)",flow-NPE,A,3.0107387175627327,18.37604638000805
"n=5000, N=n^(3/2)",flow-NPE,A,3.011374560433806,18.038092825898126
"n=5000, N=n^(3/2)",flow-NPE,A,3.012010403304879,17.685795909442966
"n=5000, N=n^(3/2)",flow-NPE,A,3.012646246175952,17.31966951542097
"n=5000, N=n^(3/2)",flow-NPE,A,3.013282089047025,16.941468088059757
"n=5000, N=n^(3/2)",flow-NPE,A,3.013917931918098,16.553818892973833
"n=5000, N=n^(3/2)",flow-NPE,A,3.014553774789171,16.159684155048904
"n=5000, N=n^(3/2)",flow-NPE,A,3.015189617660244,15.761805593487074
"n=5000, N=n^(3/2)",flow-NPE,A,3.015825460531317,15.362277061053147
"n=5000, N=n^(3/2)",flow-NPE,A,3.01646130340239,14.962343946663568
"n=5000, N=n^(3/2)",flow-NPE,A,3.0170971462734633,14.562457242455778
"n=5000, N=n^(3/2)",flow-NPE,A,3.017732989144536,14.1625375481031
"n=5000, N=n^(3/2)",flow-NPE,A,3.018368832015609,13.762349905398041
"n=5000, N=n^(3/2)",flow-NPE,A,3.0190046748866823,13.361867256539558
"n=5000, N=n^(3/2)",flow-NPE,A,3.019640517757755,12.961512015267466
"n=5000, N=n^(3/2)",flow-NPE,A,3.020276360628828,12.562206185083168
"n=5000, N=n^(3/2)",flow-NPE,A,3.0209122034999014,12.165218470246307
"n=5000, N=n^(3/2)",flow-NPE,A,3.0215480463709743,11.771856404333322
"n=5000, N=n^(3/2)",flow-NPE,A,3.022183889242047,11.383097331369447
"n=5000, N=n^(3/2)",flow-NPE,A,3.0228197321131205,10.99927221209036
"n=5000, N=n^(3/2)",flow-NPE,A,3.0234555749841934,10.619904995251442
"n=5000, N=n^(3/2)",flow-NPE,A,3.0240914178552663,10.243769964015652
"n=5000, N=n^(3/2)",flow-NPE,A,3.0247272607263396,9.86917031545433
"n=5000, N=n^(3/2)",flow-NPE,A,3.0253631035974125,9.494379301821873
"n=5000, N=n^(3/2)",flow-NPE,A,3.0259989464684853,9.118138054271014
"n=5000, N=n^(3/2)",flow-NPE,A,3.0266347893395587,8.740085416821184
"n=5000, N=n^(3/2)",flow-NPE,A,3.0272706322106315,8.361010231097836
"n=5000, N=n^(3/2)",flow-NPE,A,3.0279064750817044,7.982860984663611
"n=5000, N=n^(3/2)",flow-NPE,A,3.0285423179527777,7.608508503882525
"n=5000, N=n^(3/2)",flow-NPE,A,3.0291781608238506,7.241317174831209
"n=5000, N=n^(3/2)",flow-NPE,A,3.0298140036949235,6.884623031393169
"n=5000, N=n^(3/2)",flow-NPE,A,3.030449846565997,6.541232903400318
"n=5000, N=n^(3/2)",flow-NPE,A,3.0310856894370697,6.213045879587101
"n=5000, N=n^(3/2)",flow-NPE,A,3.031721532308143,5.900862663008195
"n=5000, N=n^(3/2)",flow-NPE,A,3.032357375179216,5.60440125414028
"n=5000, N=n^(3/2)",flow-NPE,A,3.0329932180502888,5.322491610254462
"n=5000, N=n^(3/2)",flow-NPE,A,3.033629060921362,5.053388344747398
"n=5000, N=n^(3/2)",flow-NPE,A,3.034264903792435,4.795125524070404
"n=5000, N=n^(3/2)",flow-NPE,A,3.034900746663508,4.545842070880173
"n=5000, N=n^(3/2)",flow-NPE,A,3.035536589534581,4.304026038250454
"n=5000, N=n^(3/2)",flow-NPE,A,3.036172432405654,4.068653599052434
"n=5000, N=n^(3/2)",flow-NPE,A,3.036808275276727,3.8392256032383525
"n=5000, N=n^(3/2)",flow-NPE,A,3.0374441181478002,3.615724146336097
"n=5000, N=n^(3/2)",flow-NPE,A,3.038079961018873,3.3985202483750903
"n=5000, N=n^(3/2)",flow-NPE,A,3.038715803889946,3.1882618635983095
"n=5000, N=n^(3/2)",flow-NPE,A,3.0393516467610193,2.9857625996696706
"n=5000, N=n^(3/2)",flow-NPE,A,3.039987489632092,2.7919007383064605
"n=5000, N=n^(3/2)",flow-NPE,A,3.040623332503165,2.6075298749464055
"n=5000, N=n^(3/2)",flow-NPE,A,3.0412591753742384,2.4333991174089165
"n=5000, N=n^(3/2)",flow-NPE,A,3.0418950182453113,2.2700821089808114
"n=5000, N=n^(3/2)",flow-NPE,A,3.042530861116384,2.1179179682826046
"n=5000, N=n^(3/2)",flow-NPE,A,3.0431667039874575,1.9769706273955623
"n=5000, N=n^(3/2)",flow-NPE,A,3.0438025468585304,1.8470136906656733
"n=5000, N=n^(3/2)",flow-NPE,A,3.0444383897296032,1.7275450537571118
"n=5000, N=n^(3/2)",flow-NPE,A,3.0450742326006766,1.6178300315230782
"n=5000, N=n^(3/2)",flow-NPE,A,3.0457100754717494,1.5169657088239836
"n=5000, N=n^(3/2)",flow-NPE,A,3.0463459183428223,1.423954932801419
"n=5000, N=n^(3/2)",flow-NPE,A,3.0469817612138956,1.3377773903174939
"n=5000, N=n^(3/2)",flow-NPE,A,3.0476176040849685,1.2574478708591543
"n=5000, N=n^(3/2)",flow-NPE,A,3.0482534469560414,1.182057080986029
"n=5000, N=n^(3/2)",flow-NPE,A,3.0488892898271147,1.1107963167645765
"n=5000, N=n^(3/2)",flow-NPE,A,3.0495251326981876,1.0429717917954688
"n=5000, N=n^(3/2)",flow-NPE,A,3.0501609755692605,0.9780159133059535
"n=5000, N=n^(3/2)",flow-NPE,A,3.050796818440334,0.9155008751587062
"n=5000, N=n^(3/2)",flow-NPE,A,3.0514326613114067,0.8551554431629399
"n=5000, N=n^(3/2)",flow-NPE,A,3.0520685041824795,0.7968805584438196
"n=5000, N=n^(3/2)",flow-NPE,A,3.052704347053553,0.7407555068594366
"n=5000, N=n^(3/2)",flow-NPE,A,3.0533401899246257,0.6870255753794406
"n=5000, N=n^(3/2)",flow-NPE,A,3.0539760327956986,0.6360649672004182
"n=5000, N=n^(3/2)",flow-NPE,A,3.054611875666772,0.5883146231257135
"n=5000, N=n^(3/2)",flow-NPE,A,3.055247718537845,0.544201778778676
"n=5000, N=n^(3/2)",flow-NPE,A,3.0558835614089177,0.5040543568072692
"n=5000, N=n^(3/2)",flow-NPE,A,3.056519404279991,0.4680266389962364
"n=5000, N=n^(3/2)",flow-NPE,A,3.057155247151064,0.4360518950503485
"n=5000, N=n^(3/2)",flow-NPE,A,3.057791090022137,0.40783273623266203
"n=5000, N=n^(3/2)",flow-NPE,A,3.05842693289321,0.38287204753977644
"n=5000, N=n^(3/2)",flow-NPE,A,3.059062775764283,0.3605384103865513
"n=5000, N=n^(3/2)",Gaussian-NPE,A,2.9325300444207505,0.47303488030763907
"n=5000, N=n^(3/2)",Gaussian-NPE,A,2.9331658872918234,0.5305680743148262
"n=5000, N=n^(3/2)",Gaussian-NPE,A,2.9338017301628967,0.5940078787362603
"n=5000, N=n^(3/2)",Gaussian-NPE,A,2.9344375730339696,0.662527412996684
"n=5000, N=n^(3/2)",Gaussian-NPE,A,2.9350734159050424,0.7350574684161576
"n=5000, N=n^(3/2)",Gaussian-NPE,A,2.9357092587761158,0.8106326534975566
"n=5000, N=n^(3/2)",Gaussian-NPE,A,2.9363451016471886,0.8887392394193504
"n=5000, N=n^(3/2)",Gaussian-NPE,A,2.9369809445182615,0.9695444020722819
"n=5000, N=n^(3/2)",Gaussian-NPE,A,2.937616787389335,1.0539378280909615
"n=5000, N=n^(3/2)",Gaussian-NPE,A,2.9382526302604077,1.1433895844867252
"n=5000, N=n^(3/2)",Gaussian-NPE,A,2.9388884731314806,1.2396832659644368
"n=5000, N=n^(3/2)",Gaussian-NPE,A,2.939524316002554,1.344598752663982
"n=5000, N=n^(3/2)",Gaussian-NPE,A,2.940160158873627,1.459600276340035
"n=5000, N=n^(3/2)",Gaussian-NPE,A,2.9407960017446997,1.585557687614789
"n=5000, N=n^(3/2)",Gaussian-NPE,A,2.941431844615773,1.722516368056134
"n=5000, N=n^(3/2)",Gaussian-NPE,A,2.942067687486846,1.869542761754037
"n=5000, N=n^(3/2)",Gaussian-NPE,A,2.9427035303579188,2.024697198286618
"n=5000, N=n^(3/2)",Gaussian-NPE,A,2.943339373228992,2.1852012175241295
"n=5000, N=n^(3/2)",Gaussian-NPE,A,2.943975216100065,2.347852082679615
"n=5000, N=n^(3/2)",Gaussian-NPE,A,2.944611058971138,2.509684392680055
"n=5000, N=n^(3/2)",Gaussian-NPE,A,2.945246901842211,2.6687977856173237
"n=5000, N=n^(3/2)",Gaussian-NPE,A,2.945882744713284,2.825187151984182
"n=5000, N=n^(3/2)",Gaussian-NPE,A,2.946518587584357,2.9813611402475413
"n=5000, N=n^(3/2)",Gaussian-NPE,A,2.9471544304554302,3.1425429449394913
"n=5000, N=n^(3/2)",Gaussian-NPE,A,2.947790273326503,3.3163221477120275
"n=5000, N=n^(3/2)",Gaussian-NPE,A,2.948426116197576,3.5117513095273343
"n=5000, N=n^(3/2)",Gaussian-NPE,A,2.9490619590686493,3.7380207592973638
"n=5000, N=n^(3/2)",Gaussian-NPE,A,2.949697801939722,4.002958141594755
"n=5000, N=n^(3/2)",Gaussian-NPE,A,2.950333644810795,4.311652466933397
"n=5000, N=n^(3/2)",Gaussian-NPE,A,2.9509694876818684,4.665480824149094
"n=5000, N=n^(3/2)",Gaussian-NPE,A,2.9516053305529413,5.061727145193196
"n=5000, N=n^(3/2)",Gaussian-NPE,A,2.952241173424014,5.493853717243828
"n=5000, N=n^(3/2)",Gaussian-NPE,A,2.9528770162950875,5.952355504468396
"n=5000, N=n^(3/2)",Gaussian-NPE,A,2.9535128591661604,6.42602980496161
"n=5000, N=n^(3/2)",Gaussian-NPE,A,2.9541487020372332,6.903447465731948
"n=5000, N=n^(3/2)",Gaussian-NPE,A,2.9547845449083066,7.37441141108521
"n=5000, N=n^(3/2)",Gaussian-NPE,A,2.9554203877793794,7.8312114739782945
"n=5000, N=n^(3/2)",Gaussian-NPE,A,2.9560562306504523,8.269510910287583
"n=5000, N=n^(3/2)",Gaussian-NPE,A,2.9566920735215256,8.688728224280991
"n=5000, N=n^(3/2)",Gaussian-NPE,A,2.9573279163925985,9.091827768015714
"n=5000, N=n^(3/2)",Gaussian-NPE,A,2.9579637592636714,9.484525555660612
"n=5000, N=n^(3/2)",Gaussian-NPE,A,2.9585996021347447,9.874048863035178
"n=5000, N=n^(3/2)",Gaussian-NPE,A,2.9592354450058176,10.26771776204767
"n=5000, N=n^(3/2)",Gaussian-NPE,A,2.9598712878768905,10.671682149488419
"n=5000, N=n^(3/2)",Gaussian-NPE,A,2.960507130747964,11.09010612192597
"n=5000, N=n^(3/2)",Gaussian-NPE,A,2.9611429736190367,11.524949418981254
"n=5000, N=n^(3/2)",Gaussian-NPE,A,2.9617788164901095,11.976308223815911
"n=5000, N=n^(3/2)",Gaussian-NPE,A,2.962414659361183,12.443115999911083
"n=5000, N=n^(3/2)",Gaussian-NPE,A,2.9630505022322557,12.923918782921533
"n=5000, N=n^(3/2)",Gaussian-NPE,A,2.963686345103329,13.417441061643615
"n=5000, N=n^(3/2)",Gaussian-NPE,A,2.964322187974402,13.92273553206091
"n=5000, N=n^(3/2)",Gaussian-NPE,A,2.964958030845475,14.438843927980933
"n=5000, N=n^(3/2)",Gaussian-NPE,A,2.965593873716548,14.964066276883324
"n=5000, N=n^(3/2)",Gaussian-NPE,A,2.966229716587621,15.495107823255186
"n=5000, N=n^(3/2)",Gaussian-NPE,A,2.966865559458694,16.02648956076243
"n=5000, N=n^(3/2)",Gaussian-NPE,A,2.9675014023297672,16.55060500509852
"n=5000, N=n^(3/2)",Gaussian-NPE,A,2.96813724520084,17.05864558546521
"n=5000, N=n^(3/2)",Gaussian-NPE,A,2.968773088071913,17.54232402332851
"n=5000, N=n^(3/2)",Gaussian-NPE,A,2.9694089309429863,17.995990075436584
"n=5000, N=n^(3/2)",Gaussian-NPE,A,2.970044773814059,18.41848413467529
"n=5000, N=n^(3/2)",Gaussian-NPE,A,2.970680616685132,18.81402685878633
"n=5000, N=n^(3/2)",Gaussian-NPE,A,2.9713164595562054,19.191651540097155
"n=5000, N=n^(3/2)",Gaussian-NPE,A,2.9719523024272783,19.563113822280897
"n=5000, N=n^(3/2)",Gaussian-NPE,A,2.972588145298351,19.939732395413305
"n=5000, N=n^(3/2)",Gaussian-NPE,A,2.9732239881694245,20.329037814199065
"n=5000, N=n^(3/2)",Gaussian-NPE,A,2.9738598310404973,20.732255074089064
"n=5000, N=n^(3/2)",Gaussian-NPE,A,2.97449567391157,21.14342678435865
"n=5000, N=n^(3/2)",Gaussian-NPE,A,2.9751315167826435,21.550451428998006
"n=5000, N=n^(3/2)",Gaussian-NPE,A,2.9757673596537164,21.9376634008748
"n=5000, N=n^(3/2)",Gaussian-NPE,A,2.9764032025247893,22.289083908433053
"n=5000, N=n^(3/2)",Gaussian-NPE,A,2.9770390453958626,22.59133393990995
"n=5000, N=n^(3/2)",Gaussian-NPE,A,2.9776748882669355,22.835467340487764
"n=5000, N=n^(3/2)",Gaussian-NPE,A,2.9783107311380084,23.0175050745565
"n=5000, N=n^(3/2)",Gaussian-NPE,A,2.9789465740090817,23.13796187237371
"n=5000, N=n^(3/2)",Gaussian-NPE,A,2.9795824168801546,23.200906773661323
"n=5000, N=n^(3/2)",Gaussian-NPE,A,2.9802182597512274,23.21299989483587
"n=5000, N=n^(3/2)",Gaussian-NPE,A,2.9808541026223008,23.182616147828227
"n=5000, N=n^(3/2)",Gaussian-NPE,A,2.9814899454933737,23.118856311007008
"n=5000, N=n^(3/2)",Gaussian-NPE,A,2.9821257883644465,23.03019162219296
"n=5000, N=n^(3/2)",Gaussian-NPE,A,2.98276163123552,22.922754305313813
"n=5000, N=n^(3/2)",Gaussian-NPE,A,2.9833974741065927,22.79871401472359
"n=5000, N=n^(3/2)",Gaussian-NPE,A,2.9840333169776656,22.65547298170285
"n=5000, N=n^(3/2)",Gaussian-NPE,A,2.984669159848739,22.486319534195154
"n=5000, N=n^(3/2)",Gaussian-NPE,A,2.985305002719812,22.282662923688008
"n=5000, N=n^(3/2)",Gaussian-NPE,A,2.9859408455908847,22.03725495094174
"n=5000, N=n^(3/2)",Gaussian-NPE,A,2.986576688461958,21.74725816958438
"n=5000, N=n^(3/2)",Gaussian-NPE,A,2.987212531333031,21.415959699095346
"n=5000, N=n^(3/2)",Gaussian-NPE,A,2.9878483742041038,21.052424559414753
"n=5000, N=n^(3/2)",Gaussian-NPE,A,2.988484217075177,20.669212711441734
"n=5000, N=n^(3/2)",Gaussian-NPE,A,2.98912005994625,20.279054666695504
"n=5000, N=n^(3/2)",Gaussian-NPE,A,2.989755902817323,19.89173447552874
"n=5000, N=n^(3/2)",Gaussian-NPE,A,2.990391745688396,19.51223217982242
"n=5000, N=n^(3/2)",Gaussian-NPE,A,2.991027588559469,19.140573285095158
"n=5000, N=n^(3/2)",Gaussian-NPE,A,2.991663431430542,18.77313913515654
"n=5000, N=n^(3/2)",Gaussian-NPE,A,2.9922992743016152,18.404718714681366
"n=5000, N=n^(3/2)",Gaussian-NPE,A,2.992935117172688,18.030476683860194
"n=5000, N=n^(3/2)",Gaussian-NPE,A,2.993570960043761,17.647223410162912
"n=5000, N=n^(3/2)",Gaussian-NPE,A,2.9942068029148343,17.2537318795571
"n=5000, N=n^(3/2)",Gaussian-NPE,A,2.994842645785907,16.850189522351833
"n=5000, N=n^(3/2)",Gaussian-NPE,A,2.99547848865698,16.43711531007751
"n=5000, N=n^(3/2)",Gaussian-NPE,A,2.9961143315280534,16.01420089542095
"n=5000, N=n^(3/2)",Gaussian-NPE,A,2.9967501743991263,15.579553390925788
"n=5000, N=n^(3/2)",Gaussian-NPE,A,2.997386017270199,15.12971228377269
"n=5000, N=n^(3/2)",Gaussian-NPE,A,2.9980218601412725,14.66056918442187
"n=5000, N=n^(3/2)",Gaussian-NPE,A,2.9986577030123454,14.16897261157324
"n=5000, N=n^(3/2)",Gaussian-NPE,A,2.9992935458834182,13.654466560212327
"n=5000, N=n^(3/2)",Gaussian-NPE,A,2.9999293887544916,13.120452941625073
"n=5000, N=n^(3/2)",Gaussian-NPE,A,3.0005652316255644,12.57420436878898
"n=5000, N=n^(3/2)",Gaussian-NPE,A,3.0012010744966373,12.025576206877002
"n=5000, N=n^(3/2)",Gaussian-NPE,A,3.0018369173677106,11.4848114597813
"n=5000, N=n^(3/2)",Gaussian-NPE,A,3.0024727602387835,10.960245216392519
"n=5000, N=n^(3/2)",Gaussian-NPE,A,3.0031086031098564,10.456782327450572
"n=5000, N=n^(3/2)",Gaussian-NPE,A,3.0037444459809297,9.97568910059245
"n=5000, N=n^(3/2)",Gaussian-NPE,A,3.0043802888520026,9.515656009664026
"n=5000, N=n^(3/2)",Gaussian-NPE,A,3.0050161317230755,9.074535232321233
"n=5000, N=n^(3/2)",Gaussian-NPE,A,3.005651974594149,8.650902028736228
"n=5000, N=n^(3/2)",Gaussian-NPE,A,3.0062878174652217,8.244746098339968
"n=5000, N=n^(3/2)",Gaussian-NPE,A,3.0069236603362945,7.8570722180809565
"n=5000, N=n^(3/2)",Gaussian-NPE,A,3.007559503207368,7.488731560392455
"n=5000, N=n^(3/2)",Gaussian-NPE,A,3.0081953460784407,7.139151693763046
"n=5000, N=n^(3/2)",Gaussian-NPE,A,3.0088311889495136,6.805635625916065
"n=5000, N=n^(3/2)",Gaussian-NPE,A,3.009467031820587,6.483588352263176
"n=5000, N=n^(3/2)",Gaussian-NPE,A,3.01010287469166,6.167580120714769
"n=5000, N=n^(3/2)",Gaussian-NPE,A,3.0107387175627327,5.852791976795165
"n=5000, N=n^(3/2)",Gaussian-NPE,A,3.011374560433806,5.536267527949317
"n=5000, N=n^(3/2)",Gaussian-NPE,A,3.012010403304879,5.217537662244911
"n=5000, N=n^(3/2)",Gaussian-NPE,A,3.012646246175952,4.898487126889162
"n=5000, N=n^(3/2)",Gaussian-NPE,A,3.013282089047025,4.582630521397784
"n=5000, N=n^(3/2)",Gaussian-NPE,A,3.013917931918098,4.2741295322747845
"n=5000, N=n^(3/2)",Gaussian-NPE,A,3.014553774789171,3.9768745197371325
"n=5000, N=n^(3/2)",Gaussian-NPE,A,3.015189617660244,3.693826911603294
"n=5000, N=n^(3/2)",Gaussian-NPE,A,3.015825460531317,3.4266727499401863
"n=5000, N=n^(3/2)",Gaussian-NPE,A,3.01646130340239,3.175748817581348
"n=5000, N=n^(3/2)",Gaussian-NPE,A,3.0170971462734633,2.94018684170875
"n=5000, N=n^(3/2)",Gaussian-NPE,A,3.017732989144536,2.718240355652149
"n=5000, N=n^(3/2)",Gaussian-NPE,A,3.018368832015609,2.5077620912042202
"n=5000, N=n^(3/2)",Gaussian-NPE,A,3.0190046748866823,2.3067655529965245
"n=5000, N=n^(3/2)",Gaussian-NPE,A,3.019640517757755,2.1139537230719485
"n=5000, N=n^(3/2)",Gaussian-NPE,A,3.020276360628828,1.9290739531537457
"n=5000, N=n^(3/2)",Gaussian-NPE,A,3.0209122034999014,1.7529910389736763
"n=5000, N=n^(3/2)",Gaussian-NPE,A,3.0215480463709743,1.5874540210395598
"n=5000, N=n^(3/2)",Gaussian-NPE,A,3.022183889242047,1.4346288429556375
"n=5000, N=n^(3/2)",Gaussian-NPE,A,3.0228197321131205,1.2965354714015247
"n=5000, N=n^(3/2)",Gaussian-NPE,A,3.0234555749841934,1.1745414068450046
"n=5000, N=n^(3/2)",Gaussian-NPE,A,3.0240914178552663,1.0690288991415997
"n=5000, N=n^(3/2)",Gaussian-NPE,A,3.0247272607263396,0.9792932125544107
"n=5000, N=n^(3/2)",Gaussian-NPE,A,3.0253631035974125,0.9036667577371817
"n=5000, N=n^(3/2)",Gaussian-NPE,A,3.0259989464684853,0.8398124094567234
"n=5000, N=n^(3/2)",Gaussian-NPE,A,3.0266347893395587,0.7850953546281529
"n=5000, N=n^(3/2)",Gaussian-NPE,A,3.0272706322106315,0.7369320813847724
"n=5000, N=n^(3/2)",Gaussian-NPE,A,3.0279064750817044,0.6930334614558628
"n=5000, N=n^(3/2)",Gaussian-NPE,A,3.0285423179527777,0.6515055820169394
"n=5000, N=n^(3/2)",Gaussian-NPE,A,3.0291781608238506,0.6108326218833834
"n=5000, N=n^(3/2)",Gaussian-NPE,A,3.0298140036949235,0.5698141481420055
"n=5000, N=n^(3/2)",Gaussian-NPE,A,3.030449846565997,0.5275391505250707
"n=5000, N=n^(3/2)",Gaussian-NPE,A,3.0310856894370697,0.48344302862833827
"n=5000, N=n^(3/2)",Gaussian-NPE,A,3.031721532308143,0.4374296040481674
"n=5000, N=n^(3/2)",Gaussian-NPE,A,3.032357375179216,0.3899839968007371
"n=5000, N=n^(3/2)",Gaussian-NPE,A,3.0329932180502888,0.34218711573291394
"n=5000, N=n^(3/2)",Gaussian-NPE,A,3.033629060921362,0.29557865378995096
"n=5000, N=n^(3/2)",Gaussian-NPE,A,3.034264903792435,0.25188325880748524
"n=5000, N=n^(3/2)",Gaussian-NPE,A,3.034900746663508,0.21267670439177694
"n=5000, N=n^(3/2)",Gaussian-NPE,A,3.035536589534581,0.1790931630421254
"n=5000, N=n^(3/2)",Gaussian-NPE,A,3.036172432405654,0.15165227634304396
"n=5000, N=n^(3/2)",Gaussian-NPE,A,3.036808275276727,0.13023290993547393
"n=5000, N=n^(3/2)",Gaussian-NPE,A,3.0374441181478002,0.11416921933739874
"n=5000, N=n^(3/2)",Gaussian-NPE,A,3.038079961018873,0.10241735496911905
"n=5000, N=n^(3/2)",Gaussian-NPE,A,3.038715803889946,0.09374268197802305
"n=5000, N=n^(3/2)",Gaussian-NPE,A,3.0393516467610193,0.08689573106186779
"n=5000, N=n^(3/2)",Gaussian-NPE,A,3.039987489632092,0.08076294560563667
"n=5000, N=n^(3/2)",Gaussian-NPE,A,3.040623332503165,0.07448537613928741
"n=5000, N=n^(3/2)",Gaussian-NPE,A,3.0412591753742384,0.06753623714527784
"n=5000, N=n^(3/2)",Gaussian-NPE,A,3.0418950182453113,0.05974554670886419
"n=5000, N=n^(3/2)",Gaussian-NPE,A,3.042530861116384,0.0512647792247939
"n=5000, N=n^(3/2)",Gaussian-NPE,A,3.0431667039874575,0.04247748042386318
"n=5000, N=n^(3/2)",Gaussian-NPE,A,3.0438025468585304,0.03387709426910137
"n=5000, N=n^(3/2)",Gaussian-NPE,A,3.0444383897296032,0.025942648012657325
"n=5000, N=n^(3/2)",Gaussian-NPE,A,3.0450742326006766,0.019041545895802175
"n=5000, N=n^(3/2)",Gaussian-NPE,A,3.0457100754717494,0.013377483719126892
"n=5000, N=n^(3/2)",Gaussian-NPE,A,3.0463459183428223,0.008985913781346484
"n=5000, N=n^(3/2)",Gaussian-NPE,A,3.0469817612138956,0.005766096224977317
"n=5000, N=n^(3/2)",Gaussian-NPE,A,3.0476176040849685,0.0035318801253091054
"n=5000, N=n^(3/2)",Gaussian-NPE,A,3.0482534469560414,0.002063690567590077
"n=5000, N=n^(3/2)",Gaussian-NPE,A,3.0488892898271147,0.001149565085954825
"n=5000, N=n^(3/2)",Gaussian-NPE,A,3.0495251326981876,0.0006101371574676466
"n=5000, N=n^(3/2)",Gaussian-NPE,A,3.0501609755692605,0.00030838693668176884
"n=5000, N=n^(3/2)",Gaussian-NPE,A,3.050796818440334,0.00014836184886587853
"n=5000, N=n^(3/2)",Gaussian-NPE,A,3.0514326613114067,6.790512128962965e-05
"n=5000, N=n^(3/2)",Gaussian-NPE,A,3.0520685041824795,2.955604633797296e-05
"n=5000, N=n^(3/2)",Gaussian-NPE,A,3.052704347053553,1.2228598296959636e-05
"n=5000, N=n^(3/2)",Gaussian-NPE,A,3.0533401899246257,4.807622018657872e-06
"n=5000, N=n^(3/2)",Gaussian-NPE,A,3.0539760327956986,1.7953858678274219e-06
"n=5000, N=n^(3/2)",Gaussian-NPE,A,3.054611875666772,6.366830432005917e-07
"n=5000, N=n^(3/2)",Gaussian-NPE,A,3.055247718537845,2.143404175830889e-07
"n=5000, N=n^(3/2)",Gaussian-NPE,A,3.0558835614089177,6.84841457774147e-08
"n=5000, N=n^(3/2)",Gaussian-NPE,A,3.056519404279991,2.0762654479293065e-08
"n=5000, N=n^(3/2)",Gaussian-NPE,A,3.057155247151064,5.971661982379427e-09
"n=5000, N=n^(3/2)",Gaussian-NPE,A,3.057791090022137,1.629107613728906e-09
"n=5000, N=n^(3/2)",Gaussian-NPE,A,3.05842693289321,4.214813963126003e-10
"n=5000, N=n^(3/2)",Gaussian-NPE,A,3.059062775764283,1.0340016985190623e-10
"n=5000, N=n^(3/2)",Reference (flow convention),B,0.8633612529360447,4.142774223027842e-12
"n=5000, N=n^(3/2)",Reference (flow convention),B,0.8647343220023,2.0233769993825432e-11
"n=5000, N=n^(3/2)",Reference (flow convention),B,0.8661073910685555,9.293650913676051e-11
"n=5000, N=n^(3/2)",Reference (flow convention),B,0.8674804601348108,4.0143931732086036e-10
"n=5000, N=n^(3/2)",Reference (flow convention),B,0.8688535292010662,1.630712718527993e-09
"n=5000, N=n^(3/2)",Reference (flow convention),B,0.8702265982673216,6.229583546189819e-09
"n=5000, N=n^(3/2)",Reference (flow convention),B,0.871599667333577,2.2380231470030183e-08
"n=5000, N=n^(3/2)",Reference (flow convention),B,0.8729727363998323,7.561259383184248e-08
"n=5000, N=n^(3/2)",Reference (flow convention),B,0.8743458054660878,2.402413181748639e-07
"n=5000, N=n^(3/2)",Reference (flow convention),B,0.8757188745323431,7.178360598563481e-07
"n=5000, N=n^(3/2)",Reference (flow convention),B,0.8770919435985985,2.0170972761825635e-06
"n=5000, N=n^(3/2)",Reference (flow convention),B,0.8784650126648539,5.330309394046808e-06
"n=5000, N=n^(3/2)",Reference (flow convention),B,0.8798380817311092,1.3246526004182088e-05
"n=5000, N=n^(3/2)",Reference (flow convention),B,0.8812111507973647,3.095819117905331e-05
"n=5000, N=n^(3/2)",Reference (flow convention),B,0.88258421986362,6.804138770724658e-05
"n=5000, N=n^(3/2)",Reference (flow convention),B,0.8839572889298754,0.00014063543158225505
"n=5000, N=n^(3/2)",Reference (flow convention),B,0.8853303579961308,0.0002733633835294504
"n=5000, N=n^(3/2)",Reference (flow convention),B,0.8867034270623861,0.0004997006742652634
"n=5000, N=n^(3/2)",Reference (flow convention),B,0.8880764961286415,0.0008590205095933312
"n=5000, N=n^(3/2)",Reference (flow convention),B,0.8894495651948969,0.0013887406060657736
"n=5000, N=n^(3/2)",Reference (flow convention),B,0.8908226342611523,0.002111362192717907
"n=5000, N=n^(3/2)",Reference (flow convention),B,0.8921957033274076,0.0030187583985391655
"n=5000, N=n^(3/2)",Reference (flow convention),B,0.8935687723936631,0.004058990139781691
"n=5000, N=n^(3/2)",Reference (flow convention),B,0.8949418414599184,0.005132532515966368
"n=5000, N=n^(3/2)",Reference (flow convention),B,0.8963149105261737,0.006103369446526092
"n=5000, N=n^(3/2)",Reference (flow convention),B,0.8976879795924292,0.0068254673503051495
"n=5000, N=n^(3/2)",Reference (flow convention),B,0.8990610486586845,0.007178302398414286
"n=5000, N=n^(3/2)",Reference (flow convention),B,0.90043411772494,0.007099763951437091
"n=5000, N=n^(3/2)",Reference (flow convention),B,0.9018071867911953,0.006604192608923352
"n=5000, N=n^(3/2)",Reference (flow convention),B,0.9031802558574507,0.005778562392710708
"n=5000, N=n^(3/2)",Reference (flow convention),B,0.9045533249237061,0.004758650366188782
"n=5000, N=n^(3/2)",Reference (flow convention),B,0.9059263939899614,0.003695103262706344
"n=5000, N=n^(3/2)",Reference (flow convention),B,0.9072994630562168,0.002722738281263003
"n=5000, N=n^(3/2)",Reference (flow convention),B,0.9086725321224722,0.0019440426521566555
"n=5000, N=n^(3/2)",Reference (flow convention),B,0.9100456011887276,0.0014315513446108024
"n=5000, N=n^(3/2)",Reference (flow convention),B,0.9114186702549829,0.0012469292578983335
"n=5000, N=n^(3/2)",Reference (flow convention),B,0.9127917393212384,0.001469804522506133
"n=5000, N=n^(3/2)",Reference (flow convention),B,0.9141648083874937,0.002227462862511389
"n=5000, N=n^(3/2)",Reference (flow convention),B,0.915537877453749,0.0037167090353285377
"n=5000, N=n^(3/2)",Reference (flow convention),B,0.9169109465200045,0.006210610946970872
"n=5000, N=n^(3/2)",Reference (flow convention),B,0.9182840155862598,0.010045291145729144
"n=5000, N=n^(3/2)",Reference (flow convention),B,0.9196570846525152,0.015585887390358747
"n=5000, N=n^(3/2)",Reference (flow convention),B,0.9210301537187706,0.02317641600035059
"n=5000, N=n^(3/2)",Reference (flow convention),B,0.922403222785026,0.033084424113946596
"n=5000, N=n^(3/2)",Reference (flow convention),B,0.9237762918512813,0.04545559095384928
"n=5000, N=n^(3/2)",Reference (flow convention),B,0.9251493609175367,0.0602931958404502
"n=5000, N=n^(3/2)",Reference (flow convention),B,0.9265224299837921,0.07747138601204556
"n=5000, N=n^(3/2)",Reference (flow convention),B,0.9278954990500474,0.09678079747200319
"n=5000, N=n^(3/2)",Reference (flow convention),B,0.9292685681163029,0.1179941010163638
"n=5000, N=n^(3/2)",Reference (flow convention),B,0.9306416371825582,0.14093214547687283
"n=5000, N=n^(3/2)",Reference (flow convention),B,0.9320147062488137,0.16551177522598245
"n=5000, N=n^(3/2)",Reference (flow convention),B,0.933387775315069,0.19176395626759893
"n=5000, N=n^(3/2)",Reference (flow convention),B,0.9347608443813243,0.21982179340757585
"n=5000, N=n^(3/2)",Reference (flow convention),B,0.9361339134475798,0.24988695216620618
"n=5000, N=n^(3/2)",Reference (flow convention),B,0.9375069825138351,0.28218608838359394
"n=5000, N=n^(3/2)",Reference (flow convention),B,0.9388800515800905,0.316926265159963
"n=5000, N=n^(3/2)",Reference (flow convention),B,0.9402531206463459,0.3542537339206895
"n=5000, N=n^(3/2)",Reference (flow convention),B,0.9416261897126013,0.39421823699575165
"n=5000, N=n^(3/2)",Reference (flow convention),B,0.9429992587788566,0.43674683533316083
"n=5000, N=n^(3/2)",Reference (flow convention),B,0.944372327845112,0.4816351946507204
"n=5000, N=n^(3/2)",Reference (flow convention),B,0.9457453969113674,0.528566668080268
"n=5000, N=n^(3/2)",Reference (flow convention),B,0.9471184659776228,0.5771682622334592
"n=5000, N=n^(3/2)",Reference (flow convention),B,0.9484915350438782,0.6271082628250907
"n=5000, N=n^(3/2)",Reference (flow convention),B,0.9498646041101335,0.6782344117697442
"n=5000, N=n^(3/2)",Reference (flow convention),B,0.951237673176389,0.7307433871916472
"n=5000, N=n^(3/2)",Reference (flow convention),B,0.9526107422426443,0.7853585674408969
"n=5000, N=n^(3/2)",Reference (flow convention),B,0.9539838113088996,0.8434718458743622
"n=5000, N=n^(3/2)",Reference (flow convention),B,0.9553568803751551,0.9071829048404791
"n=5000, N=n^(3/2)",Reference (flow convention),B,0.9567299494414104,0.9791624551342607
"n=5000, N=n^(3/2)",Reference (flow convention),B,0.9581030185076658,1.0622937533261394
"n=5000, N=n^(3/2)",Reference (flow convention),B,0.9594760875739212,1.1591159092630365
"n=5000, N=n^(3/2)",Reference (flow convention),B,0.9608491566401766,1.2711851881571896
"n=5000, N=n^(3/2)",Reference (flow convention),B,0.9622222257064319,1.3985468266716883
"n=5000, N=n^(3/2)",Reference (flow convention),B,0.9635952947726873,1.5395268436047982
"n=5000, N=n^(3/2)",Reference (flow convention),B,0.9649683638389427,1.690988754196434
"n=5000, N=n^(3/2)",Reference (flow convention),B,0.966341432905198,1.849066051807321
"n=5000, N=n^(3/2)",Reference (flow convention),B,0.9677145019714535,2.0102196852184386
"n=5000, N=n^(3/2)",Reference (flow convention),B,0.9690875710377088,2.1723353297228085
"n=5000, N=n^(3/2)",Reference (flow convention),B,0.9704606401039642,2.335517419181899
"n=5000, N=n^(3/2)",Reference (flow convention),B,0.9718337091702196,2.5022862236814456
"n=5000, N=n^(3/2)",Reference (flow convention),B,0.973206778236475,2.677042464854313
"n=5000, N=n^(3/2)",Reference (flow convention),B,0.9745798473027303,2.8648956982298532
"n=5000, N=n^(3/2)",Reference (flow convention),B,0.9759529163689857,3.0701847061388428
"n=5000, N=n^(3/2)",Reference (flow convention),B,0.9773259854352411,3.295157100803138
"n=5000, N=n^(3/2)",Reference (flow convention),B,0.9786990545014964,3.5392473268165063
"n=5000, N=n^(3/2)",Reference (flow convention),B,0.9800721235677519,3.7991877822899265
"n=5000, N=n^(3/2)",Reference (flow convention),B,0.9814451926340072,4.069881903020659
"n=5000, N=n^(3/2)",Reference (flow convention),B,0.9828182617002627,4.3456933843853145
"n=5000, N=n^(3/2)",Reference (flow convention),B,0.984191330766518,4.621685974777223
"n=5000, N=n^(3/2)",Reference (flow convention),B,0.9855643998327733,4.894430619065714
"n=5000, N=n^(3/2)",Reference (flow convention),B,0.9869374688990288,5.16222651092974
"n=5000, N=n^(3/2)",Reference (flow convention),B,0.9883105379652841,5.4248374699835376
"n=5000, N=n^(3/2)",Reference (flow convention),B,0.9896836070315395,5.683005406590629
"n=5000, N=n^(3/2)",Reference (flow convention),B,0.9910566760977949,5.938012863863554
"n=5000, N=n^(3/2)",Reference (flow convention),B,0.9924297451640502,6.191451995843466
"n=5000, N=n^(3/2)",Reference (flow convention),B,0.9938028142303057,6.445194988230669
"n=5000, N=n^(3/2)",Reference (flow convention),B,0.995175883296561,6.701432355223584
"n=5000, N=n^(3/2)",Reference (flow convention),B,0.9965489523628164,6.962601794731759
"n=5000, N=n^(3/2)",Reference (flow convention),B,0.9979220214290718,7.231081745269928
"n=5000, N=n^(3/2)",Reference (flow convention),B,0.9992950904953272,7.508645563882958
"n=5000, N=n^(3/2)",Reference (flow convention),B,1.0006681595615825,7.795812564132441
"n=5000, N=n^(3/2)",Reference (flow convention),B,1.002041228627838,8.09132434208345
"n=5000, N=n^(3/2)",Reference (flow convention),B,1.0034142976940932,8.39196247427658
"n=5000, N=n^(3/2)",Reference (flow convention),B,1.0047873667603486,8.69279721931259
"n=5000, N=n^(3/2)",Reference (flow convention),B,1.006160435826604,8.98777620058292
"n=5000, N=n^(3/2)",Reference (flow convention),B,1.0075335048928595,9.270434075503323
"n=5000, N=n^(3/2)",Reference (flow convention),B,1.0089065739591148,9.534513894422147
"n=5000, N=n^(3/2)",Reference (flow convention),B,1.0102796430253702,9.774431398954595
"n=5000, N=n^(3/2)",Reference (flow convention),B,1.0116527120916254,9.985677223883792
"n=5000, N=n^(3/2)",Reference (flow convention),B,1.013025781157881,10.16530346132656
"n=5000, N=n^(3/2)",Reference (flow convention),B,1.0143988502241363,10.312523512028925
"n=5000, N=n^(3/2)",Reference (flow convention),B,1.0157719192903918,10.429243129224472
"n=5000, N=n^(3/2)",Reference (flow convention),B,1.017144988356647,10.52019627651222
"n=5000, N=n^(3/2)",Reference (flow convention),B,1.0185180574229025,10.592410993779053
"n=5000, N=n^(3/2)",Reference (flow convention),B,1.0198911264891577,10.653980863694551
"n=5000, N=n^(3/2)",Reference (flow convention),B,1.0212641955554131,10.71243887714949
"n=5000, N=n^(3/2)",Reference (flow convention),B,1.0226372646216686,10.773245565624707
"n=5000, N=n^(3/2)",Reference (flow convention),B,1.024010333687924,10.838891764409276
"n=5000, N=n^(3/2)",Reference (flow convention),B,1.0253834027541793,10.90887673820912
"n=5000, N=n^(3/2)",Reference (flow convention),B,1.0267564718204347,10.98046624227466
"n=5000, N=n^(3/2)",Reference (flow convention),B,1.0281295408866902,11.04982932189966
"n=5000, N=n^(3/2)",Reference (flow convention),B,1.0295026099529454,11.113040811228446
"n=5000, N=n^(3/2)",Reference (flow convention),B,1.0308756790192009,11.166569685511286
"n=5000, N=n^(3/2)",Reference (flow convention),B,1.0322487480854563,11.207180285897007
"n=5000, N=n^(3/2)",Reference (flow convention),B,1.0336218171517115,11.231491517857819
"n=5000, N=n^(3/2)",Reference (flow convention),B,1.034994886217967,11.235601859591192
"n=5000, N=n^(3/2)",Reference (flow convention),B,1.0363679552842224,11.215120519144557
"n=5000, N=n^(3/2)",Reference (flow convention),B,1.0377410243504777,11.165704948569445
"n=5000, N=n^(3/2)",Reference (flow convention),B,1.039114093416733,11.083938002469308
"n=5000, N=n^(3/2)",Reference (flow convention),B,1.0404871624829886,10.968222409585994
"n=5000, N=n^(3/2)",Reference (flow convention),B,1.0418602315492438,10.81937938340998
"n=5000, N=n^(3/2)",Reference (flow convention),B,1.0432333006154992,10.640771698674206
"n=5000, N=n^(3/2)",Reference (flow convention),B,1.0446063696817547,10.437943163475655
"n=5000, N=n^(3/2)",Reference (flow convention),B,1.04597943874801,10.217900747006526
"n=5000, N=n^(3/2)",Reference (flow convention),B,1.0473525078142654,9.988225762011309
"n=5000, N=n^(3/2)",Reference (flow convention),B,1.0487255768805208,9.756186345909875
"n=5000, N=n^(3/2)",Reference (flow convention),B,1.050098645946776,9.52796107102039
"n=5000, N=n^(3/2)",Reference (flow convention),B,1.0514717150130315,9.308014955086897
"n=5000, N=n^(3/2)",Reference (flow convention),B,1.052844784079287,9.0986365323135
"n=5000, N=n^(3/2)",Reference (flow convention),B,1.0542178531455422,8.89966561740213
"n=5000, N=n^(3/2)",Reference (flow convention),B,1.0555909222117976,8.70849239740357
"n=5000, N=n^(3/2)",Reference (flow convention),B,1.056963991278053,8.520435658496698
"n=5000, N=n^(3/2)",Reference (flow convention),B,1.0583370603443085,8.329563731659471
"n=5000, N=n^(3/2)",Reference (flow convention),B,1.0597101294105638,8.129900204414664
"n=5000, N=n^(3/2)",Reference (flow convention),B,1.0610831984768192,7.916800476217275
"n=5000, N=n^(3/2)",Reference (flow convention),B,1.0624562675430744,7.688163277358516
"n=5000, N=n^(3/2)",Reference (flow convention),B,1.0638293366093299,7.445113872785591
"n=5000, N=n^(3/2)",Reference (flow convention),B,1.0652024056755853,7.1918916037946055
"n=5000, N=n^(3/2)",Reference (flow convention),B,1.0665754747418408,6.934881060374679
"n=5000, N=n^(3/2)",Reference (flow convention),B,1.067948543808096,6.680989888913706
"n=5000, N=n^(3/2)",Reference (flow convention),B,1.0693216128743515,6.435812296314296
"n=5000, N=n^(3/2)",Reference (flow convention),B,1.0706946819406067,6.202133513744961
"n=5000, N=n^(3/2)",Reference (flow convention),B,1.0720677510068621,5.979262910111857
"n=5000, N=n^(3/2)",Reference (flow convention),B,1.0734408200731176,5.763430859189673
"n=5000, N=n^(3/2)",Reference (flow convention),B,1.074813889139373,5.549122293919979
"n=5000, N=n^(3/2)",Reference (flow convention),B,1.0761869582056283,5.330881303522824
"n=5000, N=n^(3/2)",Reference (flow convention),B,1.0775600272718837,5.104947315778801
"n=5000, N=n^(3/2)",Reference (flow convention),B,1.0789330963381392,4.870160270314631
"n=5000, N=n^(3/2)",Reference (flow convention),B,1.0803061654043944,4.627881603284567
"n=5000, N=n^(3/2)",Reference (flow convention),B,1.0816792344706498,4.38109189529962
"n=5000, N=n^(3/2)",Reference (flow convention),B,1.0830523035369053,4.133157402106685
"n=5000, N=n^(3/2)",Reference (flow convention),B,1.0844253726031605,3.8868499319128924
"n=5000, N=n^(3/2)",Reference (flow convention),B,1.085798441669416,3.6440164325082036
"n=5000, N=n^(3/2)",Reference (flow convention),B,1.0871715107356714,3.4059278362754997
"n=5000, N=n^(3/2)",Reference (flow convention),B,1.0885445798019266,3.1739840980589453
"n=5000, N=n^(3/2)",Reference (flow convention),B,1.089917648868182,2.9502933982024953
"n=5000, N=n^(3/2)",Reference (flow convention),B,1.0912907179344375,2.7377473983612846
"n=5000, N=n^(3/2)",Reference (flow convention),B,1.0926637870006928,2.5395084569164372
"n=5000, N=n^(3/2)",Reference (flow convention),B,1.0940368560669482,2.358142767778641
"n=5000, N=n^(3/2)",Reference (flow convention),B,1.0954099251332037,2.194811517245639
"n=5000, N=n^(3/2)",Reference (flow convention),B,1.096782994199459,2.0488929214188154
"n=5000, N=n^(3/2)",Reference (flow convention),B,1.0981560632657144,1.9181901387816425
"n=5000, N=n^(3/2)",Reference (flow convention),B,1.0995291323319698,1.7996060343532467
"n=5000, N=n^(3/2)",Reference (flow convention),B,1.100902201398225,1.6899729729544737
"n=5000, N=n^(3/2)",Reference (flow convention),B,1.1022752704644805,1.5866990042483
"n=5000, N=n^(3/2)",Reference (flow convention),B,1.103648339530736,1.4880273157794923
"n=5000, N=n^(3/2)",Reference (flow convention),B,1.1050214085969912,1.3929203187727255
"n=5000, N=n^(3/2)",Reference (flow convention),B,1.1063944776632466,1.3007569699429378
"n=5000, N=n^(3/2)",Reference (flow convention),B,1.107767546729502,1.211084455040147
"n=5000, N=n^(3/2)",Reference (flow convention),B,1.1091406157957575,1.1235790547898636
"n=5000, N=n^(3/2)",Reference (flow convention),B,1.1105136848620127,1.0382081136970642
"n=5000, N=n^(3/2)",Reference (flow convention),B,1.1118867539282682,0.9554442351400513
"n=5000, N=n^(3/2)",Reference (flow convention),B,1.1132598229945234,0.8763414544443708
"n=5000, N=n^(3/2)",Reference (flow convention),B,1.1146328920607789,0.8023565353316371
"n=5000, N=n^(3/2)",Reference (flow convention),B,1.1160059611270343,0.734938524764248
"n=5000, N=n^(3/2)",Reference (flow convention),B,1.1173790301932898,0.675037787328414
"n=5000, N=n^(3/2)",Reference (flow convention),B,1.118752099259545,0.6227371622063818
"n=5000, N=n^(3/2)",Reference (flow convention),B,1.1201251683258004,0.5771616263055466
"n=5000, N=n^(3/2)",Reference (flow convention),B,1.1214982373920557,0.5367058934543835
"n=5000, N=n^(3/2)",Reference (flow convention),B,1.1228713064583111,0.4994888492061698
"n=5000, N=n^(3/2)",Reference (flow convention),B,1.1242443755245666,0.463858683772593
"n=5000, N=n^(3/2)",Reference (flow convention),B,1.125617444590822,0.4287679745265516
"n=5000, N=n^(3/2)",Reference (flow convention),B,1.1269905136570773,0.39391004846686084
"n=5000, N=n^(3/2)",Reference (flow convention),B,1.1283635827233327,0.3596170541335689
"n=5000, N=n^(3/2)",Reference (flow convention),B,1.129736651789588,0.3266108415201797
"n=5000, N=n^(3/2)",Reference (flow convention),B,1.1311097208558434,0.29572821129417476
"n=5000, N=n^(3/2)",Reference (flow convention),B,1.1324827899220988,0.2677073931249092
"n=5000, N=n^(3/2)",Reference (flow convention),B,1.1338558589883543,0.2430562171089423
"n=5000, N=n^(3/2)",Reference (flow convention),B,1.1352289280546095,0.22197308828014875
"n=5000, N=n^(3/2)",Reference (flow convention),B,1.136601997120865,0.20428989422872434
"n=5000, N=n^(3/2)",Reference (Gaussian convention),B,0.8633612529360447,0.00013612103665133467
"n=5000, N=n^(3/2)",Reference (Gaussian convention),B,0.8647343220023,0.000273054890143797
"n=5000, N=n^(3/2)",Reference (Gaussian convention),B,0.8661073910685555,0.0005188934410803184
"n=5000, N=n^(3/2)",Reference (Gaussian convention),B,0.8674804601348108,0.0009346650219820582
"n=5000, N=n^(3/2)",Reference (Gaussian convention),B,0.8688535292010662,0.0015969835437028622
"n=5000, N=n^(3/2)",Reference (Gaussian convention),B,0.8702265982673216,0.002590717884450684
"n=5000, N=n^(3/2)",Reference (Gaussian convention),B,0.871599667333577,0.003995219711180384
"n=5000, N=n^(3/2)",Reference (Gaussian convention),B,0.8729727363998323,0.005865912492795294
"n=5000, N=n^(3/2)",Reference (Gaussian convention),B,0.8743458054660878,0.008216032345931306
"n=5000, N=n^(3/2)",Reference (Gaussian convention),B,0.8757188745323431,0.011005275103766072
"n=5000, N=n^(3/2)",Reference (Gaussian convention),B,0.8770919435985985,0.01414149760469363
"n=5000, N=n^(3/2)",Reference (Gaussian convention),B,0.8784650126648539,0.01749790468947457
"n=5000, N=n^(3/2)",Reference (Gaussian convention),B,0.8798380817311092,0.020942531636073108
"n=5000, N=n^(3/2)",Reference (Gaussian convention),B,0.8812111507973647,0.02437194310514044
"n=5000, N=n^(3/2)",Reference (Gaussian convention),B,0.88258421986362,0.027739536444231147
"n=5000, N=n^(3/2)",Reference (Gaussian convention),B,0.8839572889298754,0.031071532042251188
"n=5000, N=n^(3/2)",Reference (Gaussian convention),B,0.8853303579961308,0.03446905603844055
"n=5000, N=n^(3/2)",Reference (Gaussian convention),B,0.8867034270623861,0.038099575366607845
"n=5000, N=n^(3/2)",Reference (Gaussian convention),B,0.8880764961286415,0.0421828071295407
"n=5000, N=n^(3/2)",Reference (Gaussian convention),B,0.8894495651948969,0.04697476026161844
"n=5000, N=n^(3/2)",Reference (Gaussian convention),B,0.8908226342611523,0.052750592351983344
"n=5000, N=n^(3/2)",Reference (Gaussian convention),B,0.8921957033274076,0.05978486633453978
"n=5000, N=n^(3/2)",Reference (Gaussian convention),B,0.8935687723936631,0.06832778032595917
"n=5000, N=n^(3/2)",Reference (Gaussian convention),B,0.8949418414599184,0.07857752756945273
"n=5000, N=n^(3/2)",Reference (Gaussian convention),B,0.8963149105261737,0.09065089229951939
"n=5000, N=n^(3/2)",Reference (Gaussian convention),B,0.8976879795924292,0.10455592076514306
"n=5000, N=n^(3/2)",Reference (Gaussian convention),B,0.8990610486586845,0.12017249049347085
"n=5000, N=n^(3/2)",Reference (Gaussian convention),B,0.90043411772494,0.1372492778576484
"n=5000, N=n^(3/2)",Reference (Gaussian convention),B,0.9018071867911953,0.15542787188350807
"n=5000, N=n^(3/2)",Reference (Gaussian convention),B,0.9031802558574507,0.17430362079520784
"n=5000, N=n^(3/2)",Reference (Gaussian convention),B,0.9045533249237061,0.1935252491323027
"n=5000, N=n^(3/2)",Reference (Gaussian convention),B,0.9059263939899614,0.2129213734544722
"n=5000, N=n^(3/2)",Reference (Gaussian convention),B,0.9072994630562168,0.23262647780786605
"n=5000, N=n^(3/2)",Reference (Gaussian convention),B,0.9086725321224722,0.2531694397596309
"n=5000, N=n^(3/2)",Reference (Gaussian convention),B,0.9100456011887276,0.2754906585958536
"n=5000, N=n^(3/2)",Reference (Gaussian convention),B,0.9114186702549829,0.30086983703596215
"n=5000, N=n^(3/2)",Reference (Gaussian convention),B,0.9127917393212384,0.3307695871071775
"n=5000, N=n^(3/2)",Reference (Gaussian convention),B,0.9141648083874937,0.36662140107940344
"n=5000, N=n^(3/2)",Reference (Gaussian convention),B,0.915537877453749,0.4095936995663377
"n=5000, N=n^(3/2)",Reference (Gaussian convention),B,0.9169109465200045,0.4603856445615184
"n=5000, N=n^(3/2)",Reference (Gaussian convention),B,0.9182840155862598,0.5190880772711673
"n=5000, N=n^(3/2)",Reference (Gaussian convention),B,0.9196570846525152,0.5851465298803574
"n=5000, N=n^(3/2)",Reference (Gaussian convention),B,0.9210301537187706,0.6574490706393274
"n=5000, N=n^(3/2)",Reference (Gaussian convention),B,0.922403222785026,0.7345396654342299
"n=5000, N=n^(3/2)",Reference (Gaussian convention),B,0.9237762918512813,0.814924944624203
"n=5000, N=n^(3/2)",Reference (Gaussian convention),B,0.9251493609175367,0.8974064642371088
"n=5000, N=n^(3/2)",Reference (Gaussian convention),B,0.9265224299837921,0.9813476324419568
"n=5000, N=n^(3/2)",Reference (Gaussian convention),B,0.9278954990500474,1.0667909751579125
"n=5000, N=n^(3/2)",Reference (Gaussian convention),B,0.9292685681163029,1.154383803991401
"n=5000, N=n^(3/2)",Reference (Gaussian convention),B,0.9306416371825582,1.2451380171424413
"n=5000, N=n^(3/2)",Reference (Gaussian convention),B,0.9320147062488137,1.3401168250381865
"n=5000, N=n^(3/2)",Reference (Gaussian convention),B,0.933387775315069,1.4401769035136616
"n=5000, N=n^(3/2)",Reference (Gaussian convention),B,0.9347608443813243,1.5458773848730702
"n=5000, N=n^(3/2)",Reference (Gaussian convention),B,0.9361339134475798,1.6575966184201474
"n=5000, N=n^(3/2)",Reference (Gaussian convention),B,0.9375069825138351,1.775798175164472
"n=5000, N=n^(3/2)",Reference (Gaussian convention),B,0.9388800515800905,1.9013024732140622
"n=5000, N=n^(3/2)",Reference (Gaussian convention),B,0.9402531206463459,2.035395400310851
"n=5000, N=n^(3/2)",Reference (Gaussian convention),B,0.9416261897126013,2.179665485944406
"n=5000, N=n^(3/2)",Reference (Gaussian convention),B,0.9429992587788566,2.3355913413905522
"n=5000, N=n^(3/2)",Reference (Gaussian convention),B,0.944372327845112,2.504043312317864
"n=5000, N=n^(3/2)",Reference (Gaussian convention),B,0.9457453969113674,2.684940142931589
"n=5000, N=n^(3/2)",Reference (Gaussian convention),B,0.9471184659776228,2.8772584203756577
"n=5000, N=n^(3/2)",Reference (Gaussian convention),B,0.9484915350438782,3.0794363211154367
"n=5000, N=n^(3/2)",Reference (Gaussian convention),B,0.9498646041101335,3.2900179889610177
"n=5000, N=n^(3/2)",Reference (Gaussian convention),B,0.951237673176389,3.5082558619774984
"n=5000, N=n^(3/2)",Reference (Gaussian convention),B,0.9526107422426443,3.7343995469380316
"n=5000, N=n^(3/2)",Reference (Gaussian convention),B,0.9539838113088996,3.9695469999061883
"n=5000, N=n^(3/2)",Reference (Gaussian convention),B,0.9553568803751551,4.215134647807049
"n=5000, N=n^(3/2)",Reference (Gaussian convention),B,0.9567299494414104,4.4722888353984045
"n=5000, N=n^(3/2)",Reference (Gaussian convention),B,0.9581030185076658,4.741283460404714
"n=5000, N=n^(3/2)",Reference (Gaussian convention),B,0.9594760875739212,5.021258107536149
"n=5000, N=n^(3/2)",Reference (Gaussian convention),B,0.9608491566401766,5.310219978751119
"n=5000, N=n^(3/2)",Reference (Gaussian convention),B,0.9622222257064319,5.605261537842983
"n=5000, N=n^(3/2)",Reference (Gaussian convention),B,0.9635952947726873,5.902909159793728
"n=5000, N=n^(3/2)",Reference (Gaussian convention),B,0.9649683638389427,6.199551621914295
"n=5000, N=n^(3/2)",Reference (Gaussian convention),B,0.966341432905198,6.491925058352169
"n=5000, N=n^(3/2)",Reference (Gaussian convention),B,0.9677145019714535,6.777612142248942
"n=5000, N=n^(3/2)",Reference (Gaussian convention),B,0.9690875710377088,7.0554526182991
"n=5000, N=n^(3/2)",Reference (Gaussian convention),B,0.9704606401039642,7.325706862569691
"n=5000, N=n^(3/2)",Reference (Gaussian convention),B,0.9718337091702196,7.589821182345847
"n=5000, N=n^(3/2)",Reference (Gaussian convention),B,0.973206778236475,7.849742830341183
"n=5000, N=n^(3/2)",Reference (Gaussian convention),B,0.9745798473027303,8.106904285825022
"n=5000, N=n^(3/2)",Reference (Gaussian convention),B,0.9759529163689857,8.361174196017437
"n=5000, N=n^(3/2)",Reference (Gaussian convention),B,0.9773259854352411,8.610170322088472
"n=5000, N=n^(3/2)",Reference (Gaussian convention),B,0.9786990545014964,8.849279611602613
"n=5000, N=n^(3/2)",Reference (Gaussian convention),B,0.9800721235677519,9.072518152442452
"n=5000, N=n^(3/2)",Reference (Gaussian convention),B,0.9814451926340072,9.274049559206093
"n=5000, N=n^(3/2)",Reference (Gaussian convention),B,0.9828182617002627,9.449887954139918
"n=5000, N=n^(3/2)",Reference (Gaussian convention),B,0.984191330766518,9.599180410103445
"n=5000, N=n^(3/2)",Reference (Gaussian convention),B,0.9855643998327733,9.724577915190466
"n=5000, N=n^(3/2)",Reference (Gaussian convention),B,0.9869374688990288,9.831536113464214
"n=5000, N=n^(3/2)",Reference (Gaussian convention),B,0.9883105379652841,9.926795657439902
"n=5000, N=n^(3/2)",Reference (Gaussian convention),B,0.9896836070315395,10.016588296724695
"n=5000, N=n^(3/2)",Reference (Gaussian convention),B,0.9910566760977949,10.105166782321474
"n=5000, N=n^(3/2)",Reference (Gaussian convention),B,0.9924297451640502,10.194063521962194
"n=5000, N=n^(3/2)",Reference (Gaussian convention),B,0.9938028142303057,10.282168263292617
"n=5000, N=n^(3/2)",Reference (Gaussian convention),B,0.995175883296561,10.366442182102254
"n=5000, N=n^(3/2)",Reference (Gaussian convention),B,0.9965489523628164,10.44295650987032
"n=5000, N=n^(3/2)",Reference (Gaussian convention),B,0.9979220214290718,10.507953608553883
"n=5000, N=n^(3/2)",Reference (Gaussian convention),B,0.9992950904953272,10.558702650735063
"n=5000, N=n^(3/2)",Reference (Gaussian convention),B,1.0006681595615825,10.59399494287607
"n=5000, N=n^(3/2)",Reference (Gaussian convention),B,1.002041228627838,10.614188989068596
"n=5000, N=n^(3/2)",Reference (Gaussian convention),B,1.0034142976940932,10.620808547163296
"n=5000, N=n^(3/2)",Reference (Gaussian convention),B,1.0047873667603486,10.615834343820923
"n=5000, N=n^(3/2)",Reference (Gaussian convention),B,1.006160435826604,10.600963976956503
"n=5000, N=n^(3/2)",Reference (Gaussian convention),B,1.0075335048928595,10.577153365321522
"n=5000, N=n^(3/2)",Reference (Gaussian convention),B,1.0089065739591148,10.544635120577118
"n=5000, N=n^(3/2)",Reference (Gaussian convention),B,1.0102796430253702,10.503367587187695
"n=5000, N=n^(3/2)",Reference (Gaussian convention),B,1.0116527120916254,10.453628944523986
"n=5000, N=n^(3/2)",Reference (Gaussian convention),B,1.013025781157881,10.396376161610096
"n=5000, N=n^(3/2)",Reference (Gaussian convention),B,1.0143988502241363,10.333101618847191
"n=5000, N=n^(3/2)",Reference (Gaussian convention),B,1.0157719192903918,10.265180315923658
"n=5000, N=n^(3/2)",Reference (Gaussian convention),B,1.017144988356647,10.192964520097386
"n=5000, N=n^(3/2)",Reference (Gaussian convention),B,1.0185180574229025,10.115016974954395
"n=5000, N=n^(3/2)",Reference (Gaussian convention),B,1.0198911264891577,10.027829615459154
"n=5000, N=n^(3/2)",Reference (Gaussian convention),B,1.0212641955554131,9.926197185359133
"n=5000, N=n^(3/2)",Reference (Gaussian convention),B,1.0226372646216686,9.804194367284781
"n=5000, N=n^(3/2)",Reference (Gaussian convention),B,1.024010333687924,9.656518609751252
"n=5000, N=n^(3/2)",Reference (Gaussian convention),B,1.0253834027541793,9.47984946674098
"n=5000, N=n^(3/2)",Reference (Gaussian convention),B,1.0267564718204347,9.273853410410219
"n=5000, N=n^(3/2)",Reference (Gaussian convention),B,1.0281295408866902,9.041535480968042
"n=5000, N=n^(3/2)",Reference (Gaussian convention),B,1.0295026099529454,8.788799555161656
"n=5000, N=n^(3/2)",Reference (Gaussian convention),B,1.0308756790192009,8.523295954140115
"n=5000, N=n^(3/2)",Reference (Gaussian convention),B,1.0322487480854563,8.252847264981241
"n=5000, N=n^(3/2)",Reference (Gaussian convention),B,1.0336218171517115,7.9838778099114345
"n=5000, N=n^(3/2)",Reference (Gaussian convention),B,1.034994886217967,7.720276770408842
"n=5000, N=n^(3/2)",Reference (Gaussian convention),B,1.0363679552842224,7.462992559310401
"n=5000, N=n^(3/2)",Reference (Gaussian convention),B,1.0377410243504777,7.210429732639723
"n=5000, N=n^(3/2)",Reference (Gaussian convention),B,1.039114093416733,6.959477296656724
"n=5000, N=n^(3/2)",Reference (Gaussian convention),B,1.0404871624829886,6.706822789673491
"n=5000, N=n^(3/2)",Reference (Gaussian convention),B,1.0418602315492438,6.450158140159947
"n=5000, N=n^(3/2)",Reference (Gaussian convention),B,1.0432333006154992,6.188968319465024
"n=5000, N=n^(3/2)",Reference (Gaussian convention),B,1.0446063696817547,5.924764760164991
"n=5000, N=n^(3/2)",Reference (Gaussian convention),B,1.04597943874801,5.660803999110003
"n=5000, N=n^(3/2)",Reference (Gaussian convention),B,1.0473525078142654,5.401449824247241
"n=5000, N=n^(3/2)",Reference (Gaussian convention),B,1.0487255768805208,5.151369791632612
"n=5000, N=n^(3/2)",Reference (Gaussian convention),B,1.050098645946776,4.914727476562397
"n=5000, N=n^(3/2)",Reference (Gaussian convention),B,1.0514717150130315,4.694485362123652
"n=5000, N=n^(3/2)",Reference (Gaussian convention),B,1.052844784079287,4.491902591608436
"n=5000, N=n^(3/2)",Reference (Gaussian convention),B,1.0542178531455422,4.306299037699383
"n=5000, N=n^(3/2)",Reference (Gaussian convention),B,1.0555909222117976,4.1351410425884945
"n=5000, N=n^(3/2)",Reference (Gaussian convention),B,1.056963991278053,3.9744627935042445
"n=5000, N=n^(3/2)",Reference (Gaussian convention),B,1.0583370603443085,3.819567556766809
"n=5000, N=n^(3/2)",Reference (Gaussian convention),B,1.0597101294105638,3.665875234916712
"n=5000, N=n^(3/2)",Reference (Gaussian convention),B,1.0610831984768192,3.5097297850905993
"n=5000, N=n^(3/2)",Reference (Gaussian convention),B,1.0624562675430744,3.348979349098658
"n=5000, N=n^(3/2)",Reference (Gaussian convention),B,1.0638293366093299,3.1832005773178933
"n=5000, N=n^(3/2)",Reference (Gaussian convention),B,1.0652024056755853,3.0135386711751213
"n=5000, N=n^(3/2)",Reference (Gaussian convention),B,1.0665754747418408,2.8422406434090823
"n=5000, N=n^(3/2)",Reference (Gaussian convention),B,1.067948543808096,2.672033847865243
"n=5000, N=n^(3/2)",Reference (Gaussian convention),B,1.0693216128743515,2.5055219181711372
"n=5000, N=n^(3/2)",Reference (Gaussian convention),B,1.0706946819406067,2.3447358859826477
"n=5000, N=n^(3/2)",Reference (Gaussian convention),B,1.0720677510068621,2.1909100012790526
"n=5000, N=n^(3/2)",Reference (Gaussian convention),B,1.0734408200731176,2.044479372742676
"n=5000, N=n^(3/2)",Reference (Gaussian convention),B,1.074813889139373,1.9052450435371098
"n=5000, N=n^(3/2)",Reference (Gaussian convention),B,1.0761869582056283,1.7726324358388823
"n=5000, N=n^(3/2)",Reference (Gaussian convention),B,1.0775600272718837,1.6459763797904143
"n=5000, N=n^(3/2)",Reference (Gaussian convention),B,1.0789330963381392,1.5247851563284618
"n=5000, N=n^(3/2)",Reference (Gaussian convention),B,1.0803061654043944,1.4089513450660536
"n=5000, N=n^(3/2)",Reference (Gaussian convention),B,1.0816792344706498,1.2988810827765098
"n=5000, N=n^(3/2)",Reference (Gaussian convention),B,1.0830523035369053,1.1955101518783589
"n=5000, N=n^(3/2)",Reference (Gaussian convention),B,1.0844253726031605,1.1001788247521893
"n=5000, N=n^(3/2)",Reference (Gaussian convention),B,1.085798441669416,1.0143607174539868
"n=5000, N=n^(3/2)",Reference (Gaussian convention),B,1.0871715107356714,0.9392852650168846
"n=5000, N=n^(3/2)",Reference (Gaussian convention),B,1.0885445798019266,0.8755428406899103
"n=5000, N=n^(3/2)",Reference (Gaussian convention),B,1.089917648868182,0.8227891799453481
"n=5000, N=n^(3/2)",Reference (Gaussian convention),B,1.0912907179344375,0.7796499841107558
"n=5000, N=n^(3/2)",Reference (Gaussian convention),B,1.0926637870006928,0.7438666317360727
"n=5000, N=n^(3/2)",Reference (Gaussian convention),B,1.0940368560669482,0.7126438756339836
"n=5000, N=n^(3/2)",Reference (Gaussian convention),B,1.0954099251332037,0.6830968680000686
"n=5000, N=n^(3/2)",Reference (Gaussian convention),B,1.096782994199459,0.6526759386725455
"n=5000, N=n^(3/2)",Reference (Gaussian convention),B,1.0981560632657144,0.6194768856262537
"n=5000, N=n^(3/2)",Reference (Gaussian convention),B,1.0995291323319698,0.582400873257263
"n=5000, N=n^(3/2)",Reference (Gaussian convention),B,1.100902201398225,0.5411798353344186
"n=5000, N=n^(3/2)",Reference (Gaussian convention),B,1.1022752704644805,0.4963078487163129
"n=5000, N=n^(3/2)",Reference (Gaussian convention),B,1.103648339530736,0.4489137211137114
"n=5000, N=n^(3/2)",Reference (Gaussian convention),B,1.1050214085969912,0.40059021014733187
"n=5000, N=n^(3/2)",Reference (Gaussian convention),B,1.1063944776632466,0.3531812557297193
"n=5000, N=n^(3/2)",Reference (Gaussian convention),B,1.107767546729502,0.3085324677965655
"n=5000, N=n^(3/2)",Reference (Gaussian convention),B,1.1091406157957575,0.2682294454584073
"n=5000, N=n^(3/2)",Reference (Gaussian convention),B,1.1105136848620127,0.23336978138491582
"n=5000, N=n^(3/2)",Reference (Gaussian convention),B,1.1118867539282682,0.20442251569410477
"n=5000, N=n^(3/2)",Reference (Gaussian convention),B,1.1132598229945234,0.18121512417143185
"n=5000, N=n^(3/2)",Reference (Gaussian convention),B,1.1146328920607789,0.16305548858639032
"n=5000, N=n^(3/2)",Reference (Gaussian convention),B,1.1160059611270343,0.1489561802836036
"n=5000, N=n^(3/2)",Reference (Gaussian convention),B,1.1173790301932898,0.13789575270965715
"n=5000, N=n^(3/2)",Reference (Gaussian convention),B,1.118752099259545,0.1290392800153383
"n=5000, N=n^(3/2)",Reference (Gaussian convention),B,1.1201251683258004,0.12185411739856024
"n=5000, N=n^(3/2)",Reference (Gaussian convention),B,1.1214982373920557,0.11609367236035362
"n=5000, N=n^(3/2)",Reference (Gaussian convention),B,1.1228713064583111,0.11166968359850485
"n=5000, N=n^(3/2)",Reference (Gaussian convention),B,1.1242443755245666,0.10847433096184707
"n=5000, N=n^(3/2)",Reference (Gaussian convention),B,1.125617444590822,0.10623078321390092
"n=5000, N=n^(3/2)",Reference (Gaussian convention),B,1.1269905136570773,0.10443659551372941
"n=5000, N=n^(3/2)",Reference (Gaussian convention),B,1.1283635827233327,0.1024240567337201
"n=5000, N=n^(3/2)",Reference (Gaussian convention),B,1.129736651789588,0.09951221938001968
"n=5000, N=n^(3/2)",Reference (Gaussian convention),B,1.1311097208558434,0.09518809029637414
"n=5000, N=n^(3/2)",Reference (Gaussian convention),B,1.1324827899220988,0.0892447508839833
"n=5000, N=n^(3/2)",Reference (Gaussian convention),B,1.1338558589883543,0.08182473881355569
"n=5000, N=n^(3/2)",Reference (Gaussian convention),B,1.1352289280546095,0.07335722915187207
"n=5000, N=n^(3/2)",Reference (Gaussian convention),B,1.136601997120865,0.0644190356001081
"n=5000, N=n^(3/2)",flow-NPE,B,0.8633612529360447,0.06822413655032174
"n=5000, N=n^(3/2)",flow-NPE,B,0.8647343220023,0.07441380663803955
"n=5000, N=n^(3/2)",flow-NPE,B,0.8661073910685555,0.08107997460346483
"n=5000, N=n^(3/2)",flow-NPE,B,0.8674804601348108,0.08825593640393797
"n=5000, N=n^(3/2)",flow-NPE,B,0.8688535292010662,0.09597746646369985
"n=5000, N=n^(3/2)",flow-NPE,B,0.8702265982673216,0.10428295876156962
"n=5000, N=n^(3/2)",flow-NPE,B,0.871599667333577,0.11321355635899608
"n=5000, N=n^(3/2)",flow-NPE,B,0.8729727363998323,0.12281326271884903
"n=5000, N=n^(3/2)",flow-NPE,B,0.8743458054660878,0.1331290278564611
"n=5000, N=n^(3/2)",flow-NPE,B,0.8757188745323431,0.14421080256618765
"n=5000, N=n^(3/2)",flow-NPE,B,0.8770919435985985,0.15611155471908195
"n=5000, N=n^(3/2)",flow-NPE,B,0.8784650126648539,0.16888724292080076
"n=5000, N=n^(3/2)",flow-NPE,B,0.8798380817311092,0.1825967445926015
"n=5000, N=n^(3/2)",flow-NPE,B,0.8812111507973647,0.19730173768113848
"n=5000, N=n^(3/2)",flow-NPE,B,0.88258421986362,0.21306653756254967
"n=5000, N=n^(3/2)",flow-NPE,B,0.8839572889298754,0.22995789310099723
"n=5000, N=n^(3/2)",flow-NPE,B,0.8853303579961308,0.2480447480561569
"n=5000, N=n^(3/2)",flow-NPE,B,0.8867034270623861,0.26739797591712366
"n=5000, N=n^(3/2)",flow-NPE,B,0.8880764961286415,0.2880900976027878
"n=5000, N=n^(3/2)",flow-NPE,B,0.8894495651948969,0.31019499217991925
"n=5000, N=n^(3/2)",flow-NPE,B,0.8908226342611523,0.3337876107292947
"n=5000, N=n^(3/2)",flow-NPE,B,0.8921957033274076,0.35894370271464415
"n=5000, N=n^(3/2)",flow-NPE,B,0.8935687723936631,0.3857395627164324
"n=5000, N=n^(3/2)",flow-NPE,B,0.8949418414599184,0.4142518032769809
"n=5000, N=n^(3/2)",flow-NPE,B,0.8963149105261737,0.44455715700810966
"n=5000, N=n^(3/2)",flow-NPE,B,0.8976879795924292,0.47673230821599855
"n=5000, N=n^(3/2)",flow-NPE,B,0.8990610486586845,0.5108537513010294
"n=5000, N=n^(3/2)",flow-NPE,B,0.90043411772494,0.5469976702982811
"n=5000, N=n^(3/2)",flow-NPE,B,0.9018071867911953,0.5852398313339526
"n=5000, N=n^(3/2)",flow-NPE,B,0.9031802558574507,0.6256554776582159
"n=5000, N=n^(3/2)",flow-NPE,B,0.9045533249237061,0.6683192154178724
"n=5000, N=n^(3/2)",flow-NPE,B,0.9059263939899614,0.7133048775568596
"n=5000, N=n^(3/2)",flow-NPE,B,0.9072994630562168,0.7606853532415043
"n=5000, N=n^(3/2)",flow-NPE,B,0.9086725321224722,0.81053237102365
"n=5000, N=n^(3/2)",flow-NPE,B,0.9100456011887276,0.8629162255631473
"n=5000, N=n^(3/2)",flow-NPE,B,0.9114186702549829,0.9179054400834847
"n=5000, N=n^(3/2)",flow-NPE,B,0.9127917393212384,0.975566359753636
"n=5000, N=n^(3/2)",flow-NPE,B,0.9141648083874937,1.0359626747726411
"n=5000, N=n^(3/2)",flow-NPE,B,0.915537877453749,1.0991548759566305
"n=5000, N=n^(3/2)",flow-NPE,B,0.9169109465200045,1.1651996499429182
"n=5000, N=n^(3/2)",flow-NPE,B,0.9182840155862598,1.2341492255659183
"n=5000, N=n^(3/2)",flow-NPE,B,0.9196570846525152,1.3060506873323707
"n=5000, N=n^(3/2)",flow-NPE,B,0.9210301537187706,1.380945276017364
"n=5000, N=n^(3/2)",flow-NPE,B,0.922403222785026,1.458867699985239
"n=5000, N=n^(3/2)",flow-NPE,B,0.9237762918512813,1.5398454836621582
"n=5000, N=n^(3/2)",flow-NPE,B,0.9251493609175367,1.6238983813972514
"n=5000, N=n^(3/2)",flow-NPE,B,0.9265224299837921,1.711037885501117
"n=5000, N=n^(3/2)",flow-NPE,B,0.9278954990500474,1.8012668563242158
"n=5000, N=n^(3/2)",flow-NPE,B,0.9292685681163029,1.8945792996625308
"n=5000, N=n^(3/2)",flow-NPE,B,0.9306416371825582,1.990960312454638
"n=5000, N=n^(3/2)",flow-NPE,B,0.9320147062488137,2.0903862116592595
"n=5000, N=n^(3/2)",flow-NPE,B,0.933387775315069,2.192824853487233
"n=5000, N=n^(3/2)",flow-NPE,B,0.9347608443813243,2.2982361410497725
"n=5000, N=n^(3/2)",flow-NPE,B,0.9361339134475798,2.406572708348511
"n=5000, N=n^(3/2)",flow-NPE,B,0.9375069825138351,2.5177807578754092
"n=5000, N=n^(3/2)",flow-NPE,B,0.9388800515800905,2.6318010185144582
"n=5000, N=n^(3/2)",flow-NPE,B,0.9402531206463459,2.748569780615646
"n=5000, N=n^(3/2)",flow-NPE,B,0.9416261897126013,2.8680199567410716
"n=5000, N=n^(3/2)",flow-NPE,B,0.9429992587788566,2.990082110321802
"n=5000, N=n^(3/2)",flow-NPE,B,0.944372327845112,3.1146853908809624
"n=5000, N=n^(3/2)",flow-NPE,B,0.9457453969113674,3.24175831398896
"n=5000, N=n^(3/2)",flow-NPE,B,0.9471184659776228,3.3712293269394698
"n=5000, N=n^(3/2)",flow-NPE,B,0.9484915350438782,3.503027107256324
"n=5000, N=n^(3/2)",flow-NPE,B,0.9498646041101335,3.6370805503046153
"n=5000, N=n^(3/2)",flow-NPE,B,0.951237673176389,3.773318414000485
"n=5000, N=n^(3/2)",flow-NPE,B,0.9526107422426443,3.911668602210397
"n=5000, N=n^(3/2)",flow-NPE,B,0.9539838113088996,4.052057083094239
"n=5000, N=n^(3/2)",flow-NPE,B,0.9553568803751551,4.194406453506853
"n=5000, N=n^(3/2)",flow-NPE,B,0.9567299494414104,4.338634174798184
"n=5000, N=n^(3/2)",flow-NPE,B,0.9581030185076658,4.484650518222814
"n=5000, N=n^(3/2)",flow-NPE,B,0.9594760875739212,4.632356269160448
"n=5000, N=n^(3/2)",flow-NPE,B,0.9608491566401766,4.781640248177493
"n=5000, N=n^(3/2)",flow-NPE,B,0.9622222257064319,4.93237671360601
"n=5000, N=n^(3/2)",flow-NPE,B,0.9635952947726873,5.084422715010237
"n=5000, N=n^(3/2)",flow-NPE,B,0.9649683638389427,5.237615470083873
"n=5000, N=n^(3/2)",flow-NPE,B,0.966341432905198,5.391769839710908
"n=5000, N=n^(3/2)",flow-NPE,B,0.9677145019714535,5.5466759776888015
"n=5000, N=n^(3/2)",flow-NPE,B,0.9690875710377088,5.702097233391702
"n=5000, N=n^(3/2)",flow-NPE,B,0.9704606401039642,5.857768387677364
"n=5000, N=n^(3/2)",flow-NPE,B,0.9718337091702196,6.013394304528129
"n=5000, N=n^(3/2)",flow-NPE,B,0.973206778236475,6.168649082830943
"n=5000, N=n^(3/2)",flow-NPE,B,0.9745798473027303,6.3231757935464925
"n=5000, N=n^(3/2)",flow-NPE,B,0.9759529163689857,6.476586886190638
"n=5000, N=n^(3/2)",flow-NPE,B,0.9773259854352411,6.628465343755909
"n=5000, N=n^(3/2)",flow-NPE,B,0.9786990545014964,6.7783666555949145
"n=5000, N=n^(3/2)",flow-NPE,B,0.9800721235677519,6.925821662182114
"n=5000, N=n^(3/2)",flow-NPE,B,0.9814451926340072,7.070340303217991
"n=5000, N=n^(3/2)",flow-NPE,B,0.9828182617002627,7.211416270936998
"n=5000, N=n^(3/2)",flow-NPE,B,0.984191330766518,7.3485325341091094
"n=5000, N=n^(3/2)",flow-NPE,B,0.9855643998327733,7.481167656256645
"n=5000, N=n^(3/2)",flow-NPE,B,0.9869374688990288,7.608802786007175
"n=5000, N=n^(3/2)",flow-NPE,B,0.9883105379652841,7.73092915097469
"n=5000, N=n^(3/2)",flow-NPE,B,0.9896836070315395,7.847055842369265
"n=5000, N=n^(3/2)",flow-NPE,B,0.9910566760977949,7.95671763928161
"n=5000, N=n^(3/2)",flow-NPE,B,0.9924297451640502,8.059482592902222
"n=5000, N=n^(3/2)",flow-NPE,B,0.9938028142303057,8.15495907513348
"n=5000, N=n^(3/2)",flow-NPE,B,0.995175883296561,8.242801995814977
"n=5000, N=n^(3/2)",flow-NPE,B,0.9965489523628164,8.32271790982433
"n=5000, N=n^(3/2)",flow-NPE,B,0.9979220214290718,8.394468770168553
"n=5000, N=n^(3/2)",flow-NPE,B,0.9992950904953272,8.457874135024596
"n=5000, N=n^(3/2)",flow-NPE,B,1.0006681595615825,8.512811703330659
"n=5000, N=n^(3/2)",flow-NPE,B,1.002041228627838,8.559216131495502
"n=5000, N=n^(3/2)",flow-NPE,B,1.0034142976940932,8.597076168525618
"n=5000, N=n^(3/2)",flow-NPE,B,1.0047873667603486,8.626430233069845
"n=5000, N=n^(3/2)",flow-NPE,B,1.006160435826604,8.64736063787628
"n=5000, N=n^(3/2)",flow-NPE,B,1.0075335048928595,8.659986739381198
"n=5000, N=n^(3/2)",flow-NPE,B,1.0089065739591148,8.664457347570144
"n=5000, N=n^(3/2)",flow-NPE,B,1.0102796430253702,8.660942769793998
"n=5000, N=n^(3/2)",flow-NPE,B,1.0116527120916254,8.649626879114685
"n=5000, N=n^(3/2)",flow-NPE,B,1.013025781157881,8.630699591761989
"n=5000, N=n^(3/2)",flow-NPE,B,1.0143988502241363,8.604350109797101
"n=5000, N=n^(3/2)",flow-NPE,B,1.0157719192903918,8.570761236127547
"n=5000, N=n^(3/2)",flow-NPE,B,1.017144988356647,8.530105003031151
"n=5000, N=n^(3/2)",flow-NPE,B,1.0185180574229025,8.482539776931329
"n=5000, N=n^(3/2)",flow-NPE,B,1.0198911264891577,8.428208916675944
"n=5000, N=n^(3/2)",flow-NPE,B,1.0212641955554131,8.36724097569271
"n=5000, N=n^(3/2)",flow-NPE,B,1.0226372646216686,8.299751355682057
"n=5000, N=n^(3/2)",flow-NPE,B,1.024010333687924,8.225845245968207
"n=5000, N=n^(3/2)",flow-NPE,B,1.0253834027541793,8.145621622348528
"n=5000, N=n^(3/2)",flow-NPE,B,1.0267564718204347,8.059178035166385
"n=5000, N=n^(3/2)",flow-NPE,B,1.0281295408866902,7.966615889971311
"n=5000, N=n^(3/2)",flow-NPE,B,1.0295026099529454,7.868045915743554
"n=5000, N=n^(3/2)",flow-NPE,B,1.0308756790192009,7.7635935242356195
"n=5000, N=n^(3/2)",flow-NPE,B,1.0322487480854563,7.653403787426675
"n=5000, N=n^(3/2)",flow-NPE,B,1.0336218171517115,7.537645795544761
"n=5000, N=n^(3/2)",flow-NPE,B,1.034994886217967,7.416516202246246
"n=5000, N=n^(3/2)",flow-NPE,B,1.0363679552842224,7.290241812888147
"n=5000, N=n^(3/2)",flow-NPE,B,1.0377410243504777,7.159081123063535
"n=5000, N=n^(3/2)",flow-NPE,B,1.039114093416733,7.023324764783976
"n=5000, N=n^(3/2)",flow-NPE,B,1.0404871624829886,6.883294864532036
"n=5000, N=n^(3/2)",flow-NPE,B,1.0418602315492438,6.739343359179997
"n=5000, N=n^(3/2)",flow-NPE,B,1.0432333006154992,6.5918493514425505
"n=5000, N=n^(3/2)",flow-NPE,B,1.0446063696817547,6.441215615645205
"n=5000, N=n^(3/2)",flow-NPE,B,1.04597943874801,6.287864387164618
"n=5000, N=n^(3/2)",flow-NPE,B,1.0473525078142654,6.132232585256659
"n=5000, N=n^(3/2)",flow-NPE,B,1.0487255768805208,5.9747666296219535
"n=5000, N=n^(3/2)",flow-NPE,B,1.050098645946776,5.8159170164703635
"n=5000, N=n^(3/2)",flow-NPE,B,1.0514717150130315,5.656132820470847
"n=5000, N=n^(3/2)",flow-NPE,B,1.052844784079287,5.4958562851208255
"n=5000, N=n^(3/2)",flow-NPE,B,1.0542178531455422,5.335517655903718
"n=5000, N=n^(3/2)",flow-NPE,B,1.0555909222117976,5.175530398240905
"n=5000, N=n^(3/2)",flow-NPE,B,1.056963991278053,5.016286925761381
"n=5000, N=n^(3/2)",flow-NPE,B,1.0583370603443085,4.858154943998751
"n=5000, N=n^(3/2)",flow-NPE,B,1.0597101294105638,4.701474490645318
"n=5000, N=n^(3/2)",flow-NPE,B,1.0610831984768192,4.546555726559119
"n=5000, N=n^(3/2)",flow-NPE,B,1.0624562675430744,4.393677502734257
"n=5000, N=n^(3/2)",flow-NPE,B,1.0638293366093299,4.243086698584325
"n=5000, N=n^(3/2)",flow-NPE,B,1.0652024056755853,4.094998297553987
"n=5000, N=n^(3/2)",flow-NPE,B,1.0665754747418408,3.9495961387857643
"n=5000, N=n^(3/2)",flow-NPE,B,1.067948543808096,3.807034259854716
"n=5000, N=n^(3/2)",flow-NPE,B,1.0693216128743515,3.6674387268206066
"n=5000, N=n^(3/2)",flow-NPE,B,1.0706946819406067,3.530909835139594
"n=5000, N=n^(3/2)",flow-NPE,B,1.0720677510068621,3.397524559026936
"n=5000, N=n^(3/2)",flow-NPE,B,1.0734408200731176,3.2673391279004713
"n=5000, N=n^(3/2)",flow-NPE,B,1.074813889139373,3.140391616266517
"n=5000, N=n^(3/2)",flow-NPE,B,1.0761869582056283,3.016704447064475
"n=5000, N=n^(3/2)",flow-NPE,B,1.0775600272718837,2.896286726834895
"n=5000, N=n^(3/2)",flow-NPE,B,1.0789330963381392,2.7791363525957324
"n=5000, N=n^(3/2)",flow-NPE,B,1.0803061654043944,2.665241853271147
"n=5000, N=n^(3/2)",flow-NPE,B,1.0816792344706498,2.554583951172892
"n=5000, N=n^(3/2)",flow-NPE,B,1.0830523035369053,2.447136849758721
"n=5000, N=n^(3/2)",flow-NPE,B,1.0844253726031605,2.342869271311233
"n=5000, N=n^(3/2)",flow-NPE,B,1.085798441669416,2.241745281295835
"n=5000, N=n^(3/2)",flow-NPE,B,1.0871715107356714,2.1437249443825555
"n=5000, N=n^(3/2)",flow-NPE,B,1.0885445798019266,2.0487648603288635
"n=5000, N=n^(3/2)",flow-NPE,B,1.089917648868182,1.9568186264159702
"n=5000, N=n^(3/2)",flow-NPE,B,1.0912907179344375,1.8678372675719166
"n=5000, N=n^(3/2)",flow-NPE,B,1.0926637870006928,1.7817696666440277
"n=5000, N=n^(3/2)",flow-NPE,B,1.0940368560669482,1.69856301660984
"n=5000, N=n^(3/2)",flow-NPE,B,1.0954099251332037,1.618163305006606
"n=5000, N=n^(3/2)",flow-NPE,B,1.096782994199459,1.540515829631419
"n=5000, N=n^(3/2)",flow-NPE,B,1.0981560632657144,1.465565734591088
"n=5000, N=n^(3/2)",flow-NPE,B,1.0995291323319698,1.3932585478318606
"n=5000, N=n^(3/2)",flow-NPE,B,1.100902201398225,1.32354069586404
"n=5000, N=n^(3/2)",flow-NPE,B,1.1022752704644805,1.256359968772125
"n=5000, N=n^(3/2)",flow-NPE,B,1.103648339530736,1.1916659087586094
"n=5000, N=n^(3/2)",flow-NPE,B,1.1050214085969912,1.1294100981858946
"n=5000, N=n^(3/2)",flow-NPE,B,1.1063944776632466,1.0695463279511384
"n=5000, N=n^(3/2)",flow-NPE,B,1.107767546729502,1.0120306335240599
"n=5000, N=n^(3/2)",flow-NPE,B,1.1091406157957575,0.9568211935010029
"n=5000, N=n^(3/2)",flow-NPE,B,1.1105136848620127,0.9038780934633167
"n=5000, N=n^(3/2)",flow-NPE,B,1.1118867539282682,0.8531629656849896
"n=5000, N=n^(3/2)",flow-NPE,B,1.1132598229945234,0.804638522287727
"n=5000, N=n^(3/2)",flow-NPE,B,1.1146328920607789,0.7582680053515387
"n=5000, N=n^(3/2)",flow-NPE,B,1.1160059611270343,0.7140145819255422
"n=5000, N=n^(3/2)",flow-NPE,B,1.1173790301932898,0.6718407146245542
"n=5000, N=n^(3/2)",flow-NPE,B,1.118752099259545,0.6317075394434885
"n=5000, N=n^(3/2)",flow-NPE,B,1.1201251683258004,0.593574281579321
"n=5000, N=n^(3/2)",flow-NPE,B,1.1214982373920557,0.5573977375364404
"n=5000, N=n^(3/2)",flow-NPE,B,1.1228713064583111,0.5231318478105225
"n=5000, N=n^(3/2)",flow-NPE,B,1.1242443755245666,0.490727379285392
"n=5000, N=n^(3/2)",flow-NPE,B,1.125617444590822,0.46013173048130396
"n=5000, N=n^(3/2)",flow-NPE,B,1.1269905136570773,0.4312888663468723
"n=5000, N=n^(3/2)",flow-NPE,B,1.1283635827233327,0.4041393827911208
"n=5000, N=n^(3/2)",flow-NPE,B,1.129736651789588,0.378620694998001
"n=5000, N=n^(3/2)",flow-NPE,B,1.1311097208558434,0.3546673381092064
"n=5000, N=n^(3/2)",flow-NPE,B,1.1324827899220988,0.33221136440079935
"n=5000, N=n^(3/2)",flow-NPE,B,1.1338558589883543,0.31118281783142837
"n=5000, N=n^(3/2)",flow-NPE,B,1.1352289280546095,0.29151026492969306
"n=5000, N=n^(3/2)",flow-NPE,B,1.136601997120865,0.27312136043505886
"n=5000, N=n^(3/2)",Gaussian-NPE,B,0.8633612529360447,0.2281590279441545
"n=5000, N=n^(3/2)",Gaussian-NPE,B,0.8647343220023,0.25484234924091753
"n=5000, N=n^(3/2)",Gaussian-NPE,B,0.8661073910685555,0.28424003856569124
"n=5000, N=n^(3/2)",Gaussian-NPE,B,0.8674804601348108,0.3160681126018497
"n=5000, N=n^(3/2)",Gaussian-NPE,B,0.8688535292010662,0.34976110999669885
"n=5000, N=n^(3/2)",Gaussian-NPE,B,0.8702265982673216,0.3845320701206646
"n=5000, N=n^(3/2)",Gaussian-NPE,B,0.871599667333577,0.4194885079014412
"n=5000, N=n^(3/2)",Gaussian-NPE,B,0.8729727363998323,0.4537827272581121
"n=5000, N=n^(3/2)",Gaussian-NPE,B,0.8743458054660878,0.48676468989031396
"n=5000, N=n^(3/2)",Gaussian-NPE,B,0.8757188745323431,0.5181036455348319
"n=5000, N=n^(3/2)",Gaussian-NPE,B,0.8770919435985985,0.5478517224576495
"n=5000, N=n^(3/2)",Gaussian-NPE,B,0.8784650126648539,0.5764368553069207
"n=5000, N=n^(3/2)",Gaussian-NPE,B,0.8798380817311092,0.6045897749133488
"n=5000, N=n^(3/2)",Gaussian-NPE,B,0.8812111507973647,0.6332253330236711
"n=5000, N=n^(3/2)",Gaussian-NPE,B,0.88258421986362,0.6633078382011602
"n=5000, N=n^(3/2)",Gaussian-NPE,B,0.8839572889298754,0.6957309746828959
"n=5000, N=n^(3/2)",Gaussian-NPE,B,0.8853303579961308,0.7312355686283564
"n=5000, N=n^(3/2)",Gaussian-NPE,B,0.8867034270623861,0.7703757123063718
"n=5000, N=n^(3/2)",Gaussian-NPE,B,0.8880764961286415,0.8135297496840906
"n=5000, N=n^(3/2)",Gaussian-NPE,B,0.8894495651948969,0.8609415638165985
"n=5000, N=n^(3/2)",Gaussian-NPE,B,0.8908226342611523,0.9127723517002816
"n=5000, N=n^(3/2)",Gaussian-NPE,B,0.8921957033274076,0.9691443733280549
"n=5000, N=n^(3/2)",Gaussian-NPE,B,0.8935687723936631,1.030164649782357
"n=5000, N=n^(3/2)",Gaussian-NPE,B,0.8949418414599184,1.0959254894667974
"n=5000, N=n^(3/2)",Gaussian-NPE,B,0.8963149105261737,1.166486966301133
"n=5000, N=n^(3/2)",Gaussian-NPE,B,0.8976879795924292,1.2418517152859307
"n=5000, N=n^(3/2)",Gaussian-NPE,B,0.8990610486586845,1.3219436480442128
"n=5000, N=n^(3/2)",Gaussian-NPE,B,0.90043411772494,1.406599804252189
"n=5000, N=n^(3/2)",Gaussian-NPE,B,0.9018071867911953,1.4955798846532313
"n=5000, N=n^(3/2)",Gaussian-NPE,B,0.9031802558574507,1.5885927440544096
"n=5000, N=n^(3/2)",Gaussian-NPE,B,0.9045533249237061,1.6853347526466473
"n=5000, N=n^(3/2)",Gaussian-NPE,B,0.9059263939899614,1.7855324382246764
"n=5000, N=n^(3/2)",Gaussian-NPE,B,0.9072994630562168,1.888981535419288
"n=5000, N=n^(3/2)",Gaussian-NPE,B,0.9086725321224722,1.9955761826129488
"n=5000, N=n^(3/2)",Gaussian-NPE,B,0.9100456011887276,2.1053246631405926
"n=5000, N=n^(3/2)",Gaussian-NPE,B,0.9114186702549829,2.2183506087152907
"n=5000, N=n^(3/2)",Gaussian-NPE,B,0.9127917393212384,2.3348799060614613
"n=5000, N=n^(3/2)",Gaussian-NPE,B,0.9141648083874937,2.4552132652381546
"n=5000, N=n^(3/2)",Gaussian-NPE,B,0.915537877453749,2.5796831709166357
"n=5000, N=n^(3/2)",Gaussian-NPE,B,0.9169109465200045,2.7085933851079345
"n=5000, N=n^(3/2)",Gaussian-NPE,B,0.9182840155862598,2.842141221528082
"n=5000, N=n^(3/2)",Gaussian-NPE,B,0.9196570846525152,2.9803285196441487
"n=5000, N=n^(3/2)",Gaussian-NPE,B,0.9210301537187706,3.1228757587998857
"n=5000, N=n^(3/2)",Gaussian-NPE,B,0.922403222785026,3.269162050002711
"n=5000, N=n^(3/2)",Gaussian-NPE,B,0.9237762918512813,3.418217509802204
"n=5000, N=n^(3/2)",Gaussian-NPE,B,0.9251493609175367,3.5687899506341343
"n=5000, N=n^(3/2)",Gaussian-NPE,B,0.9265224299837921,3.719493596694047
"n=5000, N=n^(3/2)",Gaussian-NPE,B,0.9278954990500474,3.869026019278028
"n=5000, N=n^(3/2)",Gaussian-NPE,B,0.9292685681163029,4.0164164676590355
"n=5000, N=n^(3/2)",Gaussian-NPE,B,0.9306416371825582,4.161251710895476
"n=5000, N=n^(3/2)",Gaussian-NPE,B,0.9320147062488137,4.303820946433042
"n=5000, N=n^(3/2)",Gaussian-NPE,B,0.933387775315069,4.4451324890891675
"n=5000, N=n^(3/2)",Gaussian-NPE,B,0.9347608443813243,4.5867804063847295
"n=5000, N=n^(3/2)",Gaussian-NPE,B,0.9361339134475798,4.730673191777647
"n=5000, N=n^(3/2)",Gaussian-NPE,B,0.9375069825138351,4.878670386297497
"n=5000, N=n^(3/2)",Gaussian-NPE,B,0.9388800515800905,5.032197866392594
"n=5000, N=n^(3/2)",Gaussian-NPE,B,0.9402531206463459,5.191921536534619
"n=5000, N=n^(3/2)",Gaussian-NPE,B,0.9416261897126013,5.35754957281744
"n=5000, N=n^(3/2)",Gaussian-NPE,B,0.9429992587788566,5.527807060778523
"n=5000, N=n^(3/2)",Gaussian-NPE,B,0.944372327845112,5.700590092092246
"n=5000, N=n^(3/2)",Gaussian-NPE,B,0.9457453969113674,5.873268199074992
"n=5000, N=n^(3/2)",Gaussian-NPE,B,0.9471184659776228,6.043073977525715
"n=5000, N=n^(3/2)",Gaussian-NPE,B,0.9484915350438782,6.207504256855444
"n=5000, N=n^(3/2)",Gaussian-NPE,B,0.9498646041101335,6.364661126715403
"n=5000, N=n^(3/2)",Gaussian-NPE,B,0.951237673176389,6.5134808947869045
"n=5000, N=n^(3/2)",Gaussian-NPE,B,0.9526107422426443,6.653827270638678
"n=5000, N=n^(3/2)",Gaussian-NPE,B,0.9539838113088996,6.786452303415308
"n=5000, N=n^(3/2)",Gaussian-NPE,B,0.9553568803751551,6.912846978668425
"n=5000, N=n^(3/2)",Gaussian-NPE,B,0.9567299494414104,7.035009760625765
"n=5000, N=n^(3/2)",Gaussian-NPE,B,0.9581030185076658,7.15515846004285
"n=5000, N=n^(3/2)",Gaussian-NPE,B,0.9594760875739212,7.275405543775427
"n=5000, N=n^(3/2)",Gaussian-NPE,B,0.9608491566401766,7.3974167403631395
"n=5000, N=n^(3/2)",Gaussian-NPE,B,0.9622222257064319,7.522081155835754
"n=5000, N=n^(3/2)",Gaussian-NPE,B,0.9635952947726873,7.64923554816607
"n=5000, N=n^(3/2)",Gaussian-NPE,B,0.9649683638389427,7.777497888502583
"n=5000, N=n^(3/2)",Gaussian-NPE,B,0.966341432905198,7.904265990770761
"n=5000, N=n^(3/2)",Gaussian-NPE,B,0.9677145019714535,8.025919029685722
"n=5000, N=n^(3/2)",Gaussian-NPE,B,0.9690875710377088,8.138223350816139
"n=5000, N=n^(3/2)",Gaussian-NPE,B,0.9704606401039642,8.236897158678623
"n=5000, N=n^(3/2)",Gaussian-NPE,B,0.9718337091702196,8.3182449327877
"n=5000, N=n^(3/2)",Gaussian-NPE,B,0.973206778236475,8.379745860312786
"n=5000, N=n^(3/2)",Gaussian-NPE,B,0.9745798473027303,8.420480741825138
"n=5000, N=n^(3/2)",Gaussian-NPE,B,0.9759529163689857,8.441310302833612
"n=5000, N=n^(3/2)",Gaussian-NPE,B,0.9773259854352411,8.444767724239663
"n=5000, N=n^(3/2)",Gaussian-NPE,B,0.9786990545014964,8.434686516069297
"n=5000, N=n^(3/2)",Gaussian-NPE,B,0.9800721235677519,8.415636815558805
"n=5000, N=n^(3/2)",Gaussian-NPE,B,0.9814451926340072,8.39227667242622
"n=5000, N=n^(3/2)",Gaussian-NPE,B,0.9828182617002627,8.368733617653607
"n=5000, N=n^(3/2)",Gaussian-NPE,B,0.984191330766518,8.348116382551636
"n=5000, N=n^(3/2)",Gaussian-NPE,B,0.9855643998327733,8.33222331947438
"n=5000, N=n^(3/2)",Gaussian-NPE,B,0.9869374688990288,8.321472247072055
"n=5000, N=n^(3/2)",Gaussian-NPE,B,0.9883105379652841,8.315035655698743
"n=5000, N=n^(3/2)",Gaussian-NPE,B,0.9896836070315395,8.311132956892294
"n=5000, N=n^(3/2)",Gaussian-NPE,B,0.9910566760977949,8.30741211144268
"n=5000, N=n^(3/2)",Gaussian-NPE,B,0.9924297451640502,8.301347788125987
"n=5000, N=n^(3/2)",Gaussian-NPE,B,0.9938028142303057,8.29059100062646
"n=5000, N=n^(3/2)",Gaussian-NPE,B,0.995175883296561,8.273223051610916
"n=5000, N=n^(3/2)",Gaussian-NPE,B,0.9965489523628164,8.24789055609204
"n=5000, N=n^(3/2)",Gaussian-NPE,B,0.9979220214290718,8.213823594848982
"n=5000, N=n^(3/2)",Gaussian-NPE,B,0.9992950904953272,8.170760757710314
"n=5000, N=n^(3/2)",Gaussian-NPE,B,1.0006681595615825,8.11881869420373
"n=5000, N=n^(3/2)",Gaussian-NPE,B,1.002041228627838,8.05834716377253
"n=5000, N=n^(3/2)",Gaussian-NPE,B,1.0034142976940932,7.989803409143961
"n=5000, N=n^(3/2)",Gaussian-NPE,B,1.0047873667603486,7.9136648237812475
"n=5000, N=n^(3/2)",Gaussian-NPE,B,1.006160435826604,7.83038153863006
"n=5000, N=n^(3/2)",Gaussian-NPE,B,1.0075335048928595,7.7403566860621185
"n=5000, N=n^(3/2)",Gaussian-NPE,B,1.0089065739591148,7.643936365527039
"n=5000, N=n^(3/2)",Gaussian-NPE,B,1.0102796430253702,7.541395211355779
"n=5000, N=n^(3/2)",Gaussian-NPE,B,1.0116527120916254,7.432914464858307
"n=5000, N=n^(3/2)",Gaussian-NPE,B,1.013025781157881,7.318561972085025
"n=5000, N=n^(3/2)",Gaussian-NPE,B,1.0143988502241363,7.198291140822726
"n=5000, N=n^(3/2)",Gaussian-NPE,B,1.0157719192903918,7.0719742522702145
"n=5000, N=n^(3/2)",Gaussian-NPE,B,1.017144988356647,6.939474536301664
"n=5000, N=n^(3/2)",Gaussian-NPE,B,1.0185180574229025,6.800745523882034
"n=5000, N=n^(3/2)",Gaussian-NPE,B,1.0198911264891577,6.6559324744297905
"n=5000, N=n^(3/2)",Gaussian-NPE,B,1.0212641955554131,6.505445604424674
"n=5000, N=n^(3/2)",Gaussian-NPE,B,1.0226372646216686,6.349981186241472
"n=5000, N=n^(3/2)",Gaussian-NPE,B,1.024010333687924,6.190482106319454
"n=5000, N=n^(3/2)",Gaussian-NPE,B,1.0253834027541793,6.028048038624322
"n=5000, N=n^(3/2)",Gaussian-NPE,B,1.0267564718204347,5.863819897198884
"n=5000, N=n^(3/2)",Gaussian-NPE,B,1.0281295408866902,5.698868772895179
"n=5000, N=n^(3/2)",Gaussian-NPE,B,1.0295026099529454,5.534115258837559
"n=5000, N=n^(3/2)",Gaussian-NPE,B,1.0308756790192009,5.3702938307884445
"n=5000, N=n^(3/2)",Gaussian-NPE,B,1.0322487480854563,5.207963551654866
"n=5000, N=n^(3/2)",Gaussian-NPE,B,1.0336218171517115,5.047555147474797
"n=5000, N=n^(3/2)",Gaussian-NPE,B,1.034994886217967,4.889437829625127
"n=5000, N=n^(3/2)",Gaussian-NPE,B,1.0363679552842224,4.7339873503814465
"n=5000, N=n^(3/2)",Gaussian-NPE,B,1.0377410243504777,4.581638603021745
"n=5000, N=n^(3/2)",Gaussian-NPE,B,1.039114093416733,4.432910279814075
"n=5000, N=n^(3/2)",Gaussian-NPE,B,1.0404871624829886,4.288394690896856
"n=5000, N=n^(3/2)",Gaussian-NPE,B,1.0418602315492438,4.148712169920526
"n=5000, N=n^(3/2)",Gaussian-NPE,B,1.0432333006154992,4.014435908661777
"n=5000, N=n^(3/2)",Gaussian-NPE,B,1.0446063696817547,3.885998733505874
"n=5000, N=n^(3/2)",Gaussian-NPE,B,1.04597943874801,3.763597329156825
"n=5000, N=n^(3/2)",Gaussian-NPE,B,1.0473525078142654,3.647111025734232
"n=5000, N=n^(3/2)",Gaussian-NPE,B,1.0487255768805208,3.5360512838915694
"n=5000, N=n^(3/2)",Gaussian-NPE,B,1.050098645946776,3.4295547202414243
"n=5000, N=n^(3/2)",Gaussian-NPE,B,1.0514717150130315,3.3264274349632545
"n=5000, N=n^(3/2)",Gaussian-NPE,B,1.052844784079287,3.225242003535163
"n=5000, N=n^(3/2)",Gaussian-NPE,B,1.0542178531455422,3.1244810879895364
"n=5000, N=n^(3/2)",Gaussian-NPE,B,1.0555909222117976,3.0227135624383563
"n=5000, N=n^(3/2)",Gaussian-NPE,B,1.056963991278053,2.918781106040186
"n=5000, N=n^(3/2)",Gaussian-NPE,B,1.0583370603443085,2.8119668823956654
"n=5000, N=n^(3/2)",Gaussian-NPE,B,1.0597101294105638,2.7021153202759427
"n=5000, N=n^(3/2)",Gaussian-NPE,B,1.0610831984768192,2.5896753022042946
"n=5000, N=n^(3/2)",Gaussian-NPE,B,1.0624562675430744,2.475649488517507
"n=5000, N=n^(3/2)",Gaussian-NPE,B,1.0638293366093299,2.361449382588499
"n=5000, N=n^(3/2)",Gaussian-NPE,B,1.0652024056755853,2.248676023730436
"n=5000, N=n^(3/2)",Gaussian-NPE,B,1.0665754747418408,2.1388648526745526
"n=5000, N=n^(3/2)",Gaussian-NPE,B,1.067948543808096,2.033244686737561
"n=5000, N=n^(3/2)",Gaussian-NPE,B,1.0693216128743515,1.9325605288077734
"n=5000, N=n^(3/2)",Gaussian-NPE,B,1.0706946819406067,1.8369968694290233
"n=5000, N=n^(3/2)",Gaussian-NPE,B,1.0720677510068621,1.7462149523768824
"n=5000, N=n^(3/2)",Gaussian-NPE,B,1.0734408200731176,1.6594903461621646
"n=5000, N=n^(3/2)",Gaussian-NPE,B,1.074813889139373,1.5759138637535186
"n=5000, N=n^(3/2)",Gaussian-NPE,B,1.0761869582056283,1.4946061386173584
"n=5000, N=n^(3/2)",Gaussian-NPE,B,1.0775600272718837,1.4148973476085676
"n=5000, N=n^(3/2)",Gaussian-NPE,B,1.0789330963381392,1.3364374777176455
"n=5000, N=n^(3/2)",Gaussian-NPE,B,1.0803061654043944,1.2592239687826239
"n=5000, N=n^(3/2)",Gaussian-NPE,B,1.0816792344706498,1.1835553602163427
"n=5000, N=n^(3/2)",Gaussian-NPE,B,1.0830523035369053,1.1099352659041974
"n=5000, N=n^(3/2)",Gaussian-NPE,B,1.0844253726031605,1.0389570608445575
"n=5000, N=n^(3/2)",Gaussian-NPE,B,1.085798441669416,0.9711963464846348
"n=5000, N=n^(3/2)",Gaussian-NPE,B,1.0871715107356714,0.9071289079886804
"n=5000, N=n^(3/2)",Gaussian-NPE,B,1.0885445798019266,0.8470810646169649
"n=5000, N=n^(3/2)",Gaussian-NPE,B,1.089917648868182,0.7912108384562591
"n=5000, N=n^(3/2)",Gaussian-NPE,B,1.0912907179344375,0.7395139411652226
"n=5000, N=n^(3/2)",Gaussian-NPE,B,1.0926637870006928,0.6918477231070193
"n=5000, N=n^(3/2)",Gaussian-NPE,B,1.0940368560669482,0.6479671617323158
"n=5000, N=n^(3/2)",Gaussian-NPE,B,1.0954099251332037,0.6075678668818925
"n=5000, N=n^(3/2)",Gaussian-NPE,B,1.096782994199459,0.5703310353475134
"n=5000, N=n^(3/2)",Gaussian-NPE,B,1.0981560632657144,0.5359645141633215
"n=5000, N=n^(3/2)",Gaussian-NPE,B,1.0995291323319698,0.5042335601639946
"n=5000, N=n^(3/2)",Gaussian-NPE,B,1.100902201398225,0.4749754626733595
"n=5000, N=n^(3/2)",Gaussian-NPE,B,1.1022752704644805,0.448094370285752
"n=5000, N=n^(3/2)",Gaussian-NPE,B,1.103648339530736,0.42353621495620347
"n=5000, N=n^(3/2)",Gaussian-NPE,B,1.1050214085969912,0.4012478462969874
"n=5000, N=n^(3/2)",Gaussian-NPE,B,1.1063944776632466,0.3811284489322054
"n=5000, N=n^(3/2)",Gaussian-NPE,B,1.107767546729502,0.3629840893729981
"n=5000, N=n^(3/2)",Gaussian-NPE,B,1.1091406157957575,0.34649702924972353
"n=5000, N=n^(3/2)",Gaussian-NPE,B,1.1105136848620127,0.3312197086462235
"n=5000, N=n^(3/2)",Gaussian-NPE,B,1.1118867539282682,0.3165989593619579
"n=5000, N=n^(3/2)",Gaussian-NPE,B,1.1132598229945234,0.3020296357298873
"n=5000, N=n^(3/2)",Gaussian-NPE,B,1.1146328920607789,0.2869297779064745
"n=5000, N=n^(3/2)",Gaussian-NPE,B,1.1160059611270343,0.27082349583368637
"n=5000, N=n^(3/2)",Gaussian-NPE,B,1.1173790301932898,0.25341480180609954
"n=5000, N=n^(3/2)",Gaussian-NPE,B,1.118752099259545,0.23463674139178203
"n=5000, N=n^(3/2)",Gaussian-NPE,B,1.1201251683258004,0.21466528360214537
"n=5000, N=n^(3/2)",Gaussian-NPE,B,1.1214982373920557,0.19389516828165715
"n=5000, N=n^(3/2)",Gaussian-NPE,B,1.1228713064583111,0.1728830837454066
"n=5000, N=n^(3/2)",Gaussian-NPE,B,1.1242443755245666,0.15226992339840112
"n=5000, N=n^(3/2)",Gaussian-NPE,B,1.125617444590822,0.13269692743092512
"n=5000, N=n^(3/2)",Gaussian-NPE,B,1.1269905136570773,0.11472989277159715
"n=5000, N=n^(3/2)",Gaussian-NPE,B,1.1283635827233327,0.0988020855972723
"n=5000, N=n^(3/2)",Gaussian-NPE,B,1.129736651789588,0.08518144391938105
"n=5000, N=n^(3/2)",Gaussian-NPE,B,1.1311097208558434,0.07396261448728325
"n=5000, N=n^(3/2)",Gaussian-NPE,B,1.1324827899220988,0.0650804168342465
"n=5000, N=n^(3/2)",Gaussian-NPE,B,1.1338558589883543,0.058338939198877074
"n=5000, N=n^(3/2)",Gaussian-NPE,B,1.1352289280546095,0.05344958459912445
"n=5000, N=n^(3/2)",Gaussian-NPE,B,1.136601997120865,0.05007165116027339
"n=5000, N=n^(3/2)",Reference (flow convention),g,1.4028904789447783,3.894987552970196e-179
"n=5000, N=n^(3/2)",Reference (flow convention),g,1.4093108198065252,5.904451919978665e-171
"n=5000, N=n^(3/2)",Reference (flow convention),g,1.4157311606682723,5.717561639225088e-163
"n=5000, N=n^(3/2)",Reference (flow convention),g,1.4221515015300192,3.5367134056014625e-155
"n=5000, N=n^(3/2)",Reference (flow convention),g,1.4285718423917664,1.3974833115361144e-147
"n=5000, N=n^(3/2)",Reference (flow convention),g,1.4349921832535133,3.5273710039985266e-140
"n=5000, N=n^(3/2)",Reference (flow convention),g,1.4414125241152604,5.687395097167895e-133
"n=5000, N=n^(3/2)",Reference (flow convention),g,1.4478328649770074,5.857784714654095e-126
"n=5000, N=n^(3/2)",Reference (flow convention),g,1.4542532058387543,3.85399513499548e-119
"n=5000, N=n^(3/2)",Reference (flow convention),g,1.4606735467005014,1.619745067998188e-112
"n=5000, N=n^(3/2)",Reference (flow convention),g,1.4670938875622483,4.3485044498496163e-106
"n=5000, N=n^(3/2)",Reference (flow convention),g,1.4735142284239955,7.457459782135549e-100
"n=5000, N=n^(3/2)",Reference (flow convention),g,1.4799345692857424,8.169578862427837e-94
"n=5000, N=n^(3/2)",Reference (flow convention),g,1.4863549101474895,5.716973346675195e-88
"n=5000, N=n^(3/2)",Reference (flow convention),g,1.4927752510092365,2.5555854919372488e-82
"n=5000, N=n^(3/2)",Reference (flow convention),g,1.4991955918709834,7.297471523647372e-77
"n=5000, N=n^(3/2)",Reference (flow convention),g,1.5056159327327305,1.3311045023315905e-71
"n=5000, N=n^(3/2)",Reference (flow convention),g,1.5120362735944775,1.550992309225299e-66
"n=5000, N=n^(3/2)",Reference (flow convention),g,1.5184566144562246,1.1544227712216782e-61
"n=5000, N=n^(3/2)",Reference (flow convention),g,1.5248769553179715,5.488805905538509e-57
"n=5000, N=n^(3/2)",Reference (flow convention),g,1.5312972961797184,1.6670499426893867e-52
"n=5000, N=n^(3/2)",Reference (flow convention),g,1.5377176370414656,3.2342761390319857e-48
"n=5000, N=n^(3/2)",Reference (flow convention),g,1.5441379779032125,4.0083287252011866e-44
"n=5000, N=n^(3/2)",Reference (flow convention),g,1.5505583187649596,3.1732721034336287e-40
"n=5000, N=n^(3/2)",Reference (flow convention),g,1.5569786596267066,1.6047561364154094e-36
"n=5000, N=n^(3/2)",Reference (flow convention),g,1.5633990004884537,5.184042159162505e-33
"n=5000, N=n^(3/2)",Reference (flow convention),g,1.5698193413502006,1.0697585172703848e-29
"n=5000, N=n^(3/2)",Reference (flow convention),g,1.5762396822119475,1.4101351220097266e-26
"n=5000, N=n^(3/2)",Reference (flow convention),g,1.5826600230736947,1.1873901851452392e-23
"n=5000, N=n^(3/2)",Reference (flow convention),g,1.5890803639354416,6.386808996685508e-21
"n=5000, N=n^(3/2)",Reference (flow convention),g,1.5955007047971888,2.1944826443970485e-18
"n=5000, N=n^(3/2)",Reference (flow convention),g,1.6019210456589357,4.816572713775003e-16
"n=5000, N=n^(3/2)",Reference (flow convention),g,1.6083413865206828,6.75307915213433e-14
"n=5000, N=n^(3/2)",Reference (flow convention),g,1.6147617273824297,6.0481605009109616e-12
"n=5000, N=n^(3/2)",Reference (flow convention),g,1.6211820682441767,3.4602105311149016e-10
"n=5000, N=n^(3/2)",Reference (flow convention),g,1.6276024091059238,1.2645601390162665e-08
"n=5000, N=n^(3/2)",Reference (flow convention),g,1.6340227499676707,2.9521213181899394e-07
"n=5000, N=n^(3/2)",Reference (flow convention),g,1.6404430908294179,4.402371237323734e-06
"n=5000, N=n^(3/2)",Reference (flow convention),g,1.6468634316911648,4.1936952939722384e-05
"n=5000, N=n^(3/2)",Reference (flow convention),g,1.653283772552912,0.00025519069260380127
"n=5000, N=n^(3/2)",Reference (flow convention),g,1.6597041134146588,0.0009919517260221617
"n=5000, N=n^(3/2)",Reference (flow convention),g,1.6661244542764058,0.002463054336803605
"n=5000, N=n^(3/2)",Reference (flow convention),g,1.672544795138153,0.003906746207378443
"n=5000, N=n^(3/2)",Reference (flow convention),g,1.6789651359998998,0.003958350841028518
"n=5000, N=n^(3/2)",Reference (flow convention),g,1.685385476861647,0.002561991961514797
"n=5000, N=n^(3/2)",Reference (flow convention),g,1.691805817723394,0.00106008748519616
"n=5000, N=n^(3/2)",Reference (flow convention),g,1.698226158585141,0.00029177433390654734
"n=5000, N=n^(3/2)",Reference (flow convention),g,1.704646499446888,0.00015571531509974521
"n=5000, N=n^(3/2)",Reference (flow convention),g,1.7110668403086349,0.0006468959406938725
"n=5000, N=n^(3/2)",Reference (flow convention),g,1.717487181170382,0.0025132809624757446
"n=5000, N=n^(3/2)",Reference (flow convention),g,1.723907522032129,0.00664866791232569
"n=5000, N=n^(3/2)",Reference (flow convention),g,1.730327862893876,0.012532121982775184
"n=5000, N=n^(3/2)",Reference (flow convention),g,1.736748203755623,0.01907021442796054
"n=5000, N=n^(3/2)",Reference (flow convention),g,1.7431685446173701,0.02808752827533124
"n=5000, N=n^(3/2)",Reference (flow convention),g,1.749588885479117,0.04270102657166966
"n=5000, N=n^(3/2)",Reference (flow convention),g,1.756009226340864,0.06143891570062397
"n=5000, N=n^(3/2)",Reference (flow convention),g,1.7624295672026111,0.07904465350675005
"n=5000, N=n^(3/2)",Reference (flow convention),g,1.768849908064358,0.09469361489290487
"n=5000, N=n^(3/2)",Reference (flow convention),g,1.7752702489261052,0.11663476532210423
"n=5000, N=n^(3/2)",Reference (flow convention),g,1.781690589787852,0.15321931339491804
"n=5000, N=n^(3/2)",Reference (flow convention),g,1.7881109306495993,0.20650844246315755
"n=5000, N=n^(3/2)",Reference (flow convention),g,1.7945312715113462,0.28320279831306405
"n=5000, N=n^(3/2)",Reference (flow convention),g,1.800951612373093,0.3915539002896948
"n=5000, N=n^(3/2)",Reference (flow convention),g,1.8073719532348402,0.5249094749201944
"n=5000, N=n^(3/2)",Reference (flow convention),g,1.8137922940965872,0.6713570916885355
"n=5000, N=n^(3/2)",Reference (flow convention),g,1.8202126349583343,0.8330889577227826
"n=5000, N=n^(3/2)",Reference (flow convention),g,1.8266329758200812,1.021666324584553
"n=5000, N=n^(3/2)",Reference (flow convention),g,1.8330533166818284,1.2430543670608565
"n=5000, N=n^(3/2)",Reference (flow convention),g,1.8394736575435753,1.5020214196561579
"n=5000, N=n^(3/2)",Reference (flow convention),g,1.8458939984053222,1.8122691838170855
"n=5000, N=n^(3/2)",Reference (flow convention),g,1.8523143392670693,2.1779518792958976
"n=5000, N=n^(3/2)",Reference (flow convention),g,1.8587346801288163,2.5786738649800207
"n=5000, N=n^(3/2)",Reference (flow convention),g,1.8651550209905634,3.0075481700674365
"n=5000, N=n^(3/2)",Reference (flow convention),g,1.8715753618523103,3.4812605456212498
"n=5000, N=n^(3/2)",Reference (flow convention),g,1.8779957027140575,3.9764966871476504
"n=5000, N=n^(3/2)",Reference (flow convention),g,1.8844160435758044,4.414712486839711
"n=5000, N=n^(3/2)",Reference (flow convention),g,1.8908363844375513,4.750910957911431
"n=5000, N=n^(3/2)",Reference (flow convention),g,1.8972567252992985,5.040226537481491
"n=5000, N=n^(3/2)",Reference (flow convention),g,1.9036770661610454,5.360732759799708
"n=5000, N=n^(3/2)",Reference (flow convention),g,1.9100974070227923,5.70249412002036
"n=5000, N=n^(3/2)",Reference (flow convention),g,1.9165177478845394,5.98929613694154
"n=5000, N=n^(3/2)",Reference (flow convention),g,1.9229380887462866,6.172871162997997
"n=5000, N=n^(3/2)",Reference (flow convention),g,1.9293584296080335,6.2675577674996275
"n=5000, N=n^(3/2)",Reference (flow convention),g,1.9357787704697804,6.328630800056383
"n=5000, N=n^(3/2)",Reference (flow convention),g,1.9421991113315276,6.409085401453825
"n=5000, N=n^(3/2)",Reference (flow convention),g,1.9486194521932745,6.505325155215143
"n=5000, N=n^(3/2)",Reference (flow convention),g,1.9550397930550214,6.539476849373484
"n=5000, N=n^(3/2)",Reference (flow convention),g,1.9614601339167685,6.420976547319544
"n=5000, N=n^(3/2)",Reference (flow convention),g,1.9678804747785157,6.132832623733047
"n=5000, N=n^(3/2)",Reference (flow convention),g,1.9743008156402626,5.731967615676754
"n=5000, N=n^(3/2)",Reference (flow convention),g,1.9807211565020095,5.287925478999091
"n=5000, N=n^(3/2)",Reference (flow convention),g,1.9871414973637567,4.852766975443109
"n=5000, N=n^(3/2)",Reference (flow convention),g,1.9935618382255036,4.447990101048343
"n=5000, N=n^(3/2)",Reference (flow convention),g,1.9999821790872505,4.058342926076873
"n=5000, N=n^(3/2)",Reference (flow convention),g,2.0064025199489977,3.6630012543930306
"n=5000, N=n^(3/2)",Reference (flow convention),g,2.012822860810745,3.259846513309884
"n=5000, N=n^(3/2)",Reference (flow convention),g,2.0192432016724915,2.857529922266757
"n=5000, N=n^(3/2)",Reference (flow convention),g,2.0256635425342386,2.4774184930483827
"n=5000, N=n^(3/2)",Reference (flow convention),g,2.032083883395986,2.14284817211063
"n=5000, N=n^(3/2)",Reference (flow convention),g,2.038504224257733,1.8515050705379592
"n=5000, N=n^(3/2)",Reference (flow convention),g,2.0449245651194796,1.5873650080992388
"n=5000, N=n^(3/2)",Reference (flow convention),g,2.0513449059812268,1.343291173336039
"n=5000, N=n^(3/2)",Reference (flow convention),g,2.057765246842974,1.121812169556885
"n=5000, N=n^(3/2)",Reference (flow convention),g,2.0641855877047206,0.9313741671566715
"n=5000, N=n^(3/2)",Reference (flow convention),g,2.0706059285664677,0.7735319125431714
"n=5000, N=n^(3/2)",Reference (flow convention),g,2.077026269428215,0.6381433031159641
"n=5000, N=n^(3/2)",Reference (flow convention),g,2.083446610289962,0.518572030256076
"n=5000, N=n^(3/2)",Reference (flow convention),g,2.0898669511517087,0.4175542160438678
"n=5000, N=n^(3/2)",Reference (flow convention),g,2.096287292013456,0.336049589308969
"n=5000, N=n^(3/2)",Reference (flow convention),g,2.102707632875203,0.2672001408484542
"n=5000, N=n^(3/2)",Reference (flow convention),g,2.1091279737369497,0.20362283897099387
"n=5000, N=n^(3/2)",Reference (flow convention),g,2.115548314598697,0.14739239210338073
"n=5000, N=n^(3/2)",Reference (flow convention),g,2.121968655460444,0.10700612874254639
"n=5000, N=n^(3/2)",Reference (flow convention),g,2.128388996322191,0.08242060542827395
"n=5000, N=n^(3/2)",Reference (flow convention),g,2.134809337183938,0.06429801028002516
"n=5000, N=n^(3/2)",Reference (flow convention),g,2.141229678045685,0.04890909133783735
"n=5000, N=n^(3/2)",Reference (flow convention),g,2.147650018907432,0.03956282357494443
"n=5000, N=n^(3/2)",Reference (flow convention),g,2.154070359769179,0.0348632527031291
"n=5000, N=n^(3/2)",Reference (flow convention),g,2.160490700630926,0.028852010135489103
"n=5000, N=n^(3/2)",Reference (flow convention),g,2.166911041492673,0.019881433240475865
"n=5000, N=n^(3/2)",Reference (flow convention),g,2.1733313823544202,0.010880988233361566
"n=5000, N=n^(3/2)",Reference (flow convention),g,2.179751723216167,0.004692050513236118
"n=5000, N=n^(3/2)",Reference (flow convention),g,2.186172064077914,0.002203216937727471
"n=5000, N=n^(3/2)",Reference (flow convention),g,2.1925924049396612,0.0025626763843381007
"n=5000, N=n^(3/2)",Reference (flow convention),g,2.199012745801408,0.0038442209838042397
"n=5000, N=n^(3/2)",Reference (flow convention),g,2.205433086663155,0.004034915084369067
"n=5000, N=n^(3/2)",Reference (flow convention),g,2.211853427524902,0.002726156150560579
"n=5000, N=n^(3/2)",Reference (flow convention),g,2.2182737683866494,0.0011773226400602476
"n=5000, N=n^(3/2)",Reference (flow convention),g,2.224694109248396,0.0003248030423223718
"n=5000, N=n^(3/2)",Reference (flow convention),g,2.231114450110143,5.72406079212921e-05
"n=5000, N=n^(3/2)",Reference (flow convention),g,2.2375347909718903,6.443862775735984e-06
"n=5000, N=n^(3/2)",Reference (flow convention),g,2.243955131833637,4.633893944856984e-07
"n=5000, N=n^(3/2)",Reference (flow convention),g,2.250375472695384,2.1286469947713047e-08
"n=5000, N=n^(3/2)",Reference (flow convention),g,2.2567958135571313,6.246244075849481e-10
"n=5000, N=n^(3/2)",Reference (flow convention),g,2.2632161544188785,1.170825044471945e-11
"n=5000, N=n^(3/2)",Reference (flow convention),g,2.269636495280625,1.4019186237413185e-13
"n=5000, N=n^(3/2)",Reference (flow convention),g,2.2760568361423723,1.0722877761804725e-15
"n=5000, N=n^(3/2)",Reference (flow convention),g,2.2824771770041195,5.239111648973689e-18
"n=5000, N=n^(3/2)",Reference (flow convention),g,2.288897517865866,1.6351654440773675e-20
"n=5000, N=n^(3/2)",Reference (flow convention),g,2.2953178587276133,3.260044258058071e-23
"n=5000, N=n^(3/2)",Reference (flow convention),g,2.3017381995893604,4.1518632428221454e-26
"n=5000, N=n^(3/2)",Reference (flow convention),g,2.3081585404511076,3.377694232964822e-29
"n=5000, N=n^(3/2)",Reference (flow convention),g,2.3145788813128543,1.7553162493247353e-32
"n=5000, N=n^(3/2)",Reference (flow convention),g,2.3209992221746014,5.827042189690014e-36
"n=5000, N=n^(3/2)",Reference (flow convention),g,2.3274195630363486,1.2356591809893531e-39
"n=5000, N=n^(3/2)",Reference (flow convention),g,2.3338399038980953,1.673813192917289e-43
"n=5000, N=n^(3/2)",Reference (flow convention),g,2.3402602447598424,1.4483483248875418e-47
"n=5000, N=n^(3/2)",Reference (flow convention),g,2.3466805856215895,8.00565378630016e-52
"n=5000, N=n^(3/2)",Reference (flow convention),g,2.3531009264833367,2.826691001137636e-56
"n=5000, N=n^(3/2)",Reference (flow convention),g,2.3595212673450834,6.375549419567469e-61
"n=5000, N=n^(3/2)",Reference (flow convention),g,2.3659416082068305,9.185750501150893e-66
"n=5000, N=n^(3/2)",Reference (flow convention),g,2.3723619490685777,8.454139743734866e-71
"n=5000, N=n^(3/2)",Reference (flow convention),g,2.3787822899303244,4.970292503575199e-76
"n=5000, N=n^(3/2)",Reference (flow convention),g,2.3852026307920715,1.866604128077285e-81
"n=5000, N=n^(3/2)",Reference (flow convention),g,2.3916229716538187,4.477960357177589e-87
"n=5000, N=n^(3/2)",Reference (flow convention),g,2.398043312515566,6.862241778048513e-93
"n=5000, N=n^(3/2)",Reference (flow convention),g,2.4044636533773125,6.717528768666475e-99
"n=5000, N=n^(3/2)",Reference (flow convention),g,2.4108839942390596,4.2005949217700744e-105
"n=5000, N=n^(3/2)",Reference (flow convention),g,2.4173043351008063,1.6779144704601995e-111
"n=5000, N=n^(3/2)",Reference (flow convention),g,2.4237246759625535,4.281407685998873e-118
"n=5000, N=n^(3/2)",Reference (flow convention),g,2.4301450168243006,6.978484171453652e-125
"n=5000, N=n^(3/2)",Reference (flow convention),g,2.4365653576860478,7.265965972010858e-132
"n=5000, N=n^(3/2)",Reference (flow convention),g,2.442985698547795,4.832628046070228e-139
"n=5000, N=n^(3/2)",Reference (flow convention),g,2.4494060394095416,2.053199400622494e-146
"n=5000, N=n^(3/2)",Reference (flow convention),g,2.4558263802712887,5.572327538460762e-154
"n=5000, N=n^(3/2)",Reference (flow convention),g,2.4622467211330354,9.660506384661419e-162
"n=5000, N=n^(3/2)",Reference (flow convention),g,2.4686670619947826,1.0698450857347683e-169
"n=5000, N=n^(3/2)",Reference (flow convention),g,2.4750874028565297,7.56832283047802e-178
"n=5000, N=n^(3/2)",Reference (flow convention),g,2.481507743718277,3.420079095549078e-186
"n=5000, N=n^(3/2)",Reference (flow convention),g,2.487928084580024,9.87257404563577e-195
"n=5000, N=n^(3/2)",Reference (flow convention),g,2.4943484254417707,1.820465268951146e-203
"n=5000, N=n^(3/2)",Reference (flow convention),g,2.500768766303518,2.1443325816571227e-212
"n=5000, N=n^(3/2)",Reference (flow convention),g,2.5071891071652646,1.613465336589384e-221
"n=5000, N=n^(3/2)",Reference (flow convention),g,2.5136094480270117,7.755055015241795e-231
"n=5000, N=n^(3/2)",Reference (flow convention),g,2.520029788888759,2.38104649018055e-240
"n=5000, N=n^(3/2)",Reference (flow convention),g,2.526450129750506,4.669911127546175e-250
"n=5000, N=n^(3/2)",Reference (flow convention),g,2.532870470612253,5.850690230247801e-260
"n=5000, N=n^(3/2)",Reference (flow convention),g,2.539290811474,4.6823442699576875e-270
"n=5000, N=n^(3/2)",Reference (flow convention),g,2.545711152335747,2.393741934653581e-280
"n=5000, N=n^(3/2)",Reference (flow convention),g,2.5521314931974937,7.817161104080654e-291
"n=5000, N=n^(3/2)",Reference (flow convention),g,2.558551834059241,1.6307167996221294e-301
"n=5000, N=n^(3/2)",Reference (flow convention),g,2.564972174920988,2.173030273276e-312
"n=5000, N=n^(3/2)",Reference (flow convention),g,2.571392515782735,2e-323
"n=5000, N=n^(3/2)",Reference (flow convention),g,2.5778128566444822,0.0
"n=5000, N=n^(3/2)",Reference (flow convention),g,2.584233197506229,0.0
"n=5000, N=n^(3/2)",Reference (flow convention),g,2.590653538367976,0.0
"n=5000, N=n^(3/2)",Reference (flow convention),g,2.5970738792297228,0.0
"n=5000, N=n^(3/2)",Reference (flow convention),g,2.60349422009147,0.0
"n=5000, N=n^(3/2)",Reference (flow convention),g,2.609914560953217,0.0
"n=5000, N=n^(3/2)",Reference (flow convention),g,2.616334901814964,0.0
"n=5000, N=n^(3/2)",Reference (flow convention),g,2.6227552426767113,0.0
"n=5000, N=n^(3/2)",Reference (flow convention),g,2.629175583538458,0.0
"n=5000, N=n^(3/2)",Reference (flow convention),g,2.635595924400205,0.0
"n=5000, N=n^(3/2)",Reference (flow convention),g,2.642016265261952,0.0
"n=5000, N=n^(3/2)",Reference (flow convention),g,2.648436606123699,0.0
"n=5000, N=n^(3/2)",Reference (flow convention),g,2.654856946985446,0.0
"n=5000, N=n^(3/2)",Reference (flow convention),g,2.6612772878471933,0.0
"n=5000, N=n^(3/2)",Reference (flow convention),g,2.6676976287089404,0.0
"n=5000, N=n^(3/2)",Reference (flow convention),g,2.674117969570687,0.0
"n=5000, N=n^(3/2)",Reference (flow convention),g,2.6805383104324343,0.0
"n=5000, N=n^(3/2)",Reference (Gaussian convention),g,1.4028904789447783,0.0
"n=5000, N=n^(3/2)",Reference (Gaussian convention),g,1.4093108198065252,0.0
"n=5000, N=n^(3/2)",Reference (Gaussian convention),g,1.4157311606682723,0.0
"n=5000, N=n^(3/2)",Reference (Gaussian convention),g,1.4221515015300192,0.0
"n=5000, N=n^(3/2)",Reference (Gaussian convention),g,1.4285718423917664,0.0
"n=5000, N=n^(3/2)",Reference (Gaussian convention),g,1.4349921832535133,0.0
"n=5000, N=n^(3/2)",Reference (Gaussian convention),g,1.4414125241152604,0.0
"n=5000, N=n^(3/2)",Reference (Gaussian convention),g,1.4478328649770074,0.0
"n=5000, N=n^(3/2)",Reference (Gaussian convention),g,1.4542532058387543,2.52497e-319
"n=5000, N=n^(3/2)",Reference (Gaussian convention),g,1.4606735467005014,2.826491688991788e-309
"n=5000, N=n^(3/2)",Reference (Gaussian convention),g,1.4670938875622483,2.1775097249139777e-299
"n=5000, N=n^(3/2)",Reference (Gaussian convention),g,1.4735142284239955,1.154491462175023e-289
"n=5000, N=n^(3/2)",Reference (Gaussian convention),g,1.4799345692857424,4.212496757047337e-280
"n=5000, N=n^(3/2)",Reference (Gaussian convention),g,1.4863549101474895,1.0578075570783897e-270
"n=5000, N=n^(3/2)",Reference (Gaussian convention),g,1.4927752510092365,1.8280664696301818e-261
"n=5000, N=n^(3/2)",Reference (Gaussian convention),g,1.4991955918709834,2.174180179396537e-252
"n=5000, N=n^(3/2)",Reference (Gaussian convention),g,1.5056159327327305,1.7795791686528052e-243
"n=5000, N=n^(3/2)",Reference (Gaussian convention),g,1.5120362735944775,1.0024375496416997e-234
"n=5000, N=n^(3/2)",Reference (Gaussian convention),g,1.5184566144562246,3.886114307134116e-226
"n=5000, N=n^(3/2)",Reference (Gaussian convention),g,1.5248769553179715,1.0367929784444699e-217
"n=5000, N=n^(3/2)",Reference (Gaussian convention),g,1.5312972961797184,1.9036484762211913e-209
"n=5000, N=n^(3/2)",Reference (Gaussian convention),g,1.5377176370414656,2.4054686184880638e-201
"n=5000, N=n^(3/2)",Reference (Gaussian convention),g,1.5441379779032125,2.091851579118824e-193
"n=5000, N=n^(3/2)",Reference (Gaussian convention),g,1.5505583187649596,1.2519306463841331e-185
"n=5000, N=n^(3/2)",Reference (Gaussian convention),g,1.5569786596267066,5.156415510395094e-178
"n=5000, N=n^(3/2)",Reference (Gaussian convention),g,1.5633990004884537,1.4616176310966199e-170
"n=5000, N=n^(3/2)",Reference (Gaussian convention),g,1.5698193413502006,2.8512668970910734e-163
"n=5000, N=n^(3/2)",Reference (Gaussian convention),g,1.5762396822119475,3.827896640607845e-156
"n=5000, N=n^(3/2)",Reference (Gaussian convention),g,1.5826600230736947,3.5367207057030444e-149
"n=5000, N=n^(3/2)",Reference (Gaussian convention),g,1.5890803639354416,2.24884518705856e-142
"n=5000, N=n^(3/2)",Reference (Gaussian convention),g,1.5955007047971888,9.840940026414419e-136
"n=5000, N=n^(3/2)",Reference (Gaussian convention),g,1.6019210456589357,2.9636836401385874e-129
"n=5000, N=n^(3/2)",Reference (Gaussian convention),g,1.6083413865206828,6.1425023638703e-123
"n=5000, N=n^(3/2)",Reference (Gaussian convention),g,1.6147617273824297,8.761471519141093e-117
"n=5000, N=n^(3/2)",Reference (Gaussian convention),g,1.6211820682441767,8.600565477708321e-111
"n=5000, N=n^(3/2)",Reference (Gaussian convention),g,1.6276024091059238,5.810254976945216e-105
"n=5000, N=n^(3/2)",Reference (Gaussian convention),g,1.6340227499676707,2.7013546700960082e-99
"n=5000, N=n^(3/2)",Reference (Gaussian convention),g,1.6404430908294179,8.643432729236262e-94
"n=5000, N=n^(3/2)",Reference (Gaussian convention),g,1.6468634316911648,1.9033082777156817e-88
"n=5000, N=n^(3/2)",Reference (Gaussian convention),g,1.653283772552912,2.884365207700092e-83
"n=5000, N=n^(3/2)",Reference (Gaussian convention),g,1.6597041134146588,3.008219983684514e-78
"n=5000, N=n^(3/2)",Reference (Gaussian convention),g,1.6661244542764058,2.1591716406326915e-73
"n=5000, N=n^(3/2)",Reference (Gaussian convention),g,1.672544795138153,1.066554308915111e-68
"n=5000, N=n^(3/2)",Reference (Gaussian convention),g,1.6789651359998998,3.625742970084371e-64
"n=5000, N=n^(3/2)",Reference (Gaussian convention),g,1.685385476861647,8.482605784925304e-60
"n=5000, N=n^(3/2)",Reference (Gaussian convention),g,1.691805817723394,1.3657769750251681e-55
"n=5000, N=n^(3/2)",Reference (Gaussian convention),g,1.698226158585141,1.5133818500720582e-51
"n=5000, N=n^(3/2)",Reference (Gaussian convention),g,1.704646499446888,1.1540788637546428e-47
"n=5000, N=n^(3/2)",Reference (Gaussian convention),g,1.7110668403086349,6.0567644640453855e-44
"n=5000, N=n^(3/2)",Reference (Gaussian convention),g,1.717487181170382,2.1875808591315097e-40
"n=5000, N=n^(3/2)",Reference (Gaussian convention),g,1.723907522032129,5.437581459818299e-37
"n=5000, N=n^(3/2)",Reference (Gaussian convention),g,1.730327862893876,9.301771554155999e-34
"n=5000, N=n^(3/2)",Reference (Gaussian convention),g,1.736748203755623,1.0950748232053011e-30
"n=5000, N=n^(3/2)",Reference (Gaussian convention),g,1.7431685446173701,8.872380342806913e-28
"n=5000, N=n^(3/2)",Reference (Gaussian convention),g,1.749588885479117,4.947146136754192e-25
"n=5000, N=n^(3/2)",Reference (Gaussian convention),g,1.756009226340864,1.8983992765329214e-22
"n=5000, N=n^(3/2)",Reference (Gaussian convention),g,1.7624295672026111,5.013472207397353e-20
"n=5000, N=n^(3/2)",Reference (Gaussian convention),g,1.768849908064358,9.111877984319132e-18
"n=5000, N=n^(3/2)",Reference (Gaussian convention),g,1.7752702489261052,1.1397127614314475e-15
"n=5000, N=n^(3/2)",Reference (Gaussian convention),g,1.781690589787852,9.81072626739479e-14
"n=5000, N=n^(3/2)",Reference (Gaussian convention),g,1.7881109306495993,5.811993736615062e-12
"n=5000, N=n^(3/2)",Reference (Gaussian convention),g,1.7945312715113462,2.3695580275834235e-10
"n=5000, N=n^(3/2)",Reference (Gaussian convention),g,1.800951612373093,6.6485630437858555e-09
"n=5000, N=n^(3/2)",Reference (Gaussian convention),g,1.8073719532348402,1.2838268847904557e-07
"n=5000, N=n^(3/2)",Reference (Gaussian convention),g,1.8137922940965872,1.7060956484533688e-06
"n=5000, N=n^(3/2)",Reference (Gaussian convention),g,1.8202126349583343,1.5603374646093516e-05
"n=5000, N=n^(3/2)",Reference (Gaussian convention),g,1.8266329758200812,9.820917975287018e-05
"n=5000, N=n^(3/2)",Reference (Gaussian convention),g,1.8330533166818284,0.00042540742043980053
"n=5000, N=n^(3/2)",Reference (Gaussian convention),g,1.8394736575435753,0.0012681936638336707
"n=5000, N=n^(3/2)",Reference (Gaussian convention),g,1.8458939984053222,0.0026022981551258313
"n=5000, N=n^(3/2)",Reference (Gaussian convention),g,1.8523143392670693,0.0036797559689442216
"n=5000, N=n^(3/2)",Reference (Gaussian convention),g,1.8587346801288163,0.003618466867990472
"n=5000, N=n^(3/2)",Reference (Gaussian convention),g,1.8651550209905634,0.0026516533458395036
"n=5000, N=n^(3/2)",Reference (Gaussian convention),g,1.8715753618523103,0.0021025058545879887
"n=5000, N=n^(3/2)",Reference (Gaussian convention),g,1.8779957027140575,0.0030513057543122167
"n=5000, N=n^(3/2)",Reference (Gaussian convention),g,1.8844160435758044,0.005339044095777273
"n=5000, N=n^(3/2)",Reference (Gaussian convention),g,1.8908363844375513,0.007758514593614339
"n=5000, N=n^(3/2)",Reference (Gaussian convention),g,1.8972567252992985,0.009650291769446073
"n=5000, N=n^(3/2)",Reference (Gaussian convention),g,1.9036770661610454,0.012311940829191256
"n=5000, N=n^(3/2)",Reference (Gaussian convention),g,1.9100974070227923,0.01775208025531368
"n=5000, N=n^(3/2)",Reference (Gaussian convention),g,1.9165177478845394,0.026441775120780043
"n=5000, N=n^(3/2)",Reference (Gaussian convention),g,1.9229380887462866,0.03719339658213518
"n=5000, N=n^(3/2)",Reference (Gaussian convention),g,1.9293584296080335,0.04837771827286703
"n=5000, N=n^(3/2)",Reference (Gaussian convention),g,1.9357787704697804,0.060255438438839994
"n=5000, N=n^(3/2)",Reference (Gaussian convention),g,1.9421991113315276,0.07777963694454276
"n=5000, N=n^(3/2)",Reference (Gaussian convention),g,1.9486194521932745,0.10866560214505326
"n=5000, N=n^(3/2)",Reference (Gaussian convention),g,1.9550397930550214,0.1576140336049792
"n=5000, N=n^(3/2)",Reference (Gaussian convention),g,1.9614601339167685,0.22398513894295802
"n=5000, N=n^(3/2)",Reference (Gaussian convention),g,1.9678804747785157,0.30417122161858384
"n=5000, N=n^(3/2)",Reference (Gaussian convention),g,1.9743008156402626,0.39772467454117355
"n=5000, N=n^(3/2)",Reference (Gaussian convention),g,1.9807211565020095,0.5117350812855478
"n=5000, N=n^(3/2)",Reference (Gaussian convention),g,1.9871414973637567,0.6512211308304048
"n=5000, N=n^(3/2)",Reference (Gaussian convention),g,1.9935618382255036,0.807011125447155
"n=5000, N=n^(3/2)",Reference (Gaussian convention),g,1.9999821790872505,0.9666047458710658
"n=5000, N=n^(3/2)",Reference (Gaussian convention),g,2.0064025199489977,1.1350250112130238
"n=5000, N=n^(3/2)",Reference (Gaussian convention),g,2.012822860810745,1.3327291766106482
"n=5000, N=n^(3/2)",Reference (Gaussian convention),g,2.0192432016724915,1.5725821903088997
"n=5000, N=n^(3/2)",Reference (Gaussian convention),g,2.0256635425342386,1.847020733727471
"n=5000, N=n^(3/2)",Reference (Gaussian convention),g,2.032083883395986,2.1407110333830435
"n=5000, N=n^(3/2)",Reference (Gaussian convention),g,2.038504224257733,2.445604211419412
"n=5000, N=n^(3/2)",Reference (Gaussian convention),g,2.0449245651194796,2.760122577843717
"n=5000, N=n^(3/2)",Reference (Gaussian convention),g,2.0513449059812268,3.088501748948894
"n=5000, N=n^(3/2)",Reference (Gaussian convention),g,2.057765246842974,3.438480634812147
"n=5000, N=n^(3/2)",Reference (Gaussian convention),g,2.0641855877047206,3.80156840680612
"n=5000, N=n^(3/2)",Reference (Gaussian convention),g,2.0706059285664677,4.146215043454274
"n=5000, N=n^(3/2)",Reference (Gaussian convention),g,2.077026269428215,4.447557187922313
"n=5000, N=n^(3/2)",Reference (Gaussian convention),g,2.083446610289962,4.7125525145355045
"n=5000, N=n^(3/2)",Reference (Gaussian convention),g,2.0898669511517087,4.969835107330964
"n=5000, N=n^(3/2)",Reference (Gaussian convention),g,2.096287292013456,5.245493691582609
"n=5000, N=n^(3/2)",Reference (Gaussian convention),g,2.102707632875203,5.540236259711564
"n=5000, N=n^(3/2)",Reference (Gaussian convention),g,2.1091279737369497,5.813783250940641
"n=5000, N=n^(3/2)",Reference (Gaussian convention),g,2.115548314598697,6.004900109231377
"n=5000, N=n^(3/2)",Reference (Gaussian convention),g,2.121968655460444,6.082551147763503
"n=5000, N=n^(3/2)",Reference (Gaussian convention),g,2.128388996322191,6.064448595146285
"n=5000, N=n^(3/2)",Reference (Gaussian convention),g,2.134809337183938,5.985542069049663
"n=5000, N=n^(3/2)",Reference (Gaussian convention),g,2.141229678045685,5.866260994057898
"n=5000, N=n^(3/2)",Reference (Gaussian convention),g,2.147650018907432,5.706844230419401
"n=5000, N=n^(3/2)",Reference (Gaussian convention),g,2.154070359769179,5.50176474500948
"n=5000, N=n^(3/2)",Reference (Gaussian convention),g,2.160490700630926,5.254753277296051
"n=5000, N=n^(3/2)",Reference (Gaussian convention),g,2.166911041492673,4.972732984845915
"n=5000, N=n^(3/2)",Reference (Gaussian convention),g,2.1733313823544202,4.653193116931613
"n=5000, N=n^(3/2)",Reference (Gaussian convention),g,2.179751723216167,4.297080227762805
"n=5000, N=n^(3/2)",Reference (Gaussian convention),g,2.186172064077914,3.9289413246214564
"n=5000, N=n^(3/2)",Reference (Gaussian convention),g,2.1925924049396612,3.5826277303505316
"n=5000, N=n^(3/2)",Reference (Gaussian convention),g,2.199012745801408,3.272206908395899
"n=5000, N=n^(3/2)",Reference (Gaussian convention),g,2.205433086663155,2.9897212379937232
"n=5000, N=n^(3/2)",Reference (Gaussian convention),g,2.211853427524902,2.720512399750193
"n=5000, N=n^(3/2)",Reference (Gaussian convention),g,2.2182737683866494,2.4519308408194034
"n=5000, N=n^(3/2)",Reference (Gaussian convention),g,2.224694109248396,2.175858365831387
"n=5000, N=n^(3/2)",Reference (Gaussian convention),g,2.231114450110143,1.8905391859132923
"n=5000, N=n^(3/2)",Reference (Gaussian convention),g,2.2375347909718903,1.606926585769242
"n=5000, N=n^(3/2)",Reference (Gaussian convention),g,2.243955131833637,1.3523359811294087
"n=5000, N=n^(3/2)",Reference (Gaussian convention),g,2.250375472695384,1.151214552115514
"n=5000, N=n^(3/2)",Reference (Gaussian convention),g,2.2567958135571313,0.9991348364301236
"n=5000, N=n^(3/2)",Reference (Gaussian convention),g,2.2632161544188785,0.8664317429928843
"n=5000, N=n^(3/2)",Reference (Gaussian convention),g,2.269636495280625,0.7290810405341708
"n=5000, N=n^(3/2)",Reference (Gaussian convention),g,2.2760568361423723,0.5897648562330721
"n=5000, N=n^(3/2)",Reference (Gaussian convention),g,2.2824771770041195,0.46648021760210967
"n=5000, N=n^(3/2)",Reference (Gaussian convention),g,2.288897517865866,0.370409661455365
"n=5000, N=n^(3/2)",Reference (Gaussian convention),g,2.2953178587276133,0.2991929377840043
"n=5000, N=n^(3/2)",Reference (Gaussian convention),g,2.3017381995893604,0.24213083859291332
"n=5000, N=n^(3/2)",Reference (Gaussian convention),g,2.3081585404511076,0.19096106680902986
"n=5000, N=n^(3/2)",Reference (Gaussian convention),g,2.3145788813128543,0.14721528495009373
"n=5000, N=n^(3/2)",Reference (Gaussian convention),g,2.3209992221746014,0.11454029789603201
"n=5000, N=n^(3/2)",Reference (Gaussian convention),g,2.3274195630363486,0.09015685805695564
"n=5000, N=n^(3/2)",Reference (Gaussian convention),g,2.3338399038980953,0.06951555673706895
"n=5000, N=n^(3/2)",Reference (Gaussian convention),g,2.3402602447598424,0.051583465454391624
"n=5000, N=n^(3/2)",Reference (Gaussian convention),g,2.3466805856215895,0.03677104944381101
"n=5000, N=n^(3/2)",Reference (Gaussian convention),g,2.3531009264833367,0.025211995530496946
"n=5000, N=n^(3/2)",Reference (Gaussian convention),g,2.3595212673450834,0.01731112507165489
"n=5000, N=n^(3/2)",Reference (Gaussian convention),g,2.3659416082068305,0.012618880220381554
"n=5000, N=n^(3/2)",Reference (Gaussian convention),g,2.3723619490685777,0.009194630195416087
"n=5000, N=n^(3/2)",Reference (Gaussian convention),g,2.3787822899303244,0.005733722648022289
"n=5000, N=n^(3/2)",Reference (Gaussian convention),g,2.3852026307920715,0.002731427493625291
"n=5000, N=n^(3/2)",Reference (Gaussian convention),g,2.3916229716538187,0.0009619308339435143
"n=5000, N=n^(3/2)",Reference (Gaussian convention),g,2.398043312515566,0.00035992197512110417
"n=5000, N=n^(3/2)",Reference (Gaussian convention),g,2.4044636533773125,0.0005698285008728805
"n=5000, N=n^(3/2)",Reference (Gaussian convention),g,2.4108839942390596,0.001485220490724712
"n=5000, N=n^(3/2)",Reference (Gaussian convention),g,2.4173043351008063,0.0028429138831344088
"n=5000, N=n^(3/2)",Reference (Gaussian convention),g,2.4237246759625535,0.003755806716195658
"n=5000, N=n^(3/2)",Reference (Gaussian convention),g,2.4301450168243006,0.0034151900396898944
"n=5000, N=n^(3/2)",Reference (Gaussian convention),g,2.4365653576860478,0.002137209462118503
"n=5000, N=n^(3/2)",Reference (Gaussian convention),g,2.442985698547795,0.0009204445602988307
"n=5000, N=n^(3/2)",Reference (Gaussian convention),g,2.4494060394095416,0.0002728138527741063
"n=5000, N=n^(3/2)",Reference (Gaussian convention),g,2.4558263802712887,5.564849639022264e-05
"n=5000, N=n^(3/2)",Reference (Gaussian convention),g,2.4622467211330354,7.811936087194147e-06
"n=5000, N=n^(3/2)",Reference (Gaussian convention),g,2.4686670619947826,7.547135728215451e-07
"n=5000, N=n^(3/2)",Reference (Gaussian convention),g,2.4750874028565297,5.0179215949740736e-08
"n=5000, N=n^(3/2)",Reference (Gaussian convention),g,2.481507743718277,2.296063071427239e-09
"n=5000, N=n^(3/2)",Reference (Gaussian convention),g,2.487928084580024,7.230394405817038e-11
"n=5000, N=n^(3/2)",Reference (Gaussian convention),g,2.4943484254417707,1.5669617452602428e-12
"n=5000, N=n^(3/2)",Reference (Gaussian convention),g,2.500768766303518,2.3370770563288726e-14
"n=5000, N=n^(3/2)",Reference (Gaussian convention),g,2.5071891071652646,2.3988655160419556e-16
"n=5000, N=n^(3/2)",Reference (Gaussian convention),g,2.5136094480270117,1.6945602034385844e-18
"n=5000, N=n^(3/2)",Reference (Gaussian convention),g,2.520029788888759,8.23808627689578e-21
"n=5000, N=n^(3/2)",Reference (Gaussian convention),g,2.526450129750506,2.7562201340924033e-23
"n=5000, N=n^(3/2)",Reference (Gaussian convention),g,2.532870470612253,6.346286841573667e-26
"n=5000, N=n^(3/2)",Reference (Gaussian convention),g,2.539290811474,1.0056427478628513e-28
"n=5000, N=n^(3/2)",Reference (Gaussian convention),g,2.545711152335747,1.0966953102013084e-31
"n=5000, N=n^(3/2)",Reference (Gaussian convention),g,2.5521314931974937,8.230883947066401e-35
"n=5000, N=n^(3/2)",Reference (Gaussian convention),g,2.558551834059241,4.2513337656871995e-38
"n=5000, N=n^(3/2)",Reference (Gaussian convention),g,2.564972174920988,1.51120074027685e-41
"n=5000, N=n^(3/2)",Reference (Gaussian convention),g,2.571392515782735,3.696896950750456e-45
"n=5000, N=n^(3/2)",Reference (Gaussian convention),g,2.5778128566444822,6.224016912552513e-49
"n=5000, N=n^(3/2)",Reference (Gaussian convention),g,2.584233197506229,7.211446982168353e-53
"n=5000, N=n^(3/2)",Reference (Gaussian convention),g,2.590653538367976,5.750323762628311e-57
"n=5000, N=n^(3/2)",Reference (Gaussian convention),g,2.5970738792297228,3.155588844170758e-61
"n=5000, N=n^(3/2)",Reference (Gaussian convention),g,2.60349422009147,1.1917543841138494e-65
"n=5000, N=n^(3/2)",Reference (Gaussian convention),g,2.609914560953217,3.0975001509576145e-70
"n=5000, N=n^(3/2)",Reference (Gaussian convention),g,2.616334901814964,5.540566170138192e-75
"n=5000, N=n^(3/2)",Reference (Gaussian convention),g,2.6227552426767113,6.820483890236525e-80
"n=5000, N=n^(3/2)",Reference (Gaussian convention),g,2.629175583538458,5.778225157047953e-85
"n=5000, N=n^(3/2)",Reference (Gaussian convention),g,2.635595924400205,3.368929833742699e-90
"n=5000, N=n^(3/2)",Reference (Gaussian convention),g,2.642016265261952,1.3517852479091065e-95
"n=5000, N=n^(3/2)",Reference (Gaussian convention),g,2.648436606123699,3.7328597347799604e-101
"n=5000, N=n^(3/2)",Reference (Gaussian convention),g,2.654856946985446,7.094043899405047e-107
"n=5000, N=n^(3/2)",Reference (Gaussian convention),g,2.6612772878471933,9.278212260883374e-113
"n=5000, N=n^(3/2)",Reference (Gaussian convention),g,2.6676976287089404,8.351278516716389e-119
"n=5000, N=n^(3/2)",Reference (Gaussian convention),g,2.674117969570687,5.173207081868205e-125
"n=5000, N=n^(3/2)",Reference (Gaussian convention),g,2.6805383104324343,2.2053879174803882e-131
"n=5000, N=n^(3/2)",flow-NPE,g,1.4028904789447783,0.04496695637176672
"n=5000, N=n^(3/2)",flow-NPE,g,1.4093108198065252,0.04802181759252595
"n=5000, N=n^(3/2)",flow-NPE,g,1.4157311606682723,0.05132249448461911
"n=5000, N=n^(3/2)",flow-NPE,g,1.4221515015300192,0.05508814297489603
"n=5000, N=n^(3/2)",flow-NPE,g,1.4285718423917664,0.05960684246690858
"n=5000, N=n^(3/2)",flow-NPE,g,1.4349921832535133,0.06521499000478274
"n=5000, N=n^(3/2)",flow-NPE,g,1.4414125241152604,0.07226739878421688
"n=5000, N=n^(3/2)",flow-NPE,g,1.4478328649770074,0.08109928602699337
"n=5000, N=n^(3/2)",flow-NPE,g,1.4542532058387543,0.0919821228521061
"n=5000, N=n^(3/2)",flow-NPE,g,1.4606735467005014,0.10507779060855228
"n=5000, N=n^(3/2)",flow-NPE,g,1.4670938875622483,0.12039919004354499
"n=5000, N=n^(3/2)",flow-NPE,g,1.4735142284239955,0.13778849370491214
"n=5000, N=n^(3/2)",flow-NPE,g,1.4799345692857424,0.15692415635842236
"n=5000, N=n^(3/2)",flow-NPE,g,1.4863549101474895,0.17736304634662117
"n=5000, N=n^(3/2)",flow-NPE,g,1.4927752510092365,0.1986151734229574
"n=5000, N=n^(3/2)",flow-NPE,g,1.4991955918709834,0.220238206816071
"n=5000, N=n^(3/2)",flow-NPE,g,1.5056159327327305,0.24193112201734696
"n=5000, N=n^(3/2)",flow-NPE,g,1.5120362735944775,0.2636040695795237
"n=5000, N=n^(3/2)",flow-NPE,g,1.5184566144562246,0.28540610459839955
"n=5000, N=n^(3/2)",flow-NPE,g,1.5248769553179715,0.307702555697295
"n=5000, N=n^(3/2)",flow-NPE,g,1.5312972961797184,0.3310065918066069
"n=5000, N=n^(3/2)",flow-NPE,g,1.5377176370414656,0.35588136730770753
"n=5000, N=n^(3/2)",flow-NPE,g,1.5441379779032125,0.38283683036536936
"n=5000, N=n^(3/2)",flow-NPE,g,1.5505583187649596,0.4122468857912355
"n=5000, N=n^(3/2)",flow-NPE,g,1.5569786596267066,0.44430768608987603
"n=5000, N=n^(3/2)",flow-NPE,g,1.5633990004884537,0.47904753538003675
"n=5000, N=n^(3/2)",flow-NPE,g,1.5698193413502006,0.516385649781499
"n=5000, N=n^(3/2)",flow-NPE,g,1.5762396822119475,0.55622391589989
"n=5000, N=n^(3/2)",flow-NPE,g,1.5826600230736947,0.5985458996679522
"n=5000, N=n^(3/2)",flow-NPE,g,1.5890803639354416,0.6434931734819639
"n=5000, N=n^(3/2)",flow-NPE,g,1.5955007047971888,0.6913920960942822
"n=5000, N=n^(3/2)",flow-NPE,g,1.6019210456589357,0.7427147864943228
"n=5000, N=n^(3/2)",flow-NPE,g,1.6083413865206828,0.7979748075919011
"n=5000, N=n^(3/2)",flow-NPE,g,1.6147617273824297,0.8575776184910806
"n=5000, N=n^(3/2)",flow-NPE,g,1.6211820682441767,0.9216628964517679
"n=5000, N=n^(3/2)",flow-NPE,g,1.6276024091059238,0.9899843936884135
"n=5000, N=n^(3/2)",flow-NPE,g,1.6340227499676707,1.0618685175630491
"n=5000, N=n^(3/2)",flow-NPE,g,1.6404430908294179,1.1362744529619377
"n=5000, N=n^(3/2)",flow-NPE,g,1.6468634316911648,1.21195050412415
"n=5000, N=n^(3/2)",flow-NPE,g,1.653283772552912,1.2876518434455988
"n=5000, N=n^(3/2)",flow-NPE,g,1.6597041134146588,1.3623640867251978
"n=5000, N=n^(3/2)",flow-NPE,g,1.6661244542764058,1.4354730239064815
"n=5000, N=n^(3/2)",flow-NPE,g,1.672544795138153,1.5068358516983384
"n=5000, N=n^(3/2)",flow-NPE,g,1.6789651359998998,1.5767387323880298
"n=5000, N=n^(3/2)",flow-NPE,g,1.685385476861647,1.6457590308220957
"n=5000, N=n^(3/2)",flow-NPE,g,1.691805817723394,1.7145760506972352
"n=5000, N=n^(3/2)",flow-NPE,g,1.698226158585141,1.783782921848748
"n=5000, N=n^(3/2)",flow-NPE,g,1.704646499446888,1.8537431934109154
"n=5000, N=n^(3/2)",flow-NPE,g,1.7110668403086349,1.9245147805768192
"n=5000, N=n^(3/2)",flow-NPE,g,1.717487181170382,1.9958410562057138
"n=5000, N=n^(3/2)",flow-NPE,g,1.723907522032129,2.0671925219336926
"n=5000, N=n^(3/2)",flow-NPE,g,1.730327862893876,2.1378361790373224
"n=5000, N=n^(3/2)",flow-NPE,g,1.736748203755623,2.2069119708603915
"n=5000, N=n^(3/2)",flow-NPE,g,1.7431685446173701,2.2735024675817406
"n=5000, N=n^(3/2)",flow-NPE,g,1.749588885479117,2.336689532814113
"n=5000, N=n^(3/2)",flow-NPE,g,1.756009226340864,2.39559787455783
"n=5000, N=n^(3/2)",flow-NPE,g,1.7624295672026111,2.4494294174211038
"n=5000, N=n^(3/2)",flow-NPE,g,1.768849908064358,2.4974943483078165
"n=5000, N=n^(3/2)",flow-NPE,g,1.7752702489261052,2.5392446645161146
"n=5000, N=n^(3/2)",flow-NPE,g,1.781690589787852,2.574314129588666
"n=5000, N=n^(3/2)",flow-NPE,g,1.7881109306495993,2.6025645281674405
"n=5000, N=n^(3/2)",flow-NPE,g,1.7945312715113462,2.624131980828459
"n=5000, N=n^(3/2)",flow-NPE,g,1.800951612373093,2.6394598926311206
"n=5000, N=n^(3/2)",flow-NPE,g,1.8073719532348402,2.6492996886049434
"n=5000, N=n^(3/2)",flow-NPE,g,1.8137922940965872,2.654660703535951
"n=5000, N=n^(3/2)",flow-NPE,g,1.8202126349583343,2.656699053810294
"n=5000, N=n^(3/2)",flow-NPE,g,1.8266329758200812,2.6565510242618133
"n=5000, N=n^(3/2)",flow-NPE,g,1.8330533166818284,2.6551345326574642
"n=5000, N=n^(3/2)",flow-NPE,g,1.8394736575435753,2.6529560932963343
"n=5000, N=n^(3/2)",flow-NPE,g,1.8458939984053222,2.649965594858018
"n=5000, N=n^(3/2)",flow-NPE,g,1.8523143392670693,2.645495776029236
"n=5000, N=n^(3/2)",flow-NPE,g,1.8587346801288163,2.638308958671421
"n=5000, N=n^(3/2)",flow-NPE,g,1.8651550209905634,2.626753065629725
"n=5000, N=n^(3/2)",flow-NPE,g,1.8715753618523103,2.6090056444004404
"n=5000, N=n^(3/2)",flow-NPE,g,1.8779957027140575,2.583363405211007
"n=5000, N=n^(3/2)",flow-NPE,g,1.8844160435758044,2.548521972892143
"n=5000, N=n^(3/2)",flow-NPE,g,1.8908363844375513,2.5037916684131
"n=5000, N=n^(3/2)",flow-NPE,g,1.8972567252992985,2.4492113048181965
"n=5000, N=n^(3/2)",flow-NPE,g,1.9036770661610454,2.3855479185329576
"n=5000, N=n^(3/2)",flow-NPE,g,1.9100974070227923,2.3141962782020515
"n=5000, N=n^(3/2)",flow-NPE,g,1.9165177478845394,2.23700877603376
"n=5000, N=n^(3/2)",flow-NPE,g,1.9229380887462866,2.1560903097948065
"n=5000, N=n^(3/2)",flow-NPE,g,1.9293584296080335,2.073587191837014
"n=5000, N=n^(3/2)",flow-NPE,g,1.9357787704697804,1.9914908581073825
"n=5000, N=n^(3/2)",flow-NPE,g,1.9421991113315276,1.9114718087186853
"n=5000, N=n^(3/2)",flow-NPE,g,1.9486194521932745,1.8347578067053865
"n=5000, N=n^(3/2)",flow-NPE,g,1.9550397930550214,1.762069609588388
"n=5000, N=n^(3/2)",flow-NPE,g,1.9614601339167685,1.6936230677689268
"n=5000, N=n^(3/2)",flow-NPE,g,1.9678804747785157,1.6291965249958904
"n=5000, N=n^(3/2)",flow-NPE,g,1.9743008156402626,1.5682494356860979
"n=5000, N=n^(3/2)",flow-NPE,g,1.9807211565020095,1.5100670277253583
"n=5000, N=n^(3/2)",flow-NPE,g,1.9871414973637567,1.4539013380960166
"n=5000, N=n^(3/2)",flow-NPE,g,1.9935618382255036,1.3990826282550715
"n=5000, N=n^(3/2)",flow-NPE,g,1.9999821790872505,1.345085086799182
"n=5000, N=n^(3/2)",flow-NPE,g,2.0064025199489977,1.2915430029990858
"n=5000, N=n^(3/2)",flow-NPE,g,2.012822860810745,1.2382248543534704
"n=5000, N=n^(3/2)",flow-NPE,g,2.0192432016724915,1.1849812867571614
"n=5000, N=n^(3/2)",flow-NPE,g,2.0256635425342386,1.1316882300634308
"n=5000, N=n^(3/2)",flow-NPE,g,2.032083883395986,1.0782076539308105
"n=5000, N=n^(3/2)",flow-NPE,g,2.038504224257733,1.024384280352837
"n=5000, N=n^(3/2)",flow-NPE,g,2.0449245651194796,0.9700858839697729
"n=5000, N=n^(3/2)",flow-NPE,g,2.0513449059812268,0.915278982719412
"n=5000, N=n^(3/2)",flow-NPE,g,2.057765246842974,0.8601155303894982
"n=5000, N=n^(3/2)",flow-NPE,g,2.0641855877047206,0.8049965421480648
"n=5000, N=n^(3/2)",flow-NPE,g,2.0706059285664677,0.7505810079472074
"n=5000, N=n^(3/2)",flow-NPE,g,2.077026269428215,0.6977238744352028
"n=5000, N=n^(3/2)",flow-NPE,g,2.083446610289962,0.6473503197368677
"n=5000, N=n^(3/2)",flow-NPE,g,2.0898669511517087,0.6002961114619431
"n=5000, N=n^(3/2)",flow-NPE,g,2.096287292013456,0.5571567687845868
"n=5000, N=n^(3/2)",flow-NPE,g,2.102707632875203,0.5181867731822493
"n=5000, N=n^(3/2)",flow-NPE,g,2.1091279737369497,0.4832751100237002
"n=5000, N=n^(3/2)",flow-NPE,g,2.115548314598697,0.4520006567262234
"n=5000, N=n^(3/2)",flow-NPE,g,2.121968655460444,0.4237481757919771
"n=5000, N=n^(3/2)",flow-NPE,g,2.128388996322191,0.3978499992814637
"n=5000, N=n^(3/2)",flow-NPE,g,2.134809337183938,0.37371419415166396
"n=5000, N=n^(3/2)",flow-NPE,g,2.141229678045685,0.3509076632000739
"n=5000, N=n^(3/2)",flow-NPE,g,2.147650018907432,0.32917924880190685
"n=5000, N=n^(3/2)",flow-NPE,g,2.154070359769179,0.30842779461427833
"n=5000, N=n^(3/2)",flow-NPE,g,2.160490700630926,0.2886366523034938
"n=5000, N=n^(3/2)",flow-NPE,g,2.166911041492673,0.26980388288638907
"n=5000, N=n^(3/2)",flow-NPE,g,2.1733313823544202,0.25189420690603925
"n=5000, N=n^(3/2)",flow-NPE,g,2.179751723216167,0.23482657345587213
"n=5000, N=n^(3/2)",flow-NPE,g,2.186172064077914,0.21849540193408942
"n=5000, N=n^(3/2)",flow-NPE,g,2.1925924049396612,0.2028105471864785
"n=5000, N=n^(3/2)",flow-NPE,g,2.199012745801408,0.18773559876256055
"n=5000, N=n^(3/2)",flow-NPE,g,2.205433086663155,0.17330741793532303
"n=5000, N=n^(3/2)",flow-NPE,g,2.211853427524902,0.15962932512531058
"n=5000, N=n^(3/2)",flow-NPE,g,2.2182737683866494,0.14684142789853583
"n=5000, N=n^(3/2)",flow-NPE,g,2.224694109248396,0.1350797013148723
"n=5000, N=n^(3/2)",flow-NPE,g,2.231114450110143,0.12443800230698039
"n=5000, N=n^(3/2)",flow-NPE,g,2.2375347909718903,0.11494421683880898
"n=5000, N=n^(3/2)",flow-NPE,g,2.243955131833637,0.1065553029640373
"n=5000, N=n^(3/2)",flow-NPE,g,2.250375472695384,0.09916910729783603
"n=5000, N=n^(3/2)",flow-NPE,g,2.2567958135571313,0.0926460942432125
"n=5000, N=n^(3/2)",flow-NPE,g,2.2632161544188785,0.08683281126090478
"n=5000, N=n^(3/2)",flow-NPE,g,2.269636495280625,0.08158072611612227
"n=5000, N=n^(3/2)",flow-NPE,g,2.2760568361423723,0.0767575777372528
"n=5000, N=n^(3/2)",flow-NPE,g,2.2824771770041195,0.07225182224380357
"n=5000, N=n^(3/2)",flow-NPE,g,2.288897517865866,0.06797283575726777
"n=5000, N=n^(3/2)",flow-NPE,g,2.2953178587276133,0.06384983818991223
"n=5000, N=n^(3/2)",flow-NPE,g,2.3017381995893604,0.059831427346097574
"n=5000, N=n^(3/2)",flow-NPE,g,2.3081585404511076,0.05588600125562952
"n=5000, N=n^(3/2)",flow-NPE,g,2.3145788813128543,0.05200203608531202
"n=5000, N=n^(3/2)",flow-NPE,g,2.3209992221746014,0.04818669357901096
"n=5000, N=n^(3/2)",flow-NPE,g,2.3274195630363486,0.044461639039892344
"n=5000, N=n^(3/2)",flow-NPE,g,2.3338399038980953,0.040855984468158225
"n=5000, N=n^(3/2)",flow-NPE,g,2.3402602447598424,0.037397484942540436
"n=5000, N=n^(3/2)",flow-NPE,g,2.3466805856215895,0.034104076432093434
"n=5000, N=n^(3/2)",flow-NPE,g,2.3531009264833367,0.030978235112595683
"n=5000, N=n^(3/2)",flow-NPE,g,2.3595212673450834,0.028006285008613612
"n=5000, N=n^(3/2)",flow-NPE,g,2.3659416082068305,0.02516364866613276
"n=5000, N=n^(3/2)",flow-NPE,g,2.3723619490685777,0.02242528973734212
"n=5000, N=n^(3/2)",flow-NPE,g,2.3787822899303244,0.019778674292468226
"n=5000, N=n^(3/2)",flow-NPE,g,2.3852026307920715,0.017235158122319988
"n=5000, N=n^(3/2)",flow-NPE,g,2.3916229716538187,0.014835484427549044
"n=5000, N=n^(3/2)",flow-NPE,g,2.398043312515566,0.01264640399915303
"n=5000, N=n^(3/2)",flow-NPE,g,2.4044636533773125,0.010748049449387495
"n=5000, N=n^(3/2)",flow-NPE,g,2.4108839942390596,0.009214752924203595
"n=5000, N=n^(3/2)",flow-NPE,g,2.4173043351008063,0.008094384985445227
"n=5000, N=n^(3/2)",flow-NPE,g,2.4237246759625535,0.007392127670182139
"n=5000, N=n^(3/2)",flow-NPE,g,2.4301450168243006,0.007063573361662262
"n=5000, N=n^(3/2)",flow-NPE,g,2.4365653576860478,0.0070195069626388185
"n=5000, N=n^(3/2)",flow-NPE,g,2.442985698547795,0.007141481870507276
"n=5000, N=n^(3/2)",flow-NPE,g,2.4494060394095416,0.007304297056449065
"n=5000, N=n^(3/2)",flow-NPE,g,2.4558263802712887,0.007399569889349702
"n=5000, N=n^(3/2)",flow-NPE,g,2.4622467211330354,0.0073543251079051224
"n=5000, N=n^(3/2)",flow-NPE,g,2.4686670619947826,0.007140000906625453
"n=5000, N=n^(3/2)",flow-NPE,g,2.4750874028565297,0.006770116718229308
"n=5000, N=n^(3/2)",flow-NPE,g,2.481507743718277,0.006288195955185915
"n=5000, N=n^(3/2)",flow-NPE,g,2.487928084580024,0.0057502962437814215
"n=5000, N=n^(3/2)",flow-NPE,g,2.4943484254417707,0.005207731519777995
"n=5000, N=n^(3/2)",flow-NPE,g,2.500768766303518,0.00469488988141561
"n=5000, N=n^(3/2)",flow-NPE,g,2.5071891071652646,0.004224811206031334
"n=5000, N=n^(3/2)",flow-NPE,g,2.5136094480270117,0.003792327596805408
"n=5000, N=n^(3/2)",flow-NPE,g,2.520029788888759,0.0033821874901065825
"n=5000, N=n^(3/2)",flow-NPE,g,2.526450129750506,0.0029784681667676424
"n=5000, N=n^(3/2)",flow-NPE,g,2.532870470612253,0.0025719216650613172
"n=5000, N=n^(3/2)",flow-NPE,g,2.539290811474,0.002163305262807522
"n=5000, N=n^(3/2)",flow-NPE,g,2.545711152335747,0.0017625090023342463
"n=5000, N=n^(3/2)",flow-NPE,g,2.5521314931974937,0.001384717590171434
"n=5000, N=n^(3/2)",flow-NPE,g,2.558551834059241,0.0010455167358072023
"n=5000, N=n^(3/2)",flow-NPE,g,2.564972174920988,0.0007567248854456752
"n=5000, N=n^(3/2)",flow-NPE,g,2.571392515782735,0.0005240471362311205
"n=5000, N=n^(3/2)",flow-NPE,g,2.5778128566444822,0.00034678952862906957
"n=5000, N=n^(3/2)",flow-NPE,g,2.584233197506229,0.000219180877538769
"n=5000, N=n^(3/2)",flow-NPE,g,2.590653538367976,0.00013251352999097318
"n=5000, N=n^(3/2)",flow-NPE,g,2.5970738792297228,7.733957413079062e-05
"n=5000, N=n^(3/2)",flow-NPE,g,2.60349422009147,4.5218273396023756e-05
"n=5000, N=n^(3/2)",flow-NPE,g,2.609914560953217,2.9831592468748208e-05
"n=5000, N=n^(3/2)",flow-NPE,g,2.616334901814964,2.7528033778992778e-05
"n=5000, N=n^(3/2)",flow-NPE,g,2.6227552426767113,3.7454240438035846e-05
"n=5000, N=n^(3/2)",flow-NPE,g,2.629175583538458,6.139665008815669e-05
"n=5000, N=n^(3/2)",flow-NPE,g,2.635595924400205,0.00010334143384173626
"n=5000, N=n^(3/2)",flow-NPE,g,2.642016265261952,0.00016865385903397034
"n=5000, N=n^(3/2)",flow-NPE,g,2.648436606123699,0.00026276031252974537
"n=5000, N=n^(3/2)",flow-NPE,g,2.654856946985446,0.0003893406836726783
"n=5000, N=n^(3/2)",flow-NPE,g,2.6612772878471933,0.0005482991778612375
"n=5000, N=n^(3/2)",flow-NPE,g,2.6676976287089404,0.0007340897547641634
"n=5000, N=n^(3/2)",flow-NPE,g,2.674117969570687,0.0009351682065105859
"n=5000, N=n^(3/2)",flow-NPE,g,2.6805383104324343,0.001135253785772997
"n=5000, N=n^(3/2)",Gaussian-NPE,g,1.4028904789447783,1.1038167830329082e-11
"n=5000, N=n^(3/2)",Gaussian-NPE,g,1.4093108198065252,4.2613857438093146e-11
"n=5000, N=n^(3/2)",Gaussian-NPE,g,1.4157311606682723,1.5642070503522202e-10
"n=5000, N=n^(3/2)",Gaussian-NPE,g,1.4221515015300192,5.459428810921042e-10
"n=5000, N=n^(3/2)",Gaussian-NPE,g,1.4285718423917664,1.8119004153891446e-09
"n=5000, N=n^(3/2)",Gaussian-NPE,g,1.4349921832535133,5.718548077638424e-09
"n=5000, N=n^(3/2)",Gaussian-NPE,g,1.4414125241152604,1.716479936074414e-08
"n=5000, N=n^(3/2)",Gaussian-NPE,g,1.4478328649770074,4.9004849688817155e-08
"n=5000, N=n^(3/2)",Gaussian-NPE,g,1.4542532058387543,1.3308941760704311e-07
"n=5000, N=n^(3/2)",Gaussian-NPE,g,1.4606735467005014,3.4389235566456756e-07
"n=5000, N=n^(3/2)",Gaussian-NPE,g,1.4670938875622483,8.455973138078491e-07
"n=5000, N=n^(3/2)",Gaussian-NPE,g,1.4735142284239955,1.9791369679307005e-06
"n=5000, N=n^(3/2)",Gaussian-NPE,g,1.4799345692857424,4.4105785627290435e-06
"n=5000, N=n^(3/2)",Gaussian-NPE,g,1.4863549101474895,9.362529536800777e-06
"n=5000, N=n^(3/2)",Gaussian-NPE,g,1.4927752510092365,1.8940098046052107e-05
"n=5000, N=n^(3/2)",Gaussian-NPE,g,1.4991955918709834,3.65367483976137e-05
"n=5000, N=n^(3/2)",Gaussian-NPE,g,1.5056159327327305,6.726209438304947e-05
"n=5000, N=n^(3/2)",Gaussian-NPE,g,1.5120362735944775,0.00011828241106560845
"n=5000, N=n^(3/2)",Gaussian-NPE,g,1.5184566144562246,0.00019892774356370995
"n=5000, N=n^(3/2)",Gaussian-NPE,g,1.5248769553179715,0.00032042763130876094
"n=5000, N=n^(3/2)",Gaussian-NPE,g,1.5312972961797184,0.0004952140492450009
"n=5000, N=n^(3/2)",Gaussian-NPE,g,1.5377176370414656,0.000735869340290914
"n=5000, N=n^(3/2)",Gaussian-NPE,g,1.5441379779032125,0.0010539492349368258
"n=5000, N=n^(3/2)",Gaussian-NPE,g,1.5505583187649596,0.0014589943563843803
"n=5000, N=n^(3/2)",Gaussian-NPE,g,1.5569786596267066,0.0019579860658068883
"n=5000, N=n^(3/2)",Gaussian-NPE,g,1.5633990004884537,0.002555300738249244
"n=5000, N=n^(3/2)",Gaussian-NPE,g,1.5698193413502006,0.0032529685923123274
"n=5000, N=n^(3/2)",Gaussian-NPE,g,1.5762396822119475,0.004050916617693004
"n=5000, N=n^(3/2)",Gaussian-NPE,g,1.5826600230736947,0.004947007207678959
"n=5000, N=n^(3/2)",Gaussian-NPE,g,1.5890803639354416,0.005937065999602309
"n=5000, N=n^(3/2)",Gaussian-NPE,g,1.5955007047971888,0.0070155235886914
"n=5000, N=n^(3/2)",Gaussian-NPE,g,1.6019210456589357,0.008177467808356244
"n=5000, N=n^(3/2)",Gaussian-NPE,g,1.6083413865206828,0.009422589136187681
"n=5000, N=n^(3/2)",Gaussian-NPE,g,1.6147617273824297,0.010760737237769076
"n=5000, N=n^(3/2)",Gaussian-NPE,g,1.6211820682441767,0.01221792825856434
"n=5000, N=n^(3/2)",Gaussian-NPE,g,1.6276024091059238,0.013841123816206722
"n=5000, N=n^(3/2)",Gaussian-NPE,g,1.6340227499676707,0.01570026706254699
"n=5000, N=n^(3/2)",Gaussian-NPE,g,1.6404430908294179,0.017886852037285853
"n=5000, N=n^(3/2)",Gaussian-NPE,g,1.6468634316911648,0.020509279930596196
"n=5000, N=n^(3/2)",Gaussian-NPE,g,1.653283772552912,0.023685854839661163
"n=5000, N=n^(3/2)",Gaussian-NPE,g,1.6597041134146588,0.027536181282523692
"n=5000, N=n^(3/2)",Gaussian-NPE,g,1.6661244542764058,0.03217114696544331
"n=5000, N=n^(3/2)",Gaussian-NPE,g,1.672544795138153,0.03768125880231043
"n=5000, N=n^(3/2)",Gaussian-NPE,g,1.6789651359998998,0.04412355413011839
"n=5000, N=n^(3/2)",Gaussian-NPE,g,1.685385476861647,0.05150886117436676
"n=5000, N=n^(3/2)",Gaussian-NPE,g,1.691805817723394,0.05979324440918312
"n=5000, N=n^(3/2)",Gaussian-NPE,g,1.698226158585141,0.06887876054371601
"n=5000, N=n^(3/2)",Gaussian-NPE,g,1.704646499446888,0.07862782178872586
"n=5000, N=n^(3/2)",Gaussian-NPE,g,1.7110668403086349,0.08889194980433889
"n=5000, N=n^(3/2)",Gaussian-NPE,g,1.717487181170382,0.09955031498034267
"n=5000, N=n^(3/2)",Gaussian-NPE,g,1.723907522032129,0.11054828388888725
"n=5000, N=n^(3/2)",Gaussian-NPE,g,1.730327862893876,0.12192376651599235
"n=5000, N=n^(3/2)",Gaussian-NPE,g,1.736748203755623,0.13381117376462165
"n=5000, N=n^(3/2)",Gaussian-NPE,g,1.7431685446173701,0.1464191755787101
"n=5000, N=n^(3/2)",Gaussian-NPE,g,1.749588885479117,0.15998714388758134
"n=5000, N=n^(3/2)",Gaussian-NPE,g,1.756009226340864,0.1747329628414565
"n=5000, N=n^(3/2)",Gaussian-NPE,g,1.7624295672026111,0.19080877381967282
"n=5000, N=n^(3/2)",Gaussian-NPE,g,1.768849908064358,0.20827960134619627
"n=5000, N=n^(3/2)",Gaussian-NPE,g,1.7752702489261052,0.2271330612285278
"n=5000, N=n^(3/2)",Gaussian-NPE,g,1.781690589787852,0.24731857596103277
"n=5000, N=n^(3/2)",Gaussian-NPE,g,1.7881109306495993,0.2688047138031375
"n=5000, N=n^(3/2)",Gaussian-NPE,g,1.7945312715113462,0.29163642370725384
"n=5000, N=n^(3/2)",Gaussian-NPE,g,1.800951612373093,0.31597230051737846
"n=5000, N=n^(3/2)",Gaussian-NPE,g,1.8073719532348402,0.3420864955080587
"n=5000, N=n^(3/2)",Gaussian-NPE,g,1.8137922940965872,0.3703296399138263
"n=5000, N=n^(3/2)",Gaussian-NPE,g,1.8202126349583343,0.40105545666391484
"n=5000, N=n^(3/2)",Gaussian-NPE,g,1.8266329758200812,0.43453056829944087
"n=5000, N=n^(3/2)",Gaussian-NPE,g,1.8330533166818284,0.4708504274199948
"n=5000, N=n^(3/2)",Gaussian-NPE,g,1.8394736575435753,0.5098822781604215
"n=5000, N=n^(3/2)",Gaussian-NPE,g,1.8458939984053222,0.5512477303186792
"n=5000, N=n^(3/2)",Gaussian-NPE,g,1.8523143392670693,0.5943467980615444
"n=5000, N=n^(3/2)",Gaussian-NPE,g,1.8587346801288163,0.6384167192341611
"n=5000, N=n^(3/2)",Gaussian-NPE,g,1.8651550209905634,0.6826151593043597
"n=5000, N=n^(3/2)",Gaussian-NPE,g,1.8715753618523103,0.7261177551837524
"n=5000, N=n^(3/2)",Gaussian-NPE,g,1.8779957027140575,0.7682211504995058
"n=5000, N=n^(3/2)",Gaussian-NPE,g,1.8844160435758044,0.8084417619103422
"n=5000, N=n^(3/2)",Gaussian-NPE,g,1.8908363844375513,0.8465972981505611
"n=5000, N=n^(3/2)",Gaussian-NPE,g,1.8972567252992985,0.8828553778284708
"n=5000, N=n^(3/2)",Gaussian-NPE,g,1.9036770661610454,0.9177351395204965
"n=5000, N=n^(3/2)",Gaussian-NPE,g,1.9100974070227923,0.9520550176587523
"n=5000, N=n^(3/2)",Gaussian-NPE,g,1.9165177478845394,0.9868308020430728
"n=5000, N=n^(3/2)",Gaussian-NPE,g,1.9229380887462866,1.0231383651756403
"n=5000, N=n^(3/2)",Gaussian-NPE,g,1.9293584296080335,1.0619613472182796
"n=5000, N=n^(3/2)",Gaussian-NPE,g,1.9357787704697804,1.1040448464256598
"n=5000, N=n^(3/2)",Gaussian-NPE,g,1.9421991113315276,1.1497737919220605
"n=5000, N=n^(3/2)",Gaussian-NPE,g,1.9486194521932745,1.1990918976569807
"n=5000, N=n^(3/2)",Gaussian-NPE,g,1.9550397930550214,1.2514750278026971
"n=5000, N=n^(3/2)",Gaussian-NPE,g,1.9614601339167685,1.3059701448581615
"n=5000, N=n^(3/2)",Gaussian-NPE,g,1.9678804747785157,1.3613051127116227
"n=5000, N=n^(3/2)",Gaussian-NPE,g,1.9743008156402626,1.4160635383668758
"n=5000, N=n^(3/2)",Gaussian-NPE,g,1.9807211565020095,1.468903103003128
"n=5000, N=n^(3/2)",Gaussian-NPE,g,1.9871414973637567,1.5187792088260132
"n=5000, N=n^(3/2)",Gaussian-NPE,g,1.9935618382255036,1.565124515946018
"n=5000, N=n^(3/2)",Gaussian-NPE,g,1.9999821790872505,1.6079357125969955
"n=5000, N=n^(3/2)",Gaussian-NPE,g,2.0064025199489977,1.6477355757660188
"n=5000, N=n^(3/2)",Gaussian-NPE,g,2.012822860810745,1.6854093284631073
"n=5000, N=n^(3/2)",Gaussian-NPE,g,2.0192432016724915,1.7219511780471521
"n=5000, N=n^(3/2)",Gaussian-NPE,g,2.0256635425342386,1.7581870501986734
"n=5000, N=n^(3/2)",Gaussian-NPE,g,2.032083883395986,1.7945508728980126
"n=5000, N=n^(3/2)",Gaussian-NPE,g,2.038504224257733,1.830978421878412
"n=5000, N=n^(3/2)",Gaussian-NPE,g,2.0449245651194796,1.866948075321491
"n=5000, N=n^(3/2)",Gaussian-NPE,g,2.0513449059812268,1.901653399133205
"n=5000, N=n^(3/2)",Gaussian-NPE,g,2.057765246842974,1.9342533478177628
"n=5000, N=n^(3/2)",Gaussian-NPE,g,2.0641855877047206,1.9641246132515835
"n=5000, N=n^(3/2)",Gaussian-NPE,g,2.0706059285664677,1.9910429823812552
"n=5000, N=n^(3/2)",Gaussian-NPE,g,2.077026269428215,2.0152440258891335
"n=5000, N=n^(3/2)",Gaussian-NPE,g,2.083446610289962,2.0373493428104346
"n=5000, N=n^(3/2)",Gaussian-NPE,g,2.0898669511517087,2.05818172750899
"n=5000, N=n^(3/2)",Gaussian-NPE,g,2.096287292013456,2.0785210684346933
"n=5000, N=n^(3/2)",Gaussian-NPE,g,2.102707632875203,2.098866308677845
"n=5000, N=n^(3/2)",Gaussian-NPE,g,2.1091279737369497,2.1192655128524622
"n=5000, N=n^(3/2)",Gaussian-NPE,g,2.115548314598697,2.1392577553601635
"n=5000, N=n^(3/2)",Gaussian-NPE,g,2.121968655460444,2.1579415953968053
"n=5000, N=n^(3/2)",Gaussian-NPE,g,2.128388996322191,2.174151861673322
"n=5000, N=n^(3/2)",Gaussian-NPE,g,2.134809337183938,2.186697552941397
"n=5000, N=n^(3/2)",Gaussian-NPE,g,2.141229678045685,2.194597458182134
"n=5000, N=n^(3/2)",Gaussian-NPE,g,2.147650018907432,2.1972527234139267
"n=5000, N=n^(3/2)",Gaussian-NPE,g,2.154070359769179,2.1945172670518396
"n=5000, N=n^(3/2)",Gaussian-NPE,g,2.160490700630926,2.1866604270591825
"n=5000, N=n^(3/2)",Gaussian-NPE,g,2.166911041492673,2.1742489957435027
"n=5000, N=n^(3/2)",Gaussian-NPE,g,2.1733313823544202,2.1579956476249555
"n=5000, N=n^(3/2)",Gaussian-NPE,g,2.179751723216167,2.138621645058462
"n=5000, N=n^(3/2)",Gaussian-NPE,g,2.186172064077914,2.1167662249329893
"n=5000, N=n^(3/2)",Gaussian-NPE,g,2.1925924049396612,2.092952125456735
"n=5000, N=n^(3/2)",Gaussian-NPE,g,2.199012745801408,2.067596133318763
"n=5000, N=n^(3/2)",Gaussian-NPE,g,2.205433086663155,2.041041457300259
"n=5000, N=n^(3/2)",Gaussian-NPE,g,2.211853427524902,2.0135863991774836
"n=5000, N=n^(3/2)",Gaussian-NPE,g,2.2182737683866494,1.9854894453754626
"n=5000, N=n^(3/2)",Gaussian-NPE,g,2.224694109248396,1.9569422769451537
"n=5000, N=n^(3/2)",Gaussian-NPE,g,2.231114450110143,1.9280171249093268
"n=5000, N=n^(3/2)",Gaussian-NPE,g,2.2375347909718903,1.8986099974374566
"n=5000, N=n^(3/2)",Gaussian-NPE,g,2.243955131833637,1.8684109307459704
"n=5000, N=n^(3/2)",Gaussian-NPE,g,2.250375472695384,1.8369302258213698
"n=5000, N=n^(3/2)",Gaussian-NPE,g,2.2567958135571313,1.803592721340636
"n=5000, N=n^(3/2)",Gaussian-NPE,g,2.2632161544188785,1.7678848706428543
"n=5000, N=n^(3/2)",Gaussian-NPE,g,2.269636495280625,1.729513242673076
"n=5000, N=n^(3/2)",Gaussian-NPE,g,2.2760568361423723,1.6885214566758326
"n=5000, N=n^(3/2)",Gaussian-NPE,g,2.2824771770041195,1.6453230631757156
"n=5000, N=n^(3/2)",Gaussian-NPE,g,2.288897517865866,1.600637079865692
"n=5000, N=n^(3/2)",Gaussian-NPE,g,2.2953178587276133,1.5553475269682602
"n=5000, N=n^(3/2)",Gaussian-NPE,g,2.3017381995893604,1.5103324260247606
"n=5000, N=n^(3/2)",Gaussian-NPE,g,2.3081585404511076,1.4663114086517
"n=5000, N=n^(3/2)",Gaussian-NPE,g,2.3145788813128543,1.4237454187097778
"n=5000, N=n^(3/2)",Gaussian-NPE,g,2.3209992221746014,1.382797499557214
"n=5000, N=n^(3/2)",Gaussian-NPE,g,2.3274195630363486,1.3433435433655354
"n=5000, N=n^(3/2)",Gaussian-NPE,g,2.3338399038980953,1.3050145299634641
"n=5000, N=n^(3/2)",Gaussian-NPE,g,2.3402602447598424,1.2672568891895781
"n=5000, N=n^(3/2)",Gaussian-NPE,g,2.3466805856215895,1.2294077245655495
"n=5000, N=n^(3/2)",Gaussian-NPE,g,2.3531009264833367,1.190787567725507
"n=5000, N=n^(3/2)",Gaussian-NPE,g,2.3595212673450834,1.1508099596401526
"n=5000, N=n^(3/2)",Gaussian-NPE,g,2.3659416082068305,1.1090961101230348
"n=5000, N=n^(3/2)",Gaussian-NPE,g,2.3723619490685777,1.0655710854462177
"n=5000, N=n^(3/2)",Gaussian-NPE,g,2.3787822899303244,1.020513252950397
"n=5000, N=n^(3/2)",Gaussian-NPE,g,2.3852026307920715,0.9745353877088212
"n=5000, N=n^(3/2)",Gaussian-NPE,g,2.3916229716538187,0.928492599996055
"n=5000, N=n^(3/2)",Gaussian-NPE,g,2.398043312515566,0.8833330857315848
"n=5000, N=n^(3/2)",Gaussian-NPE,g,2.4044636533773125,0.8399250142684183
"n=5000, N=n^(3/2)",Gaussian-NPE,g,2.4108839942390596,0.798900658270774
"n=5000, N=n^(3/2)",Gaussian-NPE,g,2.4173043351008063,0.7605547912246357
"n=5000, N=n^(3/2)",Gaussian-NPE,g,2.4237246759625535,0.7248200130423186
"n=5000, N=n^(3/2)",Gaussian-NPE,g,2.4301450168243006,0.6913215056255301
"n=5000, N=n^(3/2)",Gaussian-NPE,g,2.4365653576860478,0.659493570011249
"n=5000, N=n^(3/2)",Gaussian-NPE,g,2.442985698547795,0.628725650643082
"n=5000, N=n^(3/2)",Gaussian-NPE,g,2.4494060394095416,0.598500223427668
"n=5000, N=n^(3/2)",Gaussian-NPE,g,2.4558263802712887,0.5684900421079141
"n=5000, N=n^(3/2)",Gaussian-NPE,g,2.4622467211330354,0.538595857728157
"n=5000, N=n^(3/2)",Gaussian-NPE,g,2.4686670619947826,0.5089233520034315
"n=5000, N=n^(3/2)",Gaussian-NPE,g,2.4750874028565297,0.4797141101374775
"n=5000, N=n^(3/2)",Gaussian-NPE,g,2.481507743718277,0.4512554209354081
"n=5000, N=n^(3/2)",Gaussian-NPE,g,2.487928084580024,0.4237955231822646
"n=5000, N=n^(3/2)",Gaussian-NPE,g,2.4943484254417707,0.39748553448094687
"n=5000, N=n^(3/2)",Gaussian-NPE,g,2.500768766303518,0.37235953158024426
"n=5000, N=n^(3/2)",Gaussian-NPE,g,2.5071891071652646,0.3483532401192114
"n=5000, N=n^(3/2)",Gaussian-NPE,g,2.5136094480270117,0.3253519053500089
"n=5000, N=n^(3/2)",Gaussian-NPE,g,2.520029788888759,0.30325072387092056
"n=5000, N=n^(3/2)",Gaussian-NPE,g,2.526450129750506,0.2820080540767769
"n=5000, N=n^(3/2)",Gaussian-NPE,g,2.532870470612253,0.26167374368344576
"n=5000, N=n^(3/2)",Gaussian-NPE,g,2.539290811474,0.24238270884348728
"n=5000, N=n^(3/2)",Gaussian-NPE,g,2.545711152335747,0.2243157384566863
"n=5000, N=n^(3/2)",Gaussian-NPE,g,2.5521314931974937,0.20764141082722623
"n=5000, N=n^(3/2)",Gaussian-NPE,g,2.558551834059241,0.19246004363065575
"n=5000, N=n^(3/2)",Gaussian-NPE,g,2.564972174920988,0.17876934683403273
"n=5000, N=n^(3/2)",Gaussian-NPE,g,2.571392515782735,0.16646220037355292
"n=5000, N=n^(3/2)",Gaussian-NPE,g,2.5778128566444822,0.15535392829202063
"n=5000, N=n^(3/2)",Gaussian-NPE,g,2.584233197506229,0.1452256244473538
"n=5000, N=n^(3/2)",Gaussian-NPE,g,2.590653538367976,0.13586620233175767
"n=5000, N=n^(3/2)",Gaussian-NPE,g,2.5970738792297228,0.12709986481647248
"n=5000, N=n^(3/2)",Gaussian-NPE,g,2.60349422009147,0.11879463103417845
"n=5000, N=n^(3/2)",Gaussian-NPE,g,2.609914560953217,0.11085641672286772
"n=5000, N=n^(3/2)",Gaussian-NPE,g,2.616334901814964,0.10321777778521622
"n=5000, N=n^(3/2)",Gaussian-NPE,g,2.6227552426767113,0.09582952056121079
"n=5000, N=n^(3/2)",Gaussian-NPE,g,2.629175583538458,0.08865875376545876
"n=5000, N=n^(3/2)",Gaussian-NPE,g,2.635595924400205,0.08169192575051477
"n=5000, N=n^(3/2)",Gaussian-NPE,g,2.642016265261952,0.0749386672623176
"n=5000, N=n^(3/2)",Gaussian-NPE,g,2.648436606123699,0.06843258213899994
"n=5000, N=n^(3/2)",Gaussian-NPE,g,2.654856946985446,0.06222734913260725
"n=5000, N=n^(3/2)",Gaussian-NPE,g,2.6612772878471933,0.05638878533292376
"n=5000, N=n^(3/2)",Gaussian-NPE,g,2.6676976287089404,0.05098467631817144
"n=5000, N=n^(3/2)",Gaussian-NPE,g,2.674117969570687,0.046074178076210864
"n=5000, N=n^(3/2)",Gaussian-NPE,g,2.6805383104324343,0.04169818106535958
"n=5000, N=n^(3/2)",Reference (flow convention),k,0.13100794630050658,0.0
"n=5000, N=n^(3/2)",Reference (flow convention),k,0.13586766613236623,9.4239e-319
"n=5000, N=n^(3/2)",Reference (flow convention),k,0.14072738596422588,1.476996990004958e-303
"n=5000, N=n^(3/2)",Reference (flow convention),k,0.14558710579608553,9.772912052278417e-289
"n=5000, N=n^(3/2)",Reference (flow convention),k,0.15044682562794517,2.730003400655013e-274
"n=5000, N=n^(3/2)",Reference (flow convention),k,0.15530654545980482,3.2195650408850737e-260
"n=5000, N=n^(3/2)",Reference (flow convention),k,0.16016626529166444,1.6029723675305151e-246
"n=5000, N=n^(3/2)",Reference (flow convention),k,0.1650259851235241,3.3693776239839726e-233
"n=5000, N=n^(3/2)",Reference (flow convention),k,0.16988570495538374,2.989979140393871e-220
"n=5000, N=n^(3/2)",Reference (flow convention),k,0.1747454247872434,1.1201635868644285e-207
"n=5000, N=n^(3/2)",Reference (flow convention),k,0.17960514461910304,1.771697481165769e-195
"n=5000, N=n^(3/2)",Reference (flow convention),k,0.1844648644509627,1.1830211623922742e-183
"n=5000, N=n^(3/2)",Reference (flow convention),k,0.18932458428282234,3.334957441984735e-172
"n=5000, N=n^(3/2)",Reference (flow convention),k,0.194184304114682,3.969016719577298e-161
"n=5000, N=n^(3/2)",Reference (flow convention),k,0.19904402394654164,1.9942078941952685e-150
"n=5000, N=n^(3/2)",Reference (flow convention),k,0.20390374377840126,4.230121471037122e-140
"n=5000, N=n^(3/2)",Reference (flow convention),k,0.20876346361026094,3.788176514362131e-130
"n=5000, N=n^(3/2)",Reference (flow convention),k,0.21362318344212056,1.4321965695936681e-120
"n=5000, N=n^(3/2)",Reference (flow convention),k,0.21848290327398023,2.285968573739094e-111
"n=5000, N=n^(3/2)",Reference (flow convention),k,0.22334262310583985,1.5403993784272205e-102
"n=5000, N=n^(3/2)",Reference (flow convention),k,0.2282023429376995,4.382200791487273e-94
"n=5000, N=n^(3/2)",Reference (flow convention),k,0.23306206276955915,5.263174111072577e-86
"n=5000, N=n^(3/2)",Reference (flow convention),k,0.2379217826014188,2.6687065434754103e-78
"n=5000, N=n^(3/2)",Reference (flow convention),k,0.24278150243327845,5.7128565017023755e-71
"n=5000, N=n^(3/2)",Reference (flow convention),k,0.2476412222651381,5.163071751867117e-64
"n=5000, N=n^(3/2)",Reference (flow convention),k,0.25250094209699775,1.970017906873693e-57
"n=5000, N=n^(3/2)",Reference (flow convention),k,0.2573606619288574,3.173563940800756e-51
"n=5000, N=n^(3/2)",Reference (flow convention),k,0.26222038176071705,2.1585014380805637e-45
"n=5000, N=n^(3/2)",Reference (flow convention),k,0.26708010159257667,6.1987861333936175e-40
"n=5000, N=n^(3/2)",Reference (flow convention),k,0.2719398214244363,7.517006487987976e-35
"n=5000, N=n^(3/2)",Reference (flow convention),k,0.27679954125629597,3.849674587515812e-30
"n=5000, N=n^(3/2)",Reference (flow convention),k,0.28165926108815564,8.327926770933663e-26
"n=5000, N=n^(3/2)",Reference (flow convention),k,0.28651898092001526,7.612639185650844e-22
"n=5000, N=n^(3/2)",Reference (flow convention),k,0.2913787007518749,2.9421568680990788e-18
"n=5000, N=n^(3/2)",Reference (flow convention),k,0.29623842058373456,4.8120267136696926e-15
"n=5000, N=n^(3/2)",Reference (flow convention),k,0.30109814041559424,3.33551603904687e-12
"n=5000, N=n^(3/2)",Reference (flow convention),k,0.30595786024745386,9.821698001090855e-10
"n=5000, N=n^(3/2)",Reference (flow convention),k,0.3108175800793135,1.2330315777974387e-07
"n=5000, N=n^(3/2)",Reference (flow convention),k,0.3156772999111731,6.635793353719167e-06
"n=5000, N=n^(3/2)",Reference (flow convention),k,0.3205370197430328,0.00015429687841260137
"n=5000, N=n^(3/2)",Reference (flow convention),k,0.32539673957489246,0.0015676756690063862
"n=5000, N=n^(3/2)",Reference (flow convention),k,0.3302564594067521,0.007102730309357092
"n=5000, N=n^(3/2)",Reference (flow convention),k,0.3351161792386117,0.015410025857126856
"n=5000, N=n^(3/2)",Reference (flow convention),k,0.3399758990704714,0.0222642998625714
"n=5000, N=n^(3/2)",Reference (flow convention),k,0.34483561890233105,0.040783191108246325
"n=5000, N=n^(3/2)",Reference (flow convention),k,0.3496953387341907,0.08567989227249764
"n=5000, N=n^(3/2)",Reference (flow convention),k,0.3545550585660503,0.14998159476269318
"n=5000, N=n^(3/2)",Reference (flow convention),k,0.35941477839791,0.2335693311602666
"n=5000, N=n^(3/2)",Reference (flow convention),k,0.36427449822976965,0.3690188854829078
"n=5000, N=n^(3/2)",Reference (flow convention),k,0.36913421806162927,0.5570549851927963
"n=5000, N=n^(3/2)",Reference (flow convention),k,0.3739939378934889,0.8034001393425936
"n=5000, N=n^(3/2)",Reference (flow convention),k,0.3788536577253485,1.1477993460584102
"n=5000, N=n^(3/2)",Reference (flow convention),k,0.38371337755720825,1.538377743981101
"n=5000, N=n^(3/2)",Reference (flow convention),k,0.38857309738906787,1.9580862974795465
"n=5000, N=n^(3/2)",Reference (flow convention),k,0.3934328172209275,2.524326731131856
"n=5000, N=n^(3/2)",Reference (flow convention),k,0.3982925370527871,3.2462682560719607
"n=5000, N=n^(3/2)",Reference (flow convention),k,0.40315225688464673,4.0484058924744994
"n=5000, N=n^(3/2)",Reference (flow convention),k,0.40801197671650646,4.993537366507972
"n=5000, N=n^(3/2)",Reference (flow convention),k,0.4128716965483661,6.210452158101317
"n=5000, N=n^(3/2)",Reference (flow convention),k,0.4177314163802257,7.504174765906056
"n=5000, N=n^(3/2)",Reference (flow convention),k,0.4225911362120853,8.511955219067707
"n=5000, N=n^(3/2)",Reference (flow convention),k,0.42745085604394506,9.318571850673646
"n=5000, N=n^(3/2)",Reference (flow convention),k,0.4323105758758047,10.111644875571608
"n=5000, N=n^(3/2)",Reference (flow convention),k,0.4371702957076643,10.82148630062651
"n=5000, N=n^(3/2)",Reference (flow convention),k,0.4420300155395239,11.365405456969393
"n=5000, N=n^(3/2)",Reference (flow convention),k,0.44688973537138355,11.756733633022295
"n=5000, N=n^(3/2)",Reference (flow convention),k,0.4517494552032433,11.898101935283036
"n=5000, N=n^(3/2)",Reference (flow convention),k,0.4566091750351029,11.760792663141574
"n=5000, N=n^(3/2)",Reference (flow convention),k,0.4614688948669625,11.427077531504182
"n=5000, N=n^(3/2)",Reference (flow convention),k,0.46632861469882214,10.829509560611017
"n=5000, N=n^(3/2)",Reference (flow convention),k,0.4711883345306819,9.98749886349653
"n=5000, N=n^(3/2)",Reference (flow convention),k,0.4760480543625415,9.04430184547448
"n=5000, N=n^(3/2)",Reference (flow convention),k,0.4809077741944011,8.112882045748023
"n=5000, N=n^(3/2)",Reference (flow convention),k,0.48576749402626074,7.144610134016682
"n=5000, N=n^(3/2)",Reference (flow convention),k,0.49062721385812047,5.996107642185584
"n=5000, N=n^(3/2)",Reference (flow convention),k,0.4954869336899801,4.877146081651104
"n=5000, N=n^(3/2)",Reference (flow convention),k,0.5003466535218397,4.014863508278269
"n=5000, N=n^(3/2)",Reference (flow convention),k,0.5052063733536993,3.2547203746949394
"n=5000, N=n^(3/2)",Reference (flow convention),k,0.510066093185559,2.6043675929408767
"n=5000, N=n^(3/2)",Reference (flow convention),k,0.5149258130174187,2.0806957170507245
"n=5000, N=n^(3/2)",Reference (flow convention),k,0.5197855328492783,1.573094044864008
"n=5000, N=n^(3/2)",Reference (flow convention),k,0.5246452526811379,1.1319198939711552
"n=5000, N=n^(3/2)",Reference (flow convention),k,0.5295049725129976,0.808832523894855
"n=5000, N=n^(3/2)",Reference (flow convention),k,0.5343646923448573,0.574579352041833
"n=5000, N=n^(3/2)",Reference (flow convention),k,0.5392244121767169,0.4130490759443218
"n=5000, N=n^(3/2)",Reference (flow convention),k,0.5440841320085765,0.30063146477999275
"n=5000, N=n^(3/2)",Reference (flow convention),k,0.5489438518404361,0.197889210933825
"n=5000, N=n^(3/2)",Reference (flow convention),k,0.5538035716722958,0.12133156191836364
"n=5000, N=n^(3/2)",Reference (flow convention),k,0.5586632915041555,0.08985403432954503
"n=5000, N=n^(3/2)",Reference (flow convention),k,0.5635230113360151,0.08044457802562323
"n=5000, N=n^(3/2)",Reference (flow convention),k,0.5683827311678747,0.05463792293708357
"n=5000, N=n^(3/2)",Reference (flow convention),k,0.5732424509997344,0.028634348814773575
"n=5000, N=n^(3/2)",Reference (flow convention),k,0.5781021708315941,0.015300680716097867
"n=5000, N=n^(3/2)",Reference (flow convention),k,0.5829618906634537,0.005862836413981345
"n=5000, N=n^(3/2)",Reference (flow convention),k,0.5878216104953133,0.0011221499743033225
"n=5000, N=n^(3/2)",Reference (flow convention),k,0.592681330327173,9.665818346468888e-05
"n=5000, N=n^(3/2)",Reference (flow convention),k,0.5975410501590327,3.6409645953244703e-06
"n=5000, N=n^(3/2)",Reference (flow convention),k,0.6024007699908923,5.919082052274785e-08
"n=5000, N=n^(3/2)",Reference (flow convention),k,0.6072604898227519,4.119099436844061e-10
"n=5000, N=n^(3/2)",Reference (flow convention),k,0.6121202096546116,1.2205740834050228e-12
"n=5000, N=n^(3/2)",Reference (flow convention),k,0.6169799294864712,1.5349196756294277e-15
"n=5000, N=n^(3/2)",Reference (flow convention),k,0.6218396493183309,8.174608587310836e-19
"n=5000, N=n^(3/2)",Reference (flow convention),k,0.6266993691501905,1.8414520883594913e-22
"n=5000, N=n^(3/2)",Reference (flow convention),k,0.6315590889820502,1.7532189492130505e-26
"n=5000, N=n^(3/2)",Reference (flow convention),k,0.6364188088139099,7.051747227123861e-31
"n=5000, N=n^(3/2)",Reference (flow convention),k,0.6412785286457695,1.1979107239574785e-35
"n=5000, N=n^(3/2)",Reference (flow convention),k,0.6461382484776291,8.593088426788749e-41
"n=5000, N=n^(3/2)",Reference (flow convention),k,0.6509979683094888,2.6027330158297678e-46
"n=5000, N=n^(3/2)",Reference (flow convention),k,0.6558576881413484,3.328440366013681e-52
"n=5000, N=n^(3/2)",Reference (flow convention),k,0.6607174079732081,1.7970828826643273e-58
"n=5000, N=n^(3/2)",Reference (flow convention),k,0.6655771278050677,4.096405236890944e-65
"n=5000, N=n^(3/2)",Reference (flow convention),k,0.6704368476369273,3.9422126042212e-72
"n=5000, N=n^(3/2)",Reference (flow convention),k,0.675296567468787,1.601682534761912e-79
"n=5000, N=n^(3/2)",Reference (flow convention),k,0.6801562873006467,2.747326617900871e-87
"n=5000, N=n^(3/2)",Reference (flow convention),k,0.6850160071325063,1.9894843613120365e-95
"n=5000, N=n^(3/2)",Reference (flow convention),k,0.6898757269643659,6.082281413535704e-104
"n=5000, N=n^(3/2)",Reference (flow convention),k,0.6947354467962256,7.850328991868547e-113
"n=5000, N=n^(3/2)",Reference (flow convention),k,0.6995951666280853,4.277641141245206e-122
"n=5000, N=n^(3/2)",Reference (flow convention),k,0.7044548864599449,9.840470161196007e-132
"n=5000, N=n^(3/2)",Reference (flow convention),k,0.7093146062918045,9.557015295317254e-142
"n=5000, N=n^(3/2)",Reference (flow convention),k,0.7141743261236642,3.918533808947204e-152
"n=5000, N=n^(3/2)",Reference (flow convention),k,0.7190340459555238,6.782968067174818e-163
"n=5000, N=n^(3/2)",Reference (flow convention),k,0.7238937657873835,4.95690719054815e-174
"n=5000, N=n^(3/2)",Reference (flow convention),k,0.7287534856192431,1.529313892319475e-185
"n=5000, N=n^(3/2)",Reference (flow convention),k,0.7336132054511028,1.991944826678125e-197
"n=5000, N=n^(3/2)",Reference (flow convention),k,0.7384729252829624,1.0953497117789787e-209
"n=5000, N=n^(3/2)",Reference (flow convention),k,0.7433326451148221,2.5428638708463354e-222
"n=5000, N=n^(3/2)",Reference (flow convention),k,0.7481923649466817,2.4922307090016282e-235
"n=5000, N=n^(3/2)",Reference (flow convention),k,0.7530520847785414,1.0312125567306651e-248
"n=5000, N=n^(3/2)",Reference (flow convention),k,0.757911804610401,1.8013701409442097e-262
"n=5000, N=n^(3/2)",Reference (flow convention),k,0.7627715244422606,1.3284724243876493e-276
"n=5000, N=n^(3/2)",Reference (flow convention),k,0.7676312442741203,4.1361563342556514e-291
"n=5000, N=n^(3/2)",Reference (flow convention),k,0.77249096410598,5.436709949112897e-306
"n=5000, N=n^(3/2)",Reference (flow convention),k,0.7773506839378396,3.02e-321
"n=5000, N=n^(3/2)",Reference (flow convention),k,0.7822104037696992,0.0
"n=5000, N=n^(3/2)",Reference (flow convention),k,0.7870701236015589,0.0
"n=5000, N=n^(3/2)",Reference (flow convention),k,0.7919298434334185,0.0
"n=5000, N=n^(3/2)",Reference (flow convention),k,0.7967895632652782,0.0
"n=5000, N=n^(3/2)",Reference (flow convention),k,0.8016492830971378,0.0
"n=5000, N=n^(3/2)",Reference (flow convention),k,0.8065090029289974,0.0
"n=5000, N=n^(3/2)",Reference (flow convention),k,0.8113687227608571,0.0
"n=5000, N=n^(3/2)",Reference (flow convention),k,0.8162284425927168,0.0
"n=5000, N=n^(3/2)",Reference (flow convention),k,0.8210881624245764,0.0
"n=5000, N=n^(3/2)",Reference (flow convention),k,0.825947882256436,0.0
"n=5000, N=n^(3/2)",Reference (flow convention),k,0.8308076020882957,0.0
"n=5000, N=n^(3/2)",Reference (flow convention),k,0.8356673219201554,0.0
"n=5000, N=n^(3/2)",Reference (flow convention),k,0.840527041752015,0.0
"n=5000, N=n^(3/2)",Reference (flow convention),k,0.8453867615838746,0.0
"n=5000, N=n^(3/2)",Reference (flow convention),k,0.8502464814157343,0.0
"n=5000, N=n^(3/2)",Reference (flow convention),k,0.855106201247594,0.0
"n=5000, N=n^(3/2)",Reference (flow convention),k,0.8599659210794536,0.0
"n=5000, N=n^(3/2)",Reference (flow convention),k,0.8648256409113132,0.0
"n=5000, N=n^(3/2)",Reference (flow convention),k,0.8696853607431728,0.0
"n=5000, N=n^(3/2)",Reference (flow convention),k,0.8745450805750326,0.0
"n=5000, N=n^(3/2)",Reference (flow convention),k,0.8794048004068922,0.0
"n=5000, N=n^(3/2)",Reference (flow convention),k,0.8842645202387518,0.0
"n=5000, N=n^(3/2)",Reference (flow convention),k,0.8891242400706114,0.0
"n=5000, N=n^(3/2)",Reference (flow convention),k,0.8939839599024711,0.0
"n=5000, N=n^(3/2)",Reference (flow convention),k,0.8988436797343308,0.0
"n=5000, N=n^(3/2)",Reference (flow convention),k,0.9037033995661904,0.0
"n=5000, N=n^(3/2)",Reference (flow convention),k,0.90856311939805,0.0
"n=5000, N=n^(3/2)",Reference (flow convention),k,0.9134228392299096,0.0
"n=5000, N=n^(3/2)",Reference (flow convention),k,0.9182825590617694,0.0
"n=5000, N=n^(3/2)",Reference (flow convention),k,0.923142278893629,0.0
"n=5000, N=n^(3/2)",Reference (flow convention),k,0.9280019987254886,0.0
"n=5000, N=n^(3/2)",Reference (flow convention),k,0.9328617185573482,0.0
"n=5000, N=n^(3/2)",Reference (flow convention),k,0.937721438389208,0.0
"n=5000, N=n^(3/2)",Reference (flow convention),k,0.9425811582210676,0.0
"n=5000, N=n^(3/2)",Reference (flow convention),k,0.9474408780529272,0.0
"n=5000, N=n^(3/2)",Reference (flow convention),k,0.9523005978847868,0.0
"n=5000, N=n^(3/2)",Reference (flow convention),k,0.9571603177166466,0.0
"n=5000, N=n^(3/2)",Reference (flow convention),k,0.9620200375485062,0.0
"n=5000, N=n^(3/2)",Reference (flow convention),k,0.9668797573803658,0.0
"n=5000, N=n^(3/2)",Reference (flow convention),k,0.9717394772122254,0.0
"n=5000, N=n^(3/2)",Reference (flow convention),k,0.976599197044085,0.0
"n=5000, N=n^(3/2)",Reference (flow convention),k,0.9814589168759448,0.0
"n=5000, N=n^(3/2)",Reference (flow convention),k,0.9863186367078044,0.0
"n=5000, N=n^(3/2)",Reference (flow convention),k,0.991178356539664,0.0
"n=5000, N=n^(3/2)",Reference (flow convention),k,0.9960380763715236,0.0
"n=5000, N=n^(3/2)",Reference (flow convention),k,1.0008977962033834,0.0
"n=5000, N=n^(3/2)",Reference (flow convention),k,1.005757516035243,0.0
"n=5000, N=n^(3/2)",Reference (flow convention),k,1.0106172358671026,0.0
"n=5000, N=n^(3/2)",Reference (flow convention),k,1.0154769556989622,0.0
"n=5000, N=n^(3/2)",Reference (flow convention),k,1.0203366755308219,0.0
"n=5000, N=n^(3/2)",Reference (flow convention),k,1.0251963953626815,0.0
"n=5000, N=n^(3/2)",Reference (flow convention),k,1.030056115194541,0.0
"n=5000, N=n^(3/2)",Reference (flow convention),k,1.0349158350264007,0.0
"n=5000, N=n^(3/2)",Reference (flow convention),k,1.0397755548582603,0.0
"n=5000, N=n^(3/2)",Reference (flow convention),k,1.0446352746901202,0.0
"n=5000, N=n^(3/2)",Reference (flow convention),k,1.0494949945219798,0.0
"n=5000, N=n^(3/2)",Reference (flow convention),k,1.0543547143538394,0.0
"n=5000, N=n^(3/2)",Reference (flow convention),k,1.059214434185699,0.0
"n=5000, N=n^(3/2)",Reference (flow convention),k,1.0640741540175587,0.0
"n=5000, N=n^(3/2)",Reference (flow convention),k,1.0689338738494183,0.0
"n=5000, N=n^(3/2)",Reference (flow convention),k,1.073793593681278,0.0
"n=5000, N=n^(3/2)",Reference (flow convention),k,1.0786533135131375,0.0
"n=5000, N=n^(3/2)",Reference (flow convention),k,1.0835130333449972,0.0
"n=5000, N=n^(3/2)",Reference (flow convention),k,1.088372753176857,0.0
"n=5000, N=n^(3/2)",Reference (flow convention),k,1.0932324730087166,0.0
"n=5000, N=n^(3/2)",Reference (flow convention),k,1.0980921928405762,0.0
"n=5000, N=n^(3/2)",Reference (Gaussian convention),k,0.13100794630050658,0.0
"n=5000, N=n^(3/2)",Reference (Gaussian convention),k,0.13586766613236623,0.0
"n=5000, N=n^(3/2)",Reference (Gaussian convention),k,0.14072738596422588,0.0
"n=5000, N=n^(3/2)",Reference (Gaussian convention),k,0.14558710579608553,0.0
"n=5000, N=n^(3/2)",Reference (Gaussian convention),k,0.15044682562794517,0.0
"n=5000, N=n^(3/2)",Reference (Gaussian convention),k,0.15530654545980482,0.0
"n=5000, N=n^(3/2)",Reference (Gaussian convention),k,0.16016626529166444,0.0
"n=5000, N=n^(3/2)",Reference (Gaussian convention),k,0.1650259851235241,0.0
"n=5000, N=n^(3/2)",Reference (Gaussian convention),k,0.16988570495538374,0.0
"n=5000, N=n^(3/2)",Reference (Gaussian convention),k,0.1747454247872434,0.0
"n=5000, N=n^(3/2)",Reference (Gaussian convention),k,0.17960514461910304,0.0
"n=5000, N=n^(3/2)",Reference (Gaussian convention),k,0.1844648644509627,0.0
"n=5000, N=n^(3/2)",Reference (Gaussian convention),k,0.18932458428282234,0.0
"n=5000, N=n^(3/2)",Reference (Gaussian convention),k,0.194184304114682,0.0
"n=5000, N=n^(3/2)",Reference (Gaussian convention),k,0.19904402394654164,3.1079111477473e-310
"n=5000, N=n^(3/2)",Reference (Gaussian convention),k,0.20390374377840126,1.0922518858715206e-295
"n=5000, N=n^(3/2)",Reference (Gaussian convention),k,0.20876346361026094,1.705463697091373e-281
"n=5000, N=n^(3/2)",Reference (Gaussian convention),k,0.21362318344212056,1.1831347236596128e-267
"n=5000, N=n^(3/2)",Reference (Gaussian convention),k,0.21848290327398023,3.6467404977914626e-254
"n=5000, N=n^(3/2)",Reference (Gaussian convention),k,0.22334262310583985,4.9941510287470095e-241
"n=5000, N=n^(3/2)",Reference (Gaussian convention),k,0.2282023429376995,3.0388703822080046e-228
"n=5000, N=n^(3/2)",Reference (Gaussian convention),k,0.23306206276955915,8.216072150230843e-216
"n=5000, N=n^(3/2)",Reference (Gaussian convention),k,0.2379217826014188,9.870202858671582e-204
"n=5000, N=n^(3/2)",Reference (Gaussian convention),k,0.24278150243327845,5.2687332930026216e-192
"n=5000, N=n^(3/2)",Reference (Gaussian convention),k,0.2476412222651381,1.2497223018095987e-180
"n=5000, N=n^(3/2)",Reference (Gaussian convention),k,0.25250094209699775,1.3172165819666343e-169
"n=5000, N=n^(3/2)",Reference (Gaussian convention),k,0.2573606619288574,6.169454123714528e-159
"n=5000, N=n^(3/2)",Reference (Gaussian convention),k,0.26222038176071705,1.2840797570142914e-148
"n=5000, N=n^(3/2)",Reference (Gaussian convention),k,0.26708010159257667,1.1876900052092434e-138
"n=5000, N=n^(3/2)",Reference (Gaussian convention),k,0.2719398214244363,4.881917812549474e-129
"n=5000, N=n^(3/2)",Reference (Gaussian convention),k,0.27679954125629597,8.917944641857523e-120
"n=5000, N=n^(3/2)",Reference (Gaussian convention),k,0.28165926108815564,7.23997322910121e-111
"n=5000, N=n^(3/2)",Reference (Gaussian convention),k,0.28651898092001526,2.612270723406781e-102
"n=5000, N=n^(3/2)",Reference (Gaussian convention),k,0.2913787007518749,4.189090930411546e-94
"n=5000, N=n^(3/2)",Reference (Gaussian convention),k,0.29623842058373456,2.9857488839091117e-86
"n=5000, N=n^(3/2)",Reference (Gaussian convention),k,0.30109814041559424,9.458674559105849e-79
"n=5000, N=n^(3/2)",Reference (Gaussian convention),k,0.30595786024745386,1.33187205527179e-71
"n=5000, N=n^(3/2)",Reference (Gaussian convention),k,0.3108175800793135,8.33607646168061e-65
"n=5000, N=n^(3/2)",Reference (Gaussian convention),k,0.3156772999111731,2.319207223000631e-58
"n=5000, N=n^(3/2)",Reference (Gaussian convention),k,0.3205370197430328,2.8681889474362155e-52
"n=5000, N=n^(3/2)",Reference (Gaussian convention),k,0.32539673957489246,1.5768044152055067e-46
"n=5000, N=n^(3/2)",Reference (Gaussian convention),k,0.3302564594067521,3.853550958500866e-41
"n=5000, N=n^(3/2)",Reference (Gaussian convention),k,0.3351161792386117,4.1866696108521786e-36
"n=5000, N=n^(3/2)",Reference (Gaussian convention),k,0.3399758990704714,2.0221406563648754e-31
"n=5000, N=n^(3/2)",Reference (Gaussian convention),k,0.34483561890233105,4.3420970248023554e-27
"n=5000, N=n^(3/2)",Reference (Gaussian convention),k,0.3496953387341907,4.145177565209866e-23
"n=5000, N=n^(3/2)",Reference (Gaussian convention),k,0.3545550585660503,1.7593476498396836e-19
"n=5000, N=n^(3/2)",Reference (Gaussian convention),k,0.35941477839791,3.319968948195438e-16
"n=5000, N=n^(3/2)",Reference (Gaussian convention),k,0.36427449822976965,2.785471122009871e-13
"n=5000, N=n^(3/2)",Reference (Gaussian convention),k,0.36913421806162927,1.0390922489570778e-10
"n=5000, N=n^(3/2)",Reference (Gaussian convention),k,0.3739939378934889,1.7235011494238817e-08
"n=5000, N=n^(3/2)",Reference (Gaussian convention),k,0.3788536577253485,1.271150238251319e-06
"n=5000, N=n^(3/2)",Reference (Gaussian convention),k,0.38371337755720825,4.169687248982576e-05
"n=5000, N=n^(3/2)",Reference (Gaussian convention),k,0.38857309738906787,0.0006088751095267449
"n=5000, N=n^(3/2)",Reference (Gaussian convention),k,0.3934328172209275,0.003973860855992523
"n=5000, N=n^(3/2)",Reference (Gaussian convention),k,0.3982925370527871,0.011796610808382513
"n=5000, N=n^(3/2)",Reference (Gaussian convention),k,0.40315225688464673,0.017131172081946176
"n=5000, N=n^(3/2)",Reference (Gaussian convention),k,0.40801197671650646,0.015721697027457186
"n=5000, N=n^(3/2)",Reference (Gaussian convention),k,0.4128716965483661,0.016113646500063007
"n=5000, N=n^(3/2)",Reference (Gaussian convention),k,0.4177314163802257,0.02630504106143002
"n=5000, N=n^(3/2)",Reference (Gaussian convention),k,0.4225911362120853,0.046854049940888244
"n=5000, N=n^(3/2)",Reference (Gaussian convention),k,0.42745085604394506,0.07239582967633723
"n=5000, N=n^(3/2)",Reference (Gaussian convention),k,0.4323105758758047,0.10912708879367972
"n=5000, N=n^(3/2)",Reference (Gaussian convention),k,0.4371702957076643,0.19625583895785045
"n=5000, N=n^(3/2)",Reference (Gaussian convention),k,0.4420300155395239,0.3498136084876025
"n=5000, N=n^(3/2)",Reference (Gaussian convention),k,0.44688973537138355,0.5224596112829936
"n=5000, N=n^(3/2)",Reference (Gaussian convention),k,0.4517494552032433,0.7245701963154896
"n=5000, N=n^(3/2)",Reference (Gaussian convention),k,0.4566091750351029,1.0091140036251638
"n=5000, N=n^(3/2)",Reference (Gaussian convention),k,0.4614688948669625,1.3548395053033089
"n=5000, N=n^(3/2)",Reference (Gaussian convention),k,0.46632861469882214,1.7666747875324802
"n=5000, N=n^(3/2)",Reference (Gaussian convention),k,0.4711883345306819,2.3326163947869643
"n=5000, N=n^(3/2)",Reference (Gaussian convention),k,0.4760480543625415,3.065959514084974
"n=5000, N=n^(3/2)",Reference (Gaussian convention),k,0.4809077741944011,3.841137709051333
"n=5000, N=n^(3/2)",Reference (Gaussian convention),k,0.48576749402626074,4.645870113793519
"n=5000, N=n^(3/2)",Reference (Gaussian convention),k,0.49062721385812047,5.542117850622425
"n=5000, N=n^(3/2)",Reference (Gaussian convention),k,0.4954869336899801,6.554867966918163
"n=5000, N=n^(3/2)",Reference (Gaussian convention),k,0.5003466535218397,7.60724477231715
"n=5000, N=n^(3/2)",Reference (Gaussian convention),k,0.5052063733536993,8.490231607148216
"n=5000, N=n^(3/2)",Reference (Gaussian convention),k,0.510066093185559,9.375064326019144
"n=5000, N=n^(3/2)",Reference (Gaussian convention),k,0.5149258130174187,10.409340695641585
"n=5000, N=n^(3/2)",Reference (Gaussian convention),k,0.5197855328492783,11.215758038938553
"n=5000, N=n^(3/2)",Reference (Gaussian convention),k,0.5246452526811379,11.629166409408256
"n=5000, N=n^(3/2)",Reference (Gaussian convention),k,0.5295049725129976,11.755896038873647
"n=5000, N=n^(3/2)",Reference (Gaussian convention),k,0.5343646923448573,11.641404543924533
"n=5000, N=n^(3/2)",Reference (Gaussian convention),k,0.5392244121767169,11.31079058761955
"n=5000, N=n^(3/2)",Reference (Gaussian convention),k,0.5440841320085765,10.72450778079598
"n=5000, N=n^(3/2)",Reference (Gaussian convention),k,0.5489438518404361,9.864648001278537
"n=5000, N=n^(3/2)",Reference (Gaussian convention),k,0.5538035716722958,9.013954380407135
"n=5000, N=n^(3/2)",Reference (Gaussian convention),k,0.5586632915041555,8.270259680733066
"n=5000, N=n^(3/2)",Reference (Gaussian convention),k,0.5635230113360151,7.483350652637444
"n=5000, N=n^(3/2)",Reference (Gaussian convention),k,0.5683827311678747,6.707120929522765
"n=5000, N=n^(3/2)",Reference (Gaussian convention),k,0.5732424509997344,5.923926893825123
"n=5000, N=n^(3/2)",Reference (Gaussian convention),k,0.5781021708315941,5.073054638177357
"n=5000, N=n^(3/2)",Reference (Gaussian convention),k,0.5829618906634537,4.247670216403226
"n=5000, N=n^(3/2)",Reference (Gaussian convention),k,0.5878216104953133,3.4062285241890553
"n=5000, N=n^(3/2)",Reference (Gaussian convention),k,0.592681330327173,2.5506216860051967
"n=5000, N=n^(3/2)",Reference (Gaussian convention),k,0.5975410501590327,1.7993673623692863
"n=5000, N=n^(3/2)",Reference (Gaussian convention),k,0.6024007699908923,1.2470086621479588
"n=5000, N=n^(3/2)",Reference (Gaussian convention),k,0.6072604898227519,0.8896994274320488
"n=5000, N=n^(3/2)",Reference (Gaussian convention),k,0.6121202096546116,0.6683663215424482
"n=5000, N=n^(3/2)",Reference (Gaussian convention),k,0.6169799294864712,0.5586574840991344
"n=5000, N=n^(3/2)",Reference (Gaussian convention),k,0.6218396493183309,0.49849818824392983
"n=5000, N=n^(3/2)",Reference (Gaussian convention),k,0.6266993691501905,0.40868418160744346
"n=5000, N=n^(3/2)",Reference (Gaussian convention),k,0.6315590889820502,0.2882967737652085
"n=5000, N=n^(3/2)",Reference (Gaussian convention),k,0.6364188088139099,0.1835649330318182
"n=5000, N=n^(3/2)",Reference (Gaussian convention),k,0.6412785286457695,0.11367672590033671
"n=5000, N=n^(3/2)",Reference (Gaussian convention),k,0.6461382484776291,0.07455446117011114
"n=5000, N=n^(3/2)",Reference (Gaussian convention),k,0.6509979683094888,0.05271354460087752
"n=5000, N=n^(3/2)",Reference (Gaussian convention),k,0.6558576881413484,0.030529502893526718
"n=5000, N=n^(3/2)",Reference (Gaussian convention),k,0.6607174079732081,0.011783539643503108
"n=5000, N=n^(3/2)",Reference (Gaussian convention),k,0.6655771278050677,0.00644617128279234
"n=5000, N=n^(3/2)",Reference (Gaussian convention),k,0.6704368476369273,0.00753002563993769
"n=5000, N=n^(3/2)",Reference (Gaussian convention),k,0.675296567468787,0.005272290554176169
"n=5000, N=n^(3/2)",Reference (Gaussian convention),k,0.6801562873006467,0.001670728081711535
"n=5000, N=n^(3/2)",Reference (Gaussian convention),k,0.6850160071325063,0.00023540270518979968
"n=5000, N=n^(3/2)",Reference (Gaussian convention),k,0.6898757269643659,1.4733121364889956e-05
"n=5000, N=n^(3/2)",Reference (Gaussian convention),k,0.6947354467962256,4.095739652131054e-07
"n=5000, N=n^(3/2)",Reference (Gaussian convention),k,0.6995951666280853,5.057348247967223e-09
"n=5000, N=n^(3/2)",Reference (Gaussian convention),k,0.7044548864599449,2.773743153836653e-11
"n=5000, N=n^(3/2)",Reference (Gaussian convention),k,0.7093146062918045,6.757133323932865e-14
"n=5000, N=n^(3/2)",Reference (Gaussian convention),k,0.7141743261236642,7.311586022107262e-17
"n=5000, N=n^(3/2)",Reference (Gaussian convention),k,0.7190340459555238,3.514095509684499e-20
"n=5000, N=n^(3/2)",Reference (Gaussian convention),k,0.7238937657873835,7.501850227538753e-24
"n=5000, N=n^(3/2)",Reference (Gaussian convention),k,0.7287534856192431,7.1133811351785615e-28
"n=5000, N=n^(3/2)",Reference (Gaussian convention),k,0.7336132054511028,2.995964269279308e-32
"n=5000, N=n^(3/2)",Reference (Gaussian convention),k,0.7384729252829624,5.60466993276256e-37
"n=5000, N=n^(3/2)",Reference (Gaussian convention),k,0.7433326451148221,4.657108054216846e-42
"n=5000, N=n^(3/2)",Reference (Gaussian convention),k,0.7481923649466817,1.7188399882739542e-47
"n=5000, N=n^(3/2)",Reference (Gaussian convention),k,0.7530520847785414,2.8177823492740055e-53
"n=5000, N=n^(3/2)",Reference (Gaussian convention),k,0.757911804610401,2.051787128684475e-59
"n=5000, N=n^(3/2)",Reference (Gaussian convention),k,0.7627715244422606,6.636055643930403e-66
"n=5000, N=n^(3/2)",Reference (Gaussian convention),k,0.7676312442741203,9.533241569828655e-73
"n=5000, N=n^(3/2)",Reference (Gaussian convention),k,0.77249096410598,6.083087148573025e-80
"n=5000, N=n^(3/2)",Reference (Gaussian convention),k,0.7773506839378396,1.7240916157026113e-87
"n=5000, N=n^(3/2)",Reference (Gaussian convention),k,0.7822104037696992,2.170448585651432e-95
"n=5000, N=n^(3/2)",Reference (Gaussian convention),k,0.7870701236015589,1.2136445960831112e-103
"n=5000, N=n^(3/2)",Reference (Gaussian convention),k,0.7919298434334185,3.0142995699006853e-112
"n=5000, N=n^(3/2)",Reference (Gaussian convention),k,0.7967895632652782,3.3253254630690814e-121
"n=5000, N=n^(3/2)",Reference (Gaussian convention),k,0.8016492830971378,1.6294264634051738e-130
"n=5000, N=n^(3/2)",Reference (Gaussian convention),k,0.8065090029289974,3.5464042118653744e-140
"n=5000, N=n^(3/2)",Reference (Gaussian convention),k,0.8113687227608571,3.428424294808358e-150
"n=5000, N=n^(3/2)",Reference (Gaussian convention),k,0.8162284425927168,1.472155734717584e-160
"n=5000, N=n^(3/2)",Reference (Gaussian convention),k,0.8210881624245764,2.807797657495879e-171
"n=5000, N=n^(3/2)",Reference (Gaussian convention),k,0.825947882256436,2.378650970631571e-182
"n=5000, N=n^(3/2)",Reference (Gaussian convention),k,0.8308076020882957,8.950524703785268e-194
"n=5000, N=n^(3/2)",Reference (Gaussian convention),k,0.8356673219201554,1.4959570729633123e-205
"n=5000, N=n^(3/2)",Reference (Gaussian convention),k,0.840527041752015,1.1105615381486269e-217
"n=5000, N=n^(3/2)",Reference (Gaussian convention),k,0.8453867615838746,3.6620054546702696e-230
"n=5000, N=n^(3/2)",Reference (Gaussian convention),k,0.8502464814157343,5.363499029277242e-243
"n=5000, N=n^(3/2)",Reference (Gaussian convention),k,0.855106201247594,3.489235537353171e-256
"n=5000, N=n^(3/2)",Reference (Gaussian convention),k,0.8599659210794536,1.0082430312579723e-269
"n=5000, N=n^(3/2)",Reference (Gaussian convention),k,0.8648256409113132,1.2940558846887977e-283
"n=5000, N=n^(3/2)",Reference (Gaussian convention),k,0.8696853607431728,7.3772363302928305e-298
"n=5000, N=n^(3/2)",Reference (Gaussian convention),k,0.8745450805750326,1.868044517972e-312
"n=5000, N=n^(3/2)",Reference (Gaussian convention),k,0.8794048004068922,0.0
"n=5000, N=n^(3/2)",Reference (Gaussian convention),k,0.8842645202387518,0.0
"n=5000, N=n^(3/2)",Reference (Gaussian convention),k,0.8891242400706114,0.0
"n=5000, N=n^(3/2)",Reference (Gaussian convention),k,0.8939839599024711,0.0
"n=5000, N=n^(3/2)",Reference (Gaussian convention),k,0.8988436797343308,0.0
"n=5000, N=n^(3/2)",Reference (Gaussian convention),k,0.9037033995661904,0.0
"n=5000, N=n^(3/2)",Reference (Gaussian convention),k,0.90856311939805,0.0
"n=5000, N=n^(3/2)",Reference (Gaussian convention),k,0.9134228392299096,0.0
"n=5000, N=n^(3/2)",Reference (Gaussian convention),k,0.9182825590617694,0.0
"n=5000, N=n^(3/2)",Reference (Gaussian convention),k,0.923142278893629,0.0
"n=5000, N=n^(3/2)",Reference (Gaussian convention),k,0.9280019987254886,0.0
"n=5000, N=n^(3/2)",Reference (Gaussian convention),k,0.9328617185573482,0.0
"n=5000, N=n^(3/2)",Reference (Gaussian convention),k,0.937721438389208,0.0
"n=5000, N=n^(3/2)",Reference (Gaussian convention),k,0.9425811582210676,0.0
"n=5000, N=n^(3/2)",Reference (Gaussian convention),k,0.9474408780529272,0.0
"n=5000, N=n^(3/2)",Reference (Gaussian convention),k,0.9523005978847868,0.0
"n=5000, N=n^(3/2)",Reference (Gaussian convention),k,0.9571603177166466,0.0
"n=5000, N=n^(3/2)",Reference (Gaussian convention),k,0.9620200375485062,0.0
"n=5000, N=n^(3/2)",Reference (Gaussian convention),k,0.9668797573803658,0.0
"n=5000, N=n^(3/2)",Reference (Gaussian convention),k,0.9717394772122254,0.0
"n=5000, N=n^(3/2)",Reference (Gaussian convention),k,0.976599197044085,0.0
"n=5000, N=n^(3/2)",Reference (Gaussian convention),k,0.9814589168759448,0.0
"n=5000, N=n^(3/2)",Reference (Gaussian convention),k,0.9863186367078044,0.0
"n=5000, N=n^(3/2)",Reference (Gaussian convention),k,0.991178356539664,0.0
"n=5000, N=n^(3/2)",Reference (Gaussian convention),k,0.9960380763715236,0.0
"n=5000, N=n^(3/2)",Reference (Gaussian convention),k,1.0008977962033834,0.0
"n=5000, N=n^(3/2)",Reference (Gaussian convention),k,1.005757516035243,0.0
"n=5000, N=n^(3/2)",Reference (Gaussian convention),k,1.0106172358671026,0.0
"n=5000, N=n^(3/2)",Reference (Gaussian convention),k,1.0154769556989622,0.0
"n=5000, N=n^(3/2)",Reference (Gaussian convention),k,1.0203366755308219,0.0
"n=5000, N=n^(3/2)",Reference (Gaussian convention),k,1.0251963953626815,0.0
"n=5000, N=n^(3/2)",Reference (Gaussian convention),k,1.030056115194541,0.0
"n=5000, N=n^(3/2)",Reference (Gaussian convention),k,1.0349158350264007,0.0
"n=5000, N=n^(3/2)",Reference (Gaussian convention),k,1.0397755548582603,0.0
"n=5000, N=n^(3/2)",Reference (Gaussian convention),k,1.0446352746901202,0.0
"n=5000, N=n^(3/2)",Reference (Gaussian convention),k,1.0494949945219798,0.0
"n=5000, N=n^(3/2)",Reference (Gaussian convention),k,1.0543547143538394,0.0
"n=5000, N=n^(3/2)",Reference (Gaussian convention),k,1.059214434185699,0.0
"n=5000, N=n^(3/2)",Reference (Gaussian convention),k,1.0640741540175587,0.0
"n=5000, N=n^(3/2)",Reference (Gaussian convention),k,1.0689338738494183,0.0
"n=5000, N=n^(3/2)",Reference (Gaussian convention),k,1.073793593681278,0.0
"n=5000, N=n^(3/2)",Reference (Gaussian convention),k,1.0786533135131375,0.0
"n=5000, N=n^(3/2)",Reference (Gaussian convention),k,1.0835130333449972,0.0
"n=5000, N=n^(3/2)",Reference (Gaussian convention),k,1.088372753176857,0.0
"n=5000, N=n^(3/2)",Reference (Gaussian convention),k,1.0932324730087166,0.0
"n=5000, N=n^(3/2)",Reference (Gaussian convention),k,1.0980921928405762,0.0
"n=5000, N=n^(3/2)",flow-NPE,k,0.13100794630050658,0.06478278475072291
"n=5000, N=n^(3/2)",flow-NPE,k,0.13586766613236623,0.07174495709439455
"n=5000, N=n^(3/2)",flow-NPE,k,0.14072738596422588,0.07910378808468017
"n=5000, N=n^(3/2)",flow-NPE,k,0.14558710579608553,0.08684825109648063
"n=5000, N=n^(3/2)",flow-NPE,k,0.15044682562794517,0.09492245661562033
"n=5000, N=n^(3/2)",flow-NPE,k,0.15530654545980482,0.1032080599469154
"n=5000, N=n^(3/2)",flow-NPE,k,0.16016626529166444,0.11152129949147938
"n=5000, N=n^(3/2)",flow-NPE,k,0.1650259851235241,0.11963403271885738
"n=5000, N=n^(3/2)",flow-NPE,k,0.16988570495538374,0.12732213423594743
"n=5000, N=n^(3/2)",flow-NPE,k,0.1747454247872434,0.1344354761288402
"n=5000, N=n^(3/2)",flow-NPE,k,0.17960514461910304,0.14097430330964275
"n=5000, N=n^(3/2)",flow-NPE,k,0.1844648644509627,0.1471505892301042
"n=5000, N=n^(3/2)",flow-NPE,k,0.18932458428282234,0.1534124065297674
"n=5000, N=n^(3/2)",flow-NPE,k,0.194184304114682,0.16041508702885704
"n=5000, N=n^(3/2)",flow-NPE,k,0.19904402394654164,0.16893389504644524
"n=5000, N=n^(3/2)",flow-NPE,k,0.20390374377840126,0.1797271392423399
"n=5000, N=n^(3/2)",flow-NPE,k,0.20876346361026094,0.19337373051198326
"n=5000, N=n^(3/2)",flow-NPE,k,0.21362318344212056,0.21012208272192814
"n=5000, N=n^(3/2)",flow-NPE,k,0.21848290327398023,0.22979377402227183
"n=5000, N=n^(3/2)",flow-NPE,k,0.22334262310583985,0.2517808743761935
"n=5000, N=n^(3/2)",flow-NPE,k,0.2282023429376995,0.27515727714285576
"n=5000, N=n^(3/2)",flow-NPE,k,0.23306206276955915,0.2988932783645187
"n=5000, N=n^(3/2)",flow-NPE,k,0.2379217826014188,0.32212699554904856
"n=5000, N=n^(3/2)",flow-NPE,k,0.24278150243327845,0.3444193215759931
"n=5000, N=n^(3/2)",flow-NPE,k,0.2476412222651381,0.36591470593277386
"n=5000, N=n^(3/2)",flow-NPE,k,0.25250094209699775,0.3873549803037159
"n=5000, N=n^(3/2)",flow-NPE,k,0.2573606619288574,0.40994173596507305
"n=5000, N=n^(3/2)",flow-NPE,k,0.26222038176071705,0.43509569477108956
"n=5000, N=n^(3/2)",flow-NPE,k,0.26708010159257667,0.4641954952601638
"n=5000, N=n^(3/2)",flow-NPE,k,0.2719398214244363,0.49837734254059673
"n=5000, N=n^(3/2)",flow-NPE,k,0.27679954125629597,0.5384422531680544
"n=5000, N=n^(3/2)",flow-NPE,k,0.28165926108815564,0.5848674939938434
"n=5000, N=n^(3/2)",flow-NPE,k,0.28651898092001526,0.6378782375813712
"n=5000, N=n^(3/2)",flow-NPE,k,0.2913787007518749,0.6975218431315696
"n=5000, N=n^(3/2)",flow-NPE,k,0.29623842058373456,0.7637018189009954
"n=5000, N=n^(3/2)",flow-NPE,k,0.30109814041559424,0.8361587442670237
"n=5000, N=n^(3/2)",flow-NPE,k,0.30595786024745386,0.9144144527695606
"n=5000, N=n^(3/2)",flow-NPE,k,0.3108175800793135,0.9977125107792713
"n=5000, N=n^(3/2)",flow-NPE,k,0.3156772999111731,1.0849903985763767
"n=5000, N=n^(3/2)",flow-NPE,k,0.3205370197430328,1.1749104013810372
"n=5000, N=n^(3/2)",flow-NPE,k,0.32539673957489246,1.2659610448216492
"n=5000, N=n^(3/2)",flow-NPE,k,0.3302564594067521,1.3566212498162626
"n=5000, N=n^(3/2)",flow-NPE,k,0.3351161792386117,1.4455579072618394
"n=5000, N=n^(3/2)",flow-NPE,k,0.3399758990704714,1.5318103930730749
"n=5000, N=n^(3/2)",flow-NPE,k,0.34483561890233105,1.6149118099078164
"n=5000, N=n^(3/2)",flow-NPE,k,0.3496953387341907,1.6949132443625172
"n=5000, N=n^(3/2)",flow-NPE,k,0.3545550585660503,1.7723113343232064
"n=5000, N=n^(3/2)",flow-NPE,k,0.35941477839791,1.8479160319384116
"n=5000, N=n^(3/2)",flow-NPE,k,0.36427449822976965,1.922713820020767
"n=5000, N=n^(3/2)",flow-NPE,k,0.36913421806162927,1.997768336259106
"n=5000, N=n^(3/2)",flow-NPE,k,0.3739939378934889,2.074160676748009
"n=5000, N=n^(3/2)",flow-NPE,k,0.3788536577253485,2.1529296264683917
"n=5000, N=n^(3/2)",flow-NPE,k,0.38371337755720825,2.2349567524713545
"n=5000, N=n^(3/2)",flow-NPE,k,0.38857309738906787,2.320767577702896
"n=5000, N=n^(3/2)",flow-NPE,k,0.3934328172209275,2.410277361320684
"n=5000, N=n^(3/2)",flow-NPE,k,0.3982925370527871,2.50256723967912
"n=5000, N=n^(3/2)",flow-NPE,k,0.40315225688464673,2.595799979873617
"n=5000, N=n^(3/2)",flow-NPE,k,0.40801197671650646,2.68735740218403
"n=5000, N=n^(3/2)",flow-NPE,k,0.4128716965483661,2.7742121561853836
"n=5000, N=n^(3/2)",flow-NPE,k,0.4177314163802257,2.8534634115267665
"n=5000, N=n^(3/2)",flow-NPE,k,0.4225911362120853,2.9229025805016935
"n=5000, N=n^(3/2)",flow-NPE,k,0.42745085604394506,2.981454958721199
"n=5000, N=n^(3/2)",flow-NPE,k,0.4323105758758047,3.0293721362209416
"n=5000, N=n^(3/2)",flow-NPE,k,0.4371702957076643,3.0681176885026615
"n=5000, N=n^(3/2)",flow-NPE,k,0.4420300155395239,3.0999741223924953
"n=5000, N=n^(3/2)",flow-NPE,k,0.44688973537138355,3.1274775565755157
"n=5000, N=n^(3/2)",flow-NPE,k,0.4517494552032433,3.1528346857191947
"n=5000, N=n^(3/2)",flow-NPE,k,0.4566091750351029,3.1774774661904517
"n=5000, N=n^(3/2)",flow-NPE,k,0.4614688948669625,3.20186147159239
"n=5000, N=n^(3/2)",flow-NPE,k,0.46632861469882214,3.225529546427616
"n=5000, N=n^(3/2)",flow-NPE,k,0.4711883345306819,3.247375202804681
"n=5000, N=n^(3/2)",flow-NPE,k,0.4760480543625415,3.265985776626288
"n=5000, N=n^(3/2)",flow-NPE,k,0.4809077741944011,3.2799448787798045
"n=5000, N=n^(3/2)",flow-NPE,k,0.48576749402626074,3.2880218197049063
"n=5000, N=n^(3/2)",flow-NPE,k,0.49062721385812047,3.2892435930435733
"n=5000, N=n^(3/2)",flow-NPE,k,0.4954869336899801,3.2828973272423156
"n=5000, N=n^(3/2)",flow-NPE,k,0.5003466535218397,3.268525951454225
"n=5000, N=n^(3/2)",flow-NPE,k,0.5052063733536993,3.2459585006532294
"n=5000, N=n^(3/2)",flow-NPE,k,0.510066093185559,3.2153780948796493
"n=5000, N=n^(3/2)",flow-NPE,k,0.5149258130174187,3.1773973750516635
"n=5000, N=n^(3/2)",flow-NPE,k,0.5197855328492783,3.133096023810477
"n=5000, N=n^(3/2)",flow-NPE,k,0.5246452526811379,3.0839790635568196
"n=5000, N=n^(3/2)",flow-NPE,k,0.5295049725129976,3.0318327820981517
"n=5000, N=n^(3/2)",flow-NPE,k,0.5343646923448573,2.9784822480414395
"n=5000, N=n^(3/2)",flow-NPE,k,0.5392244121767169,2.9254862315415804
"n=5000, N=n^(3/2)",flow-NPE,k,0.5440841320085765,2.873835221624516
"n=5000, N=n^(3/2)",flow-NPE,k,0.5489438518404361,2.8237349728312067
"n=5000, N=n^(3/2)",flow-NPE,k,0.5538035716722958,2.7745500061438224
"n=5000, N=n^(3/2)",flow-NPE,k,0.5586632915041555,2.724944679501581
"n=5000, N=n^(3/2)",flow-NPE,k,0.5635230113360151,2.673202787305334
"n=5000, N=n^(3/2)",flow-NPE,k,0.5683827311678747,2.6176497792620603
"n=5000, N=n^(3/2)",flow-NPE,k,0.5732424509997344,2.5570658531232127
"n=5000, N=n^(3/2)",flow-NPE,k,0.5781021708315941,2.4909766373869116
"n=5000, N=n^(3/2)",flow-NPE,k,0.5829618906634537,2.419741809094084
"n=5000, N=n^(3/2)",flow-NPE,k,0.5878216104953133,2.3444207749579076
"n=5000, N=n^(3/2)",flow-NPE,k,0.592681330327173,2.2664616246239673
"n=5000, N=n^(3/2)",flow-NPE,k,0.5975410501590327,2.187314920961542
"n=5000, N=n^(3/2)",flow-NPE,k,0.6024007699908923,2.1080982407098614
"n=5000, N=n^(3/2)",flow-NPE,k,0.6072604898227519,2.029418410600461
"n=5000, N=n^(3/2)",flow-NPE,k,0.6121202096546116,1.9513984613128579
"n=5000, N=n^(3/2)",flow-NPE,k,0.6169799294864712,1.873876293641862
"n=5000, N=n^(3/2)",flow-NPE,k,0.6218396493183309,1.7966754397335332
"n=5000, N=n^(3/2)",flow-NPE,k,0.6266993691501905,1.7198258874021546
"n=5000, N=n^(3/2)",flow-NPE,k,0.6315590889820502,1.6436456846592484
"n=5000, N=n^(3/2)",flow-NPE,k,0.6364188088139099,1.5686654699090963
"n=5000, N=n^(3/2)",flow-NPE,k,0.6412785286457695,1.4954520931992652
"n=5000, N=n^(3/2)",flow-NPE,k,0.6461382484776291,1.4244278431867896
"n=5000, N=n^(3/2)",flow-NPE,k,0.6509979683094888,1.3557714888680243
"n=5000, N=n^(3/2)",flow-NPE,k,0.6558576881413484,1.2894366575885607
"n=5000, N=n^(3/2)",flow-NPE,k,0.6607174079732081,1.225261924852045
"n=5000, N=n^(3/2)",flow-NPE,k,0.6655771278050677,1.1631071339970644
"n=5000, N=n^(3/2)",flow-NPE,k,0.6704368476369273,1.102948366913058
"n=5000, N=n^(3/2)",flow-NPE,k,0.675296567468787,1.0448941474034874
"n=5000, N=n^(3/2)",flow-NPE,k,0.6801562873006467,0.9891268905979471
"n=5000, N=n^(3/2)",flow-NPE,k,0.6850160071325063,0.9358041867606376
"n=5000, N=n^(3/2)",flow-NPE,k,0.6898757269643659,0.8849633939958167
"n=5000, N=n^(3/2)",flow-NPE,k,0.6947354467962256,0.836463636105227
"n=5000, N=n^(3/2)",flow-NPE,k,0.6995951666280853,0.7899825549395764
"n=5000, N=n^(3/2)",flow-NPE,k,0.7044548864599449,0.7450696896755242
"n=5000, N=n^(3/2)",flow-NPE,k,0.7093146062918045,0.7012459239868644
"n=5000, N=n^(3/2)",flow-NPE,k,0.7141743261236642,0.6581270729705643
"n=5000, N=n^(3/2)",flow-NPE,k,0.7190340459555238,0.6155398115548748
"n=5000, N=n^(3/2)",flow-NPE,k,0.7238937657873835,0.5735948864916642
"n=5000, N=n^(3/2)",flow-NPE,k,0.7287534856192431,0.5326915023120028
"n=5000, N=n^(3/2)",flow-NPE,k,0.7336132054511028,0.4934475719540257
"n=5000, N=n^(3/2)",flow-NPE,k,0.7384729252829624,0.45657476790101287
"n=5000, N=n^(3/2)",flow-NPE,k,0.7433326451148221,0.4227333564557913
"n=5000, N=n^(3/2)",flow-NPE,k,0.7481923649466817,0.3924027193702869
"n=5000, N=n^(3/2)",flow-NPE,k,0.7530520847785414,0.3657915992763667
"n=5000, N=n^(3/2)",flow-NPE,k,0.757911804610401,0.3427966352807326
"n=5000, N=n^(3/2)",flow-NPE,k,0.7627715244422606,0.32300754182879093
"n=5000, N=n^(3/2)",flow-NPE,k,0.7676312442741203,0.3057546914782329
"n=5000, N=n^(3/2)",flow-NPE,k,0.77249096410598,0.2901952268337419
"n=5000, N=n^(3/2)",flow-NPE,k,0.7773506839378396,0.2754305767838026
"n=5000, N=n^(3/2)",flow-NPE,k,0.7822104037696992,0.26063931747319374
"n=5000, N=n^(3/2)",flow-NPE,k,0.7870701236015589,0.24519956515263544
"n=5000, N=n^(3/2)",flow-NPE,k,0.7919298434334185,0.22877271149154627
"n=5000, N=n^(3/2)",flow-NPE,k,0.7967895632652782,0.21133000652420275
"n=5000, N=n^(3/2)",flow-NPE,k,0.8016492830971378,0.1931219457939569
"n=5000, N=n^(3/2)",flow-NPE,k,0.8065090029289974,0.17460793608799713
"n=5000, N=n^(3/2)",flow-NPE,k,0.8113687227608571,0.15637091615147172
"n=5000, N=n^(3/2)",flow-NPE,k,0.8162284425927168,0.13903599938982447
"n=5000, N=n^(3/2)",flow-NPE,k,0.8210881624245764,0.123199635736661
"n=5000, N=n^(3/2)",flow-NPE,k,0.825947882256436,0.10936590698366846
"n=5000, N=n^(3/2)",flow-NPE,k,0.8308076020882957,0.09788592334276458
"n=5000, N=n^(3/2)",flow-NPE,k,0.8356673219201554,0.08890413502591812
"n=5000, N=n^(3/2)",flow-NPE,k,0.840527041752015,0.08232476909619298
"n=5000, N=n^(3/2)",flow-NPE,k,0.8453867615838746,0.07781448818045522
"n=5000, N=n^(3/2)",flow-NPE,k,0.8502464814157343,0.07484995053655058
"n=5000, N=n^(3/2)",flow-NPE,k,0.855106201247594,0.07280406658676414
"n=5000, N=n^(3/2)",flow-NPE,k,0.8599659210794536,0.07105007940642719
"n=5000, N=n^(3/2)",flow-NPE,k,0.8648256409113132,0.06905606707720796
"n=5000, N=n^(3/2)",flow-NPE,k,0.8696853607431728,0.06644755715948136
"n=5000, N=n^(3/2)",flow-NPE,k,0.8745450805750326,0.06302968653931013
"n=5000, N=n^(3/2)",flow-NPE,k,0.8794048004068922,0.05877516830958426
"n=5000, N=n^(3/2)",flow-NPE,k,0.8842645202387518,0.05379273480745602
"n=5000, N=n^(3/2)",flow-NPE,k,0.8891242400706114,0.048289784617854416
"n=5000, N=n^(3/2)",flow-NPE,k,0.8939839599024711,0.04253574300964137
"n=5000, N=n^(3/2)",flow-NPE,k,0.8988436797343308,0.03682562174392845
"n=5000, N=n^(3/2)",flow-NPE,k,0.9037033995661904,0.03144158608955912
"n=5000, N=n^(3/2)",flow-NPE,k,0.90856311939805,0.02661438981536134
"n=5000, N=n^(3/2)",flow-NPE,k,0.9134228392299096,0.02249215370265318
"n=5000, N=n^(3/2)",flow-NPE,k,0.9182825590617694,0.019125883056104614
"n=5000, N=n^(3/2)",flow-NPE,k,0.923142278893629,0.016476975760867377
"n=5000, N=n^(3/2)",flow-NPE,k,0.9280019987254886,0.014443860517447898
"n=5000, N=n^(3/2)",flow-NPE,k,0.9328617185573482,0.012897661046809577
"n=5000, N=n^(3/2)",flow-NPE,k,0.937721438389208,0.011714514835905599
"n=5000, N=n^(3/2)",flow-NPE,k,0.9425811582210676,0.010795665795506837
"n=5000, N=n^(3/2)",flow-NPE,k,0.9474408780529272,0.010073081918492145
"n=5000, N=n^(3/2)",flow-NPE,k,0.9523005978847868,0.009504232749841891
"n=5000, N=n^(3/2)",flow-NPE,k,0.9571603177166466,0.009062181278592932
"n=5000, N=n^(3/2)",flow-NPE,k,0.9620200375485062,0.008726176282993102
"n=5000, N=n^(3/2)",flow-NPE,k,0.9668797573803658,0.008475232574785378
"n=5000, N=n^(3/2)",flow-NPE,k,0.9717394772122254,0.008284806613250689
"n=5000, N=n^(3/2)",flow-NPE,k,0.976599197044085,0.008125675127410971
"n=5000, N=n^(3/2)",flow-NPE,k,0.9814589168759448,0.007964340630243157
"n=5000, N=n^(3/2)",flow-NPE,k,0.9863186367078044,0.007764919520536395
"n=5000, N=n^(3/2)",flow-NPE,k,0.991178356539664,0.007492795510863099
"n=5000, N=n^(3/2)",flow-NPE,k,0.9960380763715236,0.007120049730602756
"n=5000, N=n^(3/2)",flow-NPE,k,1.0008977962033834,0.00663191520499015
"n=5000, N=n^(3/2)",flow-NPE,k,1.005757516035243,0.006032605741114736
"n=5000, N=n^(3/2)",flow-NPE,k,1.0106172358671026,0.005348318880518845
"n=5000, N=n^(3/2)",flow-NPE,k,1.0154769556989622,0.004625451099950474
"n=5000, N=n^(3/2)",flow-NPE,k,1.0203366755308219,0.0039232552780675755
"n=5000, N=n^(3/2)",flow-NPE,k,1.0251963953626815,0.0033020180636240243
"n=5000, N=n^(3/2)",flow-NPE,k,1.030056115194541,0.002809635779016641
"n=5000, N=n^(3/2)",flow-NPE,k,1.0349158350264007,0.0024704383052433585
"n=5000, N=n^(3/2)",flow-NPE,k,1.0397755548582603,0.0022797767427091596
"n=5000, N=n^(3/2)",flow-NPE,k,1.0446352746901202,0.0022062984245017373
"n=5000, N=n^(3/2)",flow-NPE,k,1.0494949945219798,0.0022014954796083217
"n=5000, N=n^(3/2)",flow-NPE,k,1.0543547143538394,0.0022137945673248375
"n=5000, N=n^(3/2)",flow-NPE,k,1.059214434185699,0.002202924105831232
"n=5000, N=n^(3/2)",flow-NPE,k,1.0640741540175587,0.0021501033274240254
"n=5000, N=n^(3/2)",flow-NPE,k,1.0689338738494183,0.002060890438328324
"n=5000, N=n^(3/2)",flow-NPE,k,1.073793593681278,0.001959936881894562
"n=5000, N=n^(3/2)",flow-NPE,k,1.0786533135131375,0.0018796111714484047
"n=5000, N=n^(3/2)",flow-NPE,k,1.0835130333449972,0.00184651071276856
"n=5000, N=n^(3/2)",flow-NPE,k,1.088372753176857,0.001870531596731045
"n=5000, N=n^(3/2)",flow-NPE,k,1.0932324730087166,0.001940192112461862
"n=5000, N=n^(3/2)",flow-NPE,k,1.0980921928405762,0.0020256725141284656
"n=5000, N=n^(3/2)",Gaussian-NPE,k,0.13100794630050658,4.3345163794252085e-08
"n=5000, N=n^(3/2)",Gaussian-NPE,k,0.13586766613236623,1.1310305970277009e-07
"n=5000, N=n^(3/2)",Gaussian-NPE,k,0.14072738596422588,2.83059497838155e-07
"n=5000, N=n^(3/2)",Gaussian-NPE,k,0.14558710579608553,6.795449843284763e-07
"n=5000, N=n^(3/2)",Gaussian-NPE,k,0.15044682562794517,1.5652369978827747e-06
"n=5000, N=n^(3/2)",Gaussian-NPE,k,0.15530654545980482,3.459943284849841e-06
"n=5000, N=n^(3/2)",Gaussian-NPE,k,0.16016626529166444,7.342046904356741e-06
"n=5000, N=n^(3/2)",Gaussian-NPE,k,0.1650259851235241,1.4962031917836995e-05
"n=5000, N=n^(3/2)",Gaussian-NPE,k,0.16988570495538374,2.929526084282228e-05
"n=5000, N=n^(3/2)",Gaussian-NPE,k,0.1747454247872434,5.51440074752135e-05
"n=5000, N=n^(3/2)",Gaussian-NPE,k,0.17960514461910304,9.98664419587236e-05
"n=5000, N=n^(3/2)",Gaussian-NPE,k,0.1844648644509627,0.00017416766435621232
"n=5000, N=n^(3/2)",Gaussian-NPE,k,0.18932458428282234,0.00029285035954368805
"n=5000, N=n^(3/2)",Gaussian-NPE,k,0.194184304114682,0.00047541527141000865
"n=5000, N=n^(3/2)",Gaussian-NPE,k,0.19904402394654164,0.0007464508503886487
"n=5000, N=n^(3/2)",Gaussian-NPE,k,0.20390374377840126,0.0011358687239566183
"n=5000, N=n^(3/2)",Gaussian-NPE,k,0.20876346361026094,0.0016792058936633233
"n=5000, N=n^(3/2)",Gaussian-NPE,k,0.21362318344212056,0.002418363331174547
"n=5000, N=n^(3/2)",Gaussian-NPE,k,0.21848290327398023,0.003403193286643345
"n=5000, N=n^(3/2)",Gaussian-NPE,k,0.22334262310583985,0.004694203293700643
"n=5000, N=n^(3/2)",Gaussian-NPE,k,0.2282023429376995,0.0063662927645080775
"n=5000, N=n^(3/2)",Gaussian-NPE,k,0.23306206276955915,0.008512952666717914
"n=5000, N=n^(3/2)",Gaussian-NPE,k,0.2379217826014188,0.011249901884959512
"n=5000, N=n^(3/2)",Gaussian-NPE,k,0.24278150243327845,0.014716895485413604
"n=5000, N=n^(3/2)",Gaussian-NPE,k,0.2476412222651381,0.019076552050246106
"n=5000, N=n^(3/2)",Gaussian-NPE,k,0.25250094209699775,0.024509517973677047
"n=5000, N=n^(3/2)",Gaussian-NPE,k,0.2573606619288574,0.03120599961495415
"n=5000, N=n^(3/2)",Gaussian-NPE,k,0.26222038176071705,0.03935447374457549
"n=5000, N=n^(3/2)",Gaussian-NPE,k,0.26708010159257667,0.04912908513360354
"n=5000, N=n^(3/2)",Gaussian-NPE,k,0.2719398214244363,0.06067777919409155
"n=5000, N=n^(3/2)",Gaussian-NPE,k,0.27679954125629597,0.07411354664006001
"n=5000, N=n^(3/2)",Gaussian-NPE,k,0.28165926108815564,0.08951116150122274
"n=5000, N=n^(3/2)",Gaussian-NPE,k,0.28651898092001526,0.10691124882503451
"n=5000, N=n^(3/2)",Gaussian-NPE,k,0.2913787007518749,0.1263321820903513
"n=5000, N=n^(3/2)",Gaussian-NPE,k,0.29623842058373456,0.14778815929747766
"n=5000, N=n^(3/2)",Gaussian-NPE,k,0.30109814041559424,0.17130928775261864
"n=5000, N=n^(3/2)",Gaussian-NPE,k,0.30595786024745386,0.1969575939614348
"n=5000, N=n^(3/2)",Gaussian-NPE,k,0.3108175800793135,0.22483276414940914
"n=5000, N=n^(3/2)",Gaussian-NPE,k,0.3156772999111731,0.2550639076603421
"n=5000, N=n^(3/2)",Gaussian-NPE,k,0.3205370197430328,0.28778844802798215
"n=5000, N=n^(3/2)",Gaussian-NPE,k,0.32539673957489246,0.32312477447332966
"n=5000, N=n^(3/2)",Gaussian-NPE,k,0.3302564594067521,0.36114902555390127
"n=5000, N=n^(3/2)",Gaussian-NPE,k,0.3351161792386117,0.4018860503323369
"n=5000, N=n^(3/2)",Gaussian-NPE,k,0.3399758990704714,0.4453194664350751
"n=5000, N=n^(3/2)",Gaussian-NPE,k,0.34483561890233105,0.49141738572783966
"n=5000, N=n^(3/2)",Gaussian-NPE,k,0.3496953387341907,0.5401623424174515
"n=5000, N=n^(3/2)",Gaussian-NPE,k,0.3545550585660503,0.5915702310446227
"n=5000, N=n^(3/2)",Gaussian-NPE,k,0.35941477839791,0.6456861022773206
"n=5000, N=n^(3/2)",Gaussian-NPE,k,0.36427449822976965,0.7025539264724107
"n=5000, N=n^(3/2)",Gaussian-NPE,k,0.36913421806162927,0.7621692805822007
"n=5000, N=n^(3/2)",Gaussian-NPE,k,0.3739939378934889,0.824433087280465
"n=5000, N=n^(3/2)",Gaussian-NPE,k,0.3788536577253485,0.8891265583451178
"n=5000, N=n^(3/2)",Gaussian-NPE,k,0.38371337755720825,0.9559208396813821
"n=5000, N=n^(3/2)",Gaussian-NPE,k,0.38857309738906787,1.0244218253144983
"n=5000, N=n^(3/2)",Gaussian-NPE,k,0.3934328172209275,1.094236464734164
"n=5000, N=n^(3/2)",Gaussian-NPE,k,0.3982925370527871,1.1650376034102503
"n=5000, N=n^(3/2)",Gaussian-NPE,k,0.40315225688464673,1.2366040307216166
"n=5000, N=n^(3/2)",Gaussian-NPE,k,0.40801197671650646,1.3088213129350283
"n=5000, N=n^(3/2)",Gaussian-NPE,k,0.4128716965483661,1.3816436392007878
"n=5000, N=n^(3/2)",Gaussian-NPE,k,0.4177314163802257,1.4550314564203175
"n=5000, N=n^(3/2)",Gaussian-NPE,k,0.4225911362120853,1.5288884605337922
"n=5000, N=n^(3/2)",Gaussian-NPE,k,0.42745085604394506,1.6030214119813246
"n=5000, N=n^(3/2)",Gaussian-NPE,k,0.4323105758758047,1.677137719872156
"n=5000, N=n^(3/2)",Gaussian-NPE,k,0.4371702957076643,1.7508823392675439
"n=5000, N=n^(3/2)",Gaussian-NPE,k,0.4420300155395239,1.8239021776605657
"n=5000, N=n^(3/2)",Gaussian-NPE,k,0.44688973537138355,1.8959172741713548
"n=5000, N=n^(3/2)",Gaussian-NPE,k,0.4517494552032433,1.9667759350556595
"n=5000, N=n^(3/2)",Gaussian-NPE,k,0.4566091750351029,2.0364758565087473
"n=5000, N=n^(3/2)",Gaussian-NPE,k,0.4614688948669625,2.105143095324063
"n=5000, N=n^(3/2)",Gaussian-NPE,k,0.46632861469882214,2.1729723803062266
"n=5000, N=n^(3/2)",Gaussian-NPE,k,0.4711883345306819,2.2401422621641824
"n=5000, N=n^(3/2)",Gaussian-NPE,k,0.4760480543625415,2.3067243245031666
"n=5000, N=n^(3/2)",Gaussian-NPE,k,0.4809077741944011,2.372606082545075
"n=5000, N=n^(3/2)",Gaussian-NPE,k,0.48576749402626074,2.4374431074411307
"n=5000, N=n^(3/2)",Gaussian-NPE,k,0.49062721385812047,2.500649439879799
"n=5000, N=n^(3/2)",Gaussian-NPE,k,0.4954869336899801,2.561428648164153
"n=5000, N=n^(3/2)",Gaussian-NPE,k,0.5003466535218397,2.6188419970369554
"n=5000, N=n^(3/2)",Gaussian-NPE,k,0.5052063733536993,2.6719048713722278
"n=5000, N=n^(3/2)",Gaussian-NPE,k,0.510066093185559,2.719697245288086
"n=5000, N=n^(3/2)",Gaussian-NPE,k,0.5149258130174187,2.761469088435452
"n=5000, N=n^(3/2)",Gaussian-NPE,k,0.5197855328492783,2.7967193723913564
"n=5000, N=n^(3/2)",Gaussian-NPE,k,0.5246452526811379,2.825230737027916
"n=5000, N=n^(3/2)",Gaussian-NPE,k,0.5295049725129976,2.847052331559311
"n=5000, N=n^(3/2)",Gaussian-NPE,k,0.5343646923448573,2.862438746523689
"n=5000, N=n^(3/2)",Gaussian-NPE,k,0.5392244121767169,2.8717675695512845
"n=5000, N=n^(3/2)",Gaussian-NPE,k,0.5440841320085765,2.8754650320757396
"n=5000, N=n^(3/2)",Gaussian-NPE,k,0.5489438518404361,2.8739642366907416
"n=5000, N=n^(3/2)",Gaussian-NPE,k,0.5538035716722958,2.867704889966086
"n=5000, N=n^(3/2)",Gaussian-NPE,k,0.5586632915041555,2.8571641185130723
"n=5000, N=n^(3/2)",Gaussian-NPE,k,0.5635230113360151,2.842893796226266
"n=5000, N=n^(3/2)",Gaussian-NPE,k,0.5683827311678747,2.8255372700677244
"n=5000, N=n^(3/2)",Gaussian-NPE,k,0.5732424509997344,2.805807926197239
"n=5000, N=n^(3/2)",Gaussian-NPE,k,0.5781021708315941,2.7844282949456356
"n=5000, N=n^(3/2)",Gaussian-NPE,k,0.5829618906634537,2.7620434304412913
"n=5000, N=n^(3/2)",Gaussian-NPE,k,0.5878216104953133,2.739130145333522
"n=5000, N=n^(3/2)",Gaussian-NPE,k,0.592681330327173,2.7159231215119495
"n=5000, N=n^(3/2)",Gaussian-NPE,k,0.5975410501590327,2.6923730906712517
"n=5000, N=n^(3/2)",Gaussian-NPE,k,0.6024007699908923,2.6681456634978
"n=5000, N=n^(3/2)",Gaussian-NPE,k,0.6072604898227519,2.642664491579973
"n=5000, N=n^(3/2)",Gaussian-NPE,k,0.6121202096546116,2.6151984806356685
"n=5000, N=n^(3/2)",Gaussian-NPE,k,0.6169799294864712,2.584987056170455
"n=5000, N=n^(3/2)",Gaussian-NPE,k,0.6218396493183309,2.5513883900676646
"n=5000, N=n^(3/2)",Gaussian-NPE,k,0.6266993691501905,2.5140247269224325
"n=5000, N=n^(3/2)",Gaussian-NPE,k,0.6315590889820502,2.472891407505718
"n=5000, N=n^(3/2)",Gaussian-NPE,k,0.6364188088139099,2.428397433732958
"n=5000, N=n^(3/2)",Gaussian-NPE,k,0.6412785286457695,2.381318221772199
"n=5000, N=n^(3/2)",Gaussian-NPE,k,0.6461382484776291,2.3326632891553496
"n=5000, N=n^(3/2)",Gaussian-NPE,k,0.6509979683094888,2.283486093438385
"n=5000, N=n^(3/2)",Gaussian-NPE,k,0.6558576881413484,2.234681316170558
"n=5000, N=n^(3/2)",Gaussian-NPE,k,0.6607174079732081,2.186819776480945
"n=5000, N=n^(3/2)",Gaussian-NPE,k,0.6655771278050677,2.140060954398576
"n=5000, N=n^(3/2)",Gaussian-NPE,k,0.6704368476369273,2.094161431972022
"n=5000, N=n^(3/2)",Gaussian-NPE,k,0.675296567468787,2.048571856552008
"n=5000, N=n^(3/2)",Gaussian-NPE,k,0.6801562873006467,2.002593428260073
"n=5000, N=n^(3/2)",Gaussian-NPE,k,0.6850160071325063,1.9555532470019144
"n=5000, N=n^(3/2)",Gaussian-NPE,k,0.6898757269643659,1.906958008635542
"n=5000, N=n^(3/2)",Gaussian-NPE,k,0.6947354467962256,1.8565955694910437
"n=5000, N=n^(3/2)",Gaussian-NPE,k,0.6995951666280853,1.8045694830324075
"n=5000, N=n^(3/2)",Gaussian-NPE,k,0.7044548864599449,1.7512679454126021
"n=5000, N=n^(3/2)",Gaussian-NPE,k,0.7093146062918045,1.6972818537785042
"n=5000, N=n^(3/2)",Gaussian-NPE,k,0.7141743261236642,1.64329473062685
"n=5000, N=n^(3/2)",Gaussian-NPE,k,0.7190340459555238,1.5899695613730895
"n=5000, N=n^(3/2)",Gaussian-NPE,k,0.7238937657873835,1.5378547876954813
"n=5000, N=n^(3/2)",Gaussian-NPE,k,0.7287534856192431,1.4873251730823558
"n=5000, N=n^(3/2)",Gaussian-NPE,k,0.7336132054511028,1.438564706240543
"n=5000, N=n^(3/2)",Gaussian-NPE,k,0.7384729252829624,1.39158982318377
"n=5000, N=n^(3/2)",Gaussian-NPE,k,0.7433326451148221,1.346303438750172
"n=5000, N=n^(3/2)",Gaussian-NPE,k,0.7481923649466817,1.302564623542479
"n=5000, N=n^(3/2)",Gaussian-NPE,k,0.7530520847785414,1.2602559464426808
"n=5000, N=n^(3/2)",Gaussian-NPE,k,0.757911804610401,1.219331046264969
"n=5000, N=n^(3/2)",Gaussian-NPE,k,0.7627715244422606,1.1798292765091014
"n=5000, N=n^(3/2)",Gaussian-NPE,k,0.7676312442741203,1.1418522461594902
"n=5000, N=n^(3/2)",Gaussian-NPE,k,0.77249096410598,1.1055077564993245
"n=5000, N=n^(3/2)",Gaussian-NPE,k,0.7773506839378396,1.0708376105650554
"n=5000, N=n^(3/2)",Gaussian-NPE,k,0.7822104037696992,1.0377534655267084
"n=5000, N=n^(3/2)",Gaussian-NPE,k,0.7870701236015589,1.0060056922388034
"n=5000, N=n^(3/2)",Gaussian-NPE,k,0.7919298434334185,0.9752022191455044
"n=5000, N=n^(3/2)",Gaussian-NPE,k,0.7967895632652782,0.9448789106714777
"n=5000, N=n^(3/2)",Gaussian-NPE,k,0.8016492830971378,0.9146049245220889
"n=5000, N=n^(3/2)",Gaussian-NPE,k,0.8065090029289974,0.8840923614423202
"n=5000, N=n^(3/2)",Gaussian-NPE,k,0.8113687227608571,0.8532751866575379
"n=5000, N=n^(3/2)",Gaussian-NPE,k,0.8162284425927168,0.8223302266182961
"n=5000, N=n^(3/2)",Gaussian-NPE,k,0.8210881624245764,0.7916307320955926
"n=5000, N=n^(3/2)",Gaussian-NPE,k,0.825947882256436,0.7616444328103914
"n=5000, N=n^(3/2)",Gaussian-NPE,k,0.8308076020882957,0.732805691697299
"n=5000, N=n^(3/2)",Gaussian-NPE,k,0.8356673219201554,0.7053992970298509
"n=5000, N=n^(3/2)",Gaussian-NPE,k,0.840527041752015,0.6794891999348447
"n=5000, N=n^(3/2)",Gaussian-NPE,k,0.8453867615838746,0.6549109118477986
"n=5000, N=n^(3/2)",Gaussian-NPE,k,0.8502464814157343,0.6313264452446213
"n=5000, N=n^(3/2)",Gaussian-NPE,k,0.855106201247594,0.6083221799936915
"n=5000, N=n^(3/2)",Gaussian-NPE,k,0.8599659210794536,0.585518688091889
"n=5000, N=n^(3/2)",Gaussian-NPE,k,0.8648256409113132,0.5626605844738441
"n=5000, N=n^(3/2)",Gaussian-NPE,k,0.8696853607431728,0.5396635703550001
"n=5000, N=n^(3/2)",Gaussian-NPE,k,0.8745450805750326,0.5166113334285956
"n=5000, N=n^(3/2)",Gaussian-NPE,k,0.8794048004068922,0.4937112076515977
"n=5000, N=n^(3/2)",Gaussian-NPE,k,0.8842645202387518,0.47122887880499614
"n=5000, N=n^(3/2)",Gaussian-NPE,k,0.8891242400706114,0.44942544056637546
"n=5000, N=n^(3/2)",Gaussian-NPE,k,0.8939839599024711,0.4285145481228239
"n=5000, N=n^(3/2)",Gaussian-NPE,k,0.8988436797343308,0.4086462959700266
"n=5000, N=n^(3/2)",Gaussian-NPE,k,0.9037033995661904,0.38991267989314715
"n=5000, N=n^(3/2)",Gaussian-NPE,k,0.90856311939805,0.3723618799634449
"n=5000, N=n^(3/2)",Gaussian-NPE,k,0.9134228392299096,0.35600786711517857
"n=5000, N=n^(3/2)",Gaussian-NPE,k,0.9182825590617694,0.34082765413511623
"n=5000, N=n^(3/2)",Gaussian-NPE,k,0.923142278893629,0.32674772419243137
"n=5000, N=n^(3/2)",Gaussian-NPE,k,0.9280019987254886,0.3136292451847775
"n=5000, N=n^(3/2)",Gaussian-NPE,k,0.9328617185573482,0.3012647415694901
"n=5000, N=n^(3/2)",Gaussian-NPE,k,0.937721438389208,0.28939545420972906
"n=5000, N=n^(3/2)",Gaussian-NPE,k,0.9425811582210676,0.27775020365918
"n=5000, N=n^(3/2)",Gaussian-NPE,k,0.9474408780529272,0.2660969923762732
"n=5000, N=n^(3/2)",Gaussian-NPE,k,0.9523005978847868,0.2542921422475169
"n=5000, N=n^(3/2)",Gaussian-NPE,k,0.9571603177166466,0.24231130022480413
"n=5000, N=n^(3/2)",Gaussian-NPE,k,0.9620200375485062,0.23025230108812247
"n=5000, N=n^(3/2)",Gaussian-NPE,k,0.9668797573803658,0.21830917587294338
"n=5000, N=n^(3/2)",Gaussian-NPE,k,0.9717394772122254,0.20672568956943793
"n=5000, N=n^(3/2)",Gaussian-NPE,k,0.976599197044085,0.1957422259436821
"n=5000, N=n^(3/2)",Gaussian-NPE,k,0.9814589168759448,0.18554997365226356
"n=5000, N=n^(3/2)",Gaussian-NPE,k,0.9863186367078044,0.17626187759977946
"n=5000, N=n^(3/2)",Gaussian-NPE,k,0.991178356539664,0.16790312418597472
"n=5000, N=n^(3/2)",Gaussian-NPE,k,0.9960380763715236,0.16041795968636283
"n=5000, N=n^(3/2)",Gaussian-NPE,k,1.0008977962033834,0.15368652731255417
"n=5000, N=n^(3/2)",Gaussian-NPE,k,1.005757516035243,0.14754566711446215
"n=5000, N=n^(3/2)",Gaussian-NPE,k,1.0106172358671026,0.1418101459487019
"n=5000, N=n^(3/2)",Gaussian-NPE,k,1.0154769556989622,0.13629357080154758
"n=5000, N=n^(3/2)",Gaussian-NPE,k,1.0203366755308219,0.13082949041883007
"n=5000, N=n^(3/2)",Gaussian-NPE,k,1.0251963953626815,0.12529224672463965
"n=5000, N=n^(3/2)",Gaussian-NPE,k,1.030056115194541,0.1196147861660893
"n=5000, N=n^(3/2)",Gaussian-NPE,k,1.0349158350264007,0.11379864646022646
"n=5000, N=n^(3/2)",Gaussian-NPE,k,1.0397755548582603,0.10791142124511299
"n=5000, N=n^(3/2)",Gaussian-NPE,k,1.0446352746901202,0.10206983305055968
"n=5000, N=n^(3/2)",Gaussian-NPE,k,1.0494949945219798,0.09641123668634022
"n=5000, N=n^(3/2)",Gaussian-NPE,k,1.0543547143538394,0.09106088214449158
"n=5000, N=n^(3/2)",Gaussian-NPE,k,1.059214434185699,0.08610439291662443
"n=5000, N=n^(3/2)",Gaussian-NPE,k,1.0640741540175587,0.08157345822483167
"n=5000, N=n^(3/2)",Gaussian-NPE,k,1.0689338738494183,0.07744812668583352
"n=5000, N=n^(3/2)",Gaussian-NPE,k,1.073793593681278,0.07367320425874456
"n=5000, N=n^(3/2)",Gaussian-NPE,k,1.0786533135131375,0.07018153403500293
"n=5000, N=n^(3/2)",Gaussian-NPE,k,1.0835130333449972,0.06691522960735938
"n=5000, N=n^(3/2)",Gaussian-NPE,k,1.088372753176857,0.06383774009438387
"n=5000, N=n^(3/2)",Gaussian-NPE,k,1.0932324730087166,0.06093395221893525
"n=5000, N=n^(3/2)",Gaussian-NPE,k,1.0980921928405762,0.0582004538892991
"n=5000, N=n^2",Reference (flow convention),A,2.9304761740684513,9.340283146922421e-08
"n=5000, N=n^2",Reference (flow convention),A,2.9311461265166203,3.0184070161505223e-07
"n=5000, N=n^2",Reference (flow convention),A,2.93181607896479,9.181554540407421e-07
"n=5000, N=n^2",Reference (flow convention),A,2.932486031412959,2.628908138737486e-06
"n=5000, N=n^2",Reference (flow convention),A,2.933155983861128,7.085256752831342e-06
"n=5000, N=n^2",Reference (flow convention),A,2.9338259363092973,1.797451354934048e-05
"n=5000, N=n^2",Reference (flow convention),A,2.9344958887574664,4.292207953848298e-05
"n=5000, N=n^2",Reference (flow convention),A,2.9351658412056354,9.647785686174244e-05
"n=5000, N=n^2",Reference (flow convention),A,2.935835793653805,0.0002041267976269214
"n=5000, N=n^2",Reference (flow convention),A,2.936505746101974,0.00040653862990661885
"n=5000, N=n^2",Reference (flow convention),A,2.9371756985501434,0.0007621493738102106
"n=5000, N=n^2",Reference (flow convention),A,2.9378456509983124,0.0013450161589081773
"n=5000, N=n^2",Reference (flow convention),A,2.9385156034464814,0.0022345325364549647
"n=5000, N=n^2",Reference (flow convention),A,2.939185555894651,0.0034950885925924147
"n=5000, N=n^2",Reference (flow convention),A,2.93985550834282,0.0051477158234494716
"n=5000, N=n^2",Reference (flow convention),A,2.940525460790989,0.0071414340008225385
"n=5000, N=n^2",Reference (flow convention),A,2.9411954132391585,0.009336881381291778
"n=5000, N=n^2",Reference (flow convention),A,2.9418653656873275,0.011515267360362576
"n=5000, N=n^2",Reference (flow convention),A,2.9425353181354965,0.013419148079788968
"n=5000, N=n^2",Reference (flow convention),A,2.943205270583666,0.014818773498011181
"n=5000, N=n^2",Reference (flow convention),A,2.943875223031835,0.015583821382204792
"n=5000, N=n^2",Reference (flow convention),A,2.944545175480004,0.01573261090346561
"n=5000, N=n^2",Reference (flow convention),A,2.9452151279281735,0.015435046615128702
"n=5000, N=n^2",Reference (flow convention),A,2.9458850803763426,0.014961709617866515
"n=5000, N=n^2",Reference (flow convention),A,2.9465550328245116,0.014593378676380778
"n=5000, N=n^2",Reference (flow convention),A,2.947224985272681,0.014522971577559059
"n=5000, N=n^2",Reference (flow convention),A,2.94789493772085,0.01478703560086634
"n=5000, N=n^2",Reference (flow convention),A,2.9485648901690196,0.015253737916968362
"n=5000, N=n^2",Reference (flow convention),A,2.9492348426171886,0.0156730221617175
"n=5000, N=n^2",Reference (flow convention),A,2.9499047950653576,0.015771409592790504
"n=5000, N=n^2",Reference (flow convention),A,2.950574747513527,0.015358911611968203
"n=5000, N=n^2",Reference (flow convention),A,2.951244699961696,0.014415094640648812
"n=5000, N=n^2",Reference (flow convention),A,2.951914652409865,0.013135101548743016
"n=5000, N=n^2",Reference (flow convention),A,2.9525846048580346,0.01193703368208792
"n=5000, N=n^2",Reference (flow convention),A,2.9532545573062037,0.01144861289431196
"n=5000, N=n^2",Reference (flow convention),A,2.9539245097543727,0.012494621467069988
"n=5000, N=n^2",Reference (flow convention),A,2.954594462202542,0.016095455308085007
"n=5000, N=n^2",Reference (flow convention),A,2.955264414650711,0.0234678414908784
"n=5000, N=n^2",Reference (flow convention),A,2.9559343670988802,0.03600310884863925
"n=5000, N=n^2",Reference (flow convention),A,2.9566043195470497,0.055196836438555934
"n=5000, N=n^2",Reference (flow convention),A,2.9572742719952188,0.08251933820804772
"n=5000, N=n^2",Reference (flow convention),A,2.957944224443388,0.11924257339393671
"n=5000, N=n^2",Reference (flow convention),A,2.9586141768915573,0.16626219478146273
"n=5000, N=n^2",Reference (flow convention),A,2.9592841293397263,0.22396060191313405
"n=5000, N=n^2",Reference (flow convention),A,2.9599540817878953,0.2921435385090464
"n=5000, N=n^2",Reference (flow convention),A,2.960624034236065,0.37005638590099477
"n=5000, N=n^2",Reference (flow convention),A,2.961293986684234,0.4564622821720105
"n=5000, N=n^2",Reference (flow convention),A,2.9619639391324033,0.5497561740286123
"n=5000, N=n^2",Reference (flow convention),A,2.9626338915805723,0.6480991928932489
"n=5000, N=n^2",Reference (flow convention),A,2.9633038440287414,0.749575053201814
"n=5000, N=n^2",Reference (flow convention),A,2.963973796476911,0.8523773592078171
"n=5000, N=n^2",Reference (flow convention),A,2.96464374892508,0.9550240234960984
"n=5000, N=n^2",Reference (flow convention),A,2.965313701373249,1.0565691483532973
"n=5000, N=n^2",Reference (flow convention),A,2.9659836538214184,1.1567635938263892
"n=5000, N=n^2",Reference (flow convention),A,2.9666536062695874,1.256121125666309
"n=5000, N=n^2",Reference (flow convention),A,2.9673235587177564,1.3558780092235643
"n=5000, N=n^2",Reference (flow convention),A,2.967993511165926,1.4578706859550394
"n=5000, N=n^2",Reference (flow convention),A,2.968663463614095,1.5643744819668968
"n=5000, N=n^2",Reference (flow convention),A,2.969333416062264,1.6779382150752662
"n=5000, N=n^2",Reference (flow convention),A,2.9700033685104335,1.8012304496031746
"n=5000, N=n^2",Reference (flow convention),A,2.9706733209586025,1.9369056735064885
"n=5000, N=n^2",Reference (flow convention),A,2.9713432734067715,2.0875077735974354
"n=5000, N=n^2",Reference (flow convention),A,2.972013225854941,2.2554331494108864
"n=5000, N=n^2",Reference (flow convention),A,2.97268317830311,2.44295180385967
"n=5000, N=n^2",Reference (flow convention),A,2.9733531307512795,2.6522355895623555
"n=5000, N=n^2",Reference (flow convention),A,2.9740230831994485,2.8853098248131244
"n=5000, N=n^2",Reference (flow convention),A,2.9746930356476176,3.1438744601774697
"n=5000, N=n^2",Reference (flow convention),A,2.975362988095787,3.429036121146954
"n=5000, N=n^2",Reference (flow convention),A,2.976032940543956,3.741090970009199
"n=5000, N=n^2",Reference (flow convention),A,2.976702892992125,4.079514142929518
"n=5000, N=n^2",Reference (flow convention),A,2.9773728454402946,4.443207587881903
"n=5000, N=n^2",Reference (flow convention),A,2.9780427978884636,4.830891936518735
"n=5000, N=n^2",Reference (flow convention),A,2.9787127503366326,5.241419805167621
"n=5000, N=n^2",Reference (flow convention),A,2.979382702784802,5.673828326962879
"n=5000, N=n^2",Reference (flow convention),A,2.980052655232971,6.127120817946003
"n=5000, N=n^2",Reference (flow convention),A,2.98072260768114,6.59995332922488
"n=5000, N=n^2",Reference (flow convention),A,2.9813925601293096,7.090473588580639
"n=5000, N=n^2",Reference (flow convention),A,2.9820625125774787,7.596478116836018
"n=5000, N=n^2",Reference (flow convention),A,2.9827324650256477,8.115886941252853
"n=5000, N=n^2",Reference (flow convention),A,2.983402417473817,8.64738953807891
"n=5000, N=n^2",Reference (flow convention),A,2.984072369921986,9.191042906387327
"n=5000, N=n^2",Reference (flow convention),A,2.9847423223701552,9.748584035412705
"n=5000, N=n^2",Reference (flow convention),A,2.9854122748183247,10.323226501377485
"n=5000, N=n^2",Reference (flow convention),A,2.9860822272664937,10.91877238989569
"n=5000, N=n^2",Reference (flow convention),A,2.9867521797146632,11.5380523882482
"n=5000, N=n^2",Reference (flow convention),A,2.9874221321628323,12.18101781757493
"n=5000, N=n^2",Reference (flow convention),A,2.9880920846110013,12.843125434912714
"n=5000, N=n^2",Reference (flow convention),A,2.9887620370591708,13.51476457454148
"n=5000, N=n^2",Reference (flow convention),A,2.98943198950734,14.182220054605342
"n=5000, N=n^2",Reference (flow convention),A,2.990101941955509,14.830087734462133
"n=5000, N=n^2",Reference (flow convention),A,2.9907718944036783,15.444422644182744
"n=5000, N=n^2",Reference (flow convention),A,2.9914418468518473,16.015537815375684
"n=5000, N=n^2",Reference (flow convention),A,2.9921117993000164,16.539493755586886
"n=5000, N=n^2",Reference (flow convention),A,2.992781751748186,17.017874977785244
"n=5000, N=n^2",Reference (flow convention),A,2.993451704196355,17.456159842318446
"n=5000, N=n^2",Reference (flow convention),A,2.994121656644524,17.861500677167065
"n=5000, N=n^2",Reference (flow convention),A,2.9947916090926934,18.240815382834427
"n=5000, N=n^2",Reference (flow convention),A,2.9954615615408624,18.599762376025932
"n=5000, N=n^2",Reference (flow convention),A,2.9961315139890314,18.94265127627472
"n=5000, N=n^2",Reference (flow convention),A,2.996801466437201,19.27291892943729
"n=5000, N=n^2",Reference (flow convention),A,2.99747141888537,19.59365767435442
"n=5000, N=n^2",Reference (flow convention),A,2.9981413713335394,19.907819397570787
"n=5000, N=n^2",Reference (flow convention),A,2.9988113237817084,20.217992988893013
"n=5000, N=n^2",Reference (flow convention),A,2.9994812762298775,20.525898042164858
"n=5000, N=n^2",Reference (flow convention),A,3.000151228678047,20.831859711638074
"n=5000, N=n^2",Reference (flow convention),A,3.000821181126216,21.134522779718356
"n=5000, N=n^2",Reference (flow convention),A,3.001491133574385,21.430964370596705
"n=5000, N=n^2",Reference (flow convention),A,3.0021610860225545,21.717210400418733
"n=5000, N=n^2",Reference (flow convention),A,3.0028310384707235,21.988985128223774
"n=5000, N=n^2",Reference (flow convention),A,3.0035009909188926,22.242383242821713
"n=5000, N=n^2",Reference (flow convention),A,3.004170943367062,22.47412932489505
"n=5000, N=n^2",Reference (flow convention),A,3.004840895815231,22.681234872994427
"n=5000, N=n^2",Reference (flow convention),A,3.0055108482634,22.860148350052057
"n=5000, N=n^2",Reference (flow convention),A,3.0061808007115696,23.005790900371085
"n=5000, N=n^2",Reference (flow convention),A,3.0068507531597386,23.11101336584505
"n=5000, N=n^2",Reference (flow convention),A,3.0075207056079076,23.16689554605256
"n=5000, N=n^2",Reference (flow convention),A,3.008190658056077,23.163969685964684
"n=5000, N=n^2",Reference (flow convention),A,3.008860610504246,23.094050639375247
"n=5000, N=n^2",Reference (flow convention),A,3.009530562952415,22.95209925865723
"n=5000, N=n^2",Reference (flow convention),A,3.0102005154005846,22.737557441508667
"n=5000, N=n^2",Reference (flow convention),A,3.0108704678487537,22.454842428537415
"n=5000, N=n^2",Reference (flow convention),A,3.011540420296923,22.113012323381778
"n=5000, N=n^2",Reference (flow convention),A,3.012210372745092,21.72482929879655
"n=5000, N=n^2",Reference (flow convention),A,3.012880325193261,21.305464517332904
"n=5000, N=n^2",Reference (flow convention),A,3.0135502776414307,20.870969856193913
"n=5000, N=n^2",Reference (flow convention),A,3.0142202300895997,20.43653816669726
"n=5000, N=n^2",Reference (flow convention),A,3.0148901825377687,20.014611277023914
"n=5000, N=n^2",Reference (flow convention),A,3.0155601349859382,19.613076665183748
"n=5000, N=n^2",Reference (flow convention),A,3.0162300874341073,19.233995696666053
"n=5000, N=n^2",Reference (flow convention),A,3.0169000398822763,18.87336141273935
"n=5000, N=n^2",Reference (flow convention),A,3.0175699923304458,18.522194800614972
"n=5000, N=n^2",Reference (flow convention),A,3.018239944778615,18.168893995797134
"n=5000, N=n^2",Reference (flow convention),A,3.018909897226784,17.802307176240955
"n=5000, N=n^2",Reference (flow convention),A,3.0195798496749533,17.414697647305864
"n=5000, N=n^2",Reference (flow convention),A,3.0202498021231223,17.00374129030158
"n=5000, N=n^2",Reference (flow convention),A,3.020919754571292,16.572962647220304
"n=5000, N=n^2",Reference (flow convention),A,3.021589707019461,16.130485149248837
"n=5000, N=n^2",Reference (flow convention),A,3.02225965946763,15.68648186395526
"n=5000, N=n^2",Reference (flow convention),A,3.0229296119157993,15.250094837313863
"n=5000, N=n^2",Reference (flow convention),A,3.0235995643639684,14.82672347244975
"n=5000, N=n^2",Reference (flow convention),A,3.0242695168121374,14.416435906630836
"n=5000, N=n^2",Reference (flow convention),A,3.024939469260307,14.013897777925566
"n=5000, N=n^2",Reference (flow convention),A,3.025609421708476,13.609768112696473
"n=5000, N=n^2",Reference (flow convention),A,3.026279374156645,13.193119456573559
"n=5000, N=n^2",Reference (flow convention),A,3.0269493266048144,12.754199756634202
"n=5000, N=n^2",Reference (flow convention),A,3.0276192790529834,12.286812089460458
"n=5000, N=n^2",Reference (flow convention),A,3.0282892315011525,11.789737749486465
"n=5000, N=n^2",Reference (flow convention),A,3.028959183949322,11.26691887989797
"n=5000, N=n^2",Reference (flow convention),A,3.029629136397491,10.726465890529207
"n=5000, N=n^2",Reference (flow convention),A,3.03029908884566,10.17886041161738
"n=5000, N=n^2",Reference (flow convention),A,3.0309690412938295,9.634894595080574
"n=5000, N=n^2",Reference (flow convention),A,3.0316389937419985,9.103878371590751
"n=5000, N=n^2",Reference (flow convention),A,3.0323089461901676,8.592484317416194
"n=5000, N=n^2",Reference (flow convention),A,3.032978898638337,8.104366866845849
"n=5000, N=n^2",Reference (flow convention),A,3.033648851086506,7.64047917234387
"n=5000, N=n^2",Reference (flow convention),A,3.0343188035346755,7.199871090616247
"n=5000, N=n^2",Reference (flow convention),A,3.0349887559828446,6.780691978907873
"n=5000, N=n^2",Reference (flow convention),A,3.0356587084310136,6.381124402774139
"n=5000, N=n^2",Reference (flow convention),A,3.036328660879183,6.000026467179967
"n=5000, N=n^2",Reference (flow convention),A,3.036998613327352,5.6371582473081085
"n=5000, N=n^2",Reference (flow convention),A,3.037668565775521,5.292999553692999
"n=5000, N=n^2",Reference (flow convention),A,3.0383385182236906,4.96829433124661
"n=5000, N=n^2",Reference (flow convention),A,3.0390084706718596,4.663529101379163
"n=5000, N=n^2",Reference (flow convention),A,3.0396784231200287,4.378536419664543
"n=5000, N=n^2",Reference (flow convention),A,3.040348375568198,4.112324281358929
"n=5000, N=n^2",Reference (flow convention),A,3.041018328016367,3.863125693375035
"n=5000, N=n^2",Reference (flow convention),A,3.041688280464536,3.6286000928236617
"n=5000, N=n^2",Reference (flow convention),A,3.0423582329127057,3.4061224941514805
"n=5000, N=n^2",Reference (flow convention),A,3.0430281853608747,3.1931374264362353
"n=5000, N=n^2",Reference (flow convention),A,3.0436981378090437,2.987575851134452
"n=5000, N=n^2",Reference (flow convention),A,3.044368090257213,2.7882962287209776
"n=5000, N=n^2",Reference (flow convention),A,3.0450380427053823,2.5954303937844956
"n=5000, N=n^2",Reference (flow convention),A,3.0457079951535517,2.4104541839192555
"n=5000, N=n^2",Reference (flow convention),A,3.0463779476017208,2.2358317556836744
"n=5000, N=n^2",Reference (flow convention),A,3.04704790004989,2.074224829237405
"n=5000, N=n^2",Reference (flow convention),A,3.0477178524980593,1.9274637175482656
"n=5000, N=n^2",Reference (flow convention),A,3.0483878049462283,1.7956417061609298
"n=5000, N=n^2",Reference (flow convention),A,3.0490577573943973,1.6767167586803768
"n=5000, N=n^2",Reference (flow convention),A,3.049727709842567,1.5668468143929026
"n=5000, N=n^2",Reference (flow convention),A,3.050397662290736,1.4614010756819147
"n=5000, N=n^2",Reference (flow convention),A,3.051067614738905,1.3563041022992524
"n=5000, N=n^2",Reference (flow convention),A,3.0517375671870743,1.2492170433397665
"n=5000, N=n^2",Reference (flow convention),A,3.0524075196352434,1.1401179758763964
"n=5000, N=n^2",Reference (flow convention),A,3.0530774720834124,1.0310893427992491
"n=5000, N=n^2",Reference (flow convention),A,3.053747424531582,0.9254428321311278
"n=5000, N=n^2",Reference (flow convention),A,3.054417376979751,0.8265634709017579
"n=5000, N=n^2",Reference (flow convention),A,3.05508732942792,0.7369261988602742
"n=5000, N=n^2",Reference (flow convention),A,3.0557572818760894,0.6576111590120122
"n=5000, N=n^2",Reference (flow convention),A,3.0564272343242584,0.5883938962969385
"n=5000, N=n^2",Reference (flow convention),A,3.0570971867724275,0.5282392232847688
"n=5000, N=n^2",Reference (flow convention),A,3.057767139220597,0.47589368241778085
"n=5000, N=n^2",Reference (flow convention),A,3.058437091668766,0.430296633207488
"n=5000, N=n^2",Reference (flow convention),A,3.0591070441169355,0.3906794081663581
"n=5000, N=n^2",Reference (flow convention),A,3.0597769965651045,0.3564062249071892
"n=5000, N=n^2",Reference (flow convention),A,3.0604469490132735,0.3267342270945221
"n=5000, N=n^2",Reference (flow convention),A,3.061116901461443,0.30067980153657425
"n=5000, N=n^2",Reference (flow convention),A,3.061786853909612,0.2770860050301974
"n=5000, N=n^2",Reference (flow convention),A,3.062456806357781,0.2548556270722167
"n=5000, N=n^2",Reference (flow convention),A,3.0631267588059505,0.2332220073117758
"n=5000, N=n^2",Reference (flow convention),A,3.0637967112541196,0.21191957183266313
"n=5000, N=n^2",Reference (Gaussian convention),A,2.9304761740684513,0.050186557284285754
"n=5000, N=n^2",Reference (Gaussian convention),A,2.9311461265166203,0.06505303231828757
"n=5000, N=n^2",Reference (Gaussian convention),A,2.93181607896479,0.08238699750326667
"n=5000, N=n^2",Reference (Gaussian convention),A,2.932486031412959,0.10234337853893294
"n=5000, N=n^2",Reference (Gaussian convention),A,2.933155983861128,0.12504848570369262
"n=5000, N=n^2",Reference (Gaussian convention),A,2.9338259363092973,0.15054876341928217
"n=5000, N=n^2",Reference (Gaussian convention),A,2.9344958887574664,0.1787840924983503
"n=5000, N=n^2",Reference (Gaussian convention),A,2.9351658412056354,0.20960513815704127
"n=5000, N=n^2",Reference (Gaussian convention),A,2.935835793653805,0.2428251843231937
"n=5000, N=n^2",Reference (Gaussian convention),A,2.936505746101974,0.27827556060103037
"n=5000, N=n^2",Reference (Gaussian convention),A,2.9371756985501434,0.31583874318231286
"n=5000, N=n^2",Reference (Gaussian convention),A,2.9378456509983124,0.35546307581236236
"n=5000, N=n^2",Reference (Gaussian convention),A,2.9385156034464814,0.39719534355953673
"n=5000, N=n^2",Reference (Gaussian convention),A,2.939185555894651,0.44127473475985557
"n=5000, N=n^2",Reference (Gaussian convention),A,2.93985550834282,0.48830266197757893
"n=5000, N=n^2",Reference (Gaussian convention),A,2.940525460790989,0.5394512342270542
"n=5000, N=n^2",Reference (Gaussian convention),A,2.9411954132391585,0.596628057472128
"n=5000, N=n^2",Reference (Gaussian convention),A,2.9418653656873275,0.6625011227733915
"n=5000, N=n^2",Reference (Gaussian convention),A,2.9425353181354965,0.7403110340653722
"n=5000, N=n^2",Reference (Gaussian convention),A,2.943205270583666,0.8334483320157158
"n=5000, N=n^2",Reference (Gaussian convention),A,2.943875223031835,0.9448365244329123
"n=5000, N=n^2",Reference (Gaussian convention),A,2.944545175480004,1.0762266684695685
"n=5000, N=n^2",Reference (Gaussian convention),A,2.9452151279281735,1.2275686911821777
"n=5000, N=n^2",Reference (Gaussian convention),A,2.9458850803763426,1.3966617806567365
"n=5000, N=n^2",Reference (Gaussian convention),A,2.9465550328245116,1.5792740199542254
"n=5000, N=n^2",Reference (Gaussian convention),A,2.947224985272681,1.769834798945077
"n=5000, N=n^2",Reference (Gaussian convention),A,2.94789493772085,1.9626421892354817
"n=5000, N=n^2",Reference (Gaussian convention),A,2.9485648901690196,2.153333099206363
"n=5000, N=n^2",Reference (Gaussian convention),A,2.9492348426171886,2.340214849709396
"n=5000, N=n^2",Reference (Gaussian convention),A,2.9499047950653576,2.5250345412489326
"n=5000, N=n^2",Reference (Gaussian convention),A,2.950574747513527,2.7129047060538487
"n=5000, N=n^2",Reference (Gaussian convention),A,2.951244699961696,2.9113697834355934
"n=5000, N=n^2",Reference (Gaussian convention),A,2.951914652409865,3.128878621206075
"n=5000, N=n^2",Reference (Gaussian convention),A,2.9525846048580346,3.3731017598843347
"n=5000, N=n^2",Reference (Gaussian convention),A,2.9532545573062037,3.6495352757120987
"n=5000, N=n^2",Reference (Gaussian convention),A,2.9539245097543727,3.9606937546006065
"n=5000, N=n^2",Reference (Gaussian convention),A,2.954594462202542,4.306002435213158
"n=5000, N=n^2",Reference (Gaussian convention),A,2.955264414650711,4.682332451813855
"n=5000, N=n^2",Reference (Gaussian convention),A,2.9559343670988802,5.085006442365912
"n=5000, N=n^2",Reference (Gaussian convention),A,2.9566043195470497,5.509015503951698
"n=5000, N=n^2",Reference (Gaussian convention),A,2.9572742719952188,5.950127767572134
"n=5000, N=n^2",Reference (Gaussian convention),A,2.957944224443388,6.405576889741232
"n=5000, N=n^2",Reference (Gaussian convention),A,2.9586141768915573,6.874152548782851
"n=5000, N=n^2",Reference (Gaussian convention),A,2.9592841293397263,7.355767311426601
"n=5000, N=n^2",Reference (Gaussian convention),A,2.9599540817878953,7.850829664038636
"n=5000, N=n^2",Reference (Gaussian convention),A,2.960624034236065,8.359840523459878
"n=5000, N=n^2",Reference (Gaussian convention),A,2.961293986684234,8.883451010613907
"n=5000, N=n^2",Reference (Gaussian convention),A,2.9619639391324033,9.422849724385816
"n=5000, N=n^2",Reference (Gaussian convention),A,2.9626338915805723,9.980024170708823
"n=5000, N=n^2",Reference (Gaussian convention),A,2.9633038440287414,10.557409474871429
"n=5000, N=n^2",Reference (Gaussian convention),A,2.963973796476911,11.156771600063724
"n=5000, N=n^2",Reference (Gaussian convention),A,2.96464374892508,11.777693506860327
"n=5000, N=n^2",Reference (Gaussian convention),A,2.965313701373249,12.41640587452273
"n=5000, N=n^2",Reference (Gaussian convention),A,2.9659836538214184,13.065655526749826
"n=5000, N=n^2",Reference (Gaussian convention),A,2.9666536062695874,13.715817580786236
"n=5000, N=n^2",Reference (Gaussian convention),A,2.9673235587177564,14.356803941707076
"n=5000, N=n^2",Reference (Gaussian convention),A,2.967993511165926,14.979899436058194
"n=5000, N=n^2",Reference (Gaussian convention),A,2.968663463614095,15.578734386390249
"n=5000, N=n^2",Reference (Gaussian convention),A,2.969333416062264,16.149134904480388
"n=5000, N=n^2",Reference (Gaussian convention),A,2.9700033685104335,16.688249351980872
"n=5000, N=n^2",Reference (Gaussian convention),A,2.9706733209586025,17.193728974957036
"n=5000, N=n^2",Reference (Gaussian convention),A,2.9713432734067715,17.663627594381257
"n=5000, N=n^2",Reference (Gaussian convention),A,2.972013225854941,18.09717983683167
"n=5000, N=n^2",Reference (Gaussian convention),A,2.97268317830311,18.496051119132566
"n=5000, N=n^2",Reference (Gaussian convention),A,2.9733531307512795,18.8653593038137
"n=5000, N=n^2",Reference (Gaussian convention),A,2.9740230831994485,19.213875940817857
"n=5000, N=n^2",Reference (Gaussian convention),A,2.9746930356476176,19.553197752955544
"n=5000, N=n^2",Reference (Gaussian convention),A,2.975362988095787,19.896078923833006
"n=5000, N=n^2",Reference (Gaussian convention),A,2.976032940543956,20.254331687035865
"n=5000, N=n^2",Reference (Gaussian convention),A,2.976702892992125,20.636706763625785
"n=5000, N=n^2",Reference (Gaussian convention),A,2.9773728454402946,21.047067262908037
"n=5000, N=n^2",Reference (Gaussian convention),A,2.9780427978884636,21.483097228202624
"n=5000, N=n^2",Reference (Gaussian convention),A,2.9787127503366326,21.935774565647737
"n=5000, N=n^2",Reference (Gaussian convention),A,2.979382702784802,22.389820788289093
"n=5000, N=n^2",Reference (Gaussian convention),A,2.980052655232971,22.82522966996785
"n=5000, N=n^2",Reference (Gaussian convention),A,2.98072260768114,23.219759545662164
"n=5000, N=n^2",Reference (Gaussian convention),A,2.9813925601293096,23.552029309160236
"n=5000, N=n^2",Reference (Gaussian convention),A,2.9820625125774787,23.804691728055435
"n=5000, N=n^2",Reference (Gaussian convention),A,2.9827324650256477,23.96711337649823
"n=5000, N=n^2",Reference (Gaussian convention),A,2.983402417473817,24.037033261436914
"n=5000, N=n^2",Reference (Gaussian convention),A,2.984072369921986,24.02076230667608
"n=5000, N=n^2",Reference (Gaussian convention),A,2.9847423223701552,23.93166165903023
"n=5000, N=n^2",Reference (Gaussian convention),A,2.9854122748183247,23.786995649503005
"n=5000, N=n^2",Reference (Gaussian convention),A,2.9860822272664937,23.603810142399784
"n=5000, N=n^2",Reference (Gaussian convention),A,2.9867521797146632,23.395041688566195
"n=5000, N=n^2",Reference (Gaussian convention),A,2.9874221321628323,23.16725178223067
"n=5000, N=n^2",Reference (Gaussian convention),A,2.9880920846110013,22.92091717262806
"n=5000, N=n^2",Reference (Gaussian convention),A,2.9887620370591708,22.653160171938172
"n=5000, N=n^2",Reference (Gaussian convention),A,2.98943198950734,22.36165362109652
"n=5000, N=n^2",Reference (Gaussian convention),A,2.990101941955509,22.04782328075052
"n=5000, N=n^2",Reference (Gaussian convention),A,2.9907718944036783,21.717785970333637
"n=5000, N=n^2",Reference (Gaussian convention),A,2.9914418468518473,21.380576091081153
"n=5000, N=n^2",Reference (Gaussian convention),A,2.9921117993000164,21.04454113087218
"n=5000, N=n^2",Reference (Gaussian convention),A,2.992781751748186,20.713633904647665
"n=5000, N=n^2",Reference (Gaussian convention),A,2.993451704196355,20.385290113133195
"n=5000, N=n^2",Reference (Gaussian convention),A,2.994121656644524,20.050743077998685
"n=5000, N=n^2",Reference (Gaussian convention),A,2.9947916090926934,19.69748703013589
"n=5000, N=n^2",Reference (Gaussian convention),A,2.9954615615408624,19.312750351389536
"n=5000, N=n^2",Reference (Gaussian convention),A,2.9961315139890314,18.88664643399189
"n=5000, N=n^2",Reference (Gaussian convention),A,2.996801466437201,18.414101739210043
"n=5000, N=n^2",Reference (Gaussian convention),A,2.99747141888537,17.895364729028184
"n=5000, N=n^2",Reference (Gaussian convention),A,2.9981413713335394,17.33544958136558
"n=5000, N=n^2",Reference (Gaussian convention),A,2.9988113237817084,16.743027403013738
"n=5000, N=n^2",Reference (Gaussian convention),A,2.9994812762298775,16.129104055274258
"n=5000, N=n^2",Reference (Gaussian convention),A,3.000151228678047,15.505574238670514
"n=5000, N=n^2",Reference (Gaussian convention),A,3.000821181126216,14.88365368079681
"n=5000, N=n^2",Reference (Gaussian convention),A,3.001491133574385,14.272315672937532
"n=5000, N=n^2",Reference (Gaussian convention),A,3.0021610860225545,13.677054129274277
"n=5000, N=n^2",Reference (Gaussian convention),A,3.0028310384707235,13.099369433691844
"n=5000, N=n^2",Reference (Gaussian convention),A,3.0035009909188926,12.537232249241475
"n=5000, N=n^2",Reference (Gaussian convention),A,3.004170943367062,11.986479706435551
"n=5000, N=n^2",Reference (Gaussian convention),A,3.004840895815231,11.442777067383059
"n=5000, N=n^2",Reference (Gaussian convention),A,3.0055108482634,10.903563892249528
"n=5000, N=n^2",Reference (Gaussian convention),A,3.0061808007115696,10.369368572861138
"n=5000, N=n^2",Reference (Gaussian convention),A,3.0068507531597386,9.844040275339973
"n=5000, N=n^2",Reference (Gaussian convention),A,3.0075207056079076,9.33378830460199
"n=5000, N=n^2",Reference (Gaussian convention),A,3.008190658056077,8.84534453461781
"n=5000, N=n^2",Reference (Gaussian convention),A,3.008860610504246,8.383911955107985
"n=5000, N=n^2",Reference (Gaussian convention),A,3.009530562952415,7.951657000706287
"n=5000, N=n^2",Reference (Gaussian convention),A,3.0102005154005846,7.547268754967335
"n=5000, N=n^2",Reference (Gaussian convention),A,3.0108704678487537,7.166641445492917
"n=5000, N=n^2",Reference (Gaussian convention),A,3.011540420296923,6.8042727656334225
"n=5000, N=n^2",Reference (Gaussian convention),A,3.012210372745092,6.454744689849264
"n=5000, N=n^2",Reference (Gaussian convention),A,3.012880325193261,6.113756623940427
"n=5000, N=n^2",Reference (Gaussian convention),A,3.0135502776414307,5.778511840634222
"n=5000, N=n^2",Reference (Gaussian convention),A,3.0142202300895997,5.447602451327302
"n=5000, N=n^2",Reference (Gaussian convention),A,3.0148901825377687,5.120709702688925
"n=5000, N=n^2",Reference (Gaussian convention),A,3.0155601349859382,4.798383360467964
"n=5000, N=n^2",Reference (Gaussian convention),A,3.0162300874341073,4.481974313423664
"n=5000, N=n^2",Reference (Gaussian convention),A,3.0169000398822763,4.173615815072486
"n=5000, N=n^2",Reference (Gaussian convention),A,3.0175699923304458,3.8760890953615355
"n=5000, N=n^2",Reference (Gaussian convention),A,3.018239944778615,3.5924829410207972
"n=5000, N=n^2",Reference (Gaussian convention),A,3.018909897226784,3.3256958167274573
"n=5000, N=n^2",Reference (Gaussian convention),A,3.0195798496749533,3.077935659922401
"n=5000, N=n^2",Reference (Gaussian convention),A,3.0202498021231223,2.8503807646080586
"n=5000, N=n^2",Reference (Gaussian convention),A,3.020919754571292,2.6430778941427793
"n=5000, N=n^2",Reference (Gaussian convention),A,3.021589707019461,2.455037146966347
"n=5000, N=n^2",Reference (Gaussian convention),A,3.02225965946763,2.284419990512191
"n=5000, N=n^2",Reference (Gaussian convention),A,3.0229296119157993,2.128745242549548
"n=5000, N=n^2",Reference (Gaussian convention),A,3.0235995643639684,1.9851201770763827
"n=5000, N=n^2",Reference (Gaussian convention),A,3.0242695168121374,1.8505573944057372
"n=5000, N=n^2",Reference (Gaussian convention),A,3.024939469260307,1.7224045571124735
"n=5000, N=n^2",Reference (Gaussian convention),A,3.025609421708476,1.5988120577610614
"n=5000, N=n^2",Reference (Gaussian convention),A,3.026279374156645,1.479074834893348
"n=5000, N=n^2",Reference (Gaussian convention),A,3.0269493266048144,1.36368671344242
"n=5000, N=n^2",Reference (Gaussian convention),A,3.0276192790529834,1.2540506282793071
"n=5000, N=n^2",Reference (Gaussian convention),A,3.0282892315011525,1.151935065897324
"n=5000, N=n^2",Reference (Gaussian convention),A,3.028959183949322,1.0588706684563884
"n=5000, N=n^2",Reference (Gaussian convention),A,3.029629136397491,0.9756898444655163
"n=5000, N=n^2",Reference (Gaussian convention),A,3.03029908884566,0.9023343148367085
"n=5000, N=n^2",Reference (Gaussian convention),A,3.0309690412938295,0.8379407592585786
"n=5000, N=n^2",Reference (Gaussian convention),A,3.0316389937419985,0.7811186784648345
"n=5000, N=n^2",Reference (Gaussian convention),A,3.0323089461901676,0.7302907682200278
"n=5000, N=n^2",Reference (Gaussian convention),A,3.032978898638337,0.6839787426516827
"n=5000, N=n^2",Reference (Gaussian convention),A,3.033648851086506,0.640969002738075
"n=5000, N=n^2",Reference (Gaussian convention),A,3.0343188035346755,0.600354931587753
"n=5000, N=n^2",Reference (Gaussian convention),A,3.0349887559828446,0.5614985634393639
"n=5000, N=n^2",Reference (Gaussian convention),A,3.0356587084310136,0.5239668843880504
"n=5000, N=n^2",Reference (Gaussian convention),A,3.036328660879183,0.48747786645025276
"n=5000, N=n^2",Reference (Gaussian convention),A,3.036998613327352,0.45185753215624924
"n=5000, N=n^2",Reference (Gaussian convention),A,3.037668565775521,0.4169886197120924
"n=5000, N=n^2",Reference (Gaussian convention),A,3.0383385182236906,0.38274040753642663
"n=5000, N=n^2",Reference (Gaussian convention),A,3.0390084706718596,0.3489011827520416
"n=5000, N=n^2",Reference (Gaussian convention),A,3.0396784231200287,0.315162250420537
"n=5000, N=n^2",Reference (Gaussian convention),A,3.040348375568198,0.28119672937292695
"n=5000, N=n^2",Reference (Gaussian convention),A,3.041018328016367,0.24683111556322795
"n=5000, N=n^2",Reference (Gaussian convention),A,3.041688280464536,0.21224653838237578
"n=5000, N=n^2",Reference (Gaussian convention),A,3.0423582329127057,0.1781094781326252
"n=5000, N=n^2",Reference (Gaussian convention),A,3.0430281853608747,0.1455464447042633
"n=5000, N=n^2",Reference (Gaussian convention),A,3.0436981378090437,0.11594008430817052
"n=5000, N=n^2",Reference (Gaussian convention),A,3.044368090257213,0.09060250378336364
"n=5000, N=n^2",Reference (Gaussian convention),A,3.0450380427053823,0.07043503773940937
"n=5000, N=n^2",Reference (Gaussian convention),A,3.0457079951535517,0.05568878952391048
"n=5000, N=n^2",Reference (Gaussian convention),A,3.0463779476017208,0.045900376458367725
"n=5000, N=n^2",Reference (Gaussian convention),A,3.04704790004989,0.04001489015003035
"n=5000, N=n^2",Reference (Gaussian convention),A,3.0477178524980593,0.03664921421887157
"n=5000, N=n^2",Reference (Gaussian convention),A,3.0483878049462283,0.034411654147022894
"n=5000, N=n^2",Reference (Gaussian convention),A,3.0490577573943973,0.03218567366366781
"n=5000, N=n^2",Reference (Gaussian convention),A,3.049727709842567,0.029305189369138857
"n=5000, N=n^2",Reference (Gaussian convention),A,3.050397662290736,0.025588652851560957
"n=5000, N=n^2",Reference (Gaussian convention),A,3.051067614738905,0.021245818857071545
"n=5000, N=n^2",Reference (Gaussian convention),A,3.0517375671870743,0.016708539500256987
"n=5000, N=n^2",Reference (Gaussian convention),A,3.0524075196352434,0.012452022185254716
"n=5000, N=n^2",Reference (Gaussian convention),A,3.0530774720834124,0.008862028141081812
"n=5000, N=n^2",Reference (Gaussian convention),A,3.053747424531582,0.00617420719422015
"n=5000, N=n^2",Reference (Gaussian convention),A,3.054417376979751,0.004478970946310119
"n=5000, N=n^2",Reference (Gaussian convention),A,3.05508732942792,0.0037629272128203066
"n=5000, N=n^2",Reference (Gaussian convention),A,3.0557572818760894,0.003952716573837042
"n=5000, N=n^2",Reference (Gaussian convention),A,3.0564272343242584,0.004937419496345613
"n=5000, N=n^2",Reference (Gaussian convention),A,3.0570971867724275,0.006564230929218593
"n=5000, N=n^2",Reference (Gaussian convention),A,3.057767139220597,0.008619934463058936
"n=5000, N=n^2",Reference (Gaussian convention),A,3.058437091668766,0.010820428788267302
"n=5000, N=n^2",Reference (Gaussian convention),A,3.0591070441169355,0.012828168258185219
"n=5000, N=n^2",Reference (Gaussian convention),A,3.0597769965651045,0.01430373411194084
"n=5000, N=n^2",Reference (Gaussian convention),A,3.0604469490132735,0.01497900804861062
"n=5000, N=n^2",Reference (Gaussian convention),A,3.061116901461443,0.014725087708301388
"n=5000, N=n^2",Reference (Gaussian convention),A,3.061786853909612,0.013586387639691121
"n=5000, N=n^2",Reference (Gaussian convention),A,3.062456806357781,0.011765159528725016
"n=5000, N=n^2",Reference (Gaussian convention),A,3.0631267588059505,0.009561618175633446
"n=5000, N=n^2",Reference (Gaussian convention),A,3.0637967112541196,0.0072929300308307455
"n=5000, N=n^2",flow-NPE,A,2.9304761740684513,0.013065571165438949
"n=5000, N=n^2",flow-NPE,A,2.9311461265166203,0.011784102966595504
"n=5000, N=n^2",flow-NPE,A,2.93181607896479,0.01008239927234772
"n=5000, N=n^2",flow-NPE,A,2.932486031412959,0.008198271981521567
"n=5000, N=n^2",flow-NPE,A,2.933155983861128,0.006368079744051876
"n=5000, N=n^2",flow-NPE,A,2.9338259363092973,0.0047926058613692035
"n=5000, N=n^2",flow-NPE,A,2.9344958887574664,0.0036231638074928035
"n=5000, N=n^2",flow-NPE,A,2.9351658412056354,0.002967394512102286
"n=5000, N=n^2",flow-NPE,A,2.935835793653805,0.0029064581775917427
"n=5000, N=n^2",flow-NPE,A,2.936505746101974,0.003511420518227846
"n=5000, N=n^2",flow-NPE,A,2.9371756985501434,0.004847603408561161
"n=5000, N=n^2",flow-NPE,A,2.9378456509983124,0.006961017240646202
"n=5000, N=n^2",flow-NPE,A,2.9385156034464814,0.009849133504419684
"n=5000, N=n^2",flow-NPE,A,2.939185555894651,0.013426727914913304
"n=5000, N=n^2",flow-NPE,A,2.93985550834282,0.017503163877546697
"n=5000, N=n^2",flow-NPE,A,2.940525460790989,0.021787171171986714
"n=5000, N=n^2",flow-NPE,A,2.9411954132391585,0.0259273606038811
"n=5000, N=n^2",flow-NPE,A,2.9418653656873275,0.029583071495918187
"n=5000, N=n^2",flow-NPE,A,2.9425353181354965,0.03250591484113532
"n=5000, N=n^2",flow-NPE,A,2.943205270583666,0.0346044478049319
"n=5000, N=n^2",flow-NPE,A,2.943875223031835,0.035967700452679524
"n=5000, N=n^2",flow-NPE,A,2.944545175480004,0.03683743822274549
"n=5000, N=n^2",flow-NPE,A,2.9452151279281735,0.037538059110126434
"n=5000, N=n^2",flow-NPE,A,2.9458850803763426,0.03838827499815657
"n=5000, N=n^2",flow-NPE,A,2.9465550328245116,0.039623849587888595
"n=5000, N=n^2",flow-NPE,A,2.947224985272681,0.04135491449706907
"n=5000, N=n^2",flow-NPE,A,2.94789493772085,0.04356922633988507
"n=5000, N=n^2",flow-NPE,A,2.9485648901690196,0.04618016487121434
"n=5000, N=n^2",flow-NPE,A,2.9492348426171886,0.049108823682793415
"n=5000, N=n^2",flow-NPE,A,2.9499047950653576,0.052382926827925676
"n=5000, N=n^2",flow-NPE,A,2.950574747513527,0.05622960410916286
"n=5000, N=n^2",flow-NPE,A,2.951244699961696,0.06113430347368405
"n=5000, N=n^2",flow-NPE,A,2.951914652409865,0.06783797422786819
"n=5000, N=n^2",flow-NPE,A,2.9525846048580346,0.07725438185314604
"n=5000, N=n^2",flow-NPE,A,2.9532545573062037,0.09031122608299098
"n=5000, N=n^2",flow-NPE,A,2.9539245097543727,0.10774790890555286
"n=5000, N=n^2",flow-NPE,A,2.954594462202542,0.12992782705636657
"n=5000, N=n^2",flow-NPE,A,2.955264414650711,0.15673056475205113
"n=5000, N=n^2",flow-NPE,A,2.9559343670988802,0.1875713860308764
"n=5000, N=n^2",flow-NPE,A,2.9566043195470497,0.22155496743523054
"n=5000, N=n^2",flow-NPE,A,2.9572742719952188,0.2577216556949004
"n=5000, N=n^2",flow-NPE,A,2.957944224443388,0.29530773779933917
"n=5000, N=n^2",flow-NPE,A,2.9586141768915573,0.33393307637049136
"n=5000, N=n^2",flow-NPE,A,2.9592841293397263,0.3736552227928918
"n=5000, N=n^2",flow-NPE,A,2.9599540817878953,0.41487898121963557
"n=5000, N=n^2",flow-NPE,A,2.960624034236065,0.45816323358447436
"n=5000, N=n^2",flow-NPE,A,2.961293986684234,0.5040000546664125
"n=5000, N=n^2",flow-NPE,A,2.9619639391324033,0.5526421897102815
"n=5000, N=n^2",flow-NPE,A,2.9626338915805723,0.6040279747468552
"n=5000, N=n^2",flow-NPE,A,2.9633038440287414,0.6578155907126076
"n=5000, N=n^2",flow-NPE,A,2.963973796476911,0.7135108635237916
"n=5000, N=n^2",flow-NPE,A,2.96464374892508,0.7706629615061779
"n=5000, N=n^2",flow-NPE,A,2.965313701373249,0.8291022846017511
"n=5000, N=n^2",flow-NPE,A,2.9659836538214184,0.8891884356604306
"n=5000, N=n^2",flow-NPE,A,2.9666536062695874,0.9520152595286278
"n=5000, N=n^2",flow-NPE,A,2.9673235587177564,1.0194958350764478
"n=5000, N=n^2",flow-NPE,A,2.967993511165926,1.0942496772764478
"n=5000, N=n^2",flow-NPE,A,2.968663463614095,1.1792597720801807
"n=5000, N=n^2",flow-NPE,A,2.969333416062264,1.2773547228736797
"n=5000, N=n^2",flow-NPE,A,2.9700033685104335,1.390664036230612
"n=5000, N=n^2",flow-NPE,A,2.9706733209586025,1.5202383464915752
"n=5000, N=n^2",flow-NPE,A,2.9713432734067715,1.6659833531944286
"n=5000, N=n^2",flow-NPE,A,2.972013225854941,1.8269336154269018
"n=5000, N=n^2",flow-NPE,A,2.97268317830311,2.0017456577723056
"n=5000, N=n^2",flow-NPE,A,2.9733531307512795,2.189194809929476
"n=5000, N=n^2",flow-NPE,A,2.9740230831994485,2.38846827374361
"n=5000, N=n^2",flow-NPE,A,2.9746930356476176,2.599152959839901
"n=5000, N=n^2",flow-NPE,A,2.975362988095787,2.8209614580469355
"n=5000, N=n^2",flow-NPE,A,2.976032940543956,3.053347100020082
"n=5000, N=n^2",flow-NPE,A,2.976702892992125,3.2951839327808994
"n=5000, N=n^2",flow-NPE,A,2.9773728454402946,3.5446387794009895
"n=5000, N=n^2",flow-NPE,A,2.9780427978884636,3.799288636390624
"n=5000, N=n^2",flow-NPE,A,2.9787127503366326,4.056482127393405
"n=5000, N=n^2",flow-NPE,A,2.979382702784802,4.31391498050629
"n=5000, N=n^2",flow-NPE,A,2.980052655232971,4.570356547084959
"n=5000, N=n^2",flow-NPE,A,2.98072260768114,4.82639842489347
"n=5000, N=n^2",flow-NPE,A,2.9813925601293096,5.08501037692064
"n=5000, N=n^2",flow-NPE,A,2.9820625125774787,5.351643648777993
"n=5000, N=n^2",flow-NPE,A,2.9827324650256477,5.633685108094278
"n=5000, N=n^2",flow-NPE,A,2.983402417473817,5.939252942409887
"n=5000, N=n^2",flow-NPE,A,2.984072369921986,6.275569934406868
"n=5000, N=n^2",flow-NPE,A,2.9847423223701552,6.6473349036619265
"n=5000, N=n^2",flow-NPE,A,2.9854122748183247,7.055537780413937
"n=5000, N=n^2",flow-NPE,A,2.9860822272664937,7.497014973777483
"n=5000, N=n^2",flow-NPE,A,2.9867521797146632,7.9648003981437725
"n=5000, N=n^2",flow-NPE,A,2.9874221321628323,8.449116677849108
"n=5000, N=n^2",flow-NPE,A,2.9880920846110013,8.938756558658953
"n=5000, N=n^2",flow-NPE,A,2.9887620370591708,9.422626866687132
"n=5000, N=n^2",flow-NPE,A,2.98943198950734,9.891295177464942
"n=5000, N=n^2",flow-NPE,A,2.990101941955509,10.338410851345246
"n=5000, N=n^2",flow-NPE,A,2.9907718944036783,10.761836439766327
"n=5000, N=n^2",flow-NPE,A,2.9914418468518473,11.164261826500576
"n=5000, N=n^2",flow-NPE,A,2.9921117993000164,11.553058590696713
"n=5000, N=n^2",flow-NPE,A,2.992781751748186,11.939224105354706
"n=5000, N=n^2",flow-NPE,A,2.993451704196355,12.335463050823616
"n=5000, N=n^2",flow-NPE,A,2.994121656644524,12.753697533592186
"n=5000, N=n^2",flow-NPE,A,2.9947916090926934,13.202497592143958
"n=5000, N=n^2",flow-NPE,A,2.9954615615408624,13.685007455099715
"n=5000, N=n^2",flow-NPE,A,2.9961315139890314,14.197876842614669
"n=5000, N=n^2",flow-NPE,A,2.996801466437201,14.731504460780817
"n=5000, N=n^2",flow-NPE,A,2.99747141888537,15.271611680383936
"n=5000, N=n^2",flow-NPE,A,2.9981413713335394,15.801857343499199
"n=5000, N=n^2",flow-NPE,A,2.9988113237817084,16.306954167155837
"n=5000, N=n^2",flow-NPE,A,2.9994812762298775,16.775617739326673
"n=5000, N=n^2",flow-NPE,A,3.000151228678047,17.202707868340628
"n=5000, N=n^2",flow-NPE,A,3.000821181126216,17.59010472718143
"n=5000, N=n^2",flow-NPE,A,3.001491133574385,17.946149929320686
"n=5000, N=n^2",flow-NPE,A,3.0021610860225545,18.283795794207943
"n=5000, N=n^2",flow-NPE,A,3.0028310384707235,18.61786191848714
"n=5000, N=n^2",flow-NPE,A,3.0035009909188926,18.961940861178956
"n=5000, N=n^2",flow-NPE,A,3.004170943367062,19.32551333409675
"n=5000, N=n^2",flow-NPE,A,3.004840895815231,19.711758447354846
"n=5000, N=n^2",flow-NPE,A,3.0055108482634,20.116423842394813
"n=5000, N=n^2",flow-NPE,A,3.0061808007115696,20.52798485493941
"n=5000, N=n^2",flow-NPE,A,3.0068507531597386,20.92916514917568
"n=5000, N=n^2",flow-NPE,A,3.0075207056079076,21.299682424416755
"n=5000, N=n^2",flow-NPE,A,3.008190658056077,21.619808751188685
"n=5000, N=n^2",flow-NPE,A,3.008860610504246,21.87404702555771
"n=5000, N=n^2",flow-NPE,A,3.009530562952415,22.05404589090661
"n=5000, N=n^2",flow-NPE,A,3.0102005154005846,22.15994553428242
"n=5000, N=n^2",flow-NPE,A,3.0108704678487537,22.199728572648393
"n=5000, N=n^2",flow-NPE,A,3.011540420296923,22.186754584771982
"n=5000, N=n^2",flow-NPE,A,3.012210372745092,22.136251855192974
"n=5000, N=n^2",flow-NPE,A,3.012880325193261,22.06185748224799
"n=5000, N=n^2",flow-NPE,A,3.0135502776414307,21.9731824093153
"n=5000, N=n^2",flow-NPE,A,3.0142202300895997,21.874888921160423
"n=5000, N=n^2",flow-NPE,A,3.0148901825377687,21.767152859487133
"n=5000, N=n^2",flow-NPE,A,3.0155601349859382,21.646941173853655
"n=5000, N=n^2",flow-NPE,A,3.0162300874341073,21.509447737714645
"n=5000, N=n^2",flow-NPE,A,3.0169000398822763,21.349262757294085
"n=5000, N=n^2",flow-NPE,A,3.0175699923304458,21.161197881390873
"n=5000, N=n^2",flow-NPE,A,3.018239944778615,20.940919176543545
"n=5000, N=n^2",flow-NPE,A,3.018909897226784,20.68554453963386
"n=5000, N=n^2",flow-NPE,A,3.0195798496749533,20.394203942649735
"n=5000, N=n^2",flow-NPE,A,3.0202498021231223,20.068402967093512
"n=5000, N=n^2",flow-NPE,A,3.020919754571292,19.712004702139723
"n=5000, N=n^2",flow-NPE,A,3.021589707019461,19.330765083485176
"n=5000, N=n^2",flow-NPE,A,3.02225965946763,18.931526247997418
"n=5000, N=n^2",flow-NPE,A,3.0229296119157993,18.521275278687025
"n=5000, N=n^2",flow-NPE,A,3.0235995643639684,18.106264181355527
"n=5000, N=n^2",flow-NPE,A,3.0242695168121374,17.691304109287493
"n=5000, N=n^2",flow-NPE,A,3.024939469260307,17.279274977304542
"n=5000, N=n^2",flow-NPE,A,3.025609421708476,16.87087820882228
"n=5000, N=n^2",flow-NPE,A,3.026279374156645,16.46468384240101
"n=5000, N=n^2",flow-NPE,A,3.0269493266048144,16.05752104026018
"n=5000, N=n^2",flow-NPE,A,3.0276192790529834,15.645191346236446
"n=5000, N=n^2",flow-NPE,A,3.0282892315011525,15.223367905993268
"n=5000, N=n^2",flow-NPE,A,3.028959183949322,14.78845425637185
"n=5000, N=n^2",flow-NPE,A,3.029629136397491,14.338183129050687
"n=5000, N=n^2",flow-NPE,A,3.03029908884566,13.8718496644486
"n=5000, N=n^2",flow-NPE,A,3.0309690412938295,13.390231814485727
"n=5000, N=n^2",flow-NPE,A,3.0316389937419985,12.895357887745977
"n=5000, N=n^2",flow-NPE,A,3.0323089461901676,12.390275555816428
"n=5000, N=n^2",flow-NPE,A,3.032978898638337,11.878875234544731
"n=5000, N=n^2",flow-NPE,A,3.033648851086506,11.365706923197216
"n=5000, N=n^2",flow-NPE,A,3.0343188035346755,10.855690898937178
"n=5000, N=n^2",flow-NPE,A,3.0349887559828446,10.353685240883499
"n=5000, N=n^2",flow-NPE,A,3.0356587084310136,9.863983378694625
"n=5000, N=n^2",flow-NPE,A,3.036328660879183,9.389883537461191
"n=5000, N=n^2",flow-NPE,A,3.036998613327352,8.93344603230344
"n=5000, N=n^2",flow-NPE,A,3.037668565775521,8.495458197261062
"n=5000, N=n^2",flow-NPE,A,3.0383385182236906,8.075539308563023
"n=5000, N=n^2",flow-NPE,A,3.0390084706718596,7.672305416037594
"n=5000, N=n^2",flow-NPE,A,3.0396784231200287,7.283574533869625
"n=5000, N=n^2",flow-NPE,A,3.040348375568198,6.906658941295558
"n=5000, N=n^2",flow-NPE,A,3.041018328016367,6.538789797370683
"n=5000, N=n^2",flow-NPE,A,3.041688280464536,6.17763512450115
"n=5000, N=n^2",flow-NPE,A,3.0423582329127057,5.821766404345078
"n=5000, N=n^2",flow-NPE,A,3.0430281853608747,5.470891906376709
"n=5000, N=n^2",flow-NPE,A,3.0436981378090437,5.1257536678581594
"n=5000, N=n^2",flow-NPE,A,3.044368090257213,4.787742995112782
"n=5000, N=n^2",flow-NPE,A,3.0450380427053823,4.458428660835895
"n=5000, N=n^2",flow-NPE,A,3.0457079951535517,4.139222720198913
"n=5000, N=n^2",flow-NPE,A,3.0463779476017208,3.831311717534081
"n=5000, N=n^2",flow-NPE,A,3.04704790004989,3.535818584246459
"n=5000, N=n^2",flow-NPE,A,3.0477178524980593,3.2540323270004197
"n=5000, N=n^2",flow-NPE,A,3.0483878049462283,2.9875195196656392
"n=5000, N=n^2",flow-NPE,A,3.0490577573943973,2.7380153358321415
"n=5000, N=n^2",flow-NPE,A,3.049727709842567,2.507122918991729
"n=5000, N=n^2",flow-NPE,A,3.050397662290736,2.295951384415765
"n=5000, N=n^2",flow-NPE,A,3.051067614738905,2.104846243635996
"n=5000, N=n^2",flow-NPE,A,3.0517375671870743,1.9333117679442045
"n=5000, N=n^2",flow-NPE,A,3.0524075196352434,1.7801310078540185
"n=5000, N=n^2",flow-NPE,A,3.0530774720834124,1.6436052662316945
"n=5000, N=n^2",flow-NPE,A,3.053747424531582,1.5217971257783058
"n=5000, N=n^2",flow-NPE,A,3.054417376979751,1.4126812258050157
"n=5000, N=n^2",flow-NPE,A,3.05508732942792,1.3141716673628656
"n=5000, N=n^2",flow-NPE,A,3.0557572818760894,1.2240732367963556
"n=5000, N=n^2",flow-NPE,A,3.0564272343242584,1.1400581730231287
"n=5000, N=n^2",flow-NPE,A,3.0570971867724275,1.0597716664851526
"n=5000, N=n^2",flow-NPE,A,3.057767139220597,0.9811107557931648
"n=5000, N=n^2",flow-NPE,A,3.058437091668766,0.9026251758430559
"n=5000, N=n^2",flow-NPE,A,3.0591070441169355,0.8238998647763313
"n=5000, N=n^2",flow-NPE,A,3.0597769965651045,0.7457443746619351
"n=5000, N=n^2",flow-NPE,A,3.0604469490132735,0.670059410913495
"n=5000, N=n^2",flow-NPE,A,3.061116901461443,0.5993630958698531
"n=5000, N=n^2",flow-NPE,A,3.061786853909612,0.5360935978293371
"n=5000, N=n^2",flow-NPE,A,3.062456806357781,0.4819020700489939
"n=5000, N=n^2",flow-NPE,A,3.0631267588059505,0.43716690698926647
"n=5000, N=n^2",flow-NPE,A,3.0637967112541196,0.4008885697053378
"n=5000, N=n^2",Gaussian-NPE,A,2.9304761740684513,0.45579085797613866
"n=5000, N=n^2",Gaussian-NPE,A,2.9311461265166203,0.5094617111789127
"n=5000, N=n^2",Gaussian-NPE,A,2.93181607896479,0.568098415643928
"n=5000, N=n^2",Gaussian-NPE,A,2.932486031412959,0.6309027485877134
"n=5000, N=n^2",Gaussian-NPE,A,2.933155983861128,0.6969578362058569
"n=5000, N=n^2",Gaussian-NPE,A,2.9338259363092973,0.7655191787366173
"n=5000, N=n^2",Gaussian-NPE,A,2.9344958887574664,0.8362782980059483
"n=5000, N=n^2",Gaussian-NPE,A,2.9351658412056354,0.9095139824082435
"n=5000, N=n^2",Gaussian-NPE,A,2.935835793653805,0.9860915080527062
"n=5000, N=n^2",Gaussian-NPE,A,2.936505746101974,1.0673240956714483
"n=5000, N=n^2",Gaussian-NPE,A,2.9371756985501434,1.1547466588465647
"n=5000, N=n^2",Gaussian-NPE,A,2.9378456509983124,1.249857907714153
"n=5000, N=n^2",Gaussian-NPE,A,2.9385156034464814,1.353870477643414
"n=5000, N=n^2",Gaussian-NPE,A,2.939185555894651,1.4674885074111104
"n=5000, N=n^2",Gaussian-NPE,A,2.93985550834282,1.5907244984864546
"n=5000, N=n^2",Gaussian-NPE,A,2.940525460790989,1.7227770618430878
"n=5000, N=n^2",Gaussian-NPE,A,2.9411954132391585,1.8620097486428864
"n=5000, N=n^2",Gaussian-NPE,A,2.9418653656873275,2.0060825327009137
"n=5000, N=n^2",Gaussian-NPE,A,2.9425353181354965,2.1522769183203447
"n=5000, N=n^2",Gaussian-NPE,A,2.943205270583666,2.298017175166037
"n=5000, N=n^2",Gaussian-NPE,A,2.943875223031835,2.4415305635428366
"n=5000, N=n^2",Gaussian-NPE,A,2.944545175480004,2.5825268361511364
"n=5000, N=n^2",Gaussian-NPE,A,2.9452151279281735,2.7227355502562776
"n=5000, N=n^2",Gaussian-NPE,A,2.9458850803763426,2.8661389390894896
"n=5000, N=n^2",Gaussian-NPE,A,2.9465550328245116,3.0187860347525457
"n=5000, N=n^2",Gaussian-NPE,A,2.947224985272681,3.1881615333757587
"n=5000, N=n^2",Gaussian-NPE,A,2.94789493772085,3.3821874734900033
"n=5000, N=n^2",Gaussian-NPE,A,2.9485648901690196,3.6080278226513145
"n=5000, N=n^2",Gaussian-NPE,A,2.9492348426171886,3.8709196895519713
"n=5000, N=n^2",Gaussian-NPE,A,2.9499047950653576,4.173255570763427
"n=5000, N=n^2",Gaussian-NPE,A,2.950574747513527,4.514089440784396
"n=5000, N=n^2",Gaussian-NPE,A,2.951244699961696,4.889150879410488
"n=5000, N=n^2",Gaussian-NPE,A,2.951914652409865,5.291351026066842
"n=5000, N=n^2",Gaussian-NPE,A,2.9525846048580346,5.711678845583468
"n=5000, N=n^2",Gaussian-NPE,A,2.9532545573062037,6.140334692940634
"n=5000, N=n^2",Gaussian-NPE,A,2.9539245097543727,6.567933846359935
"n=5000, N=n^2",Gaussian-NPE,A,2.954594462202542,6.986623955714234
"n=5000, N=n^2",Gaussian-NPE,A,2.955264414650711,7.39098013298891
"n=5000, N=n^2",Gaussian-NPE,A,2.9559343670988802,7.77856063464955
"n=5000, N=n^2",Gaussian-NPE,A,2.9566043195470497,8.150031565174809
"n=5000, N=n^2",Gaussian-NPE,A,2.9572742719952188,8.508817856219295
"n=5000, N=n^2",Gaussian-NPE,A,2.957944224443388,8.860320148199865
"n=5000, N=n^2",Gaussian-NPE,A,2.9586141768915573,9.210840107170643
"n=5000, N=n^2",Gaussian-NPE,A,2.9592841293397263,9.56644293696449
"n=5000, N=n^2",Gaussian-NPE,A,2.9599540817878953,9.932012635222595
"n=5000, N=n^2",Gaussian-NPE,A,2.960624034236065,10.310701456168465
"n=5000, N=n^2",Gaussian-NPE,A,2.961293986684234,10.703855555044969
"n=5000, N=n^2",Gaussian-NPE,A,2.9619639391324033,11.111358653095959
"n=5000, N=n^2",Gaussian-NPE,A,2.9626338915805723,11.53222388614489
"n=5000, N=n^2",Gaussian-NPE,A,2.9633038440287414,11.965210862340095
"n=5000, N=n^2",Gaussian-NPE,A,2.963973796476911,12.409255110458282
"n=5000, N=n^2",Gaussian-NPE,A,2.96464374892508,12.863560178965793
"n=5000, N=n^2",Gaussian-NPE,A,2.965313701373249,13.327305465601166
"n=5000, N=n^2",Gaussian-NPE,A,2.9659836538214184,13.799050687462639
"n=5000, N=n^2",Gaussian-NPE,A,2.9666536062695874,14.276045644062204
"n=5000, N=n^2",Gaussian-NPE,A,2.9673235587177564,14.753740801119246
"n=5000, N=n^2",Gaussian-NPE,A,2.967993511165926,15.225794178048917
"n=5000, N=n^2",Gaussian-NPE,A,2.968663463614095,15.68475601101852
"n=5000, N=n^2",Gaussian-NPE,A,2.969333416062264,16.12339941295272
"n=5000, N=n^2",Gaussian-NPE,A,2.9700033685104335,16.536414062374448
"n=5000, N=n^2",Gaussian-NPE,A,2.9706733209586025,16.92198045276853
"n=5000, N=n^2",Gaussian-NPE,A,2.9713432734067715,17.28267944629267
"n=5000, N=n^2",Gaussian-NPE,A,2.972013225854941,17.62531276489166
"n=5000, N=n^2",Gaussian-NPE,A,2.97268317830311,17.959501174154976
"n=5000, N=n^2",Gaussian-NPE,A,2.9733531307512795,18.29531017195928
"n=5000, N=n^2",Gaussian-NPE,A,2.9740230831994485,18.6405021447509
"n=5000, N=n^2",Gaussian-NPE,A,2.9746930356476176,18.998195213428946
"n=5000, N=n^2",Gaussian-NPE,A,2.975362988095787,19.365633436627615
"n=5000, N=n^2",Gaussian-NPE,A,2.976032940543956,19.73444357242943
"n=5000, N=n^2",Gaussian-NPE,A,2.976702892992125,20.092279114687308
"n=5000, N=n^2",Gaussian-NPE,A,2.9773728454402946,20.425312880564015
"n=5000, N=n^2",Gaussian-NPE,A,2.9780427978884636,20.72081049464146
"n=5000, N=n^2",Gaussian-NPE,A,2.9787127503366326,20.969086673413365
"n=5000, N=n^2",Gaussian-NPE,A,2.979382702784802,21.1644683590663
"n=5000, N=n^2",Gaussian-NPE,A,2.980052655232971,21.305302372790873
"n=5000, N=n^2",Gaussian-NPE,A,2.98072260768114,21.39335309612387
"n=5000, N=n^2",Gaussian-NPE,A,2.9813925601293096,21.4330053741274
"n=5000, N=n^2",Gaussian-NPE,A,2.9820625125774787,21.430521435973077
"n=5000, N=n^2",Gaussian-NPE,A,2.9827324650256477,21.393332627431455
"n=5000, N=n^2",Gaussian-NPE,A,2.983402417473817,21.329167294336123
"n=5000, N=n^2",Gaussian-NPE,A,2.984072369921986,21.244858748467788
"n=5000, N=n^2",Gaussian-NPE,A,2.9847423223701552,21.14493399147184
"n=5000, N=n^2",Gaussian-NPE,A,2.9854122748183247,21.030400652341932
"n=5000, N=n^2",Gaussian-NPE,A,2.9860822272664937,20.898310139694395
"n=5000, N=n^2",Gaussian-NPE,A,2.9867521797146632,20.74252971379853
"n=5000, N=n^2",Gaussian-NPE,A,2.9874221321628323,20.55572100729116
"n=5000, N=n^2",Gaussian-NPE,A,2.9880920846110013,20.331986619000748
"n=5000, N=n^2",Gaussian-NPE,A,2.9887620370591708,20.069278730425527
"n=5000, N=n^2",Gaussian-NPE,A,2.98943198950734,19.770668559339448
"n=5000, N=n^2",Gaussian-NPE,A,2.990101941955509,19.443978190186947
"n=5000, N=n^2",Gaussian-NPE,A,2.9907718944036783,19.099904040524333
"n=5000, N=n^2",Gaussian-NPE,A,2.9914418468518473,18.749330085579118
"n=5000, N=n^2",Gaussian-NPE,A,2.9921117993000164,18.40078918816766
"n=5000, N=n^2",Gaussian-NPE,A,2.992781751748186,18.058889597196888
"n=5000, N=n^2",Gaussian-NPE,A,2.993451704196355,17.72407986331629
"n=5000, N=n^2",Gaussian-NPE,A,2.994121656644524,17.39360297380215
"n=5000, N=n^2",Gaussian-NPE,A,2.9947916090926934,17.063113978458443
"n=5000, N=n^2",Gaussian-NPE,A,2.9954615615408624,16.728322751591
"n=5000, N=n^2",Gaussian-NPE,A,2.9961315139890314,16.386153441040378
"n=5000, N=n^2",Gaussian-NPE,A,2.996801466437201,16.035171160675567
"n=5000, N=n^2",Gaussian-NPE,A,2.99747141888537,15.675291935502079
"n=5000, N=n^2",Gaussian-NPE,A,2.9981413713335394,15.306991357501602
"n=5000, N=n^2",Gaussian-NPE,A,2.9988113237817084,14.930343875879162
"n=5000, N=n^2",Gaussian-NPE,A,2.9994812762298775,14.544262597360468
"n=5000, N=n^2",Gaussian-NPE,A,3.000151228678047,14.146263013820207
"n=5000, N=n^2",Gaussian-NPE,A,3.000821181126216,13.732928525248067
"n=5000, N=n^2",Gaussian-NPE,A,3.001491133574385,13.301019153299967
"n=5000, N=n^2",Gaussian-NPE,A,3.0021610860225545,12.848898050483097
"n=5000, N=n^2",Gaussian-NPE,A,3.0028310384707235,12.377760942598
"n=5000, N=n^2",Gaussian-NPE,A,3.0035009909188926,11.892148551195076
"n=5000, N=n^2",Gaussian-NPE,A,3.004170943367062,11.399442928533135
"n=5000, N=n^2",Gaussian-NPE,A,3.004840895815231,10.908430722665985
"n=5000, N=n^2",Gaussian-NPE,A,3.0055108482634,10.427402592944969
"n=5000, N=n^2",Gaussian-NPE,A,3.0061808007115696,9.962468424854587
"n=5000, N=n^2",Gaussian-NPE,A,3.0068507531597386,9.516691636239914
"n=5000, N=n^2",Gaussian-NPE,A,3.0075207056079076,9.09030437488496
"n=5000, N=n^2",Gaussian-NPE,A,3.008190658056077,8.681810426709621
"n=5000, N=n^2",Gaussian-NPE,A,3.008860610504246,8.289423837749297
"n=5000, N=n^2",Gaussian-NPE,A,3.009530562952415,7.912191816121702
"n=5000, N=n^2",Gaussian-NPE,A,3.0102005154005846,7.550346575703877
"n=5000, N=n^2",Gaussian-NPE,A,3.0108704678487537,7.204817497499935
"n=5000, N=n^2",Gaussian-NPE,A,3.011540420296923,6.876223859208823
"n=5000, N=n^2",Gaussian-NPE,A,3.012210372745092,6.563882760504541
"n=5000, N=n^2",Gaussian-NPE,A,3.012880325193261,6.2653243146569855
"n=5000, N=n^2",Gaussian-NPE,A,3.0135502776414307,5.976548704182202
"n=5000, N=n^2",Gaussian-NPE,A,3.0142202300895997,5.692922495363249
"n=5000, N=n^2",Gaussian-NPE,A,3.0148901825377687,5.410351420039155
"n=5000, N=n^2",Gaussian-NPE,A,3.0155601349859382,5.126287836945377
"n=5000, N=n^2",Gaussian-NPE,A,3.0162300874341073,4.840243266108814
"n=5000, N=n^2",Gaussian-NPE,A,3.0169000398822763,4.553702888489098
"n=5000, N=n^2",Gaussian-NPE,A,3.0175699923304458,4.269563864522556
"n=5000, N=n^2",Gaussian-NPE,A,3.018239944778615,3.991348544169333
"n=5000, N=n^2",Gaussian-NPE,A,3.018909897226784,3.7224460175502556
"n=5000, N=n^2",Gaussian-NPE,A,3.0195798496749533,3.4655460736468418
"n=5000, N=n^2",Gaussian-NPE,A,3.0202498021231223,3.2223177963360805
"n=5000, N=n^2",Gaussian-NPE,A,3.020919754571292,2.993309698903668
"n=5000, N=n^2",Gaussian-NPE,A,3.021589707019461,2.7780280945691724
"n=5000, N=n^2",Gaussian-NPE,A,3.02225965946763,2.5751634043853593
"n=5000, N=n^2",Gaussian-NPE,A,3.0229296119157993,2.382942847517872
"n=5000, N=n^2",Gaussian-NPE,A,3.0235995643639684,2.1995698105154147
"n=5000, N=n^2",Gaussian-NPE,A,3.0242695168121374,2.0236724320719133
"n=5000, N=n^2",Gaussian-NPE,A,3.024939469260307,1.8546554327671296
"n=5000, N=n^2",Gaussian-NPE,A,3.025609421708476,1.6928572812018732
"n=5000, N=n^2",Gaussian-NPE,A,3.026279374156645,1.539464963802896
"n=5000, N=n^2",Gaussian-NPE,A,3.0269493266048144,1.3962110524709508
"n=5000, N=n^2",Gaussian-NPE,A,3.0276192790529834,1.2649406926089282
"n=5000, N=n^2",Gaussian-NPE,A,3.0282892315011525,1.1471652763176063
"n=5000, N=n^2",Gaussian-NPE,A,3.028959183949322,1.0437096510135457
"n=5000, N=n^2",Gaussian-NPE,A,3.029629136397491,0.9545223767130903
"n=5000, N=n^2",Gaussian-NPE,A,3.03029908884566,0.8786713147857942
"n=5000, N=n^2",Gaussian-NPE,A,3.0309690412938295,0.8145031074408746
"n=5000, N=n^2",Gaussian-NPE,A,3.0316389937419985,0.7599116220688052
"n=5000, N=n^2",Gaussian-NPE,A,3.0323089461901676,0.7126409344512762
"n=5000, N=n^2",Gaussian-NPE,A,3.032978898638337,0.6705472312786879
"n=5000, N=n^2",Gaussian-NPE,A,3.033648851086506,0.6317645522324262
"n=5000, N=n^2",Gaussian-NPE,A,3.0343188035346755,0.594758611903193
"n=5000, N=n^2",Gaussian-NPE,A,3.0349887559828446,0.5582980067923762
"n=5000, N=n^2",Gaussian-NPE,A,3.0356587084310136,0.5214031288630617
"n=5000, N=n^2",Gaussian-NPE,A,3.036328660879183,0.4833336650750114
"n=5000, N=n^2",Gaussian-NPE,A,3.036998613327352,0.4436434561240142
"n=5000, N=n^2",Gaussian-NPE,A,3.037668565775521,0.40228238477144995
"n=5000, N=n^2",Gaussian-NPE,A,3.0383385182236906,0.3596852052521664
"n=5000, N=n^2",Gaussian-NPE,A,3.0390084706718596,0.31677923794860174
"n=5000, N=n^2",Gaussian-NPE,A,3.0396784231200287,0.27487198585842687
"n=5000, N=n^2",Gaussian-NPE,A,3.040348375568198,0.2354309063898239
"n=5000, N=n^2",Gaussian-NPE,A,3.041018328016367,0.19981408260520186
"n=5000, N=n^2",Gaussian-NPE,A,3.041688280464536,0.16902947265044563
"n=5000, N=n^2",Gaussian-NPE,A,3.0423582329127057,0.14358509984058834
"n=5000, N=n^2",Gaussian-NPE,A,3.0430281853608747,0.12345458313863059
"n=5000, N=n^2",Gaussian-NPE,A,3.0436981378090437,0.10814297190546206
"n=5000, N=n^2",Gaussian-NPE,A,3.044368090257213,0.09681464045145634
"n=5000, N=n^2",Gaussian-NPE,A,3.0450380427053823,0.08844330387206038
"n=5000, N=n^2",Gaussian-NPE,A,3.0457079951535517,0.08195682587890706
"n=5000, N=n^2",Gaussian-NPE,A,3.0463779476017208,0.07636396077112631
"n=5000, N=n^2",Gaussian-NPE,A,3.04704790004989,0.0708575919789461
"n=5000, N=n^2",Gaussian-NPE,A,3.0477178524980593,0.06488853315700513
"n=5000, N=n^2",Gaussian-NPE,A,3.0483878049462283,0.05820107355113833
"n=5000, N=n^2",Gaussian-NPE,A,3.0490577573943973,0.050822655108389556
"n=5000, N=n^2",Gaussian-NPE,A,3.049727709842567,0.04300786059981998
"n=5000, N=n^2",Gaussian-NPE,A,3.050397662290736,0.03514844126579081
"n=5000, N=n^2",Gaussian-NPE,A,3.051067614738905,0.027670650476194724
"n=5000, N=n^2",Gaussian-NPE,A,3.0517375671870743,0.020943847979217126
"n=5000, N=n^2",Gaussian-NPE,A,3.0524075196352434,0.01521902183349739
"n=5000, N=n^2",Gaussian-NPE,A,3.0530774720834124,0.010605210692005733
"n=5000, N=n^2",Gaussian-NPE,A,3.053747424531582,0.007080417902823307
"n=5000, N=n^2",Gaussian-NPE,A,3.054417376979751,0.004525584260704541
"n=5000, N=n^2",Gaussian-NPE,A,3.05508732942792,0.0027674442084901735
"n=5000, N=n^2",Gaussian-NPE,A,3.0557572818760894,0.0016181285764966143
"n=5000, N=n^2",Gaussian-NPE,A,3.0564272343242584,0.0009041471789179714
"n=5000, N=n^2",Gaussian-NPE,A,3.0570971867724275,0.00048254158916276704
"n=5000, N=n^2",Gaussian-NPE,A,3.057767139220597,0.0002458614528211209
"n=5000, N=n^2",Gaussian-NPE,A,3.058437091668766,0.00011953875470956008
"n=5000, N=n^2",Gaussian-NPE,A,3.0591070441169355,5.543753026480962e-05
"n=5000, N=n^2",Gaussian-NPE,A,3.0597769965651045,2.4513318068178895e-05
"n=5000, N=n^2",Gaussian-NPE,A,3.0604469490132735,1.0330987465024804e-05
"n=5000, N=n^2",Gaussian-NPE,A,3.061116901461443,4.148335766948681e-06
"n=5000, N=n^2",Gaussian-NPE,A,3.061786853909612,1.5865783579162596e-06
"n=5000, N=n^2",Gaussian-NPE,A,3.062456806357781,5.778034684307406e-07
"n=5000, N=n^2",Gaussian-NPE,A,3.0631267588059505,2.0031663562647995e-07
"n=5000, N=n^2",Gaussian-NPE,A,3.0637967112541196,6.609531680095967e-08
"n=5000, N=n^2",Reference (flow convention),B,0.8679380541324615,6.448524501946565e-10
"n=5000, N=n^2",Reference (flow convention),B,0.8693495863866566,2.6653085661337576e-09
"n=5000, N=n^2",Reference (flow convention),B,0.8707611186408517,1.0323885518547398e-08
"n=5000, N=n^2",Reference (flow convention),B,0.8721726508950468,3.7475497682989664e-08
"n=5000, N=n^2",Reference (flow convention),B,0.8735841831492419,1.2748532114488838e-07
"n=5000, N=n^2",Reference (flow convention),B,0.874995715403437,4.064260156546791e-07
"n=5000, N=n^2",Reference (flow convention),B,0.8764072476576321,1.2142590842384283e-06
"n=5000, N=n^2",Reference (flow convention),B,0.8778187799118272,3.3997717976746356e-06
"n=5000, N=n^2",Reference (flow convention),B,0.8792303121660222,8.920654448151007e-06
"n=5000, N=n^2",Reference (flow convention),B,0.8806418444202173,2.193573600665965e-05
"n=5000, N=n^2",Reference (flow convention),B,0.8820533766744124,5.054942838950432e-05
"n=5000, N=n^2",Reference (flow convention),B,0.8834649089286075,0.00010916636042629904
"n=5000, N=n^2",Reference (flow convention),B,0.8848764411828026,0.00022093776571615304
"n=5000, N=n^2",Reference (flow convention),B,0.8862879734369977,0.000419044001739623
"n=5000, N=n^2",Reference (flow convention),B,0.8876995056911928,0.0007448311709614787
"n=5000, N=n^2",Reference (flow convention),B,0.8891110379453879,0.0012406937743936488
"n=5000, N=n^2",Reference (flow convention),B,0.890522570199583,0.0019367782896819621
"n=5000, N=n^2",Reference (flow convention),B,0.8919341024537781,0.002833373076390922
"n=5000, N=n^2",Reference (flow convention),B,0.8933456347079732,0.003884509422689723
"n=5000, N=n^2",Reference (flow convention),B,0.8947571669621683,0.004990880841558098
"n=5000, N=n^2",Reference (flow convention),B,0.8961686992163634,0.006009342794301727
"n=5000, N=n^2",Reference (flow convention),B,0.8975802314705585,0.006780879562046451
"n=5000, N=n^2",Reference (flow convention),B,0.8989917637247536,0.007170610969174915
"n=5000, N=n^2",Reference (flow convention),B,0.9004032959789487,0.0071063017331767986
"n=5000, N=n^2",Reference (flow convention),B,0.9018148282331437,0.006600401864688486
"n=5000, N=n^2",Reference (flow convention),B,0.9032263604873388,0.005746627704375517
"n=5000, N=n^2",Reference (flow convention),B,0.9046378927415339,0.004692898455894248
"n=5000, N=n^2",Reference (flow convention),B,0.906049424995729,0.003602489855139901
"n=5000, N=n^2",Reference (flow convention),B,0.9074609572499241,0.00261947417733902
"n=5000, N=n^2",Reference (flow convention),B,0.9088724895041193,0.0018513872182841194
"n=5000, N=n^2",Reference (flow convention),B,0.9102840217583144,0.0013741398228960878
"n=5000, N=n^2",Reference (flow convention),B,0.9116955540125095,0.0012558322503965816
"n=5000, N=n^2",Reference (flow convention),B,0.9131070862667046,0.0015905934402810512
"n=5000, N=n^2",Reference (flow convention),B,0.9145186185208997,0.002531596471434097
"n=5000, N=n^2",Reference (flow convention),B,0.9159301507750948,0.004312952513559454
"n=5000, N=n^2",Reference (flow convention),B,0.9173416830292899,0.007252186690744636
"n=5000, N=n^2",Reference (flow convention),B,0.918753215283485,0.011728439851145368
"n=5000, N=n^2",Reference (flow convention),B,0.9201647475376801,0.01813703804317234
"n=5000, N=n^2",Reference (flow convention),B,0.9215762797918752,0.02682845222079233
"n=5000, N=n^2",Reference (flow convention),B,0.9229878120460702,0.03804691969614407
"n=5000, N=n^2",Reference (flow convention),B,0.9243993443002653,0.051887669910925964
"n=5000, N=n^2",Reference (flow convention),B,0.9258108765544604,0.06828876187399267
"n=5000, N=n^2",Reference (flow convention),B,0.9272224088086555,0.08706355818926109
"n=5000, N=n^2",Reference (flow convention),B,0.9286339410628506,0.10796599916239075
"n=5000, N=n^2",Reference (flow convention),B,0.9300454733170457,0.130768875692244
"n=5000, N=n^2",Reference (flow convention),B,0.9314570055712408,0.15533084686503595
"n=5000, N=n^2",Reference (flow convention),B,0.9328685378254359,0.18163328273334478
"n=5000, N=n^2",Reference (flow convention),B,0.934280070079631,0.20978038907177682
"n=5000, N=n^2",Reference (flow convention),B,0.9356916023338261,0.23996897672005907
"n=5000, N=n^2",Reference (flow convention),B,0.9371031345880212,0.2724413039056727
"n=5000, N=n^2",Reference (flow convention),B,0.9385146668422163,0.3074335491694252
"n=5000, N=n^2",Reference (flow convention),B,0.9399261990964114,0.34512703344980344
"n=5000, N=n^2",Reference (flow convention),B,0.9413377313506065,0.3856052021644136
"n=5000, N=n^2",Reference (flow convention),B,0.9427492636048016,0.4288202345118654
"n=5000, N=n^2",Reference (flow convention),B,0.9441607958589966,0.474577695594463
"n=5000, N=n^2",Reference (flow convention),B,0.9455723281131918,0.5225513943702081
"n=5000, N=n^2",Reference (flow convention),B,0.9469838603673868,0.5723400545260452
"n=5000, N=n^2",Reference (flow convention),B,0.9483953926215819,0.6235726086167973
"n=5000, N=n^2",Reference (flow convention),B,0.949806924875777,0.6760618402183036
"n=5000, N=n^2",Reference (flow convention),B,0.9512184571299721,0.7299964053988444
"n=5000, N=n^2",Reference (flow convention),B,0.9526299893841672,0.786144903021197
"n=5000, N=n^2",Reference (flow convention),B,0.9540415216383623,0.8460198758071337
"n=5000, N=n^2",Reference (flow convention),B,0.9554530538925574,0.9119218546442593
"n=5000, N=n^2",Reference (flow convention),B,0.9568645861467525,0.9867749938929357
"n=5000, N=n^2",Reference (flow convention),B,0.9582761184009476,1.0737014363169928
"n=5000, N=n^2",Reference (flow convention),B,0.9596876506551427,1.1753693230039184
"n=5000, N=n^2",Reference (flow convention),B,0.9610991829093378,1.2932643744455232
"n=5000, N=n^2",Reference (flow convention),B,0.9625107151635329,1.42712402031019
"n=5000, N=n^2",Reference (flow convention),B,0.963922247417728,1.5747816486612058
"n=5000, N=n^2",Reference (flow convention),B,0.965333779671923,1.7325729927034235
"n=5000, N=n^2",Reference (flow convention),B,0.9667453119261182,1.896279635336688
"n=5000, N=n^2",Reference (flow convention),B,0.9681568441803132,2.062385709118594
"n=5000, N=n^2",Reference (flow convention),B,0.9695683764345083,2.229275112950998
"n=5000, N=n^2",Reference (flow convention),B,0.9709799086887034,2.397958133994628
"n=5000, N=n^2",Reference (flow convention),B,0.9723914409428985,2.5720193298485117
"n=5000, N=n^2",Reference (flow convention),B,0.9738029731970936,2.7567115016671235
"n=5000, N=n^2",Reference (flow convention),B,0.9752145054512887,2.95742018081425
"n=5000, N=n^2",Reference (flow convention),B,0.9766260377054838,3.177979972059468
"n=5000, N=n^2",Reference (flow convention),B,0.9780375699596789,3.4194191868732537
"n=5000, N=n^2",Reference (flow convention),B,0.979449102213874,3.6795745737944885
"n=5000, N=n^2",Reference (flow convention),B,0.9808606344680691,3.9536896162829143
"n=5000, N=n^2",Reference (flow convention),B,0.9822721667222643,4.235728608067108
"n=5000, N=n^2",Reference (flow convention),B,0.9836836989764594,4.519883714302771
"n=5000, N=n^2",Reference (flow convention),B,0.9850952312306545,4.801741317163964
"n=5000, N=n^2",Reference (flow convention),B,0.9865067634848496,5.078795242331831
"n=5000, N=n^2",Reference (flow convention),B,0.9879182957390447,5.350316855922079
"n=5000, N=n^2",Reference (flow convention),B,0.9893298279932397,5.616847011409292
"n=5000, N=n^2",Reference (flow convention),B,0.9907413602474348,5.879652819051194
"n=5000, N=n^2",Reference (flow convention),B,0.9921528925016299,6.140391285878693
"n=5000, N=n^2",Reference (flow convention),B,0.993564424755825,6.401027265307403
"n=5000, N=n^2",Reference (flow convention),B,0.9949759570100201,6.663875325391029
"n=5000, N=n^2",Reference (flow convention),B,0.9963874892642152,6.931553774392963
"n=5000, N=n^2",Reference (flow convention),B,0.9977990215184103,7.20668010625321
"n=5000, N=n^2",Reference (flow convention),B,0.9992105537726054,7.491276479435541
"n=5000, N=n^2",Reference (flow convention),B,1.0006220860268005,7.786028879401701
"n=5000, N=n^2",Reference (flow convention),B,1.0020336182809957,8.089668470597076
"n=5000, N=n^2",Reference (flow convention),B,1.0034451505351907,8.398741170687787
"n=5000, N=n^2",Reference (flow convention),B,1.0048566827893857,8.707882598389
"n=5000, N=n^2",Reference (flow convention),B,1.0062682150435809,9.010493122071232
"n=5000, N=n^2",Reference (flow convention),B,1.0076797472977759,9.299549569331875
"n=5000, N=n^2",Reference (flow convention),B,1.009091279551971,9.568306348942201
"n=5000, N=n^2",Reference (flow convention),B,1.010502811806166,9.810816724544857
"n=5000, N=n^2",Reference (flow convention),B,1.0119143440603613,10.022400432266778
"n=5000, N=n^2",Reference (flow convention),B,1.0133258763145563,10.20022509263421
"n=5000, N=n^2",Reference (flow convention),B,1.0147374085687515,10.343999911736573
"n=5000, N=n^2",Reference (flow convention),B,1.0161489408229465,10.456520140074769
"n=5000, N=n^2",Reference (flow convention),B,1.0175604730771417,10.543661421874559
"n=5000, N=n^2",Reference (flow convention),B,1.0189720053313367,10.613547136486337
"n=5000, N=n^2",Reference (flow convention),B,1.020383537585532,10.674961659783534
"n=5000, N=n^2",Reference (flow convention),B,1.021795069839727,10.735463704377116
"n=5000, N=n^2",Reference (flow convention),B,1.023206602093922,10.799844289830798
"n=5000, N=n^2",Reference (flow convention),B,1.024618134348117,10.869458834477483
"n=5000, N=n^2",Reference (flow convention),B,1.026029666602312,10.942593707879078
"n=5000, N=n^2",Reference (flow convention),B,1.0274411988565073,11.015586459586064
"n=5000, N=n^2",Reference (flow convention),B,1.0288527311107023,11.084123892128236
"n=5000, N=n^2",Reference (flow convention),B,1.0302642633648975,11.144138999591616
"n=5000, N=n^2",Reference (flow convention),B,1.0316757956190925,11.19201277067978
"n=5000, N=n^2",Reference (flow convention),B,1.0330873278732877,11.224200893031474
"n=5000, N=n^2",Reference (flow convention),B,1.0344988601274827,11.236717872037943
"n=5000, N=n^2",Reference (flow convention),B,1.035910392381678,11.224955631695838
"n=5000, N=n^2",Reference (flow convention),B,1.037321924635873,11.184088817749933
"n=5000, N=n^2",Reference (flow convention),B,1.0387334568900681,11.109979117690434
"n=5000, N=n^2",Reference (flow convention),B,1.0401449891442631,11.000234399059343
"n=5000, N=n^2",Reference (flow convention),B,1.0415565213984581,10.855021600332352
"n=5000, N=n^2",Reference (flow convention),B,1.0429680536526533,10.67735980784382
"n=5000, N=n^2",Reference (flow convention),B,1.0443795859068485,10.472829807208594
"n=5000, N=n^2",Reference (flow convention),B,1.0457911181610435,10.248820765178795
"n=5000, N=n^2",Reference (flow convention),B,1.0472026504152385,10.013531448304986
"n=5000, N=n^2",Reference (flow convention),B,1.0486141826694337,9.77494247042958
"n=5000, N=n^2",Reference (flow convention),B,1.0500257149236287,9.539905872000084
"n=5000, N=n^2",Reference (flow convention),B,1.051437247177824,9.313411549881017
"n=5000, N=n^2",Reference (flow convention),B,1.052848779432019,9.098043158134764
"n=5000, N=n^2",Reference (flow convention),B,1.0542603116862141,8.893656724461122
"n=5000, N=n^2",Reference (flow convention),B,1.0556718439404091,8.697377032716979
"n=5000, N=n^2",Reference (flow convention),B,1.0570833761946044,8.504041104430417
"n=5000, N=n^2",Reference (flow convention),B,1.0584949084487993,8.307162497150502
"n=5000, N=n^2",Reference (flow convention),B,1.0599064407029946,8.100337243838643
"n=5000, N=n^2",Reference (flow convention),B,1.0613179729571895,7.878819451641118
"n=5000, N=n^2",Reference (flow convention),B,1.0627295052113848,7.64085156385145
"n=5000, N=n^2",Reference (flow convention),B,1.0641410374655798,7.388317488633327
"n=5000, N=n^2",Reference (flow convention),B,1.0655525697197747,7.126427966940161
"n=5000, N=n^2",Reference (flow convention),B,1.06696410197397,6.862422086698039
"n=5000, N=n^2",Reference (flow convention),B,1.068375634228165,6.603598038973453
"n=5000, N=n^2",Reference (flow convention),B,1.0697871664823602,6.35525412529484
"n=5000, N=n^2",Reference (flow convention),B,1.0711986987365552,6.119211334555023
"n=5000, N=n^2",Reference (flow convention),B,1.0726102309907504,5.893435683532112
"n=5000, N=n^2",Reference (flow convention),B,1.0740217632449454,5.672908971209945
"n=5000, N=n^2",Reference (flow convention),B,1.0754332954991406,5.451437627810988
"n=5000, N=n^2",Reference (flow convention),B,1.0768448277533356,5.223727122402143
"n=5000, N=n^2",Reference (flow convention),B,1.0782563600075308,4.986950836205318
"n=5000, N=n^2",Reference (flow convention),B,1.0796678922617258,4.741270585478883
"n=5000, N=n^2",Reference (flow convention),B,1.081079424515921,4.4892331643549195
"n=5000, N=n^2",Reference (flow convention),B,1.082490956770116,4.234459404086809
"n=5000, N=n^2",Reference (flow convention),B,1.0839024890243112,3.9803189309959905
"n=5000, N=n^2",Reference (flow convention),B,1.0853140212785062,3.72920731859128
"n=5000, N=n^2",Reference (flow convention),B,1.0867255535327014,3.4826607823440834
"n=5000, N=n^2",Reference (flow convention),B,1.0881370857868964,3.2420701983848237
"n=5000, N=n^2",Reference (flow convention),B,1.0895486180410914,3.009449328021874
"n=5000, N=n^2",Reference (flow convention),B,1.0909601502952866,2.787727037468
"n=5000, N=n^2",Reference (flow convention),B,1.0923716825494816,2.5803386301477986
"n=5000, N=n^2",Reference (flow convention),B,1.0937832148036768,2.390298777358056
"n=5000, N=n^2",Reference (flow convention),B,1.0951947470578718,2.2192203363902165
"n=5000, N=n^2",Reference (flow convention),B,1.096606279312067,2.0667609116035415
"n=5000, N=n^2",Reference (flow convention),B,1.098017811566262,1.9307470051813196
"n=5000, N=n^2",Reference (flow convention),B,1.0994293438204572,1.8078865962230388
"n=5000, N=n^2",Reference (flow convention),B,1.1008408760746522,1.6947175488272677
"n=5000, N=n^2",Reference (flow convention),B,1.1022524083288474,1.588377140005262
"n=5000, N=n^2",Reference (flow convention),B,1.1036639405830424,1.4869281176033522
"n=5000, N=n^2",Reference (flow convention),B,1.1050754728372376,1.3892390385072142
"n=5000, N=n^2",Reference (flow convention),B,1.1064870050914326,1.294640415392661
"n=5000, N=n^2",Reference (flow convention),B,1.1078985373456276,1.2026463661252893
"n=5000, N=n^2",Reference (flow convention),B,1.1093100695998228,1.1129237179563474
"n=5000, N=n^2",Reference (flow convention),B,1.110721601854018,1.0254884995437095
"n=5000, N=n^2",Reference (flow convention),B,1.112133134108213,0.9409419801466515
"n=5000, N=n^2",Reference (flow convention),B,1.113544666362408,0.8605212397944263
"n=5000, N=n^2",Reference (flow convention),B,1.1149561986166032,0.7858442207340165
"n=5000, N=n^2",Reference (flow convention),B,1.1163677308707982,0.7184060772055805
"n=5000, N=n^2",Reference (flow convention),B,1.1177792631249934,0.6590295007096656
"n=5000, N=n^2",Reference (flow convention),B,1.1191907953791884,0.6075103544809632
"n=5000, N=n^2",Reference (flow convention),B,1.1206023276333836,0.5626174556527099
"n=5000, N=n^2",Reference (flow convention),B,1.1220138598875786,0.5224488271661543
"n=5000, N=n^2",Reference (flow convention),B,1.1234253921417738,0.48499500191336276
"n=5000, N=n^2",Reference (flow convention),B,1.1248369243959688,0.44868390421695764
"n=5000, N=n^2",Reference (flow convention),B,1.1262484566501638,0.4127120067515764
"n=5000, N=n^2",Reference (flow convention),B,1.127659988904359,0.3770801012739221
"n=5000, N=n^2",Reference (flow convention),B,1.1290715211585542,0.3423857057619731
"n=5000, N=n^2",Reference (flow convention),B,1.1304830534127492,0.3095082624233078
"n=5000, N=n^2",Reference (flow convention),B,1.1318945856669442,0.2793218134723581
"n=5000, N=n^2",Reference (flow convention),B,1.1333061179211394,0.25250105678535795
"n=5000, N=n^2",Reference (flow convention),B,1.1347176501753347,0.229408838806339
"n=5000, N=n^2",Reference (flow convention),B,1.1361291824295296,0.2100221482714986
"n=5000, N=n^2",Reference (flow convention),B,1.1375407146837246,0.19388259169184666
"n=5000, N=n^2",Reference (flow convention),B,1.1389522469379199,0.1801088512564678
"n=5000, N=n^2",Reference (flow convention),B,1.1403637791921148,0.16752707912191225
"n=5000, N=n^2",Reference (flow convention),B,1.14177531144631,0.15493278850332934
"n=5000, N=n^2",Reference (flow convention),B,1.143186843700505,0.14141807313218174
"n=5000, N=n^2",Reference (flow convention),B,1.1445983759547003,0.1266380682117324
"n=5000, N=n^2",Reference (flow convention),B,1.1460099082088953,0.11089760804889424
"n=5000, N=n^2",Reference (flow convention),B,1.1474214404630905,0.09501523116084237
"n=5000, N=n^2",Reference (flow convention),B,1.1488329727172855,0.08002349037526495
"n=5000, N=n^2",Reference (Gaussian convention),B,0.8679380541324615,0.0011238743084734295
"n=5000, N=n^2",Reference (Gaussian convention),B,0.8693495863866566,0.0019133121188020944
"n=5000, N=n^2",Reference (Gaussian convention),B,0.8707611186408517,0.003084856531397483
"n=5000, N=n^2",Reference (Gaussian convention),B,0.8721726508950468,0.004717289681153816
"n=5000, N=n^2",Reference (Gaussian convention),B,0.8735841831492419,0.00685434719082507
"n=5000, N=n^2",Reference (Gaussian convention),B,0.874995715403437,0.009486074575639759
"n=5000, N=n^2",Reference (Gaussian convention),B,0.8764072476576321,0.012541634727217296
"n=5000, N=n^2",Reference (Gaussian convention),B,0.8778187799118272,0.015899450170078457
"n=5000, N=n^2",Reference (Gaussian convention),B,0.8792303121660222,0.01941459855661279
"n=5000, N=n^2",Reference (Gaussian convention),B,0.8806418444202173,0.02295640900046055
"n=5000, N=n^2",Reference (Gaussian convention),B,0.8820533766744124,0.02644494040307201
"n=5000, N=n^2",Reference (Gaussian convention),B,0.8834649089286075,0.02987595493018608
"n=5000, N=n^2",Reference (Gaussian convention),B,0.8848764411828026,0.03332953891461869
"n=5000, N=n^2",Reference (Gaussian convention),B,0.8862879734369977,0.036964229515648685
"n=5000, N=n^2",Reference (Gaussian convention),B,0.8876995056911928,0.041002462879313264
"n=5000, N=n^2",Reference (Gaussian convention),B,0.8891110379453879,0.04571270267038937
"n=5000, N=n^2",Reference (Gaussian convention),B,0.890522570199583,0.051390235473547104
"n=5000, N=n^2",Reference (Gaussian convention),B,0.8919341024537781,0.05833545603514669
"n=5000, N=n^2",Reference (Gaussian convention),B,0.8933456347079732,0.06682771366546121
"n=5000, N=n^2",Reference (Gaussian convention),B,0.8947571669621683,0.077094383358727
"n=5000, N=n^2",Reference (Gaussian convention),B,0.8961686992163634,0.08927724627344409
"n=5000, N=n^2",Reference (Gaussian convention),B,0.8975802314705585,0.10340047341900777
"n=5000, N=n^2",Reference (Gaussian convention),B,0.8989917637247536,0.11934688357922305
"n=5000, N=n^2",Reference (Gaussian convention),B,0.9004032959789487,0.13685237451877538
"n=5000, N=n^2",Reference (Gaussian convention),B,0.9018148282331437,0.15553136287998068
"n=5000, N=n^2",Reference (Gaussian convention),B,0.9032263604873388,0.17494503046102924
"n=5000, N=n^2",Reference (Gaussian convention),B,0.9046378927415339,0.1947151964974819
"n=5000, N=n^2",Reference (Gaussian convention),B,0.906049424995729,0.21466953263301097
"n=5000, N=n^2",Reference (Gaussian convention),B,0.9074609572499241,0.23498462815198035
"n=5000, N=n^2",Reference (Gaussian convention),B,0.9088724895041193,0.25628217748587323
"n=5000, N=n^2",Reference (Gaussian convention),B,0.9102840217583144,0.27963833094395407
"n=5000, N=n^2",Reference (Gaussian convention),B,0.9116955540125095,0.30648724338362293
"n=5000, N=n^2",Reference (Gaussian convention),B,0.9131070862667046,0.33842878950629257
"n=5000, N=n^2",Reference (Gaussian convention),B,0.9145186185208997,0.37697579514908175
"n=5000, N=n^2",Reference (Gaussian convention),B,0.9159301507750948,0.4232904711196182
"n=5000, N=n^2",Reference (Gaussian convention),B,0.9173416830292899,0.47796284239445896
"n=5000, N=n^2",Reference (Gaussian convention),B,0.918753215283485,0.5408798340093656
"n=5000, N=n^2",Reference (Gaussian convention),B,0.9201647475376801,0.6112241609019965
"n=5000, N=n^2",Reference (Gaussian convention),B,0.9215762797918752,0.6876238363732
"n=5000, N=n^2",Reference (Gaussian convention),B,0.9229878120460702,0.7684411048660068
"n=5000, N=n^2",Reference (Gaussian convention),B,0.9243993443002653,0.8521459844329021
"n=5000, N=n^2",Reference (Gaussian convention),B,0.9258108765544604,0.9376786889207116
"n=5000, N=n^2",Reference (Gaussian convention),B,0.9272224088086555,1.0246894982549977
"n=5000, N=n^2",Reference (Gaussian convention),B,0.9286339410628506,1.1135719705660136
"n=5000, N=n^2",Reference (Gaussian convention),B,0.9300454733170457,1.2052751014684941
"n=5000, N=n^2",Reference (Gaussian convention),B,0.9314570055712408,1.3009681413803091
"n=5000, N=n^2",Reference (Gaussian convention),B,0.9328685378254359,1.4016992837859559
"n=5000, N=n^2",Reference (Gaussian convention),B,0.934280070079631,1.5082001910431888
"n=5000, N=n^2",Reference (Gaussian convention),B,0.9356916023338261,1.6209277200920769
"n=5000, N=n^2",Reference (Gaussian convention),B,0.9371031345880212,1.7403202227590504
"n=5000, N=n^2",Reference (Gaussian convention),B,0.9385146668422163,1.867126911387098
"n=5000, N=n^2",Reference (Gaussian convention),B,0.9399261990964114,2.0026067176256683
"n=5000, N=n^2",Reference (Gaussian convention),B,0.9413377313506065,2.1484332303617006
"n=5000, N=n^2",Reference (Gaussian convention),B,0.9427492636048016,2.306283224451616
"n=5000, N=n^2",Reference (Gaussian convention),B,0.9441607958589966,2.477267068784828
"n=5000, N=n^2",Reference (Gaussian convention),B,0.9455723281131918,2.6614811573044075
"n=5000, N=n^2",Reference (Gaussian convention),B,0.9469838603673868,2.85794235496302
"n=5000, N=n^2",Reference (Gaussian convention),B,0.9483953926215819,3.0649920996317377
"n=5000, N=n^2",Reference (Gaussian convention),B,0.949806924875777,3.2810159974867745
"n=5000, N=n^2",Reference (Gaussian convention),B,0.9512184571299721,3.5051488199896395
"n=5000, N=n^2",Reference (Gaussian convention),B,0.9526299893841672,3.737630270446256
"n=5000, N=n^2",Reference (Gaussian convention),B,0.9540415216383623,3.979649076776085
"n=5000, N=n^2",Reference (Gaussian convention),B,0.9554530538925574,4.23276077614252
"n=5000, N=n^2",Reference (Gaussian convention),B,0.9568645861467525,4.498146385239769
"n=5000, N=n^2",Reference (Gaussian convention),B,0.9582761184009476,4.776005196714372
"n=5000, N=n^2",Reference (Gaussian convention),B,0.9596876506551427,5.065259598224651
"n=5000, N=n^2",Reference (Gaussian convention),B,0.9610991829093378,5.363588929697655
"n=5000, N=n^2",Reference (Gaussian convention),B,0.9625107151635329,5.667704587466609
"n=5000, N=n^2",Reference (Gaussian convention),B,0.963922247417728,5.97376794553022
"n=5000, N=n^2",Reference (Gaussian convention),B,0.965333779671923,6.277896694351086
"n=5000, N=n^2",Reference (Gaussian convention),B,0.9667453119261182,6.576730810330486
"n=5000, N=n^2",Reference (Gaussian convention),B,0.9681568441803132,6.86799265643175
"n=5000, N=n^2",Reference (Gaussian convention),B,0.9695683764345083,7.1508963366413525
"n=5000, N=n^2",Reference (Gaussian convention),B,0.9709799086887034,7.426208022056403
"n=5000, N=n^2",Reference (Gaussian convention),B,0.9723914409428985,7.695800660659815
"n=5000, N=n^2",Reference (Gaussian convention),B,0.9738029731970936,7.961704344525303
"n=5000, N=n^2",Reference (Gaussian convention),B,0.9752145054512887,8.224880032876571
"n=5000, N=n^2",Reference (Gaussian convention),B,0.9766260377054838,8.484138927995495
"n=5000, N=n^2",Reference (Gaussian convention),B,0.9780375699596789,8.735682985775364
"n=5000, N=n^2",Reference (Gaussian convention),B,0.979449102213874,8.973588884966953
"n=5000, N=n^2",Reference (Gaussian convention),B,0.9808606344680691,9.191221442746548
"n=5000, N=n^2",Reference (Gaussian convention),B,0.9822721667222643,9.383164944868573
"n=5000, N=n^2",Reference (Gaussian convention),B,0.9836836989764594,9.5469837818181
"n=5000, N=n^2",Reference (Gaussian convention),B,0.9850952312306545,9.684122825199205
"n=5000, N=n^2",Reference (Gaussian convention),B,0.9865067634848496,9.799568512057402
"n=5000, N=n^2",Reference (Gaussian convention),B,0.9879182957390447,9.900386484208335
"n=5000, N=n^2",Reference (Gaussian convention),B,0.9893298279932397,9.993694611770094
"n=5000, N=n^2",Reference (Gaussian convention),B,0.9907413602474348,10.084807260399213
"n=5000, N=n^2",Reference (Gaussian convention),B,0.9921528925016299,10.176133248278678
"n=5000, N=n^2",Reference (Gaussian convention),B,0.993564424755825,10.26704365639593
"n=5000, N=n^2",Reference (Gaussian convention),B,0.9949759570100201,10.354557928990548
"n=5000, N=n^2",Reference (Gaussian convention),B,0.9963874892642152,10.434490494169312
"n=5000, N=n^2",Reference (Gaussian convention),B,0.9977990215184103,10.502681624141811
"n=5000, N=n^2",Reference (Gaussian convention),B,0.9992105537726054,10.556020462053638
"n=5000, N=n^2",Reference (Gaussian convention),B,1.0006220860268005,10.593061389687199
"n=5000, N=n^2",Reference (Gaussian convention),B,1.0020336182809957,10.614116236970421
"n=5000, N=n^2",Reference (Gaussian convention),B,1.0034451505351907,10.620816733153879
"n=5000, N=n^2",Reference (Gaussian convention),B,1.0048566827893857,10.615309380698557
"n=5000, N=n^2",Reference (Gaussian convention),B,1.0062682150435809,10.599411483596754
"n=5000, N=n^2",Reference (Gaussian convention),B,1.0076797472977759,10.574104819501077
"n=5000, N=n^2",Reference (Gaussian convention),B,1.009091279551971,10.539592687059072
"n=5000, N=n^2",Reference (Gaussian convention),B,1.010502811806166,10.49584359856309
"n=5000, N=n^2",Reference (Gaussian convention),B,1.0119143440603613,10.443258207192727
"n=5000, N=n^2",Reference (Gaussian convention),B,1.0133258763145563,10.383005789827596
"n=5000, N=n^2",Reference (Gaussian convention),B,1.0147374085687515,10.316747981584383
"n=5000, N=n^2",Reference (Gaussian convention),B,1.0161489408229465,10.24580229124757
"n=5000, N=n^2",Reference (Gaussian convention),B,1.0175604730771417,10.170103799133235
"n=5000, N=n^2",Reference (Gaussian convention),B,1.0189720053313367,10.087442339012048
"n=5000, N=n^2",Reference (Gaussian convention),B,1.020383537585532,9.993349194586735
"n=5000, N=n^2",Reference (Gaussian convention),B,1.021795069839727,9.88176172173151
"n=5000, N=n^2",Reference (Gaussian convention),B,1.023206602093922,9.746325278853234
"n=5000, N=n^2",Reference (Gaussian convention),B,1.024618134348117,9.581987437559173
"n=5000, N=n^2",Reference (Gaussian convention),B,1.026029666602312,9.386439610385944
"n=5000, N=n^2",Reference (Gaussian convention),B,1.0274411988565073,9.160979228074154
"n=5000, N=n^2",Reference (Gaussian convention),B,1.0288527311107023,8.91050345055476
"n=5000, N=n^2",Reference (Gaussian convention),B,1.0302642633648975,8.642582846985398
"n=5000, N=n^2",Reference (Gaussian convention),B,1.0316757956190925,8.36584079363417
"n=5000, N=n^2",Reference (Gaussian convention),B,1.0330873278732877,8.088089771294607
"n=5000, N=n^2",Reference (Gaussian convention),B,1.0344988601274827,7.814762455778399
"n=5000, N=n^2",Reference (Gaussian convention),B,1.035910392381678,7.548083827124461
"n=5000, N=n^2",Reference (Gaussian convention),B,1.037321924635873,7.287188746938971
"n=5000, N=n^2",Reference (Gaussian convention),B,1.0387334568900681,7.029084046938928
"n=5000, N=n^2",Reference (Gaussian convention),B,1.0401449891442631,6.770096765289186
"n=5000, N=n^2",Reference (Gaussian convention),B,1.0415565213984581,6.5073334897480475
"n=5000, N=n^2",Reference (Gaussian convention),B,1.0429680536526533,6.239733634009237
"n=5000, N=n^2",Reference (Gaussian convention),B,1.0443795859068485,5.968490179303393
"n=5000, N=n^2",Reference (Gaussian convention),B,1.0457911181610435,5.696839217197095
"n=5000, N=n^2",Reference (Gaussian convention),B,1.0472026504152385,5.429387389377749
"n=5000, N=n^2",Reference (Gaussian convention),B,1.0486141826694337,5.171207240416986
"n=5000, N=n^2",Reference (Gaussian convention),B,1.0500257149236287,4.926903909510922
"n=5000, N=n^2",Reference (Gaussian convention),B,1.051437247177824,4.699799296586612
"n=5000, N=n^2",Reference (Gaussian convention),B,1.052848779432019,4.491338696594079
"n=5000, N=n^2",Reference (Gaussian convention),B,1.0542603116862141,4.300807378845284
"n=5000, N=n^2",Reference (Gaussian convention),B,1.0556718439404091,4.125424959694112
"n=5000, N=n^2",Reference (Gaussian convention),B,1.0570833761946044,3.960834659818063
"n=5000, N=n^2",Reference (Gaussian convention),B,1.0584949084487993,3.8019179754162105
"n=5000, N=n^2",Reference (Gaussian convention),B,1.0599064407029946,3.6437694410309134
"n=5000, N=n^2",Reference (Gaussian convention),B,1.0613179729571895,3.482603875326492
"n=5000, N=n^2",Reference (Gaussian convention),B,1.0627295052113848,3.316374303213701
"n=5000, N=n^2",Reference (Gaussian convention),B,1.0641410374655798,3.144959001363713
"n=5000, N=n^2",Reference (Gaussian convention),B,1.0655525697197747,2.969904058023351
"n=5000, N=n^2",Reference (Gaussian convention),B,1.06696410197397,2.7938354740164058
"n=5000, N=n^2",Reference (Gaussian convention),B,1.068375634228165,2.6197352928734925
"n=5000, N=n^2",Reference (Gaussian convention),B,1.0697871664823602,2.4502849508640976
"n=5000, N=n^2",Reference (Gaussian convention),B,1.0711986987365552,2.287422796978024
"n=5000, N=n^2",Reference (Gaussian convention),B,1.0726102309907504,2.132173057007678
"n=5000, N=n^2",Reference (Gaussian convention),B,1.0740217632449454,1.9847191571720053
"n=5000, N=n^2",Reference (Gaussian convention),B,1.0754332954991406,1.8446431781308674
"n=5000, N=n^2",Reference (Gaussian convention),B,1.0768448277533356,1.7112423626322029
"n=5000, N=n^2",Reference (Gaussian convention),B,1.0782563600075308,1.5838507240196156
"n=5000, N=n^2",Reference (Gaussian convention),B,1.0796678922617258,1.46211743364035
"n=5000, N=n^2",Reference (Gaussian convention),B,1.081079424515921,1.3462065719210874
"n=5000, N=n^2",Reference (Gaussian convention),B,1.082490956770116,1.2368820359105024
"n=5000, N=n^2",Reference (Gaussian convention),B,1.0839024890243112,1.1354395922139016
"n=5000, N=n^2",Reference (Gaussian convention),B,1.0853140212785062,1.043464499600479
"n=5000, N=n^2",Reference (Gaussian convention),B,1.0867255535327014,0.9624379870444562
"n=5000, N=n^2",Reference (Gaussian convention),B,1.0881370857868964,0.8932779682233408
"n=5000, N=n^2",Reference (Gaussian convention),B,1.0895486180410914,0.8359475821703785
"n=5000, N=n^2",Reference (Gaussian convention),B,1.0909601502952866,0.7892660759522104
"n=5000, N=n^2",Reference (Gaussian convention),B,1.0923716825494816,0.7509981476653848
"n=5000, N=n^2",Reference (Gaussian convention),B,1.0937832148036768,0.7182018009450452
"n=5000, N=n^2",Reference (Gaussian convention),B,1.0951947470578718,0.6877264223607511
"n=5000, N=n^2",Reference (Gaussian convention),B,1.096606279312067,0.656714306514013
"n=5000, N=n^2",Reference (Gaussian convention),B,1.098017811566262,0.6229835610843395
"n=5000, N=n^2",Reference (Gaussian convention),B,1.0994293438204572,0.5852365088091972
"n=5000, N=n^2",Reference (Gaussian convention),B,1.1008408760746522,0.5431049765236674
"n=5000, N=n^2",Reference (Gaussian convention),B,1.1022524083288474,0.49707950855558936
"n=5000, N=n^2",Reference (Gaussian convention),B,1.1036639405830424,0.4483665372562671
"n=5000, N=n^2",Reference (Gaussian convention),B,1.1050754728372376,0.39869376569458376
"n=5000, N=n^2",Reference (Gaussian convention),B,1.1064870050914326,0.3500660571989248
"n=5000, N=n^2",Reference (Gaussian convention),B,1.1078985373456276,0.3044784838360198
"n=5000, N=n^2",Reference (Gaussian convention),B,1.1093100695998228,0.26361709730746014
"n=5000, N=n^2",Reference (Gaussian convention),B,1.110721601854018,0.22860382419891895
"n=5000, N=n^2",Reference (Gaussian convention),B,1.112133134108213,0.19984993315182087
"n=5000, N=n^2",Reference (Gaussian convention),B,1.113544666362408,0.17706294115110746
"n=5000, N=n^2",Reference (Gaussian convention),B,1.1149561986166032,0.15940933253525158
"n=5000, N=n^2",Reference (Gaussian convention),B,1.1163677308707982,0.14578599831889621
"n=5000, N=n^2",Reference (Gaussian convention),B,1.1177792631249934,0.1351164139101102
"n=5000, N=n^2",Reference (Gaussian convention),B,1.1191907953791884,0.12657864906158142
"n=5000, N=n^2",Reference (Gaussian convention),B,1.1206023276333836,0.11969688815298334
"n=5000, N=n^2",Reference (Gaussian convention),B,1.1220138598875786,0.11427916791635
"n=5000, N=n^2",Reference (Gaussian convention),B,1.1234253921417738,0.11024301157893937
"n=5000, N=n^2",Reference (Gaussian convention),B,1.1248369243959688,0.10741373458199628
"n=5000, N=n^2",Reference (Gaussian convention),B,1.1262484566501638,0.10538835200780829
"n=5000, N=n^2",Reference (Gaussian convention),B,1.127659988904359,0.10352662946696206
"n=5000, N=n^2",Reference (Gaussian convention),B,1.1290715211585542,0.10107334624039858
"n=5000, N=n^2",Reference (Gaussian convention),B,1.1304830534127492,0.097358180523794
"n=5000, N=n^2",Reference (Gaussian convention),B,1.1318945856669442,0.09198763952876603
"n=5000, N=n^2",Reference (Gaussian convention),B,1.1333061179211394,0.08495034409400921
"n=5000, N=n^2",Reference (Gaussian convention),B,1.1347176501753347,0.07659737319854347
"n=5000, N=n^2",Reference (Gaussian convention),B,1.1361291824295296,0.06751294635699474
"n=5000, N=n^2",Reference (Gaussian convention),B,1.1375407146837246,0.058332807273519395
"n=5000, N=n^2",Reference (Gaussian convention),B,1.1389522469379199,0.04958110465008678
"n=5000, N=n^2",Reference (Gaussian convention),B,1.1403637791921148,0.04157888366964142
"n=5000, N=n^2",Reference (Gaussian convention),B,1.14177531144631,0.03444032807836715
"n=5000, N=n^2",Reference (Gaussian convention),B,1.143186843700505,0.02813561147935678
"n=5000, N=n^2",Reference (Gaussian convention),B,1.1445983759547003,0.022577992404890657
"n=5000, N=n^2",Reference (Gaussian convention),B,1.1460099082088953,0.01769398460233884
"n=5000, N=n^2",Reference (Gaussian convention),B,1.1474214404630905,0.013453893106643968
"n=5000, N=n^2",Reference (Gaussian convention),B,1.1488329727172855,0.009863516749010925
"n=5000, N=n^2",flow-NPE,B,0.8679380541324615,0.030837735120693745
"n=5000, N=n^2",flow-NPE,B,0.8693495863866566,0.03418783563909728
"n=5000, N=n^2",flow-NPE,B,0.8707611186408517,0.03788866795490621
"n=5000, N=n^2",flow-NPE,B,0.8721726508950468,0.04198341957154792
"n=5000, N=n^2",flow-NPE,B,0.8735841831492419,0.04651991694756087
"n=5000, N=n^2",flow-NPE,B,0.874995715403437,0.051550564444947884
"n=5000, N=n^2",flow-NPE,B,0.8764072476576321,0.05713217318526617
"n=5000, N=n^2",flow-NPE,B,0.8778187799118272,0.06332567722766981
"n=5000, N=n^2",flow-NPE,B,0.8792303121660222,0.07019573818804989
"n=5000, N=n^2",flow-NPE,B,0.8806418444202173,0.07781024319039966
"n=5000, N=n^2",flow-NPE,B,0.8820533766744124,0.08623970476457336
"n=5000, N=n^2",flow-NPE,B,0.8834649089286075,0.0955565748873653
"n=5000, N=n^2",flow-NPE,B,0.8848764411828026,0.10583448874232707
"n=5000, N=n^2",flow-NPE,B,0.8862879734369977,0.11714745690976242
"n=5000, N=n^2",flow-NPE,B,0.8876995056911928,0.12956902757159822
"n=5000, N=n^2",flow-NPE,B,0.8891110379453879,0.1431714429115561
"n=5000, N=n^2",flow-NPE,B,0.890522570199583,0.15802481618366454
"n=5000, N=n^2",flow-NPE,B,0.8919341024537781,0.17419635785799312
"n=5000, N=n^2",flow-NPE,B,0.8933456347079732,0.1917496807337095
"n=5000, N=n^2",flow-NPE,B,0.8947571669621683,0.21074421478289307
"n=5000, N=n^2",flow-NPE,B,0.8961686992163634,0.23123476254243125
"n=5000, N=n^2",flow-NPE,B,0.8975802314705585,0.2532712248431222
"n=5000, N=n^2",flow-NPE,B,0.8989917637247536,0.2768985242610239
"n=5000, N=n^2",flow-NPE,B,0.9004032959789487,0.3021567496031696
"n=5000, N=n^2",flow-NPE,B,0.9018148282331437,0.329081538749126
"n=5000, N=n^2",flow-NPE,B,0.9032263604873388,0.35770470910552227
"n=5000, N=n^2",flow-NPE,B,0.9046378927415339,0.388055134782002
"n=5000, N=n^2",flow-NPE,B,0.906049424995729,0.4201598575442123
"n=5000, N=n^2",flow-NPE,B,0.9074609572499241,0.4540454050462183
"n=5000, N=n^2",flow-NPE,B,0.9088724895041193,0.48973927543370593
"n=5000, N=n^2",flow-NPE,B,0.9102840217583144,0.5272715330073591
"n=5000, N=n^2",flow-NPE,B,0.9116955540125095,0.5666764462954506
"n=5000, N=n^2",flow-NPE,B,0.9131070862667046,0.6079940887708991
"n=5000, N=n^2",flow-NPE,B,0.9145186185208997,0.6512718147444769
"n=5000, N=n^2",flow-NPE,B,0.9159301507750948,0.6965655197579343
"n=5000, N=n^2",flow-NPE,B,0.9173416830292899,0.743940596955461
"n=5000, N=n^2",flow-NPE,B,0.918753215283485,0.7934725089589364
"n=5000, N=n^2",flow-NPE,B,0.9201647475376801,0.8452469088103952
"n=5000, N=n^2",flow-NPE,B,0.9215762797918752,0.8993592631764304
"n=5000, N=n^2",flow-NPE,B,0.9229878120460702,0.9559139553228946
"n=5000, N=n^2",flow-NPE,B,0.9243993443002653,1.0150228729729487
"n=5000, N=n^2",flow-NPE,B,0.9258108765544604,1.076803515272144
"n=5000, N=n^2",flow-NPE,B,0.9272224088086555,1.1413766816541167
"n=5000, N=n^2",flow-NPE,B,0.9286339410628506,1.2088638312940008
"n=5000, N=n^2",flow-NPE,B,0.9300454733170457,1.279384223019315
"n=5000, N=n^2",flow-NPE,B,0.9314570055712408,1.3530519602772957
"n=5000, N=n^2",flow-NPE,B,0.9328685378254359,1.4299730727562694
"n=5000, N=n^2",flow-NPE,B,0.934280070079631,1.5102427648464625
"n=5000, N=n^2",flow-NPE,B,0.9356916023338261,1.5939429512908425
"n=5000, N=n^2",flow-NPE,B,0.9371031345880212,1.6811401827951657
"n=5000, N=n^2",flow-NPE,B,0.9385146668422163,1.7718840403342464
"n=5000, N=n^2",flow-NPE,B,0.9399261990964114,1.8662060482116387
"n=5000, N=n^2",flow-NPE,B,0.9413377313506065,1.9641191247433467
"n=5000, N=n^2",flow-NPE,B,0.9427492636048016,2.065617558017393
"n=5000, N=n^2",flow-NPE,B,0.9441607958589966,2.170677464739309
"n=5000, N=n^2",flow-NPE,B,0.9455723281131918,2.2792576646558294
"n=5000, N=n^2",flow-NPE,B,0.9469838603673868,2.3913008829861027
"n=5000, N=n^2",flow-NPE,B,0.9483953926215819,2.506735179697383
"n=5000, N=n^2",flow-NPE,B,0.949806924875777,2.6254754977933197
"n=5000, N=n^2",flow-NPE,B,0.9512184571299721,2.7474252229496368
"n=5000, N=n^2",flow-NPE,B,0.9526299893841672,2.8724776532798426
"n=5000, N=n^2",flow-NPE,B,0.9540415216383623,3.000517289832621
"n=5000, N=n^2",flow-NPE,B,0.9554530538925574,3.131420874479553
"n=5000, N=n^2",flow-NPE,B,0.9568645861467525,3.2650581209340577
"n=5000, N=n^2",flow-NPE,B,0.9582761184009476,3.4012921055634564
"n=5000, N=n^2",flow-NPE,B,0.9596876506551427,3.5399793063493794
"n=5000, N=n^2",flow-NPE,B,0.9610991829093378,3.6809692999107764
"n=5000, N=n^2",flow-NPE,B,0.9625107151635329,3.8241041471786517
"n=5000, N=n^2",flow-NPE,B,0.963922247417728,3.9692175174804745
"n=5000, N=n^2",flow-NPE,B,0.965333779671923,4.116133617893677
"n=5000, N=n^2",flow-NPE,B,0.9667453119261182,4.264666009206733
"n=5000, N=n^2",flow-NPE,B,0.9681568441803132,4.414616401065137
"n=5000, N=n^2",flow-NPE,B,0.9695683764345083,4.565773526196461
"n=5000, N=n^2",flow-NPE,B,0.9709799086887034,4.717912196254484
"n=5000, N=n^2",flow-NPE,B,0.9723914409428985,4.870792639055555
"n=5000, N=n^2",flow-NPE,B,0.9738029731970936,5.02416020817655
"n=5000, N=n^2",flow-NPE,B,0.9752145054512887,5.177745540653299
"n=5000, N=n^2",flow-NPE,B,0.9766260377054838,5.33126521687791
"n=5000, N=n^2",flow-NPE,B,0.9780375699596789,5.484422949263911
"n=5000, N=n^2",flow-NPE,B,0.979449102213874,5.636911293978969
"n=5000, N=n^2",flow-NPE,B,0.9808606344680691,5.788413844807567
"n=5000, N=n^2",flow-NPE,B,0.9822721667222643,5.938607832364448
"n=5000, N=n^2",flow-NPE,B,0.9836836989764594,6.087167018233142
"n=5000, N=n^2",flow-NPE,B,0.9850952312306545,6.233764745178041
"n=5000, N=n^2",flow-NPE,B,0.9865067634848496,6.37807698432443
"n=5000, N=n^2",flow-NPE,B,0.9879182957390447,6.519785210686163
"n=5000, N=n^2",flow-NPE,B,0.9893298279932397,6.658578941497832
"n=5000, N=n^2",flow-NPE,B,0.9907413602474348,6.79415778835525
"n=5000, N=n^2",flow-NPE,B,0.9921528925016299,6.926232903845311
"n=5000, N=n^2",flow-NPE,B,0.993564424755825,7.054527744586823
"n=5000, N=n^2",flow-NPE,B,0.9949759570100201,7.17877812257179
"n=5000, N=n^2",flow-NPE,B,0.9963874892642152,7.298731571557349
"n=5000, N=n^2",flow-NPE,B,0.9977990215184103,7.414146110436138
"n=5000, N=n^2",flow-NPE,B,0.9992105537726054,7.524788536144518
"n=5000, N=n^2",flow-NPE,B,1.0006220860268005,7.6304324200565565
"n=5000, N=n^2",flow-NPE,B,1.0020336182809957,7.730856009921469
"n=5000, N=n^2",flow-NPE,B,1.0034451505351907,7.825840251288373
"n=5000, N=n^2",flow-NPE,B,1.0048566827893857,7.915167136517486
"n=5000, N=n^2",flow-NPE,B,1.0062682150435809,7.998618566007848
"n=5000, N=n^2",flow-NPE,B,1.0076797472977759,8.07597586697008
"n=5000, N=n^2",flow-NPE,B,1.009091279551971,8.14702006322935
"n=5000, N=n^2",flow-NPE,B,1.010502811806166,8.211532929678974
"n=5000, N=n^2",flow-NPE,B,1.0119143440603613,8.269298802425476
"n=5000, N=n^2",flow-NPE,B,1.0133258763145563,8.320107055945094
"n=5000, N=n^2",flow-NPE,B,1.0147374085687515,8.363755106999369
"n=5000, N=n^2",flow-NPE,B,1.0161489408229465,8.400051766146161
"n=5000, N=n^2",flow-NPE,B,1.0175604730771417,8.428820734706058
"n=5000, N=n^2",flow-NPE,B,1.0189720053313367,8.449904039748708
"n=5000, N=n^2",flow-NPE,B,1.020383537585532,8.463165212135404
"n=5000, N=n^2",flow-NPE,B,1.021795069839727,8.468492041308005
"n=5000, N=n^2",flow-NPE,B,1.023206602093922,8.46579878231689
"n=5000, N=n^2",flow-NPE,B,1.024618134348117,8.455027741347216
"n=5000, N=n^2",flow-NPE,B,1.026029666602312,8.43615022082475
"n=5000, N=n^2",flow-NPE,B,1.0274411988565073,8.409166858923253
"n=5000, N=n^2",flow-NPE,B,1.0288527311107023,8.374107446030369
"n=5000, N=n^2",flow-NPE,B,1.0302642633648975,8.3310303382434
"n=5000, N=n^2",flow-NPE,B,1.0316757956190925,8.280021612057517
"n=5000, N=n^2",flow-NPE,B,1.0330873278732877,8.221194113185371
"n=5000, N=n^2",flow-NPE,B,1.0344988601274827,8.154686545431272
"n=5000, N=n^2",flow-NPE,B,1.035910392381678,8.08066272366186
"n=5000, N=n^2",flow-NPE,B,1.037321924635873,7.9993110804166205
"n=5000, N=n^2",flow-NPE,B,1.0387334568900681,7.91084447187433
"n=5000, N=n^2",flow-NPE,B,1.0401449891442631,7.8155002798058755
"n=5000, N=n^2",flow-NPE,B,1.0415565213984581,7.713540756279996
"n=5000, N=n^2",flow-NPE,B,1.0429680536526533,7.605253511751731
"n=5000, N=n^2",flow-NPE,B,1.0443795859068485,7.4909520089413055
"n=5000, N=n^2",flow-NPE,B,1.0457911181610435,7.370975898120413
"n=5000, N=n^2",flow-NPE,B,1.0472026504152385,7.2456910166495625
"n=5000, N=n^2",flow-NPE,B,1.0486141826694337,7.115488878305604
"n=5000, N=n^2",flow-NPE,B,1.0500257149236287,6.980785496305483
"n=5000, N=n^2",flow-NPE,B,1.051437247177824,6.842019416919021
"n=5000, N=n^2",flow-NPE,B,1.052848779432019,6.699648885933009
"n=5000, N=n^2",flow-NPE,B,1.0542603116862141,6.554148124729354
"n=5000, N=n^2",flow-NPE,B,1.0556718439404091,6.406002752374213
"n=5000, N=n^2",flow-NPE,B,1.0570833761946044,6.25570445041324
"n=5000, N=n^2",flow-NPE,B,1.0584949084487993,6.103745023485086
"n=5000, N=n^2",flow-NPE,B,1.0599064407029946,5.950610057101494
"n=5000, N=n^2",flow-NPE,B,1.0613179729571895,5.7967724103091465
"n=5000, N=n^2",flow-NPE,B,1.0627295052113848,5.642685802664703
"n=5000, N=n^2",flow-NPE,B,1.0641410374655798,5.488778760354541
"n=5000, N=n^2",flow-NPE,B,1.0655525697197747,5.335449174966671
"n=5000, N=n^2",flow-NPE,B,1.06696410197397,5.18305970124167
"n=5000, N=n^2",flow-NPE,B,1.068375634228165,5.031934179138603
"n=5000, N=n^2",flow-NPE,B,1.0697871664823602,4.88235521379689
"n=5000, N=n^2",flow-NPE,B,1.0711986987365552,4.734562988221399
"n=5000, N=n^2",flow-NPE,B,1.0726102309907504,4.58875532192181
"n=5000, N=n^2",flow-NPE,B,1.0740217632449454,4.44508892848967
"n=5000, N=n^2",flow-NPE,B,1.0754332954991406,4.303681770086546
"n=5000, N=n^2",flow-NPE,B,1.0768448277533356,4.164616360320218
"n=5000, N=n^2",flow-NPE,B,1.0782563600075308,4.0279438314406955
"n=5000, N=n^2",flow-NPE,B,1.0796678922617258,3.893688558665927
"n=5000, N=n^2",flow-NPE,B,1.081079424515921,3.7618531241807567
"n=5000, N=n^2",flow-NPE,B,1.082490956770116,3.6324234054308135
"n=5000, N=n^2",flow-NPE,B,1.0839024890243112,3.505373585399707
"n=5000, N=n^2",flow-NPE,B,1.0853140212785062,3.3806709046415766
"n=5000, N=n^2",flow-NPE,B,1.0867255535327014,3.2582800035665382
"n=5000, N=n^2",flow-NPE,B,1.0881370857868964,3.138166736334095
"n=5000, N=n^2",flow-NPE,B,1.0895486180410914,3.0203013722536403
"n=5000, N=n^2",flow-NPE,B,1.0909601502952866,2.904661134656005
"n=5000, N=n^2",flow-NPE,B,1.0923716825494816,2.791232059006415
"n=5000, N=n^2",flow-NPE,B,1.0937832148036768,2.680010180277716
"n=5000, N=n^2",flow-NPE,B,1.0951947470578718,2.571002083472603
"n=5000, N=n^2",flow-NPE,B,1.096606279312067,2.4642248702993483
"n=5000, N=n^2",flow-NPE,B,1.098017811566262,2.3597056093693065
"n=5000, N=n^2",flow-NPE,B,1.0994293438204572,2.2574803471575113
"n=5000, N=n^2",flow-NPE,B,1.1008408760746522,2.1575927628011216
"n=5000, N=n^2",flow-NPE,B,1.1022524083288474,2.060092552115887
"n=5000, N=n^2",flow-NPE,B,1.1036639405830424,1.9650336255223537
"n=5000, N=n^2",flow-NPE,B,1.1050754728372376,1.8724722013698576
"n=5000, N=n^2",flow-NPE,B,1.1064870050914326,1.7824648708565398
"n=5000, N=n^2",flow-NPE,B,1.1078985373456276,1.695066703724774
"n=5000, N=n^2",flow-NPE,B,1.1093100695998228,1.610329455489583
"n=5000, N=n^2",flow-NPE,B,1.110721601854018,1.5282999274318596
"n=5000, N=n^2",flow-NPE,B,1.112133134108213,1.4490185202777353
"n=5000, N=n^2",flow-NPE,B,1.113544666362408,1.3725180117276092
"n=5000, N=n^2",flow-NPE,B,1.1149561986166032,1.2988225771716977
"n=5000, N=n^2",flow-NPE,B,1.1163677308707982,1.227947062430107
"n=5000, N=n^2",flow-NPE,B,1.1177792631249934,1.159896507591594
"n=5000, N=n^2",flow-NPE,B,1.1191907953791884,1.094665912370072
"n=5000, N=n^2",flow-NPE,B,1.1206023276333836,1.0322402261708585
"n=5000, N=n^2",flow-NPE,B,1.1220138598875786,0.9725945404822328
"n=5000, N=n^2",flow-NPE,B,1.1234253921417738,0.9156944573910888
"n=5000, N=n^2",flow-NPE,B,1.1248369243959688,0.8614966059462278
"n=5000, N=n^2",flow-NPE,B,1.1262484566501638,0.8099492776163755
"n=5000, N=n^2",flow-NPE,B,1.127659988904359,0.7609931529658313
"n=5000, N=n^2",flow-NPE,B,1.1290715211585542,0.7145620935762297
"n=5000, N=n^2",flow-NPE,B,1.1304830534127492,0.6705839758195608
"n=5000, N=n^2",flow-NPE,B,1.1318945856669442,0.6289815459823903
"n=5000, N=n^2",flow-NPE,B,1.1333061179211394,0.5896732791442207
"n=5000, N=n^2",flow-NPE,B,1.1347176501753347,0.5525742268889884
"n=5000, N=n^2",flow-NPE,B,1.1361291824295296,0.51759684123612
"n=5000, N=n^2",flow-NPE,B,1.1375407146837246,0.4846517640732736
"n=5000, N=n^2",flow-NPE,B,1.1389522469379199,0.45364857290255745
"n=5000, N=n^2",flow-NPE,B,1.1403637791921148,0.4244964749913535
"n=5000, N=n^2",flow-NPE,B,1.14177531144631,0.3971049432017965
"n=5000, N=n^2",flow-NPE,B,1.143186843700505,0.3713842880200702
"n=5000, N=n^2",flow-NPE,B,1.1445983759547003,0.34724616175206235
"n=5000, N=n^2",flow-NPE,B,1.1460099082088953,0.32460399257719436
"n=5000, N=n^2",flow-NPE,B,1.1474214404630905,0.30337334816836464
"n=5000, N=n^2",flow-NPE,B,1.1488329727172855,0.28347223082911566
"n=5000, N=n^2",Gaussian-NPE,B,0.8679380541324615,0.2143042530692566
"n=5000, N=n^2",Gaussian-NPE,B,0.8693495863866566,0.2409186613089543
"n=5000, N=n^2",Gaussian-NPE,B,0.8707611186408517,0.2706515542858265
"n=5000, N=n^2",Gaussian-NPE,B,0.8721726508950468,0.30338950383712115
"n=5000, N=n^2",Gaussian-NPE,B,0.8735841831492419,0.3386597473869942
"n=5000, N=n^2",Gaussian-NPE,B,0.874995715403437,0.3756576642474512
"n=5000, N=n^2",Gaussian-NPE,B,0.8764072476576321,0.4133599375618805
"n=5000, N=n^2",Gaussian-NPE,B,0.8778187799118272,0.4507039297812385
"n=5000, N=n^2",Gaussian-NPE,B,0.8792303121660222,0.48679345427586473
"n=5000, N=n^2",Gaussian-NPE,B,0.8806418444202173,0.5210814979539381
"n=5000, N=n^2",Gaussian-NPE,B,0.8820533766744124,0.5534851370194506
"n=5000, N=n^2",Gaussian-NPE,B,0.8834649089286075,0.5844058201960025
"n=5000, N=n^2",Gaussian-NPE,B,0.8848764411828026,0.6146538560571594
"n=5000, N=n^2",Gaussian-NPE,B,0.8862879734369977,0.6453012307799765
"n=5000, N=n^2",Gaussian-NPE,B,0.8876995056911928,0.6775039338127167
"n=5000, N=n^2",Gaussian-NPE,B,0.8891110379453879,0.7123388838004939
"n=5000, N=n^2",Gaussian-NPE,B,0.890522570199583,0.750691001518658
"n=5000, N=n^2",Gaussian-NPE,B,0.8919341024537781,0.7932071159130364
"n=5000, N=n^2",Gaussian-NPE,B,0.8933456347079732,0.8403121080342318
"n=5000, N=n^2",Gaussian-NPE,B,0.8947571669621683,0.8922660225279562
"n=5000, N=n^2",Gaussian-NPE,B,0.8961686992163634,0.9492334954856421
"n=5000, N=n^2",Gaussian-NPE,B,0.8975802314705585,1.0113397168734952
"n=5000, N=n^2",Gaussian-NPE,B,0.8989917637247536,1.078697621965295
"n=5000, N=n^2",Gaussian-NPE,B,0.9004032959789487,1.1514043035664414
"n=5000, N=n^2",Gaussian-NPE,B,0.9018148282331437,1.2295158795815022
"n=5000, N=n^2",Gaussian-NPE,B,0.9032263604873388,1.3130160165668874
"n=5000, N=n^2",Gaussian-NPE,B,0.9046378927415339,1.4017932147463261
"n=5000, N=n^2",Gaussian-NPE,B,0.906049424995729,1.4956371562951365
"n=5000, N=n^2",Gaussian-NPE,B,0.9074609572499241,1.5942573965470246
"n=5000, N=n^2",Gaussian-NPE,B,0.9088724895041193,1.6973209647847647
"n=5000, N=n^2",Gaussian-NPE,B,0.9102840217583144,1.8045008525343866
"n=5000, N=n^2",Gaussian-NPE,B,0.9116955540125095,1.9155257072801501
"n=5000, N=n^2",Gaussian-NPE,B,0.9131070862667046,2.0302221119916646
"n=5000, N=n^2",Gaussian-NPE,B,0.9145186185208997,2.1485435464099285
"n=5000, N=n^2",Gaussian-NPE,B,0.9159301507750948,2.270582887795026
"n=5000, N=n^2",Gaussian-NPE,B,0.9173416830292899,2.3965666008501425
"n=5000, N=n^2",Gaussian-NPE,B,0.918753215283485,2.5268280376347128
"n=5000, N=n^2",Gaussian-NPE,B,0.9201647475376801,2.661755628057972
"n=5000, N=n^2",Gaussian-NPE,B,0.9215762797918752,2.8017118519101016
"n=5000, N=n^2",Gaussian-NPE,B,0.9229878120460702,2.946923695225869
"n=5000, N=n^2",Gaussian-NPE,B,0.9243993443002653,3.0973560045027613
"n=5000, N=n^2",Gaussian-NPE,B,0.9258108765544604,3.2525934909004683
"n=5000, N=n^2",Gaussian-NPE,B,0.9272224088086555,3.4117692383260247
"n=5000, N=n^2",Gaussian-NPE,B,0.9286339410628506,3.573580013733841
"n=5000, N=n^2",Gaussian-NPE,B,0.9300454733170457,3.7364160354158673
"n=5000, N=n^2",Gaussian-NPE,B,0.9314570055712408,3.8986050537149217
"n=5000, N=n^2",Gaussian-NPE,B,0.9328685378254359,4.05873426487456
"n=5000, N=n^2",Gaussian-NPE,B,0.934280070079631,4.215980389934851
"n=5000, N=n^2",Gaussian-NPE,B,0.9356916023338261,4.370360796870726
"n=5000, N=n^2",Gaussian-NPE,B,0.9371031345880212,4.522825423782854
"n=5000, N=n^2",Gaussian-NPE,B,0.9385146668422163,4.67514148718391
"n=5000, N=n^2",Gaussian-NPE,B,0.9399261990964114,4.8295731257818915
"n=5000, N=n^2",Gaussian-NPE,B,0.9413377313506065,4.988412570781243
"n=5000, N=n^2",Gaussian-NPE,B,0.9427492636048016,5.153462466492782
"n=5000, N=n^2",Gaussian-NPE,B,0.9441607958589966,5.325587694658215
"n=5000, N=n^2",Gaussian-NPE,B,0.9455723281131918,5.504443251246558
"n=5000, N=n^2",Gaussian-NPE,B,0.9469838603673868,5.6884447486046685
"n=5000, N=n^2",Gaussian-NPE,B,0.9483953926215819,5.874990461467402
"n=5000, N=n^2",Gaussian-NPE,B,0.949806924875777,6.060884332241661
"n=5000, N=n^2",Gaussian-NPE,B,0.9512184571299721,6.242864599566298
"n=5000, N=n^2",Gaussian-NPE,B,0.9526299893841672,6.418124856948037
"n=5000, N=n^2",Gaussian-NPE,B,0.9540415216383623,6.584726828876178
"n=5000, N=n^2",Gaussian-NPE,B,0.9554530538925574,6.741840258993228
"n=5000, N=n^2",Gaussian-NPE,B,0.9568645861467525,6.889790624555009
"n=5000, N=n^2",Gaussian-NPE,B,0.9582761184009476,7.029933717219521
"n=5000, N=n^2",Gaussian-NPE,B,0.9596876506551427,7.1643965116372055
"n=5000, N=n^2",Gaussian-NPE,B,0.9610991829093378,7.295725278906411
"n=5000, N=n^2",Gaussian-NPE,B,0.9625107151635329,7.426473550279502
"n=5000, N=n^2",Gaussian-NPE,B,0.963922247417728,7.558757624894986
"n=5000, N=n^2",Gaussian-NPE,B,0.965333779671923,7.693815401030384
"n=5000, N=n^2",Gaussian-NPE,B,0.9667453119261182,7.831624819846058
"n=5000, N=n^2",Gaussian-NPE,B,0.9681568441803132,7.970659610019229
"n=5000, N=n^2",Gaussian-NPE,B,0.9695683764345083,8.107865353021243
"n=5000, N=n^2",Gaussian-NPE,B,0.9709799086887034,8.238914960749694
"n=5000, N=n^2",Gaussian-NPE,B,0.9723914409428985,8.358748075305375
"n=5000, N=n^2",Gaussian-NPE,B,0.9738029731970936,8.462326663724737
"n=5000, N=n^2",Gaussian-NPE,B,0.9752145054512887,8.545472292479069
"n=5000, N=n^2",Gaussian-NPE,B,0.9766260377054838,8.605613273734464
"n=5000, N=n^2",Gaussian-NPE,B,0.9780375699596789,8.642277290303259
"n=5000, N=n^2",Gaussian-NPE,B,0.979449102213874,8.657217519471349
"n=5000, N=n^2",Gaussian-NPE,B,0.9808606344680691,8.654143022611299
"n=5000, N=n^2",Gaussian-NPE,B,0.9822721667222643,8.638113256059706
"n=5000, N=n^2",Gaussian-NPE,B,0.9836836989764594,8.614727299559547
"n=5000, N=n^2",Gaussian-NPE,B,0.9850952312306545,8.589273472415082
"n=5000, N=n^2",Gaussian-NPE,B,0.9865067634848496,8.565999057628972
"n=5000, N=n^2",Gaussian-NPE,B,0.9879182957390447,8.547619413204965
"n=5000, N=n^2",Gaussian-NPE,B,0.9893298279932397,8.535125287508857
"n=5000, N=n^2",Gaussian-NPE,B,0.9907413602474348,8.527883406888082
"n=5000, N=n^2",Gaussian-NPE,B,0.9921528925016299,8.523972379796389
"n=5000, N=n^2",Gaussian-NPE,B,0.993564424755825,8.520662213764783
"n=5000, N=n^2",Gaussian-NPE,B,0.9949759570100201,8.51493408733337
"n=5000, N=n^2",Gaussian-NPE,B,0.9963874892642152,8.503945826837505
"n=5000, N=n^2",Gaussian-NPE,B,0.9977990215184103,8.485373325370153
"n=5000, N=n^2",Gaussian-NPE,B,0.9992105537726054,8.457592693886012
"n=5000, N=n^2",Gaussian-NPE,B,1.0006220860268005,8.419704940986025
"n=5000, N=n^2",Gaussian-NPE,B,1.0020336182809957,8.371436729670837
"n=5000, N=n^2",Gaussian-NPE,B,1.0034451505351907,8.312970429479563
"n=5000, N=n^2",Gaussian-NPE,B,1.0048566827893857,8.244760159853007
"n=5000, N=n^2",Gaussian-NPE,B,1.0062682150435809,8.167378113045721
"n=5000, N=n^2",Gaussian-NPE,B,1.0076797472977759,8.08141244175406
"n=5000, N=n^2",Gaussian-NPE,B,1.009091279551971,7.987413349819971
"n=5000, N=n^2",Gaussian-NPE,B,1.010502811806166,7.885867214289027
"n=5000, N=n^2",Gaussian-NPE,B,1.0119143440603613,7.777175713969863
"n=5000, N=n^2",Gaussian-NPE,B,1.0133258763145563,7.661627894896244
"n=5000, N=n^2",Gaussian-NPE,B,1.0147374085687515,7.539371146671279
"n=5000, N=n^2",Gaussian-NPE,B,1.0161489408229465,7.410401794853363
"n=5000, N=n^2",Gaussian-NPE,B,1.0175604730771417,7.274598406453401
"n=5000, N=n^2",Gaussian-NPE,B,1.0189720053313367,7.131808115174159
"n=5000, N=n^2",Gaussian-NPE,B,1.020383537585532,6.981973560085176
"n=5000, N=n^2",Gaussian-NPE,B,1.021795069839727,6.825266441247789
"n=5000, N=n^2",Gaussian-NPE,B,1.023206602093922,6.662184462965826
"n=5000, N=n^2",Gaussian-NPE,B,1.024618134348117,6.493577061005238
"n=5000, N=n^2",Gaussian-NPE,B,1.026029666602312,6.320588627847429
"n=5000, N=n^2",Gaussian-NPE,B,1.0274411988565073,6.144535843916478
"n=5000, N=n^2",Gaussian-NPE,B,1.0288527311107023,5.966756440086644
"n=5000, N=n^2",Gaussian-NPE,B,1.0302642633648975,5.788472651937145
"n=5000, N=n^2",Gaussian-NPE,B,1.0316757956190925,5.610703371491495
"n=5000, N=n^2",Gaussian-NPE,B,1.0330873278732877,5.4342403492590785
"n=5000, N=n^2",Gaussian-NPE,B,1.0344988601274827,5.2596838832121104
"n=5000, N=n^2",Gaussian-NPE,B,1.035910392381678,5.087518660085653
"n=5000, N=n^2",Gaussian-NPE,B,1.037321924635873,4.918203417943124
"n=5000, N=n^2",Gaussian-NPE,B,1.0387334568900681,4.7522482073049455
"n=5000, N=n^2",Gaussian-NPE,B,1.0401449891442631,4.590258134291447
"n=5000, N=n^2",Gaussian-NPE,B,1.0415565213984581,4.432930631066472
"n=5000, N=n^2",Gaussian-NPE,B,1.0429680536526533,4.2810031741120325
"n=5000, N=n^2",Gaussian-NPE,B,1.0443795859068485,4.135158740144164
"n=5000, N=n^2",Gaussian-NPE,B,1.0457911181610435,3.995905559677565
"n=5000, N=n^2",Gaussian-NPE,B,1.0472026504152385,3.8634540705861964
"n=5000, N=n^2",Gaussian-NPE,B,1.0486141826694337,3.7376160236043448
"n=5000, N=n^2",Gaussian-NPE,B,1.0500257149236287,3.617748195337678
"n=5000, N=n^2",Gaussian-NPE,B,1.051437247177824,3.502757012794734
"n=5000, N=n^2",Gaussian-NPE,B,1.052848779432019,3.3911719926381787
"n=5000, N=n^2",Gaussian-NPE,B,1.0542603116862141,3.2812863649760255
"n=5000, N=n^2",Gaussian-NPE,B,1.0556718439404091,3.1713530615024608
"n=5000, N=n^2",Gaussian-NPE,B,1.0570833761946044,3.0598136377265304
"n=5000, N=n^2",Gaussian-NPE,B,1.0584949084487993,2.9455275610859384
"n=5000, N=n^2",Gaussian-NPE,B,1.0599064407029946,2.827961888298631
"n=5000, N=n^2",Gaussian-NPE,B,1.0613179729571895,2.707300135874234
"n=5000, N=n^2",Gaussian-NPE,B,1.0627295052113848,2.584437494838031
"n=5000, N=n^2",Gaussian-NPE,B,1.0641410374655798,2.460848768368218
"n=5000, N=n^2",Gaussian-NPE,B,1.0655525697197747,2.338343062778934
"n=5000, N=n^2",Gaussian-NPE,B,1.06696410197397,2.2187487484365485
"n=5000, N=n^2",Gaussian-NPE,B,1.068375634228165,2.10359437364953
"n=5000, N=n^2",Gaussian-NPE,B,1.0697871664823602,1.9938575378278713
"n=5000, N=n^2",Gaussian-NPE,B,1.0711986987365552,1.8898399388652547
"n=5000, N=n^2",Gaussian-NPE,B,1.0726102309907504,1.7911953036196053
"n=5000, N=n^2",Gaussian-NPE,B,1.0740217632449454,1.6970966741670845
"n=5000, N=n^2",Gaussian-NPE,B,1.0754332954991406,1.6064932455309668
"n=5000, N=n^2",Gaussian-NPE,B,1.0768448277533356,1.518386347629244
"n=5000, N=n^2",Gaussian-NPE,B,1.0782563600075308,1.432055427894358
"n=5000, N=n^2",Gaussian-NPE,B,1.0796678922617258,1.3471862932866023
"n=5000, N=n^2",Gaussian-NPE,B,1.081079424515921,1.2638866408510392
"n=5000, N=n^2",Gaussian-NPE,B,1.082490956770116,1.1826060217318903
"n=5000, N=n^2",Gaussian-NPE,B,1.0839024890243112,1.1039985294629655
"n=5000, N=n^2",Gaussian-NPE,B,1.0853140212785062,1.0287719218480227
"n=5000, N=n^2",Gaussian-NPE,B,1.0867255535327014,0.9575584432931727
"n=5000, N=n^2",Gaussian-NPE,B,1.0881370857868964,0.8908268553169261
"n=5000, N=n^2",Gaussian-NPE,B,1.0895486180410914,0.8288396405055681
"n=5000, N=n^2",Gaussian-NPE,B,1.0909601502952866,0.7716491172632676
"n=5000, N=n^2",Gaussian-NPE,B,1.0923716825494816,0.7191224069041532
"n=5000, N=n^2",Gaussian-NPE,B,1.0937832148036768,0.6709857052860354
"n=5000, N=n^2",Gaussian-NPE,B,1.0951947470578718,0.6268799111744642
"n=5000, N=n^2",Gaussian-NPE,B,1.096606279312067,0.5864201537257852
"n=5000, N=n^2",Gaussian-NPE,B,1.098017811566262,0.5492509057620418
"n=5000, N=n^2",Gaussian-NPE,B,1.0994293438204572,0.5150874629677702
"n=5000, N=n^2",Gaussian-NPE,B,1.1008408760746522,0.4837352480950539
"n=5000, N=n^2",Gaussian-NPE,B,1.1022524083288474,0.4550815718629918
"n=5000, N=n^2",Gaussian-NPE,B,1.1036639405830424,0.42905991785971
"n=5000, N=n^2",Gaussian-NPE,B,1.1050754728372376,0.4055933673952649
"n=5000, N=n^2",Gaussian-NPE,B,1.1064870050914326,0.38452984442207
"n=5000, N=n^2",Gaussian-NPE,B,1.1078985373456276,0.3655857944641914
"n=5000, N=n^2",Gaussian-NPE,B,1.1093100695998228,0.34831530729078153
"n=5000, N=n^2",Gaussian-NPE,B,1.110721601854018,0.3321177107597863
"n=5000, N=n^2",Gaussian-NPE,B,1.112133134108213,0.3162884746367245
"n=5000, N=n^2",Gaussian-NPE,B,1.113544666362408,0.3001074160354151
"n=5000, N=n^2",Gaussian-NPE,B,1.1149561986166032,0.2829475338385468
"n=5000, N=n^2",Gaussian-NPE,B,1.1163677308707982,0.2643806944762234
"n=5000, N=n^2",Gaussian-NPE,B,1.1177792631249934,0.2442554953193495
"n=5000, N=n^2",Gaussian-NPE,B,1.1191907953791884,0.22272866875667807
"n=5000, N=n^2",Gaussian-NPE,B,1.1206023276333836,0.2002426743030331
"n=5000, N=n^2",Gaussian-NPE,B,1.1220138598875786,0.17745512180058925
"n=5000, N=n^2",Gaussian-NPE,B,1.1234253921417738,0.15513637105785372
"n=5000, N=n^2",Gaussian-NPE,B,1.1248369243959688,0.13405713317393214
"n=5000, N=n^2",Gaussian-NPE,B,1.1262484566501638,0.11488728462919671
"n=5000, N=n^2",Gaussian-NPE,B,1.127659988904359,0.09812160457165707
"n=5000, N=n^2",Gaussian-NPE,B,1.1290715211585542,0.0840402251256267
"n=5000, N=n^2",Gaussian-NPE,B,1.1304830534127492,0.07270381612635152
"n=5000, N=n^2",Gaussian-NPE,B,1.1318945856669442,0.06397768107447033
"n=5000, N=n^2",Gaussian-NPE,B,1.1333061179211394,0.0575756712070736
"n=5000, N=n^2",Gaussian-NPE,B,1.1347176501753347,0.05311389451179853
"n=5000, N=n^2",Gaussian-NPE,B,1.1361291824295296,0.0501649760958637
"n=5000, N=n^2",Gaussian-NPE,B,1.1375407146837246,0.04830549752916106
"n=5000, N=n^2",Gaussian-NPE,B,1.1389522469379199,0.04715174716192131
"n=5000, N=n^2",Gaussian-NPE,B,1.1403637791921148,0.04638168217366523
"n=5000, N=n^2",Gaussian-NPE,B,1.14177531144631,0.04574364106386946
"n=5000, N=n^2",Gaussian-NPE,B,1.143186843700505,0.04505441798042097
"n=5000, N=n^2",Gaussian-NPE,B,1.1445983759547003,0.044190460476798296
"n=5000, N=n^2",Gaussian-NPE,B,1.1460099082088953,0.04307605495937114
"n=5000, N=n^2",Gaussian-NPE,B,1.1474214404630905,0.04167159797710144
"n=5000, N=n^2",Gaussian-NPE,B,1.1488329727172855,0.039963827730733
"n=5000, N=n^2",Reference (flow convention),g,1.5138267478466034,3.7050436238561823e-65
"n=5000, N=n^2",Reference (flow convention),g,1.5182202577993498,7.6996022399845795e-62
"n=5000, N=n^2",Reference (flow convention),g,1.5226137677520963,1.2971669565917255e-58
"n=5000, N=n^2",Reference (flow convention),g,1.5270072777048427,1.7716424862150666e-55
"n=5000, N=n^2",Reference (flow convention),g,1.5314007876575892,1.961593071045805e-52
"n=5000, N=n^2",Reference (flow convention),g,1.5357942976103356,1.7607365252863207e-49
"n=5000, N=n^2",Reference (flow convention),g,1.5401878075630822,1.2812457881569663e-46
"n=5000, N=n^2",Reference (flow convention),g,1.5445813175158285,7.558283029577297e-44
"n=5000, N=n^2",Reference (flow convention),g,1.548974827468575,3.614651841985841e-41
"n=5000, N=n^2",Reference (flow convention),g,1.5533683374213214,1.4014009838239867e-38
"n=5000, N=n^2",Reference (flow convention),g,1.557761847374068,4.4046457525089594e-36
"n=5000, N=n^2",Reference (flow convention),g,1.5621553573268143,1.1223083027647575e-33
"n=5000, N=n^2",Reference (flow convention),g,1.5665488672795607,2.3182805339712016e-31
"n=5000, N=n^2",Reference (flow convention),g,1.5709423772323072,3.8821510019456606e-29
"n=5000, N=n^2",Reference (flow convention),g,1.5753358871850536,5.2702532144404446e-27
"n=5000, N=n^2",Reference (flow convention),g,1.5797293971378001,5.800202582043027e-25
"n=5000, N=n^2",Reference (flow convention),g,1.5841229070905465,5.1749655781741084e-23
"n=5000, N=n^2",Reference (flow convention),g,1.588516417043293,3.743039334728874e-21
"n=5000, N=n^2",Reference (flow convention),g,1.5929099269960394,2.1947948843769004e-19
"n=5000, N=n^2",Reference (flow convention),g,1.597303436948786,1.0433165824115769e-17
"n=5000, N=n^2",Reference (flow convention),g,1.6016969469015323,4.0206003255296487e-16
"n=5000, N=n^2",Reference (flow convention),g,1.6060904568542789,1.2560829468063622e-14
"n=5000, N=n^2",Reference (flow convention),g,1.6104839668070252,3.181254089838851e-13
"n=5000, N=n^2",Reference (flow convention),g,1.6148774767597716,6.531772036589208e-12
"n=5000, N=n^2",Reference (flow convention),g,1.6192709867125181,1.0872171711021794e-10
"n=5000, N=n^2",Reference (flow convention),g,1.6236644966652645,1.46708139364058e-09
"n=5000, N=n^2",Reference (flow convention),g,1.628058006618011,1.6048880305210153e-08
"n=5000, N=n^2",Reference (flow convention),g,1.6324515165707574,1.4232719472945603e-07
"n=5000, N=n^2",Reference (flow convention),g,1.636845026523504,1.0232545006928845e-06
"n=5000, N=n^2",Reference (flow convention),g,1.6412385364762503,5.96392344611838e-06
"n=5000, N=n^2",Reference (flow convention),g,1.6456320464289969,2.817948678641562e-05
"n=5000, N=n^2",Reference (flow convention),g,1.6500255563817432,0.00010794107056754743
"n=5000, N=n^2",Reference (flow convention),g,1.6544190663344898,0.0003351914911171073
"n=5000, N=n^2",Reference (flow convention),g,1.658812576287236,0.0008438239980681746
"n=5000, N=n^2",Reference (flow convention),g,1.6632060862399825,0.0017221198867795047
"n=5000, N=n^2",Reference (flow convention),g,1.667599596192729,0.0028492300374016954
"n=5000, N=n^2",Reference (flow convention),g,1.6719931061454754,0.0038215915730492097
"n=5000, N=n^2",Reference (flow convention),g,1.676386616098222,0.004155408023567741
"n=5000, N=n^2",Reference (flow convention),g,1.6807801260509683,0.003662992737119168
"n=5000, N=n^2",Reference (flow convention),g,1.6851736360037148,0.0026176787017495548
"n=5000, N=n^2",Reference (flow convention),g,1.6895671459564612,0.0015167972197700091
"n=5000, N=n^2",Reference (flow convention),g,1.6939606559092077,0.0007144289078972524
"n=5000, N=n^2",Reference (flow convention),g,1.698354165861954,0.00028379941333896066
"n=5000, N=n^2",Reference (flow convention),g,1.7027476758147007,0.00014289132304729098
"n=5000, N=n^2",Reference (flow convention),g,1.707141185767447,0.0002484728258312517
"n=5000, N=n^2",Reference (flow convention),g,1.7115346957201933,0.0007230117304826556
"n=5000, N=n^2",Reference (flow convention),g,1.71592820567294,0.0018729547272672128
"n=5000, N=n^2",Reference (flow convention),g,1.7203217156256863,0.004044483497302653
"n=5000, N=n^2",Reference (flow convention),g,1.7247152255784328,0.007323608469010789
"n=5000, N=n^2",Reference (flow convention),g,1.7291087355311792,0.011353257019590304
"n=5000, N=n^2",Reference (flow convention),g,1.7335022454839257,0.015662637391474547
"n=5000, N=n^2",Reference (flow convention),g,1.737895755436672,0.020391241743277836
"n=5000, N=n^2",Reference (flow convention),g,1.7422892653894184,0.026564684771462073
"n=5000, N=n^2",Reference (flow convention),g,1.746682775342165,0.03533921543466335
"n=5000, N=n^2",Reference (flow convention),g,1.7510762852949115,0.04685157344133303
"n=5000, N=n^2",Reference (flow convention),g,1.755469795247658,0.059837762479734366
"n=5000, N=n^2",Reference (flow convention),g,1.7598633052004042,0.07240294010762785
"n=5000, N=n^2",Reference (flow convention),g,1.7642568151531508,0.08348583406770987
"n=5000, N=n^2",Reference (flow convention),g,1.7686503251058971,0.0941708183963979
"n=5000, N=n^2",Reference (flow convention),g,1.7730438350586437,0.10763340155353716
"n=5000, N=n^2",Reference (flow convention),g,1.77743734501139,0.12717523102601788
"n=5000, N=n^2",Reference (flow convention),g,1.7818308549641366,0.15419851992348171
"n=5000, N=n^2",Reference (flow convention),g,1.786224364916883,0.18891005110364625
"n=5000, N=n^2",Reference (flow convention),g,1.7906178748696293,0.23302644671170342
"n=5000, N=n^2",Reference (flow convention),g,1.7950113848223759,0.29018477025398554
"n=5000, N=n^2",Reference (flow convention),g,1.7994048947751224,0.36264271974467654
"n=5000, N=n^2",Reference (flow convention),g,1.8037984047278688,0.4484741760592766
"n=5000, N=n^2",Reference (flow convention),g,1.8081919146806151,0.5430151338873648
"n=5000, N=n^2",Reference (flow convention),g,1.8125854246333617,0.6429620305890269
"n=5000, N=n^2",Reference (flow convention),g,1.816978934586108,0.7489969455515675
"n=5000, N=n^2",Reference (flow convention),g,1.8213724445388546,0.8648753226723258
"n=5000, N=n^2",Reference (flow convention),g,1.825765954491601,0.9943336288252766
"n=5000, N=n^2",Reference (flow convention),g,1.8301594644443475,1.1390732320003585
"n=5000, N=n^2",Reference (flow convention),g,1.8345529743970939,1.2998089654586498
"n=5000, N=n^2",Reference (flow convention),g,1.8389464843498402,1.4790428904529618
"n=5000, N=n^2",Reference (flow convention),g,1.8433399943025868,1.6818304172342704
"n=5000, N=n^2",Reference (flow convention),g,1.8477335042553333,1.9119508001975054
"n=5000, N=n^2",Reference (flow convention),g,1.8521270142080797,2.1666660628811525
"n=5000, N=n^2",Reference (flow convention),g,1.856520524160826,2.4377754759793455
"n=5000, N=n^2",Reference (flow convention),g,1.8609140341135726,2.720289761672567
"n=5000, N=n^2",Reference (flow convention),g,1.865307544066319,3.018238901873629
"n=5000, N=n^2",Reference (flow convention),g,1.8697010540190655,3.3383075232900907
"n=5000, N=n^2",Reference (flow convention),g,1.8740945639718118,3.6767283433220896
"n=5000, N=n^2",Reference (flow convention),g,1.8784880739245584,4.013200242876451
"n=5000, N=n^2",Reference (flow convention),g,1.8828815838773048,4.31915832035937
"n=5000, N=n^2",Reference (flow convention),g,1.887275093830051,4.575899123277297
"n=5000, N=n^2",Reference (flow convention),g,1.8916686037827977,4.789012938664924
"n=5000, N=n^2",Reference (flow convention),g,1.8960621137355442,4.985567676694548
"n=5000, N=n^2",Reference (flow convention),g,1.9004556236882906,5.194059970692349
"n=5000, N=n^2",Reference (flow convention),g,1.904849133641037,5.423466513619272
"n=5000, N=n^2",Reference (flow convention),g,1.9092426435937835,5.658435282287858
"n=5000, N=n^2",Reference (flow convention),g,1.9136361535465298,5.87193214036898
"n=5000, N=n^2",Reference (flow convention),g,1.9180296634992764,6.042245905786495
"n=5000, N=n^2",Reference (flow convention),g,1.9224231734520227,6.161966534678668
"n=5000, N=n^2",Reference (flow convention),g,1.9268166834047693,6.237675689407888
"n=5000, N=n^2",Reference (flow convention),g,1.9312101933575156,6.285768357082832
"n=5000, N=n^2",Reference (flow convention),g,1.935603703310262,6.326868179647964
"n=5000, N=n^2",Reference (flow convention),g,1.9399972132630086,6.377845961550074
"n=5000, N=n^2",Reference (flow convention),g,1.9443907232157551,6.44277171070094
"n=5000, N=n^2",Reference (flow convention),g,1.9487842331685015,6.507424141732891
"n=5000, N=n^2",Reference (flow convention),g,1.9531777431212478,6.542100247327784
"n=5000, N=n^2",Reference (flow convention),g,1.9575712530739944,6.514118407924667
"n=5000, N=n^2",Reference (flow convention),g,1.9619647630267407,6.40404328906356
"n=5000, N=n^2",Reference (flow convention),g,1.9663582729794873,6.2141000346368465
"n=5000, N=n^2",Reference (flow convention),g,1.9707517829322336,5.963065204445541
"n=5000, N=n^2",Reference (flow convention),g,1.9751452928849802,5.674693099897567
"n=5000, N=n^2",Reference (flow convention),g,1.9795388028377265,5.3702716072952
"n=5000, N=n^2",Reference (flow convention),g,1.9839323127904729,5.066887495083203
"n=5000, N=n^2",Reference (flow convention),g,1.9883258227432195,4.7758520418635095
"n=5000, N=n^2",Reference (flow convention),g,1.992719332695966,4.4996658917350505
"n=5000, N=n^2",Reference (flow convention),g,1.9971128426487124,4.232325577294714
"n=5000, N=n^2",Reference (flow convention),g,2.0015063526014587,3.9653773308585567
"n=5000, N=n^2",Reference (flow convention),g,2.0058998625542053,3.6942997429714817
"n=5000, N=n^2",Reference (flow convention),g,2.010293372506952,3.419238792818831
"n=5000, N=n^2",Reference (flow convention),g,2.014686882459698,3.142319616529606
"n=5000, N=n^2",Reference (flow convention),g,2.0190803924124445,2.867579181258529
"n=5000, N=n^2",Reference (flow convention),g,2.023473902365191,2.6027552448630797
"n=5000, N=n^2",Reference (flow convention),g,2.0278674123179377,2.3569170201335443
"n=5000, N=n^2",Reference (flow convention),g,2.032260922270684,2.1343085241892017
"n=5000, N=n^2",Reference (flow convention),g,2.0366544322234303,1.9320302321573477
"n=5000, N=n^2",Reference (flow convention),g,2.041047942176177,1.7442588820874176
"n=5000, N=n^2",Reference (flow convention),g,2.045441452128923,1.5669925740654305
"n=5000, N=n^2",Reference (flow convention),g,2.0498349620816696,1.3988936165949195
"n=5000, N=n^2",Reference (flow convention),g,2.054228472034416,1.2405634512163328
"n=5000, N=n^2",Reference (flow convention),g,2.0586219819871623,1.0944283389388645
"n=5000, N=n^2",Reference (flow convention),g,2.063015491939909,0.9634948871628597
"n=5000, N=n^2",Reference (flow convention),g,2.0674090018926554,0.8485492768753058
"n=5000, N=n^2",Reference (flow convention),g,2.071802511845402,0.7469454538067379
"n=5000, N=n^2",Reference (flow convention),g,2.0761960217981485,0.6547381532145323
"n=5000, N=n^2",Reference (flow convention),g,2.0805895317508947,0.5697700227272595
"n=5000, N=n^2",Reference (flow convention),g,2.0849830417036412,0.49254765596736483
"n=5000, N=n^2",Reference (flow convention),g,2.089376551656388,0.4245425556917228
"n=5000, N=n^2",Reference (flow convention),g,2.093770061609134,0.3659823526773175
"n=5000, N=n^2",Reference (flow convention),g,2.0981635715618805,0.315044403431972
"n=5000, N=n^2",Reference (flow convention),g,2.102557081514627,0.2687383693163943
"n=5000, N=n^2",Reference (flow convention),g,2.106950591467373,0.22471448708072173
"n=5000, N=n^2",Reference (flow convention),g,2.1113441014201197,0.18294781379641437
"n=5000, N=n^2",Reference (flow convention),g,2.1157376113728663,0.14594098650950163
"n=5000, N=n^2",Reference (flow convention),g,2.120131121325613,0.1166765263750509
"n=5000, N=n^2",Reference (flow convention),g,2.1245246312783594,0.09579006960304984
"n=5000, N=n^2",Reference (flow convention),g,2.1289181412311056,0.08080705597022557
"n=5000, N=n^2",Reference (flow convention),g,2.133311651183852,0.0683308808480423
"n=5000, N=n^2",Reference (flow convention),g,2.1377051611365987,0.056846198188204515
"n=5000, N=n^2",Reference (flow convention),g,2.142098671089345,0.04723173641049197
"n=5000, N=n^2",Reference (flow convention),g,2.1464921810420914,0.040751575983262435
"n=5000, N=n^2",Reference (flow convention),g,2.150885690994838,0.03700013692257081
"n=5000, N=n^2",Reference (flow convention),g,2.155279200947584,0.03397574476389677
"n=5000, N=n^2",Reference (flow convention),g,2.1596727109003306,0.029813156362159022
"n=5000, N=n^2",Reference (flow convention),g,2.164066220853077,0.02407692935593007
"n=5000, N=n^2",Reference (flow convention),g,2.1684597308058238,0.017578382354361013
"n=5000, N=n^2",Reference (flow convention),g,2.1728532407585703,0.011478726675128042
"n=5000, N=n^2",Reference (flow convention),g,2.1772467507113165,0.006670140080352684
"n=5000, N=n^2",Reference (flow convention),g,2.181640260664063,0.003586743155277944
"n=5000, N=n^2",Reference (flow convention),g,2.1860337706168096,0.002221398994440619
"n=5000, N=n^2",Reference (flow convention),g,2.1904272805695557,0.0022271816121271506
"n=5000, N=n^2",Reference (flow convention),g,2.1948207905223023,0.0030192064401826854
"n=5000, N=n^2",Reference (flow convention),g,2.199214300475049,0.0038747399676326354
"n=5000, N=n^2",Reference (flow convention),g,2.203607810427795,0.004158738800584336
"n=5000, N=n^2",Reference (flow convention),g,2.2080013203805415,0.00363906994991169
"n=5000, N=n^2",Reference (flow convention),g,2.212394830333288,0.0025841187448255973
"n=5000, N=n^2",Reference (flow convention),g,2.2167883402860347,0.0014878744413897162
"n=5000, N=n^2",Reference (flow convention),g,2.2211818502387812,0.0006945235366878738
"n=5000, N=n^2",Reference (flow convention),g,2.2255753601915274,0.00026282268296524026
"n=5000, N=n^2",Reference (flow convention),g,2.229968870144274,8.062909907958052e-05
"n=5000, N=n^2",Reference (flow convention),g,2.2343623800970205,2.0052728620373577e-05
"n=5000, N=n^2",Reference (flow convention),g,2.2387558900497666,4.04303762919477e-06
"n=5000, N=n^2",Reference (flow convention),g,2.243149400002513,6.608375550050408e-07
"n=5000, N=n^2",Reference (flow convention),g,2.2475429099552597,8.756574986757558e-08
"n=5000, N=n^2",Reference (flow convention),g,2.251936419908006,9.40646511401256e-09
"n=5000, N=n^2",Reference (flow convention),g,2.2563299298607524,8.191647390183025e-10
"n=5000, N=n^2",Reference (flow convention),g,2.260723439813499,5.783206142913506e-11
"n=5000, N=n^2",Reference (flow convention),g,2.2651169497662456,3.3099293114876988e-12
"n=5000, N=n^2",Reference (flow convention),g,2.269510459718992,1.5357530526936838e-13
"n=5000, N=n^2",Reference (flow convention),g,2.2739039696717382,5.776658290137112e-15
"n=5000, N=n^2",Reference (flow convention),g,2.278297479624485,1.7615078860258213e-16
"n=5000, N=n^2",Reference (flow convention),g,2.2826909895772314,4.354568512829175e-18
"n=5000, N=n^2",Reference (flow convention),g,2.2870844995299775,8.72686558157535e-20
"n=5000, N=n^2",Reference (flow convention),g,2.291478009482724,1.4178296949525038e-21
"n=5000, N=n^2",Reference (flow convention),g,2.2958715194354706,1.8674220039985182e-23
"n=5000, N=n^2",Reference (flow convention),g,2.3002650293882168,1.993946485331858e-25
"n=5000, N=n^2",Reference (flow convention),g,2.3046585393409633,1.725985517650893e-27
"n=5000, N=n^2",Reference (flow convention),g,2.30905204929371,1.2111931861777054e-29
"n=5000, N=n^2",Reference (flow convention),g,2.3134455592464565,6.890366347893203e-32
"n=5000, N=n^2",Reference (flow convention),g,2.317839069199203,3.1777800185424417e-34
"n=5000, N=n^2",Reference (flow convention),g,2.322232579151949,1.188113605827156e-36
"n=5000, N=n^2",Reference (flow convention),g,2.3266260891046957,3.601179184914003e-39
"n=5000, N=n^2",Reference (flow convention),g,2.3310195990574423,8.848794629670081e-42
"n=5000, N=n^2",Reference (flow convention),g,2.3354131090101884,1.762690739273075e-44
"n=5000, N=n^2",Reference (flow convention),g,2.339806618962935,2.846562688566728e-47
"n=5000, N=n^2",Reference (flow convention),g,2.3442001289156815,3.7266448363515923e-50
"n=5000, N=n^2",Reference (flow convention),g,2.3485936388684276,3.955194813936175e-53
"n=5000, N=n^2",Reference (flow convention),g,2.352987148821174,3.4030660394965206e-56
"n=5000, N=n^2",Reference (flow convention),g,2.357380658773921,2.3736981813228676e-59
"n=5000, N=n^2",Reference (flow convention),g,2.3617741687266673,1.3422494652885664e-62
"n=5000, N=n^2",Reference (flow convention),g,2.366167678679414,6.153094779076676e-66
"n=5000, N=n^2",Reference (flow convention),g,2.37056118863216,2.2866863142224326e-69
"n=5000, N=n^2",Reference (flow convention),g,2.3749546985849066,6.889254091872507e-73
"n=5000, N=n^2",Reference (flow convention),g,2.379348208537653,1.6826370047856675e-76
"n=5000, N=n^2",Reference (flow convention),g,2.3837417184903993,3.3316647295950657e-80
"n=5000, N=n^2",Reference (flow convention),g,2.388135228443146,5.347918365950872e-84
"n=5000, N=n^2",Reference (Gaussian convention),g,1.5138267478466034,2.5851373950751918e-232
"n=5000, N=n^2",Reference (Gaussian convention),g,1.5182202577993498,1.888946122230513e-226
"n=5000, N=n^2",Reference (Gaussian convention),g,1.5226137677520963,1.1586758415322671e-220
"n=5000, N=n^2",Reference (Gaussian convention),g,1.5270072777048427,5.966378119567744e-215
"n=5000, N=n^2",Reference (Gaussian convention),g,1.5314007876575892,2.579087252511705e-209
"n=5000, N=n^2",Reference (Gaussian convention),g,1.5357942976103356,9.358963137141526e-204
"n=5000, N=n^2",Reference (Gaussian convention),g,1.5401878075630822,2.8509912124765916e-198
"n=5000, N=n^2",Reference (Gaussian convention),g,1.5445813175158285,7.290720695753273e-193
"n=5000, N=n^2",Reference (Gaussian convention),g,1.548974827468575,1.5651338467898115e-187
"n=5000, N=n^2",Reference (Gaussian convention),g,1.5533683374213214,2.8205834027365008e-182
"n=5000, N=n^2",Reference (Gaussian convention),g,1.557761847374068,4.26710027719337e-177
"n=5000, N=n^2",Reference (Gaussian convention),g,1.5621553573268143,5.419175202726623e-172
"n=5000, N=n^2",Reference (Gaussian convention),g,1.5665488672795607,5.777500282329462e-167
"n=5000, N=n^2",Reference (Gaussian convention),g,1.5709423772323072,5.170745931676136e-162
"n=5000, N=n^2",Reference (Gaussian convention),g,1.5753358871850536,3.884837548385021e-157
"n=5000, N=n^2",Reference (Gaussian convention),g,1.5797293971378001,2.450185507167985e-152
"n=5000, N=n^2",Reference (Gaussian convention),g,1.5841229070905465,1.2972733932197656e-147
"n=5000, N=n^2",Reference (Gaussian convention),g,1.588516417043293,5.765944998575678e-143
"n=5000, N=n^2",Reference (Gaussian convention),g,1.5929099269960394,2.1513740210136858e-138
"n=5000, N=n^2",Reference (Gaussian convention),g,1.597303436948786,6.738570631439243e-134
"n=5000, N=n^2",Reference (Gaussian convention),g,1.6016969469015323,1.7718464792376277e-129
"n=5000, N=n^2",Reference (Gaussian convention),g,1.6060904568542789,3.911027190241354e-125
"n=5000, N=n^2",Reference (Gaussian convention),g,1.6104839668070252,7.247062734098143e-121
"n=5000, N=n^2",Reference (Gaussian convention),g,1.6148774767597716,1.127300362235463e-116
"n=5000, N=n^2",Reference (Gaussian convention),g,1.6192709867125181,1.472053901096171e-112
"n=5000, N=n^2",Reference (Gaussian convention),g,1.6236644966652645,1.6136681187366238e-108
"n=5000, N=n^2",Reference (Gaussian convention),g,1.628058006618011,1.484947724313846e-104
"n=5000, N=n^2",Reference (Gaussian convention),g,1.6324515165707574,1.1471350558443653e-100
"n=5000, N=n^2",Reference (Gaussian convention),g,1.636845026523504,7.439168206718811e-97
"n=5000, N=n^2",Reference (Gaussian convention),g,1.6412385364762503,4.049865925243478e-93
"n=5000, N=n^2",Reference (Gaussian convention),g,1.6456320464289969,1.8508164592372197e-89
"n=5000, N=n^2",Reference (Gaussian convention),g,1.6500255563817432,7.100558347797715e-86
"n=5000, N=n^2",Reference (Gaussian convention),g,1.6544190663344898,2.28679949831407e-82
"n=5000, N=n^2",Reference (Gaussian convention),g,1.658812576287236,6.182585289575673e-79
"n=5000, N=n^2",Reference (Gaussian convention),g,1.6632060862399825,1.4031967960962208e-75
"n=5000, N=n^2",Reference (Gaussian convention),g,1.667599596192729,2.673458782259406e-72
"n=5000, N=n^2",Reference (Gaussian convention),g,1.6719931061454754,4.275971889062454e-69
"n=5000, N=n^2",Reference (Gaussian convention),g,1.676386616098222,5.741199393006091e-66
"n=5000, N=n^2",Reference (Gaussian convention),g,1.6807801260509683,6.471081347254989e-63
"n=5000, N=n^2",Reference (Gaussian convention),g,1.6851736360037148,6.122905104600519e-60
"n=5000, N=n^2",Reference (Gaussian convention),g,1.6895671459564612,4.8634520465776336e-57
"n=5000, N=n^2",Reference (Gaussian convention),g,1.6939606559092077,3.242934580966289e-54
"n=5000, N=n^2",Reference (Gaussian convention),g,1.698354165861954,1.8152572408094587e-51
"n=5000, N=n^2",Reference (Gaussian convention),g,1.7027476758147007,8.529913123534235e-49
"n=5000, N=n^2",Reference (Gaussian convention),g,1.707141185767447,3.3647862321231852e-46
"n=5000, N=n^2",Reference (Gaussian convention),g,1.7115346957201933,1.114234981179144e-43
"n=5000, N=n^2",Reference (Gaussian convention),g,1.71592820567294,3.0974374129344393e-41
"n=5000, N=n^2",Reference (Gaussian convention),g,1.7203217156256863,7.22827606252637e-39
"n=5000, N=n^2",Reference (Gaussian convention),g,1.7247152255784328,1.416032959415028e-36
"n=5000, N=n^2",Reference (Gaussian convention),g,1.7291087355311792,2.3287262224367672e-34
"n=5000, N=n^2",Reference (Gaussian convention),g,1.7335022454839257,3.214918333148179e-32
"n=5000, N=n^2",Reference (Gaussian convention),g,1.737895755436672,3.725871710665994e-30
"n=5000, N=n^2",Reference (Gaussian convention),g,1.7422892653894184,3.6248687763416197e-28
"n=5000, N=n^2",Reference (Gaussian convention),g,1.746682775342165,2.9604867500201675e-26
"n=5000, N=n^2",Reference (Gaussian convention),g,1.7510762852949115,2.029739924525317e-24
"n=5000, N=n^2",Reference (Gaussian convention),g,1.755469795247658,1.168218574258968e-22
"n=5000, N=n^2",Reference (Gaussian convention),g,1.7598633052004042,5.6443542117965615e-21
"n=5000, N=n^2",Reference (Gaussian convention),g,1.7642568151531508,2.2893429356778355e-19
"n=5000, N=n^2",Reference (Gaussian convention),g,1.7686503251058971,7.794959926292566e-18
"n=5000, N=n^2",Reference (Gaussian convention),g,1.7730438350586437,2.2280419344263635e-16
"n=5000, N=n^2",Reference (Gaussian convention),g,1.77743734501139,5.346127036937455e-15
"n=5000, N=n^2",Reference (Gaussian convention),g,1.7818308549641366,1.0768659092713977e-13
"n=5000, N=n^2",Reference (Gaussian convention),g,1.786224364916883,1.820918142258303e-12
"n=5000, N=n^2",Reference (Gaussian convention),g,1.7906178748696293,2.5847923370402234e-11
"n=5000, N=n^2",Reference (Gaussian convention),g,1.7950113848223759,3.080117840778107e-10
"n=5000, N=n^2",Reference (Gaussian convention),g,1.7994048947751224,3.0811684863579896e-09
"n=5000, N=n^2",Reference (Gaussian convention),g,1.8037984047278688,2.587438301516152e-08
"n=5000, N=n^2",Reference (Gaussian convention),g,1.8081919146806151,1.824025890820655e-07
"n=5000, N=n^2",Reference (Gaussian convention),g,1.8125854246333617,1.079439822622199e-06
"n=5000, N=n^2",Reference (Gaussian convention),g,1.816978934586108,5.3625619089144005e-06
"n=5000, N=n^2",Reference (Gaussian convention),g,1.8213724445388546,2.236416377213728e-05
"n=5000, N=n^2",Reference (Gaussian convention),g,1.825765954491601,7.829599308318606e-05
"n=5000, N=n^2",Reference (Gaussian convention),g,1.8301594644443475,0.00023010878887240932
"n=5000, N=n^2",Reference (Gaussian convention),g,1.8345529743970939,0.0005677207455058239
"n=5000, N=n^2",Reference (Gaussian convention),g,1.8389464843498402,0.0011758411526932822
"n=5000, N=n^2",Reference (Gaussian convention),g,1.8433399943025868,0.0020445278794651925
"n=5000, N=n^2",Reference (Gaussian convention),g,1.8477335042553333,0.0029849861181361283
"n=5000, N=n^2",Reference (Gaussian convention),g,1.8521270142080797,0.0036618671665562623
"n=5000, N=n^2",Reference (Gaussian convention),g,1.856520524160826,0.0037856108374386774
"n=5000, N=n^2",Reference (Gaussian convention),g,1.8609140341135726,0.0033373956125723335
"n=5000, N=n^2",Reference (Gaussian convention),g,1.865307544066319,0.0026278542254863676
"n=5000, N=n^2",Reference (Gaussian convention),g,1.8697010540190655,0.0021373006757123393
"n=5000, N=n^2",Reference (Gaussian convention),g,1.8740945639718118,0.002273028342126032
"n=5000, N=n^2",Reference (Gaussian convention),g,1.8784880739245584,0.0031906715684482468
"n=5000, N=n^2",Reference (Gaussian convention),g,1.8828815838773048,0.004728077259188662
"n=5000, N=n^2",Reference (Gaussian convention),g,1.887275093830051,0.00647660485940243
"n=5000, N=n^2",Reference (Gaussian convention),g,1.8916686037827977,0.00802656750175425
"n=5000, N=n^2",Reference (Gaussian convention),g,1.8960621137355442,0.009304186193194256
"n=5000, N=n^2",Reference (Gaussian convention),g,1.9004556236882906,0.010738963183485608
"n=5000, N=n^2",Reference (Gaussian convention),g,1.904849133641037,0.013055515919813172
"n=5000, N=n^2",Reference (Gaussian convention),g,1.9092426435937835,0.016829369031797763
"n=5000, N=n^2",Reference (Gaussian convention),g,1.9136361535465298,0.02218993122190204
"n=5000, N=n^2",Reference (Gaussian convention),g,1.9180296634992764,0.028851795525895615
"n=5000, N=n^2",Reference (Gaussian convention),g,1.9224231734520227,0.03629671673123625
"n=5000, N=n^2",Reference (Gaussian convention),g,1.9268166834047693,0.04396487149192507
"n=5000, N=n^2",Reference (Gaussian convention),g,1.9312101933575156,0.05161381253950337
"n=5000, N=n^2",Reference (Gaussian convention),g,1.935603703310262,0.059890277885502205
"n=5000, N=n^2",Reference (Gaussian convention),g,1.9399972132630086,0.07064494982243744
"n=5000, N=n^2",Reference (Gaussian convention),g,1.9443907232157551,0.08647323968804028
"n=5000, N=n^2",Reference (Gaussian convention),g,1.9487842331685015,0.10968799603156744
"n=5000, N=n^2",Reference (Gaussian convention),g,1.9531777431212478,0.1415052102053736
"n=5000, N=n^2",Reference (Gaussian convention),g,1.9575712530739944,0.18188404255390883
"n=5000, N=n^2",Reference (Gaussian convention),g,1.9619647630267407,0.2298337743355056
"n=5000, N=n^2",Reference (Gaussian convention),g,1.9663582729794873,0.28405830793576486
"n=5000, N=n^2",Reference (Gaussian convention),g,1.9707517829322336,0.3440835753877761
"n=5000, N=n^2",Reference (Gaussian convention),g,1.9751452928849802,0.41134724365235326
"n=5000, N=n^2",Reference (Gaussian convention),g,1.9795388028377265,0.48881095688881826
"n=5000, N=n^2",Reference (Gaussian convention),g,1.9839323127904729,0.5785454441809337
"n=5000, N=n^2",Reference (Gaussian convention),g,1.9883258227432195,0.6792033270153817
"n=5000, N=n^2",Reference (Gaussian convention),g,1.992719332695966,0.786194323399836
"n=5000, N=n^2",Reference (Gaussian convention),g,1.9971128426487124,0.895026144582818
"n=5000, N=n^2",Reference (Gaussian convention),g,2.0015063526014587,1.005138359686064
"n=5000, N=n^2",Reference (Gaussian convention),g,2.0058998625542053,1.1210662028706608
"n=5000, N=n^2",Reference (Gaussian convention),g,2.010293372506952,1.2500773656760709
"n=5000, N=n^2",Reference (Gaussian convention),g,2.014686882459698,1.397995697447947
"n=5000, N=n^2",Reference (Gaussian convention),g,2.0190803924124445,1.566005921460552
"n=5000, N=n^2",Reference (Gaussian convention),g,2.023473902365191,1.7505670614387354
"n=5000, N=n^2",Reference (Gaussian convention),g,2.0278674123179377,1.94626913366078
"n=5000, N=n^2",Reference (Gaussian convention),g,2.032260922270684,2.1489850467437486
"n=5000, N=n^2",Reference (Gaussian convention),g,2.0366544322234303,2.3567805201101057
"n=5000, N=n^2",Reference (Gaussian convention),g,2.041047942176177,2.5690028573084533
"n=5000, N=n^2",Reference (Gaussian convention),g,2.045441452128923,2.7859346304830575
"n=5000, N=n^2",Reference (Gaussian convention),g,2.0498349620816696,3.009537009770682
"n=5000, N=n^2",Reference (Gaussian convention),g,2.054228472034416,3.2428799487263325
"n=5000, N=n^2",Reference (Gaussian convention),g,2.0586219819871623,3.4866946941060415
"n=5000, N=n^2",Reference (Gaussian convention),g,2.063015491939909,3.7356951622871284
"n=5000, N=n^2",Reference (Gaussian convention),g,2.0674090018926554,3.9790834069178143
"n=5000, N=n^2",Reference (Gaussian convention),g,2.071802511845402,4.205915631600281
"n=5000, N=n^2",Reference (Gaussian convention),g,2.0761960217981485,4.411098554336641
"n=5000, N=n^2",Reference (Gaussian convention),g,2.0805895317508947,4.597492762287172
"n=5000, N=n^2",Reference (Gaussian convention),g,2.0849830417036412,4.773630101456359
"n=5000, N=n^2",Reference (Gaussian convention),g,2.089376551656388,4.949768776940791
"n=5000, N=n^2",Reference (Gaussian convention),g,2.093770061609134,5.134351053479078
"n=5000, N=n^2",Reference (Gaussian convention),g,2.0981635715618805,5.33064389202364
"n=5000, N=n^2",Reference (Gaussian convention),g,2.102557081514627,5.533334105848339
"n=5000, N=n^2",Reference (Gaussian convention),g,2.106950591467373,5.727308721588417
"n=5000, N=n^2",Reference (Gaussian convention),g,2.1113441014201197,5.891735114129942
"n=5000, N=n^2",Reference (Gaussian convention),g,2.1157376113728663,6.0088295489771255
"n=5000, N=n^2",Reference (Gaussian convention),g,2.120131121325613,6.071580254354067
"n=5000, N=n^2",Reference (Gaussian convention),g,2.1245246312783594,6.084796549950441
"n=5000, N=n^2",Reference (Gaussian convention),g,2.1289181412311056,6.059820642669795
"n=5000, N=n^2",Reference (Gaussian convention),g,2.133311651183852,6.007939253638741
"n=5000, N=n^2",Reference (Gaussian convention),g,2.1377051611365987,5.93635285088651
"n=5000, N=n^2",Reference (Gaussian convention),g,2.142098671089345,5.847187239421988
"n=5000, N=n^2",Reference (Gaussian convention),g,2.1464921810420914,5.738885223441184
"n=5000, N=n^2",Reference (Gaussian convention),g,2.150885690994838,5.609231141965261
"n=5000, N=n^2",Reference (Gaussian convention),g,2.155279200947584,5.458186633188804
"n=5000, N=n^2",Reference (Gaussian convention),g,2.1596727109003306,5.288241814921958
"n=5000, N=n^2",Reference (Gaussian convention),g,2.164066220853077,5.101954599427575
"n=5000, N=n^2",Reference (Gaussian convention),g,2.1684597308058238,4.8993227428898924
"n=5000, N=n^2",Reference (Gaussian convention),g,2.1728532407585703,4.678382469026678
"n=5000, N=n^2",Reference (Gaussian convention),g,2.1772467507113165,4.4393544315726565
"n=5000, N=n^2",Reference (Gaussian convention),g,2.181640260664063,4.188399463657523
"n=5000, N=n^2",Reference (Gaussian convention),g,2.1860337706168096,3.9367418121942137
"n=5000, N=n^2",Reference (Gaussian convention),g,2.1904272805695557,3.6955251544139744
"n=5000, N=n^2",Reference (Gaussian convention),g,2.1948207905223023,3.4709082296291367
"n=5000, N=n^2",Reference (Gaussian convention),g,2.199214300475049,3.2629883426232604
"n=5000, N=n^2",Reference (Gaussian convention),g,2.203607810427795,3.068044657295572
"n=5000, N=n^2",Reference (Gaussian convention),g,2.2080013203805415,2.8812313240740806
"n=5000, N=n^2",Reference (Gaussian convention),g,2.212394830333288,2.6979874256649317
"n=5000, N=n^2",Reference (Gaussian convention),g,2.2167883402860347,2.514525186470738
"n=5000, N=n^2",Reference (Gaussian convention),g,2.2211818502387812,2.3281020902297223
"n=5000, N=n^2",Reference (Gaussian convention),g,2.2255753601915274,2.1371743452559064
"n=5000, N=n^2",Reference (Gaussian convention),g,2.229968870144274,1.9418773841507215
"n=5000, N=n^2",Reference (Gaussian convention),g,2.2343623800970205,1.7454275159873855
"n=5000, N=n^2",Reference (Gaussian convention),g,2.2387558900497666,1.5552892478984965
"n=5000, N=n^2",Reference (Gaussian convention),g,2.243149400002513,1.381647923153297
"n=5000, N=n^2",Reference (Gaussian convention),g,2.2475429099552597,1.232822728346613
"n=5000, N=n^2",Reference (Gaussian convention),g,2.251936419908006,1.1106218359621958
"n=5000, N=n^2",Reference (Gaussian convention),g,2.2563299298607524,1.0091095081715362
"n=5000, N=n^2",Reference (Gaussian convention),g,2.260723439813499,0.9176968021519857
"n=5000, N=n^2",Reference (Gaussian convention),g,2.2651169497662456,0.8266676307076309
"n=5000, N=n^2",Reference (Gaussian convention),g,2.269510459718992,0.7318463536268394
"n=5000, N=n^2",Reference (Gaussian convention),g,2.2739039696717382,0.6356163164345758
"n=5000, N=n^2",Reference (Gaussian convention),g,2.278297479624485,0.5440551137108874
"n=5000, N=n^2",Reference (Gaussian convention),g,2.2826909895772314,0.46282109809154
"n=5000, N=n^2",Reference (Gaussian convention),g,2.2870844995299775,0.3946952745467415
"n=5000, N=n^2",Reference (Gaussian convention),g,2.291478009482724,0.3393062082559638
"n=5000, N=n^2",Reference (Gaussian convention),g,2.2958715194354706,0.2938855222307186
"n=5000, N=n^2",Reference (Gaussian convention),g,2.3002650293882168,0.2545529066059305
"n=5000, N=n^2",Reference (Gaussian convention),g,2.3046585393409633,0.21824385332157056
"n=5000, N=n^2",Reference (Gaussian convention),g,2.30905204929371,0.18430434718671615
"n=5000, N=n^2",Reference (Gaussian convention),g,2.3134455592464565,0.154165149742277
"n=5000, N=n^2",Reference (Gaussian convention),g,2.317839069199203,0.12926581074849205
"n=5000, N=n^2",Reference (Gaussian convention),g,2.322232579151949,0.10938409634923489
"n=5000, N=n^2",Reference (Gaussian convention),g,2.3266260891046957,0.09290513080620143
"n=5000, N=n^2",Reference (Gaussian convention),g,2.3310195990574423,0.07826578680256828
"n=5000, N=n^2",Reference (Gaussian convention),g,2.3354131090101884,0.0648515900396721
"n=5000, N=n^2",Reference (Gaussian convention),g,2.339806618962935,0.05275032139690885
"n=5000, N=n^2",Reference (Gaussian convention),g,2.3442001289156815,0.04211787118626525
"n=5000, N=n^2",Reference (Gaussian convention),g,2.3485936388684276,0.03297276374328644
"n=5000, N=n^2",Reference (Gaussian convention),g,2.352987148821174,0.025386154272646143
"n=5000, N=n^2",Reference (Gaussian convention),g,2.357380658773921,0.01952816598155275
"n=5000, N=n^2",Reference (Gaussian convention),g,2.3617741687266673,0.015380242540264096
"n=5000, N=n^2",Reference (Gaussian convention),g,2.366167678679414,0.01248945812783
"n=5000, N=n^2",Reference (Gaussian convention),g,2.37056118863216,0.01013925378872207
"n=5000, N=n^2",Reference (Gaussian convention),g,2.3749546985849066,0.0078049486792681885
"n=5000, N=n^2",Reference (Gaussian convention),g,2.379348208537653,0.005435266000063204
"n=5000, N=n^2",Reference (Gaussian convention),g,2.3837417184903993,0.0033217180292354083
"n=5000, N=n^2",Reference (Gaussian convention),g,2.388135228443146,0.001755916715617802
"n=5000, N=n^2",flow-NPE,g,1.5138267478466034,0.06558422496942501
"n=5000, N=n^2",flow-NPE,g,1.5182202577993498,0.07371545161715211
"n=5000, N=n^2",flow-NPE,g,1.5226137677520963,0.08266947960241314
"n=5000, N=n^2",flow-NPE,g,1.5270072777048427,0.09242142542749136
"n=5000, N=n^2",flow-NPE,g,1.5314007876575892,0.10293893937448531
"n=5000, N=n^2",flow-NPE,g,1.5357942976103356,0.11419134130885318
"n=5000, N=n^2",flow-NPE,g,1.5401878075630822,0.12615807616297908
"n=5000, N=n^2",flow-NPE,g,1.5445813175158285,0.13883520079264128
"n=5000, N=n^2",flow-NPE,g,1.548974827468575,0.1522390763455388
"n=5000, N=n^2",flow-NPE,g,1.5533683374213214,0.16640692441716892
"n=5000, N=n^2",flow-NPE,g,1.557761847374068,0.18139429275841543
"n=5000, N=n^2",flow-NPE,g,1.5621553573268143,0.1972697636762858
"n=5000, N=n^2",flow-NPE,g,1.5665488672795607,0.214107520191249
"n=5000, N=n^2",flow-NPE,g,1.5709423772323072,0.23197876838183315
"n=5000, N=n^2",flow-NPE,g,1.5753358871850536,0.2509435093114221
"n=5000, N=n^2",flow-NPE,g,1.5797293971378001,0.2710446081479973
"n=5000, N=n^2",flow-NPE,g,1.5841229070905465,0.2923062352669553
"n=5000, N=n^2",flow-NPE,g,1.588516417043293,0.3147382613630125
"n=5000, N=n^2",flow-NPE,g,1.5929099269960394,0.33834695108830876
"n=5000, N=n^2",flow-NPE,g,1.597303436948786,0.36315049585486564
"n=5000, N=n^2",flow-NPE,g,1.6016969469015323,0.3891960520454095
"n=5000, N=n^2",flow-NPE,g,1.6060904568542789,0.4165736808060055
"n=5000, N=n^2",flow-NPE,g,1.6104839668070252,0.4454225218097672
"n=5000, N=n^2",flow-NPE,g,1.6148774767597716,0.4759259392042452
"n=5000, N=n^2",flow-NPE,g,1.6192709867125181,0.5082950160395856
"n=5000, N=n^2",flow-NPE,g,1.6236644966652645,0.5427429299147447
"n=5000, N=n^2",flow-NPE,g,1.628058006618011,0.5794554444647477
"n=5000, N=n^2",flow-NPE,g,1.6324515165707574,0.6185641029384171
"n=5000, N=n^2",flow-NPE,g,1.636845026523504,0.6601282203938127
"n=5000, N=n^2",flow-NPE,g,1.6412385364762503,0.7041295445491476
"n=5000, N=n^2",flow-NPE,g,1.6456320464289969,0.7504801713951428
"n=5000, N=n^2",flow-NPE,g,1.6500255563817432,0.799040987053514
"n=5000, N=n^2",flow-NPE,g,1.6544190663344898,0.8496455851593199
"n=5000, N=n^2",flow-NPE,g,1.658812576287236,0.9021239500957683
"n=5000, N=n^2",flow-NPE,g,1.6632060862399825,0.9563212958737424
"n=5000, N=n^2",flow-NPE,g,1.667599596192729,1.012109806070557
"n=5000, N=n^2",flow-NPE,g,1.6719931061454754,1.0693937182361424
"n=5000, N=n^2",flow-NPE,g,1.676386616098222,1.1281102393885807
"n=5000, N=n^2",flow-NPE,g,1.6807801260509683,1.1882294430600013
"n=5000, N=n^2",flow-NPE,g,1.6851736360037148,1.2497553888164845
"n=5000, N=n^2",flow-NPE,g,1.6895671459564612,1.312728625974071
"n=5000, N=n^2",flow-NPE,g,1.6939606559092077,1.3772278469424926
"n=5000, N=n^2",flow-NPE,g,1.698354165861954,1.4433667341177907
"n=5000, N=n^2",flow-NPE,g,1.7027476758147007,1.5112817745838298
"n=5000, N=n^2",flow-NPE,g,1.707141185767447,1.5811082932426752
"n=5000, N=n^2",flow-NPE,g,1.7115346957201933,1.6529448971152563
"n=5000, N=n^2",flow-NPE,g,1.71592820567294,1.7268101768832471
"n=5000, N=n^2",flow-NPE,g,1.7203217156256863,1.8025988808263196
"n=5000, N=n^2",flow-NPE,g,1.7247152255784328,1.8800468965360206
"n=5000, N=n^2",flow-NPE,g,1.7291087355311792,1.9587145413273335
"n=5000, N=n^2",flow-NPE,g,1.7335022454839257,2.0379955722823775
"n=5000, N=n^2",flow-NPE,g,1.737895755436672,2.1171551535080613
"n=5000, N=n^2",flow-NPE,g,1.7422892653894184,2.195394411949714
"n=5000, N=n^2",flow-NPE,g,1.746682775342165,2.271933242896772
"n=5000, N=n^2",flow-NPE,g,1.7510762852949115,2.346098029251759
"n=5000, N=n^2",flow-NPE,g,1.755469795247658,2.4173982576331587
"n=5000, N=n^2",flow-NPE,g,1.7598633052004042,2.4855766449905783
"n=5000, N=n^2",flow-NPE,g,1.7642568151531508,2.550621621936608
"n=5000, N=n^2",flow-NPE,g,1.7686503251058971,2.6127382103391414
"n=5000, N=n^2",flow-NPE,g,1.7730438350586437,2.672281935584897
"n=5000, N=n^2",flow-NPE,g,1.77743734501139,2.729668317565492
"n=5000, N=n^2",flow-NPE,g,1.7818308549641366,2.7852756018454348
"n=5000, N=n^2",flow-NPE,g,1.786224364916883,2.839359314786323
"n=5000, N=n^2",flow-NPE,g,1.7906178748696293,2.891993709511949
"n=5000, N=n^2",flow-NPE,g,1.7950113848223759,2.943048255950953
"n=5000, N=n^2",flow-NPE,g,1.7994048947751224,2.9921990331050163
"n=5000, N=n^2",flow-NPE,g,1.8037984047278688,3.0389675415144457
"n=5000, N=n^2",flow-NPE,g,1.8081919146806151,3.0827749714036665
"n=5000, N=n^2",flow-NPE,g,1.8125854246333617,3.1229992279705603
"n=5000, N=n^2",flow-NPE,g,1.816978934586108,3.1590247107363676
"n=5000, N=n^2",flow-NPE,g,1.8213724445388546,3.1902796673027507
"n=5000, N=n^2",flow-NPE,g,1.825765954491601,3.216261136220348
"n=5000, N=n^2",flow-NPE,g,1.8301594644443475,3.236551446652556
"n=5000, N=n^2",flow-NPE,g,1.8345529743970939,3.2508319420864344
"n=5000, N=n^2",flow-NPE,g,1.8389464843498402,3.2588988205901117
"n=5000, N=n^2",flow-NPE,g,1.8433399943025868,3.260683236704235
"n=5000, N=n^2",flow-NPE,g,1.8477335042553333,3.2562740781070616
"n=5000, N=n^2",flow-NPE,g,1.8521270142080797,3.2459382935391248
"n=5000, N=n^2",flow-NPE,g,1.856520524160826,3.230131398455792
"n=5000, N=n^2",flow-NPE,g,1.8609140341135726,3.2094905875682045
"n=5000, N=n^2",flow-NPE,g,1.865307544066319,3.184804998245368
"n=5000, N=n^2",flow-NPE,g,1.8697010540190655,3.156961749348092
"n=5000, N=n^2",flow-NPE,g,1.8740945639718118,3.1268715044821898
"n=5000, N=n^2",flow-NPE,g,1.8784880739245584,3.095382176434858
"n=5000, N=n^2",flow-NPE,g,1.8828815838773048,3.0631926721308544
"n=5000, N=n^2",flow-NPE,g,1.887275093830051,3.0307793327050345
"n=5000, N=n^2",flow-NPE,g,1.8916686037827977,2.9983457284986645
"n=5000, N=n^2",flow-NPE,g,1.8960621137355442,2.9658023274520238
"n=5000, N=n^2",flow-NPE,g,1.9004556236882906,2.932777506347787
"n=5000, N=n^2",flow-NPE,g,1.904849133641037,2.8986568510378183
"n=5000, N=n^2",flow-NPE,g,1.9092426435937835,2.862644793224888
"n=5000, N=n^2",flow-NPE,g,1.9136361535465298,2.823841720712932
"n=5000, N=n^2",flow-NPE,g,1.9180296634992764,2.7813303042081645
"n=5000, N=n^2",flow-NPE,g,1.9224231734520227,2.7342658606757886
"n=5000, N=n^2",flow-NPE,g,1.9268166834047693,2.6819660157231584
"n=5000, N=n^2",flow-NPE,g,1.9312101933575156,2.623994122962575
"n=5000, N=n^2",flow-NPE,g,1.935603703310262,2.5602290667076875
"n=5000, N=n^2",flow-NPE,g,1.9399972132630086,2.490912230887721
"n=5000, N=n^2",flow-NPE,g,1.9443907232157551,2.4166619555599245
"n=5000, N=n^2",flow-NPE,g,1.9487842331685015,2.3384478672525075
"n=5000, N=n^2",flow-NPE,g,1.9531777431212478,2.257522385908793
"n=5000, N=n^2",flow-NPE,g,1.9575712530739944,2.1753137275460213
"n=5000, N=n^2",flow-NPE,g,1.9619647630267407,2.093292183986564
"n=5000, N=n^2",flow-NPE,g,1.9663582729794873,2.012827356738278
"n=5000, N=n^2",flow-NPE,g,1.9707517829322336,1.935056670358658
"n=5000, N=n^2",flow-NPE,g,1.9751452928849802,1.860784101853967
"n=5000, N=n^2",flow-NPE,g,1.9795388028377265,1.7904229604902078
"n=5000, N=n^2",flow-NPE,g,1.9839323127904729,1.7239890038172714
"n=5000, N=n^2",flow-NPE,g,1.9883258227432195,1.6611419374228382
"n=5000, N=n^2",flow-NPE,g,1.992719332695966,1.6012661295693018
"n=5000, N=n^2",flow-NPE,g,1.9971128426487124,1.543576423838096
"n=5000, N=n^2",flow-NPE,g,2.0015063526014587,1.487232836447808
"n=5000, N=n^2",flow-NPE,g,2.0058998625542053,1.4314486201106718
"n=5000, N=n^2",flow-NPE,g,2.010293372506952,1.3755791174070984
"n=5000, N=n^2",flow-NPE,g,2.014686882459698,1.3191831826522076
"n=5000, N=n^2",flow-NPE,g,2.0190803924124445,1.2620537914932581
"n=5000, N=n^2",flow-NPE,g,2.023473902365191,1.2042189109921284
"n=5000, N=n^2",flow-NPE,g,2.0278674123179377,1.1459170996339891
"n=5000, N=n^2",flow-NPE,g,2.032260922270684,1.0875542955815565
"n=5000, N=n^2",flow-NPE,g,2.0366544322234303,1.0296488616677415
"n=5000, N=n^2",flow-NPE,g,2.041047942176177,0.9727715559589492
"n=5000, N=n^2",flow-NPE,g,2.045441452128923,0.9174862377844272
"n=5000, N=n^2",flow-NPE,g,2.0498349620816696,0.8642962978679652
"n=5000, N=n^2",flow-NPE,g,2.054228472034416,0.8136012421156419
"n=5000, N=n^2",flow-NPE,g,2.0586219819871623,0.7656674173464155
"n=5000, N=n^2",flow-NPE,g,2.063015491939909,0.720616117975339
"n=5000, N=n^2",flow-NPE,g,2.0674090018926554,0.6784307952361008
"n=5000, N=n^2",flow-NPE,g,2.071802511845402,0.6389826095734134
"n=5000, N=n^2",flow-NPE,g,2.0761960217981485,0.6020703975932628
"n=5000, N=n^2",flow-NPE,g,2.0805895317508947,0.5674680135119037
"n=5000, N=n^2",flow-NPE,g,2.0849830417036412,0.5349699403543812
"n=5000, N=n^2",flow-NPE,g,2.089376551656388,0.5044259068182912
"n=5000, N=n^2",flow-NPE,g,2.093770061609134,0.47575735482120307
"n=5000, N=n^2",flow-NPE,g,2.0981635715618805,0.4489526464638536
"n=5000, N=n^2",flow-NPE,g,2.102557081514627,0.4240428987338198
"n=5000, N=n^2",flow-NPE,g,2.106950591467373,0.401064957943265
"n=5000, N=n^2",flow-NPE,g,2.1113441014201197,0.3800210124671855
"n=5000, N=n^2",flow-NPE,g,2.1157376113728663,0.36084490178642353
"n=5000, N=n^2",flow-NPE,g,2.120131121325613,0.34338323058379666
"n=5000, N=n^2",flow-NPE,g,2.1245246312783594,0.3273955655442024
"n=5000, N=n^2",flow-NPE,g,2.1289181412311056,0.3125733900289843
"n=5000, N=n^2",flow-NPE,g,2.133311651183852,0.29857335047393213
"n=5000, N=n^2",flow-NPE,g,2.1377051611365987,0.28505763197170364
"n=5000, N=n^2",flow-NPE,g,2.142098671089345,0.27173352492708175
"n=5000, N=n^2",flow-NPE,g,2.1464921810420914,0.25838528507171893
"n=5000, N=n^2",flow-NPE,g,2.150885690994838,0.24489367881887
"n=5000, N=n^2",flow-NPE,g,2.155279200947584,0.23124136551925525
"n=5000, N=n^2",flow-NPE,g,2.1596727109003306,0.21750478234728632
"n=5000, N=n^2",flow-NPE,g,2.164066220853077,0.2038350173494047
"n=5000, N=n^2",flow-NPE,g,2.1684597308058238,0.19043116423048306
"n=5000, N=n^2",flow-NPE,g,2.1728532407585703,0.17750999055002714
"n=5000, N=n^2",flow-NPE,g,2.1772467507113165,0.16527566601736665
"n=5000, N=n^2",flow-NPE,g,2.181640260664063,0.15389298782342928
"n=5000, N=n^2",flow-NPE,g,2.1860337706168096,0.1434670715850577
"n=5000, N=n^2",flow-NPE,g,2.1904272805695557,0.13403179684842612
"n=5000, N=n^2",flow-NPE,g,2.1948207905223023,0.12554832112612688
"n=5000, N=n^2",flow-NPE,g,2.199214300475049,0.11791369629869723
"n=5000, N=n^2",flow-NPE,g,2.203607810427795,0.1109781656715653
"n=5000, N=n^2",flow-NPE,g,2.2080013203805415,0.10456835002522831
"n=5000, N=n^2",flow-NPE,g,2.212394830333288,0.09851256118106319
"n=5000, N=n^2",flow-NPE,g,2.2167883402860347,0.09266416954746448
"n=5000, N=n^2",flow-NPE,g,2.2211818502387812,0.0869194036374212
"n=5000, N=n^2",flow-NPE,g,2.2255753601915274,0.0812270875211781
"n=5000, N=n^2",flow-NPE,g,2.229968870144274,0.0755893717146936
"n=5000, N=n^2",flow-NPE,g,2.2343623800970205,0.0700541386252983
"n=5000, N=n^2",flow-NPE,g,2.2387558900497666,0.06470112668243051
"n=5000, N=n^2",flow-NPE,g,2.243149400002513,0.05962466974651572
"n=5000, N=n^2",flow-NPE,g,2.2475429099552597,0.05491618102474632
"n=5000, N=n^2",flow-NPE,g,2.251936419908006,0.05064915822668366
"n=5000, N=n^2",flow-NPE,g,2.2563299298607524,0.04686869806324758
"n=5000, N=n^2",flow-NPE,g,2.260723439813499,0.04358649664756218
"n=5000, N=n^2",flow-NPE,g,2.2651169497662456,0.04078130012747144
"n=5000, N=n^2",flow-NPE,g,2.269510459718992,0.03840394023479663
"n=5000, N=n^2",flow-NPE,g,2.2739039696717382,0.03638555458751376
"n=5000, N=n^2",flow-NPE,g,2.278297479624485,0.0346473814998144
"n=5000, N=n^2",flow-NPE,g,2.2826909895772314,0.03311059189339139
"n=5000, N=n^2",flow-NPE,g,2.2870844995299775,0.03170489029937443
"n=5000, N=n^2",flow-NPE,g,2.291478009482724,0.03037498626579877
"n=5000, N=n^2",flow-NPE,g,2.2958715194354706,0.029084428704021018
"n=5000, N=n^2",flow-NPE,g,2.3002650293882168,0.027816663063324996
"n=5000, N=n^2",flow-NPE,g,2.3046585393409633,0.026573497073047184
"n=5000, N=n^2",flow-NPE,g,2.30905204929371,0.025371439326672424
"n=5000, N=n^2",flow-NPE,g,2.3134455592464565,0.024236594988092247
"n=5000, N=n^2",flow-NPE,g,2.317839069199203,0.023198940176996086
"n=5000, N=n^2",flow-NPE,g,2.322232579151949,0.02228682053016969
"n=5000, N=n^2",flow-NPE,g,2.3266260891046957,0.021522409968843723
"n=5000, N=n^2",flow-NPE,g,2.3310195990574423,0.020918630887755918
"n=5000, N=n^2",flow-NPE,g,2.3354131090101884,0.020477720936388336
"n=5000, N=n^2",flow-NPE,g,2.339806618962935,0.0201913072083273
"n=5000, N=n^2",flow-NPE,g,2.3442001289156815,0.020041597078393817
"n=5000, N=n^2",flow-NPE,g,2.3485936388684276,0.02000317923519919
"n=5000, N=n^2",flow-NPE,g,2.352987148821174,0.020044972128128894
"n=5000, N=n^2",flow-NPE,g,2.357380658773921,0.02013203465182876
"n=5000, N=n^2",flow-NPE,g,2.3617741687266673,0.02022719728839127
"n=5000, N=n^2",flow-NPE,g,2.366167678679414,0.020292690097627936
"n=5000, N=n^2",flow-NPE,g,2.37056118863216,0.02029205096316564
"n=5000, N=n^2",flow-NPE,g,2.3749546985849066,0.0201925411913324
"n=5000, N=n^2",flow-NPE,g,2.379348208537653,0.019968078667317115
"n=5000, N=n^2",flow-NPE,g,2.3837417184903993,0.019602385060181214
"n=5000, N=n^2",flow-NPE,g,2.388135228443146,0.01909174386724742
"n=5000, N=n^2",Gaussian-NPE,g,1.5138267478466034,0.016562978262720695
"n=5000, N=n^2",Gaussian-NPE,g,1.5182202577993498,0.01804911373197421
"n=5000, N=n^2",Gaussian-NPE,g,1.5226137677520963,0.019772864438951272
"n=5000, N=n^2",Gaussian-NPE,g,1.5270072777048427,0.021831748750567453
"n=5000, N=n^2",Gaussian-NPE,g,1.5314007876575892,0.024327687189732643
"n=5000, N=n^2",Gaussian-NPE,g,1.5357942976103356,0.027357516333089547
"n=5000, N=n^2",Gaussian-NPE,g,1.5401878075630822,0.031003534597277144
"n=5000, N=n^2",Gaussian-NPE,g,1.5445813175158285,0.03532560913269523
"n=5000, N=n^2",Gaussian-NPE,g,1.548974827468575,0.040356260163366214
"n=5000, N=n^2",Gaussian-NPE,g,1.5533683374213214,0.046099723238304406
"n=5000, N=n^2",Gaussian-NPE,g,1.557761847374068,0.052535297354566565
"n=5000, N=n^2",Gaussian-NPE,g,1.5621553573268143,0.05962442980074684
"n=5000, N=n^2",Gaussian-NPE,g,1.5665488672795607,0.06732015823311185
"n=5000, N=n^2",Gaussian-NPE,g,1.5709423772323072,0.07557695539979008
"n=5000, N=n^2",Gaussian-NPE,g,1.5753358871850536,0.08435889716205858
"n=5000, N=n^2",Gaussian-NPE,g,1.5797293971378001,0.0936444863030654
"n=5000, N=n^2",Gaussian-NPE,g,1.5841229070905465,0.10342734077633499
"n=5000, N=n^2",Gaussian-NPE,g,1.588516417043293,0.11371306626253254
"n=5000, N=n^2",Gaussian-NPE,g,1.5929099269960394,0.12451365435353995
"n=5000, N=n^2",Gaussian-NPE,g,1.597303436948786,0.13584136499273722
"n=5000, N=n^2",Gaussian-NPE,g,1.6016969469015323,0.14770407504532146
"n=5000, N=n^2",Gaussian-NPE,g,1.6060904568542789,0.16010351503269046
"n=5000, N=n^2",Gaussian-NPE,g,1.6104839668070252,0.17303688800289643
"n=5000, N=n^2",Gaussian-NPE,g,1.6148774767597716,0.18650140792242675
"n=5000, N=n^2",Gaussian-NPE,g,1.6192709867125181,0.20050064017027253
"n=5000, N=n^2",Gaussian-NPE,g,1.6236644966652645,0.21505135978837814
"n=5000, N=n^2",Gaussian-NPE,g,1.628058006618011,0.23018993041644115
"n=5000, N=n^2",Gaussian-NPE,g,1.6324515165707574,0.24597771559193654
"n=5000, N=n^2",Gaussian-NPE,g,1.636845026523504,0.26250544385144525
"n=5000, N=n^2",Gaussian-NPE,g,1.6412385364762503,0.27989650475544
"n=5000, N=n^2",Gaussian-NPE,g,1.6456320464289969,0.2983087898236985
"n=5000, N=n^2",Gaussian-NPE,g,1.6500255563817432,0.3179340746335828
"n=5000, N=n^2",Gaussian-NPE,g,1.6544190663344898,0.3389933940235321
"n=5000, N=n^2",Gaussian-NPE,g,1.658812576287236,0.3617267451210861
"n=5000, N=n^2",Gaussian-NPE,g,1.6632060862399825,0.3863759933760751
"n=5000, N=n^2",Gaussian-NPE,g,1.667599596192729,0.41316106540391867
"n=5000, N=n^2",Gaussian-NPE,g,1.6719931061454754,0.4422511669911666
"n=5000, N=n^2",Gaussian-NPE,g,1.676386616098222,0.47373447482070796
"n=5000, N=n^2",Gaussian-NPE,g,1.6807801260509683,0.5075910647712267
"n=5000, N=n^2",Gaussian-NPE,g,1.6851736360037148,0.5436743548819891
"n=5000, N=n^2",Gaussian-NPE,g,1.6895671459564612,0.5817057923187344
"n=5000, N=n^2",Gaussian-NPE,g,1.6939606559092077,0.6212858402947313
"n=5000, N=n^2",Gaussian-NPE,g,1.698354165861954,0.6619217106243885
"n=5000, N=n^2",Gaussian-NPE,g,1.7027476758147007,0.7030691889012223
"n=5000, N=n^2",Gaussian-NPE,g,1.707141185767447,0.7441829768712658
"n=5000, N=n^2",Gaussian-NPE,g,1.7115346957201933,0.7847679847685296
"n=5000, N=n^2",Gaussian-NPE,g,1.71592820567294,0.8244235836084435
"n=5000, N=n^2",Gaussian-NPE,g,1.7203217156256863,0.8628742617500108
"n=5000, N=n^2",Gaussian-NPE,g,1.7247152255784328,0.8999831867372285
"n=5000, N=n^2",Gaussian-NPE,g,1.7291087355311792,0.935749079380833
"n=5000, N=n^2",Gaussian-NPE,g,1.7335022454839257,0.9702904391351518
"n=5000, N=n^2",Gaussian-NPE,g,1.737895755436672,1.0038234006497069
"n=5000, N=n^2",Gaussian-NPE,g,1.7422892653894184,1.0366396415032504
"n=5000, N=n^2",Gaussian-NPE,g,1.746682775342165,1.069088787838086
"n=5000, N=n^2",Gaussian-NPE,g,1.7510762852949115,1.1015664068194762
"n=5000, N=n^2",Gaussian-NPE,g,1.755469795247658,1.1345051661943004
"n=5000, N=n^2",Gaussian-NPE,g,1.7598633052004042,1.1683643795315728
"n=5000, N=n^2",Gaussian-NPE,g,1.7642568151531508,1.2036128256342746
"n=5000, N=n^2",Gaussian-NPE,g,1.7686503251058971,1.2407015770739624
"n=5000, N=n^2",Gaussian-NPE,g,1.7730438350586437,1.2800269551189771
"n=5000, N=n^2",Gaussian-NPE,g,1.77743734501139,1.3218874716976903
"n=5000, N=n^2",Gaussian-NPE,g,1.7818308549641366,1.3664414604325938
"n=5000, N=n^2",Gaussian-NPE,g,1.786224364916883,1.413673146948058
"n=5000, N=n^2",Gaussian-NPE,g,1.7906178748696293,1.4633739361195155
"n=5000, N=n^2",Gaussian-NPE,g,1.7950113848223759,1.5151431528106976
"n=5000, N=n^2",Gaussian-NPE,g,1.7994048947751224,1.5684092445485338
"n=5000, N=n^2",Gaussian-NPE,g,1.8037984047278688,1.6224694571856288
"n=5000, N=n^2",Gaussian-NPE,g,1.8081919146806151,1.676543824721883
"n=5000, N=n^2",Gaussian-NPE,g,1.8125854246333617,1.7298380836695653
"n=5000, N=n^2",Gaussian-NPE,g,1.816978934586108,1.7816095459496286
"n=5000, N=n^2",Gaussian-NPE,g,1.8213724445388546,1.831229641517234
"n=5000, N=n^2",Gaussian-NPE,g,1.825765954491601,1.8782365721708238
"n=5000, N=n^2",Gaussian-NPE,g,1.8301594644443475,1.9223714814639363
"n=5000, N=n^2",Gaussian-NPE,g,1.8345529743970939,1.9635922448562864
"n=5000, N=n^2",Gaussian-NPE,g,1.8389464843498402,2.002060965889228
"n=5000, N=n^2",Gaussian-NPE,g,1.8433399943025868,2.0381047546534066
"n=5000, N=n^2",Gaussian-NPE,g,1.8477335042553333,2.0721540036675323
"n=5000, N=n^2",Gaussian-NPE,g,1.8521270142080797,2.104667192069303
"n=5000, N=n^2",Gaussian-NPE,g,1.856520524160826,2.136054913205226
"n=5000, N=n^2",Gaussian-NPE,g,1.8609140341135726,2.1666170895467163
"n=5000, N=n^2",Gaussian-NPE,g,1.865307544066319,2.1965055102346938
"n=5000, N=n^2",Gaussian-NPE,g,1.8697010540190655,2.2257190330948036
"n=5000, N=n^2",Gaussian-NPE,g,1.8740945639718118,2.2541320207771856
"n=5000, N=n^2",Gaussian-NPE,g,1.8784880739245584,2.281549409265187
"n=5000, N=n^2",Gaussian-NPE,g,1.8828815838773048,2.3077759639999775
"n=5000, N=n^2",Gaussian-NPE,g,1.887275093830051,2.3326841584772207
"n=5000, N=n^2",Gaussian-NPE,g,1.8916686037827977,2.356265404610571
"n=5000, N=n^2",Gaussian-NPE,g,1.8960621137355442,2.378652912242052
"n=5000, N=n^2",Gaussian-NPE,g,1.9004556236882906,2.400110340014702
"n=5000, N=n^2",Gaussian-NPE,g,1.904849133641037,2.420987250089503
"n=5000, N=n^2",Gaussian-NPE,g,1.9092426435937835,2.441648765560003
"n=5000, N=n^2",Gaussian-NPE,g,1.9136361535465298,2.4623916190825788
"n=5000, N=n^2",Gaussian-NPE,g,1.9180296634992764,2.483361334526953
"n=5000, N=n^2",Gaussian-NPE,g,1.9224231734520227,2.5044854473085327
"n=5000, N=n^2",Gaussian-NPE,g,1.9268166834047693,2.5254356179437885
"n=5000, N=n^2",Gaussian-NPE,g,1.9312101933575156,2.5456275421846075
"n=5000, N=n^2",Gaussian-NPE,g,1.935603703310262,2.5642620809239056
"n=5000, N=n^2",Gaussian-NPE,g,1.9399972132630086,2.5804045236321334
"n=5000, N=n^2",Gaussian-NPE,g,1.9443907232157551,2.59309214908948
"n=5000, N=n^2",Gaussian-NPE,g,1.9487842331685015,2.601454420633788
"n=5000, N=n^2",Gaussian-NPE,g,1.9531777431212478,2.604826645902271
"n=5000, N=n^2",Gaussian-NPE,g,1.9575712530739944,2.602837962932585
"n=5000, N=n^2",Gaussian-NPE,g,1.9619647630267407,2.5954585977367803
"n=5000, N=n^2",Gaussian-NPE,g,1.9663582729794873,2.582998885984993
"n=5000, N=n^2",Gaussian-NPE,g,1.9707517829322336,2.5660618709968572
"n=5000, N=n^2",Gaussian-NPE,g,1.9751452928849802,2.5454600431875
"n=5000, N=n^2",Gaussian-NPE,g,1.9795388028377265,2.5221127557480343
"n=5000, N=n^2",Gaussian-NPE,g,1.9839323127904729,2.496942696439312
"n=5000, N=n^2",Gaussian-NPE,g,1.9883258227432195,2.4707874590955456
"n=5000, N=n^2",Gaussian-NPE,g,1.992719332695966,2.4443368687188882
"n=5000, N=n^2",Gaussian-NPE,g,1.9971128426487124,2.418100058224815
"n=5000, N=n^2",Gaussian-NPE,g,2.0015063526014587,2.3924001419406378
"n=5000, N=n^2",Gaussian-NPE,g,2.0058998625542053,2.3673899104390896
"n=5000, N=n^2",Gaussian-NPE,g,2.010293372506952,2.3430797905210277
"n=5000, N=n^2",Gaussian-NPE,g,2.014686882459698,2.319369290875124
"n=5000, N=n^2",Gaussian-NPE,g,2.0190803924124445,2.296074884815907
"n=5000, N=n^2",Gaussian-NPE,g,2.023473902365191,2.272950243619265
"n=5000, N=n^2",Gaussian-NPE,g,2.0278674123179377,2.2496983250378375
"n=5000, N=n^2",Gaussian-NPE,g,2.032260922270684,2.2259783012272663
"n=5000, N=n^2",Gaussian-NPE,g,2.0366544322234303,2.2014127987830587
"n=5000, N=n^2",Gaussian-NPE,g,2.041047942176177,2.1756015794705865
"n=5000, N=n^2",Gaussian-NPE,g,2.045441452128923,2.148146148761006
"n=5000, N=n^2",Gaussian-NPE,g,2.0498349620816696,2.118686081733426
"n=5000, N=n^2",Gaussian-NPE,g,2.054228472034416,2.0869431468760182
"n=5000, N=n^2",Gaussian-NPE,g,2.0586219819871623,2.052765169300988
"n=5000, N=n^2",Gaussian-NPE,g,2.063015491939909,2.0161595547529054
"n=5000, N=n^2",Gaussian-NPE,g,2.0674090018926554,1.9773073801074437
"n=5000, N=n^2",Gaussian-NPE,g,2.071802511845402,1.936552775925971
"n=5000, N=n^2",Gaussian-NPE,g,2.0761960217981485,1.894367803948234
"n=5000, N=n^2",Gaussian-NPE,g,2.0805895317508947,1.8512984469812073
"n=5000, N=n^2",Gaussian-NPE,g,2.0849830417036412,1.8079010893490912
"n=5000, N=n^2",Gaussian-NPE,g,2.089376551656388,1.7646800816805337
"n=5000, N=n^2",Gaussian-NPE,g,2.093770061609134,1.7220356971776758
"n=5000, N=n^2",Gaussian-NPE,g,2.0981635715618805,1.6802288112509791
"n=5000, N=n^2",Gaussian-NPE,g,2.102557081514627,1.6393651194524972
"n=5000, N=n^2",Gaussian-NPE,g,2.106950591467373,1.5993986444206176
"n=5000, N=n^2",Gaussian-NPE,g,2.1113441014201197,1.5601521887252603
"n=5000, N=n^2",Gaussian-NPE,g,2.1157376113728663,1.5213512490364711
"n=5000, N=n^2",Gaussian-NPE,g,2.120131121325613,1.482667342888592
"n=5000, N=n^2",Gaussian-NPE,g,2.1245246312783594,1.4437662753115201
"n=5000, N=n^2",Gaussian-NPE,g,2.1289181412311056,1.4043563543386697
"n=5000, N=n^2",Gaussian-NPE,g,2.133311651183852,1.3642310467472596
"n=5000, N=n^2",Gaussian-NPE,g,2.1377051611365987,1.3233004234656496
"n=5000, N=n^2",Gaussian-NPE,g,2.142098671089345,1.2816064428076266
"n=5000, N=n^2",Gaussian-NPE,g,2.1464921810420914,1.2393189653241177
"n=5000, N=n^2",Gaussian-NPE,g,2.150885690994838,1.1967123288540957
"n=5000, N=n^2",Gaussian-NPE,g,2.155279200947584,1.1541258388025024
"n=5000, N=n^2",Gaussian-NPE,g,2.1596727109003306,1.1119148069365365
"n=5000, N=n^2",Gaussian-NPE,g,2.164066220853077,1.0704008724382812
"n=5000, N=n^2",Gaussian-NPE,g,2.1684597308058238,1.0298305682300661
"n=5000, N=n^2",Gaussian-NPE,g,2.1728532407585703,0.9903492736651913
"n=5000, N=n^2",Gaussian-NPE,g,2.1772467507113165,0.9519942641093402
"n=5000, N=n^2",Gaussian-NPE,g,2.181640260664063,0.9147064734890452
"n=5000, N=n^2",Gaussian-NPE,g,2.1860337706168096,0.8783569553181154
"n=5000, N=n^2",Gaussian-NPE,g,2.1904272805695557,0.842781774517287
"n=5000, N=n^2",Gaussian-NPE,g,2.1948207905223023,0.8078185736286725
"n=5000, N=n^2",Gaussian-NPE,g,2.199214300475049,0.7733390992375248
"n=5000, N=n^2",Gaussian-NPE,g,2.203607810427795,0.7392738548241512
"n=5000, N=n^2",Gaussian-NPE,g,2.2080013203805415,0.7056269525313839
"n=5000, N=n^2",Gaussian-NPE,g,2.212394830333288,0.6724805954989157
"n=5000, N=n^2",Gaussian-NPE,g,2.2167883402860347,0.6399893150172113
"n=5000, N=n^2",Gaussian-NPE,g,2.2211818502387812,0.608364423806521
"n=5000, N=n^2",Gaussian-NPE,g,2.2255753601915274,0.5778496323260107
"n=5000, N=n^2",Gaussian-NPE,g,2.229968870144274,0.5486897788600258
"n=5000, N=n^2",Gaussian-NPE,g,2.2343623800970205,0.5210961287491831
"n=5000, N=n^2",Gaussian-NPE,g,2.2387558900497666,0.49521324747888207
"n=5000, N=n^2",Gaussian-NPE,g,2.243149400002513,0.4710933312184004
"n=5000, N=n^2",Gaussian-NPE,g,2.2475429099552597,0.44868344267824756
"n=5000, N=n^2",Gaussian-NPE,g,2.251936419908006,0.4278291055896455
"n=5000, N=n^2",Gaussian-NPE,g,2.2563299298607524,0.4082944870102976
"n=5000, N=n^2",Gaussian-NPE,g,2.260723439813499,0.38979577862010345
"n=5000, N=n^2",Gaussian-NPE,g,2.2651169497662456,0.372041431482832
"n=5000, N=n^2",Gaussian-NPE,g,2.269510459718992,0.3547714912735564
"n=5000, N=n^2",Gaussian-NPE,g,2.2739039696717382,0.33778881773683356
"n=5000, N=n^2",Gaussian-NPE,g,2.278297479624485,0.3209772245067135
"n=5000, N=n^2",Gaussian-NPE,g,2.2826909895772314,0.3043048001728476
"n=5000, N=n^2",Gaussian-NPE,g,2.2870844995299775,0.28781390179545613
"n=5000, N=n^2",Gaussian-NPE,g,2.291478009482724,0.2716017009077246
"n=5000, N=n^2",Gaussian-NPE,g,2.2958715194354706,0.255796239714236
"n=5000, N=n^2",Gaussian-NPE,g,2.3002650293882168,0.2405327152225971
"n=5000, N=n^2",Gaussian-NPE,g,2.3046585393409633,0.22593351871151557
"n=5000, N=n^2",Gaussian-NPE,g,2.30905204929371,0.21209396065810118
"n=5000, N=n^2",Gaussian-NPE,g,2.3134455592464565,0.19907411655881782
"n=5000, N=n^2",Gaussian-NPE,g,2.317839069199203,0.18689616793126224
"n=5000, N=n^2",Gaussian-NPE,g,2.322232579151949,0.1755460901199878
"n=5000, N=n^2",Gaussian-NPE,g,2.3266260891046957,0.1649784699376225
"n=5000, N=n^2",Gaussian-NPE,g,2.3310195990574423,0.15512343070221776
"n=5000, N=n^2",Gaussian-NPE,g,2.3354131090101884,0.14589489255730909
"n=5000, N=n^2",Gaussian-NPE,g,2.339806618962935,0.13719954977135473
"n=5000, N=n^2",Gaussian-NPE,g,2.3442001289156815,0.12894594673306367
"n=5000, N=n^2",Gaussian-NPE,g,2.3485936388684276,0.12105292279743506
"n=5000, N=n^2",Gaussian-NPE,g,2.352987148821174,0.1134565849208672
"n=5000, N=n^2",Gaussian-NPE,g,2.357380658773921,0.10611498277478032
"n=5000, N=n^2",Gaussian-NPE,g,2.3617741687266673,0.09900988371463254
"n=5000, N=n^2",Gaussian-NPE,g,2.366167678679414,0.0921454655626456
"n=5000, N=n^2",Gaussian-NPE,g,2.37056118863216,0.08554426292147972
"n=5000, N=n^2",Gaussian-NPE,g,2.3749546985849066,0.079241165857812
"n=5000, N=n^2",Gaussian-NPE,g,2.379348208537653,0.07327654072577588
"n=5000, N=n^2",Gaussian-NPE,g,2.3837417184903993,0.06768955616683626
"n=5000, N=n^2",Gaussian-NPE,g,2.388135228443146,0.06251258120004267
"n=5000, N=n^2",Reference (flow convention),k,0.13850034475922585,1.78836469138506e-310
"n=5000, N=n^2",Reference (flow convention),k,0.14299911553751884,1.3933749141382974e-296
"n=5000, N=n^2",Reference (flow convention),k,0.14749788631581182,5.184900684844894e-283
"n=5000, N=n^2",Reference (flow convention),k,0.15199665709410481,9.214535570954299e-270
"n=5000, N=n^2",Reference (flow convention),k,0.15649542787239779,7.821085150069072e-257
"n=5000, N=n^2",Reference (flow convention),k,0.16099419865069078,3.1704516337830595e-244
"n=5000, N=n^2",Reference (flow convention),k,0.16549296942898378,6.138126093330019e-232
"n=5000, N=n^2",Reference (flow convention),k,0.16999174020727675,5.67559026990093e-220
"n=5000, N=n^2",Reference (flow convention),k,0.17449051098556975,2.506379460865823e-208
"n=5000, N=n^2",Reference (flow convention),k,0.17898928176386272,5.286194888375675e-197
"n=5000, N=n^2",Reference (flow convention),k,0.18348805254215572,5.324760534564212e-186
"n=5000, N=n^2",Reference (flow convention),k,0.1879868233204487,2.5616368476977455e-175
"n=5000, N=n^2",Reference (flow convention),k,0.1924855940987417,5.885666095776557e-165
"n=5000, N=n^2",Reference (flow convention),k,0.1969843648770347,6.458538770793054e-155
"n=5000, N=n^2",Reference (flow convention),k,0.20148313565532766,3.38480408598591e-145
"n=5000, N=n^2",Reference (flow convention),k,0.20598190643362066,8.472146408810708e-136
"n=5000, N=n^2",Reference (flow convention),k,0.21048067721191366,1.0127775690405937e-126
"n=5000, N=n^2",Reference (flow convention),k,0.21497944799020663,5.78223169871193e-118
"n=5000, N=n^2",Reference (flow convention),k,0.2194782187684996,1.5766592406172165e-109
"n=5000, N=n^2",Reference (flow convention),k,0.22397698954679263,2.0532477031533594e-101
"n=5000, N=n^2",Reference (flow convention),k,0.2284757603250856,1.2770454519026955e-93
"n=5000, N=n^2",Reference (flow convention),k,0.23297453110337857,3.793441745253032e-86
"n=5000, N=n^2",Reference (flow convention),k,0.23747330188167157,5.3817486507916007e-79
"n=5000, N=n^2",Reference (flow convention),k,0.24197207265996457,3.6465125019797283e-72
"n=5000, N=n^2",Reference (flow convention),k,0.24647084343825754,1.180044772225842e-65
"n=5000, N=n^2",Reference (flow convention),k,0.2509696142165505,1.8238502904733764e-59
"n=5000, N=n^2",Reference (flow convention),k,0.25546838499484353,1.346341549356699e-53
"n=5000, N=n^2",Reference (flow convention),k,0.2599671557731365,4.746847318566586e-48
"n=5000, N=n^2",Reference (flow convention),k,0.26446592655142953,7.993791231488208e-43
"n=5000, N=n^2",Reference (flow convention),k,0.2689646973297225,6.43012329838867e-38
"n=5000, N=n^2",Reference (flow convention),k,0.2734634681080155,2.470805707275005e-33
"n=5000, N=n^2",Reference (flow convention),k,0.27796223888630844,4.5359061646542026e-29
"n=5000, N=n^2",Reference (flow convention),k,0.2824610096646014,3.979053640575146e-25
"n=5000, N=n^2",Reference (flow convention),k,0.28695978044289444,1.66846865242332e-21
"n=5000, N=n^2",Reference (flow convention),k,0.2914585512211874,3.345694204321376e-18
"n=5000, N=n^2",Reference (flow convention),k,0.29595732199948044,3.2107623600027225e-15
"n=5000, N=n^2",Reference (flow convention),k,0.3004560927777734,1.4763376845428156e-12
"n=5000, N=n^2",Reference (flow convention),k,0.3049548635560664,3.258278873119021e-10
"n=5000, N=n^2",Reference (flow convention),k,0.30945363433435935,3.460789644831034e-08
"n=5000, N=n^2",Reference (flow convention),k,0.3139524051126523,1.7760272911840107e-06
"n=5000, N=n^2",Reference (flow convention),k,0.31845117589094535,4.428216926366564e-05
"n=5000, N=n^2",Reference (flow convention),k,0.3229499466692383,0.0005405677604710525
"n=5000, N=n^2",Reference (flow convention),k,0.32744871744753135,0.0032677905514889288
"n=5000, N=n^2",Reference (flow convention),k,0.3319474882258243,0.01003286013900204
"n=5000, N=n^2",Reference (flow convention),k,0.3364462590041173,0.01728224517805439
"n=5000, N=n^2",Reference (flow convention),k,0.34094502978241026,0.024322266082504616
"n=5000, N=n^2",Reference (flow convention),k,0.34544380056070323,0.04489137187498547
"n=5000, N=n^2",Reference (flow convention),k,0.34994257133899626,0.08861117687586706
"n=5000, N=n^2",Reference (flow convention),k,0.3544413421172892,0.14833923772483926
"n=5000, N=n^2",Reference (flow convention),k,0.35894011289558225,0.22363893574458366
"n=5000, N=n^2",Reference (flow convention),k,0.3634388836738752,0.341350122013579
"n=5000, N=n^2",Reference (flow convention),k,0.3679376544521682,0.5068104384079711
"n=5000, N=n^2",Reference (flow convention),k,0.37243642523046117,0.7148460708800444
"n=5000, N=n^2",Reference (flow convention),k,0.37693519600875414,1.0010195063335967
"n=5000, N=n^2",Reference (flow convention),k,0.38143396678704716,1.354882066430282
"n=5000, N=n^2",Reference (flow convention),k,0.3859327375653402,1.7200438623623846
"n=5000, N=n^2",Reference (flow convention),k,0.39043150834363316,2.1524737329825667
"n=5000, N=n^2",Reference (flow convention),k,0.39493027912192613,2.7343458623620207
"n=5000, N=n^2",Reference (flow convention),k,0.3994290499002191,3.4276729779029638
"n=5000, N=n^2",Reference (flow convention),k,0.40392782067851213,4.185386204786681
"n=5000, N=n^2",Reference (flow convention),k,0.4084265914568051,5.086273517837916
"n=5000, N=n^2",Reference (flow convention),k,0.41292536223509807,6.225105736127028
"n=5000, N=n^2",Reference (flow convention),k,0.41742413301339104,7.428728319655276
"n=5000, N=n^2",Reference (flow convention),k,0.42192290379168407,8.391721739634331
"n=5000, N=n^2",Reference (flow convention),k,0.42642167456997704,9.151193786735478
"n=5000, N=n^2",Reference (flow convention),k,0.43092044534827,9.886582334550079
"n=5000, N=n^2",Reference (flow convention),k,0.43541921612656304,10.584477154155257
"n=5000, N=n^2",Reference (flow convention),k,0.439917986904856,11.147189933594637
"n=5000, N=n^2",Reference (flow convention),k,0.444416757683149,11.580523146460132
"n=5000, N=n^2",Reference (flow convention),k,0.44891552846144195,11.852393532774217
"n=5000, N=n^2",Reference (flow convention),k,0.453414299239735,11.877628142997132
"n=5000, N=n^2",Reference (flow convention),k,0.45791307001802795,11.690275989750917
"n=5000, N=n^2",Reference (flow convention),k,0.4624118407963209,11.334801066789389
"n=5000, N=n^2",Reference (flow convention),k,0.46691061157461394,10.73878788023315
"n=5000, N=n^2",Reference (flow convention),k,0.4714093823529069,9.94576895119957
"n=5000, N=n^2",Reference (flow convention),k,0.4759081531311999,9.071656898361988
"n=5000, N=n^2",Reference (flow convention),k,0.4804069239094929,8.207643522238952
"n=5000, N=n^2",Reference (flow convention),k,0.4849056946877859,7.327934412229315
"n=5000, N=n^2",Reference (flow convention),k,0.48940446546607885,6.297848778341753
"n=5000, N=n^2",Reference (flow convention),k,0.4939032362443718,5.214966440716041
"n=5000, N=n^2",Reference (flow convention),k,0.49840200702266485,4.33636116819628
"n=5000, N=n^2",Reference (flow convention),k,0.5029007778009578,3.6095284061037693
"n=5000, N=n^2",Reference (flow convention),k,0.5073995485792508,2.9403022687961164
"n=5000, N=n^2",Reference (flow convention),k,0.5118983193575438,2.3996322100354437
"n=5000, N=n^2",Reference (flow convention),k,0.5163970901358368,1.92617236079701
"n=5000, N=n^2",Reference (flow convention),k,0.5208958609141298,1.4628283394651171
"n=5000, N=n^2",Reference (flow convention),k,0.5253946316924227,1.074627765483538
"n=5000, N=n^2",Reference (flow convention),k,0.5298934024707158,0.7873400584978638
"n=5000, N=n^2",Reference (flow convention),k,0.5343921732490087,0.5734601639289906
"n=5000, N=n^2",Reference (flow convention),k,0.5388909440273018,0.4219689224296655
"n=5000, N=n^2",Reference (flow convention),k,0.5433897148055947,0.31577651254146744
"n=5000, N=n^2",Reference (flow convention),k,0.5478884855838877,0.21908479510320836
"n=5000, N=n^2",Reference (flow convention),k,0.5523872563621807,0.13928205106509925
"n=5000, N=n^2",Reference (flow convention),k,0.5568860271404736,0.09640857985173597
"n=5000, N=n^2",Reference (flow convention),k,0.5613847979187667,0.08522267725286467
"n=5000, N=n^2",Reference (flow convention),k,0.5658835686970596,0.07010434154966676
"n=5000, N=n^2",Reference (flow convention),k,0.5703823394753527,0.04222710441936114
"n=5000, N=n^2",Reference (flow convention),k,0.5748811102536456,0.0232412990541037
"n=5000, N=n^2",Reference (flow convention),k,0.5793798810319386,0.012543716787079658
"n=5000, N=n^2",Reference (flow convention),k,0.5838786518102316,0.0045499082853875505
"n=5000, N=n^2",Reference (flow convention),k,0.5883774225885245,0.0008834450030736025
"n=5000, N=n^2",Reference (flow convention),k,0.5928761933668176,8.611935388341473e-05
"n=5000, N=n^2",Reference (flow convention),k,0.5973749641451105,4.129353494272072e-06
"n=5000, N=n^2",Reference (flow convention),k,0.6018737349234036,9.63895743436089e-08
"n=5000, N=n^2",Reference (flow convention),k,0.6063725057016965,1.088054055877816e-09
"n=5000, N=n^2",Reference (flow convention),k,0.6108712764799895,5.9129827028910125e-12
"n=5000, N=n^2",Reference (flow convention),k,0.6153700472582825,1.542497263958459e-14
"n=5000, N=n^2",Reference (flow convention),k,0.6198688180365755,1.9278943776436487e-17
"n=5000, N=n^2",Reference (flow convention),k,0.6243675888148685,1.1530890551371674e-20
"n=5000, N=n^2",Reference (flow convention),k,0.6288663595931614,3.2978951670894467e-24
"n=5000, N=n^2",Reference (flow convention),k,0.6333651303714545,4.508185943975344e-28
"n=5000, N=n^2",Reference (flow convention),k,0.6378639011497474,2.944635498252027e-32
"n=5000, N=n^2",Reference (flow convention),k,0.6423626719280404,9.1885690220436e-37
"n=5000, N=n^2",Reference (flow convention),k,0.6468614427063335,1.3696277693108727e-41
"n=5000, N=n^2",Reference (flow convention),k,0.6513602134846264,9.751372509792993e-47
"n=5000, N=n^2",Reference (flow convention),k,0.6558589842629194,3.3160347550830885e-52
"n=5000, N=n^2",Reference (flow convention),k,0.6603577550412123,5.3858120004867104e-58
"n=5000, N=n^2",Reference (flow convention),k,0.6648565258195054,4.177871719718536e-64
"n=5000, N=n^2",Reference (flow convention),k,0.6693552965977985,1.5478415324112504e-70
"n=5000, N=n^2",Reference (flow convention),k,0.6738540673760913,2.7388151127716006e-77
"n=5000, N=n^2",Reference (flow convention),k,0.6783528381543844,2.3145263120631406e-84
"n=5000, N=n^2",Reference (flow convention),k,0.6828516089326773,9.341652451086772e-92
"n=5000, N=n^2",Reference (flow convention),k,0.6873503797109703,1.8007227157623802e-99
"n=5000, N=n^2",Reference (flow convention),k,0.6918491504892632,1.6577962427270697e-107
"n=5000, N=n^2",Reference (flow convention),k,0.6963479212675563,7.289141696189408e-116
"n=5000, N=n^2",Reference (flow convention),k,0.7008466920458494,1.5306730030382032e-124
"n=5000, N=n^2",Reference (flow convention),k,0.7053454628241422,1.5351441092325773e-133
"n=5000, N=n^2",Reference (flow convention),k,0.7098442336024353,7.353202415611315e-143
"n=5000, N=n^2",Reference (flow convention),k,0.7143430043807282,1.6821491505884573e-152
"n=5000, N=n^2",Reference (flow convention),k,0.7188417751590213,1.837862716729631e-162
"n=5000, N=n^2",Reference (flow convention),k,0.7233405459373141,9.590079542997724e-173
"n=5000, N=n^2",Reference (flow convention),k,0.7278393167156072,2.3899670733382776e-183
"n=5000, N=n^2",Reference (flow convention),k,0.7323380874939003,2.84460643247741e-194
"n=5000, N=n^2",Reference (flow convention),k,0.7368368582721931,1.6170111573014152e-205
"n=5000, N=n^2",Reference (flow convention),k,0.7413356290504862,4.3899988058163765e-217
"n=5000, N=n^2",Reference (flow convention),k,0.7458343998287791,5.692150094576513e-229
"n=5000, N=n^2",Reference (flow convention),k,0.7503331706070722,3.5249165476332654e-241
"n=5000, N=n^2",Reference (flow convention),k,0.754831941385365,1.0425139864985388e-253
"n=5000, N=n^2",Reference (flow convention),k,0.7593307121636581,1.4725684627591893e-266
"n=5000, N=n^2",Reference (flow convention),k,0.7638294829419512,9.93412577375506e-280
"n=5000, N=n^2",Reference (flow convention),k,0.768328253720244,3.2006955585131763e-293
"n=5000, N=n^2",Reference (flow convention),k,0.7728270244985371,4.925151953116062e-307
"n=5000, N=n^2",Reference (flow convention),k,0.77732579527683,3.62e-321
"n=5000, N=n^2",Reference (flow convention),k,0.7818245660551231,0.0
"n=5000, N=n^2",Reference (flow convention),k,0.7863233368334159,0.0
"n=5000, N=n^2",Reference (flow convention),k,0.790822107611709,0.0
"n=5000, N=n^2",Reference (flow convention),k,0.7953208783900021,0.0
"n=5000, N=n^2",Reference (flow convention),k,0.799819649168295,0.0
"n=5000, N=n^2",Reference (flow convention),k,0.804318419946588,0.0
"n=5000, N=n^2",Reference (flow convention),k,0.8088171907248809,0.0
"n=5000, N=n^2",Reference (flow convention),k,0.813315961503174,0.0
"n=5000, N=n^2",Reference (flow convention),k,0.8178147322814668,0.0
"n=5000, N=n^2",Reference (flow convention),k,0.8223135030597599,0.0
"n=5000, N=n^2",Reference (flow convention),k,0.826812273838053,0.0
"n=5000, N=n^2",Reference (flow convention),k,0.8313110446163459,0.0
"n=5000, N=n^2",Reference (flow convention),k,0.8358098153946389,0.0
"n=5000, N=n^2",Reference (flow convention),k,0.8403085861729318,0.0
"n=5000, N=n^2",Reference (flow convention),k,0.8448073569512249,0.0
"n=5000, N=n^2",Reference (flow convention),k,0.8493061277295177,0.0
"n=5000, N=n^2",Reference (flow convention),k,0.8538048985078108,0.0
"n=5000, N=n^2",Reference (flow convention),k,0.8583036692861039,0.0
"n=5000, N=n^2",Reference (flow convention),k,0.8628024400643968,0.0
"n=5000, N=n^2",Reference (flow convention),k,0.8673012108426899,0.0
"n=5000, N=n^2",Reference (flow convention),k,0.8717999816209827,0.0
"n=5000, N=n^2",Reference (flow convention),k,0.8762987523992758,0.0
"n=5000, N=n^2",Reference (flow convention),k,0.8807975231775687,0.0
"n=5000, N=n^2",Reference (flow convention),k,0.8852962939558617,0.0
"n=5000, N=n^2",Reference (flow convention),k,0.8897950647341548,0.0
"n=5000, N=n^2",Reference (flow convention),k,0.8942938355124477,0.0
"n=5000, N=n^2",Reference (flow convention),k,0.8987926062907408,0.0
"n=5000, N=n^2",Reference (flow convention),k,0.9032913770690336,0.0
"n=5000, N=n^2",Reference (flow convention),k,0.9077901478473267,0.0
"n=5000, N=n^2",Reference (flow convention),k,0.9122889186256198,0.0
"n=5000, N=n^2",Reference (flow convention),k,0.9167876894039126,0.0
"n=5000, N=n^2",Reference (flow convention),k,0.9212864601822057,0.0
"n=5000, N=n^2",Reference (flow convention),k,0.9257852309604986,0.0
"n=5000, N=n^2",Reference (flow convention),k,0.9302840017387917,0.0
"n=5000, N=n^2",Reference (flow convention),k,0.9347827725170845,0.0
"n=5000, N=n^2",Reference (flow convention),k,0.9392815432953776,0.0
"n=5000, N=n^2",Reference (flow convention),k,0.9437803140736707,0.0
"n=5000, N=n^2",Reference (flow convention),k,0.9482790848519635,0.0
"n=5000, N=n^2",Reference (flow convention),k,0.9527778556302566,0.0
"n=5000, N=n^2",Reference (flow convention),k,0.9572766264085495,0.0
"n=5000, N=n^2",Reference (flow convention),k,0.9617753971868426,0.0
"n=5000, N=n^2",Reference (flow convention),k,0.9662741679651354,0.0
"n=5000, N=n^2",Reference (flow convention),k,0.9707729387434285,0.0
"n=5000, N=n^2",Reference (flow convention),k,0.9752717095217216,0.0
"n=5000, N=n^2",Reference (flow convention),k,0.9797704803000145,0.0
"n=5000, N=n^2",Reference (flow convention),k,0.9842692510783075,0.0
"n=5000, N=n^2",Reference (flow convention),k,0.9887680218566004,0.0
"n=5000, N=n^2",Reference (flow convention),k,0.9932667926348935,0.0
"n=5000, N=n^2",Reference (flow convention),k,0.9977655634131863,0.0
"n=5000, N=n^2",Reference (flow convention),k,1.0022643341914794,0.0
"n=5000, N=n^2",Reference (flow convention),k,1.0067631049697725,0.0
"n=5000, N=n^2",Reference (flow convention),k,1.0112618757480654,0.0
"n=5000, N=n^2",Reference (flow convention),k,1.0157606465263584,0.0
"n=5000, N=n^2",Reference (flow convention),k,1.0202594173046513,0.0
"n=5000, N=n^2",Reference (flow convention),k,1.0247581880829444,0.0
"n=5000, N=n^2",Reference (flow convention),k,1.0292569588612372,0.0
"n=5000, N=n^2",Reference (flow convention),k,1.0337557296395303,0.0
"n=5000, N=n^2",Reference (Gaussian convention),k,0.13850034475922585,0.0
"n=5000, N=n^2",Reference (Gaussian convention),k,0.14299911553751884,0.0
"n=5000, N=n^2",Reference (Gaussian convention),k,0.14749788631581182,0.0
"n=5000, N=n^2",Reference (Gaussian convention),k,0.15199665709410481,0.0
"n=5000, N=n^2",Reference (Gaussian convention),k,0.15649542787239779,0.0
"n=5000, N=n^2",Reference (Gaussian convention),k,0.16099419865069078,0.0
"n=5000, N=n^2",Reference (Gaussian convention),k,0.16549296942898378,0.0
"n=5000, N=n^2",Reference (Gaussian convention),k,0.16999174020727675,0.0
"n=5000, N=n^2",Reference (Gaussian convention),k,0.17449051098556975,0.0
"n=5000, N=n^2",Reference (Gaussian convention),k,0.17898928176386272,0.0
"n=5000, N=n^2",Reference (Gaussian convention),k,0.18348805254215572,0.0
"n=5000, N=n^2",Reference (Gaussian convention),k,0.1879868233204487,0.0
"n=5000, N=n^2",Reference (Gaussian convention),k,0.1924855940987417,0.0
"n=5000, N=n^2",Reference (Gaussian convention),k,0.1969843648770347,1.6645527e-316
"n=5000, N=n^2",Reference (Gaussian convention),k,0.20148313565532766,6.872729455842753e-303
"n=5000, N=n^2",Reference (Gaussian convention),k,0.20598190643362066,1.4158535789714867e-289
"n=5000, N=n^2",Reference (Gaussian convention),k,0.21048067721191366,1.4553583196725116e-276
"n=5000, N=n^2",Reference (Gaussian convention),k,0.21497944799020663,7.464304254438555e-264
"n=5000, N=n^2",Reference (Gaussian convention),k,0.2194782187684996,1.910214305071304e-251
"n=5000, N=n^2",Reference (Gaussian convention),k,0.22397698954679263,2.4392369883109035e-239
"n=5000, N=n^2",Reference (Gaussian convention),k,0.2284757603250856,1.5542149102360908e-227
"n=5000, N=n^2",Reference (Gaussian convention),k,0.23297453110337857,4.941508918020927e-216
"n=5000, N=n^2",Reference (Gaussian convention),k,0.23747330188167157,7.8398191947593e-205
"n=5000, N=n^2",Reference (Gaussian convention),k,0.24197207265996457,6.206649465470625e-194
"n=5000, N=n^2",Reference (Gaussian convention),k,0.24647084343825754,2.451997924716247e-183
"n=5000, N=n^2",Reference (Gaussian convention),k,0.2509696142165505,4.833947493017997e-173
"n=5000, N=n^2",Reference (Gaussian convention),k,0.25546838499484353,4.755653337035803e-163
"n=5000, N=n^2",Reference (Gaussian convention),k,0.2599671557731365,2.334815627887015e-153
"n=5000, N=n^2",Reference (Gaussian convention),k,0.26446592655142953,5.720540603497099e-144
"n=5000, N=n^2",Reference (Gaussian convention),k,0.2689646973297225,6.994743362237547e-135
"n=5000, N=n^2",Reference (Gaussian convention),k,0.2734634681080155,4.268399752347948e-126
"n=5000, N=n^2",Reference (Gaussian convention),k,0.27796223888630844,1.2999466379503847e-117
"n=5000, N=n^2",Reference (Gaussian convention),k,0.2824610096646014,1.9758857398668431e-109
"n=5000, N=n^2",Reference (Gaussian convention),k,0.28695978044289444,1.4989352533388536e-101
"n=5000, N=n^2",Reference (Gaussian convention),k,0.2914585512211874,5.675415811373153e-94
"n=5000, N=n^2",Reference (Gaussian convention),k,0.29595732199948044,1.0725446886639795e-86
"n=5000, N=n^2",Reference (Gaussian convention),k,0.3004560927777734,1.0116848084172914e-79
"n=5000, N=n^2",Reference (Gaussian convention),k,0.3049548635560664,4.763174197081469e-73
"n=5000, N=n^2",Reference (Gaussian convention),k,0.30945363433435935,1.1193822520470015e-66
"n=5000, N=n^2",Reference (Gaussian convention),k,0.3139524051126523,1.313107837458697e-60
"n=5000, N=n^2",Reference (Gaussian convention),k,0.31845117589094535,7.689031915028682e-55
"n=5000, N=n^2",Reference (Gaussian convention),k,0.3229499466692383,2.2475088917596384e-49
"n=5000, N=n^2",Reference (Gaussian convention),k,0.32744871744753135,3.279432777152852e-44
"n=5000, N=n^2",Reference (Gaussian convention),k,0.3319474882258243,2.3887600230117246e-39
"n=5000, N=n^2",Reference (Gaussian convention),k,0.3364462590041173,8.686233505429141e-35
"n=5000, N=n^2",Reference (Gaussian convention),k,0.34094502978241026,1.5768273106014273e-30
"n=5000, N=n^2",Reference (Gaussian convention),k,0.34544380056070323,1.4290209594298988e-26
"n=5000, N=n^2",Reference (Gaussian convention),k,0.34994257133899626,6.465509250791716e-23
"n=5000, N=n^2",Reference (Gaussian convention),k,0.3544413421172892,1.460440999378866e-19
"n=5000, N=n^2",Reference (Gaussian convention),k,0.35894011289558225,1.6469844751119456e-16
"n=5000, N=n^2",Reference (Gaussian convention),k,0.3634388836738752,9.273120869560631e-14
"n=5000, N=n^2",Reference (Gaussian convention),k,0.3679376544521682,2.6067533114951165e-11
"n=5000, N=n^2",Reference (Gaussian convention),k,0.37243642523046117,3.6586387582954715e-09
"n=5000, N=n^2",Reference (Gaussian convention),k,0.37693519600875414,2.563890926133898e-07
"n=5000, N=n^2",Reference (Gaussian convention),k,0.38143396678704716,8.971887474589076e-06
"n=5000, N=n^2",Reference (Gaussian convention),k,0.3859327375653402,0.0001568315490937005
"n=5000, N=n^2",Reference (Gaussian convention),k,0.39043150834363316,0.0013714401885633123
"n=5000, N=n^2",Reference (Gaussian convention),k,0.39493027912192613,0.006033772528800036
"n=5000, N=n^2",Reference (Gaussian convention),k,0.3994290499002191,0.013654572452319779
"n=5000, N=n^2",Reference (Gaussian convention),k,0.40392782067851213,0.017235018452154225
"n=5000, N=n^2",Reference (Gaussian convention),k,0.4084265914568051,0.015536238125525589
"n=5000, N=n^2",Reference (Gaussian convention),k,0.41292536223509807,0.016163238889921588
"n=5000, N=n^2",Reference (Gaussian convention),k,0.41742413301339104,0.02531095005901412
"n=5000, N=n^2",Reference (Gaussian convention),k,0.42192290379168407,0.043617870053647326
"n=5000, N=n^2",Reference (Gaussian convention),k,0.42642167456997704,0.06668790963288872
"n=5000, N=n^2",Reference (Gaussian convention),k,0.43092044534827,0.09572195787247824
"n=5000, N=n^2",Reference (Gaussian convention),k,0.43541921612656304,0.15624588127598796
"n=5000, N=n^2",Reference (Gaussian convention),k,0.439917986904856,0.2775849728952388
"n=5000, N=n^2",Reference (Gaussian convention),k,0.444416757683149,0.4342603192122896
"n=5000, N=n^2",Reference (Gaussian convention),k,0.44891552846144195,0.5991107046807389
"n=5000, N=n^2",Reference (Gaussian convention),k,0.453414299239735,0.81232842136094
"n=5000, N=n^2",Reference (Gaussian convention),k,0.45791307001802795,1.09755012220404
"n=5000, N=n^2",Reference (Gaussian convention),k,0.4624118407963209,1.4274744940355613
"n=5000, N=n^2",Reference (Gaussian convention),k,0.46691061157461394,1.8245330602708671
"n=5000, N=n^2",Reference (Gaussian convention),k,0.4714093823529069,2.3629850767549962
"n=5000, N=n^2",Reference (Gaussian convention),k,0.4759081531311999,3.043659839209035
"n=5000, N=n^2",Reference (Gaussian convention),k,0.4804069239094929,3.761323655099023
"n=5000, N=n^2",Reference (Gaussian convention),k,0.4849056946877859,4.497213675685691
"n=5000, N=n^2",Reference (Gaussian convention),k,0.48940446546607885,5.3069549937593035
"n=5000, N=n^2",Reference (Gaussian convention),k,0.4939032362443718,6.211283974390735
"n=5000, N=n^2",Reference (Gaussian convention),k,0.49840200702266485,7.1976870376662925
"n=5000, N=n^2",Reference (Gaussian convention),k,0.5029007778009578,8.093471146038114
"n=5000, N=n^2",Reference (Gaussian convention),k,0.5073995485792508,8.86699750743704
"n=5000, N=n^2",Reference (Gaussian convention),k,0.5118983193575438,9.761470974083677
"n=5000, N=n^2",Reference (Gaussian convention),k,0.5163970901358368,10.695727878626753
"n=5000, N=n^2",Reference (Gaussian convention),k,0.5208958609141298,11.341108286572949
"n=5000, N=n^2",Reference (Gaussian convention),k,0.5253946316924227,11.665597296013857
"n=5000, N=n^2",Reference (Gaussian convention),k,0.5298934024707158,11.75520453917773
"n=5000, N=n^2",Reference (Gaussian convention),k,0.5343921732490087,11.640131180486122
"n=5000, N=n^2",Reference (Gaussian convention),k,0.5388909440273018,11.340571172593059
"n=5000, N=n^2",Reference (Gaussian convention),k,0.5433897148055947,10.827543926606582
"n=5000, N=n^2",Reference (Gaussian convention),k,0.5478884855838877,10.063227599768576
"n=5000, N=n^2",Reference (Gaussian convention),k,0.5523872563621807,9.24493973679202
"n=5000, N=n^2",Reference (Gaussian convention),k,0.5568860271404736,8.542436385815316
"n=5000, N=n^2",Reference (Gaussian convention),k,0.5613847979187667,7.834921510546512
"n=5000, N=n^2",Reference (Gaussian convention),k,0.5658835686970596,7.100412572251447
"n=5000, N=n^2",Reference (Gaussian convention),k,0.5703823394753527,6.39333129014361
"n=5000, N=n^2",Reference (Gaussian convention),k,0.5748811102536456,5.6405850809075115
"n=5000, N=n^2",Reference (Gaussian convention),k,0.5793798810319386,4.851893355065444
"n=5000, N=n^2",Reference (Gaussian convention),k,0.5838786518102316,4.092943420014639
"n=5000, N=n^2",Reference (Gaussian convention),k,0.5883774225885245,3.3071108797539472
"n=5000, N=n^2",Reference (Gaussian convention),k,0.5928761933668176,2.5176956076453334
"n=5000, N=n^2",Reference (Gaussian convention),k,0.5973749641451105,1.8221115539475987
"n=5000, N=n^2",Reference (Gaussian convention),k,0.6018737349234036,1.296377943648324
"n=5000, N=n^2",Reference (Gaussian convention),k,0.6063725057016965,0.9435929050047753
"n=5000, N=n^2",Reference (Gaussian convention),k,0.6108712764799895,0.7137226476716427
"n=5000, N=n^2",Reference (Gaussian convention),k,0.6153700472582825,0.5850054892042583
"n=5000, N=n^2",Reference (Gaussian convention),k,0.6198688180365755,0.5231258546426742
"n=5000, N=n^2",Reference (Gaussian convention),k,0.6243675888148685,0.45768019781657243
"n=5000, N=n^2",Reference (Gaussian convention),k,0.6288663595931614,0.3560270318454798
"n=5000, N=n^2",Reference (Gaussian convention),k,0.6333651303714545,0.24559448329253167
"n=5000, N=n^2",Reference (Gaussian convention),k,0.6378639011497474,0.15920387908942552
"n=5000, N=n^2",Reference (Gaussian convention),k,0.6423626719280404,0.10253318444951427
"n=5000, N=n^2",Reference (Gaussian convention),k,0.6468614427063335,0.07072764725533123
"n=5000, N=n^2",Reference (Gaussian convention),k,0.6513602134846264,0.05118524288435555
"n=5000, N=n^2",Reference (Gaussian convention),k,0.6558589842629194,0.030523387406085106
"n=5000, N=n^2",Reference (Gaussian convention),k,0.6603577550412123,0.01274048320583084
"n=5000, N=n^2",Reference (Gaussian convention),k,0.6648565258195054,0.006506618906365765
"n=5000, N=n^2",Reference (Gaussian convention),k,0.6693552965977985,0.007406511014512027
"n=5000, N=n^2",Reference (Gaussian convention),k,0.6738540673760913,0.006351156172815018
"n=5000, N=n^2",Reference (Gaussian convention),k,0.6783528381543844,0.002812716895763736
"n=5000, N=n^2",Reference (Gaussian convention),k,0.6828516089326773,0.0006228595194636989
"n=5000, N=n^2",Reference (Gaussian convention),k,0.6873503797109703,6.881578683969863e-05
"n=5000, N=n^2",Reference (Gaussian convention),k,0.6918491504892632,3.7927529366512217e-06
"n=5000, N=n^2",Reference (Gaussian convention),k,0.6963479212675563,1.0427615052312838e-07
"n=5000, N=n^2",Reference (Gaussian convention),k,0.7008466920458494,1.4301417079233545e-09
"n=5000, N=n^2",Reference (Gaussian convention),k,0.7053454628241422,9.784458079699135e-12
"n=5000, N=n^2",Reference (Gaussian convention),k,0.7098442336024353,3.3393204897058335e-14
"n=5000, N=n^2",Reference (Gaussian convention),k,0.7143430043807282,5.685164668117801e-17
"n=5000, N=n^2",Reference (Gaussian convention),k,0.7188417751590213,4.828270744810186e-20
"n=5000, N=n^2",Reference (Gaussian convention),k,0.7233405459373141,2.0455203413366323e-23
"n=5000, N=n^2",Reference (Gaussian convention),k,0.7278393167156072,4.322944011635059e-27
"n=5000, N=n^2",Reference (Gaussian convention),k,0.7323380874939003,4.557419851653003e-31
"n=5000, N=n^2",Reference (Gaussian convention),k,0.7368368582721931,2.3967464311606223e-35
"n=5000, N=n^2",Reference (Gaussian convention),k,0.7413356290504862,6.2876558034650236e-40
"n=5000, N=n^2",Reference (Gaussian convention),k,0.7458343998287791,8.228469254231014e-45
"n=5000, N=n^2",Reference (Gaussian convention),k,0.7503331706070722,5.37171499579799e-50
"n=5000, N=n^2",Reference (Gaussian convention),k,0.754831941385365,1.7493249683709485e-55
"n=5000, N=n^2",Reference (Gaussian convention),k,0.7593307121636581,2.841787817208357e-61
"n=5000, N=n^2",Reference (Gaussian convention),k,0.7638294829419512,2.302907117113311e-67
"n=5000, N=n^2",Reference (Gaussian convention),k,0.768328253720244,9.309466994741311e-74
"n=5000, N=n^2",Reference (Gaussian convention),k,0.7728270244985371,1.8773136236615577e-80
"n=5000, N=n^2",Reference (Gaussian convention),k,0.77732579527683,1.8884803394088002e-87
"n=5000, N=n^2",Reference (Gaussian convention),k,0.7818245660551231,9.476581992803298e-95
"n=5000, N=n^2",Reference (Gaussian convention),k,0.7863233368334159,2.3722180273945104e-102
"n=5000, N=n^2",Reference (Gaussian convention),k,0.790822107611709,2.9622458524354924e-110
"n=5000, N=n^2",Reference (Gaussian convention),k,0.7953208783900021,1.8452330255421408e-118
"n=5000, N=n^2",Reference (Gaussian convention),k,0.799819649168295,5.73383192578694e-127
"n=5000, N=n^2",Reference (Gaussian convention),k,0.804318419946588,8.887964651418523e-136
"n=5000, N=n^2",Reference (Gaussian convention),k,0.8088171907248809,6.872635318848575e-145
"n=5000, N=n^2",Reference (Gaussian convention),k,0.813315961503174,2.6509888512622216e-154
"n=5000, N=n^2",Reference (Gaussian convention),k,0.8178147322814668,5.101009398186127e-164
"n=5000, N=n^2",Reference (Gaussian convention),k,0.8223135030597599,4.896299405406045e-174
"n=5000, N=n^2",Reference (Gaussian convention),k,0.826812273838053,2.344463255886251e-184
"n=5000, N=n^2",Reference (Gaussian convention),k,0.8313110446163459,5.599928926669687e-195
"n=5000, N=n^2",Reference (Gaussian convention),k,0.8358098153946389,6.672448343315244e-206
"n=5000, N=n^2",Reference (Gaussian convention),k,0.8403085861729318,3.965989373061222e-217
"n=5000, N=n^2",Reference (Gaussian convention),k,0.8448073569512249,1.175930061423623e-228
"n=5000, N=n^2",Reference (Gaussian convention),k,0.8493061277295177,1.739302255420709e-240
"n=5000, N=n^2",Reference (Gaussian convention),k,0.8538048985078108,1.2833119789490223e-252
"n=5000, N=n^2",Reference (Gaussian convention),k,0.8583036692861039,4.7233818550460304e-265
"n=5000, N=n^2",Reference (Gaussian convention),k,0.8628024400643968,8.672363768488805e-278
"n=5000, N=n^2",Reference (Gaussian convention),k,0.8673012108426899,7.943017813627498e-291
"n=5000, N=n^2",Reference (Gaussian convention),k,0.8717999816209827,3.629085560644427e-304
"n=5000, N=n^2",Reference (Gaussian convention),k,0.8762987523992758,8.271276e-318
"n=5000, N=n^2",Reference (Gaussian convention),k,0.8807975231775687,0.0
"n=5000, N=n^2",Reference (Gaussian convention),k,0.8852962939558617,0.0
"n=5000, N=n^2",Reference (Gaussian convention),k,0.8897950647341548,0.0
"n=5000, N=n^2",Reference (Gaussian convention),k,0.8942938355124477,0.0
"n=5000, N=n^2",Reference (Gaussian convention),k,0.8987926062907408,0.0
"n=5000, N=n^2",Reference (Gaussian convention),k,0.9032913770690336,0.0
"n=5000, N=n^2",Reference (Gaussian convention),k,0.9077901478473267,0.0
"n=5000, N=n^2",Reference (Gaussian convention),k,0.9122889186256198,0.0
"n=5000, N=n^2",Reference (Gaussian convention),k,0.9167876894039126,0.0
"n=5000, N=n^2",Reference (Gaussian convention),k,0.9212864601822057,0.0
"n=5000, N=n^2",Reference (Gaussian convention),k,0.9257852309604986,0.0
"n=5000, N=n^2",Reference (Gaussian convention),k,0.9302840017387917,0.0
"n=5000, N=n^2",Reference (Gaussian convention),k,0.9347827725170845,0.0
"n=5000, N=n^2",Reference (Gaussian convention),k,0.9392815432953776,0.0
"n=5000, N=n^2",Reference (Gaussian convention),k,0.9437803140736707,0.0
"n=5000, N=n^2",Reference (Gaussian convention),k,0.9482790848519635,0.0
"n=5000, N=n^2",Reference (Gaussian convention),k,0.9527778556302566,0.0
"n=5000, N=n^2",Reference (Gaussian convention),k,0.9572766264085495,0.0
"n=5000, N=n^2",Reference (Gaussian convention),k,0.9617753971868426,0.0
"n=5000, N=n^2",Reference (Gaussian convention),k,0.9662741679651354,0.0
"n=5000, N=n^2",Reference (Gaussian convention),k,0.9707729387434285,0.0
"n=5000, N=n^2",Reference (Gaussian convention),k,0.9752717095217216,0.0
"n=5000, N=n^2",Reference (Gaussian convention),k,0.9797704803000145,0.0
"n=5000, N=n^2",Reference (Gaussian convention),k,0.9842692510783075,0.0
"n=5000, N=n^2",Reference (Gaussian convention),k,0.9887680218566004,0.0
"n=5000, N=n^2",Reference (Gaussian convention),k,0.9932667926348935,0.0
"n=5000, N=n^2",Reference (Gaussian convention),k,0.9977655634131863,0.0
"n=5000, N=n^2",Reference (Gaussian convention),k,1.0022643341914794,0.0
"n=5000, N=n^2",Reference (Gaussian convention),k,1.0067631049697725,0.0
"n=5000, N=n^2",Reference (Gaussian convention),k,1.0112618757480654,0.0
"n=5000, N=n^2",Reference (Gaussian convention),k,1.0157606465263584,0.0
"n=5000, N=n^2",Reference (Gaussian convention),k,1.0202594173046513,0.0
"n=5000, N=n^2",Reference (Gaussian convention),k,1.0247581880829444,0.0
"n=5000, N=n^2",Reference (Gaussian convention),k,1.0292569588612372,0.0
"n=5000, N=n^2",Reference (Gaussian convention),k,1.0337557296395303,0.0
"n=5000, N=n^2",flow-NPE,k,0.13850034475922585,0.06344238883323844
"n=5000, N=n^2",flow-NPE,k,0.14299911553751884,0.07157181034797647
"n=5000, N=n^2",flow-NPE,k,0.14749788631581182,0.08015271509871297
"n=5000, N=n^2",flow-NPE,k,0.15199665709410481,0.08923148594362935
"n=5000, N=n^2",flow-NPE,k,0.15649542787239779,0.09891471218039412
"n=5000, N=n^2",flow-NPE,k,0.16099419865069078,0.10937265520533547
"n=5000, N=n^2",flow-NPE,k,0.16549296942898378,0.12082956251906293
"n=5000, N=n^2",flow-NPE,k,0.16999174020727675,0.13353956943969006
"n=5000, N=n^2",flow-NPE,k,0.17449051098556975,0.14775109696886413
"n=5000, N=n^2",flow-NPE,k,0.17898928176386272,0.1636669065624183
"n=5000, N=n^2",flow-NPE,k,0.18348805254215572,0.1814097026598914
"n=5000, N=n^2",flow-NPE,k,0.1879868233204487,0.20100313009190895
"n=5000, N=n^2",flow-NPE,k,0.1924855940987417,0.2223748742981746
"n=5000, N=n^2",flow-NPE,k,0.1969843648770347,0.2453831125424941
"n=5000, N=n^2",flow-NPE,k,0.20148313565532766,0.2698613432717337
"n=5000, N=n^2",flow-NPE,k,0.20598190643362066,0.29567139549297616
"n=5000, N=n^2",flow-NPE,k,0.21048067721191366,0.32275160177354384
"n=5000, N=n^2",flow-NPE,k,0.21497944799020663,0.3511474798571556
"n=5000, N=n^2",flow-NPE,k,0.2194782187684996,0.3810158891000107
"n=5000, N=n^2",flow-NPE,k,0.22397698954679263,0.4125999270132773
"n=5000, N=n^2",flow-NPE,k,0.2284757603250856,0.4461795661736569
"n=5000, N=n^2",flow-NPE,k,0.23297453110337857,0.4820103330569822
"n=5000, N=n^2",flow-NPE,k,0.23747330188167157,0.5202669560765021
"n=5000, N=n^2",flow-NPE,k,0.24197207265996457,0.5610088684298434
"n=5000, N=n^2",flow-NPE,k,0.24647084343825754,0.6041788925206217
"n=5000, N=n^2",flow-NPE,k,0.2509696142165505,0.6496364189342443
"n=5000, N=n^2",flow-NPE,k,0.25546838499484353,0.6972150204248152
"n=5000, N=n^2",flow-NPE,k,0.2599671557731365,0.7467859719135959
"n=5000, N=n^2",flow-NPE,k,0.26446592655142953,0.7983072911374891
"n=5000, N=n^2",flow-NPE,k,0.2689646973297225,0.8518439646360983
"n=5000, N=n^2",flow-NPE,k,0.2734634681080155,0.9075568358125345
"n=5000, N=n^2",flow-NPE,k,0.27796223888630844,0.965670191634638
"n=5000, N=n^2",flow-NPE,k,0.2824610096646014,1.0264356473770477
"n=5000, N=n^2",flow-NPE,k,0.28695978044289444,1.090108804368547
"n=5000, N=n^2",flow-NPE,k,0.2914585512211874,1.1569457086840935
"n=5000, N=n^2",flow-NPE,k,0.29595732199948044,1.2272128527336181
"n=5000, N=n^2",flow-NPE,k,0.3004560927777734,1.3011939013214553
"n=5000, N=n^2",flow-NPE,k,0.3049548635560664,1.3791739801784855
"n=5000, N=n^2",flow-NPE,k,0.30945363433435935,1.461389997930006
"n=5000, N=n^2",flow-NPE,k,0.3139524051126523,1.5479502780294443
"n=5000, N=n^2",flow-NPE,k,0.31845117589094535,1.6387427011573414
"n=5000, N=n^2",flow-NPE,k,0.3229499466692383,1.7333609662528557
"n=5000, N=n^2",flow-NPE,k,0.32744871744753135,1.8310789312495663
"n=5000, N=n^2",flow-NPE,k,0.3319474882258243,1.93089241519497
"n=5000, N=n^2",flow-NPE,k,0.3364462590041173,2.0316291896329224
"n=5000, N=n^2",flow-NPE,k,0.34094502978241026,2.1321066643081448
"n=5000, N=n^2",flow-NPE,k,0.34544380056070323,2.231299487577585
"n=5000, N=n^2",flow-NPE,k,0.34994257133899626,2.3284717033407762
"n=5000, N=n^2",flow-NPE,k,0.3544413421172892,2.423233652654468
"n=5000, N=n^2",flow-NPE,k,0.35894011289558225,2.515502274584194
"n=5000, N=n^2",flow-NPE,k,0.3634388836738752,2.6053704810994214
"n=5000, N=n^2",flow-NPE,k,0.3679376544521682,2.6929190457880363
"n=5000, N=n^2",flow-NPE,k,0.37243642523046117,2.7780239092369885
"n=5000, N=n^2",flow-NPE,k,0.37693519600875414,2.8602158922079477
"n=5000, N=n^2",flow-NPE,k,0.38143396678704716,2.938636401504315
"n=5000, N=n^2",flow-NPE,k,0.3859327375653402,3.0121059141649336
"n=5000, N=n^2",flow-NPE,k,0.39043150834363316,3.079290829532651
"n=5000, N=n^2",flow-NPE,k,0.39493027912192613,3.1389290136305963
"n=5000, N=n^2",flow-NPE,k,0.3994290499002191,3.190062466479308
"n=5000, N=n^2",flow-NPE,k,0.40392782067851213,3.2322287389935376
"n=5000, N=n^2",flow-NPE,k,0.4084265914568051,3.265576950213752
"n=5000, N=n^2",flow-NPE,k,0.41292536223509807,3.29089232587753
"n=5000, N=n^2",flow-NPE,k,0.41742413301339104,3.309528670222488
"n=5000, N=n^2",flow-NPE,k,0.42192290379168407,3.3232584018759166
"n=5000, N=n^2",flow-NPE,k,0.42642167456997704,3.334056286875729
"n=5000, N=n^2",flow-NPE,k,0.43092044534827,3.3438394865492045
"n=5000, N=n^2",flow-NPE,k,0.43541921612656304,3.3541954462703636
"n=5000, N=n^2",flow-NPE,k,0.439917986904856,3.3661390433375153
"n=5000, N=n^2",flow-NPE,k,0.444416757683149,3.37994583903087
"n=5000, N=n^2",flow-NPE,k,0.44891552846144195,3.395102526306652
"n=5000, N=n^2",flow-NPE,k,0.453414299239735,3.4103950784335324
"n=5000, N=n^2",flow-NPE,k,0.45791307001802795,3.4241225918364915
"n=5000, N=n^2",flow-NPE,k,0.4624118407963209,3.4343902102679724
"n=5000, N=n^2",flow-NPE,k,0.46691061157461394,3.439411015694313
"n=5000, N=n^2",flow-NPE,k,0.4714093823529069,3.437744871559659
"n=5000, N=n^2",flow-NPE,k,0.4759081531311999,3.428424212676533
"n=5000, N=n^2",flow-NPE,k,0.4804069239094929,3.4109549914058936
"n=5000, N=n^2",flow-NPE,k,0.4849056946877859,3.3852208033832474
"n=5000, N=n^2",flow-NPE,k,0.48940446546607885,3.351344655631242
"n=5000, N=n^2",flow-NPE,k,0.4939032362443718,3.3095671508499236
"n=5000, N=n^2",flow-NPE,k,0.49840200702266485,3.260182788122079
"n=5000, N=n^2",flow-NPE,k,0.5029007778009578,3.2035465043452054
"n=5000, N=n^2",flow-NPE,k,0.5073995485792508,3.140132780004824
"n=5000, N=n^2",flow-NPE,k,0.5118983193575438,3.070609983673968
"n=5000, N=n^2",flow-NPE,k,0.5163970901358368,2.9958882871813106
"n=5000, N=n^2",flow-NPE,k,0.5208958609141298,2.917109903801605
"n=5000, N=n^2",flow-NPE,k,0.5253946316924227,2.8355708650921074
"n=5000, N=n^2",flow-NPE,k,0.5298934024707158,2.7525872308610646
"n=5000, N=n^2",flow-NPE,k,0.5343921732490087,2.669338324848302
"n=5000, N=n^2",flow-NPE,k,0.5388909440273018,2.586729203258324
"n=5000, N=n^2",flow-NPE,k,0.5433897148055947,2.505310640539873
"n=5000, N=n^2",flow-NPE,k,0.5478884855838877,2.425278129379782
"n=5000, N=n^2",flow-NPE,k,0.5523872563621807,2.3465470400605466
"n=5000, N=n^2",flow-NPE,k,0.5568860271404736,2.2688777083807934
"n=5000, N=n^2",flow-NPE,k,0.5613847979187667,2.192010383045981
"n=5000, N=n^2",flow-NPE,k,0.5658835686970596,2.1157705586657536
"n=5000, N=n^2",flow-NPE,k,0.5703823394753527,2.0401192755623176
"n=5000, N=n^2",flow-NPE,k,0.5748811102536456,1.9651441935437375
"n=5000, N=n^2",flow-NPE,k,0.5793798810319386,1.8910070753219423
"n=5000, N=n^2",flow-NPE,k,0.5838786518102316,1.8178747564061193
"n=5000, N=n^2",flow-NPE,k,0.5883774225885245,1.7458610101499974
"n=5000, N=n^2",flow-NPE,k,0.5928761933668176,1.6749978617919112
"n=5000, N=n^2",flow-NPE,k,0.5973749641451105,1.605241722754503
"n=5000, N=n^2",flow-NPE,k,0.6018737349234036,1.5365074523632907
"n=5000, N=n^2",flow-NPE,k,0.6063725057016965,1.4687157297702647
"n=5000, N=n^2",flow-NPE,k,0.6108712764799895,1.401837190527075
"n=5000, N=n^2",flow-NPE,k,0.6153700472582825,1.3359199398582466
"n=5000, N=n^2",flow-NPE,k,0.6198688180365755,1.2710934993023135
"n=5000, N=n^2",flow-NPE,k,0.6243675888148685,1.207549827544461
"n=5000, N=n^2",flow-NPE,k,0.6288663595931614,1.1455086907253669
"n=5000, N=n^2",flow-NPE,k,0.6333651303714545,1.0851785766678228
"n=5000, N=n^2",flow-NPE,k,0.6378639011497474,1.0267244800601538
"n=5000, N=n^2",flow-NPE,k,0.6423626719280404,0.9702503088657886
"n=5000, N=n^2",flow-NPE,k,0.6468614427063335,0.9157978103733524
"n=5000, N=n^2",flow-NPE,k,0.6513602134846264,0.8633581864301054
"n=5000, N=n^2",flow-NPE,k,0.6558589842629194,0.8128893103477326
"n=5000, N=n^2",flow-NPE,k,0.6603577550412123,0.7643318010457838
"n=5000, N=n^2",flow-NPE,k,0.6648565258195054,0.7176204351613598
"n=5000, N=n^2",flow-NPE,k,0.6693552965977985,0.672691310350873
"n=5000, N=n^2",flow-NPE,k,0.6738540673760913,0.6294874471594912
"n=5000, N=n^2",flow-NPE,k,0.6783528381543844,0.5879649877141474
"n=5000, N=n^2",flow-NPE,k,0.6828516089326773,0.5480995673042605
"n=5000, N=n^2",flow-NPE,k,0.6873503797109703,0.5098899259301185
"n=5000, N=n^2",flow-NPE,k,0.6918491504892632,0.473355479830588
"n=5000, N=n^2",flow-NPE,k,0.6963479212675563,0.438527021914255
"n=5000, N=n^2",flow-NPE,k,0.7008466920458494,0.4054336445545256
"n=5000, N=n^2",flow-NPE,k,0.7053454628241422,0.3740918718906582
"n=5000, N=n^2",flow-NPE,k,0.7098442336024353,0.34450273653433
"n=5000, N=n^2",flow-NPE,k,0.7143430043807282,0.31665881434161963
"n=5000, N=n^2",flow-NPE,k,0.7188417751590213,0.2905578429266691
"n=5000, N=n^2",flow-NPE,k,0.7233405459373141,0.266215455224567
"n=5000, N=n^2",flow-NPE,k,0.7278393167156072,0.24366917553896691
"n=5000, N=n^2",flow-NPE,k,0.7323380874939003,0.22296959987894419
"n=5000, N=n^2",flow-NPE,k,0.7368368582721931,0.20416078212035696
"n=5000, N=n^2",flow-NPE,k,0.7413356290504862,0.18725713749460485
"n=5000, N=n^2",flow-NPE,k,0.7458343998287791,0.17222591939678492
"n=5000, N=n^2",flow-NPE,k,0.7503331706070722,0.1589816559742042
"n=5000, N=n^2",flow-NPE,k,0.754831941385365,0.14739328608017968
"n=5000, N=n^2",flow-NPE,k,0.7593307121636581,0.1372990543137061
"n=5000, N=n^2",flow-NPE,k,0.7638294829419512,0.12852139516035982
"n=5000, N=n^2",flow-NPE,k,0.768328253720244,0.12087538911923945
"n=5000, N=n^2",flow-NPE,k,0.7728270244985371,0.11416904994490398
"n=5000, N=n^2",flow-NPE,k,0.77732579527683,0.10819915293027928
"n=5000, N=n^2",flow-NPE,k,0.7818245660551231,0.1027496425232305
"n=5000, N=n^2",flow-NPE,k,0.7863233368334159,0.09759908764022535
"n=5000, N=n^2",flow-NPE,k,0.790822107611709,0.09253938933042503
"n=5000, N=n^2",flow-NPE,k,0.7953208783900021,0.08740202736515049
"n=5000, N=n^2",flow-NPE,k,0.799819649168295,0.08208340584465827
"n=5000, N=n^2",flow-NPE,k,0.804318419946588,0.07655960797996186
"n=5000, N=n^2",flow-NPE,k,0.8088171907248809,0.07088378260016116
"n=5000, N=n^2",flow-NPE,k,0.813315961503174,0.06516529671536374
"n=5000, N=n^2",flow-NPE,k,0.8178147322814668,0.05953627706791544
"n=5000, N=n^2",flow-NPE,k,0.8223135030597599,0.05411563745157816
"n=5000, N=n^2",flow-NPE,k,0.826812273838053,0.04898145987747411
"n=5000, N=n^2",flow-NPE,k,0.8313110446163459,0.04415949360233089
"n=5000, N=n^2",flow-NPE,k,0.8358098153946389,0.03962985635392141
"n=5000, N=n^2",flow-NPE,k,0.8403085861729318,0.035347935569065854
"n=5000, N=n^2",flow-NPE,k,0.8448073569512249,0.03127115803450534
"n=5000, N=n^2",flow-NPE,k,0.8493061277295177,0.027382090842542412
"n=5000, N=n^2",flow-NPE,k,0.8538048985078108,0.02370039841167198
"n=5000, N=n^2",flow-NPE,k,0.8583036692861039,0.02028049472139695
"n=5000, N=n^2",flow-NPE,k,0.8628024400643968,0.01719661312776535
"n=5000, N=n^2",flow-NPE,k,0.8673012108426899,0.014520799437961132
"n=5000, N=n^2",flow-NPE,k,0.8717999816209827,0.012300952645000182
"n=5000, N=n^2",flow-NPE,k,0.8762987523992758,0.010545304805391866
"n=5000, N=n^2",flow-NPE,k,0.8807975231775687,0.009217239587206527
"n=5000, N=n^2",flow-NPE,k,0.8852962939558617,0.00824111437911681
"n=5000, N=n^2",flow-NPE,k,0.8897950647341548,0.007516799387214601
"n=5000, N=n^2",flow-NPE,k,0.8942938355124477,0.006938711916773003
"n=5000, N=n^2",flow-NPE,k,0.8987926062907408,0.006414522746050459
"n=5000, N=n^2",flow-NPE,k,0.9032913770690336,0.005879372818923491
"n=5000, N=n^2",flow-NPE,k,0.9077901478473267,0.0053030060188900335
"n=5000, N=n^2",flow-NPE,k,0.9122889186256198,0.004689183898116342
"n=5000, N=n^2",flow-NPE,k,0.9167876894039126,0.004068562545429771
"n=5000, N=n^2",flow-NPE,k,0.9212864601822057,0.003487448090675664
"n=5000, N=n^2",flow-NPE,k,0.9257852309604986,0.002995287785157215
"n=5000, N=n^2",flow-NPE,k,0.9302840017387917,0.0026334414997125884
"n=5000, N=n^2",flow-NPE,k,0.9347827725170845,0.0024269744256397077
"n=5000, N=n^2",flow-NPE,k,0.9392815432953776,0.002380268623607011
"n=5000, N=n^2",flow-NPE,k,0.9437803140736707,0.002476463215931823
"n=5000, N=n^2",flow-NPE,k,0.9482790848519635,0.0026802326690547125
"n=5000, N=n^2",flow-NPE,k,0.9527778556302566,0.0029431608836027424
"n=5000, N=n^2",flow-NPE,k,0.9572766264085495,0.0032108351375313817
"n=5000, N=n^2",flow-NPE,k,0.9617753971868426,0.0034306588577682
"n=5000, N=n^2",flow-NPE,k,0.9662741679651354,0.0035592549479571325
"n=5000, N=n^2",flow-NPE,k,0.9707729387434285,0.003568290834739586
"n=5000, N=n^2",flow-NPE,k,0.9752717095217216,0.00344772243183372
"n=5000, N=n^2",flow-NPE,k,0.9797704803000145,0.0032058863366242417
"n=5000, N=n^2",flow-NPE,k,0.9842692510783075,0.002866508286171344
"n=5000, N=n^2",flow-NPE,k,0.9887680218566004,0.0024633705725362765
"n=5000, N=n^2",flow-NPE,k,0.9932667926348935,0.002033878997267706
"n=5000, N=n^2",flow-NPE,k,0.9977655634131863,0.0016129291922419395
"n=5000, N=n^2",flow-NPE,k,1.0022643341914794,0.001228251592778966
"n=5000, N=n^2",flow-NPE,k,1.0067631049697725,0.0008979075541436524
"n=5000, N=n^2",flow-NPE,k,1.0112618757480654,0.0006299996058351235
"n=5000, N=n^2",flow-NPE,k,1.0157606465263584,0.00042414210106234536
"n=5000, N=n^2",flow-NPE,k,1.0202594173046513,0.0002739485113395067
"n=5000, N=n^2",flow-NPE,k,1.0247581880829444,0.00016976313053135755
"n=5000, N=n^2",flow-NPE,k,1.0292569588612372,0.00010104158575852091
"n=5000, N=n^2",flow-NPE,k,1.0337557296395303,5.8059910852242305e-05
"n=5000, N=n^2",Gaussian-NPE,k,0.13850034475922585,0.000373910200831392
"n=5000, N=n^2",Gaussian-NPE,k,0.14299911553751884,0.0005713636102696887
"n=5000, N=n^2",Gaussian-NPE,k,0.14749788631581182,0.0008526809016896328
"n=5000, N=n^2",Gaussian-NPE,k,0.15199665709410481,0.0012456478375026247
"n=5000, N=n^2",Gaussian-NPE,k,0.15649542787239779,0.0017856358226669188
"n=5000, N=n^2",Gaussian-NPE,k,0.16099419865069078,0.002517815733028711
"n=5000, N=n^2",Gaussian-NPE,k,0.16549296942898378,0.003499874435920395
"n=5000, N=n^2",Gaussian-NPE,k,0.16999174020727675,0.0048049502133823896
"n=5000, N=n^2",Gaussian-NPE,k,0.17449051098556975,0.006524257332052446
"n=5000, N=n^2",Gaussian-NPE,k,0.17898928176386272,0.008768691864557978
"n=5000, N=n^2",Gaussian-NPE,k,0.18348805254215572,0.011668696842023825
"n=5000, N=n^2",Gaussian-NPE,k,0.1879868233204487,0.015371876961607913
"n=5000, N=n^2",Gaussian-NPE,k,0.1924855940987417,0.020038282304249044
"n=5000, N=n^2",Gaussian-NPE,k,0.1969843648770347,0.025833834170027263
"n=5000, N=n^2",Gaussian-NPE,k,0.20148313565532766,0.032922891537209086
"n=5000, N=n^2",Gaussian-NPE,k,0.20598190643362066,0.04146129451829267
"n=5000, N=n^2",Gaussian-NPE,k,0.21048067721191366,0.051591264910663244
"n=5000, N=n^2",Gaussian-NPE,k,0.21497944799020663,0.06343927443822397
"n=5000, N=n^2",Gaussian-NPE,k,0.2194782187684996,0.0771174690128593
"n=5000, N=n^2",Gaussian-NPE,k,0.22397698954679263,0.09272855892859258
"n=5000, N=n^2",Gaussian-NPE,k,0.2284757603250856,0.11037333687145887
"n=5000, N=n^2",Gaussian-NPE,k,0.23297453110337857,0.13015923387252198
"n=5000, N=n^2",Gaussian-NPE,k,0.23747330188167157,0.15220765391196112
"n=5000, N=n^2",Gaussian-NPE,k,0.24197207265996457,0.17665741172000998
"n=5000, N=n^2",Gaussian-NPE,k,0.24647084343825754,0.20366171522694632
"n=5000, N=n^2",Gaussian-NPE,k,0.2509696142165505,0.233377092614305
"n=5000, N=n^2",Gaussian-NPE,k,0.25546838499484353,0.2659446075134561
"n=5000, N=n^2",Gaussian-NPE,k,0.2599671557731365,0.30146638476803306
"n=5000, N=n^2",Gaussian-NPE,k,0.26446592655142953,0.3399831263249232
"n=5000, N=n^2",Gaussian-NPE,k,0.2689646973297225,0.381459809588724
"n=5000, N=n^2",Gaussian-NPE,k,0.2734634681080155,0.42578606744229824
"n=5000, N=n^2",Gaussian-NPE,k,0.27796223888630844,0.4727944177563469
"n=5000, N=n^2",Gaussian-NPE,k,0.2824610096646014,0.5222941636421444
"n=5000, N=n^2",Gaussian-NPE,k,0.28695978044289444,0.5741131019875605
"n=5000, N=n^2",Gaussian-NPE,k,0.2914585512211874,0.6281353509644367
"n=5000, N=n^2",Gaussian-NPE,k,0.29595732199948044,0.6843234365619029
"n=5000, N=n^2",Gaussian-NPE,k,0.3004560927777734,0.7427167892648071
"n=5000, N=n^2",Gaussian-NPE,k,0.3049548635560664,0.8034058481118245
"n=5000, N=n^2",Gaussian-NPE,k,0.30945363433435935,0.866488570244994
"n=5000, N=n^2",Gaussian-NPE,k,0.3139524051126523,0.9320214666051498
"n=5000, N=n^2",Gaussian-NPE,k,0.31845117589094535,0.9999783435722335
"n=5000, N=n^2",Gaussian-NPE,k,0.3229499466692383,1.0702264563334583
"n=5000, N=n^2",Gaussian-NPE,k,0.32744871744753135,1.1425233382614657
"n=5000, N=n^2",Gaussian-NPE,k,0.3319474882258243,1.216530868465297
"n=5000, N=n^2",Gaussian-NPE,k,0.3364462590041173,1.2918388325717358
"n=5000, N=n^2",Gaussian-NPE,k,0.34094502978241026,1.3679897829742194
"n=5000, N=n^2",Gaussian-NPE,k,0.34544380056070323,1.4445001143707337
"n=5000, N=n^2",Gaussian-NPE,k,0.34994257133899626,1.5208771150902338
"n=5000, N=n^2",Gaussian-NPE,k,0.3544413421172892,1.596635889097804
"n=5000, N=n^2",Gaussian-NPE,k,0.35894011289558225,1.6713215100717502
"n=5000, N=n^2",Gaussian-NPE,k,0.3634388836738752,1.7445398959214296
"n=5000, N=n^2",Gaussian-NPE,k,0.3679376544521682,1.8159964566519444
"n=5000, N=n^2",Gaussian-NPE,k,0.37243642523046117,1.8855363408869106
"n=5000, N=n^2",Gaussian-NPE,k,0.37693519600875414,1.9531760820831119
"n=5000, N=n^2",Gaussian-NPE,k,0.38143396678704716,2.019115150929633
"n=5000, N=n^2",Gaussian-NPE,k,0.3859327375653402,2.0837180359250445
"n=5000, N=n^2",Gaussian-NPE,k,0.39043150834363316,2.147462778458357
"n=5000, N=n^2",Gaussian-NPE,k,0.39493027912192613,2.2108593736736672
"n=5000, N=n^2",Gaussian-NPE,k,0.3994290499002191,2.274349472910339
"n=5000, N=n^2",Gaussian-NPE,k,0.40392782067851213,2.3382053207740108
"n=5000, N=n^2",Gaussian-NPE,k,0.4084265914568051,2.4024487192442296
"n=5000, N=n^2",Gaussian-NPE,k,0.41292536223509807,2.466808501327206
"n=5000, N=n^2",Gaussian-NPE,k,0.41742413301339104,2.5307272891619945
"n=5000, N=n^2",Gaussian-NPE,k,0.42192290379168407,2.5934167564270694
"n=5000, N=n^2",Gaussian-NPE,k,0.42642167456997704,2.6539483975156117
"n=5000, N=n^2",Gaussian-NPE,k,0.43092044534827,2.7113578424998237
"n=5000, N=n^2",Gaussian-NPE,k,0.43541921612656304,2.7647382763159416
"n=5000, N=n^2",Gaussian-NPE,k,0.439917986904856,2.8133036995591376
"n=5000, N=n^2",Gaussian-NPE,k,0.444416757683149,2.856414052268844
"n=5000, N=n^2",Gaussian-NPE,k,0.44891552846144195,2.893567713207347
"n=5000, N=n^2",Gaussian-NPE,k,0.453414299239735,2.924377723614471
"n=5000, N=n^2",Gaussian-NPE,k,0.45791307001802795,2.9485522903717687
"n=5000, N=n^2",Gaussian-NPE,k,0.4624118407963209,2.9658961774303174
"n=5000, N=n^2",Gaussian-NPE,k,0.46691061157461394,2.9763390571200783
"n=5000, N=n^2",Gaussian-NPE,k,0.4714093823529069,2.9799838164111287
"n=5000, N=n^2",Gaussian-NPE,k,0.4759081531311999,2.977157160018257
"n=5000, N=n^2",Gaussian-NPE,k,0.4804069239094929,2.968440578141463
"n=5000, N=n^2",Gaussian-NPE,k,0.4849056946877859,2.9546633371067044
"n=5000, N=n^2",Gaussian-NPE,k,0.48940446546607885,2.9368491952045597
"n=5000, N=n^2",Gaussian-NPE,k,0.4939032362443718,2.916121460462077
"n=5000, N=n^2",Gaussian-NPE,k,0.49840200702266485,2.8935825213303086
"n=5000, N=n^2",Gaussian-NPE,k,0.5029007778009578,2.870190699641946
"n=5000, N=n^2",Gaussian-NPE,k,0.5073995485792508,2.846657686586539
"n=5000, N=n^2",Gaussian-NPE,k,0.5118983193575438,2.823384467800457
"n=5000, N=n^2",Gaussian-NPE,k,0.5163970901358368,2.8004445694794398
"n=5000, N=n^2",Gaussian-NPE,k,0.5208958609141298,2.777613347220798
"n=5000, N=n^2",Gaussian-NPE,k,0.5253946316924227,2.754433415032992
"n=5000, N=n^2",Gaussian-NPE,k,0.5298934024707158,2.730301003357074
"n=5000, N=n^2",Gaussian-NPE,k,0.5343921732490087,2.704556904815925
"n=5000, N=n^2",Gaussian-NPE,k,0.5388909440273018,2.6765685015461513
"n=5000, N=n^2",Gaussian-NPE,k,0.5433897148055947,2.64579491514956
"n=5000, N=n^2",Gaussian-NPE,k,0.5478884855838877,2.6118335493260094
"n=5000, N=n^2",Gaussian-NPE,k,0.5523872563621807,2.574450968194331
"n=5000, N=n^2",Gaussian-NPE,k,0.5568860271404736,2.5336025246339484
"n=5000, N=n^2",Gaussian-NPE,k,0.5613847979187667,2.4894431118983484
"n=5000, N=n^2",Gaussian-NPE,k,0.5658835686970596,2.442327174823767
"n=5000, N=n^2",Gaussian-NPE,k,0.5703823394753527,2.3927922057598825
"n=5000, N=n^2",Gaussian-NPE,k,0.5748811102536456,2.341519021428411
"n=5000, N=n^2",Gaussian-NPE,k,0.5793798810319386,2.2892656775044604
"n=5000, N=n^2",Gaussian-NPE,k,0.5838786518102316,2.236779401427925
"n=5000, N=n^2",Gaussian-NPE,k,0.5883774225885245,2.1846998456864197
"n=5000, N=n^2",Gaussian-NPE,k,0.5928761933668176,2.1334736305728663
"n=5000, N=n^2",Gaussian-NPE,k,0.5973749641451105,2.083301334623115
"n=5000, N=n^2",Gaussian-NPE,k,0.6018737349234036,2.034132425650653
"n=5000, N=n^2",Gaussian-NPE,k,0.6063725057016965,1.9857122604182262
"n=5000, N=n^2",Gaussian-NPE,k,0.6108712764799895,1.9376715704953367
"n=5000, N=n^2",Gaussian-NPE,k,0.6153700472582825,1.8896371540252266
"n=5000, N=n^2",Gaussian-NPE,k,0.6198688180365755,1.8413366122840502
"n=5000, N=n^2",Gaussian-NPE,k,0.6243675888148685,1.7926718351907887
"n=5000, N=n^2",Gaussian-NPE,k,0.6288663595931614,1.743744979675215
"n=5000, N=n^2",Gaussian-NPE,k,0.6333651303714545,1.694834067177333
"n=5000, N=n^2",Gaussian-NPE,k,0.6378639011497474,1.6463289311805398
"n=5000, N=n^2",Gaussian-NPE,k,0.6423626719280404,1.5986480097759648
"n=5000, N=n^2",Gaussian-NPE,k,0.6468614427063335,1.5521596720401585
"n=5000, N=n^2",Gaussian-NPE,k,0.6513602134846264,1.507127803715894
"n=5000, N=n^2",Gaussian-NPE,k,0.6558589842629194,1.4636919235856078
"n=5000, N=n^2",Gaussian-NPE,k,0.6603577550412123,1.4218804723117293
"n=5000, N=n^2",Gaussian-NPE,k,0.6648565258195054,1.3816459603220719
"n=5000, N=n^2",Gaussian-NPE,k,0.6693552965977985,1.3429054984130115
"n=5000, N=n^2",Gaussian-NPE,k,0.6738540673760913,1.3055712371428818
"n=5000, N=n^2",Gaussian-NPE,k,0.6783528381543844,1.2695616115368977
"n=5000, N=n^2",Gaussian-NPE,k,0.6828516089326773,1.2347933751078313
"n=5000, N=n^2",Gaussian-NPE,k,0.6873503797109703,1.2011626781035833
"n=5000, N=n^2",Gaussian-NPE,k,0.6918491504892632,1.1685277853189386
"n=5000, N=n^2",Gaussian-NPE,k,0.6963479212675563,1.1367049084164125
"n=5000, N=n^2",Gaussian-NPE,k,0.7008466920458494,1.105482673291467
"n=5000, N=n^2",Gaussian-NPE,k,0.7053454628241422,1.0746524741498078
"n=5000, N=n^2",Gaussian-NPE,k,0.7098442336024353,1.0440447757976345
"n=5000, N=n^2",Gaussian-NPE,k,0.7143430043807282,1.0135582128449936
"n=5000, N=n^2",Gaussian-NPE,k,0.7188417751590213,0.9831703535311682
"n=5000, N=n^2",Gaussian-NPE,k,0.7233405459373141,0.9529254039185141
"n=5000, N=n^2",Gaussian-NPE,k,0.7278393167156072,0.9229023995239757
"n=5000, N=n^2",Gaussian-NPE,k,0.7323380874939003,0.893174427605595
"n=5000, N=n^2",Gaussian-NPE,k,0.7368368582721931,0.8637726359303431
"n=5000, N=n^2",Gaussian-NPE,k,0.7413356290504862,0.8346672289649988
"n=5000, N=n^2",Gaussian-NPE,k,0.7458343998287791,0.8057720934367688
"n=5000, N=n^2",Gaussian-NPE,k,0.7503331706070722,0.7769721901486426
"n=5000, N=n^2",Gaussian-NPE,k,0.754831941385365,0.7481658945882192
"n=5000, N=n^2",Gaussian-NPE,k,0.7593307121636581,0.7193101275692647
"n=5000, N=n^2",Gaussian-NPE,k,0.7638294829419512,0.6904554404353319
"n=5000, N=n^2",Gaussian-NPE,k,0.768328253720244,0.6617610970652872
"n=5000, N=n^2",Gaussian-NPE,k,0.7728270244985371,0.6334855710300874
"n=5000, N=n^2",Gaussian-NPE,k,0.77732579527683,0.6059541687014621
"n=5000, N=n^2",Gaussian-NPE,k,0.7818245660551231,0.5795110479921833
"n=5000, N=n^2",Gaussian-NPE,k,0.7863233368334159,0.5544663987033415
"n=5000, N=n^2",Gaussian-NPE,k,0.790822107611709,0.5310502473461266
"n=5000, N=n^2",Gaussian-NPE,k,0.7953208783900021,0.5093822356220793
"n=5000, N=n^2",Gaussian-NPE,k,0.799819649168295,0.4894624894651769
"n=5000, N=n^2",Gaussian-NPE,k,0.804318419946588,0.4711835503099315
"n=5000, N=n^2",Gaussian-NPE,k,0.8088171907248809,0.4543586682459352
"n=5000, N=n^2",Gaussian-NPE,k,0.813315961503174,0.43875872677588473
"n=5000, N=n^2",Gaussian-NPE,k,0.8178147322814668,0.42414929340708635
"n=5000, N=n^2",Gaussian-NPE,k,0.8223135030597599,0.41032066870586825
"n=5000, N=n^2",Gaussian-NPE,k,0.826812273838053,0.39710661698973715
"n=5000, N=n^2",Gaussian-NPE,k,0.8313110446163459,0.38439067054035436
"n=5000, N=n^2",Gaussian-NPE,k,0.8358098153946389,0.37210156125034927
"n=5000, N=n^2",Gaussian-NPE,k,0.8403085861729318,0.3602009183670484
"n=5000, N=n^2",Gaussian-NPE,k,0.8448073569512249,0.34866687410185393
"n=5000, N=n^2",Gaussian-NPE,k,0.8493061277295177,0.33747702365328586
"n=5000, N=n^2",Gaussian-NPE,k,0.8538048985078108,0.32659375994720596
"n=5000, N=n^2",Gaussian-NPE,k,0.8583036692861039,0.3159545984375504
"n=5000, N=n^2",Gaussian-NPE,k,0.8628024400643968,0.30546963384439324
"n=5000, N=n^2",Gaussian-NPE,k,0.8673012108426899,0.29502741317140146
"n=5000, N=n^2",Gaussian-NPE,k,0.8717999816209827,0.28450901637675635
"n=5000, N=n^2",Gaussian-NPE,k,0.8762987523992758,0.2738081062401045
"n=5000, N=n^2",Gaussian-NPE,k,0.8807975231775687,0.2628526858422199
"n=5000, N=n^2",Gaussian-NPE,k,0.8852962939558617,0.25162309450376885
"n=5000, N=n^2",Gaussian-NPE,k,0.8897950647341548,0.2401610747019304
"n=5000, N=n^2",Gaussian-NPE,k,0.8942938355124477,0.22856674746254435
"n=5000, N=n^2",Gaussian-NPE,k,0.8987926062907408,0.21698355893533292
"n=5000, N=n^2",Gaussian-NPE,k,0.9032913770690336,0.20557468272790863
"n=5000, N=n^2",Gaussian-NPE,k,0.9077901478473267,0.19449681255769136
"n=5000, N=n^2",Gaussian-NPE,k,0.9122889186256198,0.18387791338336465
"n=5000, N=n^2",Gaussian-NPE,k,0.9167876894039126,0.1738041236162244
"n=5000, N=n^2",Gaussian-NPE,k,0.9212864601822057,0.16431812584674352
"n=5000, N=n^2",Gaussian-NPE,k,0.9257852309604986,0.15542791515732812
"n=5000, N=n^2",Gaussian-NPE,k,0.9302840017387917,0.14712207411261125
"n=5000, N=n^2",Gaussian-NPE,k,0.9347827725170845,0.13938621767821327
"n=5000, N=n^2",Gaussian-NPE,k,0.9392815432953776,0.1322155023078874
"n=5000, N=n^2",Gaussian-NPE,k,0.9437803140736707,0.125619769614468
"n=5000, N=n^2",Gaussian-NPE,k,0.9482790848519635,0.11962038722869213
"n=5000, N=n^2",Gaussian-NPE,k,0.9527778556302566,0.11424036207624756
"n=5000, N=n^2",Gaussian-NPE,k,0.9572766264085495,0.10949111750127377
"n=5000, N=n^2",Gaussian-NPE,k,0.9617753971868426,0.10536000259816324
"n=5000, N=n^2",Gaussian-NPE,k,0.9662741679651354,0.1018020740656481
"n=5000, N=n^2",Gaussian-NPE,k,0.9707729387434285,0.09873825766405744
"n=5000, N=n^2",Gaussian-NPE,k,0.9752717095217216,0.09606019892505153
"n=5000, N=n^2",Gaussian-NPE,k,0.9797704803000145,0.09364053196872564
"n=5000, N=n^2",Gaussian-NPE,k,0.9842692510783075,0.09134634354113735
"n=5000, N=n^2",Gaussian-NPE,k,0.9887680218566004,0.08905339936781713
"n=5000, N=n^2",Gaussian-NPE,k,0.9932667926348935,0.08665904890098991
"n=5000, N=n^2",Gaussian-NPE,k,0.9977655634131863,0.08409229195684198
"n=5000, N=n^2",Gaussian-NPE,k,1.0022643341914794,0.08131997825049402
"n=5000, N=n^2",Gaussian-NPE,k,1.0067631049697725,0.07834841860196583
"n=5000, N=n^2",Gaussian-NPE,k,1.0112618757480654,0.07521994121735481
"n=5000, N=n^2",Gaussian-NPE,k,1.0157606465263584,0.07200436634335688
"n=5000, N=n^2",Gaussian-NPE,k,1.0202594173046513,0.06878615680419331
"n=5000, N=n^2",Gaussian-NPE,k,1.0247581880829444,0.06564905376890147
"n=5000, N=n^2",Gaussian-NPE,k,1.0292569588612372,0.06266098790196412
"n=5000, N=n^2",Gaussian-NPE,k,1.0337557296395303,0.05986249641063331
