method,n_obs,n_sims,budget_label,seed,kl,mmd
flow_npe,100,100,N=n,0,0.7896479646250729,0.07549322
flow_npe,100,100,N=n,1,1.166659543156659,0.13300753
flow_npe,100,100,N=n,2,0.9607468737051678,0.08371806
flow_npe,100,100,N=n,3,0.7867657229029988,0.0444659
flow_npe,100,100,N=n,4,0.9909871075789453,0.11242139
flow_npe,100,100,N=n,5,0.9632510269907993,0.13865077
flow_npe,100,100,N=n,6,1.5551539933594831,0.12359381
flow_npe,100,100,N=n,7,0.6150509572554225,0.031409144
flow_npe,100,100,N=n,8,0.4991401518209268,0.058522344
flow_npe,100,100,N=n,9,0.9402606677417432,0.1345191
flow_npe,100,100,N=n,10,0.7232743860919375,0.07066405
flow_npe,100,100,N=n,11,0.6853183822010888,0.026738763
flow_npe,100,100,N=n,12,1.0383175606151342,0.11228907
flow_npe,100,100,N=n,13,1.0350083654023647,0.08770692
flow_npe,100,100,N=n,14,2.358422205450249,0.402126
flow_npe,100,100,N=n,15,0.9849327437667424,0.13209069
flow_npe,100,100,N=n,16,0.921955947834539,0.08074558
flow_npe,100,100,N=n,17,1.8274565412813544,0.10121977
flow_npe,100,100,N=n,18,0.7357182927831379,0.08997166
flow_npe,100,100,N=n,19,1.3921426474636298,0.26435572
flow_npe,100,100,N=n,20,0.8537450872306357,0.053109646
flow_npe,100,100,N=n,21,2.2755168110366677,0.35397983
flow_npe,100,100,N=n,22,0.9606711503272425,0.108337045
flow_npe,100,100,N=n,23,0.5898701447546227,0.049312353
flow_npe,100,100,N=n,24,0.9406713711783391,0.032548904
flow_npe,100,100,N=n,25,0.8415129200020349,0.037865162
flow_npe,100,100,N=n,26,0.6776294026953859,0.04145062
flow_npe,100,100,N=n,27,0.7686554790162282,0.10085249
flow_npe,100,100,N=n,28,0.6571257860423284,0.0750283
flow_npe,100,100,N=n,29,0.9161446862582492,0.0733999
flow_npe,100,100,N=n,30,0.6833548118124245,0.078380585
flow_npe,100,100,N=n,31,2.1661814384449998,0.057861805
flow_npe,100,100,N=n,32,0.46091841261267735,0.03296888
flow_npe,100,100,N=n,33,0.49568122663737707,0.023424268
flow_npe,100,100,N=n,34,0.5187588915147598,0.043456197
flow_npe,100,100,N=n,35,0.5241996265760311,0.03588724
flow_npe,100,100,N=n,36,0.7937541325025924,0.013839483
flow_npe,100,100,N=n,37,0.5675048763374173,0.0050154924
flow_npe,100,100,N=n,38,0.7041058016727685,0.10237861
flow_npe,100,100,N=n,39,0.6010039636058129,0.05262935
flow_npe,100,100,N=n,40,0.8091954995269071,0.09398091
flow_npe,100,100,N=n,41,0.7561083673897928,0.073607445
flow_npe,100,100,N=n,42,1.1576931223951514,0.12698364
flow_npe,100,100,N=n,43,0.6278999051997021,0.07152963
flow_npe,100,100,N=n,44,1.1592572792468503,0.040087104
flow_npe,100,100,N=n,45,1.0074664011185384,0.090040445
flow_npe,100,100,N=n,46,0.982149745340372,0.06715691
flow_npe,100,100,N=n,47,1.4342196062767278,0.28780347
flow_npe,100,100,N=n,48,0.759168592440353,0.05499971
flow_npe,100,100,N=n,49,1.2171482447491215,0.23672998
flow_npe,100,100,N=n,50,0.9354763187420428,0.10367501
flow_npe,100,100,N=n,51,0.8560249963164608,0.12028694
flow_npe,100,100,N=n,52,0.4911763469643235,0.024606705
flow_npe,100,100,N=n,53,0.5630911849030801,0.04639101
flow_npe,100,100,N=n,54,0.9537374510239384,0.07711494
flow_npe,100,100,N=n,55,1.14853154273451,0.16011798
flow_npe,100,100,N=n,56,1.8533888557266318,0.121477485
flow_npe,100,100,N=n,57,1.1007741430538176,0.111190796
flow_npe,100,100,N=n,58,0.6600875410318606,0.0801903
flow_npe,100,100,N=n,59,1.2863534217540054,0.082383394
flow_npe,100,100,N=n,60,0.6568048971178896,0.03202343
flow_npe,100,100,N=n,61,0.8532844720541275,0.036444426
flow_npe,100,100,N=n,62,0.5176472991170993,0.026997685
flow_npe,100,100,N=n,63,0.9886066168268908,0.10470247
flow_npe,100,100,N=n,64,1.0056811376311485,0.093440294
flow_npe,100,100,N=n,65,0.6235821072919611,0.04633653
flow_npe,100,100,N=n,66,0.7203824869041029,0.0585351
flow_npe,100,100,N=n,67,1.0414374150681531,0.18318117
flow_npe,100,100,N=n,68,1.2918063526128312,0.18529332
flow_npe,100,100,N=n,69,1.273580088742506,0.19204581
flow_npe,100,100,N=n,70,0.5908152158213659,0.083150625
flow_npe,100,100,N=n,71,0.7231448324265619,0.048009038
flow_npe,100,100,N=n,72,0.9200701303409378,0.10710442
flow_npe,100,100,N=n,73,0.6590283579751433,0.06373799
flow_npe,100,100,N=n,74,0.7073299724967417,0.09405768
flow_npe,100,100,N=n,75,1.2868010728329404,0.14528465
flow_npe,100,100,N=n,76,0.7297220899109147,0.051332116
flow_npe,100,100,N=n,77,1.0140288638173176,0.13964391
flow_npe,100,100,N=n,78,0.8990724537419877,0.038070798
flow_npe,100,100,N=n,79,0.6931589202085376,0.029347539
flow_npe,100,100,N=n,80,0.9842290422687143,0.06995487
flow_npe,100,100,N=n,81,0.7408821792758393,0.13171148
flow_npe,100,100,N=n,82,0.8486805555508854,0.045333028
flow_npe,100,100,N=n,83,0.9609817278594548,0.049503922
flow_npe,100,100,N=n,84,0.4315683843182066,0.05791545
flow_npe,100,100,N=n,85,3.7439516806059028,0.42627704
flow_npe,100,100,N=n,86,0.5206331008922457,0.030328989
flow_npe,100,100,N=n,87,0.8658840544968094,0.08652794
flow_npe,100,100,N=n,88,1.4529548037930535,0.23928827
flow_npe,100,100,N=n,89,0.9376553261902345,0.060536385
flow_npe,100,100,N=n,90,0.7583653917175027,0.11248171
flow_npe,100,100,N=n,91,1.5843367710813177,0.107649565
flow_npe,100,100,N=n,92,0.6815832334763529,0.08848405
flow_npe,100,100,N=n,93,1.1720963300180398,0.16033912
flow_npe,100,100,N=n,94,0.6970362589790725,0.06611848
flow_npe,100,100,N=n,95,1.7594901042630795,0.30215013
flow_npe,100,100,N=n,96,1.3221968904867876,0.046944976
flow_npe,100,100,N=n,97,0.5508423003134745,0.03165257
flow_npe,100,100,N=n,98,0.7018855592553142,0.083611965
flow_npe,100,100,N=n,99,0.9456398589925232,0.07925308
flow_npe,100,100,N=n,100,0.7385581402768292,0.07733643
flow_npe,100,460,N=n log(n),0,0.3928334720405885,0.03656435
flow_npe,100,460,N=n log(n),1,0.5230989868540413,0.03352928
flow_npe,100,460,N=n log(n),2,0.2555586006789766,0.007247448
flow_npe,100,460,N=n log(n),3,0.494668240660655,0.028710365
flow_npe,100,460,N=n log(n),4,0.5197796007304415,0.027706623
flow_npe,100,460,N=n log(n),5,0.2663924283659116,0.021762729
flow_npe,100,460,N=n log(n),6,0.8738326233645746,0.023476839
flow_npe,100,460,N=n log(n),7,0.7518194520311737,0.010692239
flow_npe,100,460,N=n log(n),8,0.41010536191265695,0.026356816
flow_npe,100,460,N=n log(n),9,0.3800617724065971,0.018393397
flow_npe,100,460,N=n log(n),10,0.37841033475886543,0.02515769
flow_npe,100,460,N=n log(n),11,0.6714303284808101,0.03724265
flow_npe,100,460,N=n log(n),12,0.4913517183644828,0.039200902
flow_npe,100,460,N=n log(n),13,0.4579641325812223,0.020855784
flow_npe,100,460,N=n log(n),14,0.7866085469348606,0.08992779
flow_npe,100,460,N=n log(n),15,0.3336572837143077,0.024879932
flow_npe,100,460,N=n log(n),16,0.8836524504737373,0.116348624
flow_npe,100,460,N=n log(n),17,0.7668540137518597,0.0144701
flow_npe,100,460,N=n log(n),18,0.5579227145011189,0.03600633
flow_npe,100,460,N=n log(n),19,0.3665065133628964,0.016798496
flow_npe,100,460,N=n log(n),20,0.5655255060377405,0.008288264
flow_npe,100,460,N=n log(n),21,1.7370701323016924,0.24442685
flow_npe,100,460,N=n log(n),22,0.4475900934028656,0.029934525
flow_npe,100,460,N=n log(n),23,0.40065263448271154,0.017686963
flow_npe,100,460,N=n log(n),24,0.35357879883090854,0.0077991486
flow_npe,100,460,N=n log(n),25,0.8906860794193582,0.075873375
flow_npe,100,460,N=n log(n),26,0.2737343037986895,0.0063072443
flow_npe,100,460,N=n log(n),27,0.9916077050262986,0.0535053
flow_npe,100,460,N=n log(n),28,0.6026492657135301,0.031151533
flow_npe,100,460,N=n log(n),29,0.517628324642774,0.013456464
flow_npe,100,460,N=n log(n),30,0.34717942359419185,0.014095545
flow_npe,100,460,N=n log(n),31,0.5501689415389837,0.027807355
flow_npe,100,460,N=n log(n),32,0.48227273581114516,0.03624463
flow_npe,100,460,N=n log(n),33,0.46888711814604134,0.022145033
flow_npe,100,460,N=n log(n),34,0.43117580050493853,0.012338996
flow_npe,100,460,N=n log(n),35,0.53518098963625,0.01051867
flow_npe,100,460,N=n log(n),36,0.4419025920947902,0.012887239
flow_npe,100,460,N=n log(n),37,0.7287695843110769,0.021489024
flow_npe,100,460,N=n log(n),38,0.20726190606078745,0.002545476
flow_npe,100,460,N=n log(n),39,0.5511103435530686,0.049906373
flow_npe,100,460,N=n log(n),40,0.7192116039988105,0.07531738
flow_npe,100,460,N=n log(n),41,0.30919050395437825,0.0070711374
flow_npe,100,460,N=n log(n),42,0.23408798447565918,0.009298444
flow_npe,100,460,N=n log(n),43,0.5547547280347738,0.022565246
flow_npe,100,460,N=n log(n),44,1.012018645338691,0.053875685
flow_npe,100,460,N=n log(n),45,1.1514347617222693,0.09588778
flow_npe,100,460,N=n log(n),46,0.31057332031761303,0.0150312185
flow_npe,100,460,N=n log(n),47,0.540505833431312,0.04498923
flow_npe,100,460,N=n log(n),48,0.2591898289005152,0.012810707
flow_npe,100,460,N=n log(n),49,0.6382805168094481,0.08075726
flow_npe,100,460,N=n log(n),50,0.859629469089226,0.064349174
flow_npe,100,460,N=n log(n),51,0.60268285984306,0.05878842
flow_npe,100,460,N=n log(n),52,0.35524425150029204,0.015145421
flow_npe,100,460,N=n log(n),53,0.4099955703408927,0.042009473
flow_npe,100,460,N=n log(n),54,0.302614480356058,0.02466011
flow_npe,100,460,N=n log(n),55,0.9504567629132581,0.06856918
flow_npe,100,460,N=n log(n),56,0.6697152084153057,0.043412805
flow_npe,100,460,N=n log(n),57,0.4302891271872173,0.010646462
flow_npe,100,460,N=n log(n),58,0.6094962080496575,0.07737076
flow_npe,100,460,N=n log(n),59,1.2042543468925957,0.09722388
flow_npe,100,460,N=n log(n),60,0.439371526613903,0.039859295
flow_npe,100,460,N=n log(n),61,0.37718946649729806,0.019117832
flow_npe,100,460,N=n log(n),62,0.30402440508778045,0.023700714
flow_npe,100,460,N=n log(n),63,0.983692198616378,0.08967674
flow_npe,100,460,N=n log(n),64,0.47958794549642536,0.056912184
flow_npe,100,460,N=n log(n),65,0.41906549238164825,0.042277098
flow_npe,100,460,N=n log(n),66,0.35619845566581443,0.014635682
flow_npe,100,460,N=n log(n),67,0.6743122557702468,0.08513641
flow_npe,100,460,N=n log(n),68,0.5663866564529809,0.057106495
flow_npe,100,460,N=n log(n),69,0.44436196780329956,0.044315577
flow_npe,100,460,N=n log(n),70,0.7594447080955015,0.047976613
flow_npe,100,460,N=n log(n),71,0.9060729664646822,0.058581352
flow_npe,100,460,N=n log(n),72,0.8042797582898353,0.094833374
flow_npe,100,460,N=n log(n),73,0.43394237867522745,0.021591902
flow_npe,100,460,N=n log(n),74,0.4808838547728262,0.05038047
flow_npe,100,460,N=n log(n),75,0.3658106829618935,0.019892454
flow_npe,100,460,N=n log(n),76,0.3670048590006523,0.006243944
flow_npe,100,460,N=n log(n),77,0.42478159364247003,0.018495798
flow_npe,100,460,N=n log(n),78,0.5000562418847956,0.046407342
flow_npe,100,460,N=n log(n),79,0.4539932047630464,0.015386701
flow_npe,100,460,N=n log(n),80,0.4860304132352341,0.023892641
flow_npe,100,460,N=n log(n),81,0.3460829328137019,0.022789836
flow_npe,100,460,N=n log(n),82,0.3945344997387766,0.017793298
flow_npe,100,460,N=n log(n),83,0.4364409038807832,0.010880709
flow_npe,100,460,N=n log(n),84,0.9984435532420508,0.1251477
flow_npe,100,460,N=n log(n),85,0.4116757900951009,0.072084785
flow_npe,100,460,N=n log(n),86,0.38876212960737044,0.01811397
flow_npe,100,460,N=n log(n),87,0.7091331221510756,0.04862702
flow_npe,100,460,N=n log(n),88,0.31747396401624045,0.011666179
flow_npe,100,460,N=n log(n),89,0.6815300203968435,0.019413948
flow_npe,100,460,N=n log(n),90,0.39600643900108723,0.029297352
flow_npe,100,460,N=n log(n),91,0.41833987578972065,0.016759872
flow_npe,100,460,N=n log(n),92,0.3053342511296686,0.024704456
flow_npe,100,460,N=n log(n),93,0.4452937754135408,0.011373997
flow_npe,100,460,N=n log(n),94,0.4454917538041476,0.028776407
flow_npe,100,460,N=n log(n),95,0.5438534729618556,0.022043228
flow_npe,100,460,N=n log(n),96,0.7509222641934977,0.038344145
flow_npe,100,460,N=n log(n),97,0.29653067638828795,0.01160419
flow_npe,100,460,N=n log(n),98,0.34812687923184027,0.00893724
flow_npe,100,460,N=n log(n),99,0.6901260360956278,0.06509066
flow_npe,100,460,N=n log(n),100,0.6026337763111478,0.02683866
flow_npe,100,1000,N=n^(3/2),0,0.23518859983316273,0.015931606
flow_npe,100,1000,N=n^(3/2),1,0.4258064205534089,0.042042017
flow_npe,100,1000,N=n^(3/2),2,0.1785627691317914,0.00390172
flow_npe,100,1000,N=n^(3/2),3,0.36444168907756175,0.037492275
flow_npe,100,1000,N=n^(3/2),4,0.24078837212742113,0.006451726
flow_npe,100,1000,N=n^(3/2),5,0.17005391977962214,0.015573621
flow_npe,100,1000,N=n^(3/2),6,0.7850824922884767,0.053251266
flow_npe,100,1000,N=n^(3/2),7,0.4517647752461707,0.019248486
flow_npe,100,1000,N=n^(3/2),8,0.32192669702872584,0.007331133
flow_npe,100,1000,N=n^(3/2),9,0.3246990748919983,0.012689233
flow_npe,100,1000,N=n^(3/2),10,0.2109915057813814,0.011549592
flow_npe,100,1000,N=n^(3/2),11,0.25720079881639046,0.015473843
flow_npe,100,1000,N=n^(3/2),12,0.21648551722043127,0.011381507
flow_npe,100,1000,N=n^(3/2),13,0.31523566297369565,0.009260297
flow_npe,100,1000,N=n^(3/2),14,0.2901301723214222,0.026056647
flow_npe,100,1000,N=n^(3/2),15,0.19590241678579418,0.013818145
flow_npe,100,1000,N=n^(3/2),16,0.4557490954336276,0.019794822
flow_npe,100,1000,N=n^(3/2),17,0.5427827270380711,0.029548407
flow_npe,100,1000,N=n^(3/2),18,0.2710331860050305,0.009974599
flow_npe,100,1000,N=n^(3/2),19,0.17739584452275683,0.0046975613
flow_npe,100,1000,N=n^(3/2),20,0.27085861833801217,0.0053532124
flow_npe,100,1000,N=n^(3/2),21,1.3310631892230764,0.23715901
flow_npe,100,1000,N=n^(3/2),22,0.22907931354172628,0.008477688
flow_npe,100,1000,N=n^(3/2),23,0.21664315031323192,0.0202744
flow_npe,100,1000,N=n^(3/2),24,0.4076623466148179,0.030367494
flow_npe,100,1000,N=n^(3/2),25,0.3245870954611891,0.008979201
flow_npe,100,1000,N=n^(3/2),26,0.18917593401837374,0.013903141
flow_npe,100,1000,N=n^(3/2),27,0.8145146068826854,0.010459423
flow_npe,100,1000,N=n^(3/2),28,0.2667266919787655,0.006108403
flow_npe,100,1000,N=n^(3/2),29,0.44962614501211556,0.028264046
flow_npe,100,1000,N=n^(3/2),30,0.269270124095776,0.0032999516
flow_npe,100,1000,N=n^(3/2),31,0.6771958257118719,0.031628966
flow_npe,100,1000,N=n^(3/2),32,0.3091184496984038,0.024394631
flow_npe,100,1000,N=n^(3/2),33,0.34743556818262866,0.016014814
flow_npe,100,1000,N=n^(3/2),34,0.2753240891619859,0.0087583065
flow_npe,100,1000,N=n^(3/2),35,0.4355638035092061,0.013782024
flow_npe,100,1000,N=n^(3/2),36,0.20139898008847343,0.011688232
flow_npe,100,1000,N=n^(3/2),37,0.36151245394769943,0.008815169
flow_npe,100,1000,N=n^(3/2),38,0.27073599496978157,0.009287477
flow_npe,100,1000,N=n^(3/2),39,0.6222555191456173,0.07624781
flow_npe,100,1000,N=n^(3/2),40,0.21374867289454763,0.0061243773
flow_npe,100,1000,N=n^(3/2),41,0.16694810994871395,0.0042390823
flow_npe,100,1000,N=n^(3/2),42,0.31761340264606586,0.010082245
flow_npe,100,1000,N=n^(3/2),43,0.7217101137471438,0.020019293
flow_npe,100,1000,N=n^(3/2),44,0.7643018340158261,0.04970789
flow_npe,100,1000,N=n^(3/2),45,0.4249229128220099,0.034344554
flow_npe,100,1000,N=n^(3/2),46,0.3528980719481431,0.04448998
flow_npe,100,1000,N=n^(3/2),47,0.3551549902022135,0.026151657
flow_npe,100,1000,N=n^(3/2),48,0.295480849505561,0.014851689
flow_npe,100,1000,N=n^(3/2),49,0.2671987073613625,0.012820482
flow_npe,100,1000,N=n^(3/2),50,0.44290654521075296,0.026159644
flow_npe,100,1000,N=n^(3/2),51,0.3897666606183331,0.03824961
flow_npe,100,1000,N=n^(3/2),52,0.13087535156617652,0.0015844107
flow_npe,100,1000,N=n^(3/2),53,0.383727059445658,0.012274981
flow_npe,100,1000,N=n^(3/2),54,0.1247344157735863,0.0061011314
flow_npe,100,1000,N=n^(3/2),55,0.6710608549345172,0.03530681
flow_npe,100,1000,N=n^(3/2),56,0.6086007612886213,0.0496279
flow_npe,100,1000,N=n^(3/2),57,0.31544293910493754,0.03550732
flow_npe,100,1000,N=n^(3/2),58,0.33242695448246423,0.013644576
flow_npe,100,1000,N=n^(3/2),59,0.596616726321604,0.05496776
flow_npe,100,1000,N=n^(3/2),60,0.24692052019772684,0.015288472
flow_npe,100,1000,N=n^(3/2),61,0.3291220056602012,0.029837012
flow_npe,100,1000,N=n^(3/2),62,0.18104810488543843,0.0116328
flow_npe,100,1000,N=n^(3/2),63,0.35657144374456695,0.021284103
flow_npe,100,1000,N=n^(3/2),64,0.4320843676790293,0.048729897
flow_npe,100,1000,N=n^(3/2),65,0.18445386790543516,0.002767682
flow_npe,100,1000,N=n^(3/2),66,0.3239930119621151,0.021215558
flow_npe,100,1000,N=n^(3/2),67,0.5185831027900614,0.03785348
flow_npe,100,1000,N=n^(3/2),68,0.4997850856801696,0.030631065
flow_npe,100,1000,N=n^(3/2),69,0.449275405968179,0.042349458
flow_npe,100,1000,N=n^(3/2),70,0.4046499770164971,0.019364834
flow_npe,100,1000,N=n^(3/2),71,0.38317959574334,0.010922432
flow_npe,100,1000,N=n^(3/2),72,0.6861299318866279,0.064162016
flow_npe,100,1000,N=n^(3/2),73,0.5624808001656624,0.023915887
flow_npe,100,1000,N=n^(3/2),74,0.34810281946853744,0.028673053
flow_npe,100,1000,N=n^(3/2),75,0.4125944265371119,0.038270593
flow_npe,100,1000,N=n^(3/2),76,0.24848093195932996,0.0058557987
flow_npe,100,1000,N=n^(3/2),77,0.3612132011699519,0.031863213
flow_npe,100,1000,N=n^(3/2),78,0.5154116228416372,0.041093826
flow_npe,100,1000,N=n^(3/2),79,0.3920309184019757,0.029594302
flow_npe,100,1000,N=n^(3/2),80,0.3907766385846825,0.015822053
flow_npe,100,1000,N=n^(3/2),81,0.4054743230774564,0.0139404535
flow_npe,100,1000,N=n^(3/2),82,0.3845720490906755,0.024651766
flow_npe,100,1000,N=n^(3/2),83,0.3006519330630663,0.0071309805
flow_npe,100,1000,N=n^(3/2),84,0.2114543919403659,0.016009092
flow_npe,100,1000,N=n^(3/2),85,0.4801928934783144,0.116873026
flow_npe,100,1000,N=n^(3/2),86,0.15733308262085455,0.012209773
flow_npe,100,1000,N=n^(3/2),87,1.0584954800722628,0.05003929
flow_npe,100,1000,N=n^(3/2),88,0.2010757421936452,0.008959174
flow_npe,100,1000,N=n^(3/2),89,0.5575921103185492,0.021768808
flow_npe,100,1000,N=n^(3/2),90,0.406478458626125,0.02197063
flow_npe,100,1000,N=n^(3/2),91,0.4395535112945991,0.03188312
flow_npe,100,1000,N=n^(3/2),92,0.46978664119837443,0.1057961
flow_npe,100,1000,N=n^(3/2),93,0.3145565013393366,0.012031794
flow_npe,100,1000,N=n^(3/2),94,0.24287678892279277,0.011244655
flow_npe,100,1000,N=n^(3/2),95,0.4413753809884095,0.055774927
flow_npe,100,1000,N=n^(3/2),96,0.26900312823049455,0.008403182
flow_npe,100,1000,N=n^(3/2),97,0.26206069885540845,0.011219621
flow_npe,100,1000,N=n^(3/2),98,0.14361855543169028,0.0022594929
flow_npe,100,1000,N=n^(3/2),99,0.3715557430882633,0.023506403
flow_npe,100,1000,N=n^(3/2),100,0.49332887527771546,0.0124258995
flow_npe,100,10000,N=n^2,0,0.05264134084203972,0.004741192
flow_npe,100,10000,N=n^2,1,0.1568540586478662,0.015094042
flow_npe,100,10000,N=n^2,2,0.22292449446571752,0.019484162
flow_npe,100,10000,N=n^2,3,0.16380776340686304,0.011982799
flow_npe,100,10000,N=n^2,4,0.18444265402313578,0.018755555
flow_npe,100,10000,N=n^2,5,0.025785745316330568,0.0005402565
flow_npe,100,10000,N=n^2,6,0.5433000278029544,0.022768855
flow_npe,100,10000,N=n^2,7,0.17198302119266767,0.013446689
flow_npe,100,10000,N=n^2,8,0.14290601491213992,0.006724596
flow_npe,100,10000,N=n^2,9,0.10654881023837025,0.0060527325
flow_npe,100,10000,N=n^2,10,0.061655567507875014,0.0024787188
flow_npe,100,10000,N=n^2,11,0.09452356659017541,0.005196452
flow_npe,100,10000,N=n^2,12,0.09520281464163645,0.011526465
flow_npe,100,10000,N=n^2,13,0.2579758850882532,0.020515084
flow_npe,100,10000,N=n^2,14,0.1581618916011797,0.01448679
flow_npe,100,10000,N=n^2,15,0.21756965638772516,0.01511097
flow_npe,100,10000,N=n^2,16,0.16300113996912605,0.0073988438
flow_npe,100,10000,N=n^2,17,0.283625428977128,0.02592659
flow_npe,100,10000,N=n^2,18,0.21122176440160326,0.01309514
flow_npe,100,10000,N=n^2,19,0.14716114699641877,0.007861376
flow_npe,100,10000,N=n^2,20,0.08656751824647975,0.007466674
flow_npe,100,10000,N=n^2,21,0.46017253664794955,0.050144553
flow_npe,100,10000,N=n^2,22,0.23076210098255423,0.023163795
flow_npe,100,10000,N=n^2,23,0.07840236642277516,0.004252553
flow_npe,100,10000,N=n^2,24,0.21114113885483768,0.016520262
flow_npe,100,10000,N=n^2,25,0.13374664061982788,0.008026242
flow_npe,100,10000,N=n^2,26,0.14859675490536753,0.01187408
flow_npe,100,10000,N=n^2,27,0.3360444044565961,0.013597608
flow_npe,100,10000,N=n^2,28,0.09466505091382123,0.0026540756
flow_npe,100,10000,N=n^2,29,0.15561035665682155,0.0041913986
flow_npe,100,10000,N=n^2,30,0.15096776585378577,0.007455945
flow_npe,100,10000,N=n^2,31,0.49257906076546654,0.026666641
flow_npe,100,10000,N=n^2,32,0.1626165974370738,0.021196723
flow_npe,100,10000,N=n^2,33,0.08842099877696982,0.002559781
flow_npe,100,10000,N=n^2,34,0.11273702271632774,0.0035686493
flow_npe,100,10000,N=n^2,35,0.10713267772153963,0.002434373
flow_npe,100,10000,N=n^2,36,0.09475310685319804,0.004151821
flow_npe,100,10000,N=n^2,37,0.26688235307251373,0.008265853
flow_npe,100,10000,N=n^2,38,0.08932863649288517,0.014163017
flow_npe,100,10000,N=n^2,39,0.0683043984596587,0.0074853897
flow_npe,100,10000,N=n^2,40,0.1609965752447865,0.0028367043
flow_npe,100,10000,N=n^2,41,0.03037784544761639,0.00085902214
flow_npe,100,10000,N=n^2,42,0.12020976683485171,0.0072669983
flow_npe,100,10000,N=n^2,43,0.668322861912683,0.023360968
flow_npe,100,10000,N=n^2,44,0.4835910498252735,0.02003944
flow_npe,100,10000,N=n^2,45,0.2018494513076483,0.011674643
flow_npe,100,10000,N=n^2,46,0.055500345852004515,0.0009852648
flow_npe,100,10000,N=n^2,47,0.16884997859356557,0.019087076
flow_npe,100,10000,N=n^2,48,0.20660986144649363,0.0102421045
flow_npe,100,10000,N=n^2,49,0.10609386649216813,0.0075354576
flow_npe,100,10000,N=n^2,50,0.073628756107944,0.0046805143
flow_npe,100,10000,N=n^2,51,0.12656166009738407,0.011995196
flow_npe,100,10000,N=n^2,52,0.03686413206793226,0.0010038614
flow_npe,100,10000,N=n^2,53,0.10470338304163002,0.004303217
flow_npe,100,10000,N=n^2,54,0.12182606532729959,0.015812278
flow_npe,100,10000,N=n^2,55,0.2249507229919278,0.01014328
flow_npe,100,10000,N=n^2,56,0.23563470000966052,0.017529607
flow_npe,100,10000,N=n^2,57,0.14722890479961612,0.02224946
flow_npe,100,10000,N=n^2,58,0.07492269664824115,0.0022474527
flow_npe,100,10000,N=n^2,59,0.27014696458948395,0.013167739
flow_npe,100,10000,N=n^2,60,0.11521781038349607,0.01559484
flow_npe,100,10000,N=n^2,61,0.10961168218802098,0.0044243336
flow_npe,100,10000,N=n^2,63,0.15214041684091048,0.0043925047
flow_npe,100,10000,N=n^2,64,0.2614852009212642,0.017329335
flow_npe,100,10000,N=n^2,65,0.07573581657924532,0.006585121
flow_npe,100,10000,N=n^2,66,0.1358013361818966,0.0033369064
flow_npe,100,10000,N=n^2,67,0.14162057972591618,0.008461833
flow_npe,100,10000,N=n^2,68,0.08450065257409797,0.0048547983
flow_npe,100,10000,N=n^2,69,0.07040297590931803,0.0040980577
flow_npe,100,10000,N=n^2,70,0.10750351655393395,0.006128311
flow_npe,100,10000,N=n^2,71,0.07745669730981578,0.00647974
flow_npe,100,10000,N=n^2,72,0.25003767172276303,0.019623995
flow_npe,100,10000,N=n^2,73,0.1694311649775313,0.009506106
flow_npe,100,10000,N=n^2,74,0.38626855633023705,0.01571846
flow_npe,100,10000,N=n^2,75,0.09037629227887596,0.0011258125
flow_npe,100,10000,N=n^2,76,0.08940357415427178,0.0060249567
flow_npe,100,10000,N=n^2,77,0.03970262617343373,0.00090777874
flow_npe,100,10000,N=n^2,78,0.1900870194066963,0.032428622
flow_npe,100,10000,N=n^2,79,0.05593358406955778,0.001163125
flow_npe,100,10000,N=n^2,80,0.18074487686052582,0.015019059
flow_npe,100,10000,N=n^2,81,0.05081097516898582,0.0017390251
flow_npe,100,10000,N=n^2,82,0.11280883474067209,0.0075577497
flow_npe,100,10000,N=n^2,83,0.19117245673441918,0.01788497
flow_npe,100,10000,N=n^2,84,0.05501758256329972,0.0063887835
flow_npe,100,10000,N=n^2,85,0.16365322905670796,0.026123762
flow_npe,100,10000,N=n^2,86,0.08986874267285536,0.0064638853
flow_npe,100,10000,N=n^2,87,0.39093192918437825,0.047667027
flow_npe,100,10000,N=n^2,88,0.07788476375872223,0.0042561293
flow_npe,100,10000,N=n^2,89,0.23097103695791085,0.017262816
flow_npe,100,10000,N=n^2,90,0.12471278966521183,0.020022035
flow_npe,100,10000,N=n^2,91,0.22049371237753138,0.01230824
flow_npe,100,10000,N=n^2,92,0.12873773493098448,0.033150792
flow_npe,100,10000,N=n^2,94,0.09132157589179893,0.0066605806
flow_npe,100,10000,N=n^2,95,0.10764042317348627,0.007027626
flow_npe,100,10000,N=n^2,96,0.2349603709527343,0.012626171
flow_npe,100,10000,N=n^2,97,0.12222755096218137,0.00782311
flow_npe,100,10000,N=n^2,98,0.13633909157861754,0.0068736076
flow_npe,100,10000,N=n^2,99,0.08765285146667523,0.0029095411
flow_npe,100,10000,N=n^2,100,0.15827000657656953,0.0060002804
flow_npe,500,500,N=n,0,0.5539490876830799,0.028011084
flow_npe,500,500,N=n,1,0.3593490870611537,0.010955691
flow_npe,500,500,N=n,2,0.8026509130858854,0.07240367
flow_npe,500,500,N=n,3,0.48413194602480997,0.020300508
flow_npe,500,500,N=n,4,1.2079133814338616,0.10756147
flow_npe,500,500,N=n,5,0.9548448464532455,0.037086725
flow_npe,500,500,N=n,6,1.4446327880574243,0.12062001
flow_npe,500,500,N=n,7,0.47087990685915876,0.005683303
flow_npe,500,500,N=n,8,0.7146861473932694,0.026700974
flow_npe,500,500,N=n,9,0.46137494624313213,0.024784327
flow_npe,500,500,N=n,10,1.1106133146209543,0.07280159
flow_npe,500,500,N=n,11,1.1414581900527332,0.06795704
flow_npe,500,500,N=n,12,0.6689258787872175,0.045195937
flow_npe,500,500,N=n,13,0.42808907786946154,0.021333218
flow_npe,500,500,N=n,14,1.199324377342103,0.075763345
flow_npe,500,500,N=n,15,0.5752019255909787,0.037940383
flow_npe,500,500,N=n,16,1.0277839950662877,0.040058613
flow_npe,500,500,N=n,17,0.6255530634680435,0.02702105
flow_npe,500,500,N=n,18,0.5210920821746301,0.0103183985
flow_npe,500,500,N=n,19,0.7291514830839816,0.07732999
flow_npe,500,500,N=n,20,0.4229185106867705,0.013333201
flow_npe,500,500,N=n,21,0.3545202157006579,0.022004366
flow_npe,500,500,N=n,22,0.5282705925411257,0.0224365
flow_npe,500,500,N=n,23,0.4870426737649867,0.024415135
flow_npe,500,500,N=n,24,0.4320843154761231,0.017743826
flow_npe,500,500,N=n,25,0.4887607334622739,0.021786928
flow_npe,500,500,N=n,26,1.5331968567106142,0.11684799
flow_npe,500,500,N=n,27,0.762628684459359,0.032081246
flow_npe,500,500,N=n,28,1.2435853454760588,0.057565212
flow_npe,500,500,N=n,29,0.7103662994803805,0.025356412
flow_npe,500,500,N=n,30,1.0705214803177698,0.061582923
flow_npe,500,500,N=n,31,0.5607115896770749,0.026048303
flow_npe,500,500,N=n,32,0.7502155375492566,0.025324821
flow_npe,500,500,N=n,33,0.6554722026117724,0.039417148
flow_npe,500,500,N=n,34,0.44320346810601624,0.020941615
flow_npe,500,500,N=n,35,0.642821298285926,0.015045524
flow_npe,500,500,N=n,36,0.4405569700980023,0.0095431805
flow_npe,500,500,N=n,37,1.273554654929671,0.086149335
flow_npe,500,500,N=n,38,0.40533073230515604,0.032563567
flow_npe,500,500,N=n,39,1.0522779444329198,0.06524134
flow_npe,500,500,N=n,40,0.47448244488679364,0.030047774
flow_npe,500,500,N=n,41,0.6184356185726195,0.02805674
flow_npe,500,500,N=n,42,0.41634160145677707,0.0052347183
flow_npe,500,500,N=n,43,1.342628321986863,0.089832544
flow_npe,500,500,N=n,44,0.5023132158373408,0.033607602
flow_npe,500,500,N=n,45,0.5526827124128989,0.021468163
flow_npe,500,500,N=n,46,0.7510325475484222,0.020637035
flow_npe,500,500,N=n,47,0.7059437949549661,0.047827363
flow_npe,500,500,N=n,48,1.0538417802622522,0.03861642
flow_npe,500,500,N=n,49,0.7169203195508209,0.0667305
flow_npe,500,500,N=n,50,1.339640845178431,0.056289673
flow_npe,500,500,N=n,51,0.6455403425307753,0.0140885115
flow_npe,500,500,N=n,52,0.8205989646253449,0.02124238
flow_npe,500,500,N=n,53,0.7047039221984658,0.02597785
flow_npe,500,500,N=n,54,0.7926399061223836,0.021927357
flow_npe,500,500,N=n,55,0.8072447178852115,0.044294715
flow_npe,500,500,N=n,56,1.528311194374413,0.10179412
flow_npe,500,500,N=n,57,0.7483125323444343,0.06437838
flow_npe,500,500,N=n,58,0.33267277062824885,0.010415673
flow_npe,500,500,N=n,59,1.133346309387958,0.08967376
flow_npe,500,500,N=n,60,0.9157747503127397,0.03164482
flow_npe,500,500,N=n,61,0.934599367712728,0.05681753
flow_npe,500,500,N=n,62,0.8317818324515983,0.07314205
flow_npe,500,500,N=n,63,1.4750013533754378,0.1124624
flow_npe,500,500,N=n,64,0.3704248036275286,0.012639523
flow_npe,500,500,N=n,65,0.37802296191154827,0.0134727955
flow_npe,500,500,N=n,66,0.8413803585206725,0.019832253
flow_npe,500,500,N=n,67,0.6324218391190295,0.02095139
flow_npe,500,500,N=n,68,0.4349418120092657,0.022699833
flow_npe,500,500,N=n,69,1.1993257645954485,0.06234491
flow_npe,500,500,N=n,70,1.144778299416336,0.05538988
flow_npe,500,500,N=n,71,1.078839961340694,0.05875826
flow_npe,500,500,N=n,72,0.4442218022824673,0.030451417
flow_npe,500,500,N=n,73,1.0043595327177388,0.10695243
flow_npe,500,500,N=n,74,0.8216632815612787,0.064189434
flow_npe,500,500,N=n,75,0.46111570978686633,0.004499316
flow_npe,500,500,N=n,76,0.4614698077671096,0.019950032
flow_npe,500,500,N=n,77,0.7093387851650593,0.048541665
flow_npe,500,500,N=n,78,0.41823062579621156,0.015813112
flow_npe,500,500,N=n,79,0.3118039010046495,0.01673758
flow_npe,500,500,N=n,80,0.465097867671154,0.0145305395
flow_npe,500,500,N=n,81,0.5127591344186947,0.03316748
flow_npe,500,500,N=n,82,0.4170630873750946,0.009065151
flow_npe,500,500,N=n,83,0.6123018265187239,0.00830853
flow_npe,500,500,N=n,84,0.5576460799451393,0.027177572
flow_npe,500,500,N=n,85,0.8076438434594984,0.03532076
flow_npe,500,500,N=n,86,1.239452991200402,0.124017
flow_npe,500,500,N=n,87,0.6333829612966005,0.024778724
flow_npe,500,500,N=n,88,0.6856250020267605,0.06743491
flow_npe,500,500,N=n,89,0.38509138929584297,0.011211991
flow_npe,500,500,N=n,90,0.5201379629635821,0.027891397
flow_npe,500,500,N=n,91,0.8838539760477273,0.061547518
flow_npe,500,500,N=n,92,0.40699655324874995,0.018766522
flow_npe,500,500,N=n,93,0.9470794913001856,0.046610236
flow_npe,500,500,N=n,94,0.5056389869491459,0.017613888
flow_npe,500,500,N=n,95,0.4201647087359915,0.015773416
flow_npe,500,500,N=n,96,0.44463803629827325,0.011360526
flow_npe,500,500,N=n,97,0.540251339450012,0.026476026
flow_npe,500,500,N=n,98,0.7303407572126395,0.05154991
flow_npe,500,500,N=n,99,1.4725397843743784,0.10128474
flow_npe,500,500,N=n,100,0.7248107129968012,0.049411654
flow_npe,500,3107,N=n log(n),0,0.17127422747209134,0.010161161
flow_npe,500,3107,N=n log(n),1,0.1092354962924841,0.0034320354
flow_npe,500,3107,N=n log(n),2,0.15682745688038344,0.0055270195
flow_npe,500,3107,N=n log(n),3,0.09684253670842867,0.002191186
flow_npe,500,3107,N=n log(n),4,0.49849587051094413,0.03682649
flow_npe,500,3107,N=n log(n),5,0.49874139661073286,0.026815176
flow_npe,500,3107,N=n log(n),6,0.1308839041710859,0.0006438494
flow_npe,500,3107,N=n log(n),7,0.3888932620949352,0.015468597
flow_npe,500,3107,N=n log(n),8,0.13367354058330458,0.0057213306
flow_npe,500,3107,N=n log(n),9,0.24739212167704483,0.0137604475
flow_npe,500,3107,N=n log(n),10,0.6385210489050406,0.05155325
flow_npe,500,3107,N=n log(n),11,0.2347779198163377,0.014741421
flow_npe,500,3107,N=n log(n),12,0.1717429315392399,0.013380885
flow_npe,500,3107,N=n log(n),13,0.20789048897644313,0.0016072989
flow_npe,500,3107,N=n log(n),14,0.10734587776128615,0.0061591864
flow_npe,500,3107,N=n log(n),15,0.1943891218806123,0.007884741
flow_npe,500,3107,N=n log(n),16,0.3575651455730882,0.017154574
flow_npe,500,3107,N=n log(n),17,0.6269799327957877,0.048713684
flow_npe,500,3107,N=n log(n),18,0.15317081307218974,0.0037459135
flow_npe,500,3107,N=n log(n),19,0.23136214908708455,0.011573672
flow_npe,500,3107,N=n log(n),20,0.13458870705731565,0.0025293827
flow_npe,500,3107,N=n log(n),21,0.1518696764927857,0.0031131506
flow_npe,500,3107,N=n log(n),22,0.16870622216153405,0.0026881695
flow_npe,500,3107,N=n log(n),23,0.13935833848772478,0.0036939383
flow_npe,500,3107,N=n log(n),24,0.23714201489847936,0.010690331
flow_npe,500,3107,N=n log(n),25,0.4594645108531924,0.041288614
flow_npe,500,3107,N=n log(n),26,0.33034607007011957,0.021748066
flow_npe,500,3107,N=n log(n),27,0.3875827680167674,0.019045591
flow_npe,500,3107,N=n log(n),28,0.8359371185420894,0.05767393
flow_npe,500,3107,N=n log(n),29,0.3744519203451065,0.005317569
flow_npe,500,3107,N=n log(n),30,0.7357745186221228,0.045689583
flow_npe,500,3107,N=n log(n),31,0.4656286753278796,0.025810719
flow_npe,500,3107,N=n log(n),32,0.1376091939539553,0.0058374405
flow_npe,500,3107,N=n log(n),33,0.2616835809750667,0.012269139
flow_npe,500,3107,N=n log(n),34,0.052572744756955746,0.00074470043
flow_npe,500,3107,N=n log(n),35,0.25539767220681964,0.0018320084
flow_npe,500,3107,N=n log(n),36,0.1582464175835746,0.0075126886
flow_npe,500,3107,N=n log(n),37,0.24864902561488123,0.012122393
flow_npe,500,3107,N=n log(n),38,0.20240535570012275,0.019016027
flow_npe,500,3107,N=n log(n),39,0.29654072677874904,0.018537164
flow_npe,500,3107,N=n log(n),40,0.2370607610462183,0.0073963404
flow_npe,500,3107,N=n log(n),41,0.16477545416404804,0.0025681257
flow_npe,500,3107,N=n log(n),42,0.2794660621204798,0.0050519705
flow_npe,500,3107,N=n log(n),43,0.25292136891777817,0.012354374
flow_npe,500,3107,N=n log(n),44,0.1976876116673863,0.012618661
flow_npe,500,3107,N=n log(n),45,0.232021981077708,0.015309572
flow_npe,500,3107,N=n log(n),46,0.10502461956464308,0.00030136108
flow_npe,500,3107,N=n log(n),47,0.1831048474212754,0.0023950338
flow_npe,500,3107,N=n log(n),48,0.8113098083239038,0.041817904
flow_npe,500,3107,N=n log(n),49,0.2488812527569459,0.010782123
flow_npe,500,3107,N=n log(n),50,0.07270134664339842,0.0024949312
flow_npe,500,3107,N=n log(n),51,0.459547820723475,0.020153522
flow_npe,500,3107,N=n log(n),52,0.18786118002528845,0.013978958
flow_npe,500,3107,N=n log(n),53,0.18132932089165307,0.011219978
flow_npe,500,3107,N=n log(n),54,0.4826924918445026,0.029584765
flow_npe,500,3107,N=n log(n),55,0.16209501219575304,0.006516814
flow_npe,500,3107,N=n log(n),56,0.34077177301729955,0.015502214
flow_npe,500,3107,N=n log(n),57,0.47944805380942646,0.040056825
flow_npe,500,3107,N=n log(n),58,0.149993346787367,0.0059478283
flow_npe,500,3107,N=n log(n),59,0.3165949001271421,0.016682148
flow_npe,500,3107,N=n log(n),60,0.4712002042887386,0.039717317
flow_npe,500,3107,N=n log(n),61,0.23389628893956058,0.014361978
flow_npe,500,3107,N=n log(n),62,0.07912761663574625,0.00050234795
flow_npe,500,3107,N=n log(n),63,0.8516882509564908,0.07481241
flow_npe,500,3107,N=n log(n),64,0.18814640056752288,0.0070729256
flow_npe,500,3107,N=n log(n),65,0.18119836449374896,0.013195753
flow_npe,500,3107,N=n log(n),66,0.22981517390348205,0.0028318167
flow_npe,500,3107,N=n log(n),67,0.5016595814117271,0.06658363
flow_npe,500,3107,N=n log(n),68,0.15341426519086251,0.006776452
flow_npe,500,3107,N=n log(n),69,0.3770785786265662,0.008806348
flow_npe,500,3107,N=n log(n),70,0.7984936443746488,0.029019594
flow_npe,500,3107,N=n log(n),71,0.44996623637126243,0.021088362
flow_npe,500,3107,N=n log(n),72,0.8620486083182674,0.032554865
flow_npe,500,3107,N=n log(n),73,0.34705920006179247,0.017992973
flow_npe,500,3107,N=n log(n),74,0.40241904481765134,0.02546668
flow_npe,500,3107,N=n log(n),75,0.41867792680734994,0.024016976
flow_npe,500,3107,N=n log(n),76,0.10123164842813157,0.007884741
flow_npe,500,3107,N=n log(n),77,0.2453653339268365,0.017525911
flow_npe,500,3107,N=n log(n),78,0.19438337669684558,0.008066773
flow_npe,500,3107,N=n log(n),79,0.19593706893617677,0.012128472
flow_npe,500,3107,N=n log(n),80,0.0799270529979378,0.003366828
flow_npe,500,3107,N=n log(n),81,0.21847662547704197,0.010769129
flow_npe,500,3107,N=n log(n),82,0.1438396623412263,0.004062414
flow_npe,500,3107,N=n log(n),83,0.45422197084304483,0.025813818
flow_npe,500,3107,N=n log(n),84,0.13208867164224933,0.0009225607
flow_npe,500,3107,N=n log(n),85,0.38036990187301795,0.022753239
flow_npe,500,3107,N=n log(n),86,0.4211172055799634,0.027172089
flow_npe,500,3107,N=n log(n),87,0.32236589946857475,0.021786809
flow_npe,500,3107,N=n log(n),88,0.4038991412624024,0.025042772
flow_npe,500,3107,N=n log(n),89,0.36274603237282466,0.020714402
flow_npe,500,3107,N=n log(n),90,0.2487489802737154,0.015897274
flow_npe,500,3107,N=n log(n),91,0.6244392831373312,0.04551077
flow_npe,500,3107,N=n log(n),92,0.12109699515110661,0.0036619902
flow_npe,500,3107,N=n log(n),93,0.44427500641357603,0.027779818
flow_npe,500,3107,N=n log(n),94,0.08080740612554627,0.00378716
flow_npe,500,3107,N=n log(n),95,0.12058816646300057,0.005659938
flow_npe,500,3107,N=n log(n),96,0.18218885760966647,0.012113214
flow_npe,500,3107,N=n log(n),97,0.5395029864885204,0.031844378
flow_npe,500,3107,N=n log(n),98,0.24959324493154506,0.016087055
flow_npe,500,3107,N=n log(n),99,0.6356869421425435,0.047994494
flow_npe,500,3107,N=n log(n),100,0.18912567111227868,0.009372711
flow_npe,500,11180,N=n^(3/2),0,0.08356464444516641,0.00033640862
flow_npe,500,11180,N=n^(3/2),1,0.040913876366183044,0.0009471178
flow_npe,500,11180,N=n^(3/2),2,0.1485099836825143,0.0065751076
flow_npe,500,11180,N=n^(3/2),3,0.06686602678606078,0.004635215
flow_npe,500,11180,N=n^(3/2),4,0.14977794759381435,0.003926873
flow_npe,500,11180,N=n^(3/2),5,0.13012086461441233,0.0043514967
flow_npe,500,11180,N=n^(3/2),6,0.055283723040289084,0.0009125471
flow_npe,500,11180,N=n^(3/2),7,0.06257921547789906,0.0013003349
flow_npe,500,11180,N=n^(3/2),8,0.08694159991223258,0.00686419
flow_npe,500,11180,N=n^(3/2),9,0.13112181467224213,0.01091361
flow_npe,500,11180,N=n^(3/2),10,0.32738788190826545,0.021099687
flow_npe,500,11180,N=n^(3/2),11,0.15371566682269622,0.00675261
flow_npe,500,11180,N=n^(3/2),12,0.07716471352165166,0.0007110834
flow_npe,500,11180,N=n^(3/2),13,0.21344926612319057,0.011383891
flow_npe,500,11180,N=n^(3/2),14,0.10402540127373677,0.0068132877
flow_npe,500,11180,N=n^(3/2),15,0.07683718777648528,0.0045409203
flow_npe,500,11180,N=n^(3/2),16,0.14575303245699023,0.00566113
flow_npe,500,11180,N=n^(3/2),17,0.405809225117464,0.039185405
flow_npe,500,11180,N=n^(3/2),18,0.05132626077288336,0.0013866425
flow_npe,500,11180,N=n^(3/2),19,0.10556291204796608,0.0027315617
flow_npe,500,11180,N=n^(3/2),20,0.05762421003414037,0.0027285814
flow_npe,500,11180,N=n^(3/2),21,0.06418043341714129,0.005491376
flow_npe,500,11180,N=n^(3/2),22,0.06697393426828709,0.0029375553
flow_npe,500,11180,N=n^(3/2),23,0.10960977230696685,0.002591014
flow_npe,500,11180,N=n^(3/2),24,0.08583162803340734,0.0028795004
flow_npe,500,11180,N=n^(3/2),25,0.02228994819691513,0.00061523914
flow_npe,500,11180,N=n^(3/2),26,0.33511572612312385,0.023954868
flow_npe,500,11180,N=n^(3/2),27,0.1469268438975879,0.002224207
flow_npe,500,11180,N=n^(3/2),28,0.19176518672744614,0.011788607
flow_npe,500,11180,N=n^(3/2),29,0.1210171265514297,0.0091968775
flow_npe,500,11180,N=n^(3/2),30,0.21860909368387882,0.008513451
flow_npe,500,11180,N=n^(3/2),31,0.4410021637708711,0.02701521
flow_npe,500,11180,N=n^(3/2),32,0.07323348581116958,0.0019234419
flow_npe,500,11180,N=n^(3/2),33,0.2201678694196606,0.009778261
flow_npe,500,11180,N=n^(3/2),34,0.1426700130845676,0.010888457
flow_npe,500,11180,N=n^(3/2),35,0.044254171852848675,0.0002411604
flow_npe,500,11180,N=n^(3/2),36,0.082161940662969,0.0009756088
flow_npe,500,11180,N=n^(3/2),37,0.18696199722213022,0.019752026
flow_npe,500,11180,N=n^(3/2),38,0.035019897139636845,0.001352191
flow_npe,500,11180,N=n^(3/2),39,0.17398189820231594,0.008499861
flow_npe,500,11180,N=n^(3/2),40,0.0979693692064242,0.009701371
flow_npe,500,11180,N=n^(3/2),41,0.1409602458665927,0.011488438
flow_npe,500,11180,N=n^(3/2),42,0.04614727293507239,0.0006723404
flow_npe,500,11180,N=n^(3/2),43,0.21668614599524919,0.017419934
flow_npe,500,11180,N=n^(3/2),44,0.06533229579845315,0.005246043
flow_npe,500,11180,N=n^(3/2),45,0.1813091761562636,0.0083914995
flow_npe,500,11180,N=n^(3/2),46,0.05148929663475338,0.0005874634
flow_npe,500,11180,N=n^(3/2),47,0.10067344626689856,0.005575657
flow_npe,500,11180,N=n^(3/2),48,0.4474562785075921,0.019976974
flow_npe,500,11180,N=n^(3/2),49,0.04045394331566042,0.0021820068
flow_npe,500,11180,N=n^(3/2),50,0.055976882189927545,0.0032891035
flow_npe,500,11180,N=n^(3/2),51,0.22311360051719156,0.005513549
flow_npe,500,11180,N=n^(3/2),52,0.16672826832235052,0.008295894
flow_npe,500,11180,N=n^(3/2),53,0.05668508659345047,0.00093996525
flow_npe,500,11180,N=n^(3/2),54,0.18609970753766936,0.008492351
flow_npe,500,11180,N=n^(3/2),55,0.20905331299673352,0.01663065
flow_npe,500,11180,N=n^(3/2),56,0.12301830620629828,0.0047163963
flow_npe,500,11180,N=n^(3/2),57,0.10733094588219515,0.005705595
flow_npe,500,11180,N=n^(3/2),58,0.11137134893165908,0.0015671253
flow_npe,500,11180,N=n^(3/2),59,0.13928338931821724,0.0063302517
flow_npe,500,11180,N=n^(3/2),60,0.2443938481376659,0.018057942
flow_npe,500,11180,N=n^(3/2),61,0.32184979631735233,0.01989901
flow_npe,500,11180,N=n^(3/2),62,0.05849511718076115,0.0008018017
flow_npe,500,11180,N=n^(3/2),63,0.38049446525121583,0.022301435
flow_npe,500,11180,N=n^(3/2),64,0.152823379181462,0.0080189705
flow_npe,500,11180,N=n^(3/2),65,0.08172166322699266,0.008011699
flow_npe,500,11180,N=n^(3/2),66,0.07662388408067958,0.0010501146
flow_npe,500,11180,N=n^(3/2),67,0.10279305526701972,0.007594466
flow_npe,500,11180,N=n^(3/2),68,0.09627879515267118,0.0060021877
flow_npe,500,11180,N=n^(3/2),69,0.17813304219072632,0.008885384
flow_npe,500,11180,N=n^(3/2),70,0.32345650982725205,0.0098234415
flow_npe,500,11180,N=n^(3/2),71,0.21425773758752292,0.010220289
flow_npe,500,11180,N=n^(3/2),72,0.1580036891371783,0.006250024
flow_npe,500,11180,N=n^(3/2),73,0.1645052624740419,0.0069414377
flow_npe,500,11180,N=n^(3/2),74,0.27115167113967426,0.012596607
flow_npe,500,11180,N=n^(3/2),75,0.05186594308407354,0.002953887
flow_npe,500,11180,N=n^(3/2),76,0.11591428320433664,0.0038866997
flow_npe,500,11180,N=n^(3/2),77,0.018155302654653066,0.0008504391
flow_npe,500,11180,N=n^(3/2),78,0.13845267294348074,0.006817341
flow_npe,500,11180,N=n^(3/2),79,0.17857253111171761,0.010837913
flow_npe,500,11180,N=n^(3/2),80,0.03855958038048992,0.0034292936
flow_npe,500,11180,N=n^(3/2),81,0.08710223068836097,0.0038712025
flow_npe,500,11180,N=n^(3/2),82,0.038558920188965,0.00044500828
flow_npe,500,11180,N=n^(3/2),83,0.10498299978317985,0.00398612
flow_npe,500,11180,N=n^(3/2),84,0.07553010655892342,0.004356861
flow_npe,500,11180,N=n^(3/2),85,0.12669053918793205,0.004804611
flow_npe,500,11180,N=n^(3/2),86,0.47313295974722924,0.03825903
flow_npe,500,11180,N=n^(3/2),87,0.2128084896286305,0.01006341
flow_npe,500,11180,N=n^(3/2),88,0.1325321039714941,0.011873722
flow_npe,500,11180,N=n^(3/2),89,0.07392365489297921,0.0055555105
flow_npe,500,11180,N=n^(3/2),90,0.23897680882776964,0.013276458
flow_npe,500,11180,N=n^(3/2),91,0.43286453650792983,0.029407501
flow_npe,500,11180,N=n^(3/2),92,0.0588202430602096,0.00036418438
flow_npe,500,11180,N=n^(3/2),93,0.21835204711806944,0.012642384
flow_npe,500,11180,N=n^(3/2),94,0.16400921695909101,0.0076248646
flow_npe,500,11180,N=n^(3/2),95,0.06673587065663619,0.0022473335
flow_npe,500,11180,N=n^(3/2),96,0.05616530637269539,0.004853487
flow_npe,500,11180,N=n^(3/2),97,0.21745834292084362,0.0060750246
flow_npe,500,11180,N=n^(3/2),98,0.027520612954027107,0.0006196499
flow_npe,500,11180,N=n^(3/2),99,0.48699320303860005,0.041982174
flow_npe,500,11180,N=n^(3/2),100,0.1082748860920048,0.0060628653
flow_npe,500,250000,N=n^2,0,0.05705451540403343,0.0018701553
flow_npe,500,250000,N=n^2,1,0.02629822331916291,0.0009967089
flow_npe,500,250000,N=n^2,2,0.042708290637779145,0.0009561777
flow_npe,500,250000,N=n^2,3,0.005830914405140029,0.0018279552
flow_npe,500,250000,N=n^2,4,0.08182271942696594,0.005460143
flow_npe,500,250000,N=n^2,5,-inf,0.0038552284
flow_npe,500,250000,N=n^2,6,0.047074456815773914,0.0030310154
flow_npe,500,250000,N=n^2,7,0.03544651230900398,0.001420021
flow_npe,500,250000,N=n^2,8,-0.01170783928105209,0.0016046762
flow_npe,500,250000,N=n^2,9,0.05191982286783214,0.00696826
flow_npe,500,250000,N=n^2,10,0.052047077057105415,0.0024917126
flow_npe,500,250000,N=n^2,11,0.07575271650596911,0.0026327372
flow_npe,500,250000,N=n^2,12,0.05656805444196298,0.0009768009
flow_npe,500,250000,N=n^2,13,0.034516258068275116,0.0003632307
flow_npe,500,250000,N=n^2,14,0.027813798481666967,0.0016120672
flow_npe,500,250000,N=n^2,15,0.032557129468099896,0.0007197857
flow_npe,500,250000,N=n^2,16,0.06444180206846346,0.0004886389
flow_npe,500,250000,N=n^2,17,0.06602005327210764,0.0044698715
flow_npe,500,250000,N=n^2,18,0.025767693693563118,0.0010807514
flow_npe,500,250000,N=n^2,19,0.022757143766994507,0.0008119345
flow_npe,500,250000,N=n^2,20,-0.016670811517005578,0.00090289116
flow_npe,500,250000,N=n^2,21,-0.01375817433177202,0.001467824
flow_npe,500,250000,N=n^2,22,0.021463607354461282,0.0022542477
flow_npe,500,250000,N=n^2,23,0.03466105828495896,0.000664711
flow_npe,500,250000,N=n^2,24,0.02360725064638133,0.0015083551
flow_npe,500,250000,N=n^2,25,0.04837836318387675,0.0044789314
flow_npe,500,250000,N=n^2,26,0.012804855613199249,0.0010899305
flow_npe,500,250000,N=n^2,27,0.018492285431625663,0.001077652
flow_npe,500,250000,N=n^2,28,0.03234895425435018,0.0008401871
flow_npe,500,250000,N=n^2,29,0.021549853118074235,0.00019729137
flow_npe,500,250000,N=n^2,30,0.030376239136432757,0.0013096333
flow_npe,500,250000,N=n^2,32,0.05556038934853274,0.0029927492
flow_npe,500,250000,N=n^2,33,0.04102067102748514,0.00057935715
flow_npe,500,250000,N=n^2,34,0.004958621637943995,0.0037406683
flow_npe,500,250000,N=n^2,35,0.02889565379294668,0.0011265278
flow_npe,500,250000,N=n^2,36,0.068320688201665,0.004077673
flow_npe,500,250000,N=n^2,38,-0.003061654817613989,2.8371811e-05
flow_npe,500,250000,N=n^2,39,0.016943872807458932,0.00052154064
flow_npe,500,250000,N=n^2,40,0.054307520603458025,0.004193306
flow_npe,500,250000,N=n^2,41,0.01393018846015426,0.0018241405
flow_npe,500,250000,N=n^2,42,0.014313693068628997,0.00041139126
flow_npe,500,250000,N=n^2,43,0.07375713128732096,0.0037609339
flow_npe,500,250000,N=n^2,44,0.022925225288845056,0.0015207529
flow_npe,500,250000,N=n^2,45,0.03269472528254504,0.0023537874
flow_npe,500,250000,N=n^2,46,0.0305513349817485,0.0001642704
flow_npe,500,250000,N=n^2,47,-0.0014810190788983784,0.0003925562
flow_npe,500,250000,N=n^2,48,0.0719671171237436,0.00053310394
flow_npe,500,250000,N=n^2,49,0.01155555946942185,0.00021922588
flow_npe,500,250000,N=n^2,50,0.029797259025810402,0.00025713444
flow_npe,500,250000,N=n^2,51,0.05927802603657634,0.00070261955
flow_npe,500,250000,N=n^2,52,0.0032839057049381644,0.0011575222
flow_npe,500,250000,N=n^2,53,0.0005473759428523232,0.00060105324
flow_npe,500,250000,N=n^2,54,0.09407051456718069,0.0026478767
flow_npe,500,250000,N=n^2,55,-0.0003219344124917276,0.0004197359
flow_npe,500,250000,N=n^2,57,0.022680431906538106,0.00026357174
flow_npe,500,250000,N=n^2,58,0.06277027548119263,0.0021297932
flow_npe,500,250000,N=n^2,59,0.07092661378615535,0.00053977966
flow_npe,500,250000,N=n^2,60,0.11732931235314625,0.0032942295
flow_npe,500,250000,N=n^2,61,0.022368752372042184,7.760525e-05
flow_npe,500,250000,N=n^2,62,-0.00024072905848110276,0.0008368492
flow_npe,500,250000,N=n^2,63,0.08979437217255376,0.0010558367
flow_npe,500,250000,N=n^2,64,0.002314325302563297,0.00013327599
flow_npe,500,250000,N=n^2,65,0.03628065442522346,0.00075888634
flow_npe,500,250000,N=n^2,66,0.04431233550749171,0.0006879568
flow_npe,500,250000,N=n^2,68,0.005914988681520348,0.0026859045
flow_npe,500,250000,N=n^2,69,-0.0017985209444897937,0.0011814833
flow_npe,500,250000,N=n^2,70,0.05882661273963212,0.00113976
flow_npe,500,250000,N=n^2,71,0.038782990206575836,0.0016648769
flow_npe,500,250000,N=n^2,72,0.03032410970232813,0.0011758804
flow_npe,500,250000,N=n^2,73,0.04308916227195955,0.0018162727
flow_npe,500,250000,N=n^2,74,0.014532989395063622,0.00010931492
flow_npe,500,250000,N=n^2,75,0.041429438075621154,0.0008635521
flow_npe,500,250000,N=n^2,76,0.026727276061822385,0.00050365925
flow_npe,500,250000,N=n^2,78,0.041513165921845605,0.00013923645
flow_npe,500,250000,N=n^2,79,0.028534879846354905,0.0026853085
flow_npe,500,250000,N=n^2,80,0.03362336243516067,0.0024014711
flow_npe,500,250000,N=n^2,81,0.01794820817994967,0.00022161007
flow_npe,500,250000,N=n^2,82,0.03323719638183259,0.0017431974
flow_npe,500,250000,N=n^2,83,0.052614313427361836,0.0008364916
flow_npe,500,250000,N=n^2,84,0.01651974943782795,0.0010117292
flow_npe,500,250000,N=n^2,85,0.00885159627597853,0.00023186207
flow_npe,500,250000,N=n^2,86,0.04994810200631333,0.0015351772
flow_npe,500,250000,N=n^2,87,0.04537907924194439,0.00040531158
flow_npe,500,250000,N=n^2,88,-0.00613731529756084,0.0003992319
flow_npe,500,250000,N=n^2,89,0.01049267620550087,0.0007081032
flow_npe,500,250000,N=n^2,90,0.013026093613377455,0.00022232533
flow_npe,500,250000,N=n^2,91,0.037712261547497045,0.0014101267
flow_npe,500,250000,N=n^2,92,0.03750594538380623,0.00024366379
flow_npe,500,250000,N=n^2,93,0.041438344923929005,0.00073587894
flow_npe,500,250000,N=n^2,94,-0.002580677703726644,0.00023555756
flow_npe,500,250000,N=n^2,95,0.015603332744467256,0.0008620024
flow_npe,500,250000,N=n^2,96,0.01155877118056382,0.000682354
flow_npe,500,250000,N=n^2,97,0.04692026748655011,0.0034056902
flow_npe,500,250000,N=n^2,98,0.002625688997203421,0.0014101267
flow_npe,500,250000,N=n^2,99,0.0835881070086696,0.0037213564
flow_npe,500,250000,N=n^2,100,0.011484201077183634,0.0005105734
flow_npe,1000,1000,N=n,0,0.5253940715616562,0.009826779
flow_npe,1000,1000,N=n,1,0.38792591974799767,0.01650083
flow_npe,1000,1000,N=n,2,0.28547926105101673,0.019422054
flow_npe,1000,1000,N=n,3,0.3958625078649607,0.014100909
flow_npe,1000,1000,N=n,4,0.7359906880930532,0.03436947
flow_npe,1000,1000,N=n,5,0.4526587367341354,0.029828906
flow_npe,1000,1000,N=n,6,0.3440644473862065,0.010915995
flow_npe,1000,1000,N=n,7,0.363070770169118,0.003709793
flow_npe,1000,1000,N=n,8,0.21709375330301148,0.005210519
flow_npe,1000,1000,N=n,9,0.888659949923464,0.044114947
flow_npe,1000,1000,N=n,10,0.3471668423948546,0.007002473
flow_npe,1000,1000,N=n,11,0.44844506561797026,0.019834995
flow_npe,1000,1000,N=n,12,0.47093447886961404,0.02850449
flow_npe,1000,1000,N=n,13,0.5608474907960983,0.03291309
flow_npe,1000,1000,N=n,14,0.5266109491150093,0.015609026
flow_npe,1000,1000,N=n,15,0.3628232525783019,0.0070667267
flow_npe,1000,1000,N=n,16,1.012619612349245,0.055727005
flow_npe,1000,1000,N=n,17,0.27544501588723097,0.007938623
flow_npe,1000,1000,N=n,18,0.601256572684273,0.032604218
flow_npe,1000,1000,N=n,19,1.29147387570264,0.11867869
flow_npe,1000,1000,N=n,20,0.4030944478528054,0.0058162212
flow_npe,1000,1000,N=n,21,0.361779194201206,0.015692472
flow_npe,1000,1000,N=n,22,1.008904301796754,0.05622852
flow_npe,1000,1000,N=n,23,0.895779651576694,0.05826485
flow_npe,1000,1000,N=n,24,0.400079231916735,0.013317227
flow_npe,1000,1000,N=n,25,0.5772595348060088,0.035719752
flow_npe,1000,1000,N=n,26,0.3203179144822361,0.0052701235
flow_npe,1000,1000,N=n,27,0.3521164436698869,0.011192322
flow_npe,1000,1000,N=n,28,0.6532253365625099,0.0148745775
flow_npe,1000,1000,N=n,29,0.5486432628845436,0.012124181
flow_npe,1000,1000,N=n,30,0.70160592840815,0.046531558
flow_npe,1000,1000,N=n,31,0.2424417177911172,0.012901783
flow_npe,1000,1000,N=n,32,1.3902556065064322,0.07907212
flow_npe,1000,1000,N=n,33,0.4348276536836835,0.026558876
flow_npe,1000,1000,N=n,34,0.26879677564064225,0.0050457716
flow_npe,1000,1000,N=n,35,0.7768888719703936,0.04273081
flow_npe,1000,1000,N=n,36,0.6385639619553365,0.019687772
flow_npe,1000,1000,N=n,37,0.19859170205540985,0.0102831125
flow_npe,1000,1000,N=n,38,0.904494254112312,0.035387278
flow_npe,1000,1000,N=n,39,0.35003299206457067,0.005105853
flow_npe,1000,1000,N=n,40,0.7479341563887094,0.028545022
flow_npe,1000,1000,N=n,41,0.24425163410434947,0.004446149
flow_npe,1000,1000,N=n,42,0.42649980037778407,0.00683105
flow_npe,1000,1000,N=n,43,0.7624433218999873,0.029169202
flow_npe,1000,1000,N=n,44,0.48328277924622726,0.014048338
flow_npe,1000,1000,N=n,45,0.5727874498645946,0.003893733
flow_npe,1000,1000,N=n,46,0.8099292077850475,0.05976689
flow_npe,1000,1000,N=n,47,0.6161066049834877,0.019725084
flow_npe,1000,1000,N=n,48,0.29446483658606865,0.008063674
flow_npe,1000,1000,N=n,49,1.0311990524261632,0.041547656
flow_npe,1000,1000,N=n,50,1.6359842604740946,0.08714962
flow_npe,1000,1000,N=n,51,0.40232473548937564,0.0064365864
flow_npe,1000,1000,N=n,52,0.4044177997835289,0.010449529
flow_npe,1000,1000,N=n,53,0.36939947358590985,0.015026808
flow_npe,1000,1000,N=n,54,0.7095871905878,0.04456377
flow_npe,1000,1000,N=n,55,0.4244502878916371,0.013934374
flow_npe,1000,1000,N=n,56,1.4853309886762718,0.07435942
flow_npe,1000,1000,N=n,57,0.5169133470122743,0.02418518
flow_npe,1000,1000,N=n,58,0.4510446253433772,0.015083909
flow_npe,1000,1000,N=n,59,0.38930992400523373,0.014810324
flow_npe,1000,1000,N=n,60,0.3636978019969064,0.003245473
flow_npe,1000,1000,N=n,61,1.346874366795093,0.08238852
flow_npe,1000,1000,N=n,62,0.2542164818728647,0.005786419
flow_npe,1000,1000,N=n,63,0.7409894729582198,0.0412879
flow_npe,1000,1000,N=n,64,0.8806221236851554,0.027916193
flow_npe,1000,1000,N=n,65,0.26718494099173384,0.01024282
flow_npe,1000,1000,N=n,66,0.46100492323510234,0.0050240755
flow_npe,1000,1000,N=n,67,1.6776015613706905,0.096751094
flow_npe,1000,1000,N=n,68,0.559084521660273,0.025651336
flow_npe,1000,1000,N=n,69,0.8910101960360758,0.053846955
flow_npe,1000,1000,N=n,70,0.7056887820605846,0.020169497
flow_npe,1000,1000,N=n,71,0.22281700352685815,0.0036792755
flow_npe,1000,1000,N=n,72,0.3330149878588793,0.0063271523
flow_npe,1000,1000,N=n,73,0.3828416129283757,0.003930211
flow_npe,1000,1000,N=n,74,0.6362785767185194,0.027329803
flow_npe,1000,1000,N=n,75,0.3701555139783355,0.014838219
flow_npe,1000,1000,N=n,76,1.3621675020024218,0.064021945
flow_npe,1000,1000,N=n,77,0.6279755488872452,0.03180468
flow_npe,1000,1000,N=n,78,0.6678420674566908,0.020064354
flow_npe,1000,1000,N=n,79,1.5541754005759825,0.09174192
flow_npe,1000,1000,N=n,80,0.7604350835136441,0.015874624
flow_npe,1000,1000,N=n,81,3.103212679609507,0.12800252
flow_npe,1000,1000,N=n,82,0.31732407403199075,0.0029941797
flow_npe,1000,1000,N=n,83,2.332639680556965,0.11826825
flow_npe,1000,1000,N=n,84,0.21622571954153744,0.003987789
flow_npe,1000,1000,N=n,85,0.6391989630141786,0.014891505
flow_npe,1000,1000,N=n,86,1.8663429085817678,0.122887254
flow_npe,1000,1000,N=n,87,0.23568842554420852,0.0008596182
flow_npe,1000,1000,N=n,88,0.25663364322507204,0.0070831776
flow_npe,1000,1000,N=n,89,1.1979156070528556,0.071994424
flow_npe,1000,1000,N=n,90,0.2489850815113056,0.004974723
flow_npe,1000,1000,N=n,91,0.7715710434925769,0.020726442
flow_npe,1000,1000,N=n,92,0.36266349473676346,0.022525668
flow_npe,1000,1000,N=n,93,0.32223022893085734,0.01894474
flow_npe,1000,1000,N=n,94,0.5936980151203277,0.037930965
flow_npe,1000,1000,N=n,95,0.38679990580799234,0.026585817
flow_npe,1000,1000,N=n,96,0.24010220911367644,0.0029131174
flow_npe,1000,1000,N=n,97,0.4653682323121748,0.021332383
flow_npe,1000,1000,N=n,98,0.6969404662790591,0.036061168
flow_npe,1000,1000,N=n,99,0.29006122132514106,0.012370825
flow_npe,1000,1000,N=n,100,1.008047098420813,0.059628725
flow_npe,1000,6907,N=n log(n),0,0.13201020345021938,0.0031989813
flow_npe,1000,6907,N=n log(n),1,0.16336720890637857,0.004968047
flow_npe,1000,6907,N=n log(n),2,0.09693515632330725,0.007942319
flow_npe,1000,6907,N=n log(n),3,0.16347739251633053,0.014727712
flow_npe,1000,6907,N=n log(n),4,0.2151808980371169,0.0066353083
flow_npe,1000,6907,N=n log(n),5,0.12609980873259768,0.0031688213
flow_npe,1000,6907,N=n log(n),6,0.0868653158329791,0.0033916235
flow_npe,1000,6907,N=n log(n),7,0.2009858160395896,0.011967421
flow_npe,1000,6907,N=n log(n),8,0.24461117162376705,0.011404276
flow_npe,1000,6907,N=n log(n),9,0.7497500821489939,0.031223774
flow_npe,1000,6907,N=n log(n),10,0.14107988334682367,0.010977149
flow_npe,1000,6907,N=n log(n),11,0.11915824596596437,0.0018837452
flow_npe,1000,6907,N=n log(n),12,0.10926995364822235,0.0038019419
flow_npe,1000,6907,N=n log(n),13,0.09713819492270644,0.0033898354
flow_npe,1000,6907,N=n log(n),14,0.14571698447834044,0.0057822466
flow_npe,1000,6907,N=n log(n),15,0.11362675637701128,0.0030778646
flow_npe,1000,6907,N=n log(n),16,0.3363825802910154,0.024704933
flow_npe,1000,6907,N=n log(n),17,0.04386583802101272,0.0017293692
flow_npe,1000,6907,N=n log(n),18,0.7499832946319018,0.0521183
flow_npe,1000,6907,N=n log(n),19,0.12462675358108224,0.0034896135
flow_npe,1000,6907,N=n log(n),20,0.2949754659120857,0.012757778
flow_npe,1000,6907,N=n log(n),21,0.07343502789129508,0.00084745884
flow_npe,1000,6907,N=n log(n),22,0.27087274465238115,0.015000224
flow_npe,1000,6907,N=n log(n),23,0.409944395343179,0.023838878
flow_npe,1000,6907,N=n log(n),24,0.16334155298032513,0.0067846775
flow_npe,1000,6907,N=n log(n),25,0.32661298453956267,0.02670443
flow_npe,1000,6907,N=n log(n),26,0.1853869708584317,0.014416456
flow_npe,1000,6907,N=n log(n),27,0.08316300078922174,0.0018548965
flow_npe,1000,6907,N=n log(n),28,0.23264566695463276,0.006259799
flow_npe,1000,6907,N=n log(n),29,0.07682363121738027,0.0015945435
flow_npe,1000,6907,N=n log(n),30,0.27731491413050535,0.01335597
flow_npe,1000,6907,N=n log(n),31,0.3278677575516345,0.017919898
flow_npe,1000,6907,N=n log(n),32,0.4628757248773461,0.024084091
flow_npe,1000,6907,N=n log(n),33,0.18487765884699678,0.015144944
flow_npe,1000,6907,N=n log(n),34,0.10254701900926452,0.00517869
flow_npe,1000,6907,N=n log(n),35,0.14005527754553007,0.0031023026
flow_npe,1000,6907,N=n log(n),36,0.17462540056117562,0.010366321
flow_npe,1000,6907,N=n log(n),37,0.06605007485872524,0.0017981529
flow_npe,1000,6907,N=n log(n),38,1.4137435360928496,0.08524704
flow_npe,1000,6907,N=n log(n),39,0.24957205300590193,0.015166163
flow_npe,1000,6907,N=n log(n),40,0.15014986717537943,0.004728198
flow_npe,1000,6907,N=n log(n),41,0.13331396995860975,0.008389354
flow_npe,1000,6907,N=n log(n),42,0.4584934037690813,0.022084475
flow_npe,1000,6907,N=n log(n),43,0.3744554234703808,0.018776178
flow_npe,1000,6907,N=n log(n),44,0.10204132257346256,0.005036354
flow_npe,1000,6907,N=n log(n),45,0.3994906543873051,0.01568067
flow_npe,1000,6907,N=n log(n),46,0.27554998206553827,0.009956479
flow_npe,1000,6907,N=n log(n),47,0.1310924645576703,0.0046414137
flow_npe,1000,6907,N=n log(n),48,0.15283861432506957,0.004820347
flow_npe,1000,6907,N=n log(n),49,0.5802155160479844,0.029473424
flow_npe,1000,6907,N=n log(n),50,0.8963901064554339,0.045265555
flow_npe,1000,6907,N=n log(n),51,0.07405672509967189,8.094311e-05
flow_npe,1000,6907,N=n log(n),52,0.28620350887987256,0.014345884
flow_npe,1000,6907,N=n log(n),53,0.1590163585123813,0.0048519373
flow_npe,1000,6907,N=n log(n),54,0.7184959737919473,0.03456986
flow_npe,1000,6907,N=n log(n),55,0.07287514068187066,0.00022411346
flow_npe,1000,6907,N=n log(n),56,0.3459957513141212,0.017026901
flow_npe,1000,6907,N=n log(n),57,0.12872303879460692,0.0044784546
flow_npe,1000,6907,N=n log(n),58,0.17183215187512155,0.0062128305
flow_npe,1000,6907,N=n log(n),59,0.11103761979263925,0.0045045614
flow_npe,1000,6907,N=n log(n),60,0.28637831226941524,0.0095540285
flow_npe,1000,6907,N=n log(n),61,0.7816942302432657,0.045559883
flow_npe,1000,6907,N=n log(n),62,0.15642117263835204,0.007894278
flow_npe,1000,6907,N=n log(n),63,0.1888064564404665,0.0029133558
flow_npe,1000,6907,N=n log(n),64,0.25192708762690363,0.0067014694
flow_npe,1000,6907,N=n log(n),65,0.08860042019123493,0.0023103952
flow_npe,1000,6907,N=n log(n),66,0.30433500549787984,0.0126469135
flow_npe,1000,6907,N=n log(n),67,0.2509511258356322,0.017490268
flow_npe,1000,6907,N=n log(n),68,0.4158111596814906,0.0309484
flow_npe,1000,6907,N=n log(n),69,0.799545908033086,0.04927206
flow_npe,1000,6907,N=n log(n),70,0.1588217068732521,0.0041879416
flow_npe,1000,6907,N=n log(n),71,0.30098467166416615,0.014906645
flow_npe,1000,6907,N=n log(n),72,0.3957523156003003,0.019311309
flow_npe,1000,6907,N=n log(n),73,0.36792264849582773,0.014768958
flow_npe,1000,6907,N=n log(n),74,0.3843109241816242,0.022147655
flow_npe,1000,6907,N=n log(n),75,0.07340927146445667,0.0010443926
flow_npe,1000,6907,N=n log(n),76,0.9020711225563831,0.043963075
flow_npe,1000,6907,N=n log(n),77,0.19717331216779566,0.007322192
flow_npe,1000,6907,N=n log(n),78,0.4049593515851401,0.024232507
flow_npe,1000,6907,N=n log(n),79,0.2030167335455265,0.009435654
flow_npe,1000,6907,N=n log(n),80,0.13111054843630363,0.005380988
flow_npe,1000,6907,N=n log(n),81,1.4275709123766953,0.06409037
flow_npe,1000,6907,N=n log(n),82,0.13364577234228697,0.00044691563
flow_npe,1000,6907,N=n log(n),83,2.978695943132793,0.15534079
flow_npe,1000,6907,N=n log(n),84,0.08038461364392321,0.0016185045
flow_npe,1000,6907,N=n log(n),85,0.10869502180566162,0.002209425
flow_npe,1000,6907,N=n log(n),86,0.47324063770744723,0.020745516
flow_npe,1000,6907,N=n log(n),87,0.09658343360380552,0.0025947094
flow_npe,1000,6907,N=n log(n),88,0.08437593599156702,0.0012536049
flow_npe,1000,6907,N=n log(n),89,0.6817464570107822,0.038265467
flow_npe,1000,6907,N=n log(n),90,0.18035433182132257,0.007929206
flow_npe,1000,6907,N=n log(n),91,0.15637765832714362,0.0034343004
flow_npe,1000,6907,N=n log(n),92,0.36029206105037265,0.021658182
flow_npe,1000,6907,N=n log(n),93,0.2071817218697434,0.022485495
flow_npe,1000,6907,N=n log(n),94,0.05588396332289257,0.0040010214
flow_npe,1000,6907,N=n log(n),95,0.047444004131544704,0.0016374588
flow_npe,1000,6907,N=n log(n),96,0.06453778663399737,0.0013574362
flow_npe,1000,6907,N=n log(n),97,0.2959017193271736,0.012142539
flow_npe,1000,6907,N=n log(n),98,0.4133121861684749,0.026124597
flow_npe,1000,6907,N=n log(n),99,0.10864175861399661,0.00097322464
flow_npe,1000,6907,N=n log(n),100,0.41456923370613585,0.030112028
flow_npe,1000,31622,N=n^(3/2),0,0.08000928792869277,0.0015114546
flow_npe,1000,31622,N=n^(3/2),1,0.023476908186768234,0.000870347
flow_npe,1000,31622,N=n^(3/2),2,0.0679119420094181,0.00418365
flow_npe,1000,31622,N=n^(3/2),3,0.11909751252252672,0.01056695
flow_npe,1000,31622,N=n^(3/2),4,0.00607177839609147,0.0012185574
flow_npe,1000,31622,N=n^(3/2),5,0.045205961907818344,0.000118494034
flow_npe,1000,31622,N=n^(3/2),6,0.052582210209541076,0.0013988018
flow_npe,1000,31622,N=n^(3/2),7,0.028081316551511467,0.00082826614
flow_npe,1000,31622,N=n^(3/2),8,0.09034540333944727,0.0020412207
flow_npe,1000,31622,N=n^(3/2),9,0.11083577478053361,0.008386612
flow_npe,1000,31622,N=n^(3/2),10,0.037628658742990546,0.0003787279
flow_npe,1000,31622,N=n^(3/2),11,0.02254897570515824,0.0007857084
flow_npe,1000,31622,N=n^(3/2),12,0.05853547309452815,0.00035429
flow_npe,1000,31622,N=n^(3/2),13,0.12235570700363756,0.0055538416
flow_npe,1000,31622,N=n^(3/2),14,0.04981139878470295,0.005302906
flow_npe,1000,31622,N=n^(3/2),15,0.09860444466122674,0.0013105869
flow_npe,1000,31622,N=n^(3/2),16,0.05598824092299685,0.0008929968
flow_npe,1000,31622,N=n^(3/2),17,0.039136552269019347,0.0010209084
flow_npe,1000,31622,N=n^(3/2),18,0.08423995223639104,0.002779603
flow_npe,1000,31622,N=n^(3/2),20,0.06305779569753359,0.00067961216
flow_npe,1000,31622,N=n^(3/2),21,0.045914608768587335,0.0024939775
flow_npe,1000,31622,N=n^(3/2),22,0.038162058495482945,0.0011973381
flow_npe,1000,31622,N=n^(3/2),23,0.06484201580406412,0.00082314014
flow_npe,1000,31622,N=n^(3/2),24,0.048118985228407456,0.0011126995
flow_npe,1000,31622,N=n^(3/2),25,0.06307397121107647,0.0057234764
flow_npe,1000,31622,N=n^(3/2),26,0.06383903424904472,0.0030169487
flow_npe,1000,31622,N=n^(3/2),27,0.020010803965365014,0.0011914968
flow_npe,1000,31622,N=n^(3/2),28,0.05440831305332487,0.00055933
flow_npe,1000,31622,N=n^(3/2),29,0.10114967061669349,0.0047131777
flow_npe,1000,31622,N=n^(3/2),30,0.021965218594570745,0.00075268745
flow_npe,1000,31622,N=n^(3/2),31,-0.0018469045299912654,0.0027182102
flow_npe,1000,31622,N=n^(3/2),32,0.45182639416347686,0.017996073
flow_npe,1000,31622,N=n^(3/2),33,0.0550211202885877,0.0031826496
flow_npe,1000,31622,N=n^(3/2),34,0.0036087373588943464,0.0007606745
flow_npe,1000,31622,N=n^(3/2),35,0.03254585651216858,0.0014337301
flow_npe,1000,31622,N=n^(3/2),36,0.06717221539591577,0.0017575026
flow_npe,1000,31622,N=n^(3/2),37,0.08928732123717978,0.0033109188
flow_npe,1000,31622,N=n^(3/2),38,0.09916082168756882,0.0012791157
flow_npe,1000,31622,N=n^(3/2),39,0.08879993731157133,0.0037558079
flow_npe,1000,31622,N=n^(3/2),40,0.0446728524411532,0.0011694431
flow_npe,1000,31622,N=n^(3/2),41,0.09504122054155033,0.005225539
flow_npe,1000,31622,N=n^(3/2),42,0.10794694936598119,0.006284237
flow_npe,1000,31622,N=n^(3/2),43,0.10987624088501201,0.0029278994
flow_npe,1000,31622,N=n^(3/2),44,-0.00701403239885961,0.0006952286
flow_npe,1000,31622,N=n^(3/2),45,0.044936640951625785,0.0031354427
flow_npe,1000,31622,N=n^(3/2),46,0.05689409554637353,0.0010738373
flow_npe,1000,31622,N=n^(3/2),47,0.14084539965183349,0.009634137
flow_npe,1000,31622,N=n^(3/2),48,0.04741222789479523,0.0026162863
flow_npe,1000,31622,N=n^(3/2),49,0.37526413271117903,0.018109202
flow_npe,1000,31622,N=n^(3/2),50,0.06793121902838538,0.0027668476
flow_npe,1000,31622,N=n^(3/2),51,0.055779876227625244,0.0018086433
flow_npe,1000,31622,N=n^(3/2),52,0.15711188285093503,0.011569262
flow_npe,1000,31622,N=n^(3/2),53,0.06957351521428563,0.0018805265
flow_npe,1000,31622,N=n^(3/2),54,0.11108466401496371,0.0025503635
flow_npe,1000,31622,N=n^(3/2),55,0.09138420208977002,0.0043531656
flow_npe,1000,31622,N=n^(3/2),56,0.08757232844190647,0.004709482
flow_npe,1000,31622,N=n^(3/2),57,0.06313797765779094,0.005448103
flow_npe,1000,31622,N=n^(3/2),58,0.07518616039059198,0.003967166
flow_npe,1000,31622,N=n^(3/2),59,0.04739994894013791,0.0023012161
flow_npe,1000,31622,N=n^(3/2),60,0.02341657471208326,0.0005059242
flow_npe,1000,31622,N=n^(3/2),61,0.24124890169669583,0.0086939335
flow_npe,1000,31622,N=n^(3/2),62,0.04012085086943292,0.001111865
flow_npe,1000,31622,N=n^(3/2),63,0.031689063508282767,0.0009714365
flow_npe,1000,31622,N=n^(3/2),64,0.2035573926357393,0.008479714
flow_npe,1000,31622,N=n^(3/2),65,0.021113457882527352,0.00024533272
flow_npe,1000,31622,N=n^(3/2),66,0.09229519446855967,0.00047326088
flow_npe,1000,31622,N=n^(3/2),67,-0.004297022455326143,0.0025609732
flow_npe,1000,31622,N=n^(3/2),68,0.07018729807652868,0.0025258064
flow_npe,1000,31622,N=n^(3/2),69,0.05005315323916684,0.0016627312
flow_npe,1000,31622,N=n^(3/2),70,0.08324502318621646,0.0031174421
flow_npe,1000,31622,N=n^(3/2),71,0.024078977779801173,0.00026750565
flow_npe,1000,31622,N=n^(3/2),72,0.08491348812392938,0.0023628473
flow_npe,1000,31622,N=n^(3/2),73,0.14401734515978135,0.0051363707
flow_npe,1000,31622,N=n^(3/2),74,0.10343783813932388,0.0084273815
flow_npe,1000,31622,N=n^(3/2),75,0.047884225600314606,0.00038969517
flow_npe,1000,31622,N=n^(3/2),76,0.1679362004236694,0.0054442883
flow_npe,1000,31622,N=n^(3/2),77,0.19867429200423734,0.009922385
flow_npe,1000,31622,N=n^(3/2),78,0.11300036624569708,0.0015842915
flow_npe,1000,31622,N=n^(3/2),79,0.20952911480553582,0.015591264
flow_npe,1000,31622,N=n^(3/2),80,0.1511517216379415,0.009049416
flow_npe,1000,31622,N=n^(3/2),81,0.28448931735666505,0.008312702
flow_npe,1000,31622,N=n^(3/2),82,0.038279975462096605,0.0008215904
flow_npe,1000,31622,N=n^(3/2),83,0.9739884967522746,0.05370128
flow_npe,1000,31622,N=n^(3/2),84,0.04430836322119684,0.00070750713
flow_npe,1000,31622,N=n^(3/2),85,0.08282487375116507,0.006457448
flow_npe,1000,31622,N=n^(3/2),86,0.17910283210670488,0.0025340319
flow_npe,1000,31622,N=n^(3/2),87,0.0026263099744472007,0.00029349327
flow_npe,1000,31622,N=n^(3/2),88,0.05417492415320027,0.0028549433
flow_npe,1000,31622,N=n^(3/2),89,0.24848304546341277,0.012451768
flow_npe,1000,31622,N=n^(3/2),90,0.05398135655967175,0.0017896891
flow_npe,1000,31622,N=n^(3/2),91,0.10237152951021004,0.0046845675
flow_npe,1000,31622,N=n^(3/2),92,0.019115615650018146,0.0005996227
flow_npe,1000,31622,N=n^(3/2),93,0.05807904726849566,0.001480341
flow_npe,1000,31622,N=n^(3/2),94,-0.009610524656781784,0.00061643124
flow_npe,1000,31622,N=n^(3/2),95,0.10064157130185886,0.0065948963
flow_npe,1000,31622,N=n^(3/2),96,0.05960123573768349,0.0011428595
flow_npe,1000,31622,N=n^(3/2),97,0.14258433892722178,0.0071094036
flow_npe,1000,31622,N=n^(3/2),98,0.2072185198350733,0.009459734
flow_npe,1000,31622,N=n^(3/2),99,0.07435431267286643,0.003583908
flow_npe,1000,31622,N=n^(3/2),100,0.3090787625670509,0.01822114
flow_npe,1000,1000000,N=n^2,0,0.026670307701333766,0.00020074844
flow_npe,1000,1000000,N=n^2,1,0.026337782394872857,0.0010185242
flow_npe,1000,1000000,N=n^2,2,-0.01866119311865566,0.000721097
flow_npe,1000,1000000,N=n^2,4,0.014998284973989903,0.00040614605
flow_npe,1000,1000000,N=n^2,5,-0.004061761757196377,5.6147575e-05
flow_npe,1000,1000000,N=n^2,6,0.017900387066015832,0.0005725622
flow_npe,1000,1000000,N=n^2,7,0.0447919840304834,0.0012931824
flow_npe,1000,1000000,N=n^2,8,0.023630288981049352,0.000315547
flow_npe,1000,1000000,N=n^2,9,0.041377393637078805,0.0011481047
flow_npe,1000,1000000,N=n^2,10,-0.005923102339191178,4.851818e-05
flow_npe,1000,1000000,N=n^2,11,0.01102018406994248,0.00016999245
flow_npe,1000,1000000,N=n^2,12,0.019401275165552883,0.00038588047
flow_npe,1000,1000000,N=n^2,13,0.009840334684083933,0.00026023388
flow_npe,1000,1000000,N=n^2,14,0.026538101363267633,0.00038194656
flow_npe,1000,1000000,N=n^2,16,0.03097773361624664,0.0008058548
flow_npe,1000,1000000,N=n^2,18,0.021402456526885518,2.3961067e-05
flow_npe,1000,1000000,N=n^2,19,0.02623394458841191,0.0011798143
flow_npe,1000,1000000,N=n^2,21,0.010348309148371254,0.00034081936
flow_npe,1000,1000000,N=n^2,22,0.03360244421100157,0.0011589527
flow_npe,1000,1000000,N=n^2,23,0.09198219995681202,0.0015662909
flow_npe,1000,1000000,N=n^2,24,0.006120367832871801,0.00014603138
flow_npe,1000,1000000,N=n^2,25,0.045948117029854,0.00031721592
flow_npe,1000,1000000,N=n^2,26,0.0385892030954732,0.00091278553
flow_npe,1000,1000000,N=n^2,27,-0.012662879333706452,0.00019907951
flow_npe,1000,1000000,N=n^2,28,0.09949183534508327,0.001314044
flow_npe,1000,1000000,N=n^2,29,0.006979838982591759,4.053116e-05
flow_npe,1000,1000000,N=n^2,30,-0.01691132858282826,0.00015962124
flow_npe,1000,1000000,N=n^2,32,0.05044262925844014,0.0009082556
flow_npe,1000,1000000,N=n^2,33,0.05846329158832407,0.0024108887
flow_npe,1000,1000000,N=n^2,34,0.025957786477434103,0.0003298521
flow_npe,1000,1000000,N=n^2,35,-0.02391105021641597,0.000305295
flow_npe,1000,1000000,N=n^2,37,0.030256331727497403,0.0028010607
flow_npe,1000,1000000,N=n^2,40,0.01734680174122032,9.727478e-05
flow_npe,1000,1000000,N=n^2,42,0.007232959762620599,0.0007146597
flow_npe,1000,1000000,N=n^2,43,0.0461144207447247,0.00034296513
flow_npe,1000,1000000,N=n^2,44,-0.01603780234207967,0.00015234947
flow_npe,1000,1000000,N=n^2,45,0.008656390748149573,0.00030207634
flow_npe,1000,1000000,N=n^2,46,0.022205426880405218,0.00065624714
flow_npe,1000,1000000,N=n^2,47,0.018395962232451362,0.000228405
flow_npe,1000,1000000,N=n^2,48,0.0054459776947883365,3.9219856e-05
flow_npe,1000,1000000,N=n^2,49,0.03112291013373669,0.00055861473
flow_npe,1000,1000000,N=n^2,50,0.019545877137343026,0.0023852587
flow_npe,1000,1000000,N=n^2,51,-0.00366703602136244,0.00044584274
flow_npe,1000,1000000,N=n^2,52,0.007103614893168045,0.0001450777
flow_npe,1000,1000000,N=n^2,53,0.005770281566189751,1.5735626e-05
flow_npe,1000,1000000,N=n^2,54,0.03787570921711694,0.00019204617
flow_npe,1000,1000000,N=n^2,56,0.044753468941455196,0.00086057186
flow_npe,1000,1000000,N=n^2,58,0.03285958213023193,0.0015666485
flow_npe,1000,1000000,N=n^2,59,0.03482941098700139,0.0010938644
flow_npe,1000,1000000,N=n^2,60,0.03381884026195563,0.00011563301
flow_npe,1000,1000000,N=n^2,62,-0.004271269777836497,0.0005854368
flow_npe,1000,1000000,N=n^2,63,0.0279008093737996,0.00027430058
flow_npe,1000,1000000,N=n^2,64,0.03641893875935387,0.00018453598
flow_npe,1000,1000000,N=n^2,65,0.014953409861298367,0.0009315014
flow_npe,1000,1000000,N=n^2,66,0.02152317789038742,0.0001770258
flow_npe,1000,1000000,N=n^2,67,0.0022104836609789713,0.0010461807
flow_npe,1000,1000000,N=n^2,68,-0.004160938792451892,6.4373016e-05
flow_npe,1000,1000000,N=n^2,69,0.040021614946261844,0.0029256344
flow_npe,1000,1000000,N=n^2,70,0.017096677552042035,1.9073486e-05
flow_npe,1000,1000000,N=n^2,71,0.008857702854108949,0.0014312267
flow_npe,1000,1000000,N=n^2,72,0.03264956818649123,0.00055110455
flow_npe,1000,1000000,N=n^2,73,-0.004908175949792011,1.9192696e-05
flow_npe,1000,1000000,N=n^2,75,0.013498130791803871,0.00094532967
flow_npe,1000,1000000,N=n^2,76,0.02667224193583538,9.405613e-05
flow_npe,1000,1000000,N=n^2,77,0.049015278824831275,0.0020984411
flow_npe,1000,1000000,N=n^2,78,0.046037291558162406,0.001454711
flow_npe,1000,1000000,N=n^2,79,0.07965799458899363,0.007521987
flow_npe,1000,1000000,N=n^2,80,0.011859421755449134,0.00018644333
flow_npe,1000,1000000,N=n^2,81,0.014174678122807876,0.00021982193
flow_npe,1000,1000000,N=n^2,82,0.0268745323297515,3.695488e-05
flow_npe,1000,1000000,N=n^2,84,0.015807738948959493,0.0016195774
flow_npe,1000,1000000,N=n^2,85,-0.027533666981853444,0.0004557371
flow_npe,1000,1000000,N=n^2,86,0.06073732228449349,0.00023543835
flow_npe,1000,1000000,N=n^2,87,0.005991312520198273,0.00018417835
flow_npe,1000,1000000,N=n^2,89,0.055025060146972594,0.0006387234
flow_npe,1000,1000000,N=n^2,91,0.025265334606905793,9.10759e-05
flow_npe,1000,1000000,N=n^2,92,0.00823430392932463,0.002145648
flow_npe,1000,1000000,N=n^2,94,-0.01944357521206635,0.00076293945
flow_npe,1000,1000000,N=n^2,96,0.020433930002291597,0.000111579895
flow_npe,1000,1000000,N=n^2,97,0.007839810434119243,5.4955482e-05
flow_npe,5000,5000,N=n,0,0.06924501699006165,0.0006196499
flow_npe,5000,5000,N=n,1,0.2375766670012503,0.0042904615
flow_npe,5000,5000,N=n,2,0.20187744360211166,0.0017758608
flow_npe,5000,5000,N=n,3,0.823351049727777,0.018154263
flow_npe,5000,5000,N=n,4,0.5264712103559274,0.017871618
flow_npe,5000,5000,N=n,5,0.7347985777738774,0.020288467
flow_npe,5000,5000,N=n,6,0.1103746426357969,0.0019370317
flow_npe,5000,5000,N=n,7,1.223837217969073,0.031243443
flow_npe,5000,5000,N=n,8,0.3861332523753278,0.010494471
flow_npe,5000,5000,N=n,9,0.3832291463802174,0.006444335
flow_npe,5000,5000,N=n,10,0.3551319370524752,0.0072945356
flow_npe,5000,5000,N=n,11,0.1974491597387733,0.0013682842
flow_npe,5000,5000,N=n,12,0.24804467327226146,0.0041337013
flow_npe,5000,5000,N=n,13,0.09510698671487858,0.0008158684
flow_npe,5000,5000,N=n,14,0.07815419456437038,0.0011739731
flow_npe,5000,5000,N=n,15,1.8863173057828824,0.066346884
flow_npe,5000,5000,N=n,16,0.5107420320104067,0.01119256
flow_npe,5000,5000,N=n,17,0.06813803129985267,0.0011504889
flow_npe,5000,5000,N=n,18,0.22802000389080826,0.005033016
flow_npe,5000,5000,N=n,19,0.13021173195177987,0.000844717
flow_npe,5000,5000,N=n,20,0.24213272079213696,0.00590539
flow_npe,5000,5000,N=n,21,0.44963174856422894,0.016885877
flow_npe,5000,5000,N=n,22,0.11852561429020209,0.0019984245
flow_npe,5000,5000,N=n,23,0.43159849533610944,0.010892272
flow_npe,5000,5000,N=n,24,0.0931820458405929,0.00012111664
flow_npe,5000,5000,N=n,25,1.6301725001807905,0.058546424
flow_npe,5000,5000,N=n,26,0.27217339001201707,0.0052940845
flow_npe,5000,5000,N=n,27,0.2552883663031156,0.007688284
flow_npe,5000,5000,N=n,28,0.2660117394587569,0.0060732365
flow_npe,5000,5000,N=n,29,0.4124140627597638,0.011859775
flow_npe,5000,5000,N=n,30,0.4621011139691306,0.010860801
flow_npe,5000,5000,N=n,31,0.13301598480564136,0.0015892982
flow_npe,5000,5000,N=n,32,0.08628960699348809,0.00090920925
flow_npe,5000,5000,N=n,33,0.36333463341842037,0.006246209
flow_npe,5000,5000,N=n,34,0.25442170031080946,0.0072420835
flow_npe,5000,5000,N=n,35,0.12126883462352941,0.00036668777
flow_npe,5000,5000,N=n,36,0.22199909259808645,0.0034635067
flow_npe,5000,5000,N=n,37,0.1639163807970315,0.0015326738
flow_npe,5000,5000,N=n,38,0.871567989742959,0.022768617
flow_npe,5000,5000,N=n,39,0.4362675596040721,0.016723514
flow_npe,5000,5000,N=n,40,0.3880597665387265,0.00857687
flow_npe,5000,5000,N=n,41,0.9226874626590883,0.030457377
flow_npe,5000,5000,N=n,42,0.21118927034664955,0.0027712584
flow_npe,5000,5000,N=n,43,0.6618993407213767,0.020793438
flow_npe,5000,5000,N=n,44,0.23343361792157663,0.0056055784
flow_npe,5000,5000,N=n,45,0.27391261174416986,0.007503152
flow_npe,5000,5000,N=n,46,0.19718835213180202,0.0023055077
flow_npe,5000,5000,N=n,47,0.12195411893327289,0.0018047094
flow_npe,5000,5000,N=n,48,0.909728630236609,0.035909534
flow_npe,5000,5000,N=n,49,1.1033712876251527,0.04014051
flow_npe,5000,5000,N=n,50,0.07533608447579891,0.0005412102
flow_npe,5000,5000,N=n,51,0.45557485125265823,0.015222192
flow_npe,5000,5000,N=n,52,0.39329851274902233,0.008053184
flow_npe,5000,5000,N=n,53,0.28455818314181175,0.012047887
flow_npe,5000,5000,N=n,54,0.36355346795999977,0.009327531
flow_npe,5000,5000,N=n,55,0.2938468949155052,0.018136501
flow_npe,5000,5000,N=n,56,0.30634814051528336,0.008524656
flow_npe,5000,5000,N=n,57,0.5442084232703085,0.0093820095
flow_npe,5000,5000,N=n,58,0.27529554892508135,0.0038149357
flow_npe,5000,5000,N=n,59,0.43877462080683766,0.012103558
flow_npe,5000,5000,N=n,60,0.31149185758025344,0.012863755
flow_npe,5000,5000,N=n,61,0.4316739800115086,0.011097908
flow_npe,5000,5000,N=n,62,0.15291772404112333,0.0033426285
flow_npe,5000,5000,N=n,63,0.49993835391415453,0.01591599
flow_npe,5000,5000,N=n,64,1.1673267653203125,0.030665636
flow_npe,5000,5000,N=n,65,0.38172308074573297,0.0155375
flow_npe,5000,5000,N=n,66,0.3874128193248627,0.0077563524
flow_npe,5000,5000,N=n,67,0.23324344944716624,0.0101264715
flow_npe,5000,5000,N=n,68,0.7080998399228817,0.02566421
flow_npe,5000,5000,N=n,69,0.33527332454401304,0.01034832
flow_npe,5000,5000,N=n,70,0.44217568137373986,0.008159041
flow_npe,5000,5000,N=n,71,0.9614251421985193,0.027367353
flow_npe,5000,5000,N=n,72,1.1977925639206524,0.03446293
flow_npe,5000,5000,N=n,73,0.09002885755489956,0.0032931566
flow_npe,5000,5000,N=n,74,0.32592417776934934,0.007392764
flow_npe,5000,5000,N=n,75,0.45033218101259337,0.013300896
flow_npe,5000,5000,N=n,76,0.378649069759674,0.008630276
flow_npe,5000,5000,N=n,77,0.4743579950017019,0.017247796
flow_npe,5000,5000,N=n,78,0.39490268327853933,0.011739969
flow_npe,5000,5000,N=n,79,0.42964940555021275,0.017619848
flow_npe,5000,5000,N=n,80,1.5887962452600601,0.04428196
flow_npe,5000,5000,N=n,81,0.0932734296707799,0.0014955997
flow_npe,5000,5000,N=n,82,0.5447579053945257,0.022811413
flow_npe,5000,5000,N=n,83,0.26992523035782445,0.013346791
flow_npe,5000,5000,N=n,84,0.07594371072402034,0.001206398
flow_npe,5000,5000,N=n,85,0.6742467399346526,0.021303654
flow_npe,5000,5000,N=n,86,1.3635410716522367,0.042007446
flow_npe,5000,5000,N=n,87,0.14398188528260997,0.0007864237
flow_npe,5000,5000,N=n,88,0.1427674561341725,0.0032373667
flow_npe,5000,5000,N=n,89,1.7231939808073216,0.042610288
flow_npe,5000,5000,N=n,90,0.3064162721613655,0.010175109
flow_npe,5000,5000,N=n,91,1.4264725924313537,0.048482418
flow_npe,5000,5000,N=n,92,0.7282091891966657,0.024249315
flow_npe,5000,5000,N=n,93,0.12538094422061954,0.0018800497
flow_npe,5000,5000,N=n,94,0.22435270390674483,0.002131343
flow_npe,5000,5000,N=n,95,2.774090454461383,0.076835155
flow_npe,5000,5000,N=n,96,0.33010762467251364,0.0077251196
flow_npe,5000,5000,N=n,97,0.19485671869439228,0.009454489
flow_npe,5000,5000,N=n,98,0.2559282999542595,0.008294702
flow_npe,5000,5000,N=n,99,0.4502800246172663,0.013747215
flow_npe,5000,5000,N=n,100,0.3077474984547258,0.011318326
flow_npe,5000,42585,N=n log(n),0,0.037045432501620866,0.0015031099
flow_npe,5000,42585,N=n log(n),1,0.09217241680925822,0.0019514561
flow_npe,5000,42585,N=n log(n),2,0.05205330130339856,3.71933e-05
flow_npe,5000,42585,N=n log(n),3,0.34338341895781505,0.007321954
flow_npe,5000,42585,N=n log(n),4,0.01440963636968634,0.0007660389
flow_npe,5000,42585,N=n log(n),5,0.01853896967977695,0.00053071976
flow_npe,5000,42585,N=n log(n),6,0.07540840630455507,0.0012750626
flow_npe,5000,42585,N=n log(n),7,0.8334861774099377,0.023290157
flow_npe,5000,42585,N=n log(n),8,0.060476203846682536,0.0005283356
flow_npe,5000,42585,N=n log(n),9,0.11173819557974193,0.002448082
flow_npe,5000,42585,N=n log(n),10,0.06975341045148642,0.0009422302
flow_npe,5000,42585,N=n log(n),11,0.1611165908947682,0.0031710863
flow_npe,5000,42585,N=n log(n),12,0.045405652783290514,0.00018823147
flow_npe,5000,42585,N=n log(n),13,0.06353771777494313,0.0007328987
flow_npe,5000,42585,N=n log(n),14,0.05699971575077355,0.001258254
flow_npe,5000,42585,N=n log(n),15,0.7637469974361396,0.026477337
flow_npe,5000,42585,N=n log(n),16,0.01589205025719035,0.00019907951
flow_npe,5000,42585,N=n log(n),17,0.11834557802113835,0.008497834
flow_npe,5000,42585,N=n log(n),18,0.0456562717654477,0.0011655092
flow_npe,5000,42585,N=n log(n),19,0.06622301365813918,0.0010535717
flow_npe,5000,42585,N=n log(n),20,0.003680077043965978,0.00017940998
flow_npe,5000,42585,N=n log(n),21,0.2771456386084965,0.008548975
flow_npe,5000,42585,N=n log(n),22,0.03199577566217703,3.385544e-05
flow_npe,5000,42585,N=n log(n),23,0.3163728745171917,0.007189393
flow_npe,5000,42585,N=n log(n),24,0.05100246266535434,0.0012376308
flow_npe,5000,42585,N=n log(n),25,0.6451952953462902,0.017234206
flow_npe,5000,42585,N=n log(n),26,0.007029128086801769,0.00092995167
flow_npe,5000,42585,N=n log(n),27,0.08603478746934463,0.00080668926
flow_npe,5000,42585,N=n log(n),28,0.06849195021981432,0.0016813278
flow_npe,5000,42585,N=n log(n),29,0.040471437624202716,0.0013380051
flow_npe,5000,42585,N=n log(n),30,0.06847141837389796,0.0031710863
flow_npe,5000,42585,N=n log(n),32,0.08916839117937139,0.0034586191
flow_npe,5000,42585,N=n log(n),33,0.01912576922709993,0.0013557673
flow_npe,5000,42585,N=n log(n),34,0.08745775754337702,0.0013877153
flow_npe,5000,42585,N=n log(n),35,0.08690323133725189,0.0014702082
flow_npe,5000,42585,N=n log(n),36,0.006173866960269106,-5.9604645e-06
flow_npe,5000,42585,N=n log(n),37,0.07201350318614719,0.00073707104
flow_npe,5000,42585,N=n log(n),38,0.08822004148243373,0.00014984608
flow_npe,5000,42585,N=n log(n),39,0.3655250527486231,0.008035064
flow_npe,5000,42585,N=n log(n),40,0.0714058899876408,0.0007829666
flow_npe,5000,42585,N=n log(n),41,0.26545124994591923,0.006751299
flow_npe,5000,42585,N=n log(n),42,0.12161560027552032,0.002465725
flow_npe,5000,42585,N=n log(n),43,0.1704805735785166,0.0044692755
flow_npe,5000,42585,N=n log(n),44,0.17869539527995493,0.0042544603
flow_npe,5000,42585,N=n log(n),45,0.16306535029368532,0.00727427
flow_npe,5000,42585,N=n log(n),46,0.03010528896875521,7.665157e-05
flow_npe,5000,42585,N=n log(n),47,0.03895186370040056,0.0003694296
flow_npe,5000,42585,N=n log(n),48,0.1710127462669778,0.004909396
flow_npe,5000,42585,N=n log(n),50,0.056583999520403785,0.0009613037
flow_npe,5000,42585,N=n log(n),51,0.233022009451321,0.0063257217
flow_npe,5000,42585,N=n log(n),52,0.06986255761443734,0.0018986464
flow_npe,5000,42585,N=n log(n),53,0.1480929645159012,0.0075734854
flow_npe,5000,42585,N=n log(n),54,0.41660073454403657,0.011331201
flow_npe,5000,42585,N=n log(n),55,0.07911520420440785,0.0009814501
flow_npe,5000,42585,N=n log(n),56,0.3333504007320359,0.010314226
flow_npe,5000,42585,N=n log(n),57,0.16357557193696423,0.0030913353
flow_npe,5000,42585,N=n log(n),58,0.04771171218800976,0.00047171116
flow_npe,5000,42585,N=n log(n),59,0.14712369903235595,0.0046510696
flow_npe,5000,42585,N=n log(n),60,0.17360102140232167,0.00378716
flow_npe,5000,42585,N=n log(n),61,0.062425425911825545,0.00068724155
flow_npe,5000,42585,N=n log(n),62,0.03453702915806016,0.0005290508
flow_npe,5000,42585,N=n log(n),63,0.08130231611634656,0.0022631884
flow_npe,5000,42585,N=n log(n),64,0.2388107565704138,0.006047249
flow_npe,5000,42585,N=n log(n),65,0.02169193704410859,0.00013709068
flow_npe,5000,42585,N=n log(n),66,0.04086170640015853,0.0012247562
flow_npe,5000,42585,N=n log(n),67,0.008553787570708536,0.0011502504
flow_npe,5000,42585,N=n log(n),68,0.30211744867246465,0.007713437
flow_npe,5000,42585,N=n log(n),69,0.0993057741331662,0.0033341646
flow_npe,5000,42585,N=n log(n),70,0.026357775715429858,0.002390027
flow_npe,5000,42585,N=n log(n),71,0.16325414943407393,0.0028814077
flow_npe,5000,42585,N=n log(n),72,0.018660260258414114,0.00080370903
flow_npe,5000,42585,N=n log(n),73,-0.03369538403109371,0.0004502535
flow_npe,5000,42585,N=n log(n),74,0.08176541714545678,0.0017521381
flow_npe,5000,42585,N=n log(n),75,0.2633259430939768,0.0057593584
flow_npe,5000,42585,N=n log(n),76,0.05578270611976154,0.00091695786
flow_npe,5000,42585,N=n log(n),77,0.0907749955093615,0.0037875175
flow_npe,5000,42585,N=n log(n),78,0.07141136649680854,0.0019575357
flow_npe,5000,42585,N=n log(n),79,0.1029053133857545,0.0031484365
flow_npe,5000,42585,N=n log(n),80,0.02987873594750786,0.00014185905
flow_npe,5000,42585,N=n log(n),81,0.056804421420977184,0.00059747696
flow_npe,5000,42585,N=n log(n),82,0.16438987824684478,0.0047471523
flow_npe,5000,42585,N=n log(n),83,0.010786782454392331,0.00034499168
flow_npe,5000,42585,N=n log(n),84,0.11384572735993184,0.0035842657
flow_npe,5000,42585,N=n log(n),85,0.04975069667785838,0.0006401539
flow_npe,5000,42585,N=n log(n),86,0.38348550939752,0.011578441
flow_npe,5000,42585,N=n log(n),87,0.09064200212933404,0.0018892288
flow_npe,5000,42585,N=n log(n),88,0.0052698752325749144,0.000101566315
flow_npe,5000,42585,N=n log(n),89,0.3274112715711004,0.007329941
flow_npe,5000,42585,N=n log(n),90,0.06543417975034235,0.00014483929
flow_npe,5000,42585,N=n log(n),91,0.4493064916687996,0.0129516125
flow_npe,5000,42585,N=n log(n),92,0.07311463535572177,0.0021055937
flow_npe,5000,42585,N=n log(n),93,0.25306539737135997,0.0056376457
flow_npe,5000,42585,N=n log(n),94,0.20026869317800908,0.0038421154
flow_npe,5000,42585,N=n log(n),95,0.6977917373574318,0.013347387
flow_npe,5000,42585,N=n log(n),96,0.12439685296404093,0.003117323
flow_npe,5000,42585,N=n log(n),97,0.058975590367413365,0.0041954517
flow_npe,5000,42585,N=n log(n),98,0.10663453897935624,0.0040169954
flow_npe,5000,42585,N=n log(n),99,0.1840754617436567,0.005098343
flow_npe,5000,42585,N=n log(n),100,0.08256370087233884,0.00029933453
flow_npe,5000,353553,N=n^(3/2),0,-0.02936287274407595,0.00021314621
flow_npe,5000,353553,N=n^(3/2),1,-0.011729774556829484,5.9485435e-05
flow_npe,5000,353553,N=n^(3/2),2,0.07286509694584802,0.0002348423
flow_npe,5000,353553,N=n^(3/2),3,0.01996111989667728,0.0014659166
flow_npe,5000,353553,N=n^(3/2),4,0.025301715669546095,0.0010514259
flow_npe,5000,353553,N=n^(3/2),5,0.0076153997247370335,0.00059580803
flow_npe,5000,353553,N=n^(3/2),6,0.012597476020345359,0.0015015602
flow_npe,5000,353553,N=n^(3/2),7,0.05444151479584371,0.0004994869
flow_npe,5000,353553,N=n^(3/2),8,0.09029366408030404,0.0043001175
flow_npe,5000,353553,N=n^(3/2),9,0.029396006166740065,0.0012141466
flow_npe,5000,353553,N=n^(3/2),10,0.030048281616016997,0.0010650158
flow_npe,5000,353553,N=n^(3/2),11,0.09941930832527708,0.0043005943
flow_npe,5000,353553,N=n^(3/2),12,0.0777281479920567,0.0029485226
flow_npe,5000,353553,N=n^(3/2),13,-0.0010605044914662163,0.0005508661
flow_npe,5000,353553,N=n^(3/2),14,0.0069178744856443425,0.00015830994
flow_npe,5000,353553,N=n^(3/2),15,0.13467051645119674,0.002812028
flow_npe,5000,353553,N=n^(3/2),16,0.07818339884425839,0.0015273094
flow_npe,5000,353553,N=n^(3/2),17,-0.007390360363658197,0.0006300211
flow_npe,5000,353553,N=n^(3/2),18,0.06093989471670564,0.0010341406
flow_npe,5000,353553,N=n^(3/2),19,0.041474793563830194,0.00061655045
flow_npe,5000,353553,N=n^(3/2),21,0.020689392352842628,2.2411346e-05
flow_npe,5000,353553,N=n^(3/2),22,0.0500708626255319,0.0016362667
flow_npe,5000,353553,N=n^(3/2),23,0.05697618053124525,0.00024974346
flow_npe,5000,353553,N=n^(3/2),24,0.010628714411251733,9.4652176e-05
flow_npe,5000,353553,N=n^(3/2),25,0.22766006571736633,0.0057150126
flow_npe,5000,353553,N=n^(3/2),26,0.05073787306472113,0.0013438463
flow_npe,5000,353553,N=n^(3/2),27,0.031349114866760334,0.0004119873
flow_npe,5000,353553,N=n^(3/2),28,0.05857412961576589,0.00047254562
flow_npe,5000,353553,N=n^(3/2),29,0.015075236755842087,0.0003119707
flow_npe,5000,353553,N=n^(3/2),30,0.12525234156875592,0.0031694174
flow_npe,5000,353553,N=n^(3/2),31,0.04279747882781235,0.0003670454
flow_npe,5000,353553,N=n^(3/2),32,0.018090615119543733,0.0011277199
flow_npe,5000,353553,N=n^(3/2),33,0.03868579241505675,0.0004943609
flow_npe,5000,353553,N=n^(3/2),34,0.039861628626893894,0.000103354454
flow_npe,5000,353553,N=n^(3/2),35,0.013518047789009573,0.00020492077
flow_npe,5000,353553,N=n^(3/2),36,0.029589849126854407,0.0008536577
flow_npe,5000,353553,N=n^(3/2),37,0.08092703265365338,0.002521634
flow_npe,5000,353553,N=n^(3/2),38,0.058338786800645984,0.0030870438
flow_npe,5000,353553,N=n^(3/2),39,0.0772732986480834,0.0012459755
flow_npe,5000,353553,N=n^(3/2),40,0.09931810260916286,0.0011025667
flow_npe,5000,353553,N=n^(3/2),41,0.033695321048097714,0.001988411
flow_npe,5000,353553,N=n^(3/2),42,0.016764959056133493,0.0005967617
flow_npe,5000,353553,N=n^(3/2),43,0.12353513480620452,0.0021243095
flow_npe,5000,353553,N=n^(3/2),44,0.05413891841682504,0.0007804632
flow_npe,5000,353553,N=n^(3/2),45,-0.01452065311969638,0.0002105236
flow_npe,5000,353553,N=n^(3/2),46,0.04228903397696317,4.553795e-05
flow_npe,5000,353553,N=n^(3/2),47,0.009078231426007851,0.0007021427
flow_npe,5000,353553,N=n^(3/2),48,0.043102661435358396,0.0008999109
flow_npe,5000,353553,N=n^(3/2),49,0.09729367901933758,0.002969265
flow_npe,5000,353553,N=n^(3/2),50,0.003843366297090375,0.00029921532
flow_npe,5000,353553,N=n^(3/2),51,0.09235808618620404,0.0020745993
flow_npe,5000,353553,N=n^(3/2),52,-0.016972439289842305,0.00042629242
flow_npe,5000,353553,N=n^(3/2),53,0.036208025454418445,0.00036537647
flow_npe,5000,353553,N=n^(3/2),54,0.006993115775067185,0.00031495094
flow_npe,5000,353553,N=n^(3/2),55,0.06454956602499845,0.003169179
flow_npe,5000,353553,N=n^(3/2),56,0.006067581921938672,1.835823e-05
flow_npe,5000,353553,N=n^(3/2),57,0.0651697064644151,0.0006966591
flow_npe,5000,353553,N=n^(3/2),59,-0.01268288657135298,1.0967255e-05
flow_npe,5000,353553,N=n^(3/2),60,0.04753439616350258,0.00043737888
flow_npe,5000,353553,N=n^(3/2),61,0.021577090283298458,1.7523766e-05
flow_npe,5000,353553,N=n^(3/2),62,0.04346099928006252,0.0010448694
flow_npe,5000,353553,N=n^(3/2),63,0.025598330852777608,0.0008966923
flow_npe,5000,353553,N=n^(3/2),64,0.10699134501520227,0.001942873
flow_npe,5000,353553,N=n^(3/2),66,0.06363676338605756,0.0021276474
flow_npe,5000,353553,N=n^(3/2),67,-0.03141693676383313,0.00022423267
flow_npe,5000,353553,N=n^(3/2),68,-0.007963218984142605,0.00019538403
flow_npe,5000,353553,N=n^(3/2),69,0.030836847177869938,0.00015509129
flow_npe,5000,353553,N=n^(3/2),70,0.008862829596251258,0.0022345781
flow_npe,5000,353553,N=n^(3/2),71,0.057029067694382735,0.0013076067
flow_npe,5000,353553,N=n^(3/2),72,0.01597719635565779,0.0008312464
flow_npe,5000,353553,N=n^(3/2),73,-0.014412721544269456,0.00067806244
flow_npe,5000,353553,N=n^(3/2),75,0.03777298505765605,0.0014775991
flow_npe,5000,353553,N=n^(3/2),77,-0.023530314947670418,0.0006906986
flow_npe,5000,353553,N=n^(3/2),78,0.027184173012996322,0.00069236755
flow_npe,5000,353553,N=n^(3/2),79,-0.011887727756383592,8.904934e-05
flow_npe,5000,353553,N=n^(3/2),80,-0.007107234964756119,0.0002104044
flow_npe,5000,353553,N=n^(3/2),81,0.07084350597422917,0.0012944937
flow_npe,5000,353553,N=n^(3/2),82,-6.806766376805538e-05,6.330013e-05
flow_npe,5000,353553,N=n^(3/2),83,0.0174300086694334,6.4373016e-06
flow_npe,5000,353553,N=n^(3/2),84,0.002683987149350171,0.00069081783
flow_npe,5000,353553,N=n^(3/2),85,-0.0036408909667178233,0.00036990643
flow_npe,5000,353553,N=n^(3/2),86,0.16699861543800226,0.0036767721
flow_npe,5000,353553,N=n^(3/2),87,0.04742099159393957,0.00057566166
flow_npe,5000,353553,N=n^(3/2),89,0.09615231842417743,0.0018718243
flow_npe,5000,353553,N=n^(3/2),90,0.08136566331807157,0.001411438
flow_npe,5000,353553,N=n^(3/2),91,0.10407911322132718,0.0025178194
flow_npe,5000,353553,N=n^(3/2),92,0.08857215507438837,0.0017666817
flow_npe,5000,353553,N=n^(3/2),93,0.04633811438600426,0.00063478947
flow_npe,5000,353553,N=n^(3/2),94,0.033484998774304726,0.00033521652
flow_npe,5000,353553,N=n^(3/2),95,0.03837379891419369,0.0001269579
flow_npe,5000,353553,N=n^(3/2),96,0.0812496411645828,0.00083863735
flow_npe,5000,353553,N=n^(3/2),97,0.0849250973875171,0.0025991201
flow_npe,5000,353553,N=n^(3/2),98,0.003374525950540076,0.00093972683
flow_npe,5000,353553,N=n^(3/2),99,0.04553522566987064,0.0028272867
flow_npe,5000,353553,N=n^(3/2),100,0.009062969829854474,5.0902367e-05
gaussian_npe,100,100,N=n,0,0.6043516032734947,0.051344275
gaussian_npe,100,100,N=n,1,1.3319665199589499,0.21489108
gaussian_npe,100,100,N=n,2,0.6712110717233013,0.050446272
gaussian_npe,100,100,N=n,3,0.8375690038364,0.07295108
gaussian_npe,100,100,N=n,4,0.5345061711732804,0.040734172
gaussian_npe,100,100,N=n,5,0.6235967979706161,0.01598525
gaussian_npe,100,100,N=n,6,0.3680861437598771,0.06462228
gaussian_npe,100,100,N=n,7,0.628775872426366,0.07288778
gaussian_npe,100,100,N=n,8,0.27351545673604144,0.034251094
gaussian_npe,100,100,N=n,9,0.3460631413183578,0.019922733
gaussian_npe,100,100,N=n,10,0.893532881350433,0.20155597
gaussian_npe,100,100,N=n,11,0.7627251265412701,0.12057221
gaussian_npe,100,100,N=n,12,0.3541485210288424,0.02841866
gaussian_npe,100,100,N=n,13,0.987427695893186,0.03827393
gaussian_npe,100,100,N=n,14,1.4633152967635197,0.24762774
gaussian_npe,100,100,N=n,15,0.49254106113817686,0.0485363
gaussian_npe,100,100,N=n,16,0.41371572411757673,0.010986924
gaussian_npe,100,100,N=n,17,0.27766692809514226,0.03405273
gaussian_npe,100,100,N=n,18,0.7604233706124048,0.11143565
gaussian_npe,100,100,N=n,19,0.9415695200880078,0.13199937
gaussian_npe,100,100,N=n,20,0.9688502224264318,0.13588333
gaussian_npe,100,100,N=n,21,1.149691052204581,0.2039758
gaussian_npe,100,100,N=n,22,0.6594434818472051,0.12087393
gaussian_npe,100,100,N=n,23,1.0536138880126174,0.14513695
gaussian_npe,100,100,N=n,24,0.3070310216413142,0.020509958
gaussian_npe,100,100,N=n,25,0.7781989664024197,0.10173559
gaussian_npe,100,100,N=n,26,0.5466935066302994,0.07270062
gaussian_npe,100,100,N=n,27,0.4777636076786361,0.022161365
gaussian_npe,100,100,N=n,28,1.2267544245269573,0.11579418
gaussian_npe,100,100,N=n,29,0.8518843278272045,0.10211742
gaussian_npe,100,100,N=n,30,1.1843085591609026,0.21499765
gaussian_npe,100,100,N=n,31,1.335684839028983,0.013531089
gaussian_npe,100,100,N=n,32,1.4896403874874378,0.2413041
gaussian_npe,100,100,N=n,33,0.3273389809668784,0.00919795
gaussian_npe,100,100,N=n,34,1.313161951745951,0.17013073
gaussian_npe,100,100,N=n,35,0.46326420716384936,0.01044333
gaussian_npe,100,100,N=n,36,0.6030146307273956,0.052784443
gaussian_npe,100,100,N=n,37,0.8499871579023289,0.058357358
gaussian_npe,100,100,N=n,38,0.47649099438668485,0.07566655
gaussian_npe,100,100,N=n,39,0.3929890239534792,0.036547422
gaussian_npe,100,100,N=n,40,0.4171615556314815,0.039126992
gaussian_npe,100,100,N=n,41,0.32315615425623695,0.021625042
gaussian_npe,100,100,N=n,42,1.0327998973010837,0.14322555
gaussian_npe,100,100,N=n,43,0.6968655458555097,0.063717246
gaussian_npe,100,100,N=n,44,0.9934741278832585,0.07187641
gaussian_npe,100,100,N=n,45,0.8495521664516157,0.04905927
gaussian_npe,100,100,N=n,46,1.6258691715299622,0.31515795
gaussian_npe,100,100,N=n,47,0.5660203173499876,0.0932821
gaussian_npe,100,100,N=n,48,0.6386205049189889,0.07603645
gaussian_npe,100,100,N=n,49,0.732558235245609,0.097135544
gaussian_npe,100,100,N=n,50,1.0459422769279383,0.10102105
gaussian_npe,100,100,N=n,51,0.6953020736861266,0.063587785
gaussian_npe,100,100,N=n,52,1.119401170595558,0.21795118
gaussian_npe,100,100,N=n,53,0.39997493184519495,0.030339241
gaussian_npe,100,100,N=n,54,0.4367416232039936,0.038908243
gaussian_npe,100,100,N=n,55,1.2492514128088708,0.18919766
gaussian_npe,100,100,N=n,56,1.1580015971337712,0.10283816
gaussian_npe,100,100,N=n,57,0.33263531412695,0.016615748
gaussian_npe,100,100,N=n,58,0.39048020978097586,0.014111042
gaussian_npe,100,100,N=n,59,0.9549902341688647,0.04392159
gaussian_npe,100,100,N=n,60,0.9761680068238083,0.14524007
gaussian_npe,100,100,N=n,61,0.9319980926956978,0.11467433
gaussian_npe,100,100,N=n,62,0.4180954879718909,0.038064957
gaussian_npe,100,100,N=n,63,0.8770796712223996,0.10553646
gaussian_npe,100,100,N=n,64,0.5290607336854688,0.04705441
gaussian_npe,100,100,N=n,65,0.5970569969240882,0.064891815
gaussian_npe,100,100,N=n,66,0.9862641044026784,0.15187955
gaussian_npe,100,100,N=n,67,1.2944126003988605,0.23644757
gaussian_npe,100,100,N=n,68,0.43302378366482097,0.019376993
gaussian_npe,100,100,N=n,69,1.6895258186565532,0.29010344
gaussian_npe,100,100,N=n,70,0.5143682446781371,0.01921308
gaussian_npe,100,100,N=n,71,0.78090880274027,0.10434079
gaussian_npe,100,100,N=n,72,1.055492536108234,0.074527144
gaussian_npe,100,100,N=n,73,0.7931723111385145,0.08006084
gaussian_npe,100,100,N=n,74,0.8653144074735758,0.13791585
gaussian_npe,100,100,N=n,75,2.3476573927100763,0.05127108
gaussian_npe,100,100,N=n,76,0.7692390355770646,0.08555663
gaussian_npe,100,100,N=n,77,0.8854333113901971,0.113286495
gaussian_npe,100,100,N=n,78,0.8581986549058761,0.0893724
gaussian_npe,100,100,N=n,79,0.8581048530429657,0.10191369
gaussian_npe,100,100,N=n,80,0.3827675864996102,0.008455038
gaussian_npe,100,100,N=n,81,0.9367379419080385,0.15818715
gaussian_npe,100,100,N=n,82,1.6522918999365621,0.26120222
gaussian_npe,100,100,N=n,83,0.5851854280162446,0.07833886
gaussian_npe,100,100,N=n,84,1.0703270126734707,0.14201891
gaussian_npe,100,100,N=n,85,0.5850630211125267,0.038515806
gaussian_npe,100,100,N=n,86,1.0357853060030238,0.15539467
gaussian_npe,100,100,N=n,87,0.9714541282985883,0.109908104
gaussian_npe,100,100,N=n,88,0.573436573021674,0.024695277
gaussian_npe,100,100,N=n,89,0.7973716820243247,0.07317257
gaussian_npe,100,100,N=n,90,0.5154241804166568,0.049674273
gaussian_npe,100,100,N=n,91,1.0289402950337736,0.11672485
gaussian_npe,100,100,N=n,92,0.7707845966261024,0.038143516
gaussian_npe,100,100,N=n,93,0.7269856487419524,0.08742428
gaussian_npe,100,100,N=n,94,0.6713392087799948,0.12794113
gaussian_npe,100,100,N=n,95,1.6028282213434837,0.27072906
gaussian_npe,100,100,N=n,96,0.9218552604178785,0.019123197
gaussian_npe,100,100,N=n,97,0.5368968994298634,0.032048106
gaussian_npe,100,100,N=n,98,0.6729464829347508,0.032703996
gaussian_npe,100,100,N=n,99,1.3959958545250677,0.17616963
gaussian_npe,100,100,N=n,100,0.7503316276983489,0.08527911
gaussian_npe,100,460,N=n log(n),0,0.5520880289900909,0.034726024
gaussian_npe,100,460,N=n log(n),1,0.24313359960620565,0.0067378283
gaussian_npe,100,460,N=n log(n),2,0.4263914210127904,0.04657662
gaussian_npe,100,460,N=n log(n),3,0.6295810214766364,0.045007348
gaussian_npe,100,460,N=n log(n),4,0.470751242252353,0.039455533
gaussian_npe,100,460,N=n log(n),5,0.4343585847275359,0.004060626
gaussian_npe,100,460,N=n log(n),6,0.40236980848519843,0.01873827
gaussian_npe,100,460,N=n log(n),7,0.3408301215211958,0.030296564
gaussian_npe,100,460,N=n log(n),8,0.17226993862334078,0.0053596497
gaussian_npe,100,460,N=n log(n),9,0.42241820361413823,0.025028706
gaussian_npe,100,460,N=n log(n),10,0.30623519318222947,0.012836099
gaussian_npe,100,460,N=n log(n),11,0.18631268239399196,0.0032076836
gaussian_npe,100,460,N=n log(n),12,0.4296369301217592,0.03303969
gaussian_npe,100,460,N=n log(n),13,0.43188701905998006,0.03311968
gaussian_npe,100,460,N=n log(n),14,0.6026566069148088,0.04610908
gaussian_npe,100,460,N=n log(n),15,0.5164144044933501,0.040722728
gaussian_npe,100,460,N=n log(n),16,0.7498958120037909,0.044438004
gaussian_npe,100,460,N=n log(n),17,1.0256632300416177,0.06682873
gaussian_npe,100,460,N=n log(n),18,0.34929846657607166,0.029705286
gaussian_npe,100,460,N=n log(n),19,0.08002023827539946,0.0027506351
gaussian_npe,100,460,N=n log(n),20,0.4534443411538309,0.04314387
gaussian_npe,100,460,N=n log(n),21,1.5195680736414934,0.24593902
gaussian_npe,100,460,N=n log(n),22,0.820814568142102,0.07728577
gaussian_npe,100,460,N=n log(n),23,0.49311126437256175,0.03105557
gaussian_npe,100,460,N=n log(n),24,0.13162407586124142,0.0020633936
gaussian_npe,100,460,N=n log(n),25,0.721297453205417,0.061189294
gaussian_npe,100,460,N=n log(n),26,0.4506247044341095,0.028804779
gaussian_npe,100,460,N=n log(n),27,0.48215059533860777,0.02817285
gaussian_npe,100,460,N=n log(n),28,0.3425072059572589,0.012162328
gaussian_npe,100,460,N=n log(n),29,0.26338713605435354,0.032441616
gaussian_npe,100,460,N=n log(n),30,0.2863210533941309,0.007227063
gaussian_npe,100,460,N=n log(n),31,1.1180813824034128,0.05273354
gaussian_npe,100,460,N=n log(n),32,0.593708990877497,0.03298664
gaussian_npe,100,460,N=n log(n),33,0.1426050910240507,0.006544113
gaussian_npe,100,460,N=n log(n),34,0.31876743892754916,0.029549599
gaussian_npe,100,460,N=n log(n),35,0.5574332282628918,0.0715847
gaussian_npe,100,460,N=n log(n),36,0.28112824468703734,0.014721632
gaussian_npe,100,460,N=n log(n),37,0.5821144830917142,0.025879622
gaussian_npe,100,460,N=n log(n),38,0.22020262313908512,0.027504563
gaussian_npe,100,460,N=n log(n),39,0.2842729062290353,0.017736793
gaussian_npe,100,460,N=n log(n),40,0.49204369501490797,0.038460135
gaussian_npe,100,460,N=n log(n),41,0.27167953207968343,0.004430294
gaussian_npe,100,460,N=n log(n),42,0.6846689397450517,0.122680426
gaussian_npe,100,460,N=n log(n),43,0.5347684844096577,0.034565568
gaussian_npe,100,460,N=n log(n),44,0.9863727508039128,0.07484484
gaussian_npe,100,460,N=n log(n),45,0.9485493069426734,0.081709504
gaussian_npe,100,460,N=n log(n),46,0.3291694160411147,0.018933892
gaussian_npe,100,460,N=n log(n),47,0.3411090722850965,0.01724124
gaussian_npe,100,460,N=n log(n),48,0.9187145992587947,0.094782114
gaussian_npe,100,460,N=n log(n),49,0.30708899777857895,0.018008113
gaussian_npe,100,460,N=n log(n),50,0.792356777544225,0.09407294
gaussian_npe,100,460,N=n log(n),51,0.30888395847692846,0.02072382
gaussian_npe,100,460,N=n log(n),52,0.3529733459185727,0.01626587
gaussian_npe,100,460,N=n log(n),53,0.3540079011540021,0.038773894
gaussian_npe,100,460,N=n log(n),54,0.4460778871392913,0.0577389
gaussian_npe,100,460,N=n log(n),55,0.7733868101827323,0.08086455
gaussian_npe,100,460,N=n log(n),56,0.8365564023587176,0.070807576
gaussian_npe,100,460,N=n log(n),57,1.4292865727621191,0.22035551
gaussian_npe,100,460,N=n log(n),58,0.349540830658126,0.036989093
gaussian_npe,100,460,N=n log(n),59,1.349172287123897,0.119529486
gaussian_npe,100,460,N=n log(n),60,1.5837015948645132,0.29088467
gaussian_npe,100,460,N=n log(n),61,0.5501561980004276,0.05200827
gaussian_npe,100,460,N=n log(n),62,0.3552465958999155,0.025116801
gaussian_npe,100,460,N=n log(n),63,0.5475303786110063,0.02057767
gaussian_npe,100,460,N=n log(n),64,0.3383076854986686,0.02055204
gaussian_npe,100,460,N=n log(n),65,0.45970379569199693,0.028138518
gaussian_npe,100,460,N=n log(n),66,0.16095175716471932,0.006504774
gaussian_npe,100,460,N=n log(n),67,0.8555071819746252,0.12330663
gaussian_npe,100,460,N=n log(n),68,0.3553414367716809,0.015172839
gaussian_npe,100,460,N=n log(n),69,0.8523825443065268,0.08964336
gaussian_npe,100,460,N=n log(n),70,0.3774890860280518,0.044815183
gaussian_npe,100,460,N=n log(n),71,0.7850507804327747,0.09111416
gaussian_npe,100,460,N=n log(n),72,0.8462313807289182,0.06040442
gaussian_npe,100,460,N=n log(n),73,0.3760253704984208,0.019204855
gaussian_npe,100,460,N=n log(n),74,0.46776298287373574,0.076551914
gaussian_npe,100,460,N=n log(n),75,0.42498466217733183,0.034350395
gaussian_npe,100,460,N=n log(n),76,0.2750568465629756,0.039106965
gaussian_npe,100,460,N=n log(n),77,0.3399485796044251,0.023706436
gaussian_npe,100,460,N=n log(n),78,0.7161327948842185,0.050387025
gaussian_npe,100,460,N=n log(n),79,0.34141949874412086,0.02172327
gaussian_npe,100,460,N=n log(n),80,0.596808654444868,0.03900838
gaussian_npe,100,460,N=n log(n),81,0.32552339740742964,0.018853307
gaussian_npe,100,460,N=n log(n),82,0.48486495719978906,0.03487301
gaussian_npe,100,460,N=n log(n),83,0.4755559999262721,0.07840431
gaussian_npe,100,460,N=n log(n),84,0.5800706984027993,0.03872609
gaussian_npe,100,460,N=n log(n),85,0.3070608592641826,0.052286267
gaussian_npe,100,460,N=n log(n),86,0.6341744553279407,0.061923146
gaussian_npe,100,460,N=n log(n),87,0.8919045097198661,0.12284231
gaussian_npe,100,460,N=n log(n),88,0.11898575768345841,0.0019520521
gaussian_npe,100,460,N=n log(n),89,0.8051039078642198,0.042208314
gaussian_npe,100,460,N=n log(n),90,0.38859956490226666,0.01962161
gaussian_npe,100,460,N=n log(n),91,1.1541069988683432,0.14434671
gaussian_npe,100,460,N=n log(n),92,0.3971920138290563,0.049086332
gaussian_npe,100,460,N=n log(n),93,0.7038268775421264,0.02073741
gaussian_npe,100,460,N=n log(n),94,0.5309212994086058,0.03305292
gaussian_npe,100,460,N=n log(n),95,0.964380254358895,0.11158311
gaussian_npe,100,460,N=n log(n),96,0.7905736463093013,0.042562366
gaussian_npe,100,460,N=n log(n),97,0.3270569330041544,0.01587379
gaussian_npe,100,460,N=n log(n),98,0.20714478011241108,0.0048089027
gaussian_npe,100,460,N=n log(n),99,0.5053676315681493,0.04047525
gaussian_npe,100,460,N=n log(n),100,0.6520032558091022,0.072042465
gaussian_npe,100,1000,N=n^(3/2),0,0.4496559809516299,0.04706061
gaussian_npe,100,1000,N=n^(3/2),1,0.4911466927730222,0.047480464
gaussian_npe,100,1000,N=n^(3/2),2,0.17710231113486086,0.008160114
gaussian_npe,100,1000,N=n^(3/2),3,0.7478720064807386,0.056463122
gaussian_npe,100,1000,N=n^(3/2),4,0.2963559344780673,0.015395403
gaussian_npe,100,1000,N=n^(3/2),5,0.34837953097523655,0.013267159
gaussian_npe,100,1000,N=n^(3/2),6,0.5223506373662744,0.029073596
gaussian_npe,100,1000,N=n^(3/2),7,0.33377562097189933,0.009107351
gaussian_npe,100,1000,N=n^(3/2),8,0.1733208027825064,0.007100582
gaussian_npe,100,1000,N=n^(3/2),9,0.34006456639359905,0.028457522
gaussian_npe,100,1000,N=n^(3/2),10,0.44373082665938407,0.0122356415
gaussian_npe,100,1000,N=n^(3/2),11,0.4924344952132641,0.014877677
gaussian_npe,100,1000,N=n^(3/2),12,0.3455895940837439,0.0245682
gaussian_npe,100,1000,N=n^(3/2),13,0.3206127991150626,0.013500094
gaussian_npe,100,1000,N=n^(3/2),14,0.5653151692836619,0.054145098
gaussian_npe,100,1000,N=n^(3/2),15,0.38886379061994525,0.033519864
gaussian_npe,100,1000,N=n^(3/2),16,0.6078114796609432,0.03942144
gaussian_npe,100,1000,N=n^(3/2),17,0.6385797871834836,0.034810543
gaussian_npe,100,1000,N=n^(3/2),18,0.39222606118888964,0.026167512
gaussian_npe,100,1000,N=n^(3/2),19,0.14033289703217874,0.001178503
gaussian_npe,100,1000,N=n^(3/2),20,0.404426400196145,0.047869086
gaussian_npe,100,1000,N=n^(3/2),21,1.2452629832556326,0.20109129
gaussian_npe,100,1000,N=n^(3/2),22,0.3270217452162408,0.0140429735
gaussian_npe,100,1000,N=n^(3/2),23,0.31242882252581455,0.0076190233
gaussian_npe,100,1000,N=n^(3/2),24,0.14789330393556094,0.00868547
gaussian_npe,100,1000,N=n^(3/2),25,0.6592099996542595,0.0464859
gaussian_npe,100,1000,N=n^(3/2),26,0.2877368773836931,0.030558586
gaussian_npe,100,1000,N=n^(3/2),27,0.3816623676467911,0.014442921
gaussian_npe,100,1000,N=n^(3/2),28,0.392535515677617,0.020662785
gaussian_npe,100,1000,N=n^(3/2),29,0.42942593432932274,0.05247867
gaussian_npe,100,1000,N=n^(3/2),30,0.3814949283292604,0.024352789
gaussian_npe,100,1000,N=n^(3/2),31,0.4441195065077522,0.014299512
gaussian_npe,100,1000,N=n^(3/2),32,0.6868187617577999,0.042531848
gaussian_npe,100,1000,N=n^(3/2),33,0.20291776101899284,0.014878392
gaussian_npe,100,1000,N=n^(3/2),34,0.3069728891148644,0.005373597
gaussian_npe,100,1000,N=n^(3/2),35,0.2004823235980207,0.0090043545
gaussian_npe,100,1000,N=n^(3/2),36,0.3683361961818764,0.024268389
gaussian_npe,100,1000,N=n^(3/2),37,0.7147944623825453,0.039203882
gaussian_npe,100,1000,N=n^(3/2),38,0.4857925689142414,0.026282907
gaussian_npe,100,1000,N=n^(3/2),39,0.2781098268008203,0.026053905
gaussian_npe,100,1000,N=n^(3/2),40,0.3237209638770812,0.010867119
gaussian_npe,100,1000,N=n^(3/2),41,0.44022374944535375,0.026207566
gaussian_npe,100,1000,N=n^(3/2),42,0.3372667052531166,0.017434001
gaussian_npe,100,1000,N=n^(3/2),43,0.8956709641911798,0.030024529
gaussian_npe,100,1000,N=n^(3/2),44,0.9023916370681826,0.061225772
gaussian_npe,100,1000,N=n^(3/2),45,0.49461907191981147,0.026152492
gaussian_npe,100,1000,N=n^(3/2),46,0.4420639116811201,0.034063578
gaussian_npe,100,1000,N=n^(3/2),47,0.5666194478778155,0.07872236
gaussian_npe,100,1000,N=n^(3/2),48,0.23900904910348736,0.009303093
gaussian_npe,100,1000,N=n^(3/2),49,0.22277036042407253,0.00843823
gaussian_npe,100,1000,N=n^(3/2),50,0.5383961707706367,0.037441134
gaussian_npe,100,1000,N=n^(3/2),51,0.27567519915410416,0.02836585
gaussian_npe,100,1000,N=n^(3/2),52,0.3441760647860988,0.020746112
gaussian_npe,100,1000,N=n^(3/2),53,0.25421846394852493,0.0067483187
gaussian_npe,100,1000,N=n^(3/2),54,0.2109155858168664,0.01310873
gaussian_npe,100,1000,N=n^(3/2),55,0.6970285210598652,0.06206119
gaussian_npe,100,1000,N=n^(3/2),56,0.29334797001171015,0.030598044
gaussian_npe,100,1000,N=n^(3/2),57,0.21479646466585287,0.008435607
gaussian_npe,100,1000,N=n^(3/2),58,0.15727180631857768,0.0044471025
gaussian_npe,100,1000,N=n^(3/2),59,1.0634055224589183,0.09736419
gaussian_npe,100,1000,N=n^(3/2),60,0.44739555330090275,0.033566236
gaussian_npe,100,1000,N=n^(3/2),61,0.27607354173503557,0.01574421
gaussian_npe,100,1000,N=n^(3/2),62,0.3194229768346255,0.0120379925
gaussian_npe,100,1000,N=n^(3/2),63,0.3625533608200932,0.027264953
gaussian_npe,100,1000,N=n^(3/2),64,0.2643268939337863,0.026914716
gaussian_npe,100,1000,N=n^(3/2),65,0.4041548763156638,0.033661008
gaussian_npe,100,1000,N=n^(3/2),66,0.1561341981103321,0.0047461987
gaussian_npe,100,1000,N=n^(3/2),67,0.330244471957872,0.020182371
gaussian_npe,100,1000,N=n^(3/2),68,0.23670918773109728,0.014216542
gaussian_npe,100,1000,N=n^(3/2),69,0.8331805288734293,0.06447637
gaussian_npe,100,1000,N=n^(3/2),70,0.3337297229400684,0.03759098
gaussian_npe,100,1000,N=n^(3/2),71,0.309344102265851,0.020263195
gaussian_npe,100,1000,N=n^(3/2),72,0.800816600961335,0.06356549
gaussian_npe,100,1000,N=n^(3/2),73,0.3687576442163329,0.03391373
gaussian_npe,100,1000,N=n^(3/2),74,0.7948213011380686,0.05503428
gaussian_npe,100,1000,N=n^(3/2),75,0.32556992654145955,0.024223924
gaussian_npe,100,1000,N=n^(3/2),76,0.16848360060409473,0.004601717
gaussian_npe,100,1000,N=n^(3/2),77,0.20784449690494947,0.014094353
gaussian_npe,100,1000,N=n^(3/2),78,0.550596964997367,0.04648912
gaussian_npe,100,1000,N=n^(3/2),79,0.6290511111792692,0.03644097
gaussian_npe,100,1000,N=n^(3/2),80,0.5158881322050634,0.04019177
gaussian_npe,100,1000,N=n^(3/2),81,0.3289327937892384,0.012576938
gaussian_npe,100,1000,N=n^(3/2),82,0.5077766902046646,0.02598834
gaussian_npe,100,1000,N=n^(3/2),83,0.2625864918827894,0.038157344
gaussian_npe,100,1000,N=n^(3/2),84,0.49875486047015494,0.03818798
gaussian_npe,100,1000,N=n^(3/2),85,0.43328668384155367,0.08283889
gaussian_npe,100,1000,N=n^(3/2),86,0.5719909174451782,0.06088996
gaussian_npe,100,1000,N=n^(3/2),87,0.42878600128463595,0.02316904
gaussian_npe,100,1000,N=n^(3/2),88,0.23292984122272842,0.005863309
gaussian_npe,100,1000,N=n^(3/2),89,0.6023605241641801,0.016899228
gaussian_npe,100,1000,N=n^(3/2),90,0.462795510608226,0.014897466
gaussian_npe,100,1000,N=n^(3/2),91,0.647573148043126,0.08043122
gaussian_npe,100,1000,N=n^(3/2),92,0.46691960967868384,0.07484913
gaussian_npe,100,1000,N=n^(3/2),93,0.7701089903499412,0.05183828
gaussian_npe,100,1000,N=n^(3/2),94,0.6322141430524789,0.08657575
gaussian_npe,100,1000,N=n^(3/2),95,0.7558113116525097,0.05153513
gaussian_npe,100,1000,N=n^(3/2),96,0.8137056475874731,0.05738926
gaussian_npe,100,1000,N=n^(3/2),97,0.3228631354634537,0.01795733
gaussian_npe,100,1000,N=n^(3/2),98,0.14474663457746872,0.006487608
gaussian_npe,100,1000,N=n^(3/2),99,0.49994383959682953,0.02377832
gaussian_npe,100,1000,N=n^(3/2),100,0.5146433073371572,0.036257505
gaussian_npe,100,10000,N=n^2,0,0.3856187394999419,0.019559503
gaussian_npe,100,10000,N=n^2,1,0.3101319517248677,0.027617335
gaussian_npe,100,10000,N=n^2,2,0.26071354145250497,0.012918949
gaussian_npe,100,10000,N=n^2,3,0.6334827729157272,0.028980851
gaussian_npe,100,10000,N=n^2,4,0.40632665652359057,0.017279267
gaussian_npe,100,10000,N=n^2,5,0.21388818482204627,0.0037534237
gaussian_npe,100,10000,N=n^2,6,0.4564363611095226,0.022538066
gaussian_npe,100,10000,N=n^2,7,0.2251526845571707,0.008873701
gaussian_npe,100,10000,N=n^2,8,0.12009661455223461,0.0031627417
gaussian_npe,100,10000,N=n^2,9,0.24018796303969972,0.009364843
gaussian_npe,100,10000,N=n^2,10,0.5592988356459061,0.038408637
gaussian_npe,100,10000,N=n^2,11,0.26448590676332123,0.0062971115
gaussian_npe,100,10000,N=n^2,12,0.40975473293118886,0.025241137
gaussian_npe,100,10000,N=n^2,13,0.2620627715862812,0.0096690655
gaussian_npe,100,10000,N=n^2,14,0.3970346716455848,0.023941994
gaussian_npe,100,10000,N=n^2,15,0.24078817599930435,0.012446642
gaussian_npe,100,10000,N=n^2,16,0.5865579481596297,0.055487394
gaussian_npe,100,10000,N=n^2,17,0.37460780421787365,0.032644868
gaussian_npe,100,10000,N=n^2,18,0.3947378889748299,0.029545903
gaussian_npe,100,10000,N=n^2,19,0.16850597811734566,0.0070203543
gaussian_npe,100,10000,N=n^2,20,0.3864259724275057,0.028383851
gaussian_npe,100,10000,N=n^2,21,1.009463502623404,0.15630674
gaussian_npe,100,10000,N=n^2,22,0.51342770702621,0.02593124
gaussian_npe,100,10000,N=n^2,23,0.32024530396648004,0.004306793
gaussian_npe,100,10000,N=n^2,24,0.13141797860721421,0.010713935
gaussian_npe,100,10000,N=n^2,25,0.5645720221151039,0.019478679
gaussian_npe,100,10000,N=n^2,26,0.2963951167697021,0.010851383
gaussian_npe,100,10000,N=n^2,27,0.28910416341250134,0.018335938
gaussian_npe,100,10000,N=n^2,28,0.5105148807656736,0.05145359
gaussian_npe,100,10000,N=n^2,29,0.13217360649685422,0.0027979612
gaussian_npe,100,10000,N=n^2,30,0.45416349885152246,0.021434307
gaussian_npe,100,10000,N=n^2,31,0.5066741468674403,0.013630867
gaussian_npe,100,10000,N=n^2,32,0.6341925577752593,0.035025716
gaussian_npe,100,10000,N=n^2,33,0.2256464428602494,0.020935416
gaussian_npe,100,10000,N=n^2,34,0.33029615969917697,0.017498612
gaussian_npe,100,10000,N=n^2,35,0.21082261486453072,0.004984975
gaussian_npe,100,10000,N=n^2,36,0.1932535795087847,0.0036821365
gaussian_npe,100,10000,N=n^2,37,0.5094681677806575,0.045426965
gaussian_npe,100,10000,N=n^2,38,0.2586203852199808,0.0187428
gaussian_npe,100,10000,N=n^2,39,0.38179781220310655,0.0114991665
gaussian_npe,100,10000,N=n^2,40,0.34281278713987634,0.01888287
gaussian_npe,100,10000,N=n^2,41,0.1432462968856084,0.0056990385
gaussian_npe,100,10000,N=n^2,42,0.25815018046217175,0.0045444965
gaussian_npe,100,10000,N=n^2,43,0.42709071287502887,0.014420152
gaussian_npe,100,10000,N=n^2,44,0.3182937108365331,0.013670087
gaussian_npe,100,10000,N=n^2,45,0.7104283598180361,0.04038298
gaussian_npe,100,10000,N=n^2,46,0.3307991381875349,0.012715459
gaussian_npe,100,10000,N=n^2,47,0.2882592045132524,0.011410117
gaussian_npe,100,10000,N=n^2,48,0.20540190620499785,0.017183304
gaussian_npe,100,10000,N=n^2,49,0.16106154385716345,0.009377718
gaussian_npe,100,10000,N=n^2,50,0.5796938552902887,0.026520252
gaussian_npe,100,10000,N=n^2,51,0.20848657587958813,0.024499297
gaussian_npe,100,10000,N=n^2,52,0.20237602219333034,0.0035017729
gaussian_npe,100,10000,N=n^2,53,0.22782800420615346,0.004930496
gaussian_npe,100,10000,N=n^2,54,0.25849732122106683,0.027545333
gaussian_npe,100,10000,N=n^2,55,0.53690730230611,0.013652682
gaussian_npe,100,10000,N=n^2,56,0.22704167328089495,0.008378267
gaussian_npe,100,10000,N=n^2,57,0.45469604024811155,0.06624055
gaussian_npe,100,10000,N=n^2,58,0.1901234111216011,0.010650992
gaussian_npe,100,10000,N=n^2,59,0.9210106865102052,0.034406543
gaussian_npe,100,10000,N=n^2,60,0.3325216492046968,0.016036749
gaussian_npe,100,10000,N=n^2,61,0.2978072955821854,0.029703856
gaussian_npe,100,10000,N=n^2,63,0.29795264555552187,0.008225441
gaussian_npe,100,10000,N=n^2,64,0.29799251948365085,0.025629997
gaussian_npe,100,10000,N=n^2,65,0.2791885723759789,0.014909267
gaussian_npe,100,10000,N=n^2,66,0.1822828972424736,0.010212064
gaussian_npe,100,10000,N=n^2,67,0.25329203154023444,0.006908655
gaussian_npe,100,10000,N=n^2,68,0.2944229938041568,0.01304388
gaussian_npe,100,10000,N=n^2,69,0.28910066744460233,0.018039107
gaussian_npe,100,10000,N=n^2,70,0.37516082494092207,0.026263833
gaussian_npe,100,10000,N=n^2,71,0.14850492148348948,0.0042048693
gaussian_npe,100,10000,N=n^2,72,0.595406577861057,0.03300953
gaussian_npe,100,10000,N=n^2,73,0.24487013049390932,0.0029133558
gaussian_npe,100,10000,N=n^2,74,0.22065156525841417,0.0099800825
gaussian_npe,100,10000,N=n^2,75,0.2530597648741207,0.0150568485
gaussian_npe,100,10000,N=n^2,76,0.076675895853954,0.002802372
gaussian_npe,100,10000,N=n^2,77,0.35388324036641844,0.009980321
gaussian_npe,100,10000,N=n^2,78,0.6072714311020618,0.059963703
gaussian_npe,100,10000,N=n^2,79,0.3701731469207991,0.02223742
gaussian_npe,100,10000,N=n^2,80,0.3762985309667278,0.016789913
gaussian_npe,100,10000,N=n^2,81,0.35189982277722187,0.013339043
gaussian_npe,100,10000,N=n^2,82,0.5760909388559627,0.0438987
gaussian_npe,100,10000,N=n^2,83,0.1342421917806162,0.0105035305
gaussian_npe,100,10000,N=n^2,84,0.41388053112690365,0.023588896
gaussian_npe,100,10000,N=n^2,85,0.2658481827896889,0.0207088
gaussian_npe,100,10000,N=n^2,86,0.5188536413954298,0.04146695
gaussian_npe,100,10000,N=n^2,87,0.3432609781388167,0.013054848
gaussian_npe,100,10000,N=n^2,88,0.15894853167290296,0.0034184456
gaussian_npe,100,10000,N=n^2,89,0.7381357385795969,0.03067267
gaussian_npe,100,10000,N=n^2,90,0.30970202213478104,0.010453224
gaussian_npe,100,10000,N=n^2,91,0.3720809328613315,0.024263263
gaussian_npe,100,10000,N=n^2,92,0.25602780542009246,0.004599929
gaussian_npe,100,10000,N=n^2,94,0.5908853393421534,0.057495594
gaussian_npe,100,10000,N=n^2,95,0.6300820969367124,0.038461566
gaussian_npe,100,10000,N=n^2,96,0.8348591816308873,0.045028925
gaussian_npe,100,10000,N=n^2,97,0.3457405706376359,0.022634983
gaussian_npe,100,10000,N=n^2,98,0.18534394299640053,0.009041667
gaussian_npe,100,10000,N=n^2,99,0.5312893302465866,0.028638959
gaussian_npe,100,10000,N=n^2,100,0.17691395639046553,0.010419846
gaussian_npe,500,500,N=n,0,0.2969501186742061,0.011011004
gaussian_npe,500,500,N=n,1,0.24742196524212265,0.011664152
gaussian_npe,500,500,N=n,2,0.5931198601626666,0.02755642
gaussian_npe,500,500,N=n,3,0.1544472866713774,0.003380537
gaussian_npe,500,500,N=n,4,0.6349851982242116,0.034561872
gaussian_npe,500,500,N=n,5,0.24099671779334167,0.013059616
gaussian_npe,500,500,N=n,6,0.1718566452445597,0.010624647
gaussian_npe,500,500,N=n,7,0.003588709912976731,0.004006028
gaussian_npe,500,500,N=n,8,0.2176378952313085,0.0024700165
gaussian_npe,500,500,N=n,9,0.5279658911632534,0.020238876
gaussian_npe,500,500,N=n,10,1.087082041928085,0.057312846
gaussian_npe,500,500,N=n,11,0.4854288548997144,0.013767958
gaussian_npe,500,500,N=n,12,0.7657567167214986,0.06828928
gaussian_npe,500,500,N=n,13,0.40033008074489546,0.040103555
gaussian_npe,500,500,N=n,14,0.829918421987481,0.035906315
gaussian_npe,500,500,N=n,15,0.09205896630644052,0.0052831173
gaussian_npe,500,500,N=n,16,0.13535858153003466,0.00096714497
gaussian_npe,500,500,N=n,17,0.39388585486518973,0.02302587
gaussian_npe,500,500,N=n,18,0.3360827318643245,0.007774949
gaussian_npe,500,500,N=n,19,0.3788003685675819,0.047037005
gaussian_npe,500,500,N=n,20,0.6246443613699671,0.058308363
gaussian_npe,500,500,N=n,21,0.07951156568427868,0.0021721125
gaussian_npe,500,500,N=n,22,0.2980753612712855,0.025274038
gaussian_npe,500,500,N=n,23,0.21972102983066574,0.041301012
gaussian_npe,500,500,N=n,24,0.35195705433130864,0.009342432
gaussian_npe,500,500,N=n,25,0.09029166466214261,0.015107274
gaussian_npe,500,500,N=n,26,1.5278711480840512,0.19302559
gaussian_npe,500,500,N=n,27,0.35900459093879605,0.00195086
gaussian_npe,500,500,N=n,28,1.0079944672286136,0.07380402
gaussian_npe,500,500,N=n,29,0.44262949522764417,0.034723997
gaussian_npe,500,500,N=n,30,0.7731641857566065,0.06854582
gaussian_npe,500,500,N=n,31,0.5343446850488478,0.022790551
gaussian_npe,500,500,N=n,32,0.3286999749472038,0.015214562
gaussian_npe,500,500,N=n,33,0.2691859618952045,0.010387063
gaussian_npe,500,500,N=n,34,0.10821813195900705,0.009263992
gaussian_npe,500,500,N=n,35,0.2045648537728362,0.0072342157
gaussian_npe,500,500,N=n,36,0.12361856429271113,0.0054889917
gaussian_npe,500,500,N=n,37,0.7174605597425484,0.07614422
gaussian_npe,500,500,N=n,38,0.23467744114800784,0.008087516
gaussian_npe,500,500,N=n,39,1.0012818136175954,0.056138158
gaussian_npe,500,500,N=n,40,0.06656806933025172,0.0065340996
gaussian_npe,500,500,N=n,41,0.1992830259244593,0.0015165806
gaussian_npe,500,500,N=n,42,0.10365673369937174,0.005134225
gaussian_npe,500,500,N=n,43,0.3210706120441701,0.0133548975
gaussian_npe,500,500,N=n,44,0.4600500973864064,0.019567609
gaussian_npe,500,500,N=n,45,0.45558100062425533,0.030231714
gaussian_npe,500,500,N=n,46,0.13954642630851144,0.009928346
gaussian_npe,500,500,N=n,47,0.6596365800765671,0.05327177
gaussian_npe,500,500,N=n,48,1.4660262925203835,0.007958055
gaussian_npe,500,500,N=n,49,0.33712620945043725,0.015675068
gaussian_npe,500,500,N=n,50,0.10481003750592577,0.014586329
gaussian_npe,500,500,N=n,51,0.14726773760187958,0.0065698624
gaussian_npe,500,500,N=n,52,0.3957188229101051,0.013123274
gaussian_npe,500,500,N=n,53,0.4312085710746766,0.009136915
gaussian_npe,500,500,N=n,54,1.0352005151901364,0.08475578
gaussian_npe,500,500,N=n,55,0.5138596826052355,0.013789892
gaussian_npe,500,500,N=n,56,0.10927636452185631,0.00445199
gaussian_npe,500,500,N=n,57,0.18120858868403977,0.002229929
gaussian_npe,500,500,N=n,58,0.2224985336470218,0.011149168
gaussian_npe,500,500,N=n,59,0.6185124469906088,0.016792655
gaussian_npe,500,500,N=n,60,0.1946711637424554,0.0126315355
gaussian_npe,500,500,N=n,61,0.44833871654924107,0.027600646
gaussian_npe,500,500,N=n,62,0.3186216520398414,0.016144037
gaussian_npe,500,500,N=n,63,1.1384651905469447,0.07468593
gaussian_npe,500,500,N=n,64,0.17826262335220885,0.02064681
gaussian_npe,500,500,N=n,65,2.2568575894021485,0.2360723
gaussian_npe,500,500,N=n,66,0.1376348730062068,0.010471344
gaussian_npe,500,500,N=n,67,0.41157309351738686,0.043706298
gaussian_npe,500,500,N=n,68,0.24095520654782726,0.012487531
gaussian_npe,500,500,N=n,69,0.06330966467339945,0.0060425997
gaussian_npe,500,500,N=n,70,1.6921625390186084,0.04670608
gaussian_npe,500,500,N=n,71,0.05252165731107225,0.0020830631
gaussian_npe,500,500,N=n,72,0.5483465037930327,0.04646969
gaussian_npe,500,500,N=n,73,0.4239004353219863,0.023193717
gaussian_npe,500,500,N=n,74,0.9177491713743618,0.07323098
gaussian_npe,500,500,N=n,75,0.28966375819142437,0.02291739
gaussian_npe,500,500,N=n,76,0.1218976826975111,0.0025138855
gaussian_npe,500,500,N=n,77,0.24983507167402783,0.006705761
gaussian_npe,500,500,N=n,78,0.1312447864880116,0.012150526
gaussian_npe,500,500,N=n,79,0.5420774289628009,0.027933598
gaussian_npe,500,500,N=n,80,0.33847660833551135,0.012765288
gaussian_npe,500,500,N=n,81,0.46060468314218084,0.029222608
gaussian_npe,500,500,N=n,82,0.24757162814171993,0.006530881
gaussian_npe,500,500,N=n,83,0.3588196235103112,0.010435462
gaussian_npe,500,500,N=n,84,0.12886983556241324,0.004940152
gaussian_npe,500,500,N=n,85,0.668707027744068,0.031147957
gaussian_npe,500,500,N=n,86,0.7886745418017056,0.040105104
gaussian_npe,500,500,N=n,87,0.8664207265188124,0.044553995
gaussian_npe,500,500,N=n,88,0.40415019465291496,0.04946077
gaussian_npe,500,500,N=n,89,0.33697269633912935,0.021519303
gaussian_npe,500,500,N=n,90,0.36124391170996584,0.016565204
gaussian_npe,500,500,N=n,91,0.5890766583448742,0.03017497
gaussian_npe,500,500,N=n,92,0.2924910417672415,0.010138512
gaussian_npe,500,500,N=n,93,0.8164186615614172,0.049762607
gaussian_npe,500,500,N=n,94,0.3067892766966987,0.016107202
gaussian_npe,500,500,N=n,95,0.4190907241680924,0.024636984
gaussian_npe,500,500,N=n,96,0.06582021337014284,0.001885891
gaussian_npe,500,500,N=n,97,0.362105161564188,0.012246847
gaussian_npe,500,500,N=n,98,0.49564002062973367,0.038020372
gaussian_npe,500,500,N=n,99,0.8763086872610822,0.083325505
gaussian_npe,500,500,N=n,100,0.6145769522112128,0.042146683
gaussian_npe,500,3107,N=n log(n),0,0.17698362452250327,0.00044584274
gaussian_npe,500,3107,N=n log(n),1,0.055915670093609704,0.0025343895
gaussian_npe,500,3107,N=n log(n),2,0.380877653053631,0.034140825
gaussian_npe,500,3107,N=n log(n),3,0.16863859880508655,0.020347476
gaussian_npe,500,3107,N=n log(n),4,0.2709685672097954,0.0026956797
gaussian_npe,500,3107,N=n log(n),5,0.08114179758244654,0.002686739
gaussian_npe,500,3107,N=n log(n),6,-0.019075415891024676,0.0007548332
gaussian_npe,500,3107,N=n log(n),7,0.09509579912701958,0.011166096
gaussian_npe,500,3107,N=n log(n),8,0.22500536426956544,0.012337565
gaussian_npe,500,3107,N=n log(n),9,0.2437760927427816,0.014799237
gaussian_npe,500,3107,N=n log(n),10,0.7483163915743355,0.04148662
gaussian_npe,500,3107,N=n log(n),11,0.3571823403850045,0.0150722265
gaussian_npe,500,3107,N=n log(n),12,0.21621188398214608,0.009850144
gaussian_npe,500,3107,N=n log(n),13,0.2382605049813268,0.008743763
gaussian_npe,500,3107,N=n log(n),14,0.2086733768008576,0.004642844
gaussian_npe,500,3107,N=n log(n),15,0.12251541392698415,0.0043771267
gaussian_npe,500,3107,N=n log(n),16,0.2999180021696773,0.009934545
gaussian_npe,500,3107,N=n log(n),17,0.1992588797427965,0.008726597
gaussian_npe,500,3107,N=n log(n),18,0.19256569110016974,0.011246324
gaussian_npe,500,3107,N=n log(n),19,0.4673107151873446,0.048432708
gaussian_npe,500,3107,N=n log(n),20,0.3610786255036393,0.017204165
gaussian_npe,500,3107,N=n log(n),21,0.08496102565895203,0.0021419525
gaussian_npe,500,3107,N=n log(n),22,0.10527106950545767,0.0015374422
gaussian_npe,500,3107,N=n log(n),23,0.161459970277372,0.013933897
gaussian_npe,500,3107,N=n log(n),24,0.4957196824281714,0.017612934
gaussian_npe,500,3107,N=n log(n),25,0.414610533870953,0.031179905
gaussian_npe,500,3107,N=n log(n),26,0.6770104773648177,0.039021254
gaussian_npe,500,3107,N=n log(n),27,0.30652248757727946,0.006044507
gaussian_npe,500,3107,N=n log(n),28,0.35517259482703034,0.016226768
gaussian_npe,500,3107,N=n log(n),29,0.33241896632141094,0.0136681795
gaussian_npe,500,3107,N=n log(n),30,0.3272704348635278,0.015200138
gaussian_npe,500,3107,N=n log(n),31,0.3126390114051766,0.01119411
gaussian_npe,500,3107,N=n log(n),32,0.20711996819802803,0.011783838
gaussian_npe,500,3107,N=n log(n),33,0.16226296525409592,0.010189891
gaussian_npe,500,3107,N=n log(n),34,0.06787882068938998,0.004969597
gaussian_npe,500,3107,N=n log(n),35,0.1286817860364295,0.013356924
gaussian_npe,500,3107,N=n log(n),36,0.05994303047702898,0.0010424852
gaussian_npe,500,3107,N=n log(n),37,0.448410316141319,0.02822578
gaussian_npe,500,3107,N=n log(n),38,0.15937842740776473,0.0032397509
gaussian_npe,500,3107,N=n log(n),39,0.6439941322858682,0.02419126
gaussian_npe,500,3107,N=n log(n),40,0.23681630485257021,0.0060474873
gaussian_npe,500,3107,N=n log(n),41,0.15918440934213002,0.0052472353
gaussian_npe,500,3107,N=n log(n),42,0.2663976435273045,0.012666106
gaussian_npe,500,3107,N=n log(n),43,0.27399386040557683,0.01561904
gaussian_npe,500,3107,N=n log(n),44,0.13291310498421094,0.0008535385
gaussian_npe,500,3107,N=n log(n),45,0.3839191299107585,0.036438823
gaussian_npe,500,3107,N=n log(n),46,0.10154901102999699,0.0045536757
gaussian_npe,500,3107,N=n log(n),47,0.18497256908069612,0.008096218
gaussian_npe,500,3107,N=n log(n),48,0.7237942326849063,0.026195884
gaussian_npe,500,3107,N=n log(n),49,0.12597000560244545,0.010326028
gaussian_npe,500,3107,N=n log(n),50,0.10505301935071638,0.0038352013
gaussian_npe,500,3107,N=n log(n),51,0.367529548822089,0.026709437
gaussian_npe,500,3107,N=n log(n),52,0.06888303357885568,0.0022701025
gaussian_npe,500,3107,N=n log(n),53,0.11642433975119516,0.003207922
gaussian_npe,500,3107,N=n log(n),54,0.3851862954926167,0.009107232
gaussian_npe,500,3107,N=n log(n),55,0.14371101977375636,0.002142191
gaussian_npe,500,3107,N=n log(n),56,0.3869029884345921,0.037654996
gaussian_npe,500,3107,N=n log(n),57,0.44000723237774114,0.039191842
gaussian_npe,500,3107,N=n log(n),58,0.11951889107022363,0.00056660175
gaussian_npe,500,3107,N=n log(n),59,0.2904964016526441,0.0071903467
gaussian_npe,500,3107,N=n log(n),60,0.10620912043121095,0.008193016
gaussian_npe,500,3107,N=n log(n),61,0.16222163551599417,0.003576517
gaussian_npe,500,3107,N=n log(n),62,0.09240905521415019,0.0011794567
gaussian_npe,500,3107,N=n log(n),63,1.0028711335761284,0.09091699
gaussian_npe,500,3107,N=n log(n),64,0.13740425948777957,0.004772067
gaussian_npe,500,3107,N=n log(n),65,0.22239366590310963,0.007902145
gaussian_npe,500,3107,N=n log(n),66,0.25240601164434,0.0036611557
gaussian_npe,500,3107,N=n log(n),67,0.14313522458304953,0.008312821
gaussian_npe,500,3107,N=n log(n),68,0.22826309485692356,0.009203553
gaussian_npe,500,3107,N=n log(n),69,0.010764747575046975,0.00496459
gaussian_npe,500,3107,N=n log(n),70,0.9089947464415277,0.046256065
gaussian_npe,500,3107,N=n log(n),71,0.3947919186393401,0.017576575
gaussian_npe,500,3107,N=n log(n),72,0.2998044740890148,0.017784595
gaussian_npe,500,3107,N=n log(n),73,0.49005524855607885,0.025519133
gaussian_npe,500,3107,N=n log(n),74,0.4467241047773,0.023965001
gaussian_npe,500,3107,N=n log(n),75,0.16883776376104925,0.0024951696
gaussian_npe,500,3107,N=n log(n),76,0.2675423343273402,0.00883615
gaussian_npe,500,3107,N=n log(n),77,0.33044423552935437,0.015383005
gaussian_npe,500,3107,N=n log(n),78,0.25882701225688476,0.007352948
gaussian_npe,500,3107,N=n log(n),79,0.345685995743921,0.014237642
gaussian_npe,500,3107,N=n log(n),80,0.23464664626048634,0.0070616007
gaussian_npe,500,3107,N=n log(n),81,0.2504469681030268,0.005348921
gaussian_npe,500,3107,N=n log(n),82,0.12840202610821502,0.0044027567
gaussian_npe,500,3107,N=n log(n),83,0.37302778539188963,0.013854146
gaussian_npe,500,3107,N=n log(n),84,0.1531320868760999,0.0034424067
gaussian_npe,500,3107,N=n log(n),85,0.7342551059339004,0.0509907
gaussian_npe,500,3107,N=n log(n),86,0.6908948312724192,0.047351122
gaussian_npe,500,3107,N=n log(n),87,0.5162284649884664,0.01449585
gaussian_npe,500,3107,N=n log(n),88,0.3162051158561245,0.011937618
gaussian_npe,500,3107,N=n log(n),89,0.20857706325737607,0.01165843
gaussian_npe,500,3107,N=n log(n),90,0.31097367380911284,0.014642835
gaussian_npe,500,3107,N=n log(n),91,0.9791812649063912,0.05651617
gaussian_npe,500,3107,N=n log(n),92,0.13275873039380293,0.0018999577
gaussian_npe,500,3107,N=n log(n),93,0.4479597424781587,0.018097043
gaussian_npe,500,3107,N=n log(n),94,0.31628473931096074,0.017438293
gaussian_npe,500,3107,N=n log(n),95,0.20385692631310606,0.005363345
gaussian_npe,500,3107,N=n log(n),96,0.21073974550975877,0.018766284
gaussian_npe,500,3107,N=n log(n),97,0.3373529429619345,0.009611607
gaussian_npe,500,3107,N=n log(n),98,0.20855715838383826,0.010073423
gaussian_npe,500,3107,N=n log(n),99,0.3187260248064739,0.03245306
gaussian_npe,500,3107,N=n log(n),100,0.17797003510071963,0.013458729
gaussian_npe,500,11180,N=n^(3/2),0,0.13245416433405946,0.003310442
gaussian_npe,500,11180,N=n^(3/2),1,0.1095469037314136,0.004889846
gaussian_npe,500,11180,N=n^(3/2),2,0.11729195434366206,0.0018837452
gaussian_npe,500,11180,N=n^(3/2),3,0.03171125169565828,0.0021862984
gaussian_npe,500,11180,N=n^(3/2),4,0.1484180791946471,0.0020948648
gaussian_npe,500,11180,N=n^(3/2),5,0.25155444226818124,0.012587786
gaussian_npe,500,11180,N=n^(3/2),6,-0.028777883285981198,0.0039680004
gaussian_npe,500,11180,N=n^(3/2),7,0.05337692343048399,0.008396149
gaussian_npe,500,11180,N=n^(3/2),8,0.11484294753908947,0.0044795275
gaussian_npe,500,11180,N=n^(3/2),9,0.14659646356426606,0.01830244
gaussian_npe,500,11180,N=n^(3/2),10,0.3186010899759099,0.0068033934
gaussian_npe,500,11180,N=n^(3/2),11,0.30169935526498387,0.012949944
gaussian_npe,500,11180,N=n^(3/2),12,0.061700407968989304,0.005301237
gaussian_npe,500,11180,N=n^(3/2),13,0.3144250594845538,0.014220715
gaussian_npe,500,11180,N=n^(3/2),14,0.10315632746020723,0.00059747696
gaussian_npe,500,11180,N=n^(3/2),15,0.12545675395367153,0.00430882
gaussian_npe,500,11180,N=n^(3/2),16,0.10451309345440253,0.0024710894
gaussian_npe,500,11180,N=n^(3/2),17,0.1783032950848887,0.0007779598
gaussian_npe,500,11180,N=n^(3/2),18,0.10370007690030936,0.0060122013
gaussian_npe,500,11180,N=n^(3/2),19,0.22997491968972358,0.025966048
gaussian_npe,500,11180,N=n^(3/2),20,0.3758317327455537,0.016853094
gaussian_npe,500,11180,N=n^(3/2),21,0.07576357481434777,0.0036063194
gaussian_npe,500,11180,N=n^(3/2),22,0.04740731251897168,0.013111949
gaussian_npe,500,11180,N=n^(3/2),23,0.06399771645981374,0.010455966
gaussian_npe,500,11180,N=n^(3/2),24,0.2772699786879234,0.011300445
gaussian_npe,500,11180,N=n^(3/2),25,0.0007237919848914661,0.002313137
gaussian_npe,500,11180,N=n^(3/2),26,0.6616784775898381,0.017766833
gaussian_npe,500,11180,N=n^(3/2),27,0.15310232536526164,0.0028637648
gaussian_npe,500,11180,N=n^(3/2),28,0.22689981672222698,0.0087429285
gaussian_npe,500,11180,N=n^(3/2),29,0.10495201411291041,0.0028415918
gaussian_npe,500,11180,N=n^(3/2),30,0.11632951750075692,0.0054479837
gaussian_npe,500,11180,N=n^(3/2),31,0.2931620966793033,0.0072366
gaussian_npe,500,11180,N=n^(3/2),32,0.1272012235457959,0.001943469
gaussian_npe,500,11180,N=n^(3/2),33,0.3929435956127054,0.016687155
gaussian_npe,500,11180,N=n^(3/2),34,0.10119356202372458,0.013100028
gaussian_npe,500,11180,N=n^(3/2),35,0.02236030215768014,0.005357623
gaussian_npe,500,11180,N=n^(3/2),36,0.11072303878342893,0.0022127628
gaussian_npe,500,11180,N=n^(3/2),37,0.5729302989980087,0.042416096
gaussian_npe,500,11180,N=n^(3/2),38,0.1617395493234278,0.0083009
gaussian_npe,500,11180,N=n^(3/2),39,0.2777746664882628,0.018734336
gaussian_npe,500,11180,N=n^(3/2),40,0.13381212024078262,0.002298236
gaussian_npe,500,11180,N=n^(3/2),41,0.1546276041750249,0.007553339
gaussian_npe,500,11180,N=n^(3/2),42,0.18588417896349152,0.020011187
gaussian_npe,500,11180,N=n^(3/2),43,0.3672733413315992,0.021324396
gaussian_npe,500,11180,N=n^(3/2),44,0.1359720306616915,0.0071469545
gaussian_npe,500,11180,N=n^(3/2),45,0.34520422208273865,0.018580317
gaussian_npe,500,11180,N=n^(3/2),46,0.08855308528377484,0.0029472113
gaussian_npe,500,11180,N=n^(3/2),47,0.14400922312949485,0.0066375732
gaussian_npe,500,11180,N=n^(3/2),48,0.28460831314027857,0.0065180063
gaussian_npe,500,11180,N=n^(3/2),49,0.09027937384400181,0.003930688
gaussian_npe,500,11180,N=n^(3/2),50,0.06391735960749341,0.006349325
gaussian_npe,500,11180,N=n^(3/2),51,0.22616857337843604,0.014194965
gaussian_npe,500,11180,N=n^(3/2),52,0.16050044245967743,0.006627083
gaussian_npe,500,11180,N=n^(3/2),53,0.03783991583547601,0.0031979084
gaussian_npe,500,11180,N=n^(3/2),54,0.26347940794526425,0.009649873
gaussian_npe,500,11180,N=n^(3/2),55,0.08649703880919923,0.003924489
gaussian_npe,500,11180,N=n^(3/2),56,0.053546803581387664,0.0030915737
gaussian_npe,500,11180,N=n^(3/2),57,0.17971421480372196,0.0066848993
gaussian_npe,500,11180,N=n^(3/2),58,0.14932535913369813,0.0047278404
gaussian_npe,500,11180,N=n^(3/2),59,0.2935035576519653,0.006414652
gaussian_npe,500,11180,N=n^(3/2),60,0.0926794422785126,0.0048013926
gaussian_npe,500,11180,N=n^(3/2),61,0.10283776182983488,0.0028823614
gaussian_npe,500,11180,N=n^(3/2),62,0.10975563768270374,0.0065016747
gaussian_npe,500,11180,N=n^(3/2),63,0.613368326866123,0.058872342
gaussian_npe,500,11180,N=n^(3/2),64,0.19951403589043426,0.006370783
gaussian_npe,500,11180,N=n^(3/2),65,0.0659560972512748,0.0020155907
gaussian_npe,500,11180,N=n^(3/2),66,0.1449795526474399,0.006413698
gaussian_npe,500,11180,N=n^(3/2),67,0.17647148769735707,0.0068274736
gaussian_npe,500,11180,N=n^(3/2),68,0.09464048878400783,0.00509429
gaussian_npe,500,11180,N=n^(3/2),69,0.04401961570021862,0.0054451227
gaussian_npe,500,11180,N=n^(3/2),70,0.4017850925333496,0.018433213
gaussian_npe,500,11180,N=n^(3/2),71,0.08902379321763805,0.0035330057
gaussian_npe,500,11180,N=n^(3/2),72,0.29980135217105675,0.018609166
gaussian_npe,500,11180,N=n^(3/2),73,0.26959011182266673,0.012281656
gaussian_npe,500,11180,N=n^(3/2),74,0.4395312705583668,0.028617024
gaussian_npe,500,11180,N=n^(3/2),75,0.04252417983227286,0.0011632442
gaussian_npe,500,11180,N=n^(3/2),76,0.08855280808279181,0.00080394745
gaussian_npe,500,11180,N=n^(3/2),77,0.1941451799533057,0.0025348663
gaussian_npe,500,11180,N=n^(3/2),78,0.17462634012102063,0.028901458
gaussian_npe,500,11180,N=n^(3/2),79,0.17649913684891896,0.009813428
gaussian_npe,500,11180,N=n^(3/2),80,0.14500288010495352,0.0070245266
gaussian_npe,500,11180,N=n^(3/2),81,0.17407923492688437,0.011050582
gaussian_npe,500,11180,N=n^(3/2),82,0.17861095415343148,0.0076174736
gaussian_npe,500,11180,N=n^(3/2),83,0.18545235929057016,0.007879972
gaussian_npe,500,11180,N=n^(3/2),84,0.1322105956241896,0.0029767752
gaussian_npe,500,11180,N=n^(3/2),85,0.28739490565965364,0.0044618845
gaussian_npe,500,11180,N=n^(3/2),86,0.3929660515622353,0.015591383
gaussian_npe,500,11180,N=n^(3/2),87,0.36611638869126356,0.03302145
gaussian_npe,500,11180,N=n^(3/2),88,0.1642332115726969,0.0043901205
gaussian_npe,500,11180,N=n^(3/2),89,0.070788245268623,0.0011903048
gaussian_npe,500,11180,N=n^(3/2),90,0.12453996501615651,0.006170392
gaussian_npe,500,11180,N=n^(3/2),91,0.7267285742913375,0.029953241
gaussian_npe,500,11180,N=n^(3/2),92,0.10892021681306638,0.0030223131
gaussian_npe,500,11180,N=n^(3/2),93,0.18065463134972012,0.015884161
gaussian_npe,500,11180,N=n^(3/2),94,0.13544687888508758,0.0043793917
gaussian_npe,500,11180,N=n^(3/2),95,0.0856940948727187,0.0019298792
gaussian_npe,500,11180,N=n^(3/2),96,0.02985126813679851,0.0016201735
gaussian_npe,500,11180,N=n^(3/2),97,0.2555968084380387,0.0050401688
gaussian_npe,500,11180,N=n^(3/2),98,0.08154231542072686,0.0028574467
gaussian_npe,500,11180,N=n^(3/2),99,0.27442184621366744,0.017961502
gaussian_npe,500,11180,N=n^(3/2),100,0.1758207295323855,0.012057185
gaussian_npe,500,250000,N=n^2,0,0.1815224888121706,3.8981438e-05
gaussian_npe,500,250000,N=n^2,1,0.08998084088624725,0.00011384487
gaussian_npe,500,250000,N=n^2,2,0.10780097505396943,0.0001348257
gaussian_npe,500,250000,N=n^2,3,0.030877709869628883,1.2278557e-05
gaussian_npe,500,250000,N=n^2,4,0.15544376913334562,0.0038166046
gaussian_npe,500,250000,N=n^2,5,0.16146327640214664,0.006668806
gaussian_npe,500,250000,N=n^2,6,-0.07253100204155022,0.00030958652
gaussian_npe,500,250000,N=n^2,7,0.006633685299594713,0.0009570122
gaussian_npe,500,250000,N=n^2,8,0.072217407059785,0.0022748709
gaussian_npe,500,250000,N=n^2,9,0.032742989556019925,0.0013464689
gaussian_npe,500,250000,N=n^2,10,0.14902627240702473,0.0038610697
gaussian_npe,500,250000,N=n^2,11,0.13323457203027,0.0019416809
gaussian_npe,500,250000,N=n^2,12,-0.008043833984958539,0.00060641766
gaussian_npe,500,250000,N=n^2,13,0.13139849951095986,0.0010101795
gaussian_npe,500,250000,N=n^2,14,0.06942671562848841,0.0010727644
gaussian_npe,500,250000,N=n^2,15,-0.01499153721707465,0.0026088953
gaussian_npe,500,250000,N=n^2,16,0.18653544257758997,0.0064183474
gaussian_npe,500,250000,N=n^2,17,0.10796388170377905,0.0005942583
gaussian_npe,500,250000,N=n^2,18,0.06448582515728045,0.0026584864
gaussian_npe,500,250000,N=n^2,19,0.03333894498788502,0.0011543036
gaussian_npe,500,250000,N=n^2,20,0.15111687827999432,0.001108408
gaussian_npe,500,250000,N=n^2,21,-0.02052901266883302,0.0017433167
gaussian_npe,500,250000,N=n^2,22,0.004762725128986922,0.002147913
gaussian_npe,500,250000,N=n^2,23,0.02697380911022731,0.0040653944
gaussian_npe,500,250000,N=n^2,24,0.12748821043900113,0.00094795227
gaussian_npe,500,250000,N=n^2,25,-0.05565638454632299,0.0038462877
gaussian_npe,500,250000,N=n^2,26,0.33116868511619535,0.0022746325
gaussian_npe,500,250000,N=n^2,27,0.07977117276963015,0.0032925606
gaussian_npe,500,250000,N=n^2,28,0.059594074671382447,0.0038423538
gaussian_npe,500,250000,N=n^2,29,0.07093572671927603,0.00062918663
gaussian_npe,500,250000,N=n^2,30,-0.022326615294755284,0.0010523796
gaussian_npe,500,250000,N=n^2,32,0.06398136210177666,0.001013279
gaussian_npe,500,250000,N=n^2,33,0.24015794379015384,0.0031971931
gaussian_npe,500,250000,N=n^2,34,0.0048315605441416,0.0016978979
gaussian_npe,500,250000,N=n^2,35,0.026361591144838634,0.00046396255
gaussian_npe,500,250000,N=n^2,36,0.06378222631338623,0.00044679642
gaussian_npe,500,250000,N=n^2,38,0.01599365334791701,0.00033068657
gaussian_npe,500,250000,N=n^2,39,0.03156737831816619,0.0015070438
gaussian_npe,500,250000,N=n^2,40,0.05251847242720396,0.0015877485
gaussian_npe,500,250000,N=n^2,41,0.06457306994677689,0.001861453
gaussian_npe,500,250000,N=n^2,42,0.008093325176339584,0.00038599968
gaussian_npe,500,250000,N=n^2,43,0.2001990342768844,0.001277566
gaussian_npe,500,250000,N=n^2,44,0.11769447921649957,0.0065814257
gaussian_npe,500,250000,N=n^2,45,0.15912237169051036,0.0030667782
gaussian_npe,500,250000,N=n^2,46,0.048976187244092306,0.0035396814
gaussian_npe,500,250000,N=n^2,47,0.1082148740874857,0.001573801
gaussian_npe,500,250000,N=n^2,48,0.18149978740237102,0.006483674
gaussian_npe,500,250000,N=n^2,49,0.017100957297758675,0.0009855032
gaussian_npe,500,250000,N=n^2,50,0.02079576624818545,5.2452087e-06
gaussian_npe,500,250000,N=n^2,51,-0.008464422280873967,0.00030457973
gaussian_npe,500,250000,N=n^2,52,0.12580346868919012,0.0005964041
gaussian_npe,500,250000,N=n^2,53,-0.01708076423394637,0.0009111166
gaussian_npe,500,250000,N=n^2,54,0.07969833123483344,0.0009729862
gaussian_npe,500,250000,N=n^2,55,0.10789612011894666,0.00175488
gaussian_npe,500,250000,N=n^2,57,0.14069633991904987,0.0025503635
gaussian_npe,500,250000,N=n^2,58,0.06789542830021378,0.0018854141
gaussian_npe,500,250000,N=n^2,59,0.17843789336596091,0.0014442205
gaussian_npe,500,250000,N=n^2,60,0.040390561055155,0.0007851124
gaussian_npe,500,250000,N=n^2,61,0.10231779531963932,0.0020537376
gaussian_npe,500,250000,N=n^2,62,-0.005285973026702042,7.033348e-05
gaussian_npe,500,250000,N=n^2,63,0.245139083554512,0.0074697733
gaussian_npe,500,250000,N=n^2,64,0.0442675225420637,0.001537919
gaussian_npe,500,250000,N=n^2,65,-0.02051835768872784,0.00032055378
gaussian_npe,500,250000,N=n^2,66,0.05489849372041938,0.0006996393
gaussian_npe,500,250000,N=n^2,68,0.005541427193079508,0.00018048286
gaussian_npe,500,250000,N=n^2,69,0.06792376363090198,0.0022951365
gaussian_npe,500,250000,N=n^2,70,0.0849608873618765,0.0020519495
gaussian_npe,500,250000,N=n^2,71,0.03970920641246575,0.010251284
gaussian_npe,500,250000,N=n^2,72,-0.012211305786772169,0.0006211996
gaussian_npe,500,250000,N=n^2,73,0.1907177124745102,0.0030565262
gaussian_npe,500,250000,N=n^2,74,0.13139933515572702,0.0009832382
gaussian_npe,500,250000,N=n^2,75,0.04434456945469005,0.0024935007
gaussian_npe,500,250000,N=n^2,76,0.11694391218331002,0.0020543337
gaussian_npe,500,250000,N=n^2,78,0.027574883688112232,0.0007776022
gaussian_npe,500,250000,N=n^2,79,0.10706104435748766,0.00034284592
gaussian_npe,500,250000,N=n^2,80,0.07754723942746176,0.0015388727
gaussian_npe,500,250000,N=n^2,81,0.10305918410719916,0.0009673834
gaussian_npe,500,250000,N=n^2,82,0.06705716194168329,0.0015696287
gaussian_npe,500,250000,N=n^2,83,0.029371942410247355,0.0010164976
gaussian_npe,500,250000,N=n^2,84,0.18612487273410155,0.011701226
gaussian_npe,500,250000,N=n^2,85,0.13267111236012166,0.00017213821
gaussian_npe,500,250000,N=n^2,86,0.29821590365378947,0.005433917
gaussian_npe,500,250000,N=n^2,87,0.10971326000937084,0.0010734797
gaussian_npe,500,250000,N=n^2,88,0.10460484672448522,0.0013004541
gaussian_npe,500,250000,N=n^2,89,0.06928425912678123,1.7046928e-05
gaussian_npe,500,250000,N=n^2,90,0.09637632825697291,0.00042068958
gaussian_npe,500,250000,N=n^2,91,0.32202653870508785,0.0030863285
gaussian_npe,500,250000,N=n^2,92,0.055318286258459234,0.0009890795
gaussian_npe,500,250000,N=n^2,93,0.06076966618545902,0.00030851364
gaussian_npe,500,250000,N=n^2,94,0.03566749700086047,0.0024629831
gaussian_npe,500,250000,N=n^2,95,0.06656282218506153,0.002841711
gaussian_npe,500,250000,N=n^2,96,0.05378369729205258,0.0017313957
gaussian_npe,500,250000,N=n^2,97,0.057583200297360276,0.0023460388
gaussian_npe,500,250000,N=n^2,98,0.06935040761449966,0.0011301041
gaussian_npe,500,250000,N=n^2,99,0.1127474658322557,0.0032616854
gaussian_npe,500,250000,N=n^2,100,0.05011100852631946,0.0025744438
gaussian_npe,1000,1000,N=n,0,0.1818658023627126,0.015619397
gaussian_npe,1000,1000,N=n,1,0.5092468095857027,0.03328252
gaussian_npe,1000,1000,N=n,2,0.2316710679714585,0.004728198
gaussian_npe,1000,1000,N=n,3,0.3456635717164181,0.014896274
gaussian_npe,1000,1000,N=n,4,0.8110267278092995,0.04819429
gaussian_npe,1000,1000,N=n,5,0.33310477382112036,0.015523553
gaussian_npe,1000,1000,N=n,6,0.3941260454257841,0.013632655
gaussian_npe,1000,1000,N=n,7,0.1991487436732774,0.012478709
gaussian_npe,1000,1000,N=n,8,0.2932851184215068,0.009867668
gaussian_npe,1000,1000,N=n,9,0.5823317822033885,0.018560529
gaussian_npe,1000,1000,N=n,10,0.19157534632495588,0.0069999695
gaussian_npe,1000,1000,N=n,11,0.425904829948342,0.021327376
gaussian_npe,1000,1000,N=n,12,0.044563217664107604,0.0059221983
gaussian_npe,1000,1000,N=n,13,0.17617162983029752,0.0019096136
gaussian_npe,1000,1000,N=n,14,0.2998379096075654,0.015136957
gaussian_npe,1000,1000,N=n,15,0.1976633606323182,0.0071201324
gaussian_npe,1000,1000,N=n,16,0.2609848133464601,0.0071872473
gaussian_npe,1000,1000,N=n,17,0.21052528157601683,0.018099308
gaussian_npe,1000,1000,N=n,18,0.390194044721033,0.016064286
gaussian_npe,1000,1000,N=n,19,0.3721541244911306,0.018792987
gaussian_npe,1000,1000,N=n,20,0.12803693791371157,0.009901643
gaussian_npe,1000,1000,N=n,21,0.14520211060758884,0.007936597
gaussian_npe,1000,1000,N=n,22,0.41511712330792466,0.023161173
gaussian_npe,1000,1000,N=n,23,0.5952811060722946,0.030168533
gaussian_npe,1000,1000,N=n,24,0.049223786565956024,0.007163763
gaussian_npe,1000,1000,N=n,25,0.38671338744249395,0.02820301
gaussian_npe,1000,1000,N=n,26,0.3607308629831823,0.015241265
gaussian_npe,1000,1000,N=n,27,0.2036413086080457,0.008370757
gaussian_npe,1000,1000,N=n,28,0.10088330100483141,0.0015784502
gaussian_npe,1000,1000,N=n,29,0.32864846528037484,0.021508932
gaussian_npe,1000,1000,N=n,30,0.33399141125272186,0.013974667
gaussian_npe,1000,1000,N=n,31,0.3345680655404063,0.019288778
gaussian_npe,1000,1000,N=n,32,0.7993334800869766,0.027129412
gaussian_npe,1000,1000,N=n,33,0.6278867208233705,0.027300835
gaussian_npe,1000,1000,N=n,34,0.08009032844031835,0.005272627
gaussian_npe,1000,1000,N=n,35,0.14810340106451828,0.0040905476
gaussian_npe,1000,1000,N=n,36,0.1824569387727508,0.013787985
gaussian_npe,1000,1000,N=n,37,0.20529183642166404,0.017434597
gaussian_npe,1000,1000,N=n,38,1.4036633826203921,0.06963241
gaussian_npe,1000,1000,N=n,39,0.3668458254450157,0.019011497
gaussian_npe,1000,1000,N=n,40,0.08928816995635261,0.0006494522
gaussian_npe,1000,1000,N=n,41,0.1454508218258672,0.0032823086
gaussian_npe,1000,1000,N=n,42,0.4406237439247341,0.032649994
gaussian_npe,1000,1000,N=n,43,0.4876824732612321,0.019919157
gaussian_npe,1000,1000,N=n,44,0.38472063851423105,0.026171803
gaussian_npe,1000,1000,N=n,45,0.07499324428558053,0.0009971857
gaussian_npe,1000,1000,N=n,46,0.32999576167117733,0.010226846
gaussian_npe,1000,1000,N=n,47,0.3089557975041932,0.015298009
gaussian_npe,1000,1000,N=n,48,0.4023326198474027,0.01466465
gaussian_npe,1000,1000,N=n,49,0.5583946423454349,0.021279216
gaussian_npe,1000,1000,N=n,50,0.5445920840810043,0.028813958
gaussian_npe,1000,1000,N=n,51,0.09062802655095215,0.002747178
gaussian_npe,1000,1000,N=n,52,0.15898871419591706,0.0023585558
gaussian_npe,1000,1000,N=n,53,0.37766618990494777,0.019387603
gaussian_npe,1000,1000,N=n,54,0.5962835421871352,0.01929152
gaussian_npe,1000,1000,N=n,55,0.01708378740907745,0.0037033558
gaussian_npe,1000,1000,N=n,56,0.2315705872269016,0.0018230677
gaussian_npe,1000,1000,N=n,57,0.6265724109769981,0.031529546
gaussian_npe,1000,1000,N=n,58,0.19242568056576606,0.02275014
gaussian_npe,1000,1000,N=n,59,0.2945071250113608,0.0072323084
gaussian_npe,1000,1000,N=n,60,0.10289088538016156,0.0047473907
gaussian_npe,1000,1000,N=n,61,0.9082386297298737,0.07050955
gaussian_npe,1000,1000,N=n,62,0.2298439281888637,0.005505681
gaussian_npe,1000,1000,N=n,63,0.29093937687306143,0.018608212
gaussian_npe,1000,1000,N=n,64,0.01585900255078688,0.002125144
gaussian_npe,1000,1000,N=n,65,0.09881160573217483,0.0027848482
gaussian_npe,1000,1000,N=n,66,0.14812601254477686,0.005251527
gaussian_npe,1000,1000,N=n,67,0.3901183138260205,0.022610307
gaussian_npe,1000,1000,N=n,68,0.1139279877547337,0.008890629
gaussian_npe,1000,1000,N=n,69,0.6062809097901491,0.025374293
gaussian_npe,1000,1000,N=n,70,0.3757641055298027,0.015040994
gaussian_npe,1000,1000,N=n,71,0.16322702049398108,0.0069749355
gaussian_npe,1000,1000,N=n,72,0.13367348594490128,0.0053147078
gaussian_npe,1000,1000,N=n,73,0.2673634913244116,0.010008097
gaussian_npe,1000,1000,N=n,74,0.6836708571365364,0.039275408
gaussian_npe,1000,1000,N=n,75,0.3241128950620442,0.041851044
gaussian_npe,1000,1000,N=n,76,0.9285549163207317,0.045170426
gaussian_npe,1000,1000,N=n,77,0.6564251444396615,0.030862689
gaussian_npe,1000,1000,N=n,78,0.37969129036318244,0.023296237
gaussian_npe,1000,1000,N=n,79,0.7785803981431378,0.06106758
gaussian_npe,1000,1000,N=n,80,0.3489597758327547,0.006921053
gaussian_npe,1000,1000,N=n,81,1.1227673657395418,0.04940629
gaussian_npe,1000,1000,N=n,82,0.21969835577818697,0.008588433
gaussian_npe,1000,1000,N=n,83,2.7649678034399865,0.18233943
gaussian_npe,1000,1000,N=n,84,0.13474035893497588,0.005774975
gaussian_npe,1000,1000,N=n,85,0.294315925178196,0.010747552
gaussian_npe,1000,1000,N=n,86,1.9569728212096258,0.09061897
gaussian_npe,1000,1000,N=n,87,0.13989250495618458,0.0016360283
gaussian_npe,1000,1000,N=n,88,0.2516444671710314,0.0066441298
gaussian_npe,1000,1000,N=n,89,0.8013426026126104,0.03983593
gaussian_npe,1000,1000,N=n,90,0.7096155001055396,0.074071646
gaussian_npe,1000,1000,N=n,91,0.04693971901205918,0.0018820763
gaussian_npe,1000,1000,N=n,92,0.511219496487653,0.01358366
gaussian_npe,1000,1000,N=n,93,0.1811516772126362,0.015009761
gaussian_npe,1000,1000,N=n,94,0.39099999350164344,0.0027018785
gaussian_npe,1000,1000,N=n,95,0.159414914999936,0.0024172068
gaussian_npe,1000,1000,N=n,96,0.142665201864003,0.0001989603
gaussian_npe,1000,1000,N=n,97,0.3534195467729991,0.009746194
gaussian_npe,1000,1000,N=n,98,0.8663562087897817,0.06375933
gaussian_npe,1000,1000,N=n,99,0.031557889382576226,0.001183629
gaussian_npe,1000,1000,N=n,100,0.43589232073461687,0.02175951
gaussian_npe,1000,6907,N=n log(n),0,0.22838780050547067,0.014715314
gaussian_npe,1000,6907,N=n log(n),1,0.2047990795186329,0.008411527
gaussian_npe,1000,6907,N=n log(n),2,0.16318596824034715,0.0044867992
gaussian_npe,1000,6907,N=n log(n),3,0.3486223278390338,0.02130282
gaussian_npe,1000,6907,N=n log(n),4,0.2217598060240562,0.008143902
gaussian_npe,1000,6907,N=n log(n),5,0.03280692290494126,0.004139662
gaussian_npe,1000,6907,N=n log(n),6,0.10062890521446062,0.0072785616
gaussian_npe,1000,6907,N=n log(n),7,0.06055115373547268,0.00067937374
gaussian_npe,1000,6907,N=n log(n),8,0.17405227221630626,0.004393339
gaussian_npe,1000,6907,N=n log(n),9,0.32939204202142913,0.013125777
gaussian_npe,1000,6907,N=n log(n),10,0.06654779050414045,0.0022696257
gaussian_npe,1000,6907,N=n log(n),11,0.3803531101809185,0.015988946
gaussian_npe,1000,6907,N=n log(n),12,0.38051903064505327,0.017048001
gaussian_npe,1000,6907,N=n log(n),13,0.12109056231267695,0.002942562
gaussian_npe,1000,6907,N=n log(n),14,0.2532363655871652,0.005210519
gaussian_npe,1000,6907,N=n log(n),15,0.2881966875512546,0.011110544
gaussian_npe,1000,6907,N=n log(n),16,0.04004135138597707,0.0014635324
gaussian_npe,1000,6907,N=n log(n),17,0.185082963718785,0.005436301
gaussian_npe,1000,6907,N=n log(n),18,0.26018815172434906,0.0077285767
gaussian_npe,1000,6907,N=n log(n),19,0.1255673651446548,0.005480528
gaussian_npe,1000,6907,N=n log(n),20,0.059268072628664584,0.0014936924
gaussian_npe,1000,6907,N=n log(n),21,0.28102591784522224,0.013712525
gaussian_npe,1000,6907,N=n log(n),22,0.37084594159335904,0.022864461
gaussian_npe,1000,6907,N=n log(n),23,0.43412276378053766,0.018897176
gaussian_npe,1000,6907,N=n log(n),24,0.10286204343275637,0.0048704147
gaussian_npe,1000,6907,N=n log(n),25,0.3087200870760886,0.017012
gaussian_npe,1000,6907,N=n log(n),26,0.17128020856949877,0.006210208
gaussian_npe,1000,6907,N=n log(n),27,0.2931894726364332,0.017020583
gaussian_npe,1000,6907,N=n log(n),28,0.09561862152564683,0.00097334385
gaussian_npe,1000,6907,N=n log(n),29,0.14222675368261467,0.0036268234
gaussian_npe,1000,6907,N=n log(n),30,0.2623279492767943,0.011313677
gaussian_npe,1000,6907,N=n log(n),31,0.2401530340100288,0.015233755
gaussian_npe,1000,6907,N=n log(n),32,0.5839443804253711,0.018409967
gaussian_npe,1000,6907,N=n log(n),33,0.29740513363794213,0.010855317
gaussian_npe,1000,6907,N=n log(n),34,0.07193410074049374,0.004974246
gaussian_npe,1000,6907,N=n log(n),35,0.12323869888685392,0.0072678328
gaussian_npe,1000,6907,N=n log(n),36,0.12640412234509504,0.007356763
gaussian_npe,1000,6907,N=n log(n),37,0.09439565940433776,0.003985405
gaussian_npe,1000,6907,N=n log(n),38,0.45108715421137074,0.023054957
gaussian_npe,1000,6907,N=n log(n),39,0.21319303020502955,0.0006479025
gaussian_npe,1000,6907,N=n log(n),40,0.07574126111428561,0.002755642
gaussian_npe,1000,6907,N=n log(n),41,0.13817410724539325,0.0027161837
gaussian_npe,1000,6907,N=n log(n),42,0.40141310034674754,0.009931326
gaussian_npe,1000,6907,N=n log(n),43,0.13394308306477132,0.005878687
gaussian_npe,1000,6907,N=n log(n),44,0.175673674923533,0.006493926
gaussian_npe,1000,6907,N=n log(n),45,0.18685298824260238,0.0009989738
gaussian_npe,1000,6907,N=n log(n),46,0.31924807217451223,0.013071299
gaussian_npe,1000,6907,N=n log(n),47,0.31029621130320284,0.007083416
gaussian_npe,1000,6907,N=n log(n),48,0.04648435589083448,0.0011059046
gaussian_npe,1000,6907,N=n log(n),49,0.7718714417105091,0.04055488
gaussian_npe,1000,6907,N=n log(n),50,0.20527436380609387,0.005683303
gaussian_npe,1000,6907,N=n log(n),51,0.04083892121937452,0.0042356253
gaussian_npe,1000,6907,N=n log(n),52,-0.03713006393057379,0.0034103394
gaussian_npe,1000,6907,N=n log(n),53,0.23984326752170235,0.0052689314
gaussian_npe,1000,6907,N=n log(n),54,0.7920506918128452,0.036211967
gaussian_npe,1000,6907,N=n log(n),55,0.05009646756312909,0.0058687925
gaussian_npe,1000,6907,N=n log(n),56,0.11977333380481585,8.332729e-05
gaussian_npe,1000,6907,N=n log(n),57,0.16846454013188064,0.007774353
gaussian_npe,1000,6907,N=n log(n),58,0.1727213671196323,0.0062031746
gaussian_npe,1000,6907,N=n log(n),59,0.24817356817253525,0.0060333014
gaussian_npe,1000,6907,N=n log(n),60,0.08920257986680048,0.000605464
gaussian_npe,1000,6907,N=n log(n),61,0.7623676683673194,0.06259096
gaussian_npe,1000,6907,N=n log(n),62,0.12289925313508812,0.0033597946
gaussian_npe,1000,6907,N=n log(n),63,0.21131467673558282,0.0054838657
gaussian_npe,1000,6907,N=n log(n),64,0.08856338365762995,0.010041356
gaussian_npe,1000,6907,N=n log(n),65,0.10374050080598633,0.0029543638
gaussian_npe,1000,6907,N=n log(n),66,0.030736985206901705,0.0018720627
gaussian_npe,1000,6907,N=n log(n),67,0.4006910657613069,0.02255547
gaussian_npe,1000,6907,N=n log(n),68,0.11963333081594749,0.0056637526
gaussian_npe,1000,6907,N=n log(n),69,0.6796511468593214,0.038214207
gaussian_npe,1000,6907,N=n log(n),70,0.1805937459502337,0.00689137
gaussian_npe,1000,6907,N=n log(n),71,0.1871065276367758,0.019867301
gaussian_npe,1000,6907,N=n log(n),72,0.10161888236704482,0.0013151169
gaussian_npe,1000,6907,N=n log(n),73,0.0384809713876946,0.0010108948
gaussian_npe,1000,6907,N=n log(n),74,0.19344270588826992,0.01419723
gaussian_npe,1000,6907,N=n log(n),75,0.23183638006260746,0.012901545
gaussian_npe,1000,6907,N=n log(n),76,0.7143932958530909,0.013941884
gaussian_npe,1000,6907,N=n log(n),77,0.1925920031678184,0.0039412975
gaussian_npe,1000,6907,N=n log(n),78,0.5361581035160174,0.033871174
gaussian_npe,1000,6907,N=n log(n),79,0.6632398548368489,0.038874507
gaussian_npe,1000,6907,N=n log(n),80,0.04721143633874507,0.0009639263
gaussian_npe,1000,6907,N=n log(n),81,0.6788737102414923,0.027746677
gaussian_npe,1000,6907,N=n log(n),82,0.11707591107457092,0.0019028187
gaussian_npe,1000,6907,N=n log(n),83,2.1955091001812383,0.07518983
gaussian_npe,1000,6907,N=n log(n),84,0.10962517714254653,0.014275551
gaussian_npe,1000,6907,N=n log(n),85,0.08402484120036528,0.0019705296
gaussian_npe,1000,6907,N=n log(n),86,0.3522984900040843,0.020629168
gaussian_npe,1000,6907,N=n log(n),87,0.047979647845590126,5.4478645e-05
gaussian_npe,1000,6907,N=n log(n),88,0.11434366436083987,0.004047632
gaussian_npe,1000,6907,N=n log(n),89,0.4138879901078982,0.018910766
gaussian_npe,1000,6907,N=n log(n),90,0.18068999133407948,0.01305747
gaussian_npe,1000,6907,N=n log(n),91,0.10090049820693735,0.0019792318
gaussian_npe,1000,6907,N=n log(n),92,0.3893574054057088,0.029726505
gaussian_npe,1000,6907,N=n log(n),93,0.17435988382518317,0.0049450397
gaussian_npe,1000,6907,N=n log(n),94,0.2706443136810106,0.0090357065
gaussian_npe,1000,6907,N=n log(n),95,0.13645928658830056,0.0074237585
gaussian_npe,1000,6907,N=n log(n),96,0.1650524012025475,0.0009381771
gaussian_npe,1000,6907,N=n log(n),97,0.17002084538236004,0.00042963028
gaussian_npe,1000,6907,N=n log(n),98,0.27765535067910974,0.007055402
gaussian_npe,1000,6907,N=n log(n),99,0.03912962690238736,0.0005172491
gaussian_npe,1000,6907,N=n log(n),100,0.6955083150712257,0.042322516
gaussian_npe,1000,31622,N=n^(3/2),0,0.02689527974912111,0.001024723
gaussian_npe,1000,31622,N=n^(3/2),1,0.06313961766588565,0.00031125546
gaussian_npe,1000,31622,N=n^(3/2),2,0.037486494295184386,0.0003732443
gaussian_npe,1000,31622,N=n^(3/2),3,0.1352429259963202,0.0041993856
gaussian_npe,1000,31622,N=n^(3/2),4,0.05983131909856003,0.0007094145
gaussian_npe,1000,31622,N=n^(3/2),5,0.08268107953834813,0.008419633
gaussian_npe,1000,31622,N=n^(3/2),6,0.11226677685595107,0.0018088818
gaussian_npe,1000,31622,N=n^(3/2),7,0.03179195285002591,0.0010409355
gaussian_npe,1000,31622,N=n^(3/2),8,0.11468693015390041,0.00056779385
gaussian_npe,1000,31622,N=n^(3/2),9,0.12098559156027956,0.00401175
gaussian_npe,1000,31622,N=n^(3/2),10,0.08704027693664969,0.0026342869
gaussian_npe,1000,31622,N=n^(3/2),11,0.1588066264637799,0.004458666
gaussian_npe,1000,31622,N=n^(3/2),12,0.003169408206098438,0.0025541782
gaussian_npe,1000,31622,N=n^(3/2),13,0.15642653164652554,0.008867741
gaussian_npe,1000,31622,N=n^(3/2),14,0.11187762504437192,0.0035600662
gaussian_npe,1000,31622,N=n^(3/2),15,0.05610698906579384,0.00020492077
gaussian_npe,1000,31622,N=n^(3/2),16,0.09971586982788905,0.00090014935
gaussian_npe,1000,31622,N=n^(3/2),17,-0.016301288784076107,6.9618225e-05
gaussian_npe,1000,31622,N=n^(3/2),18,0.1463045092644353,0.002105832
gaussian_npe,1000,31622,N=n^(3/2),20,0.04983679597561369,0.0028927326
gaussian_npe,1000,31622,N=n^(3/2),21,-0.03800455465565539,0.00044822693
gaussian_npe,1000,31622,N=n^(3/2),22,0.13742259936981585,0.00447917
gaussian_npe,1000,31622,N=n^(3/2),23,0.3252323227089231,0.010674357
gaussian_npe,1000,31622,N=n^(3/2),24,0.09108757959969463,0.0020211935
gaussian_npe,1000,31622,N=n^(3/2),25,0.2375091689892491,0.010143757
gaussian_npe,1000,31622,N=n^(3/2),26,0.14554224360023443,0.003245473
gaussian_npe,1000,31622,N=n^(3/2),27,0.003372812745425523,0.0005943775
gaussian_npe,1000,31622,N=n^(3/2),28,0.07240143136034885,0.0027223825
gaussian_npe,1000,31622,N=n^(3/2),29,0.05956108417010955,0.0019298792
gaussian_npe,1000,31622,N=n^(3/2),30,0.17339971217535047,0.012082577
gaussian_npe,1000,31622,N=n^(3/2),31,0.1645475097967776,0.008769274
gaussian_npe,1000,31622,N=n^(3/2),32,0.18910771394991505,0.0050081015
gaussian_npe,1000,31622,N=n^(3/2),33,0.15542936935483842,0.011608481
gaussian_npe,1000,31622,N=n^(3/2),34,0.03130632572707581,0.005246997
gaussian_npe,1000,31622,N=n^(3/2),35,0.06198637459672522,0.0011737347
gaussian_npe,1000,31622,N=n^(3/2),36,0.020090651297421335,0.0011519194
gaussian_npe,1000,31622,N=n^(3/2),37,0.08916303126386217,0.0012990236
gaussian_npe,1000,31622,N=n^(3/2),38,0.021767749714453048,0.0034416914
gaussian_npe,1000,31622,N=n^(3/2),39,0.14412109428622225,0.0034546852
gaussian_npe,1000,31622,N=n^(3/2),40,0.03597727448986693,4.7802925e-05
gaussian_npe,1000,31622,N=n^(3/2),41,0.1446700797149414,0.003931284
gaussian_npe,1000,31622,N=n^(3/2),42,0.17168565528134258,0.004385948
gaussian_npe,1000,31622,N=n^(3/2),43,0.10444666612108182,0.0021073818
gaussian_npe,1000,31622,N=n^(3/2),44,0.01679743485834512,0.0038208961
gaussian_npe,1000,31622,N=n^(3/2),45,0.021650151183208885,0.000461936
gaussian_npe,1000,31622,N=n^(3/2),46,0.14893487493181345,0.0030322075
gaussian_npe,1000,31622,N=n^(3/2),47,0.0822362516847694,0.00083863735
gaussian_npe,1000,31622,N=n^(3/2),48,0.04169829094224653,0.0035444498
gaussian_npe,1000,31622,N=n^(3/2),49,0.2072503190319793,0.018493533
gaussian_npe,1000,31622,N=n^(3/2),50,0.16806842726057966,0.00042521954
gaussian_npe,1000,31622,N=n^(3/2),51,0.09185850519969559,0.008538365
gaussian_npe,1000,31622,N=n^(3/2),52,-0.039949325318928974,0.00093615055
gaussian_npe,1000,31622,N=n^(3/2),53,0.05326672224577675,0.002080679
gaussian_npe,1000,31622,N=n^(3/2),54,0.1944852277590299,0.00092577934
gaussian_npe,1000,31622,N=n^(3/2),55,0.13501964734523725,0.0041359663
gaussian_npe,1000,31622,N=n^(3/2),56,0.11665922081160628,0.0010248423
gaussian_npe,1000,31622,N=n^(3/2),57,0.10409613099349506,0.0045671463
gaussian_npe,1000,31622,N=n^(3/2),58,0.028189306308262677,0.0025475025
gaussian_npe,1000,31622,N=n^(3/2),59,0.1385896086480416,0.0023798943
gaussian_npe,1000,31622,N=n^(3/2),60,0.08064586910752909,0.0041538477
gaussian_npe,1000,31622,N=n^(3/2),61,0.2625781754523581,0.015141368
gaussian_npe,1000,31622,N=n^(3/2),62,0.13524040093391784,0.0023925304
gaussian_npe,1000,31622,N=n^(3/2),63,0.10638959718685234,0.005101919
gaussian_npe,1000,31622,N=n^(3/2),64,0.031271704585100826,0.0015881062
gaussian_npe,1000,31622,N=n^(3/2),65,0.04743557637553515,0.0031682253
gaussian_npe,1000,31622,N=n^(3/2),66,0.11664592371207534,0.00677979
gaussian_npe,1000,31622,N=n^(3/2),67,0.049385592144812654,0.0015697479
gaussian_npe,1000,31622,N=n^(3/2),68,0.11789182800228543,0.006235838
gaussian_npe,1000,31622,N=n^(3/2),69,0.18203272256036493,0.0065214634
gaussian_npe,1000,31622,N=n^(3/2),70,0.16713062806496212,0.0051522255
gaussian_npe,1000,31622,N=n^(3/2),71,0.22584082434805688,0.017273784
gaussian_npe,1000,31622,N=n^(3/2),72,0.09688666023148047,0.0018360615
gaussian_npe,1000,31622,N=n^(3/2),73,0.10176334488057473,0.012999415
gaussian_npe,1000,31622,N=n^(3/2),74,0.20279638597491467,0.014585733
gaussian_npe,1000,31622,N=n^(3/2),75,0.09938440446774309,0.006337166
gaussian_npe,1000,31622,N=n^(3/2),76,0.1283869079261761,0.010295749
gaussian_npe,1000,31622,N=n^(3/2),77,0.09545495833244533,0.0019632578
gaussian_npe,1000,31622,N=n^(3/2),78,0.18450271637055468,0.0029308796
gaussian_npe,1000,31622,N=n^(3/2),79,0.003159635407334663,0.0048708916
gaussian_npe,1000,31622,N=n^(3/2),80,-0.020544391022315815,0.0014387369
gaussian_npe,1000,31622,N=n^(3/2),81,0.07197671183786929,0.0017081499
gaussian_npe,1000,31622,N=n^(3/2),82,0.032185151453046554,0.0035361052
gaussian_npe,1000,31622,N=n^(3/2),83,0.12947158152338667,0.0028994083
gaussian_npe,1000,31622,N=n^(3/2),84,-0.040000742166095685,0.0059458017
gaussian_npe,1000,31622,N=n^(3/2),85,0.07024187014845476,0.007687688
gaussian_npe,1000,31622,N=n^(3/2),86,0.006990037787783913,0.00088369846
gaussian_npe,1000,31622,N=n^(3/2),87,0.027188030431236895,0.0026106834
gaussian_npe,1000,31622,N=n^(3/2),88,0.12075634326459854,0.005277157
gaussian_npe,1000,31622,N=n^(3/2),89,0.1008488367247254,0.0009047985
gaussian_npe,1000,31622,N=n^(3/2),90,0.10965681192088395,0.008578181
gaussian_npe,1000,31622,N=n^(3/2),91,0.04374737834962612,0.0007853508
gaussian_npe,1000,31622,N=n^(3/2),92,0.11194584082814645,0.0002439022
gaussian_npe,1000,31622,N=n^(3/2),93,0.0634163562474303,0.004023552
gaussian_npe,1000,31622,N=n^(3/2),94,0.09071549284999822,0.0004221201
gaussian_npe,1000,31622,N=n^(3/2),95,0.08369345478143751,0.0031939745
gaussian_npe,1000,31622,N=n^(3/2),96,0.11426668768759021,0.00061023235
gaussian_npe,1000,31622,N=n^(3/2),97,0.02062322592249373,0.0003181696
gaussian_npe,1000,31622,N=n^(3/2),98,0.13161796332588127,0.0024781227
gaussian_npe,1000,31622,N=n^(3/2),99,-0.013275275909358097,0.0007573366
gaussian_npe,1000,31622,N=n^(3/2),100,0.03633935748795741,0.001568079
gaussian_npe,1000,1000000,N=n^2,0,-0.006510798760702536,6.198883e-05
gaussian_npe,1000,1000000,N=n^2,1,0.02724703908324283,0.00029623508
gaussian_npe,1000,1000000,N=n^2,2,0.03717183059002707,0.0015559196
gaussian_npe,1000,1000000,N=n^2,4,0.04497923321068539,0.0013483763
gaussian_npe,1000,1000000,N=n^2,5,0.02678269625357801,0.00029027462
gaussian_npe,1000,1000000,N=n^2,6,0.014638020410042184,0.00049459934
gaussian_npe,1000,1000000,N=n^2,7,0.011291840253126817,1.5258789e-05
gaussian_npe,1000,1000000,N=n^2,8,0.0449240378780698,0.000120043755
gaussian_npe,1000,1000000,N=n^2,9,0.026203519512119647,0.0012267828
gaussian_npe,1000,1000000,N=n^2,10,-0.012162407828642266,0.00068354607
gaussian_npe,1000,1000000,N=n^2,11,0.03433283940632084,0.0022364855
gaussian_npe,1000,1000000,N=n^2,12,-0.06813243631344792,7.534027e-05
gaussian_npe,1000,1000000,N=n^2,13,0.024649320161787214,0.00039327145
gaussian_npe,1000,1000000,N=n^2,14,0.0676006028735564,0.0012183189
gaussian_npe,1000,1000000,N=n^2,16,0.07605160999529965,0.0005148649
gaussian_npe,1000,1000000,N=n^2,18,0.0522403626694314,0.0009409189
gaussian_npe,1000,1000000,N=n^2,19,-0.01199035093019753,0.00061273575
gaussian_npe,1000,1000000,N=n^2,21,-0.05776558200947714,0.0007548332
gaussian_npe,1000,1000000,N=n^2,22,0.09119206845204669,0.0010627508
gaussian_npe,1000,1000000,N=n^2,23,0.04039618457186156,0.0021294355
gaussian_npe,1000,1000000,N=n^2,24,-0.02397069522824645,0.00073993206
gaussian_npe,1000,1000000,N=n^2,25,0.08879712669456565,4.529953e-05
gaussian_npe,1000,1000000,N=n^2,26,0.015772042952206564,0.003488779
gaussian_npe,1000,1000000,N=n^2,27,0.0009771781907575911,0.0004210472
gaussian_npe,1000,1000000,N=n^2,28,0.035903599222102345,0.00041627884
gaussian_npe,1000,1000000,N=n^2,29,0.07448558863964011,0.005333066
gaussian_npe,1000,1000000,N=n^2,30,0.10962355594275,0.0006400347
gaussian_npe,1000,1000000,N=n^2,32,0.0946623341564492,0.0020567179
gaussian_npe,1000,1000000,N=n^2,33,0.13325403250221765,0.0014380217
gaussian_npe,1000,1000000,N=n^2,34,-0.0007212487069364324,0.0056694746
gaussian_npe,1000,1000000,N=n^2,35,0.012487444642322714,5.4836273e-05
gaussian_npe,1000,1000000,N=n^2,37,0.03318722041078745,0.0017751455
gaussian_npe,1000,1000000,N=n^2,40,0.07161249287019532,0.00034177303
gaussian_npe,1000,1000000,N=n^2,42,0.15204378224074563,0.0011000633
gaussian_npe,1000,1000000,N=n^2,43,-0.0060756873751367955,0.0003219843
gaussian_npe,1000,1000000,N=n^2,44,0.017590642176400884,0.0009812117
gaussian_npe,1000,1000000,N=n^2,45,0.050977593341678035,-6.1273575e-05
gaussian_npe,1000,1000000,N=n^2,46,0.05733404811433962,0.003343463
gaussian_npe,1000,1000000,N=n^2,47,0.04461857796732549,0.000120162964
gaussian_npe,1000,1000000,N=n^2,48,-0.03348361376571732,0.00010716915
gaussian_npe,1000,1000000,N=n^2,49,0.052383574578717174,0.0019053221
gaussian_npe,1000,1000000,N=n^2,50,0.07951170599518947,0.0028508902
gaussian_npe,1000,1000000,N=n^2,51,0.04790028546324755,0.00048792362
gaussian_npe,1000,1000000,N=n^2,52,-0.031656198821837817,-5.0902367e-05
gaussian_npe,1000,1000000,N=n^2,53,0.07834113590323476,0.0007838011
gaussian_npe,1000,1000000,N=n^2,54,0.15662909424982618,0.00065374374
gaussian_npe,1000,1000000,N=n^2,56,0.1257132867497391,0.000111699104
gaussian_npe,1000,1000000,N=n^2,58,0.0614642639455804,0.0015615225
gaussian_npe,1000,1000000,N=n^2,59,0.014843403723497673,0.00040197372
gaussian_npe,1000,1000000,N=n^2,60,0.02739016473909452,0.00016844273
gaussian_npe,1000,1000000,N=n^2,62,0.017183358549743503,0.00016701221
gaussian_npe,1000,1000000,N=n^2,63,0.11226222929976698,0.002531767
gaussian_npe,1000,1000000,N=n^2,64,-0.01519715547157879,0.000713706
gaussian_npe,1000,1000000,N=n^2,65,0.01487252329003488,-1.9431114e-05
gaussian_npe,1000,1000000,N=n^2,66,0.051292215693730825,0.0031627417
gaussian_npe,1000,1000000,N=n^2,67,-0.04331009045885155,0.0010224581
gaussian_npe,1000,1000000,N=n^2,68,0.02565317664844402,0.00057160854
gaussian_npe,1000,1000000,N=n^2,69,0.05532310872808616,0.0007687807
gaussian_npe,1000,1000000,N=n^2,70,0.08803209026262118,0.00043213367
gaussian_npe,1000,1000000,N=n^2,71,0.04400733089545973,0.0018281937
gaussian_npe,1000,1000000,N=n^2,72,0.039852575165503,0.0023601055
gaussian_npe,1000,1000000,N=n^2,73,0.0403121240207199,0.00070106983
gaussian_npe,1000,1000000,N=n^2,75,0.011377003946051699,0.003046751
gaussian_npe,1000,1000000,N=n^2,76,-0.004641666959967904,0.00032663345
gaussian_npe,1000,1000000,N=n^2,77,0.08297733595877044,0.0038977861
gaussian_npe,1000,1000000,N=n^2,78,0.12055156806628395,0.0033597946
gaussian_npe,1000,1000000,N=n^2,79,0.08597214182119327,0.0005379915
gaussian_npe,1000,1000000,N=n^2,80,0.00988110740778724,0.00037992
gaussian_npe,1000,1000000,N=n^2,81,0.13587513308095103,0.0037751198
gaussian_npe,1000,1000000,N=n^2,82,-0.033252321332438564,9.262562e-05
gaussian_npe,1000,1000000,N=n^2,84,-0.07792080722745583,0.00016582012
gaussian_npe,1000,1000000,N=n^2,85,0.07315907974164063,0.003468275
gaussian_npe,1000,1000000,N=n^2,86,-0.07290243278870145,0.0026773214
gaussian_npe,1000,1000000,N=n^2,87,0.04573896656057151,1.180172e-05
gaussian_npe,1000,1000000,N=n^2,89,0.11312058139647783,0.0016921759
gaussian_npe,1000,1000000,N=n^2,91,0.05946954762476951,0.0069510937
gaussian_npe,1000,1000000,N=n^2,92,0.07408328250140961,0.0007824898
gaussian_npe,1000,1000000,N=n^2,94,0.02381925130427217,4.172325e-06
gaussian_npe,1000,1000000,N=n^2,96,0.13996482049513015,-4.196167e-05
gaussian_npe,1000,1000000,N=n^2,97,0.05870050597152579,0.00070154667
gaussian_npe,5000,5000,N=n,0,0.13224174948698753,0.00036096573
gaussian_npe,5000,5000,N=n,1,0.1633633994653967,0.0033949614
gaussian_npe,5000,5000,N=n,2,0.14245142174685785,0.0037418604
gaussian_npe,5000,5000,N=n,3,0.4247429438165396,0.0154572725
gaussian_npe,5000,5000,N=n,4,0.5484897025329116,0.019206405
gaussian_npe,5000,5000,N=n,5,0.1681404371417311,0.0021615028
gaussian_npe,5000,5000,N=n,6,0.11067976948571297,0.0031342506
gaussian_npe,5000,5000,N=n,7,0.9312148729741262,0.029967427
gaussian_npe,5000,5000,N=n,8,0.1612782655150512,0.003395319
gaussian_npe,5000,5000,N=n,9,0.026983867210854297,0.00017559528
gaussian_npe,5000,5000,N=n,10,0.595398776026905,0.014151096
gaussian_npe,5000,5000,N=n,11,0.20475314106622572,0.0031051636
gaussian_npe,5000,5000,N=n,12,0.20496855248461926,0.004849434
gaussian_npe,5000,5000,N=n,13,0.21054791681996923,0.0032148361
gaussian_npe,5000,5000,N=n,14,0.4024635666743839,0.014052391
gaussian_npe,5000,5000,N=n,15,1.2421334458739144,0.03572142
gaussian_npe,5000,5000,N=n,16,0.2476013802860034,0.008114338
gaussian_npe,5000,5000,N=n,17,0.07952555362553196,0.001232624
gaussian_npe,5000,5000,N=n,18,0.08765699676297965,0.0053117275
gaussian_npe,5000,5000,N=n,19,0.22591299217033178,0.008745551
gaussian_npe,5000,5000,N=n,20,0.3248450723095532,0.0076134205
gaussian_npe,5000,5000,N=n,21,0.6027889239827148,0.018324733
gaussian_npe,5000,5000,N=n,22,0.10653838873794769,0.0035016537
gaussian_npe,5000,5000,N=n,23,0.27193473020371955,0.01071763
gaussian_npe,5000,5000,N=n,24,0.0936858841046617,0.0055001974
gaussian_npe,5000,5000,N=n,25,1.1933203383655013,0.04151714
gaussian_npe,5000,5000,N=n,26,0.2941115218121339,0.0051897764
gaussian_npe,5000,5000,N=n,27,0.14786087753292543,0.002616167
gaussian_npe,5000,5000,N=n,28,0.25887255997937614,0.0072956085
gaussian_npe,5000,5000,N=n,29,0.06414206885303572,0.0024899244
gaussian_npe,5000,5000,N=n,30,0.5153920570089212,0.024139404
gaussian_npe,5000,5000,N=n,31,0.0885463228898084,0.0015693903
gaussian_npe,5000,5000,N=n,32,0.6048788700585622,0.02590859
gaussian_npe,5000,5000,N=n,33,0.05248599034260373,0.0022748709
gaussian_npe,5000,5000,N=n,34,0.0392642654499723,0.0010985136
gaussian_npe,5000,5000,N=n,35,0.17800851629938744,0.004519701
gaussian_npe,5000,5000,N=n,36,0.5198065537016923,0.013830304
gaussian_npe,5000,5000,N=n,37,0.1800485533198926,0.008941889
gaussian_npe,5000,5000,N=n,38,0.2166892241844291,0.006136179
gaussian_npe,5000,5000,N=n,39,0.4697088597069843,0.0076721907
gaussian_npe,5000,5000,N=n,40,0.0560238314152382,0.0010660887
gaussian_npe,5000,5000,N=n,41,0.2612722016138733,0.013384104
gaussian_npe,5000,5000,N=n,42,0.2849787445576061,0.0057100058
gaussian_npe,5000,5000,N=n,43,0.740620502742419,0.024549484
gaussian_npe,5000,5000,N=n,44,0.09108680892608405,0.0004415512
gaussian_npe,5000,5000,N=n,45,0.16999683567999663,0.004203081
gaussian_npe,5000,5000,N=n,46,0.1736373986727239,0.007242799
gaussian_npe,5000,5000,N=n,47,0.219652780899762,0.0014164448
gaussian_npe,5000,5000,N=n,48,0.2861756302142361,0.006256938
gaussian_npe,5000,5000,N=n,49,1.0323254914575828,0.019882917
gaussian_npe,5000,5000,N=n,50,0.14433412148525182,0.00068330765
gaussian_npe,5000,5000,N=n,51,0.26043841282455676,0.0053606033
gaussian_npe,5000,5000,N=n,52,0.16795212357954328,0.0007573366
gaussian_npe,5000,5000,N=n,53,0.47003190569168063,0.01741755
gaussian_npe,5000,5000,N=n,54,0.7212939466979208,0.01759541
gaussian_npe,5000,5000,N=n,55,0.09192309820914818,0.0030622482
gaussian_npe,5000,5000,N=n,56,0.43586141852118065,0.011253715
gaussian_npe,5000,5000,N=n,57,0.7392694892674021,0.019918919
gaussian_npe,5000,5000,N=n,58,0.03661684176976848,0.00037813187
gaussian_npe,5000,5000,N=n,59,0.3484344505350798,0.004994631
gaussian_npe,5000,5000,N=n,60,0.08966678076345246,0.0018196106
gaussian_npe,5000,5000,N=n,61,0.22187769741278043,0.004017353
gaussian_npe,5000,5000,N=n,62,0.11972664840321778,0.0024533272
gaussian_npe,5000,5000,N=n,63,0.2244507473542113,0.0021538734
gaussian_npe,5000,5000,N=n,64,0.3689470178370624,0.0070255995
gaussian_npe,5000,5000,N=n,65,0.17922670031024507,0.0034883022
gaussian_npe,5000,5000,N=n,66,0.19372196934921593,0.006732464
gaussian_npe,5000,5000,N=n,67,0.07026977399298182,0.0025787354
gaussian_npe,5000,5000,N=n,68,0.6600660438077935,0.020935297
gaussian_npe,5000,5000,N=n,69,0.4098345072225107,0.0109580755
gaussian_npe,5000,5000,N=n,70,-0.014914174465665224,0.0009886026
gaussian_npe,5000,5000,N=n,71,0.4937875694248533,0.013589025
gaussian_npe,5000,5000,N=n,72,0.3551462193637383,0.010426998
gaussian_npe,5000,5000,N=n,73,-0.050151478601194704,0.00015723705
gaussian_npe,5000,5000,N=n,74,0.20228724964990571,0.0025604963
gaussian_npe,5000,5000,N=n,75,0.05904490381144796,0.0004284382
gaussian_npe,5000,5000,N=n,76,0.11591206104146966,0.002474308
gaussian_npe,5000,5000,N=n,77,0.15103460695760493,0.0039744377
gaussian_npe,5000,5000,N=n,78,0.5397494018664809,0.017279387
gaussian_npe,5000,5000,N=n,79,0.6364948823058201,0.019631863
gaussian_npe,5000,5000,N=n,80,0.48021040123432635,0.009435177
gaussian_npe,5000,5000,N=n,81,0.2685451548757397,0.013451695
gaussian_npe,5000,5000,N=n,82,0.8497619741365943,0.016352296
gaussian_npe,5000,5000,N=n,83,0.31068984926728166,0.009759903
gaussian_npe,5000,5000,N=n,84,0.013037509325936536,0.00050771236
gaussian_npe,5000,5000,N=n,85,0.09266967672034812,0.0016764402
gaussian_npe,5000,5000,N=n,86,0.8395905815762035,0.029397726
gaussian_npe,5000,5000,N=n,87,0.4820558181555823,0.010178685
gaussian_npe,5000,5000,N=n,88,0.26635696591053387,0.0017020702
gaussian_npe,5000,5000,N=n,89,0.768085107140586,0.019564867
gaussian_npe,5000,5000,N=n,90,0.010981774193734174,0.0010236502
gaussian_npe,5000,5000,N=n,91,0.4129035594691544,0.011584282
gaussian_npe,5000,5000,N=n,92,1.1849516204104436,0.054498553
gaussian_npe,5000,5000,N=n,93,0.5995958738876112,0.009763002
gaussian_npe,5000,5000,N=n,94,0.14069148103680568,0.0016560555
gaussian_npe,5000,5000,N=n,95,1.9470491703153212,0.052591443
gaussian_npe,5000,5000,N=n,96,0.3993047057514874,0.009037375
gaussian_npe,5000,5000,N=n,97,0.1364315149580875,0.0015717745
gaussian_npe,5000,5000,N=n,98,0.6332904332105099,0.01148808
gaussian_npe,5000,5000,N=n,99,0.13928053997863013,0.0045883656
gaussian_npe,5000,5000,N=n,100,0.3286011882874064,0.0056171417
gaussian_npe,5000,42585,N=n log(n),0,0.0836347876275984,0.0016026497
gaussian_npe,5000,42585,N=n log(n),1,-0.03320227601989055,0.00044071674
gaussian_npe,5000,42585,N=n log(n),2,0.05881623226962808,0.00053298473
gaussian_npe,5000,42585,N=n log(n),3,0.2850296477469191,0.0051648617
gaussian_npe,5000,42585,N=n log(n),4,0.051307713045921854,0.00016593933
gaussian_npe,5000,42585,N=n log(n),5,0.020646559005689197,0.00035250187
gaussian_npe,5000,42585,N=n log(n),6,-0.024044317196679963,0.00014400482
gaussian_npe,5000,42585,N=n log(n),7,0.5114042061836162,0.014034033
gaussian_npe,5000,42585,N=n log(n),8,0.022441722748621697,0.00045406818
gaussian_npe,5000,42585,N=n log(n),9,0.020904620340519264,0.00045847893
gaussian_npe,5000,42585,N=n log(n),10,0.16564130549943784,0.002755165
gaussian_npe,5000,42585,N=n log(n),11,0.1658388607917074,0.0011832714
gaussian_npe,5000,42585,N=n log(n),12,0.11142512166744575,0.0033392906
gaussian_npe,5000,42585,N=n log(n),13,0.10651583059871482,0.0010995865
gaussian_npe,5000,42585,N=n log(n),14,0.10888649497441036,0.0020819902
gaussian_npe,5000,42585,N=n log(n),15,0.4473314256357093,0.0152237415
gaussian_npe,5000,42585,N=n log(n),16,0.271402715577072,0.010458946
gaussian_npe,5000,42585,N=n log(n),17,0.06331665349512901,0.0014470816
gaussian_npe,5000,42585,N=n log(n),18,0.09748019571321812,0.004134655
gaussian_npe,5000,42585,N=n log(n),19,0.04702376304984225,0.0013312101
gaussian_npe,5000,42585,N=n log(n),20,0.05286706910009244,0.0029273033
gaussian_npe,5000,42585,N=n log(n),21,0.19662001312130198,0.004790902
gaussian_npe,5000,42585,N=n log(n),22,0.05084441279532212,0.003936529
gaussian_npe,5000,42585,N=n log(n),23,0.11924133614241221,0.0022093058
gaussian_npe,5000,42585,N=n log(n),24,0.07006936926084391,0.0019699335
gaussian_npe,5000,42585,N=n log(n),25,0.5296436447852582,0.017888546
gaussian_npe,5000,42585,N=n log(n),26,0.07272371004191223,0.0010616779
gaussian_npe,5000,42585,N=n log(n),27,0.03058687919822772,6.6280365e-05
gaussian_npe,5000,42585,N=n log(n),28,0.2847497279321381,0.005628109
gaussian_npe,5000,42585,N=n log(n),29,-0.033636153977954455,0.00042819977
gaussian_npe,5000,42585,N=n log(n),30,0.04606384883663703,0.003418088
gaussian_npe,5000,42585,N=n log(n),32,0.048655166536337766,0.0012470484
gaussian_npe,5000,42585,N=n log(n),33,0.09736210735704139,0.00094652176
gaussian_npe,5000,42585,N=n log(n),34,0.11434293872131703,0.009260893
gaussian_npe,5000,42585,N=n log(n),35,0.03575430673305907,0.0019438267
gaussian_npe,5000,42585,N=n log(n),36,0.04171365071556837,0.00085163116
gaussian_npe,5000,42585,N=n log(n),37,-0.044281798290548374,0.00031006336
gaussian_npe,5000,42585,N=n log(n),38,0.06068517163320995,0.0009008646
gaussian_npe,5000,42585,N=n log(n),39,0.1320350287845961,0.0026016235
gaussian_npe,5000,42585,N=n log(n),40,0.16749839521316653,0.00521338
gaussian_npe,5000,42585,N=n log(n),41,0.13285958841299203,0.0041730404
gaussian_npe,5000,42585,N=n log(n),42,0.0818127425190781,0.0020774603
gaussian_npe,5000,42585,N=n log(n),43,0.27064892423461684,0.006640792
gaussian_npe,5000,42585,N=n log(n),44,0.07271540359972672,0.00081026554
gaussian_npe,5000,42585,N=n log(n),45,0.2871807455197271,0.0041707754
gaussian_npe,5000,42585,N=n log(n),46,0.1513607019537274,0.0024335384
gaussian_npe,5000,42585,N=n log(n),47,0.08198578767497833,0.0010976791
gaussian_npe,5000,42585,N=n log(n),48,0.1823333302305005,0.0027958155
gaussian_npe,5000,42585,N=n log(n),50,0.05366117459278165,0.0010353327
gaussian_npe,5000,42585,N=n log(n),51,0.11107079821707236,0.0010507107
gaussian_npe,5000,42585,N=n log(n),52,0.06159541115242506,0.0013478994
gaussian_npe,5000,42585,N=n log(n),53,-0.0055076222010481575,0.0030460358
gaussian_npe,5000,42585,N=n log(n),54,0.22422291226940558,0.00514853
gaussian_npe,5000,42585,N=n log(n),55,0.06880404241094318,0.0038614273
gaussian_npe,5000,42585,N=n log(n),56,0.11512075075604539,0.0023691654
gaussian_npe,5000,42585,N=n log(n),57,0.5416218098571421,0.012207031
gaussian_npe,5000,42585,N=n log(n),58,0.02495748806254026,0.0031095743
gaussian_npe,5000,42585,N=n log(n),59,0.3263067421216731,0.0051209927
gaussian_npe,5000,42585,N=n log(n),60,0.0339070074440061,0.00040972233
gaussian_npe,5000,42585,N=n log(n),61,0.28483726525808495,0.008672476
gaussian_npe,5000,42585,N=n log(n),62,0.14105806646973892,0.00352633
gaussian_npe,5000,42585,N=n log(n),63,0.12812436408235664,0.0018844604
gaussian_npe,5000,42585,N=n log(n),64,0.2833626335147811,0.006087303
gaussian_npe,5000,42585,N=n log(n),65,0.1280832153001032,0.0005134344
gaussian_npe,5000,42585,N=n log(n),66,0.11074592715972098,0.0022892952
gaussian_npe,5000,42585,N=n log(n),67,-0.04140178713115053,0.0033570528
gaussian_npe,5000,42585,N=n log(n),68,0.3137094575331673,0.0046988726
gaussian_npe,5000,42585,N=n log(n),69,0.21987634213792265,0.007739663
gaussian_npe,5000,42585,N=n log(n),70,-0.04826014569437409,0.00059330463
gaussian_npe,5000,42585,N=n log(n),71,0.07024594574926718,0.000715971
gaussian_npe,5000,42585,N=n log(n),72,0.1877951616385833,0.006403327
gaussian_npe,5000,42585,N=n log(n),73,0.04989514737974177,0.0017460585
gaussian_npe,5000,42585,N=n log(n),74,0.1620783278990205,0.0012931824
gaussian_npe,5000,42585,N=n log(n),75,0.02030978660449745,0.0018693209
gaussian_npe,5000,42585,N=n log(n),76,0.17610748801735437,0.0028932095
gaussian_npe,5000,42585,N=n log(n),77,0.15574726811647321,0.0044566393
gaussian_npe,5000,42585,N=n log(n),78,0.0715859440940597,0.0011445284
gaussian_npe,5000,42585,N=n log(n),79,0.5264384365211269,0.015444756
gaussian_npe,5000,42585,N=n log(n),80,0.09915928251022808,0.0022909641
gaussian_npe,5000,42585,N=n log(n),81,0.05602427163197979,0.0011689663
gaussian_npe,5000,42585,N=n log(n),82,0.25130181609482205,0.006675124
gaussian_npe,5000,42585,N=n log(n),83,0.08348261009665794,0.0007517338
gaussian_npe,5000,42585,N=n log(n),84,-0.028097964213184952,0.0006456375
gaussian_npe,5000,42585,N=n log(n),85,0.22901384056489152,0.0058220625
gaussian_npe,5000,42585,N=n log(n),86,0.7094965369414772,0.021953464
gaussian_npe,5000,42585,N=n log(n),87,0.12375775541990196,0.0009087324
gaussian_npe,5000,42585,N=n log(n),88,0.16041247151075747,0.003246665
gaussian_npe,5000,42585,N=n log(n),89,0.19099431990025398,0.0033905506
gaussian_npe,5000,42585,N=n log(n),90,0.13151414426020816,0.006528139
gaussian_npe,5000,42585,N=n log(n),91,0.40640364344304725,0.011986494
gaussian_npe,5000,42585,N=n log(n),92,0.1847020727480725,0.0041964054
gaussian_npe,5000,42585,N=n log(n),93,0.1908480405588135,0.0066851377
gaussian_npe,5000,42585,N=n log(n),94,0.10830859071379258,0.0036591291
gaussian_npe,5000,42585,N=n log(n),95,0.11365324180477888,0.0030230284
gaussian_npe,5000,42585,N=n log(n),96,0.32231480344219915,0.008788943
gaussian_npe,5000,42585,N=n log(n),97,0.06143551761378213,0.0004991293
gaussian_npe,5000,42585,N=n log(n),98,-0.015487011533683186,7.6532364e-05
gaussian_npe,5000,42585,N=n log(n),99,0.33369695484292483,0.012390137
gaussian_npe,5000,42585,N=n log(n),100,0.3264061503127629,0.0046072006
gaussian_npe,5000,353553,N=n^(3/2),0,-0.014528890883963346,0.00064122677
gaussian_npe,5000,353553,N=n^(3/2),1,0.014865591176322633,0.00052142143
gaussian_npe,5000,353553,N=n^(3/2),2,0.03871703217965897,0.0010122061
gaussian_npe,5000,353553,N=n^(3/2),3,0.05843082562359353,0.000161767
gaussian_npe,5000,353553,N=n^(3/2),4,0.04036905494241319,0.0011041164
gaussian_npe,5000,353553,N=n^(3/2),5,0.02524636332589619,0.00057291985
gaussian_npe,5000,353553,N=n^(3/2),6,0.03606458393726626,0.0022249222
gaussian_npe,5000,353553,N=n^(3/2),7,0.052080699150895665,0.0010277033
gaussian_npe,5000,353553,N=n^(3/2),8,-0.03803863727867084,0.0010024309
gaussian_npe,5000,353553,N=n^(3/2),9,-0.04704965532545616,0.00025618076
gaussian_npe,5000,353553,N=n^(3/2),10,0.039574784733740015,0.000310421
gaussian_npe,5000,353553,N=n^(3/2),11,0.018004858936613303,0.0007363558
gaussian_npe,5000,353553,N=n^(3/2),12,0.03432374503478802,0.0011544228
gaussian_npe,5000,353553,N=n^(3/2),13,0.02522720569571937,0.00028467178
gaussian_npe,5000,353553,N=n^(3/2),14,0.047711835553133686,0.0005514622
gaussian_npe,5000,353553,N=n^(3/2),15,0.05476640047446053,0.0001680851
gaussian_npe,5000,353553,N=n^(3/2),16,0.15952410198061234,0.00033545494
gaussian_npe,5000,353553,N=n^(3/2),17,-0.005083386038171874,2.682209e-05
gaussian_npe,5000,353553,N=n^(3/2),18,-0.025287226200037923,0.00041520596
gaussian_npe,5000,353553,N=n^(3/2),19,-0.01620179108468672,-9.536743e-06
gaussian_npe,5000,353553,N=n^(3/2),21,0.09281515799380663,0.00020003319
gaussian_npe,5000,353553,N=n^(3/2),22,-0.013794970423528913,0.00040125847
gaussian_npe,5000,353553,N=n^(3/2),23,0.08622734910733497,0.001255393
gaussian_npe,5000,353553,N=n^(3/2),24,-0.02983200485571959,0.0005328655
gaussian_npe,5000,353553,N=n^(3/2),25,0.5655226460592929,0.023339272
gaussian_npe,5000,353553,N=n^(3/2),26,0.06428384753509626,0.00057959557
gaussian_npe,5000,353553,N=n^(3/2),27,0.030705633016570304,0.0010743141
gaussian_npe,5000,353553,N=n^(3/2),28,0.1100930785870681,0.0012279749
gaussian_npe,5000,353553,N=n^(3/2),29,-0.05408964642807472,0.00043416023
gaussian_npe,5000,353553,N=n^(3/2),30,0.007483259284110868,0.002614975
gaussian_npe,5000,353553,N=n^(3/2),31,0.11611450860611162,0.00065886974
gaussian_npe,5000,353553,N=n^(3/2),32,-0.05189814954819294,0.0013831854
gaussian_npe,5000,353553,N=n^(3/2),33,0.11379814293945814,0.00072836876
gaussian_npe,5000,353553,N=n^(3/2),34,0.03279366751222344,0.0010123253
gaussian_npe,5000,353553,N=n^(3/2),35,-0.03866424828805014,-1.680851e-05
gaussian_npe,5000,353553,N=n^(3/2),36,0.0416339995308183,0.00088608265
gaussian_npe,5000,353553,N=n^(3/2),37,-0.021697682928965744,0.0004043579
gaussian_npe,5000,353553,N=n^(3/2),38,-0.014180450032313637,6.484985e-05
gaussian_npe,5000,353553,N=n^(3/2),39,0.15529655087399385,0.0029598475
gaussian_npe,5000,353553,N=n^(3/2),40,0.042880491770494064,0.00014317036
gaussian_npe,5000,353553,N=n^(3/2),41,0.08392463715122389,0.00089788437
gaussian_npe,5000,353553,N=n^(3/2),42,0.01580051948725717,0.00012791157
gaussian_npe,5000,353553,N=n^(3/2),43,0.1891332879634025,0.009779453
gaussian_npe,5000,353553,N=n^(3/2),44,-0.009632137102757708,0.00037050247
gaussian_npe,5000,353553,N=n^(3/2),45,-0.017372849886830067,0.00064718723
gaussian_npe,5000,353553,N=n^(3/2),46,0.09144455862367913,0.001627326
gaussian_npe,5000,353553,N=n^(3/2),47,0.09492414389349217,0.0010278225
gaussian_npe,5000,353553,N=n^(3/2),48,-0.012831122606885782,0.0017740726
gaussian_npe,5000,353553,N=n^(3/2),49,0.04339587368324534,7.355213e-05
gaussian_npe,5000,353553,N=n^(3/2),50,-0.012463973706179878,0.00022029877
gaussian_npe,5000,353553,N=n^(3/2),51,0.07121656205311229,0.00021088123
gaussian_npe,5000,353553,N=n^(3/2),52,0.06622168897654002,0.0022455454
gaussian_npe,5000,353553,N=n^(3/2),53,-0.053222816896737704,-1.9192696e-05
gaussian_npe,5000,353553,N=n^(3/2),54,0.15235706214198744,0.0029344559
gaussian_npe,5000,353553,N=n^(3/2),55,-0.03834901077419696,0.00059103966
gaussian_npe,5000,353553,N=n^(3/2),56,0.12965248786576977,0.0029104948
gaussian_npe,5000,353553,N=n^(3/2),57,0.006681978609867395,0.00018680096
gaussian_npe,5000,353553,N=n^(3/2),59,0.15061894251242505,0.001098752
gaussian_npe,5000,353553,N=n^(3/2),60,-0.013700567698653103,0.00010454655
gaussian_npe,5000,353553,N=n^(3/2),61,-0.0003051226421248788,0.0010464191
gaussian_npe,5000,353553,N=n^(3/2),62,0.018662348306594388,0.00019478798
gaussian_npe,5000,353553,N=n^(3/2),63,0.03280663771367598,0.0004736185
gaussian_npe,5000,353553,N=n^(3/2),64,0.08819643353699536,0.00055623055
gaussian_npe,5000,353553,N=n^(3/2),66,-0.0232398645720347,0.00017678738
gaussian_npe,5000,353553,N=n^(3/2),67,-0.005957363999210522,0.0055001974
gaussian_npe,5000,353553,N=n^(3/2),68,0.0606805575561061,0.00045192242
gaussian_npe,5000,353553,N=n^(3/2),69,0.06142680875012657,0.0020973682
gaussian_npe,5000,353553,N=n^(3/2),70,-0.060707389486262156,0.00022172928
gaussian_npe,5000,353553,N=n^(3/2),71,0.10103792310859706,0.0027691126
gaussian_npe,5000,353553,N=n^(3/2),72,-0.01850969527035582,0.00013315678
gaussian_npe,5000,353553,N=n^(3/2),73,-0.01275665508781005,0.0007265806
gaussian_npe,5000,353553,N=n^(3/2),75,-0.009754067423265901,0.0010163784
gaussian_npe,5000,353553,N=n^(3/2),77,-0.0039008775927118246,0.00073969364
gaussian_npe,5000,353553,N=n^(3/2),78,0.02808347114976751,0.00029456615
gaussian_npe,5000,353553,N=n^(3/2),79,-0.03415399111594386,2.4557114e-05
gaussian_npe,5000,353553,N=n^(3/2),80,0.04835070683165049,0.00042641163
gaussian_npe,5000,353553,N=n^(3/2),81,0.044135347979541065,0.0008611679
gaussian_npe,5000,353553,N=n^(3/2),82,0.06941581273072056,0.0006452799
gaussian_npe,5000,353553,N=n^(3/2),83,0.03928418956735083,0.001119256
gaussian_npe,5000,353553,N=n^(3/2),84,-0.04654330732688762,0.00016927719
gaussian_npe,5000,353553,N=n^(3/2),85,0.007050420605439461,0.0019079447
gaussian_npe,5000,353553,N=n^(3/2),86,0.06997468187735044,0.0011513233
gaussian_npe,5000,353553,N=n^(3/2),87,0.13425610761652054,0.0019680262
gaussian_npe,5000,353553,N=n^(3/2),89,0.13477725630232268,0.0018140078
gaussian_npe,5000,353553,N=n^(3/2),90,0.1070784940867358,0.00539279
gaussian_npe,5000,353553,N=n^(3/2),91,0.05934386278749851,0.0011422634
gaussian_npe,5000,353553,N=n^(3/2),92,0.05121288810799385,6.2942505e-05
gaussian_npe,5000,353553,N=n^(3/2),93,0.0013275810501244202,0.002357483
gaussian_npe,5000,353553,N=n^(3/2),94,-0.02575115206623738,0.00013399124
gaussian_npe,5000,353553,N=n^(3/2),95,0.013994359582987632,0.0006263256
gaussian_npe,5000,353553,N=n^(3/2),96,0.08841695763205726,0.0008252859
gaussian_npe,5000,353553,N=n^(3/2),97,0.13246469281941534,0.0021759272
gaussian_npe,5000,353553,N=n^(3/2),98,0.04627962989733583,0.0012491941
gaussian_npe,5000,353553,N=n^(3/2),99,0.007873153075622669,0.00075781345
gaussian_npe,5000,353553,N=n^(3/2),100,0.05709988635686489,0.00015509129
