cell,method,param,x,density
n_obs=1000 seed=0 convention=gaussian,NUTS reference,A,2.9042640016226344,4.322241919017868e-05
n_obs=1000 seed=0 convention=gaussian,NUTS reference,A,2.90557219700227,8.549562622359885e-05
n_obs=1000 seed=0 convention=gaussian,NUTS reference,A,2.906880392381905,0.0001627412608733
n_obs=1000 seed=0 convention=gaussian,NUTS reference,A,2.9081885877615403,0.0002982173375639
n_obs=1000 seed=0 convention=gaussian,NUTS reference,A,2.909496783141176,0.0005262904339583
n_obs=1000 seed=0 convention=gaussian,NUTS reference,A,2.9108049785208108,0.0008948843756535
n_obs=1000 seed=0 convention=gaussian,NUTS reference,A,2.912113173900446,0.0014667881884803
n_obs=1000 seed=0 convention=gaussian,NUTS reference,A,2.913421369280081,0.0023187844667616
n_obs=1000 seed=0 convention=gaussian,NUTS reference,A,2.9147295646597167,0.003537604322223
n_obs=1000 seed=0 convention=gaussian,NUTS reference,A,2.916037760039352,0.0052121456771962
n_obs=1000 seed=0 convention=gaussian,NUTS reference,A,2.917345955418987,0.0074222618843239
n_obs=1000 seed=0 convention=gaussian,NUTS reference,A,2.9186541507986226,0.0102256289770301
n_obs=1000 seed=0 convention=gaussian,NUTS reference,A,2.919962346178258,0.0136454235678886
n_obs=1000 seed=0 convention=gaussian,NUTS reference,A,2.921270541557893,0.0176623263567056
n_obs=1000 seed=0 convention=gaussian,NUTS reference,A,2.9225787369375285,0.0222142400014236
n_obs=1000 seed=0 convention=gaussian,NUTS reference,A,2.9238869323171635,0.0272058236900287
n_obs=1000 seed=0 convention=gaussian,NUTS reference,A,2.925195127696799,0.0325276726817287
n_obs=1000 seed=0 convention=gaussian,NUTS reference,A,2.9265033230764343,0.0380823711298843
n_obs=1000 seed=0 convention=gaussian,NUTS reference,A,2.92781151845607,0.0438126992664628
n_obs=1000 seed=0 convention=gaussian,NUTS reference,A,2.929119713835705,0.0497268722141093
n_obs=1000 seed=0 convention=gaussian,NUTS reference,A,2.93042790921534,0.0559171445346269
n_obs=1000 seed=0 convention=gaussian,NUTS reference,A,2.9317361045949752,0.0625708692059698
n_obs=1000 seed=0 convention=gaussian,NUTS reference,A,2.9330442999746107,0.0699758200429696
n_obs=1000 seed=0 convention=gaussian,NUTS reference,A,2.934352495354246,0.0785227539632202
n_obs=1000 seed=0 convention=gaussian,NUTS reference,A,2.935660690733881,0.0887069261097221
n_obs=1000 seed=0 convention=gaussian,NUTS reference,A,2.9369688861135166,0.1011269739192032
n_obs=1000 seed=0 convention=gaussian,NUTS reference,A,2.9382770814931516,0.1164759489443399
n_obs=1000 seed=0 convention=gaussian,NUTS reference,A,2.939585276872787,0.1355175649865148
n_obs=1000 seed=0 convention=gaussian,NUTS reference,A,2.9408934722524225,0.1590426216826138
n_obs=1000 seed=0 convention=gaussian,NUTS reference,A,2.9422016676320575,0.1878061224603893
n_obs=1000 seed=0 convention=gaussian,NUTS reference,A,2.943509863011693,0.2224530197827977
n_obs=1000 seed=0 convention=gaussian,NUTS reference,A,2.9448180583913284,0.2634467594061133
n_obs=1000 seed=0 convention=gaussian,NUTS reference,A,2.9461262537709634,0.3110169424866474
n_obs=1000 seed=0 convention=gaussian,NUTS reference,A,2.947434449150599,0.3651390311357052
n_obs=1000 seed=0 convention=gaussian,NUTS reference,A,2.9487426445302343,0.4255508579363386
n_obs=1000 seed=0 convention=gaussian,NUTS reference,A,2.9500508399098693,0.4918005642058424
n_obs=1000 seed=0 convention=gaussian,NUTS reference,A,2.9513590352895047,0.5633122859015355
n_obs=1000 seed=0 convention=gaussian,NUTS reference,A,2.9526672306691397,0.6394527483771586
n_obs=1000 seed=0 convention=gaussian,NUTS reference,A,2.953975426048775,0.7195853638882596
n_obs=1000 seed=0 convention=gaussian,NUTS reference,A,2.9552836214284106,0.8031072227088165
n_obs=1000 seed=0 convention=gaussian,NUTS reference,A,2.9565918168080456,0.8894748221502866
n_obs=1000 seed=0 convention=gaussian,NUTS reference,A,2.957900012187681,0.9782315702274594
n_obs=1000 seed=0 convention=gaussian,NUTS reference,A,2.9592082075673165,1.0690499546428576
n_obs=1000 seed=0 convention=gaussian,NUTS reference,A,2.9605164029469515,1.1617926126074511
n_obs=1000 seed=0 convention=gaussian,NUTS reference,A,2.961824598326587,1.2565822021084136
n_obs=1000 seed=0 convention=gaussian,NUTS reference,A,2.9631327937062224,1.353856157225918
n_obs=1000 seed=0 convention=gaussian,NUTS reference,A,2.9644409890858574,1.4543762945252483
n_obs=1000 seed=0 convention=gaussian,NUTS reference,A,2.965749184465493,1.5591697540120082
n_obs=1000 seed=0 convention=gaussian,NUTS reference,A,2.967057379845128,1.6693969162872335
n_obs=1000 seed=0 convention=gaussian,NUTS reference,A,2.9683655752247633,1.7861680676123288
n_obs=1000 seed=0 convention=gaussian,NUTS reference,A,2.9696737706043987,1.910354018169852
n_obs=1000 seed=0 convention=gaussian,NUTS reference,A,2.9709819659840337,2.0424465397720866
n_obs=1000 seed=0 convention=gaussian,NUTS reference,A,2.972290161363669,2.1825160226596116
n_obs=1000 seed=0 convention=gaussian,NUTS reference,A,2.9735983567433046,2.330286541928594
n_obs=1000 seed=0 convention=gaussian,NUTS reference,A,2.9749065521229396,2.4853103201355835
n_obs=1000 seed=0 convention=gaussian,NUTS reference,A,2.976214747502575,2.6471872686045304
n_obs=1000 seed=0 convention=gaussian,NUTS reference,A,2.97752294288221,2.815754484282836
n_obs=1000 seed=0 convention=gaussian,NUTS reference,A,2.9788311382618455,2.991174430022472
n_obs=1000 seed=0 convention=gaussian,NUTS reference,A,2.980139333641481,3.1738798754653947
n_obs=1000 seed=0 convention=gaussian,NUTS reference,A,2.981447529021116,3.3643801010490972
n_obs=1000 seed=0 convention=gaussian,NUTS reference,A,2.982755724400751,3.5629812731045885
n_obs=1000 seed=0 convention=gaussian,NUTS reference,A,2.984063919780387,3.7695077971410966
n_obs=1000 seed=0 convention=gaussian,NUTS reference,A,2.985372115160022,3.9831188985594257
n_obs=1000 seed=0 convention=gaussian,NUTS reference,A,2.9866803105396573,4.202292442814153
n_obs=1000 seed=0 convention=gaussian,NUTS reference,A,2.9879885059192928,4.425002458439695
n_obs=1000 seed=0 convention=gaussian,NUTS reference,A,2.989296701298928,4.649061378097281
n_obs=1000 seed=0 convention=gaussian,NUTS reference,A,2.990604896678563,4.872548527288289
n_obs=1000 seed=0 convention=gaussian,NUTS reference,A,2.991913092058198,5.094216504218452
n_obs=1000 seed=0 convention=gaussian,NUTS reference,A,2.9932212874378337,5.313764960818951
n_obs=1000 seed=0 convention=gaussian,NUTS reference,A,2.994529482817469,5.53189819394748
n_obs=1000 seed=0 convention=gaussian,NUTS reference,A,2.995837678197104,5.750133364306888
n_obs=1000 seed=0 convention=gaussian,NUTS reference,A,2.9971458735767396,5.970388748656772
n_obs=1000 seed=0 convention=gaussian,NUTS reference,A,2.998454068956375,6.194440904773417
n_obs=1000 seed=0 convention=gaussian,NUTS reference,A,2.99976226433601,6.423379739304524
n_obs=1000 seed=0 convention=gaussian,NUTS reference,A,3.0010704597156455,6.657198235834572
n_obs=1000 seed=0 convention=gaussian,NUTS reference,A,3.0023786550952805,6.894623870464866
n_obs=1000 seed=0 convention=gaussian,NUTS reference,A,3.003686850474916,7.133237263155629
n_obs=1000 seed=0 convention=gaussian,NUTS reference,A,3.0049950458545513,7.369846736092801
n_obs=1000 seed=0 convention=gaussian,NUTS reference,A,3.0063032412341864,7.601017730377922
n_obs=1000 seed=0 convention=gaussian,NUTS reference,A,3.007611436613822,7.823614932180486
n_obs=1000 seed=0 convention=gaussian,NUTS reference,A,3.0089196319934572,8.035215450508813
n_obs=1000 seed=0 convention=gaussian,NUTS reference,A,3.010227827373092,8.234293476103275
n_obs=1000 seed=0 convention=gaussian,NUTS reference,A,3.0115360227527277,8.420147718409554
n_obs=1000 seed=0 convention=gaussian,NUTS reference,A,3.012844218132363,8.592621282550978
n_obs=1000 seed=0 convention=gaussian,NUTS reference,A,3.014152413511998,8.751726305790081
n_obs=1000 seed=0 convention=gaussian,NUTS reference,A,3.0154606088916336,8.897313921698519
n_obs=1000 seed=0 convention=gaussian,NUTS reference,A,3.0167688042712686,9.02891459371846
n_obs=1000 seed=0 convention=gaussian,NUTS reference,A,3.018076999650904,9.145817245876804
n_obs=1000 seed=0 convention=gaussian,NUTS reference,A,3.0193851950305395,9.247372982608487
n_obs=1000 seed=0 convention=gaussian,NUTS reference,A,3.0206933904101745,9.333425262630008
n_obs=1000 seed=0 convention=gaussian,NUTS reference,A,3.02200158578981,9.404711245108713
n_obs=1000 seed=0 convention=gaussian,NUTS reference,A,3.023309781169446,9.463070891489696
n_obs=1000 seed=0 convention=gaussian,NUTS reference,A,3.0246179765490804,9.511348576950056
n_obs=1000 seed=0 convention=gaussian,NUTS reference,A,3.025926171928716,9.552964085156209
n_obs=1000 seed=0 convention=gaussian,NUTS reference,A,3.0272343673083513,9.591236810575433
n_obs=1000 seed=0 convention=gaussian,NUTS reference,A,3.0285425626879863,9.628633074205386
n_obs=1000 seed=0 convention=gaussian,NUTS reference,A,3.0298507580676217,9.666142622722642
n_obs=1000 seed=0 convention=gaussian,NUTS reference,A,3.0311589534472567,9.702964588104456
n_obs=1000 seed=0 convention=gaussian,NUTS reference,A,3.032467148826892,9.736603679838485
n_obs=1000 seed=0 convention=gaussian,NUTS reference,A,3.0337753442065276,9.763368521834924
n_obs=1000 seed=0 convention=gaussian,NUTS reference,A,3.0350835395861626,9.779157586720896
n_obs=1000 seed=0 convention=gaussian,NUTS reference,A,3.036391734965798,9.780343783446948
n_obs=1000 seed=0 convention=gaussian,NUTS reference,A,3.0376999303454335,9.764546237466911
n_obs=1000 seed=0 convention=gaussian,NUTS reference,A,3.0390081257250685,9.73111215886996
n_obs=1000 seed=0 convention=gaussian,NUTS reference,A,3.040316321104704,9.681211545997884
n_obs=1000 seed=0 convention=gaussian,NUTS reference,A,3.0416245164843394,9.61754796292856
n_obs=1000 seed=0 convention=gaussian,NUTS reference,A,3.0429327118639744,9.543779193860688
n_obs=1000 seed=0 convention=gaussian,NUTS reference,A,3.04424090724361,9.463796818153316
n_obs=1000 seed=0 convention=gaussian,NUTS reference,A,3.045549102623245,9.381022956731622
n_obs=1000 seed=0 convention=gaussian,NUTS reference,A,3.0468572980028803,9.29785268076805
n_obs=1000 seed=0 convention=gaussian,NUTS reference,A,3.0481654933825157,9.215321147269329
n_obs=1000 seed=0 convention=gaussian,NUTS reference,A,3.0494736887621507,9.133025680462454
n_obs=1000 seed=0 convention=gaussian,NUTS reference,A,3.050781884141786,9.049295657501832
n_obs=1000 seed=0 convention=gaussian,NUTS reference,A,3.0520900795214216,8.961575763395063
n_obs=1000 seed=0 convention=gaussian,NUTS reference,A,3.0533982749010566,8.866963022779899
n_obs=1000 seed=0 convention=gaussian,NUTS reference,A,3.054706470280692,8.762810603847283
n_obs=1000 seed=0 convention=gaussian,NUTS reference,A,3.056014665660327,8.647287617956655
n_obs=1000 seed=0 convention=gaussian,NUTS reference,A,3.0573228610399625,8.519778375775457
n_obs=1000 seed=0 convention=gaussian,NUTS reference,A,3.058631056419598,8.381030053639204
n_obs=1000 seed=0 convention=gaussian,NUTS reference,A,3.059939251799233,8.233015617114956
n_obs=1000 seed=0 convention=gaussian,NUTS reference,A,3.0612474471788684,8.078553513595319
n_obs=1000 seed=0 convention=gaussian,NUTS reference,A,3.062555642558504,7.920790116125453
n_obs=1000 seed=0 convention=gaussian,NUTS reference,A,3.063863837938139,7.762679792147187
n_obs=1000 seed=0 convention=gaussian,NUTS reference,A,3.0651720333177743,7.606580027260986
n_obs=1000 seed=0 convention=gaussian,NUTS reference,A,3.0664802286974098,7.45402484104771
n_obs=1000 seed=0 convention=gaussian,NUTS reference,A,3.0677884240770448,7.30567396491566
n_obs=1000 seed=0 convention=gaussian,NUTS reference,A,3.06909661945668,7.161386211338568
n_obs=1000 seed=0 convention=gaussian,NUTS reference,A,3.070404814836315,7.020351094870642
n_obs=1000 seed=0 convention=gaussian,NUTS reference,A,3.0717130102159507,6.881232915116152
n_obs=1000 seed=0 convention=gaussian,NUTS reference,A,3.073021205595586,6.742319307230918
n_obs=1000 seed=0 convention=gaussian,NUTS reference,A,3.074329400975221,6.60169736330283
n_obs=1000 seed=0 convention=gaussian,NUTS reference,A,3.075637596354857,6.457485372247036
n_obs=1000 seed=0 convention=gaussian,NUTS reference,A,3.076945791734492,6.308122116864941
n_obs=1000 seed=0 convention=gaussian,NUTS reference,A,3.078253987114127,6.152670840092753
n_obs=1000 seed=0 convention=gaussian,NUTS reference,A,3.0795621824937625,5.9910555257915545
n_obs=1000 seed=0 convention=gaussian,NUTS reference,A,3.0808703778733975,5.824137481326591
n_obs=1000 seed=0 convention=gaussian,NUTS reference,A,3.082178573253033,5.6535728446049855
n_obs=1000 seed=0 convention=gaussian,NUTS reference,A,3.0834867686326684,5.481459472534094
n_obs=1000 seed=0 convention=gaussian,NUTS reference,A,3.0847949640123034,5.3098592000453735
n_obs=1000 seed=0 convention=gaussian,NUTS reference,A,3.086103159391939,5.1403351093265215
n_obs=1000 seed=0 convention=gaussian,NUTS reference,A,3.0874113547715742,4.973646956002228
n_obs=1000 seed=0 convention=gaussian,NUTS reference,A,3.0887195501512092,4.809695631178164
n_obs=1000 seed=0 convention=gaussian,NUTS reference,A,3.0900277455308447,4.647718798265836
n_obs=1000 seed=0 convention=gaussian,NUTS reference,A,3.09133594091048,4.486651208757366
n_obs=1000 seed=0 convention=gaussian,NUTS reference,A,3.092644136290115,4.325511964155452
n_obs=1000 seed=0 convention=gaussian,NUTS reference,A,3.0939523316697506,4.163687655824459
n_obs=1000 seed=0 convention=gaussian,NUTS reference,A,3.0952605270493856,4.001038980345544
n_obs=1000 seed=0 convention=gaussian,NUTS reference,A,3.096568722429021,3.8378400148590774
n_obs=1000 seed=0 convention=gaussian,NUTS reference,A,3.0978769178086565,3.6746259747416032
n_obs=1000 seed=0 convention=gaussian,NUTS reference,A,3.0991851131882915,3.5120484734694255
n_obs=1000 seed=0 convention=gaussian,NUTS reference,A,3.100493308567927,3.350810807380283
n_obs=1000 seed=0 convention=gaussian,NUTS reference,A,3.1018015039475624,3.191697099589876
n_obs=1000 seed=0 convention=gaussian,NUTS reference,A,3.1031096993271974,3.0356496204605357
n_obs=1000 seed=0 convention=gaussian,NUTS reference,A,3.104417894706833,2.8838176592895657
n_obs=1000 seed=0 convention=gaussian,NUTS reference,A,3.105726090086468,2.737512607417932
n_obs=1000 seed=0 convention=gaussian,NUTS reference,A,3.1070342854661033,2.5980499562585138
n_obs=1000 seed=0 convention=gaussian,NUTS reference,A,3.1083424808457387,2.4665160595798348
n_obs=1000 seed=0 convention=gaussian,NUTS reference,A,3.1096506762253737,2.3435380801053505
n_obs=1000 seed=0 convention=gaussian,NUTS reference,A,3.110958871605009,2.2291409898183026
n_obs=1000 seed=0 convention=gaussian,NUTS reference,A,3.1122670669846446,2.122744357250146
n_obs=1000 seed=0 convention=gaussian,NUTS reference,A,3.1135752623642796,2.0232990410445324
n_obs=1000 seed=0 convention=gaussian,NUTS reference,A,3.114883457743915,1.9295134794672568
n_obs=1000 seed=0 convention=gaussian,NUTS reference,A,3.1161916531235505,1.8400920515159973
n_obs=1000 seed=0 convention=gaussian,NUTS reference,A,3.1174998485031855,1.75391339570438
n_obs=1000 seed=0 convention=gaussian,NUTS reference,A,3.118808043882821,1.670109391397412
n_obs=1000 seed=0 convention=gaussian,NUTS reference,A,3.1201162392624564,1.5880495550573994
n_obs=1000 seed=0 convention=gaussian,NUTS reference,A,3.1214244346420914,1.507271704940688
n_obs=1000 seed=0 convention=gaussian,NUTS reference,A,3.122732630021727,1.427414069175235
n_obs=1000 seed=0 convention=gaussian,NUTS reference,A,3.124040825401362,1.3481931816175297
n_obs=1000 seed=0 convention=gaussian,NUTS reference,A,3.1253490207809973,1.269443178567385
n_obs=1000 seed=0 convention=gaussian,NUTS reference,A,3.1266572161606327,1.191199137458837
n_obs=1000 seed=0 convention=gaussian,NUTS reference,A,3.1279654115402677,1.1137836961888132
n_obs=1000 seed=0 convention=gaussian,NUTS reference,A,3.129273606919903,1.0378508627070715
n_obs=1000 seed=0 convention=gaussian,NUTS reference,A,3.130581802299538,0.9643542951718748
n_obs=1000 seed=0 convention=gaussian,NUTS reference,A,3.1318899976791736,0.8944330143640539
n_obs=1000 seed=0 convention=gaussian,NUTS reference,A,3.133198193058809,0.8292354386103036
n_obs=1000 seed=0 convention=gaussian,NUTS reference,A,3.134506388438444,0.7697231320842131
n_obs=1000 seed=0 convention=gaussian,NUTS reference,A,3.1358145838180795,0.7165026000612217
n_obs=1000 seed=0 convention=gaussian,NUTS reference,A,3.137122779197715,0.66972565893019
n_obs=1000 seed=0 convention=gaussian,NUTS reference,A,3.13843097457735,0.6290797475997703
n_obs=1000 seed=0 convention=gaussian,NUTS reference,A,3.1397391699569854,0.593865443130779
n_obs=1000 seed=0 convention=gaussian,NUTS reference,A,3.141047365336621,0.5631367066333391
n_obs=1000 seed=0 convention=gaussian,NUTS reference,A,3.142355560716256,0.5358660864106426
n_obs=1000 seed=0 convention=gaussian,NUTS reference,A,3.1436637560958913,0.511095389687004
n_obs=1000 seed=0 convention=gaussian,NUTS reference,A,3.1449719514755268,0.488041617807509
n_obs=1000 seed=0 convention=gaussian,NUTS reference,A,3.1462801468551618,0.4661443039622097
n_obs=1000 seed=0 convention=gaussian,NUTS reference,A,3.147588342234797,0.4450580069726893
n_obs=1000 seed=0 convention=gaussian,NUTS reference,A,3.148896537614432,0.4246070636066021
n_obs=1000 seed=0 convention=gaussian,NUTS reference,A,3.1502047329940677,0.404725384360611
n_obs=1000 seed=0 convention=gaussian,NUTS reference,A,3.151512928373703,0.3854017451022762
n_obs=1000 seed=0 convention=gaussian,NUTS reference,A,3.152821123753338,0.3666430617401747
n_obs=1000 seed=0 convention=gaussian,NUTS reference,A,3.1541293191329736,0.3484583748933969
n_obs=1000 seed=0 convention=gaussian,NUTS reference,A,3.155437514512609,0.3308584127662421
n_obs=1000 seed=0 convention=gaussian,NUTS reference,A,3.156745709892244,0.3138619204615769
n_obs=1000 seed=0 convention=gaussian,NUTS reference,A,3.1580539052718795,0.2975007369033061
n_obs=1000 seed=0 convention=gaussian,NUTS reference,A,3.1593621006515145,0.2818194064568176
n_obs=1000 seed=0 convention=gaussian,NUTS reference,A,3.16067029603115,0.2668695593091708
n_obs=1000 seed=0 convention=gaussian,NUTS reference,A,3.161978491410786,0.252702198671696
n_obs=1000 seed=0 convention=gaussian,NUTS reference,A,3.1632866867904204,0.2393613192002138
n_obs=1000 seed=0 convention=gaussian,NUTS reference,A,3.164594882170056,0.2268803442927538
n_obs=1000 seed=0 convention=gaussian,BSL,A,2.9042640016226344,0.0196502729315497
n_obs=1000 seed=0 convention=gaussian,BSL,A,2.90557219700227,0.021392829142013
n_obs=1000 seed=0 convention=gaussian,BSL,A,2.906880392381905,0.0223865173484099
n_obs=1000 seed=0 convention=gaussian,BSL,A,2.9081885877615403,0.0226353221602794
n_obs=1000 seed=0 convention=gaussian,BSL,A,2.909496783141176,0.0222863405760373
n_obs=1000 seed=0 convention=gaussian,BSL,A,2.9108049785208108,0.0216145106808581
n_obs=1000 seed=0 convention=gaussian,BSL,A,2.912113173900446,0.0209896016584125
n_obs=1000 seed=0 convention=gaussian,BSL,A,2.913421369280081,0.0208363191559603
n_obs=1000 seed=0 convention=gaussian,BSL,A,2.9147295646597167,0.0215963284385236
n_obs=1000 seed=0 convention=gaussian,BSL,A,2.916037760039352,0.0236956253805676
n_obs=1000 seed=0 convention=gaussian,BSL,A,2.917345955418987,0.0275147620798492
n_obs=1000 seed=0 convention=gaussian,BSL,A,2.9186541507986226,0.0333555357643658
n_obs=1000 seed=0 convention=gaussian,BSL,A,2.919962346178258,0.0413978098710394
n_obs=1000 seed=0 convention=gaussian,BSL,A,2.921270541557893,0.0516453699096663
n_obs=1000 seed=0 convention=gaussian,BSL,A,2.9225787369375285,0.0638699991176875
n_obs=1000 seed=0 convention=gaussian,BSL,A,2.9238869323171635,0.0775754979064457
n_obs=1000 seed=0 convention=gaussian,BSL,A,2.925195127696799,0.0920119554219232
n_obs=1000 seed=0 convention=gaussian,BSL,A,2.9265033230764343,0.106267273861732
n_obs=1000 seed=0 convention=gaussian,BSL,A,2.92781151845607,0.1194427229705347
n_obs=1000 seed=0 convention=gaussian,BSL,A,2.929119713835705,0.1308853754662161
n_obs=1000 seed=0 convention=gaussian,BSL,A,2.93042790921534,0.1404158931426486
n_obs=1000 seed=0 convention=gaussian,BSL,A,2.9317361045949752,0.1484738006401348
n_obs=1000 seed=0 convention=gaussian,BSL,A,2.9330442999746107,0.1561177123898124
n_obs=1000 seed=0 convention=gaussian,BSL,A,2.934352495354246,0.1648640229910078
n_obs=1000 seed=0 convention=gaussian,BSL,A,2.935660690733881,0.17640653019655
n_obs=1000 seed=0 convention=gaussian,BSL,A,2.9369688861135166,0.1923045559224352
n_obs=1000 seed=0 convention=gaussian,BSL,A,2.9382770814931516,0.2137367400008146
n_obs=1000 seed=0 convention=gaussian,BSL,A,2.939585276872787,0.2413872607986552
n_obs=1000 seed=0 convention=gaussian,BSL,A,2.9408934722524225,0.2754757644855221
n_obs=1000 seed=0 convention=gaussian,BSL,A,2.9422016676320575,0.3158879229489595
n_obs=1000 seed=0 convention=gaussian,BSL,A,2.943509863011693,0.362333816385469
n_obs=1000 seed=0 convention=gaussian,BSL,A,2.9448180583913284,0.4144659595067921
n_obs=1000 seed=0 convention=gaussian,BSL,A,2.9461262537709634,0.4719208789988416
n_obs=1000 seed=0 convention=gaussian,BSL,A,2.947434449150599,0.5342901593318294
n_obs=1000 seed=0 convention=gaussian,BSL,A,2.9487426445302343,0.6010605576579194
n_obs=1000 seed=0 convention=gaussian,BSL,A,2.9500508399098693,0.6715770528219206
n_obs=1000 seed=0 convention=gaussian,BSL,A,2.9513590352895047,0.7450756986966977
n_obs=1000 seed=0 convention=gaussian,BSL,A,2.9526672306691397,0.8208094149570808
n_obs=1000 seed=0 convention=gaussian,BSL,A,2.953975426048775,0.8982561888993494
n_obs=1000 seed=0 convention=gaussian,BSL,A,2.9552836214284106,0.9773630295881052
n_obs=1000 seed=0 convention=gaussian,BSL,A,2.9565918168080456,1.0587496095910798
n_obs=1000 seed=0 convention=gaussian,BSL,A,2.957900012187681,1.1437848425619714
n_obs=1000 seed=0 convention=gaussian,BSL,A,2.9592082075673165,1.2344697739884487
n_obs=1000 seed=0 convention=gaussian,BSL,A,2.9605164029469515,1.3331157865780383
n_obs=1000 seed=0 convention=gaussian,BSL,A,2.961824598326587,1.4418866305998426
n_obs=1000 seed=0 convention=gaussian,BSL,A,2.9631327937062224,1.5623452591991378
n_obs=1000 seed=0 convention=gaussian,BSL,A,2.9644409890858574,1.695171106243612
n_obs=1000 seed=0 convention=gaussian,BSL,A,2.965749184465493,1.8401615596384
n_obs=1000 seed=0 convention=gaussian,BSL,A,2.967057379845128,1.9965100901052275
n_obs=1000 seed=0 convention=gaussian,BSL,A,2.9683655752247633,2.163214265762903
n_obs=1000 seed=0 convention=gaussian,BSL,A,2.9696737706043987,2.339386225021887
n_obs=1000 seed=0 convention=gaussian,BSL,A,2.9709819659840337,2.5242752789427336
n_obs=1000 seed=0 convention=gaussian,BSL,A,2.972290161363669,2.7169672920263763
n_obs=1000 seed=0 convention=gaussian,BSL,A,2.9735983567433046,2.915927386722165
n_obs=1000 seed=0 convention=gaussian,BSL,A,2.9749065521229396,3.1186905709656805
n_obs=1000 seed=0 convention=gaussian,BSL,A,2.976214747502575,3.3219890049966754
n_obs=1000 seed=0 convention=gaussian,BSL,A,2.97752294288221,3.522420293029368
n_obs=1000 seed=0 convention=gaussian,BSL,A,2.9788311382618455,3.7174854516117497
n_obs=1000 seed=0 convention=gaussian,BSL,A,2.980139333641481,3.906592561541196
n_obs=1000 seed=0 convention=gaussian,BSL,A,2.981447529021116,4.091557460364919
n_obs=1000 seed=0 convention=gaussian,BSL,A,2.982755724400751,4.276286216751289
n_obs=1000 seed=0 convention=gaussian,BSL,A,2.984063919780387,4.465640710391434
n_obs=1000 seed=0 convention=gaussian,BSL,A,2.985372115160022,4.66383033449777
n_obs=1000 seed=0 convention=gaussian,BSL,A,2.9866803105396573,4.872883184000719
n_obs=1000 seed=0 convention=gaussian,BSL,A,2.9879885059192928,5.091731773145645
n_obs=1000 seed=0 convention=gaussian,BSL,A,2.989296701298928,5.316213198806357
n_obs=1000 seed=0 convention=gaussian,BSL,A,2.990604896678563,5.539946227304639
n_obs=1000 seed=0 convention=gaussian,BSL,A,2.991913092058198,5.755763029343633
n_obs=1000 seed=0 convention=gaussian,BSL,A,2.9932212874378337,5.957253755248401
n_obs=1000 seed=0 convention=gaussian,BSL,A,2.994529482817469,6.140043633665541
n_obs=1000 seed=0 convention=gaussian,BSL,A,2.995837678197104,6.302590050082992
n_obs=1000 seed=0 convention=gaussian,BSL,A,2.9971458735767396,6.4464540368760685
n_obs=1000 seed=0 convention=gaussian,BSL,A,2.998454068956375,6.5760952778040895
n_obs=1000 seed=0 convention=gaussian,BSL,A,2.99976226433601,6.698259144210682
n_obs=1000 seed=0 convention=gaussian,BSL,A,3.0010704597156455,6.821016786059801
n_obs=1000 seed=0 convention=gaussian,BSL,A,3.0023786550952805,6.952537943103383
n_obs=1000 seed=0 convention=gaussian,BSL,A,3.003686850474916,7.09973890834924
n_obs=1000 seed=0 convention=gaussian,BSL,A,3.0049950458545513,7.267028448230257
n_obs=1000 seed=0 convention=gaussian,BSL,A,3.0063032412341864,7.45542092994116
n_obs=1000 seed=0 convention=gaussian,BSL,A,3.007611436613822,7.66225313853102
n_obs=1000 seed=0 convention=gaussian,BSL,A,3.0089196319934572,7.881616125671917
n_obs=1000 seed=0 convention=gaussian,BSL,A,3.010227827373092,8.105425880839801
n_obs=1000 seed=0 convention=gaussian,BSL,A,3.0115360227527277,8.324872091123618
n_obs=1000 seed=0 convention=gaussian,BSL,A,3.012844218132363,8.53187784374269
n_obs=1000 seed=0 convention=gaussian,BSL,A,3.014152413511998,8.720223730192782
n_obs=1000 seed=0 convention=gaussian,BSL,A,3.0154606088916336,8.886131922482255
n_obs=1000 seed=0 convention=gaussian,BSL,A,3.0167688042712686,9.028307421649066
n_obs=1000 seed=0 convention=gaussian,BSL,A,3.018076999650904,9.14760528166618
n_obs=1000 seed=0 convention=gaussian,BSL,A,3.0193851950305395,9.246561491980913
n_obs=1000 seed=0 convention=gaussian,BSL,A,3.0206933904101745,9.328969865873406
n_obs=1000 seed=0 convention=gaussian,BSL,A,3.02200158578981,9.399544765269509
n_obs=1000 seed=0 convention=gaussian,BSL,A,3.023309781169446,9.46355675270197
n_obs=1000 seed=0 convention=gaussian,BSL,A,3.0246179765490804,9.526250075821354
n_obs=1000 seed=0 convention=gaussian,BSL,A,3.025926171928716,9.591905598467466
n_obs=1000 seed=0 convention=gaussian,BSL,A,3.0272343673083513,9.662602772731203
n_obs=1000 seed=0 convention=gaussian,BSL,A,3.0285425626879863,9.73699044503898
n_obs=1000 seed=0 convention=gaussian,BSL,A,3.0298507580676217,9.809571719869831
n_obs=1000 seed=0 convention=gaussian,BSL,A,3.0311589534472567,9.871009455435578
n_obs=1000 seed=0 convention=gaussian,BSL,A,3.032467148826892,9.90970179535917
n_obs=1000 seed=0 convention=gaussian,BSL,A,3.0337753442065276,9.914423386590164
n_obs=1000 seed=0 convention=gaussian,BSL,A,3.0350835395861626,9.87736087554766
n_obs=1000 seed=0 convention=gaussian,BSL,A,3.036391734965798,9.796615034228086
n_obs=1000 seed=0 convention=gaussian,BSL,A,3.0376999303454335,9.677342592644504
n_obs=1000 seed=0 convention=gaussian,BSL,A,3.0390081257250685,9.531148648710182
n_obs=1000 seed=0 convention=gaussian,BSL,A,3.040316321104704,9.37392894616272
n_obs=1000 seed=0 convention=gaussian,BSL,A,3.0416245164843394,9.22284022270366
n_obs=1000 seed=0 convention=gaussian,BSL,A,3.0429327118639744,9.093247818564588
n_obs=1000 seed=0 convention=gaussian,BSL,A,3.04424090724361,8.996327219805082
n_obs=1000 seed=0 convention=gaussian,BSL,A,3.045549102623245,8.93761740119685
n_obs=1000 seed=0 convention=gaussian,BSL,A,3.0468572980028803,8.91646330328362
n_obs=1000 seed=0 convention=gaussian,BSL,A,3.0481654933825157,8.926123609329657
n_obs=1000 seed=0 convention=gaussian,BSL,A,3.0494736887621507,8.954394808741034
n_obs=1000 seed=0 convention=gaussian,BSL,A,3.050781884141786,8.984792512626235
n_obs=1000 seed=0 convention=gaussian,BSL,A,3.0520900795214216,8.998440289763316
n_obs=1000 seed=0 convention=gaussian,BSL,A,3.0533982749010566,8.97670341369435
n_obs=1000 seed=0 convention=gaussian,BSL,A,3.054706470280692,8.904280950858087
n_obs=1000 seed=0 convention=gaussian,BSL,A,3.056014665660327,8.772103729030396
n_obs=1000 seed=0 convention=gaussian,BSL,A,3.0573228610399625,8.579210539253234
n_obs=1000 seed=0 convention=gaussian,BSL,A,3.058631056419598,8.332946147004167
n_obs=1000 seed=0 convention=gaussian,BSL,A,3.059939251799233,8.047319265406696
n_obs=1000 seed=0 convention=gaussian,BSL,A,3.0612474471788684,7.739974548982366
n_obs=1000 seed=0 convention=gaussian,BSL,A,3.062555642558504,7.428692363648967
n_obs=1000 seed=0 convention=gaussian,BSL,A,3.063863837938139,7.128427335450755
n_obs=1000 seed=0 convention=gaussian,BSL,A,3.0651720333177743,6.8496019828381876
n_obs=1000 seed=0 convention=gaussian,BSL,A,3.0664802286974098,6.597839485597936
n_obs=1000 seed=0 convention=gaussian,BSL,A,3.0677884240770448,6.374799690178376
n_obs=1000 seed=0 convention=gaussian,BSL,A,3.06909661945668,6.179491536334103
n_obs=1000 seed=0 convention=gaussian,BSL,A,3.070404814836315,6.009458665426706
n_obs=1000 seed=0 convention=gaussian,BSL,A,3.0717130102159507,5.861504456087555
n_obs=1000 seed=0 convention=gaussian,BSL,A,3.073021205595586,5.731968539817895
n_obs=1000 seed=0 convention=gaussian,BSL,A,3.074329400975221,5.616811115925782
n_obs=1000 seed=0 convention=gaussian,BSL,A,3.075637596354857,5.511802102246453
n_obs=1000 seed=0 convention=gaussian,BSL,A,3.076945791734492,5.412961697326612
n_obs=1000 seed=0 convention=gaussian,BSL,A,3.078253987114127,5.317164791559925
n_obs=1000 seed=0 convention=gaussian,BSL,A,3.0795621824937625,5.222643846738333
n_obs=1000 seed=0 convention=gaussian,BSL,A,3.0808703778733975,5.129102780501323
n_obs=1000 seed=0 convention=gaussian,BSL,A,3.082178573253033,5.037299472875678
n_obs=1000 seed=0 convention=gaussian,BSL,A,3.0834867686326684,4.94819041348433
n_obs=1000 seed=0 convention=gaussian,BSL,A,3.0847949640123034,4.861938200316432
n_obs=1000 seed=0 convention=gaussian,BSL,A,3.086103159391939,4.777161275075209
n_obs=1000 seed=0 convention=gaussian,BSL,A,3.0874113547715742,4.6907228689456115
n_obs=1000 seed=0 convention=gaussian,BSL,A,3.0887195501512092,4.598156809307907
n_obs=1000 seed=0 convention=gaussian,BSL,A,3.0900277455308447,4.4946034238010535
n_obs=1000 seed=0 convention=gaussian,BSL,A,3.09133594091048,4.375970292652018
n_obs=1000 seed=0 convention=gaussian,BSL,A,3.092644136290115,4.2399890394684485
n_obs=1000 seed=0 convention=gaussian,BSL,A,3.0939523316697506,4.0869031860298755
n_obs=1000 seed=0 convention=gaussian,BSL,A,3.0952605270493856,3.91964494032178
n_obs=1000 seed=0 convention=gaussian,BSL,A,3.096568722429021,3.7434845815743896
n_obs=1000 seed=0 convention=gaussian,BSL,A,3.0978769178086565,3.56523104469065
n_obs=1000 seed=0 convention=gaussian,BSL,A,3.0991851131882915,3.3921244590971504
n_obs=1000 seed=0 convention=gaussian,BSL,A,3.100493308567927,3.23060674238157
n_obs=1000 seed=0 convention=gaussian,BSL,A,3.1018015039475624,3.085193755851957
n_obs=1000 seed=0 convention=gaussian,BSL,A,3.1031096993271974,2.957687896162468
n_obs=1000 seed=0 convention=gaussian,BSL,A,3.104417894706833,2.8469331252434507
n_obs=1000 seed=0 convention=gaussian,BSL,A,3.105726090086468,2.7492049059916206
n_obs=1000 seed=0 convention=gaussian,BSL,A,3.1070342854661033,2.659160207063914
n_obs=1000 seed=0 convention=gaussian,BSL,A,3.1083424808457387,2.571102165841122
n_obs=1000 seed=0 convention=gaussian,BSL,A,3.1096506762253737,2.480210849750787
n_obs=1000 seed=0 convention=gaussian,BSL,A,3.110958871605009,2.3834051009848194
n_obs=1000 seed=0 convention=gaussian,BSL,A,3.1122670669846446,2.279630525241637
n_obs=1000 seed=0 convention=gaussian,BSL,A,3.1135752623642796,2.1695645765126614
n_obs=1000 seed=0 convention=gaussian,BSL,A,3.114883457743915,2.0549153692004363
n_obs=1000 seed=0 convention=gaussian,BSL,A,3.1161916531235505,1.9376003468986944
n_obs=1000 seed=0 convention=gaussian,BSL,A,3.1174998485031855,1.8190941755707448
n_obs=1000 seed=0 convention=gaussian,BSL,A,3.118808043882821,1.700143652889729
n_obs=1000 seed=0 convention=gaussian,BSL,A,3.1201162392624564,1.5809020113042789
n_obs=1000 seed=0 convention=gaussian,BSL,A,3.1214244346420914,1.4613872226485598
n_obs=1000 seed=0 convention=gaussian,BSL,A,3.122732630021727,1.3420643493032332
n_obs=1000 seed=0 convention=gaussian,BSL,A,3.124040825401362,1.224319741160795
n_obs=1000 seed=0 convention=gaussian,BSL,A,3.1253490207809973,1.1106415084645018
n_obs=1000 seed=0 convention=gaussian,BSL,A,3.1266572161606327,1.00442775487182
n_obs=1000 seed=0 convention=gaussian,BSL,A,3.1279654115402677,0.9094719422363172
n_obs=1000 seed=0 convention=gaussian,BSL,A,3.129273606919903,0.8292759646809363
n_obs=1000 seed=0 convention=gaussian,BSL,A,3.130581802299538,0.7663805203449525
n_obs=1000 seed=0 convention=gaussian,BSL,A,3.1318899976791736,0.7218724007735176
n_obs=1000 seed=0 convention=gaussian,BSL,A,3.133198193058809,0.6951537138031143
n_obs=1000 seed=0 convention=gaussian,BSL,A,3.134506388438444,0.6839792167545401
n_obs=1000 seed=0 convention=gaussian,BSL,A,3.1358145838180795,0.6847176270377617
n_obs=1000 seed=0 convention=gaussian,BSL,A,3.137122779197715,0.6927790358411872
n_obs=1000 seed=0 convention=gaussian,BSL,A,3.13843097457735,0.7031568665615774
n_obs=1000 seed=0 convention=gaussian,BSL,A,3.1397391699569854,0.711034176570079
n_obs=1000 seed=0 convention=gaussian,BSL,A,3.141047365336621,0.7123870087693206
n_obs=1000 seed=0 convention=gaussian,BSL,A,3.142355560716256,0.7044903619180405
n_obs=1000 seed=0 convention=gaussian,BSL,A,3.1436637560958913,0.6862197578601792
n_obs=1000 seed=0 convention=gaussian,BSL,A,3.1449719514755268,0.6580666044820455
n_obs=1000 seed=0 convention=gaussian,BSL,A,3.1462801468551618,0.6218527335435167
n_obs=1000 seed=0 convention=gaussian,BSL,A,3.147588342234797,0.5802171056042756
n_obs=1000 seed=0 convention=gaussian,BSL,A,3.148896537614432,0.5360178584081896
n_obs=1000 seed=0 convention=gaussian,BSL,A,3.1502047329940677,0.4918117433688294
n_obs=1000 seed=0 convention=gaussian,BSL,A,3.151512928373703,0.4495301300090114
n_obs=1000 seed=0 convention=gaussian,BSL,A,3.152821123753338,0.4103861527016533
n_obs=1000 seed=0 convention=gaussian,BSL,A,3.1541293191329736,0.3749614935008427
n_obs=1000 seed=0 convention=gaussian,BSL,A,3.155437514512609,0.3433727292569171
n_obs=1000 seed=0 convention=gaussian,BSL,A,3.156745709892244,0.3154233680334417
n_obs=1000 seed=0 convention=gaussian,BSL,A,3.1580539052718795,0.2906964631273673
n_obs=1000 seed=0 convention=gaussian,BSL,A,3.1593621006515145,0.268601305250794
n_obs=1000 seed=0 convention=gaussian,BSL,A,3.16067029603115,0.2484224841496509
n_obs=1000 seed=0 convention=gaussian,BSL,A,3.161978491410786,0.2294143685835233
n_obs=1000 seed=0 convention=gaussian,BSL,A,3.1632866867904204,0.2109469370910314
n_obs=1000 seed=0 convention=gaussian,BSL,A,3.164594882170056,0.1926649975763402
n_obs=1000 seed=0 convention=gaussian,Gaussian-NPE (z-score),A,2.9042640016226344,0.238222648552263
n_obs=1000 seed=0 convention=gaussian,Gaussian-NPE (z-score),A,2.90557219700227,0.2652290971353082
n_obs=1000 seed=0 convention=gaussian,Gaussian-NPE (z-score),A,2.906880392381905,0.2941431134515436
n_obs=1000 seed=0 convention=gaussian,Gaussian-NPE (z-score),A,2.9081885877615403,0.3243783074863451
n_obs=1000 seed=0 convention=gaussian,Gaussian-NPE (z-score),A,2.909496783141176,0.3554074039301517
n_obs=1000 seed=0 convention=gaussian,Gaussian-NPE (z-score),A,2.9108049785208108,0.3869348805438262
n_obs=1000 seed=0 convention=gaussian,Gaussian-NPE (z-score),A,2.912113173900446,0.4190373187486661
n_obs=1000 seed=0 convention=gaussian,Gaussian-NPE (z-score),A,2.913421369280081,0.4522240754234538
n_obs=1000 seed=0 convention=gaussian,Gaussian-NPE (z-score),A,2.9147295646597167,0.4873859515982132
n_obs=1000 seed=0 convention=gaussian,Gaussian-NPE (z-score),A,2.916037760039352,0.5256287235421335
n_obs=1000 seed=0 convention=gaussian,Gaussian-NPE (z-score),A,2.917345955418987,0.5680246450537386
n_obs=1000 seed=0 convention=gaussian,Gaussian-NPE (z-score),A,2.9186541507986226,0.6153468203156267
n_obs=1000 seed=0 convention=gaussian,Gaussian-NPE (z-score),A,2.919962346178258,0.6678665049663897
n_obs=1000 seed=0 convention=gaussian,Gaussian-NPE (z-score),A,2.921270541557893,0.7252838185587083
n_obs=1000 seed=0 convention=gaussian,Gaussian-NPE (z-score),A,2.9225787369375285,0.7868277840517457
n_obs=1000 seed=0 convention=gaussian,Gaussian-NPE (z-score),A,2.9238869323171635,0.8515107483559538
n_obs=1000 seed=0 convention=gaussian,Gaussian-NPE (z-score),A,2.925195127696799,0.9184706047788488
n_obs=1000 seed=0 convention=gaussian,Gaussian-NPE (z-score),A,2.9265033230764343,0.9872993913765
n_obs=1000 seed=0 convention=gaussian,Gaussian-NPE (z-score),A,2.92781151845607,1.0582524428060374
n_obs=1000 seed=0 convention=gaussian,Gaussian-NPE (z-score),A,2.929119713835705,1.1322629332981915
n_obs=1000 seed=0 convention=gaussian,Gaussian-NPE (z-score),A,2.93042790921534,1.2107452943717147
n_obs=1000 seed=0 convention=gaussian,Gaussian-NPE (z-score),A,2.9317361045949752,1.295239993861991
n_obs=1000 seed=0 convention=gaussian,Gaussian-NPE (z-score),A,2.9330442999746107,1.38700835879309
n_obs=1000 seed=0 convention=gaussian,Gaussian-NPE (z-score),A,2.934352495354246,1.486708583396197
n_obs=1000 seed=0 convention=gaussian,Gaussian-NPE (z-score),A,2.935660690733881,1.5942621454281285
n_obs=1000 seed=0 convention=gaussian,Gaussian-NPE (z-score),A,2.9369688861135166,1.70895840884129
n_obs=1000 seed=0 convention=gaussian,Gaussian-NPE (z-score),A,2.9382770814931516,1.8297642564072063
n_obs=1000 seed=0 convention=gaussian,Gaussian-NPE (z-score),A,2.939585276872787,1.9557338415732697
n_obs=1000 seed=0 convention=gaussian,Gaussian-NPE (z-score),A,2.9408934722524225,2.086377467679131
n_obs=1000 seed=0 convention=gaussian,Gaussian-NPE (z-score),A,2.9422016676320575,2.221861810021997
n_obs=1000 seed=0 convention=gaussian,Gaussian-NPE (z-score),A,2.943509863011693,2.3629712166454957
n_obs=1000 seed=0 convention=gaussian,Gaussian-NPE (z-score),A,2.9448180583913284,2.510840233303502
n_obs=1000 seed=0 convention=gaussian,Gaussian-NPE (z-score),A,2.9461262537709634,2.6665420056147906
n_obs=1000 seed=0 convention=gaussian,Gaussian-NPE (z-score),A,2.947434449150599,2.830661261630242
n_obs=1000 seed=0 convention=gaussian,Gaussian-NPE (z-score),A,2.9487426445302343,3.0029824805175025
n_obs=1000 seed=0 convention=gaussian,Gaussian-NPE (z-score),A,2.9500508399098693,3.1823869715424324
n_obs=1000 seed=0 convention=gaussian,Gaussian-NPE (z-score),A,2.9513590352895047,3.3669913894579744
n_obs=1000 seed=0 convention=gaussian,Gaussian-NPE (z-score),A,2.9526672306691397,3.554493468981849
n_obs=1000 seed=0 convention=gaussian,Gaussian-NPE (z-score),A,2.953975426048775,3.742635615997297
n_obs=1000 seed=0 convention=gaussian,Gaussian-NPE (z-score),A,2.9552836214284106,3.929665730729052
n_obs=1000 seed=0 convention=gaussian,Gaussian-NPE (z-score),A,2.9565918168080456,4.114673660144355
n_obs=1000 seed=0 convention=gaussian,Gaussian-NPE (z-score),A,2.957900012187681,4.297711264803532
n_obs=1000 seed=0 convention=gaussian,Gaussian-NPE (z-score),A,2.9592082075673165,4.479658253834371
n_obs=1000 seed=0 convention=gaussian,Gaussian-NPE (z-score),A,2.9605164029469515,4.661862860531657
n_obs=1000 seed=0 convention=gaussian,Gaussian-NPE (z-score),A,2.961824598326587,4.845650201018775
n_obs=1000 seed=0 convention=gaussian,Gaussian-NPE (z-score),A,2.9631327937062224,5.031835008321114
n_obs=1000 seed=0 convention=gaussian,Gaussian-NPE (z-score),A,2.9644409890858574,5.220385599176921
n_obs=1000 seed=0 convention=gaussian,Gaussian-NPE (z-score),A,2.965749184465493,5.410355360002398
n_obs=1000 seed=0 convention=gaussian,Gaussian-NPE (z-score),A,2.967057379845128,5.600129424369126
n_obs=1000 seed=0 convention=gaussian,Gaussian-NPE (z-score),A,2.9683655752247633,5.7879417588735995
n_obs=1000 seed=0 convention=gaussian,Gaussian-NPE (z-score),A,2.9696737706043987,5.9725264522984265
n_obs=1000 seed=0 convention=gaussian,Gaussian-NPE (z-score),A,2.9709819659840337,6.153706983152334
n_obs=1000 seed=0 convention=gaussian,Gaussian-NPE (z-score),A,2.972290161363669,6.3327245554637
n_obs=1000 seed=0 convention=gaussian,Gaussian-NPE (z-score),A,2.9735983567433046,6.512170825430884
n_obs=1000 seed=0 convention=gaussian,Gaussian-NPE (z-score),A,2.9749065521229396,6.695506646901385
n_obs=1000 seed=0 convention=gaussian,Gaussian-NPE (z-score),A,2.976214747502575,6.886279233369349
n_obs=1000 seed=0 convention=gaussian,Gaussian-NPE (z-score),A,2.97752294288221,7.087248171582808
n_obs=1000 seed=0 convention=gaussian,Gaussian-NPE (z-score),A,2.9788311382618455,7.299659115802681
n_obs=1000 seed=0 convention=gaussian,Gaussian-NPE (z-score),A,2.980139333641481,7.522853014968768
n_obs=1000 seed=0 convention=gaussian,Gaussian-NPE (z-score),A,2.981447529021116,7.754290551784704
n_obs=1000 seed=0 convention=gaussian,Gaussian-NPE (z-score),A,2.982755724400751,7.989949665603167
n_obs=1000 seed=0 convention=gaussian,Gaussian-NPE (z-score),A,2.984063919780387,8.224963106434776
n_obs=1000 seed=0 convention=gaussian,Gaussian-NPE (z-score),A,2.985372115160022,8.454328804017422
n_obs=1000 seed=0 convention=gaussian,Gaussian-NPE (z-score),A,2.9866803105396573,8.673546896945048
n_obs=1000 seed=0 convention=gaussian,Gaussian-NPE (z-score),A,2.9879885059192928,8.879090178227074
n_obs=1000 seed=0 convention=gaussian,Gaussian-NPE (z-score),A,2.989296701298928,9.068669709512418
n_obs=1000 seed=0 convention=gaussian,Gaussian-NPE (z-score),A,2.990604896678563,9.241294238094586
n_obs=1000 seed=0 convention=gaussian,Gaussian-NPE (z-score),A,2.991913092058198,9.397138113631147
n_obs=1000 seed=0 convention=gaussian,Gaussian-NPE (z-score),A,2.9932212874378337,9.537239238528128
n_obs=1000 seed=0 convention=gaussian,Gaussian-NPE (z-score),A,2.994529482817469,9.663061203341718
n_obs=1000 seed=0 convention=gaussian,Gaussian-NPE (z-score),A,2.995837678197104,9.775979229614451
n_obs=1000 seed=0 convention=gaussian,Gaussian-NPE (z-score),A,2.9971458735767396,9.876781730005105
n_obs=1000 seed=0 convention=gaussian,Gaussian-NPE (z-score),A,2.998454068956375,9.96530195932628
n_obs=1000 seed=0 convention=gaussian,Gaussian-NPE (z-score),A,2.99976226433601,10.04028996387382
n_obs=1000 seed=0 convention=gaussian,Gaussian-NPE (z-score),A,3.0010704597156455,10.099594758812534
n_obs=1000 seed=0 convention=gaussian,Gaussian-NPE (z-score),A,3.0023786550952805,10.140654951504889
n_obs=1000 seed=0 convention=gaussian,Gaussian-NPE (z-score),A,3.003686850474916,10.161210429920493
n_obs=1000 seed=0 convention=gaussian,Gaussian-NPE (z-score),A,3.0049950458545513,10.160073197434956
n_obs=1000 seed=0 convention=gaussian,Gaussian-NPE (z-score),A,3.0063032412341864,10.1377565031277
n_obs=1000 seed=0 convention=gaussian,Gaussian-NPE (z-score),A,3.007611436613822,10.096774674485664
n_obs=1000 seed=0 convention=gaussian,Gaussian-NPE (z-score),A,3.0089196319934572,10.041494468756282
n_obs=1000 seed=0 convention=gaussian,Gaussian-NPE (z-score),A,3.010227827373092,9.977529060796396
n_obs=1000 seed=0 convention=gaussian,Gaussian-NPE (z-score),A,3.0115360227527277,9.910790084240707
n_obs=1000 seed=0 convention=gaussian,Gaussian-NPE (z-score),A,3.012844218132363,9.846415391074125
n_obs=1000 seed=0 convention=gaussian,Gaussian-NPE (z-score),A,3.014152413511998,9.787836851204007
n_obs=1000 seed=0 convention=gaussian,Gaussian-NPE (z-score),A,3.0154606088916336,9.736224486713423
n_obs=1000 seed=0 convention=gaussian,Gaussian-NPE (z-score),A,3.0167688042712686,9.69044454445957
n_obs=1000 seed=0 convention=gaussian,Gaussian-NPE (z-score),A,3.018076999650904,9.64752792211632
n_obs=1000 seed=0 convention=gaussian,Gaussian-NPE (z-score),A,3.0193851950305395,9.603505650371982
n_obs=1000 seed=0 convention=gaussian,Gaussian-NPE (z-score),A,3.0206933904101745,9.55437430188645
n_obs=1000 seed=0 convention=gaussian,Gaussian-NPE (z-score),A,3.02200158578981,9.49693464875979
n_obs=1000 seed=0 convention=gaussian,Gaussian-NPE (z-score),A,3.023309781169446,9.429303649161506
n_obs=1000 seed=0 convention=gaussian,Gaussian-NPE (z-score),A,3.0246179765490804,9.35100895123842
n_obs=1000 seed=0 convention=gaussian,Gaussian-NPE (z-score),A,3.025926171928716,9.26269747344202
n_obs=1000 seed=0 convention=gaussian,Gaussian-NPE (z-score),A,3.0272343673083513,9.165586987533487
n_obs=1000 seed=0 convention=gaussian,Gaussian-NPE (z-score),A,3.0285425626879863,9.060838001459857
n_obs=1000 seed=0 convention=gaussian,Gaussian-NPE (z-score),A,3.0298507580676217,8.949018294493577
n_obs=1000 seed=0 convention=gaussian,Gaussian-NPE (z-score),A,3.0311589534472567,8.829786157709094
n_obs=1000 seed=0 convention=gaussian,Gaussian-NPE (z-score),A,3.032467148826892,8.701850584526964
n_obs=1000 seed=0 convention=gaussian,Gaussian-NPE (z-score),A,3.0337753442065276,8.56319690615118
n_obs=1000 seed=0 convention=gaussian,Gaussian-NPE (z-score),A,3.0350835395861626,8.411509345071012
n_obs=1000 seed=0 convention=gaussian,Gaussian-NPE (z-score),A,3.036391734965798,8.244686433753994
n_obs=1000 seed=0 convention=gaussian,Gaussian-NPE (z-score),A,3.0376999303454335,8.061334777019917
n_obs=1000 seed=0 convention=gaussian,Gaussian-NPE (z-score),A,3.0390081257250685,7.861140301862079
n_obs=1000 seed=0 convention=gaussian,Gaussian-NPE (z-score),A,3.040316321104704,7.645048999298356
n_obs=1000 seed=0 convention=gaussian,Gaussian-NPE (z-score),A,3.0416245164843394,7.415233110329272
n_obs=1000 seed=0 convention=gaussian,Gaussian-NPE (z-score),A,3.0429327118639744,7.174864030120649
n_obs=1000 seed=0 convention=gaussian,Gaussian-NPE (z-score),A,3.04424090724361,6.9277504809821275
n_obs=1000 seed=0 convention=gaussian,Gaussian-NPE (z-score),A,3.045549102623245,6.677922229277202
n_obs=1000 seed=0 convention=gaussian,Gaussian-NPE (z-score),A,3.0468572980028803,6.42924142636792
n_obs=1000 seed=0 convention=gaussian,Gaussian-NPE (z-score),A,3.0481654933825157,6.185105417532386
n_obs=1000 seed=0 convention=gaussian,Gaussian-NPE (z-score),A,3.0494736887621507,5.948271634755363
n_obs=1000 seed=0 convention=gaussian,Gaussian-NPE (z-score),A,3.050781884141786,5.720797052033292
n_obs=1000 seed=0 convention=gaussian,Gaussian-NPE (z-score),A,3.0520900795214216,5.504054426292097
n_obs=1000 seed=0 convention=gaussian,Gaussian-NPE (z-score),A,3.0533982749010566,5.298776067300523
n_obs=1000 seed=0 convention=gaussian,Gaussian-NPE (z-score),A,3.054706470280692,5.105087027924969
n_obs=1000 seed=0 convention=gaussian,Gaussian-NPE (z-score),A,3.056014665660327,4.922517430636016
n_obs=1000 seed=0 convention=gaussian,Gaussian-NPE (z-score),A,3.0573228610399625,4.750014252732469
n_obs=1000 seed=0 convention=gaussian,Gaussian-NPE (z-score),A,3.058631056419598,4.5859906972445845
n_obs=1000 seed=0 convention=gaussian,Gaussian-NPE (z-score),A,3.059939251799233,4.4284467037792465
n_obs=1000 seed=0 convention=gaussian,Gaussian-NPE (z-score),A,3.0612474471788684,4.27516868142994
n_obs=1000 seed=0 convention=gaussian,Gaussian-NPE (z-score),A,3.062555642558504,4.123982254581806
n_obs=1000 seed=0 convention=gaussian,Gaussian-NPE (z-score),A,3.063863837938139,3.973005524317067
n_obs=1000 seed=0 convention=gaussian,Gaussian-NPE (z-score),A,3.0651720333177743,3.820845296401497
n_obs=1000 seed=0 convention=gaussian,Gaussian-NPE (z-score),A,3.0664802286974098,3.666697931689668
n_obs=1000 seed=0 convention=gaussian,Gaussian-NPE (z-score),A,3.0677884240770448,3.510351113086838
n_obs=1000 seed=0 convention=gaussian,Gaussian-NPE (z-score),A,3.06909661945668,3.352116439957685
n_obs=1000 seed=0 convention=gaussian,Gaussian-NPE (z-score),A,3.070404814836315,3.1927393620957636
n_obs=1000 seed=0 convention=gaussian,Gaussian-NPE (z-score),A,3.0717130102159507,3.0333250803192673
n_obs=1000 seed=0 convention=gaussian,Gaussian-NPE (z-score),A,3.073021205595586,2.8752916588136275
n_obs=1000 seed=0 convention=gaussian,Gaussian-NPE (z-score),A,3.074329400975221,2.720329752393692
n_obs=1000 seed=0 convention=gaussian,Gaussian-NPE (z-score),A,3.075637596354857,2.5703294000956856
n_obs=1000 seed=0 convention=gaussian,Gaussian-NPE (z-score),A,3.076945791734492,2.427238916524782
n_obs=1000 seed=0 convention=gaussian,Gaussian-NPE (z-score),A,3.078253987114127,2.2928475839625326
n_obs=1000 seed=0 convention=gaussian,Gaussian-NPE (z-score),A,3.0795621824937625,2.1685202741232232
n_obs=1000 seed=0 convention=gaussian,Gaussian-NPE (z-score),A,3.0808703778733975,2.0549418470819925
n_obs=1000 seed=0 convention=gaussian,Gaussian-NPE (z-score),A,3.082178573253033,1.9519397552370912
n_obs=1000 seed=0 convention=gaussian,Gaussian-NPE (z-score),A,3.0834867686326684,1.8584412415941027
n_obs=1000 seed=0 convention=gaussian,Gaussian-NPE (z-score),A,3.0847949640123034,1.7725919839407638
n_obs=1000 seed=0 convention=gaussian,Gaussian-NPE (z-score),A,3.086103159391939,1.6920256187776987
n_obs=1000 seed=0 convention=gaussian,Gaussian-NPE (z-score),A,3.0874113547715742,1.6142379740770865
n_obs=1000 seed=0 convention=gaussian,Gaussian-NPE (z-score),A,3.0887195501512092,1.5369936079977813
n_obs=1000 seed=0 convention=gaussian,Gaussian-NPE (z-score),A,3.0900277455308447,1.458680830787598
n_obs=1000 seed=0 convention=gaussian,Gaussian-NPE (z-score),A,3.09133594091048,1.3785384301695005
n_obs=1000 seed=0 convention=gaussian,Gaussian-NPE (z-score),A,3.092644136290115,1.2967036898448163
n_obs=1000 seed=0 convention=gaussian,Gaussian-NPE (z-score),A,3.0939523316697506,1.2140730088011311
n_obs=1000 seed=0 convention=gaussian,Gaussian-NPE (z-score),A,3.0952605270493856,1.132013596074502
n_obs=1000 seed=0 convention=gaussian,Gaussian-NPE (z-score),A,3.096568722429021,1.052003379360208
n_obs=1000 seed=0 convention=gaussian,Gaussian-NPE (z-score),A,3.0978769178086565,0.9752933288551476
n_obs=1000 seed=0 convention=gaussian,Gaussian-NPE (z-score),A,3.0991851131882915,0.90267535576214
n_obs=1000 seed=0 convention=gaussian,Gaussian-NPE (z-score),A,3.100493308567927,0.8344032995448504
n_obs=1000 seed=0 convention=gaussian,Gaussian-NPE (z-score),A,3.1018015039475624,0.7702667946156463
n_obs=1000 seed=0 convention=gaussian,Gaussian-NPE (z-score),A,3.1031096993271974,0.7097745023259038
n_obs=1000 seed=0 convention=gaussian,Gaussian-NPE (z-score),A,3.104417894706833,0.6523781280136708
n_obs=1000 seed=0 convention=gaussian,Gaussian-NPE (z-score),A,3.105726090086468,0.597667858234947
n_obs=1000 seed=0 convention=gaussian,Gaussian-NPE (z-score),A,3.1070342854661033,0.5454901762585757
n_obs=1000 seed=0 convention=gaussian,Gaussian-NPE (z-score),A,3.1083424808457387,0.4959704470287214
n_obs=1000 seed=0 convention=gaussian,Gaussian-NPE (z-score),A,3.1096506762253737,0.4494530655410473
n_obs=1000 seed=0 convention=gaussian,Gaussian-NPE (z-score),A,3.110958871605009,0.4063917755539285
n_obs=1000 seed=0 convention=gaussian,Gaussian-NPE (z-score),A,3.1122670669846446,0.3672279518580575
n_obs=1000 seed=0 convention=gaussian,Gaussian-NPE (z-score),A,3.1135752623642796,0.3322870804982995
n_obs=1000 seed=0 convention=gaussian,Gaussian-NPE (z-score),A,3.114883457743915,0.3017093477929202
n_obs=1000 seed=0 convention=gaussian,Gaussian-NPE (z-score),A,3.1161916531235505,0.2754162395882826
n_obs=1000 seed=0 convention=gaussian,Gaussian-NPE (z-score),A,3.1174998485031855,0.2531066014142518
n_obs=1000 seed=0 convention=gaussian,Gaussian-NPE (z-score),A,3.118808043882821,0.2342743208586761
n_obs=1000 seed=0 convention=gaussian,Gaussian-NPE (z-score),A,3.1201162392624564,0.2182435265323646
n_obs=1000 seed=0 convention=gaussian,Gaussian-NPE (z-score),A,3.1214244346420914,0.2042216084994746
n_obs=1000 seed=0 convention=gaussian,Gaussian-NPE (z-score),A,3.122732630021727,0.1913713401504574
n_obs=1000 seed=0 convention=gaussian,Gaussian-NPE (z-score),A,3.124040825401362,0.1788992343562568
n_obs=1000 seed=0 convention=gaussian,Gaussian-NPE (z-score),A,3.1253490207809973,0.166149624284229
n_obs=1000 seed=0 convention=gaussian,Gaussian-NPE (z-score),A,3.1266572161606327,0.1526869018788685
n_obs=1000 seed=0 convention=gaussian,Gaussian-NPE (z-score),A,3.1279654115402677,0.1383462432456662
n_obs=1000 seed=0 convention=gaussian,Gaussian-NPE (z-score),A,3.129273606919903,0.1232383105723424
n_obs=1000 seed=0 convention=gaussian,Gaussian-NPE (z-score),A,3.130581802299538,0.1077047864627566
n_obs=1000 seed=0 convention=gaussian,Gaussian-NPE (z-score),A,3.1318899976791736,0.092235127370153
n_obs=1000 seed=0 convention=gaussian,Gaussian-NPE (z-score),A,3.133198193058809,0.0773654486690575
n_obs=1000 seed=0 convention=gaussian,Gaussian-NPE (z-score),A,3.134506388438444,0.0635840357993424
n_obs=1000 seed=0 convention=gaussian,Gaussian-NPE (z-score),A,3.1358145838180795,0.0512635997457269
n_obs=1000 seed=0 convention=gaussian,Gaussian-NPE (z-score),A,3.137122779197715,0.0406302346472261
n_obs=1000 seed=0 convention=gaussian,Gaussian-NPE (z-score),A,3.13843097457735,0.031767273816063
n_obs=1000 seed=0 convention=gaussian,Gaussian-NPE (z-score),A,3.1397391699569854,0.0246431377616895
n_obs=1000 seed=0 convention=gaussian,Gaussian-NPE (z-score),A,3.141047365336621,0.0191484455938436
n_obs=1000 seed=0 convention=gaussian,Gaussian-NPE (z-score),A,3.142355560716256,0.0151293473055205
n_obs=1000 seed=0 convention=gaussian,Gaussian-NPE (z-score),A,3.1436637560958913,0.0124094397644144
n_obs=1000 seed=0 convention=gaussian,Gaussian-NPE (z-score),A,3.1449719514755268,0.0107990656645413
n_obs=1000 seed=0 convention=gaussian,Gaussian-NPE (z-score),A,3.1462801468551618,0.0100958805711519
n_obs=1000 seed=0 convention=gaussian,Gaussian-NPE (z-score),A,3.147588342234797,0.0100829924956356
n_obs=1000 seed=0 convention=gaussian,Gaussian-NPE (z-score),A,3.148896537614432,0.0105306153386781
n_obs=1000 seed=0 convention=gaussian,Gaussian-NPE (z-score),A,3.1502047329940677,0.0112047875351159
n_obs=1000 seed=0 convention=gaussian,Gaussian-NPE (z-score),A,3.151512928373703,0.0118834292280008
n_obs=1000 seed=0 convention=gaussian,Gaussian-NPE (z-score),A,3.152821123753338,0.012376959449561
n_obs=1000 seed=0 convention=gaussian,Gaussian-NPE (z-score),A,3.1541293191329736,0.0125487114615884
n_obs=1000 seed=0 convention=gaussian,Gaussian-NPE (z-score),A,3.155437514512609,0.0123299205937533
n_obs=1000 seed=0 convention=gaussian,Gaussian-NPE (z-score),A,3.156745709892244,0.0117251311652197
n_obs=1000 seed=0 convention=gaussian,Gaussian-NPE (z-score),A,3.1580539052718795,0.010806085624121
n_obs=1000 seed=0 convention=gaussian,Gaussian-NPE (z-score),A,3.1593621006515145,0.0096948388048895
n_obs=1000 seed=0 convention=gaussian,Gaussian-NPE (z-score),A,3.16067029603115,0.0085392247787003
n_obs=1000 seed=0 convention=gaussian,Gaussian-NPE (z-score),A,3.161978491410786,0.0074853020050993
n_obs=1000 seed=0 convention=gaussian,Gaussian-NPE (z-score),A,3.1632866867904204,0.0066517642388204
n_obs=1000 seed=0 convention=gaussian,Gaussian-NPE (z-score),A,3.164594882170056,0.0061106403961495
n_obs=1000 seed=0 convention=gaussian,Gaussian-NPE (robust asinh),A,2.9042640016226344,0.070218972186457
n_obs=1000 seed=0 convention=gaussian,Gaussian-NPE (robust asinh),A,2.90557219700227,0.0770572527597488
n_obs=1000 seed=0 convention=gaussian,Gaussian-NPE (robust asinh),A,2.906880392381905,0.0851289738114874
n_obs=1000 seed=0 convention=gaussian,Gaussian-NPE (robust asinh),A,2.9081885877615403,0.0948401907502609
n_obs=1000 seed=0 convention=gaussian,Gaussian-NPE (robust asinh),A,2.909496783141176,0.1065910322283699
n_obs=1000 seed=0 convention=gaussian,Gaussian-NPE (robust asinh),A,2.9108049785208108,0.1207428138211659
n_obs=1000 seed=0 convention=gaussian,Gaussian-NPE (robust asinh),A,2.912113173900446,0.1375880799481039
n_obs=1000 seed=0 convention=gaussian,Gaussian-NPE (robust asinh),A,2.913421369280081,0.1573244695409814
n_obs=1000 seed=0 convention=gaussian,Gaussian-NPE (robust asinh),A,2.9147295646597167,0.1800329680586717
n_obs=1000 seed=0 convention=gaussian,Gaussian-NPE (robust asinh),A,2.916037760039352,0.2056628154452143
n_obs=1000 seed=0 convention=gaussian,Gaussian-NPE (robust asinh),A,2.917345955418987,0.2340285447922224
n_obs=1000 seed=0 convention=gaussian,Gaussian-NPE (robust asinh),A,2.9186541507986226,0.2648272888366402
n_obs=1000 seed=0 convention=gaussian,Gaussian-NPE (robust asinh),A,2.919962346178258,0.2976839492613173
n_obs=1000 seed=0 convention=gaussian,Gaussian-NPE (robust asinh),A,2.921270541557893,0.3322263556523366
n_obs=1000 seed=0 convention=gaussian,Gaussian-NPE (robust asinh),A,2.9225787369375285,0.368182724558793
n_obs=1000 seed=0 convention=gaussian,Gaussian-NPE (robust asinh),A,2.9238869323171635,0.4054827135765685
n_obs=1000 seed=0 convention=gaussian,Gaussian-NPE (robust asinh),A,2.925195127696799,0.444335754099207
n_obs=1000 seed=0 convention=gaussian,Gaussian-NPE (robust asinh),A,2.9265033230764343,0.4852601737570717
n_obs=1000 seed=0 convention=gaussian,Gaussian-NPE (robust asinh),A,2.92781151845607,0.5290454071580788
n_obs=1000 seed=0 convention=gaussian,Gaussian-NPE (robust asinh),A,2.929119713835705,0.5766454236133519
n_obs=1000 seed=0 convention=gaussian,Gaussian-NPE (robust asinh),A,2.93042790921534,0.6290195503700323
n_obs=1000 seed=0 convention=gaussian,Gaussian-NPE (robust asinh),A,2.9317361045949752,0.686951211856553
n_obs=1000 seed=0 convention=gaussian,Gaussian-NPE (robust asinh),A,2.9330442999746107,0.750881065540353
n_obs=1000 seed=0 convention=gaussian,Gaussian-NPE (robust asinh),A,2.934352495354246,0.8207871278523362
n_obs=1000 seed=0 convention=gaussian,Gaussian-NPE (robust asinh),A,2.935660690733881,0.8961331442427319
n_obs=1000 seed=0 convention=gaussian,Gaussian-NPE (robust asinh),A,2.9369688861135166,0.9758928005998208
n_obs=1000 seed=0 convention=gaussian,Gaussian-NPE (robust asinh),A,2.9382770814931516,1.0586466869424986
n_obs=1000 seed=0 convention=gaussian,Gaussian-NPE (robust asinh),A,2.939585276872787,1.1427437668158686
n_obs=1000 seed=0 convention=gaussian,Gaussian-NPE (robust asinh),A,2.9408934722524225,1.2265177512688086
n_obs=1000 seed=0 convention=gaussian,Gaussian-NPE (robust asinh),A,2.9422016676320575,1.3085461842993935
n_obs=1000 seed=0 convention=gaussian,Gaussian-NPE (robust asinh),A,2.943509863011693,1.3879312198370004
n_obs=1000 seed=0 convention=gaussian,Gaussian-NPE (robust asinh),A,2.9448180583913284,1.464565080278546
n_obs=1000 seed=0 convention=gaussian,Gaussian-NPE (robust asinh),A,2.9461262537709634,1.5393253651839327
n_obs=1000 seed=0 convention=gaussian,Gaussian-NPE (robust asinh),A,2.947434449150599,1.6141359117319414
n_obs=1000 seed=0 convention=gaussian,Gaussian-NPE (robust asinh),A,2.9487426445302343,1.6918380861487732
n_obs=1000 seed=0 convention=gaussian,Gaussian-NPE (robust asinh),A,2.9500508399098693,1.77584984908775
n_obs=1000 seed=0 convention=gaussian,Gaussian-NPE (robust asinh),A,2.9513590352895047,1.869641029827498
n_obs=1000 seed=0 convention=gaussian,Gaussian-NPE (robust asinh),A,2.9526672306691397,1.9761094751300552
n_obs=1000 seed=0 convention=gaussian,Gaussian-NPE (robust asinh),A,2.953975426048775,2.0969861897129776
n_obs=1000 seed=0 convention=gaussian,Gaussian-NPE (robust asinh),A,2.9552836214284106,2.2324121811591624
n_obs=1000 seed=0 convention=gaussian,Gaussian-NPE (robust asinh),A,2.9565918168080456,2.3808068180292032
n_obs=1000 seed=0 convention=gaussian,Gaussian-NPE (robust asinh),A,2.957900012187681,2.5390890345505372
n_obs=1000 seed=0 convention=gaussian,Gaussian-NPE (robust asinh),A,2.9592082075673165,2.7032312869313073
n_obs=1000 seed=0 convention=gaussian,Gaussian-NPE (robust asinh),A,2.9605164029469515,2.8690423358392114
n_obs=1000 seed=0 convention=gaussian,Gaussian-NPE (robust asinh),A,2.961824598326587,3.033011984870804
n_obs=1000 seed=0 convention=gaussian,Gaussian-NPE (robust asinh),A,2.9631327937062224,3.193028104781749
n_obs=1000 seed=0 convention=gaussian,Gaussian-NPE (robust asinh),A,2.9644409890858574,3.3488022726546256
n_obs=1000 seed=0 convention=gaussian,Gaussian-NPE (robust asinh),A,2.965749184465493,3.5019093794928633
n_obs=1000 seed=0 convention=gaussian,Gaussian-NPE (robust asinh),A,2.967057379845128,3.655439518291389
n_obs=1000 seed=0 convention=gaussian,Gaussian-NPE (robust asinh),A,2.9683655752247633,3.813351212001362
n_obs=1000 seed=0 convention=gaussian,Gaussian-NPE (robust asinh),A,2.9696737706043987,3.979679335453635
n_obs=1000 seed=0 convention=gaussian,Gaussian-NPE (robust asinh),A,2.9709819659840337,4.157774266240056
n_obs=1000 seed=0 convention=gaussian,Gaussian-NPE (robust asinh),A,2.972290161363669,4.349729022253211
n_obs=1000 seed=0 convention=gaussian,Gaussian-NPE (robust asinh),A,2.9735983567433046,4.556097663737928
n_obs=1000 seed=0 convention=gaussian,Gaussian-NPE (robust asinh),A,2.9749065521229396,4.775936763188548
n_obs=1000 seed=0 convention=gaussian,Gaussian-NPE (robust asinh),A,2.976214747502575,5.007129567850939
n_obs=1000 seed=0 convention=gaussian,Gaussian-NPE (robust asinh),A,2.97752294288221,5.246894882480104
n_obs=1000 seed=0 convention=gaussian,Gaussian-NPE (robust asinh),A,2.9788311382618455,5.49235057695224
n_obs=1000 seed=0 convention=gaussian,Gaussian-NPE (robust asinh),A,2.980139333641481,5.740999768421552
n_obs=1000 seed=0 convention=gaussian,Gaussian-NPE (robust asinh),A,2.981447529021116,5.991034053453654
n_obs=1000 seed=0 convention=gaussian,Gaussian-NPE (robust asinh),A,2.982755724400751,6.241394696073411
n_obs=1000 seed=0 convention=gaussian,Gaussian-NPE (robust asinh),A,2.984063919780387,6.491588484380795
n_obs=1000 seed=0 convention=gaussian,Gaussian-NPE (robust asinh),A,2.985372115160022,6.74130963681733
n_obs=1000 seed=0 convention=gaussian,Gaussian-NPE (robust asinh),A,2.9866803105396573,6.989964576671533
n_obs=1000 seed=0 convention=gaussian,Gaussian-NPE (robust asinh),A,2.9879885059192928,7.236226017853457
n_obs=1000 seed=0 convention=gaussian,Gaussian-NPE (robust asinh),A,2.989296701298928,7.477749666284483
n_obs=1000 seed=0 convention=gaussian,Gaussian-NPE (robust asinh),A,2.990604896678563,7.711163755528483
n_obs=1000 seed=0 convention=gaussian,Gaussian-NPE (robust asinh),A,2.991913092058198,7.932385155208138
n_obs=1000 seed=0 convention=gaussian,Gaussian-NPE (robust asinh),A,2.9932212874378337,8.137232305386517
n_obs=1000 seed=0 convention=gaussian,Gaussian-NPE (robust asinh),A,2.994529482817469,8.32221441566402
n_obs=1000 seed=0 convention=gaussian,Gaussian-NPE (robust asinh),A,2.995837678197104,8.48530748549469
n_obs=1000 seed=0 convention=gaussian,Gaussian-NPE (robust asinh),A,2.9971458735767396,8.62650842885514
n_obs=1000 seed=0 convention=gaussian,Gaussian-NPE (robust asinh),A,2.998454068956375,8.748001578661135
n_obs=1000 seed=0 convention=gaussian,Gaussian-NPE (robust asinh),A,2.99976226433601,8.85386697485922
n_obs=1000 seed=0 convention=gaussian,Gaussian-NPE (robust asinh),A,3.0010704597156455,8.949377431459007
n_obs=1000 seed=0 convention=gaussian,Gaussian-NPE (robust asinh),A,3.0023786550952805,9.040035130473392
n_obs=1000 seed=0 convention=gaussian,Gaussian-NPE (robust asinh),A,3.003686850474916,9.130560529678313
n_obs=1000 seed=0 convention=gaussian,Gaussian-NPE (robust asinh),A,3.0049950458545513,9.224055790758442
n_obs=1000 seed=0 convention=gaussian,Gaussian-NPE (robust asinh),A,3.0063032412341864,9.321526182422671
n_obs=1000 seed=0 convention=gaussian,Gaussian-NPE (robust asinh),A,3.007611436613822,9.421867784091624
n_obs=1000 seed=0 convention=gaussian,Gaussian-NPE (robust asinh),A,3.0089196319934572,9.522330889044664
n_obs=1000 seed=0 convention=gaussian,Gaussian-NPE (robust asinh),A,3.010227827373092,9.619359297781273
n_obs=1000 seed=0 convention=gaussian,Gaussian-NPE (robust asinh),A,3.0115360227527277,9.7096056774536
n_obs=1000 seed=0 convention=gaussian,Gaussian-NPE (robust asinh),A,3.012844218132363,9.7908601304727
n_obs=1000 seed=0 convention=gaussian,Gaussian-NPE (robust asinh),A,3.014152413511998,9.862632195997737
n_obs=1000 seed=0 convention=gaussian,Gaussian-NPE (robust asinh),A,3.0154606088916336,9.92621060768182
n_obs=1000 seed=0 convention=gaussian,Gaussian-NPE (robust asinh),A,3.0167688042712686,9.984175919883084
n_obs=1000 seed=0 convention=gaussian,Gaussian-NPE (robust asinh),A,3.018076999650904,10.039512327993735
n_obs=1000 seed=0 convention=gaussian,Gaussian-NPE (robust asinh),A,3.0193851950305395,10.09459372462895
n_obs=1000 seed=0 convention=gaussian,Gaussian-NPE (robust asinh),A,3.0206933904101745,10.150353355196165
n_obs=1000 seed=0 convention=gaussian,Gaussian-NPE (robust asinh),A,3.02200158578981,10.205871188732338
n_obs=1000 seed=0 convention=gaussian,Gaussian-NPE (robust asinh),A,3.023309781169446,10.258458972516912
n_obs=1000 seed=0 convention=gaussian,Gaussian-NPE (robust asinh),A,3.0246179765490804,10.304153230898155
n_obs=1000 seed=0 convention=gaussian,Gaussian-NPE (robust asinh),A,3.025926171928716,10.338408368069809
n_obs=1000 seed=0 convention=gaussian,Gaussian-NPE (robust asinh),A,3.0272343673083513,10.356756880445236
n_obs=1000 seed=0 convention=gaussian,Gaussian-NPE (robust asinh),A,3.0285425626879863,10.355270870063112
n_obs=1000 seed=0 convention=gaussian,Gaussian-NPE (robust asinh),A,3.0298507580676217,10.330779770274116
n_obs=1000 seed=0 convention=gaussian,Gaussian-NPE (robust asinh),A,3.0311589534472567,10.280916230452576
n_obs=1000 seed=0 convention=gaussian,Gaussian-NPE (robust asinh),A,3.032467148826892,10.204125225571916
n_obs=1000 seed=0 convention=gaussian,Gaussian-NPE (robust asinh),A,3.0337753442065276,10.099757380752214
n_obs=1000 seed=0 convention=gaussian,Gaussian-NPE (robust asinh),A,3.0350835395861626,9.968287431921944
n_obs=1000 seed=0 convention=gaussian,Gaussian-NPE (robust asinh),A,3.036391734965798,9.811592035728363
n_obs=1000 seed=0 convention=gaussian,Gaussian-NPE (robust asinh),A,3.0376999303454335,9.63313846239905
n_obs=1000 seed=0 convention=gaussian,Gaussian-NPE (robust asinh),A,3.0390081257250685,9.437918091334922
n_obs=1000 seed=0 convention=gaussian,Gaussian-NPE (robust asinh),A,3.040316321104704,9.23202013061144
n_obs=1000 seed=0 convention=gaussian,Gaussian-NPE (robust asinh),A,3.0416245164843394,9.021861757472232
n_obs=1000 seed=0 convention=gaussian,Gaussian-NPE (robust asinh),A,3.0429327118639744,8.813224206055747
n_obs=1000 seed=0 convention=gaussian,Gaussian-NPE (robust asinh),A,3.04424090724361,8.610335493554459
n_obs=1000 seed=0 convention=gaussian,Gaussian-NPE (robust asinh),A,3.045549102623245,8.415249970971805
n_obs=1000 seed=0 convention=gaussian,Gaussian-NPE (robust asinh),A,3.0468572980028803,8.227695767753683
n_obs=1000 seed=0 convention=gaussian,Gaussian-NPE (robust asinh),A,3.0481654933825157,8.045422508577134
n_obs=1000 seed=0 convention=gaussian,Gaussian-NPE (robust asinh),A,3.0494736887621507,7.864936031104619
n_obs=1000 seed=0 convention=gaussian,Gaussian-NPE (robust asinh),A,3.050781884141786,7.682407693069383
n_obs=1000 seed=0 convention=gaussian,Gaussian-NPE (robust asinh),A,3.0520900795214216,7.494524902278072
n_obs=1000 seed=0 convention=gaussian,Gaussian-NPE (robust asinh),A,3.0533982749010566,7.299104484806017
n_obs=1000 seed=0 convention=gaussian,Gaussian-NPE (robust asinh),A,3.054706470280692,7.095389060821317
n_obs=1000 seed=0 convention=gaussian,Gaussian-NPE (robust asinh),A,3.056014665660327,6.884043709648119
n_obs=1000 seed=0 convention=gaussian,Gaussian-NPE (robust asinh),A,3.0573228610399625,6.666930267180172
n_obs=1000 seed=0 convention=gaussian,Gaussian-NPE (robust asinh),A,3.058631056419598,6.446748729184162
n_obs=1000 seed=0 convention=gaussian,Gaussian-NPE (robust asinh),A,3.059939251799233,6.226614299323063
n_obs=1000 seed=0 convention=gaussian,Gaussian-NPE (robust asinh),A,3.0612474471788684,6.009612402728309
n_obs=1000 seed=0 convention=gaussian,Gaussian-NPE (robust asinh),A,3.062555642558504,5.798364766300981
n_obs=1000 seed=0 convention=gaussian,Gaussian-NPE (robust asinh),A,3.063863837938139,5.594651338741345
n_obs=1000 seed=0 convention=gaussian,Gaussian-NPE (robust asinh),A,3.0651720333177743,5.399150702109583
n_obs=1000 seed=0 convention=gaussian,Gaussian-NPE (robust asinh),A,3.0664802286974098,5.211363950915645
n_obs=1000 seed=0 convention=gaussian,Gaussian-NPE (robust asinh),A,3.0677884240770448,5.029760067258379
n_obs=1000 seed=0 convention=gaussian,Gaussian-NPE (robust asinh),A,3.06909661945668,4.852128132825799
n_obs=1000 seed=0 convention=gaussian,Gaussian-NPE (robust asinh),A,3.070404814836315,4.676062422774024
n_obs=1000 seed=0 convention=gaussian,Gaussian-NPE (robust asinh),A,3.0717130102159507,4.499464899203857
n_obs=1000 seed=0 convention=gaussian,Gaussian-NPE (robust asinh),A,3.073021205595586,4.320943283520189
n_obs=1000 seed=0 convention=gaussian,Gaussian-NPE (robust asinh),A,3.074329400975221,4.140014804861571
n_obs=1000 seed=0 convention=gaussian,Gaussian-NPE (robust asinh),A,3.075637596354857,3.957084638168863
n_obs=1000 seed=0 convention=gaussian,Gaussian-NPE (robust asinh),A,3.076945791734492,3.7732340179944153
n_obs=1000 seed=0 convention=gaussian,Gaussian-NPE (robust asinh),A,3.078253987114127,3.589904885232676
n_obs=1000 seed=0 convention=gaussian,Gaussian-NPE (robust asinh),A,3.0795621824937625,3.408589701683616
n_obs=1000 seed=0 convention=gaussian,Gaussian-NPE (robust asinh),A,3.0808703778733975,3.230620222638948
n_obs=1000 seed=0 convention=gaussian,Gaussian-NPE (robust asinh),A,3.082178573253033,3.0571026491755617
n_obs=1000 seed=0 convention=gaussian,Gaussian-NPE (robust asinh),A,3.0834867686326684,2.888984926178345
n_obs=1000 seed=0 convention=gaussian,Gaussian-NPE (robust asinh),A,3.0847949640123034,2.7271881420063653
n_obs=1000 seed=0 convention=gaussian,Gaussian-NPE (robust asinh),A,3.086103159391939,2.5727098987888857
n_obs=1000 seed=0 convention=gaussian,Gaussian-NPE (robust asinh),A,3.0874113547715742,2.4266241283220076
n_obs=1000 seed=0 convention=gaussian,Gaussian-NPE (robust asinh),A,3.0887195501512092,2.28995277743881
n_obs=1000 seed=0 convention=gaussian,Gaussian-NPE (robust asinh),A,3.0900277455308447,2.1634476819709283
n_obs=1000 seed=0 convention=gaussian,Gaussian-NPE (robust asinh),A,3.09133594091048,2.047367068362812
n_obs=1000 seed=0 convention=gaussian,Gaussian-NPE (robust asinh),A,3.092644136290115,1.9413392484788137
n_obs=1000 seed=0 convention=gaussian,Gaussian-NPE (robust asinh),A,3.0939523316697506,1.8443730463158683
n_obs=1000 seed=0 convention=gaussian,Gaussian-NPE (robust asinh),A,3.0952605270493856,1.7550165366505668
n_obs=1000 seed=0 convention=gaussian,Gaussian-NPE (robust asinh),A,3.096568722429021,1.671609755685236
n_obs=1000 seed=0 convention=gaussian,Gaussian-NPE (robust asinh),A,3.0978769178086565,1.5925472687712476
n_obs=1000 seed=0 convention=gaussian,Gaussian-NPE (robust asinh),A,3.0991851131882915,1.5164729914842838
n_obs=1000 seed=0 convention=gaussian,Gaussian-NPE (robust asinh),A,3.100493308567927,1.4423655099574642
n_obs=1000 seed=0 convention=gaussian,Gaussian-NPE (robust asinh),A,3.1018015039475624,1.3695187020514468
n_obs=1000 seed=0 convention=gaussian,Gaussian-NPE (robust asinh),A,3.1031096993271974,1.2974593708296074
n_obs=1000 seed=0 convention=gaussian,Gaussian-NPE (robust asinh),A,3.104417894706833,1.2258577672878226
n_obs=1000 seed=0 convention=gaussian,Gaussian-NPE (robust asinh),A,3.105726090086468,1.1544765384867754
n_obs=1000 seed=0 convention=gaussian,Gaussian-NPE (robust asinh),A,3.1070342854661033,1.083176897923732
n_obs=1000 seed=0 convention=gaussian,Gaussian-NPE (robust asinh),A,3.1083424808457387,1.0119706329233489
n_obs=1000 seed=0 convention=gaussian,Gaussian-NPE (robust asinh),A,3.1096506762253737,0.9410850491815134
n_obs=1000 seed=0 convention=gaussian,Gaussian-NPE (robust asinh),A,3.110958871605009,0.8710022082785893
n_obs=1000 seed=0 convention=gaussian,Gaussian-NPE (robust asinh),A,3.1122670669846446,0.8024442551311932
n_obs=1000 seed=0 convention=gaussian,Gaussian-NPE (robust asinh),A,3.1135752623642796,0.7362977357356078
n_obs=1000 seed=0 convention=gaussian,Gaussian-NPE (robust asinh),A,3.114883457743915,0.6734926861852522
n_obs=1000 seed=0 convention=gaussian,Gaussian-NPE (robust asinh),A,3.1161916531235505,0.6148681622709178
n_obs=1000 seed=0 convention=gaussian,Gaussian-NPE (robust asinh),A,3.1174998485031855,0.5610593368447361
n_obs=1000 seed=0 convention=gaussian,Gaussian-NPE (robust asinh),A,3.118808043882821,0.5124320189516607
n_obs=1000 seed=0 convention=gaussian,Gaussian-NPE (robust asinh),A,3.1201162392624564,0.469073009209887
n_obs=1000 seed=0 convention=gaussian,Gaussian-NPE (robust asinh),A,3.1214244346420914,0.4308263734151277
n_obs=1000 seed=0 convention=gaussian,Gaussian-NPE (robust asinh),A,3.122732630021727,0.3973534340561017
n_obs=1000 seed=0 convention=gaussian,Gaussian-NPE (robust asinh),A,3.124040825401362,0.3681920347447694
n_obs=1000 seed=0 convention=gaussian,Gaussian-NPE (robust asinh),A,3.1253490207809973,0.3427982054831998
n_obs=1000 seed=0 convention=gaussian,Gaussian-NPE (robust asinh),A,3.1266572161606327,0.3205667292560851
n_obs=1000 seed=0 convention=gaussian,Gaussian-NPE (robust asinh),A,3.1279654115402677,0.3008402112782768
n_obs=1000 seed=0 convention=gaussian,Gaussian-NPE (robust asinh),A,3.129273606919903,0.2829233610187936
n_obs=1000 seed=0 convention=gaussian,Gaussian-NPE (robust asinh),A,3.130581802299538,0.2661172068214552
n_obs=1000 seed=0 convention=gaussian,Gaussian-NPE (robust asinh),A,3.1318899976791736,0.2497777075825885
n_obs=1000 seed=0 convention=gaussian,Gaussian-NPE (robust asinh),A,3.133198193058809,0.2333892750676011
n_obs=1000 seed=0 convention=gaussian,Gaussian-NPE (robust asinh),A,3.134506388438444,0.2166325313619304
n_obs=1000 seed=0 convention=gaussian,Gaussian-NPE (robust asinh),A,3.1358145838180795,0.1994226813781721
n_obs=1000 seed=0 convention=gaussian,Gaussian-NPE (robust asinh),A,3.137122779197715,0.1819020775820836
n_obs=1000 seed=0 convention=gaussian,Gaussian-NPE (robust asinh),A,3.13843097457735,0.1643851859696561
n_obs=1000 seed=0 convention=gaussian,Gaussian-NPE (robust asinh),A,3.1397391699569854,0.1472701259480086
n_obs=1000 seed=0 convention=gaussian,Gaussian-NPE (robust asinh),A,3.141047365336621,0.1309416460941001
n_obs=1000 seed=0 convention=gaussian,Gaussian-NPE (robust asinh),A,3.142355560716256,0.1156917788624587
n_obs=1000 seed=0 convention=gaussian,Gaussian-NPE (robust asinh),A,3.1436637560958913,0.1016766830240832
n_obs=1000 seed=0 convention=gaussian,Gaussian-NPE (robust asinh),A,3.1449719514755268,0.0889152282516836
n_obs=1000 seed=0 convention=gaussian,Gaussian-NPE (robust asinh),A,3.1462801468551618,0.077322090047385
n_obs=1000 seed=0 convention=gaussian,Gaussian-NPE (robust asinh),A,3.147588342234797,0.0667598440326843
n_obs=1000 seed=0 convention=gaussian,Gaussian-NPE (robust asinh),A,3.148896537614432,0.0570925147898907
n_obs=1000 seed=0 convention=gaussian,Gaussian-NPE (robust asinh),A,3.1502047329940677,0.0482263623399975
n_obs=1000 seed=0 convention=gaussian,Gaussian-NPE (robust asinh),A,3.151512928373703,0.0401299858004105
n_obs=1000 seed=0 convention=gaussian,Gaussian-NPE (robust asinh),A,3.152821123753338,0.032832552404882
n_obs=1000 seed=0 convention=gaussian,Gaussian-NPE (robust asinh),A,3.1541293191329736,0.026404337078465
n_obs=1000 seed=0 convention=gaussian,Gaussian-NPE (robust asinh),A,3.155437514512609,0.0209269715207688
n_obs=1000 seed=0 convention=gaussian,Gaussian-NPE (robust asinh),A,3.156745709892244,0.0164617911260152
n_obs=1000 seed=0 convention=gaussian,Gaussian-NPE (robust asinh),A,3.1580539052718795,0.013023802737808
n_obs=1000 seed=0 convention=gaussian,Gaussian-NPE (robust asinh),A,3.1593621006515145,0.010566644521759
n_obs=1000 seed=0 convention=gaussian,Gaussian-NPE (robust asinh),A,3.16067029603115,0.008981091892285
n_obs=1000 seed=0 convention=gaussian,Gaussian-NPE (robust asinh),A,3.161978491410786,0.0081067403443391
n_obs=1000 seed=0 convention=gaussian,Gaussian-NPE (robust asinh),A,3.1632866867904204,0.0077538924503952
n_obs=1000 seed=0 convention=gaussian,Gaussian-NPE (robust asinh),A,3.164594882170056,0.007730694369196
n_obs=1000 seed=0 convention=gaussian,NUTS reference,B,0.7072343811035156,2.627622629988111e-11
n_obs=1000 seed=0 convention=gaussian,NUTS reference,B,0.710262772616669,9.907925042999255e-11
n_obs=1000 seed=0 convention=gaussian,NUTS reference,B,0.7132911641298226,3.5577727083962185e-10
n_obs=1000 seed=0 convention=gaussian,NUTS reference,B,0.7163195556429761,1.2166878783674732e-09
n_obs=1000 seed=0 convention=gaussian,NUTS reference,B,0.7193479471561297,3.9629788157966e-09
n_obs=1000 seed=0 convention=gaussian,NUTS reference,B,0.7223763386692832,1.2295600115730968e-08
n_obs=1000 seed=0 convention=gaussian,NUTS reference,B,0.7254047301824368,3.634262763606902e-08
n_obs=1000 seed=0 convention=gaussian,NUTS reference,B,0.7284331216955903,1.0234959223057763e-07
n_obs=1000 seed=0 convention=gaussian,NUTS reference,B,0.7314615132087439,2.7468660360935904e-07
n_obs=1000 seed=0 convention=gaussian,NUTS reference,B,0.7344899047218973,7.026927408071341e-07
n_obs=1000 seed=0 convention=gaussian,NUTS reference,B,0.7375182962350509,1.7138992042888667e-06
n_obs=1000 seed=0 convention=gaussian,NUTS reference,B,0.7405466877482044,3.986909372803604e-06
n_obs=1000 seed=0 convention=gaussian,NUTS reference,B,0.743575079261358,8.848859176870512e-06
n_obs=1000 seed=0 convention=gaussian,NUTS reference,B,0.7466034707745115,1.8747412948357023e-05
n_obs=1000 seed=0 convention=gaussian,NUTS reference,B,0.7496318622876651,3.7935263109408936e-05
n_obs=1000 seed=0 convention=gaussian,NUTS reference,B,0.7526602538008186,7.336444872179458e-05
n_obs=1000 seed=0 convention=gaussian,NUTS reference,B,0.7556886453139722,0.0001357121515265
n_obs=1000 seed=0 convention=gaussian,NUTS reference,B,0.7587170368271257,0.0002403572435105
n_obs=1000 seed=0 convention=gaussian,NUTS reference,B,0.7617454283402793,0.0004080278903977
n_obs=1000 seed=0 convention=gaussian,NUTS reference,B,0.7647738198534327,0.000664794741484
n_obs=1000 seed=0 convention=gaussian,NUTS reference,B,0.7678022113665863,0.001041143796915
n_obs=1000 seed=0 convention=gaussian,NUTS reference,B,0.7708306028797398,0.0015700529753018
n_obs=1000 seed=0 convention=gaussian,NUTS reference,B,0.7738589943928934,0.0022842876201367
n_obs=1000 seed=0 convention=gaussian,NUTS reference,B,0.7768873859060469,0.0032134355376864
n_obs=1000 seed=0 convention=gaussian,NUTS reference,B,0.7799157774192005,0.0043814073505839
n_obs=1000 seed=0 convention=gaussian,NUTS reference,B,0.782944168932354,0.0058051457679416
n_obs=1000 seed=0 convention=gaussian,NUTS reference,B,0.7859725604455075,0.0074951017716035
n_obs=1000 seed=0 convention=gaussian,NUTS reference,B,0.789000951958661,0.0094577032381487
n_obs=1000 seed=0 convention=gaussian,NUTS reference,B,0.7920293434718146,0.0116996489680672
n_obs=1000 seed=0 convention=gaussian,NUTS reference,B,0.7950577349849681,0.0142334785754267
n_obs=1000 seed=0 convention=gaussian,NUTS reference,B,0.7980861264981216,0.0170835459317346
n_obs=1000 seed=0 convention=gaussian,NUTS reference,B,0.8011145180112752,0.0202913346728647
n_obs=1000 seed=0 convention=gaussian,NUTS reference,B,0.8041429095244287,0.0239191282764541
n_obs=1000 seed=0 convention=gaussian,NUTS reference,B,0.8071713010375823,0.0280515086012854
n_obs=1000 seed=0 convention=gaussian,NUTS reference,B,0.8101996925507358,0.0327949640489143
n_obs=1000 seed=0 convention=gaussian,NUTS reference,B,0.8132280840638894,0.0382766975267019
n_obs=1000 seed=0 convention=gaussian,NUTS reference,B,0.8162564755770428,0.0446439602109207
n_obs=1000 seed=0 convention=gaussian,NUTS reference,B,0.8192848670901964,0.0520644499184512
n_obs=1000 seed=0 convention=gaussian,NUTS reference,B,0.8223132586033499,0.0607266394907908
n_obs=1000 seed=0 convention=gaussian,NUTS reference,B,0.8253416501165035,0.0708372502181648
n_obs=1000 seed=0 convention=gaussian,NUTS reference,B,0.828370041629657,0.0826127475918552
n_obs=1000 seed=0 convention=gaussian,NUTS reference,B,0.8313984331428106,0.0962635118248923
n_obs=1000 seed=0 convention=gaussian,NUTS reference,B,0.8344268246559641,0.1119727534119342
n_obs=1000 seed=0 convention=gaussian,NUTS reference,B,0.8374552161691177,0.1298755518335119
n_obs=1000 seed=0 convention=gaussian,NUTS reference,B,0.8404836076822711,0.1500445407223542
n_obs=1000 seed=0 convention=gaussian,NUTS reference,B,0.8435119991954247,0.1724868175981177
n_obs=1000 seed=0 convention=gaussian,NUTS reference,B,0.8465403907085782,0.197152639581039
n_obs=1000 seed=0 convention=gaussian,NUTS reference,B,0.8495687822217317,0.2239528058679627
n_obs=1000 seed=0 convention=gaussian,NUTS reference,B,0.8525971737348853,0.2527804827043651
n_obs=1000 seed=0 convention=gaussian,NUTS reference,B,0.8556255652480389,0.2835348537628562
n_obs=1000 seed=0 convention=gaussian,NUTS reference,B,0.8586539567611924,0.3161464449205591
n_obs=1000 seed=0 convention=gaussian,NUTS reference,B,0.8616823482743459,0.350604588006216
n_obs=1000 seed=0 convention=gaussian,NUTS reference,B,0.8647107397874995,0.3869849845426651
n_obs=1000 seed=0 convention=gaussian,NUTS reference,B,0.867739131300653,0.4254710993770525
n_obs=1000 seed=0 convention=gaussian,NUTS reference,B,0.8707675228138065,0.4663604195001474
n_obs=1000 seed=0 convention=gaussian,NUTS reference,B,0.87379591432696,0.510048214811324
n_obs=1000 seed=0 convention=gaussian,NUTS reference,B,0.8768243058401136,0.5569873685886554
n_obs=1000 seed=0 convention=gaussian,NUTS reference,B,0.8798526973532672,0.6076301149567331
n_obs=1000 seed=0 convention=gaussian,NUTS reference,B,0.8828810888664207,0.6623621272730469
n_obs=1000 seed=0 convention=gaussian,NUTS reference,B,0.8859094803795742,0.7214392641198815
n_obs=1000 seed=0 convention=gaussian,NUTS reference,B,0.8889378718927278,0.784933864163404
n_obs=1000 seed=0 convention=gaussian,NUTS reference,B,0.8919662634058813,0.8526947342825139
n_obs=1000 seed=0 convention=gaussian,NUTS reference,B,0.8949946549190348,0.92432614614808
n_obs=1000 seed=0 convention=gaussian,NUTS reference,B,0.8980230464321883,0.999195769976686
n_obs=1000 seed=0 convention=gaussian,NUTS reference,B,0.901051437945342,1.0764848525913098
n_obs=1000 seed=0 convention=gaussian,NUTS reference,B,0.9040798294584954,1.1552900320899997
n_obs=1000 seed=0 convention=gaussian,NUTS reference,B,0.907108220971649,1.234772066548877
n_obs=1000 seed=0 convention=gaussian,NUTS reference,B,0.9101366124848024,1.3143259067337516
n_obs=1000 seed=0 convention=gaussian,NUTS reference,B,0.913165003997956,1.393728269255737
n_obs=1000 seed=0 convention=gaussian,NUTS reference,B,0.9161933955111096,1.4732138536600528
n_obs=1000 seed=0 convention=gaussian,NUTS reference,B,0.9192217870242632,1.5534456499925806
n_obs=1000 seed=0 convention=gaussian,NUTS reference,B,0.9222501785374166,1.635375760165571
n_obs=1000 seed=0 convention=gaussian,NUTS reference,B,0.92527857005057,1.7200298247802916
n_obs=1000 seed=0 convention=gaussian,NUTS reference,B,0.9283069615637236,1.8082759332203076
n_obs=1000 seed=0 convention=gaussian,NUTS reference,B,0.9313353530768772,1.9006462869305736
n_obs=1000 seed=0 convention=gaussian,NUTS reference,B,0.9343637445900308,1.9972635535362544
n_obs=1000 seed=0 convention=gaussian,NUTS reference,B,0.9373921361031844,2.0978897927951263
n_obs=1000 seed=0 convention=gaussian,NUTS reference,B,0.940420527616338,2.2020763640769685
n_obs=1000 seed=0 convention=gaussian,NUTS reference,B,0.9434489191294916,2.3093616699021875
n_obs=1000 seed=0 convention=gaussian,NUTS reference,B,0.946477310642645,2.419449439443309
n_obs=1000 seed=0 convention=gaussian,NUTS reference,B,0.9495057021557984,2.5323066411315622
n_obs=1000 seed=0 convention=gaussian,NUTS reference,B,0.952534093668952,2.648143971706674
n_obs=1000 seed=0 convention=gaussian,NUTS reference,B,0.9555624851821056,2.767275833752006
n_obs=1000 seed=0 convention=gaussian,NUTS reference,B,0.9585908766952592,2.889891512977486
n_obs=1000 seed=0 convention=gaussian,NUTS reference,B,0.9616192682084126,3.0157959422570366
n_obs=1000 seed=0 convention=gaussian,NUTS reference,B,0.9646476597215662,3.144190273829081
n_obs=1000 seed=0 convention=gaussian,NUTS reference,B,0.9676760512347198,3.2735565598761593
n_obs=1000 seed=0 convention=gaussian,NUTS reference,B,0.9707044427478732,3.401688848564545
n_obs=1000 seed=0 convention=gaussian,NUTS reference,B,0.9737328342610267,3.5258807200205027
n_obs=1000 seed=0 convention=gaussian,NUTS reference,B,0.9767612257741805,3.6432447494263527
n_obs=1000 seed=0 convention=gaussian,NUTS reference,B,0.9797896172873338,3.751110401613458
n_obs=1000 seed=0 convention=gaussian,NUTS reference,B,0.9828180088004874,3.847429020905859
n_obs=1000 seed=0 convention=gaussian,NUTS reference,B,0.9858464003136408,3.931110482294028
n_obs=1000 seed=0 convention=gaussian,NUTS reference,B,0.9888747918267944,4.002225692234437
n_obs=1000 seed=0 convention=gaussian,NUTS reference,B,0.991903183339948,4.062030569655451
n_obs=1000 seed=0 convention=gaussian,NUTS reference,B,0.9949315748531016,4.112797064313804
n_obs=1000 seed=0 convention=gaussian,NUTS reference,B,0.9979599663662552,4.157470480709635
n_obs=1000 seed=0 convention=gaussian,NUTS reference,B,1.0009883578794083,4.199204043472278
n_obs=1000 seed=0 convention=gaussian,NUTS reference,B,1.0040167493925622,4.24084524148417
n_obs=1000 seed=0 convention=gaussian,NUTS reference,B,1.0070451409057155,4.284459341648248
n_obs=1000 seed=0 convention=gaussian,NUTS reference,B,1.0100735324188692,4.3309715793452765
n_obs=1000 seed=0 convention=gaussian,NUTS reference,B,1.0131019239320227,4.379991909977226
n_obs=1000 seed=0 convention=gaussian,NUTS reference,B,1.0161303154451762,4.429857942568298
n_obs=1000 seed=0 convention=gaussian,NUTS reference,B,1.01915870695833,4.477896713899526
n_obs=1000 seed=0 convention=gaussian,NUTS reference,B,1.0221870984714834,4.520868541290478
n_obs=1000 seed=0 convention=gaussian,NUTS reference,B,1.0252154899846369,4.555521306895911
n_obs=1000 seed=0 convention=gaussian,NUTS reference,B,1.0282438814977906,4.579157482045885
n_obs=1000 seed=0 convention=gaussian,NUTS reference,B,1.031272273010944,4.590106005799601
n_obs=1000 seed=0 convention=gaussian,NUTS reference,B,1.0343006645240975,4.588002328688291
n_obs=1000 seed=0 convention=gaussian,NUTS reference,B,1.037329056037251,4.573813874384458
n_obs=1000 seed=0 convention=gaussian,NUTS reference,B,1.0403574475504045,4.549600360231765
n_obs=1000 seed=0 convention=gaussian,NUTS reference,B,1.0433858390635582,4.518058745199562
n_obs=1000 seed=0 convention=gaussian,NUTS reference,B,1.0464142305767117,4.481957115218705
n_obs=1000 seed=0 convention=gaussian,NUTS reference,B,1.0494426220898652,4.4435954288032855
n_obs=1000 seed=0 convention=gaussian,NUTS reference,B,1.0524710136030189,4.404430739512657
n_obs=1000 seed=0 convention=gaussian,NUTS reference,B,1.0554994051161724,4.364964003021933
n_obs=1000 seed=0 convention=gaussian,NUTS reference,B,1.0585277966293258,4.324910365113716
n_obs=1000 seed=0 convention=gaussian,NUTS reference,B,1.061556188142479,4.28358490211921
n_obs=1000 seed=0 convention=gaussian,NUTS reference,B,1.0645845796556328,4.240362104094906
n_obs=1000 seed=0 convention=gaussian,NUTS reference,B,1.0676129711687865,4.195040705654246
n_obs=1000 seed=0 convention=gaussian,NUTS reference,B,1.07064136268194,4.147981335949837
n_obs=1000 seed=0 convention=gaussian,NUTS reference,B,1.0736697541950937,4.099972632164867
n_obs=1000 seed=0 convention=gaussian,NUTS reference,B,1.076698145708247,4.051887320124039
n_obs=1000 seed=0 convention=gaussian,NUTS reference,B,1.0797265372214009,4.00426912035438
n_obs=1000 seed=0 convention=gaussian,NUTS reference,B,1.082754928734554,3.957011598984133
n_obs=1000 seed=0 convention=gaussian,NUTS reference,B,1.0857833202477076,3.90924615294038
n_obs=1000 seed=0 convention=gaussian,NUTS reference,B,1.0888117117608611,3.8594721056138144
n_obs=1000 seed=0 convention=gaussian,NUTS reference,B,1.0918401032740146,3.805876699805136
n_obs=1000 seed=0 convention=gaussian,NUTS reference,B,1.0948684947871683,3.746740671720203
n_obs=1000 seed=0 convention=gaussian,NUTS reference,B,1.0978968863003218,3.680819045564629
n_obs=1000 seed=0 convention=gaussian,NUTS reference,B,1.1009252778134753,3.6076160415465734
n_obs=1000 seed=0 convention=gaussian,NUTS reference,B,1.103953669326629,3.5275137517101873
n_obs=1000 seed=0 convention=gaussian,NUTS reference,B,1.1069820608397825,3.4417460101523956
n_obs=1000 seed=0 convention=gaussian,NUTS reference,B,1.110010452352936,3.35222587607628
n_obs=1000 seed=0 convention=gaussian,NUTS reference,B,1.1130388438660894,3.2612461066702942
n_obs=1000 seed=0 convention=gaussian,NUTS reference,B,1.116067235379243,3.171089638437715
n_obs=1000 seed=0 convention=gaussian,NUTS reference,B,1.1190956268923966,3.083615156005614
n_obs=1000 seed=0 convention=gaussian,NUTS reference,B,1.12212401840555,2.999910142330447
n_obs=1000 seed=0 convention=gaussian,NUTS reference,B,1.1251524099187036,2.920109941489385
n_obs=1000 seed=0 convention=gaussian,NUTS reference,B,1.1281808014318573,2.8434504249778194
n_obs=1000 seed=0 convention=gaussian,NUTS reference,B,1.1312091929450108,2.7685553862904846
n_obs=1000 seed=0 convention=gaussian,NUTS reference,B,1.1342375844581642,2.693880060140125
n_obs=1000 seed=0 convention=gaussian,NUTS reference,B,1.1372659759713175,2.6181729041890085
n_obs=1000 seed=0 convention=gaussian,NUTS reference,B,1.1402943674844712,2.5408072973382483
n_obs=1000 seed=0 convention=gaussian,NUTS reference,B,1.1433227589976247,2.4618809113723645
n_obs=1000 seed=0 convention=gaussian,NUTS reference,B,1.1463511505107784,2.3820656892740764
n_obs=1000 seed=0 convention=gaussian,NUTS reference,B,1.149379542023932,2.3022807349083267
n_obs=1000 seed=0 convention=gaussian,NUTS reference,B,1.1524079335370854,2.223318076307654
n_obs=1000 seed=0 convention=gaussian,NUTS reference,B,1.155436325050239,2.145556420996527
n_obs=1000 seed=0 convention=gaussian,NUTS reference,B,1.1584647165633926,2.068853093865187
n_obs=1000 seed=0 convention=gaussian,NUTS reference,B,1.161493108076546,1.9926317909854536
n_obs=1000 seed=0 convention=gaussian,NUTS reference,B,1.1645214995896995,1.9161143332517028
n_obs=1000 seed=0 convention=gaussian,NUTS reference,B,1.167549891102853,1.8386034259421464
n_obs=1000 seed=0 convention=gaussian,NUTS reference,B,1.1705782826160067,1.759720755043744
n_obs=1000 seed=0 convention=gaussian,NUTS reference,B,1.1736066741291602,1.6795344560101466
n_obs=1000 seed=0 convention=gaussian,NUTS reference,B,1.1766350656423137,1.598555278201692
n_obs=1000 seed=0 convention=gaussian,NUTS reference,B,1.1796634571554674,1.5176230119106853
n_obs=1000 seed=0 convention=gaussian,NUTS reference,B,1.1826918486686209,1.4377309726930507
n_obs=1000 seed=0 convention=gaussian,NUTS reference,B,1.1857202401817744,1.3598424956259063
n_obs=1000 seed=0 convention=gaussian,NUTS reference,B,1.1887486316949278,1.2847431557236744
n_obs=1000 seed=0 convention=gaussian,NUTS reference,B,1.191777023208081,1.2129534262073067
n_obs=1000 seed=0 convention=gaussian,NUTS reference,B,1.194805414721235,1.1447064122251058
n_obs=1000 seed=0 convention=gaussian,NUTS reference,B,1.1978338062343885,1.0799796249015543
n_obs=1000 seed=0 convention=gaussian,NUTS reference,B,1.200862197747542,1.018561219011331
n_obs=1000 seed=0 convention=gaussian,NUTS reference,B,1.2038905892606957,0.9601301032634544
n_obs=1000 seed=0 convention=gaussian,NUTS reference,B,1.2069189807738492,0.9043343173608768
n_obs=1000 seed=0 convention=gaussian,NUTS reference,B,1.2099473722870029,0.8508598619091794
n_obs=1000 seed=0 convention=gaussian,NUTS reference,B,1.212975763800156,0.7994885959544275
n_obs=1000 seed=0 convention=gaussian,NUTS reference,B,1.2160041553133096,0.7501453422869405
n_obs=1000 seed=0 convention=gaussian,NUTS reference,B,1.2190325468264631,0.7029301385920536
n_obs=1000 seed=0 convention=gaussian,NUTS reference,B,1.2220609383396168,0.6581247237821072
n_obs=1000 seed=0 convention=gaussian,NUTS reference,B,1.2250893298527703,0.6161588039983968
n_obs=1000 seed=0 convention=gaussian,NUTS reference,B,1.228117721365924,0.577526927189398
n_obs=1000 seed=0 convention=gaussian,NUTS reference,B,1.2311461128790775,0.5426621268480436
n_obs=1000 seed=0 convention=gaussian,NUTS reference,B,1.234174504392231,0.5117928138933778
n_obs=1000 seed=0 convention=gaussian,NUTS reference,B,1.2372028959053845,0.4848249726872271
n_obs=1000 seed=0 convention=gaussian,NUTS reference,B,1.240231287418538,0.4612929384994729
n_obs=1000 seed=0 convention=gaussian,NUTS reference,B,1.2432596789316914,0.4404049007607187
n_obs=1000 seed=0 convention=gaussian,NUTS reference,B,1.2462880704448451,0.4211784917773373
n_obs=1000 seed=0 convention=gaussian,NUTS reference,B,1.2493164619579986,0.4026294580182338
n_obs=1000 seed=0 convention=gaussian,NUTS reference,B,1.252344853471152,0.3839565205955001
n_obs=1000 seed=0 convention=gaussian,NUTS reference,B,1.2553732449843058,0.3646672985365253
n_obs=1000 seed=0 convention=gaussian,NUTS reference,B,1.2584016364974593,0.3446131789619706
n_obs=1000 seed=0 convention=gaussian,NUTS reference,B,1.2614300280106128,0.3239352170840407
n_obs=1000 seed=0 convention=gaussian,NUTS reference,B,1.2644584195237665,0.3029536514174368
n_obs=1000 seed=0 convention=gaussian,NUTS reference,B,1.2674868110369195,0.2820479235242083
n_obs=1000 seed=0 convention=gaussian,NUTS reference,B,1.2705152025500732,0.2615678997273877
n_obs=1000 seed=0 convention=gaussian,NUTS reference,B,1.273543594063227,0.2417956338906654
n_obs=1000 seed=0 convention=gaussian,NUTS reference,B,1.2765719855763804,0.2229519478673026
n_obs=1000 seed=0 convention=gaussian,NUTS reference,B,1.279600377089534,0.2052247501574286
n_obs=1000 seed=0 convention=gaussian,NUTS reference,B,1.2826287686026876,0.1887923819942883
n_obs=1000 seed=0 convention=gaussian,NUTS reference,B,1.285657160115841,0.1738241749139412
n_obs=1000 seed=0 convention=gaussian,NUTS reference,B,1.2886855516289946,0.1604554353125317
n_obs=1000 seed=0 convention=gaussian,NUTS reference,B,1.291713943142148,0.1487476858397546
n_obs=1000 seed=0 convention=gaussian,NUTS reference,B,1.2947423346553015,0.138651975553771
n_obs=1000 seed=0 convention=gaussian,NUTS reference,B,1.2977707261684552,0.1299919769358666
n_obs=1000 seed=0 convention=gaussian,NUTS reference,B,1.3007991176816087,0.1224761783739008
n_obs=1000 seed=0 convention=gaussian,NUTS reference,B,1.3038275091947624,0.1157382292984779
n_obs=1000 seed=0 convention=gaussian,NUTS reference,B,1.306855900707916,0.1093951748395932
n_obs=1000 seed=0 convention=gaussian,NUTS reference,B,1.3098842922210694,0.1031079828952248
n_obs=1000 seed=0 convention=gaussian,BSL,B,0.7072343811035156,6.506935329653436e-20
n_obs=1000 seed=0 convention=gaussian,BSL,B,0.710262772616669,5.42484237528561e-19
n_obs=1000 seed=0 convention=gaussian,BSL,B,0.7132911641298226,4.268700912878057e-18
n_obs=1000 seed=0 convention=gaussian,BSL,B,0.7163195556429761,3.170377977459825e-17
n_obs=1000 seed=0 convention=gaussian,BSL,B,0.7193479471561297,2.2225043835412444e-16
n_obs=1000 seed=0 convention=gaussian,BSL,B,0.7223763386692832,1.470621718308566e-15
n_obs=1000 seed=0 convention=gaussian,BSL,B,0.7254047301824368,9.185391977437615e-15
n_obs=1000 seed=0 convention=gaussian,BSL,B,0.7284331216955903,5.4155891004486064e-14
n_obs=1000 seed=0 convention=gaussian,BSL,B,0.7314615132087439,3.014112990917401e-13
n_obs=1000 seed=0 convention=gaussian,BSL,B,0.7344899047218973,1.5836370141305945e-12
n_obs=1000 seed=0 convention=gaussian,BSL,B,0.7375182962350509,7.855122706850142e-12
n_obs=1000 seed=0 convention=gaussian,BSL,B,0.7405466877482044,3.678523426904677e-11
n_obs=1000 seed=0 convention=gaussian,BSL,B,0.743575079261358,1.6264595017352882e-10
n_obs=1000 seed=0 convention=gaussian,BSL,B,0.7466034707745115,6.790366350171381e-10
n_obs=1000 seed=0 convention=gaussian,BSL,B,0.7496318622876651,2.677078313249567e-09
n_obs=1000 seed=0 convention=gaussian,BSL,B,0.7526602538008186,9.967661696501913e-09
n_obs=1000 seed=0 convention=gaussian,BSL,B,0.7556886453139722,3.5054825458376636e-08
n_obs=1000 seed=0 convention=gaussian,BSL,B,0.7587170368271257,1.1646566394366977e-07
n_obs=1000 seed=0 convention=gaussian,BSL,B,0.7617454283402793,3.656261282139031e-07
n_obs=1000 seed=0 convention=gaussian,BSL,B,0.7647738198534327,1.0848920251639298e-06
n_obs=1000 seed=0 convention=gaussian,BSL,B,0.7678022113665863,3.0437053006989474e-06
n_obs=1000 seed=0 convention=gaussian,BSL,B,0.7708306028797398,8.077743474960315e-06
n_obs=1000 seed=0 convention=gaussian,BSL,B,0.7738589943928934,2.029160200506027e-05
n_obs=1000 seed=0 convention=gaussian,BSL,B,0.7768873859060469,4.828705983676319e-05
n_obs=1000 seed=0 convention=gaussian,BSL,B,0.7799157774192005,0.0001089651551814
n_obs=1000 seed=0 convention=gaussian,BSL,B,0.782944168932354,0.0002334924416594
n_obs=1000 seed=0 convention=gaussian,BSL,B,0.7859725604455075,0.0004759174381802
n_obs=1000 seed=0 convention=gaussian,BSL,B,0.789000951958661,0.0009246840194497
n_obs=1000 seed=0 convention=gaussian,BSL,B,0.7920293434718146,0.0017170564224168
n_obs=1000 seed=0 convention=gaussian,BSL,B,0.7950577349849681,0.0030564615078212
n_obs=1000 seed=0 convention=gaussian,BSL,B,0.7980861264981216,0.0052329942236617
n_obs=1000 seed=0 convention=gaussian,BSL,B,0.8011145180112752,0.0086472577109514
n_obs=1000 seed=0 convention=gaussian,BSL,B,0.8041429095244287,0.0138359944164963
n_obs=1000 seed=0 convention=gaussian,BSL,B,0.8071713010375823,0.0214931378188453
n_obs=1000 seed=0 convention=gaussian,BSL,B,0.8101996925507358,0.0324719971744762
n_obs=1000 seed=0 convention=gaussian,BSL,B,0.8132280840638894,0.0477466803742326
n_obs=1000 seed=0 convention=gaussian,BSL,B,0.8162564755770428,0.0683105844022799
n_obs=1000 seed=0 convention=gaussian,BSL,B,0.8192848670901964,0.0950042421179852
n_obs=1000 seed=0 convention=gaussian,BSL,B,0.8223132586033499,0.1282954460707355
n_obs=1000 seed=0 convention=gaussian,BSL,B,0.8253416501165035,0.1680713081524123
n_obs=1000 seed=0 convention=gaussian,BSL,B,0.828370041629657,0.2135242081156915
n_obs=1000 seed=0 convention=gaussian,BSL,B,0.8313984331428106,0.2632008065518481
n_obs=1000 seed=0 convention=gaussian,BSL,B,0.8344268246559641,0.3152300611976456
n_obs=1000 seed=0 convention=gaussian,BSL,B,0.8374552161691177,0.3676717241362616
n_obs=1000 seed=0 convention=gaussian,BSL,B,0.8404836076822711,0.4188687539803689
n_obs=1000 seed=0 convention=gaussian,BSL,B,0.8435119991954247,0.4676802741267484
n_obs=1000 seed=0 convention=gaussian,BSL,B,0.8465403907085782,0.5135248981307914
n_obs=1000 seed=0 convention=gaussian,BSL,B,0.8495687822217317,0.556251749125688
n_obs=1000 seed=0 convention=gaussian,BSL,B,0.8525971737348853,0.5959322734733739
n_obs=1000 seed=0 convention=gaussian,BSL,B,0.8556255652480389,0.6326913129743797
n_obs=1000 seed=0 convention=gaussian,BSL,B,0.8586539567611924,0.6666620650411591
n_obs=1000 seed=0 convention=gaussian,BSL,B,0.8616823482743459,0.69808012971668
n_obs=1000 seed=0 convention=gaussian,BSL,B,0.8647107397874995,0.7274653593102712
n_obs=1000 seed=0 convention=gaussian,BSL,B,0.867739131300653,0.7558063410061059
n_obs=1000 seed=0 convention=gaussian,BSL,B,0.8707675228138065,0.7846675762779338
n_obs=1000 seed=0 convention=gaussian,BSL,B,0.87379591432696,0.8161696120453066
n_obs=1000 seed=0 convention=gaussian,BSL,B,0.8768243058401136,0.8528268872429756
n_obs=1000 seed=0 convention=gaussian,BSL,B,0.8798526973532672,0.8972543620059024
n_obs=1000 seed=0 convention=gaussian,BSL,B,0.8828810888664207,0.9517732767787426
n_obs=1000 seed=0 convention=gaussian,BSL,B,0.8859094803795742,1.0179678204815237
n_obs=1000 seed=0 convention=gaussian,BSL,B,0.8889378718927278,1.0962731179514842
n_obs=1000 seed=0 convention=gaussian,BSL,B,0.8919662634058813,1.1857019684657817
n_obs=1000 seed=0 convention=gaussian,BSL,B,0.8949946549190348,1.283821227616524
n_obs=1000 seed=0 convention=gaussian,BSL,B,0.8980230464321883,1.3870469224268474
n_obs=1000 seed=0 convention=gaussian,BSL,B,0.901051437945342,1.4912377921562046
n_obs=1000 seed=0 convention=gaussian,BSL,B,0.9040798294584954,1.5924578902222708
n_obs=1000 seed=0 convention=gaussian,BSL,B,0.907108220971649,1.6876994827032568
n_obs=1000 seed=0 convention=gaussian,BSL,B,0.9101366124848024,1.7753515440667802
n_obs=1000 seed=0 convention=gaussian,BSL,B,0.913165003997956,1.85527718738874
n_obs=1000 seed=0 convention=gaussian,BSL,B,0.9161933955111096,1.9284943292400516
n_obs=1000 seed=0 convention=gaussian,BSL,B,0.9192217870242632,1.9965830217475349
n_obs=1000 seed=0 convention=gaussian,BSL,B,0.9222501785374166,2.0610220060346074
n_obs=1000 seed=0 convention=gaussian,BSL,B,0.92527857005057,2.1226653901293058
n_obs=1000 seed=0 convention=gaussian,BSL,B,0.9283069615637236,2.18151500936684
n_obs=1000 seed=0 convention=gaussian,BSL,B,0.9313353530768772,2.2368473984013217
n_obs=1000 seed=0 convention=gaussian,BSL,B,0.9343637445900308,2.2876436803302935
n_obs=1000 seed=0 convention=gaussian,BSL,B,0.9373921361031844,2.3331756764266443
n_obs=1000 seed=0 convention=gaussian,BSL,B,0.940420527616338,2.3735520678421747
n_obs=1000 seed=0 convention=gaussian,BSL,B,0.9434489191294916,2.4100446448620976
n_obs=1000 seed=0 convention=gaussian,BSL,B,0.946477310642645,2.445092596979866
n_obs=1000 seed=0 convention=gaussian,BSL,B,0.9495057021557984,2.4819901424680313
n_obs=1000 seed=0 convention=gaussian,BSL,B,0.952534093668952,2.524354205214256
n_obs=1000 seed=0 convention=gaussian,BSL,B,0.9555624851821056,2.5755121319840164
n_obs=1000 seed=0 convention=gaussian,BSL,B,0.9585908766952592,2.6379422130057746
n_obs=1000 seed=0 convention=gaussian,BSL,B,0.9616192682084126,2.712863150476421
n_obs=1000 seed=0 convention=gaussian,BSL,B,0.9646476597215662,2.8000257452787296
n_obs=1000 seed=0 convention=gaussian,BSL,B,0.9676760512347198,2.897720483796397
n_obs=1000 seed=0 convention=gaussian,BSL,B,0.9707044427478732,3.0029778471971484
n_obs=1000 seed=0 convention=gaussian,BSL,B,0.9737328342610267,3.1119078678779575
n_obs=1000 seed=0 convention=gaussian,BSL,B,0.9767612257741805,3.2201154333281727
n_obs=1000 seed=0 convention=gaussian,BSL,B,0.9797896172873338,3.3231486965729315
n_obs=1000 seed=0 convention=gaussian,BSL,B,0.9828180088004874,3.41697841117706
n_obs=1000 seed=0 convention=gaussian,BSL,B,0.9858464003136408,3.498530853572148
n_obs=1000 seed=0 convention=gaussian,BSL,B,0.9888747918267944,3.5662704001619345
n_obs=1000 seed=0 convention=gaussian,BSL,B,0.991903183339948,3.6207457480730714
n_obs=1000 seed=0 convention=gaussian,BSL,B,0.9949315748531016,3.664917721823117
n_obs=1000 seed=0 convention=gaussian,BSL,B,0.9979599663662552,3.7040443927048177
n_obs=1000 seed=0 convention=gaussian,BSL,B,1.0009883578794083,3.744963918375031
n_obs=1000 seed=0 convention=gaussian,BSL,B,1.0040167493925622,3.794789782604041
n_obs=1000 seed=0 convention=gaussian,BSL,B,1.0070451409057155,3.8592608842413214
n_obs=1000 seed=0 convention=gaussian,BSL,B,1.0100735324188692,3.941177313673947
n_obs=1000 seed=0 convention=gaussian,BSL,B,1.0131019239320227,4.039411637230177
n_obs=1000 seed=0 convention=gaussian,BSL,B,1.0161303154451762,4.148867475919244
n_obs=1000 seed=0 convention=gaussian,BSL,B,1.01915870695833,4.2614819915582896
n_obs=1000 seed=0 convention=gaussian,BSL,B,1.0221870984714834,4.3680249313063255
n_obs=1000 seed=0 convention=gaussian,BSL,B,1.0252154899846369,4.460163564295359
n_obs=1000 seed=0 convention=gaussian,BSL,B,1.0282438814977906,4.5321598649399535
n_obs=1000 seed=0 convention=gaussian,BSL,B,1.031272273010944,4.58169774570719
n_obs=1000 seed=0 convention=gaussian,BSL,B,1.0343006645240975,4.609659567803461
n_obs=1000 seed=0 convention=gaussian,BSL,B,1.037329056037251,4.619052158363544
n_obs=1000 seed=0 convention=gaussian,BSL,B,1.0403574475504045,4.613564650676453
n_obs=1000 seed=0 convention=gaussian,BSL,B,1.0433858390635582,4.596312144019093
n_obs=1000 seed=0 convention=gaussian,BSL,B,1.0464142305767117,4.5691673020213806
n_obs=1000 seed=0 convention=gaussian,BSL,B,1.0494426220898652,4.532791810366659
n_obs=1000 seed=0 convention=gaussian,BSL,B,1.0524710136030189,4.4871868829897
n_obs=1000 seed=0 convention=gaussian,BSL,B,1.0554994051161724,4.432407354123358
n_obs=1000 seed=0 convention=gaussian,BSL,B,1.0585277966293258,4.369083717662609
n_obs=1000 seed=0 convention=gaussian,BSL,B,1.061556188142479,4.298548844956519
n_obs=1000 seed=0 convention=gaussian,BSL,B,1.0645845796556328,4.222588888224796
n_obs=1000 seed=0 convention=gaussian,BSL,B,1.0676129711687865,4.143025561605368
n_obs=1000 seed=0 convention=gaussian,BSL,B,1.07064136268194,4.061403154434697
n_obs=1000 seed=0 convention=gaussian,BSL,B,1.0736697541950937,3.978967833837748
n_obs=1000 seed=0 convention=gaussian,BSL,B,1.076698145708247,3.8969329402733033
n_obs=1000 seed=0 convention=gaussian,BSL,B,1.0797265372214009,3.8168264594281607
n_obs=1000 seed=0 convention=gaussian,BSL,B,1.082754928734554,3.740631523910779
n_obs=1000 seed=0 convention=gaussian,BSL,B,1.0857833202477076,3.6705197412853985
n_obs=1000 seed=0 convention=gaussian,BSL,B,1.0888117117608611,3.608204450654229
n_obs=1000 seed=0 convention=gaussian,BSL,B,1.0918401032740146,3.5541829852365328
n_obs=1000 seed=0 convention=gaussian,BSL,B,1.0948684947871683,3.5072496417795196
n_obs=1000 seed=0 convention=gaussian,BSL,B,1.0978968863003218,3.464567753940286
n_obs=1000 seed=0 convention=gaussian,BSL,B,1.1009252778134753,3.422332550827637
n_obs=1000 seed=0 convention=gaussian,BSL,B,1.103953669326629,3.3767761680968595
n_obs=1000 seed=0 convention=gaussian,BSL,B,1.1069820608397825,3.325115108074303
n_obs=1000 seed=0 convention=gaussian,BSL,B,1.110010452352936,3.266092341131674
n_obs=1000 seed=0 convention=gaussian,BSL,B,1.1130388438660894,3.199976294023575
n_obs=1000 seed=0 convention=gaussian,BSL,B,1.116067235379243,3.1281204884543463
n_obs=1000 seed=0 convention=gaussian,BSL,B,1.1190956268923966,3.052335318084447
n_obs=1000 seed=0 convention=gaussian,BSL,B,1.12212401840555,2.974325256171845
n_obs=1000 seed=0 convention=gaussian,BSL,B,1.1251524099187036,2.8953376626929304
n_obs=1000 seed=0 convention=gaussian,BSL,B,1.1281808014318573,2.8160385514425146
n_obs=1000 seed=0 convention=gaussian,BSL,B,1.1312091929450108,2.7365483770212093
n_obs=1000 seed=0 convention=gaussian,BSL,B,1.1342375844581642,2.656557816941283
n_obs=1000 seed=0 convention=gaussian,BSL,B,1.1372659759713175,2.5754729492015858
n_obs=1000 seed=0 convention=gaussian,BSL,B,1.1402943674844712,2.492570582390116
n_obs=1000 seed=0 convention=gaussian,BSL,B,1.1433227589976247,2.407155772539229
n_obs=1000 seed=0 convention=gaussian,BSL,B,1.1463511505107784,2.318709616555686
n_obs=1000 seed=0 convention=gaussian,BSL,B,1.149379542023932,2.227012438143416
n_obs=1000 seed=0 convention=gaussian,BSL,B,1.1524079335370854,2.132232953327331
n_obs=1000 seed=0 convention=gaussian,BSL,B,1.155436325050239,2.034981205811843
n_obs=1000 seed=0 convention=gaussian,BSL,B,1.1584647165633926,1.936322254731685
n_obs=1000 seed=0 convention=gaussian,BSL,B,1.161493108076546,1.837739281989309
n_obs=1000 seed=0 convention=gaussian,BSL,B,1.1645214995896995,1.7410302975369416
n_obs=1000 seed=0 convention=gaussian,BSL,B,1.167549891102853,1.6481320452549215
n_obs=1000 seed=0 convention=gaussian,BSL,B,1.1705782826160067,1.560885801185489
n_obs=1000 seed=0 convention=gaussian,BSL,B,1.1736066741291602,1.4807798049745702
n_obs=1000 seed=0 convention=gaussian,BSL,B,1.1766350656423137,1.4087114212757978
n_obs=1000 seed=0 convention=gaussian,BSL,B,1.1796634571554674,1.344809754604095
n_obs=1000 seed=0 convention=gaussian,BSL,B,1.1826918486686209,1.288355396940131
n_obs=1000 seed=0 convention=gaussian,BSL,B,1.1857202401817744,1.2378326198379013
n_obs=1000 seed=0 convention=gaussian,BSL,B,1.1887486316949278,1.1911419631390503
n_obs=1000 seed=0 convention=gaussian,BSL,B,1.191777023208081,1.1459723310718717
n_obs=1000 seed=0 convention=gaussian,BSL,B,1.194805414721235,1.1002760849377669
n_obs=1000 seed=0 convention=gaussian,BSL,B,1.1978338062343885,1.0527263270930534
n_obs=1000 seed=0 convention=gaussian,BSL,B,1.200862197747542,1.0030002642595524
n_obs=1000 seed=0 convention=gaussian,BSL,B,1.2038905892606957,0.9517616946963996
n_obs=1000 seed=0 convention=gaussian,BSL,B,1.2069189807738492,0.9003160387838454
n_obs=1000 seed=0 convention=gaussian,BSL,B,1.2099473722870029,0.8500480216117806
n_obs=1000 seed=0 convention=gaussian,BSL,B,1.212975763800156,0.8018605798623091
n_obs=1000 seed=0 convention=gaussian,BSL,B,1.2160041553133096,0.7558528135839129
n_obs=1000 seed=0 convention=gaussian,BSL,B,1.2190325468264631,0.7113836631483417
n_obs=1000 seed=0 convention=gaussian,BSL,B,1.2220609383396168,0.6675020606806876
n_obs=1000 seed=0 convention=gaussian,BSL,B,1.2250893298527703,0.6235608694481318
n_obs=1000 seed=0 convention=gaussian,BSL,B,1.228117721365924,0.5797494126517759
n_obs=1000 seed=0 convention=gaussian,BSL,B,1.2311461128790775,0.5373149788775748
n_obs=1000 seed=0 convention=gaussian,BSL,B,1.234174504392231,0.4983749937336719
n_obs=1000 seed=0 convention=gaussian,BSL,B,1.2372028959053845,0.4653828807832929
n_obs=1000 seed=0 convention=gaussian,BSL,B,1.240231287418538,0.4404314365724435
n_obs=1000 seed=0 convention=gaussian,BSL,B,1.2432596789316914,0.4246173729513924
n_obs=1000 seed=0 convention=gaussian,BSL,B,1.2462880704448451,0.4176509982087977
n_obs=1000 seed=0 convention=gaussian,BSL,B,1.2493164619579986,0.4178065864997951
n_obs=1000 seed=0 convention=gaussian,BSL,B,1.252344853471152,0.4222094046207708
n_obs=1000 seed=0 convention=gaussian,BSL,B,1.2553732449843058,0.4273727493058745
n_obs=1000 seed=0 convention=gaussian,BSL,B,1.2584016364974593,0.4298473652740451
n_obs=1000 seed=0 convention=gaussian,BSL,B,1.2614300280106128,0.4268311266945322
n_obs=1000 seed=0 convention=gaussian,BSL,B,1.2644584195237665,0.4166077062678249
n_obs=1000 seed=0 convention=gaussian,BSL,B,1.2674868110369195,0.3987326023849186
n_obs=1000 seed=0 convention=gaussian,BSL,B,1.2705152025500732,0.3739508942679116
n_obs=1000 seed=0 convention=gaussian,BSL,B,1.273543594063227,0.3438963919464564
n_obs=1000 seed=0 convention=gaussian,BSL,B,1.2765719855763804,0.3106689887434646
n_obs=1000 seed=0 convention=gaussian,BSL,B,1.279600377089534,0.2764037505480594
n_obs=1000 seed=0 convention=gaussian,BSL,B,1.2826287686026876,0.2429290319835908
n_obs=1000 seed=0 convention=gaussian,BSL,B,1.285657160115841,0.2115700898482841
n_obs=1000 seed=0 convention=gaussian,BSL,B,1.2886855516289946,0.183105478076161
n_obs=1000 seed=0 convention=gaussian,BSL,B,1.291713943142148,0.1578431874379469
n_obs=1000 seed=0 convention=gaussian,BSL,B,1.2947423346553015,0.1357629386451735
n_obs=1000 seed=0 convention=gaussian,BSL,B,1.2977707261684552,0.1166710877661527
n_obs=1000 seed=0 convention=gaussian,BSL,B,1.3007991176816087,0.1003281601987053
n_obs=1000 seed=0 convention=gaussian,BSL,B,1.3038275091947624,0.086527123857289
n_obs=1000 seed=0 convention=gaussian,BSL,B,1.306855900707916,0.0751174802794487
n_obs=1000 seed=0 convention=gaussian,BSL,B,1.3098842922210694,0.0659844473065977
n_obs=1000 seed=0 convention=gaussian,Gaussian-NPE (z-score),B,0.7072343811035156,0.0963933720557616
n_obs=1000 seed=0 convention=gaussian,Gaussian-NPE (z-score),B,0.710262772616669,0.1075079289762731
n_obs=1000 seed=0 convention=gaussian,Gaussian-NPE (z-score),B,0.7132911641298226,0.1198824820085537
n_obs=1000 seed=0 convention=gaussian,Gaussian-NPE (z-score),B,0.7163195556429761,0.1335988061516673
n_obs=1000 seed=0 convention=gaussian,Gaussian-NPE (z-score),B,0.7193479471561297,0.1487370215147311
n_obs=1000 seed=0 convention=gaussian,Gaussian-NPE (z-score),B,0.7223763386692832,0.1653791936511818
n_obs=1000 seed=0 convention=gaussian,Gaussian-NPE (z-score),B,0.7254047301824368,0.183610479890352
n_obs=1000 seed=0 convention=gaussian,Gaussian-NPE (z-score),B,0.7284331216955903,0.2035160215621895
n_obs=1000 seed=0 convention=gaussian,Gaussian-NPE (z-score),B,0.7314615132087439,0.2251727750154516
n_obs=1000 seed=0 convention=gaussian,Gaussian-NPE (z-score),B,0.7344899047218973,0.2486368959639655
n_obs=1000 seed=0 convention=gaussian,Gaussian-NPE (z-score),B,0.7375182962350509,0.2739287826892352
n_obs=1000 seed=0 convention=gaussian,Gaussian-NPE (z-score),B,0.7405466877482044,0.301019047863367
n_obs=1000 seed=0 convention=gaussian,Gaussian-NPE (z-score),B,0.743575079261358,0.3298192029026803
n_obs=1000 seed=0 convention=gaussian,Gaussian-NPE (z-score),B,0.7466034707745115,0.3601805261434159
n_obs=1000 seed=0 convention=gaussian,Gaussian-NPE (z-score),B,0.7496318622876651,0.3919034394972088
n_obs=1000 seed=0 convention=gaussian,Gaussian-NPE (z-score),B,0.7526602538008186,0.4247578844085751
n_obs=1000 seed=0 convention=gaussian,Gaussian-NPE (z-score),B,0.7556886453139722,0.4585129412729106
n_obs=1000 seed=0 convention=gaussian,Gaussian-NPE (z-score),B,0.7587170368271257,0.4929716587622373
n_obs=1000 seed=0 convention=gaussian,Gaussian-NPE (z-score),B,0.7617454283402793,0.5280052182218707
n_obs=1000 seed=0 convention=gaussian,Gaussian-NPE (z-score),B,0.7647738198534327,0.5635796546804888
n_obs=1000 seed=0 convention=gaussian,Gaussian-NPE (z-score),B,0.7678022113665863,0.5997688180299245
n_obs=1000 seed=0 convention=gaussian,Gaussian-NPE (z-score),B,0.7708306028797398,0.6367492857942985
n_obs=1000 seed=0 convention=gaussian,Gaussian-NPE (z-score),B,0.7738589943928934,0.6747763552044639
n_obs=1000 seed=0 convention=gaussian,Gaussian-NPE (z-score),B,0.7768873859060469,0.7141444257975048
n_obs=1000 seed=0 convention=gaussian,Gaussian-NPE (z-score),B,0.7799157774192005,0.7551390522292001
n_obs=1000 seed=0 convention=gaussian,Gaussian-NPE (z-score),B,0.782944168932354,0.7979905982477626
n_obs=1000 seed=0 convention=gaussian,Gaussian-NPE (z-score),B,0.7859725604455075,0.8428398699165827
n_obs=1000 seed=0 convention=gaussian,Gaussian-NPE (z-score),B,0.789000951958661,0.8897239891202612
n_obs=1000 seed=0 convention=gaussian,Gaussian-NPE (z-score),B,0.7920293434718146,0.9385864203753018
n_obs=1000 seed=0 convention=gaussian,Gaussian-NPE (z-score),B,0.7950577349849681,0.9893094618319604
n_obs=1000 seed=0 convention=gaussian,Gaussian-NPE (z-score),B,0.7980861264981216,1.041762020401673
n_obs=1000 seed=0 convention=gaussian,Gaussian-NPE (z-score),B,0.8011145180112752,1.095851490455789
n_obs=1000 seed=0 convention=gaussian,Gaussian-NPE (z-score),B,0.8041429095244287,1.1515670678680838
n_obs=1000 seed=0 convention=gaussian,Gaussian-NPE (z-score),B,0.8071713010375823,1.2090032646127242
n_obs=1000 seed=0 convention=gaussian,Gaussian-NPE (z-score),B,0.8101996925507358,1.2683564550993007
n_obs=1000 seed=0 convention=gaussian,Gaussian-NPE (z-score),B,0.8132280840638894,1.3298930903675417
n_obs=1000 seed=0 convention=gaussian,Gaussian-NPE (z-score),B,0.8162564755770428,1.3938944829704925
n_obs=1000 seed=0 convention=gaussian,Gaussian-NPE (z-score),B,0.8192848670901964,1.460588419005708
n_obs=1000 seed=0 convention=gaussian,Gaussian-NPE (z-score),B,0.8223132586033499,1.5300811108800336
n_obs=1000 seed=0 convention=gaussian,Gaussian-NPE (z-score),B,0.8253416501165035,1.6023034168859227
n_obs=1000 seed=0 convention=gaussian,Gaussian-NPE (z-score),B,0.828370041629657,1.6769826713778977
n_obs=1000 seed=0 convention=gaussian,Gaussian-NPE (z-score),B,0.8313984331428106,1.7536463931578743
n_obs=1000 seed=0 convention=gaussian,Gaussian-NPE (z-score),B,0.8344268246559641,1.8316576445665067
n_obs=1000 seed=0 convention=gaussian,Gaussian-NPE (z-score),B,0.8374552161691177,1.9102753382977813
n_obs=1000 seed=0 convention=gaussian,Gaussian-NPE (z-score),B,0.8404836076822711,1.9887278175652685
n_obs=1000 seed=0 convention=gaussian,Gaussian-NPE (z-score),B,0.8435119991954247,2.0662857366306473
n_obs=1000 seed=0 convention=gaussian,Gaussian-NPE (z-score),B,0.8465403907085782,2.1423211829347752
n_obs=1000 seed=0 convention=gaussian,Gaussian-NPE (z-score),B,0.8495687822217317,2.2163438539716176
n_obs=1000 seed=0 convention=gaussian,Gaussian-NPE (z-score),B,0.8525971737348853,2.2880109268012947
n_obs=1000 seed=0 convention=gaussian,Gaussian-NPE (z-score),B,0.8556255652480389,2.3571135424489507
n_obs=1000 seed=0 convention=gaussian,Gaussian-NPE (z-score),B,0.8586539567611924,2.423547995967412
n_obs=1000 seed=0 convention=gaussian,Gaussian-NPE (z-score),B,0.8616823482743459,2.487282544526858
n_obs=1000 seed=0 convention=gaussian,Gaussian-NPE (z-score),B,0.8647107397874995,2.548330645540442
n_obs=1000 seed=0 convention=gaussian,Gaussian-NPE (z-score),B,0.867739131300653,2.6067386009799014
n_obs=1000 seed=0 convention=gaussian,Gaussian-NPE (z-score),B,0.8707675228138065,2.662590845485255
n_obs=1000 seed=0 convention=gaussian,Gaussian-NPE (z-score),B,0.87379591432696,2.716030683286449
n_obs=1000 seed=0 convention=gaussian,Gaussian-NPE (z-score),B,0.8768243058401136,2.767289419303727
n_obs=1000 seed=0 convention=gaussian,Gaussian-NPE (z-score),B,0.8798526973532672,2.8167136032534135
n_obs=1000 seed=0 convention=gaussian,Gaussian-NPE (z-score),B,0.8828810888664207,2.864779202129149
n_obs=1000 seed=0 convention=gaussian,Gaussian-NPE (z-score),B,0.8859094803795742,2.9120831853935547
n_obs=1000 seed=0 convention=gaussian,Gaussian-NPE (z-score),B,0.8889378718927278,2.9593070405291817
n_obs=1000 seed=0 convention=gaussian,Gaussian-NPE (z-score),B,0.8919662634058813,3.007152478230503
n_obs=1000 seed=0 convention=gaussian,Gaussian-NPE (z-score),B,0.8949946549190348,3.0562559796220303
n_obs=1000 seed=0 convention=gaussian,Gaussian-NPE (z-score),B,0.8980230464321883,3.1070945516068047
n_obs=1000 seed=0 convention=gaussian,Gaussian-NPE (z-score),B,0.901051437945342,3.159898724859333
n_obs=1000 seed=0 convention=gaussian,Gaussian-NPE (z-score),B,0.9040798294584954,3.2145893813078064
n_obs=1000 seed=0 convention=gaussian,Gaussian-NPE (z-score),B,0.907108220971649,3.2707519910162497
n_obs=1000 seed=0 convention=gaussian,Gaussian-NPE (z-score),B,0.9101366124848024,3.3276556643563033
n_obs=1000 seed=0 convention=gaussian,Gaussian-NPE (z-score),B,0.913165003997956,3.3843162919120195
n_obs=1000 seed=0 convention=gaussian,Gaussian-NPE (z-score),B,0.9161933955111096,3.4395947055064973
n_obs=1000 seed=0 convention=gaussian,Gaussian-NPE (z-score),B,0.9192217870242632,3.492314107367658
n_obs=1000 seed=0 convention=gaussian,Gaussian-NPE (z-score),B,0.9222501785374166,3.5413774719857374
n_obs=1000 seed=0 convention=gaussian,Gaussian-NPE (z-score),B,0.92527857005057,3.585865993660543
n_obs=1000 seed=0 convention=gaussian,Gaussian-NPE (z-score),B,0.9283069615637236,3.625103820492414
n_obs=1000 seed=0 convention=gaussian,Gaussian-NPE (z-score),B,0.9313353530768772,3.6586813526711537
n_obs=1000 seed=0 convention=gaussian,Gaussian-NPE (z-score),B,0.9343637445900308,3.686437769656997
n_obs=1000 seed=0 convention=gaussian,Gaussian-NPE (z-score),B,0.9373921361031844,3.708411407023053
n_obs=1000 seed=0 convention=gaussian,Gaussian-NPE (z-score),B,0.940420527616338,3.7247724552680346
n_obs=1000 seed=0 convention=gaussian,Gaussian-NPE (z-score),B,0.9434489191294916,3.735754980229513
n_obs=1000 seed=0 convention=gaussian,Gaussian-NPE (z-score),B,0.946477310642645,3.7416039739691103
n_obs=1000 seed=0 convention=gaussian,Gaussian-NPE (z-score),B,0.9495057021557984,3.742548397180036
n_obs=1000 seed=0 convention=gaussian,Gaussian-NPE (z-score),B,0.952534093668952,3.738804119604934
n_obs=1000 seed=0 convention=gaussian,Gaussian-NPE (z-score),B,0.9555624851821056,3.730602974173901
n_obs=1000 seed=0 convention=gaussian,Gaussian-NPE (z-score),B,0.9585908766952592,3.718237589796432
n_obs=1000 seed=0 convention=gaussian,Gaussian-NPE (z-score),B,0.9616192682084126,3.702107695559747
n_obs=1000 seed=0 convention=gaussian,Gaussian-NPE (z-score),B,0.9646476597215662,3.6827529591795254
n_obs=1000 seed=0 convention=gaussian,Gaussian-NPE (z-score),B,0.9676760512347198,3.660860090966977
n_obs=1000 seed=0 convention=gaussian,Gaussian-NPE (z-score),B,0.9707044427478732,3.637237155019168
n_obs=1000 seed=0 convention=gaussian,Gaussian-NPE (z-score),B,0.9737328342610267,3.612754580130618
n_obs=1000 seed=0 convention=gaussian,Gaussian-NPE (z-score),B,0.9767612257741805,3.58825893955358
n_obs=1000 seed=0 convention=gaussian,Gaussian-NPE (z-score),B,0.9797896172873338,3.5644710324553452
n_obs=1000 seed=0 convention=gaussian,Gaussian-NPE (z-score),B,0.9828180088004874,3.5418833601293676
n_obs=1000 seed=0 convention=gaussian,Gaussian-NPE (z-score),B,0.9858464003136408,3.5206733444354352
n_obs=1000 seed=0 convention=gaussian,Gaussian-NPE (z-score),B,0.9888747918267944,3.500647513459607
n_obs=1000 seed=0 convention=gaussian,Gaussian-NPE (z-score),B,0.991903183339948,3.481228547917413
n_obs=1000 seed=0 convention=gaussian,Gaussian-NPE (z-score),B,0.9949315748531016,3.461491880709602
n_obs=1000 seed=0 convention=gaussian,Gaussian-NPE (z-score),B,0.9979599663662552,3.440251969741678
n_obs=1000 seed=0 convention=gaussian,Gaussian-NPE (z-score),B,1.0009883578794083,3.4161911104115164
n_obs=1000 seed=0 convention=gaussian,Gaussian-NPE (z-score),B,1.0040167493925622,3.3880166298295395
n_obs=1000 seed=0 convention=gaussian,Gaussian-NPE (z-score),B,1.0070451409057155,3.354626608326597
n_obs=1000 seed=0 convention=gaussian,Gaussian-NPE (z-score),B,1.0100735324188692,3.3152610522881307
n_obs=1000 seed=0 convention=gaussian,Gaussian-NPE (z-score),B,1.0131019239320227,3.2696156489016213
n_obs=1000 seed=0 convention=gaussian,Gaussian-NPE (z-score),B,1.0161303154451762,3.2178993358558636
n_obs=1000 seed=0 convention=gaussian,Gaussian-NPE (z-score),B,1.01915870695833,3.16082465548978
n_obs=1000 seed=0 convention=gaussian,Gaussian-NPE (z-score),B,1.0221870984714834,3.0995301455833064
n_obs=1000 seed=0 convention=gaussian,Gaussian-NPE (z-score),B,1.0252154899846369,3.035445055856961
n_obs=1000 seed=0 convention=gaussian,Gaussian-NPE (z-score),B,1.0282438814977906,2.9701163192741915
n_obs=1000 seed=0 convention=gaussian,Gaussian-NPE (z-score),B,1.031272273010944,2.905023940117561
n_obs=1000 seed=0 convention=gaussian,Gaussian-NPE (z-score),B,1.0343006645240975,2.8414124387373807
n_obs=1000 seed=0 convention=gaussian,Gaussian-NPE (z-score),B,1.037329056037251,2.7801624149677044
n_obs=1000 seed=0 convention=gaussian,Gaussian-NPE (z-score),B,1.0403574475504045,2.721718516587351
n_obs=1000 seed=0 convention=gaussian,Gaussian-NPE (z-score),B,1.0433858390635582,2.666079924761887
n_obs=1000 seed=0 convention=gaussian,Gaussian-NPE (z-score),B,1.0464142305767117,2.612849138552632
n_obs=1000 seed=0 convention=gaussian,Gaussian-NPE (z-score),B,1.0494426220898652,2.561326425181662
n_obs=1000 seed=0 convention=gaussian,Gaussian-NPE (z-score),B,1.0524710136030189,2.510632167098447
n_obs=1000 seed=0 convention=gaussian,Gaussian-NPE (z-score),B,1.0554994051161724,2.459837876885011
n_obs=1000 seed=0 convention=gaussian,Gaussian-NPE (z-score),B,1.0585277966293258,2.408088367043197
n_obs=1000 seed=0 convention=gaussian,Gaussian-NPE (z-score),B,1.061556188142479,2.3547014047676273
n_obs=1000 seed=0 convention=gaussian,Gaussian-NPE (z-score),B,1.0645845796556328,2.2992359995427707
n_obs=1000 seed=0 convention=gaussian,Gaussian-NPE (z-score),B,1.0676129711687865,2.2415253598511504
n_obs=1000 seed=0 convention=gaussian,Gaussian-NPE (z-score),B,1.07064136268194,2.1816749941741795
n_obs=1000 seed=0 convention=gaussian,Gaussian-NPE (z-score),B,1.0736697541950937,2.1200302030453777
n_obs=1000 seed=0 convention=gaussian,Gaussian-NPE (z-score),B,1.076698145708247,2.05712020650167
n_obs=1000 seed=0 convention=gaussian,Gaussian-NPE (z-score),B,1.0797265372214009,1.9935882196261936
n_obs=1000 seed=0 convention=gaussian,Gaussian-NPE (z-score),B,1.082754928734554,1.930117692795436
n_obs=1000 seed=0 convention=gaussian,Gaussian-NPE (z-score),B,1.0857833202477076,1.8673644598679533
n_obs=1000 seed=0 convention=gaussian,Gaussian-NPE (z-score),B,1.0888117117608611,1.8059026568962957
n_obs=1000 seed=0 convention=gaussian,Gaussian-NPE (z-score),B,1.0918401032740146,1.7461892545960525
n_obs=1000 seed=0 convention=gaussian,Gaussian-NPE (z-score),B,1.0948684947871683,1.6885484559129595
n_obs=1000 seed=0 convention=gaussian,Gaussian-NPE (z-score),B,1.0978968863003218,1.6331737835705729
n_obs=1000 seed=0 convention=gaussian,Gaussian-NPE (z-score),B,1.1009252778134753,1.5801431307168707
n_obs=1000 seed=0 convention=gaussian,Gaussian-NPE (z-score),B,1.103953669326629,1.5294408518532456
n_obs=1000 seed=0 convention=gaussian,Gaussian-NPE (z-score),B,1.1069820608397825,1.4809812530202502
n_obs=1000 seed=0 convention=gaussian,Gaussian-NPE (z-score),B,1.110010452352936,1.4346293370073748
n_obs=1000 seed=0 convention=gaussian,Gaussian-NPE (z-score),B,1.1130388438660894,1.3902168078798414
n_obs=1000 seed=0 convention=gaussian,Gaussian-NPE (z-score),B,1.116067235379243,1.347553444711877
n_obs=1000 seed=0 convention=gaussian,Gaussian-NPE (z-score),B,1.1190956268923966,1.306435399820037
n_obs=1000 seed=0 convention=gaussian,Gaussian-NPE (z-score),B,1.12212401840555,1.2666524114779425
n_obs=1000 seed=0 convention=gaussian,Gaussian-NPE (z-score),B,1.1251524099187036,1.2279953700944382
n_obs=1000 seed=0 convention=gaussian,Gaussian-NPE (z-score),B,1.1281808014318573,1.1902645247297972
n_obs=1000 seed=0 convention=gaussian,Gaussian-NPE (z-score),B,1.1312091929450108,1.1532774605056872
n_obs=1000 seed=0 convention=gaussian,Gaussian-NPE (z-score),B,1.1342375844581642,1.116875391152324
n_obs=1000 seed=0 convention=gaussian,Gaussian-NPE (z-score),B,1.1372659759713175,1.0809266085766551
n_obs=1000 seed=0 convention=gaussian,Gaussian-NPE (z-score),B,1.1402943674844712,1.0453270230636813
n_obs=1000 seed=0 convention=gaussian,Gaussian-NPE (z-score),B,1.1433227589976247,1.0099991373539938
n_obs=1000 seed=0 convention=gaussian,Gaussian-NPE (z-score),B,1.1463511505107784,0.9748918456113872
n_obs=1000 seed=0 convention=gaussian,Gaussian-NPE (z-score),B,1.149379542023932,0.939983532970112
n_obs=1000 seed=0 convention=gaussian,Gaussian-NPE (z-score),B,1.1524079335370854,0.9052898195690616
n_obs=1000 seed=0 convention=gaussian,Gaussian-NPE (z-score),B,1.155436325050239,0.8708751832422815
n_obs=1000 seed=0 convention=gaussian,Gaussian-NPE (z-score),B,1.1584647165633926,0.8368652907742181
n_obs=1000 seed=0 convention=gaussian,Gaussian-NPE (z-score),B,1.161493108076546,0.8034550691286573
n_obs=1000 seed=0 convention=gaussian,Gaussian-NPE (z-score),B,1.1645214995896995,0.7709071454913768
n_obs=1000 seed=0 convention=gaussian,Gaussian-NPE (z-score),B,1.167549891102853,0.7395366550337577
n_obs=1000 seed=0 convention=gaussian,Gaussian-NPE (z-score),B,1.1705782826160067,0.7096813564767795
n_obs=1000 seed=0 convention=gaussian,Gaussian-NPE (z-score),B,1.1736066741291602,0.6816597651666878
n_obs=1000 seed=0 convention=gaussian,Gaussian-NPE (z-score),B,1.1766350656423137,0.6557235549766692
n_obs=1000 seed=0 convention=gaussian,Gaussian-NPE (z-score),B,1.1796634571554674,0.6320127595657797
n_obs=1000 seed=0 convention=gaussian,Gaussian-NPE (z-score),B,1.1826918486686209,0.6105226333699236
n_obs=1000 seed=0 convention=gaussian,Gaussian-NPE (z-score),B,1.1857202401817744,0.5910892761809502
n_obs=1000 seed=0 convention=gaussian,Gaussian-NPE (z-score),B,1.1887486316949278,0.5733977128015024
n_obs=1000 seed=0 convention=gaussian,Gaussian-NPE (z-score),B,1.191777023208081,0.5570118897690803
n_obs=1000 seed=0 convention=gaussian,Gaussian-NPE (z-score),B,1.194805414721235,0.5414219867535112
n_obs=1000 seed=0 convention=gaussian,Gaussian-NPE (z-score),B,1.1978338062343885,0.5261013976025043
n_obs=1000 seed=0 convention=gaussian,Gaussian-NPE (z-score),B,1.200862197747542,0.5105642595798852
n_obs=1000 seed=0 convention=gaussian,Gaussian-NPE (z-score),B,1.2038905892606957,0.494414666229214
n_obs=1000 seed=0 convention=gaussian,Gaussian-NPE (z-score),B,1.2069189807738492,0.4773805194196522
n_obs=1000 seed=0 convention=gaussian,Gaussian-NPE (z-score),B,1.2099473722870029,0.4593279462110382
n_obs=1000 seed=0 convention=gaussian,Gaussian-NPE (z-score),B,1.212975763800156,0.4402557662173653
n_obs=1000 seed=0 convention=gaussian,Gaussian-NPE (z-score),B,1.2160041553133096,0.4202730145701301
n_obs=1000 seed=0 convention=gaussian,Gaussian-NPE (z-score),B,1.2190325468264631,0.3995653703718505
n_obs=1000 seed=0 convention=gaussian,Gaussian-NPE (z-score),B,1.2220609383396168,0.3783579579292628
n_obs=1000 seed=0 convention=gaussian,Gaussian-NPE (z-score),B,1.2250893298527703,0.3568820204373022
n_obs=1000 seed=0 convention=gaussian,Gaussian-NPE (z-score),B,1.228117721365924,0.3353513704022754
n_obs=1000 seed=0 convention=gaussian,Gaussian-NPE (z-score),B,1.2311461128790775,0.3139516420039612
n_obs=1000 seed=0 convention=gaussian,Gaussian-NPE (z-score),B,1.234174504392231,0.2928419067570967
n_obs=1000 seed=0 convention=gaussian,Gaussian-NPE (z-score),B,1.2372028959053845,0.2721650608889406
n_obs=1000 seed=0 convention=gaussian,Gaussian-NPE (z-score),B,1.240231287418538,0.2520613916204476
n_obs=1000 seed=0 convention=gaussian,Gaussian-NPE (z-score),B,1.2432596789316914,0.2326794035101925
n_obs=1000 seed=0 convention=gaussian,Gaussian-NPE (z-score),B,1.2462880704448451,0.2141793665924651
n_obs=1000 seed=0 convention=gaussian,Gaussian-NPE (z-score),B,1.2493164619579986,0.1967276590319007
n_obs=1000 seed=0 convention=gaussian,Gaussian-NPE (z-score),B,1.252344853471152,0.180482989922898
n_obs=1000 seed=0 convention=gaussian,Gaussian-NPE (z-score),B,1.2553732449843058,0.1655780932529856
n_obs=1000 seed=0 convention=gaussian,Gaussian-NPE (z-score),B,1.2584016364974593,0.1521017811176817
n_obs=1000 seed=0 convention=gaussian,Gaussian-NPE (z-score),B,1.2614300280106128,0.1400860472295787
n_obs=1000 seed=0 convention=gaussian,Gaussian-NPE (z-score),B,1.2644584195237665,0.1295014074079215
n_obs=1000 seed=0 convention=gaussian,Gaussian-NPE (z-score),B,1.2674868110369195,0.1202614119258114
n_obs=1000 seed=0 convention=gaussian,Gaussian-NPE (z-score),B,1.2705152025500732,0.1122349884611499
n_obs=1000 seed=0 convention=gaussian,Gaussian-NPE (z-score),B,1.273543594063227,0.1052636199952584
n_obs=1000 seed=0 convention=gaussian,Gaussian-NPE (z-score),B,1.2765719855763804,0.0991797087245526
n_obs=1000 seed=0 convention=gaussian,Gaussian-NPE (z-score),B,1.279600377089534,0.0938228542580357
n_obs=1000 seed=0 convention=gaussian,Gaussian-NPE (z-score),B,1.2826287686026876,0.0890518986841031
n_obs=1000 seed=0 convention=gaussian,Gaussian-NPE (z-score),B,1.285657160115841,0.08475199821916
n_obs=1000 seed=0 convention=gaussian,Gaussian-NPE (z-score),B,1.2886855516289946,0.0808371988960774
n_obs=1000 seed=0 convention=gaussian,Gaussian-NPE (z-score),B,1.291713943142148,0.077249695567719
n_obs=1000 seed=0 convention=gaussian,Gaussian-NPE (z-score),B,1.2947423346553015,0.0739570449672845
n_obs=1000 seed=0 convention=gaussian,Gaussian-NPE (z-score),B,1.2977707261684552,0.0709482207408074
n_obs=1000 seed=0 convention=gaussian,Gaussian-NPE (z-score),B,1.3007991176816087,0.0682288278427101
n_obs=1000 seed=0 convention=gaussian,Gaussian-NPE (z-score),B,1.3038275091947624,0.0658153490203622
n_obs=1000 seed=0 convention=gaussian,Gaussian-NPE (z-score),B,1.306855900707916,0.0637281968444828
n_obs=1000 seed=0 convention=gaussian,Gaussian-NPE (z-score),B,1.3098842922210694,0.0619836398297624
n_obs=1000 seed=0 convention=gaussian,Gaussian-NPE (robust asinh),B,0.7072343811035156,0.0092680371422295
n_obs=1000 seed=0 convention=gaussian,Gaussian-NPE (robust asinh),B,0.710262772616669,0.0111624934197748
n_obs=1000 seed=0 convention=gaussian,Gaussian-NPE (robust asinh),B,0.7132911641298226,0.013387102135793
n_obs=1000 seed=0 convention=gaussian,Gaussian-NPE (robust asinh),B,0.7163195556429761,0.0159196483301993
n_obs=1000 seed=0 convention=gaussian,Gaussian-NPE (robust asinh),B,0.7193479471561297,0.0187118492252357
n_obs=1000 seed=0 convention=gaussian,Gaussian-NPE (robust asinh),B,0.7223763386692832,0.0216994527915374
n_obs=1000 seed=0 convention=gaussian,Gaussian-NPE (robust asinh),B,0.7254047301824368,0.0248174679343465
n_obs=1000 seed=0 convention=gaussian,Gaussian-NPE (robust asinh),B,0.7284331216955903,0.0280172470033247
n_obs=1000 seed=0 convention=gaussian,Gaussian-NPE (robust asinh),B,0.7314615132087439,0.0312815571064023
n_obs=1000 seed=0 convention=gaussian,Gaussian-NPE (robust asinh),B,0.7344899047218973,0.0346342915586994
n_obs=1000 seed=0 convention=gaussian,Gaussian-NPE (robust asinh),B,0.7375182962350509,0.0381428968786232
n_obs=1000 seed=0 convention=gaussian,Gaussian-NPE (robust asinh),B,0.7405466877482044,0.0419134130099095
n_obs=1000 seed=0 convention=gaussian,Gaussian-NPE (robust asinh),B,0.743575079261358,0.0460796240357525
n_obs=1000 seed=0 convention=gaussian,Gaussian-NPE (robust asinh),B,0.7466034707745115,0.0507887240492378
n_obs=1000 seed=0 convention=gaussian,Gaussian-NPE (robust asinh),B,0.7496318622876651,0.0561859831216093
n_obs=1000 seed=0 convention=gaussian,Gaussian-NPE (robust asinh),B,0.7526602538008186,0.0624003670988026
n_obs=1000 seed=0 convention=gaussian,Gaussian-NPE (robust asinh),B,0.7556886453139722,0.0695323395491535
n_obs=1000 seed=0 convention=gaussian,Gaussian-NPE (robust asinh),B,0.7587170368271257,0.077644549968031
n_obs=1000 seed=0 convention=gaussian,Gaussian-NPE (robust asinh),B,0.7617454283402793,0.0867559837966197
n_obs=1000 seed=0 convention=gaussian,Gaussian-NPE (robust asinh),B,0.7647738198534327,0.0968403524678632
n_obs=1000 seed=0 convention=gaussian,Gaussian-NPE (robust asinh),B,0.7678022113665863,0.1078297740298643
n_obs=1000 seed=0 convention=gaussian,Gaussian-NPE (robust asinh),B,0.7708306028797398,0.1196248030085996
n_obs=1000 seed=0 convention=gaussian,Gaussian-NPE (robust asinh),B,0.7738589943928934,0.1321113323736544
n_obs=1000 seed=0 convention=gaussian,Gaussian-NPE (robust asinh),B,0.7768873859060469,0.1451836868364155
n_obs=1000 seed=0 convention=gaussian,Gaussian-NPE (robust asinh),B,0.7799157774192005,0.1587714654039484
n_obs=1000 seed=0 convention=gaussian,Gaussian-NPE (robust asinh),B,0.782944168932354,0.1728657664393872
n_obs=1000 seed=0 convention=gaussian,Gaussian-NPE (robust asinh),B,0.7859725604455075,0.1875390015319442
n_obs=1000 seed=0 convention=gaussian,Gaussian-NPE (robust asinh),B,0.789000951958661,0.2029523602901695
n_obs=1000 seed=0 convention=gaussian,Gaussian-NPE (robust asinh),B,0.7920293434718146,0.2193467458009602
n_obs=1000 seed=0 convention=gaussian,Gaussian-NPE (robust asinh),B,0.7950577349849681,0.2370167468340947
n_obs=1000 seed=0 convention=gaussian,Gaussian-NPE (robust asinh),B,0.7980861264981216,0.2562722284184078
n_obs=1000 seed=0 convention=gaussian,Gaussian-NPE (robust asinh),B,0.8011145180112752,0.2773968949055271
n_obs=1000 seed=0 convention=gaussian,Gaussian-NPE (robust asinh),B,0.8041429095244287,0.3006158116441877
n_obs=1000 seed=0 convention=gaussian,Gaussian-NPE (robust asinh),B,0.8071713010375823,0.3260828027300124
n_obs=1000 seed=0 convention=gaussian,Gaussian-NPE (robust asinh),B,0.8101996925507358,0.353893417682912
n_obs=1000 seed=0 convention=gaussian,Gaussian-NPE (robust asinh),B,0.8132280840638894,0.3841208871464002
n_obs=1000 seed=0 convention=gaussian,Gaussian-NPE (robust asinh),B,0.8162564755770428,0.4168637138823376
n_obs=1000 seed=0 convention=gaussian,Gaussian-NPE (robust asinh),B,0.8192848670901964,0.452287501492811
n_obs=1000 seed=0 convention=gaussian,Gaussian-NPE (robust asinh),B,0.8223132586033499,0.4906430544705679
n_obs=1000 seed=0 convention=gaussian,Gaussian-NPE (robust asinh),B,0.8253416501165035,0.5322487779045737
n_obs=1000 seed=0 convention=gaussian,Gaussian-NPE (robust asinh),B,0.828370041629657,0.5774366932349706
n_obs=1000 seed=0 convention=gaussian,Gaussian-NPE (robust asinh),B,0.8313984331428106,0.6264744640080908
n_obs=1000 seed=0 convention=gaussian,Gaussian-NPE (robust asinh),B,0.8344268246559641,0.6794860090112373
n_obs=1000 seed=0 convention=gaussian,Gaussian-NPE (robust asinh),B,0.8374552161691177,0.7363964319200526
n_obs=1000 seed=0 convention=gaussian,Gaussian-NPE (robust asinh),B,0.8404836076822711,0.7969213092570169
n_obs=1000 seed=0 convention=gaussian,Gaussian-NPE (robust asinh),B,0.8435119991954247,0.8606074164068118
n_obs=1000 seed=0 convention=gaussian,Gaussian-NPE (robust asinh),B,0.8465403907085782,0.9269163309854336
n_obs=1000 seed=0 convention=gaussian,Gaussian-NPE (robust asinh),B,0.8495687822217317,0.9953298653370788
n_obs=1000 seed=0 convention=gaussian,Gaussian-NPE (robust asinh),B,0.8525971737348853,1.0654514497323084
n_obs=1000 seed=0 convention=gaussian,Gaussian-NPE (robust asinh),B,0.8556255652480389,1.137081507564535
n_obs=1000 seed=0 convention=gaussian,Gaussian-NPE (robust asinh),B,0.8586539567611924,1.2102547651328162
n_obs=1000 seed=0 convention=gaussian,Gaussian-NPE (robust asinh),B,0.8616823482743459,1.285238232493319
n_obs=1000 seed=0 convention=gaussian,Gaussian-NPE (robust asinh),B,0.8647107397874995,1.3624956220024438
n_obs=1000 seed=0 convention=gaussian,Gaussian-NPE (robust asinh),B,0.867739131300653,1.4426254418684736
n_obs=1000 seed=0 convention=gaussian,Gaussian-NPE (robust asinh),B,0.8707675228138065,1.526277686516764
n_obs=1000 seed=0 convention=gaussian,Gaussian-NPE (robust asinh),B,0.87379591432696,1.6140518957867862
n_obs=1000 seed=0 convention=gaussian,Gaussian-NPE (robust asinh),B,0.8768243058401136,1.7063808942517562
n_obs=1000 seed=0 convention=gaussian,Gaussian-NPE (robust asinh),B,0.8798526973532672,1.8034105967934349
n_obs=1000 seed=0 convention=gaussian,Gaussian-NPE (robust asinh),B,0.8828810888664207,1.9048944369798175
n_obs=1000 seed=0 convention=gaussian,Gaussian-NPE (robust asinh),B,0.8859094803795742,2.010126781385305
n_obs=1000 seed=0 convention=gaussian,Gaussian-NPE (robust asinh),B,0.8889378718927278,2.117938967577802
n_obs=1000 seed=0 convention=gaussian,Gaussian-NPE (robust asinh),B,0.8919662634058813,2.2267725422883498
n_obs=1000 seed=0 convention=gaussian,Gaussian-NPE (robust asinh),B,0.8949946549190348,2.3348283293048513
n_obs=1000 seed=0 convention=gaussian,Gaussian-NPE (robust asinh),B,0.8980230464321883,2.440271337312163
n_obs=1000 seed=0 convention=gaussian,Gaussian-NPE (robust asinh),B,0.901051437945342,2.541455762020912
n_obs=1000 seed=0 convention=gaussian,Gaussian-NPE (robust asinh),B,0.9040798294584954,2.6371265400600055
n_obs=1000 seed=0 convention=gaussian,Gaussian-NPE (robust asinh),B,0.907108220971649,2.7265571391835164
n_obs=1000 seed=0 convention=gaussian,Gaussian-NPE (robust asinh),B,0.9101366124848024,2.809597453522519
n_obs=1000 seed=0 convention=gaussian,Gaussian-NPE (robust asinh),B,0.913165003997956,2.886627281786579
n_obs=1000 seed=0 convention=gaussian,Gaussian-NPE (robust asinh),B,0.9161933955111096,2.958433619657592
n_obs=1000 seed=0 convention=gaussian,Gaussian-NPE (robust asinh),B,0.9192217870242632,3.02604672059659
n_obs=1000 seed=0 convention=gaussian,Gaussian-NPE (robust asinh),B,0.9222501785374166,3.0905750936212395
n_obs=1000 seed=0 convention=gaussian,Gaussian-NPE (robust asinh),B,0.92527857005057,3.153071881221287
n_obs=1000 seed=0 convention=gaussian,Gaussian-NPE (robust asinh),B,0.9283069615637236,3.2144479358793125
n_obs=1000 seed=0 convention=gaussian,Gaussian-NPE (robust asinh),B,0.9313353530768772,3.275427672312136
n_obs=1000 seed=0 convention=gaussian,Gaussian-NPE (robust asinh),B,0.9343637445900308,3.3365303612115675
n_obs=1000 seed=0 convention=gaussian,Gaussian-NPE (robust asinh),B,0.9373921361031844,3.398056994321677
n_obs=1000 seed=0 convention=gaussian,Gaussian-NPE (robust asinh),B,0.940420527616338,3.4600710566452397
n_obs=1000 seed=0 convention=gaussian,Gaussian-NPE (robust asinh),B,0.9434489191294916,3.5223753919932665
n_obs=1000 seed=0 convention=gaussian,Gaussian-NPE (robust asinh),B,0.946477310642645,3.58449940212837
n_obs=1000 seed=0 convention=gaussian,Gaussian-NPE (robust asinh),B,0.9495057021557984,3.6457149528321513
n_obs=1000 seed=0 convention=gaussian,Gaussian-NPE (robust asinh),B,0.952534093668952,3.7050935800227434
n_obs=1000 seed=0 convention=gaussian,Gaussian-NPE (robust asinh),B,0.9555624851821056,3.761604657688132
n_obs=1000 seed=0 convention=gaussian,Gaussian-NPE (robust asinh),B,0.9585908766952592,3.8142399332453207
n_obs=1000 seed=0 convention=gaussian,Gaussian-NPE (robust asinh),B,0.9616192682084126,3.862140211454112
n_obs=1000 seed=0 convention=gaussian,Gaussian-NPE (robust asinh),B,0.9646476597215662,3.904698443948309
n_obs=1000 seed=0 convention=gaussian,Gaussian-NPE (robust asinh),B,0.9676760512347198,3.941619916213568
n_obs=1000 seed=0 convention=gaussian,Gaussian-NPE (robust asinh),B,0.9707044427478732,3.9729315013308577
n_obs=1000 seed=0 convention=gaussian,Gaussian-NPE (robust asinh),B,0.9737328342610267,3.998943759902207
n_obs=1000 seed=0 convention=gaussian,Gaussian-NPE (robust asinh),B,0.9767612257741805,4.020178414573095
n_obs=1000 seed=0 convention=gaussian,Gaussian-NPE (robust asinh),B,0.9797896172873338,4.0372777278622705
n_obs=1000 seed=0 convention=gaussian,Gaussian-NPE (robust asinh),B,0.9828180088004874,4.0509119122527375
n_obs=1000 seed=0 convention=gaussian,Gaussian-NPE (robust asinh),B,0.9858464003136408,4.061697553702242
n_obs=1000 seed=0 convention=gaussian,Gaussian-NPE (robust asinh),B,0.9888747918267944,4.070136009757552
n_obs=1000 seed=0 convention=gaussian,Gaussian-NPE (robust asinh),B,0.991903183339948,4.076577071086435
n_obs=1000 seed=0 convention=gaussian,Gaussian-NPE (robust asinh),B,0.9949315748531016,4.081210082113912
n_obs=1000 seed=0 convention=gaussian,Gaussian-NPE (robust asinh),B,0.9979599663662552,4.084081710059729
n_obs=1000 seed=0 convention=gaussian,Gaussian-NPE (robust asinh),B,1.0009883578794083,4.08513605270687
n_obs=1000 seed=0 convention=gaussian,Gaussian-NPE (robust asinh),B,1.0040167493925622,4.084268760933894
n_obs=1000 seed=0 convention=gaussian,Gaussian-NPE (robust asinh),B,1.0070451409057155,4.081383161601056
n_obs=1000 seed=0 convention=gaussian,Gaussian-NPE (robust asinh),B,1.0100735324188692,4.076434491575095
n_obs=1000 seed=0 convention=gaussian,Gaussian-NPE (robust asinh),B,1.0131019239320227,4.0694497749466025
n_obs=1000 seed=0 convention=gaussian,Gaussian-NPE (robust asinh),B,1.0161303154451762,4.0605162193689
n_obs=1000 seed=0 convention=gaussian,Gaussian-NPE (robust asinh),B,1.01915870695833,4.049739420626596
n_obs=1000 seed=0 convention=gaussian,Gaussian-NPE (robust asinh),B,1.0221870984714834,4.037181772741714
n_obs=1000 seed=0 convention=gaussian,Gaussian-NPE (robust asinh),B,1.0252154899846369,4.022798103353899
n_obs=1000 seed=0 convention=gaussian,Gaussian-NPE (robust asinh),B,1.0282438814977906,4.006387003059875
n_obs=1000 seed=0 convention=gaussian,Gaussian-NPE (robust asinh),B,1.031272273010944,3.9875717429131368
n_obs=1000 seed=0 convention=gaussian,Gaussian-NPE (robust asinh),B,1.0343006645240975,3.9658157274690713
n_obs=1000 seed=0 convention=gaussian,Gaussian-NPE (robust asinh),B,1.037329056037251,3.940467719495284
n_obs=1000 seed=0 convention=gaussian,Gaussian-NPE (robust asinh),B,1.0403574475504045,3.910825488286415
n_obs=1000 seed=0 convention=gaussian,Gaussian-NPE (robust asinh),B,1.0433858390635582,3.876205252254245
n_obs=1000 seed=0 convention=gaussian,Gaussian-NPE (robust asinh),B,1.0464142305767117,3.83600760522125
n_obs=1000 seed=0 convention=gaussian,Gaussian-NPE (robust asinh),B,1.0494426220898652,3.789775432807935
n_obs=1000 seed=0 convention=gaussian,Gaussian-NPE (robust asinh),B,1.0524710136030189,3.737242099846953
n_obs=1000 seed=0 convention=gaussian,Gaussian-NPE (robust asinh),B,1.0554994051161724,3.678367228300579
n_obs=1000 seed=0 convention=gaussian,Gaussian-NPE (robust asinh),B,1.0585277966293258,3.613353987966598
n_obs=1000 seed=0 convention=gaussian,Gaussian-NPE (robust asinh),B,1.061556188142479,3.5426394904613385
n_obs=1000 seed=0 convention=gaussian,Gaussian-NPE (robust asinh),B,1.0645845796556328,3.46685202518076
n_obs=1000 seed=0 convention=gaussian,Gaussian-NPE (robust asinh),B,1.0676129711687865,3.386736485529546
n_obs=1000 seed=0 convention=gaussian,Gaussian-NPE (robust asinh),B,1.07064136268194,3.303060032362829
n_obs=1000 seed=0 convention=gaussian,Gaussian-NPE (robust asinh),B,1.0736697541950937,3.216519179020807
n_obs=1000 seed=0 convention=gaussian,Gaussian-NPE (robust asinh),B,1.076698145708247,3.127672530064904
n_obs=1000 seed=0 convention=gaussian,Gaussian-NPE (robust asinh),B,1.0797265372214009,3.0369182664006993
n_obs=1000 seed=0 convention=gaussian,Gaussian-NPE (robust asinh),B,1.082754928734554,2.944523460198567
n_obs=1000 seed=0 convention=gaussian,Gaussian-NPE (robust asinh),B,1.0857833202477076,2.8506974539114744
n_obs=1000 seed=0 convention=gaussian,Gaussian-NPE (robust asinh),B,1.0888117117608611,2.755688777092109
n_obs=1000 seed=0 convention=gaussian,Gaussian-NPE (robust asinh),B,1.0918401032740146,2.659878312244349
n_obs=1000 seed=0 convention=gaussian,Gaussian-NPE (robust asinh),B,1.0948684947871683,2.563842346408656
n_obs=1000 seed=0 convention=gaussian,Gaussian-NPE (robust asinh),B,1.0978968863003218,2.468367023481801
n_obs=1000 seed=0 convention=gaussian,Gaussian-NPE (robust asinh),B,1.1009252778134753,2.374407968445095
n_obs=1000 seed=0 convention=gaussian,Gaussian-NPE (robust asinh),B,1.103953669326629,2.283002040396509
n_obs=1000 seed=0 convention=gaussian,Gaussian-NPE (robust asinh),B,1.1069820608397825,2.195148957643555
n_obs=1000 seed=0 convention=gaussian,Gaussian-NPE (robust asinh),B,1.110010452352936,2.1116865219241947
n_obs=1000 seed=0 convention=gaussian,Gaussian-NPE (robust asinh),B,1.1130388438660894,2.0331833767994474
n_obs=1000 seed=0 convention=gaussian,Gaussian-NPE (robust asinh),B,1.116067235379243,1.9598682471279336
n_obs=1000 seed=0 convention=gaussian,Gaussian-NPE (robust asinh),B,1.1190956268923966,1.891606259754865
n_obs=1000 seed=0 convention=gaussian,Gaussian-NPE (robust asinh),B,1.12212401840555,1.8279236844841729
n_obs=1000 seed=0 convention=gaussian,Gaussian-NPE (robust asinh),B,1.1251524099187036,1.768074503961668
n_obs=1000 seed=0 convention=gaussian,Gaussian-NPE (robust asinh),B,1.1281808014318573,1.7111369968832364
n_obs=1000 seed=0 convention=gaussian,Gaussian-NPE (robust asinh),B,1.1312091929450108,1.6561262331720623
n_obs=1000 seed=0 convention=gaussian,Gaussian-NPE (robust asinh),B,1.1342375844581642,1.6021083355134134
n_obs=1000 seed=0 convention=gaussian,Gaussian-NPE (robust asinh),B,1.1372659759713175,1.5483035035840016
n_obs=1000 seed=0 convention=gaussian,Gaussian-NPE (robust asinh),B,1.1402943674844712,1.4941663448206
n_obs=1000 seed=0 convention=gaussian,Gaussian-NPE (robust asinh),B,1.1433227589976247,1.4394338902060346
n_obs=1000 seed=0 convention=gaussian,Gaussian-NPE (robust asinh),B,1.1463511505107784,1.3841343088799247
n_obs=1000 seed=0 convention=gaussian,Gaussian-NPE (robust asinh),B,1.149379542023932,1.3285535009777127
n_obs=1000 seed=0 convention=gaussian,Gaussian-NPE (robust asinh),B,1.1524079335370854,1.2731627897519038
n_obs=1000 seed=0 convention=gaussian,Gaussian-NPE (robust asinh),B,1.155436325050239,1.218518306403325
n_obs=1000 seed=0 convention=gaussian,Gaussian-NPE (robust asinh),B,1.1584647165633926,1.1651497633592809
n_obs=1000 seed=0 convention=gaussian,Gaussian-NPE (robust asinh),B,1.161493108076546,1.1134608135933404
n_obs=1000 seed=0 convention=gaussian,Gaussian-NPE (robust asinh),B,1.1645214995896995,1.0636628316774883
n_obs=1000 seed=0 convention=gaussian,Gaussian-NPE (robust asinh),B,1.167549891102853,1.0157575661336808
n_obs=1000 seed=0 convention=gaussian,Gaussian-NPE (robust asinh),B,1.1705782826160067,0.9695724939010012
n_obs=1000 seed=0 convention=gaussian,Gaussian-NPE (robust asinh),B,1.1736066741291602,0.9248387844986028
n_obs=1000 seed=0 convention=gaussian,Gaussian-NPE (robust asinh),B,1.1766350656423137,0.8812898600299782
n_obs=1000 seed=0 convention=gaussian,Gaussian-NPE (robust asinh),B,1.1796634571554674,0.8387527556192473
n_obs=1000 seed=0 convention=gaussian,Gaussian-NPE (robust asinh),B,1.1826918486686209,0.7972070970971618
n_obs=1000 seed=0 convention=gaussian,Gaussian-NPE (robust asinh),B,1.1857202401817744,0.7567968214815692
n_obs=1000 seed=0 convention=gaussian,Gaussian-NPE (robust asinh),B,1.1887486316949278,0.717794279991785
n_obs=1000 seed=0 convention=gaussian,Gaussian-NPE (robust asinh),B,1.191777023208081,0.6805301604688831
n_obs=1000 seed=0 convention=gaussian,Gaussian-NPE (robust asinh),B,1.194805414721235,0.6453113274060159
n_obs=1000 seed=0 convention=gaussian,Gaussian-NPE (robust asinh),B,1.1978338062343885,0.6123498990256048
n_obs=1000 seed=0 convention=gaussian,Gaussian-NPE (robust asinh),B,1.200862197747542,0.581721085146099
n_obs=1000 seed=0 convention=gaussian,Gaussian-NPE (robust asinh),B,1.2038905892606957,0.5533571388856041
n_obs=1000 seed=0 convention=gaussian,Gaussian-NPE (robust asinh),B,1.2069189807738492,0.5270738616345655
n_obs=1000 seed=0 convention=gaussian,Gaussian-NPE (robust asinh),B,1.2099473722870029,0.5026177403622764
n_obs=1000 seed=0 convention=gaussian,Gaussian-NPE (robust asinh),B,1.212975763800156,0.4797180179451757
n_obs=1000 seed=0 convention=gaussian,Gaussian-NPE (robust asinh),B,1.2160041553133096,0.4581292102039893
n_obs=1000 seed=0 convention=gaussian,Gaussian-NPE (robust asinh),B,1.2190325468264631,0.4376547330452872
n_obs=1000 seed=0 convention=gaussian,Gaussian-NPE (robust asinh),B,1.2220609383396168,0.4181493624766136
n_obs=1000 seed=0 convention=gaussian,Gaussian-NPE (robust asinh),B,1.2250893298527703,0.3995048891230064
n_obs=1000 seed=0 convention=gaussian,Gaussian-NPE (robust asinh),B,1.228117721365924,0.3816276153157069
n_obs=1000 seed=0 convention=gaussian,Gaussian-NPE (robust asinh),B,1.2311461128790775,0.3644173023539997
n_obs=1000 seed=0 convention=gaussian,Gaussian-NPE (robust asinh),B,1.234174504392231,0.3477550199327166
n_obs=1000 seed=0 convention=gaussian,Gaussian-NPE (robust asinh),B,1.2372028959053845,0.3315032726839687
n_obs=1000 seed=0 convention=gaussian,Gaussian-NPE (robust asinh),B,1.240231287418538,0.3155173999312249
n_obs=1000 seed=0 convention=gaussian,Gaussian-NPE (robust asinh),B,1.2432596789316914,0.2996639609086187
n_obs=1000 seed=0 convention=gaussian,Gaussian-NPE (robust asinh),B,1.2462880704448451,0.2838403599501787
n_obs=1000 seed=0 convention=gaussian,Gaussian-NPE (robust asinh),B,1.2493164619579986,0.2679903249199544
n_obs=1000 seed=0 convention=gaussian,Gaussian-NPE (robust asinh),B,1.252344853471152,0.2521115130405018
n_obs=1000 seed=0 convention=gaussian,Gaussian-NPE (robust asinh),B,1.2553732449843058,0.236253801072273
n_obs=1000 seed=0 convention=gaussian,Gaussian-NPE (robust asinh),B,1.2584016364974593,0.2205091173898565
n_obs=1000 seed=0 convention=gaussian,Gaussian-NPE (robust asinh),B,1.2614300280106128,0.2049955391105877
n_obs=1000 seed=0 convention=gaussian,Gaussian-NPE (robust asinh),B,1.2644584195237665,0.1898394824265594
n_obs=1000 seed=0 convention=gaussian,Gaussian-NPE (robust asinh),B,1.2674868110369195,0.1751599485353197
n_obs=1000 seed=0 convention=gaussian,Gaussian-NPE (robust asinh),B,1.2705152025500732,0.1610579108465802
n_obs=1000 seed=0 convention=gaussian,Gaussian-NPE (robust asinh),B,1.273543594063227,0.1476122512987014
n_obs=1000 seed=0 convention=gaussian,Gaussian-NPE (robust asinh),B,1.2765719855763804,0.1348816504183397
n_obs=1000 seed=0 convention=gaussian,Gaussian-NPE (robust asinh),B,1.279600377089534,0.1229101387172321
n_obs=1000 seed=0 convention=gaussian,Gaussian-NPE (robust asinh),B,1.2826287686026876,0.1117331948435738
n_obs=1000 seed=0 convention=gaussian,Gaussian-NPE (robust asinh),B,1.285657160115841,0.1013816001309699
n_obs=1000 seed=0 convention=gaussian,Gaussian-NPE (robust asinh),B,1.2886855516289946,0.091881570733909
n_obs=1000 seed=0 convention=gaussian,Gaussian-NPE (robust asinh),B,1.291713943142148,0.0832514419251106
n_obs=1000 seed=0 convention=gaussian,Gaussian-NPE (robust asinh),B,1.2947423346553015,0.0754966586537739
n_obs=1000 seed=0 convention=gaussian,Gaussian-NPE (robust asinh),B,1.2977707261684552,0.0686054450792836
n_obs=1000 seed=0 convention=gaussian,Gaussian-NPE (robust asinh),B,1.3007991176816087,0.0625470744304676
n_obs=1000 seed=0 convention=gaussian,Gaussian-NPE (robust asinh),B,1.3038275091947624,0.0572733946682048
n_obs=1000 seed=0 convention=gaussian,Gaussian-NPE (robust asinh),B,1.306855900707916,0.052722788265407
n_obs=1000 seed=0 convention=gaussian,Gaussian-NPE (robust asinh),B,1.3098842922210694,0.0488247377144758
n_obs=1000 seed=0 convention=gaussian,NUTS reference,g,1.4322425732801412,5.049115645281759e-13
n_obs=1000 seed=0 convention=gaussian,NUTS reference,g,1.4445836527955564,1.2478816742561275e-11
n_obs=1000 seed=0 convention=gaussian,NUTS reference,g,1.4569247323109715,2.4106880148858715e-10
n_obs=1000 seed=0 convention=gaussian,NUTS reference,g,1.4692658118263868,3.6411505727172588e-09
n_obs=1000 seed=0 convention=gaussian,NUTS reference,g,1.481606891341802,4.3014331372534494e-08
n_obs=1000 seed=0 convention=gaussian,NUTS reference,g,1.4939479708572174,3.976087844007059e-07
n_obs=1000 seed=0 convention=gaussian,NUTS reference,g,1.5062890503726325,2.8776442381870354e-06
n_obs=1000 seed=0 convention=gaussian,NUTS reference,g,1.5186301298880478,1.632191630308856e-05
n_obs=1000 seed=0 convention=gaussian,NUTS reference,g,1.530971209403463,7.26684642802348e-05
n_obs=1000 seed=0 convention=gaussian,NUTS reference,g,1.5433122889188784,0.0002546716529078
n_obs=1000 seed=0 convention=gaussian,NUTS reference,g,1.5556533684342937,0.0007062347236906
n_obs=1000 seed=0 convention=gaussian,NUTS reference,g,1.5679944479497088,0.0015654380500546
n_obs=1000 seed=0 convention=gaussian,NUTS reference,g,1.580335527465124,0.0028282866078859
n_obs=1000 seed=0 convention=gaussian,NUTS reference,g,1.5926766069805394,0.0043171867464023
n_obs=1000 seed=0 convention=gaussian,NUTS reference,g,1.6050176864959544,0.0058924147314704
n_obs=1000 seed=0 convention=gaussian,NUTS reference,g,1.6173587660113695,0.0076739063292888
n_obs=1000 seed=0 convention=gaussian,NUTS reference,g,1.629699845526785,0.0099219211050592
n_obs=1000 seed=0 convention=gaussian,NUTS reference,g,1.6420409250422003,0.0127264460275005
n_obs=1000 seed=0 convention=gaussian,NUTS reference,g,1.6543820045576156,0.0159592562295007
n_obs=1000 seed=0 convention=gaussian,NUTS reference,g,1.6667230840730307,0.019534646813903
n_obs=1000 seed=0 convention=gaussian,NUTS reference,g,1.679064163588446,0.023721396956841
n_obs=1000 seed=0 convention=gaussian,NUTS reference,g,1.691405243103861,0.0293005184943427
n_obs=1000 seed=0 convention=gaussian,NUTS reference,g,1.7037463226192764,0.037253667402156
n_obs=1000 seed=0 convention=gaussian,NUTS reference,g,1.7160874021346917,0.0480638743130163
n_obs=1000 seed=0 convention=gaussian,NUTS reference,g,1.728428481650107,0.0616417919347761
n_obs=1000 seed=0 convention=gaussian,NUTS reference,g,1.7407695611655225,0.0783141518014814
n_obs=1000 seed=0 convention=gaussian,NUTS reference,g,1.7531106406809376,0.0994979981800976
n_obs=1000 seed=0 convention=gaussian,NUTS reference,g,1.7654517201963529,0.1267620841812981
n_obs=1000 seed=0 convention=gaussian,NUTS reference,g,1.777792799711768,0.1601726101273622
n_obs=1000 seed=0 convention=gaussian,NUTS reference,g,1.7901338792271833,0.1980840121890061
n_obs=1000 seed=0 convention=gaussian,NUTS reference,g,1.8024749587425983,0.2391879795457957
n_obs=1000 seed=0 convention=gaussian,NUTS reference,g,1.8148160382580136,0.2849404129415732
n_obs=1000 seed=0 convention=gaussian,NUTS reference,g,1.827157117773429,0.3393768489979717
n_obs=1000 seed=0 convention=gaussian,NUTS reference,g,1.839498197288844,0.4058205514553246
n_obs=1000 seed=0 convention=gaussian,NUTS reference,g,1.8518392768042595,0.4838935431586658
n_obs=1000 seed=0 convention=gaussian,NUTS reference,g,1.8641803563196744,0.5701756732408402
n_obs=1000 seed=0 convention=gaussian,NUTS reference,g,1.87652143583509,0.6612846029406608
n_obs=1000 seed=0 convention=gaussian,NUTS reference,g,1.8888625153505052,0.7559673809629184
n_obs=1000 seed=0 convention=gaussian,NUTS reference,g,1.9012035948659205,0.855329856025293
n_obs=1000 seed=0 convention=gaussian,NUTS reference,g,1.9135446743813356,0.9615632354045524
n_obs=1000 seed=0 convention=gaussian,NUTS reference,g,1.9258857538967509,1.0752959483495836
n_obs=1000 seed=0 convention=gaussian,NUTS reference,g,1.9382268334121664,1.194174837919753
n_obs=1000 seed=0 convention=gaussian,NUTS reference,g,1.9505679129275817,1.315263967570253
n_obs=1000 seed=0 convention=gaussian,NUTS reference,g,1.9629089924429963,1.438286014930439
n_obs=1000 seed=0 convention=gaussian,NUTS reference,g,1.975250071958412,1.5650901679439306
n_obs=1000 seed=0 convention=gaussian,NUTS reference,g,1.9875911514738271,1.6961355228493522
n_obs=1000 seed=0 convention=gaussian,NUTS reference,g,1.9999322309892424,1.8282797417824088
n_obs=1000 seed=0 convention=gaussian,NUTS reference,g,2.0122733105046575,1.9562255500157115
n_obs=1000 seed=0 convention=gaussian,NUTS reference,g,2.024614390020073,2.076119913239861
n_obs=1000 seed=0 convention=gaussian,NUTS reference,g,2.036955469535488,2.1871592282686794
n_obs=1000 seed=0 convention=gaussian,NUTS reference,g,2.0492965490509034,2.2891756248337662
n_obs=1000 seed=0 convention=gaussian,NUTS reference,g,2.0616376285663183,2.379458169278005
n_obs=1000 seed=0 convention=gaussian,NUTS reference,g,2.073978708081734,2.452521188343895
n_obs=1000 seed=0 convention=gaussian,NUTS reference,g,2.086319787597149,2.502352380114868
n_obs=1000 seed=0 convention=gaussian,NUTS reference,g,2.098660867112564,2.525537755126932
n_obs=1000 seed=0 convention=gaussian,NUTS reference,g,2.1110019466279795,2.524628395927335
n_obs=1000 seed=0 convention=gaussian,NUTS reference,g,2.1233430261433948,2.5089610669201927
n_obs=1000 seed=0 convention=gaussian,NUTS reference,g,2.13568410565881,2.489432413296942
n_obs=1000 seed=0 convention=gaussian,NUTS reference,g,2.148025185174226,2.470320780444469
n_obs=1000 seed=0 convention=gaussian,NUTS reference,g,2.1603662646896407,2.446501446888591
n_obs=1000 seed=0 convention=gaussian,NUTS reference,g,2.1727073442050555,2.408403226583752
n_obs=1000 seed=0 convention=gaussian,NUTS reference,g,2.1850484237204713,2.349021114020571
n_obs=1000 seed=0 convention=gaussian,NUTS reference,g,2.197389503235886,2.2682106023443627
n_obs=1000 seed=0 convention=gaussian,NUTS reference,g,2.2097305827513014,2.1732484838114963
n_obs=1000 seed=0 convention=gaussian,NUTS reference,g,2.2220716622667167,2.074844516210988
n_obs=1000 seed=0 convention=gaussian,NUTS reference,g,2.234412741782132,1.979385504799113
n_obs=1000 seed=0 convention=gaussian,NUTS reference,g,2.2467538212975473,1.8838484902861616
n_obs=1000 seed=0 convention=gaussian,NUTS reference,g,2.259094900812962,1.780194739261151
n_obs=1000 seed=0 convention=gaussian,NUTS reference,g,2.271435980328378,1.6653161124195
n_obs=1000 seed=0 convention=gaussian,NUTS reference,g,2.2837770598437928,1.5449890957264665
n_obs=1000 seed=0 convention=gaussian,NUTS reference,g,2.296118139359208,1.428579942405232
n_obs=1000 seed=0 convention=gaussian,NUTS reference,g,2.3084592188746234,1.3222039497995557
n_obs=1000 seed=0 convention=gaussian,NUTS reference,g,2.3208002983900387,1.226173775975097
n_obs=1000 seed=0 convention=gaussian,NUTS reference,g,2.333141377905454,1.1358200872144804
n_obs=1000 seed=0 convention=gaussian,NUTS reference,g,2.3454824574208692,1.0445081883793566
n_obs=1000 seed=0 convention=gaussian,NUTS reference,g,2.3578235369362845,0.9485748964028884
n_obs=1000 seed=0 convention=gaussian,NUTS reference,g,2.3701646164516994,0.8502257868475944
n_obs=1000 seed=0 convention=gaussian,NUTS reference,g,2.382505695967115,0.7543728277620286
n_obs=1000 seed=0 convention=gaussian,NUTS reference,g,2.39484677548253,0.663262486879448
n_obs=1000 seed=0 convention=gaussian,NUTS reference,g,2.4071878549979453,0.576177191652575
n_obs=1000 seed=0 convention=gaussian,NUTS reference,g,2.4195289345133606,0.4937442763656106
n_obs=1000 seed=0 convention=gaussian,NUTS reference,g,2.431870014028776,0.4199325683456233
n_obs=1000 seed=0 convention=gaussian,NUTS reference,g,2.444211093544191,0.3590722371602013
n_obs=1000 seed=0 convention=gaussian,NUTS reference,g,2.456552173059606,0.312247187276208
n_obs=1000 seed=0 convention=gaussian,NUTS reference,g,2.468893252575022,0.2770934245102894
n_obs=1000 seed=0 convention=gaussian,NUTS reference,g,2.4812343320904366,0.2498323595246559
n_obs=1000 seed=0 convention=gaussian,NUTS reference,g,2.493575411605852,0.2266066225200569
n_obs=1000 seed=0 convention=gaussian,NUTS reference,g,2.5059164911212672,0.203790319061927
n_obs=1000 seed=0 convention=gaussian,NUTS reference,g,2.5182575706366825,0.1787869209491967
n_obs=1000 seed=0 convention=gaussian,NUTS reference,g,2.530598650152098,0.1514785557473703
n_obs=1000 seed=0 convention=gaussian,NUTS reference,g,2.542939729667513,0.124389879700484
n_obs=1000 seed=0 convention=gaussian,NUTS reference,g,2.5552808091829284,0.1005670870663198
n_obs=1000 seed=0 convention=gaussian,NUTS reference,g,2.5676218886983433,0.0812599252659025
n_obs=1000 seed=0 convention=gaussian,NUTS reference,g,2.579962968213759,0.065799309642119
n_obs=1000 seed=0 convention=gaussian,NUTS reference,g,2.592304047729174,0.0531236619709967
n_obs=1000 seed=0 convention=gaussian,NUTS reference,g,2.604645127244589,0.0427970655368985
n_obs=1000 seed=0 convention=gaussian,NUTS reference,g,2.6169862067600045,0.0347571655698337
n_obs=1000 seed=0 convention=gaussian,NUTS reference,g,2.62932728627542,0.0286633518586794
n_obs=1000 seed=0 convention=gaussian,NUTS reference,g,2.641668365790835,0.0237300876540244
n_obs=1000 seed=0 convention=gaussian,NUTS reference,g,2.65400944530625,0.0191589430159198
n_obs=1000 seed=0 convention=gaussian,NUTS reference,g,2.6663505248216657,0.0146893039101936
n_obs=1000 seed=0 convention=gaussian,NUTS reference,g,2.6786916043370805,0.0107004479161061
n_obs=1000 seed=0 convention=gaussian,NUTS reference,g,2.691032683852496,0.0077861356235219
n_obs=1000 seed=0 convention=gaussian,NUTS reference,g,2.703373763367911,0.0062194188622864
n_obs=1000 seed=0 convention=gaussian,NUTS reference,g,2.7157148428833264,0.0057351189721432
n_obs=1000 seed=0 convention=gaussian,NUTS reference,g,2.7280559223987417,0.0057305991059256
n_obs=1000 seed=0 convention=gaussian,NUTS reference,g,2.740397001914157,0.0056408141113367
n_obs=1000 seed=0 convention=gaussian,NUTS reference,g,2.7527380814295723,0.0051904842533649
n_obs=1000 seed=0 convention=gaussian,NUTS reference,g,2.765079160944987,0.0044248638882474
n_obs=1000 seed=0 convention=gaussian,NUTS reference,g,2.777420240460403,0.0035626090830744
n_obs=1000 seed=0 convention=gaussian,NUTS reference,g,2.7897613199758178,0.0028143529354039
n_obs=1000 seed=0 convention=gaussian,NUTS reference,g,2.802102399491233,0.0023095327072637
n_obs=1000 seed=0 convention=gaussian,NUTS reference,g,2.8144434790066484,0.0020687676622645
n_obs=1000 seed=0 convention=gaussian,NUTS reference,g,2.8267845585220637,0.0019524420615843
n_obs=1000 seed=0 convention=gaussian,NUTS reference,g,2.839125638037479,0.0017325235253179
n_obs=1000 seed=0 convention=gaussian,NUTS reference,g,2.851466717552894,0.001308870377012
n_obs=1000 seed=0 convention=gaussian,NUTS reference,g,2.8638077970683096,0.0007989615767063
n_obs=1000 seed=0 convention=gaussian,NUTS reference,g,2.8761488765837244,0.0003854869996876
n_obs=1000 seed=0 convention=gaussian,NUTS reference,g,2.8884899560991397,0.0001457667737925
n_obs=1000 seed=0 convention=gaussian,NUTS reference,g,2.900831035614555,4.306152620588787e-05
n_obs=1000 seed=0 convention=gaussian,NUTS reference,g,2.9131721151299703,9.92633045793542e-06
n_obs=1000 seed=0 convention=gaussian,NUTS reference,g,2.9255131946453856,1.7847037970956016e-06
n_obs=1000 seed=0 convention=gaussian,NUTS reference,g,2.937854274160801,2.502367981033389e-07
n_obs=1000 seed=0 convention=gaussian,NUTS reference,g,2.950195353676216,2.73601008101534e-08
n_obs=1000 seed=0 convention=gaussian,NUTS reference,g,2.962536433191631,2.3326846300512707e-09
n_obs=1000 seed=0 convention=gaussian,NUTS reference,g,2.974877512707047,1.5508242829894762e-10
n_obs=1000 seed=0 convention=gaussian,NUTS reference,g,2.9872185922224617,8.039629940787793e-12
n_obs=1000 seed=0 convention=gaussian,NUTS reference,g,2.999559671737877,3.2499444232510885e-13
n_obs=1000 seed=0 convention=gaussian,NUTS reference,g,3.0119007512532923,1.0244294057020486e-14
n_obs=1000 seed=0 convention=gaussian,NUTS reference,g,3.0242418307687076,2.517991716326015e-16
n_obs=1000 seed=0 convention=gaussian,NUTS reference,g,3.036582910284123,4.826059720068886e-18
n_obs=1000 seed=0 convention=gaussian,NUTS reference,g,3.0489239897995377,7.212689076968855e-20
n_obs=1000 seed=0 convention=gaussian,NUTS reference,g,3.0612650693149535,8.405583207178085e-22
n_obs=1000 seed=0 convention=gaussian,NUTS reference,g,3.0736061488303683,7.638438951390498e-24
n_obs=1000 seed=0 convention=gaussian,NUTS reference,g,3.0859472283457836,5.412619423908201e-26
n_obs=1000 seed=0 convention=gaussian,NUTS reference,g,3.098288307861199,2.9907250663714118e-28
n_obs=1000 seed=0 convention=gaussian,NUTS reference,g,3.110629387376614,1.2885806600712674e-30
n_obs=1000 seed=0 convention=gaussian,NUTS reference,g,3.1229704668920295,4.329251799521737e-33
n_obs=1000 seed=0 convention=gaussian,NUTS reference,g,3.135311546407445,1.1341753457934052e-35
n_obs=1000 seed=0 convention=gaussian,NUTS reference,g,3.14765262592286,2.316934082120769e-38
n_obs=1000 seed=0 convention=gaussian,NUTS reference,g,3.159993705438275,3.6907384789915564e-41
n_obs=1000 seed=0 convention=gaussian,NUTS reference,g,3.1723347849536907,4.584362871124892e-44
n_obs=1000 seed=0 convention=gaussian,NUTS reference,g,3.1846758644691056,4.440284725748238e-47
n_obs=1000 seed=0 convention=gaussian,NUTS reference,g,3.197016943984521,3.353580775935006e-50
n_obs=1000 seed=0 convention=gaussian,NUTS reference,g,3.209358023499936,1.9750261152657022e-53
n_obs=1000 seed=0 convention=gaussian,NUTS reference,g,3.2216991030153515,9.069911153133709e-57
n_obs=1000 seed=0 convention=gaussian,NUTS reference,g,3.2340401825307667,3.2478752683465124e-60
n_obs=1000 seed=0 convention=gaussian,NUTS reference,g,3.2463812620461816,9.069049466130724e-64
n_obs=1000 seed=0 convention=gaussian,NUTS reference,g,3.2587223415615973,1.974650858339166e-67
n_obs=1000 seed=0 convention=gaussian,NUTS reference,g,3.271063421077012,3.352625045810951e-71
n_obs=1000 seed=0 convention=gaussian,NUTS reference,g,3.2834045005924275,4.438597569014369e-75
n_obs=1000 seed=0 convention=gaussian,NUTS reference,g,3.295745580107843,4.582185597658915e-79
n_obs=1000 seed=0 convention=gaussian,NUTS reference,g,3.308086659623258,3.688635146728513e-83
n_obs=1000 seed=0 convention=gaussian,NUTS reference,g,3.3204277391386734,2.3153936787867897e-87
n_obs=1000 seed=0 convention=gaussian,NUTS reference,g,3.3327688186540887,1.1333136136473186e-91
n_obs=1000 seed=0 convention=gaussian,NUTS reference,g,3.345109898169504,4.325551500377033e-96
n_obs=1000 seed=0 convention=gaussian,NUTS reference,g,3.357450977684919,1.2873569670913014e-100
n_obs=1000 seed=0 convention=gaussian,NUTS reference,g,3.3697920572003346,2.9876010778565415e-105
n_obs=1000 seed=0 convention=gaussian,NUTS reference,g,3.3821331367157494,5.406451934485525e-110
n_obs=1000 seed=0 convention=gaussian,NUTS reference,g,3.3944742162311647,7.629010352964097e-115
n_obs=1000 seed=0 convention=gaussian,NUTS reference,g,3.40681529574658,8.394410079728968e-120
n_obs=1000 seed=0 convention=gaussian,NUTS reference,g,3.4191563752619953,7.202417254349292e-125
n_obs=1000 seed=0 convention=gaussian,NUTS reference,g,3.43149745477741,4.81872889049361e-130
n_obs=1000 seed=0 convention=gaussian,NUTS reference,g,3.443838534292826,2.5139279547479544e-135
n_obs=1000 seed=0 convention=gaussian,NUTS reference,g,3.4561796138082412,1.0226788652857988e-140
n_obs=1000 seed=0 convention=gaussian,NUTS reference,g,3.468520693323656,3.2440822266300247e-146
n_obs=1000 seed=0 convention=gaussian,NUTS reference,g,3.4808617728390714,8.024362605828629e-152
n_obs=1000 seed=0 convention=gaussian,NUTS reference,g,3.4932028523544867,1.5477305546626708e-157
n_obs=1000 seed=0 convention=gaussian,NUTS reference,g,3.505543931869902,2.327803336825268e-163
n_obs=1000 seed=0 convention=gaussian,NUTS reference,g,3.5178850113853173,2.730004328190124e-169
n_obs=1000 seed=0 convention=gaussian,NUTS reference,g,3.5302260909007326,2.496585845193742e-175
n_obs=1000 seed=0 convention=gaussian,NUTS reference,g,3.542567170416148,1.7803106559820977e-181
n_obs=1000 seed=0 convention=gaussian,NUTS reference,g,3.5549082499315627,9.899452994942766e-188
n_obs=1000 seed=0 convention=gaussian,NUTS reference,g,3.567249329446978,4.2923262423173723e-194
n_obs=1000 seed=0 convention=gaussian,NUTS reference,g,3.5795904089623933,1.451243769723977e-200
n_obs=1000 seed=0 convention=gaussian,NUTS reference,g,3.5919314884778086,3.826080755021106e-207
n_obs=1000 seed=0 convention=gaussian,NUTS reference,g,3.604272567993224,7.865639090743861e-214
n_obs=1000 seed=0 convention=gaussian,NUTS reference,g,3.6166136475086392,1.2608981786384879e-220
n_obs=1000 seed=0 convention=gaussian,NUTS reference,g,3.6289547270240545,1.5761303745417947e-227
n_obs=1000 seed=0 convention=gaussian,NUTS reference,g,3.64129580653947,1.5362800081786166e-234
n_obs=1000 seed=0 convention=gaussian,NUTS reference,g,3.653636886054885,1.1676555248817384e-241
n_obs=1000 seed=0 convention=gaussian,NUTS reference,g,3.6659779655703,6.920304706564789e-249
n_obs=1000 seed=0 convention=gaussian,NUTS reference,g,3.6783190450857153,3.1981719872039337e-256
n_obs=1000 seed=0 convention=gaussian,NUTS reference,g,3.6906601246011306,1.1525095476031618e-263
n_obs=1000 seed=0 convention=gaussian,NUTS reference,g,3.703001204116546,3.2385705914629423e-271
n_obs=1000 seed=0 convention=gaussian,NUTS reference,g,3.715342283631961,7.096240453465273e-279
n_obs=1000 seed=0 convention=gaussian,NUTS reference,g,3.727683363147377,1.2124655205816968e-286
n_obs=1000 seed=0 convention=gaussian,NUTS reference,g,3.740024442662792,1.6153870262789952e-294
n_obs=1000 seed=0 convention=gaussian,NUTS reference,g,3.752365522178206,1.6782239053657806e-302
n_obs=1000 seed=0 convention=gaussian,NUTS reference,g,3.764706601693622,1.3595316883271e-310
n_obs=1000 seed=0 convention=gaussian,NUTS reference,g,3.777047681209037,8.58805e-319
n_obs=1000 seed=0 convention=gaussian,NUTS reference,g,3.789388760724453,0.0
n_obs=1000 seed=0 convention=gaussian,NUTS reference,g,3.801729840239868,0.0
n_obs=1000 seed=0 convention=gaussian,NUTS reference,g,3.814070919755283,0.0
n_obs=1000 seed=0 convention=gaussian,NUTS reference,g,3.8264119992706984,0.0
n_obs=1000 seed=0 convention=gaussian,NUTS reference,g,3.8387530787861137,0.0
n_obs=1000 seed=0 convention=gaussian,NUTS reference,g,3.851094158301529,0.0
n_obs=1000 seed=0 convention=gaussian,NUTS reference,g,3.863435237816944,0.0
n_obs=1000 seed=0 convention=gaussian,NUTS reference,g,3.875776317332359,0.0
n_obs=1000 seed=0 convention=gaussian,NUTS reference,g,3.8881173968477745,0.0
n_obs=1000 seed=0 convention=gaussian,BSL,g,1.4322425732801412,2.9430440934836607e-27
n_obs=1000 seed=0 convention=gaussian,BSL,g,1.4445836527955564,1.1263869294153866e-24
n_obs=1000 seed=0 convention=gaussian,BSL,g,1.4569247323109715,3.064147959027598e-22
n_obs=1000 seed=0 convention=gaussian,BSL,g,1.4692658118263868,5.924656434965361e-20
n_obs=1000 seed=0 convention=gaussian,BSL,g,1.481606891341802,8.142315982465397e-18
n_obs=1000 seed=0 convention=gaussian,BSL,g,1.4939479708572174,7.953607749018455e-16
n_obs=1000 seed=0 convention=gaussian,BSL,g,1.5062890503726325,5.5221993401867024e-14
n_obs=1000 seed=0 convention=gaussian,BSL,g,1.5186301298880478,2.72516248621758e-12
n_obs=1000 seed=0 convention=gaussian,BSL,g,1.530971209403463,9.558882545544615e-11
n_obs=1000 seed=0 convention=gaussian,BSL,g,1.5433122889188784,2.3832070216457156e-09
n_obs=1000 seed=0 convention=gaussian,BSL,g,1.5556533684342937,4.2234917644055104e-08
n_obs=1000 seed=0 convention=gaussian,BSL,g,1.5679944479497088,5.320828697061197e-07
n_obs=1000 seed=0 convention=gaussian,BSL,g,1.580335527465124,4.7665334995993695e-06
n_obs=1000 seed=0 convention=gaussian,BSL,g,1.5926766069805394,3.0385716123506203e-05
n_obs=1000 seed=0 convention=gaussian,BSL,g,1.6050176864959544,0.0001381305267682
n_obs=1000 seed=0 convention=gaussian,BSL,g,1.6173587660113695,0.0004503837739223
n_obs=1000 seed=0 convention=gaussian,BSL,g,1.629699845526785,0.0010701411344286
n_obs=1000 seed=0 convention=gaussian,BSL,g,1.6420409250422003,0.0019317343759678
n_obs=1000 seed=0 convention=gaussian,BSL,g,1.6543820045576156,0.0029173341257379
n_obs=1000 seed=0 convention=gaussian,BSL,g,1.6667230840730307,0.0043382003242666
n_obs=1000 seed=0 convention=gaussian,BSL,g,1.679064163588446,0.0072850407771982
n_obs=1000 seed=0 convention=gaussian,BSL,g,1.691405243103861,0.0136100244645186
n_obs=1000 seed=0 convention=gaussian,BSL,g,1.7037463226192764,0.0250856118402969
n_obs=1000 seed=0 convention=gaussian,BSL,g,1.7160874021346917,0.0411650875777361
n_obs=1000 seed=0 convention=gaussian,BSL,g,1.728428481650107,0.0587752192820702
n_obs=1000 seed=0 convention=gaussian,BSL,g,1.7407695611655225,0.0774016871529648
n_obs=1000 seed=0 convention=gaussian,BSL,g,1.7531106406809376,0.1018403108893589
n_obs=1000 seed=0 convention=gaussian,BSL,g,1.7654517201963529,0.1359996928849419
n_obs=1000 seed=0 convention=gaussian,BSL,g,1.777792799711768,0.1783658668895568
n_obs=1000 seed=0 convention=gaussian,BSL,g,1.7901338792271833,0.2267784777569423
n_obs=1000 seed=0 convention=gaussian,BSL,g,1.8024749587425983,0.2810177463264765
n_obs=1000 seed=0 convention=gaussian,BSL,g,1.8148160382580136,0.3367479657746607
n_obs=1000 seed=0 convention=gaussian,BSL,g,1.827157117773429,0.3833687427238055
n_obs=1000 seed=0 convention=gaussian,BSL,g,1.839498197288844,0.4143910754506681
n_obs=1000 seed=0 convention=gaussian,BSL,g,1.8518392768042595,0.4387458690045341
n_obs=1000 seed=0 convention=gaussian,BSL,g,1.8641803563196744,0.4759812434202156
n_obs=1000 seed=0 convention=gaussian,BSL,g,1.87652143583509,0.5380933571465837
n_obs=1000 seed=0 convention=gaussian,BSL,g,1.8888625153505052,0.623296738946082
n_obs=1000 seed=0 convention=gaussian,BSL,g,1.9012035948659205,0.7284864832111021
n_obs=1000 seed=0 convention=gaussian,BSL,g,1.9135446743813356,0.8545296030927888
n_obs=1000 seed=0 convention=gaussian,BSL,g,1.9258857538967509,0.9971853138837578
n_obs=1000 seed=0 convention=gaussian,BSL,g,1.9382268334121664,1.1406437745386775
n_obs=1000 seed=0 convention=gaussian,BSL,g,1.9505679129275817,1.262969231449693
n_obs=1000 seed=0 convention=gaussian,BSL,g,1.9629089924429963,1.353794300114287
n_obs=1000 seed=0 convention=gaussian,BSL,g,1.975250071958412,1.4251255084322798
n_obs=1000 seed=0 convention=gaussian,BSL,g,1.9875911514738271,1.4975193232016908
n_obs=1000 seed=0 convention=gaussian,BSL,g,1.9999322309892424,1.5823932266488956
n_obs=1000 seed=0 convention=gaussian,BSL,g,2.0122733105046575,1.6836421912101398
n_obs=1000 seed=0 convention=gaussian,BSL,g,2.024614390020073,1.806802493320756
n_obs=1000 seed=0 convention=gaussian,BSL,g,2.036955469535488,1.9540340755717616
n_obs=1000 seed=0 convention=gaussian,BSL,g,2.0492965490509034,2.111722313890767
n_obs=1000 seed=0 convention=gaussian,BSL,g,2.0616376285663183,2.2559056512650155
n_obs=1000 seed=0 convention=gaussian,BSL,g,2.073978708081734,2.372422771532859
n_obs=1000 seed=0 convention=gaussian,BSL,g,2.086319787597149,2.4648690124542054
n_obs=1000 seed=0 convention=gaussian,BSL,g,2.098660867112564,2.540306400025256
n_obs=1000 seed=0 convention=gaussian,BSL,g,2.1110019466279795,2.591706618424689
n_obs=1000 seed=0 convention=gaussian,BSL,g,2.1233430261433948,2.6050065032791543
n_obs=1000 seed=0 convention=gaussian,BSL,g,2.13568410565881,2.578818304243166
n_obs=1000 seed=0 convention=gaussian,BSL,g,2.148025185174226,2.522206747843703
n_obs=1000 seed=0 convention=gaussian,BSL,g,2.1603662646896407,2.448235606145509
n_obs=1000 seed=0 convention=gaussian,BSL,g,2.1727073442050555,2.387033481754218
n_obs=1000 seed=0 convention=gaussian,BSL,g,2.1850484237204713,2.379195379642866
n_obs=1000 seed=0 convention=gaussian,BSL,g,2.197389503235886,2.430436701121789
n_obs=1000 seed=0 convention=gaussian,BSL,g,2.2097305827513014,2.4874965328928567
n_obs=1000 seed=0 convention=gaussian,BSL,g,2.2220716622667167,2.47884825610021
n_obs=1000 seed=0 convention=gaussian,BSL,g,2.234412741782132,2.3798362367008483
n_obs=1000 seed=0 convention=gaussian,BSL,g,2.2467538212975473,2.229471207538724
n_obs=1000 seed=0 convention=gaussian,BSL,g,2.259094900812962,2.078058593316311
n_obs=1000 seed=0 convention=gaussian,BSL,g,2.271435980328378,1.9347522968218904
n_obs=1000 seed=0 convention=gaussian,BSL,g,2.2837770598437928,1.7784712432896244
n_obs=1000 seed=0 convention=gaussian,BSL,g,2.296118139359208,1.5972712550595076
n_obs=1000 seed=0 convention=gaussian,BSL,g,2.3084592188746234,1.4040589292746202
n_obs=1000 seed=0 convention=gaussian,BSL,g,2.3208002983900387,1.226448595856669
n_obs=1000 seed=0 convention=gaussian,BSL,g,2.333141377905454,1.0840085987386516
n_obs=1000 seed=0 convention=gaussian,BSL,g,2.3454824574208692,0.9729807505349
n_obs=1000 seed=0 convention=gaussian,BSL,g,2.3578235369362845,0.8751258751879579
n_obs=1000 seed=0 convention=gaussian,BSL,g,2.3701646164516994,0.7780836985255974
n_obs=1000 seed=0 convention=gaussian,BSL,g,2.382505695967115,0.683877057882167
n_obs=1000 seed=0 convention=gaussian,BSL,g,2.39484677548253,0.599825551019131
n_obs=1000 seed=0 convention=gaussian,BSL,g,2.4071878549979453,0.5274418371696734
n_obs=1000 seed=0 convention=gaussian,BSL,g,2.4195289345133606,0.4641652071355199
n_obs=1000 seed=0 convention=gaussian,BSL,g,2.431870014028776,0.4089704898867172
n_obs=1000 seed=0 convention=gaussian,BSL,g,2.444211093544191,0.3614465387006373
n_obs=1000 seed=0 convention=gaussian,BSL,g,2.456552173059606,0.3222611361729522
n_obs=1000 seed=0 convention=gaussian,BSL,g,2.468893252575022,0.2942669538133186
n_obs=1000 seed=0 convention=gaussian,BSL,g,2.4812343320904366,0.2749275296112348
n_obs=1000 seed=0 convention=gaussian,BSL,g,2.493575411605852,0.2528084896177296
n_obs=1000 seed=0 convention=gaussian,BSL,g,2.5059164911212672,0.2217073139191237
n_obs=1000 seed=0 convention=gaussian,BSL,g,2.5182575706366825,0.190364861343088
n_obs=1000 seed=0 convention=gaussian,BSL,g,2.530598650152098,0.1677219927435654
n_obs=1000 seed=0 convention=gaussian,BSL,g,2.542939729667513,0.1497908641936449
n_obs=1000 seed=0 convention=gaussian,BSL,g,2.5552808091829284,0.1294287604526206
n_obs=1000 seed=0 convention=gaussian,BSL,g,2.5676218886983433,0.1062768618565679
n_obs=1000 seed=0 convention=gaussian,BSL,g,2.579962968213759,0.0829561841466047
n_obs=1000 seed=0 convention=gaussian,BSL,g,2.592304047729174,0.0608950592662223
n_obs=1000 seed=0 convention=gaussian,BSL,g,2.604645127244589,0.0408235230175134
n_obs=1000 seed=0 convention=gaussian,BSL,g,2.6169862067600045,0.0238468160159259
n_obs=1000 seed=0 convention=gaussian,BSL,g,2.62932728627542,0.0115186001405025
n_obs=1000 seed=0 convention=gaussian,BSL,g,2.641668365790835,0.0044257732280302
n_obs=1000 seed=0 convention=gaussian,BSL,g,2.65400944530625,0.0013292000899725
n_obs=1000 seed=0 convention=gaussian,BSL,g,2.6663505248216657,0.0003113815633433
n_obs=1000 seed=0 convention=gaussian,BSL,g,2.6786916043370805,5.69918076342462e-05
n_obs=1000 seed=0 convention=gaussian,BSL,g,2.691032683852496,8.11130622807246e-06
n_obs=1000 seed=0 convention=gaussian,BSL,g,2.703373763367911,8.85224535664838e-07
n_obs=1000 seed=0 convention=gaussian,BSL,g,2.7157148428833264,7.268994599174736e-08
n_obs=1000 seed=0 convention=gaussian,BSL,g,2.7280559223987417,4.410858525007061e-09
n_obs=1000 seed=0 convention=gaussian,BSL,g,2.740397001914157,1.9504924746871517e-10
n_obs=1000 seed=0 convention=gaussian,BSL,g,2.7527380814295723,6.225947727982106e-12
n_obs=1000 seed=0 convention=gaussian,BSL,g,2.765079160944987,1.4258796350248993e-13
n_obs=1000 seed=0 convention=gaussian,BSL,g,2.777420240460403,2.334385658711079e-15
n_obs=1000 seed=0 convention=gaussian,BSL,g,2.7897613199758178,2.7259021543765008e-17
n_obs=1000 seed=0 convention=gaussian,BSL,g,2.802102399491233,2.267344339808833e-19
n_obs=1000 seed=0 convention=gaussian,BSL,g,2.8144434790066484,1.3422868291606183e-21
n_obs=1000 seed=0 convention=gaussian,BSL,g,2.8267845585220637,5.6530239733180694e-24
n_obs=1000 seed=0 convention=gaussian,BSL,g,2.839125638037479,1.6931366497369926e-26
n_obs=1000 seed=0 convention=gaussian,BSL,g,2.851466717552894,3.6057509172439306e-29
n_obs=1000 seed=0 convention=gaussian,BSL,g,2.8638077970683096,5.459321197721234e-32
n_obs=1000 seed=0 convention=gaussian,BSL,g,2.8761488765837244,5.876057212343405e-35
n_obs=1000 seed=0 convention=gaussian,BSL,g,2.8884899560991397,4.495880924156835e-38
n_obs=1000 seed=0 convention=gaussian,BSL,g,2.900831035614555,2.4451726524305827e-41
n_obs=1000 seed=0 convention=gaussian,BSL,g,2.9131721151299703,9.452782926075921e-45
n_obs=1000 seed=0 convention=gaussian,BSL,g,2.9255131946453856,2.5975148423112298e-48
n_obs=1000 seed=0 convention=gaussian,BSL,g,2.937854274160801,5.07340556534377e-52
n_obs=1000 seed=0 convention=gaussian,BSL,g,2.950195353676216,7.043375146408022e-56
n_obs=1000 seed=0 convention=gaussian,BSL,g,2.962536433191631,6.950232060484233e-60
n_obs=1000 seed=0 convention=gaussian,BSL,g,2.974877512707047,4.874760783431204e-64
n_obs=1000 seed=0 convention=gaussian,BSL,g,2.9872185922224617,2.430197720189565e-68
n_obs=1000 seed=0 convention=gaussian,BSL,g,2.999559671737877,8.611193359499743e-73
n_obs=1000 seed=0 convention=gaussian,BSL,g,3.0119007512532923,2.1687919367299504e-77
n_obs=1000 seed=0 convention=gaussian,BSL,g,3.0242418307687076,3.882440581490706e-82
n_obs=1000 seed=0 convention=gaussian,BSL,g,3.036582910284123,4.939964331720593e-87
n_obs=1000 seed=0 convention=gaussian,BSL,g,3.0489239897995377,4.4676038211904444e-92
n_obs=1000 seed=0 convention=gaussian,BSL,g,3.0612650693149535,2.8718197696481033e-97
n_obs=1000 seed=0 convention=gaussian,BSL,g,3.0736061488303683,1.3121131299568312e-102
n_obs=1000 seed=0 convention=gaussian,BSL,g,3.0859472283457836,4.261052394465265e-108
n_obs=1000 seed=0 convention=gaussian,BSL,g,3.098288307861199,9.835442461816052e-114
n_obs=1000 seed=0 convention=gaussian,BSL,g,3.110629387376614,1.613623920086788e-119
n_obs=1000 seed=0 convention=gaussian,BSL,g,3.1229704668920295,1.8816641389049078e-125
n_obs=1000 seed=0 convention=gaussian,BSL,g,3.135311546407445,1.559600033560468e-131
n_obs=1000 seed=0 convention=gaussian,BSL,g,3.14765262592286,9.187887973636656e-138
n_obs=1000 seed=0 convention=gaussian,BSL,g,3.159993705438275,3.8472416309004444e-144
n_obs=1000 seed=0 convention=gaussian,BSL,g,3.1723347849536907,1.1450238823083996e-150
n_obs=1000 seed=0 convention=gaussian,BSL,g,3.1846758644691056,2.4222051891200257e-157
n_obs=1000 seed=0 convention=gaussian,BSL,g,3.197016943984521,3.641988876566456e-164
n_obs=1000 seed=0 convention=gaussian,BSL,g,3.209358023499936,3.892221943308707e-171
n_obs=1000 seed=0 convention=gaussian,BSL,g,3.2216991030153515,2.956568008752088e-178
n_obs=1000 seed=0 convention=gaussian,BSL,g,3.2340401825307667,1.596281363729987e-185
n_obs=1000 seed=0 convention=gaussian,BSL,g,3.2463812620461816,6.125792838429507e-193
n_obs=1000 seed=0 convention=gaussian,BSL,g,3.2587223415615973,1.6708846136922622e-200
n_obs=1000 seed=0 convention=gaussian,BSL,g,3.271063421077012,3.2393800635301908e-208
n_obs=1000 seed=0 convention=gaussian,BSL,g,3.2834045005924275,4.4638402203079295e-216
n_obs=1000 seed=0 convention=gaussian,BSL,g,3.295745580107843,4.372065577410386e-224
n_obs=1000 seed=0 convention=gaussian,BSL,g,3.308086659623258,3.0436589296935494e-232
n_obs=1000 seed=0 convention=gaussian,BSL,g,3.3204277391386734,1.506040291896937e-240
n_obs=1000 seed=0 convention=gaussian,BSL,g,3.3327688186540887,5.296737956996415e-249
n_obs=1000 seed=0 convention=gaussian,BSL,g,3.345109898169504,1.3240722225786213e-257
n_obs=1000 seed=0 convention=gaussian,BSL,g,3.357450977684919,2.3525894844179878e-266
n_obs=1000 seed=0 convention=gaussian,BSL,g,3.3697920572003346,2.9710633916690164e-275
n_obs=1000 seed=0 convention=gaussian,BSL,g,3.3821331367157494,2.666913775822083e-284
n_obs=1000 seed=0 convention=gaussian,BSL,g,3.3944742162311647,1.7015210298488982e-293
n_obs=1000 seed=0 convention=gaussian,BSL,g,3.40681529574658,7.716084185574346e-303
n_obs=1000 seed=0 convention=gaussian,BSL,g,3.4191563752619953,2.48706928109e-312
n_obs=1000 seed=0 convention=gaussian,BSL,g,3.43149745477741,5.7e-322
n_obs=1000 seed=0 convention=gaussian,BSL,g,3.443838534292826,0.0
n_obs=1000 seed=0 convention=gaussian,BSL,g,3.4561796138082412,0.0
n_obs=1000 seed=0 convention=gaussian,BSL,g,3.468520693323656,0.0
n_obs=1000 seed=0 convention=gaussian,BSL,g,3.4808617728390714,0.0
n_obs=1000 seed=0 convention=gaussian,BSL,g,3.4932028523544867,0.0
n_obs=1000 seed=0 convention=gaussian,BSL,g,3.505543931869902,0.0
n_obs=1000 seed=0 convention=gaussian,BSL,g,3.5178850113853173,0.0
n_obs=1000 seed=0 convention=gaussian,BSL,g,3.5302260909007326,0.0
n_obs=1000 seed=0 convention=gaussian,BSL,g,3.542567170416148,0.0
n_obs=1000 seed=0 convention=gaussian,BSL,g,3.5549082499315627,0.0
n_obs=1000 seed=0 convention=gaussian,BSL,g,3.567249329446978,0.0
n_obs=1000 seed=0 convention=gaussian,BSL,g,3.5795904089623933,0.0
n_obs=1000 seed=0 convention=gaussian,BSL,g,3.5919314884778086,0.0
n_obs=1000 seed=0 convention=gaussian,BSL,g,3.604272567993224,0.0
n_obs=1000 seed=0 convention=gaussian,BSL,g,3.6166136475086392,0.0
n_obs=1000 seed=0 convention=gaussian,BSL,g,3.6289547270240545,0.0
n_obs=1000 seed=0 convention=gaussian,BSL,g,3.64129580653947,0.0
n_obs=1000 seed=0 convention=gaussian,BSL,g,3.653636886054885,0.0
n_obs=1000 seed=0 convention=gaussian,BSL,g,3.6659779655703,0.0
n_obs=1000 seed=0 convention=gaussian,BSL,g,3.6783190450857153,0.0
n_obs=1000 seed=0 convention=gaussian,BSL,g,3.6906601246011306,0.0
n_obs=1000 seed=0 convention=gaussian,BSL,g,3.703001204116546,0.0
n_obs=1000 seed=0 convention=gaussian,BSL,g,3.715342283631961,0.0
n_obs=1000 seed=0 convention=gaussian,BSL,g,3.727683363147377,0.0
n_obs=1000 seed=0 convention=gaussian,BSL,g,3.740024442662792,0.0
n_obs=1000 seed=0 convention=gaussian,BSL,g,3.752365522178206,0.0
n_obs=1000 seed=0 convention=gaussian,BSL,g,3.764706601693622,0.0
n_obs=1000 seed=0 convention=gaussian,BSL,g,3.777047681209037,0.0
n_obs=1000 seed=0 convention=gaussian,BSL,g,3.789388760724453,0.0
n_obs=1000 seed=0 convention=gaussian,BSL,g,3.801729840239868,0.0
n_obs=1000 seed=0 convention=gaussian,BSL,g,3.814070919755283,0.0
n_obs=1000 seed=0 convention=gaussian,BSL,g,3.8264119992706984,0.0
n_obs=1000 seed=0 convention=gaussian,BSL,g,3.8387530787861137,0.0
n_obs=1000 seed=0 convention=gaussian,BSL,g,3.851094158301529,0.0
n_obs=1000 seed=0 convention=gaussian,BSL,g,3.863435237816944,0.0
n_obs=1000 seed=0 convention=gaussian,BSL,g,3.875776317332359,0.0
n_obs=1000 seed=0 convention=gaussian,BSL,g,3.8881173968477745,0.0
n_obs=1000 seed=0 convention=gaussian,Gaussian-NPE (z-score),g,1.4322425732801412,1.219316419468478e-05
n_obs=1000 seed=0 convention=gaussian,Gaussian-NPE (z-score),g,1.4445836527955564,2.274217965049713e-05
n_obs=1000 seed=0 convention=gaussian,Gaussian-NPE (z-score),g,1.4569247323109715,4.070956888664885e-05
n_obs=1000 seed=0 convention=gaussian,Gaussian-NPE (z-score),g,1.4692658118263868,6.997388683189961e-05
n_obs=1000 seed=0 convention=gaussian,Gaussian-NPE (z-score),g,1.481606891341802,0.0001155689139041
n_obs=1000 seed=0 convention=gaussian,Gaussian-NPE (z-score),g,1.4939479708572174,0.0001835623880082
n_obs=1000 seed=0 convention=gaussian,Gaussian-NPE (z-score),g,1.5062890503726325,0.0002806976810994
n_obs=1000 seed=0 convention=gaussian,Gaussian-NPE (z-score),g,1.5186301298880478,0.0004138169755332
n_obs=1000 seed=0 convention=gaussian,Gaussian-NPE (z-score),g,1.530971209403463,0.0005891789477902
n_obs=1000 seed=0 convention=gaussian,Gaussian-NPE (z-score),g,1.5433122889188784,0.0008118738074615
n_obs=1000 seed=0 convention=gaussian,Gaussian-NPE (z-score),g,1.5556533684342937,0.0010855763730217
n_obs=1000 seed=0 convention=gaussian,Gaussian-NPE (z-score),g,1.5679944479497088,0.0014128213445155
n_obs=1000 seed=0 convention=gaussian,Gaussian-NPE (z-score),g,1.580335527465124,0.0017958237690456
n_obs=1000 seed=0 convention=gaussian,Gaussian-NPE (z-score),g,1.5926766069805394,0.0022376432390212
n_obs=1000 seed=0 convention=gaussian,Gaussian-NPE (z-score),g,1.6050176864959544,0.0027432920023074
n_obs=1000 seed=0 convention=gaussian,Gaussian-NPE (z-score),g,1.6173587660113695,0.0033203190997617
n_obs=1000 seed=0 convention=gaussian,Gaussian-NPE (z-score),g,1.629699845526785,0.0039785317903994
n_obs=1000 seed=0 convention=gaussian,Gaussian-NPE (z-score),g,1.6420409250422003,0.0047288264936558
n_obs=1000 seed=0 convention=gaussian,Gaussian-NPE (z-score),g,1.6543820045576156,0.005581486780823
n_obs=1000 seed=0 convention=gaussian,Gaussian-NPE (z-score),g,1.6667230840730307,0.0065446039135989
n_obs=1000 seed=0 convention=gaussian,Gaussian-NPE (z-score),g,1.679064163588446,0.0076233422689096
n_obs=1000 seed=0 convention=gaussian,Gaussian-NPE (z-score),g,1.691405243103861,0.0088205529746163
n_obs=1000 seed=0 convention=gaussian,Gaussian-NPE (z-score),g,1.7037463226192764,0.0101388010313665
n_obs=1000 seed=0 convention=gaussian,Gaussian-NPE (z-score),g,1.7160874021346917,0.0115833773055287
n_obs=1000 seed=0 convention=gaussian,Gaussian-NPE (z-score),g,1.728428481650107,0.0131655048452354
n_obs=1000 seed=0 convention=gaussian,Gaussian-NPE (z-score),g,1.7407695611655225,0.0149048485008699
n_obs=1000 seed=0 convention=gaussian,Gaussian-NPE (z-score),g,1.7531106406809376,0.0168306158330357
n_obs=1000 seed=0 convention=gaussian,Gaussian-NPE (z-score),g,1.7654517201963529,0.018980903642465
n_obs=1000 seed=0 convention=gaussian,Gaussian-NPE (z-score),g,1.777792799711768,0.0214003484331344
n_obs=1000 seed=0 convention=gaussian,Gaussian-NPE (z-score),g,1.7901338792271833,0.0241364480082071
n_obs=1000 seed=0 convention=gaussian,Gaussian-NPE (z-score),g,1.8024749587425983,0.02723507702663
n_obs=1000 seed=0 convention=gaussian,Gaussian-NPE (z-score),g,1.8148160382580136,0.0307357499330484
n_obs=1000 seed=0 convention=gaussian,Gaussian-NPE (z-score),g,1.827157117773429,0.0346671679966321
n_obs=1000 seed=0 convention=gaussian,Gaussian-NPE (z-score),g,1.839498197288844,0.0390435890686836
n_obs=1000 seed=0 convention=gaussian,Gaussian-NPE (z-score),g,1.8518392768042595,0.0438625839773094
n_obs=1000 seed=0 convention=gaussian,Gaussian-NPE (z-score),g,1.8641803563196744,0.0491047290645839
n_obs=1000 seed=0 convention=gaussian,Gaussian-NPE (z-score),g,1.87652143583509,0.0547356383218205
n_obs=1000 seed=0 convention=gaussian,Gaussian-NPE (z-score),g,1.8888625153505052,0.0607104033828586
n_obs=1000 seed=0 convention=gaussian,Gaussian-NPE (z-score),g,1.9012035948659205,0.0669800131367391
n_obs=1000 seed=0 convention=gaussian,Gaussian-NPE (z-score),g,1.9135446743813356,0.073498789845096
n_obs=1000 seed=0 convention=gaussian,Gaussian-NPE (z-score),g,1.9258857538967509,0.0802314856029106
n_obs=1000 seed=0 convention=gaussian,Gaussian-NPE (z-score),g,1.9382268334121664,0.0871586019233522
n_obs=1000 seed=0 convention=gaussian,Gaussian-NPE (z-score),g,1.9505679129275817,0.0942788195704045
n_obs=1000 seed=0 convention=gaussian,Gaussian-NPE (z-score),g,1.9629089924429963,0.1016081309794408
n_obs=1000 seed=0 convention=gaussian,Gaussian-NPE (z-score),g,1.975250071958412,0.1091762040488938
n_obs=1000 seed=0 convention=gaussian,Gaussian-NPE (z-score),g,1.9875911514738271,0.11702142049884
n_obs=1000 seed=0 convention=gaussian,Gaussian-NPE (z-score),g,1.9999322309892424,0.1251866119148365
n_obs=1000 seed=0 convention=gaussian,Gaussian-NPE (z-score),g,2.0122733105046575,0.1337174624850491
n_obs=1000 seed=0 convention=gaussian,Gaussian-NPE (z-score),g,2.024614390020073,0.1426646817794302
n_obs=1000 seed=0 convention=gaussian,Gaussian-NPE (z-score),g,2.036955469535488,0.1520894522430714
n_obs=1000 seed=0 convention=gaussian,Gaussian-NPE (z-score),g,2.0492965490509034,0.1620697588804692
n_obs=1000 seed=0 convention=gaussian,Gaussian-NPE (z-score),g,2.0616376285663183,0.1727037715515522
n_obs=1000 seed=0 convention=gaussian,Gaussian-NPE (z-score),g,2.073978708081734,0.1841063171019731
n_obs=1000 seed=0 convention=gaussian,Gaussian-NPE (z-score),g,2.086319787597149,0.1963961643383729
n_obs=1000 seed=0 convention=gaussian,Gaussian-NPE (z-score),g,2.098660867112564,0.2096751309357252
n_obs=1000 seed=0 convention=gaussian,Gaussian-NPE (z-score),g,2.1110019466279795,0.2240038248573174
n_obs=1000 seed=0 convention=gaussian,Gaussian-NPE (z-score),g,2.1233430261433948,0.2393815339311939
n_obs=1000 seed=0 convention=gaussian,Gaussian-NPE (z-score),g,2.13568410565881,0.25573793737732
n_obs=1000 seed=0 convention=gaussian,Gaussian-NPE (z-score),g,2.148025185174226,0.2729414433253014
n_obs=1000 seed=0 convention=gaussian,Gaussian-NPE (z-score),g,2.1603662646896407,0.2908238911969782
n_obs=1000 seed=0 convention=gaussian,Gaussian-NPE (z-score),g,2.1727073442050555,0.3092159693888462
n_obs=1000 seed=0 convention=gaussian,Gaussian-NPE (z-score),g,2.1850484237204713,0.3279840595622935
n_obs=1000 seed=0 convention=gaussian,Gaussian-NPE (z-score),g,2.197389503235886,0.347058654399264
n_obs=1000 seed=0 convention=gaussian,Gaussian-NPE (z-score),g,2.2097305827513014,0.3664470335826039
n_obs=1000 seed=0 convention=gaussian,Gaussian-NPE (z-score),g,2.2220716622667167,0.3862273646886989
n_obs=1000 seed=0 convention=gaussian,Gaussian-NPE (z-score),g,2.234412741782132,0.4065261303087265
n_obs=1000 seed=0 convention=gaussian,Gaussian-NPE (z-score),g,2.2467538212975473,0.4274843397258548
n_obs=1000 seed=0 convention=gaussian,Gaussian-NPE (z-score),g,2.259094900812962,0.4492197097059784
n_obs=1000 seed=0 convention=gaussian,Gaussian-NPE (z-score),g,2.271435980328378,0.4717920514057546
n_obs=1000 seed=0 convention=gaussian,Gaussian-NPE (z-score),g,2.2837770598437928,0.4951780771823152
n_obs=1000 seed=0 convention=gaussian,Gaussian-NPE (z-score),g,2.296118139359208,0.5192602864490936
n_obs=1000 seed=0 convention=gaussian,Gaussian-NPE (z-score),g,2.3084592188746234,0.5438326747856418
n_obs=1000 seed=0 convention=gaussian,Gaussian-NPE (z-score),g,2.3208002983900387,0.5686235644348441
n_obs=1000 seed=0 convention=gaussian,Gaussian-NPE (z-score),g,2.333141377905454,0.5933327125011256
n_obs=1000 seed=0 convention=gaussian,Gaussian-NPE (z-score),g,2.3454824574208692,0.6176762939273857
n_obs=1000 seed=0 convention=gaussian,Gaussian-NPE (z-score),g,2.3578235369362845,0.6414303128106542
n_obs=1000 seed=0 convention=gaussian,Gaussian-NPE (z-score),g,2.3701646164516994,0.6644618228548573
n_obs=1000 seed=0 convention=gaussian,Gaussian-NPE (z-score),g,2.382505695967115,0.6867391688691385
n_obs=1000 seed=0 convention=gaussian,Gaussian-NPE (z-score),g,2.39484677548253,0.7083174697191459
n_obs=1000 seed=0 convention=gaussian,Gaussian-NPE (z-score),g,2.4071878549979453,0.7293025744025368
n_obs=1000 seed=0 convention=gaussian,Gaussian-NPE (z-score),g,2.4195289345133606,0.7498034736673961
n_obs=1000 seed=0 convention=gaussian,Gaussian-NPE (z-score),g,2.431870014028776,0.7698871435413841
n_obs=1000 seed=0 convention=gaussian,Gaussian-NPE (z-score),g,2.444211093544191,0.789549362670682
n_obs=1000 seed=0 convention=gaussian,Gaussian-NPE (z-score),g,2.456552173059606,0.8087100837907957
n_obs=1000 seed=0 convention=gaussian,Gaussian-NPE (z-score),g,2.468893252575022,0.8272340219027028
n_obs=1000 seed=0 convention=gaussian,Gaussian-NPE (z-score),g,2.4812343320904366,0.8449689192562734
n_obs=1000 seed=0 convention=gaussian,Gaussian-NPE (z-score),g,2.493575411605852,0.8617882653721147
n_obs=1000 seed=0 convention=gaussian,Gaussian-NPE (z-score),g,2.5059164911212672,0.8776240424937832
n_obs=1000 seed=0 convention=gaussian,Gaussian-NPE (z-score),g,2.5182575706366825,0.8924787576115907
n_obs=1000 seed=0 convention=gaussian,Gaussian-NPE (z-score),g,2.530598650152098,0.906413342510929
n_obs=1000 seed=0 convention=gaussian,Gaussian-NPE (z-score),g,2.542939729667513,0.919515900829322
n_obs=1000 seed=0 convention=gaussian,Gaussian-NPE (z-score),g,2.5552808091829284,0.9318628077627804
n_obs=1000 seed=0 convention=gaussian,Gaussian-NPE (z-score),g,2.5676218886983433,0.9434860645166284
n_obs=1000 seed=0 convention=gaussian,Gaussian-NPE (z-score),g,2.579962968213759,0.9543583686425312
n_obs=1000 seed=0 convention=gaussian,Gaussian-NPE (z-score),g,2.592304047729174,0.9644011766042636
n_obs=1000 seed=0 convention=gaussian,Gaussian-NPE (z-score),g,2.604645127244589,0.9735134875183904
n_obs=1000 seed=0 convention=gaussian,Gaussian-NPE (z-score),g,2.6169862067600045,0.9816127901098258
n_obs=1000 seed=0 convention=gaussian,Gaussian-NPE (z-score),g,2.62932728627542,0.9886763915979774
n_obs=1000 seed=0 convention=gaussian,Gaussian-NPE (z-score),g,2.641668365790835,0.9947716134672232
n_obs=1000 seed=0 convention=gaussian,Gaussian-NPE (z-score),g,2.65400944530625,1.0000663111749653
n_obs=1000 seed=0 convention=gaussian,Gaussian-NPE (z-score),g,2.6663505248216657,1.0048155493038822
n_obs=1000 seed=0 convention=gaussian,Gaussian-NPE (z-score),g,2.6786916043370805,1.009324950404798
n_obs=1000 seed=0 convention=gaussian,Gaussian-NPE (z-score),g,2.691032683852496,1.0138956907532657
n_obs=1000 seed=0 convention=gaussian,Gaussian-NPE (z-score),g,2.703373763367911,1.018760138590611
n_obs=1000 seed=0 convention=gaussian,Gaussian-NPE (z-score),g,2.7157148428833264,1.02402036586642
n_obs=1000 seed=0 convention=gaussian,Gaussian-NPE (z-score),g,2.7280559223987417,1.0296033617341391
n_obs=1000 seed=0 convention=gaussian,Gaussian-NPE (z-score),g,2.740397001914157,1.0352455493238724
n_obs=1000 seed=0 convention=gaussian,Gaussian-NPE (z-score),g,2.7527380814295723,1.0405143183312318
n_obs=1000 seed=0 convention=gaussian,Gaussian-NPE (z-score),g,2.765079160944987,1.044866071558847
n_obs=1000 seed=0 convention=gaussian,Gaussian-NPE (z-score),g,2.777420240460403,1.0477306652363492
n_obs=1000 seed=0 convention=gaussian,Gaussian-NPE (z-score),g,2.7897613199758178,1.0486041895145648
n_obs=1000 seed=0 convention=gaussian,Gaussian-NPE (z-score),g,2.802102399491233,1.0471288428292305
n_obs=1000 seed=0 convention=gaussian,Gaussian-NPE (z-score),g,2.8144434790066484,1.0431417875735234
n_obs=1000 seed=0 convention=gaussian,Gaussian-NPE (z-score),g,2.8267845585220637,1.036683551520065
n_obs=1000 seed=0 convention=gaussian,Gaussian-NPE (z-score),g,2.839125638037479,1.0279677948142472
n_obs=1000 seed=0 convention=gaussian,Gaussian-NPE (z-score),g,2.851466717552894,1.0173241868954896
n_obs=1000 seed=0 convention=gaussian,Gaussian-NPE (z-score),g,2.8638077970683096,1.0051315410672783
n_obs=1000 seed=0 convention=gaussian,Gaussian-NPE (z-score),g,2.8761488765837244,0.9917580084195672
n_obs=1000 seed=0 convention=gaussian,Gaussian-NPE (z-score),g,2.8884899560991397,0.977520024382354
n_obs=1000 seed=0 convention=gaussian,Gaussian-NPE (z-score),g,2.900831035614555,0.9626642996530947
n_obs=1000 seed=0 convention=gaussian,Gaussian-NPE (z-score),g,2.9131721151299703,0.9473701870546938
n_obs=1000 seed=0 convention=gaussian,Gaussian-NPE (z-score),g,2.9255131946453856,0.9317651793564948
n_obs=1000 seed=0 convention=gaussian,Gaussian-NPE (z-score),g,2.937854274160801,0.9159447742899572
n_obs=1000 seed=0 convention=gaussian,Gaussian-NPE (z-score),g,2.950195353676216,0.8999890372120689
n_obs=1000 seed=0 convention=gaussian,Gaussian-NPE (z-score),g,2.962536433191631,0.8839708642787917
n_obs=1000 seed=0 convention=gaussian,Gaussian-NPE (z-score),g,2.974877512707047,0.8679541446791951
n_obs=1000 seed=0 convention=gaussian,Gaussian-NPE (z-score),g,2.9872185922224617,0.8519830171135718
n_obs=1000 seed=0 convention=gaussian,Gaussian-NPE (z-score),g,2.999559671737877,0.8360658620343505
n_obs=1000 seed=0 convention=gaussian,Gaussian-NPE (z-score),g,3.0119007512532923,0.8201593867519802
n_obs=1000 seed=0 convention=gaussian,Gaussian-NPE (z-score),g,3.0242418307687076,0.8041588967652794
n_obs=1000 seed=0 convention=gaussian,Gaussian-NPE (z-score),g,3.036582910284123,0.7879002282559799
n_obs=1000 seed=0 convention=gaussian,Gaussian-NPE (z-score),g,3.0489239897995377,0.7711765583367596
n_obs=1000 seed=0 convention=gaussian,Gaussian-NPE (z-score),g,3.0612650693149535,0.753769586176466
n_obs=1000 seed=0 convention=gaussian,Gaussian-NPE (z-score),g,3.0736061488303683,0.7354902568702737
n_obs=1000 seed=0 convention=gaussian,Gaussian-NPE (z-score),g,3.0859472283457836,0.7162206762586967
n_obs=1000 seed=0 convention=gaussian,Gaussian-NPE (z-score),g,3.098288307861199,0.6959474925090455
n_obs=1000 seed=0 convention=gaussian,Gaussian-NPE (z-score),g,3.110629387376614,0.6747784361164315
n_obs=1000 seed=0 convention=gaussian,Gaussian-NPE (z-score),g,3.1229704668920295,0.6529374801433327
n_obs=1000 seed=0 convention=gaussian,Gaussian-NPE (z-score),g,3.135311546407445,0.6307389152664393
n_obs=1000 seed=0 convention=gaussian,Gaussian-NPE (z-score),g,3.14765262592286,0.6085450328072489
n_obs=1000 seed=0 convention=gaussian,Gaussian-NPE (z-score),g,3.159993705438275,0.586715044092762
n_obs=1000 seed=0 convention=gaussian,Gaussian-NPE (z-score),g,3.1723347849536907,0.5655540580224037
n_obs=1000 seed=0 convention=gaussian,Gaussian-NPE (z-score),g,3.1846758644691056,0.5452706547140896
n_obs=1000 seed=0 convention=gaussian,Gaussian-NPE (z-score),g,3.197016943984521,0.5259501910829241
n_obs=1000 seed=0 convention=gaussian,Gaussian-NPE (z-score),g,3.209358023499936,0.5075486145097674
n_obs=1000 seed=0 convention=gaussian,Gaussian-NPE (z-score),g,3.2216991030153515,0.4899082763850014
n_obs=1000 seed=0 convention=gaussian,Gaussian-NPE (z-score),g,3.2340401825307667,0.4727932572417682
n_obs=1000 seed=0 convention=gaussian,Gaussian-NPE (z-score),g,3.2463812620461816,0.4559377132624552
n_obs=1000 seed=0 convention=gaussian,Gaussian-NPE (z-score),g,3.2587223415615973,0.4390977641967762
n_obs=1000 seed=0 convention=gaussian,Gaussian-NPE (z-score),g,3.271063421077012,0.4220964538063487
n_obs=1000 seed=0 convention=gaussian,Gaussian-NPE (z-score),g,3.2834045005924275,0.4048528017705037
n_obs=1000 seed=0 convention=gaussian,Gaussian-NPE (z-score),g,3.295745580107843,0.3873896560199145
n_obs=1000 seed=0 convention=gaussian,Gaussian-NPE (z-score),g,3.308086659623258,0.3698200228604954
n_obs=1000 seed=0 convention=gaussian,Gaussian-NPE (z-score),g,3.3204277391386734,0.3523165501795191
n_obs=1000 seed=0 convention=gaussian,Gaussian-NPE (z-score),g,3.3327688186540887,0.3350726375074678
n_obs=1000 seed=0 convention=gaussian,Gaussian-NPE (z-score),g,3.345109898169504,0.3182652870969035
n_obs=1000 seed=0 convention=gaussian,Gaussian-NPE (z-score),g,3.357450977684919,0.3020287856263703
n_obs=1000 seed=0 convention=gaussian,Gaussian-NPE (z-score),g,3.3697920572003346,0.2864447374586769
n_obs=1000 seed=0 convention=gaussian,Gaussian-NPE (z-score),g,3.3821331367157494,0.2715487389187418
n_obs=1000 seed=0 convention=gaussian,Gaussian-NPE (z-score),g,3.3944742162311647,0.2573486599031526
n_obs=1000 seed=0 convention=gaussian,Gaussian-NPE (z-score),g,3.40681529574658,0.2438459251268732
n_obs=1000 seed=0 convention=gaussian,Gaussian-NPE (z-score),g,3.4191563752619953,0.2310507593203963
n_obs=1000 seed=0 convention=gaussian,Gaussian-NPE (z-score),g,3.43149745477741,0.2189853381711078
n_obs=1000 seed=0 convention=gaussian,Gaussian-NPE (z-score),g,3.443838534292826,0.2076740331452246
n_obs=1000 seed=0 convention=gaussian,Gaussian-NPE (z-score),g,3.4561796138082412,0.1971253303542517
n_obs=1000 seed=0 convention=gaussian,Gaussian-NPE (z-score),g,3.468520693323656,0.1873133641165771
n_obs=1000 seed=0 convention=gaussian,Gaussian-NPE (z-score),g,3.4808617728390714,0.1781670857873034
n_obs=1000 seed=0 convention=gaussian,Gaussian-NPE (z-score),g,3.4932028523544867,0.1695720790968873
n_obs=1000 seed=0 convention=gaussian,Gaussian-NPE (z-score),g,3.505543931869902,0.1613853628507827
n_obs=1000 seed=0 convention=gaussian,Gaussian-NPE (z-score),g,3.5178850113853173,0.1534591025196785
n_obs=1000 seed=0 convention=gaussian,Gaussian-NPE (z-score),g,3.5302260909007326,0.1456665221194086
n_obs=1000 seed=0 convention=gaussian,Gaussian-NPE (z-score),g,3.542567170416148,0.137923097892121
n_obs=1000 seed=0 convention=gaussian,Gaussian-NPE (z-score),g,3.5549082499315627,0.1301980146118256
n_obs=1000 seed=0 convention=gaussian,Gaussian-NPE (z-score),g,3.567249329446978,0.1225139605378572
n_obs=1000 seed=0 convention=gaussian,Gaussian-NPE (z-score),g,3.5795904089623933,0.1149365577555614
n_obs=1000 seed=0 convention=gaussian,Gaussian-NPE (z-score),g,3.5919314884778086,0.107557177677512
n_obs=1000 seed=0 convention=gaussian,Gaussian-NPE (z-score),g,3.604272567993224,0.1004740237962157
n_obs=1000 seed=0 convention=gaussian,Gaussian-NPE (z-score),g,3.6166136475086392,0.093776012337459
n_obs=1000 seed=0 convention=gaussian,Gaussian-NPE (z-score),g,3.6289547270240545,0.0875323768615777
n_obs=1000 seed=0 convention=gaussian,Gaussian-NPE (z-score),g,3.64129580653947,0.0817886478342577
n_obs=1000 seed=0 convention=gaussian,Gaussian-NPE (z-score),g,3.653636886054885,0.076567511661184
n_obs=1000 seed=0 convention=gaussian,Gaussian-NPE (z-score),g,3.6659779655703,0.0718717984338776
n_obs=1000 seed=0 convention=gaussian,Gaussian-NPE (z-score),g,3.6783190450857153,0.0676869092618488
n_obs=1000 seed=0 convention=gaussian,Gaussian-NPE (z-score),g,3.6906601246011306,0.0639812550505318
n_obs=1000 seed=0 convention=gaussian,Gaussian-NPE (z-score),g,3.703001204116546,0.06070510107315
n_obs=1000 seed=0 convention=gaussian,Gaussian-NPE (z-score),g,3.715342283631961,0.0577897138810994
n_obs=1000 seed=0 convention=gaussian,Gaussian-NPE (z-score),g,3.727683363147377,0.0551491729352519
n_obs=1000 seed=0 convention=gaussian,Gaussian-NPE (z-score),g,3.740024442662792,0.0526864238907789
n_obs=1000 seed=0 convention=gaussian,Gaussian-NPE (z-score),g,3.752365522178206,0.0503034859210087
n_obs=1000 seed=0 convention=gaussian,Gaussian-NPE (z-score),g,3.764706601693622,0.0479139389923936
n_obs=1000 seed=0 convention=gaussian,Gaussian-NPE (z-score),g,3.777047681209037,0.0454546786378333
n_obs=1000 seed=0 convention=gaussian,Gaussian-NPE (z-score),g,3.789388760724453,0.0428938762552
n_obs=1000 seed=0 convention=gaussian,Gaussian-NPE (z-score),g,3.801729840239868,0.0402330845471853
n_obs=1000 seed=0 convention=gaussian,Gaussian-NPE (z-score),g,3.814070919755283,0.0375030491252047
n_obs=1000 seed=0 convention=gaussian,Gaussian-NPE (z-score),g,3.8264119992706984,0.0347544388903313
n_obs=1000 seed=0 convention=gaussian,Gaussian-NPE (z-score),g,3.8387530787861137,0.0320458875652136
n_obs=1000 seed=0 convention=gaussian,Gaussian-NPE (z-score),g,3.851094158301529,0.0294321802870391
n_obs=1000 seed=0 convention=gaussian,Gaussian-NPE (z-score),g,3.863435237816944,0.0269551122327946
n_obs=1000 seed=0 convention=gaussian,Gaussian-NPE (z-score),g,3.875776317332359,0.0246386696362203
n_obs=1000 seed=0 convention=gaussian,Gaussian-NPE (z-score),g,3.8881173968477745,0.0224890130429392
n_obs=1000 seed=0 convention=gaussian,Gaussian-NPE (robust asinh),g,1.4322425732801412,0.0219012715207435
n_obs=1000 seed=0 convention=gaussian,Gaussian-NPE (robust asinh),g,1.4445836527955564,0.0266801636433223
n_obs=1000 seed=0 convention=gaussian,Gaussian-NPE (robust asinh),g,1.4569247323109715,0.0319437675776592
n_obs=1000 seed=0 convention=gaussian,Gaussian-NPE (robust asinh),g,1.4692658118263868,0.037534995691516
n_obs=1000 seed=0 convention=gaussian,Gaussian-NPE (robust asinh),g,1.481606891341802,0.0432474016275733
n_obs=1000 seed=0 convention=gaussian,Gaussian-NPE (robust asinh),g,1.4939479708572174,0.0488745711595778
n_obs=1000 seed=0 convention=gaussian,Gaussian-NPE (robust asinh),g,1.5062890503726325,0.0542805261058055
n_obs=1000 seed=0 convention=gaussian,Gaussian-NPE (robust asinh),g,1.5186301298880478,0.0594682881977179
n_obs=1000 seed=0 convention=gaussian,Gaussian-NPE (robust asinh),g,1.530971209403463,0.0646199928990849
n_obs=1000 seed=0 convention=gaussian,Gaussian-NPE (robust asinh),g,1.5433122889188784,0.0700902887105691
n_obs=1000 seed=0 convention=gaussian,Gaussian-NPE (robust asinh),g,1.5556533684342937,0.0763515235019524
n_obs=1000 seed=0 convention=gaussian,Gaussian-NPE (robust asinh),g,1.5679944479497088,0.0839066617094934
n_obs=1000 seed=0 convention=gaussian,Gaussian-NPE (robust asinh),g,1.580335527465124,0.0931965258893776
n_obs=1000 seed=0 convention=gaussian,Gaussian-NPE (robust asinh),g,1.5926766069805394,0.1045280992443689
n_obs=1000 seed=0 convention=gaussian,Gaussian-NPE (robust asinh),g,1.6050176864959544,0.1180413109953006
n_obs=1000 seed=0 convention=gaussian,Gaussian-NPE (robust asinh),g,1.6173587660113695,0.1337174553250367
n_obs=1000 seed=0 convention=gaussian,Gaussian-NPE (robust asinh),g,1.629699845526785,0.1514187888679496
n_obs=1000 seed=0 convention=gaussian,Gaussian-NPE (robust asinh),g,1.6420409250422003,0.1709406589326979
n_obs=1000 seed=0 convention=gaussian,Gaussian-NPE (robust asinh),g,1.6543820045576156,0.1920574674909571
n_obs=1000 seed=0 convention=gaussian,Gaussian-NPE (robust asinh),g,1.6667230840730307,0.2145518513385518
n_obs=1000 seed=0 convention=gaussian,Gaussian-NPE (robust asinh),g,1.679064163588446,0.2382291384553725
n_obs=1000 seed=0 convention=gaussian,Gaussian-NPE (robust asinh),g,1.691405243103861,0.2629295752749431
n_obs=1000 seed=0 convention=gaussian,Gaussian-NPE (robust asinh),g,1.7037463226192764,0.2885516177093939
n_obs=1000 seed=0 convention=gaussian,Gaussian-NPE (robust asinh),g,1.7160874021346917,0.3150881263106888
n_obs=1000 seed=0 convention=gaussian,Gaussian-NPE (robust asinh),g,1.728428481650107,0.342659830548917
n_obs=1000 seed=0 convention=gaussian,Gaussian-NPE (robust asinh),g,1.7407695611655225,0.3715197671385858
n_obs=1000 seed=0 convention=gaussian,Gaussian-NPE (robust asinh),g,1.7531106406809376,0.4020089478352711
n_obs=1000 seed=0 convention=gaussian,Gaussian-NPE (robust asinh),g,1.7654517201963529,0.4344660390398049
n_obs=1000 seed=0 convention=gaussian,Gaussian-NPE (robust asinh),g,1.777792799711768,0.4691188710647817
n_obs=1000 seed=0 convention=gaussian,Gaussian-NPE (robust asinh),g,1.7901338792271833,0.5059970996222987
n_obs=1000 seed=0 convention=gaussian,Gaussian-NPE (robust asinh),g,1.8024749587425983,0.5448964939080588
n_obs=1000 seed=0 convention=gaussian,Gaussian-NPE (robust asinh),g,1.8148160382580136,0.585402266975395
n_obs=1000 seed=0 convention=gaussian,Gaussian-NPE (robust asinh),g,1.827157117773429,0.6269545386250301
n_obs=1000 seed=0 convention=gaussian,Gaussian-NPE (robust asinh),g,1.839498197288844,0.6689245600146312
n_obs=1000 seed=0 convention=gaussian,Gaussian-NPE (robust asinh),g,1.8518392768042595,0.7106713951945735
n_obs=1000 seed=0 convention=gaussian,Gaussian-NPE (robust asinh),g,1.8641803563196744,0.7515660395917492
n_obs=1000 seed=0 convention=gaussian,Gaussian-NPE (robust asinh),g,1.87652143583509,0.7909980848233353
n_obs=1000 seed=0 convention=gaussian,Gaussian-NPE (robust asinh),g,1.8888625153505052,0.828404466893765
n_obs=1000 seed=0 convention=gaussian,Gaussian-NPE (robust asinh),g,1.9012035948659205,0.8633596182673442
n_obs=1000 seed=0 convention=gaussian,Gaussian-NPE (robust asinh),g,1.9135446743813356,0.8957286195975186
n_obs=1000 seed=0 convention=gaussian,Gaussian-NPE (robust asinh),g,1.9258857538967509,0.92582276785553
n_obs=1000 seed=0 convention=gaussian,Gaussian-NPE (robust asinh),g,1.9382268334121664,0.9544512943077056
n_obs=1000 seed=0 convention=gaussian,Gaussian-NPE (robust asinh),g,1.9505679129275817,0.982778140284117
n_obs=1000 seed=0 convention=gaussian,Gaussian-NPE (robust asinh),g,1.9629089924429963,1.0119795215447285
n_obs=1000 seed=0 convention=gaussian,Gaussian-NPE (robust asinh),g,1.975250071958412,1.0428151912883856
n_obs=1000 seed=0 convention=gaussian,Gaussian-NPE (robust asinh),g,1.9875911514738271,1.0753010646497168
n_obs=1000 seed=0 convention=gaussian,Gaussian-NPE (robust asinh),g,1.9999322309892424,1.108647732619779
n_obs=1000 seed=0 convention=gaussian,Gaussian-NPE (robust asinh),g,2.0122733105046575,1.1415114392047123
n_obs=1000 seed=0 convention=gaussian,Gaussian-NPE (robust asinh),g,2.024614390020073,1.1724547784049353
n_obs=1000 seed=0 convention=gaussian,Gaussian-NPE (robust asinh),g,2.036955469535488,1.200417759407509
n_obs=1000 seed=0 convention=gaussian,Gaussian-NPE (robust asinh),g,2.0492965490509034,1.225007349296282
n_obs=1000 seed=0 convention=gaussian,Gaussian-NPE (robust asinh),g,2.0616376285663183,1.2465134422455293
n_obs=1000 seed=0 convention=gaussian,Gaussian-NPE (robust asinh),g,2.073978708081734,1.2656883772345713
n_obs=1000 seed=0 convention=gaussian,Gaussian-NPE (robust asinh),g,2.086319787597149,1.283414630374058
n_obs=1000 seed=0 convention=gaussian,Gaussian-NPE (robust asinh),g,2.098660867112564,1.3003961373224036
n_obs=1000 seed=0 convention=gaussian,Gaussian-NPE (robust asinh),g,2.1110019466279795,1.3169588038442392
n_obs=1000 seed=0 convention=gaussian,Gaussian-NPE (robust asinh),g,2.1233430261433948,1.3329810966947866
n_obs=1000 seed=0 convention=gaussian,Gaussian-NPE (robust asinh),g,2.13568410565881,1.34793508673611
n_obs=1000 seed=0 convention=gaussian,Gaussian-NPE (robust asinh),g,2.148025185174226,1.3610100104621834
n_obs=1000 seed=0 convention=gaussian,Gaussian-NPE (robust asinh),g,2.1603662646896407,1.3712957625957964
n_obs=1000 seed=0 convention=gaussian,Gaussian-NPE (robust asinh),g,2.1727073442050555,1.37800032219788
n_obs=1000 seed=0 convention=gaussian,Gaussian-NPE (robust asinh),g,2.1850484237204713,1.3806567980275766
n_obs=1000 seed=0 convention=gaussian,Gaussian-NPE (robust asinh),g,2.197389503235886,1.3792564963001603
n_obs=1000 seed=0 convention=gaussian,Gaussian-NPE (robust asinh),g,2.2097305827513014,1.3742469366312682
n_obs=1000 seed=0 convention=gaussian,Gaussian-NPE (robust asinh),g,2.2220716622667167,1.366372358916365
n_obs=1000 seed=0 convention=gaussian,Gaussian-NPE (robust asinh),g,2.234412741782132,1.3564008225823854
n_obs=1000 seed=0 convention=gaussian,Gaussian-NPE (robust asinh),g,2.2467538212975473,1.3448440136863071
n_obs=1000 seed=0 convention=gaussian,Gaussian-NPE (robust asinh),g,2.259094900812962,1.3317925804361117
n_obs=1000 seed=0 convention=gaussian,Gaussian-NPE (robust asinh),g,2.271435980328378,1.3169408467803376
n_obs=1000 seed=0 convention=gaussian,Gaussian-NPE (robust asinh),g,2.2837770598437928,1.299781161340612
n_obs=1000 seed=0 convention=gaussian,Gaussian-NPE (robust asinh),g,2.296118139359208,1.279864348908781
n_obs=1000 seed=0 convention=gaussian,Gaussian-NPE (robust asinh),g,2.3084592188746234,1.2569997107343809
n_obs=1000 seed=0 convention=gaussian,Gaussian-NPE (robust asinh),g,2.3208002983900387,1.2313157046822525
n_obs=1000 seed=0 convention=gaussian,Gaussian-NPE (robust asinh),g,2.333141377905454,1.2031839083716322
n_obs=1000 seed=0 convention=gaussian,Gaussian-NPE (robust asinh),g,2.3454824574208692,1.1730714528679402
n_obs=1000 seed=0 convention=gaussian,Gaussian-NPE (robust asinh),g,2.3578235369362845,1.1414018858784751
n_obs=1000 seed=0 convention=gaussian,Gaussian-NPE (robust asinh),g,2.3701646164516994,1.108479733082062
n_obs=1000 seed=0 convention=gaussian,Gaussian-NPE (robust asinh),g,2.382505695967115,1.0744964750327108
n_obs=1000 seed=0 convention=gaussian,Gaussian-NPE (robust asinh),g,2.39484677548253,1.0396035523013991
n_obs=1000 seed=0 convention=gaussian,Gaussian-NPE (robust asinh),g,2.4071878549979453,1.0040145316455356
n_obs=1000 seed=0 convention=gaussian,Gaussian-NPE (robust asinh),g,2.4195289345133606,0.9680848167169888
n_obs=1000 seed=0 convention=gaussian,Gaussian-NPE (robust asinh),g,2.431870014028776,0.9323220826735438
n_obs=1000 seed=0 convention=gaussian,Gaussian-NPE (robust asinh),g,2.444211093544191,0.8973111899692862
n_obs=1000 seed=0 convention=gaussian,Gaussian-NPE (robust asinh),g,2.456552173059606,0.8635826910084622
n_obs=1000 seed=0 convention=gaussian,Gaussian-NPE (robust asinh),g,2.468893252575022,0.8314853538444337
n_obs=1000 seed=0 convention=gaussian,Gaussian-NPE (robust asinh),g,2.4812343320904366,0.8011168985598798
n_obs=1000 seed=0 convention=gaussian,Gaussian-NPE (robust asinh),g,2.493575411605852,0.7723286790398244
n_obs=1000 seed=0 convention=gaussian,Gaussian-NPE (robust asinh),g,2.5059164911212672,0.7447809338941902
n_obs=1000 seed=0 convention=gaussian,Gaussian-NPE (robust asinh),g,2.5182575706366825,0.718014940214398
n_obs=1000 seed=0 convention=gaussian,Gaussian-NPE (robust asinh),g,2.530598650152098,0.6915276026939474
n_obs=1000 seed=0 convention=gaussian,Gaussian-NPE (robust asinh),g,2.542939729667513,0.6648560248730164
n_obs=1000 seed=0 convention=gaussian,Gaussian-NPE (robust asinh),g,2.5552808091829284,0.6376779853942438
n_obs=1000 seed=0 convention=gaussian,Gaussian-NPE (robust asinh),g,2.5676218886983433,0.6099087985488149
n_obs=1000 seed=0 convention=gaussian,Gaussian-NPE (robust asinh),g,2.579962968213759,0.5817514797678506
n_obs=1000 seed=0 convention=gaussian,Gaussian-NPE (robust asinh),g,2.592304047729174,0.5536619914003996
n_obs=1000 seed=0 convention=gaussian,Gaussian-NPE (robust asinh),g,2.604645127244589,0.5262271260564856
n_obs=1000 seed=0 convention=gaussian,Gaussian-NPE (robust asinh),g,2.6169862067600045,0.4999958487276343
n_obs=1000 seed=0 convention=gaussian,Gaussian-NPE (robust asinh),g,2.62932728627542,0.4753268083142954
n_obs=1000 seed=0 convention=gaussian,Gaussian-NPE (robust asinh),g,2.641668365790835,0.4523036362593902
n_obs=1000 seed=0 convention=gaussian,Gaussian-NPE (robust asinh),g,2.65400944530625,0.4307368215186167
n_obs=1000 seed=0 convention=gaussian,Gaussian-NPE (robust asinh),g,2.6663505248216657,0.4102378655037689
n_obs=1000 seed=0 convention=gaussian,Gaussian-NPE (robust asinh),g,2.6786916043370805,0.3903331321532973
n_obs=1000 seed=0 convention=gaussian,Gaussian-NPE (robust asinh),g,2.691032683852496,0.3705830136853492
n_obs=1000 seed=0 convention=gaussian,Gaussian-NPE (robust asinh),g,2.703373763367911,0.3506797273538521
n_obs=1000 seed=0 convention=gaussian,Gaussian-NPE (robust asinh),g,2.7157148428833264,0.3305069676956954
n_obs=1000 seed=0 convention=gaussian,Gaussian-NPE (robust asinh),g,2.7280559223987417,0.3101537078843095
n_obs=1000 seed=0 convention=gaussian,Gaussian-NPE (robust asinh),g,2.740397001914157,0.2898829124948263
n_obs=1000 seed=0 convention=gaussian,Gaussian-NPE (robust asinh),g,2.7527380814295723,0.2700642921044844
n_obs=1000 seed=0 convention=gaussian,Gaussian-NPE (robust asinh),g,2.765079160944987,0.2510875328233444
n_obs=1000 seed=0 convention=gaussian,Gaussian-NPE (robust asinh),g,2.777420240460403,0.2332766657490587
n_obs=1000 seed=0 convention=gaussian,Gaussian-NPE (robust asinh),g,2.7897613199758178,0.2168257073367877
n_obs=1000 seed=0 convention=gaussian,Gaussian-NPE (robust asinh),g,2.802102399491233,0.2017699396193551
n_obs=1000 seed=0 convention=gaussian,Gaussian-NPE (robust asinh),g,2.8144434790066484,0.1879972552840336
n_obs=1000 seed=0 convention=gaussian,Gaussian-NPE (robust asinh),g,2.8267845585220637,0.1752925310118686
n_obs=1000 seed=0 convention=gaussian,Gaussian-NPE (robust asinh),g,2.839125638037479,0.1633990658230995
n_obs=1000 seed=0 convention=gaussian,Gaussian-NPE (robust asinh),g,2.851466717552894,0.1520786258234921
n_obs=1000 seed=0 convention=gaussian,Gaussian-NPE (robust asinh),g,2.8638077970683096,0.1411565061872227
n_obs=1000 seed=0 convention=gaussian,Gaussian-NPE (robust asinh),g,2.8761488765837244,0.130546559960731
n_obs=1000 seed=0 convention=gaussian,Gaussian-NPE (robust asinh),g,2.8884899560991397,0.1202572279895216
n_obs=1000 seed=0 convention=gaussian,Gaussian-NPE (robust asinh),g,2.900831035614555,0.1103799586705326
n_obs=1000 seed=0 convention=gaussian,Gaussian-NPE (robust asinh),g,2.9131721151299703,0.1010590560484712
n_obs=1000 seed=0 convention=gaussian,Gaussian-NPE (robust asinh),g,2.9255131946453856,0.0924436111110819
n_obs=1000 seed=0 convention=gaussian,Gaussian-NPE (robust asinh),g,2.937854274160801,0.0846308952341894
n_obs=1000 seed=0 convention=gaussian,Gaussian-NPE (robust asinh),g,2.950195353676216,0.0776212612337242
n_obs=1000 seed=0 convention=gaussian,Gaussian-NPE (robust asinh),g,2.962536433191631,0.0713069032839404
n_obs=1000 seed=0 convention=gaussian,Gaussian-NPE (robust asinh),g,2.974877512707047,0.06550454668556
n_obs=1000 seed=0 convention=gaussian,Gaussian-NPE (robust asinh),g,2.9872185922224617,0.0600201458966545
n_obs=1000 seed=0 convention=gaussian,Gaussian-NPE (robust asinh),g,2.999559671737877,0.0547157769358115
n_obs=1000 seed=0 convention=gaussian,Gaussian-NPE (robust asinh),g,3.0119007512532923,0.04954759719967
n_obs=1000 seed=0 convention=gaussian,Gaussian-NPE (robust asinh),g,3.0242418307687076,0.0445602950388872
n_obs=1000 seed=0 convention=gaussian,Gaussian-NPE (robust asinh),g,3.036582910284123,0.0398468905349216
n_obs=1000 seed=0 convention=gaussian,Gaussian-NPE (robust asinh),g,3.0489239897995377,0.0354983335338097
n_obs=1000 seed=0 convention=gaussian,Gaussian-NPE (robust asinh),g,3.0612650693149535,0.0315672145595951
n_obs=1000 seed=0 convention=gaussian,Gaussian-NPE (robust asinh),g,3.0736061488303683,0.0280573178898614
n_obs=1000 seed=0 convention=gaussian,Gaussian-NPE (robust asinh),g,3.0859472283457836,0.0249356306879344
n_obs=1000 seed=0 convention=gaussian,Gaussian-NPE (robust asinh),g,3.098288307861199,0.0221543714056965
n_obs=1000 seed=0 convention=gaussian,Gaussian-NPE (robust asinh),g,3.110629387376614,0.0196701348639721
n_obs=1000 seed=0 convention=gaussian,Gaussian-NPE (robust asinh),g,3.1229704668920295,0.0174526548628226
n_obs=1000 seed=0 convention=gaussian,Gaussian-NPE (robust asinh),g,3.135311546407445,0.015482621463777
n_obs=1000 seed=0 convention=gaussian,Gaussian-NPE (robust asinh),g,3.14765262592286,0.0137431826865127
n_obs=1000 seed=0 convention=gaussian,Gaussian-NPE (robust asinh),g,3.159993705438275,0.0122116621423222
n_obs=1000 seed=0 convention=gaussian,Gaussian-NPE (robust asinh),g,3.1723347849536907,0.0108565902679991
n_obs=1000 seed=0 convention=gaussian,Gaussian-NPE (robust asinh),g,3.1846758644691056,0.0096415894210314
n_obs=1000 seed=0 convention=gaussian,Gaussian-NPE (robust asinh),g,3.197016943984521,0.008533950190297
n_obs=1000 seed=0 convention=gaussian,Gaussian-NPE (robust asinh),g,3.209358023499936,0.0075136559968809
n_obs=1000 seed=0 convention=gaussian,Gaussian-NPE (robust asinh),g,3.2216991030153515,0.0065788082794611
n_obs=1000 seed=0 convention=gaussian,Gaussian-NPE (robust asinh),g,3.2340401825307667,0.0057452882196878
n_obs=1000 seed=0 convention=gaussian,Gaussian-NPE (robust asinh),g,3.2463812620461816,0.0050408632473471
n_obs=1000 seed=0 convention=gaussian,Gaussian-NPE (robust asinh),g,3.2587223415615973,0.0044957458388045
n_obs=1000 seed=0 convention=gaussian,Gaussian-NPE (robust asinh),g,3.271063421077012,0.0041323248922055
n_obs=1000 seed=0 convention=gaussian,Gaussian-NPE (robust asinh),g,3.2834045005924275,0.0039565033622818
n_obs=1000 seed=0 convention=gaussian,Gaussian-NPE (robust asinh),g,3.295745580107843,0.0039522936880704
n_obs=1000 seed=0 convention=gaussian,Gaussian-NPE (robust asinh),g,3.308086659623258,0.0040805985000609
n_obs=1000 seed=0 convention=gaussian,Gaussian-NPE (robust asinh),g,3.3204277391386734,0.0042826377504509
n_obs=1000 seed=0 convention=gaussian,Gaussian-NPE (robust asinh),g,3.3327688186540887,0.0044879944736585
n_obs=1000 seed=0 convention=gaussian,Gaussian-NPE (robust asinh),g,3.345109898169504,0.0046263217820007
n_obs=1000 seed=0 convention=gaussian,Gaussian-NPE (robust asinh),g,3.357450977684919,0.0046403917893025
n_obs=1000 seed=0 convention=gaussian,Gaussian-NPE (robust asinh),g,3.3697920572003346,0.0044970493470808
n_obs=1000 seed=0 convention=gaussian,Gaussian-NPE (robust asinh),g,3.3821331367157494,0.004192695534035
n_obs=1000 seed=0 convention=gaussian,Gaussian-NPE (robust asinh),g,3.3944742162311647,0.0037515676855571
n_obs=1000 seed=0 convention=gaussian,Gaussian-NPE (robust asinh),g,3.40681529574658,0.0032176744715808
n_obs=1000 seed=0 convention=gaussian,Gaussian-NPE (robust asinh),g,3.4191563752619953,0.0026434388046756
n_obs=1000 seed=0 convention=gaussian,Gaussian-NPE (robust asinh),g,3.43149745477741,0.0020787672065872
n_obs=1000 seed=0 convention=gaussian,Gaussian-NPE (robust asinh),g,3.443838534292826,0.0015632738334545
n_obs=1000 seed=0 convention=gaussian,Gaussian-NPE (robust asinh),g,3.4561796138082412,0.001122597595938
n_obs=1000 seed=0 convention=gaussian,Gaussian-NPE (robust asinh),g,3.468520693323656,0.0007682545500936
n_obs=1000 seed=0 convention=gaussian,Gaussian-NPE (robust asinh),g,3.4808617728390714,0.0004998216960014
n_obs=1000 seed=0 convention=gaussian,Gaussian-NPE (robust asinh),g,3.4932028523544867,0.0003082996566699
n_obs=1000 seed=0 convention=gaussian,Gaussian-NPE (robust asinh),g,3.505543931869902,0.0001797911972125
n_obs=1000 seed=0 convention=gaussian,Gaussian-NPE (robust asinh),g,3.5178850113853173,9.88641442605885e-05
n_obs=1000 seed=0 convention=gaussian,Gaussian-NPE (robust asinh),g,3.5302260909007326,5.113578522152988e-05
n_obs=1000 seed=0 convention=gaussian,Gaussian-NPE (robust asinh),g,3.542567170416148,2.4825664768129284e-05
n_obs=1000 seed=0 convention=gaussian,Gaussian-NPE (robust asinh),g,3.5549082499315627,1.1292333626071214e-05
n_obs=1000 seed=0 convention=gaussian,Gaussian-NPE (robust asinh),g,3.567249329446978,4.805420335052305e-06
n_obs=1000 seed=0 convention=gaussian,Gaussian-NPE (robust asinh),g,3.5795904089623933,1.9110335849862973e-06
n_obs=1000 seed=0 convention=gaussian,Gaussian-NPE (robust asinh),g,3.5919314884778086,7.104103191697676e-07
n_obs=1000 seed=0 convention=gaussian,Gaussian-NPE (robust asinh),g,3.604272567993224,2.5006207698660954e-07
n_obs=1000 seed=0 convention=gaussian,Gaussian-NPE (robust asinh),g,3.6166136475086392,9.553192105220706e-08
n_obs=1000 seed=0 convention=gaussian,Gaussian-NPE (robust asinh),g,3.6289547270240545,7.87669824031985e-08
n_obs=1000 seed=0 convention=gaussian,Gaussian-NPE (robust asinh),g,3.64129580653947,1.7929890109569014e-07
n_obs=1000 seed=0 convention=gaussian,Gaussian-NPE (robust asinh),g,3.653636886054885,5.065042210088103e-07
n_obs=1000 seed=0 convention=gaussian,Gaussian-NPE (robust asinh),g,3.6659779655703,1.37366638534058e-06
n_obs=1000 seed=0 convention=gaussian,Gaussian-NPE (robust asinh),g,3.6783190450857153,3.4760221919700268e-06
n_obs=1000 seed=0 convention=gaussian,Gaussian-NPE (robust asinh),g,3.6906601246011306,8.185712900617574e-06
n_obs=1000 seed=0 convention=gaussian,Gaussian-NPE (robust asinh),g,3.703001204116546,1.793502774883192e-05
n_obs=1000 seed=0 convention=gaussian,Gaussian-NPE (robust asinh),g,3.715342283631961,3.6560332688461777e-05
n_obs=1000 seed=0 convention=gaussian,Gaussian-NPE (robust asinh),g,3.727683363147377,6.933938082806722e-05
n_obs=1000 seed=0 convention=gaussian,Gaussian-NPE (robust asinh),g,3.740024442662792,0.0001223521038487
n_obs=1000 seed=0 convention=gaussian,Gaussian-NPE (robust asinh),g,3.752365522178206,0.0002008651434056
n_obs=1000 seed=0 convention=gaussian,Gaussian-NPE (robust asinh),g,3.764706601693622,0.000306802837404
n_obs=1000 seed=0 convention=gaussian,Gaussian-NPE (robust asinh),g,3.777047681209037,0.0004359892882386
n_obs=1000 seed=0 convention=gaussian,Gaussian-NPE (robust asinh),g,3.789388760724453,0.0005764397506521
n_obs=1000 seed=0 convention=gaussian,Gaussian-NPE (robust asinh),g,3.801729840239868,0.000709077457627
n_obs=1000 seed=0 convention=gaussian,Gaussian-NPE (robust asinh),g,3.814070919755283,0.0008115122705215
n_obs=1000 seed=0 convention=gaussian,Gaussian-NPE (robust asinh),g,3.8264119992706984,0.0008640883661744
n_obs=1000 seed=0 convention=gaussian,Gaussian-NPE (robust asinh),g,3.8387530787861137,0.0008560179662324
n_obs=1000 seed=0 convention=gaussian,Gaussian-NPE (robust asinh),g,3.851094158301529,0.0007889859264168
n_obs=1000 seed=0 convention=gaussian,Gaussian-NPE (robust asinh),g,3.863435237816944,0.0006765770905073
n_obs=1000 seed=0 convention=gaussian,Gaussian-NPE (robust asinh),g,3.875776317332359,0.0005397926596996
n_obs=1000 seed=0 convention=gaussian,Gaussian-NPE (robust asinh),g,3.8881173968477745,0.0004006806004146
n_obs=1000 seed=0 convention=gaussian,NUTS reference,k,0.1913141473256568,3.9235838723137124e-17
n_obs=1000 seed=0 convention=gaussian,NUTS reference,k,0.1999718534228594,6.304268609802909e-15
n_obs=1000 seed=0 convention=gaussian,NUTS reference,k,0.2086295595200619,6.622645382858286e-13
n_obs=1000 seed=0 convention=gaussian,NUTS reference,k,0.2172872656172645,4.5526231410073605e-11
n_obs=1000 seed=0 convention=gaussian,NUTS reference,k,0.225944971714467,2.05048248830266e-09
n_obs=1000 seed=0 convention=gaussian,NUTS reference,k,0.2346026778116696,6.061107682988268e-08
n_obs=1000 seed=0 convention=gaussian,NUTS reference,k,0.2432603839088721,1.1787036814282623e-06
n_obs=1000 seed=0 convention=gaussian,NUTS reference,k,0.2519180900060747,1.513548311561145e-05
n_obs=1000 seed=0 convention=gaussian,NUTS reference,k,0.2605757961032772,0.0001290804809738
n_obs=1000 seed=0 convention=gaussian,NUTS reference,k,0.2692335022004798,0.0007385484909102
n_obs=1000 seed=0 convention=gaussian,NUTS reference,k,0.2778912082976823,0.0028885238918909
n_obs=1000 seed=0 convention=gaussian,NUTS reference,k,0.2865489143948849,0.0080038213748229
n_obs=1000 seed=0 convention=gaussian,NUTS reference,k,0.2952066204920874,0.0167649536286818
n_obs=1000 seed=0 convention=gaussian,NUTS reference,k,0.3038643265892899,0.0291879772360658
n_obs=1000 seed=0 convention=gaussian,NUTS reference,k,0.3125220326864925,0.0460958245423387
n_obs=1000 seed=0 convention=gaussian,NUTS reference,k,0.3211797387836951,0.068243576487732
n_obs=1000 seed=0 convention=gaussian,NUTS reference,k,0.3298374448808976,0.0947254079277645
n_obs=1000 seed=0 convention=gaussian,NUTS reference,k,0.3384951509781001,0.1253714126183409
n_obs=1000 seed=0 convention=gaussian,NUTS reference,k,0.3471528570753027,0.1641918305447898
n_obs=1000 seed=0 convention=gaussian,NUTS reference,k,0.3558105631725052,0.2184196067017903
n_obs=1000 seed=0 convention=gaussian,NUTS reference,k,0.3644682692697077,0.2943621780379479
n_obs=1000 seed=0 convention=gaussian,NUTS reference,k,0.3731259753669103,0.3944838323926291
n_obs=1000 seed=0 convention=gaussian,NUTS reference,k,0.3817836814641129,0.5137685841883483
n_obs=1000 seed=0 convention=gaussian,NUTS reference,k,0.3904413875613154,0.643053798511958
n_obs=1000 seed=0 convention=gaussian,NUTS reference,k,0.399099093658518,0.7853506849858323
n_obs=1000 seed=0 convention=gaussian,NUTS reference,k,0.4077567997557205,0.9581327689037124
n_obs=1000 seed=0 convention=gaussian,NUTS reference,k,0.416414505852923,1.171327548239698
n_obs=1000 seed=0 convention=gaussian,NUTS reference,k,0.4250722119501256,1.4140403071698926
n_obs=1000 seed=0 convention=gaussian,NUTS reference,k,0.4337299180473282,1.671375077493132
n_obs=1000 seed=0 convention=gaussian,NUTS reference,k,0.4423876241445307,1.9489986253494076
n_obs=1000 seed=0 convention=gaussian,NUTS reference,k,0.4510453302417332,2.2644874085552984
n_obs=1000 seed=0 convention=gaussian,NUTS reference,k,0.4597030363389358,2.6096010562952294
n_obs=1000 seed=0 convention=gaussian,NUTS reference,k,0.4683607424361383,2.9494482338831456
n_obs=1000 seed=0 convention=gaussian,NUTS reference,k,0.4770184485333409,3.260267861080513
n_obs=1000 seed=0 convention=gaussian,NUTS reference,k,0.4856761546305434,3.541340527264282
n_obs=1000 seed=0 convention=gaussian,NUTS reference,k,0.494333860727746,3.807131325284989
n_obs=1000 seed=0 convention=gaussian,NUTS reference,k,0.5029915668249485,4.0742281189682785
n_obs=1000 seed=0 convention=gaussian,NUTS reference,k,0.5116492729221511,4.3424619869732854
n_obs=1000 seed=0 convention=gaussian,NUTS reference,k,0.5203069790193536,4.591248950147182
n_obs=1000 seed=0 convention=gaussian,NUTS reference,k,0.5289646851165561,4.782515606531088
n_obs=1000 seed=0 convention=gaussian,NUTS reference,k,0.5376223912137588,4.876510065709091
n_obs=1000 seed=0 convention=gaussian,NUTS reference,k,0.5462800973109613,4.865355696668885
n_obs=1000 seed=0 convention=gaussian,NUTS reference,k,0.5549378034081638,4.778370049354031
n_obs=1000 seed=0 convention=gaussian,NUTS reference,k,0.5635955095053664,4.65663709662666
n_obs=1000 seed=0 convention=gaussian,NUTS reference,k,0.5722532156025689,4.540519539443801
n_obs=1000 seed=0 convention=gaussian,NUTS reference,k,0.5809109216997714,4.447937541652246
n_obs=1000 seed=0 convention=gaussian,NUTS reference,k,0.589568627796974,4.335562727907753
n_obs=1000 seed=0 convention=gaussian,NUTS reference,k,0.5982263338941765,4.133155327453317
n_obs=1000 seed=0 convention=gaussian,NUTS reference,k,0.6068840399913791,3.8311790653473863
n_obs=1000 seed=0 convention=gaussian,NUTS reference,k,0.6155417460885817,3.4881928504231676
n_obs=1000 seed=0 convention=gaussian,NUTS reference,k,0.6241994521857841,3.160888965190002
n_obs=1000 seed=0 convention=gaussian,NUTS reference,k,0.6328571582829867,2.859404497390961
n_obs=1000 seed=0 convention=gaussian,NUTS reference,k,0.6415148643801892,2.5661757529851115
n_obs=1000 seed=0 convention=gaussian,NUTS reference,k,0.6501725704773917,2.2748088275987963
n_obs=1000 seed=0 convention=gaussian,NUTS reference,k,0.6588302765745944,2.003463474964089
n_obs=1000 seed=0 convention=gaussian,NUTS reference,k,0.6674879826717969,1.7721927790626415
n_obs=1000 seed=0 convention=gaussian,NUTS reference,k,0.6761456887689994,1.571139223821323
n_obs=1000 seed=0 convention=gaussian,NUTS reference,k,0.684803394866202,1.374650713041139
n_obs=1000 seed=0 convention=gaussian,NUTS reference,k,0.6934611009634045,1.1769688319509075
n_obs=1000 seed=0 convention=gaussian,NUTS reference,k,0.702118807060607,0.9925990642020144
n_obs=1000 seed=0 convention=gaussian,NUTS reference,k,0.7107765131578097,0.8375559227477861
n_obs=1000 seed=0 convention=gaussian,NUTS reference,k,0.7194342192550122,0.7159102156741673
n_obs=1000 seed=0 convention=gaussian,NUTS reference,k,0.7280919253522147,0.6186139598678051
n_obs=1000 seed=0 convention=gaussian,NUTS reference,k,0.7367496314494173,0.5329322413790839
n_obs=1000 seed=0 convention=gaussian,NUTS reference,k,0.7454073375466198,0.4487982696937294
n_obs=1000 seed=0 convention=gaussian,NUTS reference,k,0.7540650436438223,0.3632636000584902
n_obs=1000 seed=0 convention=gaussian,NUTS reference,k,0.7627227497410249,0.2844082944262071
n_obs=1000 seed=0 convention=gaussian,NUTS reference,k,0.7713804558382275,0.2245799416081327
n_obs=1000 seed=0 convention=gaussian,NUTS reference,k,0.78003816193543,0.1854087054146083
n_obs=1000 seed=0 convention=gaussian,NUTS reference,k,0.7886958680326326,0.1554923006681714
n_obs=1000 seed=0 convention=gaussian,NUTS reference,k,0.7973535741298351,0.1256692893318835
n_obs=1000 seed=0 convention=gaussian,NUTS reference,k,0.8060112802270376,0.0970341161343721
n_obs=1000 seed=0 convention=gaussian,NUTS reference,k,0.8146689863242401,0.0729937409330947
n_obs=1000 seed=0 convention=gaussian,NUTS reference,k,0.8233266924214427,0.0541622695342702
n_obs=1000 seed=0 convention=gaussian,NUTS reference,k,0.8319843985186453,0.0412754167514214
n_obs=1000 seed=0 convention=gaussian,NUTS reference,k,0.8406421046158478,0.0343244479192918
n_obs=1000 seed=0 convention=gaussian,NUTS reference,k,0.8492998107130504,0.0301277863070033
n_obs=1000 seed=0 convention=gaussian,NUTS reference,k,0.8579575168102529,0.0260661371234713
n_obs=1000 seed=0 convention=gaussian,NUTS reference,k,0.8666152229074554,0.0229642781699522
n_obs=1000 seed=0 convention=gaussian,NUTS reference,k,0.875272929004658,0.0218093985509133
n_obs=1000 seed=0 convention=gaussian,NUTS reference,k,0.8839306351018605,0.0214952718506321
n_obs=1000 seed=0 convention=gaussian,NUTS reference,k,0.892588341199063,0.0207608511850682
n_obs=1000 seed=0 convention=gaussian,NUTS reference,k,0.9012460472962656,0.0189699673469131
n_obs=1000 seed=0 convention=gaussian,NUTS reference,k,0.9099037533934682,0.0157784236981009
n_obs=1000 seed=0 convention=gaussian,NUTS reference,k,0.9185614594906708,0.0118720041780293
n_obs=1000 seed=0 convention=gaussian,NUTS reference,k,0.9272191655878732,0.0084814259302429
n_obs=1000 seed=0 convention=gaussian,NUTS reference,k,0.9358768716850758,0.0061336986254763
n_obs=1000 seed=0 convention=gaussian,NUTS reference,k,0.9445345777822785,0.0044239374265252
n_obs=1000 seed=0 convention=gaussian,NUTS reference,k,0.953192283879481,0.0027761346629045
n_obs=1000 seed=0 convention=gaussian,NUTS reference,k,0.9618499899766836,0.0013082224052331
n_obs=1000 seed=0 convention=gaussian,NUTS reference,k,0.970507696073886,0.0004257735583396
n_obs=1000 seed=0 convention=gaussian,NUTS reference,k,0.9791654021710884,9.234996745664056e-05
n_obs=1000 seed=0 convention=gaussian,NUTS reference,k,0.9878231082682912,1.316729443692405e-05
n_obs=1000 seed=0 convention=gaussian,NUTS reference,k,0.9964808143654936,1.2277840700743012e-06
n_obs=1000 seed=0 convention=gaussian,NUTS reference,k,1.005138520462696,7.472618287613382e-08
n_obs=1000 seed=0 convention=gaussian,NUTS reference,k,1.0137962265598988,2.966406869879447e-09
n_obs=1000 seed=0 convention=gaussian,NUTS reference,k,1.0224539326571014,7.678462880803805e-11
n_obs=1000 seed=0 convention=gaussian,NUTS reference,k,1.0311116387543038,1.2958563683831173e-12
n_obs=1000 seed=0 convention=gaussian,NUTS reference,k,1.0397693448515064,1.4258060801983322e-14
n_obs=1000 seed=0 convention=gaussian,NUTS reference,k,1.048427050948709,1.0227703142299964e-16
n_obs=1000 seed=0 convention=gaussian,NUTS reference,k,1.0570847570459114,4.783074272491112e-19
n_obs=1000 seed=0 convention=gaussian,NUTS reference,k,1.065742463143114,1.4582985589657672e-21
n_obs=1000 seed=0 convention=gaussian,NUTS reference,k,1.074400169240317,2.898649290854809e-24
n_obs=1000 seed=0 convention=gaussian,NUTS reference,k,1.083057875337519,3.756251351849805e-27
n_obs=1000 seed=0 convention=gaussian,NUTS reference,k,1.0917155814347217,3.1733889344907224e-30
n_obs=1000 seed=0 convention=gaussian,NUTS reference,k,1.1003732875319243,1.7478397871696638e-33
n_obs=1000 seed=0 convention=gaussian,NUTS reference,k,1.1090309936291267,6.2760961873593735e-37
n_obs=1000 seed=0 convention=gaussian,NUTS reference,k,1.1176886997263291,1.4692212751929851e-40
n_obs=1000 seed=0 convention=gaussian,NUTS reference,k,1.126346405823532,2.242303901825271e-44
n_obs=1000 seed=0 convention=gaussian,NUTS reference,k,1.1350041119207344,2.2310606817366488e-48
n_obs=1000 seed=0 convention=gaussian,NUTS reference,k,1.1436618180179368,1.447231272384965e-52
n_obs=1000 seed=0 convention=gaussian,NUTS reference,k,1.1523195241151396,6.120320140464682e-57
n_obs=1000 seed=0 convention=gaussian,NUTS reference,k,1.160977230212342,1.6874075450855378e-61
n_obs=1000 seed=0 convention=gaussian,NUTS reference,k,1.1696349363095444,3.0330214325791746e-66
n_obs=1000 seed=0 convention=gaussian,NUTS reference,k,1.1782926424067472,3.5541898095784338e-71
n_obs=1000 seed=0 convention=gaussian,NUTS reference,k,1.1869503485039496,2.7152848787022107e-76
n_obs=1000 seed=0 convention=gaussian,NUTS reference,k,1.195608054601152,1.3523833969331483e-81
n_obs=1000 seed=0 convention=gaussian,NUTS reference,k,1.204265760698355,4.391308063122798e-87
n_obs=1000 seed=0 convention=gaussian,NUTS reference,k,1.2129234667955573,9.296032334191778e-93
n_obs=1000 seed=0 convention=gaussian,NUTS reference,k,1.2215811728927597,1.2829537238968894e-98
n_obs=1000 seed=0 convention=gaussian,NUTS reference,k,1.2302388789899623,1.1543406864166297e-104
n_obs=1000 seed=0 convention=gaussian,NUTS reference,k,1.238896585087165,6.771215883878874e-111
n_obs=1000 seed=0 convention=gaussian,NUTS reference,k,1.2475542911843671,2.589458547861685e-117
n_obs=1000 seed=0 convention=gaussian,NUTS reference,k,1.2562119972815702,6.455961198713097e-124
n_obs=1000 seed=0 convention=gaussian,NUTS reference,k,1.2648697033787726,1.0493551673592865e-130
n_obs=1000 seed=0 convention=gaussian,NUTS reference,k,1.273527409475975,1.1119717268709157e-137
n_obs=1000 seed=0 convention=gaussian,NUTS reference,k,1.2821851155731778,7.682005787811985e-145
n_obs=1000 seed=0 convention=gaussian,NUTS reference,k,1.2908428216703802,3.459912857859806e-152
n_obs=1000 seed=0 convention=gaussian,NUTS reference,k,1.2995005277675826,1.0159336302495864e-159
n_obs=1000 seed=0 convention=gaussian,NUTS reference,k,1.3081582338647857,1.944800953398556e-167
n_obs=1000 seed=0 convention=gaussian,NUTS reference,k,1.316815939961988,2.4271388739476427e-175
n_obs=1000 seed=0 convention=gaussian,NUTS reference,k,1.3254736460591905,1.9748028217568707e-183
n_obs=1000 seed=0 convention=gaussian,NUTS reference,k,1.3341313521563931,1.047520419869647e-191
n_obs=1000 seed=0 convention=gaussian,NUTS reference,k,1.3427890582535955,3.6225209165669264e-200
n_obs=1000 seed=0 convention=gaussian,NUTS reference,k,1.351446764350798,8.167120277191147e-209
n_obs=1000 seed=0 convention=gaussian,NUTS reference,k,1.3601044704480008,1.2004294649191283e-217
n_obs=1000 seed=0 convention=gaussian,NUTS reference,k,1.3687621765452032,1.1503075960056102e-226
n_obs=1000 seed=0 convention=gaussian,NUTS reference,k,1.3774198826424056,7.186227701975524e-236
n_obs=1000 seed=0 convention=gaussian,NUTS reference,k,1.3860775887396084,2.9268307292858925e-245
n_obs=1000 seed=0 convention=gaussian,NUTS reference,k,1.3947352948368108,7.771482684853357e-255
n_obs=1000 seed=0 convention=gaussian,NUTS reference,k,1.4033930009340132,1.345302059047726e-264
n_obs=1000 seed=0 convention=gaussian,NUTS reference,k,1.412050707031216,1.5182572920114435e-274
n_obs=1000 seed=0 convention=gaussian,NUTS reference,k,1.4207084131284184,1.1170705181277812e-284
n_obs=1000 seed=0 convention=gaussian,NUTS reference,k,1.4293661192256208,5.358280564507664e-295
n_obs=1000 seed=0 convention=gaussian,NUTS reference,k,1.4380238253228232,1.6756370536602498e-305
n_obs=1000 seed=0 convention=gaussian,NUTS reference,k,1.446681531420026,3.41620643e-316
n_obs=1000 seed=0 convention=gaussian,NUTS reference,k,1.4553392375172285,0.0
n_obs=1000 seed=0 convention=gaussian,NUTS reference,k,1.463996943614431,0.0
n_obs=1000 seed=0 convention=gaussian,NUTS reference,k,1.4726546497116335,0.0
n_obs=1000 seed=0 convention=gaussian,NUTS reference,k,1.481312355808836,0.0
n_obs=1000 seed=0 convention=gaussian,NUTS reference,k,1.4899700619060383,0.0
n_obs=1000 seed=0 convention=gaussian,NUTS reference,k,1.4986277680032414,0.0
n_obs=1000 seed=0 convention=gaussian,NUTS reference,k,1.5072854741004438,0.0
n_obs=1000 seed=0 convention=gaussian,NUTS reference,k,1.5159431801976462,0.0
n_obs=1000 seed=0 convention=gaussian,NUTS reference,k,1.524600886294849,0.0
n_obs=1000 seed=0 convention=gaussian,NUTS reference,k,1.5332585923920514,0.0
n_obs=1000 seed=0 convention=gaussian,NUTS reference,k,1.5419162984892538,0.0
n_obs=1000 seed=0 convention=gaussian,NUTS reference,k,1.5505740045864569,0.0
n_obs=1000 seed=0 convention=gaussian,NUTS reference,k,1.559231710683659,0.0
n_obs=1000 seed=0 convention=gaussian,NUTS reference,k,1.5678894167808617,0.0
n_obs=1000 seed=0 convention=gaussian,NUTS reference,k,1.5765471228780643,0.0
n_obs=1000 seed=0 convention=gaussian,NUTS reference,k,1.5852048289752667,0.0
n_obs=1000 seed=0 convention=gaussian,NUTS reference,k,1.593862535072469,0.0
n_obs=1000 seed=0 convention=gaussian,NUTS reference,k,1.602520241169672,0.0
n_obs=1000 seed=0 convention=gaussian,NUTS reference,k,1.6111779472668744,0.0
n_obs=1000 seed=0 convention=gaussian,NUTS reference,k,1.6198356533640768,0.0
n_obs=1000 seed=0 convention=gaussian,NUTS reference,k,1.6284933594612796,0.0
n_obs=1000 seed=0 convention=gaussian,NUTS reference,k,1.637151065558482,0.0
n_obs=1000 seed=0 convention=gaussian,NUTS reference,k,1.6458087716556844,0.0
n_obs=1000 seed=0 convention=gaussian,NUTS reference,k,1.6544664777528872,0.0
n_obs=1000 seed=0 convention=gaussian,NUTS reference,k,1.6631241838500896,0.0
n_obs=1000 seed=0 convention=gaussian,NUTS reference,k,1.671781889947292,0.0
n_obs=1000 seed=0 convention=gaussian,NUTS reference,k,1.6804395960444949,0.0
n_obs=1000 seed=0 convention=gaussian,NUTS reference,k,1.6890973021416973,0.0
n_obs=1000 seed=0 convention=gaussian,NUTS reference,k,1.6977550082388997,0.0
n_obs=1000 seed=0 convention=gaussian,NUTS reference,k,1.7064127143361023,0.0
n_obs=1000 seed=0 convention=gaussian,NUTS reference,k,1.715070420433305,0.0
n_obs=1000 seed=0 convention=gaussian,NUTS reference,k,1.723728126530507,0.0
n_obs=1000 seed=0 convention=gaussian,NUTS reference,k,1.7323858326277102,0.0
n_obs=1000 seed=0 convention=gaussian,NUTS reference,k,1.7410435387249126,0.0
n_obs=1000 seed=0 convention=gaussian,NUTS reference,k,1.749701244822115,0.0
n_obs=1000 seed=0 convention=gaussian,NUTS reference,k,1.7583589509193178,0.0
n_obs=1000 seed=0 convention=gaussian,NUTS reference,k,1.7670166570165202,0.0
n_obs=1000 seed=0 convention=gaussian,NUTS reference,k,1.7756743631137226,0.0
n_obs=1000 seed=0 convention=gaussian,NUTS reference,k,1.7843320692109257,0.0
n_obs=1000 seed=0 convention=gaussian,NUTS reference,k,1.792989775308128,0.0
n_obs=1000 seed=0 convention=gaussian,NUTS reference,k,1.8016474814053305,0.0
n_obs=1000 seed=0 convention=gaussian,NUTS reference,k,1.810305187502533,0.0
n_obs=1000 seed=0 convention=gaussian,NUTS reference,k,1.8189628935997355,0.0
n_obs=1000 seed=0 convention=gaussian,NUTS reference,k,1.827620599696938,0.0
n_obs=1000 seed=0 convention=gaussian,NUTS reference,k,1.8362783057941408,0.0
n_obs=1000 seed=0 convention=gaussian,NUTS reference,k,1.8449360118913432,0.0
n_obs=1000 seed=0 convention=gaussian,NUTS reference,k,1.8535937179885456,0.0
n_obs=1000 seed=0 convention=gaussian,NUTS reference,k,1.8622514240857484,0.0
n_obs=1000 seed=0 convention=gaussian,NUTS reference,k,1.8709091301829508,0.0
n_obs=1000 seed=0 convention=gaussian,NUTS reference,k,1.8795668362801532,0.0
n_obs=1000 seed=0 convention=gaussian,NUTS reference,k,1.888224542377356,0.0
n_obs=1000 seed=0 convention=gaussian,NUTS reference,k,1.8968822484745584,0.0
n_obs=1000 seed=0 convention=gaussian,NUTS reference,k,1.9055399545717608,0.0
n_obs=1000 seed=0 convention=gaussian,NUTS reference,k,1.9141976606689632,0.0
n_obs=1000 seed=0 convention=gaussian,BSL,k,0.1913141473256568,1.2228071704907834e-28
n_obs=1000 seed=0 convention=gaussian,BSL,k,0.1999718534228594,1.9186995274111328e-25
n_obs=1000 seed=0 convention=gaussian,BSL,k,0.2086295595200619,1.8611603732636693e-22
n_obs=1000 seed=0 convention=gaussian,BSL,k,0.2172872656172645,1.1161853723735372e-19
n_obs=1000 seed=0 convention=gaussian,BSL,k,0.225944971714467,4.139397816446906e-17
n_obs=1000 seed=0 convention=gaussian,BSL,k,0.2346026778116696,9.495079661806808e-15
n_obs=1000 seed=0 convention=gaussian,BSL,k,0.2432603839088721,1.3477028075534957e-12
n_obs=1000 seed=0 convention=gaussian,BSL,k,0.2519180900060747,1.1843754802673258e-10
n_obs=1000 seed=0 convention=gaussian,BSL,k,0.2605757961032772,6.450415718168708e-09
n_obs=1000 seed=0 convention=gaussian,BSL,k,0.2692335022004798,2.1802078029909637e-07
n_obs=1000 seed=0 convention=gaussian,BSL,k,0.2778912082976823,4.582921433545943e-06
n_obs=1000 seed=0 convention=gaussian,BSL,k,0.2865489143948849,6.011053710898217e-05
n_obs=1000 seed=0 convention=gaussian,BSL,k,0.2952066204920874,0.000494626869183
n_obs=1000 seed=0 convention=gaussian,BSL,k,0.3038643265892899,0.0025793926786172
n_obs=1000 seed=0 convention=gaussian,BSL,k,0.3125220326864925,0.0087184032667034
n_obs=1000 seed=0 convention=gaussian,BSL,k,0.3211797387836951,0.0202240608134175
n_obs=1000 seed=0 convention=gaussian,BSL,k,0.3298374448808976,0.0369125283384478
n_obs=1000 seed=0 convention=gaussian,BSL,k,0.3384951509781001,0.0651169717612997
n_obs=1000 seed=0 convention=gaussian,BSL,k,0.3471528570753027,0.119739218831813
n_obs=1000 seed=0 convention=gaussian,BSL,k,0.3558105631725052,0.2077366106874358
n_obs=1000 seed=0 convention=gaussian,BSL,k,0.3644682692697077,0.3196624235122141
n_obs=1000 seed=0 convention=gaussian,BSL,k,0.3731259753669103,0.4534613830641898
n_obs=1000 seed=0 convention=gaussian,BSL,k,0.3817836814641129,0.6429018921542322
n_obs=1000 seed=0 convention=gaussian,BSL,k,0.3904413875613154,0.9290450845150756
n_obs=1000 seed=0 convention=gaussian,BSL,k,0.399099093658518,1.2741563348698113
n_obs=1000 seed=0 convention=gaussian,BSL,k,0.4077567997557205,1.5432935806270904
n_obs=1000 seed=0 convention=gaussian,BSL,k,0.416414505852923,1.6389965758797258
n_obs=1000 seed=0 convention=gaussian,BSL,k,0.4250722119501256,1.613195656599376
n_obs=1000 seed=0 convention=gaussian,BSL,k,0.4337299180473282,1.611187257373091
n_obs=1000 seed=0 convention=gaussian,BSL,k,0.4423876241445307,1.7683716061171952
n_obs=1000 seed=0 convention=gaussian,BSL,k,0.4510453302417332,2.1470238319264694
n_obs=1000 seed=0 convention=gaussian,BSL,k,0.4597030363389358,2.677413159751463
n_obs=1000 seed=0 convention=gaussian,BSL,k,0.4683607424361383,3.1330088387892188
n_obs=1000 seed=0 convention=gaussian,BSL,k,0.4770184485333409,3.3015061349828407
n_obs=1000 seed=0 convention=gaussian,BSL,k,0.4856761546305434,3.2001647666701674
n_obs=1000 seed=0 convention=gaussian,BSL,k,0.494333860727746,3.0396521419320317
n_obs=1000 seed=0 convention=gaussian,BSL,k,0.5029915668249485,3.020144101739807
n_obs=1000 seed=0 convention=gaussian,BSL,k,0.5116492729221511,3.170114449374309
n_obs=1000 seed=0 convention=gaussian,BSL,k,0.5203069790193536,3.3915615214216706
n_obs=1000 seed=0 convention=gaussian,BSL,k,0.5289646851165561,3.5894948384961953
n_obs=1000 seed=0 convention=gaussian,BSL,k,0.5376223912137588,3.705684748808467
n_obs=1000 seed=0 convention=gaussian,BSL,k,0.5462800973109613,3.766143401833383
n_obs=1000 seed=0 convention=gaussian,BSL,k,0.5549378034081638,3.861771231075666
n_obs=1000 seed=0 convention=gaussian,BSL,k,0.5635955095053664,4.014375514676938
n_obs=1000 seed=0 convention=gaussian,BSL,k,0.5722532156025689,4.145363608201058
n_obs=1000 seed=0 convention=gaussian,BSL,k,0.5809109216997714,4.167650955375933
n_obs=1000 seed=0 convention=gaussian,BSL,k,0.589568627796974,4.078752383320434
n_obs=1000 seed=0 convention=gaussian,BSL,k,0.5982263338941765,3.9484393715586106
n_obs=1000 seed=0 convention=gaussian,BSL,k,0.6068840399913791,3.8449601873483585
n_obs=1000 seed=0 convention=gaussian,BSL,k,0.6155417460885817,3.778261392012672
n_obs=1000 seed=0 convention=gaussian,BSL,k,0.6241994521857841,3.678876500206975
n_obs=1000 seed=0 convention=gaussian,BSL,k,0.6328571582829867,3.4768020795888517
n_obs=1000 seed=0 convention=gaussian,BSL,k,0.6415148643801892,3.1903518382583096
n_obs=1000 seed=0 convention=gaussian,BSL,k,0.6501725704773917,2.926413261280914
n_obs=1000 seed=0 convention=gaussian,BSL,k,0.6588302765745944,2.780332025582828
n_obs=1000 seed=0 convention=gaussian,BSL,k,0.6674879826717969,2.688331732811712
n_obs=1000 seed=0 convention=gaussian,BSL,k,0.6761456887689994,2.495350863688772
n_obs=1000 seed=0 convention=gaussian,BSL,k,0.684803394866202,2.166330556649956
n_obs=1000 seed=0 convention=gaussian,BSL,k,0.6934611009634045,1.7958817134772171
n_obs=1000 seed=0 convention=gaussian,BSL,k,0.702118807060607,1.477967279284868
n_obs=1000 seed=0 convention=gaussian,BSL,k,0.7107765131578097,1.2309239208489655
n_obs=1000 seed=0 convention=gaussian,BSL,k,0.7194342192550122,1.0342963520982695
n_obs=1000 seed=0 convention=gaussian,BSL,k,0.7280919253522147,0.8817186238722762
n_obs=1000 seed=0 convention=gaussian,BSL,k,0.7367496314494173,0.7538585325492684
n_obs=1000 seed=0 convention=gaussian,BSL,k,0.7454073375466198,0.6215566925639364
n_obs=1000 seed=0 convention=gaussian,BSL,k,0.7540650436438223,0.4914273072826381
n_obs=1000 seed=0 convention=gaussian,BSL,k,0.7627227497410249,0.3890579402651704
n_obs=1000 seed=0 convention=gaussian,BSL,k,0.7713804558382275,0.3128013886156713
n_obs=1000 seed=0 convention=gaussian,BSL,k,0.78003816193543,0.2447125679223704
n_obs=1000 seed=0 convention=gaussian,BSL,k,0.7886958680326326,0.1859380812544522
n_obs=1000 seed=0 convention=gaussian,BSL,k,0.7973535741298351,0.1450153054066537
n_obs=1000 seed=0 convention=gaussian,BSL,k,0.8060112802270376,0.1161727290866754
n_obs=1000 seed=0 convention=gaussian,BSL,k,0.8146689863242401,0.0876232569743539
n_obs=1000 seed=0 convention=gaussian,BSL,k,0.8233266924214427,0.0556529888482084
n_obs=1000 seed=0 convention=gaussian,BSL,k,0.8319843985186453,0.0271140497695755
n_obs=1000 seed=0 convention=gaussian,BSL,k,0.8406421046158478,0.0094940505012761
n_obs=1000 seed=0 convention=gaussian,BSL,k,0.8492998107130504,0.0022841349937873
n_obs=1000 seed=0 convention=gaussian,BSL,k,0.8579575168102529,0.000365102271073
n_obs=1000 seed=0 convention=gaussian,BSL,k,0.8666152229074554,3.780109919837344e-05
n_obs=1000 seed=0 convention=gaussian,BSL,k,0.875272929004658,2.4897067751090997e-06
n_obs=1000 seed=0 convention=gaussian,BSL,k,0.8839306351018605,1.0307656250215995e-07
n_obs=1000 seed=0 convention=gaussian,BSL,k,0.892588341199063,2.6625641876972233e-09
n_obs=1000 seed=0 convention=gaussian,BSL,k,0.9012460472962656,4.271862047862331e-11
n_obs=1000 seed=0 convention=gaussian,BSL,k,0.9099037533934682,4.245789026861267e-13
n_obs=1000 seed=0 convention=gaussian,BSL,k,0.9185614594906708,2.6100374825655794e-15
n_obs=1000 seed=0 convention=gaussian,BSL,k,0.9272191655878732,9.914768011439125e-18
n_obs=1000 seed=0 convention=gaussian,BSL,k,0.9358768716850758,2.3260842529511623e-20
n_obs=1000 seed=0 convention=gaussian,BSL,k,0.9445345777822785,3.369191129562475e-23
n_obs=1000 seed=0 convention=gaussian,BSL,k,0.953192283879481,3.0122061676439654e-26
n_obs=1000 seed=0 convention=gaussian,BSL,k,0.9618499899766836,1.6620072605892502e-29
n_obs=1000 seed=0 convention=gaussian,BSL,k,0.970507696073886,5.6587017426326626e-33
n_obs=1000 seed=0 convention=gaussian,BSL,k,0.9791654021710884,1.1887537006265328e-36
n_obs=1000 seed=0 convention=gaussian,BSL,k,0.9878231082682912,1.5407025275243536e-40
n_obs=1000 seed=0 convention=gaussian,BSL,k,0.9964808143654936,1.2318595160538092e-44
n_obs=1000 seed=0 convention=gaussian,BSL,k,1.005138520462696,6.075535656114031e-49
n_obs=1000 seed=0 convention=gaussian,BSL,k,1.0137962265598988,1.8482292815659922e-53
n_obs=1000 seed=0 convention=gaussian,BSL,k,1.0224539326571014,3.467711793662297e-58
n_obs=1000 seed=0 convention=gaussian,BSL,k,1.0311116387543038,4.0125001796329835e-63
n_obs=1000 seed=0 convention=gaussian,BSL,k,1.0397693448515064,2.8631371929333903e-68
n_obs=1000 seed=0 convention=gaussian,BSL,k,1.048427050948709,1.2597822529053024e-73
n_obs=1000 seed=0 convention=gaussian,BSL,k,1.0570847570459114,3.4178060560439923e-79
n_obs=1000 seed=0 convention=gaussian,BSL,k,1.065742463143114,5.717043823315655e-85
n_obs=1000 seed=0 convention=gaussian,BSL,k,1.074400169240317,5.895798408122538e-91
n_obs=1000 seed=0 convention=gaussian,BSL,k,1.083057875337519,3.7483213548819293e-97
n_obs=1000 seed=0 convention=gaussian,BSL,k,1.0917155814347217,1.4690327038042586e-103
n_obs=1000 seed=0 convention=gaussian,BSL,k,1.1003732875319243,3.5489935450440724e-110
n_obs=1000 seed=0 convention=gaussian,BSL,k,1.1090309936291267,5.284914375094811e-117
n_obs=1000 seed=0 convention=gaussian,BSL,k,1.1176886997263291,4.850771740935554e-124
n_obs=1000 seed=0 convention=gaussian,BSL,k,1.126346405823532,2.7441395779214874e-131
n_obs=1000 seed=0 convention=gaussian,BSL,k,1.1350041119207344,9.567699569868022e-139
n_obs=1000 seed=0 convention=gaussian,BSL,k,1.1436618180179368,2.055887989382954e-146
n_obs=1000 seed=0 convention=gaussian,BSL,k,1.1523195241151396,2.722498420705502e-154
n_obs=1000 seed=0 convention=gaussian,BSL,k,1.160977230212342,2.2217684055870323e-162
n_obs=1000 seed=0 convention=gaussian,BSL,k,1.1696349363095444,1.1173276794191009e-170
n_obs=1000 seed=0 convention=gaussian,BSL,k,1.1782926424067472,3.4625935547997245e-179
n_obs=1000 seed=0 convention=gaussian,BSL,k,1.1869503485039496,6.612277712106091e-188
n_obs=1000 seed=0 convention=gaussian,BSL,k,1.195608054601152,7.780714700825722e-197
n_obs=1000 seed=0 convention=gaussian,BSL,k,1.204265760698355,5.64154052095579e-206
n_obs=1000 seed=0 convention=gaussian,BSL,k,1.2129234667955573,2.5204461827219586e-215
n_obs=1000 seed=0 convention=gaussian,BSL,k,1.2215811728927597,6.938266508038524e-225
n_obs=1000 seed=0 convention=gaussian,BSL,k,1.2302388789899623,1.1768234234727496e-234
n_obs=1000 seed=0 convention=gaussian,BSL,k,1.238896585087165,1.2298493579657639e-244
n_obs=1000 seed=0 convention=gaussian,BSL,k,1.2475542911843671,7.918936445621103e-255
n_obs=1000 seed=0 convention=gaussian,BSL,k,1.2562119972815702,3.141598214755909e-265
n_obs=1000 seed=0 convention=gaussian,BSL,k,1.2648697033787726,7.678886367492951e-276
n_obs=1000 seed=0 convention=gaussian,BSL,k,1.273527409475975,1.1563918995604183e-286
n_obs=1000 seed=0 convention=gaussian,BSL,k,1.2821851155731778,1.0729186849138091e-297
n_obs=1000 seed=0 convention=gaussian,BSL,k,1.2908428216703802,6.13309461230738e-309
n_obs=1000 seed=0 convention=gaussian,BSL,k,1.2995005277675826,2.159e-320
n_obs=1000 seed=0 convention=gaussian,BSL,k,1.3081582338647857,0.0
n_obs=1000 seed=0 convention=gaussian,BSL,k,1.316815939961988,0.0
n_obs=1000 seed=0 convention=gaussian,BSL,k,1.3254736460591905,0.0
n_obs=1000 seed=0 convention=gaussian,BSL,k,1.3341313521563931,0.0
n_obs=1000 seed=0 convention=gaussian,BSL,k,1.3427890582535955,0.0
n_obs=1000 seed=0 convention=gaussian,BSL,k,1.351446764350798,0.0
n_obs=1000 seed=0 convention=gaussian,BSL,k,1.3601044704480008,0.0
n_obs=1000 seed=0 convention=gaussian,BSL,k,1.3687621765452032,0.0
n_obs=1000 seed=0 convention=gaussian,BSL,k,1.3774198826424056,0.0
n_obs=1000 seed=0 convention=gaussian,BSL,k,1.3860775887396084,0.0
n_obs=1000 seed=0 convention=gaussian,BSL,k,1.3947352948368108,0.0
n_obs=1000 seed=0 convention=gaussian,BSL,k,1.4033930009340132,0.0
n_obs=1000 seed=0 convention=gaussian,BSL,k,1.412050707031216,0.0
n_obs=1000 seed=0 convention=gaussian,BSL,k,1.4207084131284184,0.0
n_obs=1000 seed=0 convention=gaussian,BSL,k,1.4293661192256208,0.0
n_obs=1000 seed=0 convention=gaussian,BSL,k,1.4380238253228232,0.0
n_obs=1000 seed=0 convention=gaussian,BSL,k,1.446681531420026,0.0
n_obs=1000 seed=0 convention=gaussian,BSL,k,1.4553392375172285,0.0
n_obs=1000 seed=0 convention=gaussian,BSL,k,1.463996943614431,0.0
n_obs=1000 seed=0 convention=gaussian,BSL,k,1.4726546497116335,0.0
n_obs=1000 seed=0 convention=gaussian,BSL,k,1.481312355808836,0.0
n_obs=1000 seed=0 convention=gaussian,BSL,k,1.4899700619060383,0.0
n_obs=1000 seed=0 convention=gaussian,BSL,k,1.4986277680032414,0.0
n_obs=1000 seed=0 convention=gaussian,BSL,k,1.5072854741004438,0.0
n_obs=1000 seed=0 convention=gaussian,BSL,k,1.5159431801976462,0.0
n_obs=1000 seed=0 convention=gaussian,BSL,k,1.524600886294849,0.0
n_obs=1000 seed=0 convention=gaussian,BSL,k,1.5332585923920514,0.0
n_obs=1000 seed=0 convention=gaussian,BSL,k,1.5419162984892538,0.0
n_obs=1000 seed=0 convention=gaussian,BSL,k,1.5505740045864569,0.0
n_obs=1000 seed=0 convention=gaussian,BSL,k,1.559231710683659,0.0
n_obs=1000 seed=0 convention=gaussian,BSL,k,1.5678894167808617,0.0
n_obs=1000 seed=0 convention=gaussian,BSL,k,1.5765471228780643,0.0
n_obs=1000 seed=0 convention=gaussian,BSL,k,1.5852048289752667,0.0
n_obs=1000 seed=0 convention=gaussian,BSL,k,1.593862535072469,0.0
n_obs=1000 seed=0 convention=gaussian,BSL,k,1.602520241169672,0.0
n_obs=1000 seed=0 convention=gaussian,BSL,k,1.6111779472668744,0.0
n_obs=1000 seed=0 convention=gaussian,BSL,k,1.6198356533640768,0.0
n_obs=1000 seed=0 convention=gaussian,BSL,k,1.6284933594612796,0.0
n_obs=1000 seed=0 convention=gaussian,BSL,k,1.637151065558482,0.0
n_obs=1000 seed=0 convention=gaussian,BSL,k,1.6458087716556844,0.0
n_obs=1000 seed=0 convention=gaussian,BSL,k,1.6544664777528872,0.0
n_obs=1000 seed=0 convention=gaussian,BSL,k,1.6631241838500896,0.0
n_obs=1000 seed=0 convention=gaussian,BSL,k,1.671781889947292,0.0
n_obs=1000 seed=0 convention=gaussian,BSL,k,1.6804395960444949,0.0
n_obs=1000 seed=0 convention=gaussian,BSL,k,1.6890973021416973,0.0
n_obs=1000 seed=0 convention=gaussian,BSL,k,1.6977550082388997,0.0
n_obs=1000 seed=0 convention=gaussian,BSL,k,1.7064127143361023,0.0
n_obs=1000 seed=0 convention=gaussian,BSL,k,1.715070420433305,0.0
n_obs=1000 seed=0 convention=gaussian,BSL,k,1.723728126530507,0.0
n_obs=1000 seed=0 convention=gaussian,BSL,k,1.7323858326277102,0.0
n_obs=1000 seed=0 convention=gaussian,BSL,k,1.7410435387249126,0.0
n_obs=1000 seed=0 convention=gaussian,BSL,k,1.749701244822115,0.0
n_obs=1000 seed=0 convention=gaussian,BSL,k,1.7583589509193178,0.0
n_obs=1000 seed=0 convention=gaussian,BSL,k,1.7670166570165202,0.0
n_obs=1000 seed=0 convention=gaussian,BSL,k,1.7756743631137226,0.0
n_obs=1000 seed=0 convention=gaussian,BSL,k,1.7843320692109257,0.0
n_obs=1000 seed=0 convention=gaussian,BSL,k,1.792989775308128,0.0
n_obs=1000 seed=0 convention=gaussian,BSL,k,1.8016474814053305,0.0
n_obs=1000 seed=0 convention=gaussian,BSL,k,1.810305187502533,0.0
n_obs=1000 seed=0 convention=gaussian,BSL,k,1.8189628935997355,0.0
n_obs=1000 seed=0 convention=gaussian,BSL,k,1.827620599696938,0.0
n_obs=1000 seed=0 convention=gaussian,BSL,k,1.8362783057941408,0.0
n_obs=1000 seed=0 convention=gaussian,BSL,k,1.8449360118913432,0.0
n_obs=1000 seed=0 convention=gaussian,BSL,k,1.8535937179885456,0.0
n_obs=1000 seed=0 convention=gaussian,BSL,k,1.8622514240857484,0.0
n_obs=1000 seed=0 convention=gaussian,BSL,k,1.8709091301829508,0.0
n_obs=1000 seed=0 convention=gaussian,BSL,k,1.8795668362801532,0.0
n_obs=1000 seed=0 convention=gaussian,BSL,k,1.888224542377356,0.0
n_obs=1000 seed=0 convention=gaussian,BSL,k,1.8968822484745584,0.0
n_obs=1000 seed=0 convention=gaussian,BSL,k,1.9055399545717608,0.0
n_obs=1000 seed=0 convention=gaussian,BSL,k,1.9141976606689632,0.0
n_obs=1000 seed=0 convention=gaussian,Gaussian-NPE (z-score),k,0.1913141473256568,3.3156676919327367e-06
n_obs=1000 seed=0 convention=gaussian,Gaussian-NPE (z-score),k,0.1999718534228594,7.110003981033491e-06
n_obs=1000 seed=0 convention=gaussian,Gaussian-NPE (z-score),k,0.2086295595200619,1.4695597813062524e-05
n_obs=1000 seed=0 convention=gaussian,Gaussian-NPE (z-score),k,0.2172872656172645,2.9283754949060085e-05
n_obs=1000 seed=0 convention=gaussian,Gaussian-NPE (z-score),k,0.225944971714467,5.6273845413273114e-05
n_obs=1000 seed=0 convention=gaussian,Gaussian-NPE (z-score),k,0.2346026778116696,0.0001043188545966
n_obs=1000 seed=0 convention=gaussian,Gaussian-NPE (z-score),k,0.2432603839088721,0.0001866178734574
n_obs=1000 seed=0 convention=gaussian,Gaussian-NPE (z-score),k,0.2519180900060747,0.00032230152232
n_obs=1000 seed=0 convention=gaussian,Gaussian-NPE (z-score),k,0.2605757961032772,0.0005376596049201
n_obs=1000 seed=0 convention=gaussian,Gaussian-NPE (z-score),k,0.2692335022004798,0.000866853818289
n_obs=1000 seed=0 convention=gaussian,Gaussian-NPE (z-score),k,0.2778912082976823,0.0013517130625888
n_obs=1000 seed=0 convention=gaussian,Gaussian-NPE (z-score),k,0.2865489143948849,0.0020402819342226
n_obs=1000 seed=0 convention=gaussian,Gaussian-NPE (z-score),k,0.2952066204920874,0.0029840231060436
n_obs=1000 seed=0 convention=gaussian,Gaussian-NPE (z-score),k,0.3038643265892899,0.0042339518411301
n_obs=1000 seed=0 convention=gaussian,Gaussian-NPE (z-score),k,0.3125220326864925,0.0058364262121279
n_obs=1000 seed=0 convention=gaussian,Gaussian-NPE (z-score),k,0.3211797387836951,0.0078296839692141
n_obs=1000 seed=0 convention=gaussian,Gaussian-NPE (z-score),k,0.3298374448808976,0.0102423344889975
n_obs=1000 seed=0 convention=gaussian,Gaussian-NPE (z-score),k,0.3384951509781001,0.0130947538363728
n_obs=1000 seed=0 convention=gaussian,Gaussian-NPE (z-score),k,0.3471528570753027,0.0164036826868411
n_obs=1000 seed=0 convention=gaussian,Gaussian-NPE (z-score),k,0.3558105631725052,0.0201894379362435
n_obs=1000 seed=0 convention=gaussian,Gaussian-NPE (z-score),k,0.3644682692697077,0.0244842958910839
n_obs=1000 seed=0 convention=gaussian,Gaussian-NPE (z-score),k,0.3731259753669103,0.0293400954674043
n_obs=1000 seed=0 convention=gaussian,Gaussian-NPE (z-score),k,0.3817836814641129,0.0348331490544778
n_obs=1000 seed=0 convention=gaussian,Gaussian-NPE (z-score),k,0.3904413875613154,0.0410651363229754
n_obs=1000 seed=0 convention=gaussian,Gaussian-NPE (z-score),k,0.399099093658518,0.0481595736440297
n_obs=1000 seed=0 convention=gaussian,Gaussian-NPE (z-score),k,0.4077567997557205,0.0562543589833719
n_obs=1000 seed=0 convention=gaussian,Gaussian-NPE (z-score),k,0.416414505852923,0.0654914936103288
n_obs=1000 seed=0 convention=gaussian,Gaussian-NPE (z-score),k,0.4250722119501256,0.0760052745781048
n_obs=1000 seed=0 convention=gaussian,Gaussian-NPE (z-score),k,0.4337299180473282,0.0879101688956303
n_obs=1000 seed=0 convention=gaussian,Gaussian-NPE (z-score),k,0.4423876241445307,0.1012894967992839
n_obs=1000 seed=0 convention=gaussian,Gaussian-NPE (z-score),k,0.4510453302417332,0.1161861959938245
n_obs=1000 seed=0 convention=gaussian,Gaussian-NPE (z-score),k,0.4597030363389358,0.1325973141836368
n_obs=1000 seed=0 convention=gaussian,Gaussian-NPE (z-score),k,0.4683607424361383,0.1504742020871144
n_obs=1000 seed=0 convention=gaussian,Gaussian-NPE (z-score),k,0.4770184485333409,0.1697302000924327
n_obs=1000 seed=0 convention=gaussian,Gaussian-NPE (z-score),k,0.4856761546305434,0.1902565495311836
n_obs=1000 seed=0 convention=gaussian,Gaussian-NPE (z-score),k,0.494333860727746,0.2119452712033101
n_obs=1000 seed=0 convention=gaussian,Gaussian-NPE (z-score),k,0.5029915668249485,0.2347152721306199
n_obs=1000 seed=0 convention=gaussian,Gaussian-NPE (z-score),k,0.5116492729221511,0.2585358009185923
n_obs=1000 seed=0 convention=gaussian,Gaussian-NPE (z-score),k,0.5203069790193536,0.2834405245283031
n_obs=1000 seed=0 convention=gaussian,Gaussian-NPE (z-score),k,0.5289646851165561,0.3095266245308372
n_obs=1000 seed=0 convention=gaussian,Gaussian-NPE (z-score),k,0.5376223912137588,0.3369364812905692
n_obs=1000 seed=0 convention=gaussian,Gaussian-NPE (z-score),k,0.5462800973109613,0.3658240605782529
n_obs=1000 seed=0 convention=gaussian,Gaussian-NPE (z-score),k,0.5549378034081638,0.3963127664425701
n_obs=1000 seed=0 convention=gaussian,Gaussian-NPE (z-score),k,0.5635955095053664,0.4284547806144017
n_obs=1000 seed=0 convention=gaussian,Gaussian-NPE (z-score),k,0.5722532156025689,0.4622025511289231
n_obs=1000 seed=0 convention=gaussian,Gaussian-NPE (z-score),k,0.5809109216997714,0.4974006283647931
n_obs=1000 seed=0 convention=gaussian,Gaussian-NPE (z-score),k,0.589568627796974,0.5338009614634103
n_obs=1000 seed=0 convention=gaussian,Gaussian-NPE (z-score),k,0.5982263338941765,0.5710984691646404
n_obs=1000 seed=0 convention=gaussian,Gaussian-NPE (z-score),k,0.6068840399913791,0.6089781247241656
n_obs=1000 seed=0 convention=gaussian,Gaussian-NPE (z-score),k,0.6155417460885817,0.6471617775201346
n_obs=1000 seed=0 convention=gaussian,Gaussian-NPE (z-score),k,0.6241994521857841,0.6854435149919604
n_obs=1000 seed=0 convention=gaussian,Gaussian-NPE (z-score),k,0.6328571582829867,0.7237063301179141
n_obs=1000 seed=0 convention=gaussian,Gaussian-NPE (z-score),k,0.6415148643801892,0.7619187223653971
n_obs=1000 seed=0 convention=gaussian,Gaussian-NPE (z-score),k,0.6501725704773917,0.8001154236199547
n_obs=1000 seed=0 convention=gaussian,Gaussian-NPE (z-score),k,0.6588302765745944,0.8383696953530552
n_obs=1000 seed=0 convention=gaussian,Gaussian-NPE (z-score),k,0.6674879826717969,0.8767646543348961
n_obs=1000 seed=0 convention=gaussian,Gaussian-NPE (z-score),k,0.6761456887689994,0.9153684026841428
n_obs=1000 seed=0 convention=gaussian,Gaussian-NPE (z-score),k,0.684803394866202,0.9542140945847012
n_obs=1000 seed=0 convention=gaussian,Gaussian-NPE (z-score),k,0.6934611009634045,0.99328347665304
n_obs=1000 seed=0 convention=gaussian,Gaussian-NPE (z-score),k,0.702118807060607,1.0324921472942787
n_obs=1000 seed=0 convention=gaussian,Gaussian-NPE (z-score),k,0.7107765131578097,1.0716766777351847
n_obs=1000 seed=0 convention=gaussian,Gaussian-NPE (z-score),k,0.7194342192550122,1.1105864694385923
n_obs=1000 seed=0 convention=gaussian,Gaussian-NPE (z-score),k,0.7280919253522147,1.1488849831743368
n_obs=1000 seed=0 convention=gaussian,Gaussian-NPE (z-score),k,0.7367496314494173,1.1861644981369968
n_obs=1000 seed=0 convention=gaussian,Gaussian-NPE (z-score),k,0.7454073375466198,1.221975768231692
n_obs=1000 seed=0 convention=gaussian,Gaussian-NPE (z-score),k,0.7540650436438223,1.2558699304550525
n_obs=1000 seed=0 convention=gaussian,Gaussian-NPE (z-score),k,0.7627227497410249,1.2874464301169075
n_obs=1000 seed=0 convention=gaussian,Gaussian-NPE (z-score),k,0.7713804558382275,1.3163989137198626
n_obs=1000 seed=0 convention=gaussian,Gaussian-NPE (z-score),k,0.78003816193543,1.3425514713460809
n_obs=1000 seed=0 convention=gaussian,Gaussian-NPE (z-score),k,0.7886958680326326,1.365879788469389
n_obs=1000 seed=0 convention=gaussian,Gaussian-NPE (z-score),k,0.7973535741298351,1.3865146310929162
n_obs=1000 seed=0 convention=gaussian,Gaussian-NPE (z-score),k,0.8060112802270376,1.4047276256970338
n_obs=1000 seed=0 convention=gaussian,Gaussian-NPE (z-score),k,0.8146689863242401,1.4209010208353263
n_obs=1000 seed=0 convention=gaussian,Gaussian-NPE (z-score),k,0.8233266924214427,1.4354841855475091
n_obs=1000 seed=0 convention=gaussian,Gaussian-NPE (z-score),k,0.8319843985186453,1.448940541082573
n_obs=1000 seed=0 convention=gaussian,Gaussian-NPE (z-score),k,0.8406421046158478,1.4616898744022742
n_obs=1000 seed=0 convention=gaussian,Gaussian-NPE (z-score),k,0.8492998107130504,1.4740524991768158
n_obs=1000 seed=0 convention=gaussian,Gaussian-NPE (z-score),k,0.8579575168102529,1.4862029048219487
n_obs=1000 seed=0 convention=gaussian,Gaussian-NPE (z-score),k,0.8666152229074554,1.4981404963047975
n_obs=1000 seed=0 convention=gaussian,Gaussian-NPE (z-score),k,0.875272929004658,1.509683170979615
n_obs=1000 seed=0 convention=gaussian,Gaussian-NPE (z-score),k,0.8839306351018605,1.5204859087818257
n_obs=1000 seed=0 convention=gaussian,Gaussian-NPE (z-score),k,0.892588341199063,1.530082159626588
n_obs=1000 seed=0 convention=gaussian,Gaussian-NPE (z-score),k,0.9012460472962656,1.537941889466645
n_obs=1000 seed=0 convention=gaussian,Gaussian-NPE (z-score),k,0.9099037533934682,1.543537750713629
n_obs=1000 seed=0 convention=gaussian,Gaussian-NPE (z-score),k,0.9185614594906708,1.5464102942175708
n_obs=1000 seed=0 convention=gaussian,Gaussian-NPE (z-score),k,0.9272191655878732,1.546223988197189
n_obs=1000 seed=0 convention=gaussian,Gaussian-NPE (z-score),k,0.9358768716850758,1.5428072871012155
n_obs=1000 seed=0 convention=gaussian,Gaussian-NPE (z-score),k,0.9445345777822785,1.536171639416279
n_obs=1000 seed=0 convention=gaussian,Gaussian-NPE (z-score),k,0.953192283879481,1.5265063138958874
n_obs=1000 seed=0 convention=gaussian,Gaussian-NPE (z-score),k,0.9618499899766836,1.5141488341622271
n_obs=1000 seed=0 convention=gaussian,Gaussian-NPE (z-score),k,0.970507696073886,1.499534941796674
n_obs=1000 seed=0 convention=gaussian,Gaussian-NPE (z-score),k,0.9791654021710884,1.4831367446457466
n_obs=1000 seed=0 convention=gaussian,Gaussian-NPE (z-score),k,0.9878231082682912,1.4654014382802507
n_obs=1000 seed=0 convention=gaussian,Gaussian-NPE (z-score),k,0.9964808143654936,1.44670375875746
n_obs=1000 seed=0 convention=gaussian,Gaussian-NPE (z-score),k,1.005138520462696,1.4273219337772471
n_obs=1000 seed=0 convention=gaussian,Gaussian-NPE (z-score),k,1.0137962265598988,1.4074398153438508
n_obs=1000 seed=0 convention=gaussian,Gaussian-NPE (z-score),k,1.0224539326571014,1.3871693752626242
n_obs=1000 seed=0 convention=gaussian,Gaussian-NPE (z-score),k,1.0311116387543038,1.3665810851739166
n_obs=1000 seed=0 convention=gaussian,Gaussian-NPE (z-score),k,1.0397693448515064,1.3457276977153316
n_obs=1000 seed=0 convention=gaussian,Gaussian-NPE (z-score),k,1.048427050948709,1.3246506219941705
n_obs=1000 seed=0 convention=gaussian,Gaussian-NPE (z-score),k,1.0570847570459114,1.3033661256752118
n_obs=1000 seed=0 convention=gaussian,Gaussian-NPE (z-score),k,1.065742463143114,1.2818378419982648
n_obs=1000 seed=0 convention=gaussian,Gaussian-NPE (z-score),k,1.074400169240317,1.259948860642303
n_obs=1000 seed=0 convention=gaussian,Gaussian-NPE (z-score),k,1.083057875337519,1.2374884168036329
n_obs=1000 seed=0 convention=gaussian,Gaussian-NPE (z-score),k,1.0917155814347217,1.214164291089554
n_obs=1000 seed=0 convention=gaussian,Gaussian-NPE (z-score),k,1.1003732875319243,1.1896440543014664
n_obs=1000 seed=0 convention=gaussian,Gaussian-NPE (z-score),k,1.1090309936291267,1.1636191352219245
n_obs=1000 seed=0 convention=gaussian,Gaussian-NPE (z-score),k,1.1176886997263291,1.1358783712483809
n_obs=1000 seed=0 convention=gaussian,Gaussian-NPE (z-score),k,1.126346405823532,1.106374281229325
n_obs=1000 seed=0 convention=gaussian,Gaussian-NPE (z-score),k,1.1350041119207344,1.0752663771991162
n_obs=1000 seed=0 convention=gaussian,Gaussian-NPE (z-score),k,1.1436618180179368,1.0429306800187652
n_obs=1000 seed=0 convention=gaussian,Gaussian-NPE (z-score),k,1.1523195241151396,1.009931705037406
n_obs=1000 seed=0 convention=gaussian,Gaussian-NPE (z-score),k,1.160977230212342,0.9769608149740754
n_obs=1000 seed=0 convention=gaussian,Gaussian-NPE (z-score),k,1.1696349363095444,0.9447514602096004
n_obs=1000 seed=0 convention=gaussian,Gaussian-NPE (z-score),k,1.1782926424067472,0.9139862457321518
n_obs=1000 seed=0 convention=gaussian,Gaussian-NPE (z-score),k,1.1869503485039496,0.8852121808339137
n_obs=1000 seed=0 convention=gaussian,Gaussian-NPE (z-score),k,1.195608054601152,0.8587785760829282
n_obs=1000 seed=0 convention=gaussian,Gaussian-NPE (z-score),k,1.204265760698355,0.8348071884111014
n_obs=1000 seed=0 convention=gaussian,Gaussian-NPE (z-score),k,1.2129234667955573,0.8131974385443458
n_obs=1000 seed=0 convention=gaussian,Gaussian-NPE (z-score),k,1.2215811728927597,0.7936624657379681
n_obs=1000 seed=0 convention=gaussian,Gaussian-NPE (z-score),k,1.2302388789899623,0.7757862114978165
n_obs=1000 seed=0 convention=gaussian,Gaussian-NPE (z-score),k,1.238896585087165,0.7590889670788629
n_obs=1000 seed=0 convention=gaussian,Gaussian-NPE (z-score),k,1.2475542911843671,0.7430893119175694
n_obs=1000 seed=0 convention=gaussian,Gaussian-NPE (z-score),k,1.2562119972815702,0.7273535326948973
n_obs=1000 seed=0 convention=gaussian,Gaussian-NPE (z-score),k,1.2648697033787726,0.7115281384933261
n_obs=1000 seed=0 convention=gaussian,Gaussian-NPE (z-score),k,1.273527409475975,0.6953554754772772
n_obs=1000 seed=0 convention=gaussian,Gaussian-NPE (z-score),k,1.2821851155731778,0.6786755298494587
n_obs=1000 seed=0 convention=gaussian,Gaussian-NPE (z-score),k,1.2908428216703802,0.6614182781430193
n_obs=1000 seed=0 convention=gaussian,Gaussian-NPE (z-score),k,1.2995005277675826,0.6435905702076603
n_obs=1000 seed=0 convention=gaussian,Gaussian-NPE (z-score),k,1.3081582338647857,0.6252601745507864
n_obs=1000 seed=0 convention=gaussian,Gaussian-NPE (z-score),k,1.316815939961988,0.606538133804055
n_obs=1000 seed=0 convention=gaussian,Gaussian-NPE (z-score),k,1.3254736460591905,0.5875597171624509
n_obs=1000 seed=0 convention=gaussian,Gaussian-NPE (z-score),k,1.3341313521563931,0.5684644080889001
n_obs=1000 seed=0 convention=gaussian,Gaussian-NPE (z-score),k,1.3427890582535955,0.5493764207517629
n_obs=1000 seed=0 convention=gaussian,Gaussian-NPE (z-score),k,1.351446764350798,0.5303886032915683
n_obs=1000 seed=0 convention=gaussian,Gaussian-NPE (z-score),k,1.3601044704480008,0.5115533932438422
n_obs=1000 seed=0 convention=gaussian,Gaussian-NPE (z-score),k,1.3687621765452032,0.4928839790446209
n_obs=1000 seed=0 convention=gaussian,Gaussian-NPE (z-score),k,1.3774198826424056,0.4743667389294496
n_obs=1000 seed=0 convention=gaussian,Gaussian-NPE (z-score),k,1.3860775887396084,0.4559828541685877
n_obs=1000 seed=0 convention=gaussian,Gaussian-NPE (z-score),k,1.3947352948368108,0.4377338269397254
n_obs=1000 seed=0 convention=gaussian,Gaussian-NPE (z-score),k,1.4033930009340132,0.4196637521479162
n_obs=1000 seed=0 convention=gaussian,Gaussian-NPE (z-score),k,1.412050707031216,0.4018714770800464
n_obs=1000 seed=0 convention=gaussian,Gaussian-NPE (z-score),k,1.4207084131284184,0.3845082935874013
n_obs=1000 seed=0 convention=gaussian,Gaussian-NPE (z-score),k,1.4293661192256208,0.3677607410213411
n_obs=1000 seed=0 convention=gaussian,Gaussian-NPE (z-score),k,1.4380238253228232,0.3518221394174479
n_obs=1000 seed=0 convention=gaussian,Gaussian-NPE (z-score),k,1.446681531420026,0.3368593547974688
n_obs=1000 seed=0 convention=gaussian,Gaussian-NPE (z-score),k,1.4553392375172285,0.3229822837966339
n_obs=1000 seed=0 convention=gaussian,Gaussian-NPE (z-score),k,1.463996943614431,0.3102226071386067
n_obs=1000 seed=0 convention=gaussian,Gaussian-NPE (z-score),k,1.4726546497116335,0.2985260397410274
n_obs=1000 seed=0 convention=gaussian,Gaussian-NPE (z-score),k,1.481312355808836,0.2877593675910988
n_obs=1000 seed=0 convention=gaussian,Gaussian-NPE (z-score),k,1.4899700619060383,0.2777306915397625
n_obs=1000 seed=0 convention=gaussian,Gaussian-NPE (z-score),k,1.4986277680032414,0.268218949255981
n_obs=1000 seed=0 convention=gaussian,Gaussian-NPE (z-score),k,1.5072854741004438,0.2590072141505818
n_obs=1000 seed=0 convention=gaussian,Gaussian-NPE (z-score),k,1.5159431801976462,0.2499136376673743
n_obs=1000 seed=0 convention=gaussian,Gaussian-NPE (z-score),k,1.524600886294849,0.2408143359261229
n_obs=1000 seed=0 convention=gaussian,Gaussian-NPE (z-score),k,1.5332585923920514,0.2316540619782929
n_obs=1000 seed=0 convention=gaussian,Gaussian-NPE (z-score),k,1.5419162984892538,0.222442986334605
n_obs=1000 seed=0 convention=gaussian,Gaussian-NPE (z-score),k,1.5505740045864569,0.2132408873421676
n_obs=1000 seed=0 convention=gaussian,Gaussian-NPE (z-score),k,1.559231710683659,0.2041328544452976
n_obs=1000 seed=0 convention=gaussian,Gaussian-NPE (z-score),k,1.5678894167808617,0.1952025042258082
n_obs=1000 seed=0 convention=gaussian,Gaussian-NPE (z-score),k,1.5765471228780643,0.1865091612465901
n_obs=1000 seed=0 convention=gaussian,Gaussian-NPE (z-score),k,1.5852048289752667,0.178074302965581
n_obs=1000 seed=0 convention=gaussian,Gaussian-NPE (z-score),k,1.593862535072469,0.1698800959289601
n_obs=1000 seed=0 convention=gaussian,Gaussian-NPE (z-score),k,1.602520241169672,0.1618797087977789
n_obs=1000 seed=0 convention=gaussian,Gaussian-NPE (z-score),k,1.6111779472668744,0.1540161001258224
n_obs=1000 seed=0 convention=gaussian,Gaussian-NPE (z-score),k,1.6198356533640768,0.1462439129874193
n_obs=1000 seed=0 convention=gaussian,Gaussian-NPE (z-score),k,1.6284933594612796,0.1385484751207094
n_obs=1000 seed=0 convention=gaussian,Gaussian-NPE (z-score),k,1.637151065558482,0.1309568305574328
n_obs=1000 seed=0 convention=gaussian,Gaussian-NPE (z-score),k,1.6458087716556844,0.1235379385774553
n_obs=1000 seed=0 convention=gaussian,Gaussian-NPE (z-score),k,1.6544664777528872,0.1163920620528015
n_obs=1000 seed=0 convention=gaussian,Gaussian-NPE (z-score),k,1.6631241838500896,0.1096321579991529
n_obs=1000 seed=0 convention=gaussian,Gaussian-NPE (z-score),k,1.671781889947292,0.103362047942384
n_obs=1000 seed=0 convention=gaussian,Gaussian-NPE (z-score),k,1.6804395960444949,0.0976567926053634
n_obs=1000 seed=0 convention=gaussian,Gaussian-NPE (z-score),k,1.6890973021416973,0.0925499022235722
n_obs=1000 seed=0 convention=gaussian,Gaussian-NPE (z-score),k,1.6977550082388997,0.0880300529286804
n_obs=1000 seed=0 convention=gaussian,Gaussian-NPE (z-score),k,1.7064127143361023,0.0840474284121889
n_obs=1000 seed=0 convention=gaussian,Gaussian-NPE (z-score),k,1.715070420433305,0.0805273713933081
n_obs=1000 seed=0 convention=gaussian,Gaussian-NPE (z-score),k,1.723728126530507,0.0773873443713474
n_obs=1000 seed=0 convention=gaussian,Gaussian-NPE (z-score),k,1.7323858326277102,0.0745526562330531
n_obs=1000 seed=0 convention=gaussian,Gaussian-NPE (z-score),k,1.7410435387249126,0.0719670788355058
n_obs=1000 seed=0 convention=gaussian,Gaussian-NPE (z-score),k,1.749701244822115,0.0695961120956339
n_obs=1000 seed=0 convention=gaussian,Gaussian-NPE (z-score),k,1.7583589509193178,0.0674227892771395
n_obs=1000 seed=0 convention=gaussian,Gaussian-NPE (z-score),k,1.7670166570165202,0.0654379792544644
n_obs=1000 seed=0 convention=gaussian,Gaussian-NPE (z-score),k,1.7756743631137226,0.0636286058004542
n_obs=1000 seed=0 convention=gaussian,Gaussian-NPE (z-score),k,1.7843320692109257,0.0619676839306243
n_obs=1000 seed=0 convention=gaussian,Gaussian-NPE (z-score),k,1.792989775308128,0.0604094361601002
n_obs=1000 seed=0 convention=gaussian,Gaussian-NPE (z-score),k,1.8016474814053305,0.0588911644802842
n_obs=1000 seed=0 convention=gaussian,Gaussian-NPE (z-score),k,1.810305187502533,0.0573414696308003
n_obs=1000 seed=0 convention=gaussian,Gaussian-NPE (z-score),k,1.8189628935997355,0.0556924585576272
n_obs=1000 seed=0 convention=gaussian,Gaussian-NPE (z-score),k,1.827620599696938,0.0538923827154469
n_obs=1000 seed=0 convention=gaussian,Gaussian-NPE (z-score),k,1.8362783057941408,0.0519150939867067
n_obs=1000 seed=0 convention=gaussian,Gaussian-NPE (z-score),k,1.8449360118913432,0.0497637952641685
n_obs=1000 seed=0 convention=gaussian,Gaussian-NPE (z-score),k,1.8535937179885456,0.047468398650699
n_obs=1000 seed=0 convention=gaussian,Gaussian-NPE (z-score),k,1.8622514240857484,0.0450777256976818
n_obs=1000 seed=0 convention=gaussian,Gaussian-NPE (z-score),k,1.8709091301829508,0.0426491276019827
n_obs=1000 seed=0 convention=gaussian,Gaussian-NPE (z-score),k,1.8795668362801532,0.0402384603392937
n_obs=1000 seed=0 convention=gaussian,Gaussian-NPE (z-score),k,1.888224542377356,0.0378927134259308
n_obs=1000 seed=0 convention=gaussian,Gaussian-NPE (z-score),k,1.8968822484745584,0.0356463274383922
n_obs=1000 seed=0 convention=gaussian,Gaussian-NPE (z-score),k,1.9055399545717608,0.0335208996362834
n_obs=1000 seed=0 convention=gaussian,Gaussian-NPE (z-score),k,1.9141976606689632,0.0315270654925613
n_obs=1000 seed=0 convention=gaussian,Gaussian-NPE (robust asinh),k,0.1913141473256568,0.0048232405863227
n_obs=1000 seed=0 convention=gaussian,Gaussian-NPE (robust asinh),k,0.1999718534228594,0.0082012189476257
n_obs=1000 seed=0 convention=gaussian,Gaussian-NPE (robust asinh),k,0.2086295595200619,0.0129034225747809
n_obs=1000 seed=0 convention=gaussian,Gaussian-NPE (robust asinh),k,0.2172872656172645,0.0190628108167197
n_obs=1000 seed=0 convention=gaussian,Gaussian-NPE (robust asinh),k,0.225944971714467,0.0268338965188462
n_obs=1000 seed=0 convention=gaussian,Gaussian-NPE (robust asinh),k,0.2346026778116696,0.0365005321314718
n_obs=1000 seed=0 convention=gaussian,Gaussian-NPE (robust asinh),k,0.2432603839088721,0.0486010121478509
n_obs=1000 seed=0 convention=gaussian,Gaussian-NPE (robust asinh),k,0.2519180900060747,0.0640239084885243
n_obs=1000 seed=0 convention=gaussian,Gaussian-NPE (robust asinh),k,0.2605757961032772,0.0839968136800026
n_obs=1000 seed=0 convention=gaussian,Gaussian-NPE (robust asinh),k,0.2692335022004798,0.1099174506961712
n_obs=1000 seed=0 convention=gaussian,Gaussian-NPE (robust asinh),k,0.2778912082976823,0.143077280631935
n_obs=1000 seed=0 convention=gaussian,Gaussian-NPE (robust asinh),k,0.2865489143948849,0.1844238749321222
n_obs=1000 seed=0 convention=gaussian,Gaussian-NPE (robust asinh),k,0.2952066204920874,0.2345155570538656
n_obs=1000 seed=0 convention=gaussian,Gaussian-NPE (robust asinh),k,0.3038643265892899,0.2937244907490929
n_obs=1000 seed=0 convention=gaussian,Gaussian-NPE (robust asinh),k,0.3125220326864925,0.3625848823658493
n_obs=1000 seed=0 convention=gaussian,Gaussian-NPE (robust asinh),k,0.3211797387836951,0.4420480062200376
n_obs=1000 seed=0 convention=gaussian,Gaussian-NPE (robust asinh),k,0.3298374448808976,0.5334119481209492
n_obs=1000 seed=0 convention=gaussian,Gaussian-NPE (robust asinh),k,0.3384951509781001,0.6378970855478114
n_obs=1000 seed=0 convention=gaussian,Gaussian-NPE (robust asinh),k,0.3471528570753027,0.7561224163636854
n_obs=1000 seed=0 convention=gaussian,Gaussian-NPE (robust asinh),k,0.3558105631725052,0.8878399595587378
n_obs=1000 seed=0 convention=gaussian,Gaussian-NPE (robust asinh),k,0.3644682692697077,1.0320364009517435
n_obs=1000 seed=0 convention=gaussian,Gaussian-NPE (robust asinh),k,0.3731259753669103,1.187117829217846
n_obs=1000 seed=0 convention=gaussian,Gaussian-NPE (robust asinh),k,0.3817836814641129,1.350810272581775
n_obs=1000 seed=0 convention=gaussian,Gaussian-NPE (robust asinh),k,0.3904413875613154,1.5197811671424943
n_obs=1000 seed=0 convention=gaussian,Gaussian-NPE (robust asinh),k,0.399099093658518,1.6894093537703596
n_obs=1000 seed=0 convention=gaussian,Gaussian-NPE (robust asinh),k,0.4077567997557205,1.8541636640115255
n_obs=1000 seed=0 convention=gaussian,Gaussian-NPE (robust asinh),k,0.416414505852923,2.0087079412837543
n_obs=1000 seed=0 convention=gaussian,Gaussian-NPE (robust asinh),k,0.4250722119501256,2.149370849380439
n_obs=1000 seed=0 convention=gaussian,Gaussian-NPE (robust asinh),k,0.4337299180473282,2.2751537794257204
n_obs=1000 seed=0 convention=gaussian,Gaussian-NPE (robust asinh),k,0.4423876241445307,2.387338831361816
n_obs=1000 seed=0 convention=gaussian,Gaussian-NPE (robust asinh),k,0.4510453302417332,2.487546526039389
n_obs=1000 seed=0 convention=gaussian,Gaussian-NPE (robust asinh),k,0.4597030363389358,2.5755562522115283
n_obs=1000 seed=0 convention=gaussian,Gaussian-NPE (robust asinh),k,0.4683607424361383,2.6488473212197365
n_obs=1000 seed=0 convention=gaussian,Gaussian-NPE (robust asinh),k,0.4770184485333409,2.704479605271199
n_obs=1000 seed=0 convention=gaussian,Gaussian-NPE (robust asinh),k,0.4856761546305434,2.7417218507097525
n_obs=1000 seed=0 convention=gaussian,Gaussian-NPE (robust asinh),k,0.494333860727746,2.763201118152508
n_obs=1000 seed=0 convention=gaussian,Gaussian-NPE (robust asinh),k,0.5029915668249485,2.773947479332062
n_obs=1000 seed=0 convention=gaussian,Gaussian-NPE (robust asinh),k,0.5116492729221511,2.779494234867445
n_obs=1000 seed=0 convention=gaussian,Gaussian-NPE (robust asinh),k,0.5203069790193536,2.784237442910998
n_obs=1000 seed=0 convention=gaussian,Gaussian-NPE (robust asinh),k,0.5289646851165561,2.7902669706989225
n_obs=1000 seed=0 convention=gaussian,Gaussian-NPE (robust asinh),k,0.5376223912137588,2.7966867062481735
n_obs=1000 seed=0 convention=gaussian,Gaussian-NPE (robust asinh),k,0.5462800973109613,2.800023204805432
n_obs=1000 seed=0 convention=gaussian,Gaussian-NPE (robust asinh),k,0.5549378034081638,2.79612619167419
n_obs=1000 seed=0 convention=gaussian,Gaussian-NPE (robust asinh),k,0.5635955095053664,2.7826622710322053
n_obs=1000 seed=0 convention=gaussian,Gaussian-NPE (robust asinh),k,0.5722532156025689,2.7603750619650262
n_obs=1000 seed=0 convention=gaussian,Gaussian-NPE (robust asinh),k,0.5809109216997714,2.731942666428035
n_obs=1000 seed=0 convention=gaussian,Gaussian-NPE (robust asinh),k,0.589568627796974,2.6990930400514275
n_obs=1000 seed=0 convention=gaussian,Gaussian-NPE (robust asinh),k,0.5982263338941765,2.660164869514792
n_obs=1000 seed=0 convention=gaussian,Gaussian-NPE (robust asinh),k,0.6068840399913791,2.6101813978201016
n_obs=1000 seed=0 convention=gaussian,Gaussian-NPE (robust asinh),k,0.6155417460885817,2.5436094169306185
n_obs=1000 seed=0 convention=gaussian,Gaussian-NPE (robust asinh),k,0.6241994521857841,2.4578053538564455
n_obs=1000 seed=0 convention=gaussian,Gaussian-NPE (robust asinh),k,0.6328571582829867,2.3546519710168545
n_obs=1000 seed=0 convention=gaussian,Gaussian-NPE (robust asinh),k,0.6415148643801892,2.239486481066666
n_obs=1000 seed=0 convention=gaussian,Gaussian-NPE (robust asinh),k,0.6501725704773917,2.118574845599082
n_obs=1000 seed=0 convention=gaussian,Gaussian-NPE (robust asinh),k,0.6588302765745944,1.9972065285303915
n_obs=1000 seed=0 convention=gaussian,Gaussian-NPE (robust asinh),k,0.6674879826717969,1.879425681642037
n_obs=1000 seed=0 convention=gaussian,Gaussian-NPE (robust asinh),k,0.6761456887689994,1.7685861961472724
n_obs=1000 seed=0 convention=gaussian,Gaussian-NPE (robust asinh),k,0.684803394866202,1.6671658562388278
n_obs=1000 seed=0 convention=gaussian,Gaussian-NPE (robust asinh),k,0.6934611009634045,1.5755180407637404
n_obs=1000 seed=0 convention=gaussian,Gaussian-NPE (robust asinh),k,0.702118807060607,1.491120725391606
n_obs=1000 seed=0 convention=gaussian,Gaussian-NPE (robust asinh),k,0.7107765131578097,1.4098963812582412
n_obs=1000 seed=0 convention=gaussian,Gaussian-NPE (robust asinh),k,0.7194342192550122,1.3289495736498758
n_obs=1000 seed=0 convention=gaussian,Gaussian-NPE (robust asinh),k,0.7280919253522147,1.2483086569109096
n_obs=1000 seed=0 convention=gaussian,Gaussian-NPE (robust asinh),k,0.7367496314494173,1.1702291721139269
n_obs=1000 seed=0 convention=gaussian,Gaussian-NPE (robust asinh),k,0.7454073375466198,1.0970319386146845
n_obs=1000 seed=0 convention=gaussian,Gaussian-NPE (robust asinh),k,0.7540650436438223,1.0294321750256787
n_obs=1000 seed=0 convention=gaussian,Gaussian-NPE (robust asinh),k,0.7627227497410249,0.9662612539310782
n_obs=1000 seed=0 convention=gaussian,Gaussian-NPE (robust asinh),k,0.7713804558382275,0.9051840678443438
n_obs=1000 seed=0 convention=gaussian,Gaussian-NPE (robust asinh),k,0.78003816193543,0.8437577800687224
n_obs=1000 seed=0 convention=gaussian,Gaussian-NPE (robust asinh),k,0.7886958680326326,0.7804855585705649
n_obs=1000 seed=0 convention=gaussian,Gaussian-NPE (robust asinh),k,0.7973535741298351,0.7155921401821541
n_obs=1000 seed=0 convention=gaussian,Gaussian-NPE (robust asinh),k,0.8060112802270376,0.6511643515565834
n_obs=1000 seed=0 convention=gaussian,Gaussian-NPE (robust asinh),k,0.8146689863242401,0.5904717485030927
n_obs=1000 seed=0 convention=gaussian,Gaussian-NPE (robust asinh),k,0.8233266924214427,0.536678490266957
n_obs=1000 seed=0 convention=gaussian,Gaussian-NPE (robust asinh),k,0.8319843985186453,0.4914975715527555
n_obs=1000 seed=0 convention=gaussian,Gaussian-NPE (robust asinh),k,0.8406421046158478,0.4544685506746337
n_obs=1000 seed=0 convention=gaussian,Gaussian-NPE (robust asinh),k,0.8492998107130504,0.4233092693729441
n_obs=1000 seed=0 convention=gaussian,Gaussian-NPE (robust asinh),k,0.8579575168102529,0.3951394429874005
n_obs=1000 seed=0 convention=gaussian,Gaussian-NPE (robust asinh),k,0.8666152229074554,0.367752666822913
n_obs=1000 seed=0 convention=gaussian,Gaussian-NPE (robust asinh),k,0.875272929004658,0.3401815604588497
n_obs=1000 seed=0 convention=gaussian,Gaussian-NPE (robust asinh),k,0.8839306351018605,0.3124948327780668
n_obs=1000 seed=0 convention=gaussian,Gaussian-NPE (robust asinh),k,0.892588341199063,0.285303632896074
n_obs=1000 seed=0 convention=gaussian,Gaussian-NPE (robust asinh),k,0.9012460472962656,0.259380961979304
n_obs=1000 seed=0 convention=gaussian,Gaussian-NPE (robust asinh),k,0.9099037533934682,0.2354450230509539
n_obs=1000 seed=0 convention=gaussian,Gaussian-NPE (robust asinh),k,0.9185614594906708,0.2140044265270373
n_obs=1000 seed=0 convention=gaussian,Gaussian-NPE (robust asinh),k,0.9272191655878732,0.1952401011514522
n_obs=1000 seed=0 convention=gaussian,Gaussian-NPE (robust asinh),k,0.9358768716850758,0.1789675356082785
n_obs=1000 seed=0 convention=gaussian,Gaussian-NPE (robust asinh),k,0.9445345777822785,0.1646944205021072
n_obs=1000 seed=0 convention=gaussian,Gaussian-NPE (robust asinh),k,0.953192283879481,0.1517506580393883
n_obs=1000 seed=0 convention=gaussian,Gaussian-NPE (robust asinh),k,0.9618499899766836,0.1394639588813972
n_obs=1000 seed=0 convention=gaussian,Gaussian-NPE (robust asinh),k,0.970507696073886,0.1273405503046916
n_obs=1000 seed=0 convention=gaussian,Gaussian-NPE (robust asinh),k,0.9791654021710884,0.115190542633048
n_obs=1000 seed=0 convention=gaussian,Gaussian-NPE (robust asinh),k,0.9878231082682912,0.1031700447317238
n_obs=1000 seed=0 convention=gaussian,Gaussian-NPE (robust asinh),k,0.9964808143654936,0.0917653047488697
n_obs=1000 seed=0 convention=gaussian,Gaussian-NPE (robust asinh),k,1.005138520462696,0.0817127229486769
n_obs=1000 seed=0 convention=gaussian,Gaussian-NPE (robust asinh),k,1.0137962265598988,0.0737726939782078
n_obs=1000 seed=0 convention=gaussian,Gaussian-NPE (robust asinh),k,1.0224539326571014,0.0683453020375474
n_obs=1000 seed=0 convention=gaussian,Gaussian-NPE (robust asinh),k,1.0311116387543038,0.0651440976575835
n_obs=1000 seed=0 convention=gaussian,Gaussian-NPE (robust asinh),k,1.0397693448515064,0.0632389461160255
n_obs=1000 seed=0 convention=gaussian,Gaussian-NPE (robust asinh),k,1.048427050948709,0.0615296010873031
n_obs=1000 seed=0 convention=gaussian,Gaussian-NPE (robust asinh),k,1.0570847570459114,0.0593325453892042
n_obs=1000 seed=0 convention=gaussian,Gaussian-NPE (robust asinh),k,1.065742463143114,0.0566508743317733
n_obs=1000 seed=0 convention=gaussian,Gaussian-NPE (robust asinh),k,1.074400169240317,0.0539523468971405
n_obs=1000 seed=0 convention=gaussian,Gaussian-NPE (robust asinh),k,1.083057875337519,0.0516520565459983
n_obs=1000 seed=0 convention=gaussian,Gaussian-NPE (robust asinh),k,1.0917155814347217,0.0496930769043783
n_obs=1000 seed=0 convention=gaussian,Gaussian-NPE (robust asinh),k,1.1003732875319243,0.0475268209504526
n_obs=1000 seed=0 convention=gaussian,Gaussian-NPE (robust asinh),k,1.1090309936291267,0.0444844912907643
n_obs=1000 seed=0 convention=gaussian,Gaussian-NPE (robust asinh),k,1.1176886997263291,0.040227204204978
n_obs=1000 seed=0 convention=gaussian,Gaussian-NPE (robust asinh),k,1.126346405823532,0.0349265312608307
n_obs=1000 seed=0 convention=gaussian,Gaussian-NPE (robust asinh),k,1.1350041119207344,0.029096482989313
n_obs=1000 seed=0 convention=gaussian,Gaussian-NPE (robust asinh),k,1.1436618180179368,0.0232963196022757
n_obs=1000 seed=0 convention=gaussian,Gaussian-NPE (robust asinh),k,1.1523195241151396,0.0179578810845063
n_obs=1000 seed=0 convention=gaussian,Gaussian-NPE (robust asinh),k,1.160977230212342,0.0133848197537634
n_obs=1000 seed=0 convention=gaussian,Gaussian-NPE (robust asinh),k,1.1696349363095444,0.0097968335469914
n_obs=1000 seed=0 convention=gaussian,Gaussian-NPE (robust asinh),k,1.1782926424067472,0.007317218983933
n_obs=1000 seed=0 convention=gaussian,Gaussian-NPE (robust asinh),k,1.1869503485039496,0.0059251078601634
n_obs=1000 seed=0 convention=gaussian,Gaussian-NPE (robust asinh),k,1.195608054601152,0.005440008920487
n_obs=1000 seed=0 convention=gaussian,Gaussian-NPE (robust asinh),k,1.204265760698355,0.0055607694372733
n_obs=1000 seed=0 convention=gaussian,Gaussian-NPE (robust asinh),k,1.2129234667955573,0.0059437630882184
n_obs=1000 seed=0 convention=gaussian,Gaussian-NPE (robust asinh),k,1.2215811728927597,0.0063044028716868
n_obs=1000 seed=0 convention=gaussian,Gaussian-NPE (robust asinh),k,1.2302388789899623,0.0065069023922381
n_obs=1000 seed=0 convention=gaussian,Gaussian-NPE (robust asinh),k,1.238896585087165,0.006574177009767
n_obs=1000 seed=0 convention=gaussian,Gaussian-NPE (robust asinh),k,1.2475542911843671,0.0065850750312428
n_obs=1000 seed=0 convention=gaussian,Gaussian-NPE (robust asinh),k,1.2562119972815702,0.0065371739656171
n_obs=1000 seed=0 convention=gaussian,Gaussian-NPE (robust asinh),k,1.2648697033787726,0.0063125280640984
n_obs=1000 seed=0 convention=gaussian,Gaussian-NPE (robust asinh),k,1.273527409475975,0.0057903089251511
n_obs=1000 seed=0 convention=gaussian,Gaussian-NPE (robust asinh),k,1.2821851155731778,0.004990744441245
n_obs=1000 seed=0 convention=gaussian,Gaussian-NPE (robust asinh),k,1.2908428216703802,0.004094800972712
n_obs=1000 seed=0 convention=gaussian,Gaussian-NPE (robust asinh),k,1.2995005277675826,0.003314910122001
n_obs=1000 seed=0 convention=gaussian,Gaussian-NPE (robust asinh),k,1.3081582338647857,0.0027445301007878
n_obs=1000 seed=0 convention=gaussian,Gaussian-NPE (robust asinh),k,1.316815939961988,0.0023235683483407
n_obs=1000 seed=0 convention=gaussian,Gaussian-NPE (robust asinh),k,1.3254736460591905,0.001930229649393
n_obs=1000 seed=0 convention=gaussian,Gaussian-NPE (robust asinh),k,1.3341313521563931,0.0014954676414565
n_obs=1000 seed=0 convention=gaussian,Gaussian-NPE (robust asinh),k,1.3427890582535955,0.0010417635355876
n_obs=1000 seed=0 convention=gaussian,Gaussian-NPE (robust asinh),k,1.351446764350798,0.0006393359025559
n_obs=1000 seed=0 convention=gaussian,Gaussian-NPE (robust asinh),k,1.3601044704480008,0.0003422137172568
n_obs=1000 seed=0 convention=gaussian,Gaussian-NPE (robust asinh),k,1.3687621765452032,0.0001590177432302
n_obs=1000 seed=0 convention=gaussian,Gaussian-NPE (robust asinh),k,1.3774198826424056,6.401056201301639e-05
n_obs=1000 seed=0 convention=gaussian,Gaussian-NPE (robust asinh),k,1.3860775887396084,2.2299756403259297e-05
n_obs=1000 seed=0 convention=gaussian,Gaussian-NPE (robust asinh),k,1.3947352948368108,6.720540528294538e-06
n_obs=1000 seed=0 convention=gaussian,Gaussian-NPE (robust asinh),k,1.4033930009340132,1.7517850490055076e-06
n_obs=1000 seed=0 convention=gaussian,Gaussian-NPE (robust asinh),k,1.412050707031216,3.949460464233596e-07
n_obs=1000 seed=0 convention=gaussian,Gaussian-NPE (robust asinh),k,1.4207084131284184,7.738047231708861e-08
n_obs=1000 seed=0 convention=gaussian,Gaussian-NPE (robust asinh),k,1.4293661192256208,1.5998857262745664e-08
n_obs=1000 seed=0 convention=gaussian,Gaussian-NPE (robust asinh),k,1.4380238253228232,2.1905959341987343e-08
n_obs=1000 seed=0 convention=gaussian,Gaussian-NPE (robust asinh),k,1.446681531420026,1.1494866978413394e-07
n_obs=1000 seed=0 convention=gaussian,Gaussian-NPE (robust asinh),k,1.4553392375172285,5.685893188105757e-07
n_obs=1000 seed=0 convention=gaussian,Gaussian-NPE (robust asinh),k,1.463996943614431,2.4370178579176124e-06
n_obs=1000 seed=0 convention=gaussian,Gaussian-NPE (robust asinh),k,1.4726546497116335,9.033165642126115e-06
n_obs=1000 seed=0 convention=gaussian,Gaussian-NPE (robust asinh),k,1.481312355808836,2.8955021914082738e-05
n_obs=1000 seed=0 convention=gaussian,Gaussian-NPE (robust asinh),k,1.4899700619060383,8.026201795262158e-05
n_obs=1000 seed=0 convention=gaussian,Gaussian-NPE (robust asinh),k,1.4986277680032414,0.0001923970881679
n_obs=1000 seed=0 convention=gaussian,Gaussian-NPE (robust asinh),k,1.5072854741004438,0.0003988312308042
n_obs=1000 seed=0 convention=gaussian,Gaussian-NPE (robust asinh),k,1.5159431801976462,0.0007149605286943
n_obs=1000 seed=0 convention=gaussian,Gaussian-NPE (robust asinh),k,1.524600886294849,0.0011083507433577
n_obs=1000 seed=0 convention=gaussian,Gaussian-NPE (robust asinh),k,1.5332585923920514,0.0014858487772119
n_obs=1000 seed=0 convention=gaussian,Gaussian-NPE (robust asinh),k,1.5419162984892538,0.0017225595671254
n_obs=1000 seed=0 convention=gaussian,Gaussian-NPE (robust asinh),k,1.5505740045864569,0.0017269355519262
n_obs=1000 seed=0 convention=gaussian,Gaussian-NPE (robust asinh),k,1.559231710683659,0.0014972015052712
n_obs=1000 seed=0 convention=gaussian,Gaussian-NPE (robust asinh),k,1.5678894167808617,0.0011225007073714
n_obs=1000 seed=0 convention=gaussian,Gaussian-NPE (robust asinh),k,1.5765471228780643,0.0007277718197285
n_obs=1000 seed=0 convention=gaussian,Gaussian-NPE (robust asinh),k,1.5852048289752667,0.0004080431489032
n_obs=1000 seed=0 convention=gaussian,Gaussian-NPE (robust asinh),k,1.593862535072469,0.0001978423168151
n_obs=1000 seed=0 convention=gaussian,Gaussian-NPE (robust asinh),k,1.602520241169672,8.29534650008451e-05
n_obs=1000 seed=0 convention=gaussian,Gaussian-NPE (robust asinh),k,1.6111779472668744,3.0078219002132647e-05
n_obs=1000 seed=0 convention=gaussian,Gaussian-NPE (robust asinh),k,1.6198356533640768,9.431308400849722e-06
n_obs=1000 seed=0 convention=gaussian,Gaussian-NPE (robust asinh),k,1.6284933594612796,2.557372666700123e-06
n_obs=1000 seed=0 convention=gaussian,Gaussian-NPE (robust asinh),k,1.637151065558482,5.996783022348694e-07
n_obs=1000 seed=0 convention=gaussian,Gaussian-NPE (robust asinh),k,1.6458087716556844,1.2160316960774734e-07
n_obs=1000 seed=0 convention=gaussian,Gaussian-NPE (robust asinh),k,1.6544664777528872,2.1324246701090307e-08
n_obs=1000 seed=0 convention=gaussian,Gaussian-NPE (robust asinh),k,1.6631241838500896,3.2337373658901454e-09
n_obs=1000 seed=0 convention=gaussian,Gaussian-NPE (robust asinh),k,1.671781889947292,4.2407047349488735e-10
n_obs=1000 seed=0 convention=gaussian,Gaussian-NPE (robust asinh),k,1.6804395960444949,4.809208088117307e-11
n_obs=1000 seed=0 convention=gaussian,Gaussian-NPE (robust asinh),k,1.6890973021416973,4.716407768276819e-12
n_obs=1000 seed=0 convention=gaussian,Gaussian-NPE (robust asinh),k,1.6977550082388997,3.999920564870583e-13
n_obs=1000 seed=0 convention=gaussian,Gaussian-NPE (robust asinh),k,1.7064127143361023,2.9335509188602076e-14
n_obs=1000 seed=0 convention=gaussian,Gaussian-NPE (robust asinh),k,1.715070420433305,1.8605362604171452e-15
n_obs=1000 seed=0 convention=gaussian,Gaussian-NPE (robust asinh),k,1.723728126530507,1.0204339275144671e-16
n_obs=1000 seed=0 convention=gaussian,Gaussian-NPE (robust asinh),k,1.7323858326277102,4.839872092266604e-18
n_obs=1000 seed=0 convention=gaussian,Gaussian-NPE (robust asinh),k,1.7410435387249126,1.9851124925272928e-19
n_obs=1000 seed=0 convention=gaussian,Gaussian-NPE (robust asinh),k,1.749701244822115,7.041069061452582e-21
n_obs=1000 seed=0 convention=gaussian,Gaussian-NPE (robust asinh),k,1.7583589509193178,2.1597044800870753e-22
n_obs=1000 seed=0 convention=gaussian,Gaussian-NPE (robust asinh),k,1.7670166570165202,5.728650113127421e-24
n_obs=1000 seed=0 convention=gaussian,Gaussian-NPE (robust asinh),k,1.7756743631137226,1.3140518739205675e-25
n_obs=1000 seed=0 convention=gaussian,Gaussian-NPE (robust asinh),k,1.7843320692109257,2.6066034486082603e-27
n_obs=1000 seed=0 convention=gaussian,Gaussian-NPE (robust asinh),k,1.792989775308128,4.4713602803040686e-29
n_obs=1000 seed=0 convention=gaussian,Gaussian-NPE (robust asinh),k,1.8016474814053305,6.632948222847244e-31
n_obs=1000 seed=0 convention=gaussian,Gaussian-NPE (robust asinh),k,1.810305187502533,8.508946504411537e-33
n_obs=1000 seed=0 convention=gaussian,Gaussian-NPE (robust asinh),k,1.8189628935997355,9.439461572859383e-35
n_obs=1000 seed=0 convention=gaussian,Gaussian-NPE (robust asinh),k,1.827620599696938,9.055676422344135e-37
n_obs=1000 seed=0 convention=gaussian,Gaussian-NPE (robust asinh),k,1.8362783057941408,7.51271324530069e-39
n_obs=1000 seed=0 convention=gaussian,Gaussian-NPE (robust asinh),k,1.8449360118913432,5.389828822693266e-41
n_obs=1000 seed=0 convention=gaussian,Gaussian-NPE (robust asinh),k,1.8535937179885456,3.3439161288292087e-43
n_obs=1000 seed=0 convention=gaussian,Gaussian-NPE (robust asinh),k,1.8622514240857484,1.7940643776921572e-45
n_obs=1000 seed=0 convention=gaussian,Gaussian-NPE (robust asinh),k,1.8709091301829508,8.323824474493868e-48
n_obs=1000 seed=0 convention=gaussian,Gaussian-NPE (robust asinh),k,1.8795668362801532,3.339719925192339e-50
n_obs=1000 seed=0 convention=gaussian,Gaussian-NPE (robust asinh),k,1.888224542377356,1.1587758223538576e-52
n_obs=1000 seed=0 convention=gaussian,Gaussian-NPE (robust asinh),k,1.8968822484745584,3.476890762444542e-55
n_obs=1000 seed=0 convention=gaussian,Gaussian-NPE (robust asinh),k,1.9055399545717608,9.021627903028536e-58
n_obs=1000 seed=0 convention=gaussian,Gaussian-NPE (robust asinh),k,1.9141976606689632,2.0243286360088336e-60
n_obs=1000 seed=0 convention=gaussian,Gaussian-NPE (rejection-ABC),A,2.9042640016226344,0.05160245894468528
n_obs=1000 seed=0 convention=gaussian,Gaussian-NPE (rejection-ABC),A,2.90557219700227,0.05647053682616599
n_obs=1000 seed=0 convention=gaussian,Gaussian-NPE (rejection-ABC),A,2.906880392381905,0.06328037164811086
n_obs=1000 seed=0 convention=gaussian,Gaussian-NPE (rejection-ABC),A,2.9081885877615403,0.07248324410347005
n_obs=1000 seed=0 convention=gaussian,Gaussian-NPE (rejection-ABC),A,2.9094967831411758,0.08430341707148106
n_obs=1000 seed=0 convention=gaussian,Gaussian-NPE (rejection-ABC),A,2.9108049785208108,0.09871751409422895
n_obs=1000 seed=0 convention=gaussian,Gaussian-NPE (rejection-ABC),A,2.912113173900446,0.11549116711838234
n_obs=1000 seed=0 convention=gaussian,Gaussian-NPE (rejection-ABC),A,2.913421369280081,0.13425923830085393
n_obs=1000 seed=0 convention=gaussian,Gaussian-NPE (rejection-ABC),A,2.9147295646597167,0.1546260016866641
n_obs=1000 seed=0 convention=gaussian,Gaussian-NPE (rejection-ABC),A,2.916037760039352,0.1762596389341639
n_obs=1000 seed=0 convention=gaussian,Gaussian-NPE (rejection-ABC),A,2.917345955418987,0.19895992667874096
n_obs=1000 seed=0 convention=gaussian,Gaussian-NPE (rejection-ABC),A,2.9186541507986226,0.22268616552294868
n_obs=1000 seed=0 convention=gaussian,Gaussian-NPE (rejection-ABC),A,2.919962346178258,0.24754156887825077
n_obs=1000 seed=0 convention=gaussian,Gaussian-NPE (rejection-ABC),A,2.921270541557893,0.2737190244570175
n_obs=1000 seed=0 convention=gaussian,Gaussian-NPE (rejection-ABC),A,2.9225787369375285,0.3014207726475437
n_obs=1000 seed=0 convention=gaussian,Gaussian-NPE (rejection-ABC),A,2.9238869323171635,0.33077045749987305
n_obs=1000 seed=0 convention=gaussian,Gaussian-NPE (rejection-ABC),A,2.925195127696799,0.36173889535615306
n_obs=1000 seed=0 convention=gaussian,Gaussian-NPE (rejection-ABC),A,2.9265033230764343,0.3941032628891074
n_obs=1000 seed=0 convention=gaussian,Gaussian-NPE (rejection-ABC),A,2.9278115184560694,0.4274527210836198
n_obs=1000 seed=0 convention=gaussian,Gaussian-NPE (rejection-ABC),A,2.929119713835705,0.4612432444547739
n_obs=1000 seed=0 convention=gaussian,Gaussian-NPE (rejection-ABC),A,2.9304279092153402,0.49489386302636923
n_obs=1000 seed=0 convention=gaussian,Gaussian-NPE (rejection-ABC),A,2.9317361045949752,0.5279090820411814
n_obs=1000 seed=0 convention=gaussian,Gaussian-NPE (rejection-ABC),A,2.9330442999746107,0.5600095482358668
n_obs=1000 seed=0 convention=gaussian,Gaussian-NPE (rejection-ABC),A,2.934352495354246,0.5912539385756063
n_obs=1000 seed=0 convention=gaussian,Gaussian-NPE (rejection-ABC),A,2.935660690733881,0.6221365641744331
n_obs=1000 seed=0 convention=gaussian,Gaussian-NPE (rejection-ABC),A,2.9369688861135166,0.6536448085158906
n_obs=1000 seed=0 convention=gaussian,Gaussian-NPE (rejection-ABC),A,2.9382770814931516,0.6872584603343685
n_obs=1000 seed=0 convention=gaussian,Gaussian-NPE (rejection-ABC),A,2.939585276872787,0.7248726500548398
n_obs=1000 seed=0 convention=gaussian,Gaussian-NPE (rejection-ABC),A,2.9408934722524225,0.7686322436651791
n_obs=1000 seed=0 convention=gaussian,Gaussian-NPE (rejection-ABC),A,2.9422016676320575,0.8206812058960692
n_obs=1000 seed=0 convention=gaussian,Gaussian-NPE (rejection-ABC),A,2.943509863011693,0.8828540976492469
n_obs=1000 seed=0 convention=gaussian,Gaussian-NPE (rejection-ABC),A,2.9448180583913284,0.9563617787188716
n_obs=1000 seed=0 convention=gaussian,Gaussian-NPE (rejection-ABC),A,2.9461262537709634,1.041539642943146
n_obs=1000 seed=0 convention=gaussian,Gaussian-NPE (rejection-ABC),A,2.947434449150599,1.1377254096910157
n_obs=1000 seed=0 convention=gaussian,Gaussian-NPE (rejection-ABC),A,2.9487426445302343,1.2433111645507835
n_obs=1000 seed=0 convention=gaussian,Gaussian-NPE (rejection-ABC),A,2.9500508399098693,1.3559754634780647
n_obs=1000 seed=0 convention=gaussian,Gaussian-NPE (rejection-ABC),A,2.9513590352895047,1.4730573029207092
n_obs=1000 seed=0 convention=gaussian,Gaussian-NPE (rejection-ABC),A,2.9526672306691397,1.5919985318059278
n_obs=1000 seed=0 convention=gaussian,Gaussian-NPE (rejection-ABC),A,2.953975426048775,1.7107654924614342
n_obs=1000 seed=0 convention=gaussian,Gaussian-NPE (rejection-ABC),A,2.9552836214284106,1.8281676501923565
n_obs=1000 seed=0 convention=gaussian,Gaussian-NPE (rejection-ABC),A,2.9565918168080456,1.944016444094332
n_obs=1000 seed=0 convention=gaussian,Gaussian-NPE (rejection-ABC),A,2.957900012187681,2.0591029404557672
n_obs=1000 seed=0 convention=gaussian,Gaussian-NPE (rejection-ABC),A,2.9592082075673165,2.1750092852705305
n_obs=1000 seed=0 convention=gaussian,Gaussian-NPE (rejection-ABC),A,2.9605164029469515,2.2937998337835097
n_obs=1000 seed=0 convention=gaussian,Gaussian-NPE (rejection-ABC),A,2.961824598326587,2.417658597704895
n_obs=1000 seed=0 convention=gaussian,Gaussian-NPE (rejection-ABC),A,2.9631327937062224,2.54854653059316
n_obs=1000 seed=0 convention=gaussian,Gaussian-NPE (rejection-ABC),A,2.9644409890858574,2.687942347497325
n_obs=1000 seed=0 convention=gaussian,Gaussian-NPE (rejection-ABC),A,2.965749184465493,2.8367043522494955
n_obs=1000 seed=0 convention=gaussian,Gaussian-NPE (rejection-ABC),A,2.967057379845128,2.995054127948054
n_obs=1000 seed=0 convention=gaussian,Gaussian-NPE (rejection-ABC),A,2.9683655752247633,3.1626478224450185
n_obs=1000 seed=0 convention=gaussian,Gaussian-NPE (rejection-ABC),A,2.9696737706043987,3.338681183941213
n_obs=1000 seed=0 convention=gaussian,Gaussian-NPE (rejection-ABC),A,2.9709819659840337,3.521980150091544
n_obs=1000 seed=0 convention=gaussian,Gaussian-NPE (rejection-ABC),A,2.972290161363669,3.711058867853281
n_obs=1000 seed=0 convention=gaussian,Gaussian-NPE (rejection-ABC),A,2.9735983567433046,3.9041682184576456
n_obs=1000 seed=0 convention=gaussian,Gaussian-NPE (rejection-ABC),A,2.9749065521229396,4.099388611102853
n_obs=1000 seed=0 convention=gaussian,Gaussian-NPE (rejection-ABC),A,2.976214747502575,4.294820718581788
n_obs=1000 seed=0 convention=gaussian,Gaussian-NPE (rejection-ABC),A,2.97752294288221,4.4888894326046795
n_obs=1000 seed=0 convention=gaussian,Gaussian-NPE (rejection-ABC),A,2.9788311382618455,4.680712004081456
n_obs=1000 seed=0 convention=gaussian,Gaussian-NPE (rejection-ABC),A,2.980139333641481,4.870421020724626
n_obs=1000 seed=0 convention=gaussian,Gaussian-NPE (rejection-ABC),A,2.981447529021116,5.059310899667576
n_obs=1000 seed=0 convention=gaussian,Gaussian-NPE (rejection-ABC),A,2.9827557244007514,5.249713106201742
n_obs=1000 seed=0 convention=gaussian,Gaussian-NPE (rejection-ABC),A,2.984063919780387,5.444592414346052
n_obs=1000 seed=0 convention=gaussian,Gaussian-NPE (rejection-ABC),A,2.985372115160022,5.64695835747355
n_obs=1000 seed=0 convention=gaussian,Gaussian-NPE (rejection-ABC),A,2.9866803105396573,5.859255402216081
n_obs=1000 seed=0 convention=gaussian,Gaussian-NPE (rejection-ABC),A,2.9879885059192928,6.082898818303472
n_obs=1000 seed=0 convention=gaussian,Gaussian-NPE (rejection-ABC),A,2.9892967012989278,6.3180599244292885
n_obs=1000 seed=0 convention=gaussian,Gaussian-NPE (rejection-ABC),A,2.990604896678563,6.5637072616807215
n_obs=1000 seed=0 convention=gaussian,Gaussian-NPE (rejection-ABC),A,2.991913092058198,6.817827293309516
n_obs=1000 seed=0 convention=gaussian,Gaussian-NPE (rejection-ABC),A,2.9932212874378337,7.077715421662218
n_obs=1000 seed=0 convention=gaussian,Gaussian-NPE (rejection-ABC),A,2.994529482817469,7.340250381584169
n_obs=1000 seed=0 convention=gaussian,Gaussian-NPE (rejection-ABC),A,2.995837678197104,7.60211704004245
n_obs=1000 seed=0 convention=gaussian,Gaussian-NPE (rejection-ABC),A,2.9971458735767396,7.859987619518209
n_obs=1000 seed=0 convention=gaussian,Gaussian-NPE (rejection-ABC),A,2.998454068956375,8.110685245172451
n_obs=1000 seed=0 convention=gaussian,Gaussian-NPE (rejection-ABC),A,2.99976226433601,8.351337824678126
n_obs=1000 seed=0 convention=gaussian,Gaussian-NPE (rejection-ABC),A,3.0010704597156455,8.579506013574912
n_obs=1000 seed=0 convention=gaussian,Gaussian-NPE (rejection-ABC),A,3.0023786550952805,8.79326001198706
n_obs=1000 seed=0 convention=gaussian,Gaussian-NPE (rejection-ABC),A,3.003686850474916,8.991195315890176
n_obs=1000 seed=0 convention=gaussian,Gaussian-NPE (rejection-ABC),A,3.0049950458545513,9.172407534729151
n_obs=1000 seed=0 convention=gaussian,Gaussian-NPE (rejection-ABC),A,3.0063032412341864,9.3364710096058
n_obs=1000 seed=0 convention=gaussian,Gaussian-NPE (rejection-ABC),A,3.007611436613822,9.48346852132232
n_obs=1000 seed=0 convention=gaussian,Gaussian-NPE (rejection-ABC),A,3.0089196319934572,9.614094973254657
n_obs=1000 seed=0 convention=gaussian,Gaussian-NPE (rejection-ABC),A,3.0102278273730922,9.729813604331843
n_obs=1000 seed=0 convention=gaussian,Gaussian-NPE (rejection-ABC),A,3.0115360227527277,9.832993488962563
n_obs=1000 seed=0 convention=gaussian,Gaussian-NPE (rejection-ABC),A,3.012844218132363,9.926919977912883
n_obs=1000 seed=0 convention=gaussian,Gaussian-NPE (rejection-ABC),A,3.014152413511998,10.015565098077039
n_obs=1000 seed=0 convention=gaussian,Gaussian-NPE (rejection-ABC),A,3.0154606088916336,10.103049537487806
n_obs=1000 seed=0 convention=gaussian,Gaussian-NPE (rejection-ABC),A,3.0167688042712686,10.192825285773553
n_obs=1000 seed=0 convention=gaussian,Gaussian-NPE (rejection-ABC),A,3.018076999650904,10.286736982237802
n_obs=1000 seed=0 convention=gaussian,Gaussian-NPE (rejection-ABC),A,3.0193851950305395,10.384231783821896
n_obs=1000 seed=0 convention=gaussian,Gaussian-NPE (rejection-ABC),A,3.0206933904101745,10.48202125160789
n_obs=1000 seed=0 convention=gaussian,Gaussian-NPE (rejection-ABC),A,3.02200158578981,10.574412229905644
n_obs=1000 seed=0 convention=gaussian,Gaussian-NPE (rejection-ABC),A,3.0233097811694454,10.654323970535492
n_obs=1000 seed=0 convention=gaussian,Gaussian-NPE (rejection-ABC),A,3.0246179765490804,10.714761659969463
n_obs=1000 seed=0 convention=gaussian,Gaussian-NPE (rejection-ABC),A,3.025926171928716,10.750324427884077
n_obs=1000 seed=0 convention=gaussian,Gaussian-NPE (rejection-ABC),A,3.0272343673083513,10.75828100846477
n_obs=1000 seed=0 convention=gaussian,Gaussian-NPE (rejection-ABC),A,3.0285425626879863,10.738882468795595
n_obs=1000 seed=0 convention=gaussian,Gaussian-NPE (rejection-ABC),A,3.0298507580676217,10.694852087477667
n_obs=1000 seed=0 convention=gaussian,Gaussian-NPE (rejection-ABC),A,3.0311589534472567,10.63028724493958
n_obs=1000 seed=0 convention=gaussian,Gaussian-NPE (rejection-ABC),A,3.032467148826892,10.549403071409005
n_obs=1000 seed=0 convention=gaussian,Gaussian-NPE (rejection-ABC),A,3.0337753442065276,10.455562893576552
n_obs=1000 seed=0 convention=gaussian,Gaussian-NPE (rejection-ABC),A,3.0350835395861626,10.350877594983265
n_obs=1000 seed=0 convention=gaussian,Gaussian-NPE (rejection-ABC),A,3.036391734965798,10.236394619982024
n_obs=1000 seed=0 convention=gaussian,Gaussian-NPE (rejection-ABC),A,3.0376999303454335,10.112655955157251
n_obs=1000 seed=0 convention=gaussian,Gaussian-NPE (rejection-ABC),A,3.0390081257250685,9.980284371677124
n_obs=1000 seed=0 convention=gaussian,Gaussian-NPE (rejection-ABC),A,3.040316321104704,9.840298585786478
n_obs=1000 seed=0 convention=gaussian,Gaussian-NPE (rejection-ABC),A,3.0416245164843394,9.694026818085492
n_obs=1000 seed=0 convention=gaussian,Gaussian-NPE (rejection-ABC),A,3.0429327118639744,9.54269805800709
n_obs=1000 seed=0 convention=gaussian,Gaussian-NPE (rejection-ABC),A,3.04424090724361,9.386944889214258
n_obs=1000 seed=0 convention=gaussian,Gaussian-NPE (rejection-ABC),A,3.045549102623245,9.226487494170737
n_obs=1000 seed=0 convention=gaussian,Gaussian-NPE (rejection-ABC),A,3.0468572980028803,9.060178909727828
n_obs=1000 seed=0 convention=gaussian,Gaussian-NPE (rejection-ABC),A,3.0481654933825157,8.886424851407703
n_obs=1000 seed=0 convention=gaussian,Gaussian-NPE (rejection-ABC),A,3.0494736887621507,8.703825001607207
n_obs=1000 seed=0 convention=gaussian,Gaussian-NPE (rejection-ABC),A,3.050781884141786,8.511788193423822
n_obs=1000 seed=0 convention=gaussian,Gaussian-NPE (rejection-ABC),A,3.0520900795214216,8.310887223665524
n_obs=1000 seed=0 convention=gaussian,Gaussian-NPE (rejection-ABC),A,3.0533982749010566,8.10282770450142
n_obs=1000 seed=0 convention=gaussian,Gaussian-NPE (rejection-ABC),A,3.054706470280692,7.890057836257273
n_obs=1000 seed=0 convention=gaussian,Gaussian-NPE (rejection-ABC),A,3.056014665660327,7.67517641638186
n_obs=1000 seed=0 convention=gaussian,Gaussian-NPE (rejection-ABC),A,3.0573228610399625,7.460353702925482
n_obs=1000 seed=0 convention=gaussian,Gaussian-NPE (rejection-ABC),A,3.058631056419598,7.246948061981388
n_obs=1000 seed=0 convention=gaussian,Gaussian-NPE (rejection-ABC),A,3.059939251799233,7.035403903244927
n_obs=1000 seed=0 convention=gaussian,Gaussian-NPE (rejection-ABC),A,3.0612474471788684,6.825402311708189
n_obs=1000 seed=0 convention=gaussian,Gaussian-NPE (rejection-ABC),A,3.062555642558504,6.616155916513146
n_obs=1000 seed=0 convention=gaussian,Gaussian-NPE (rejection-ABC),A,3.063863837938139,6.406722937249945
n_obs=1000 seed=0 convention=gaussian,Gaussian-NPE (rejection-ABC),A,3.0651720333177743,6.196256832386265
n_obs=1000 seed=0 convention=gaussian,Gaussian-NPE (rejection-ABC),A,3.0664802286974098,5.984173427854254
n_obs=1000 seed=0 convention=gaussian,Gaussian-NPE (rejection-ABC),A,3.0677884240770448,5.770264426262859
n_obs=1000 seed=0 convention=gaussian,Gaussian-NPE (rejection-ABC),A,3.06909661945668,5.554789122747648
n_obs=1000 seed=0 convention=gaussian,Gaussian-NPE (rejection-ABC),A,3.070404814836315,5.3385408336162925
n_obs=1000 seed=0 convention=gaussian,Gaussian-NPE (rejection-ABC),A,3.0717130102159507,5.12284340934391
n_obs=1000 seed=0 convention=gaussian,Gaussian-NPE (rejection-ABC),A,3.073021205595586,4.90942313121874
n_obs=1000 seed=0 convention=gaussian,Gaussian-NPE (rejection-ABC),A,3.074329400975221,4.700138317110615
n_obs=1000 seed=0 convention=gaussian,Gaussian-NPE (rejection-ABC),A,3.0756375963548566,4.496616584297561
n_obs=1000 seed=0 convention=gaussian,Gaussian-NPE (rejection-ABC),A,3.076945791734492,4.299908746396476
n_obs=1000 seed=0 convention=gaussian,Gaussian-NPE (rejection-ABC),A,3.078253987114127,4.110281698298999
n_obs=1000 seed=0 convention=gaussian,Gaussian-NPE (rejection-ABC),A,3.0795621824937625,3.927228662547894
n_obs=1000 seed=0 convention=gaussian,Gaussian-NPE (rejection-ABC),A,3.0808703778733975,3.7496941935642263
n_obs=1000 seed=0 convention=gaussian,Gaussian-NPE (rejection-ABC),A,3.082178573253033,3.576432770213362
n_obs=1000 seed=0 convention=gaussian,Gaussian-NPE (rejection-ABC),A,3.0834867686326684,3.4063790930859024
n_obs=1000 seed=0 convention=gaussian,Gaussian-NPE (rejection-ABC),A,3.0847949640123034,3.238918727356342
n_obs=1000 seed=0 convention=gaussian,Gaussian-NPE (rejection-ABC),A,3.086103159391939,3.0739974224588296
n_obs=1000 seed=0 convention=gaussian,Gaussian-NPE (rejection-ABC),A,3.0874113547715742,2.9120692826906733
n_obs=1000 seed=0 convention=gaussian,Gaussian-NPE (rejection-ABC),A,3.0887195501512092,2.7539317299333455
n_obs=1000 seed=0 convention=gaussian,Gaussian-NPE (rejection-ABC),A,3.0900277455308447,2.6005148581551922
n_obs=1000 seed=0 convention=gaussian,Gaussian-NPE (rejection-ABC),A,3.09133594091048,2.4526851156557914
n_obs=1000 seed=0 convention=gaussian,Gaussian-NPE (rejection-ABC),A,3.092644136290115,2.311099262777081
n_obs=1000 seed=0 convention=gaussian,Gaussian-NPE (rejection-ABC),A,3.0939523316697506,2.1761181490665638
n_obs=1000 seed=0 convention=gaussian,Gaussian-NPE (rejection-ABC),A,3.0952605270493856,2.0477717755871936
n_obs=1000 seed=0 convention=gaussian,Gaussian-NPE (rejection-ABC),A,3.096568722429021,1.925761776451959
n_obs=1000 seed=0 convention=gaussian,Gaussian-NPE (rejection-ABC),A,3.0978769178086565,1.8094927517267003
n_obs=1000 seed=0 convention=gaussian,Gaussian-NPE (rejection-ABC),A,3.0991851131882915,1.6981332088219558
n_obs=1000 seed=0 convention=gaussian,Gaussian-NPE (rejection-ABC),A,3.100493308567927,1.590712548085612
n_obs=1000 seed=0 convention=gaussian,Gaussian-NPE (rejection-ABC),A,3.1018015039475624,1.4862573827837156
n_obs=1000 seed=0 convention=gaussian,Gaussian-NPE (rejection-ABC),A,3.1031096993271974,1.3839581874716296
n_obs=1000 seed=0 convention=gaussian,Gaussian-NPE (rejection-ABC),A,3.104417894706833,1.2833405401885072
n_obs=1000 seed=0 convention=gaussian,Gaussian-NPE (rejection-ABC),A,3.105726090086468,1.1844018215559025
n_obs=1000 seed=0 convention=gaussian,Gaussian-NPE (rejection-ABC),A,3.1070342854661033,1.087671628622432
n_obs=1000 seed=0 convention=gaussian,Gaussian-NPE (rejection-ABC),A,3.1083424808457387,0.9941662199590373
n_obs=1000 seed=0 convention=gaussian,Gaussian-NPE (rejection-ABC),A,3.1096506762253737,0.9052322692534547
n_obs=1000 seed=0 convention=gaussian,Gaussian-NPE (rejection-ABC),A,3.110958871605009,0.8223058036635688
n_obs=1000 seed=0 convention=gaussian,Gaussian-NPE (rejection-ABC),A,3.1122670669846446,0.7466381075736533
n_obs=1000 seed=0 convention=gaussian,Gaussian-NPE (rejection-ABC),A,3.1135752623642796,0.6790521531220985
n_obs=1000 seed=0 convention=gaussian,Gaussian-NPE (rejection-ABC),A,3.114883457743915,0.6197861588516722
n_obs=1000 seed=0 convention=gaussian,Gaussian-NPE (rejection-ABC),A,3.1161916531235505,0.568457393979018
n_obs=1000 seed=0 convention=gaussian,Gaussian-NPE (rejection-ABC),A,3.1174998485031855,0.5241474648763051
n_obs=1000 seed=0 convention=gaussian,Gaussian-NPE (rejection-ABC),A,3.118808043882821,0.4855806138519519
n_obs=1000 seed=0 convention=gaussian,Gaussian-NPE (rejection-ABC),A,3.1201162392624564,0.45134776148841116
n_obs=1000 seed=0 convention=gaussian,Gaussian-NPE (rejection-ABC),A,3.1214244346420914,0.42012498929090186
n_obs=1000 seed=0 convention=gaussian,Gaussian-NPE (rejection-ABC),A,3.122732630021727,0.39084431119559043
n_obs=1000 seed=0 convention=gaussian,Gaussian-NPE (rejection-ABC),A,3.124040825401362,0.3627916612581795
n_obs=1000 seed=0 convention=gaussian,Gaussian-NPE (rejection-ABC),A,3.1253490207809973,0.3356258889120008
n_obs=1000 seed=0 convention=gaussian,Gaussian-NPE (rejection-ABC),A,3.1266572161606327,0.3093285279541859
n_obs=1000 seed=0 convention=gaussian,Gaussian-NPE (rejection-ABC),A,3.1279654115402677,0.28410496444819383
n_obs=1000 seed=0 convention=gaussian,Gaussian-NPE (rejection-ABC),A,3.129273606919903,0.2602631743745056
n_obs=1000 seed=0 convention=gaussian,Gaussian-NPE (rejection-ABC),A,3.1305818022995386,0.23809709783499416
n_obs=1000 seed=0 convention=gaussian,Gaussian-NPE (rejection-ABC),A,3.1318899976791736,0.21779845152524943
n_obs=1000 seed=0 convention=gaussian,Gaussian-NPE (rejection-ABC),A,3.133198193058809,0.19941341699194076
n_obs=1000 seed=0 convention=gaussian,Gaussian-NPE (rejection-ABC),A,3.134506388438444,0.18284946757725068
n_obs=1000 seed=0 convention=gaussian,Gaussian-NPE (rejection-ABC),A,3.1358145838180795,0.16792418238232876
n_obs=1000 seed=0 convention=gaussian,Gaussian-NPE (rejection-ABC),A,3.137122779197715,0.1544356418542105
n_obs=1000 seed=0 convention=gaussian,Gaussian-NPE (rejection-ABC),A,3.13843097457735,0.14222740286516541
n_obs=1000 seed=0 convention=gaussian,Gaussian-NPE (rejection-ABC),A,3.1397391699569854,0.13122366171492295
n_obs=1000 seed=0 convention=gaussian,Gaussian-NPE (rejection-ABC),A,3.141047365336621,0.12142228243869073
n_obs=1000 seed=0 convention=gaussian,Gaussian-NPE (rejection-ABC),A,3.142355560716256,0.11285074680198003
n_obs=1000 seed=0 convention=gaussian,Gaussian-NPE (rejection-ABC),A,3.1436637560958913,0.10550549379609574
n_obs=1000 seed=0 convention=gaussian,Gaussian-NPE (rejection-ABC),A,3.1449719514755268,0.09930153134463902
n_obs=1000 seed=0 convention=gaussian,Gaussian-NPE (rejection-ABC),A,3.1462801468551618,0.09405358846121317
n_obs=1000 seed=0 convention=gaussian,Gaussian-NPE (rejection-ABC),A,3.147588342234797,0.08949526334703993
n_obs=1000 seed=0 convention=gaussian,Gaussian-NPE (rejection-ABC),A,3.1488965376144322,0.08532599213211836
n_obs=1000 seed=0 convention=gaussian,Gaussian-NPE (rejection-ABC),A,3.1502047329940677,0.08126523980296052
n_obs=1000 seed=0 convention=gaussian,Gaussian-NPE (rejection-ABC),A,3.151512928373703,0.0770935007744985
n_obs=1000 seed=0 convention=gaussian,Gaussian-NPE (rejection-ABC),A,3.152821123753338,0.07266912530367618
n_obs=1000 seed=0 convention=gaussian,Gaussian-NPE (rejection-ABC),A,3.1541293191329736,0.06792270280598856
n_obs=1000 seed=0 convention=gaussian,Gaussian-NPE (rejection-ABC),A,3.155437514512609,0.06283984878333486
n_obs=1000 seed=0 convention=gaussian,Gaussian-NPE (rejection-ABC),A,3.156745709892244,0.05744479866148754
n_obs=1000 seed=0 convention=gaussian,Gaussian-NPE (rejection-ABC),A,3.1580539052718795,0.05179195615221979
n_obs=1000 seed=0 convention=gaussian,Gaussian-NPE (rejection-ABC),A,3.1593621006515145,0.04596480093736256
n_obs=1000 seed=0 convention=gaussian,Gaussian-NPE (rejection-ABC),A,3.16067029603115,0.04007620358186923
n_obs=1000 seed=0 convention=gaussian,Gaussian-NPE (rejection-ABC),A,3.1619784914107854,0.03426377049214423
n_obs=1000 seed=0 convention=gaussian,Gaussian-NPE (rejection-ABC),A,3.1632866867904204,0.028677549245132668
n_obs=1000 seed=0 convention=gaussian,Gaussian-NPE (rejection-ABC),A,3.164594882170056,0.02346226710326422
n_obs=1000 seed=0 convention=gaussian,Gaussian-NPE (rejection-ABC),B,0.7072343811035156,0.0012307122298375126
n_obs=1000 seed=0 convention=gaussian,Gaussian-NPE (rejection-ABC),B,0.710262772616669,0.0015850255167418927
n_obs=1000 seed=0 convention=gaussian,Gaussian-NPE (rejection-ABC),B,0.7132911641298226,0.0019552105678956396
n_obs=1000 seed=0 convention=gaussian,Gaussian-NPE (rejection-ABC),B,0.7163195556429761,0.002313050906707
n_obs=1000 seed=0 convention=gaussian,Gaussian-NPE (rejection-ABC),B,0.7193479471561297,0.002629925484406853
n_obs=1000 seed=0 convention=gaussian,Gaussian-NPE (rejection-ABC),B,0.7223763386692832,0.002884159351786268
n_obs=1000 seed=0 convention=gaussian,Gaussian-NPE (rejection-ABC),B,0.7254047301824368,0.0030686716145090693
n_obs=1000 seed=0 convention=gaussian,Gaussian-NPE (rejection-ABC),B,0.7284331216955903,0.0031970324878038644
n_obs=1000 seed=0 convention=gaussian,Gaussian-NPE (rejection-ABC),B,0.7314615132087439,0.0033062995291762236
n_obs=1000 seed=0 convention=gaussian,Gaussian-NPE (rejection-ABC),B,0.7344899047218973,0.0034557939695221765
n_obs=1000 seed=0 convention=gaussian,Gaussian-NPE (rejection-ABC),B,0.7375182962350509,0.0037220011080746998
n_obs=1000 seed=0 convention=gaussian,Gaussian-NPE (rejection-ABC),B,0.7405466877482044,0.004190630851634879
n_obs=1000 seed=0 convention=gaussian,Gaussian-NPE (rejection-ABC),B,0.743575079261358,0.004947251083691653
n_obs=1000 seed=0 convention=gaussian,Gaussian-NPE (rejection-ABC),B,0.7466034707745115,0.00606776267806596
n_obs=1000 seed=0 convention=gaussian,Gaussian-NPE (rejection-ABC),B,0.7496318622876651,0.00760956201413628
n_obs=1000 seed=0 convention=gaussian,Gaussian-NPE (rejection-ABC),B,0.7526602538008186,0.009603927478794424
n_obs=1000 seed=0 convention=gaussian,Gaussian-NPE (rejection-ABC),B,0.7556886453139722,0.012050277500453576
n_obs=1000 seed=0 convention=gaussian,Gaussian-NPE (rejection-ABC),B,0.7587170368271257,0.014913484181628774
n_obs=1000 seed=0 convention=gaussian,Gaussian-NPE (rejection-ABC),B,0.7617454283402793,0.01812602467761646
n_obs=1000 seed=0 convention=gaussian,Gaussian-NPE (rejection-ABC),B,0.7647738198534327,0.021596825007721192
n_obs=1000 seed=0 convention=gaussian,Gaussian-NPE (rejection-ABC),B,0.7678022113665863,0.02522770087892454
n_obs=1000 seed=0 convention=gaussian,Gaussian-NPE (rejection-ABC),B,0.7708306028797398,0.028936252210739276
n_obs=1000 seed=0 convention=gaussian,Gaussian-NPE (rejection-ABC),B,0.7738589943928934,0.03268143426291339
n_obs=1000 seed=0 convention=gaussian,Gaussian-NPE (rejection-ABC),B,0.7768873859060469,0.03648578474142968
n_obs=1000 seed=0 convention=gaussian,Gaussian-NPE (rejection-ABC),B,0.7799157774192005,0.04044748822874073
n_obs=1000 seed=0 convention=gaussian,Gaussian-NPE (rejection-ABC),B,0.782944168932354,0.0447367694752509
n_obs=1000 seed=0 convention=gaussian,Gaussian-NPE (rejection-ABC),B,0.7859725604455075,0.049574474110485524
n_obs=1000 seed=0 convention=gaussian,Gaussian-NPE (rejection-ABC),B,0.789000951958661,0.055195339890273705
n_obs=1000 seed=0 convention=gaussian,Gaussian-NPE (rejection-ABC),B,0.7920293434718146,0.061803152197167865
n_obs=1000 seed=0 convention=gaussian,Gaussian-NPE (rejection-ABC),B,0.7950577349849681,0.06952842019243256
n_obs=1000 seed=0 convention=gaussian,Gaussian-NPE (rejection-ABC),B,0.7980861264981216,0.07840035308201034
n_obs=1000 seed=0 convention=gaussian,Gaussian-NPE (rejection-ABC),B,0.8011145180112752,0.0883431001649951
n_obs=1000 seed=0 convention=gaussian,Gaussian-NPE (rejection-ABC),B,0.8041429095244287,0.09920127507226638
n_obs=1000 seed=0 convention=gaussian,Gaussian-NPE (rejection-ABC),B,0.8071713010375823,0.11079223051237258
n_obs=1000 seed=0 convention=gaussian,Gaussian-NPE (rejection-ABC),B,0.8101996925507358,0.12297386405015961
n_obs=1000 seed=0 convention=gaussian,Gaussian-NPE (rejection-ABC),B,0.8132280840638894,0.13570944519317465
n_obs=1000 seed=0 convention=gaussian,Gaussian-NPE (rejection-ABC),B,0.8162564755770428,0.1491081499263785
n_obs=1000 seed=0 convention=gaussian,Gaussian-NPE (rejection-ABC),B,0.8192848670901964,0.1634241374756962
n_obs=1000 seed=0 convention=gaussian,Gaussian-NPE (rejection-ABC),B,0.8223132586033499,0.1790084521987126
n_obs=1000 seed=0 convention=gaussian,Gaussian-NPE (rejection-ABC),B,0.8253416501165035,0.19622404450646308
n_obs=1000 seed=0 convention=gaussian,Gaussian-NPE (rejection-ABC),B,0.828370041629657,0.21534933698518113
n_obs=1000 seed=0 convention=gaussian,Gaussian-NPE (rejection-ABC),B,0.8313984331428106,0.23650377095634756
n_obs=1000 seed=0 convention=gaussian,Gaussian-NPE (rejection-ABC),B,0.8344268246559641,0.2596253208281278
n_obs=1000 seed=0 convention=gaussian,Gaussian-NPE (rejection-ABC),B,0.8374552161691177,0.28451485781979163
n_obs=1000 seed=0 convention=gaussian,Gaussian-NPE (rejection-ABC),B,0.8404836076822711,0.31093996984500405
n_obs=1000 seed=0 convention=gaussian,Gaussian-NPE (rejection-ABC),B,0.8435119991954247,0.33876909479591316
n_obs=1000 seed=0 convention=gaussian,Gaussian-NPE (rejection-ABC),B,0.8465403907085782,0.3680935904456487
n_obs=1000 seed=0 convention=gaussian,Gaussian-NPE (rejection-ABC),B,0.8495687822217317,0.39929584695355985
n_obs=1000 seed=0 convention=gaussian,Gaussian-NPE (rejection-ABC),B,0.8525971737348853,0.43303614840180676
n_obs=1000 seed=0 convention=gaussian,Gaussian-NPE (rejection-ABC),B,0.8556255652480389,0.47015509968663743
n_obs=1000 seed=0 convention=gaussian,Gaussian-NPE (rejection-ABC),B,0.8586539567611924,0.5115140477039207
n_obs=1000 seed=0 convention=gaussian,Gaussian-NPE (rejection-ABC),B,0.8616823482743459,0.5578144659767516
n_obs=1000 seed=0 convention=gaussian,Gaussian-NPE (rejection-ABC),B,0.8647107397874995,0.6094426607931052
n_obs=1000 seed=0 convention=gaussian,Gaussian-NPE (rejection-ABC),B,0.867739131300653,0.6663770190949444
n_obs=1000 seed=0 convention=gaussian,Gaussian-NPE (rejection-ABC),B,0.8707675228138065,0.7281751617683938
n_obs=1000 seed=0 convention=gaussian,Gaussian-NPE (rejection-ABC),B,0.87379591432696,0.7940352487248141
n_obs=1000 seed=0 convention=gaussian,Gaussian-NPE (rejection-ABC),B,0.8768243058401136,0.8629074054597793
n_obs=1000 seed=0 convention=gaussian,Gaussian-NPE (rejection-ABC),B,0.8798526973532672,0.9336233342824934
n_obs=1000 seed=0 convention=gaussian,Gaussian-NPE (rejection-ABC),B,0.8828810888664207,1.0050156307138505
n_obs=1000 seed=0 convention=gaussian,Gaussian-NPE (rejection-ABC),B,0.8859094803795742,1.0760097764466927
n_obs=1000 seed=0 convention=gaussian,Gaussian-NPE (rejection-ABC),B,0.8889378718927278,1.1456855735501552
n_obs=1000 seed=0 convention=gaussian,Gaussian-NPE (rejection-ABC),B,0.8919662634058813,1.2133157318305334
n_obs=1000 seed=0 convention=gaussian,Gaussian-NPE (rejection-ABC),B,0.8949946549190348,1.2783945814880753
n_obs=1000 seed=0 convention=gaussian,Gaussian-NPE (rejection-ABC),B,0.8980230464321883,1.3406691678581588
n_obs=1000 seed=0 convention=gaussian,Gaussian-NPE (rejection-ABC),B,0.9010514379453419,1.400179471998969
n_obs=1000 seed=0 convention=gaussian,Gaussian-NPE (rejection-ABC),B,0.9040798294584954,1.457305693706578
n_obs=1000 seed=0 convention=gaussian,Gaussian-NPE (rejection-ABC),B,0.907108220971649,1.5128101192418624
n_obs=1000 seed=0 convention=gaussian,Gaussian-NPE (rejection-ABC),B,0.9101366124848025,1.5678517437458417
n_obs=1000 seed=0 convention=gaussian,Gaussian-NPE (rejection-ABC),B,0.9131650039979561,1.623947705393348
n_obs=1000 seed=0 convention=gaussian,Gaussian-NPE (rejection-ABC),B,0.9161933955111096,1.6828612951848172
n_obs=1000 seed=0 convention=gaussian,Gaussian-NPE (rejection-ABC),B,0.9192217870242632,1.7464139331932178
n_obs=1000 seed=0 convention=gaussian,Gaussian-NPE (rejection-ABC),B,0.9222501785374166,1.8162446537190324
n_obs=1000 seed=0 convention=gaussian,Gaussian-NPE (rejection-ABC),B,0.9252785700505701,1.893565832951167
n_obs=1000 seed=0 convention=gaussian,Gaussian-NPE (rejection-ABC),B,0.9283069615637237,1.978975918767903
n_obs=1000 seed=0 convention=gaussian,Gaussian-NPE (rejection-ABC),B,0.9313353530768773,2.07238015569511
n_obs=1000 seed=0 convention=gaussian,Gaussian-NPE (rejection-ABC),B,0.9343637445900308,2.1730394250102383
n_obs=1000 seed=0 convention=gaussian,Gaussian-NPE (rejection-ABC),B,0.9373921361031843,2.2797266425410565
n_obs=1000 seed=0 convention=gaussian,Gaussian-NPE (rejection-ABC),B,0.9404205276163379,2.3909368999007956
n_obs=1000 seed=0 convention=gaussian,Gaussian-NPE (rejection-ABC),B,0.9434489191294915,2.5050863096786964
n_obs=1000 seed=0 convention=gaussian,Gaussian-NPE (rejection-ABC),B,0.946477310642645,2.620649711681129
n_obs=1000 seed=0 convention=gaussian,Gaussian-NPE (rejection-ABC),B,0.9495057021557984,2.7362209361218834
n_obs=1000 seed=0 convention=gaussian,Gaussian-NPE (rejection-ABC),B,0.952534093668952,2.8505150065965674
n_obs=1000 seed=0 convention=gaussian,Gaussian-NPE (rejection-ABC),B,0.9555624851821056,2.9623535008977786
n_obs=1000 seed=0 convention=gaussian,Gaussian-NPE (rejection-ABC),B,0.9585908766952591,3.0706740142556006
n_obs=1000 seed=0 convention=gaussian,Gaussian-NPE (rejection-ABC),B,0.9616192682084126,3.1745847683251363
n_obs=1000 seed=0 convention=gaussian,Gaussian-NPE (rejection-ABC),B,0.9646476597215662,3.2734567007129787
n_obs=1000 seed=0 convention=gaussian,Gaussian-NPE (rejection-ABC),B,0.9676760512347198,3.3670212468495313
n_obs=1000 seed=0 convention=gaussian,Gaussian-NPE (rejection-ABC),B,0.9707044427478733,3.4554324926161066
n_obs=1000 seed=0 convention=gaussian,Gaussian-NPE (rejection-ABC),B,0.9737328342610267,3.5392603839583874
n_obs=1000 seed=0 convention=gaussian,Gaussian-NPE (rejection-ABC),B,0.9767612257741803,3.6194027488040725
n_obs=1000 seed=0 convention=gaussian,Gaussian-NPE (rejection-ABC),B,0.9797896172873338,3.6969286837892152
n_obs=1000 seed=0 convention=gaussian,Gaussian-NPE (rejection-ABC),B,0.9828180088004874,3.7728845585594675
n_obs=1000 seed=0 convention=gaussian,Gaussian-NPE (rejection-ABC),B,0.9858464003136409,3.84810056928836
n_obs=1000 seed=0 convention=gaussian,Gaussian-NPE (rejection-ABC),B,0.9888747918267944,3.9230308275234855
n_obs=1000 seed=0 convention=gaussian,Gaussian-NPE (rejection-ABC),B,0.991903183339948,3.9976491399573324
n_obs=1000 seed=0 convention=gaussian,Gaussian-NPE (rejection-ABC),B,0.9949315748531016,4.071412881073742
n_obs=1000 seed=0 convention=gaussian,Gaussian-NPE (rejection-ABC),B,0.9979599663662551,4.143301973524674
n_obs=1000 seed=0 convention=gaussian,Gaussian-NPE (rejection-ABC),B,1.0009883578794085,4.2119362744589
n_obs=1000 seed=0 convention=gaussian,Gaussian-NPE (rejection-ABC),B,1.0040167493925622,4.275766248379603
n_obs=1000 seed=0 convention=gaussian,Gaussian-NPE (rejection-ABC),B,1.0070451409057157,4.33331445298786
n_obs=1000 seed=0 convention=gaussian,Gaussian-NPE (rejection-ABC),B,1.0100735324188692,4.383422280712842
n_obs=1000 seed=0 convention=gaussian,Gaussian-NPE (rejection-ABC),B,1.0131019239320227,4.42543876391094
n_obs=1000 seed=0 convention=gaussian,Gaussian-NPE (rejection-ABC),B,1.0161303154451762,4.459289645025595
n_obs=1000 seed=0 convention=gaussian,Gaussian-NPE (rejection-ABC),B,1.0191587069583299,4.485392606542632
n_obs=1000 seed=0 convention=gaussian,Gaussian-NPE (rejection-ABC),B,1.0221870984714834,4.504433190266583
n_obs=1000 seed=0 convention=gaussian,Gaussian-NPE (rejection-ABC),B,1.0252154899846369,4.517067962815238
n_obs=1000 seed=0 convention=gaussian,Gaussian-NPE (rejection-ABC),B,1.0282438814977906,4.523654653824241
n_obs=1000 seed=0 convention=gaussian,Gaussian-NPE (rejection-ABC),B,1.031272273010944,4.524106917627235
n_obs=1000 seed=0 convention=gaussian,Gaussian-NPE (rejection-ABC),B,1.0343006645240975,4.517931576032259
n_obs=1000 seed=0 convention=gaussian,Gaussian-NPE (rejection-ABC),B,1.037329056037251,4.504441803448887
n_obs=1000 seed=0 convention=gaussian,Gaussian-NPE (rejection-ABC),B,1.0403574475504045,4.483074345526067
n_obs=1000 seed=0 convention=gaussian,Gaussian-NPE (rejection-ABC),B,1.0433858390635582,4.453697472783018
n_obs=1000 seed=0 convention=gaussian,Gaussian-NPE (rejection-ABC),B,1.0464142305767117,4.416795700409847
n_obs=1000 seed=0 convention=gaussian,Gaussian-NPE (rejection-ABC),B,1.0494426220898652,4.373459304654154
n_obs=1000 seed=0 convention=gaussian,Gaussian-NPE (rejection-ABC),B,1.0524710136030189,4.325177056066573
n_obs=1000 seed=0 convention=gaussian,Gaussian-NPE (rejection-ABC),B,1.0554994051161724,4.273503353188068
n_obs=1000 seed=0 convention=gaussian,Gaussian-NPE (rejection-ABC),B,1.0585277966293258,4.219717799149309
n_obs=1000 seed=0 convention=gaussian,Gaussian-NPE (rejection-ABC),B,1.0615561881424793,4.164597081763096
n_obs=1000 seed=0 convention=gaussian,Gaussian-NPE (rejection-ABC),B,1.0645845796556328,4.1083744385830645
n_obs=1000 seed=0 convention=gaussian,Gaussian-NPE (rejection-ABC),B,1.0676129711687863,4.050888893927323
n_obs=1000 seed=0 convention=gaussian,Gaussian-NPE (rejection-ABC),B,1.07064136268194,3.991854698720772
n_obs=1000 seed=0 convention=gaussian,Gaussian-NPE (rejection-ABC),B,1.0736697541950935,3.9311396946648713
n_obs=1000 seed=0 convention=gaussian,Gaussian-NPE (rejection-ABC),B,1.076698145708247,3.868944569369
n_obs=1000 seed=0 convention=gaussian,Gaussian-NPE (rejection-ABC),B,1.0797265372214007,3.8058184767936254
n_obs=1000 seed=0 convention=gaussian,Gaussian-NPE (rejection-ABC),B,1.0827549287345541,3.742509755598633
n_obs=1000 seed=0 convention=gaussian,Gaussian-NPE (rejection-ABC),B,1.0857833202477076,3.679707917494392
n_obs=1000 seed=0 convention=gaussian,Gaussian-NPE (rejection-ABC),B,1.0888117117608611,3.6177655922294703
n_obs=1000 seed=0 convention=gaussian,Gaussian-NPE (rejection-ABC),B,1.0918401032740146,3.5564904086523987
n_obs=1000 seed=0 convention=gaussian,Gaussian-NPE (rejection-ABC),B,1.0948684947871683,3.4950724093253664
n_obs=1000 seed=0 convention=gaussian,Gaussian-NPE (rejection-ABC),B,1.0978968863003218,3.4321740505689986
n_obs=1000 seed=0 convention=gaussian,Gaussian-NPE (rejection-ABC),B,1.1009252778134753,3.3661684593480845
n_obs=1000 seed=0 convention=gaussian,Gaussian-NPE (rejection-ABC),B,1.103953669326629,3.295475603116245
n_obs=1000 seed=0 convention=gaussian,Gaussian-NPE (rejection-ABC),B,1.1069820608397825,3.2189209553250984
n_obs=1000 seed=0 convention=gaussian,Gaussian-NPE (rejection-ABC),B,1.110010452352936,3.136031656379716
n_obs=1000 seed=0 convention=gaussian,Gaussian-NPE (rejection-ABC),B,1.1130388438660894,3.0471947075924617
n_obs=1000 seed=0 convention=gaussian,Gaussian-NPE (rejection-ABC),B,1.116067235379243,2.9536310907212795
n_obs=1000 seed=0 convention=gaussian,Gaussian-NPE (rejection-ABC),B,1.1190956268923966,2.857184129982009
n_obs=1000 seed=0 convention=gaussian,Gaussian-NPE (rejection-ABC),B,1.12212401840555,2.75996913005709
n_obs=1000 seed=0 convention=gaussian,Gaussian-NPE (rejection-ABC),B,1.1251524099187036,2.66397013465506
n_obs=1000 seed=0 convention=gaussian,Gaussian-NPE (rejection-ABC),B,1.1281808014318573,2.570685893393307
n_obs=1000 seed=0 convention=gaussian,Gaussian-NPE (rejection-ABC),B,1.1312091929450108,2.4809146113647254
n_obs=1000 seed=0 convention=gaussian,Gaussian-NPE (rejection-ABC),B,1.1342375844581642,2.394728621356325
n_obs=1000 seed=0 convention=gaussian,Gaussian-NPE (rejection-ABC),B,1.1372659759713177,2.311636758637807
n_obs=1000 seed=0 convention=gaussian,Gaussian-NPE (rejection-ABC),B,1.1402943674844712,2.230879455061318
n_obs=1000 seed=0 convention=gaussian,Gaussian-NPE (rejection-ABC),B,1.1433227589976247,2.1517646980993117
n_obs=1000 seed=0 convention=gaussian,Gaussian-NPE (rejection-ABC),B,1.1463511505107784,2.073942810597483
n_obs=1000 seed=0 convention=gaussian,Gaussian-NPE (rejection-ABC),B,1.1493795420239319,1.9975378979474514
n_obs=1000 seed=0 convention=gaussian,Gaussian-NPE (rejection-ABC),B,1.1524079335370854,1.923098639724805
n_obs=1000 seed=0 convention=gaussian,Gaussian-NPE (rejection-ABC),B,1.155436325050239,1.8513880006507772
n_obs=1000 seed=0 convention=gaussian,Gaussian-NPE (rejection-ABC),B,1.1584647165633926,1.783082863801188
n_obs=1000 seed=0 convention=gaussian,Gaussian-NPE (rejection-ABC),B,1.161493108076546,1.7184835541702115
n_obs=1000 seed=0 convention=gaussian,Gaussian-NPE (rejection-ABC),B,1.1645214995896995,1.657329399069052
n_obs=1000 seed=0 convention=gaussian,Gaussian-NPE (rejection-ABC),B,1.167549891102853,1.598780811354196
n_obs=1000 seed=0 convention=gaussian,Gaussian-NPE (rejection-ABC),B,1.1705782826160067,1.5415735875669307
n_obs=1000 seed=0 convention=gaussian,Gaussian-NPE (rejection-ABC),B,1.1736066741291602,1.4842969978506853
n_obs=1000 seed=0 convention=gaussian,Gaussian-NPE (rejection-ABC),B,1.1766350656423137,1.425712630437336
n_obs=1000 seed=0 convention=gaussian,Gaussian-NPE (rejection-ABC),B,1.1796634571554674,1.3650259765978074
n_obs=1000 seed=0 convention=gaussian,Gaussian-NPE (rejection-ABC),B,1.1826918486686209,1.3020454092610514
n_obs=1000 seed=0 convention=gaussian,Gaussian-NPE (rejection-ABC),B,1.1857202401817744,1.237201723150422
n_obs=1000 seed=0 convention=gaussian,Gaussian-NPE (rejection-ABC),B,1.1887486316949278,1.1714405446332594
n_obs=1000 seed=0 convention=gaussian,Gaussian-NPE (rejection-ABC),B,1.1917770232080813,1.1060277449482152
n_obs=1000 seed=0 convention=gaussian,Gaussian-NPE (rejection-ABC),B,1.194805414721235,1.0423195422031986
n_obs=1000 seed=0 convention=gaussian,Gaussian-NPE (rejection-ABC),B,1.1978338062343885,0.9815459210697177
n_obs=1000 seed=0 convention=gaussian,Gaussian-NPE (rejection-ABC),B,1.200862197747542,0.9246435955874637
n_obs=1000 seed=0 convention=gaussian,Gaussian-NPE (rejection-ABC),B,1.2038905892606957,0.8721585697811559
n_obs=1000 seed=0 convention=gaussian,Gaussian-NPE (rejection-ABC),B,1.2069189807738492,0.8242225084594894
n_obs=1000 seed=0 convention=gaussian,Gaussian-NPE (rejection-ABC),B,1.2099473722870027,0.7805940832224239
n_obs=1000 seed=0 convention=gaussian,Gaussian-NPE (rejection-ABC),B,1.2129757638001561,0.7407476229651355
n_obs=1000 seed=0 convention=gaussian,Gaussian-NPE (rejection-ABC),B,1.2160041553133096,0.7039874580370272
n_obs=1000 seed=0 convention=gaussian,Gaussian-NPE (rejection-ABC),B,1.2190325468264631,0.6695670639163119
n_obs=1000 seed=0 convention=gaussian,Gaussian-NPE (rejection-ABC),B,1.2220609383396168,0.6367961139480719
n_obs=1000 seed=0 convention=gaussian,Gaussian-NPE (rejection-ABC),B,1.2250893298527703,0.6051237140584339
n_obs=1000 seed=0 convention=gaussian,Gaussian-NPE (rejection-ABC),B,1.228117721365924,0.5741905504051733
n_obs=1000 seed=0 convention=gaussian,Gaussian-NPE (rejection-ABC),B,1.2311461128790775,0.5438458827912218
n_obs=1000 seed=0 convention=gaussian,Gaussian-NPE (rejection-ABC),B,1.234174504392231,0.5141282716133707
n_obs=1000 seed=0 convention=gaussian,Gaussian-NPE (rejection-ABC),B,1.2372028959053845,0.4852132742859408
n_obs=1000 seed=0 convention=gaussian,Gaussian-NPE (rejection-ABC),B,1.240231287418538,0.45733774864317817
n_obs=1000 seed=0 convention=gaussian,Gaussian-NPE (rejection-ABC),B,1.2432596789316914,0.4307173657401439
n_obs=1000 seed=0 convention=gaussian,Gaussian-NPE (rejection-ABC),B,1.2462880704448451,0.4054780929638296
n_obs=1000 seed=0 convention=gaussian,Gaussian-NPE (rejection-ABC),B,1.2493164619579986,0.38162033578444454
n_obs=1000 seed=0 convention=gaussian,Gaussian-NPE (rejection-ABC),B,1.252344853471152,0.35902503056474183
n_obs=1000 seed=0 convention=gaussian,Gaussian-NPE (rejection-ABC),B,1.2553732449843058,0.33749689881949285
n_obs=1000 seed=0 convention=gaussian,Gaussian-NPE (rejection-ABC),B,1.2584016364974593,0.31682696681896333
n_obs=1000 seed=0 convention=gaussian,Gaussian-NPE (rejection-ABC),B,1.2614300280106128,0.2968503326363326
n_obs=1000 seed=0 convention=gaussian,Gaussian-NPE (rejection-ABC),B,1.2644584195237663,0.2774791428002422
n_obs=1000 seed=0 convention=gaussian,Gaussian-NPE (rejection-ABC),B,1.2674868110369197,0.25870313118173843
n_obs=1000 seed=0 convention=gaussian,Gaussian-NPE (rejection-ABC),B,1.2705152025500732,0.2405649900339544
n_obs=1000 seed=0 convention=gaussian,Gaussian-NPE (rejection-ABC),B,1.273543594063227,0.22312812901403206
n_obs=1000 seed=0 convention=gaussian,Gaussian-NPE (rejection-ABC),B,1.2765719855763804,0.20645525440227547
n_obs=1000 seed=0 convention=gaussian,Gaussian-NPE (rejection-ABC),B,1.2796003770895341,0.19060767725209848
n_obs=1000 seed=0 convention=gaussian,Gaussian-NPE (rejection-ABC),B,1.2826287686026876,0.1756620279940948
n_obs=1000 seed=0 convention=gaussian,Gaussian-NPE (rejection-ABC),B,1.285657160115841,0.16173000202867333
n_obs=1000 seed=0 convention=gaussian,Gaussian-NPE (rejection-ABC),B,1.2886855516289946,0.14896347424171166
n_obs=1000 seed=0 convention=gaussian,Gaussian-NPE (rejection-ABC),B,1.291713943142148,0.1375334088354233
n_obs=1000 seed=0 convention=gaussian,Gaussian-NPE (rejection-ABC),B,1.2947423346553015,0.12758348295762492
n_obs=1000 seed=0 convention=gaussian,Gaussian-NPE (rejection-ABC),B,1.2977707261684552,0.11917230638113617
n_obs=1000 seed=0 convention=gaussian,Gaussian-NPE (rejection-ABC),B,1.3007991176816087,0.11222555848180783
n_obs=1000 seed=0 convention=gaussian,Gaussian-NPE (rejection-ABC),B,1.3038275091947624,0.10651793696851547
n_obs=1000 seed=0 convention=gaussian,Gaussian-NPE (rejection-ABC),B,1.306855900707916,0.10169515658355756
n_obs=1000 seed=0 convention=gaussian,Gaussian-NPE (rejection-ABC),B,1.3098842922210694,0.09733242865694773
n_obs=1000 seed=0 convention=gaussian,Gaussian-NPE (rejection-ABC),g,1.4322425732801412,7.063052108091208e-11
n_obs=1000 seed=0 convention=gaussian,Gaussian-NPE (rejection-ABC),g,1.4445836527955564,9.676257468830002e-10
n_obs=1000 seed=0 convention=gaussian,Gaussian-NPE (rejection-ABC),g,1.4569247323109717,1.071136488047318e-08
n_obs=1000 seed=0 convention=gaussian,Gaussian-NPE (rejection-ABC),g,1.4692658118263868,9.585298593946659e-08
n_obs=1000 seed=0 convention=gaussian,Gaussian-NPE (rejection-ABC),g,1.4816068913418021,6.937600496258091e-07
n_obs=1000 seed=0 convention=gaussian,Gaussian-NPE (rejection-ABC),g,1.4939479708572174,4.063411457671026e-06
n_obs=1000 seed=0 convention=gaussian,Gaussian-NPE (rejection-ABC),g,1.5062890503726325,1.9270662590285122e-05
n_obs=1000 seed=0 convention=gaussian,Gaussian-NPE (rejection-ABC),g,1.5186301298880478,7.404207184430032e-05
n_obs=1000 seed=0 convention=gaussian,Gaussian-NPE (rejection-ABC),g,1.530971209403463,0.00023061396434764382
n_obs=1000 seed=0 convention=gaussian,Gaussian-NPE (rejection-ABC),g,1.5433122889188784,0.0005825786696287883
n_obs=1000 seed=0 convention=gaussian,Gaussian-NPE (rejection-ABC),g,1.5556533684342937,0.0011942615182431106
n_obs=1000 seed=0 convention=gaussian,Gaussian-NPE (rejection-ABC),g,1.5679944479497088,0.0019874691843398654
n_obs=1000 seed=0 convention=gaussian,Gaussian-NPE (rejection-ABC),g,1.580335527465124,0.0026859281516632564
n_obs=1000 seed=0 convention=gaussian,Gaussian-NPE (rejection-ABC),g,1.5926766069805394,0.0029482983368277847
n_obs=1000 seed=0 convention=gaussian,Gaussian-NPE (rejection-ABC),g,1.6050176864959544,0.0026291122633874033
n_obs=1000 seed=0 convention=gaussian,Gaussian-NPE (rejection-ABC),g,1.6173587660113697,0.001906391217574826
n_obs=1000 seed=0 convention=gaussian,Gaussian-NPE (rejection-ABC),g,1.629699845526785,0.0011335193710386748
n_obs=1000 seed=0 convention=gaussian,Gaussian-NPE (rejection-ABC),g,1.6420409250422003,0.0005926802823755682
n_obs=1000 seed=0 convention=gaussian,Gaussian-NPE (rejection-ABC),g,1.6543820045576156,0.0004053060985938229
n_obs=1000 seed=0 convention=gaussian,Gaussian-NPE (rejection-ABC),g,1.6667230840730307,0.000622884014743576
n_obs=1000 seed=0 convention=gaussian,Gaussian-NPE (rejection-ABC),g,1.679064163588446,0.0013254605210427527
n_obs=1000 seed=0 convention=gaussian,Gaussian-NPE (rejection-ABC),g,1.6914052431038613,0.0025999434265796435
n_obs=1000 seed=0 convention=gaussian,Gaussian-NPE (rejection-ABC),g,1.7037463226192764,0.0044528788575519
n_obs=1000 seed=0 convention=gaussian,Gaussian-NPE (rejection-ABC),g,1.7160874021346917,0.006833478932698927
n_obs=1000 seed=0 convention=gaussian,Gaussian-NPE (rejection-ABC),g,1.728428481650107,0.00984269578111122
n_obs=1000 seed=0 convention=gaussian,Gaussian-NPE (rejection-ABC),g,1.7407695611655223,0.013925379748267628
n_obs=1000 seed=0 convention=gaussian,Gaussian-NPE (rejection-ABC),g,1.7531106406809376,0.01972004545231563
n_obs=1000 seed=0 convention=gaussian,Gaussian-NPE (rejection-ABC),g,1.7654517201963527,0.027533903536685642
n_obs=1000 seed=0 convention=gaussian,Gaussian-NPE (rejection-ABC),g,1.777792799711768,0.03687880879250351
n_obs=1000 seed=0 convention=gaussian,Gaussian-NPE (rejection-ABC),g,1.7901338792271833,0.04662426983887121
n_obs=1000 seed=0 convention=gaussian,Gaussian-NPE (rejection-ABC),g,1.8024749587425983,0.05584520347097842
n_obs=1000 seed=0 convention=gaussian,Gaussian-NPE (rejection-ABC),g,1.8148160382580136,0.06469789301530297
n_obs=1000 seed=0 convention=gaussian,Gaussian-NPE (rejection-ABC),g,1.827157117773429,0.07449444834501268
n_obs=1000 seed=0 convention=gaussian,Gaussian-NPE (rejection-ABC),g,1.8394981972888442,0.08699027766833844
n_obs=1000 seed=0 convention=gaussian,Gaussian-NPE (rejection-ABC),g,1.8518392768042595,0.10370964597388657
n_obs=1000 seed=0 convention=gaussian,Gaussian-NPE (rejection-ABC),g,1.8641803563196746,0.12569370396821003
n_obs=1000 seed=0 convention=gaussian,Gaussian-NPE (rejection-ABC),g,1.87652143583509,0.15324454324419204
n_obs=1000 seed=0 convention=gaussian,Gaussian-NPE (rejection-ABC),g,1.8888625153505052,0.18567269064572128
n_obs=1000 seed=0 convention=gaussian,Gaussian-NPE (rejection-ABC),g,1.9012035948659203,0.22189232120873204
n_obs=1000 seed=0 convention=gaussian,Gaussian-NPE (rejection-ABC),g,1.9135446743813356,0.26188084802207023
n_obs=1000 seed=0 convention=gaussian,Gaussian-NPE (rejection-ABC),g,1.9258857538967509,0.30732090475081836
n_obs=1000 seed=0 convention=gaussian,Gaussian-NPE (rejection-ABC),g,1.9382268334121662,0.3602506460614799
n_obs=1000 seed=0 convention=gaussian,Gaussian-NPE (rejection-ABC),g,1.9505679129275815,0.42122448564847814
n_obs=1000 seed=0 convention=gaussian,Gaussian-NPE (rejection-ABC),g,1.9629089924429965,0.48919726887510256
n_obs=1000 seed=0 convention=gaussian,Gaussian-NPE (rejection-ABC),g,1.9752500719584118,0.5626772621911413
n_obs=1000 seed=0 convention=gaussian,Gaussian-NPE (rejection-ABC),g,1.9875911514738271,0.6401728663822529
n_obs=1000 seed=0 convention=gaussian,Gaussian-NPE (rejection-ABC),g,1.9999322309892422,0.7202946356669245
n_obs=1000 seed=0 convention=gaussian,Gaussian-NPE (rejection-ABC),g,2.0122733105046575,0.8033038248231934
n_obs=1000 seed=0 convention=gaussian,Gaussian-NPE (rejection-ABC),g,2.024614390020073,0.8926288799589849
n_obs=1000 seed=0 convention=gaussian,Gaussian-NPE (rejection-ABC),g,2.036955469535488,0.9926564438570376
n_obs=1000 seed=0 convention=gaussian,Gaussian-NPE (rejection-ABC),g,2.0492965490509034,1.1038235302270203
n_obs=1000 seed=0 convention=gaussian,Gaussian-NPE (rejection-ABC),g,2.0616376285663183,1.2211134108102502
n_obs=1000 seed=0 convention=gaussian,Gaussian-NPE (rejection-ABC),g,2.073978708081734,1.3382330484019058
n_obs=1000 seed=0 convention=gaussian,Gaussian-NPE (rejection-ABC),g,2.086319787597149,1.4520387982570486
n_obs=1000 seed=0 convention=gaussian,Gaussian-NPE (rejection-ABC),g,2.098660867112564,1.5621179675650192
n_obs=1000 seed=0 convention=gaussian,Gaussian-NPE (rejection-ABC),g,2.1110019466279795,1.668100006143388
n_obs=1000 seed=0 convention=gaussian,Gaussian-NPE (rejection-ABC),g,2.1233430261433948,1.7699914114266515
n_obs=1000 seed=0 convention=gaussian,Gaussian-NPE (rejection-ABC),g,2.13568410565881,1.870184624847661
n_obs=1000 seed=0 convention=gaussian,Gaussian-NPE (rejection-ABC),g,2.1480251851742254,1.9711265549112744
n_obs=1000 seed=0 convention=gaussian,Gaussian-NPE (rejection-ABC),g,2.1603662646896407,2.0696123434406637
n_obs=1000 seed=0 convention=gaussian,Gaussian-NPE (rejection-ABC),g,2.1727073442050555,2.156775528540879
n_obs=1000 seed=0 convention=gaussian,Gaussian-NPE (rejection-ABC),g,2.1850484237204713,2.226237821961964
n_obs=1000 seed=0 convention=gaussian,Gaussian-NPE (rejection-ABC),g,2.197389503235886,2.279873138497479
n_obs=1000 seed=0 convention=gaussian,Gaussian-NPE (rejection-ABC),g,2.2097305827513014,2.3230710470005604
n_obs=1000 seed=0 convention=gaussian,Gaussian-NPE (rejection-ABC),g,2.2220716622667167,2.3566620119095734
n_obs=1000 seed=0 convention=gaussian,Gaussian-NPE (rejection-ABC),g,2.234412741782132,2.3767575111706885
n_obs=1000 seed=0 convention=gaussian,Gaussian-NPE (rejection-ABC),g,2.2467538212975473,2.3811676620431377
n_obs=1000 seed=0 convention=gaussian,Gaussian-NPE (rejection-ABC),g,2.259094900812962,2.3721071862999654
n_obs=1000 seed=0 convention=gaussian,Gaussian-NPE (rejection-ABC),g,2.271435980328378,2.351937671721827
n_obs=1000 seed=0 convention=gaussian,Gaussian-NPE (rejection-ABC),g,2.2837770598437928,2.3192326486323975
n_obs=1000 seed=0 convention=gaussian,Gaussian-NPE (rejection-ABC),g,2.296118139359208,2.2710164900279386
n_obs=1000 seed=0 convention=gaussian,Gaussian-NPE (rejection-ABC),g,2.3084592188746234,2.207712849392673
n_obs=1000 seed=0 convention=gaussian,Gaussian-NPE (rejection-ABC),g,2.3208002983900387,2.134582910879393
n_obs=1000 seed=0 convention=gaussian,Gaussian-NPE (rejection-ABC),g,2.333141377905454,2.0590119024142304
n_obs=1000 seed=0 convention=gaussian,Gaussian-NPE (rejection-ABC),g,2.3454824574208692,1.9865327987565844
n_obs=1000 seed=0 convention=gaussian,Gaussian-NPE (rejection-ABC),g,2.3578235369362845,1.917313401026452
n_obs=1000 seed=0 convention=gaussian,Gaussian-NPE (rejection-ABC),g,2.3701646164516994,1.845474773698205
n_obs=1000 seed=0 convention=gaussian,Gaussian-NPE (rejection-ABC),g,2.382505695967115,1.7639805760945835
n_obs=1000 seed=0 convention=gaussian,Gaussian-NPE (rejection-ABC),g,2.39484677548253,1.6713547283870642
n_obs=1000 seed=0 convention=gaussian,Gaussian-NPE (rejection-ABC),g,2.4071878549979453,1.5718519511549478
n_obs=1000 seed=0 convention=gaussian,Gaussian-NPE (rejection-ABC),g,2.4195289345133606,1.4688939594851642
n_obs=1000 seed=0 convention=gaussian,Gaussian-NPE (rejection-ABC),g,2.431870014028776,1.3612813986131593
n_obs=1000 seed=0 convention=gaussian,Gaussian-NPE (rejection-ABC),g,2.444211093544191,1.2472539815244463
n_obs=1000 seed=0 convention=gaussian,Gaussian-NPE (rejection-ABC),g,2.456552173059606,1.130330118454355
n_obs=1000 seed=0 convention=gaussian,Gaussian-NPE (rejection-ABC),g,2.468893252575022,1.0192089586602735
n_obs=1000 seed=0 convention=gaussian,Gaussian-NPE (rejection-ABC),g,2.4812343320904366,0.9219820104487809
n_obs=1000 seed=0 convention=gaussian,Gaussian-NPE (rejection-ABC),g,2.493575411605852,0.841043824289153
n_obs=1000 seed=0 convention=gaussian,Gaussian-NPE (rejection-ABC),g,2.5059164911212672,0.7731389916141764
n_obs=1000 seed=0 convention=gaussian,Gaussian-NPE (rejection-ABC),g,2.5182575706366825,0.7128977742277508
n_obs=1000 seed=0 convention=gaussian,Gaussian-NPE (rejection-ABC),g,2.530598650152098,0.6556889809057158
n_obs=1000 seed=0 convention=gaussian,Gaussian-NPE (rejection-ABC),g,2.542939729667513,0.5983751050044025
n_obs=1000 seed=0 convention=gaussian,Gaussian-NPE (rejection-ABC),g,2.5552808091829284,0.5393458332637349
n_obs=1000 seed=0 convention=gaussian,Gaussian-NPE (rejection-ABC),g,2.5676218886983433,0.4788020580950534
n_obs=1000 seed=0 convention=gaussian,Gaussian-NPE (rejection-ABC),g,2.579962968213759,0.4188777105340726
n_obs=1000 seed=0 convention=gaussian,Gaussian-NPE (rejection-ABC),g,2.592304047729174,0.36292915632019507
n_obs=1000 seed=0 convention=gaussian,Gaussian-NPE (rejection-ABC),g,2.604645127244589,0.31393246074217246
n_obs=1000 seed=0 convention=gaussian,Gaussian-NPE (rejection-ABC),g,2.6169862067600045,0.27287483093256243
n_obs=1000 seed=0 convention=gaussian,Gaussian-NPE (rejection-ABC),g,2.62932728627542,0.23847449446490032
n_obs=1000 seed=0 convention=gaussian,Gaussian-NPE (rejection-ABC),g,2.641668365790835,0.2084722288406364
n_obs=1000 seed=0 convention=gaussian,Gaussian-NPE (rejection-ABC),g,2.65400944530625,0.18115179101786766
n_obs=1000 seed=0 convention=gaussian,Gaussian-NPE (rejection-ABC),g,2.6663505248216657,0.15590771292680786
n_obs=1000 seed=0 convention=gaussian,Gaussian-NPE (rejection-ABC),g,2.6786916043370805,0.13305041296896533
n_obs=1000 seed=0 convention=gaussian,Gaussian-NPE (rejection-ABC),g,2.691032683852496,0.11332753477009858
n_obs=1000 seed=0 convention=gaussian,Gaussian-NPE (rejection-ABC),g,2.703373763367911,0.09717815577097781
n_obs=1000 seed=0 convention=gaussian,Gaussian-NPE (rejection-ABC),g,2.7157148428833264,0.0841021889791051
n_obs=1000 seed=0 convention=gaussian,Gaussian-NPE (rejection-ABC),g,2.7280559223987417,0.07288408472471114
n_obs=1000 seed=0 convention=gaussian,Gaussian-NPE (rejection-ABC),g,2.740397001914157,0.0625141600995136
n_obs=1000 seed=0 convention=gaussian,Gaussian-NPE (rejection-ABC),g,2.7527380814295723,0.05275210568561811
n_obs=1000 seed=0 convention=gaussian,Gaussian-NPE (rejection-ABC),g,2.765079160944987,0.04383509185182416
n_obs=1000 seed=0 convention=gaussian,Gaussian-NPE (rejection-ABC),g,2.777420240460403,0.03590917684729719
n_obs=1000 seed=0 convention=gaussian,Gaussian-NPE (rejection-ABC),g,2.7897613199758178,0.028853173026414426
n_obs=1000 seed=0 convention=gaussian,Gaussian-NPE (rejection-ABC),g,2.802102399491233,0.022507939173526573
n_obs=1000 seed=0 convention=gaussian,Gaussian-NPE (rejection-ABC),g,2.8144434790066484,0.016931636078913574
n_obs=1000 seed=0 convention=gaussian,Gaussian-NPE (rejection-ABC),g,2.8267845585220637,0.012401372801020615
n_obs=1000 seed=0 convention=gaussian,Gaussian-NPE (rejection-ABC),g,2.839125638037479,0.009161867301079454
n_obs=1000 seed=0 convention=gaussian,Gaussian-NPE (rejection-ABC),g,2.851466717552894,0.00714044934417912
n_obs=1000 seed=0 convention=gaussian,Gaussian-NPE (rejection-ABC),g,2.8638077970683096,0.0058886529856238224
n_obs=1000 seed=0 convention=gaussian,Gaussian-NPE (rejection-ABC),g,2.8761488765837244,0.00483715223008612
n_obs=1000 seed=0 convention=gaussian,Gaussian-NPE (rejection-ABC),g,2.8884899560991397,0.0036591163599208896
n_obs=1000 seed=0 convention=gaussian,Gaussian-NPE (rejection-ABC),g,2.900831035614555,0.0024093058612395493
n_obs=1000 seed=0 convention=gaussian,Gaussian-NPE (rejection-ABC),g,2.9131721151299703,0.001339513049715889
n_obs=1000 seed=0 convention=gaussian,Gaussian-NPE (rejection-ABC),g,2.9255131946453856,0.0006269319081128502
n_obs=1000 seed=0 convention=gaussian,Gaussian-NPE (rejection-ABC),g,2.937854274160801,0.00027684810283042023
n_obs=1000 seed=0 convention=gaussian,Gaussian-NPE (rejection-ABC),g,2.950195353676216,0.00020800540934236362
n_obs=1000 seed=0 convention=gaussian,Gaussian-NPE (rejection-ABC),g,2.962536433191631,0.00035644944672998666
n_obs=1000 seed=0 convention=gaussian,Gaussian-NPE (rejection-ABC),g,2.974877512707047,0.0006815567138562974
n_obs=1000 seed=0 convention=gaussian,Gaussian-NPE (rejection-ABC),g,2.9872185922224617,0.0010946670057085804
n_obs=1000 seed=0 convention=gaussian,Gaussian-NPE (rejection-ABC),g,2.999559671737877,0.0014225640521468206
n_obs=1000 seed=0 convention=gaussian,Gaussian-NPE (rejection-ABC),g,3.0119007512532923,0.0014899107887076121
n_obs=1000 seed=0 convention=gaussian,Gaussian-NPE (rejection-ABC),g,3.0242418307687076,0.0012571034123976556
n_obs=1000 seed=0 convention=gaussian,Gaussian-NPE (rejection-ABC),g,3.036582910284123,0.0008544483609795063
n_obs=1000 seed=0 convention=gaussian,Gaussian-NPE (rejection-ABC),g,3.0489239897995377,0.0004678458897580224
n_obs=1000 seed=0 convention=gaussian,Gaussian-NPE (rejection-ABC),g,3.0612650693149535,0.00020635823259957956
n_obs=1000 seed=0 convention=gaussian,Gaussian-NPE (rejection-ABC),g,3.0736061488303683,7.3323425182678e-05
n_obs=1000 seed=0 convention=gaussian,Gaussian-NPE (rejection-ABC),g,3.0859472283457836,2.0987738756042235e-05
n_obs=1000 seed=0 convention=gaussian,Gaussian-NPE (rejection-ABC),g,3.098288307861199,4.839388812142784e-06
n_obs=1000 seed=0 convention=gaussian,Gaussian-NPE (rejection-ABC),g,3.110629387376614,8.989123421938077e-07
n_obs=1000 seed=0 convention=gaussian,Gaussian-NPE (rejection-ABC),g,3.1229704668920295,1.3450738560638509e-07
n_obs=1000 seed=0 convention=gaussian,Gaussian-NPE (rejection-ABC),g,3.135311546407445,1.6213503900694744e-08
n_obs=1000 seed=0 convention=gaussian,Gaussian-NPE (rejection-ABC),g,3.14765262592286,1.574380094290058e-09
n_obs=1000 seed=0 convention=gaussian,Gaussian-NPE (rejection-ABC),g,3.159993705438275,1.23152791567009e-10
n_obs=1000 seed=0 convention=gaussian,Gaussian-NPE (rejection-ABC),g,3.1723347849536907,7.760342552138614e-12
n_obs=1000 seed=0 convention=gaussian,Gaussian-NPE (rejection-ABC),g,3.1846758644691056,3.939303883816993e-13
n_obs=1000 seed=0 convention=gaussian,Gaussian-NPE (rejection-ABC),g,3.197016943984521,1.6108683076277858e-14
n_obs=1000 seed=0 convention=gaussian,Gaussian-NPE (rejection-ABC),g,3.209358023499936,5.306431362365394e-16
n_obs=1000 seed=0 convention=gaussian,Gaussian-NPE (rejection-ABC),g,3.2216991030153515,1.4081438597245004e-17
n_obs=1000 seed=0 convention=gaussian,Gaussian-NPE (rejection-ABC),g,3.2340401825307667,3.0101868987862517e-19
n_obs=1000 seed=0 convention=gaussian,Gaussian-NPE (rejection-ABC),g,3.2463812620461816,5.1837238503294876e-21
n_obs=1000 seed=0 convention=gaussian,Gaussian-NPE (rejection-ABC),g,3.2587223415615973,7.191048447313621e-23
n_obs=1000 seed=0 convention=gaussian,Gaussian-NPE (rejection-ABC),g,3.271063421077012,8.036085201201342e-25
n_obs=1000 seed=0 convention=gaussian,Gaussian-NPE (rejection-ABC),g,3.2834045005924275,7.234338259311249e-27
n_obs=1000 seed=0 convention=gaussian,Gaussian-NPE (rejection-ABC),g,3.295745580107843,5.246323311093511e-29
n_obs=1000 seed=0 convention=gaussian,Gaussian-NPE (rejection-ABC),g,3.308086659623258,3.0648784211802605e-31
n_obs=1000 seed=0 convention=gaussian,Gaussian-NPE (rejection-ABC),g,3.3204277391386734,1.4423591457619492e-33
n_obs=1000 seed=0 convention=gaussian,Gaussian-NPE (rejection-ABC),g,3.3327688186540887,5.468088497627572e-36
n_obs=1000 seed=0 convention=gaussian,Gaussian-NPE (rejection-ABC),g,3.345109898169504,1.6699351941348896e-38
n_obs=1000 seed=0 convention=gaussian,Gaussian-NPE (rejection-ABC),g,3.357450977684919,4.108333220870414e-41
n_obs=1000 seed=0 convention=gaussian,Gaussian-NPE (rejection-ABC),g,3.3697920572003346,8.142048140950749e-44
n_obs=1000 seed=0 convention=gaussian,Gaussian-NPE (rejection-ABC),g,3.3821331367157494,1.2998811059366568e-46
n_obs=1000 seed=0 convention=gaussian,Gaussian-NPE (rejection-ABC),g,3.3944742162311647,1.671766265646222e-49
n_obs=1000 seed=0 convention=gaussian,Gaussian-NPE (rejection-ABC),g,3.40681529574658,1.7320062083797208e-52
n_obs=1000 seed=0 convention=gaussian,Gaussian-NPE (rejection-ABC),g,3.4191563752619953,1.4455239520401026e-55
n_obs=1000 seed=0 convention=gaussian,Gaussian-NPE (rejection-ABC),g,3.4314974547774106,9.718586420371321e-59
n_obs=1000 seed=0 convention=gaussian,Gaussian-NPE (rejection-ABC),g,3.443838534292826,5.2635999042945265e-62
n_obs=1000 seed=0 convention=gaussian,Gaussian-NPE (rejection-ABC),g,3.4561796138082412,2.2964902221545622e-65
n_obs=1000 seed=0 convention=gaussian,Gaussian-NPE (rejection-ABC),g,3.468520693323656,8.071389244546385e-69
n_obs=1000 seed=0 convention=gaussian,Gaussian-NPE (rejection-ABC),g,3.4808617728390714,2.285251189656264e-72
n_obs=1000 seed=0 convention=gaussian,Gaussian-NPE (rejection-ABC),g,3.4932028523544867,5.2122058155014285e-76
n_obs=1000 seed=0 convention=gaussian,Gaussian-NPE (rejection-ABC),g,3.505543931869902,9.576595194271085e-80
n_obs=1000 seed=0 convention=gaussian,Gaussian-NPE (rejection-ABC),g,3.5178850113853173,1.4174334075347252e-83
n_obs=1000 seed=0 convention=gaussian,Gaussian-NPE (rejection-ABC),g,3.5302260909007326,1.690036793529591e-87
n_obs=1000 seed=0 convention=gaussian,Gaussian-NPE (rejection-ABC),g,3.542567170416148,1.6232731893512103e-91
n_obs=1000 seed=0 convention=gaussian,Gaussian-NPE (rejection-ABC),g,3.5549082499315627,1.2559982450973116e-95
n_obs=1000 seed=0 convention=gaussian,Gaussian-NPE (rejection-ABC),g,3.567249329446978,7.82867763500665e-100
n_obs=1000 seed=0 convention=gaussian,Gaussian-NPE (rejection-ABC),g,3.5795904089623933,3.930879662571866e-104
n_obs=1000 seed=0 convention=gaussian,Gaussian-NPE (rejection-ABC),g,3.5919314884778086,1.5899850767659602e-108
n_obs=1000 seed=0 convention=gaussian,Gaussian-NPE (rejection-ABC),g,3.604272567993224,5.1808176701001934e-113
n_obs=1000 seed=0 convention=gaussian,Gaussian-NPE (rejection-ABC),g,3.6166136475086392,1.3598954769337324e-117
n_obs=1000 seed=0 convention=gaussian,Gaussian-NPE (rejection-ABC),g,3.6289547270240545,2.8755088667986013e-122
n_obs=1000 seed=0 convention=gaussian,Gaussian-NPE (rejection-ABC),g,3.64129580653947,4.8980797698191475e-127
n_obs=1000 seed=0 convention=gaussian,Gaussian-NPE (rejection-ABC),g,3.653636886054885,6.721078335089573e-132
n_obs=1000 seed=0 convention=gaussian,Gaussian-NPE (rejection-ABC),g,3.6659779655703,7.4294047900900045e-137
n_obs=1000 seed=0 convention=gaussian,Gaussian-NPE (rejection-ABC),g,3.6783190450857153,6.615627541892293e-142
n_obs=1000 seed=0 convention=gaussian,Gaussian-NPE (rejection-ABC),g,3.6906601246011306,4.7455880144530885e-147
n_obs=1000 seed=0 convention=gaussian,Gaussian-NPE (rejection-ABC),g,3.703001204116546,2.742274840907386e-152
n_obs=1000 seed=0 convention=gaussian,Gaussian-NPE (rejection-ABC),g,3.715342283631961,1.2765384096858643e-157
n_obs=1000 seed=0 convention=gaussian,Gaussian-NPE (rejection-ABC),g,3.7276833631473765,4.786948500008975e-163
n_obs=1000 seed=0 convention=gaussian,Gaussian-NPE (rejection-ABC),g,3.7400244426627918,1.446057573647466e-168
n_obs=1000 seed=0 convention=gaussian,Gaussian-NPE (rejection-ABC),g,3.7523655221782066,3.518960358065392e-174
n_obs=1000 seed=0 convention=gaussian,Gaussian-NPE (rejection-ABC),g,3.764706601693622,6.898348411554206e-180
n_obs=1000 seed=0 convention=gaussian,Gaussian-NPE (rejection-ABC),g,3.7770476812090372,1.0893760849047187e-185
n_obs=1000 seed=0 convention=gaussian,Gaussian-NPE (rejection-ABC),g,3.7893887607244525,1.3858381399295881e-191
n_obs=1000 seed=0 convention=gaussian,Gaussian-NPE (rejection-ABC),g,3.801729840239868,1.4201988046986548e-197
n_obs=1000 seed=0 convention=gaussian,Gaussian-NPE (rejection-ABC),g,3.814070919755283,1.1724321984475076e-203
n_obs=1000 seed=0 convention=gaussian,Gaussian-NPE (rejection-ABC),g,3.8264119992706984,7.79701360295549e-210
n_obs=1000 seed=0 convention=gaussian,Gaussian-NPE (rejection-ABC),g,3.8387530787861137,4.17706090514581e-216
n_obs=1000 seed=0 convention=gaussian,Gaussian-NPE (rejection-ABC),g,3.851094158301529,1.8026660693652565e-222
n_obs=1000 seed=0 convention=gaussian,Gaussian-NPE (rejection-ABC),g,3.863435237816944,6.267029251015302e-229
n_obs=1000 seed=0 convention=gaussian,Gaussian-NPE (rejection-ABC),g,3.875776317332359,1.7551333560805468e-235
n_obs=1000 seed=0 convention=gaussian,Gaussian-NPE (rejection-ABC),g,3.8881173968477745,3.959683547510163e-242
n_obs=1000 seed=0 convention=gaussian,Gaussian-NPE (rejection-ABC),k,0.1913141473256568,7.079253104009541e-06
n_obs=1000 seed=0 convention=gaussian,Gaussian-NPE (rejection-ABC),k,0.19997185342285934,3.925976893467107e-05
n_obs=1000 seed=0 convention=gaussian,Gaussian-NPE (rejection-ABC),k,0.2086295595200619,0.00016215290345626408
n_obs=1000 seed=0 convention=gaussian,Gaussian-NPE (rejection-ABC),k,0.21728726561726444,0.0004990675270667135
n_obs=1000 seed=0 convention=gaussian,Gaussian-NPE (rejection-ABC),k,0.22594497171446698,0.001146833949479418
n_obs=1000 seed=0 convention=gaussian,Gaussian-NPE (rejection-ABC),k,0.23460267781166952,0.0019814723511692124
n_obs=1000 seed=0 convention=gaussian,Gaussian-NPE (rejection-ABC),k,0.24326038390887206,0.0026396309064164432
n_obs=1000 seed=0 convention=gaussian,Gaussian-NPE (rejection-ABC),k,0.2519180900060746,0.002950513426818609
n_obs=1000 seed=0 convention=gaussian,Gaussian-NPE (rejection-ABC),k,0.2605757961032772,0.003409872182421135
n_obs=1000 seed=0 convention=gaussian,Gaussian-NPE (rejection-ABC),k,0.2692335022004797,0.005010838784786949
n_obs=1000 seed=0 convention=gaussian,Gaussian-NPE (rejection-ABC),k,0.27789120829768227,0.00864850405746038
n_obs=1000 seed=0 convention=gaussian,Gaussian-NPE (rejection-ABC),k,0.28654891439488483,0.014946160008175662
n_obs=1000 seed=0 convention=gaussian,Gaussian-NPE (rejection-ABC),k,0.29520662049208735,0.024722912762455543
n_obs=1000 seed=0 convention=gaussian,Gaussian-NPE (rejection-ABC),k,0.30386432658928986,0.03952807995078064
n_obs=1000 seed=0 convention=gaussian,Gaussian-NPE (rejection-ABC),k,0.3125220326864924,0.06151137809507667
n_obs=1000 seed=0 convention=gaussian,Gaussian-NPE (rejection-ABC),k,0.321179738783695,0.09263286841614106
n_obs=1000 seed=0 convention=gaussian,Gaussian-NPE (rejection-ABC),k,0.3298374448808975,0.134403720177186
n_obs=1000 seed=0 convention=gaussian,Gaussian-NPE (rejection-ABC),k,0.33849515097810007,0.18851822474190688
n_obs=1000 seed=0 convention=gaussian,Gaussian-NPE (rejection-ABC),k,0.34715285707530263,0.2569357441463009
n_obs=1000 seed=0 convention=gaussian,Gaussian-NPE (rejection-ABC),k,0.35581056317250515,0.34193485221245523
n_obs=1000 seed=0 convention=gaussian,Gaussian-NPE (rejection-ABC),k,0.3644682692697077,0.4480863030841332
n_obs=1000 seed=0 convention=gaussian,Gaussian-NPE (rejection-ABC),k,0.3731259753669103,0.5830529106783753
n_obs=1000 seed=0 convention=gaussian,Gaussian-NPE (rejection-ABC),k,0.3817836814641128,0.7523644999558455
n_obs=1000 seed=0 convention=gaussian,Gaussian-NPE (rejection-ABC),k,0.39044138756131536,0.9517891753095554
n_obs=1000 seed=0 convention=gaussian,Gaussian-NPE (rejection-ABC),k,0.3990990936585179,1.1675082211723868
n_obs=1000 seed=0 convention=gaussian,Gaussian-NPE (rejection-ABC),k,0.40775679975572043,1.3876897795527439
n_obs=1000 seed=0 convention=gaussian,Gaussian-NPE (rejection-ABC),k,0.41641450585292294,1.6141305783729243
n_obs=1000 seed=0 convention=gaussian,Gaussian-NPE (rejection-ABC),k,0.42507221195012557,1.858437315304602
n_obs=1000 seed=0 convention=gaussian,Gaussian-NPE (rejection-ABC),k,0.4337299180473281,2.125716950218528
n_obs=1000 seed=0 convention=gaussian,Gaussian-NPE (rejection-ABC),k,0.4423876241445306,2.405951278871384
n_obs=1000 seed=0 convention=gaussian,Gaussian-NPE (rejection-ABC),k,0.4510453302417332,2.6806112775702395
n_obs=1000 seed=0 convention=gaussian,Gaussian-NPE (rejection-ABC),k,0.4597030363389357,2.932682871545353
n_obs=1000 seed=0 convention=gaussian,Gaussian-NPE (rejection-ABC),k,0.46836074243613823,3.153060963747103
n_obs=1000 seed=0 convention=gaussian,Gaussian-NPE (rejection-ABC),k,0.47701844853334086,3.345097198247434
n_obs=1000 seed=0 convention=gaussian,Gaussian-NPE (rejection-ABC),k,0.48567615463054337,3.522869117987364
n_obs=1000 seed=0 convention=gaussian,Gaussian-NPE (rejection-ABC),k,0.4943338607277459,3.697732541066344
n_obs=1000 seed=0 convention=gaussian,Gaussian-NPE (rejection-ABC),k,0.5029915668249484,3.862581654463058
n_obs=1000 seed=0 convention=gaussian,Gaussian-NPE (rejection-ABC),k,0.511649272922151,3.9904626584061376
n_obs=1000 seed=0 convention=gaussian,Gaussian-NPE (rejection-ABC),k,0.5203069790193535,4.051744429174328
n_obs=1000 seed=0 convention=gaussian,Gaussian-NPE (rejection-ABC),k,0.528964685116556,4.039954171735999
n_obs=1000 seed=0 convention=gaussian,Gaussian-NPE (rejection-ABC),k,0.5376223912137587,3.983851788805809
n_obs=1000 seed=0 convention=gaussian,Gaussian-NPE (rejection-ABC),k,0.5462800973109612,3.9247623166884456
n_obs=1000 seed=0 convention=gaussian,Gaussian-NPE (rejection-ABC),k,0.5549378034081637,3.8800681141099025
n_obs=1000 seed=0 convention=gaussian,Gaussian-NPE (rejection-ABC),k,0.5635955095053663,3.837704839259874
n_obs=1000 seed=0 convention=gaussian,Gaussian-NPE (rejection-ABC),k,0.5722532156025688,3.778664810370085
n_obs=1000 seed=0 convention=gaussian,Gaussian-NPE (rejection-ABC),k,0.5809109216997713,3.689626525506192
n_obs=1000 seed=0 convention=gaussian,Gaussian-NPE (rejection-ABC),k,0.5895686277969739,3.561086310725173
n_obs=1000 seed=0 convention=gaussian,Gaussian-NPE (rejection-ABC),k,0.5982263338941765,3.3910757648187646
n_obs=1000 seed=0 convention=gaussian,Gaussian-NPE (rejection-ABC),k,0.606884039991379,3.1927642036455883
n_obs=1000 seed=0 convention=gaussian,Gaussian-NPE (rejection-ABC),k,0.6155417460885816,2.9895548842156723
n_obs=1000 seed=0 convention=gaussian,Gaussian-NPE (rejection-ABC),k,0.6241994521857841,2.798684848600006
n_obs=1000 seed=0 convention=gaussian,Gaussian-NPE (rejection-ABC),k,0.6328571582829866,2.62123245640375
n_obs=1000 seed=0 convention=gaussian,Gaussian-NPE (rejection-ABC),k,0.6415148643801891,2.4484401659282096
n_obs=1000 seed=0 convention=gaussian,Gaussian-NPE (rejection-ABC),k,0.6501725704773917,2.273329577853384
n_obs=1000 seed=0 convention=gaussian,Gaussian-NPE (rejection-ABC),k,0.6588302765745943,2.0931099474705195
n_obs=1000 seed=0 convention=gaussian,Gaussian-NPE (rejection-ABC),k,0.6674879826717968,1.9066031614277412
n_obs=1000 seed=0 convention=gaussian,Gaussian-NPE (rejection-ABC),k,0.6761456887689994,1.7176192025326775
n_obs=1000 seed=0 convention=gaussian,Gaussian-NPE (rejection-ABC),k,0.6848033948662019,1.5388007329348619
n_obs=1000 seed=0 convention=gaussian,Gaussian-NPE (rejection-ABC),k,0.6934611009634044,1.383328548511956
n_obs=1000 seed=0 convention=gaussian,Gaussian-NPE (rejection-ABC),k,0.7021188070606069,1.2507912215364223
n_obs=1000 seed=0 convention=gaussian,Gaussian-NPE (rejection-ABC),k,0.7107765131578095,1.1278733555387574
n_obs=1000 seed=0 convention=gaussian,Gaussian-NPE (rejection-ABC),k,0.719434219255012,1.0052656557399633
n_obs=1000 seed=0 convention=gaussian,Gaussian-NPE (rejection-ABC),k,0.7280919253522146,0.8877011455715011
n_obs=1000 seed=0 convention=gaussian,Gaussian-NPE (rejection-ABC),k,0.7367496314494172,0.7846211125208108
n_obs=1000 seed=0 convention=gaussian,Gaussian-NPE (rejection-ABC),k,0.7454073375466197,0.6972541175675228
n_obs=1000 seed=0 convention=gaussian,Gaussian-NPE (rejection-ABC),k,0.7540650436438222,0.6201249173992595
n_obs=1000 seed=0 convention=gaussian,Gaussian-NPE (rejection-ABC),k,0.7627227497410248,0.5505321876161885
n_obs=1000 seed=0 convention=gaussian,Gaussian-NPE (rejection-ABC),k,0.7713804558382273,0.4895927719067195
n_obs=1000 seed=0 convention=gaussian,Gaussian-NPE (rejection-ABC),k,0.7800381619354299,0.43642105215934807
n_obs=1000 seed=0 convention=gaussian,Gaussian-NPE (rejection-ABC),k,0.7886958680326325,0.387575273075828
n_obs=1000 seed=0 convention=gaussian,Gaussian-NPE (rejection-ABC),k,0.797353574129835,0.34176971946945384
n_obs=1000 seed=0 convention=gaussian,Gaussian-NPE (rejection-ABC),k,0.8060112802270375,0.3010866560842288
n_obs=1000 seed=0 convention=gaussian,Gaussian-NPE (rejection-ABC),k,0.81466898632424,0.2672508597271515
n_obs=1000 seed=0 convention=gaussian,Gaussian-NPE (rejection-ABC),k,0.8233266924214426,0.23902636477016131
n_obs=1000 seed=0 convention=gaussian,Gaussian-NPE (rejection-ABC),k,0.8319843985186451,0.21348575337423292
n_obs=1000 seed=0 convention=gaussian,Gaussian-NPE (rejection-ABC),k,0.8406421046158477,0.18810517989641207
n_obs=1000 seed=0 convention=gaussian,Gaussian-NPE (rejection-ABC),k,0.8492998107130503,0.16156982732101488
n_obs=1000 seed=0 convention=gaussian,Gaussian-NPE (rejection-ABC),k,0.8579575168102528,0.1344200666578928
n_obs=1000 seed=0 convention=gaussian,Gaussian-NPE (rejection-ABC),k,0.8666152229074553,0.10920931851366932
n_obs=1000 seed=0 convention=gaussian,Gaussian-NPE (rejection-ABC),k,0.8752729290046579,0.0882581810568292
n_obs=1000 seed=0 convention=gaussian,Gaussian-NPE (rejection-ABC),k,0.8839306351018604,0.07116341883196957
n_obs=1000 seed=0 convention=gaussian,Gaussian-NPE (rejection-ABC),k,0.8925883411990629,0.05606711539790804
n_obs=1000 seed=0 convention=gaussian,Gaussian-NPE (rejection-ABC),k,0.9012460472962656,0.04290137692122305
n_obs=1000 seed=0 convention=gaussian,Gaussian-NPE (rejection-ABC),k,0.9099037533934681,0.03359719936726977
n_obs=1000 seed=0 convention=gaussian,Gaussian-NPE (rejection-ABC),k,0.9185614594906706,0.029172989042959334
n_obs=1000 seed=0 convention=gaussian,Gaussian-NPE (rejection-ABC),k,0.9272191655878732,0.02807628855039871
n_obs=1000 seed=0 convention=gaussian,Gaussian-NPE (rejection-ABC),k,0.9358768716850757,0.027676328433471124
n_obs=1000 seed=0 convention=gaussian,Gaussian-NPE (rejection-ABC),k,0.9445345777822782,0.026409856179222944
n_obs=1000 seed=0 convention=gaussian,Gaussian-NPE (rejection-ABC),k,0.9531922838794809,0.024139324070430623
n_obs=1000 seed=0 convention=gaussian,Gaussian-NPE (rejection-ABC),k,0.9618499899766834,0.02117198824883143
n_obs=1000 seed=0 convention=gaussian,Gaussian-NPE (rejection-ABC),k,0.9705076960738859,0.01771271454990069
n_obs=1000 seed=0 convention=gaussian,Gaussian-NPE (rejection-ABC),k,0.9791654021710884,0.014218229136377887
n_obs=1000 seed=0 convention=gaussian,Gaussian-NPE (rejection-ABC),k,0.987823108268291,0.011453329525850736
n_obs=1000 seed=0 convention=gaussian,Gaussian-NPE (rejection-ABC),k,0.9964808143654935,0.009685157636245263
n_obs=1000 seed=0 convention=gaussian,Gaussian-NPE (rejection-ABC),k,1.0051385204626961,0.008255334821635927
n_obs=1000 seed=0 convention=gaussian,Gaussian-NPE (rejection-ABC),k,1.0137962265598988,0.006392635901935476
n_obs=1000 seed=0 convention=gaussian,Gaussian-NPE (rejection-ABC),k,1.0224539326571012,0.0041458922585317845
n_obs=1000 seed=0 convention=gaussian,Gaussian-NPE (rejection-ABC),k,1.0311116387543038,0.0022206422385395077
n_obs=1000 seed=0 convention=gaussian,Gaussian-NPE (rejection-ABC),k,1.0397693448515064,0.001226834423650749
n_obs=1000 seed=0 convention=gaussian,Gaussian-NPE (rejection-ABC),k,1.0484270509487088,0.001367478151711875
n_obs=1000 seed=0 convention=gaussian,Gaussian-NPE (rejection-ABC),k,1.0570847570459114,0.0025003973455095313
n_obs=1000 seed=0 convention=gaussian,Gaussian-NPE (rejection-ABC),k,1.065742463143114,0.004032330834435509
n_obs=1000 seed=0 convention=gaussian,Gaussian-NPE (rejection-ABC),k,1.0744001692403164,0.004952312232122591
n_obs=1000 seed=0 convention=gaussian,Gaussian-NPE (rejection-ABC),k,1.083057875337519,0.004550275635541884
n_obs=1000 seed=0 convention=gaussian,Gaussian-NPE (rejection-ABC),k,1.0917155814347215,0.0031217295138632815
n_obs=1000 seed=0 convention=gaussian,Gaussian-NPE (rejection-ABC),k,1.100373287531924,0.001598749793419646
n_obs=1000 seed=0 convention=gaussian,Gaussian-NPE (rejection-ABC),k,1.1090309936291267,0.0006111818911422632
n_obs=1000 seed=0 convention=gaussian,Gaussian-NPE (rejection-ABC),k,1.1176886997263291,0.0001743998962374183
n_obs=1000 seed=0 convention=gaussian,Gaussian-NPE (rejection-ABC),k,1.1263464058235317,3.714367991904599e-05
n_obs=1000 seed=0 convention=gaussian,Gaussian-NPE (rejection-ABC),k,1.1350041119207344,5.904178640517034e-06
n_obs=1000 seed=0 convention=gaussian,Gaussian-NPE (rejection-ABC),k,1.1436618180179368,7.003883136908623e-07
n_obs=1000 seed=0 convention=gaussian,Gaussian-NPE (rejection-ABC),k,1.1523195241151394,6.199957892335665e-08
n_obs=1000 seed=0 convention=gaussian,Gaussian-NPE (rejection-ABC),k,1.160977230212342,4.095169010640509e-09
n_obs=1000 seed=0 convention=gaussian,Gaussian-NPE (rejection-ABC),k,1.1696349363095444,2.0181280620771002e-10
n_obs=1000 seed=0 convention=gaussian,Gaussian-NPE (rejection-ABC),k,1.178292642406747,7.419562716132007e-12
n_obs=1000 seed=0 convention=gaussian,Gaussian-NPE (rejection-ABC),k,1.1869503485039496,2.03478431110153e-13
n_obs=1000 seed=0 convention=gaussian,Gaussian-NPE (rejection-ABC),k,1.195608054601152,4.1622304236701956e-15
n_obs=1000 seed=0 convention=gaussian,Gaussian-NPE (rejection-ABC),k,1.2042657606983547,6.349778736808813e-17
n_obs=1000 seed=0 convention=gaussian,Gaussian-NPE (rejection-ABC),k,1.212923466795557,7.22392397627378e-19
n_obs=1000 seed=0 convention=gaussian,Gaussian-NPE (rejection-ABC),k,1.2215811728927597,6.128128814140616e-21
n_obs=1000 seed=0 convention=gaussian,Gaussian-NPE (rejection-ABC),k,1.2302388789899623,3.8759822759673883e-23
n_obs=1000 seed=0 convention=gaussian,Gaussian-NPE (rejection-ABC),k,1.2388965850871647,1.827658899518659e-25
n_obs=1000 seed=0 convention=gaussian,Gaussian-NPE (rejection-ABC),k,1.2475542911843673,6.424357911081775e-28
n_obs=1000 seed=0 convention=gaussian,Gaussian-NPE (rejection-ABC),k,1.25621199728157,1.6832511144101628e-30
n_obs=1000 seed=0 convention=gaussian,Gaussian-NPE (rejection-ABC),k,1.2648697033787724,3.2871370944879925e-33
n_obs=1000 seed=0 convention=gaussian,Gaussian-NPE (rejection-ABC),k,1.273527409475975,4.784134641032962e-36
n_obs=1000 seed=0 convention=gaussian,Gaussian-NPE (rejection-ABC),k,1.2821851155731776,5.1888898139164765e-39
n_obs=1000 seed=0 convention=gaussian,Gaussian-NPE (rejection-ABC),k,1.29084282167038,4.1937415901732363e-42
n_obs=1000 seed=0 convention=gaussian,Gaussian-NPE (rejection-ABC),k,1.2995005277675826,2.5255594424729166e-45
n_obs=1000 seed=0 convention=gaussian,Gaussian-NPE (rejection-ABC),k,1.3081582338647852,1.1332262037569797e-48
n_obs=1000 seed=0 convention=gaussian,Gaussian-NPE (rejection-ABC),k,1.3168159399619876,3.7883915643744926e-52
n_obs=1000 seed=0 convention=gaussian,Gaussian-NPE (rejection-ABC),k,1.3254736460591903,9.43518068457032e-56
n_obs=1000 seed=0 convention=gaussian,Gaussian-NPE (rejection-ABC),k,1.334131352156393,1.7505809596394093e-59
n_obs=1000 seed=0 convention=gaussian,Gaussian-NPE (rejection-ABC),k,1.3427890582535953,2.4195347952645084e-63
n_obs=1000 seed=0 convention=gaussian,Gaussian-NPE (rejection-ABC),k,1.351446764350798,2.4910462379913225e-67
n_obs=1000 seed=0 convention=gaussian,Gaussian-NPE (rejection-ABC),k,1.3601044704480005,1.910362994372834e-71
n_obs=1000 seed=0 convention=gaussian,Gaussian-NPE (rejection-ABC),k,1.368762176545203,1.0912379186283967e-75
n_obs=1000 seed=0 convention=gaussian,Gaussian-NPE (rejection-ABC),k,1.3774198826424056,4.642788686089304e-80
n_obs=1000 seed=0 convention=gaussian,Gaussian-NPE (rejection-ABC),k,1.3860775887396082,1.4712345449166274e-84
n_obs=1000 seed=0 convention=gaussian,Gaussian-NPE (rejection-ABC),k,1.3947352948368106,3.472298900966698e-89
n_obs=1000 seed=0 convention=gaussian,Gaussian-NPE (rejection-ABC),k,1.4033930009340132,6.103432245985678e-94
n_obs=1000 seed=0 convention=gaussian,Gaussian-NPE (rejection-ABC),k,1.4120507070312158,7.989940296346109e-99
n_obs=1000 seed=0 convention=gaussian,Gaussian-NPE (rejection-ABC),k,1.4207084131284182,7.789627661597087e-104
n_obs=1000 seed=0 convention=gaussian,Gaussian-NPE (rejection-ABC),k,1.4293661192256208,5.6556922029421035e-109
n_obs=1000 seed=0 convention=gaussian,Gaussian-NPE (rejection-ABC),k,1.4380238253228232,3.0580429473514756e-114
n_obs=1000 seed=0 convention=gaussian,Gaussian-NPE (rejection-ABC),k,1.4466815314200259,1.231356004784214e-119
n_obs=1000 seed=0 convention=gaussian,Gaussian-NPE (rejection-ABC),k,1.4553392375172285,3.6923256998645173e-125
n_obs=1000 seed=0 convention=gaussian,Gaussian-NPE (rejection-ABC),k,1.463996943614431,8.244936442860349e-131
n_obs=1000 seed=0 convention=gaussian,Gaussian-NPE (rejection-ABC),k,1.4726546497116335,1.3710101589744598e-136
n_obs=1000 seed=0 convention=gaussian,Gaussian-NPE (rejection-ABC),k,1.4813123558088361,1.6976792800339335e-142
n_obs=1000 seed=0 convention=gaussian,Gaussian-NPE (rejection-ABC),k,1.4899700619060385,1.5654103873873948e-148
n_obs=1000 seed=0 convention=gaussian,Gaussian-NPE (rejection-ABC),k,1.4986277680032412,1.0748669488294413e-154
n_obs=1000 seed=0 convention=gaussian,Gaussian-NPE (rejection-ABC),k,1.5072854741004438,5.495811493224335e-161
n_obs=1000 seed=0 convention=gaussian,Gaussian-NPE (rejection-ABC),k,1.5159431801976462,2.0924571088379046e-167
n_obs=1000 seed=0 convention=gaussian,Gaussian-NPE (rejection-ABC),k,1.5246008862948488,5.932342219194009e-174
n_obs=1000 seed=0 convention=gaussian,Gaussian-NPE (rejection-ABC),k,1.5332585923920514,1.2523861491799487e-180
n_obs=1000 seed=0 convention=gaussian,Gaussian-NPE (rejection-ABC),k,1.5419162984892538,1.968749716206132e-187
n_obs=1000 seed=0 convention=gaussian,Gaussian-NPE (rejection-ABC),k,1.5505740045864564,2.3045223791152382e-194
n_obs=1000 seed=0 convention=gaussian,Gaussian-NPE (rejection-ABC),k,1.559231710683659,2.0086658072183666e-201
n_obs=1000 seed=0 convention=gaussian,Gaussian-NPE (rejection-ABC),k,1.5678894167808615,1.3036743459157616e-208
n_obs=1000 seed=0 convention=gaussian,Gaussian-NPE (rejection-ABC),k,1.576547122878064,6.300336203448665e-216
n_obs=1000 seed=0 convention=gaussian,Gaussian-NPE (rejection-ABC),k,1.5852048289752667,2.2672016246143204e-223
n_obs=1000 seed=0 convention=gaussian,Gaussian-NPE (rejection-ABC),k,1.593862535072469,6.075012069896468e-231
n_obs=1000 seed=0 convention=gaussian,Gaussian-NPE (rejection-ABC),k,1.6025202411696717,1.2120865006292172e-238
n_obs=1000 seed=0 convention=gaussian,Gaussian-NPE (rejection-ABC),k,1.6111779472668744,1.8007297678663662e-246
n_obs=1000 seed=0 convention=gaussian,Gaussian-NPE (rejection-ABC),k,1.6198356533640768,1.9920077415237773e-254
n_obs=1000 seed=0 convention=gaussian,Gaussian-NPE (rejection-ABC),k,1.6284933594612794,1.6408172878854121e-262
n_obs=1000 seed=0 convention=gaussian,Gaussian-NPE (rejection-ABC),k,1.637151065558482,1.0063647156559721e-270
n_obs=1000 seed=0 convention=gaussian,Gaussian-NPE (rejection-ABC),k,1.6458087716556844,4.595956206075041e-279
n_obs=1000 seed=0 convention=gaussian,Gaussian-NPE (rejection-ABC),k,1.654466477752887,1.56286351710178e-287
n_obs=1000 seed=0 convention=gaussian,Gaussian-NPE (rejection-ABC),k,1.6631241838500896,3.9572215354341945e-296
n_obs=1000 seed=0 convention=gaussian,Gaussian-NPE (rejection-ABC),k,1.671781889947292,7.460764196803664e-305
n_obs=1000 seed=0 convention=gaussian,Gaussian-NPE (rejection-ABC),k,1.6804395960444947,1.04736836436e-313
n_obs=1000 seed=0 convention=gaussian,Gaussian-NPE (rejection-ABC),k,1.6890973021416973,1.1e-322
n_obs=1000 seed=0 convention=gaussian,Gaussian-NPE (rejection-ABC),k,1.6977550082388997,0.0
n_obs=1000 seed=0 convention=gaussian,Gaussian-NPE (rejection-ABC),k,1.7064127143361023,0.0
n_obs=1000 seed=0 convention=gaussian,Gaussian-NPE (rejection-ABC),k,1.715070420433305,0.0
n_obs=1000 seed=0 convention=gaussian,Gaussian-NPE (rejection-ABC),k,1.7237281265305073,0.0
n_obs=1000 seed=0 convention=gaussian,Gaussian-NPE (rejection-ABC),k,1.73238583262771,0.0
n_obs=1000 seed=0 convention=gaussian,Gaussian-NPE (rejection-ABC),k,1.7410435387249124,0.0
n_obs=1000 seed=0 convention=gaussian,Gaussian-NPE (rejection-ABC),k,1.749701244822115,0.0
n_obs=1000 seed=0 convention=gaussian,Gaussian-NPE (rejection-ABC),k,1.7583589509193176,0.0
n_obs=1000 seed=0 convention=gaussian,Gaussian-NPE (rejection-ABC),k,1.76701665701652,0.0
n_obs=1000 seed=0 convention=gaussian,Gaussian-NPE (rejection-ABC),k,1.7756743631137226,0.0
n_obs=1000 seed=0 convention=gaussian,Gaussian-NPE (rejection-ABC),k,1.7843320692109252,0.0
n_obs=1000 seed=0 convention=gaussian,Gaussian-NPE (rejection-ABC),k,1.7929897753081276,0.0
n_obs=1000 seed=0 convention=gaussian,Gaussian-NPE (rejection-ABC),k,1.8016474814053303,0.0
n_obs=1000 seed=0 convention=gaussian,Gaussian-NPE (rejection-ABC),k,1.8103051875025329,0.0
n_obs=1000 seed=0 convention=gaussian,Gaussian-NPE (rejection-ABC),k,1.8189628935997353,0.0
n_obs=1000 seed=0 convention=gaussian,Gaussian-NPE (rejection-ABC),k,1.827620599696938,0.0
n_obs=1000 seed=0 convention=gaussian,Gaussian-NPE (rejection-ABC),k,1.8362783057941405,0.0
n_obs=1000 seed=0 convention=gaussian,Gaussian-NPE (rejection-ABC),k,1.844936011891343,0.0
n_obs=1000 seed=0 convention=gaussian,Gaussian-NPE (rejection-ABC),k,1.8535937179885456,0.0
n_obs=1000 seed=0 convention=gaussian,Gaussian-NPE (rejection-ABC),k,1.8622514240857482,0.0
n_obs=1000 seed=0 convention=gaussian,Gaussian-NPE (rejection-ABC),k,1.8709091301829506,0.0
n_obs=1000 seed=0 convention=gaussian,Gaussian-NPE (rejection-ABC),k,1.8795668362801532,0.0
n_obs=1000 seed=0 convention=gaussian,Gaussian-NPE (rejection-ABC),k,1.8882245423773558,0.0
n_obs=1000 seed=0 convention=gaussian,Gaussian-NPE (rejection-ABC),k,1.8968822484745582,0.0
n_obs=1000 seed=0 convention=gaussian,Gaussian-NPE (rejection-ABC),k,1.9055399545717608,0.0
n_obs=1000 seed=0 convention=gaussian,Gaussian-NPE (rejection-ABC),k,1.9141976606689632,0.0
