method,t1,t2
flow-NPE,0.5928524732589722,0.09086143970489502
flow-NPE,0.6400594711303711,0.037183403968811035
flow-NPE,0.5871690511703491,0.1738358736038208
flow-NPE,0.6582159996032715,0.044508934020996094
flow-NPE,0.6048052310943604,0.08674860000610352
flow-NPE,0.6238504648208618,0.05468761920928955
flow-NPE,0.646105170249939,0.1490640640258789
flow-NPE,0.5952661037445068,0.046561241149902344
flow-NPE,0.6712095737457275,0.1495523452758789
flow-NPE,0.6606886386871338,0.06794464588165283
flow-NPE,0.6085593700408936,0.06788623332977295
flow-NPE,0.6572463512420654,0.14046978950500488
flow-NPE,0.6249352693557739,0.137528657913208
flow-NPE,0.5803341865539551,0.13527822494506836
flow-NPE,0.6649284362792969,0.1256403923034668
flow-NPE,0.5701339244842529,0.13045310974121094
flow-NPE,0.6347203254699707,0.1478511095046997
flow-NPE,0.6583806276321411,0.02884995937347412
flow-NPE,0.6279983520507812,0.2639782428741455
flow-NPE,0.5797897577285767,0.14886915683746338
flow-NPE,0.6444112062454224,0.10358667373657227
flow-NPE,0.5489153861999512,0.05583953857421875
flow-NPE,0.5643157958984375,0.09496819972991943
flow-NPE,0.6203540563583374,0.12072384357452393
flow-NPE,0.6242409944534302,0.09497761726379395
flow-NPE,0.6361769437789917,0.18932271003723145
flow-NPE,0.6280994415283203,0.08977830410003662
flow-NPE,0.6205949783325195,0.08399355411529541
flow-NPE,0.6094896793365479,0.06971418857574463
flow-NPE,0.5516396760940552,0.07978928089141846
flow-NPE,0.5993424654006958,0.20203173160552979
flow-NPE,0.6257981061935425,0.1973496675491333
flow-NPE,0.6112333536148071,0.11445224285125732
flow-NPE,0.6531946659088135,0.05183827877044678
flow-NPE,0.6199795007705688,0.09760689735412598
flow-NPE,0.6432849168777466,0.08501195907592773
flow-NPE,0.6101483106613159,0.12588441371917725
flow-NPE,0.5803672075271606,0.03806614875793457
flow-NPE,0.5878863334655762,0.0561596155166626
flow-NPE,0.5745828151702881,0.13525593280792236
flow-NPE,0.6554815769195557,0.01176309585571289
flow-NPE,0.6074227094650269,0.07636713981628418
flow-NPE,0.6770913600921631,0.06831872463226318
flow-NPE,0.5848462581634521,0.057671189308166504
flow-NPE,0.6105213165283203,0.08719313144683838
flow-NPE,0.7044376134872437,0.04908156394958496
flow-NPE,0.636059045791626,0.13950896263122559
flow-NPE,0.5762901306152344,0.09921562671661377
flow-NPE,0.6007623672485352,-0.0024347305297851562
flow-NPE,0.6354254484176636,0.16495811939239502
flow-NPE,0.6455191373825073,0.044586896896362305
flow-NPE,0.6357084512710571,0.14341747760772705
flow-NPE,0.6610091924667358,0.12819123268127441
flow-NPE,0.6129181385040283,0.1712261438369751
flow-NPE,0.6301543712615967,0.13554954528808594
flow-NPE,0.568560004234314,0.0851898193359375
flow-NPE,0.637822151184082,0.13260817527770996
flow-NPE,0.6005356311798096,0.04186403751373291
flow-NPE,0.5693882703781128,0.1508082151412964
flow-NPE,0.6100891828536987,0.08357298374176025
flow-NPE,0.6347172260284424,0.13328325748443604
flow-NPE,0.6173847913742065,0.19939172267913818
flow-NPE,0.675412654876709,0.06693613529205322
flow-NPE,0.7193808555603027,0.10332059860229492
flow-NPE,0.6177693605422974,0.0958636999130249
flow-NPE,0.5834975242614746,0.1576303243637085
flow-NPE,0.5691356658935547,0.07511603832244873
flow-NPE,0.5323967933654785,0.11932909488677979
flow-NPE,0.6119937896728516,0.06250035762786865
flow-NPE,0.612541675567627,0.10888111591339111
flow-NPE,0.6024894714355469,0.09418714046478271
flow-NPE,0.6456464529037476,0.063132643699646
flow-NPE,0.5502413511276245,0.13805019855499268
flow-NPE,0.6839885711669922,0.0987386703491211
flow-NPE,0.5921148061752319,0.08569371700286865
flow-NPE,0.5801784992218018,0.06591928005218506
flow-NPE,0.578249454498291,0.02626800537109375
flow-NPE,0.6161199808120728,0.13951456546783447
flow-NPE,0.6958550214767456,0.14922308921813965
flow-NPE,0.608370304107666,0.10390877723693848
flow-NPE,0.6443817615509033,0.05149376392364502
flow-NPE,0.6607224941253662,0.01248311996459961
flow-NPE,0.6348999738693237,0.2025824785232544
flow-NPE,0.5604064464569092,0.14810514450073242
flow-NPE,0.6907050609588623,0.05358266830444336
flow-NPE,0.6185281276702881,0.05669689178466797
flow-NPE,0.650070071220398,0.24391794204711914
flow-NPE,0.6457376480102539,0.08867478370666504
flow-NPE,0.6639764308929443,0.04198145866394043
flow-NPE,0.6147382259368896,0.2101365327835083
flow-NPE,0.640007495880127,0.07998645305633545
flow-NPE,0.570288896560669,0.14233362674713135
flow-NPE,0.6421976089477539,0.16106629371643066
flow-NPE,0.6195974349975586,0.21954798698425293
flow-NPE,0.6352407932281494,0.054235100746154785
flow-NPE,0.5716909170150757,0.2556952238082886
flow-NPE,0.6625068187713623,0.15765070915222168
flow-NPE,0.6254847049713135,0.15381836891174316
flow-NPE,0.6624592542648315,0.0702207088470459
flow-NPE,0.5767689943313599,0.03005218505859375
flow-NPE,0.6198832988739014,0.1321474313735962
flow-NPE,0.6208282709121704,0.06371891498565674
flow-NPE,0.6101877689361572,0.10666048526763916
flow-NPE,0.6520678997039795,0.23558354377746582
flow-NPE,0.641369104385376,0.17380595207214355
flow-NPE,0.6561031341552734,0.0718001127243042
flow-NPE,0.6411535739898682,0.14894318580627441
flow-NPE,0.5369753837585449,0.12242770195007324
flow-NPE,0.570610523223877,0.05085885524749756
flow-NPE,0.592074990272522,0.15970051288604736
flow-NPE,0.6304785013198853,0.05581045150756836
flow-NPE,0.5620071887969971,0.15471100807189941
flow-NPE,0.6444610357284546,0.032991886138916016
flow-NPE,0.6286505460739136,0.007457375526428223
flow-NPE,0.6199227571487427,0.08216047286987305
flow-NPE,0.5835001468658447,0.09965240955352783
flow-NPE,0.612438440322876,0.03981971740722656
flow-NPE,0.6526360511779785,0.18178057670593262
flow-NPE,0.5749173164367676,0.10144686698913574
flow-NPE,0.5763609409332275,0.15459966659545898
flow-NPE,0.5741384029388428,0.10202145576477051
flow-NPE,0.5840557813644409,0.01582467555999756
flow-NPE,0.6268570423126221,0.12489509582519531
flow-NPE,0.5526889562606812,0.06200683116912842
flow-NPE,0.6053682565689087,0.12667298316955566
flow-NPE,0.6485662460327148,0.04179048538208008
flow-NPE,0.6249264478683472,0.1120448112487793
flow-NPE,0.654778242111206,0.021525025367736816
flow-NPE,0.5969423055648804,0.09395396709442139
flow-NPE,0.5251568555831909,0.0683131217956543
flow-NPE,0.6173971891403198,0.08829474449157715
flow-NPE,0.6103554964065552,0.061959266662597656
flow-NPE,0.6070810556411743,0.08778023719787598
flow-NPE,0.5543676614761353,0.11302459239959717
flow-NPE,0.6377503871917725,0.17364490032196045
flow-NPE,0.6153446435928345,0.1284160614013672
flow-NPE,0.6137673854827881,0.07571959495544434
flow-NPE,0.6547507047653198,0.17777931690216064
flow-NPE,0.6115438938140869,0.16168439388275146
flow-NPE,0.6383628845214844,0.08422815799713135
flow-NPE,0.6010862588882446,0.12161815166473389
flow-NPE,0.5620930194854736,0.15369141101837158
flow-NPE,0.6498633623123169,0.12690675258636475
flow-NPE,0.5885351896286011,0.10448658466339111
flow-NPE,0.5674209594726562,0.15984368324279785
flow-NPE,0.6461224555969238,0.03267669677734375
flow-NPE,0.6275999546051025,0.15786349773406982
flow-NPE,0.6072380542755127,0.06477832794189453
flow-NPE,0.6209595203399658,0.15649724006652832
flow-NPE,0.6493016481399536,0.07149386405944824
flow-NPE,0.6645263433456421,0.16250276565551758
flow-NPE,0.5662403106689453,0.09940266609191895
flow-NPE,0.6345919370651245,0.08634626865386963
flow-NPE,0.6854287385940552,0.20515048503875732
flow-NPE,0.647998571395874,0.11007237434387207
flow-NPE,0.7104858160018921,0.044584035873413086
flow-NPE,0.574709415435791,0.14650368690490723
flow-NPE,0.6680856943130493,0.052529215812683105
flow-NPE,0.636375904083252,0.0827111005783081
flow-NPE,0.5769088268280029,0.14994347095489502
flow-NPE,0.6748411655426025,0.06706702709197998
flow-NPE,0.5745809078216553,0.04852008819580078
flow-NPE,0.6263289451599121,0.2013092041015625
flow-NPE,0.6350828409194946,0.08123779296875
flow-NPE,0.615301251411438,0.1817913055419922
flow-NPE,0.7010593414306641,0.0571976900100708
flow-NPE,0.661683201789856,0.02820265293121338
flow-NPE,0.6807830333709717,0.09806954860687256
flow-NPE,0.6058945655822754,0.07760035991668701
flow-NPE,0.5760694742202759,0.08247494697570801
flow-NPE,0.645409345626831,0.1337963342666626
flow-NPE,0.5827616453170776,0.008693575859069824
flow-NPE,0.6500030755996704,0.043593525886535645
flow-NPE,0.6449370384216309,0.16744887828826904
flow-NPE,0.6262620687484741,0.18780899047851562
flow-NPE,0.6015115976333618,0.16968834400177002
flow-NPE,0.5998352766036987,0.034011125564575195
flow-NPE,0.6222898960113525,0.207672119140625
flow-NPE,0.6525905132293701,0.07222676277160645
flow-NPE,0.6788029670715332,0.1861131191253662
flow-NPE,0.6168267726898193,0.08972311019897461
flow-NPE,0.5895869731903076,0.06779444217681885
flow-NPE,0.6489354372024536,0.19776785373687744
flow-NPE,0.561246395111084,0.16293108463287354
flow-NPE,0.694467306137085,0.1694326400756836
flow-NPE,0.5488278865814209,0.09258496761322021
flow-NPE,0.6565359830856323,0.1616368293762207
flow-NPE,0.6126426458358765,0.1536625623703003
flow-NPE,0.586357831954956,0.08083641529083252
flow-NPE,0.6026612520217896,0.1669750213623047
flow-NPE,0.650862455368042,0.14008378982543945
flow-NPE,0.5522670745849609,0.1209259033203125
flow-NPE,0.5736746788024902,0.06336712837219238
flow-NPE,0.588782548904419,0.023166775703430176
flow-NPE,0.6120028495788574,0.12499356269836426
flow-NPE,0.5703186988830566,0.14319360256195068
flow-NPE,0.719243049621582,0.08588874340057373
flow-NPE,0.563525915145874,0.20023012161254883
flow-NPE,0.5983613729476929,0.10431206226348877
flow-NPE,0.6023907661437988,0.06488490104675293
flow-NPE,0.6165181398391724,0.13086795806884766
flow-NPE,0.5774942636489868,0.10085415840148926
flow-NPE,0.571936845779419,0.11335325241088867
flow-NPE,0.6021633148193359,0.07295525074005127
flow-NPE,0.6646106243133545,0.09406840801239014
flow-NPE,0.621502161026001,0.10655021667480469
flow-NPE,0.7691179513931274,0.02314138412475586
flow-NPE,0.5474147796630859,0.04224812984466553
flow-NPE,0.5765671730041504,0.10100746154785156
flow-NPE,0.688194990158081,0.0003682374954223633
flow-NPE,0.5931286811828613,0.07750856876373291
flow-NPE,0.5995920896530151,0.026134490966796875
flow-NPE,0.602668046951294,0.14868438243865967
flow-NPE,0.6124663352966309,0.15828239917755127
flow-NPE,0.6299465894699097,0.15811359882354736
flow-NPE,0.6655133962631226,0.14740300178527832
flow-NPE,0.6551021337509155,0.106911301612854
flow-NPE,0.5249128341674805,0.08350157737731934
flow-NPE,0.5718444585800171,0.06910312175750732
flow-NPE,0.6219518184661865,0.17440903186798096
flow-NPE,0.6166648864746094,0.07335543632507324
flow-NPE,0.5718493461608887,0.0690697431564331
flow-NPE,0.5808064937591553,0.06981432437896729
flow-NPE,0.6295794248580933,0.21950197219848633
flow-NPE,0.5422252416610718,0.16571438312530518
flow-NPE,0.6662057638168335,0.060298800468444824
flow-NPE,0.6067720651626587,0.1666569709777832
flow-NPE,0.6347829103469849,0.14927124977111816
flow-NPE,0.6466671228408813,0.036583542823791504
flow-NPE,0.6077926158905029,0.13094007968902588
flow-NPE,0.6181694269180298,0.12979340553283691
flow-NPE,0.6213340759277344,0.1708230972290039
flow-NPE,0.5659670829772949,0.029263615608215332
flow-NPE,0.6641428470611572,0.023297905921936035
flow-NPE,0.5819181203842163,0.13605904579162598
flow-NPE,0.6263172626495361,0.24480140209197998
flow-NPE,0.6738840341567993,0.07164692878723145
flow-NPE,0.6509850025177002,0.15658557415008545
flow-NPE,0.5812395811080933,0.13978910446166992
flow-NPE,0.5833169221878052,0.13672363758087158
flow-NPE,0.5691277980804443,0.010291099548339844
flow-NPE,0.6160157918930054,0.19825303554534912
flow-NPE,0.6048647165298462,0.13421845436096191
flow-NPE,0.6078753471374512,0.1844109296798706
flow-NPE,0.6106138229370117,0.15288543701171875
flow-NPE,0.634432315826416,0.05764269828796387
flow-NPE,0.6026051044464111,0.1528540849685669
flow-NPE,0.5767624378204346,0.12190711498260498
flow-NPE,0.6375243663787842,0.15408575534820557
flow-NPE,0.6413114070892334,0.261959433555603
flow-NPE,0.6002600193023682,0.10698151588439941
flow-NPE,0.5988723039627075,0.14749324321746826
flow-NPE,0.6603628396987915,0.14163076877593994
flow-NPE,0.6112275123596191,0.04781758785247803
flow-NPE,0.5568724870681763,0.11370360851287842
flow-NPE,0.5760680437088013,0.06991565227508545
flow-NPE,0.6586215496063232,0.17797935009002686
flow-NPE,0.6732121706008911,0.053310513496398926
flow-NPE,0.6421765089035034,-0.002448141574859619
flow-NPE,0.7064158916473389,0.07182979583740234
flow-NPE,0.6571719646453857,0.0687035322189331
flow-NPE,0.5648236274719238,0.09836864471435547
flow-NPE,0.6810054779052734,0.0959470272064209
flow-NPE,0.6053429841995239,0.1403796672821045
flow-NPE,0.5758243799209595,0.09202694892883301
flow-NPE,0.5435453653335571,0.11345386505126953
flow-NPE,0.6051716804504395,0.2113170623779297
flow-NPE,0.5930527448654175,0.11982011795043945
flow-NPE,0.6186337471008301,0.07092416286468506
flow-NPE,0.5505093336105347,0.08024168014526367
flow-NPE,0.5772347450256348,0.16973280906677246
flow-NPE,0.622590184211731,0.13894987106323242
flow-NPE,0.5816816091537476,0.11642324924468994
flow-NPE,0.6123937368392944,0.02709341049194336
flow-NPE,0.6047765016555786,0.16250479221343994
flow-NPE,0.6294113397598267,0.13090670108795166
flow-NPE,0.5909411907196045,0.19058966636657715
flow-NPE,0.5950583219528198,0.09752678871154785
flow-NPE,0.5815234184265137,0.06226813793182373
flow-NPE,0.5576950311660767,0.14402472972869873
flow-NPE,0.6223175525665283,0.15058636665344238
flow-NPE,0.5809308290481567,0.18789732456207275
flow-NPE,0.6203960180282593,0.1173330545425415
flow-NPE,0.5913410186767578,0.1253499984741211
flow-NPE,0.5865702629089355,0.11302316188812256
flow-NPE,0.6526585817337036,0.06281018257141113
flow-NPE,0.6046210527420044,0.12366485595703125
flow-NPE,0.6978240013122559,0.09128332138061523
flow-NPE,0.6335352659225464,0.13486945629119873
flow-NPE,0.621810793876648,0.03740262985229492
flow-NPE,0.6143600940704346,0.023554682731628418
flow-NPE,0.6224058866500854,0.03490340709686279
flow-NPE,0.6042085886001587,0.17550551891326904
flow-NPE,0.6002957820892334,0.06313276290893555
flow-NPE,0.5750467777252197,0.07744109630584717
flow-NPE,0.6793711185455322,0.13503611087799072
flow-NPE,0.5884662866592407,0.057763099670410156
flow-NPE,0.6180673837661743,0.10339486598968506
flow-NPE,0.6409862041473389,0.03750789165496826
flow-NPE,0.6374325752258301,0.1664261817932129
flow-NPE,0.5899755954742432,0.13181602954864502
flow-NPE,0.5440126657485962,0.0900411605834961
flow-NPE,0.7091681957244873,-0.036208152770996094
flow-NPE,0.604650616645813,0.07008218765258789
flow-NPE,0.526026725769043,0.1292126178741455
flow-NPE,0.6090247631072998,0.15395140647888184
flow-NPE,0.6070296764373779,0.17080998420715332
flow-NPE,0.592575192451477,0.10039448738098145
flow-NPE,0.6719263792037964,0.16212618350982666
flow-NPE,0.6035854816436768,0.10540688037872314
flow-NPE,0.6445322036743164,0.07910275459289551
flow-NPE,0.6614062786102295,0.10651886463165283
flow-NPE,0.5957870483398438,0.09177982807159424
flow-NPE,0.5960439443588257,0.15060877799987793
flow-NPE,0.6588144302368164,0.10831379890441895
flow-NPE,0.5821559429168701,0.09941744804382324
flow-NPE,0.6617004871368408,-0.03717225790023804
flow-NPE,0.6520624160766602,0.10848236083984375
flow-NPE,0.5593512058258057,0.0536651611328125
flow-NPE,0.6198415756225586,0.15320658683776855
flow-NPE,0.640927791595459,0.14436876773834229
flow-NPE,0.6025756597518921,0.1951313018798828
flow-NPE,0.5145747661590576,0.1504955291748047
flow-NPE,0.6060777902603149,0.2511829137802124
flow-NPE,0.6105295419692993,0.12175595760345459
flow-NPE,0.6645690202713013,0.14641129970550537
flow-NPE,0.6536520719528198,0.03180515766143799
flow-NPE,0.6601057052612305,0.07956862449645996
flow-NPE,0.5891879796981812,0.1452397108078003
flow-NPE,0.559674859046936,0.2302560806274414
flow-NPE,0.6456414461135864,0.042836666107177734
flow-NPE,0.580376148223877,0.11164772510528564
flow-NPE,0.5664077997207642,0.2202606201171875
flow-NPE,0.5983574390411377,0.1325618028640747
flow-NPE,0.6463179588317871,0.09548544883728027
flow-NPE,0.6422309875488281,0.10332095623016357
flow-NPE,0.6821645498275757,0.07227098941802979
flow-NPE,0.6359641551971436,0.11333870887756348
flow-NPE,0.6076831817626953,0.028029441833496094
flow-NPE,0.642864465713501,0.1968388557434082
flow-NPE,0.5580693483352661,0.13880157470703125
flow-NPE,0.6240890026092529,0.11252045631408691
flow-NPE,0.5954251289367676,0.09645438194274902
flow-NPE,0.6047669649124146,-0.001149296760559082
flow-NPE,0.6090199947357178,0.14674139022827148
flow-NPE,0.6197366714477539,0.06583511829376221
flow-NPE,0.5338296890258789,0.12535107135772705
flow-NPE,0.6264331340789795,0.11097371578216553
flow-NPE,0.6061868667602539,0.1843886375427246
flow-NPE,0.6064867973327637,0.0639946460723877
flow-NPE,0.6247333288192749,0.19571316242218018
flow-NPE,0.5827504396438599,0.20218658447265625
flow-NPE,0.5992293357849121,0.15561318397521973
flow-NPE,0.6936479806900024,0.03905177116394043
flow-NPE,0.6639114618301392,0.06140172481536865
flow-NPE,0.659093976020813,0.023799896240234375
flow-NPE,0.6373293399810791,0.084084153175354
flow-NPE,0.6284711360931396,-0.009736180305480957
flow-NPE,0.5801823139190674,0.08249115943908691
flow-NPE,0.6567623615264893,0.1060265302658081
flow-NPE,0.5498970746994019,0.08205461502075195
flow-NPE,0.5917619466781616,0.1191709041595459
flow-NPE,0.5915548801422119,0.09588146209716797
flow-NPE,0.689029335975647,0.14190340042114258
flow-NPE,0.5941931009292603,0.012346029281616211
flow-NPE,0.6188726425170898,0.19245707988739014
flow-NPE,0.645978569984436,0.05188298225402832
flow-NPE,0.6393730640411377,0.16393065452575684
flow-NPE,0.6258406639099121,0.12960052490234375
flow-NPE,0.6560729742050171,0.23838543891906738
flow-NPE,0.6343772411346436,0.08998703956604004
flow-NPE,0.6483566761016846,0.1263371706008911
flow-NPE,0.6042547225952148,0.1986449956893921
flow-NPE,0.5920251607894897,0.14667987823486328
flow-NPE,0.5742309093475342,0.07767856121063232
flow-NPE,0.5770266056060791,0.10349905490875244
flow-NPE,0.6201142072677612,0.17936396598815918
flow-NPE,0.5707149505615234,0.013226866722106934
flow-NPE,0.5705052614212036,0.1965770721435547
flow-NPE,0.612277626991272,0.20365428924560547
flow-NPE,0.6216120719909668,0.09396004676818848
flow-NPE,0.6240233182907104,0.14676964282989502
flow-NPE,0.644890546798706,0.0652230978012085
flow-NPE,0.6511678695678711,-0.02160567045211792
flow-NPE,0.614317774772644,0.16691803932189941
flow-NPE,0.5658819675445557,0.09729671478271484
flow-NPE,0.6086947917938232,0.15640223026275635
flow-NPE,0.5950137376785278,0.12337088584899902
flow-NPE,0.6177030801773071,0.03797566890716553
flow-NPE,0.6721206903457642,0.1567596197128296
flow-NPE,0.6307773590087891,-0.0036792755126953125
flow-NPE,0.64013671875,0.08934450149536133
flow-NPE,0.6409651041030884,0.18050384521484375
flow-NPE,0.6453956365585327,0.1806185245513916
flow-NPE,0.6010288000106812,0.1396571397781372
flow-NPE,0.5895496606826782,0.17347252368927002
flow-NPE,0.5818355083465576,0.039060354232788086
flow-NPE,0.5529838800430298,0.08330273628234863
flow-NPE,0.6354708671569824,0.22851622104644775
flow-NPE,0.5813541412353516,0.20832574367523193
flow-NPE,0.5601024627685547,0.11534237861633301
flow-NPE,0.6373264789581299,0.1019892692565918
flow-NPE,0.5655966997146606,0.1661362648010254
flow-NPE,0.6515614986419678,0.08014392852783203
flow-NPE,0.6669963598251343,0.08191847801208496
flow-NPE,0.652857780456543,0.08286941051483154
flow-NPE,0.5440727472305298,0.15667998790740967
flow-NPE,0.635844349861145,0.08312380313873291
flow-NPE,0.6543391942977905,0.11916863918304443
flow-NPE,0.6726852655410767,0.07634437084197998
flow-NPE,0.5930309295654297,0.14932990074157715
flow-NPE,0.6154043674468994,0.04015326499938965
flow-NPE,0.625438928604126,0.09600996971130371
flow-NPE,0.5787806510925293,0.13501358032226562
flow-NPE,0.6249067783355713,0.08518993854522705
flow-NPE,0.6135252714157104,0.017292380332946777
flow-NPE,0.6253042221069336,0.11680424213409424
flow-NPE,0.5840810537338257,0.05574679374694824
flow-NPE,0.660918116569519,0.15193462371826172
flow-NPE,0.6130701303482056,0.05800318717956543
flow-NPE,0.6601153612136841,0.07046186923980713
flow-NPE,0.5172828435897827,0.03425145149230957
flow-NPE,0.5922340154647827,0.1108170747756958
flow-NPE,0.6161861419677734,0.1048731803894043
flow-NPE,0.5892555713653564,0.12771308422088623
flow-NPE,0.652214527130127,0.017656564712524414
flow-NPE,0.647476077079773,0.07225024700164795
flow-NPE,0.6148793697357178,0.08653557300567627
flow-NPE,0.6188081502914429,0.11757993698120117
flow-NPE,0.5499857664108276,0.15744376182556152
flow-NPE,0.672601580619812,0.08338379859924316
flow-NPE,0.633946418762207,0.04670441150665283
flow-NPE,0.6535336971282959,0.2251795530319214
flow-NPE,0.62343430519104,0.11573588848114014
flow-NPE,0.5785083770751953,0.0056819915771484375
flow-NPE,0.605349063873291,0.22259020805358887
flow-NPE,0.6049760580062866,0.19189119338989258
flow-NPE,0.579471230506897,0.09875059127807617
flow-NPE,0.6575220823287964,-0.008274435997009277
flow-NPE,0.6044028997421265,0.1872272491455078
flow-NPE,0.6335275173187256,0.05240774154663086
flow-NPE,0.6437413692474365,-0.02846139669418335
flow-NPE,0.6259381771087646,0.18252384662628174
flow-NPE,0.5821080207824707,0.11000823974609375
flow-NPE,0.6313140392303467,-0.009073257446289062
flow-NPE,0.5948163270950317,0.09760379791259766
flow-NPE,0.6237484216690063,0.1411457061767578
flow-NPE,0.6340501308441162,0.15902721881866455
flow-NPE,0.6080813407897949,0.13724946975708008
flow-NPE,0.6083847284317017,0.14893066883087158
flow-NPE,0.5679466724395752,0.14431047439575195
flow-NPE,0.6963205337524414,0.038388729095458984
flow-NPE,0.5743886232376099,0.08492445945739746
flow-NPE,0.6349260807037354,0.1301485300064087
flow-NPE,0.5765094757080078,0.09739243984222412
flow-NPE,0.6365618705749512,0.09044754505157471
flow-NPE,0.6279256343841553,0.07176089286804199
flow-NPE,0.6169576644897461,0.11087560653686523
flow-NPE,0.6219233274459839,0.16895508766174316
flow-NPE,0.5998169183731079,0.15512347221374512
flow-NPE,0.6921637058258057,0.09700238704681396
flow-NPE,0.5931135416030884,0.20714163780212402
flow-NPE,0.6673977375030518,0.06830167770385742
flow-NPE,0.6212987899780273,0.12165200710296631
flow-NPE,0.5861328840255737,0.06560003757476807
flow-NPE,0.615113377571106,0.10254514217376709
flow-NPE,0.6082569360733032,0.19307005405426025
flow-NPE,0.5850931406021118,0.14451217651367188
flow-NPE,0.6214714050292969,0.10224294662475586
flow-NPE,0.6540597677230835,0.12476480007171631
flow-NPE,0.5921732187271118,0.23890042304992676
flow-NPE,0.6577404737472534,0.19404780864715576
flow-NPE,0.6017239093780518,0.16924667358398438
flow-NPE,0.6323525905609131,0.035123586654663086
flow-NPE,0.6448025703430176,0.04785025119781494
flow-NPE,0.6650978326797485,0.03051292896270752
flow-NPE,0.6113815307617188,0.12510931491851807
flow-NPE,0.6420508623123169,0.09784078598022461
flow-NPE,0.61210036277771,0.11190903186798096
flow-NPE,0.588292121887207,0.06136763095855713
flow-NPE,0.5748742818832397,0.059911251068115234
flow-NPE,0.5649442672729492,0.11728286743164062
flow-NPE,0.5570975542068481,0.12753558158874512
flow-NPE,0.6672945022583008,0.12464356422424316
flow-NPE,0.5829957723617554,0.13482987880706787
flow-NPE,0.6081728935241699,0.13582515716552734
flow-NPE,0.7047946453094482,-0.01764780282974243
flow-NPE,0.6596137285232544,0.15759599208831787
flow-NPE,0.6054595708847046,0.08431005477905273
flow-NPE,0.6234396696090698,0.2385573387145996
flow-NPE,0.6374406814575195,0.07031106948852539
flow-NPE,0.7179816961288452,0.11643528938293457
flow-NPE,0.5766518115997314,0.1296839714050293
flow-NPE,0.5548701286315918,0.02514481544494629
flow-NPE,0.594640851020813,0.06334292888641357
flow-NPE,0.6002795696258545,0.16088628768920898
flow-NPE,0.5612283945083618,0.08529055118560791
flow-NPE,0.6702592372894287,0.10102999210357666
flow-NPE,0.6515918970108032,0.15316009521484375
flow-NPE,0.590562105178833,0.11491525173187256
flow-NPE,0.5574294328689575,0.15508675575256348
flow-NPE,0.617117166519165,0.2015547752380371
flow-NPE,0.6385195255279541,0.1935669183731079
flow-NPE,0.6748632192611694,0.16972708702087402
flow-NPE,0.5944654941558838,0.09787774085998535
flow-NPE,0.5834038257598877,0.09387290477752686
flow-NPE,0.6610901355743408,0.1319136619567871
flow-NPE,0.5747597217559814,0.11634242534637451
flow-NPE,0.6031039953231812,0.13765883445739746
flow-NPE,0.6501032114028931,0.020998835563659668
flow-NPE,0.5664372444152832,0.1291358470916748
flow-NPE,0.6199474334716797,0.04277670383453369
flow-NPE,0.5470659732818604,0.12422740459442139
flow-NPE,0.5975273847579956,0.08942294120788574
flow-NPE,0.575408935546875,0.06664848327636719
flow-NPE,0.5704076290130615,0.06661689281463623
flow-NPE,0.6607505083084106,0.10946893692016602
flow-NPE,0.521881103515625,0.0910574197769165
flow-NPE,0.61241614818573,0.025905132293701172
flow-NPE,0.5775506496429443,0.1347944736480713
flow-NPE,0.719419002532959,0.09308600425720215
flow-NPE,0.6106654405593872,0.0358048677444458
flow-NPE,0.6009570360183716,0.1951441764831543
flow-NPE,0.6251641511917114,0.11077964305877686
flow-NPE,0.5817292928695679,0.1543254852294922
flow-NPE,0.6029932498931885,0.10252439975738525
flow-NPE,0.6271052360534668,0.07525813579559326
flow-NPE,0.5579341650009155,0.1121978759765625
flow-NPE,0.6218693256378174,0.12948620319366455
flow-NPE,0.6480724811553955,0.12521862983703613
flow-NPE,0.5869470834732056,0.19104421138763428
flow-NPE,0.6487374305725098,0.05577492713928223
flow-NPE,0.6059365272521973,0.07629024982452393
flow-NPE,0.6325637102127075,0.09357666969299316
flow-NPE,0.6750822067260742,0.10771989822387695
flow-NPE,0.5565824508666992,0.13874518871307373
flow-NPE,0.5719670057296753,0.17742621898651123
flow-NPE,0.6203123331069946,0.08453798294067383
flow-NPE,0.5642356872558594,0.06227612495422363
flow-NPE,0.6718317270278931,0.05168414115905762
flow-NPE,0.668181300163269,0.1106252670288086
flow-NPE,0.6498758792877197,0.04056227207183838
flow-NPE,0.6060987710952759,0.12563860416412354
flow-NPE,0.6219629049301147,0.05853450298309326
flow-NPE,0.6071164608001709,0.04267740249633789
flow-NPE,0.6414498090744019,0.12360358238220215
flow-NPE,0.6232465505599976,0.057970523834228516
flow-NPE,0.5744255781173706,0.13292062282562256
flow-NPE,0.6934959888458252,0.14493060111999512
flow-NPE,0.6552891731262207,0.07843255996704102
flow-NPE,0.6462448835372925,0.07062411308288574
flow-NPE,0.6744728088378906,0.026246309280395508
flow-NPE,0.6592669486999512,0.13498616218566895
flow-NPE,0.5705827474594116,0.038475632667541504
flow-NPE,0.6518329381942749,0.037199974060058594
flow-NPE,0.5830214023590088,0.023221492767333984
flow-NPE,0.6092911958694458,0.13194763660430908
flow-NPE,0.6413201093673706,0.06870508193969727
flow-NPE,0.5805230140686035,0.13475573062896729
flow-NPE,0.5917164087295532,0.11688768863677979
flow-NPE,0.5989645719528198,0.046158790588378906
flow-NPE,0.6013785600662231,0.2094193696975708
flow-NPE,0.6175953149795532,0.14684689044952393
flow-NPE,0.5957438945770264,0.05927884578704834
flow-NPE,0.6760693788528442,0.08755683898925781
flow-NPE,0.7279131412506104,0.05568742752075195
flow-NPE,0.6005431413650513,0.11486685276031494
flow-NPE,0.6411952972412109,0.15066111087799072
flow-NPE,0.6278965473175049,0.1372377872467041
flow-NPE,0.6634165048599243,0.010609030723571777
flow-NPE,0.6121702194213867,0.10293412208557129
flow-NPE,0.579395055770874,0.06295144557952881
flow-NPE,0.5557276010513306,0.09664082527160645
flow-NPE,0.6083316802978516,0.11784863471984863
flow-NPE,0.5933204889297485,0.1659759283065796
flow-NPE,0.6474308967590332,0.034784555435180664
flow-NPE,0.5831376314163208,0.18093538284301758
flow-NPE,0.63660728931427,0.231969952583313
flow-NPE,0.6301674842834473,0.04227030277252197
flow-NPE,0.6129292249679565,0.12628543376922607
flow-NPE,0.5800626277923584,0.08528411388397217
flow-NPE,0.6571438312530518,0.11442828178405762
flow-NPE,0.5754508972167969,0.15620112419128418
flow-NPE,0.6289252042770386,0.1168060302734375
flow-NPE,0.613753080368042,0.22509467601776123
flow-NPE,0.6403028964996338,0.14853239059448242
flow-NPE,0.6240679025650024,0.11741316318511963
flow-NPE,0.653411865234375,0.21778833866119385
flow-NPE,0.5858697891235352,0.1601930856704712
flow-NPE,0.5888681411743164,0.15006256103515625
flow-NPE,0.6374673843383789,0.04689478874206543
flow-NPE,0.5705095529556274,0.12115943431854248
flow-NPE,0.6129039525985718,0.010395646095275879
flow-NPE,0.6396056413650513,0.16945230960845947
flow-NPE,0.5806628465652466,0.07937049865722656
flow-NPE,0.5496066808700562,0.05583786964416504
flow-NPE,0.7023491859436035,0.07550036907196045
flow-NPE,0.6344408988952637,0.11984193325042725
flow-NPE,0.6763887405395508,0.1569727659225464
flow-NPE,0.6046578884124756,0.07705771923065186
flow-NPE,0.6349642276763916,0.0617985725402832
flow-NPE,0.6379432678222656,0.07704854011535645
flow-NPE,0.6662381887435913,0.14043569564819336
flow-NPE,0.6251055002212524,0.09264647960662842
flow-NPE,0.6210978031158447,0.1097877025604248
flow-NPE,0.6190422773361206,0.11738765239715576
flow-NPE,0.6818891763687134,0.07230985164642334
flow-NPE,0.6012786626815796,0.12082159519195557
flow-NPE,0.5988783836364746,0.11613261699676514
flow-NPE,0.5963122844696045,0.03955841064453125
flow-NPE,0.6036869287490845,0.14045202732086182
flow-NPE,0.6452202796936035,0.08874523639678955
flow-NPE,0.5825033187866211,0.06860709190368652
flow-NPE,0.6197800636291504,0.1584872007369995
flow-NPE,0.620391845703125,0.1172640323638916
flow-NPE,0.6582217216491699,0.12302148342132568
flow-NPE,0.585498571395874,0.09830522537231445
flow-NPE,0.6342799663543701,0.11087965965270996
flow-NPE,0.5820150375366211,-0.001628577709197998
flow-NPE,0.5462727546691895,0.10723114013671875
flow-NPE,0.648709774017334,0.10011887550354004
flow-NPE,0.7154327630996704,0.25689852237701416
flow-NPE,0.6359677314758301,0.08489644527435303
flow-NPE,0.6464407444000244,0.1576153039932251
flow-NPE,0.5197237730026245,0.041492462158203125
flow-NPE,0.4986764192581177,0.10306203365325928
flow-NPE,0.5531867742538452,0.08427786827087402
flow-NPE,0.6268938779830933,0.017312169075012207
flow-NPE,0.660621166229248,-0.03325420618057251
flow-NPE,0.564446210861206,0.11970114707946777
flow-NPE,0.6253089904785156,0.034079551696777344
flow-NPE,0.6280426979064941,0.1623678207397461
flow-NPE,0.5497604608535767,0.08878087997436523
flow-NPE,0.6210254430770874,0.11717450618743896
flow-NPE,0.6163421869277954,0.16967415809631348
flow-NPE,0.6115514039993286,0.07245981693267822
flow-NPE,0.6133919954299927,0.07482051849365234
flow-NPE,0.6942129135131836,0.08291995525360107
flow-NPE,0.5909371376037598,0.15861260890960693
flow-NPE,0.5958082675933838,0.021936535835266113
flow-NPE,0.6798309087753296,0.23463118076324463
flow-NPE,0.6106951236724854,0.1326833963394165
flow-NPE,0.6560382843017578,0.05757451057434082
flow-NPE,0.6377848386764526,0.05638277530670166
flow-NPE,0.6054915189743042,0.05845379829406738
flow-NPE,0.5544822216033936,0.07251358032226562
flow-NPE,0.5870264768600464,0.10039770603179932
flow-NPE,0.6230806112289429,0.11891734600067139
flow-NPE,0.5712589025497437,0.058531999588012695
flow-NPE,0.5812183618545532,0.05223095417022705
flow-NPE,0.6594638824462891,0.04619956016540527
flow-NPE,0.53727126121521,0.15600991249084473
flow-NPE,0.6162229776382446,0.14178109169006348
flow-NPE,0.6560730934143066,0.09292936325073242
flow-NPE,0.5803732872009277,0.0871349573135376
flow-NPE,0.6081862449645996,0.13492166996002197
flow-NPE,0.5976523160934448,0.19377291202545166
flow-NPE,0.5936404466629028,0.10746347904205322
flow-NPE,0.5939714908599854,0.15751588344573975
flow-NPE,0.59200119972229,0.11080610752105713
flow-NPE,0.6495747566223145,0.05204117298126221
flow-NPE,0.6274738311767578,0.15375041961669922
flow-NPE,0.6702194213867188,0.16195189952850342
flow-NPE,0.6168019771575928,0.11045825481414795
flow-NPE,0.5741240978240967,0.19770383834838867
flow-NPE,0.5804895162582397,0.10828328132629395
flow-NPE,0.5655019283294678,0.03481614589691162
flow-NPE,0.6395798921585083,-0.008315682411193848
flow-NPE,0.6271113157272339,0.031621456146240234
flow-NPE,0.707947850227356,0.00043320655822753906
flow-NPE,0.5721893310546875,0.05844402313232422
flow-NPE,0.6320420503616333,0.10380566120147705
flow-NPE,0.6844438314437866,0.10533773899078369
flow-NPE,0.6759258508682251,0.14854204654693604
flow-NPE,0.6506023406982422,0.10254168510437012
flow-NPE,0.6009615659713745,0.14805543422698975
flow-NPE,0.6163899898529053,0.13596975803375244
flow-NPE,0.6745576858520508,0.0920097827911377
flow-NPE,0.6142008304595947,0.17182564735412598
flow-NPE,0.6693974733352661,0.05186772346496582
flow-NPE,0.6605179309844971,0.11290442943572998
flow-NPE,0.6216553449630737,0.0349045991897583
flow-NPE,0.5910059213638306,0.047621965408325195
flow-NPE,0.6801314353942871,0.04702448844909668
flow-NPE,0.5846735239028931,0.12058436870574951
flow-NPE,0.5116007328033447,0.08561456203460693
flow-NPE,0.6698317527770996,0.018889904022216797
flow-NPE,0.6515096426010132,0.13536560535430908
flow-NPE,0.651522159576416,-0.0011647343635559082
flow-NPE,0.6034970283508301,0.15486741065979004
flow-NPE,0.6050060987472534,0.12990760803222656
flow-NPE,0.6175768375396729,0.10692691802978516
flow-NPE,0.6272397041320801,0.18298161029815674
flow-NPE,0.6183425188064575,0.10620450973510742
flow-NPE,0.5363146066665649,0.1152564287185669
flow-NPE,0.6293020248413086,0.08996820449829102
flow-NPE,0.5558809041976929,0.14977800846099854
flow-NPE,0.5771598815917969,0.12357747554779053
flow-NPE,0.5638031959533691,0.18105459213256836
flow-NPE,0.6058261394500732,0.042809486389160156
flow-NPE,0.6280310153961182,0.06085789203643799
flow-NPE,0.5778346061706543,0.10101759433746338
flow-NPE,0.5785403251647949,0.12950611114501953
flow-NPE,0.6082736253738403,0.02486252784729004
flow-NPE,0.6280306577682495,0.10435807704925537
flow-NPE,0.5815246105194092,0.20115911960601807
flow-NPE,0.5851608514785767,0.0719442367553711
flow-NPE,0.6091353893280029,0.1200098991394043
flow-NPE,0.6246645450592041,0.12198138236999512
flow-NPE,0.510034441947937,0.1399022340774536
flow-NPE,0.6182324886322021,0.12796664237976074
flow-NPE,0.6173766851425171,0.08908140659332275
flow-NPE,0.5501011610031128,0.1533207893371582
flow-NPE,0.6268270015716553,0.09908759593963623
flow-NPE,0.6984961032867432,0.07774674892425537
flow-NPE,0.6382898092269897,0.1358320713043213
flow-NPE,0.5546832084655762,0.09141838550567627
flow-NPE,0.6260536909103394,0.038063645362854004
flow-NPE,0.5854203701019287,0.10812938213348389
flow-NPE,0.6563012599945068,0.04506409168243408
flow-NPE,0.679010272026062,0.05062747001647949
flow-NPE,0.6040019989013672,0.23800957202911377
flow-NPE,0.5842553377151489,0.09629058837890625
flow-NPE,0.5742154121398926,0.08061361312866211
flow-NPE,0.5951459407806396,0.09857034683227539
flow-NPE,0.6356329917907715,0.01404273509979248
flow-NPE,0.6185246706008911,0.11932432651519775
flow-NPE,0.742859959602356,0.05583369731903076
flow-NPE,0.6331984996795654,0.033870577812194824
flow-NPE,0.6256450414657593,-0.0060422420501708984
flow-NPE,0.6271870136260986,0.11821365356445312
flow-NPE,0.6044464111328125,0.10318303108215332
flow-NPE,0.6751726865768433,0.1704186201095581
flow-NPE,0.6521672010421753,0.2385091781616211
flow-NPE,0.6110559701919556,0.05393481254577637
flow-NPE,0.6253788471221924,0.03914058208465576
flow-NPE,0.646452784538269,0.14575982093811035
flow-NPE,0.6006665229797363,0.06347835063934326
flow-NPE,0.628575325012207,0.07176029682159424
flow-NPE,0.677915096282959,0.08438324928283691
flow-NPE,0.5962212085723877,0.09380841255187988
flow-NPE,0.6228889226913452,0.2506141662597656
flow-NPE,0.6457498073577881,0.010981202125549316
flow-NPE,0.6213362216949463,0.17176556587219238
flow-NPE,0.5745803117752075,0.07376980781555176
flow-NPE,0.6474066972732544,0.03034079074859619
flow-NPE,0.6192950010299683,0.09782254695892334
flow-NPE,0.5812414884567261,0.020020008087158203
flow-NPE,0.6214332580566406,0.09681737422943115
flow-NPE,0.6733603477478027,0.03178000450134277
flow-NPE,0.5747494697570801,0.10815191268920898
flow-NPE,0.6806139945983887,0.12969088554382324
flow-NPE,0.6685795783996582,0.1281975507736206
flow-NPE,0.6177797317504883,0.13207459449768066
flow-NPE,0.5899931192398071,0.14371144771575928
flow-NPE,0.5650036334991455,0.12350857257843018
flow-NPE,0.6681296825408936,0.07797074317932129
flow-NPE,0.6218814849853516,0.19226539134979248
flow-NPE,0.6297719478607178,0.06771135330200195
flow-NPE,0.6211163997650146,0.18813860416412354
flow-NPE,0.6339792013168335,0.10367560386657715
flow-NPE,0.5589712858200073,0.10220229625701904
flow-NPE,0.5872622728347778,0.11809408664703369
flow-NPE,0.6303602457046509,0.21998190879821777
flow-NPE,0.6154607534408569,0.08426964282989502
flow-NPE,0.6836436986923218,0.016808629035949707
flow-NPE,0.623384952545166,0.15032696723937988
flow-NPE,0.603141188621521,0.13270938396453857
flow-NPE,0.608688235282898,0.16978192329406738
flow-NPE,0.5917872190475464,0.11364352703094482
flow-NPE,0.6210863590240479,0.20121538639068604
flow-NPE,0.6017886400222778,0.06753373146057129
flow-NPE,0.5807245969772339,0.14650177955627441
flow-NPE,0.626392126083374,0.15234220027923584
flow-NPE,0.609528660774231,0.1745232343673706
flow-NPE,0.6687699556350708,0.14193499088287354
flow-NPE,0.5530835390090942,0.1796102523803711
flow-NPE,0.6381291151046753,0.1300215721130371
flow-NPE,0.5939031839370728,0.04811227321624756
flow-NPE,0.5712052583694458,0.103179931640625
flow-NPE,0.6178456544876099,0.12789344787597656
flow-NPE,0.629966139793396,0.02548229694366455
flow-NPE,0.6022310256958008,0.18635344505310059
flow-NPE,0.570899486541748,0.04283559322357178
flow-NPE,0.620512843132019,0.14790761470794678
flow-NPE,0.5771334171295166,0.1843048334121704
flow-NPE,0.6252589225769043,0.18438851833343506
flow-NPE,0.6446877717971802,0.056887030601501465
flow-NPE,0.730110764503479,-0.1341199278831482
flow-NPE,0.613585352897644,0.11304950714111328
flow-NPE,0.6171863079071045,0.13427865505218506
flow-NPE,0.621807336807251,0.15045809745788574
flow-NPE,0.6234138011932373,0.1682424545288086
flow-NPE,0.6708041429519653,0.04616069793701172
flow-NPE,0.6496647596359253,0.14369451999664307
flow-NPE,0.6557767391204834,0.16115248203277588
flow-NPE,0.6213287115097046,0.0845484733581543
flow-NPE,0.6022783517837524,0.12392807006835938
flow-NPE,0.659819483757019,0.09203207492828369
flow-NPE,0.6128900051116943,0.0356978178024292
flow-NPE,0.5962691307067871,0.10961997509002686
flow-NPE,0.6470553874969482,0.09576845169067383
flow-NPE,0.5956132411956787,0.09254038333892822
flow-NPE,0.616026759147644,0.16956424713134766
flow-NPE,0.5806379318237305,0.0918121337890625
flow-NPE,0.5839091539382935,0.10341954231262207
flow-NPE,0.5930200815200806,0.11069738864898682
flow-NPE,0.5935522317886353,0.1340024471282959
flow-NPE,0.679352879524231,0.0671154260635376
flow-NPE,0.5867193937301636,-0.014275312423706055
flow-NPE,0.5881651639938354,0.21389400959014893
flow-NPE,0.6011573076248169,0.17898738384246826
flow-NPE,0.5981929302215576,0.10511898994445801
flow-NPE,0.5929521322250366,0.1437532901763916
flow-NPE,0.6309921741485596,0.134529709815979
flow-NPE,0.6187390089035034,0.1718435287475586
flow-NPE,0.632003664970398,0.036072373390197754
flow-NPE,0.5783710479736328,0.25356531143188477
flow-NPE,0.6190429925918579,0.12757861614227295
flow-NPE,0.5588264465332031,0.15885531902313232
flow-NPE,0.6176236867904663,0.13307535648345947
flow-NPE,0.579206109046936,0.14961254596710205
flow-NPE,0.631807804107666,0.05457639694213867
flow-NPE,0.663367748260498,0.07902038097381592
flow-NPE,0.5618642568588257,0.06851327419281006
flow-NPE,0.586990237236023,0.12735390663146973
flow-NPE,0.612637996673584,0.13589036464691162
flow-NPE,0.6224983930587769,0.13645684719085693
flow-NPE,0.579923152923584,0.11110615730285645
flow-NPE,0.5865417718887329,0.07725751399993896
flow-NPE,0.655448317527771,0.1680384874343872
flow-NPE,0.6476919651031494,0.19536936283111572
flow-NPE,0.6210118532180786,0.10373890399932861
flow-NPE,0.572171688079834,0.07334399223327637
flow-NPE,0.6537532806396484,0.18231916427612305
flow-NPE,0.5460050106048584,0.1302884817123413
flow-NPE,0.6095412969589233,0.02035212516784668
flow-NPE,0.6259444952011108,0.03441178798675537
flow-NPE,0.6319248676300049,0.20530986785888672
flow-NPE,0.6342694759368896,0.1335899829864502
flow-NPE,0.6939914226531982,0.21032655239105225
flow-NPE,0.6161593198776245,0.07202422618865967
flow-NPE,0.5962902307510376,0.1426926851272583
flow-NPE,0.6227251291275024,0.1293621063232422
flow-NPE,0.6617786884307861,0.09483170509338379
flow-NPE,0.6191734075546265,0.1527951955795288
flow-NPE,0.6762515306472778,0.17535364627838135
flow-NPE,0.6187533140182495,0.1258702278137207
flow-NPE,0.6362965106964111,0.06682038307189941
flow-NPE,0.620675802230835,0.14551019668579102
flow-NPE,0.6871665716171265,0.2680666446685791
flow-NPE,0.6040008068084717,0.09460973739624023
flow-NPE,0.7068983316421509,0.05120646953582764
flow-NPE,0.6162512302398682,0.14471209049224854
flow-NPE,0.6481376886367798,0.1355440616607666
flow-NPE,0.6471896171569824,0.11046350002288818
flow-NPE,0.6356295347213745,0.10971152782440186
flow-NPE,0.5524897575378418,0.11691570281982422
flow-NPE,0.613762378692627,0.15864574909210205
flow-NPE,0.6024667024612427,0.14246845245361328
flow-NPE,0.6143698692321777,0.1879713535308838
flow-NPE,0.5775101184844971,0.10801362991333008
flow-NPE,0.6042327880859375,0.22968518733978271
flow-NPE,0.6289997100830078,0.12374842166900635
flow-NPE,0.6191270351409912,0.20470929145812988
flow-NPE,0.6491738557815552,0.04887056350708008
flow-NPE,0.6045678853988647,0.09024620056152344
flow-NPE,0.6112724542617798,0.11118662357330322
flow-NPE,0.6381272077560425,0.1239628791809082
flow-NPE,0.6190521717071533,0.16724324226379395
flow-NPE,0.6178617477416992,0.042768120765686035
flow-NPE,0.618653416633606,0.13738226890563965
flow-NPE,0.5951145887374878,0.06080293655395508
flow-NPE,0.5896878242492676,0.04884159564971924
flow-NPE,0.5835785865783691,0.08299005031585693
flow-NPE,0.6480287313461304,0.12498986721038818
flow-NPE,0.6477137804031372,0.09284329414367676
flow-NPE,0.6080226898193359,0.08051466941833496
flow-NPE,0.6810803413391113,0.07275259494781494
flow-NPE,0.5877044200897217,0.17198574542999268
flow-NPE,0.6235865354537964,0.1154407262802124
flow-NPE,0.5822439193725586,0.08367013931274414
flow-NPE,0.6408945322036743,0.051969051361083984
flow-NPE,0.6344345808029175,0.20778489112854004
flow-NPE,0.6346877813339233,0.16429293155670166
flow-NPE,0.6058385372161865,0.0868678092956543
flow-NPE,0.602192759513855,0.05049943923950195
flow-NPE,0.6719117164611816,0.09400951862335205
flow-NPE,0.5979580879211426,0.23613905906677246
flow-NPE,0.6092100143432617,0.141656756401062
flow-NPE,0.6365550756454468,0.11541497707366943
flow-NPE,0.6341053247451782,0.13676238059997559
flow-NPE,0.6014237403869629,0.12402462959289551
flow-NPE,0.6293017864227295,0.08195459842681885
flow-NPE,0.6072384119033813,0.059299468994140625
flow-NPE,0.6430807113647461,0.1448197364807129
flow-NPE,0.5604825019836426,0.10773897171020508
flow-NPE,0.6511952877044678,0.10711443424224854
flow-NPE,0.6388167142868042,0.07720351219177246
flow-NPE,0.599806547164917,0.09775269031524658
flow-NPE,0.5923417806625366,0.1610279083251953
flow-NPE,0.5934032201766968,0.23317217826843262
flow-NPE,0.6184232234954834,0.09010303020477295
flow-NPE,0.6208336353302002,0.18960368633270264
flow-NPE,0.599359393119812,0.17791259288787842
flow-NPE,0.6047683954238892,0.09955263137817383
flow-NPE,0.6557024717330933,0.11975729465484619
flow-NPE,0.706467866897583,0.031082630157470703
flow-NPE,0.5908204317092896,0.17218530178070068
flow-NPE,0.6086200475692749,0.19394981861114502
flow-NPE,0.6089955568313599,0.07720494270324707
flow-NPE,0.551662802696228,0.11329388618469238
flow-NPE,0.6534675359725952,0.14977657794952393
flow-NPE,0.6849889755249023,0.1853238344192505
flow-NPE,0.680457353591919,0.255190372467041
flow-NPE,0.6369292736053467,0.16421496868133545
flow-NPE,0.6541094779968262,0.18930542469024658
flow-NPE,0.6135954856872559,0.0691823959350586
flow-NPE,0.6327536106109619,0.12018585205078125
flow-NPE,0.578425407409668,0.10439813137054443
flow-NPE,0.6274247169494629,0.06486630439758301
flow-NPE,0.6164370775222778,-0.0025593042373657227
flow-NPE,0.6000813245773315,-0.010489583015441895
flow-NPE,0.5877773761749268,0.04667949676513672
flow-NPE,0.5850187540054321,0.08382809162139893
flow-NPE,0.5564459562301636,0.06385314464569092
flow-NPE,0.5621993541717529,0.0962822437286377
flow-NPE,0.6162577867507935,0.1331462860107422
flow-NPE,0.6748771667480469,0.047324299812316895
flow-NPE,0.5887408256530762,0.0676724910736084
flow-NPE,0.5922396183013916,0.11014091968536377
flow-NPE,0.6945368051528931,0.08030807971954346
flow-NPE,0.5923961400985718,0.08308279514312744
flow-NPE,0.6196373701095581,0.04463696479797363
flow-NPE,0.6010972261428833,0.06576800346374512
flow-NPE,0.5879510641098022,0.14656364917755127
flow-NPE,0.6203147172927856,0.14017939567565918
flow-NPE,0.6529690027236938,0.079764723777771
flow-NPE,0.6767418384552002,0.07218146324157715
flow-NPE,0.6086856126785278,0.1702861785888672
flow-NPE,0.628490686416626,0.07784068584442139
flow-NPE,0.5867092609405518,0.010715246200561523
flow-NPE,0.5933619737625122,0.0945885181427002
flow-NPE,0.659469723701477,0.1725248098373413
flow-NPE,0.529498815536499,0.06000518798828125
flow-NPE,0.6347023248672485,0.1343933343887329
flow-NPE,0.6583994626998901,0.0753854513168335
flow-NPE,0.6074291467666626,0.11747336387634277
flow-NPE,0.6443772315979004,0.03458821773529053
flow-NPE,0.6246908903121948,0.061528921127319336
flow-NPE,0.6364864110946655,0.07280635833740234
flow-NPE,0.6456166505813599,0.16039597988128662
flow-NPE,0.6774179935455322,0.14105963706970215
flow-NPE,0.6974676847457886,0.15827155113220215
flow-NPE,0.5888069868087769,0.04241180419921875
flow-NPE,0.5333828926086426,0.08573949337005615
flow-NPE,0.6032000780105591,0.1194922924041748
flow-NPE,0.6049420833587646,0.12816202640533447
flow-NPE,0.5924553871154785,0.03398466110229492
flow-NPE,0.5837129354476929,0.01475834846496582
flow-NPE,0.570755124092102,0.11491620540618896
flow-NPE,0.5589947700500488,0.15729987621307373
flow-NPE,0.648606538772583,0.07901322841644287
flow-NPE,0.626116156578064,0.11286962032318115
flow-NPE,0.6323487758636475,0.07087695598602295
flow-NPE,0.5911538600921631,0.13956749439239502
flow-NPE,0.6629514694213867,0.08183586597442627
flow-NPE,0.6506658792495728,0.10959625244140625
flow-NPE,0.5765812397003174,0.17990899085998535
flow-NPE,0.5890418291091919,0.07754814624786377
flow-NPE,0.5786967277526855,0.053547024726867676
flow-NPE,0.6206670999526978,0.18313121795654297
flow-NPE,0.6861451864242554,0.12080204486846924
flow-NPE,0.5917339324951172,0.10407817363739014
flow-NPE,0.6712554693222046,0.1771148443222046
flow-NPE,0.5935786962509155,0.1721811294555664
flow-NPE,0.5934369564056396,0.24266886711120605
flow-NPE,0.5857580900192261,0.019351482391357422
flow-NPE,0.5317990779876709,0.07617127895355225
flow-NPE,0.6128948926925659,0.1637115478515625
flow-NPE,0.6117695569992065,0.10958707332611084
flow-NPE,0.6209397315979004,0.07247769832611084
flow-NPE,0.6352972984313965,0.047881484031677246
flow-NPE,0.6225377321243286,0.1133037805557251
flow-NPE,0.6111235618591309,0.1530054807662964
flow-NPE,0.6144078969955444,0.0887155532836914
flow-NPE,0.6072978973388672,0.027605533599853516
flow-NPE,0.6082663536071777,0.13850831985473633
flow-NPE,0.6245485544204712,0.03866684436798096
flow-NPE,0.6092735528945923,0.21383953094482422
flow-NPE,0.6370965242385864,0.10902571678161621
flow-NPE,0.592840313911438,0.09431517124176025
flow-NPE,0.6750631332397461,0.06360948085784912
flow-NPE,0.560958743095398,0.12478554248809814
flow-NPE,0.6132248640060425,0.12081503868103027
flow-NPE,0.5878686904907227,0.07530629634857178
flow-NPE,0.5859531164169312,0.08351516723632812
flow-NPE,0.5984208583831787,0.04043006896972656
flow-NPE,0.6652446985244751,0.20100295543670654
flow-NPE,0.5965421199798584,0.023687362670898438
Gaussian-NPE,0.6313265562057495,0.18595504760742188
Gaussian-NPE,0.6030368804931641,0.06299817562103271
Gaussian-NPE,0.641834020614624,0.16838598251342773
Gaussian-NPE,0.6221178770065308,0.12667393684387207
Gaussian-NPE,0.6398510932922363,0.09283566474914551
Gaussian-NPE,0.6337966918945312,0.08455765247344971
Gaussian-NPE,0.6873174905776978,0.18162238597869873
Gaussian-NPE,0.5715478658676147,0.19627487659454346
Gaussian-NPE,0.6570312976837158,0.0694117546081543
Gaussian-NPE,0.6387951374053955,0.10617029666900635
Gaussian-NPE,0.5759303569793701,0.07297658920288086
Gaussian-NPE,0.5817594528198242,0.1507197618484497
Gaussian-NPE,0.6036624908447266,0.05637037754058838
Gaussian-NPE,0.55536949634552,0.10245132446289062
Gaussian-NPE,0.6374843120574951,0.19938111305236816
Gaussian-NPE,0.627841591835022,0.25309956073760986
Gaussian-NPE,0.6418980360031128,0.10252344608306885
Gaussian-NPE,0.6062482595443726,0.07645630836486816
Gaussian-NPE,0.6174063682556152,0.05976390838623047
Gaussian-NPE,0.5850857496261597,0.14326417446136475
Gaussian-NPE,0.6478229761123657,0.10620343685150146
Gaussian-NPE,0.6352354288101196,0.06993675231933594
Gaussian-NPE,0.6519560813903809,0.10921275615692139
Gaussian-NPE,0.6456378698348999,0.16665637493133545
Gaussian-NPE,0.6076208353042603,0.10175037384033203
Gaussian-NPE,0.6362005472183228,0.13703370094299316
Gaussian-NPE,0.6496237516403198,0.07541048526763916
Gaussian-NPE,0.6139224767684937,0.13011503219604492
Gaussian-NPE,0.6038130521774292,0.07886028289794922
Gaussian-NPE,0.6341679096221924,0.11741924285888672
Gaussian-NPE,0.641055703163147,0.07550609111785889
Gaussian-NPE,0.664456844329834,0.1566106081008911
Gaussian-NPE,0.529870867729187,0.1439424753189087
Gaussian-NPE,0.5965721607208252,0.12958037853240967
Gaussian-NPE,0.6482170820236206,0.14645683765411377
Gaussian-NPE,0.5648183822631836,0.161942720413208
Gaussian-NPE,0.6371493339538574,0.11517524719238281
Gaussian-NPE,0.6830528974533081,0.1835864782333374
Gaussian-NPE,0.6053842306137085,0.07816863059997559
Gaussian-NPE,0.6493028402328491,0.15305805206298828
Gaussian-NPE,0.6265814304351807,0.13207364082336426
Gaussian-NPE,0.5339809656143188,0.0532228946685791
Gaussian-NPE,0.6630752086639404,0.13694584369659424
Gaussian-NPE,0.5414772033691406,0.17728078365325928
Gaussian-NPE,0.5834476947784424,0.12274432182312012
Gaussian-NPE,0.6533145904541016,0.15306496620178223
Gaussian-NPE,0.6984919309616089,0.057088613510131836
Gaussian-NPE,0.627522349357605,0.10816788673400879
Gaussian-NPE,0.5814019441604614,0.17893481254577637
Gaussian-NPE,0.6389063596725464,0.07653939723968506
Gaussian-NPE,0.619826078414917,0.20020711421966553
Gaussian-NPE,0.6492255926132202,0.20098698139190674
Gaussian-NPE,0.6251213550567627,0.20141220092773438
Gaussian-NPE,0.6745929718017578,0.14850926399230957
Gaussian-NPE,0.5663434267044067,0.061278462409973145
Gaussian-NPE,0.5741651058197021,0.16922366619110107
Gaussian-NPE,0.6394181251525879,0.13010597229003906
Gaussian-NPE,0.6106942892074585,0.02420639991760254
Gaussian-NPE,0.6206365823745728,0.212249755859375
Gaussian-NPE,0.5926198959350586,0.12903153896331787
Gaussian-NPE,0.6303550004959106,0.1798797845840454
Gaussian-NPE,0.5915744304656982,0.0446854829788208
Gaussian-NPE,0.6243900060653687,0.21023786067962646
Gaussian-NPE,0.6530231237411499,0.1724705696105957
Gaussian-NPE,0.573886513710022,0.01300191879272461
Gaussian-NPE,0.6782240867614746,0.20173382759094238
Gaussian-NPE,0.6610437631607056,0.04741334915161133
Gaussian-NPE,0.5730229616165161,0.10962831974029541
Gaussian-NPE,0.665777325630188,0.21068263053894043
Gaussian-NPE,0.6612845659255981,0.08170318603515625
Gaussian-NPE,0.629747748374939,0.06193423271179199
Gaussian-NPE,0.6607156991958618,0.07740247249603271
Gaussian-NPE,0.6145741939544678,0.14386296272277832
Gaussian-NPE,0.6504780054092407,0.12229466438293457
Gaussian-NPE,0.6259922981262207,0.14856946468353271
Gaussian-NPE,0.627753734588623,0.2213057279586792
Gaussian-NPE,0.700287938117981,0.18966829776763916
Gaussian-NPE,0.6277191638946533,0.28754639625549316
Gaussian-NPE,0.5758060216903687,0.10876023769378662
Gaussian-NPE,0.634919285774231,0.14328908920288086
Gaussian-NPE,0.6464395523071289,0.1600414514541626
Gaussian-NPE,0.6737982034683228,0.15316426753997803
Gaussian-NPE,0.6199960708618164,0.07038021087646484
Gaussian-NPE,0.6071169376373291,0.10570418834686279
Gaussian-NPE,0.6561930179595947,0.13228631019592285
Gaussian-NPE,0.5417819023132324,0.09332072734832764
Gaussian-NPE,0.6085741519927979,0.030088305473327637
Gaussian-NPE,0.663271427154541,0.12331044673919678
Gaussian-NPE,0.6253842115402222,0.14539146423339844
Gaussian-NPE,0.6502695083618164,-0.018482983112335205
Gaussian-NPE,0.5439444780349731,0.18796956539154053
Gaussian-NPE,0.653204083442688,0.12623071670532227
Gaussian-NPE,0.6589415073394775,0.13617336750030518
Gaussian-NPE,0.6513051986694336,0.08612990379333496
Gaussian-NPE,0.5557301044464111,0.030492663383483887
Gaussian-NPE,0.6761250495910645,0.14770817756652832
Gaussian-NPE,0.6093918085098267,0.2531006336212158
Gaussian-NPE,0.6612973213195801,0.23548674583435059
Gaussian-NPE,0.6598608493804932,0.13230204582214355
Gaussian-NPE,0.6311227083206177,0.10746884346008301
Gaussian-NPE,0.6571477651596069,0.06758308410644531
Gaussian-NPE,0.60728919506073,0.10014355182647705
Gaussian-NPE,0.5888055562973022,0.12890183925628662
Gaussian-NPE,0.634541392326355,-0.01672351360321045
Gaussian-NPE,0.5981253385543823,0.07577085494995117
Gaussian-NPE,0.6138025522232056,0.18940627574920654
Gaussian-NPE,0.589368462562561,0.060494184494018555
Gaussian-NPE,0.5850679874420166,0.24416720867156982
Gaussian-NPE,0.6310093402862549,0.06848883628845215
Gaussian-NPE,0.6769429445266724,0.17052888870239258
Gaussian-NPE,0.5210511684417725,0.12707483768463135
Gaussian-NPE,0.6561897993087769,0.14433717727661133
Gaussian-NPE,0.6709671020507812,0.05298876762390137
Gaussian-NPE,0.5995231866836548,0.19412624835968018
Gaussian-NPE,0.5831574201583862,0.10078799724578857
Gaussian-NPE,0.6168422698974609,0.20471978187561035
Gaussian-NPE,0.5419042110443115,0.07562363147735596
Gaussian-NPE,0.5709068775177002,0.10726869106292725
Gaussian-NPE,0.6735564470291138,0.10501956939697266
Gaussian-NPE,0.6073874235153198,0.20082223415374756
Gaussian-NPE,0.6325033903121948,0.15134382247924805
Gaussian-NPE,0.6313196420669556,0.15078699588775635
Gaussian-NPE,0.7029757499694824,0.10683345794677734
Gaussian-NPE,0.629894495010376,0.1294492483139038
Gaussian-NPE,0.639183759689331,0.1038658618927002
Gaussian-NPE,0.6586681604385376,0.037821054458618164
Gaussian-NPE,0.6079133749008179,0.2090909481048584
Gaussian-NPE,0.6514705419540405,0.21206676959991455
Gaussian-NPE,0.5959763526916504,0.07642221450805664
Gaussian-NPE,0.5874948501586914,0.11944794654846191
Gaussian-NPE,0.6750063896179199,0.08358073234558105
Gaussian-NPE,0.6259433031082153,0.17689204216003418
Gaussian-NPE,0.5933319330215454,0.18134427070617676
Gaussian-NPE,0.6847357749938965,0.049974679946899414
Gaussian-NPE,0.6523280143737793,0.13506817817687988
Gaussian-NPE,0.6481271982192993,0.21306097507476807
Gaussian-NPE,0.5813217163085938,0.21413111686706543
Gaussian-NPE,0.6285750865936279,0.19112622737884521
Gaussian-NPE,0.6137373447418213,0.07368576526641846
Gaussian-NPE,0.6048614978790283,0.13784801959991455
Gaussian-NPE,0.6316531896591187,0.10178542137145996
Gaussian-NPE,0.5660606622695923,0.0907447338104248
Gaussian-NPE,0.641730785369873,0.16031086444854736
Gaussian-NPE,0.6141366958618164,0.14664554595947266
Gaussian-NPE,0.6218645572662354,0.20383644104003906
Gaussian-NPE,0.6300957202911377,0.18233704566955566
Gaussian-NPE,0.6341725587844849,0.11369311809539795
Gaussian-NPE,0.5771265029907227,0.15801513195037842
Gaussian-NPE,0.6636965274810791,0.15132999420166016
Gaussian-NPE,0.6524568796157837,0.149375319480896
Gaussian-NPE,0.6758278608322144,0.20682275295257568
Gaussian-NPE,0.6465517282485962,0.05584526062011719
Gaussian-NPE,0.5983030796051025,0.12607097625732422
Gaussian-NPE,0.6484805345535278,0.14655864238739014
Gaussian-NPE,0.6317332983016968,0.23066270351409912
Gaussian-NPE,0.6485592126846313,0.12396371364593506
Gaussian-NPE,0.6531515121459961,0.08530688285827637
Gaussian-NPE,0.6173861026763916,0.10781991481781006
Gaussian-NPE,0.6567307710647583,0.08469927310943604
Gaussian-NPE,0.6064308881759644,0.17140448093414307
Gaussian-NPE,0.6633268594741821,0.1746978759765625
Gaussian-NPE,0.6196097135543823,0.09568953514099121
Gaussian-NPE,0.6012558937072754,0.1615356206893921
Gaussian-NPE,0.60881507396698,0.23239970207214355
Gaussian-NPE,0.5716400146484375,0.13299930095672607
Gaussian-NPE,0.6234582662582397,0.1784294843673706
Gaussian-NPE,0.6356410980224609,0.11736190319061279
Gaussian-NPE,0.6489111185073853,0.0814739465713501
Gaussian-NPE,0.5923339128494263,0.16719532012939453
Gaussian-NPE,0.6329677104949951,0.06624782085418701
Gaussian-NPE,0.6857689619064331,0.13046705722808838
Gaussian-NPE,0.6063672304153442,0.1718682050704956
Gaussian-NPE,0.6663637161254883,0.039705872535705566
Gaussian-NPE,0.6345276832580566,0.15693700313568115
Gaussian-NPE,0.6337080001831055,0.19070160388946533
Gaussian-NPE,0.5799601078033447,0.07610964775085449
Gaussian-NPE,0.6237620115280151,0.1320967674255371
Gaussian-NPE,0.6624339818954468,0.12815797328948975
Gaussian-NPE,0.599367618560791,0.014212250709533691
Gaussian-NPE,0.6655087471008301,0.046860694885253906
Gaussian-NPE,0.6076409816741943,0.049842238426208496
Gaussian-NPE,0.6041820049285889,0.13699114322662354
Gaussian-NPE,0.618775486946106,0.13046050071716309
Gaussian-NPE,0.6008462905883789,0.16693973541259766
Gaussian-NPE,0.6756585836410522,0.1391916275024414
Gaussian-NPE,0.5695890188217163,0.21099281311035156
Gaussian-NPE,0.6793605089187622,0.12063717842102051
Gaussian-NPE,0.5903661251068115,0.14017081260681152
Gaussian-NPE,0.6728634834289551,0.08750927448272705
Gaussian-NPE,0.556396484375,0.12290620803833008
Gaussian-NPE,0.6414549350738525,0.16842079162597656
Gaussian-NPE,0.5931286811828613,0.1150885820388794
Gaussian-NPE,0.6229767799377441,0.13916122913360596
Gaussian-NPE,0.6142889261245728,0.10780227184295654
Gaussian-NPE,0.6583636999130249,0.11693036556243896
Gaussian-NPE,0.5787776708602905,0.13908171653747559
Gaussian-NPE,0.6049973964691162,0.1150815486907959
Gaussian-NPE,0.5221720933914185,0.03132176399230957
Gaussian-NPE,0.5544518232345581,0.18879282474517822
Gaussian-NPE,0.5971910953521729,0.05301189422607422
Gaussian-NPE,0.6193176507949829,0.14056813716888428
Gaussian-NPE,0.6219190359115601,0.1876131296157837
Gaussian-NPE,0.6749706268310547,0.1350642442703247
Gaussian-NPE,0.59586501121521,0.14173364639282227
Gaussian-NPE,0.6500231027603149,0.013167023658752441
Gaussian-NPE,0.6423430442810059,0.20606982707977295
Gaussian-NPE,0.6282801628112793,0.09753024578094482
Gaussian-NPE,0.5611394643783569,0.10290884971618652
Gaussian-NPE,0.6862133741378784,0.2408543825149536
Gaussian-NPE,0.5674619674682617,0.022289156913757324
Gaussian-NPE,0.6947308778762817,0.11217129230499268
Gaussian-NPE,0.6591590642929077,0.0814208984375
Gaussian-NPE,0.5938079357147217,0.10085749626159668
Gaussian-NPE,0.5926427841186523,0.13676059246063232
Gaussian-NPE,0.6683119535446167,0.13878798484802246
Gaussian-NPE,0.6245378255844116,0.14902424812316895
Gaussian-NPE,0.5526014566421509,0.09712886810302734
Gaussian-NPE,0.6416411399841309,0.0967491865158081
Gaussian-NPE,0.6210253238677979,0.07708048820495605
Gaussian-NPE,0.6443278789520264,0.11710917949676514
Gaussian-NPE,0.6347166299819946,0.09555017948150635
Gaussian-NPE,0.5888816118240356,0.1102440357208252
Gaussian-NPE,0.5887734889984131,0.0935354232788086
Gaussian-NPE,0.6007280349731445,0.12302756309509277
Gaussian-NPE,0.5942701101303101,0.08073854446411133
Gaussian-NPE,0.6242355108261108,0.19242799282073975
Gaussian-NPE,0.6219699382781982,0.1411377191543579
Gaussian-NPE,0.6174126863479614,0.08769893646240234
Gaussian-NPE,0.5790392160415649,0.20661604404449463
Gaussian-NPE,0.5837115049362183,0.2571885585784912
Gaussian-NPE,0.6369438171386719,0.08104276657104492
Gaussian-NPE,0.5998656749725342,0.17678022384643555
Gaussian-NPE,0.6624523401260376,0.1565842628479004
Gaussian-NPE,0.6039788722991943,0.1097179651260376
Gaussian-NPE,0.5831780433654785,0.10064995288848877
Gaussian-NPE,0.545695424079895,0.14045274257659912
Gaussian-NPE,0.6650228500366211,0.2149198055267334
Gaussian-NPE,0.6307786703109741,0.1713857650756836
Gaussian-NPE,0.6192529201507568,0.11612772941589355
Gaussian-NPE,0.650161862373352,0.08385705947875977
Gaussian-NPE,0.6322951316833496,0.1022951602935791
Gaussian-NPE,0.630328893661499,0.1457594633102417
Gaussian-NPE,0.5208518505096436,0.13803434371948242
Gaussian-NPE,0.6396374702453613,0.11611032485961914
Gaussian-NPE,0.607469916343689,0.11048030853271484
Gaussian-NPE,0.6022634506225586,0.07857394218444824
Gaussian-NPE,0.5904353857040405,0.17971599102020264
Gaussian-NPE,0.602272629737854,0.17937779426574707
Gaussian-NPE,0.5680584907531738,0.10695075988769531
Gaussian-NPE,0.6194897890090942,-0.016680777072906494
Gaussian-NPE,0.6263762712478638,0.16410815715789795
Gaussian-NPE,0.5635639429092407,0.04224205017089844
Gaussian-NPE,0.6464022397994995,0.1060255765914917
Gaussian-NPE,0.5959582328796387,0.185094952583313
Gaussian-NPE,0.5950149297714233,0.12034273147583008
Gaussian-NPE,0.5769830942153931,0.04777824878692627
Gaussian-NPE,0.5961328744888306,0.15446984767913818
Gaussian-NPE,0.6713284254074097,0.15445244312286377
Gaussian-NPE,0.6091257333755493,0.09520769119262695
Gaussian-NPE,0.6240278482437134,0.20574653148651123
Gaussian-NPE,0.6039249897003174,0.18236732482910156
Gaussian-NPE,0.6077656745910645,0.13875603675842285
Gaussian-NPE,0.6694446802139282,0.16083061695098877
Gaussian-NPE,0.6025879383087158,0.038779377937316895
Gaussian-NPE,0.6377248764038086,0.08686113357543945
Gaussian-NPE,0.5389031171798706,0.14488840103149414
Gaussian-NPE,0.6345406770706177,0.1459723711013794
Gaussian-NPE,0.6271761655807495,0.08103907108306885
Gaussian-NPE,0.6722832918167114,0.12654149532318115
Gaussian-NPE,0.5994322299957275,0.03579139709472656
Gaussian-NPE,0.6427962779998779,0.17660486698150635
Gaussian-NPE,0.6657299995422363,0.18588435649871826
Gaussian-NPE,0.5290355682373047,0.134307861328125
Gaussian-NPE,0.5740623474121094,0.10542511940002441
Gaussian-NPE,0.6626335382461548,0.12033724784851074
Gaussian-NPE,0.5382604598999023,0.07062351703643799
Gaussian-NPE,0.610012412071228,0.013177156448364258
Gaussian-NPE,0.6366102695465088,0.20591342449188232
Gaussian-NPE,0.6145373582839966,0.14820241928100586
Gaussian-NPE,0.6274576187133789,0.16551709175109863
Gaussian-NPE,0.6361119747161865,0.19194459915161133
Gaussian-NPE,0.6067672967910767,0.11124181747436523
Gaussian-NPE,0.6159892082214355,0.06259942054748535
Gaussian-NPE,0.6279648542404175,0.08554577827453613
Gaussian-NPE,0.6476821899414062,0.11778783798217773
Gaussian-NPE,0.6071126461029053,0.09547841548919678
Gaussian-NPE,0.6125127077102661,0.07517039775848389
Gaussian-NPE,0.5979573726654053,0.12343335151672363
Gaussian-NPE,0.605689525604248,0.11654722690582275
Gaussian-NPE,0.6833738088607788,0.1843576431274414
Gaussian-NPE,0.6099932193756104,0.10882830619812012
Gaussian-NPE,0.6360882520675659,0.136763334274292
Gaussian-NPE,0.5854747295379639,0.15895771980285645
Gaussian-NPE,0.6458345651626587,0.031758904457092285
Gaussian-NPE,0.5724308490753174,0.2077258825302124
Gaussian-NPE,0.5644993782043457,0.06391918659210205
Gaussian-NPE,0.6468914747238159,0.09578931331634521
Gaussian-NPE,0.6272542476654053,0.07520759105682373
Gaussian-NPE,0.6184489727020264,0.14241111278533936
Gaussian-NPE,0.6254678964614868,0.08221840858459473
Gaussian-NPE,0.616917610168457,0.15745842456817627
Gaussian-NPE,0.6396117210388184,0.17071056365966797
Gaussian-NPE,0.6495025157928467,0.17358529567718506
Gaussian-NPE,0.6272896528244019,0.2100081443786621
Gaussian-NPE,0.5682163238525391,0.09353089332580566
Gaussian-NPE,0.6151708364486694,0.10446178913116455
Gaussian-NPE,0.6227630376815796,0.16461336612701416
Gaussian-NPE,0.6524704694747925,0.15457725524902344
Gaussian-NPE,0.6035788059234619,0.1405794620513916
Gaussian-NPE,0.6822468042373657,0.15043139457702637
Gaussian-NPE,0.5291481018066406,0.12262725830078125
Gaussian-NPE,0.5806851387023926,0.09274661540985107
Gaussian-NPE,0.641081690788269,0.1500093936920166
Gaussian-NPE,0.6116840839385986,0.027316927909851074
Gaussian-NPE,0.6124701499938965,0.12912297248840332
Gaussian-NPE,0.6342813968658447,0.13759613037109375
Gaussian-NPE,0.6156749725341797,0.15688979625701904
Gaussian-NPE,0.5929641723632812,0.1233057975769043
Gaussian-NPE,0.6269491910934448,0.21721386909484863
Gaussian-NPE,0.6718677282333374,0.19104087352752686
Gaussian-NPE,0.5721868276596069,0.07116138935089111
Gaussian-NPE,0.6199344396591187,0.07428991794586182
Gaussian-NPE,0.6436699628829956,0.16804492473602295
Gaussian-NPE,0.6107971668243408,0.07990789413452148
Gaussian-NPE,0.5769977569580078,0.1425185203552246
Gaussian-NPE,0.6234046220779419,0.13863778114318848
Gaussian-NPE,0.6202507019042969,0.10389971733093262
Gaussian-NPE,0.625585675239563,0.13671791553497314
Gaussian-NPE,0.635560154914856,0.060501933097839355
Gaussian-NPE,0.6608327627182007,0.18910634517669678
Gaussian-NPE,0.6197247505187988,0.07501554489135742
Gaussian-NPE,0.6958580017089844,0.12057101726531982
Gaussian-NPE,0.6019681692123413,0.1548459529876709
Gaussian-NPE,0.5936707258224487,0.2480870485305786
Gaussian-NPE,0.6165628433227539,0.18799352645874023
Gaussian-NPE,0.5757489204406738,0.07838034629821777
Gaussian-NPE,0.6349843740463257,0.06453442573547363
Gaussian-NPE,0.6173100471496582,0.08838272094726562
Gaussian-NPE,0.5983607769012451,0.13302528858184814
Gaussian-NPE,0.6525318622589111,0.10105741024017334
Gaussian-NPE,0.638343334197998,0.09273648262023926
Gaussian-NPE,0.5676352977752686,0.11313486099243164
Gaussian-NPE,0.6193159818649292,0.21554934978485107
Gaussian-NPE,0.518415093421936,0.15132391452789307
Gaussian-NPE,0.5875611305236816,0.05551326274871826
Gaussian-NPE,0.6399739980697632,0.19646382331848145
Gaussian-NPE,0.6330313682556152,0.09191584587097168
Gaussian-NPE,0.6271982192993164,0.12753534317016602
Gaussian-NPE,0.5993503332138062,0.06537806987762451
Gaussian-NPE,0.6012977361679077,0.022795796394348145
Gaussian-NPE,0.6656655073165894,0.07887744903564453
Gaussian-NPE,0.5742193460464478,0.13032007217407227
Gaussian-NPE,0.5392725467681885,0.17256426811218262
Gaussian-NPE,0.6670782566070557,0.20373499393463135
Gaussian-NPE,0.5305075645446777,0.15338337421417236
Gaussian-NPE,0.6271344423294067,0.06394302845001221
Gaussian-NPE,0.6327512264251709,0.22350633144378662
Gaussian-NPE,0.5800248384475708,0.14687764644622803
Gaussian-NPE,0.5902340412139893,0.13146650791168213
Gaussian-NPE,0.5980015993118286,0.04374837875366211
Gaussian-NPE,0.5639504194259644,0.07141411304473877
Gaussian-NPE,0.5723814964294434,0.0885171890258789
Gaussian-NPE,0.67418372631073,0.1187659502029419
Gaussian-NPE,0.5734694004058838,0.12142717838287354
Gaussian-NPE,0.6925121545791626,0.17323338985443115
Gaussian-NPE,0.5785040855407715,0.11539030075073242
Gaussian-NPE,0.6064732074737549,0.05682516098022461
Gaussian-NPE,0.6181842088699341,0.04248762130737305
Gaussian-NPE,0.5997936725616455,0.14123106002807617
Gaussian-NPE,0.6638482809066772,0.16945302486419678
Gaussian-NPE,0.6029592752456665,0.09021985530853271
Gaussian-NPE,0.6226264238357544,0.12981021404266357
Gaussian-NPE,0.6001459360122681,0.11775696277618408
Gaussian-NPE,0.6353985071182251,-0.05046266317367554
Gaussian-NPE,0.6413024663925171,0.050318241119384766
Gaussian-NPE,0.5779929161071777,0.10329890251159668
Gaussian-NPE,0.6305215358734131,0.14162194728851318
Gaussian-NPE,0.6433382034301758,0.1605299711227417
Gaussian-NPE,0.5865706205368042,0.04729616641998291
Gaussian-NPE,0.5950949192047119,0.06703627109527588
Gaussian-NPE,0.6126036643981934,0.14313364028930664
Gaussian-NPE,0.6093553304672241,0.1373838186264038
Gaussian-NPE,0.5956035852432251,0.05951833724975586
Gaussian-NPE,0.6572587490081787,0.14173388481140137
Gaussian-NPE,0.6421422958374023,0.0732964277267456
Gaussian-NPE,0.5717365741729736,0.09414553642272949
Gaussian-NPE,0.6755541563034058,0.12263071537017822
Gaussian-NPE,0.6555938720703125,0.08459615707397461
Gaussian-NPE,0.6629428863525391,0.19736063480377197
Gaussian-NPE,0.6610233783721924,0.11896073818206787
Gaussian-NPE,0.6127258539199829,0.10345029830932617
Gaussian-NPE,0.6526899337768555,0.16749966144561768
Gaussian-NPE,0.6705191135406494,0.18168354034423828
Gaussian-NPE,0.60282301902771,0.012440323829650879
Gaussian-NPE,0.5255045890808105,0.1340428590774536
Gaussian-NPE,0.58990478515625,0.10167074203491211
Gaussian-NPE,0.6465282440185547,0.16036415100097656
Gaussian-NPE,0.6446603536605835,0.1531531810760498
Gaussian-NPE,0.6191281080245972,0.11119163036346436
Gaussian-NPE,0.6340082883834839,0.15924739837646484
Gaussian-NPE,0.6005967855453491,0.1336268186569214
Gaussian-NPE,0.5917391777038574,0.11293327808380127
Gaussian-NPE,0.6718899011611938,0.014047622680664062
Gaussian-NPE,0.5921856164932251,0.0981978178024292
Gaussian-NPE,0.5534404516220093,0.0006906986236572266
Gaussian-NPE,0.6362006664276123,0.18348872661590576
Gaussian-NPE,0.6172716617584229,0.1905503273010254
Gaussian-NPE,0.6280508041381836,0.1360492706298828
Gaussian-NPE,0.5912308692932129,0.13888168334960938
Gaussian-NPE,0.6127179861068726,0.1062929630279541
Gaussian-NPE,0.6242369413375854,0.016881465911865234
Gaussian-NPE,0.5977092981338501,0.07613670825958252
Gaussian-NPE,0.6197361946105957,0.10568118095397949
Gaussian-NPE,0.647624135017395,0.19629037380218506
Gaussian-NPE,0.6061885356903076,0.12634813785552979
Gaussian-NPE,0.6269617080688477,0.129258394241333
Gaussian-NPE,0.6426585912704468,0.10132575035095215
Gaussian-NPE,0.6346062421798706,0.19938206672668457
Gaussian-NPE,0.5784598588943481,0.082955002784729
Gaussian-NPE,0.6194566488265991,0.17261552810668945
Gaussian-NPE,0.5792744159698486,0.07687258720397949
Gaussian-NPE,0.6539121866226196,0.17108154296875
Gaussian-NPE,0.6633050441741943,0.17957472801208496
Gaussian-NPE,0.6765550374984741,0.08578884601593018
Gaussian-NPE,0.6500834226608276,0.06707620620727539
Gaussian-NPE,0.6125608682632446,0.14641213417053223
Gaussian-NPE,0.6295452117919922,0.13764727115631104
Gaussian-NPE,0.6152832508087158,0.07164275646209717
Gaussian-NPE,0.629307746887207,0.2248375415802002
Gaussian-NPE,0.6671980619430542,0.05491805076599121
Gaussian-NPE,0.6162052154541016,0.08426189422607422
Gaussian-NPE,0.6058250665664673,0.08271420001983643
Gaussian-NPE,0.6757838726043701,0.14340317249298096
Gaussian-NPE,0.5045968294143677,0.07030606269836426
Gaussian-NPE,0.6226476430892944,0.12335455417633057
Gaussian-NPE,0.589033842086792,0.1593571901321411
Gaussian-NPE,0.6191114187240601,0.10722458362579346
Gaussian-NPE,0.6832342147827148,0.10444629192352295
Gaussian-NPE,0.6668623685836792,0.1046820878982544
Gaussian-NPE,0.6955562829971313,-0.006033539772033691
Gaussian-NPE,0.5795245170593262,0.15804052352905273
Gaussian-NPE,0.6106760501861572,0.16587603092193604
Gaussian-NPE,0.646553635597229,0.1635608673095703
Gaussian-NPE,0.5679817199707031,0.11994099617004395
Gaussian-NPE,0.6578347682952881,0.18133533000946045
Gaussian-NPE,0.651829719543457,0.18535315990447998
Gaussian-NPE,0.5556883811950684,0.07903695106506348
Gaussian-NPE,0.6564779281616211,0.10968780517578125
Gaussian-NPE,0.5970929861068726,0.19239890575408936
Gaussian-NPE,0.6065500974655151,0.054618000984191895
Gaussian-NPE,0.6058324575424194,0.07976794242858887
Gaussian-NPE,0.712842583656311,0.1428520679473877
Gaussian-NPE,0.6286114454269409,0.11564898490905762
Gaussian-NPE,0.595505952835083,0.20200514793395996
Gaussian-NPE,0.6462498903274536,0.038384079933166504
Gaussian-NPE,0.5634742975234985,0.08886110782623291
Gaussian-NPE,0.5890899896621704,0.1586437225341797
Gaussian-NPE,0.5437369346618652,0.04949331283569336
Gaussian-NPE,0.6034078598022461,0.11215901374816895
Gaussian-NPE,0.6130717992782593,0.14492201805114746
Gaussian-NPE,0.5892261266708374,0.11869120597839355
Gaussian-NPE,0.66603684425354,0.12476480007171631
Gaussian-NPE,0.6439822912216187,0.08767938613891602
Gaussian-NPE,0.6022623777389526,0.15280818939208984
Gaussian-NPE,0.5923240184783936,0.08864903450012207
Gaussian-NPE,0.5676188468933105,0.14726507663726807
Gaussian-NPE,0.6244251728057861,0.11293256282806396
Gaussian-NPE,0.6397935152053833,0.15631520748138428
Gaussian-NPE,0.6295571327209473,0.11580204963684082
Gaussian-NPE,0.5934019088745117,0.1881633996963501
Gaussian-NPE,0.6398348808288574,0.20745527744293213
Gaussian-NPE,0.6387666463851929,0.18829798698425293
Gaussian-NPE,0.6656023263931274,0.14869427680969238
Gaussian-NPE,0.642413854598999,0.11467504501342773
Gaussian-NPE,0.6001660823822021,0.11166083812713623
Gaussian-NPE,0.618971586227417,0.1719602346420288
Gaussian-NPE,0.6148871183395386,0.16892766952514648
Gaussian-NPE,0.6498850584030151,0.22136938571929932
Gaussian-NPE,0.6226025819778442,0.07363653182983398
Gaussian-NPE,0.6168688535690308,0.1278979778289795
Gaussian-NPE,0.5990598201751709,0.12388157844543457
Gaussian-NPE,0.6043578386306763,0.025509953498840332
Gaussian-NPE,0.6013399362564087,0.1513148546218872
Gaussian-NPE,0.5667663812637329,0.13821887969970703
Gaussian-NPE,0.6504116058349609,0.14296424388885498
Gaussian-NPE,0.6189918518066406,0.07250428199768066
Gaussian-NPE,0.6415393352508545,0.08621382713317871
Gaussian-NPE,0.6009801626205444,0.07067382335662842
Gaussian-NPE,0.5929436683654785,0.12429237365722656
Gaussian-NPE,0.6442729234695435,0.12071239948272705
Gaussian-NPE,0.6489267349243164,0.1465775966644287
Gaussian-NPE,0.5476280450820923,0.18401145935058594
Gaussian-NPE,0.6047890186309814,0.1443387269973755
Gaussian-NPE,0.6126782894134521,0.1711723804473877
Gaussian-NPE,0.6188383102416992,0.2499932050704956
Gaussian-NPE,0.6207693815231323,0.15201842784881592
Gaussian-NPE,0.6483938694000244,0.1472623348236084
Gaussian-NPE,0.6822613477706909,0.0456317663192749
Gaussian-NPE,0.5974695682525635,0.08083248138427734
Gaussian-NPE,0.6025145053863525,0.1586589813232422
Gaussian-NPE,0.6246916055679321,0.1981029510498047
Gaussian-NPE,0.6500221490859985,0.12048840522766113
Gaussian-NPE,0.5406980514526367,0.14653968811035156
Gaussian-NPE,0.675823450088501,0.1369795799255371
Gaussian-NPE,0.5823788642883301,0.13002276420593262
Gaussian-NPE,0.6071528196334839,0.18272900581359863
Gaussian-NPE,0.6418173313140869,0.12185907363891602
Gaussian-NPE,0.6632908582687378,0.154180645942688
Gaussian-NPE,0.6488207578659058,0.15480053424835205
Gaussian-NPE,0.5946290493011475,0.10237467288970947
Gaussian-NPE,0.617074728012085,0.1279919147491455
Gaussian-NPE,0.631614089012146,0.05292558670043945
Gaussian-NPE,0.5883921384811401,0.15155959129333496
Gaussian-NPE,0.6098042726516724,0.07796144485473633
Gaussian-NPE,0.6237747669219971,0.09498858451843262
Gaussian-NPE,0.6366068124771118,0.13600778579711914
Gaussian-NPE,0.626646876335144,0.17323601245880127
Gaussian-NPE,0.5948089361190796,0.10043036937713623
Gaussian-NPE,0.6004693508148193,0.14375412464141846
Gaussian-NPE,0.6605181694030762,0.07247793674468994
Gaussian-NPE,0.6870198249816895,0.14121997356414795
Gaussian-NPE,0.6557637453079224,0.12128472328186035
Gaussian-NPE,0.6240220069885254,0.09307539463043213
Gaussian-NPE,0.6207000017166138,0.09254860877990723
Gaussian-NPE,0.6413809061050415,0.1134028434753418
Gaussian-NPE,0.6583174467086792,0.06038391590118408
Gaussian-NPE,0.6522518396377563,0.11792957782745361
Gaussian-NPE,0.6400837898254395,0.23148882389068604
Gaussian-NPE,0.6646881103515625,0.09958004951477051
Gaussian-NPE,0.6345915794372559,0.1033773422241211
Gaussian-NPE,0.6173349618911743,0.15410661697387695
Gaussian-NPE,0.7070146799087524,0.1399698257446289
Gaussian-NPE,0.5685364007949829,0.059790849685668945
Gaussian-NPE,0.5574331283569336,0.09478604793548584
Gaussian-NPE,0.6097874641418457,0.13714289665222168
Gaussian-NPE,0.6238912343978882,0.052820563316345215
Gaussian-NPE,0.6595367193222046,0.1919008493423462
Gaussian-NPE,0.6683783531188965,0.12027442455291748
Gaussian-NPE,0.6613514423370361,0.12772917747497559
Gaussian-NPE,0.612152099609375,-0.003603041172027588
Gaussian-NPE,0.6168979406356812,0.19827640056610107
Gaussian-NPE,0.6591454744338989,0.10856544971466064
Gaussian-NPE,0.638412356376648,0.11091363430023193
Gaussian-NPE,0.59027099609375,0.05879712104797363
Gaussian-NPE,0.5680186748504639,0.04326176643371582
Gaussian-NPE,0.625540018081665,0.08951663970947266
Gaussian-NPE,0.5637010335922241,0.21212232112884521
Gaussian-NPE,0.621772289276123,0.13090074062347412
Gaussian-NPE,0.6134095191955566,0.203499436378479
Gaussian-NPE,0.6639999151229858,0.03889918327331543
Gaussian-NPE,0.6069034337997437,0.16627562046051025
Gaussian-NPE,0.5920472145080566,0.12411320209503174
Gaussian-NPE,0.6104850769042969,0.00994420051574707
Gaussian-NPE,0.569547176361084,0.0812307596206665
Gaussian-NPE,0.6238664388656616,0.13836729526519775
Gaussian-NPE,0.640910267829895,0.09700310230255127
Gaussian-NPE,0.5880540609359741,0.07982945442199707
Gaussian-NPE,0.6707472801208496,0.1801316738128662
Gaussian-NPE,0.6094143390655518,0.14852595329284668
Gaussian-NPE,0.6096099615097046,0.13683044910430908
Gaussian-NPE,0.6317160129547119,0.02725529670715332
Gaussian-NPE,0.6191703081130981,0.17717814445495605
Gaussian-NPE,0.7101773023605347,0.14361798763275146
Gaussian-NPE,0.5260202884674072,0.15390551090240479
Gaussian-NPE,0.6324822902679443,0.1655261516571045
Gaussian-NPE,0.6815445423126221,0.1491398811340332
Gaussian-NPE,0.6621638536453247,0.13962078094482422
Gaussian-NPE,0.6279449462890625,0.140716552734375
Gaussian-NPE,0.5491911172866821,0.041687607765197754
Gaussian-NPE,0.6216045618057251,0.16043972969055176
Gaussian-NPE,0.5731611251831055,0.14764750003814697
Gaussian-NPE,0.6234546899795532,0.1734224557876587
Gaussian-NPE,0.6013202667236328,0.06578469276428223
Gaussian-NPE,0.6539511680603027,0.08021533489227295
Gaussian-NPE,0.6396440267562866,0.12561511993408203
Gaussian-NPE,0.626248836517334,0.20192325115203857
Gaussian-NPE,0.6735268831253052,0.11700975894927979
Gaussian-NPE,0.6628808975219727,0.18735074996948242
Gaussian-NPE,0.5672281980514526,0.10774242877960205
Gaussian-NPE,0.6145951747894287,0.15098130702972412
Gaussian-NPE,0.5650434494018555,0.25419533252716064
Gaussian-NPE,0.5965588092803955,0.047222018241882324
Gaussian-NPE,0.5935016870498657,0.15849626064300537
Gaussian-NPE,0.5741554498672485,0.19669067859649658
Gaussian-NPE,0.6641608476638794,0.17022264003753662
Gaussian-NPE,0.607928991317749,0.1590806245803833
Gaussian-NPE,0.6850684881210327,0.0382540225982666
Gaussian-NPE,0.6200014352798462,0.17963910102844238
Gaussian-NPE,0.6283925771713257,0.07917547225952148
Gaussian-NPE,0.5991138219833374,0.07119977474212646
Gaussian-NPE,0.6835494041442871,0.15223634243011475
Gaussian-NPE,0.6072871685028076,0.1400613784790039
Gaussian-NPE,0.556146502494812,0.07258391380310059
Gaussian-NPE,0.5870882272720337,0.1285719871520996
Gaussian-NPE,0.6101540327072144,0.1440885066986084
Gaussian-NPE,0.6269086599349976,-0.01834779977798462
Gaussian-NPE,0.600195050239563,0.11500179767608643
Gaussian-NPE,0.5611462593078613,0.13579809665679932
Gaussian-NPE,0.578654408454895,0.15053534507751465
Gaussian-NPE,0.5026953220367432,0.2544524669647217
Gaussian-NPE,0.5973677635192871,0.19938158988952637
Gaussian-NPE,0.6073119640350342,0.2066282033920288
Gaussian-NPE,0.5868755578994751,0.11074697971343994
Gaussian-NPE,0.5466715097427368,0.11781704425811768
Gaussian-NPE,0.6517945528030396,0.09454953670501709
Gaussian-NPE,0.6918659210205078,0.20700716972351074
Gaussian-NPE,0.5570557117462158,0.11062180995941162
Gaussian-NPE,0.5396950244903564,0.10404670238494873
Gaussian-NPE,0.5644303560256958,0.06865239143371582
Gaussian-NPE,0.5815634727478027,0.021441340446472168
Gaussian-NPE,0.664716362953186,0.14801228046417236
Gaussian-NPE,0.6491011381149292,0.03912162780761719
Gaussian-NPE,0.6143518686294556,0.09193432331085205
Gaussian-NPE,0.6472747325897217,0.01984727382659912
Gaussian-NPE,0.6021504402160645,0.173781156539917
Gaussian-NPE,0.6053309440612793,0.09974122047424316
Gaussian-NPE,0.6604037284851074,0.08140206336975098
Gaussian-NPE,0.5880109071731567,0.14464688301086426
Gaussian-NPE,0.6227095127105713,0.12911653518676758
Gaussian-NPE,0.639703631401062,0.18610692024230957
Gaussian-NPE,0.6322009563446045,0.13357925415039062
Gaussian-NPE,0.6493303775787354,0.06409966945648193
Gaussian-NPE,0.6667240858078003,0.05184519290924072
Gaussian-NPE,0.6586655378341675,0.07231557369232178
Gaussian-NPE,0.596622109413147,0.1451960802078247
Gaussian-NPE,0.6062471866607666,0.17810511589050293
Gaussian-NPE,0.5771653652191162,0.0715789794921875
Gaussian-NPE,0.6398051977157593,0.20688295364379883
Gaussian-NPE,0.5968139171600342,0.07443702220916748
Gaussian-NPE,0.6547528505325317,0.20359718799591064
Gaussian-NPE,0.5803477764129639,0.02663266658782959
Gaussian-NPE,0.6069135665893555,0.05003666877746582
Gaussian-NPE,0.605532169342041,0.11241614818572998
Gaussian-NPE,0.6586818695068359,0.1011350154876709
Gaussian-NPE,0.653266191482544,0.18450117111206055
Gaussian-NPE,0.6456973552703857,0.11955869197845459
Gaussian-NPE,0.6474539041519165,0.16065025329589844
Gaussian-NPE,0.6001139879226685,0.048886895179748535
Gaussian-NPE,0.6326534748077393,0.13999831676483154
Gaussian-NPE,0.6107892990112305,0.12428104877471924
Gaussian-NPE,0.5805904865264893,0.17527663707733154
Gaussian-NPE,0.6379302740097046,0.21724927425384521
Gaussian-NPE,0.6473343372344971,0.08266186714172363
Gaussian-NPE,0.6488379240036011,0.1293337345123291
Gaussian-NPE,0.6308484077453613,0.09379160404205322
Gaussian-NPE,0.6210225820541382,0.133009672164917
Gaussian-NPE,0.6982434988021851,0.14726579189300537
Gaussian-NPE,0.6201876401901245,0.13547468185424805
Gaussian-NPE,0.6907134056091309,0.1906595230102539
Gaussian-NPE,0.6513441801071167,0.0726318359375
Gaussian-NPE,0.6059936285018921,0.1309605836868286
Gaussian-NPE,0.6235910654067993,0.09681546688079834
Gaussian-NPE,0.6678357124328613,0.1778792142868042
Gaussian-NPE,0.6256272792816162,0.1250441074371338
Gaussian-NPE,0.6245633363723755,0.07696664333343506
Gaussian-NPE,0.5118205547332764,0.1061549186706543
Gaussian-NPE,0.6480029821395874,0.14173972606658936
Gaussian-NPE,0.6432416439056396,0.13063931465148926
Gaussian-NPE,0.6116467714309692,0.12462198734283447
Gaussian-NPE,0.6574451923370361,0.09211814403533936
Gaussian-NPE,0.6111621856689453,0.043364882469177246
Gaussian-NPE,0.6852635145187378,0.08562242984771729
Gaussian-NPE,0.6690815687179565,0.09985232353210449
Gaussian-NPE,0.5556650161743164,0.13470005989074707
Gaussian-NPE,0.6251647472381592,0.17914438247680664
Gaussian-NPE,0.6021963357925415,0.20150494575500488
Gaussian-NPE,0.54012131690979,0.1295015811920166
Gaussian-NPE,0.6393822431564331,0.04806673526763916
Gaussian-NPE,0.601617693901062,0.21522963047027588
Gaussian-NPE,0.6123514175415039,0.169228196144104
Gaussian-NPE,0.5942040681838989,0.1387042999267578
Gaussian-NPE,0.5645997524261475,0.20535290241241455
Gaussian-NPE,0.566126823425293,0.15041327476501465
Gaussian-NPE,0.6304856538772583,0.11273300647735596
Gaussian-NPE,0.6183102130889893,0.13526701927185059
Gaussian-NPE,0.5310009717941284,0.1299351453781128
Gaussian-NPE,0.5580759048461914,0.13660669326782227
Gaussian-NPE,0.6828807592391968,0.20527565479278564
Gaussian-NPE,0.60035240650177,0.06556987762451172
Gaussian-NPE,0.6367493867874146,0.1728212833404541
Gaussian-NPE,0.5969287157058716,0.06391489505767822
Gaussian-NPE,0.6164581775665283,0.151749849319458
Gaussian-NPE,0.5721145868301392,0.15192627906799316
Gaussian-NPE,0.5971025228500366,0.15901648998260498
Gaussian-NPE,0.6483849287033081,0.11310124397277832
Gaussian-NPE,0.6427484750747681,0.08285725116729736
Gaussian-NPE,0.6788979768753052,0.09691572189331055
Gaussian-NPE,0.5801335573196411,0.09376263618469238
Gaussian-NPE,0.6541904211044312,0.1296236515045166
Gaussian-NPE,0.5939927101135254,0.1673966646194458
Gaussian-NPE,0.5941727161407471,0.14443910121917725
Gaussian-NPE,0.6288772821426392,0.13939785957336426
Gaussian-NPE,0.5947039127349854,0.1141895055770874
Gaussian-NPE,0.6881341934204102,0.12159085273742676
Gaussian-NPE,0.5555529594421387,0.05301105976104736
Gaussian-NPE,0.5728765726089478,0.10193157196044922
Gaussian-NPE,0.6226342916488647,0.11455667018890381
Gaussian-NPE,0.5945090055465698,0.08168613910675049
Gaussian-NPE,0.5594074726104736,0.06281924247741699
Gaussian-NPE,0.6138828992843628,0.08221745491027832
Gaussian-NPE,0.5871223211288452,0.1359250545501709
Gaussian-NPE,0.6172399520874023,0.06583547592163086
Gaussian-NPE,0.6462489366531372,0.16207051277160645
Gaussian-NPE,0.5836664438247681,0.15704894065856934
Gaussian-NPE,0.5918653011322021,0.18251371383666992
Gaussian-NPE,0.6078002452850342,0.1567838191986084
Gaussian-NPE,0.584192156791687,0.05105865001678467
Gaussian-NPE,0.6340703964233398,0.11188781261444092
Gaussian-NPE,0.6623224020004272,0.09630191326141357
Gaussian-NPE,0.5913196802139282,0.07136070728302002
Gaussian-NPE,0.6475157737731934,0.12089836597442627
Gaussian-NPE,0.6166447401046753,0.15609264373779297
Gaussian-NPE,0.6660577058792114,0.05650639533996582
Gaussian-NPE,0.6723893880844116,0.034494638442993164
Gaussian-NPE,0.6337316036224365,0.1215900182723999
Gaussian-NPE,0.5826398134231567,0.1346372365951538
Gaussian-NPE,0.610782265663147,0.13597345352172852
Gaussian-NPE,0.6433660984039307,0.13038873672485352
Gaussian-NPE,0.6314958333969116,0.17434823513031006
Gaussian-NPE,0.6564058065414429,0.19579732418060303
Gaussian-NPE,0.6220299005508423,0.12907421588897705
Gaussian-NPE,0.5923116207122803,0.19539010524749756
Gaussian-NPE,0.60129714012146,0.12181901931762695
Gaussian-NPE,0.562177300453186,0.17141294479370117
Gaussian-NPE,0.5912764072418213,0.22769510746002197
Gaussian-NPE,0.6896787881851196,0.1467132568359375
Gaussian-NPE,0.6568756103515625,0.18790483474731445
Gaussian-NPE,0.5868266820907593,0.17130017280578613
Gaussian-NPE,0.6128073930740356,0.05867016315460205
Gaussian-NPE,0.6328878402709961,0.1324615478515625
Gaussian-NPE,0.6240630149841309,0.26766836643218994
Gaussian-NPE,0.6258666515350342,0.13515329360961914
Gaussian-NPE,0.6384625434875488,0.1980268955230713
Gaussian-NPE,0.6543989181518555,0.05092787742614746
Gaussian-NPE,0.6788511276245117,0.17732608318328857
Gaussian-NPE,0.6859762668609619,0.15698277950286865
Gaussian-NPE,0.6511043310165405,0.1602482795715332
Gaussian-NPE,0.5561318397521973,0.09501421451568604
Gaussian-NPE,0.6372228860855103,0.053171396255493164
Gaussian-NPE,0.5898996591567993,0.07731616497039795
Gaussian-NPE,0.6140222549438477,0.24496257305145264
Gaussian-NPE,0.5733151435852051,0.10268688201904297
Gaussian-NPE,0.5953835248947144,0.13592863082885742
Gaussian-NPE,0.6338356733322144,0.1506439447402954
Gaussian-NPE,0.6080818176269531,0.10513889789581299
Gaussian-NPE,0.6286970376968384,0.03326284885406494
Gaussian-NPE,0.6540199518203735,0.12239718437194824
Gaussian-NPE,0.6364297866821289,0.10036897659301758
Gaussian-NPE,0.684922456741333,0.052169203758239746
Gaussian-NPE,0.6379024982452393,0.12047123908996582
Gaussian-NPE,0.6050357818603516,0.09630846977233887
Gaussian-NPE,0.5983887910842896,0.10353958606719971
Gaussian-NPE,0.6174594163894653,0.13881468772888184
Gaussian-NPE,0.6175111532211304,0.09337103366851807
Gaussian-NPE,0.6360907554626465,0.10570955276489258
Gaussian-NPE,0.5943634510040283,0.08462870121002197
Gaussian-NPE,0.6231809854507446,0.1376504898071289
Gaussian-NPE,0.586010217666626,0.1413891315460205
Gaussian-NPE,0.6310288906097412,0.136053204536438
Gaussian-NPE,0.6694959402084351,0.1358184814453125
Gaussian-NPE,0.5856308937072754,-0.027960479259490967
Gaussian-NPE,0.6322242021560669,0.12566924095153809
Gaussian-NPE,0.6050773859024048,0.15868842601776123
Gaussian-NPE,0.6769906282424927,0.16322994232177734
Gaussian-NPE,0.6044071912765503,0.1349872350692749
Gaussian-NPE,0.6446582078933716,0.13033783435821533
Gaussian-NPE,0.5802594423294067,0.07259202003479004
Gaussian-NPE,0.6413789987564087,0.07830619812011719
Gaussian-NPE,0.6200879812240601,0.199912428855896
Gaussian-NPE,0.6849623918533325,0.12501168251037598
Gaussian-NPE,0.5703197717666626,0.2299412488937378
Gaussian-NPE,0.6502829790115356,0.13323628902435303
Gaussian-NPE,0.6478383541107178,0.12889230251312256
Gaussian-NPE,0.6708370447158813,0.22011995315551758
Gaussian-NPE,0.642220139503479,0.09869706630706787
Gaussian-NPE,0.6060976982116699,0.14140009880065918
Gaussian-NPE,0.5729645490646362,0.10318434238433838
Gaussian-NPE,0.636938214302063,0.06480693817138672
Gaussian-NPE,0.6435059309005737,0.0791405439376831
Gaussian-NPE,0.6239197254180908,0.08232665061950684
Gaussian-NPE,0.6267348527908325,0.06662094593048096
Gaussian-NPE,0.7045339345932007,0.16164302825927734
Gaussian-NPE,0.6025773286819458,0.1307988166809082
Gaussian-NPE,0.5656297206878662,0.15913069248199463
Gaussian-NPE,0.7077791690826416,0.21113371849060059
Gaussian-NPE,0.6419605016708374,0.22992873191833496
Gaussian-NPE,0.5985525846481323,0.0331878662109375
Gaussian-NPE,0.5795621871948242,0.12529540061950684
Gaussian-NPE,0.5880692005157471,0.18218004703521729
Gaussian-NPE,0.6018562316894531,0.11975884437561035
Gaussian-NPE,0.6754957437515259,0.1593017578125
Gaussian-NPE,0.6504533290863037,0.05839228630065918
Gaussian-NPE,0.60770583152771,0.11405682563781738
Gaussian-NPE,0.5764787197113037,0.19352221488952637
Gaussian-NPE,0.6325446367263794,0.23907053470611572
Gaussian-NPE,0.5978014469146729,0.2405390739440918
Gaussian-NPE,0.524436354637146,0.11353433132171631
Gaussian-NPE,0.6238733530044556,0.042290329933166504
Gaussian-NPE,0.6317297220230103,0.13469982147216797
Gaussian-NPE,0.5791490077972412,0.10140371322631836
Gaussian-NPE,0.6632177829742432,0.08847427368164062
Gaussian-NPE,0.6532824039459229,0.06401693820953369
Gaussian-NPE,0.6360175609588623,0.10630512237548828
Gaussian-NPE,0.6041039228439331,0.19630300998687744
Gaussian-NPE,0.5998649597167969,0.12178230285644531
Gaussian-NPE,0.6165609359741211,0.20980310440063477
Gaussian-NPE,0.6576080322265625,0.23720014095306396
Gaussian-NPE,0.6270030736923218,0.17766857147216797
Gaussian-NPE,0.6335153579711914,0.1364651918411255
Gaussian-NPE,0.6276470422744751,0.09366273880004883
Gaussian-NPE,0.6476554870605469,0.09335720539093018
Gaussian-NPE,0.6150423288345337,0.05905032157897949
Gaussian-NPE,0.6208957433700562,0.08592569828033447
Gaussian-NPE,0.6378719806671143,0.08109390735626221
Gaussian-NPE,0.6569924354553223,0.2005833387374878
Gaussian-NPE,0.6562539339065552,0.1459873914718628
Gaussian-NPE,0.6280287504196167,0.07188034057617188
Gaussian-NPE,0.6682655811309814,0.09846365451812744
Gaussian-NPE,0.6486282348632812,0.05114758014678955
Gaussian-NPE,0.6492093801498413,0.1931859254837036
Gaussian-NPE,0.6792659759521484,0.10156702995300293
Gaussian-NPE,0.647693395614624,0.07746577262878418
Gaussian-NPE,0.643990159034729,0.15075385570526123
Gaussian-NPE,0.5681387186050415,0.061527371406555176
Gaussian-NPE,0.6373045444488525,0.17388081550598145
Gaussian-NPE,0.6459153890609741,0.15484988689422607
Gaussian-NPE,0.6485450267791748,0.05847632884979248
Gaussian-NPE,0.6510682106018066,0.1546616554260254
Gaussian-NPE,0.5490787029266357,0.1207590103149414
Gaussian-NPE,0.6445903778076172,0.10073959827423096
Gaussian-NPE,0.5587393045425415,0.0778355598449707
Gaussian-NPE,0.6253317594528198,0.08734750747680664
Gaussian-NPE,0.654077410697937,0.02641284465789795
Gaussian-NPE,0.5873816013336182,0.19075942039489746
Gaussian-NPE,0.6561036109924316,0.04558742046356201
Gaussian-NPE,0.6876662969589233,0.13230907917022705
Gaussian-NPE,0.5131423473358154,0.020041346549987793
Gaussian-NPE,0.6419780254364014,0.10970735549926758
Gaussian-NPE,0.5702061653137207,0.0946652889251709
Gaussian-NPE,0.6329953670501709,0.18038582801818848
Gaussian-NPE,0.532156229019165,0.06958115100860596
Gaussian-NPE,0.6387151479721069,0.09946191310882568
Gaussian-NPE,0.6160508394241333,0.16773724555969238
Gaussian-NPE,0.6558864116668701,0.0043801069259643555
Gaussian-NPE,0.668852686882019,0.10170567035675049
Gaussian-NPE,0.6071785688400269,0.11915397644042969
Gaussian-NPE,0.7011798620223999,0.16130781173706055
Gaussian-NPE,0.6242386102676392,0.1368929147720337
Gaussian-NPE,0.6344394683837891,0.1384134292602539
Gaussian-NPE,0.6472553014755249,0.13274240493774414
Gaussian-NPE,0.5616655349731445,0.12234067916870117
Gaussian-NPE,0.6302342414855957,0.12374579906463623
Gaussian-NPE,0.5544847249984741,0.08837532997131348
Gaussian-NPE,0.6664386987686157,0.13141679763793945
Gaussian-NPE,0.6605420112609863,0.0964348316192627
Gaussian-NPE,0.6003034114837646,0.06139945983886719
Gaussian-NPE,0.5931365489959717,0.11412274837493896
Gaussian-NPE,0.601326584815979,0.1387782096862793
Gaussian-NPE,0.6535086631774902,0.17274796962738037
Gaussian-NPE,0.6639362573623657,0.12074673175811768
Gaussian-NPE,0.604466438293457,0.11125969886779785
Gaussian-NPE,0.6640300750732422,0.20810329914093018
Gaussian-NPE,0.6000343561172485,0.23024427890777588
Gaussian-NPE,0.6260994672775269,0.13693034648895264
Gaussian-NPE,0.6760599613189697,0.1433955430984497
Gaussian-NPE,0.5730465650558472,0.13646268844604492
Gaussian-NPE,0.6282665729522705,0.17609155178070068
Gaussian-NPE,0.6249386072158813,0.03261101245880127
Gaussian-NPE,0.5632576942443848,0.029411673545837402
Gaussian-NPE,0.6146301031112671,0.07366728782653809
Gaussian-NPE,0.6026853322982788,0.12709784507751465
Gaussian-NPE,0.5846589803695679,0.162125825881958
Gaussian-NPE,0.6130038499832153,0.18814384937286377
Gaussian-NPE,0.6193236112594604,0.1552410125732422
Gaussian-NPE,0.5809116363525391,0.045131564140319824
Gaussian-NPE,0.6704567670822144,0.1285548210144043
Gaussian-NPE,0.5765283107757568,0.026321768760681152
Gaussian-NPE,0.605049729347229,-0.0034229159355163574
Gaussian-NPE,0.5614396333694458,0.08032023906707764
Gaussian-NPE,0.6295524835586548,0.11746084690093994
Gaussian-NPE,0.6188489198684692,0.026728153228759766
Gaussian-NPE,0.6204794645309448,0.13169610500335693
Gaussian-NPE,0.6189526319503784,0.25091123580932617
Gaussian-NPE,0.65062415599823,0.13557648658752441
Gaussian-NPE,0.602721095085144,0.27159345149993896
Gaussian-NPE,0.6012041568756104,0.14438855648040771
Gaussian-NPE,0.6770519018173218,0.1777353286743164
Gaussian-NPE,0.6171985864639282,0.13245689868927002
Gaussian-NPE,0.640434980392456,0.20763611793518066
Gaussian-NPE,0.6205743551254272,0.13549673557281494
Gaussian-NPE,0.6597161293029785,0.12357497215270996
Gaussian-NPE,0.6291873455047607,-0.04622930288314819
Gaussian-NPE,0.6416605710983276,0.11471879482269287
Gaussian-NPE,0.6114089488983154,0.11444962024688721
Gaussian-NPE,0.5872622728347778,0.08943617343902588
Gaussian-NPE,0.6144932508468628,0.07944846153259277
Gaussian-NPE,0.6132572889328003,0.005094408988952637
Gaussian-NPE,0.618311882019043,0.02481532096862793
Gaussian-NPE,0.5756195783615112,0.07465028762817383
Gaussian-NPE,0.6677968502044678,0.14656472206115723
Gaussian-NPE,0.5652951002120972,0.017956018447875977
Gaussian-NPE,0.62272047996521,0.09344363212585449
Gaussian-NPE,0.6476587057113647,0.029529452323913574
Gaussian-NPE,0.5110371112823486,0.16270709037780762
Gaussian-NPE,0.5969952344894409,0.13918626308441162
Gaussian-NPE,0.6308629512786865,0.13713157176971436
Gaussian-NPE,0.661664605140686,0.211456298828125
Gaussian-NPE,0.5537582635879517,0.16668641567230225
Gaussian-NPE,0.6200149059295654,0.17390131950378418
Gaussian-NPE,0.638738751411438,0.16423630714416504
Gaussian-NPE,0.6020915508270264,0.09435915946960449
Gaussian-NPE,0.6209181547164917,0.09265947341918945
Gaussian-NPE,0.6796120405197144,0.141790509223938
Gaussian-NPE,0.6446257829666138,0.15551161766052246
Gaussian-NPE,0.5911154747009277,0.12479722499847412
Gaussian-NPE,0.5924661159515381,0.13874554634094238
Gaussian-NPE,0.6038237810134888,0.11592364311218262
Gaussian-NPE,0.6300562620162964,0.12667179107666016
Gaussian-NPE,0.5890753269195557,0.09046387672424316
Gaussian-NPE,0.6209312677383423,0.15348422527313232
Gaussian-NPE,0.5984542369842529,0.064971923828125
Gaussian-NPE,0.5935677289962769,0.126306414604187
Gaussian-NPE,0.644174337387085,0.2112652063369751
Gaussian-NPE,0.6494739055633545,0.17716598510742188
Gaussian-NPE,0.6781027317047119,0.11959314346313477
Gaussian-NPE,0.6510579586029053,0.14402949810028076
Gaussian-NPE,0.6128232479095459,0.22688806056976318
Gaussian-NPE,0.6053001880645752,0.17019855976104736
Gaussian-NPE,0.6510225534439087,0.11016404628753662
Gaussian-NPE,0.6026577949523926,0.1474606990814209
Gaussian-NPE,0.5761175155639648,0.17037570476531982
Gaussian-NPE,0.6425832509994507,0.16072332859039307
Gaussian-NPE,0.5892080068588257,0.07819080352783203
Gaussian-NPE,0.5742446184158325,0.12833118438720703
Gaussian-NPE,0.6068626642227173,0.16868507862091064
Gaussian-NPE,0.6139235496520996,0.17645013332366943
Gaussian-NPE,0.6263444423675537,0.18239402770996094
Gaussian-NPE,0.6221801042556763,0.12435400485992432
Gaussian-NPE,0.5841348171234131,0.16351187229156494
Gaussian-NPE,0.5525784492492676,0.035706281661987305
Gaussian-NPE,0.6055723428726196,0.08795309066772461
Gaussian-NPE,0.5932787656784058,0.09451806545257568
Gaussian-NPE,0.5661898851394653,0.16539347171783447
Gaussian-NPE,0.5772610902786255,0.18388068675994873
Gaussian-NPE,0.6252981424331665,0.22956955432891846
Gaussian-NPE,0.6041092872619629,0.1533522605895996
Gaussian-NPE,0.5621950626373291,0.15401172637939453
Gaussian-NPE,0.6071776151657104,0.16372108459472656
Gaussian-NPE,0.6466463804244995,0.09520447254180908
Gaussian-NPE,0.7173823118209839,0.17945516109466553
Gaussian-NPE,0.6787960529327393,0.004883289337158203
Gaussian-NPE,0.6450564861297607,0.10355019569396973
Gaussian-NPE,0.6308028697967529,0.12048506736755371
Gaussian-NPE,0.6668926477432251,0.06657898426055908
Gaussian-NPE,0.680205225944519,0.14543259143829346
Gaussian-NPE,0.6035388708114624,0.12177896499633789
Gaussian-NPE,0.5443741083145142,0.1475456953048706
Gaussian-NPE,0.6558457612991333,0.07986092567443848
Gaussian-NPE,0.5888328552246094,0.15629112720489502
Gaussian-NPE,0.6367613077163696,0.05060243606567383
Gaussian-NPE,0.6397236585617065,0.09487950801849365
Gaussian-NPE,0.5934476852416992,0.11698019504547119
Gaussian-NPE,0.6364266872406006,0.1325850486755371
Gaussian-NPE,0.6965537071228027,0.15637516975402832
Gaussian-NPE,0.6328028440475464,0.18567311763763428
Gaussian-NPE,0.6640357971191406,0.10807681083679199
Gaussian-NPE,0.5857266187667847,0.06056106090545654
Gaussian-NPE,0.5253874063491821,0.13268065452575684
Gaussian-NPE,0.6589149236679077,0.04557764530181885
Gaussian-NPE,0.6616466045379639,0.1335744857788086
Gaussian-NPE,0.5768780708312988,0.1356581449508667
Gaussian-NPE,0.6049959659576416,0.2163543701171875
Gaussian-NPE,0.6139159202575684,0.2275230884552002
Gaussian-NPE,0.6502258777618408,0.13102293014526367
Gaussian-NPE,0.58714759349823,0.24912548065185547
Gaussian-NPE,0.6401371955871582,0.12911224365234375
Gaussian-NPE,0.6026579141616821,0.02062356472015381
Gaussian-NPE,0.5749019384384155,0.1327134370803833
Gaussian-NPE,0.5705064535140991,0.05073094367980957
Gaussian-NPE,0.6232662200927734,0.049181222915649414
Gaussian-NPE,0.5830838680267334,0.05790114402770996
Gaussian-NPE,0.6371954679489136,0.08324563503265381
Gaussian-NPE,0.598737359046936,0.15571820735931396
Gaussian-NPE,0.7224642038345337,0.09804916381835938
Gaussian-NPE,0.6096835136413574,0.12347257137298584
Gaussian-NPE,0.6453959941864014,0.20025265216827393
Gaussian-NPE,0.5867918729782104,0.0609431266784668
Gaussian-NPE,0.668312668800354,0.16415131092071533
Gaussian-NPE,0.6521918773651123,0.06682729721069336
Gaussian-NPE,0.5998432636260986,0.1997082233428955
Gaussian-NPE,0.5918474197387695,0.11157083511352539
Gaussian-NPE,0.6107915639877319,0.08291542530059814
Gaussian-NPE,0.5702766180038452,0.07677733898162842
Gaussian-NPE,0.6286860704421997,0.0968165397644043
Gaussian-NPE,0.6274244785308838,0.060160279273986816
Gaussian-NPE,0.6747080087661743,0.10006201267242432
Gaussian-NPE,0.6524922847747803,0.15470266342163086
Gaussian-NPE,0.6236157417297363,0.15852129459381104
Gaussian-NPE,0.636381983757019,0.1460733413696289
Gaussian-NPE,0.6613471508026123,0.21653246879577637
true posterior,0.6120524406433105,0.05699431896209717
true posterior,0.640306830406189,0.09689950942993164
true posterior,0.6453859806060791,0.14722323417663574
true posterior,0.5475157499313354,0.1671156883239746
true posterior,0.6241155862808228,0.15276813507080078
true posterior,0.7070713043212891,-0.03517913818359375
true posterior,0.5751488208770752,0.15731775760650635
true posterior,0.5878733396530151,0.08575475215911865
true posterior,0.5693087577819824,0.08337998390197754
true posterior,0.6629509925842285,0.11230599880218506
true posterior,0.594281792640686,0.07647573947906494
true posterior,0.5701282024383545,0.1517258882522583
true posterior,0.6490384340286255,0.07724177837371826
true posterior,0.5709599256515503,0.05287730693817139
true posterior,0.5912512540817261,0.18730533123016357
true posterior,0.6179684400558472,0.08541572093963623
true posterior,0.6244053840637207,0.09666764736175537
true posterior,0.5675122737884521,-0.004087269306182861
true posterior,0.5774695873260498,0.09641754627227783
true posterior,0.6087758541107178,0.12687337398529053
true posterior,0.5608116388320923,0.13307976722717285
true posterior,0.6462606191635132,0.20241272449493408
true posterior,0.5703078508377075,0.10700082778930664
true posterior,0.621701717376709,0.27444958686828613
true posterior,0.6462904214859009,0.04758787155151367
true posterior,0.5765002965927124,0.1292487382888794
true posterior,0.6583200693130493,0.2250807285308838
true posterior,0.5644670724868774,0.0534212589263916
true posterior,0.6458077430725098,0.139054536819458
true posterior,0.59047532081604,0.12017250061035156
true posterior,0.604249119758606,0.12683236598968506
true posterior,0.5384129285812378,0.09223151206970215
true posterior,0.6671465635299683,0.14129924774169922
true posterior,0.5865761041641235,0.06630074977874756
true posterior,0.6228967905044556,0.10193741321563721
true posterior,0.5909181833267212,0.044227004051208496
true posterior,0.6228429079055786,0.12608253955841064
true posterior,0.6092253923416138,0.12882602214813232
true posterior,0.614398717880249,0.04082512855529785
true posterior,0.6550067663192749,0.16100835800170898
true posterior,0.6629583835601807,0.1451777219772339
true posterior,0.6024783849716187,0.17098748683929443
true posterior,0.6138768196105957,0.14825654029846191
true posterior,0.6096464395523071,0.1526561975479126
true posterior,0.6392630338668823,0.048677802085876465
true posterior,0.5870958566665649,0.09639179706573486
true posterior,0.5856235027313232,0.08426570892333984
true posterior,0.6283115148544312,0.19174695014953613
true posterior,0.5769287347793579,0.13866734504699707
true posterior,0.5883324146270752,0.12545382976531982
true posterior,0.603757381439209,0.16184759140014648
true posterior,0.7058776617050171,-0.013556241989135742
true posterior,0.5955154895782471,0.1405785083770752
true posterior,0.6382254362106323,0.11960291862487793
true posterior,0.5950137376785278,0.10519802570343018
true posterior,0.5399961471557617,0.08961641788482666
true posterior,0.5660222768783569,0.11448538303375244
true posterior,0.5767033100128174,0.1231759786605835
true posterior,0.6721493005752563,0.1278095245361328
true posterior,0.6563754081726074,0.1045302152633667
true posterior,0.5890036821365356,0.09481990337371826
true posterior,0.5808436870574951,0.10388302803039551
true posterior,0.6530846357345581,0.15856122970581055
true posterior,0.6039859056472778,0.10782027244567871
true posterior,0.6001604795455933,0.10482358932495117
true posterior,0.6100273132324219,0.11921870708465576
true posterior,0.6522929668426514,0.17679989337921143
true posterior,0.5754889249801636,0.12688028812408447
true posterior,0.626724123954773,0.11275982856750488
true posterior,0.5829981565475464,0.11238682270050049
true posterior,0.5632212162017822,0.15621232986450195
true posterior,0.6448376178741455,0.14229202270507812
true posterior,0.6192499399185181,0.1340196132659912
true posterior,0.5800206661224365,0.15307283401489258
true posterior,0.6214438676834106,0.05177640914916992
true posterior,0.6354928016662598,0.1676405668258667
true posterior,0.6035587787628174,0.08267438411712646
true posterior,0.579047679901123,0.24039983749389648
true posterior,0.5951634645462036,0.08565819263458252
true posterior,0.6339000463485718,0.15139710903167725
true posterior,0.6231540441513062,0.1966245174407959
true posterior,0.6189260482788086,0.10491764545440674
true posterior,0.5716261863708496,0.21510565280914307
true posterior,0.6568601131439209,0.045969605445861816
true posterior,0.6421630382537842,0.009650707244873047
true posterior,0.6206958293914795,0.03483736515045166
true posterior,0.5926309823989868,0.11195552349090576
true posterior,0.5514758825302124,0.14067459106445312
true posterior,0.6397194862365723,0.12382674217224121
true posterior,0.5745965242385864,0.12449026107788086
true posterior,0.6127094030380249,0.08446657657623291
true posterior,0.6150603294372559,0.1080789566040039
true posterior,0.5978398323059082,0.18654072284698486
true posterior,0.6244291067123413,0.20485341548919678
true posterior,0.6255636215209961,0.11245620250701904
true posterior,0.6395829916000366,0.011441588401794434
true posterior,0.670815110206604,0.21406972408294678
true posterior,0.5680322647094727,0.09756457805633545
true posterior,0.5937299728393555,0.19777250289916992
true posterior,0.6062514781951904,0.08731687068939209
true posterior,0.6202292442321777,0.1369178295135498
true posterior,0.6128170490264893,0.10187363624572754
true posterior,0.601203441619873,0.09010076522827148
true posterior,0.6424247026443481,0.1582808494567871
true posterior,0.6699261665344238,0.14946424961090088
true posterior,0.6544618606567383,-0.02034151554107666
true posterior,0.5892171859741211,0.1239699125289917
true posterior,0.6479983329772949,0.13852524757385254
true posterior,0.6149393320083618,0.13870811462402344
true posterior,0.6324746608734131,0.052556633949279785
true posterior,0.6228742599487305,0.1601247787475586
true posterior,0.5887165069580078,0.11302053928375244
true posterior,0.637122392654419,0.081931471824646
true posterior,0.6456947326660156,0.09833574295043945
true posterior,0.6107341051101685,0.08284223079681396
true posterior,0.6502116918563843,0.1507127285003662
true posterior,0.5896743535995483,0.03310585021972656
true posterior,0.685230016708374,0.06367456912994385
true posterior,0.5755183696746826,0.2161635160446167
true posterior,0.6299538612365723,0.12062084674835205
true posterior,0.5873624086380005,0.07718586921691895
true posterior,0.6831783056259155,0.11633658409118652
true posterior,0.6142069101333618,0.1104576587677002
true posterior,0.6071172952651978,0.11972475051879883
true posterior,0.5849275588989258,0.13886046409606934
true posterior,0.6403893232345581,0.10480356216430664
true posterior,0.661229133605957,0.31246352195739746
true posterior,0.6220647096633911,0.1427696943283081
true posterior,0.6191151142120361,0.08249366283416748
true posterior,0.5693715810775757,0.18078303337097168
true posterior,0.6614698171615601,0.07526004314422607
true posterior,0.6301264762878418,0.11115026473999023
true posterior,0.614052414894104,0.1415022611618042
true posterior,0.5949568748474121,0.04878854751586914
true posterior,0.660612940788269,0.004706740379333496
true posterior,0.656206488609314,0.0917431116104126
true posterior,0.5652323961257935,0.14661991596221924
true posterior,0.6357585191726685,0.13547062873840332
true posterior,0.6442800760269165,0.09238803386688232
true posterior,0.6140154600143433,0.11278402805328369
true posterior,0.6626280546188354,0.0621415376663208
true posterior,0.5959718227386475,0.0489344596862793
true posterior,0.6323410272598267,0.12840688228607178
true posterior,0.6121898889541626,0.13923859596252441
true posterior,0.5952658653259277,0.13661766052246094
true posterior,0.6232868432998657,0.09096813201904297
true posterior,0.6032161712646484,0.13515222072601318
true posterior,0.5862085819244385,0.2076655626296997
true posterior,0.6102319955825806,0.11565089225769043
true posterior,0.6172243356704712,0.15803992748260498
true posterior,0.6405825614929199,0.12240898609161377
true posterior,0.6099693775177002,0.1046210527420044
true posterior,0.6060822010040283,0.002971649169921875
true posterior,0.5896291732788086,0.08660292625427246
true posterior,0.6610602140426636,0.14584147930145264
true posterior,0.6061322689056396,0.16460967063903809
true posterior,0.6359171867370605,0.07883000373840332
true posterior,0.6355652809143066,0.22210538387298584
true posterior,0.5889760255813599,0.1220245361328125
true posterior,0.6414871215820312,0.11615860462188721
true posterior,0.6077975034713745,0.20076727867126465
true posterior,0.6398874521255493,0.09765434265136719
true posterior,0.6049084663391113,0.024173259735107422
true posterior,0.6516928672790527,0.0751807689666748
true posterior,0.6918812990188599,0.1918320655822754
true posterior,0.6521997451782227,0.07364439964294434
true posterior,0.6007894277572632,0.18470656871795654
true posterior,0.6154276132583618,0.057002902030944824
true posterior,0.6276082992553711,0.1417088508605957
true posterior,0.5835471153259277,0.05446195602416992
true posterior,0.6429973840713501,-0.006041049957275391
true posterior,0.5941411256790161,0.13416457176208496
true posterior,0.5512644052505493,0.0987924337387085
true posterior,0.6248846054077148,0.28666985034942627
true posterior,0.5847314596176147,0.11589884757995605
true posterior,0.6055270433425903,0.19032001495361328
true posterior,0.6600004434585571,0.07755744457244873
true posterior,0.61496901512146,0.026186704635620117
true posterior,0.6767990589141846,0.23808574676513672
true posterior,0.5836936235427856,0.17020094394683838
true posterior,0.6046416759490967,0.19199907779693604
true posterior,0.6256270408630371,0.08287298679351807
true posterior,0.5937008857727051,0.15293848514556885
true posterior,0.566041111946106,0.09538018703460693
true posterior,0.6304589509963989,0.16268742084503174
true posterior,0.5779058933258057,0.1714496612548828
true posterior,0.6353614330291748,0.0745387077331543
true posterior,0.6002626419067383,0.0882565975189209
true posterior,0.6274778842926025,0.10573756694793701
true posterior,0.6066404581069946,0.11618971824645996
true posterior,0.6203935146331787,0.2702263593673706
true posterior,0.6438060998916626,0.02629399299621582
true posterior,0.5091826915740967,0.07889425754547119
true posterior,0.5709058046340942,0.07666754722595215
true posterior,0.5904161930084229,0.10978579521179199
true posterior,0.5934281349182129,0.027746915817260742
true posterior,0.6530543565750122,0.16028058528900146
true posterior,0.6537941694259644,0.07388949394226074
true posterior,0.5960525274276733,0.11230647563934326
true posterior,0.5837821960449219,0.11515331268310547
true posterior,0.6577504873275757,0.12763488292694092
true posterior,0.6031150817871094,0.1183781623840332
true posterior,0.5793226957321167,0.11939942836761475
true posterior,0.6849708557128906,0.12640762329101562
true posterior,0.5459156036376953,0.11876773834228516
true posterior,0.5443565845489502,0.10255682468414307
true posterior,0.6048475503921509,0.12674236297607422
true posterior,0.5860850811004639,0.11152112483978271
true posterior,0.6223231554031372,0.11565935611724854
true posterior,0.575333833694458,0.09766542911529541
true posterior,0.627389669418335,0.06403505802154541
true posterior,0.6130508184432983,0.10878217220306396
true posterior,0.6005913019180298,0.11210381984710693
true posterior,0.6514308452606201,0.08410871028900146
true posterior,0.6373934745788574,0.08517932891845703
true posterior,0.6507152318954468,0.12277984619140625
true posterior,0.6059242486953735,0.08999454975128174
true posterior,0.6355162858963013,0.08043956756591797
true posterior,0.6512417793273926,0.09704911708831787
true posterior,0.5529190301895142,0.14301645755767822
true posterior,0.6225845813751221,0.11100292205810547
true posterior,0.6162925958633423,-0.012072861194610596
true posterior,0.6233643293380737,0.0515362024307251
true posterior,0.5639241933822632,0.11644625663757324
true posterior,0.6183768510818481,0.14455068111419678
true posterior,0.6353112459182739,0.10270404815673828
true posterior,0.6043168306350708,0.09308290481567383
true posterior,0.5247409343719482,0.14094161987304688
true posterior,0.6035802364349365,0.14033353328704834
true posterior,0.6199105978012085,0.11797535419464111
true posterior,0.613325834274292,0.09426915645599365
true posterior,0.6142590045928955,0.08350956439971924
true posterior,0.604047417640686,0.11726164817810059
true posterior,0.5489364862442017,0.12508833408355713
true posterior,0.5889540910720825,0.07675492763519287
true posterior,0.6880353689193726,0.07485318183898926
true posterior,0.5788599252700806,0.12721383571624756
true posterior,0.5902355909347534,0.11841118335723877
true posterior,0.6032800674438477,0.1855093240737915
true posterior,0.5961418151855469,0.07282769680023193
true posterior,0.6285167932510376,0.14338922500610352
true posterior,0.6414659023284912,0.08427965641021729
true posterior,0.5908806324005127,0.15578901767730713
true posterior,0.6008970737457275,0.07404565811157227
true posterior,0.5810858011245728,0.05567741394042969
true posterior,0.5899800062179565,0.025708317756652832
true posterior,0.5617967844009399,0.16190481185913086
true posterior,0.5741879940032959,0.09048581123352051
true posterior,0.6189305782318115,0.11585390567779541
true posterior,0.6602226495742798,0.23159098625183105
true posterior,0.668593168258667,0.03545022010803223
true posterior,0.6760766506195068,0.08782565593719482
true posterior,0.6002907752990723,0.09839749336242676
true posterior,0.599189043045044,0.18809568881988525
true posterior,0.6220545768737793,0.12927675247192383
true posterior,0.5627022981643677,0.1219409704208374
true posterior,0.7191504240036011,-0.06011807918548584
true posterior,0.6172919273376465,0.06442177295684814
true posterior,0.6148194074630737,0.10277354717254639
true posterior,0.5970791578292847,0.1967940330505371
true posterior,0.5515165328979492,0.0983889102935791
true posterior,0.6858429908752441,0.03623771667480469
true posterior,0.5749479532241821,0.14756262302398682
true posterior,0.5955215692520142,0.057942986488342285
true posterior,0.635088324546814,0.0511624813079834
true posterior,0.5708527565002441,0.12842178344726562
true posterior,0.6101447343826294,0.06762135028839111
true posterior,0.6452772617340088,0.0465548038482666
true posterior,0.6008543968200684,0.15340256690979004
true posterior,0.6327873468399048,0.07422709465026855
true posterior,0.6289790868759155,0.1449359655380249
true posterior,0.611385703086853,0.10199713706970215
true posterior,0.5617232322692871,0.1544710397720337
true posterior,0.6065744161605835,0.2199697494506836
true posterior,0.6595449447631836,0.07883453369140625
true posterior,0.5699619054794312,0.08957087993621826
true posterior,0.5546810626983643,0.13363873958587646
true posterior,0.6534658670425415,0.24345088005065918
true posterior,0.6027436256408691,0.14840161800384521
true posterior,0.5920865535736084,0.21571826934814453
true posterior,0.5601984262466431,0.08222353458404541
true posterior,0.5861387252807617,0.19673001766204834
true posterior,0.5868520736694336,0.11346769332885742
true posterior,0.6398228406906128,0.11396801471710205
true posterior,0.6036292314529419,0.20777034759521484
true posterior,0.6679476499557495,-5.602836608886719e-06
true posterior,0.5797820091247559,0.12417030334472656
true posterior,0.5915861129760742,0.02862989902496338
true posterior,0.6637629270553589,0.22591936588287354
true posterior,0.6275109052658081,0.06528353691101074
true posterior,0.6131826639175415,0.0012987852096557617
true posterior,0.6187045574188232,0.08993864059448242
true posterior,0.6067315340042114,0.05433225631713867
true posterior,0.5995129346847534,0.10327792167663574
true posterior,0.6202938556671143,0.16367554664611816
true posterior,0.6973401308059692,0.008153438568115234
true posterior,0.6294900178909302,0.13858699798583984
true posterior,0.5973259210586548,0.13834524154663086
true posterior,0.621139645576477,0.02075374126434326
true posterior,0.6255826950073242,0.06318175792694092
true posterior,0.5776759386062622,0.11580896377563477
true posterior,0.6472277641296387,0.05175745487213135
true posterior,0.6530671119689941,0.06979632377624512
true posterior,0.6184303760528564,0.04329729080200195
true posterior,0.5733320713043213,0.11149942874908447
true posterior,0.6311980485916138,0.10397899150848389
true posterior,0.5747730731964111,0.077919602394104
true posterior,0.6067812442779541,0.14622271060943604
true posterior,0.6340965032577515,0.051587462425231934
true posterior,0.6333067417144775,0.09859085083007812
true posterior,0.5979914665222168,0.04101288318634033
true posterior,0.5530707836151123,0.13254046440124512
true posterior,0.5461289882659912,0.09300649166107178
true posterior,0.5869594812393188,0.07104051113128662
true posterior,0.6116542816162109,0.0755000114440918
true posterior,0.6384216547012329,0.01809871196746826
true posterior,0.6636282205581665,0.17939960956573486
true posterior,0.6483871936798096,0.07055985927581787
true posterior,0.5883896350860596,0.07373607158660889
true posterior,0.6034650802612305,0.15831196308135986
true posterior,0.601254940032959,0.24921298027038574
true posterior,0.6460931301116943,0.11460530757904053
true posterior,0.589773416519165,0.09692299365997314
true posterior,0.6170763969421387,0.09826576709747314
true posterior,0.6236956119537354,0.1407393217086792
true posterior,0.6407513618469238,0.14674508571624756
true posterior,0.6125580072402954,0.21245789527893066
true posterior,0.677433967590332,0.11907672882080078
true posterior,0.6462631225585938,0.218430757522583
true posterior,0.6225970983505249,0.12966787815093994
true posterior,0.6091876029968262,0.1556994915008545
true posterior,0.5972365140914917,0.12397134304046631
true posterior,0.5354287624359131,0.19679999351501465
true posterior,0.6715947389602661,0.06363046169281006
true posterior,0.6307168006896973,0.03397941589355469
true posterior,0.6348292827606201,0.17317724227905273
true posterior,0.5791537761688232,0.13532936573028564
true posterior,0.5794616937637329,0.12047779560089111
true posterior,0.6564877033233643,0.17345678806304932
true posterior,0.6254595518112183,0.08705258369445801
true posterior,0.6182643175125122,0.03171861171722412
true posterior,0.636980414390564,0.10676276683807373
true posterior,0.5792241096496582,0.07585442066192627
true posterior,0.5938879251480103,0.04485499858856201
true posterior,0.6270153522491455,0.004691481590270996
true posterior,0.604770302772522,0.011144280433654785
true posterior,0.6105159521102905,0.11321461200714111
true posterior,0.6255171298980713,0.03560638427734375
true posterior,0.5748156309127808,0.12252724170684814
true posterior,0.6043409109115601,0.1368182897567749
true posterior,0.6070523262023926,0.05114555358886719
true posterior,0.6340945959091187,0.18538975715637207
true posterior,0.5830074548721313,0.12218940258026123
true posterior,0.6154245138168335,0.08544683456420898
true posterior,0.6249878406524658,0.14809906482696533
true posterior,0.5631937980651855,0.07917511463165283
true posterior,0.5431234836578369,0.21977663040161133
true posterior,0.6197167634963989,0.07514524459838867
true posterior,0.58869469165802,0.15833580493927002
true posterior,0.6111335754394531,0.1947716474533081
true posterior,0.545621395111084,0.07978677749633789
true posterior,0.6078780889511108,0.1046748161315918
true posterior,0.649493932723999,0.08111000061035156
true posterior,0.5787616968154907,0.09672164916992188
true posterior,0.6408936977386475,0.28102636337280273
true posterior,0.6602821350097656,0.07796716690063477
true posterior,0.6089740991592407,0.09150087833404541
true posterior,0.6650464534759521,0.07583904266357422
true posterior,0.6030328273773193,0.0801234245300293
true posterior,0.659919023513794,0.10733234882354736
true posterior,0.6201878786087036,0.10317599773406982
true posterior,0.5741162300109863,0.13192176818847656
true posterior,0.6516294479370117,0.08018481731414795
true posterior,0.5858383178710938,0.12234652042388916
true posterior,0.6303784847259521,0.13229644298553467
true posterior,0.6372791528701782,0.14330995082855225
true posterior,0.7227137088775635,0.05513489246368408
true posterior,0.642076849937439,0.12825918197631836
true posterior,0.6319897174835205,0.03001415729522705
true posterior,0.5487306118011475,0.10937058925628662
true posterior,0.6027865409851074,0.08018636703491211
true posterior,0.6273726224899292,0.02545607089996338
true posterior,0.5516868829727173,0.09450888633728027
true posterior,0.5849255323410034,0.1700066328048706
true posterior,0.6422526836395264,0.07335758209228516
true posterior,0.69371497631073,0.07031512260437012
true posterior,0.6398712396621704,0.13088226318359375
true posterior,0.5909593105316162,0.08059358596801758
true posterior,0.6219593286514282,0.0735781192779541
true posterior,0.64542555809021,0.1078493595123291
true posterior,0.6289016008377075,0.10286581516265869
true posterior,0.7407368421554565,-0.003780543804168701
true posterior,0.6000906229019165,0.23136746883392334
true posterior,0.6112263202667236,0.12986254692077637
true posterior,0.569412350654602,0.1543666124343872
true posterior,0.6517348289489746,0.10130965709686279
true posterior,0.6316269636154175,0.1559380292892456
true posterior,0.6103523969650269,0.1259671449661255
true posterior,0.5712047815322876,0.042250752449035645
true posterior,0.5995538234710693,0.18138742446899414
true posterior,0.6253329515457153,0.1627178192138672
true posterior,0.6900782585144043,0.02469003200531006
true posterior,0.5817697048187256,0.07268476486206055
true posterior,0.5938330888748169,0.09582459926605225
true posterior,0.6639068126678467,0.15743374824523926
true posterior,0.660091757774353,0.10404312610626221
true posterior,0.6266416311264038,0.14864039421081543
true posterior,0.6466037034988403,0.060453176498413086
true posterior,0.6282461881637573,0.09852051734924316
true posterior,0.6383572816848755,0.16425001621246338
true posterior,0.581769585609436,0.09120571613311768
true posterior,0.5481166839599609,0.06400322914123535
true posterior,0.6268213987350464,0.13339757919311523
true posterior,0.6132194995880127,0.18696880340576172
true posterior,0.5788141489028931,0.1335897445678711
true posterior,0.6044670343399048,0.19455134868621826
true posterior,0.5694067478179932,0.057393431663513184
true posterior,0.6044042110443115,-0.0195961594581604
true posterior,0.5982346534729004,0.07927238941192627
true posterior,0.5606116056442261,0.13252663612365723
true posterior,0.5878413915634155,0.13962054252624512
true posterior,0.6052526235580444,0.18379175662994385
true posterior,0.6292197704315186,0.21022546291351318
true posterior,0.5867413282394409,0.060906291007995605
true posterior,0.6086350679397583,0.17605817317962646
true posterior,0.6540604829788208,0.12349319458007812
true posterior,0.6305290460586548,0.1474367380142212
true posterior,0.6202443838119507,0.13371586799621582
true posterior,0.5612607002258301,0.1265195608139038
true posterior,0.5903079509735107,0.20339488983154297
true posterior,0.6094329357147217,0.01041555404663086
true posterior,0.6160964965820312,0.06702971458435059
true posterior,0.5669033527374268,0.07773745059967041
true posterior,0.5715261697769165,0.11170792579650879
true posterior,0.748619794845581,-0.022008776664733887
true posterior,0.6396393775939941,0.12944424152374268
true posterior,0.629928469657898,0.06901252269744873
true posterior,0.6777151823043823,0.04600369930267334
true posterior,0.6268908977508545,0.04936087131500244
true posterior,0.6464676856994629,0.16941356658935547
true posterior,0.6323611736297607,0.13480424880981445
true posterior,0.5899970531463623,0.10917198657989502
true posterior,0.5570665597915649,0.1159590482711792
true posterior,0.5832576751708984,0.13354814052581787
true posterior,0.5893970727920532,0.1260991096496582
true posterior,0.6127511262893677,0.09797728061676025
true posterior,0.6667182445526123,0.09693467617034912
true posterior,0.6366841793060303,0.06296217441558838
true posterior,0.6185768842697144,0.0676884651184082
true posterior,0.6785492897033691,0.11823427677154541
true posterior,0.6365839242935181,0.2001558542251587
true posterior,0.6425102949142456,0.0626990795135498
true posterior,0.5460062026977539,0.11767852306365967
true posterior,0.5751315355300903,0.07442796230316162
true posterior,0.6829147338867188,0.028717637062072754
true posterior,0.648436427116394,0.009306192398071289
true posterior,0.6194069385528564,0.10147058963775635
true posterior,0.6057791709899902,0.12302756309509277
true posterior,0.5722485780715942,0.150765061378479
true posterior,0.5792092084884644,0.09158778190612793
true posterior,0.6484477519989014,0.1607983112335205
true posterior,0.6087000370025635,0.07613897323608398
true posterior,0.6416823863983154,0.12435495853424072
true posterior,0.6606683731079102,0.13561499118804932
true posterior,0.6293715238571167,0.06235802173614502
true posterior,0.6266694068908691,0.0341566801071167
true posterior,0.636925458908081,0.08940935134887695
true posterior,0.5750449895858765,0.015503287315368652
true posterior,0.62334144115448,0.15362143516540527
true posterior,0.6260313987731934,-0.049730658531188965
true posterior,0.6073296070098877,0.11096036434173584
true posterior,0.6707508563995361,0.004297137260437012
true posterior,0.6324872970581055,0.14695072174072266
true posterior,0.5774383544921875,0.13303816318511963
true posterior,0.6653932332992554,0.20666289329528809
true posterior,0.5791739225387573,0.010789752006530762
true posterior,0.629554271697998,0.16651642322540283
true posterior,0.5609142780303955,0.13670289516448975
true posterior,0.6165735721588135,0.19249224662780762
true posterior,0.6897006034851074,0.07294261455535889
true posterior,0.5779963731765747,0.0934227705001831
true posterior,0.6588876247406006,0.13914108276367188
true posterior,0.6083306074142456,0.1400221586227417
true posterior,0.6202449798583984,0.1298750638961792
true posterior,0.6341855525970459,0.12253081798553467
true posterior,0.6074352264404297,0.165796160697937
true posterior,0.6086118221282959,0.12330412864685059
true posterior,0.6319141387939453,0.05121004581451416
true posterior,0.5694857835769653,0.04030966758728027
true posterior,0.6468859910964966,0.06625628471374512
true posterior,0.5705631971359253,0.13794231414794922
true posterior,0.6854537725448608,0.18799364566802979
true posterior,0.6057864427566528,0.15170645713806152
true posterior,0.6396297216415405,0.18565118312835693
true posterior,0.6512926816940308,-0.02359318733215332
true posterior,0.6162253618240356,0.09003341197967529
true posterior,0.7061158418655396,0.08464038372039795
true posterior,0.6061316728591919,0.09743881225585938
true posterior,0.5659414529800415,0.09128212928771973
true posterior,0.6643644571304321,0.005746722221374512
true posterior,0.6471292972564697,0.06703031063079834
true posterior,0.600013017654419,0.17912352085113525
true posterior,0.5972417593002319,0.154302716255188
true posterior,0.6380478143692017,0.13029301166534424
true posterior,0.6634740829467773,0.09352266788482666
true posterior,0.5656629800796509,0.0689929723739624
true posterior,0.5812046527862549,0.16390562057495117
true posterior,0.5953695774078369,0.12226665019989014
true posterior,0.5987446308135986,0.08971941471099854
true posterior,0.6071561574935913,-0.005016922950744629
true posterior,0.5550581216812134,0.17832565307617188
true posterior,0.6189481019973755,0.13933420181274414
true posterior,0.6297385692596436,0.01093590259552002
true posterior,0.5729118585586548,0.09523200988769531
true posterior,0.6590195894241333,0.11436033248901367
true posterior,0.6331932544708252,0.10171449184417725
true posterior,0.5666215419769287,0.09920132160186768
true posterior,0.5612341165542603,0.1712646484375
true posterior,0.6125540733337402,0.2054506540298462
true posterior,0.6386997699737549,-0.030765295028686523
true posterior,0.5887879133224487,0.1574077606201172
true posterior,0.6424757242202759,0.15682661533355713
true posterior,0.6830185651779175,0.1038825511932373
true posterior,0.6675701141357422,0.11520326137542725
true posterior,0.6168248653411865,0.19339394569396973
true posterior,0.649498701095581,0.09961414337158203
true posterior,0.6742841005325317,0.15738463401794434
true posterior,0.6648364067077637,0.02975142002105713
true posterior,0.6247075796127319,0.09181737899780273
true posterior,0.5807336568832397,0.09145128726959229
true posterior,0.5705772638320923,0.08820319175720215
true posterior,0.6366630792617798,0.13693082332611084
true posterior,0.6149390935897827,0.08433973789215088
true posterior,0.632260799407959,0.062453269958496094
true posterior,0.5940247774124146,0.11717021465301514
true posterior,0.5949373245239258,0.002694368362426758
true posterior,0.617888331413269,0.08831596374511719
true posterior,0.6097917556762695,0.11168050765991211
true posterior,0.6131805181503296,0.07800674438476562
true posterior,0.6025288105010986,0.04778611660003662
true posterior,0.5880289077758789,0.15251731872558594
true posterior,0.6449891328811646,0.018294811248779297
true posterior,0.5923409461975098,0.09750628471374512
true posterior,0.6678798198699951,0.07361388206481934
true posterior,0.5582485198974609,0.21856439113616943
true posterior,0.6153019666671753,0.03402388095855713
true posterior,0.7209503650665283,0.0904684066772461
true posterior,0.5785821676254272,0.13514530658721924
true posterior,0.6234147548675537,0.08313095569610596
true posterior,0.578980565071106,0.05718028545379639
true posterior,0.6442985534667969,0.045499563217163086
true posterior,0.6660213470458984,0.03740847110748291
true posterior,0.6537951231002808,0.1720561981201172
true posterior,0.6148900985717773,0.10690939426422119
true posterior,0.6149545907974243,0.10304176807403564
true posterior,0.6725039482116699,0.14771044254302979
true posterior,0.621159553527832,0.13010656833648682
true posterior,0.625455379486084,0.11385500431060791
true posterior,0.6194719076156616,0.20267367362976074
true posterior,0.572014331817627,0.11271274089813232
true posterior,0.6811389923095703,0.06740438938140869
true posterior,0.6283029317855835,0.11448180675506592
true posterior,0.6251381635665894,0.10732722282409668
true posterior,0.6400705575942993,0.031219005584716797
true posterior,0.6144405603408813,0.24700772762298584
true posterior,0.7035516500473022,0.10801434516906738
true posterior,0.561503529548645,0.1144263744354248
true posterior,0.681309700012207,0.14163970947265625
true posterior,0.6329689025878906,0.019071340560913086
true posterior,0.6165307760238647,0.11480295658111572
true posterior,0.5623897314071655,0.10390007495880127
true posterior,0.6096112728118896,0.12993347644805908
true posterior,0.5796617269515991,0.20943129062652588
true posterior,0.5855201482772827,0.13925039768218994
true posterior,0.5986108779907227,0.06983959674835205
true posterior,0.659121036529541,0.04722726345062256
true posterior,0.6165332794189453,0.19975709915161133
true posterior,0.5947989225387573,0.09472477436065674
true posterior,0.5833433866500854,0.09520351886749268
true posterior,0.5712858438491821,0.08789551258087158
true posterior,0.6345175504684448,0.11189091205596924
true posterior,0.7024024724960327,-0.02240973711013794
true posterior,0.5815317630767822,0.09366405010223389
true posterior,0.6168912649154663,0.04378974437713623
true posterior,0.6050549745559692,0.06093239784240723
true posterior,0.5390658378601074,0.1271425485610962
true posterior,0.5461112260818481,0.12559056282043457
true posterior,0.6349345445632935,0.2628735303878784
true posterior,0.6372016668319702,0.10171830654144287
true posterior,0.577667236328125,0.1814059019088745
true posterior,0.6007548570632935,0.07583308219909668
true posterior,0.5674071311950684,0.05996501445770264
true posterior,0.6051290035247803,0.1623011827468872
true posterior,0.5880768299102783,0.15655517578125
true posterior,0.5846738815307617,0.1647711992263794
true posterior,0.6053661108016968,0.05357789993286133
true posterior,0.6046762466430664,0.11292767524719238
true posterior,0.5979199409484863,0.12973523139953613
true posterior,0.581794023513794,0.11655867099761963
true posterior,0.5972121953964233,0.24925100803375244
true posterior,0.5691002607345581,0.13020265102386475
true posterior,0.6364258527755737,0.1243906021118164
true posterior,0.6510913372039795,0.07456624507904053
true posterior,0.6029293537139893,0.12479591369628906
true posterior,0.6532506942749023,0.11095762252807617
true posterior,0.6229248046875,0.15430963039398193
true posterior,0.6227943897247314,0.09862744808197021
true posterior,0.5785654783248901,0.11014950275421143
true posterior,0.6315271854400635,0.0698312520980835
true posterior,0.5845053195953369,0.08926856517791748
true posterior,0.5955138206481934,0.13689064979553223
true posterior,0.592997670173645,0.1309877634048462
true posterior,0.6191823482513428,0.12095415592193604
true posterior,0.637653112411499,0.09505987167358398
true posterior,0.6962020397186279,0.13754057884216309
true posterior,0.6545971632003784,0.12978768348693848
true posterior,0.5940566062927246,0.1623905897140503
true posterior,0.5997680425643921,0.10703027248382568
true posterior,0.618328332901001,0.13552165031433105
true posterior,0.6347399950027466,0.04126882553100586
true posterior,0.5892832279205322,0.19548797607421875
true posterior,0.6150021553039551,0.06071639060974121
true posterior,0.5665647983551025,0.18766629695892334
true posterior,0.6308696269989014,0.09802114963531494
true posterior,0.6512632369995117,0.046430110931396484
true posterior,0.5952867269515991,0.1767493486404419
true posterior,0.6376196146011353,0.15348613262176514
true posterior,0.6187115907669067,0.05323195457458496
true posterior,0.6031825542449951,0.09071683883666992
true posterior,0.6010688543319702,0.07316827774047852
true posterior,0.5757393836975098,0.08685970306396484
true posterior,0.584876537322998,0.14869046211242676
true posterior,0.6430729627609253,0.05337691307067871
true posterior,0.598387598991394,0.10934591293334961
true posterior,0.6165511608123779,0.12445986270904541
true posterior,0.5966212749481201,0.07841277122497559
true posterior,0.5942026376724243,0.12857484817504883
true posterior,0.564980149269104,0.17512643337249756
true posterior,0.6538296937942505,0.1019822359085083
true posterior,0.6291183233261108,0.10282611846923828
true posterior,0.6140843629837036,0.06928050518035889
true posterior,0.6055521965026855,0.0702824592590332
true posterior,0.57879638671875,0.11612308025360107
true posterior,0.6673280000686646,0.11713409423828125
true posterior,0.5853582620620728,0.15149474143981934
true posterior,0.6615092754364014,0.16279256343841553
true posterior,0.6535838842391968,0.02944338321685791
true posterior,0.5757397413253784,0.12882518768310547
true posterior,0.6013479232788086,0.12420713901519775
true posterior,0.5447995662689209,0.16791939735412598
true posterior,0.5749095678329468,0.08277106285095215
true posterior,0.5647240877151489,0.18142855167388916
true posterior,0.592816948890686,0.0873258113861084
true posterior,0.6413501501083374,0.04302680492401123
true posterior,0.5874367952346802,0.10613751411437988
true posterior,0.6626607179641724,0.0022344589233398438
true posterior,0.5776568651199341,0.18655216693878174
true posterior,0.6034682989120483,0.1588231325149536
true posterior,0.6336750984191895,0.12648236751556396
true posterior,0.6179517507553101,0.18728852272033691
true posterior,0.640893816947937,0.14321684837341309
true posterior,0.5520123243331909,0.07649576663970947
true posterior,0.6563478708267212,0.15149033069610596
true posterior,0.6108607053756714,0.12536001205444336
true posterior,0.6078172922134399,0.1264023780822754
true posterior,0.6075416803359985,0.013983726501464844
true posterior,0.5984299182891846,0.02434694766998291
true posterior,0.5972903966903687,0.17470645904541016
true posterior,0.5924134254455566,0.08557331562042236
true posterior,0.6796400547027588,0.13960325717926025
true posterior,0.6539293527603149,0.07619452476501465
true posterior,0.6297856569290161,-0.05262380838394165
true posterior,0.6125478744506836,0.18525993824005127
true posterior,0.6454944610595703,0.1057584285736084
true posterior,0.5589921474456787,0.12501513957977295
true posterior,0.575377345085144,-0.010441064834594727
true posterior,0.6271094083786011,0.08208250999450684
true posterior,0.5832966566085815,0.12420511245727539
true posterior,0.6202353239059448,0.08720207214355469
true posterior,0.6161115169525146,0.08448302745819092
true posterior,0.654686689376831,0.13840162754058838
true posterior,0.7066465616226196,0.05058705806732178
true posterior,0.654413104057312,0.15358829498291016
true posterior,0.5828717947006226,0.06041884422302246
true posterior,0.6205464601516724,0.10962986946105957
true posterior,0.5947006940841675,0.11496889591217041
true posterior,0.5884014368057251,0.15004825592041016
true posterior,0.6217482089996338,0.16166722774505615
true posterior,0.6088752746582031,0.20448017120361328
true posterior,0.5602258443832397,0.10522139072418213
true posterior,0.6292935609817505,0.08130574226379395
true posterior,0.5891627073287964,0.13936352729797363
true posterior,0.6189440488815308,0.2380669116973877
true posterior,0.6796120405197144,0.04260098934173584
true posterior,0.6505119800567627,0.09775722026824951
true posterior,0.5986698865890503,0.206398606300354
true posterior,0.5676374435424805,0.07984721660614014
true posterior,0.5667235851287842,0.038037776947021484
true posterior,0.596041202545166,0.12575626373291016
true posterior,0.5521504878997803,0.08297944068908691
true posterior,0.6066484451293945,0.07507383823394775
true posterior,0.6093603372573853,0.05594587326049805
true posterior,0.639570951461792,0.24429762363433838
true posterior,0.5946376323699951,0.12530827522277832
true posterior,0.6602046489715576,0.11415505409240723
true posterior,0.5245881080627441,0.10927915573120117
true posterior,0.6332327127456665,0.036054134368896484
true posterior,0.6197258234024048,0.014513134956359863
true posterior,0.621343731880188,0.12292075157165527
true posterior,0.6279183626174927,0.09267961978912354
true posterior,0.5981048345565796,0.08065176010131836
true posterior,0.6334539651870728,0.05382072925567627
true posterior,0.5798320770263672,0.050464510917663574
true posterior,0.640166163444519,0.10693562030792236
true posterior,0.7341712713241577,0.11418437957763672
true posterior,0.5803806781768799,0.208984375
true posterior,0.5860015153884888,0.10418665409088135
true posterior,0.6517932415008545,0.04860532283782959
true posterior,0.6461926698684692,-0.003339052200317383
true posterior,0.6177294254302979,0.13175714015960693
true posterior,0.5714560747146606,0.1450793743133545
true posterior,0.685278058052063,0.09130656719207764
true posterior,0.598980188369751,0.1520935297012329
true posterior,0.6737197637557983,0.18221211433410645
true posterior,0.6091190576553345,0.08131837844848633
true posterior,0.6458593606948853,0.09962868690490723
true posterior,0.585644006729126,0.059017062187194824
true posterior,0.6858805418014526,0.1512622833251953
true posterior,0.5796669721603394,0.1354374885559082
true posterior,0.58800208568573,0.08875787258148193
true posterior,0.5987777709960938,0.1272730827331543
true posterior,0.5947834253311157,0.05054652690887451
true posterior,0.6057939529418945,0.02606964111328125
true posterior,0.5930393934249878,0.10603964328765869
true posterior,0.5978986024856567,0.10442662239074707
true posterior,0.6548436880111694,0.1424868106842041
true posterior,0.6010150909423828,0.06337034702301025
true posterior,0.6034257411956787,0.15556621551513672
true posterior,0.6772176027297974,0.15289461612701416
true posterior,0.670269250869751,0.052512288093566895
true posterior,0.6024796962738037,0.1833707094192505
true posterior,0.6191000938415527,0.12185060977935791
true posterior,0.5340925455093384,0.11030387878417969
true posterior,0.5955231189727783,0.06836318969726562
true posterior,0.6871044635772705,0.13317370414733887
true posterior,0.6206998825073242,0.1077648401260376
true posterior,0.611443281173706,0.09870040416717529
true posterior,0.5985157489776611,0.14848780632019043
true posterior,0.6181377172470093,0.0836174488067627
true posterior,0.6289029121398926,0.08957517147064209
true posterior,0.6326978206634521,0.12943518161773682
true posterior,0.6479729413986206,0.1328873634338379
true posterior,0.6040016412734985,0.12641382217407227
true posterior,0.6041151285171509,0.08668339252471924
true posterior,0.654644250869751,0.133978009223938
true posterior,0.6594178676605225,0.1770775318145752
true posterior,0.6355091333389282,0.07950460910797119
true posterior,0.5705647468566895,0.01975381374359131
true posterior,0.5886424779891968,0.03891122341156006
true posterior,0.5724304914474487,0.1326735019683838
true posterior,0.593652606010437,0.0663841962814331
true posterior,0.5767831802368164,0.06355416774749756
true posterior,0.6053873300552368,0.0958935022354126
true posterior,0.5644007921218872,0.13750898838043213
true posterior,0.6438255310058594,0.10863327980041504
true posterior,0.6004700660705566,0.1262369155883789
true posterior,0.6211800575256348,0.08383584022521973
true posterior,0.6354514360427856,0.06203281879425049
true posterior,0.6706658601760864,0.0985175371170044
true posterior,0.5575616359710693,0.12267661094665527
true posterior,0.6193044185638428,0.11337220668792725
true posterior,0.6431437730789185,0.09182381629943848
true posterior,0.5927271842956543,0.06386721134185791
true posterior,0.6297253370285034,0.09078693389892578
true posterior,0.650835394859314,0.09662091732025146
true posterior,0.6009924411773682,0.22258973121643066
true posterior,0.6324982643127441,0.1589258909225464
true posterior,0.6087555885314941,0.20293760299682617
true posterior,0.5931717157363892,0.18144750595092773
true posterior,0.6345027685165405,0.14852094650268555
true posterior,0.6181542873382568,0.10579252243041992
true posterior,0.5919208526611328,0.172143816947937
true posterior,0.6068030595779419,0.11258184909820557
true posterior,0.5558581352233887,0.09552454948425293
true posterior,0.6363071203231812,0.0735253095626831
true posterior,0.5511256456375122,0.08498072624206543
true posterior,0.6418502330780029,0.02319967746734619
true posterior,0.6399409770965576,0.02380502223968506
true posterior,0.6621538400650024,0.0892113447189331
true posterior,0.6126888990402222,0.15842115879058838
true posterior,0.5825809240341187,0.22289514541625977
true posterior,0.6098381280899048,0.16259002685546875
true posterior,0.6448730230331421,0.09070086479187012
true posterior,0.6233183145523071,0.08454573154449463
true posterior,0.5728882551193237,0.1887451410293579
true posterior,0.7183117866516113,0.06707072257995605
true posterior,0.5672092437744141,0.17731976509094238
true posterior,0.6139411926269531,0.021786212921142578
true posterior,0.5750230550765991,0.14486324787139893
true posterior,0.547155499458313,0.17946529388427734
true posterior,0.5791604518890381,0.09380745887756348
true posterior,0.5982686281204224,0.07069277763366699
true posterior,0.652708888053894,0.09591424465179443
true posterior,0.577146053314209,0.1045522689819336
true posterior,0.6064503192901611,0.08178722858428955
true posterior,0.6063277721405029,0.12336504459381104
true posterior,0.662301778793335,0.10714888572692871
true posterior,0.6216998100280762,0.13000059127807617
true posterior,0.5892637968063354,0.12230789661407471
true posterior,0.5876510143280029,0.15882205963134766
true posterior,0.6093229055404663,0.166823148727417
true posterior,0.5791299343109131,0.04173994064331055
true posterior,0.6006982326507568,0.03141593933105469
true posterior,0.6159162521362305,0.10598480701446533
true posterior,0.5951824188232422,0.12530791759490967
true posterior,0.658031702041626,0.10006594657897949
true posterior,0.6782602071762085,0.04883849620819092
true posterior,0.5900826454162598,0.03907477855682373
true posterior,0.6126186847686768,0.21776342391967773
true posterior,0.6311174631118774,0.16836082935333252
true posterior,0.616923451423645,0.0981212854385376
true posterior,0.5889335870742798,0.14713096618652344
true posterior,0.5903656482696533,0.17782163619995117
true posterior,0.597809910774231,0.05662500858306885
true posterior,0.6078474521636963,0.09520363807678223
true posterior,0.5432705879211426,0.14065122604370117
true posterior,0.588621973991394,0.013403654098510742
true posterior,0.597224235534668,0.2008146047592163
true posterior,0.5974549055099487,0.13271105289459229
true posterior,0.5451576709747314,0.19250953197479248
true posterior,0.6326576471328735,0.16692185401916504
true posterior,0.5735197067260742,0.12233090400695801
true posterior,0.6201070547103882,0.07613813877105713
true posterior,0.6885205507278442,0.10193240642547607
true posterior,0.6170692443847656,0.14862513542175293
true posterior,0.6057636737823486,0.11887729167938232
true posterior,0.6304117441177368,0.07870376110076904
true posterior,0.5805361270904541,0.1814727783203125
true posterior,0.6226422786712646,0.08176660537719727
true posterior,0.6167888641357422,0.12662243843078613
true posterior,0.5940526723861694,0.0366058349609375
true posterior,0.5761290788650513,0.259519100189209
true posterior,0.6351337432861328,0.09958028793334961
true posterior,0.6045998334884644,0.03304862976074219
true posterior,0.607595682144165,0.11634194850921631
true posterior,0.5893775224685669,0.07668137550354004
true posterior,0.5929248332977295,0.15400445461273193
true posterior,0.5809544324874878,0.16666710376739502
true posterior,0.5713343620300293,0.12479901313781738
true posterior,0.59404456615448,0.00494229793548584
true posterior,0.6036022901535034,0.02176356315612793
true posterior,0.6397548913955688,0.09239721298217773
true posterior,0.6122595071792603,0.08388292789459229
true posterior,0.5829520225524902,0.14485788345336914
true posterior,0.6057404279708862,0.13509881496429443
true posterior,0.6534698009490967,0.20506536960601807
true posterior,0.5913131237030029,0.16617989540100098
true posterior,0.6391851902008057,0.04411447048187256
true posterior,0.6204519271850586,0.07251870632171631
true posterior,0.6472641229629517,0.16145122051239014
true posterior,0.6115356683731079,0.13409030437469482
true posterior,0.5774366855621338,0.07861983776092529
true posterior,0.6586043834686279,0.1128455400466919
true posterior,0.6213651895523071,0.10231852531433105
true posterior,0.5903187990188599,0.10571253299713135
true posterior,0.6025182008743286,0.031714439392089844
true posterior,0.6205601692199707,0.1400970220565796
true posterior,0.6022223234176636,0.12717735767364502
true posterior,0.6263875961303711,0.12560129165649414
true posterior,0.6100292205810547,0.1261606216430664
true posterior,0.606843113899231,0.09727931022644043
true posterior,0.6341549158096313,0.16768884658813477
true posterior,0.6468425989151001,0.15197718143463135
true posterior,0.60256028175354,0.029126882553100586
true posterior,0.5909342765808105,0.18002712726593018
true posterior,0.6370559930801392,0.084511399269104
true posterior,0.5744038820266724,-0.005074858665466309
true posterior,0.6116002798080444,0.12882518768310547
true posterior,0.6311976909637451,0.12975776195526123
true posterior,0.6220389604568481,0.12074613571166992
true posterior,0.6142356395721436,0.10687744617462158
true posterior,0.5857322216033936,0.1493690013885498
true posterior,0.6112253665924072,0.12537240982055664
true posterior,0.67109215259552,0.1602940559387207
true posterior,0.6043697595596313,0.1263129711151123
true posterior,0.633155107498169,0.12574446201324463
true posterior,0.6208004951477051,0.08293437957763672
true posterior,0.546926736831665,0.08423209190368652
true posterior,0.6252771615982056,0.20833933353424072
true posterior,0.5843430757522583,-0.011776089668273926
true posterior,0.7018496990203857,0.07774543762207031
true posterior,0.6114227771759033,0.10436582565307617
true posterior,0.583270788192749,0.06826555728912354
true posterior,0.6317931413650513,0.13353967666625977
true posterior,0.613863468170166,0.07411015033721924
true posterior,0.5628758668899536,0.15344083309173584
true posterior,0.6214677095413208,0.1214594841003418
true posterior,0.6170845031738281,0.09046125411987305
true posterior,0.5985260009765625,0.10878229141235352
true posterior,0.5755891799926758,0.06961178779602051
true posterior,0.6068463325500488,0.0637284517288208
true posterior,0.6245266199111938,0.15005075931549072
true posterior,0.6455132961273193,0.0266951322555542
true posterior,0.5754740238189697,0.07187855243682861
true posterior,0.5896857976913452,0.09196937084197998
true posterior,0.6346404552459717,0.08236086368560791
true posterior,0.6704307794570923,0.04381716251373291
true posterior,0.610518217086792,0.1216665506362915
true posterior,0.5848919153213501,0.12328469753265381
true posterior,0.6355971097946167,0.09648716449737549
true posterior,0.6228071451187134,0.1719416379928589
true posterior,0.5729454755783081,0.10486948490142822
true posterior,0.6110965013504028,0.12351524829864502
true posterior,0.5981122255325317,0.1340423822402954
true posterior,0.595901370048523,0.11410737037658691
true posterior,0.6284321546554565,0.13985764980316162
true posterior,0.6212849617004395,0.08289599418640137
true posterior,0.6288714408874512,0.09995055198669434
true posterior,0.5924633741378784,0.04776298999786377
true posterior,0.5918320417404175,0.15086126327514648
true posterior,0.6814223527908325,0.012483716011047363
true posterior,0.6375858783721924,0.08423948287963867
true posterior,0.5707390308380127,0.07645726203918457
true posterior,0.6677985191345215,0.1297985315322876
true posterior,0.6389259099960327,0.1331545114517212
true posterior,0.5837173461914062,0.09663975238800049
true posterior,0.7019695043563843,0.11292421817779541
true posterior,0.5631593465805054,0.15378189086914062
true posterior,0.6522315740585327,0.17668533325195312
true posterior,0.6157066822052002,0.10531103610992432
true posterior,0.6505411863327026,0.15937697887420654
true posterior,0.6427030563354492,0.08824276924133301
true posterior,0.66263747215271,0.11884534358978271
true posterior,0.6221979856491089,0.13402092456817627
true posterior,0.6361770629882812,0.0843130350112915
true posterior,0.5550028085708618,0.05487191677093506
true posterior,0.5476731061935425,0.1292489767074585
true posterior,0.6031500101089478,0.1504448652267456
true posterior,0.6433330774307251,0.19659960269927979
true posterior,0.6232777833938599,0.1635298728942871
true posterior,0.6483386754989624,0.13586044311523438
true posterior,0.6179336309432983,0.13465285301208496
true posterior,0.6174184083938599,0.12304043769836426
true posterior,0.599968671798706,0.10182785987854004
true posterior,0.5862271785736084,0.12800002098083496
true posterior,0.6016725301742554,0.16733062267303467
true posterior,0.5521371364593506,0.10918700695037842
true posterior,0.6312243938446045,0.15507829189300537
true posterior,0.5790306329727173,0.07913517951965332
true posterior,0.6071935892105103,0.10076892375946045
true posterior,0.6300349235534668,0.07471537590026855
true posterior,0.6842072010040283,0.063873291015625
true posterior,0.6435666084289551,0.20290803909301758
true posterior,0.5913419723510742,0.09155046939849854
true posterior,0.5790923833847046,0.1359959840774536
true posterior,0.5834600925445557,0.11672568321228027
true posterior,0.5508233308792114,0.24528193473815918
true posterior,0.6222703456878662,0.11539220809936523
true posterior,0.5934889316558838,0.07368683815002441
true posterior,0.6138505935668945,0.10165488719940186
true posterior,0.6891119480133057,0.044027090072631836
true posterior,0.6304515600204468,0.06935632228851318
true posterior,0.6069334745407104,0.11403059959411621
true posterior,0.6311883926391602,0.1677868366241455
true posterior,0.5976624488830566,0.15822923183441162
true posterior,0.5945335626602173,0.14583325386047363
true posterior,0.6504830121994019,0.17480409145355225
true posterior,0.565339207649231,0.1814812421798706
true posterior,0.5946950912475586,0.18517744541168213
true posterior,0.5923523902893066,0.2047797441482544
true posterior,0.6475169658660889,0.11545872688293457
true posterior,0.669416069984436,0.09137225151062012
true posterior,0.5807052850723267,0.1734238862991333
true posterior,0.6624734401702881,0.2021315097808838
true posterior,0.6174435615539551,0.20642340183258057
true posterior,0.5975008010864258,0.1482335329055786
true posterior,0.6717758178710938,0.08165168762207031
true posterior,0.6593188047409058,0.05608677864074707
true posterior,0.6210565567016602,0.06624090671539307
true posterior,0.6011670827865601,0.08160948753356934
true posterior,0.5638605356216431,0.1213146448135376
true posterior,0.6225563287734985,0.2852722406387329
true posterior,0.6049578189849854,0.08691394329071045
true posterior,0.6530547142028809,0.13354766368865967
true posterior,0.6786432266235352,0.02377915382385254
true posterior,0.6174992322921753,-0.0011522769927978516
true posterior,0.6246062517166138,0.030356884002685547
true posterior,0.6270095109939575,0.008955121040344238
true posterior,0.597176194190979,0.09334087371826172
true posterior,0.5845909118652344,0.1614168882369995
true posterior,0.629057765007019,0.11295962333679199
true posterior,0.6271461248397827,0.16180384159088135
true posterior,0.5855318307876587,0.019009947776794434
true posterior,0.6100730895996094,0.04324483871459961
true posterior,0.5837030410766602,0.10271072387695312
true posterior,0.563146710395813,0.08207857608795166
true posterior,0.6312724351882935,0.07617819309234619
true posterior,0.6150579452514648,0.11211812496185303
true posterior,0.6511886119842529,0.07305312156677246
true posterior,0.6960314512252808,0.03929579257965088
