n,N,N_label,standard_paper_grid,seed,flow_theta_kl,gaussian_theta_kl
100,100,N=n,1,1,8.419142874254831,9.656038024541285
100,100,N=n,1,2,9.302097108667795,8.077346575681988
100,100,N=n,1,3,6.444907697498666,7.130081077721355
100,100,N=n,1,4,11.259316838327148,7.118987765316386
100,100,N=n,1,7,12.574970145079522,6.973983672167958
100,100,N=n,1,8,9.494926647003583,10.850055082133347
100,100,N=n,1,9,9.418031817528725,5.921121433240698
100,100,N=n,1,10,9.412657003644455,10.836729444920522
100,100,N=n,1,11,10.998399530791346,11.609327579308218
100,100,N=n,1,12,10.446013258498558,11.459433380771046
100,100,N=n,1,13,7.430650891682168,5.910459054408108
100,100,N=n,1,15,7.246300769104728,9.43572572629564
100,100,N=n,1,16,10.456086050868143,9.411134231072715
100,100,N=n,1,17,9.518316998904385,8.994641945849299
100,100,N=n,1,19,11.00441408587988,10.839346818374073
100,100,N=n,1,21,9.338334843448978,5.697936937402413
100,100,N=n,1,22,7.59982361088192,7.915883547975769
100,100,N=n,1,23,9.271900337050903,9.688136491852795
100,100,N=n,1,24,7.387916095096115,9.404360493474167
100,100,N=n,1,27,8.735929102965983,11.248392292665198
100,100,N=n,1,28,9.192283761396146,8.782911807361558
100,100,N=n,1,29,7.340260528339097,8.52643239274824
100,100,N=n,1,31,10.554467358031447,8.876592442617879
100,100,N=n,1,33,10.589708043611365,9.548684115265269
100,100,N=n,1,34,10.776741848418197,9.129230675821852
100,100,N=n,1,35,12.520568431402992,7.510147588963013
100,100,N=n,1,36,9.30664005536824,8.147448695312514
100,100,N=n,1,37,9.616627928402998,12.790885544315396
100,100,N=n,1,40,10.492551310725494,8.674391242395238
100,100,N=n,1,41,9.43038863571492,12.119192660737532
100,100,N=n,1,42,9.395528711192627,10.159055702079947
100,100,N=n,1,43,10.795876407657449,9.816415860301923
100,100,N=n,1,44,9.81744048548425,8.776103220266531
100,100,N=n,1,45,9.486127039866929,9.672909596179359
100,100,N=n,1,46,9.990763492655235,10.185416424337669
100,100,N=n,1,47,7.043523714234801,10.162259338693623
100,100,N=n,1,48,9.311180309238363,10.125458360496834
100,100,N=n,1,49,10.655397226919083,10.336284732091885
100,100,N=n,1,50,9.786289939679257,8.263868402595785
100,100,N=n,1,51,11.869948273982438,9.26984160877288
100,100,N=n,1,52,9.241890367034696,10.77636123763828
100,100,N=n,1,53,10.849213172035427,6.318332337078833
100,100,N=n,1,55,7.890258616511213,8.041953269070104
100,100,N=n,1,57,10.731209839294781,9.58969279034013
100,100,N=n,1,58,11.350727932537534,9.21596728164828
100,100,N=n,1,59,10.82976029293329,10.858437855273591
100,100,N=n,1,60,8.537762441315927,9.81938071212535
100,100,N=n,1,61,10.437165020373719,9.46460135488525
100,100,N=n,1,65,9.77630982391334,8.385424692272458
100,100,N=n,1,67,8.60277941289059,6.771614034404322
100,100,N=n,1,68,9.973613188383602,5.834135621288112
100,100,N=n,1,70,9.634736537901327,8.702717193184245
100,100,N=n,1,71,10.566809838207401,10.410253568082556
100,100,N=n,1,76,9.843647717677323,8.15124270098823
100,100,N=n,1,77,10.75113072814924,7.3879259374012936
100,100,N=n,1,78,9.33616956634272,10.049780073072812
100,100,N=n,1,80,13.139076024607412,10.507098468921923
100,100,N=n,1,81,11.63036710674157,10.590825078960657
100,100,N=n,1,82,12.113273452150388,6.694733625549455
100,100,N=n,1,83,10.466375949622458,11.891244080443533
100,100,N=n,1,84,12.257653327793582,11.336401065790058
100,100,N=n,1,85,7.378903214820499,10.409459130326926
100,100,N=n,1,88,11.34148822221009,6.887303284923269
100,100,N=n,1,89,9.08560271270254,10.648216209972496
100,100,N=n,1,90,10.72547076070733,7.111260078151332
100,100,N=n,1,91,12.064286332692697,11.09497809691167
100,100,N=n,1,92,10.95905155155048,10.298753883276172
100,100,N=n,1,93,10.577598926367028,9.782679235782977
100,100,N=n,1,94,7.909322868388699,8.687646181008379
100,100,N=n,1,95,10.256320898453746,6.881181057128896
100,100,N=n,1,96,8.880352585315187,13.003160318517686
100,100,N=n,1,97,12.135037297961778,7.662710864608141
100,460,N=n log(n),1,1,7.322305466036928,6.592853279658792
100,460,N=n log(n),1,2,9.756983079290162,6.673361984613987
100,460,N=n log(n),1,3,6.214629134502094,6.830792523098733
100,460,N=n log(n),1,4,10.029788942460048,5.8336597329829365
100,460,N=n log(n),1,7,9.063187224805558,6.5366695400699575
100,460,N=n log(n),1,8,8.18603699291174,6.474773770285696
100,460,N=n log(n),1,9,6.913799289770994,10.679740292271656
100,460,N=n log(n),1,10,7.071692550594673,5.582805215927852
100,460,N=n log(n),1,11,7.552786209202283,6.131350898406868
100,460,N=n log(n),1,12,9.446104944563311,10.978756525503561
100,460,N=n log(n),1,13,5.919067988484228,6.279921603992674
100,460,N=n log(n),1,15,6.323147785555332,6.788068530768347
100,460,N=n log(n),1,16,5.969029496635789,5.8062722946068295
100,460,N=n log(n),1,17,8.263085483126806,9.27264509912435
100,460,N=n log(n),1,19,9.913883552348462,6.733933098974574
100,460,N=n log(n),1,21,7.472330254194192,7.419945417021522
100,460,N=n log(n),1,22,8.195872423799493,11.388022275868137
100,460,N=n log(n),1,23,7.026831267000855,7.821526597802858
100,460,N=n log(n),1,24,8.966032528806533,5.619173696444894
100,460,N=n log(n),1,27,6.514438432909345,7.237538120705429
100,460,N=n log(n),1,28,7.149488949033098,7.02317204829921
100,460,N=n log(n),1,29,9.675704221359752,7.451282229015916
100,460,N=n log(n),1,31,8.149588261015383,8.613081168514647
100,460,N=n log(n),1,33,8.445075553836698,4.828390499905347
100,460,N=n log(n),1,34,8.067270499942321,8.706838575121077
100,460,N=n log(n),1,35,9.822359226024624,5.598018411613727
100,460,N=n log(n),1,36,6.32810016128482,4.60026422327332
100,460,N=n log(n),1,37,10.191681732006874,10.607821919944756
100,460,N=n log(n),1,40,8.959606126263992,7.398436642773397
100,460,N=n log(n),1,41,11.075106510037351,5.957828023885128
100,460,N=n log(n),1,42,8.221044172001251,6.863852558952845
100,460,N=n log(n),1,43,9.230047110486186,9.477452347615591
100,460,N=n log(n),1,44,6.426872755860284,7.060282422749584
100,460,N=n log(n),1,45,9.14005555354063,9.076526494847942
100,460,N=n log(n),1,46,7.733731578669074,6.914056268131572
100,460,N=n log(n),1,47,6.232193330759372,6.314045947215693
100,460,N=n log(n),1,48,8.192122418443878,6.173269648538542
100,460,N=n log(n),1,49,8.35316582375762,8.229294728179857
100,460,N=n log(n),1,50,7.354419848061142,9.641701028627045
100,460,N=n log(n),1,51,8.76257710272876,5.454136981099636
100,460,N=n log(n),1,52,9.349766238403625,10.849098506626538
100,460,N=n log(n),1,53,8.16259590745147,5.463579468080152
100,460,N=n log(n),1,55,7.459167887699668,6.1016443258273885
100,460,N=n log(n),1,57,8.66968176019241,6.030964742255906
100,460,N=n log(n),1,58,9.959376044559969,7.235053653984214
100,460,N=n log(n),1,59,8.004386783458763,6.6676588707523985
100,460,N=n log(n),1,60,8.387598392756761,5.638080112862845
100,460,N=n log(n),1,61,8.739727553201604,6.117522893037054
100,460,N=n log(n),1,65,7.741910257179097,5.712928359459955
100,460,N=n log(n),1,67,9.352899389410391,9.596731557372697
100,460,N=n log(n),1,68,7.138223034896584,7.648217791278516
100,460,N=n log(n),1,70,7.073127712764827,5.606585272468024
100,460,N=n log(n),1,71,7.83359482597721,5.2879777694113095
100,460,N=n log(n),1,76,9.150810141939685,6.23226474024053
100,460,N=n log(n),1,77,8.934076128029924,5.960608607463096
100,460,N=n log(n),1,78,8.085373160555248,5.486002654500433
100,460,N=n log(n),1,80,10.264861252265357,6.454268767122486
100,460,N=n log(n),1,81,7.730946018100844,8.96664761173127
100,460,N=n log(n),1,82,7.98055238371628,7.933311376930004
100,460,N=n log(n),1,83,9.940521793664644,11.576146488386174
100,460,N=n log(n),1,84,10.406239456575838,8.125742771213918
100,460,N=n log(n),1,85,6.578533459713186,6.767503073510045
100,460,N=n log(n),1,88,9.81016171064518,7.996235707632558
100,460,N=n log(n),1,89,8.401548022636394,6.4155267027138105
100,460,N=n log(n),1,90,6.6486028074800085,5.766126644388885
100,460,N=n log(n),1,91,8.688888250734573,10.203031559685442
100,460,N=n log(n),1,92,7.1767938884593345,11.915841720915457
100,460,N=n log(n),1,93,10.071353179549114,8.68342154686193
100,460,N=n log(n),1,94,7.280002954739976,8.669917376924786
100,460,N=n log(n),1,95,9.32820941313725,7.145563380018893
100,460,N=n log(n),1,96,7.264349472341002,7.609435033805069
100,460,N=n log(n),1,97,8.101822553792546,8.214700113182465
100,1000,N=n^(3/2),1,1,5.746598431529833,5.7282699330540865
100,1000,N=n^(3/2),1,2,7.836239124878347,6.322664135824099
100,1000,N=n^(3/2),1,3,5.281615093721149,5.4361210916938605
100,1000,N=n^(3/2),1,4,6.433718256822122,5.4688296355756965
100,1000,N=n^(3/2),1,7,6.195934256895305,6.387441390602945
100,1000,N=n^(3/2),1,8,5.724156102535082,6.314363723757865
100,1000,N=n^(3/2),1,9,6.476901738001858,6.866768008228385
100,1000,N=n^(3/2),1,10,6.20306629846274,5.9582425986507515
100,1000,N=n^(3/2),1,11,7.319306410179281,5.453955149921818
100,1000,N=n^(3/2),1,12,7.2561504029141135,6.0689934354944
100,1000,N=n^(3/2),1,13,5.54131172316543,5.462854340248425
100,1000,N=n^(3/2),1,15,6.206343202372827,6.541716852082706
100,1000,N=n^(3/2),1,16,4.980392400262857,5.822418027154684
100,1000,N=n^(3/2),1,17,8.217278361951927,4.892040870610066
100,1000,N=n^(3/2),1,19,9.542051245037298,7.113713376486828
100,1000,N=n^(3/2),1,21,8.060818432613344,10.644866094199584
100,1000,N=n^(3/2),1,22,7.142462769363703,7.732758437670726
100,1000,N=n^(3/2),1,23,6.101692982937976,5.260401929853077
100,1000,N=n^(3/2),1,24,8.355060073507534,5.735013136121285
100,1000,N=n^(3/2),1,27,7.124388847056054,6.793396031841761
100,1000,N=n^(3/2),1,28,7.395891512603994,6.438049960423472
100,1000,N=n^(3/2),1,29,6.933605491319113,6.4638054560804115
100,1000,N=n^(3/2),1,31,7.348962466913008,7.5495093968020175
100,1000,N=n^(3/2),1,33,7.016990941001343,5.160621773327971
100,1000,N=n^(3/2),1,34,6.821570167318908,6.8138977458648835
100,1000,N=n^(3/2),1,35,8.44921357588617,10.651868303989842
100,1000,N=n^(3/2),1,36,5.574145536975356,5.110893393276353
100,1000,N=n^(3/2),1,37,8.541668857223971,6.257513644136944
100,1000,N=n^(3/2),1,40,7.375642960641336,5.2700265814498595
100,1000,N=n^(3/2),1,41,10.806869406105125,6.8736821409618845
100,1000,N=n^(3/2),1,42,6.258702088826722,5.7092851594155265
100,1000,N=n^(3/2),1,43,7.17495167104904,6.014028464818493
100,1000,N=n^(3/2),1,44,6.192512857734153,6.560091982885588
100,1000,N=n^(3/2),1,45,6.1830819753280135,6.6199188960395645
100,1000,N=n^(3/2),1,46,6.501802567318722,6.2545943974388205
100,1000,N=n^(3/2),1,47,4.480804095284738,6.473408087516875
100,1000,N=n^(3/2),1,48,7.511871054716492,6.631797416410217
100,1000,N=n^(3/2),1,49,8.187761207661508,7.581207815408747
100,1000,N=n^(3/2),1,50,6.221655947272973,6.531999852832025
100,1000,N=n^(3/2),1,51,6.392896649013701,4.602175165287192
100,1000,N=n^(3/2),1,52,6.146514473268069,6.574398294551398
100,1000,N=n^(3/2),1,53,7.583246864416093,5.41219329538447
100,1000,N=n^(3/2),1,55,7.4572271945544415,5.709055312059744
100,1000,N=n^(3/2),1,57,6.15586549105824,5.653105559169151
100,1000,N=n^(3/2),1,58,7.447562466856021,7.761325110756234
100,1000,N=n^(3/2),1,59,8.053415501481677,6.339945668002731
100,1000,N=n^(3/2),1,60,6.3409576611519505,6.926600645176384
100,1000,N=n^(3/2),1,61,6.011096861820471,6.332206099312044
100,1000,N=n^(3/2),1,65,7.152745857522003,5.376977454781211
100,1000,N=n^(3/2),1,67,6.891247752418148,7.674966657583445
100,1000,N=n^(3/2),1,68,6.990249679357564,6.466464180968518
100,1000,N=n^(3/2),1,70,6.430180832973987,5.35179532714874
100,1000,N=n^(3/2),1,71,6.6350027756026035,5.473833652203446
100,1000,N=n^(3/2),1,76,6.583443195721764,6.285236380252452
100,1000,N=n^(3/2),1,77,8.665358567746932,4.890362070051478
100,1000,N=n^(3/2),1,78,8.241669403600705,6.018728531949102
100,1000,N=n^(3/2),1,80,6.8215764053100525,5.135339904336707
100,1000,N=n^(3/2),1,81,6.5273156216093575,7.923230692102532
100,1000,N=n^(3/2),1,82,6.658191518180423,6.149940371576847
100,1000,N=n^(3/2),1,83,8.346829539777357,9.185631645390195
100,1000,N=n^(3/2),1,84,9.76626530000163,6.363613839880081
100,1000,N=n^(3/2),1,85,5.131440111694679,6.29398448722347
100,1000,N=n^(3/2),1,88,6.140066321108814,5.378982135774976
100,1000,N=n^(3/2),1,89,7.855530535821121,5.553138096256831
100,1000,N=n^(3/2),1,90,5.5470038806643815,5.889858495575041
100,1000,N=n^(3/2),1,91,6.971758390458906,5.712509710256087
100,1000,N=n^(3/2),1,92,7.770269364877844,6.072215216282106
100,1000,N=n^(3/2),1,93,8.817370315882602,6.7871036483793725
100,1000,N=n^(3/2),1,94,5.07484095833815,5.299232704994243
100,1000,N=n^(3/2),1,95,6.216102039820652,10.309285673215866
100,1000,N=n^(3/2),1,96,4.963110667277651,7.306739059014728
100,1000,N=n^(3/2),1,97,9.161382238383718,6.8911516787165175
100,10000,N=n^2,1,1,3.437624469149669,4.103794346786478
100,10000,N=n^2,1,2,4.4899734163491765,4.4566448742768054
100,10000,N=n^2,1,3,3.898210301463578,4.863737790193041
100,10000,N=n^2,1,4,3.816789158852145,3.100529527000125
100,10000,N=n^2,1,7,5.181609772825172,4.764467424651823
100,10000,N=n^2,1,8,3.3353788404128304,4.718386802270391
100,10000,N=n^2,1,9,3.94184937798907,5.1140539529965015
100,10000,N=n^2,1,10,3.383553042221331,4.068034664535459
100,10000,N=n^2,1,11,4.646864065173271,3.041990972438518
100,10000,N=n^2,1,12,4.977625225839864,4.342265742029232
100,10000,N=n^2,1,13,4.452274723467246,3.933088290962417
100,10000,N=n^2,1,15,3.189317022078359,4.10682096175856
100,10000,N=n^2,1,16,3.980751291755457,4.1534587196135995
100,10000,N=n^2,1,17,6.234396168278025,3.4594698110263606
100,10000,N=n^2,1,19,5.428023240075496,4.341187387538872
100,10000,N=n^2,1,21,4.309251569312693,3.9391575160097125
100,10000,N=n^2,1,22,4.635966115951185,5.285057577212082
100,10000,N=n^2,1,23,3.4196329612140857,3.0289692411112834
100,10000,N=n^2,1,24,3.6917783264255504,3.032100671570318
100,10000,N=n^2,1,27,4.085832524149741,4.63567198676191
100,10000,N=n^2,1,28,3.9789851783975108,5.77911150406353
100,10000,N=n^2,1,29,4.12684613971521,3.6050833879209194
100,10000,N=n^2,1,31,4.282536405791076,5.083288866793796
100,10000,N=n^2,1,33,4.093428229544804,2.9225569144660666
100,10000,N=n^2,1,34,4.191475737467166,5.747495978596068
100,10000,N=n^2,1,35,6.583303276494687,3.636006773575037
100,10000,N=n^2,1,36,4.937113303026538,3.1727126218689037
100,10000,N=n^2,1,37,5.254403632817226,5.7067345442165625
100,10000,N=n^2,1,40,4.442121087826018,5.07776468884516
100,10000,N=n^2,1,41,7.115527999910166,4.200006737813311
100,10000,N=n^2,1,42,4.8379079272496615,3.992853618998381
100,10000,N=n^2,1,43,6.221453586101746,4.111974593346498
100,10000,N=n^2,1,44,4.741793766991939,4.677803051340658
100,10000,N=n^2,1,45,3.7691832305602517,5.380763288485468
100,10000,N=n^2,1,46,3.5621268051875865,4.501523683092924
100,10000,N=n^2,1,47,3.2177529884126383,5.403005999937285
100,10000,N=n^2,1,48,3.5889074926545517,4.2759182702102745
100,10000,N=n^2,1,49,5.417496201298124,4.122047289779284
100,10000,N=n^2,1,50,4.135557399679618,4.403016878824182
100,10000,N=n^2,1,51,3.3227010967646575,3.1982379912130647
100,10000,N=n^2,1,52,3.3326896823016687,4.191634425308765
100,10000,N=n^2,1,53,4.95286928446827,3.5446894236777005
100,10000,N=n^2,1,55,4.9649454073531,4.281806700511171
100,10000,N=n^2,1,57,3.9280795994477287,3.466678172932803
100,10000,N=n^2,1,58,4.380163308282729,4.692120190718052
100,10000,N=n^2,1,59,5.123989559329984,3.6977754435312455
100,10000,N=n^2,1,60,4.1935480934692455,3.35774209422914
100,10000,N=n^2,1,61,6.106351042070744,4.29332329051074
100,10000,N=n^2,1,65,4.090953243667548,3.5518662312955906
100,10000,N=n^2,1,67,4.497128956538924,6.711079710623753
100,10000,N=n^2,1,68,4.074678697428312,3.5868412476594447
100,10000,N=n^2,1,70,4.60751410223336,3.3440777488264186
100,10000,N=n^2,1,71,4.30904676149314,3.690221218299511
100,10000,N=n^2,1,76,4.559804752591682,4.805401578841493
100,10000,N=n^2,1,77,7.012680802487057,3.3270997163319254
100,10000,N=n^2,1,78,7.8048908225557785,4.1185347408956225
100,10000,N=n^2,1,80,5.0333122478881505,3.858033167248656
100,10000,N=n^2,1,81,4.029979102757225,4.8216960683318995
100,10000,N=n^2,1,82,4.023494171107111,4.157160559180646
100,10000,N=n^2,1,83,5.238771114056074,5.764614829405089
100,10000,N=n^2,1,84,3.955570799359297,4.187781349990513
100,10000,N=n^2,1,85,4.149957651366178,4.338887612176894
100,10000,N=n^2,1,88,3.895913854279135,2.7567999330304884
100,10000,N=n^2,1,89,4.448762131556265,3.6662331667044064
100,10000,N=n^2,1,90,4.545750385902275,3.3980400324553237
100,10000,N=n^2,1,91,6.258317603640202,4.755444636968198
100,10000,N=n^2,1,92,3.859861729508804,3.709656465164226
100,10000,N=n^2,1,93,5.960197888961912,4.124614350716013
100,10000,N=n^2,1,94,3.3561705785856035,3.648525659098808
100,10000,N=n^2,1,95,5.158582397283725,3.5674541741000194
100,10000,N=n^2,1,96,3.766593425161655,5.129033642616964
100,10000,N=n^2,1,97,5.378368189437324,5.067797302503389
500,500,N=n,1,0,9.197038733762037,9.780116101314857
500,500,N=n,1,1,7.631603286128837,12.791242391700486
500,500,N=n,1,2,11.570506950486998,7.9781379396531555
500,500,N=n,1,3,8.321362433786971,7.683042123455192
500,500,N=n,1,4,10.34024179568762,7.339917298622916
500,500,N=n,1,5,9.34678066187564,9.801294391742498
500,500,N=n,1,6,9.606977548978193,8.779483162380465
500,500,N=n,1,7,11.877186988673657,7.534958411495382
500,500,N=n,1,8,7.867796008043492,8.165150807339437
500,500,N=n,1,9,7.162769101622224,7.945635859142222
500,500,N=n,1,10,8.633048162473042,8.238102202678322
500,500,N=n,1,11,7.464503779200804,8.425485617209636
500,500,N=n,1,12,9.850128323030269,9.911619415064754
500,500,N=n,1,13,8.347175039817945,8.172095855571223
500,500,N=n,1,14,8.7971886916247,7.4191164221476065
500,500,N=n,1,15,11.66275920445958,9.510836920643603
500,500,N=n,1,16,8.919276253312727,11.687590302602777
500,500,N=n,1,17,9.878198139837188,8.04002354041246
500,500,N=n,1,18,6.111127178382208,8.375066738096866
500,500,N=n,1,19,8.46262971452936,7.141617948459801
500,500,N=n,1,20,8.361542890670549,7.85274331853351
500,500,N=n,1,21,8.732431724682995,9.566661843089209
500,500,N=n,1,22,8.118751817829986,6.887797116990363
500,500,N=n,1,23,9.891000265061292,8.510084504841693
500,500,N=n,1,24,11.821259351096899,9.894039901383566
500,500,N=n,1,25,9.010448004933938,8.086265238799971
500,500,N=n,1,26,9.948117034601117,7.222643225728436
500,500,N=n,1,27,7.9688448266907566,7.136521736875197
500,500,N=n,1,28,11.655852503331465,7.791012150157751
500,500,N=n,1,29,9.017078517936277,11.339672443972988
500,500,N=n,1,30,9.342912167760929,7.654743274822357
500,500,N=n,1,31,7.407973209896902,9.822824761481995
500,500,N=n,1,32,10.594246890998823,8.012792873539166
500,500,N=n,1,33,11.372036056047348,8.420051111316443
500,500,N=n,1,34,10.365184816376692,8.672708685635042
500,500,N=n,1,35,8.466054059816255,7.4272069349099965
500,500,N=n,1,36,8.678494304450561,6.5868800884431895
500,500,N=n,1,37,9.611395441124047,9.408246363702332
500,500,N=n,1,38,7.361055352075873,9.489083571286585
500,500,N=n,1,39,6.89933848330512,8.42626308774095
500,500,N=n,1,40,8.403284084693853,7.289219967825876
500,500,N=n,1,41,10.391098134933792,8.223180401712423
500,500,N=n,1,42,8.760325506764758,7.337436416132743
500,500,N=n,1,43,9.039106876065961,8.229564669165804
500,500,N=n,1,44,10.370039676390286,7.828392133458927
500,500,N=n,1,45,10.32632918747042,8.97400390154907
500,500,N=n,1,46,12.954812075779213,7.998437855657045
500,500,N=n,1,47,8.561270095542861,8.833624371083932
500,500,N=n,1,48,6.846516580821824,7.7151676065525665
500,500,N=n,1,49,10.990128119279529,7.296015618908459
500,500,N=n,1,50,9.841916415068182,9.403421491887357
500,500,N=n,1,51,10.279243569028536,9.049245804016122
500,500,N=n,1,52,10.701560860720855,8.55918883574767
500,500,N=n,1,53,9.129861195142373,10.073731119721321
500,500,N=n,1,54,7.40011289664186,8.203856277515637
500,500,N=n,1,55,9.990534013917703,9.082276786024195
500,500,N=n,1,56,9.98769095188861,9.131368554054818
500,500,N=n,1,57,7.492245445105263,8.581529497018531
500,500,N=n,1,58,7.680137993365993,7.910556045513945
500,500,N=n,1,59,8.75520255401526,7.442569211535234
500,500,N=n,1,60,8.250946511807498,7.010897309903132
500,500,N=n,1,61,10.26003767974415,8.52765179629655
500,500,N=n,1,62,10.191827909278684,12.342663357715717
500,500,N=n,1,63,10.786871385652082,7.762075755022407
500,500,N=n,1,64,10.318092780497272,8.897251473782367
500,500,N=n,1,65,10.393959187893254,8.063672463121264
500,500,N=n,1,66,9.4118957389523,8.589666387680587
500,500,N=n,1,67,7.556454439293765,9.283153736756907
500,500,N=n,1,68,8.144834374419053,8.992496664895228
500,500,N=n,1,69,7.8458726127777245,7.469947647644893
500,500,N=n,1,70,7.735141329671423,7.708767019749938
500,500,N=n,1,71,7.544430597436378,9.12734945849401
500,500,N=n,1,72,10.729151978662971,8.27330605431287
500,500,N=n,1,73,8.842178824456056,14.877351609673216
500,500,N=n,1,74,7.708744013273652,9.474606926584652
500,500,N=n,1,75,10.894424854430993,9.436707674913109
500,500,N=n,1,76,10.677135984478237,8.619575398946298
500,500,N=n,1,77,8.418952731337104,8.13453301429958
500,500,N=n,1,78,9.004031892044424,8.510620124469032
500,500,N=n,1,79,11.19024745310844,8.206263101436756
500,500,N=n,1,80,9.58564788641176,7.5772855236417325
500,500,N=n,1,81,7.925199291736926,12.390934488585986
500,500,N=n,1,82,9.973488377172051,8.770147898783064
500,500,N=n,1,83,8.558459420219153,8.864970106142229
500,500,N=n,1,84,12.005284489625872,6.838712957850925
500,500,N=n,1,85,8.552818367044438,8.104717455426016
500,500,N=n,1,86,11.27593167025346,7.921112678792747
500,500,N=n,1,87,8.401515834977006,7.573363973681069
500,500,N=n,1,88,12.676700575693001,9.632929327831963
500,500,N=n,1,89,7.875441410968277,10.067025355626992
500,500,N=n,1,90,8.873215098471682,7.205050407449416
500,500,N=n,1,91,8.881806089696246,10.596884685830439
500,500,N=n,1,92,8.4810049128252,7.372339392988371
500,500,N=n,1,93,8.045900105750425,11.979196448316483
500,500,N=n,1,94,8.833855096143889,8.002541984216807
500,500,N=n,1,95,10.535890322972726,10.4521207750842
500,500,N=n,1,96,11.168655769863031,8.279539420843143
500,500,N=n,1,97,11.004046478389336,7.2064496117998535
500,500,N=n,1,98,9.91634891911274,8.991704459625012
500,500,N=n,1,99,8.557948210148403,7.851618585311042
500,500,N=n,1,100,11.749479349531647,8.696351129346066
500,3107,N=n log(n),1,0,5.049158740617247,6.934339081953816
500,3107,N=n log(n),1,1,7.808318629569603,6.789502921203662
500,3107,N=n log(n),1,2,7.298876181693998,7.029145395169209
500,3107,N=n log(n),1,3,7.49823417744114,7.024587111229747
500,3107,N=n log(n),1,4,5.766674566075918,6.484677840368609
500,3107,N=n log(n),1,5,5.144240162716116,7.297799470635815
500,3107,N=n log(n),1,6,4.995915327031362,6.244767059681541
500,3107,N=n log(n),1,7,6.045616266578251,6.9352627250829135
500,3107,N=n log(n),1,8,5.834676231683603,7.36117762333811
500,3107,N=n log(n),1,9,5.935875844953938,6.334888056715334
500,3107,N=n log(n),1,10,7.76829642453956,10.117551820174299
500,3107,N=n log(n),1,11,5.383212766579675,6.58375168373436
500,3107,N=n log(n),1,12,6.785822792618682,6.460912678126198
500,3107,N=n log(n),1,13,4.457894825108901,5.783111620281873
500,3107,N=n log(n),1,14,6.19089257730765,7.361701335767286
500,3107,N=n log(n),1,15,6.0372621555355686,7.185310330140204
500,3107,N=n log(n),1,16,6.627682875444985,7.942990873470029
500,3107,N=n log(n),1,17,6.085973929153474,7.4948667225723815
500,3107,N=n log(n),1,18,6.378071992004777,7.342970801669972
500,3107,N=n log(n),1,19,6.976859764597432,7.163195962964293
500,3107,N=n log(n),1,20,8.121518496399627,7.740264201485986
500,3107,N=n log(n),1,21,8.080572549900523,6.511661205184313
500,3107,N=n log(n),1,22,6.7881999365164765,7.2583117401169766
500,3107,N=n log(n),1,23,6.878930525865332,6.19403745630776
500,3107,N=n log(n),1,24,6.391798462974189,6.417417504728984
500,3107,N=n log(n),1,25,6.481204658103724,6.828931917648169
500,3107,N=n log(n),1,26,6.272073508022564,6.67942141498897
500,3107,N=n log(n),1,27,6.10194208935376,7.338172992199441
500,3107,N=n log(n),1,28,6.5106876240735225,7.346714607375239
500,3107,N=n log(n),1,29,6.117376806187257,6.447812242487145
500,3107,N=n log(n),1,30,6.902502423039995,6.703405141256311
500,3107,N=n log(n),1,31,6.0890724623797805,8.309174117080989
500,3107,N=n log(n),1,32,7.973772713296125,7.038490557238346
500,3107,N=n log(n),1,33,5.707970899312374,7.801129915168609
500,3107,N=n log(n),1,34,7.232504537178023,6.9354736452757395
500,3107,N=n log(n),1,35,7.067532498173323,8.172515331969588
500,3107,N=n log(n),1,36,5.452305408445136,7.60066786583105
500,3107,N=n log(n),1,37,6.95905186665787,6.757675375313698
500,3107,N=n log(n),1,38,5.459861241805299,5.7524938162317465
500,3107,N=n log(n),1,39,6.574187608714283,7.453886898601478
500,3107,N=n log(n),1,40,7.401751140842759,9.623178952328766
500,3107,N=n log(n),1,41,11.547530351405255,6.286694441155727
500,3107,N=n log(n),1,42,5.628486895864506,6.647189452476715
500,3107,N=n log(n),1,43,6.586978226947523,6.329223175915403
500,3107,N=n log(n),1,44,7.15550567395682,6.90888102477637
500,3107,N=n log(n),1,45,6.09790045120503,6.950788487532887
500,3107,N=n log(n),1,46,5.041621883750093,6.74707393678876
500,3107,N=n log(n),1,47,6.266710624897676,7.751443119391219
500,3107,N=n log(n),1,48,6.268122866261458,6.780166505651681
500,3107,N=n log(n),1,49,5.850830152560879,7.804640316967638
500,3107,N=n log(n),1,50,6.769698756225229,8.993615358951748
500,3107,N=n log(n),1,51,6.09657037253097,7.731628557688053
500,3107,N=n log(n),1,52,4.947297551846978,6.426182952661624
500,3107,N=n log(n),1,53,5.563186497457902,7.007985893821607
500,3107,N=n log(n),1,54,7.6196145799084825,6.640686289961499
500,3107,N=n log(n),1,55,6.750032811799165,6.790534305216817
500,3107,N=n log(n),1,56,6.402094418709906,7.297327615897646
500,3107,N=n log(n),1,57,6.982576824455653,7.36320329661827
500,3107,N=n log(n),1,58,6.798080518238197,7.869335183331843
500,3107,N=n log(n),1,59,6.298148433191296,6.523477038875267
500,3107,N=n log(n),1,60,7.108193330155596,6.147422220577616
500,3107,N=n log(n),1,61,8.266848902687434,8.397836721884042
500,3107,N=n log(n),1,62,7.995366736779843,8.876817569848413
500,3107,N=n log(n),1,63,5.99940306322661,7.373643914534596
500,3107,N=n log(n),1,64,7.29589388836155,6.812224237496663
500,3107,N=n log(n),1,65,7.108210090185608,7.29395325758802
500,3107,N=n log(n),1,66,6.442726632906739,7.663440591244203
500,3107,N=n log(n),1,67,6.941081033691652,10.084657333673295
500,3107,N=n log(n),1,68,9.111068199104684,7.758627725348213
500,3107,N=n log(n),1,69,6.765499847223397,7.793087408677085
500,3107,N=n log(n),1,70,5.024493034887648,6.115706408486874
500,3107,N=n log(n),1,71,8.66683222836868,7.32530534242973
500,3107,N=n log(n),1,72,6.330945892506119,6.630099861590815
500,3107,N=n log(n),1,73,6.5139945120670415,7.86741705706101
500,3107,N=n log(n),1,74,5.818843922074624,7.868394447752917
500,3107,N=n log(n),1,75,6.384763902643933,6.681511192174865
500,3107,N=n log(n),1,76,6.530766077338059,7.178886320760463
500,3107,N=n log(n),1,77,6.131187066488677,7.602653936931529
500,3107,N=n log(n),1,78,8.06595523349152,8.046332322995756
500,3107,N=n log(n),1,79,7.0806626503739025,7.551261873896918
500,3107,N=n log(n),1,80,5.532185592542931,8.638349809466952
500,3107,N=n log(n),1,81,7.783708296467226,7.215315355237111
500,3107,N=n log(n),1,82,5.885803181392541,6.1671844221788525
500,3107,N=n log(n),1,83,4.874556060248566,7.597089751112704
500,3107,N=n log(n),1,84,6.774566736539506,6.522697903925007
500,3107,N=n log(n),1,85,6.520300684096377,7.278616853821427
500,3107,N=n log(n),1,86,6.108386882561136,8.000243857945781
500,3107,N=n log(n),1,87,5.962017066631955,7.9364650514235
500,3107,N=n log(n),1,88,7.2210019520065245,6.948159091992222
500,3107,N=n log(n),1,89,6.313013171766517,8.907318548112992
500,3107,N=n log(n),1,90,6.369168757764712,7.786550178464235
500,3107,N=n log(n),1,91,5.471071446226249,8.491210877963935
500,3107,N=n log(n),1,92,6.828830009890316,7.87240380339897
500,3107,N=n log(n),1,93,4.639897095762864,7.525946418015606
500,3107,N=n log(n),1,94,6.305443261413029,7.029305781789209
500,3107,N=n log(n),1,95,5.964459590191002,5.808551560177265
500,3107,N=n log(n),1,96,6.983796605513657,6.195203575721394
500,3107,N=n log(n),1,97,5.377742902681051,6.749761889616038
500,3107,N=n log(n),1,98,6.624775416998718,6.170301655399529
500,3107,N=n log(n),1,99,7.672773027497327,6.9844798835328925
500,3107,N=n log(n),1,100,7.38384507839909,6.652440185435781
500,11180,N=n^(3/2),1,0,4.540959059831112,4.199021657564068
500,11180,N=n^(3/2),1,1,3.944315925342637,5.663783466072722
500,11180,N=n^(3/2),1,2,3.8881690893891254,4.696245812746554
500,11180,N=n^(3/2),1,3,4.8827370152975,5.19813921451671
500,11180,N=n^(3/2),1,4,6.02927633071942,4.220710125714999
500,11180,N=n^(3/2),1,5,4.168718652414937,4.769825110606292
500,11180,N=n^(3/2),1,6,2.941103716673599,4.510929860184487
500,11180,N=n^(3/2),1,7,4.250603219931776,4.800447428710861
500,11180,N=n^(3/2),1,8,3.865432891448,3.9218187317953968
500,11180,N=n^(3/2),1,9,4.367693285487308,4.592827141420546
500,11180,N=n^(3/2),1,10,6.319556502847124,4.78086343965762
500,11180,N=n^(3/2),1,11,4.5043196369312986,4.383072507448595
500,11180,N=n^(3/2),1,12,5.8653516798162775,4.5192369534798935
500,11180,N=n^(3/2),1,13,3.3399537335251632,4.789061146110788
500,11180,N=n^(3/2),1,14,5.399154099134185,5.309665123165576
500,11180,N=n^(3/2),1,15,4.639857066306141,4.253710485536202
500,11180,N=n^(3/2),1,16,4.332887023650714,4.453279852200396
500,11180,N=n^(3/2),1,17,3.9054259883269586,5.366134773891243
500,11180,N=n^(3/2),1,18,5.279109012211226,5.122610273297403
500,11180,N=n^(3/2),1,19,4.6301649109813825,5.008611914992737
500,11180,N=n^(3/2),1,20,4.78635516305181,3.6460815233041837
500,11180,N=n^(3/2),1,21,4.604256282805425,4.014848382846646
500,11180,N=n^(3/2),1,22,5.103274150805072,4.112737473955288
500,11180,N=n^(3/2),1,23,4.242150852539153,4.405148916964092
500,11180,N=n^(3/2),1,24,3.8938386177584334,4.062148939425566
500,11180,N=n^(3/2),1,25,4.149530535780193,3.7571321677059837
500,11180,N=n^(3/2),1,26,4.626241536694702,5.311606721867683
500,11180,N=n^(3/2),1,27,4.24086875782712,4.31515629641087
500,11180,N=n^(3/2),1,28,5.846830930205884,4.934136785601778
500,11180,N=n^(3/2),1,29,4.967434165823922,4.291139611467695
500,11180,N=n^(3/2),1,30,4.991248639081966,4.020653920397836
500,11180,N=n^(3/2),1,31,4.2595082068257595,4.876325343031949
500,11180,N=n^(3/2),1,32,4.462787571322762,5.214155019856042
500,11180,N=n^(3/2),1,33,4.063838160891439,4.547808414849621
500,11180,N=n^(3/2),1,34,4.484998706187062,4.169639120791047
500,11180,N=n^(3/2),1,35,5.363742861208693,4.288821576117618
500,11180,N=n^(3/2),1,36,3.9299757016278325,4.798655284334726
500,11180,N=n^(3/2),1,37,4.505334637983701,4.737517728847271
500,11180,N=n^(3/2),1,38,4.82520453449707,4.28896790159166
500,11180,N=n^(3/2),1,39,4.140376652477643,3.8889699336745087
500,11180,N=n^(3/2),1,40,4.773054141692032,4.6847122424589935
500,11180,N=n^(3/2),1,41,8.41042022833114,4.159461608913397
500,11180,N=n^(3/2),1,42,4.287281532893112,4.395893820850662
500,11180,N=n^(3/2),1,43,4.276176740996996,4.355707665133361
500,11180,N=n^(3/2),1,44,3.718280551586138,4.583376298962255
500,11180,N=n^(3/2),1,45,4.403755369752721,4.5093659156086305
500,11180,N=n^(3/2),1,46,4.264365717580277,3.6429582464891084
500,11180,N=n^(3/2),1,47,4.373517726673747,4.086665975425794
500,11180,N=n^(3/2),1,48,5.155680096985596,4.6955705831930405
500,11180,N=n^(3/2),1,49,5.12190127914352,4.407473021285597
500,11180,N=n^(3/2),1,50,5.279618741834651,4.199436105504818
500,11180,N=n^(3/2),1,51,3.811294027097355,4.659456227184226
500,11180,N=n^(3/2),1,52,4.101326737915482,4.136170533889719
500,11180,N=n^(3/2),1,53,4.1578148183316745,4.392591695368442
500,11180,N=n^(3/2),1,54,5.530224341032162,4.400163181717091
500,11180,N=n^(3/2),1,55,4.481120768021123,4.4194862261779795
500,11180,N=n^(3/2),1,56,3.5896715628835283,4.109470554194528
500,11180,N=n^(3/2),1,57,3.811934691415793,4.278772882824173
500,11180,N=n^(3/2),1,58,4.228772013100418,4.235289386828139
500,11180,N=n^(3/2),1,59,4.619181974806106,4.49215926091076
500,11180,N=n^(3/2),1,60,5.160093281558216,5.799269760934937
500,11180,N=n^(3/2),1,61,4.564193503232945,4.2839327286391455
500,11180,N=n^(3/2),1,62,5.05106625513138,4.403709458606872
500,11180,N=n^(3/2),1,63,3.871482681988397,4.422478060866868
500,11180,N=n^(3/2),1,64,4.256762091012124,4.636927033645292
500,11180,N=n^(3/2),1,65,4.443246162617781,5.609946830664956
500,11180,N=n^(3/2),1,66,5.209647399805033,5.754166859074952
500,11180,N=n^(3/2),1,67,4.257647331210474,7.309775724772591
500,11180,N=n^(3/2),1,68,5.735043010275045,4.879089967229885
500,11180,N=n^(3/2),1,69,3.82324982598286,4.82638353438587
500,11180,N=n^(3/2),1,70,3.5111903808491296,4.939784203407156
500,11180,N=n^(3/2),1,71,6.351932155874948,5.039899019272618
500,11180,N=n^(3/2),1,72,4.259796744860381,4.992535155666526
500,11180,N=n^(3/2),1,73,4.791023431048332,5.710098571308028
500,11180,N=n^(3/2),1,74,4.4599637563193735,4.060067317270261
500,11180,N=n^(3/2),1,75,5.206926315177434,4.182560230806518
500,11180,N=n^(3/2),1,76,4.516899491703732,4.70486541395514
500,11180,N=n^(3/2),1,77,4.3166161731040535,4.393616764464388
500,11180,N=n^(3/2),1,78,6.0495430892363515,4.187513325461088
500,11180,N=n^(3/2),1,79,4.063786650956909,5.7063344578764665
500,11180,N=n^(3/2),1,80,3.6706002910099857,4.34998617229448
500,11180,N=n^(3/2),1,81,3.872131839615071,4.929854753533744
500,11180,N=n^(3/2),1,82,4.18084602427089,3.969352086266762
500,11180,N=n^(3/2),1,83,4.302853864362491,4.3673140434177276
500,11180,N=n^(3/2),1,84,3.5463981045329915,4.588483038708952
500,11180,N=n^(3/2),1,85,4.336680842357042,4.9125237029155775
500,11180,N=n^(3/2),1,86,3.2235551785792036,4.845234594033489
500,11180,N=n^(3/2),1,87,5.971643778034318,4.709688150051003
500,11180,N=n^(3/2),1,88,4.4087475106202145,5.30267091910369
500,11180,N=n^(3/2),1,89,4.794935823763822,5.479058051475507
500,11180,N=n^(3/2),1,90,4.927684188942287,4.256837198406757
500,11180,N=n^(3/2),1,91,5.0151283493706345,4.633980551992215
500,11180,N=n^(3/2),1,92,3.925380037219572,6.111233535818254
500,11180,N=n^(3/2),1,93,3.741528985055107,4.6704839523861565
500,11180,N=n^(3/2),1,94,6.2655527886194715,4.726665071565764
500,11180,N=n^(3/2),1,95,4.765004011798526,4.347398923646291
500,11180,N=n^(3/2),1,96,4.518666781803532,5.466425070830674
500,11180,N=n^(3/2),1,97,4.08143190977437,4.2909523266546445
500,11180,N=n^(3/2),1,98,4.408347707541579,3.826846433297439
500,11180,N=n^(3/2),1,99,4.5258170290448945,3.9398560158119946
500,11180,N=n^(3/2),1,100,4.166755420412994,4.171576664152628
500,250000,N=n^2,1,0,2.054015142737487,2.725562553266648
500,250000,N=n^2,1,1,2.2424823052308716,4.099013412924455
500,250000,N=n^2,1,2,1.849846813479436,2.8206464460709046
500,250000,N=n^2,1,3,2.6185633863477125,2.4451672976007894
500,250000,N=n^2,1,4,2.218655317020368,2.3759121315323735
500,250000,N=n^2,1,5,1.5734740173864459,3.267687318496807
500,250000,N=n^2,1,6,1.425852984710225,2.881869826524311
500,250000,N=n^2,1,7,2.3844306898400727,3.64651369689222
500,250000,N=n^2,1,8,2.058897341817917,3.054940637027235
500,250000,N=n^2,1,9,1.8672954111089672,2.2416333424893646
500,250000,N=n^2,1,10,2.1066592654885463,2.7975672060996137
500,250000,N=n^2,1,11,1.9101842810614131,2.7164090364914024
500,250000,N=n^2,1,12,1.788455983472182,2.3011914417432595
500,250000,N=n^2,1,13,4.350007695476837,2.3525261223544267
500,250000,N=n^2,1,14,1.91017306339892,2.5403238499005774
500,250000,N=n^2,1,15,2.2985417611840036,3.3476545365046158
500,250000,N=n^2,1,16,1.9778903872774678,3.0147645653603545
500,250000,N=n^2,1,17,2.7697758184593306,3.2592334027245715
500,250000,N=n^2,1,18,1.6201064072547713,3.5784211767621117
500,250000,N=n^2,1,19,2.4354547797137354,3.150055417174036
500,250000,N=n^2,1,20,2.112501054881204,3.653097512159101
500,250000,N=n^2,1,21,2.455510644977234,3.038489469129149
500,250000,N=n^2,1,22,3.9209878045033335,2.9801404004375565
500,250000,N=n^2,1,23,2.0011025103109406,2.820912766985894
500,250000,N=n^2,1,24,2.069925324857908,3.3063252706697748
500,250000,N=n^2,1,25,1.7532153592969522,4.910719876906041
500,250000,N=n^2,1,26,1.9566235089692827,2.9929823203478287
500,250000,N=n^2,1,27,1.673276748212953,4.149950078235446
500,250000,N=n^2,1,28,3.109582506234764,3.275503772047319
500,250000,N=n^2,1,29,1.7559423655257653,2.216192124877567
500,250000,N=n^2,1,30,2.3931899493833453,2.3065514172342825
500,250000,N=n^2,1,31,2.8798252177265904,3.0532107636280608
500,250000,N=n^2,1,32,2.564340222289819,3.318105352955572
500,250000,N=n^2,1,33,1.7977609179896645,2.489685376078427
500,250000,N=n^2,1,34,2.082831836511387,2.312116594439988
500,250000,N=n^2,1,35,1.6722124521495203,2.294973739422154
500,250000,N=n^2,1,36,2.043116467233663,3.4870230687057155
500,250000,N=n^2,1,37,1.6172621727503529,3.996768209485217
500,250000,N=n^2,1,38,1.7324821442845846,2.5852772394002894
500,250000,N=n^2,1,39,1.759669147846758,2.9246392849336527
500,250000,N=n^2,1,40,1.7818765764739752,2.3689962972919454
500,250000,N=n^2,1,41,6.267437759620483,2.6297123690596145
500,250000,N=n^2,1,42,2.0247093553193523,3.972528871769902
500,250000,N=n^2,1,43,1.6437800847098702,2.1927550886999096
500,250000,N=n^2,1,44,2.10457622740461,2.8453728358695876
500,250000,N=n^2,1,45,2.2369428814778147,2.7788175498171293
500,250000,N=n^2,1,46,1.7239912637008175,3.4103621329164797
500,250000,N=n^2,1,47,2.3774459880633962,2.585373282365932
500,250000,N=n^2,1,48,1.8973110371181494,2.705551488013636
500,250000,N=n^2,1,49,3.954170207993067,4.226014267827695
500,250000,N=n^2,1,50,1.616225521727369,2.8324777206575527
500,250000,N=n^2,1,51,2.1017391780345536,3.0119140360926338
500,250000,N=n^2,1,52,1.6101988119353638,2.643228834471173
500,250000,N=n^2,1,53,2.7552353961388523,2.473040718089799
500,250000,N=n^2,1,54,2.048090344316873,2.773446898407312
500,250000,N=n^2,1,55,3.3418476104074823,2.284957794821216
500,250000,N=n^2,1,56,2.352414816654691,2.7272776772745537
500,250000,N=n^2,1,57,2.749361318723853,3.456359511226522
500,250000,N=n^2,1,58,2.277234093838706,3.4858406835527047
500,250000,N=n^2,1,59,1.6668813941399827,2.307626830252264
500,250000,N=n^2,1,60,1.955474391638229,2.1323238105849387
500,250000,N=n^2,1,61,2.0965693147267346,3.8700715452111116
500,250000,N=n^2,1,62,1.8093329013739243,2.454028519518059
500,250000,N=n^2,1,63,1.8055059141241234,2.4450332743214904
500,250000,N=n^2,1,64,4.229613569298152,3.2439553593969266
500,250000,N=n^2,1,65,2.7361083461518825,2.184208082146756
500,250000,N=n^2,1,66,2.780173287373797,3.1686967574313956
500,250000,N=n^2,1,67,1.6492078587725107,3.0852346459350426
500,250000,N=n^2,1,68,1.7648298556381161,2.8611790338022716
500,250000,N=n^2,1,69,1.6147091256789032,3.4136464315493322
500,250000,N=n^2,1,70,1.5577613031040354,3.060209513328197
500,250000,N=n^2,1,71,2.8984254216398737,2.2651930349016616
500,250000,N=n^2,1,72,2.4338059924573225,2.3061207807394424
500,250000,N=n^2,1,73,2.790008351987737,3.9191993431858227
500,250000,N=n^2,1,74,3.209118237300853,1.9162768762341904
500,250000,N=n^2,1,75,1.8282898057505839,2.346961841663041
500,250000,N=n^2,1,76,1.8490374982840807,2.5836043631477468
500,250000,N=n^2,1,77,2.2152400634433986,2.812343537304776
500,250000,N=n^2,1,78,2.9007503545833706,2.3246970250135632
500,250000,N=n^2,1,79,2.10788845879675,4.1586367556735775
500,250000,N=n^2,1,80,1.4738682681362398,4.125531647295411
500,250000,N=n^2,1,81,2.2262819149554702,3.3846320424490073
500,250000,N=n^2,1,82,2.6776831768915215,2.169752276663501
500,250000,N=n^2,1,83,1.588126908741794,3.690296666459828
500,250000,N=n^2,1,84,1.8379925773223729,2.4174526386955657
500,250000,N=n^2,1,85,2.2288234856191065,2.664817023287983
500,250000,N=n^2,1,86,1.9772152068998503,2.620877317521538
500,250000,N=n^2,1,87,2.38652640464554,2.4990204247965284
500,250000,N=n^2,1,88,2.2584194096310193,2.9762285112077342
500,250000,N=n^2,1,89,2.8897626586505347,2.8663489717390376
500,250000,N=n^2,1,90,2.0177577897149392,2.7541645485414255
500,250000,N=n^2,1,91,2.692483623351151,3.493897918611579
500,250000,N=n^2,1,92,1.904585582475111,3.2254697344775534
500,250000,N=n^2,1,93,1.56991913882556,3.418444608576909
500,250000,N=n^2,1,94,2.2338764139542797,4.907563924909996
500,250000,N=n^2,1,95,1.8011615620979318,2.3665769669029335
500,250000,N=n^2,1,96,2.3719991333735515,2.0369716552708637
500,250000,N=n^2,1,97,2.370809617827995,3.8923503603715135
500,250000,N=n^2,1,98,1.680786253368276,2.4373910403909553
500,250000,N=n^2,1,99,3.6853963291286918,2.839057553505925
500,250000,N=n^2,1,100,1.9610056582679003,2.6871805894473626
1000,1000,N=n,1,0,8.973137162822262,7.860881792527312
1000,1000,N=n,1,1,9.700025646026326,10.365610121105776
1000,1000,N=n,1,2,7.767656929959451,9.630451502558445
1000,1000,N=n,1,3,9.150019799539313,9.398259672657261
1000,1000,N=n,1,4,8.572236106385363,8.686434640168041
1000,1000,N=n,1,5,12.573710012079973,9.666487788168823
1000,1000,N=n,1,6,8.97505064677741,9.63059817778289
1000,1000,N=n,1,7,9.009602877544898,8.462949429988461
1000,1000,N=n,1,8,6.92235200947112,9.322461681336655
1000,1000,N=n,1,9,9.984832220657362,8.337378966252253
1000,1000,N=n,1,10,8.926036447562023,10.294247494116338
1000,1000,N=n,1,11,7.111226358495003,8.07598960922154
1000,1000,N=n,1,12,7.1782192485604535,9.04752765659914
1000,1000,N=n,1,13,10.368281054153321,9.158043727958727
1000,1000,N=n,1,14,7.5964501488041165,8.810759368960962
1000,1000,N=n,1,15,8.710684925441415,8.115016209566035
1000,1000,N=n,1,16,7.531083913280349,8.48002546878079
1000,1000,N=n,1,17,8.243564041786213,9.722889297939215
1000,1000,N=n,1,18,8.793281638949443,9.4732453036174
1000,1000,N=n,1,19,8.783580261721259,8.05154967908327
1000,1000,N=n,1,20,11.52272191674689,8.7038025002762
1000,1000,N=n,1,21,11.046070204371652,9.131764808539405
1000,1000,N=n,1,22,8.20865318607229,8.403998308856371
1000,1000,N=n,1,23,9.711489524146902,8.318977237893835
1000,1000,N=n,1,24,9.409089073150623,8.694993342162972
1000,1000,N=n,1,25,8.30948013970707,9.223026433846313
1000,1000,N=n,1,26,9.101039316547498,10.037968958851252
1000,1000,N=n,1,27,8.614641226963842,8.107466538809968
1000,1000,N=n,1,28,9.637470692403408,10.220530600655113
1000,1000,N=n,1,29,7.497688085916975,7.770106949045743
1000,1000,N=n,1,30,10.055309392470253,9.630156717752172
1000,1000,N=n,1,31,8.879953982706171,9.137011950779698
1000,1000,N=n,1,32,9.051744560912839,8.337502318045399
1000,1000,N=n,1,33,7.564804116215997,8.87900641044014
1000,1000,N=n,1,34,8.292191846172809,8.600012865543695
1000,1000,N=n,1,35,10.031960950044224,9.845009614205846
1000,1000,N=n,1,36,9.39639711264675,8.460498068037367
1000,1000,N=n,1,37,8.695136760104422,9.841079599194009
1000,1000,N=n,1,38,8.839773713523362,8.839199253888971
1000,1000,N=n,1,39,9.026751515831831,9.117697094285743
1000,1000,N=n,1,40,7.425111204275245,10.418154627158488
1000,1000,N=n,1,41,14.919000453584884,8.975906714656007
1000,1000,N=n,1,42,9.838866903167682,8.437821027047134
1000,1000,N=n,1,43,6.856022069535629,10.103003380574501
1000,1000,N=n,1,44,11.45444584900195,9.15512442009466
1000,1000,N=n,1,45,7.305981669403663,8.014698007738707
1000,1000,N=n,1,46,7.583079324244116,8.777016312149131
1000,1000,N=n,1,47,10.561173706697275,9.262566891235023
1000,1000,N=n,1,48,8.816697153883814,8.760581603189793
1000,1000,N=n,1,49,10.211286897100756,9.297290218103312
1000,1000,N=n,1,50,6.878155833529546,10.8250610115081
1000,1000,N=n,1,51,7.742212201110892,10.550895261310773
1000,1000,N=n,1,52,8.692571441873326,14.039375117474705
1000,1000,N=n,1,53,7.920044290381758,10.332664481186587
1000,1000,N=n,1,54,8.505003938104004,7.8504483412864445
1000,1000,N=n,1,55,11.083212447139775,9.213502536565665
1000,1000,N=n,1,56,8.293479588076783,7.9511464111120835
1000,1000,N=n,1,57,8.451848525383237,9.124498203266045
1000,1000,N=n,1,58,7.579663376421471,8.875147356288362
1000,1000,N=n,1,59,9.959578286795237,8.687616554549066
1000,1000,N=n,1,60,11.24469793629133,9.324469368818027
1000,1000,N=n,1,61,9.631237918485821,8.406874049335116
1000,1000,N=n,1,62,8.301619252923494,10.195146609215366
1000,1000,N=n,1,63,9.1154234251913,9.075725707810552
1000,1000,N=n,1,64,8.351476672971858,7.747995038543993
1000,1000,N=n,1,65,8.873797245048298,8.918082598731747
1000,1000,N=n,1,66,9.215317330948412,8.901190309308044
1000,1000,N=n,1,67,10.503904418005076,8.876411632063762
1000,1000,N=n,1,68,9.391561158352657,9.268538476629908
1000,1000,N=n,1,69,8.861884904700878,7.976957133301316
1000,1000,N=n,1,70,8.274575407022175,11.95016367705892
1000,1000,N=n,1,71,10.329798459340468,9.808783813005364
1000,1000,N=n,1,72,11.366621935863416,7.92036332841134
1000,1000,N=n,1,73,10.993995749604535,8.728588102599234
1000,1000,N=n,1,74,8.742052196331542,10.353454352071493
1000,1000,N=n,1,75,8.670751853897615,8.965196315840005
1000,1000,N=n,1,76,9.31922427528912,9.028243109799648
1000,1000,N=n,1,77,10.724064668366132,7.81686433319973
1000,1000,N=n,1,78,8.879188793410842,10.514485222595527
1000,1000,N=n,1,79,8.721040986301597,10.47614869671876
1000,1000,N=n,1,80,7.635021205443306,9.25700212721715
1000,1000,N=n,1,81,10.075903754632058,7.94037951219432
1000,1000,N=n,1,82,9.812772546845434,8.602602156712072
1000,1000,N=n,1,83,8.461692447153785,9.391086189546634
1000,1000,N=n,1,84,8.040068841282215,8.464119131588038
1000,1000,N=n,1,85,9.983444049781525,8.640307538577945
1000,1000,N=n,1,86,8.503935854699709,9.322702535974512
1000,1000,N=n,1,87,7.93031204406681,9.103837778708224
1000,1000,N=n,1,88,9.873447920050694,8.200984398404175
1000,1000,N=n,1,89,8.622035880698121,9.478139496009097
1000,1000,N=n,1,90,8.267165031135693,7.974744782254553
1000,1000,N=n,1,91,10.345385241867103,8.954394244741449
1000,1000,N=n,1,92,9.298310889256642,9.483695820297442
1000,1000,N=n,1,93,9.150680990105082,7.4109367545588345
1000,1000,N=n,1,94,9.164308750389766,10.558168797377606
1000,1000,N=n,1,95,9.250055086662698,9.174202697224722
1000,1000,N=n,1,96,7.750234064633098,9.099327566259031
1000,1000,N=n,1,97,9.236824722906956,7.600033354214769
1000,1000,N=n,1,98,8.690918327247907,6.720032391912089
1000,1000,N=n,1,99,8.491348974148703,9.410168548951305
1000,1000,N=n,1,100,10.3035358309644,10.33337132813944
1000,6907,N=n log(n),1,0,6.144957912005539,5.706658548270201
1000,6907,N=n log(n),1,1,5.644468892691346,5.790839736012666
1000,6907,N=n log(n),1,2,5.463706337025464,6.153680555115518
1000,6907,N=n log(n),1,3,5.665895503351672,5.368365224665055
1000,6907,N=n log(n),1,4,5.972840211424584,6.49717588365822
1000,6907,N=n log(n),1,5,7.89107083605275,5.288050615102064
1000,6907,N=n log(n),1,6,4.122832769956967,5.268929625975466
1000,6907,N=n log(n),1,7,6.122429457805489,6.091002570296454
1000,6907,N=n log(n),1,8,5.3917795457930495,6.667721938623978
1000,6907,N=n log(n),1,9,4.347572821163279,5.33452262140364
1000,6907,N=n log(n),1,10,7.064194792092294,6.009785676266347
1000,6907,N=n log(n),1,11,5.661677273722304,5.388293137168078
1000,6907,N=n log(n),1,12,4.584788744783243,5.804712042148832
1000,6907,N=n log(n),1,13,5.284026133988271,5.396611490875925
1000,6907,N=n log(n),1,14,6.689909107234588,5.8311338685300464
1000,6907,N=n log(n),1,15,7.135441650670485,5.686288412375539
1000,6907,N=n log(n),1,16,4.870193129587228,4.771000142280649
1000,6907,N=n log(n),1,17,4.740848136668373,5.92947133199124
1000,6907,N=n log(n),1,18,4.804572455312233,5.342337494818137
1000,6907,N=n log(n),1,19,4.9105358536876045,5.1269774611574475
1000,6907,N=n log(n),1,20,4.462372419923865,5.716388729973312
1000,6907,N=n log(n),1,21,6.717199432915862,4.611794066989649
1000,6907,N=n log(n),1,22,7.88005542971327,5.58439797552237
1000,6907,N=n log(n),1,23,6.17418285392684,5.506278898310285
1000,6907,N=n log(n),1,24,5.962582364644634,4.625659481758115
1000,6907,N=n log(n),1,25,5.046880998286508,5.959320484863563
1000,6907,N=n log(n),1,26,5.893614105026061,5.148915060310312
1000,6907,N=n log(n),1,27,5.453396852167845,5.785573113836804
1000,6907,N=n log(n),1,28,5.971994903134111,4.828219130031179
1000,6907,N=n log(n),1,29,6.242167415991925,4.95851278910831
1000,6907,N=n log(n),1,30,7.817401958270694,6.158366362305659
1000,6907,N=n log(n),1,31,5.026470802592082,5.3311238656375775
1000,6907,N=n log(n),1,32,5.692116005038766,6.544695306580759
1000,6907,N=n log(n),1,33,6.60253937241264,6.029595828867658
1000,6907,N=n log(n),1,34,5.079795686979963,5.417955253482062
1000,6907,N=n log(n),1,35,4.168439247939862,5.854751869459809
1000,6907,N=n log(n),1,36,4.738265217655378,6.574173382644525
1000,6907,N=n log(n),1,37,6.19247249250457,7.0402295028104325
1000,6907,N=n log(n),1,38,5.510046751717144,5.400078441274424
1000,6907,N=n log(n),1,39,5.010607660176718,6.030123572513318
1000,6907,N=n log(n),1,40,6.194284900081635,7.501696102082504
1000,6907,N=n log(n),1,41,10.743752099887406,6.141082584586205
1000,6907,N=n log(n),1,42,5.668195878350399,6.421864774044919
1000,6907,N=n log(n),1,43,4.025984161619065,6.598770553518403
1000,6907,N=n log(n),1,44,5.272828548801389,6.519597010922394
1000,6907,N=n log(n),1,45,5.110267216155065,6.913205649796991
1000,6907,N=n log(n),1,46,5.137615371028237,5.476182605326555
1000,6907,N=n log(n),1,47,4.665506110866575,5.176009507451207
1000,6907,N=n log(n),1,48,4.760530820840061,6.971984150610887
1000,6907,N=n log(n),1,49,6.002339970830067,7.5145352895463
1000,6907,N=n log(n),1,50,5.646776586593709,5.345685473080804
1000,6907,N=n log(n),1,51,5.103364797001719,7.006343274169061
1000,6907,N=n log(n),1,52,5.404575122814076,5.491015733959513
1000,6907,N=n log(n),1,53,6.566046975281062,6.502367468285389
1000,6907,N=n log(n),1,54,7.441965003508614,6.878849105142135
1000,6907,N=n log(n),1,55,6.436774924076228,5.7838929649939494
1000,6907,N=n log(n),1,56,5.851890801566884,5.770007905629594
1000,6907,N=n log(n),1,57,5.432314919250957,7.603304580357242
1000,6907,N=n log(n),1,58,6.266214090977029,6.133522023706764
1000,6907,N=n log(n),1,59,5.7512556628718485,5.978439216350292
1000,6907,N=n log(n),1,60,6.395157769639311,5.72694942017995
1000,6907,N=n log(n),1,61,5.248876951862481,5.381730878029102
1000,6907,N=n log(n),1,62,5.893631665010055,5.2421166165816535
1000,6907,N=n log(n),1,63,5.466064896801341,7.504848707599915
1000,6907,N=n log(n),1,64,4.488381799069894,4.996925358033748
1000,6907,N=n log(n),1,65,5.42839466652025,5.123682587882462
1000,6907,N=n log(n),1,66,4.4405932907642915,8.017882875882657
1000,6907,N=n log(n),1,67,6.003997301781757,4.9202087736226385
1000,6907,N=n log(n),1,68,5.985916082150848,5.823443435184857
1000,6907,N=n log(n),1,69,6.767465041202064,5.909135334467031
1000,6907,N=n log(n),1,70,5.557631473092626,6.702469274858053
1000,6907,N=n log(n),1,71,7.032491051784438,5.514799548797442
1000,6907,N=n log(n),1,72,7.195215361153076,5.819319825764786
1000,6907,N=n log(n),1,73,6.822267214703822,5.4418670035982055
1000,6907,N=n log(n),1,74,6.368103054173688,5.093084807540533
1000,6907,N=n log(n),1,75,5.587064471000342,5.4397397769874125
1000,6907,N=n log(n),1,76,4.394036768311924,6.727432736741708
1000,6907,N=n log(n),1,77,5.102994362188034,6.26825618314145
1000,6907,N=n log(n),1,78,6.427827341484275,5.594200653162689
1000,6907,N=n log(n),1,79,5.5950983655007756,5.413169596919995
1000,6907,N=n log(n),1,80,4.723046149751988,5.549975753481069
1000,6907,N=n log(n),1,81,4.95414858553579,7.101755320845774
1000,6907,N=n log(n),1,82,5.925848792946865,5.651991245142954
1000,6907,N=n log(n),1,83,6.89618182277266,6.340107374318271
1000,6907,N=n log(n),1,84,5.472253878020096,6.097030283359657
1000,6907,N=n log(n),1,85,5.566244243484534,5.439087200744479
1000,6907,N=n log(n),1,86,6.182231486355846,6.536617832332011
1000,6907,N=n log(n),1,87,4.487015442615606,7.906905803504964
1000,6907,N=n log(n),1,88,6.002523253116111,9.40612874897999
1000,6907,N=n log(n),1,89,5.862866742836092,5.890576938906555
1000,6907,N=n log(n),1,90,5.444589801386675,7.178182379491589
1000,6907,N=n log(n),1,91,5.437178629327103,5.821059041266842
1000,6907,N=n log(n),1,92,5.707477018530362,6.006704994423506
1000,6907,N=n log(n),1,93,5.087009642788338,6.644167846867302
1000,6907,N=n log(n),1,94,6.049702353412642,5.965536621044566
1000,6907,N=n log(n),1,95,5.70347260201031,5.963038799784701
1000,6907,N=n log(n),1,96,4.527849985398425,6.087964585113996
1000,6907,N=n log(n),1,97,4.194924819415243,5.659400603584327
1000,6907,N=n log(n),1,98,6.361906591176834,6.132739158237055
1000,6907,N=n log(n),1,99,5.263564465012303,5.892943556419089
1000,6907,N=n log(n),1,100,6.438644497179278,6.649629680339465
1000,31622,N=n^(3/2),1,0,4.6787900373398426,3.4337577030668616
1000,31622,N=n^(3/2),1,1,4.89870922611473,3.938086004685303
1000,31622,N=n^(3/2),1,2,2.9596398381867415,3.1329771648713285
1000,31622,N=n^(3/2),1,3,3.229941555490687,4.006982173461638
1000,31622,N=n^(3/2),1,4,3.6305943714292352,3.1531077285855034
1000,31622,N=n^(3/2),1,5,3.6592111598974175,3.8743740044648014
1000,31622,N=n^(3/2),1,6,3.5273142642430813,3.6843786047608456
1000,31622,N=n^(3/2),1,7,4.203504414501586,4.330639307841768
1000,31622,N=n^(3/2),1,8,3.4430012528999185,4.401932118797522
1000,31622,N=n^(3/2),1,9,3.5895808873835233,3.649758768265433
1000,31622,N=n^(3/2),1,10,3.5814280035113515,4.300916383480467
1000,31622,N=n^(3/2),1,11,3.466942941706137,4.520972272159659
1000,31622,N=n^(3/2),1,12,4.146197458526704,3.3805199423437178
1000,31622,N=n^(3/2),1,13,3.8567357094122836,4.235970495394104
1000,31622,N=n^(3/2),1,14,3.9011780337926156,3.8577708452909967
1000,31622,N=n^(3/2),1,15,3.4496240394776083,3.8462129878211213
1000,31622,N=n^(3/2),1,16,3.632494418757827,3.2303153535574727
1000,31622,N=n^(3/2),1,17,3.6790482819640373,3.1326266571405914
1000,31622,N=n^(3/2),1,18,3.5168317338507666,4.082909710723115
1000,31622,N=n^(3/2),1,19,3.4345623245151136,4.060037891531563
1000,31622,N=n^(3/2),1,20,4.281090818365913,3.903401137044154
1000,31622,N=n^(3/2),1,21,3.582461510324266,4.039969401407023
1000,31622,N=n^(3/2),1,22,4.103483849209321,4.0316050155985215
1000,31622,N=n^(3/2),1,23,8.324983168816418,3.6370659770859146
1000,31622,N=n^(3/2),1,24,3.280135960645249,3.6533611006481657
1000,31622,N=n^(3/2),1,25,3.3501723003423614,3.4948409121508393
1000,31622,N=n^(3/2),1,26,4.260052437276017,4.23055140972232
1000,31622,N=n^(3/2),1,27,2.865398137296091,3.7550066663021533
1000,31622,N=n^(3/2),1,28,3.5445503367458637,3.522234231279019
1000,31622,N=n^(3/2),1,29,3.449863135354849,3.686445496047602
1000,31622,N=n^(3/2),1,30,3.199268465712461,4.390432346371132
1000,31622,N=n^(3/2),1,31,2.99683675019374,4.120007612444255
1000,31622,N=n^(3/2),1,32,3.795713374597226,4.978156693476125
1000,31622,N=n^(3/2),1,33,3.4960755144899194,3.498463759872554
1000,31622,N=n^(3/2),1,34,3.2807476609261568,3.529409373246507
1000,31622,N=n^(3/2),1,35,3.0784910918042754,3.667194270047952
1000,31622,N=n^(3/2),1,36,3.9013519904621083,3.860683091259823
1000,31622,N=n^(3/2),1,37,4.698445230433873,3.9512559465005874
1000,31622,N=n^(3/2),1,38,3.921147542446587,3.5256085844856715
1000,31622,N=n^(3/2),1,39,3.7336105567687023,3.9760442358810524
1000,31622,N=n^(3/2),1,40,3.154858395468983,3.9418328424311855
1000,31622,N=n^(3/2),1,41,7.668976574974716,3.61549149522464
1000,31622,N=n^(3/2),1,42,4.685285353738458,3.7221176690469417
1000,31622,N=n^(3/2),1,43,3.899000471681238,4.231682296371486
1000,31622,N=n^(3/2),1,44,3.3629308002186495,3.79714323798464
1000,31622,N=n^(3/2),1,45,3.7209225347961263,3.930391948260749
1000,31622,N=n^(3/2),1,46,3.209053632503403,3.220617492067844
1000,31622,N=n^(3/2),1,47,3.5720812974692944,3.71548713231477
1000,31622,N=n^(3/2),1,48,3.805576970874758,4.339065296131184
1000,31622,N=n^(3/2),1,49,5.433969272861379,4.573542664526387
1000,31622,N=n^(3/2),1,50,3.236013993482336,4.359993346532186
1000,31622,N=n^(3/2),1,51,3.35724553653802,3.6833443776438113
1000,31622,N=n^(3/2),1,52,5.452619381188107,3.4541955281588916
1000,31622,N=n^(3/2),1,53,3.637600111833951,6.438037619014613
1000,31622,N=n^(3/2),1,54,3.707122660681498,4.0242729652719165
1000,31622,N=n^(3/2),1,55,7.019052508012786,4.4411420727769295
1000,31622,N=n^(3/2),1,56,3.50599325607909,4.318651341571456
1000,31622,N=n^(3/2),1,57,4.892970055321087,4.930234149935948
1000,31622,N=n^(3/2),1,58,3.440671885760912,3.533329550495603
1000,31622,N=n^(3/2),1,59,3.3546609091869004,3.7065696131835812
1000,31622,N=n^(3/2),1,60,4.706860393215142,4.125818124958521
1000,31622,N=n^(3/2),1,61,3.2877041360509542,4.088527988335652
1000,31622,N=n^(3/2),1,62,3.4262346054554746,4.39767426208433
1000,31622,N=n^(3/2),1,63,3.598177819926128,3.4606062845871493
1000,31622,N=n^(3/2),1,64,4.167048343433896,3.5408501405555386
1000,31622,N=n^(3/2),1,65,3.5377612243575314,3.872162911601111
1000,31622,N=n^(3/2),1,66,3.4169401414591594,4.3941851263518705
1000,31622,N=n^(3/2),1,67,5.022670043856853,3.9528585882768836
1000,31622,N=n^(3/2),1,68,4.462276715911968,3.7060899780901417
1000,31622,N=n^(3/2),1,69,4.482370836886842,4.164108182196832
1000,31622,N=n^(3/2),1,70,4.007226769278879,4.2800888803193695
1000,31622,N=n^(3/2),1,71,3.2827569320532803,3.888719100902667
1000,31622,N=n^(3/2),1,72,6.592455497142839,4.870349830022913
1000,31622,N=n^(3/2),1,73,5.840029952659319,3.8723302993387825
1000,31622,N=n^(3/2),1,74,3.627918438329654,3.6580011329162305
1000,31622,N=n^(3/2),1,75,3.3839880825093096,4.083720236736717
1000,31622,N=n^(3/2),1,76,2.8165106363441934,3.602893970816922
1000,31622,N=n^(3/2),1,77,3.290280301043762,3.937751676440076
1000,31622,N=n^(3/2),1,78,3.2223134839962224,3.8615644870298054
1000,31622,N=n^(3/2),1,79,2.844865942481827,4.469174074753781
1000,31622,N=n^(3/2),1,80,4.129086230529785,3.4824845290930138
1000,31622,N=n^(3/2),1,81,3.4893528223614045,4.419780723595946
1000,31622,N=n^(3/2),1,82,3.8597829245537736,3.9176711827405897
1000,31622,N=n^(3/2),1,83,4.285569603570202,3.6845410138424786
1000,31622,N=n^(3/2),1,84,4.729272553469917,4.118860504654276
1000,31622,N=n^(3/2),1,85,4.011690671835717,3.6188009365621845
1000,31622,N=n^(3/2),1,86,3.328123369317082,4.174610128224593
1000,31622,N=n^(3/2),1,87,3.1679857905795177,3.7520279418141045
1000,31622,N=n^(3/2),1,88,3.0977892352341843,4.484077329628999
1000,31622,N=n^(3/2),1,89,4.083663944622808,4.870957681853173
1000,31622,N=n^(3/2),1,90,3.4979904058831166,4.164853729554441
1000,31622,N=n^(3/2),1,91,3.5218111497332676,4.15939582291896
1000,31622,N=n^(3/2),1,92,5.202364455782384,4.542906219312459
1000,31622,N=n^(3/2),1,93,3.7467409836971797,3.237105579859188
1000,31622,N=n^(3/2),1,94,5.081437010608836,4.0639577272411405
1000,31622,N=n^(3/2),1,95,3.4390834785912583,4.290142512650492
1000,31622,N=n^(3/2),1,96,3.3218472473538894,3.936997572649001
1000,31622,N=n^(3/2),1,97,2.8805837967274712,3.530808594387281
1000,31622,N=n^(3/2),1,98,7.307418132861334,3.4609038632294338
1000,31622,N=n^(3/2),1,99,3.6421761395958887,4.228476829335165
1000,31622,N=n^(3/2),1,100,4.041642704907647,4.639342431613268
1000,1000000,N=n^2,1,0,2.4166687990569033,4.803427043186789
1000,1000000,N=n^2,1,1,2.174407735526879,2.2871461825843005
1000,1000000,N=n^2,1,2,1.9018561013548976,2.053035653785616
1000,1000000,N=n^2,1,3,1.5942526960277144,2.5147563905938286
1000,1000000,N=n^2,1,4,1.9358506187378526,2.259066529511577
1000,1000000,N=n^2,1,5,1.8070053788561715,4.383792926034703
1000,1000000,N=n^2,1,6,2.2529703326188892,1.7668569046496847
1000,1000000,N=n^2,1,7,2.543026906743822,2.409318667780819
1000,1000000,N=n^2,1,8,1.5451197418524132,2.5754285951066938
1000,1000000,N=n^2,1,9,2.1433594505794415,3.103100176732365
1000,1000000,N=n^2,1,10,2.1798374396171876,2.037253641639452
1000,1000000,N=n^2,1,11,1.7729184491685201,3.160857117478656
1000,1000000,N=n^2,1,12,2.4730716234753007,2.182393806438061
1000,1000000,N=n^2,1,13,4.048390303871531,2.839705980167344
1000,1000000,N=n^2,1,14,1.8211863113345554,2.4082034692617116
1000,1000000,N=n^2,1,15,1.7303933221756447,3.0464045344292625
1000,1000000,N=n^2,1,16,1.6886172614210855,2.949589374194553
1000,1000000,N=n^2,1,17,1.5501402504622357,2.137691414967995
1000,1000000,N=n^2,1,18,2.8984506618807173,1.7065473366556305
1000,1000000,N=n^2,1,19,1.627600861650645,2.1771323918802143
1000,1000000,N=n^2,1,20,2.040459163506629,2.0035756491139773
1000,1000000,N=n^2,1,21,1.9557541039044037,2.4541605927426016
1000,1000000,N=n^2,1,22,2.0095663073525416,2.067599391605701
1000,1000000,N=n^2,1,23,8.81919621200974,3.230762592465407
1000,1000000,N=n^2,1,24,1.5201980669539636,3.3571969216648307
1000,1000000,N=n^2,1,25,4.647838028508258,1.9391698154371102
1000,1000000,N=n^2,1,26,3.0155360200986903,3.5214498608700677
1000,1000000,N=n^2,1,27,1.7721570633691546,2.8728699104951203
1000,1000000,N=n^2,1,28,2.4196618320620935,2.4299660129364318
1000,1000000,N=n^2,1,29,2.4075567751071714,2.3918972282777986
1000,1000000,N=n^2,1,30,1.8152362360029233,2.8410447115343693
1000,1000000,N=n^2,1,31,1.778117693992477,2.840119693778897
1000,1000000,N=n^2,1,32,1.7473573886212523,2.0345212426169508
1000,1000000,N=n^2,1,33,1.6972764364608084,1.8487288365303376
1000,1000000,N=n^2,1,34,1.3176119312480077,2.037706110406698
1000,1000000,N=n^2,1,35,1.6757782223123314,2.884533852515963
1000,1000000,N=n^2,1,36,2.3423573791703496,1.9341235123426779
1000,1000000,N=n^2,1,37,1.350982299412643,3.056452204873405
1000,1000000,N=n^2,1,38,1.92247590300912,2.363766710495028
1000,1000000,N=n^2,1,39,3.0467238068261393,2.081571539961157
1000,1000000,N=n^2,1,40,3.7593961150589754,2.200980303316266
1000,1000000,N=n^2,1,41,6.228841816840253,2.383379090206671
1000,1000000,N=n^2,1,42,2.257605126057916,2.079213414368661
1000,1000000,N=n^2,1,43,1.6846307651741919,2.3075154243753695
1000,1000000,N=n^2,1,44,1.7010890633873956,2.2397274904451994
1000,1000000,N=n^2,1,45,2.981732585032395,1.8972089348030887
1000,1000000,N=n^2,1,46,1.5385212703864797,1.9895451654662022
1000,1000000,N=n^2,1,47,1.7831919026576635,2.5118185780294504
1000,1000000,N=n^2,1,48,1.432731915507761,2.2480249733894277
1000,1000000,N=n^2,1,49,1.8545597278434145,2.435089342650346
1000,1000000,N=n^2,1,50,1.6052638208472827,3.2243515274648233
1000,1000000,N=n^2,1,51,1.5806189265760133,2.891684132712361
1000,1000000,N=n^2,1,52,1.6925604493430089,2.037829348470008
1000,1000000,N=n^2,1,53,1.6833726242847595,3.592328298818525
1000,1000000,N=n^2,1,54,1.9615959671165744,1.880195389184255
1000,1000000,N=n^2,1,55,6.8791277786351035,2.39270686675146
1000,1000000,N=n^2,1,56,1.9834940210197023,1.9897163776543867
1000,1000000,N=n^2,1,57,1.353977191020336,4.085511773250622
1000,1000000,N=n^2,1,58,1.3550613745900715,2.006445747423485
1000,1000000,N=n^2,1,59,1.6878166951654858,2.5416245424825155
1000,1000000,N=n^2,1,60,1.7467899525908646,3.2637004784494565
1000,1000000,N=n^2,1,61,1.4667400451720456,1.9995141337767721
1000,1000000,N=n^2,1,62,1.6468605593645422,2.593348066107167
1000,1000000,N=n^2,1,63,2.54923581475225,1.8933830375560055
1000,1000000,N=n^2,1,64,1.9005348196165948,1.9787279304436085
1000,1000000,N=n^2,1,65,2.1451179612224456,4.370920052596486
1000,1000000,N=n^2,1,66,1.880818002321812,3.0351675799890527
1000,1000000,N=n^2,1,67,2.3821440943730154,3.086275554229056
1000,1000000,N=n^2,1,68,2.0097644635385494,2.711078278579421
1000,1000000,N=n^2,1,69,2.084006615606253,2.6843446794283974
1000,1000000,N=n^2,1,70,2.5187833322156563,2.7206012693391513
1000,1000000,N=n^2,1,71,1.6870097026028827,1.8001955911111227
1000,1000000,N=n^2,1,72,2.8109222261155926,3.290743436796281
1000,1000000,N=n^2,1,73,2.6168746219002594,2.2826815865443564
1000,1000000,N=n^2,1,74,1.7083013886254077,3.113243256556186
1000,1000000,N=n^2,1,75,2.350369034144072,2.8295891317715096
1000,1000000,N=n^2,1,76,3.0947594877739086,2.6638153229802084
1000,1000000,N=n^2,1,77,1.6882902238658903,2.5083545408810224
1000,1000000,N=n^2,1,78,1.8143035751188816,3.0890139136225723
1000,1000000,N=n^2,1,79,2.9075699614407298,3.0417505802238365
1000,1000000,N=n^2,1,80,2.385699575952811,2.8715913093607472
1000,1000000,N=n^2,1,81,1.4991640383609257,2.0900178347801885
1000,1000000,N=n^2,1,82,1.3956893898393132,2.4585318761749293
1000,1000000,N=n^2,1,83,1.565220170612901,2.073594245191749
1000,1000000,N=n^2,1,84,2.640590848224116,2.576010280291179
1000,1000000,N=n^2,1,85,1.424022006816383,2.0546766097240576
1000,1000000,N=n^2,1,86,1.5748791700083942,2.3835286335233272
1000,1000000,N=n^2,1,87,1.54570054056223,3.4811081652598266
1000,1000000,N=n^2,1,88,1.4983635767336152,2.657120002146288
1000,1000000,N=n^2,1,89,1.7249082661503004,2.5792589845479594
1000,1000000,N=n^2,1,90,1.5568644485485599,2.4505247839272903
1000,1000000,N=n^2,1,91,1.8612167126342412,2.398782716927415
1000,1000000,N=n^2,1,92,4.45508490117545,2.687967365114469
1000,1000000,N=n^2,1,93,1.6117666812612266,2.5740457899956053
1000,1000000,N=n^2,1,94,3.983406777353474,2.1919947208333834
1000,1000000,N=n^2,1,95,1.498918204860409,1.925674198733454
1000,1000000,N=n^2,1,96,2.7449679559574793,2.1505545160453865
1000,1000000,N=n^2,1,97,1.491905336512411,2.0432273141367148
1000,1000000,N=n^2,1,98,2.2595860006330337,3.312380475262718
1000,1000000,N=n^2,1,99,1.4488890449289584,2.9341175103686172
1000,1000000,N=n^2,1,100,1.3063196575617113,3.6588154567814053
5000,5000,N=n,1,0,6.808407138273134,8.199766467706361
5000,5000,N=n,1,1,6.552024209665695,9.13265800435448
5000,5000,N=n,1,2,7.19947665408568,8.542573744871934
5000,5000,N=n,1,3,6.3555656412738655,8.029644571836817
5000,5000,N=n,1,4,5.708836627160727,8.11204434150417
5000,5000,N=n,1,5,6.399304938305648,6.272178205051033
5000,5000,N=n,1,6,10.029140289176494,8.048249381487018
5000,5000,N=n,1,7,5.350089744235185,7.1837100225279595
5000,5000,N=n,1,8,6.992940622859156,7.778505589088645
5000,5000,N=n,1,9,6.600603359630939,7.721563599951036
5000,5000,N=n,1,10,7.018309493151988,7.615279231668152
5000,5000,N=n,1,11,6.5330895871220305,7.239995522851188
5000,5000,N=n,1,12,6.321394449557873,6.117513484888985
5000,5000,N=n,1,13,8.798893175940087,6.877004863410289
5000,5000,N=n,1,14,7.169431643912079,6.5480827818179455
5000,5000,N=n,1,15,6.855064993955447,7.578698767445312
5000,5000,N=n,1,16,6.711879305786065,7.664122516916948
5000,5000,N=n,1,17,7.132732070104396,8.76156017753296
5000,5000,N=n,1,18,5.832412593296954,7.355633193478143
5000,5000,N=n,1,19,5.8139122573146125,6.654057127627035
5000,5000,N=n,1,20,7.738604085268474,7.972378759841435
5000,5000,N=n,1,21,6.86672659538406,8.045790277663363
5000,5000,N=n,1,22,6.250762743373024,6.87638111016481
5000,5000,N=n,1,23,7.46820679082702,8.009280094855958
5000,5000,N=n,1,24,8.428240749734826,8.034737416684596
5000,5000,N=n,1,25,8.572623562543518,6.768921927911817
5000,5000,N=n,1,26,9.497149284750563,9.289825134326248
5000,5000,N=n,1,27,7.386405168240151,8.263200513538946
5000,5000,N=n,1,28,6.208783208453328,6.27513509333036
5000,5000,N=n,1,29,7.535138260755556,7.053084791949753
5000,5000,N=n,1,30,7.069813986585736,8.82992589932484
5000,5000,N=n,1,31,5.706602908130332,9.167108490896215
5000,5000,N=n,1,32,6.668596301004814,7.221253004406668
5000,5000,N=n,1,33,8.205018822850183,8.65492624972689
5000,5000,N=n,1,34,6.474220828507521,7.3454876154836715
5000,5000,N=n,1,35,6.073174229621049,6.489457929394878
5000,5000,N=n,1,36,5.278117041831834,9.225284819395945
5000,5000,N=n,1,37,6.0226669744632275,8.525108551489204
5000,5000,N=n,1,38,6.333004303689935,8.142917888608586
5000,5000,N=n,1,39,7.49147905851464,7.923246100912542
5000,5000,N=n,1,40,6.030522419430541,8.615820701176835
5000,5000,N=n,1,41,11.809877246829481,7.5436748564547775
5000,5000,N=n,1,42,6.96787522641091,7.906771985168218
5000,5000,N=n,1,43,6.616248015660311,7.009190039308213
5000,5000,N=n,1,44,6.593672077784656,7.052165009772284
5000,5000,N=n,1,45,6.46076781968722,7.692437307976948
5000,5000,N=n,1,46,6.418313529006764,7.138436612533258
5000,5000,N=n,1,47,7.451480594383909,6.7808865623400205
5000,5000,N=n,1,48,6.650769698467047,7.115297646446035
5000,5000,N=n,1,49,7.801199712320258,7.425465748667411
5000,5000,N=n,1,50,5.852713358253951,7.010610197079662
5000,5000,N=n,1,51,7.207964090188409,11.279294304076414
5000,5000,N=n,1,52,9.62118489633459,7.631211427989316
5000,5000,N=n,1,53,7.876692709940931,9.193607862177721
5000,5000,N=n,1,54,9.465445740978295,8.365618078540555
5000,5000,N=n,1,55,7.908344437086713,7.698249494704398
5000,5000,N=n,1,56,5.8308320499807635,8.298175966783118
5000,5000,N=n,1,57,5.530826002953585,9.321130382800805
5000,5000,N=n,1,58,6.383125891697454,8.36917881003607
5000,5000,N=n,1,59,7.585647962381288,6.683441458136045
5000,5000,N=n,1,60,7.624422845367499,6.829547757123245
5000,5000,N=n,1,61,7.390645156939667,8.56214381696176
5000,5000,N=n,1,62,7.960847858860692,5.940209050270257
5000,5000,N=n,1,63,9.128403219339303,8.38241026812437
5000,5000,N=n,1,64,8.198710807334725,11.234785439482415
5000,5000,N=n,1,65,7.9543840378359105,8.734531221828108
5000,5000,N=n,1,66,7.5539195038987055,8.629189174865983
5000,5000,N=n,1,67,5.99902324589385,7.444731056291416
5000,5000,N=n,1,68,6.163756890176119,7.637582347251604
5000,5000,N=n,1,69,6.553524180457449,7.553828235859993
5000,5000,N=n,1,70,7.005840887961017,7.461454101743289
5000,5000,N=n,1,71,5.9109584323596955,9.433591175851411
5000,5000,N=n,1,72,5.50712441881063,7.029896906609997
5000,5000,N=n,1,73,5.7891468012445095,8.0847296718742
5000,5000,N=n,1,74,7.907421633795229,7.47942224000243
5000,5000,N=n,1,75,8.767928813044012,8.284547165837953
5000,5000,N=n,1,76,8.327659228981782,7.745456148249199
5000,5000,N=n,1,77,4.8939651777660815,8.105328872290094
5000,5000,N=n,1,78,6.934519827851296,7.382281642637186
5000,5000,N=n,1,79,8.035955686695706,7.863231784000534
5000,5000,N=n,1,80,6.630530096620343,7.046747098078411
5000,5000,N=n,1,81,6.903958569604194,7.991807225023616
5000,5000,N=n,1,82,9.8876213232936,7.9713383611907265
5000,5000,N=n,1,83,8.156003820987944,8.230456214874357
5000,5000,N=n,1,84,7.114618592732329,7.186115651059959
5000,5000,N=n,1,85,10.47067926602445,6.291226794977122
5000,5000,N=n,1,86,6.569792109310794,8.524791743684927
5000,5000,N=n,1,87,6.4259869251203865,6.839513380205375
5000,5000,N=n,1,88,7.600515031849502,7.032629246866864
5000,5000,N=n,1,89,6.129472566696698,6.6417318607314595
5000,5000,N=n,1,90,6.260117783427247,7.539190546477041
5000,5000,N=n,1,91,8.008529512188273,7.771554262860335
5000,5000,N=n,1,92,5.779912131119879,7.586091364931369
5000,5000,N=n,1,93,6.08925160249536,7.128186485411363
5000,5000,N=n,1,94,4.896330819421255,7.815634927469204
5000,5000,N=n,1,95,6.198490776135768,7.120884581240739
5000,5000,N=n,1,96,7.129797707492479,6.572098743835428
5000,5000,N=n,1,97,5.8343093597191,6.646265605839022
5000,5000,N=n,1,98,6.7262658282275956,8.00904147773613
5000,5000,N=n,1,99,7.2982365425732505,8.377590815516418
5000,5000,N=n,1,100,7.182252649902933,6.670621290198779
5000,42585,N=n log(n),1,0,3.7687292966799877,4.7875652076663355
5000,42585,N=n log(n),1,1,3.098070821413836,4.4789835670793945
5000,42585,N=n log(n),1,2,4.370513702891126,4.362893614017401
5000,42585,N=n log(n),1,3,3.486490134732303,4.750987152526925
5000,42585,N=n log(n),1,4,3.8420017072199286,4.592175961601382
5000,42585,N=n log(n),1,5,3.3948522764035545,4.203005137103788
5000,42585,N=n log(n),1,6,4.6564255055633526,5.180206601894397
5000,42585,N=n log(n),1,7,3.924189246241627,4.641063550463712
5000,42585,N=n log(n),1,8,5.452635764003471,5.486155066319361
5000,42585,N=n log(n),1,9,3.728809124694021,4.898043904558179
5000,42585,N=n log(n),1,10,4.145235305344143,4.691715123201142
5000,42585,N=n log(n),1,11,3.9138116367997133,4.294519657419307
5000,42585,N=n log(n),1,12,4.452714699534352,4.617781979904691
5000,42585,N=n log(n),1,13,3.938068361297616,3.9991601517028106
5000,42585,N=n log(n),1,14,4.254990474942721,4.737725984476382
5000,42585,N=n log(n),1,15,4.151041600622071,6.288825440788806
5000,42585,N=n log(n),1,16,3.628419151470337,3.798544627318174
5000,42585,N=n log(n),1,17,3.573516310494775,4.450124433898354
5000,42585,N=n log(n),1,18,4.3279702101857955,4.798677609264752
5000,42585,N=n log(n),1,19,4.175351949476538,4.977947889498749
5000,42585,N=n log(n),1,20,3.5753391739947062,3.542148984747017
5000,42585,N=n log(n),1,21,3.605066013317517,4.257412024830046
5000,42585,N=n log(n),1,22,4.442783379670458,4.412083326172572
5000,42585,N=n log(n),1,23,3.643401707725716,4.508119924504444
5000,42585,N=n log(n),1,24,3.791561373274446,4.009268956398521
5000,42585,N=n log(n),1,25,5.553490364641595,5.62518255709052
5000,42585,N=n log(n),1,26,3.958645253765052,4.443920043127686
5000,42585,N=n log(n),1,27,4.6906572455616224,4.105892579188223
5000,42585,N=n log(n),1,28,3.5587738285825683,4.512573186744904
5000,42585,N=n log(n),1,29,3.6718587887285414,4.867922904282579
5000,42585,N=n log(n),1,30,3.957764787257803,4.0738985092857645
5000,42585,N=n log(n),1,31,4.00643335070407,4.466075302121919
5000,42585,N=n log(n),1,32,3.8194489142013035,3.9511721418633385
5000,42585,N=n log(n),1,33,3.5400641788957783,5.360851858856195
5000,42585,N=n log(n),1,34,3.6947974894465196,3.294151091057804
5000,42585,N=n log(n),1,35,4.2791197319368,4.372927321765239
5000,42585,N=n log(n),1,36,3.8285636286328444,5.157936036488102
5000,42585,N=n log(n),1,37,4.290250533172535,5.761286645661177
5000,42585,N=n log(n),1,38,5.659380230720215,4.341725658033838
5000,42585,N=n log(n),1,39,3.7894310150550035,4.8191072625461135
5000,42585,N=n log(n),1,40,4.745116152568813,6.177331530369468
5000,42585,N=n log(n),1,41,8.622793636814416,4.121072853751544
5000,42585,N=n log(n),1,42,4.219192192181475,3.9425813927249314
5000,42585,N=n log(n),1,43,3.947243079358884,5.267834239323898
5000,42585,N=n log(n),1,44,4.206390315620397,3.80998257940087
5000,42585,N=n log(n),1,45,3.836837288815779,6.769620303246555
5000,42585,N=n log(n),1,46,3.4082010313999573,4.0414613116172315
5000,42585,N=n log(n),1,47,3.982566952117934,4.339257247342816
5000,42585,N=n log(n),1,48,3.894946403005011,3.663735225525391
5000,42585,N=n log(n),1,49,4.100952597688319,4.175596689504944
5000,42585,N=n log(n),1,50,3.7295270649876193,4.201709731669818
5000,42585,N=n log(n),1,51,3.7785214795893816,4.811214667740403
5000,42585,N=n log(n),1,52,4.022018577521254,4.850649879595039
5000,42585,N=n log(n),1,53,4.126352545887281,6.024776697715241
5000,42585,N=n log(n),1,54,4.152081211859915,5.889797336840196
5000,42585,N=n log(n),1,55,4.100401428904671,3.3421108197317406
5000,42585,N=n log(n),1,56,4.289420006794593,4.131448670086592
5000,42585,N=n log(n),1,57,4.452855980255351,4.118825605150427
5000,42585,N=n log(n),1,58,4.3049525682605365,4.6569043733009865
5000,42585,N=n log(n),1,59,4.46773440704133,4.5080135667030925
5000,42585,N=n log(n),1,60,3.901592382672132,4.629149708447703
5000,42585,N=n log(n),1,61,4.498932017955773,4.797145641608674
5000,42585,N=n log(n),1,62,4.361405877530688,3.6551611517673916
5000,42585,N=n log(n),1,63,4.313103862172072,5.11769683089271
5000,42585,N=n log(n),1,64,4.188905400674336,3.9314811378246732
5000,42585,N=n log(n),1,65,6.02753870192993,4.448832309881994
5000,42585,N=n log(n),1,66,4.10446565584462,4.504817509337982
5000,42585,N=n log(n),1,67,4.252525299919929,4.363838684296068
5000,42585,N=n log(n),1,68,3.684296239087681,4.597891442741742
5000,42585,N=n log(n),1,69,3.612372644338624,3.761717383335197
5000,42585,N=n log(n),1,70,3.9203442913129454,5.676214684364293
5000,42585,N=n log(n),1,71,4.362435995445734,4.7737168881966205
5000,42585,N=n log(n),1,72,4.2509909765163485,5.914194410591385
5000,42585,N=n log(n),1,73,4.086927261245497,4.507226832397771
5000,42585,N=n log(n),1,74,4.624753040762893,4.5229711834671615
5000,42585,N=n log(n),1,75,3.719249055696555,4.221927346741553
5000,42585,N=n log(n),1,76,3.4522400737219057,4.711414718217879
5000,42585,N=n log(n),1,77,4.308365837838232,4.540022801893297
5000,42585,N=n log(n),1,78,4.252118537578865,4.516901608910388
5000,42585,N=n log(n),1,79,3.766269226646771,3.424252427826112
5000,42585,N=n log(n),1,80,3.6774753961718742,5.217804192126158
5000,42585,N=n log(n),1,81,4.574631105252101,3.6559767343990526
5000,42585,N=n log(n),1,82,4.168698569411753,4.958622381048742
5000,42585,N=n log(n),1,83,3.7972552226485434,5.238794877249955
5000,42585,N=n log(n),1,84,3.374481573102836,3.64895327523836
5000,42585,N=n log(n),1,85,5.156918351940546,4.7465078013660635
5000,42585,N=n log(n),1,86,5.059590263640523,3.9474054471340563
5000,42585,N=n log(n),1,87,4.602481383274353,4.809687216999219
5000,42585,N=n log(n),1,88,3.9021529762714224,5.725472642527598
5000,42585,N=n log(n),1,89,4.79513436306732,4.195760780607253
5000,42585,N=n log(n),1,90,3.8322608202127335,4.534690246171345
5000,42585,N=n log(n),1,91,3.7899307986201163,3.9884613423829745
5000,42585,N=n log(n),1,92,6.654547022328877,4.0062424016161176
5000,42585,N=n log(n),1,93,3.630753347405484,5.5016893448815045
5000,42585,N=n log(n),1,94,5.8607883121420326,4.116527958436098
5000,42585,N=n log(n),1,95,3.3773665251920635,4.207978186737163
5000,42585,N=n log(n),1,96,4.583673507048639,3.7298231424747943
5000,42585,N=n log(n),1,97,4.390218032183864,4.554820122971157
5000,42585,N=n log(n),1,98,3.7566759383098707,4.8086055793085745
5000,42585,N=n log(n),1,99,3.8740687202859063,5.230523610037776
5000,42585,N=n log(n),1,100,4.452936023028569,4.182948003952494
5000,353553,N=n^(3/2),1,0,2.174283557965401,3.0536480978318905
5000,353553,N=n^(3/2),1,1,3.3100801680452476,3.7076330250870924
5000,353553,N=n^(3/2),1,2,4.335204434260853,2.841078859888459
5000,353553,N=n^(3/2),1,3,2.011175341106002,3.500370321867509
5000,353553,N=n^(3/2),1,4,2.1674368831937625,2.9851710704873464
5000,353553,N=n^(3/2),1,5,2.2302034262509243,2.2950241463991294
5000,353553,N=n^(3/2),1,6,2.914371350920103,2.93986362090931
5000,353553,N=n^(3/2),1,7,2.371766942575845,4.675167593978529
5000,353553,N=n^(3/2),1,8,4.117407332534348,3.1317600707127857
5000,353553,N=n^(3/2),1,9,2.753267589014876,2.813465416753371
5000,353553,N=n^(3/2),1,10,2.557170594550676,4.57692943619625
5000,353553,N=n^(3/2),1,11,2.224115401870191,2.8130588669888548
5000,353553,N=n^(3/2),1,12,2.369221947574414,2.6525531776108293
5000,353553,N=n^(3/2),1,13,3.4699129269331985,3.037440204059551
5000,353553,N=n^(3/2),1,14,3.462085736871649,3.157136401034589
5000,353553,N=n^(3/2),1,15,2.3684268661322205,4.220512610168134
5000,353553,N=n^(3/2),1,16,2.6952597275721017,3.1443709028526827
5000,353553,N=n^(3/2),1,17,1.9580800124065731,3.0850506690731745
5000,353553,N=n^(3/2),1,18,3.2020971590837175,2.5235220457557035
5000,353553,N=n^(3/2),1,19,2.4562698175092663,4.607137262984508
5000,353553,N=n^(3/2),1,20,3.3307600792153518,2.7866509447387307
5000,353553,N=n^(3/2),1,21,2.1366539143290493,2.984073887014313
5000,353553,N=n^(3/2),1,22,3.1475442844292876,4.1920777977036225
5000,353553,N=n^(3/2),1,23,2.6588110123812765,2.975206764959206
5000,353553,N=n^(3/2),1,24,2.4389541194197846,3.257252657245273
5000,353553,N=n^(3/2),1,25,2.4930784574932026,2.6147493574396803
5000,353553,N=n^(3/2),1,26,2.4788340339696133,2.542892733450293
5000,353553,N=n^(3/2),1,27,4.198376061190567,3.2565823024385954
5000,353553,N=n^(3/2),1,28,3.166253984253117,2.8554319572307656
5000,353553,N=n^(3/2),1,29,2.0641639889110817,2.4075792316710802
5000,353553,N=n^(3/2),1,30,3.4656887089980257,2.914529181184536
5000,353553,N=n^(3/2),1,31,2.350022213680464,3.186081723017295
5000,353553,N=n^(3/2),1,32,1.891145929062228,2.8887316554482374
5000,353553,N=n^(3/2),1,33,2.1386949346600743,4.710210097979459
5000,353553,N=n^(3/2),1,34,2.8062623481793962,4.614571735281446
5000,353553,N=n^(3/2),1,35,2.606463520261468,2.536601587543851
5000,353553,N=n^(3/2),1,36,2.057250586331498,2.8065015296419435
5000,353553,N=n^(3/2),1,37,3.1264064642818847,2.586261858029672
5000,353553,N=n^(3/2),1,38,2.3156559719265655,2.6388648691026844
5000,353553,N=n^(3/2),1,39,1.7544100792662785,2.9479957671308212
5000,353553,N=n^(3/2),1,40,2.8522938812878063,2.7656505520040024
5000,353553,N=n^(3/2),1,41,8.760066154273087,2.9358779863277404
5000,353553,N=n^(3/2),1,42,4.105675060058189,2.4573233572505275
5000,353553,N=n^(3/2),1,43,2.5890431442191244,3.660150784884317
5000,353553,N=n^(3/2),1,44,2.342428248711596,2.6159634753750733
5000,353553,N=n^(3/2),1,45,2.1266649587903204,4.664786289108691
5000,353553,N=n^(3/2),1,46,2.7515194326067944,3.8527438825525757
5000,353553,N=n^(3/2),1,47,3.911094393321885,3.968115927141371
5000,353553,N=n^(3/2),1,48,2.2346409580923794,3.105397145153869
5000,353553,N=n^(3/2),1,49,2.6520555651247313,4.560280133601598
5000,353553,N=n^(3/2),1,50,2.7879520878689883,2.2674584863510745
5000,353553,N=n^(3/2),1,51,2.42671111499554,3.4254972260443317
5000,353553,N=n^(3/2),1,52,2.3503249360048373,2.9073200898133904
5000,353553,N=n^(3/2),1,53,2.532887356162007,3.7401559765715344
5000,353553,N=n^(3/2),1,54,3.258190349780746,3.433520279465234
5000,353553,N=n^(3/2),1,55,2.3803927231466995,3.7608057688209464
5000,353553,N=n^(3/2),1,56,3.70911253393073,2.732612568785684
5000,353553,N=n^(3/2),1,57,2.202190996572271,3.2117603984851737
5000,353553,N=n^(3/2),1,58,3.834725284449034,2.456088634282708
5000,353553,N=n^(3/2),1,59,2.4700597926257886,2.7030402117317194
5000,353553,N=n^(3/2),1,60,2.328501403574742,3.4872511219352655
5000,353553,N=n^(3/2),1,61,2.19706161028604,2.5507658572353806
5000,353553,N=n^(3/2),1,62,2.9590416187335022,3.0724224738246724
5000,353553,N=n^(3/2),1,63,2.839807034028681,3.063143926775877
5000,353553,N=n^(3/2),1,64,2.411331207951279,2.1959570397163337
5000,353553,N=n^(3/2),1,65,2.827895462448793,3.9092908405448763
5000,353553,N=n^(3/2),1,66,2.6313851271570856,3.065833063026185
5000,353553,N=n^(3/2),1,67,2.2211298344050023,3.1461388902287535
5000,353553,N=n^(3/2),1,68,2.710429451327701,4.430021331810727
5000,353553,N=n^(3/2),1,69,2.173905573833296,2.4273837455676994
5000,353553,N=n^(3/2),1,70,2.52258885125878,2.5302417523958542
5000,353553,N=n^(3/2),1,71,4.548996772411534,2.5848327423630058
5000,353553,N=n^(3/2),1,72,2.797549094988203,3.8612739990134433
5000,353553,N=n^(3/2),1,73,2.68576920025429,4.379700809558272
5000,353553,N=n^(3/2),1,74,2.870472443772455,2.7412361825162725
5000,353553,N=n^(3/2),1,75,2.7716208252761647,2.827841560320111
5000,353553,N=n^(3/2),1,76,3.2498075151269803,2.8346195195838657
5000,353553,N=n^(3/2),1,77,3.4270196014276597,2.3810659450783582
5000,353553,N=n^(3/2),1,78,2.124511669573199,2.5324255067369092
5000,353553,N=n^(3/2),1,79,2.7604333783246027,2.888115463264604
5000,353553,N=n^(3/2),1,80,2.76586977039083,2.771855839151486
5000,353553,N=n^(3/2),1,81,2.3244103268397027,3.420908841701487
5000,353553,N=n^(3/2),1,82,2.750550976541268,2.7968787880320263
5000,353553,N=n^(3/2),1,83,2.1055057424281562,2.9820237706530257
5000,353553,N=n^(3/2),1,84,2.141089382704037,2.9431714545949355
5000,353553,N=n^(3/2),1,85,3.0279094572631156,3.7071991560576234
5000,353553,N=n^(3/2),1,86,3.7631553470000676,2.830926346842321
5000,353553,N=n^(3/2),1,87,2.386208151771715,4.556228361389556
5000,353553,N=n^(3/2),1,88,2.0369774650385923,2.9971753019494742
5000,353553,N=n^(3/2),1,89,2.6124810708513615,3.1545373972675557
5000,353553,N=n^(3/2),1,90,2.3151853016462103,3.227227304794508
5000,353553,N=n^(3/2),1,91,2.6290895097577134,2.864456775193289
5000,353553,N=n^(3/2),1,92,2.585987781654526,3.2000034877211427
5000,353553,N=n^(3/2),1,93,2.7371472723627086,2.5174486500998032
5000,353553,N=n^(3/2),1,94,2.6894155207914046,3.5359781458194175
5000,353553,N=n^(3/2),1,95,2.2374172439262976,3.4604641438817567
5000,353553,N=n^(3/2),1,96,3.069133636734937,2.741451953016806
5000,353553,N=n^(3/2),1,97,2.003983653324275,2.9141719069389374
5000,353553,N=n^(3/2),1,98,2.2856326639433537,3.8410283738139213
5000,353553,N=n^(3/2),1,99,1.9935965443588726,3.240936988387474
5000,353553,N=n^(3/2),1,100,2.1946858320119094,2.676735563870223
5000,25000000,N=n^2,1,0,1.3628618406184456,2.6807541045689365
5000,25000000,N=n^2,1,1,1.712882059993486,3.019580661868572
5000,25000000,N=n^2,1,2,3.5861428502119077,2.9059983086305268
5000,25000000,N=n^2,1,4,1.5054563697263916,2.147538163928306
5000,25000000,N=n^2,1,5,2.161875149481488,2.068204264226024
5000,25000000,N=n^2,1,6,2.972692152866508,4.671121410886898
5000,25000000,N=n^2,1,7,1.607451960642951,2.7309213274639097
5000,25000000,N=n^2,1,8,1.6171013104871248,2.7524323613450714
5000,25000000,N=n^2,1,11,2.166325532467222,2.426776979766402
5000,25000000,N=n^2,1,13,2.289324108716041,2.093414951190356
5000,25000000,N=n^2,1,15,1.7152625857164916,3.6112451669805687
5000,25000000,N=n^2,1,16,1.6396197114649997,2.3847266780465506
5000,25000000,N=n^2,1,17,1.5448458802593996,3.3415025468017303
5000,25000000,N=n^2,1,18,1.7818227888537714,2.381727323265593
5000,25000000,N=n^2,1,21,2.4949728130940048,2.125891948418806
5000,25000000,N=n^2,1,22,1.8091352472750408,3.666889486697015
5000,25000000,N=n^2,1,23,2.193867664262966,1.7733237177146155
5000,25000000,N=n^2,1,25,3.1967034711951534,2.923361962335352
5000,25000000,N=n^2,1,27,1.6670652914431259,2.4997985678228463
5000,25000000,N=n^2,1,28,2.220309981155321,3.4880381192009264
5000,25000000,N=n^2,1,29,1.6520189918417905,2.5273506564474544
5000,25000000,N=n^2,1,30,3.569713365302699,1.7615132817800323
5000,25000000,N=n^2,1,31,7.092726001785945,2.940057897216759
5000,25000000,N=n^2,1,33,2.4919001587777183,3.2056704584903937
5000,25000000,N=n^2,1,34,2.292715214078555,2.525771647043396
5000,25000000,N=n^2,1,35,24.420063462334422,2.5156671417960426
5000,25000000,N=n^2,1,36,2.114231167308031,3.1834410689407977
5000,25000000,N=n^2,1,37,2.077925617197754,2.894875099797253
5000,25000000,N=n^2,1,38,1.5158461487898436,2.3099215984692045
5000,25000000,N=n^2,1,39,2.753214799801687,2.5920139158009614
5000,25000000,N=n^2,1,40,2.470382678012919,2.5323055343593266
5000,25000000,N=n^2,1,41,8.963642523119686,3.131314926317986
5000,25000000,N=n^2,1,42,1.8022193017826396,2.9386601248780697
5000,25000000,N=n^2,1,43,2.1596814173097107,2.376050509906183
5000,25000000,N=n^2,1,44,1.8333389315146833,2.4905221957603283
5000,25000000,N=n^2,1,45,1.6727333718613375,3.6244468644958148
5000,25000000,N=n^2,1,46,1.9913029044230481,2.7200799503130164
5000,25000000,N=n^2,1,47,2.3571315573586897,3.120439873762216
5000,25000000,N=n^2,1,48,2.4926570053225676,3.555447720273588
5000,25000000,N=n^2,1,49,2.2181328486528167,3.1149886600453116
5000,25000000,N=n^2,1,50,2.188940220615613,2.7239901526940034
5000,25000000,N=n^2,1,51,2.659043303683223,3.321496630041829
5000,25000000,N=n^2,1,52,2.1795272946359567,2.2598855679800534
5000,25000000,N=n^2,1,53,1.9759985808078442,2.0805344588873633
5000,25000000,N=n^2,1,54,2.2574347000704735,3.5223304191511198
5000,25000000,N=n^2,1,55,2.5129014777374876,2.552022378675392
5000,25000000,N=n^2,1,56,2.2408693911318176,2.549782629578561
5000,25000000,N=n^2,1,57,2.8019779007754133,2.1624761181971697
5000,25000000,N=n^2,1,58,1.9444843114204722,2.674945259515939
5000,25000000,N=n^2,1,59,2.706922377192356,2.4674258719692936
5000,25000000,N=n^2,1,60,2.013673333574577,2.8418135434251472
5000,25000000,N=n^2,1,61,2.138020033915754,2.4182098300512
5000,25000000,N=n^2,1,62,1.7339952962360958,3.018712151952747
5000,25000000,N=n^2,1,63,2.224774818230237,2.5430946263261727
5000,25000000,N=n^2,1,64,2.2371775877596063,2.348928812418383
5000,25000000,N=n^2,1,65,2.0991051190640926,3.493847947911541
5000,25000000,N=n^2,1,66,1.9738864945429546,3.6332272721689813
5000,25000000,N=n^2,1,67,2.4142967571553138,2.823244709975836
5000,25000000,N=n^2,1,68,2.4481321104641363,4.079537472327807
5000,25000000,N=n^2,1,69,3.037976735066953,2.149570965964548
5000,25000000,N=n^2,1,70,2.1087068755054585,2.4031742207451807
5000,25000000,N=n^2,1,71,3.0804365079852776,1.9261836511431998
5000,25000000,N=n^2,1,72,1.7883185112754005,2.78639811349371
5000,25000000,N=n^2,1,73,2.015458200521667,2.530235654832708
5000,25000000,N=n^2,1,74,3.676423468899826,2.2745717194197086
5000,25000000,N=n^2,1,75,2.1792993173925974,2.428207709379954
5000,25000000,N=n^2,1,76,2.354841049164502,3.2533107881139856
5000,25000000,N=n^2,1,77,2.1966596609699973,2.1395007459815476
5000,25000000,N=n^2,1,78,2.1646959707441975,2.3312409925927287
5000,25000000,N=n^2,1,79,2.271975804964307,1.9551959304843571
5000,25000000,N=n^2,1,80,4.178264368250051,3.192338506200043
5000,25000000,N=n^2,1,81,3.870307341802382,3.332770859742418
5000,25000000,N=n^2,1,82,2.512194644841761,2.8906262742927025
5000,25000000,N=n^2,1,83,1.9073349887155728,3.2636208543125207
5000,25000000,N=n^2,1,84,2.2686893393782794,2.4364894804264927
5000,25000000,N=n^2,1,85,2.8583471957215614,2.465309320765714
5000,25000000,N=n^2,1,86,2.8083635792582,3.0252883431219013
5000,25000000,N=n^2,1,87,1.791103397806678,2.49183968788177
5000,25000000,N=n^2,1,88,1.844712365572224,3.2843890342169755
5000,25000000,N=n^2,1,89,2.262721629623604,2.4624538546371
5000,25000000,N=n^2,1,90,1.9268203583556034,2.8476030586457073
5000,25000000,N=n^2,1,91,2.2247362675406053,2.8549381918449916
5000,25000000,N=n^2,1,92,3.2189267049301424,2.4864703722917936
5000,25000000,N=n^2,1,93,3.464795721156455,2.943093837150571
5000,25000000,N=n^2,1,94,2.681535745968348,2.747535631124352
5000,25000000,N=n^2,1,95,2.4876203018995575,2.8630557289854597
5000,25000000,N=n^2,1,96,2.0675791759390183,2.9348791398285767
5000,25000000,N=n^2,1,97,1.8451418343716874,2.040080715373055
5000,25000000,N=n^2,1,98,2.7454127124556464,2.472660778340272
5000,25000000,N=n^2,1,99,2.402849574544068,2.47531015069909
5000,25000000,N=n^2,1,100,1.8654724388985064,2.4939858986880945
10000,10000,N=n,0,0,4.779864341176424,6.201949822625757
10000,10000,N=n,0,1,7.045704915654957,6.386721752593215
10000,10000,N=n,0,2,6.736379915108306,6.67513889435486
10000,10000,N=n,0,3,6.917903299155319,5.837806881929959
10000,10000,N=n,0,4,6.576652217883785,6.166035003559462
10000,10000,N=n,0,5,5.433364321005011,6.132726425950673
10000,10000,N=n,0,6,10.066191357021035,6.678049427075333
10000,10000,N=n,0,7,6.310774445903289,6.858087929110128
10000,10000,N=n,0,8,6.488772518475774,8.188536594513321
10000,10000,N=n,0,9,6.151596071737629,6.924589101449973
10000,10000,N=n,0,10,6.342233281150057,6.300275369216069
10000,10000,N=n,0,11,8.2369615549724,7.115349451150508
10000,10000,N=n,0,12,5.830815061387094,6.662375376354178
10000,10000,N=n,0,13,6.900039576585223,6.065769390059187
10000,10000,N=n,0,14,5.761733988444077,6.86725355638021
10000,10000,N=n,0,15,8.884302689364542,6.705307083638804
10000,10000,N=n,0,16,6.570943515658992,6.094626218257381
10000,10000,N=n,0,17,6.342753644725692,7.21993566705522
10000,10000,N=n,0,18,5.923755939387736,6.698750299845975
10000,10000,N=n,0,19,5.411957692939272,6.006165989732459
10000,10000,N=n,0,20,5.410591891032945,6.984950017246452
10000,10000,N=n,0,21,6.75753020052859,5.521153631802493
10000,10000,N=n,0,22,7.985965042591238,5.753275821820067
10000,10000,N=n,0,23,6.761791304591431,7.287124114625455
10000,10000,N=n,0,24,6.387762206118037,6.399370559367011
10000,10000,N=n,0,25,6.178814426211981,6.479571544152569
10000,10000,N=n,0,26,7.449472174373196,6.6654284805242705
10000,10000,N=n,0,27,5.515564866288681,6.218119611083178
10000,10000,N=n,0,28,6.626405145786051,6.477618696933954
10000,10000,N=n,0,29,6.113532957468651,6.648494440470931
10000,10000,N=n,0,30,5.923116711624531,6.3493010703603066
10000,10000,N=n,0,31,5.827533488993788,6.887856201467024
10000,10000,N=n,0,32,6.132953667759802,8.338376753822823
10000,10000,N=n,0,33,6.010966543821558,7.821593221831613
10000,10000,N=n,0,34,6.752451019919431,7.4527930565372404
10000,10000,N=n,0,35,5.102720558817965,6.3097003340119535
10000,10000,N=n,0,36,5.628184250115604,7.497386524870458
10000,10000,N=n,0,37,5.6330712142209896,6.499057418858173
10000,10000,N=n,0,38,5.9243556634837,7.136318260010654
10000,10000,N=n,0,39,7.882104895605854,5.978158155654301
10000,10000,N=n,0,40,7.382398034524117,7.3733551751305475
10000,10000,N=n,0,41,11.412239312987047,6.27270545764701
10000,10000,N=n,0,42,6.2700372590693725,7.549516191250165
10000,10000,N=n,0,43,6.467357421165748,5.520811994897951
10000,10000,N=n,0,44,5.6966356813244,7.234097770842098
10000,10000,N=n,0,45,5.700405716466722,8.206783935420379
10000,10000,N=n,0,46,5.46480820182464,6.4291297915410395
10000,10000,N=n,0,47,6.632776042155108,7.497615496877113
10000,10000,N=n,0,48,6.2285485620381555,6.2201254752311215
10000,10000,N=n,0,49,6.996776501065495,5.879375190178651
10000,10000,N=n,0,50,6.587858331769284,6.190084387731671
10000,10000,N=n,0,51,8.49665840271745,8.195445252377597
10000,10000,N=n,0,52,6.055015636657268,5.909009565680226
10000,10000,N=n,0,53,7.045936720145168,6.230519648052223
10000,10000,N=n,0,54,5.86956596156821,7.524030902792851
10000,10000,N=n,0,55,6.592438451559116,5.8794748572108295
10000,10000,N=n,0,56,7.474650668231771,7.061353130441768
10000,10000,N=n,0,57,5.8981840364261355,5.484818621764844
10000,10000,N=n,0,58,6.191076106875024,6.07316333857269
10000,10000,N=n,0,59,7.4240954864696285,7.416173944017583
10000,10000,N=n,0,60,5.919259413073867,6.919052182124885
10000,10000,N=n,0,61,5.7972659794971095,5.952530608376081
10000,10000,N=n,0,62,7.629812192977299,5.981245086882975
10000,10000,N=n,0,63,5.332390493808283,6.053513056882557
10000,10000,N=n,0,64,6.938595788120254,6.135901378399143
10000,10000,N=n,0,65,7.061899544115909,7.490490812162039
10000,10000,N=n,0,66,6.725390967469586,7.649677032733938
10000,10000,N=n,0,67,6.878573594638834,6.448083917897574
10000,10000,N=n,0,68,6.209358671829075,6.134486165471053
10000,10000,N=n,0,69,5.710413698291675,9.737689097482072
10000,10000,N=n,0,70,5.293041546429137,6.719977403219136
10000,10000,N=n,0,71,6.342122865127751,9.909279217311795
10000,10000,N=n,0,72,5.869181457208084,6.14391475463314
10000,10000,N=n,0,73,7.402263463372678,6.153467144640899
10000,10000,N=n,0,74,6.461575560381789,6.387608421744756
10000,10000,N=n,0,75,7.3996852228936065,6.955814614252941
10000,10000,N=n,0,76,6.864906302848313,6.692404891859798
10000,10000,N=n,0,77,6.450962259742246,6.2859714524393295
10000,10000,N=n,0,78,7.977070130318785,8.146256684144484
10000,10000,N=n,0,79,5.957931195665471,6.859285902351421
10000,10000,N=n,0,80,7.021366213326588,7.223859565053703
10000,10000,N=n,0,81,6.310296157606108,6.514908427902465
10000,10000,N=n,0,82,6.814249188021118,7.170215620984214
10000,10000,N=n,0,83,6.667683792073492,7.808064802337621
10000,10000,N=n,0,84,6.185361103871709,6.43276232214033
10000,10000,N=n,0,85,5.450928677335472,7.301310474759845
10000,10000,N=n,0,86,6.349165433021966,7.353678376436288
10000,10000,N=n,0,87,6.6319157361299474,7.1580049459413155
10000,10000,N=n,0,88,5.437735173821616,6.565841718841445
10000,10000,N=n,0,89,5.9129393220333295,7.053397024715059
10000,10000,N=n,0,90,5.971327001779951,6.172337211598009
10000,10000,N=n,0,91,7.656000869557896,6.487707868694527
10000,10000,N=n,0,92,5.931201666034585,6.658120695439203
10000,10000,N=n,0,93,6.311601033930647,6.968410683685917
10000,10000,N=n,0,94,6.064204712578345,6.136691925145753
10000,10000,N=n,0,95,5.404773049353645,7.4500214674233245
10000,10000,N=n,0,96,5.134395597124048,6.173882066602384
10000,10000,N=n,0,97,7.914380597183206,6.196353194747609
10000,10000,N=n,0,98,6.4472565819249175,6.587892423051048
10000,10000,N=n,0,99,7.932502480819228,7.171655184603646
10000,10000,N=n,0,100,5.596189536672434,7.556037273066982
10000,92103,N=n log(n),0,0,4.231728855549529,3.5832463971017168
10000,92103,N=n log(n),0,1,4.22848553788971,3.7839203335343727
10000,92103,N=n log(n),0,2,2.984889111186095,3.377991521917472
10000,92103,N=n log(n),0,3,3.240754059401407,6.221710589497805
10000,92103,N=n log(n),0,4,4.23717587520374,4.223665954182908
10000,92103,N=n log(n),0,5,2.9397227053007895,4.269920514459752
10000,92103,N=n log(n),0,6,4.3676723402495,4.239191017927636
10000,92103,N=n log(n),0,7,3.041431663620014,3.7365323701160187
10000,92103,N=n log(n),0,8,4.229228897825127,3.8553747059239662
10000,92103,N=n log(n),0,9,3.414350509294162,3.891825884556463
10000,92103,N=n log(n),0,10,5.330136427602201,4.7631726040352875
10000,92103,N=n log(n),0,11,7.165551853643714,3.576460347172676
10000,92103,N=n log(n),0,12,3.4264758445946826,4.03697646671959
10000,92103,N=n log(n),0,13,5.552260818414982,5.494465689941535
10000,92103,N=n log(n),0,14,4.737929282986136,3.7130051326252
10000,92103,N=n log(n),0,15,3.476849773932177,3.8097085223021767
10000,92103,N=n log(n),0,16,3.8196213489417685,5.427377145265214
10000,92103,N=n log(n),0,17,4.086660019500127,3.246199851720061
10000,92103,N=n log(n),0,18,3.683836277066349,3.207423545953007
10000,92103,N=n log(n),0,19,4.419829022898871,4.598379343262091
10000,92103,N=n log(n),0,20,3.5613357253959848,5.2239450294980125
10000,92103,N=n log(n),0,21,4.426475654064798,4.861686653273435
10000,92103,N=n log(n),0,22,3.1156321274412493,4.110703373284637
10000,92103,N=n log(n),0,23,3.2800697850348275,4.022285821078384
10000,92103,N=n log(n),0,24,5.271259927849505,3.7294171379030607
10000,92103,N=n log(n),0,25,3.366077695579221,3.4205810255743936
10000,92103,N=n log(n),0,26,3.4018320519784226,3.536878955842474
10000,92103,N=n log(n),0,27,4.006549430001177,4.890332727538249
10000,92103,N=n log(n),0,28,5.114127102288784,3.948942004016482
10000,92103,N=n log(n),0,29,4.121645222788467,4.591244834834295
10000,92103,N=n log(n),0,30,3.2804375789964078,3.821813250398839
10000,92103,N=n log(n),0,31,3.632997331649926,4.588002265803708
10000,92103,N=n log(n),0,32,3.6183742105954533,3.8866052123457484
10000,92103,N=n log(n),0,33,3.2519666713144177,4.635417515317043
10000,92103,N=n log(n),0,34,4.04132012794257,5.001131708821336
10000,92103,N=n log(n),0,35,4.219520586822793,3.9527640362826832
10000,92103,N=n log(n),0,36,4.124351983989525,3.9993972019685753
10000,92103,N=n log(n),0,37,3.1173017883243914,4.002313241452381
10000,92103,N=n log(n),0,38,3.499205564597576,4.094206006004239
10000,92103,N=n log(n),0,39,3.7096401125950806,4.227078879608241
10000,92103,N=n log(n),0,40,3.6789573874965544,4.361877539618857
10000,92103,N=n log(n),0,41,9.55388102853117,4.107300616974103
10000,92103,N=n log(n),0,42,3.2793261169201493,4.589021469016846
10000,92103,N=n log(n),0,43,3.4021976734458064,3.9887453905107533
10000,92103,N=n log(n),0,44,3.11724334786933,4.423318277181119
10000,92103,N=n log(n),0,45,3.1774887960385563,4.37045538866569
10000,92103,N=n log(n),0,46,5.107547086820024,3.6047999858679893
10000,92103,N=n log(n),0,47,3.9385636124270387,3.6251738773106577
10000,92103,N=n log(n),0,48,3.562890290739964,4.300931584804031
10000,92103,N=n log(n),0,49,3.7808512527538376,4.20745544599223
10000,92103,N=n log(n),0,50,3.0674736860040537,6.092366312435669
10000,92103,N=n log(n),0,51,3.9873623875226287,5.0049973543486095
10000,92103,N=n log(n),0,52,3.7709495457347457,4.655098934800803
10000,92103,N=n log(n),0,53,4.397893841359546,3.981040317638193
10000,92103,N=n log(n),0,54,4.938522930454491,3.872931136179565
10000,92103,N=n log(n),0,55,4.140007024111279,3.8970505558763495
10000,92103,N=n log(n),0,56,3.141318150096376,3.8446629570687656
10000,92103,N=n log(n),0,57,3.3193652801664366,4.940408520386233
10000,92103,N=n log(n),0,58,3.8722354632553104,3.4091815524395885
10000,92103,N=n log(n),0,59,3.984112845034484,6.748409106638126
10000,92103,N=n log(n),0,60,4.304575578225166,4.216870763697565
10000,92103,N=n log(n),0,61,3.006445068160459,4.310844839980824
10000,92103,N=n log(n),0,62,5.042208338707107,4.510788899084248
10000,92103,N=n log(n),0,63,3.505682910698999,5.140986688557688
10000,92103,N=n log(n),0,64,3.699646616309834,4.783724919018536
10000,92103,N=n log(n),0,65,3.2844578567631912,4.1303193804722165
10000,92103,N=n log(n),0,66,3.6399947245761357,5.1935287243187425
10000,92103,N=n log(n),0,67,4.587223089598528,3.767973838055319
10000,92103,N=n log(n),0,68,4.38535583152177,3.8467800035042163
10000,92103,N=n log(n),0,69,2.9758917384708172,5.026653149389543
10000,92103,N=n log(n),0,70,3.672045338889254,4.142469335003555
10000,92103,N=n log(n),0,71,3.2137646997193885,4.358660685102614
10000,92103,N=n log(n),0,72,3.2059755986630574,3.5167331611877657
10000,92103,N=n log(n),0,73,4.605421616381913,5.327418133122283
10000,92103,N=n log(n),0,74,3.7054634005289127,4.360565889185496
10000,92103,N=n log(n),0,75,3.623266960471135,5.036741378773987
10000,92103,N=n log(n),0,76,3.3340203023909005,4.629985927940682
10000,92103,N=n log(n),0,77,3.568162968152422,4.160447727768338
10000,92103,N=n log(n),0,78,3.3601061408099104,4.270636769725122
10000,92103,N=n log(n),0,79,3.4301138279704495,4.6532577161988575
10000,92103,N=n log(n),0,80,3.624620059429354,3.6588825139954353
10000,92103,N=n log(n),0,81,3.8344506134319487,4.24570436338836
10000,92103,N=n log(n),0,82,4.422935779770748,3.584165355400582
10000,92103,N=n log(n),0,83,2.8201186667500115,4.605743253479359
10000,92103,N=n log(n),0,84,4.323051383657635,3.797400325452765
10000,92103,N=n log(n),0,85,3.9554459499364447,4.010119926405399
10000,92103,N=n log(n),0,86,3.552842493294442,4.178234309217336
10000,92103,N=n log(n),0,87,2.8210672519307156,4.181977663876137
10000,92103,N=n log(n),0,88,3.6816271476497757,4.6150063517669375
10000,92103,N=n log(n),0,89,3.035613723310981,4.536679312587076
10000,92103,N=n log(n),0,90,3.3247580763933433,4.758144375701635
10000,92103,N=n log(n),0,91,3.012156295777362,5.234281990981301
10000,92103,N=n log(n),0,92,3.7923408954133855,4.444743635707121
10000,92103,N=n log(n),0,93,4.0359643186712475,3.8584913903271154
10000,92103,N=n log(n),0,94,4.65755388443267,4.289369149278555
10000,92103,N=n log(n),0,95,3.642576586946037,4.5995606343575055
10000,92103,N=n log(n),0,96,2.9259017932459246,4.832865318517657
10000,92103,N=n log(n),0,97,3.581863702823569,3.9854916533755222
10000,92103,N=n log(n),0,98,5.118164940829045,4.185940967061524
10000,92103,N=n log(n),0,99,3.121513021930819,3.4044883395020396
10000,92103,N=n log(n),0,100,3.671795648555527,4.79660636379953
10000,1000000,N=n^(3/2),0,0,2.4948595017361628,2.7724566847156056
10000,1000000,N=n^(3/2),0,1,3.3851791925741654,3.0340690077527492
10000,1000000,N=n^(3/2),0,2,2.5305489273635393,2.656695197840152
10000,1000000,N=n^(3/2),0,3,1.980481275523683,2.9781651165352163
10000,1000000,N=n^(3/2),0,4,4.044890116330916,2.9957606073453817
10000,1000000,N=n^(3/2),0,5,2.1908775719737537,3.2959501306544943
10000,1000000,N=n^(3/2),0,6,3.4524623298173878,3.3916775619642445
10000,1000000,N=n^(3/2),0,7,2.567540704972789,2.740244972822541
10000,1000000,N=n^(3/2),0,8,4.593719803330168,2.5875210530949166
10000,1000000,N=n^(3/2),0,9,2.504376503864937,2.6326593927932773
10000,1000000,N=n^(3/2),0,10,2.0524786930952783,4.052544849930306
10000,1000000,N=n^(3/2),0,11,3.917532396453026,3.6358948098263757
10000,1000000,N=n^(3/2),0,12,2.162994342040777,2.392394750985767
10000,1000000,N=n^(3/2),0,13,5.409673354811841,2.8168157241882765
10000,1000000,N=n^(3/2),0,14,2.22047139083929,2.9581524069847327
10000,1000000,N=n^(3/2),0,15,3.0779912863484955,2.862817923896188
10000,1000000,N=n^(3/2),0,16,2.188992063082797,2.8150932377058315
10000,1000000,N=n^(3/2),0,17,2.6892890628041237,2.6887361644266936
10000,1000000,N=n^(3/2),0,18,2.6051248977661134,3.0056763817275782
10000,1000000,N=n^(3/2),0,19,2.6031106045844488,2.856247165839481
10000,1000000,N=n^(3/2),0,20,2.3209951683889116,3.6540323339145333
10000,1000000,N=n^(3/2),0,21,2.5343238991027954,2.731680284731334
10000,1000000,N=n^(3/2),0,22,2.284770581794962,2.8605482114192555
10000,1000000,N=n^(3/2),0,23,2.1381319450883463,3.2161108971230585
10000,1000000,N=n^(3/2),0,24,3.7957981687975346,2.876385970802014
10000,1000000,N=n^(3/2),0,25,2.230788365973819,4.1630527375755735
10000,1000000,N=n^(3/2),0,26,3.032921555797049,2.781977701398672
10000,1000000,N=n^(3/2),0,27,2.9529668579497077,3.7653494656457114
10000,1000000,N=n^(3/2),0,28,2.320276302198611,2.7104143534777188
10000,1000000,N=n^(3/2),0,29,3.0082236531664606,2.9224922097566055
10000,1000000,N=n^(3/2),0,30,3.584680828574793,3.515352060144495
10000,1000000,N=n^(3/2),0,31,3.04075999902684,2.701035276162468
10000,1000000,N=n^(3/2),0,32,2.642639736132123,2.8800364173241104
10000,1000000,N=n^(3/2),0,33,2.3289784559727593,3.10773384933775
10000,1000000,N=n^(3/2),0,34,1.9571748268486064,3.7146886297437667
10000,1000000,N=n^(3/2),0,35,4.87081537468996,2.759350126755951
10000,1000000,N=n^(3/2),0,36,1.995782451073894,2.617003838507792
10000,1000000,N=n^(3/2),0,37,2.514560048940872,2.2907091770006582
10000,1000000,N=n^(3/2),0,38,2.4247081436816673,3.6895229581401137
10000,1000000,N=n^(3/2),0,39,3.0325301503015223,2.673884195413684
10000,1000000,N=n^(3/2),0,40,3.6901146537554483,2.9018083937621832
10000,1000000,N=n^(3/2),0,41,7.4403404902162675,2.448256701214026
10000,1000000,N=n^(3/2),0,42,2.272515090737807,3.3666691720043773
10000,1000000,N=n^(3/2),0,43,2.213654016238367,2.9818577356228517
10000,1000000,N=n^(3/2),0,44,2.3808289196741335,3.4267382618336906
10000,1000000,N=n^(3/2),0,45,2.4015843934621883,3.1259328086740337
10000,1000000,N=n^(3/2),0,46,2.5893610352073773,3.8406666644036376
10000,1000000,N=n^(3/2),0,47,2.6049317562517724,2.9256919568613156
10000,1000000,N=n^(3/2),0,48,2.1103643453123992,2.759540172681446
10000,1000000,N=n^(3/2),0,49,2.326578088551497,2.3473801920908133
10000,1000000,N=n^(3/2),0,50,2.081057756271991,2.7568924187471113
10000,1000000,N=n^(3/2),0,51,2.3119369950962225,2.6827448863369194
10000,1000000,N=n^(3/2),0,52,2.4837947502316213,3.3979558720075755
10000,1000000,N=n^(3/2),0,53,3.7483241877906663,2.399418484726703
10000,1000000,N=n^(3/2),0,54,3.443448583468351,3.460005613818288
10000,1000000,N=n^(3/2),0,55,7.333340238652709,3.131903608261831
10000,1000000,N=n^(3/2),0,56,2.7993773795669754,2.6907034424038048
10000,1000000,N=n^(3/2),0,57,2.4130565269429116,2.989854020808774
10000,1000000,N=n^(3/2),0,58,2.784211062213824,2.7727920940470074
10000,1000000,N=n^(3/2),0,59,2.2957230502525343,3.7264954490895095
10000,1000000,N=n^(3/2),0,60,1.8757880895079444,2.983115159196229
10000,1000000,N=n^(3/2),0,61,2.5644596618281628,3.150243026633706
10000,1000000,N=n^(3/2),0,62,3.288786191683845,3.8572787517871827
10000,1000000,N=n^(3/2),0,63,2.0544488697671066,3.547204672335198
10000,1000000,N=n^(3/2),0,64,2.524078402932906,2.7048272315905737
10000,1000000,N=n^(3/2),0,65,3.1051276785933224,2.8027507379752046
10000,1000000,N=n^(3/2),0,66,2.3730883414971813,2.6708060692217197
10000,1000000,N=n^(3/2),0,67,2.8162823805959927,3.2781462109166504
10000,1000000,N=n^(3/2),0,68,4.0003766739539754,3.2216527160389496
10000,1000000,N=n^(3/2),0,69,3.0071923472799753,2.808497850357311
10000,1000000,N=n^(3/2),0,70,2.4390275300315487,2.5024384131084183
10000,1000000,N=n^(3/2),0,71,2.8956433113695397,2.6077740681578834
10000,1000000,N=n^(3/2),0,72,1.970143200767749,3.3543334883189684
10000,1000000,N=n^(3/2),0,73,4.260839938709003,3.106465973193619
10000,1000000,N=n^(3/2),0,74,2.0498014929577524,2.6209512338852754
10000,1000000,N=n^(3/2),0,75,2.622062528020543,4.034505273025855
10000,1000000,N=n^(3/2),0,76,3.779279757842806,2.8120884816938085
10000,1000000,N=n^(3/2),0,77,1.984296083503926,3.7616462285755423
10000,1000000,N=n^(3/2),0,78,2.4798893094627883,2.4441334183145176
10000,1000000,N=n^(3/2),0,79,3.170379109391235,3.1770221128888356
10000,1000000,N=n^(3/2),0,80,2.6143359787948075,2.4264562002542034
10000,1000000,N=n^(3/2),0,81,3.508607009753944,2.634120928522973
10000,1000000,N=n^(3/2),0,82,2.465938334287583,3.750816496530474
10000,1000000,N=n^(3/2),0,83,2.136106131691943,2.9268292422964297
10000,1000000,N=n^(3/2),0,84,2.2327280941397256,2.6867904024031355
10000,1000000,N=n^(3/2),0,85,2.556864426900669,3.3447482197904037
10000,1000000,N=n^(3/2),0,86,2.290489598971656,4.555357502855466
10000,1000000,N=n^(3/2),0,87,1.9555671724775243,2.7343453384887444
10000,1000000,N=n^(3/2),0,88,2.222055964784782,3.137962443642212
10000,1000000,N=n^(3/2),0,89,1.9705510599994538,2.712319434123437
10000,1000000,N=n^(3/2),0,90,2.840434911804452,3.39009388278015
10000,1000000,N=n^(3/2),0,91,1.9346481888349831,2.6960527111900547
10000,1000000,N=n^(3/2),0,92,2.4720472477607833,2.4094053107238196
10000,1000000,N=n^(3/2),0,93,1.9875050787454012,2.9417973017832897
10000,1000000,N=n^(3/2),0,94,3.1917335122868558,2.6616303670665893
10000,1000000,N=n^(3/2),0,95,4.4447678916758475,3.3821418675897856
10000,1000000,N=n^(3/2),0,96,2.5976612447067544,2.5329896536353655
10000,1000000,N=n^(3/2),0,97,3.3912831528652743,2.820551037137916
10000,1000000,N=n^(3/2),0,98,3.6891291665000243,3.5094603901403545
10000,1000000,N=n^(3/2),0,99,3.912270969672866,2.6107288699519975
10000,1000000,N=n^(3/2),0,100,3.306630333955329,2.855181843528917
20000,20000,N=n,0,0,5.360027054499273,5.848208999551835
20000,20000,N=n,0,1,5.727442752655369,6.1992659995483725
20000,20000,N=n,0,2,5.645937079540241,5.90970363428479
20000,20000,N=n,0,3,5.59404521739805,5.808182917742424
20000,20000,N=n,0,4,5.842454168489348,5.534701314238236
20000,20000,N=n,0,5,5.614147214771626,6.796117303345242
20000,20000,N=n,0,6,5.595632649692709,6.57468905495515
20000,20000,N=n,0,7,6.894984840634356,7.7751112491981464
20000,20000,N=n,0,8,7.92950304562105,6.028092638204677
20000,20000,N=n,0,9,6.425853325696824,6.92579202237899
20000,20000,N=n,0,10,5.851538461478192,5.525447508346341
20000,20000,N=n,0,11,5.128928257060979,5.821821316713687
20000,20000,N=n,0,12,5.310771299817315,6.002149559388064
20000,20000,N=n,0,13,5.428009046588391,5.564423623366728
20000,20000,N=n,0,14,5.331322648520719,5.788951085409981
20000,20000,N=n,0,15,5.389353327609605,6.291370386852493
20000,20000,N=n,0,16,6.0881309457816695,6.134645481605245
20000,20000,N=n,0,17,5.102674387820154,5.707242336221898
20000,20000,N=n,0,18,6.383553728859566,6.450976668744539
20000,20000,N=n,0,19,5.822724454404226,7.11478046066868
20000,20000,N=n,0,20,5.313589004726229,6.3551764828137856
20000,20000,N=n,0,21,5.986169505482469,5.712256974943817
20000,20000,N=n,0,22,6.223969782459919,5.436487997150181
20000,20000,N=n,0,23,6.235692692663609,6.4509913422894645
20000,20000,N=n,0,24,6.254875424474645,7.11818513892971
20000,20000,N=n,0,25,5.95590765742792,6.701031094222108
20000,20000,N=n,0,26,5.643997528683915,6.328133555648806
20000,20000,N=n,0,27,5.476900580668986,6.21093721843527
20000,20000,N=n,0,28,5.966791588438572,5.830436338486139
20000,20000,N=n,0,29,7.355834411512771,5.930294445516072
20000,20000,N=n,0,30,7.262038443166479,6.685565162095745
20000,20000,N=n,0,31,6.3570706722256345,5.705451087578863
20000,20000,N=n,0,32,6.5039634048907145,6.3149438345493545
20000,20000,N=n,0,33,6.382961984345918,6.257463748413107
20000,20000,N=n,0,34,6.120531607614894,5.403691494969793
20000,20000,N=n,0,35,7.120463688821878,5.638958017042789
20000,20000,N=n,0,36,5.597265893842111,6.432506867335772
20000,20000,N=n,0,37,5.583879651246912,6.088987453176004
20000,20000,N=n,0,38,5.292601628615105,6.337387269258329
20000,20000,N=n,0,39,5.616356274095146,8.581106237923354
20000,20000,N=n,0,40,5.756117850153347,8.376050771498752
20000,20000,N=n,0,41,10.985017530656082,6.220326350803147
20000,20000,N=n,0,42,5.8858422692013805,5.73565615038538
20000,20000,N=n,0,43,5.3809300667122315,6.209676198468928
20000,20000,N=n,0,44,5.549256667083127,5.0775459154056115
20000,20000,N=n,0,45,6.3269732058027435,5.8367646113073555
20000,20000,N=n,0,46,5.267624382453712,6.9604497305549655
20000,20000,N=n,0,47,6.138133866346181,5.874809116195898
20000,20000,N=n,0,48,6.143577069845957,6.462384518551013
20000,20000,N=n,0,49,5.532368443875741,6.489722711939524
20000,20000,N=n,0,50,5.726629460038731,5.88132157912298
20000,20000,N=n,0,51,4.848436349885809,6.336278140686865
20000,20000,N=n,0,52,6.661451746531712,7.312578031702842
20000,20000,N=n,0,53,6.514581153396338,5.5287481900278905
20000,20000,N=n,0,54,5.959835328643018,7.226539879671063
20000,20000,N=n,0,55,5.91982870726729,6.1456289184586925
20000,20000,N=n,0,56,5.348639254229704,5.846836563404428
20000,20000,N=n,0,57,5.425300197909624,6.100198477056524
20000,20000,N=n,0,58,5.80576156934335,5.80328723825726
20000,20000,N=n,0,59,6.89973276363141,5.691492957455081
20000,20000,N=n,0,60,5.56284757117784,6.067989188449979
20000,20000,N=n,0,61,6.244385755641375,7.019514117952112
20000,20000,N=n,0,62,5.845270773523898,6.081994135934672
20000,20000,N=n,0,63,5.307471075605408,6.052283420804739
20000,20000,N=n,0,64,5.882185439406049,8.582018753204181
20000,20000,N=n,0,65,6.273590205504357,5.971066316040724
20000,20000,N=n,0,66,5.5486084687484745,6.368941414674552
20000,20000,N=n,0,67,6.330066101083412,5.33492711001356
20000,20000,N=n,0,68,6.201676478216361,6.18489234712601
20000,20000,N=n,0,69,5.080070502490066,8.493127217245299
20000,20000,N=n,0,70,5.886859267320713,5.387991981032043
20000,20000,N=n,0,71,6.7218435238594445,6.395164749934991
20000,20000,N=n,0,72,5.86627466767336,6.422283256838331
20000,20000,N=n,0,73,5.656251473998356,6.109069394523014
20000,20000,N=n,0,74,5.379892226388962,5.88642905999962
20000,20000,N=n,0,75,6.163279761749541,6.93642426819893
20000,20000,N=n,0,76,4.982281272305293,5.300245382973511
20000,20000,N=n,0,77,5.728511851114916,6.548875333865482
20000,20000,N=n,0,78,5.625335985720121,6.941022959200047
20000,20000,N=n,0,79,6.028539883087431,5.456871146510039
20000,20000,N=n,0,80,7.963027506168529,5.083051497627497
20000,20000,N=n,0,81,5.480735484609905,7.559518024975394
20000,20000,N=n,0,82,6.454288750917429,6.093173887655312
20000,20000,N=n,0,83,6.078511227466752,7.097206620566159
20000,20000,N=n,0,84,5.958571600771605,7.420006439082277
20000,20000,N=n,0,85,6.387258398352015,6.40343116206357
20000,20000,N=n,0,86,6.502174321815908,5.611440555224598
20000,20000,N=n,0,87,5.163972922132276,7.464562068162844
20000,20000,N=n,0,88,6.724584248348994,5.5844454865670645
20000,20000,N=n,0,89,6.36514907366214,6.839873610564564
20000,20000,N=n,0,90,9.286144671395144,4.951705606610452
20000,20000,N=n,0,91,5.979482679024032,5.646856989257845
20000,20000,N=n,0,92,5.594540632470796,7.8362016605010885
20000,20000,N=n,0,93,5.862420979490309,6.172492404255663
20000,20000,N=n,0,94,6.523243999738374,5.8451570139891444
20000,20000,N=n,0,95,5.954964006477312,5.229770200641167
20000,20000,N=n,0,96,5.311271738592998,6.052990315421692
20000,20000,N=n,0,97,5.383789363035024,5.628988188046178
20000,20000,N=n,0,98,5.286453297895177,6.948972498840536
20000,20000,N=n,0,99,6.826824839119723,5.819641151138792
20000,20000,N=n,0,100,5.389182882623967,7.404393972905151
20000,198069,N=n log(n),0,0,3.388225202700237,5.092209043160517
20000,198069,N=n log(n),0,1,4.935430532440958,4.1727971619409
20000,198069,N=n log(n),0,2,2.32664612030422,2.9618529180543325
20000,198069,N=n log(n),0,3,3.9086224414906594,4.254969368648472
20000,198069,N=n log(n),0,4,3.5376557848221535,3.689405942981748
20000,198069,N=n log(n),0,5,3.049393213202906,6.087080185538373
20000,198069,N=n log(n),0,6,3.09130900928387,3.9879746442464574
20000,198069,N=n log(n),0,7,3.501454727057063,4.674230075372969
20000,198069,N=n log(n),0,8,5.317571987620574,4.432667890859661
20000,198069,N=n log(n),0,9,4.226009963929241,4.260864142230011
20000,198069,N=n log(n),0,10,3.0539443919340132,3.5005360894364053
20000,198069,N=n log(n),0,11,3.9654483308386537,4.807009694020298
20000,198069,N=n log(n),0,12,3.467430169935339,4.933782737893889
20000,198069,N=n log(n),0,13,3.2035771074116464,4.711916952026189
20000,198069,N=n log(n),0,14,2.8074510527847623,3.8504228353930428
20000,198069,N=n log(n),0,15,3.8075061071578356,3.5313457944044435
20000,198069,N=n log(n),0,16,3.1642921026641195,3.821021885052679
20000,198069,N=n log(n),0,17,3.7496030191433785,3.9706621905490174
20000,198069,N=n log(n),0,18,4.09930672634678,4.119061692226333
20000,198069,N=n log(n),0,19,2.8638067175427686,5.486356896031742
20000,198069,N=n log(n),0,20,3.229841731843416,4.530805911298728
20000,198069,N=n log(n),0,21,3.052873179361798,4.236452194081103
20000,198069,N=n log(n),0,22,3.0645169555926994,5.786858379807992
20000,198069,N=n log(n),0,23,4.036051761580309,4.072262172191537
20000,198069,N=n log(n),0,24,3.615857348526926,3.456072544571197
20000,198069,N=n log(n),0,25,4.049539711342436,3.5824914327783857
20000,198069,N=n log(n),0,26,3.8158079844943447,3.962857155999469
20000,198069,N=n log(n),0,27,2.7338289983314548,4.053169672430486
20000,198069,N=n log(n),0,28,3.1077272167319396,6.531133043622865
20000,198069,N=n log(n),0,29,3.5352240798967536,3.7846890911822584
20000,198069,N=n log(n),0,30,5.8317724253596985,4.148252593749496
20000,198069,N=n log(n),0,31,3.5327729668638113,3.35878782456598
20000,198069,N=n log(n),0,32,3.7615832042515494,4.279034959537136
20000,198069,N=n log(n),0,33,3.2060960145676054,3.6076408637188577
20000,198069,N=n log(n),0,34,3.496175535134991,4.765660734002461
20000,198069,N=n log(n),0,35,3.501315098422493,4.09519755803527
20000,198069,N=n log(n),0,36,2.5014531555525616,5.297189066804197
20000,198069,N=n log(n),0,37,3.351474923916588,4.049930968341366
20000,198069,N=n log(n),0,38,3.2254917071819316,3.508418758434379
20000,198069,N=n log(n),0,39,3.6933493151151255,3.5458785783522706
20000,198069,N=n log(n),0,40,3.1960110409752343,4.3274648613493625
20000,198069,N=n log(n),0,41,10.17233037506235,7.455346470954616
20000,198069,N=n log(n),0,42,3.741836902719179,3.3485643277269603
20000,198069,N=n log(n),0,43,3.03834027294023,3.6926697094353957
20000,198069,N=n log(n),0,44,3.3583571562090566,4.551971802085817
20000,198069,N=n log(n),0,45,2.9431695011149746,4.163551327385876
20000,198069,N=n log(n),0,46,4.591965111506241,3.878205745257121
20000,198069,N=n log(n),0,47,3.8526017439230653,4.028362286770801
20000,198069,N=n log(n),0,48,3.582908049763565,4.931471509206449
20000,198069,N=n log(n),0,49,3.3318805895674997,4.528560633288704
20000,198069,N=n log(n),0,50,3.009793098522149,3.6404983795970765
20000,198069,N=n log(n),0,51,3.4209748736665357,3.564628494440936
20000,198069,N=n log(n),0,52,4.004418513032966,4.963963307604505
20000,198069,N=n log(n),0,53,3.640295004362223,4.86075465036352
20000,198069,N=n log(n),0,54,3.8931843747493757,3.8586821153302306
20000,198069,N=n log(n),0,55,3.273651085143291,4.708907335585214
20000,198069,N=n log(n),0,56,3.6676006349026147,4.757865507677849
20000,198069,N=n log(n),0,57,3.3164158628821014,4.636400301436906
20000,198069,N=n log(n),0,58,3.9679760639077,3.6612155432953393
20000,198069,N=n log(n),0,59,4.744613695726839,3.4477913825112583
20000,198069,N=n log(n),0,60,3.481974450223583,3.8683735231241276
20000,198069,N=n log(n),0,61,3.1356314088499655,3.504874824316901
20000,198069,N=n log(n),0,62,4.642412763793118,3.722116878513935
20000,198069,N=n log(n),0,63,3.2855327864309247,3.5030619806372227
20000,198069,N=n log(n),0,64,4.030780164612139,7.007723996187238
20000,198069,N=n log(n),0,65,3.265628151486589,3.1404834847141725
20000,198069,N=n log(n),0,66,3.6819942380506414,3.998157858676495
20000,198069,N=n log(n),0,67,3.0753501770265372,3.740815206807003
20000,198069,N=n log(n),0,68,3.0131171922256623,4.147716969930248
20000,198069,N=n log(n),0,69,2.7582663500687055,4.396376734879477
20000,198069,N=n log(n),0,70,3.5549725172206017,3.329943927887064
20000,198069,N=n log(n),0,71,4.161466726624876,3.8811406957158905
20000,198069,N=n log(n),0,72,3.1914701398155283,5.097589414434807
20000,198069,N=n log(n),0,73,5.673427076233876,3.2695881098668997
20000,198069,N=n log(n),0,74,3.703696454863214,3.8461197388844877
20000,198069,N=n log(n),0,75,3.873509937604921,4.359828185768614
20000,198069,N=n log(n),0,76,3.5262821955689665,3.1675457064827097
20000,198069,N=n log(n),0,77,3.6794947111567753,4.238244251951778
20000,198069,N=n log(n),0,78,4.8246559291944395,5.085113196747032
20000,198069,N=n log(n),0,79,2.7664986868461483,4.495325565008965
20000,198069,N=n log(n),0,80,3.8101417810583986,4.294739731521513
20000,198069,N=n log(n),0,81,5.577088388443292,3.326684213588589
20000,198069,N=n log(n),0,82,2.8312905572534883,4.244928146094307
20000,198069,N=n log(n),0,83,3.9462524058825807,3.6010634960843766
20000,198069,N=n log(n),0,84,3.7959279541948336,3.600968799029158
20000,198069,N=n log(n),0,85,3.8207694445672096,4.113408702384548
20000,198069,N=n log(n),0,86,4.8297443164197515,4.921467282062483
20000,198069,N=n log(n),0,87,3.2527099350379047,5.324743461494387
20000,198069,N=n log(n),0,88,2.7746656133295002,4.743102287151026
20000,198069,N=n log(n),0,89,4.413268977987594,3.5663565343787775
20000,198069,N=n log(n),0,90,6.7738198246966945,4.954258940340104
20000,198069,N=n log(n),0,91,4.216260779376784,3.360496081153025
20000,198069,N=n log(n),0,92,3.484755513760477,4.386383953732424
20000,198069,N=n log(n),0,93,4.480742258247204,4.948686045564694
20000,198069,N=n log(n),0,94,3.642633459065263,4.828378982090162
20000,198069,N=n log(n),0,95,4.642346875374102,3.8729711453336164
20000,198069,N=n log(n),0,96,4.149847017603966,3.723874236133356
20000,198069,N=n log(n),0,97,3.3036889348628398,4.308042313579848
20000,198069,N=n log(n),0,98,4.0390030163942345,3.4722851398866883
20000,198069,N=n log(n),0,99,2.831570064724413,3.713768173738422
20000,198069,N=n log(n),0,100,4.986922963732426,3.2261277251537286
20000,2828427,N=n^(3/2),0,2,2.8131294823734945,2.8750169912522
20000,2828427,N=n^(3/2),0,3,3.5613241806705296,3.5298631040089368
20000,2828427,N=n^(3/2),0,4,2.8080221274417023,3.0022761943010745
20000,2828427,N=n^(3/2),0,9,3.4218725864569226,2.6626030020045506
20000,2828427,N=n^(3/2),0,14,2.309260637021469,3.3347610134317174
20000,2828427,N=n^(3/2),0,15,2.130831565712855,2.8983250812075254
20000,2828427,N=n^(3/2),0,16,3.115872299903407,2.9448949971329195
20000,2828427,N=n^(3/2),0,20,2.502471212010092,4.033392369428602
20000,2828427,N=n^(3/2),0,22,2.5665978118195754,4.400617434120633
20000,2828427,N=n^(3/2),0,23,3.4584445018642627,2.5566080449354263
20000,2828427,N=n^(3/2),0,24,2.0688508772353935,3.4945645996790407
20000,2828427,N=n^(3/2),0,25,2.6583863209334613,3.072183666100677
20000,2828427,N=n^(3/2),0,26,2.5427648707699437,2.5356723703071116
20000,2828427,N=n^(3/2),0,27,3.021950746113558,2.903875157156163
20000,2828427,N=n^(3/2),0,29,2.90869605576923,2.494113505687285
20000,2828427,N=n^(3/2),0,30,4.526024937664962,3.0659550839595493
20000,2828427,N=n^(3/2),0,31,3.834136342579738,2.6643971698848543
20000,2828427,N=n^(3/2),0,32,2.411467422291221,2.912959597729649
20000,2828427,N=n^(3/2),0,35,2.820402359960944,2.4594979811334294
20000,2828427,N=n^(3/2),0,36,2.159269907778885,3.6171764008080944
20000,2828427,N=n^(3/2),0,39,3.3240810706769697,2.671026994829568
20000,2828427,N=n^(3/2),0,40,2.756671172503992,3.6448621848435687
20000,2828427,N=n^(3/2),0,42,2.7187157892336242,3.110307332860957
20000,2828427,N=n^(3/2),0,44,2.2880101416599574,3.3091546077332903
20000,2828427,N=n^(3/2),0,45,2.828067836079571,3.650532657941
20000,2828427,N=n^(3/2),0,48,3.1486473273947286,3.365820356627155
20000,2828427,N=n^(3/2),0,54,3.418040321171268,3.406246414614253
20000,2828427,N=n^(3/2),0,56,3.730706704990921,2.6727679386406655
20000,2828427,N=n^(3/2),0,58,2.1289115575919166,3.010494023320052
20000,2828427,N=n^(3/2),0,61,2.5915626662617743,2.522968505353708
20000,2828427,N=n^(3/2),0,62,3.0541483347434264,3.1159392917324182
20000,2828427,N=n^(3/2),0,67,3.1271768789586507,2.544518024954285
20000,2828427,N=n^(3/2),0,68,2.713900311672694,2.6844763791055564
20000,2828427,N=n^(3/2),0,69,2.058841422852178,2.9567649990232456
20000,2828427,N=n^(3/2),0,75,2.929000019580788,2.812674753606035
20000,2828427,N=n^(3/2),0,76,3.0409850243190877,3.2455850225768224
20000,2828427,N=n^(3/2),0,77,2.4292159296718316,3.1881329285672915
20000,2828427,N=n^(3/2),0,79,2.878203099940522,4.033868730333347
20000,2828427,N=n^(3/2),0,80,4.013926655050176,3.4212227927731864
20000,2828427,N=n^(3/2),0,83,3.3173200551165416,2.363681705885837
20000,2828427,N=n^(3/2),0,86,3.692302493697118,2.401307167307823
20000,2828427,N=n^(3/2),0,87,2.463195976158709,3.466658961807323
20000,2828427,N=n^(3/2),0,93,3.465716936307911,2.7353779289037674
20000,2828427,N=n^(3/2),0,95,2.346162063772198,2.3844743936766153
20000,2828427,N=n^(3/2),0,96,2.652174210885081,3.1359888790304566
20000,2828427,N=n^(3/2),0,99,2.678744322412493,3.237528340438618
20000,2828427,N=n^(3/2),0,100,4.000420505599912,2.7502030081376905
