method,n,N,N_label,seed,param,source,sample_count,posterior_mean,bias
flow_npe,100,100,N=n,0,lambda,posterior_samples.pkl,10000,94.56611814270019,-5.433881857299809
flow_npe,100,100,N=n,0,sigma,posterior_samples.pkl,10000,3.37194650169611,1.3719465016961099
flow_npe,100,100,N=n,0,xi,posterior_samples.pkl,10000,-1.5498580720186232,-1.4498580720186232
flow_npe,100,100,N=n,1,lambda,posterior_samples.pkl,10000,100.93159229259491,0.9315922925949138
flow_npe,100,100,N=n,1,sigma,posterior_samples.pkl,10000,4.801838962226734,2.801838962226734
flow_npe,100,100,N=n,1,xi,posterior_samples.pkl,10000,-1.1086906888723373,-1.0086906888723373
flow_npe,100,100,N=n,2,lambda,posterior_samples.pkl,10000,103.2944607006073,3.294460700607303
flow_npe,100,100,N=n,2,sigma,posterior_samples.pkl,10000,3.3057171956467677,1.3057171956467677
flow_npe,100,100,N=n,2,xi,posterior_samples.pkl,10000,-1.7642945974111557,-1.6642945974111556
flow_npe,100,100,N=n,3,lambda,posterior_samples.pkl,10000,98.88551647758484,-1.1144835224151564
flow_npe,100,100,N=n,3,sigma,posterior_samples.pkl,10000,3.5735107800208032,1.5735107800208032
flow_npe,100,100,N=n,3,xi,posterior_samples.pkl,10000,-1.4990237204909325,-1.3990237204909324
flow_npe,100,100,N=n,4,lambda,posterior_samples.pkl,10000,97.85593297195435,-2.1440670280456544
flow_npe,100,100,N=n,4,sigma,posterior_samples.pkl,10000,2.643856079694815,0.6438560796948152
flow_npe,100,100,N=n,4,xi,posterior_samples.pkl,10000,-1.0657895456671715,-0.9657895456671716
flow_npe,100,100,N=n,5,lambda,posterior_samples.pkl,10000,99.0452277759552,-0.9547722240448024
flow_npe,100,100,N=n,5,sigma,posterior_samples.pkl,10000,4.022035722205718,2.022035722205718
flow_npe,100,100,N=n,5,xi,posterior_samples.pkl,10000,-1.3148428629159927,-1.2148428629159926
flow_npe,100,100,N=n,6,lambda,posterior_samples.pkl,10000,102.10506905231476,2.105069052314761
flow_npe,100,100,N=n,6,sigma,posterior_samples.pkl,10000,4.457080326487869,2.457080326487869
flow_npe,100,100,N=n,6,xi,posterior_samples.pkl,10000,-1.6567505704641343,-1.5567505704641342
flow_npe,100,100,N=n,7,lambda,posterior_samples.pkl,10000,98.9770522743225,-1.022947725677497
flow_npe,100,100,N=n,7,sigma,posterior_samples.pkl,10000,3.3055666316874324,1.3055666316874324
flow_npe,100,100,N=n,7,xi,posterior_samples.pkl,10000,-1.5541129094839097,-1.4541129094839096
flow_npe,100,100,N=n,8,lambda,posterior_samples.pkl,10000,101.77961358184814,1.779613581848139
flow_npe,100,100,N=n,8,sigma,posterior_samples.pkl,10000,3.7681304900500923,1.7681304900500923
flow_npe,100,100,N=n,8,xi,posterior_samples.pkl,10000,-1.4587246569275856,-1.3587246569275855
flow_npe,100,100,N=n,9,lambda,posterior_samples.pkl,10000,100.35102526435853,0.3510252643585261
flow_npe,100,100,N=n,9,sigma,posterior_samples.pkl,10000,3.837224136133306,1.837224136133306
flow_npe,100,100,N=n,9,xi,posterior_samples.pkl,10000,-1.4378276085019113,-1.3378276085019112
flow_npe,100,100,N=n,10,lambda,posterior_samples.pkl,10000,101.44379583015441,1.4437958301544143
flow_npe,100,100,N=n,10,sigma,posterior_samples.pkl,10000,3.7549257774535567,1.7549257774535567
flow_npe,100,100,N=n,10,xi,posterior_samples.pkl,10000,-1.6501576705098153,-1.5501576705098152
flow_npe,100,100,N=n,11,lambda,posterior_samples.pkl,10000,99.90357276477813,-0.09642723522186714
flow_npe,100,100,N=n,11,sigma,posterior_samples.pkl,10000,3.336581245950516,1.3365812459505162
flow_npe,100,100,N=n,11,xi,posterior_samples.pkl,10000,-1.2417730272173881,-1.141773027217388
flow_npe,100,100,N=n,12,lambda,posterior_samples.pkl,10000,96.56752984867096,-3.432470151329042
flow_npe,100,100,N=n,12,sigma,posterior_samples.pkl,10000,3.4653646171966566,1.4653646171966566
flow_npe,100,100,N=n,12,xi,posterior_samples.pkl,10000,-1.0306673357367515,-0.9306673357367515
flow_npe,100,100,N=n,13,lambda,posterior_samples.pkl,10000,98.4700686126709,-1.5299313873290998
flow_npe,100,100,N=n,13,sigma,posterior_samples.pkl,10000,3.859555217475444,1.8595552174754442
flow_npe,100,100,N=n,13,xi,posterior_samples.pkl,10000,-1.4195907004117965,-1.3195907004117964
flow_npe,100,100,N=n,14,lambda,posterior_samples.pkl,10000,94.87834217853546,-5.121657821464538
flow_npe,100,100,N=n,14,sigma,posterior_samples.pkl,10000,3.839989771150984,1.839989771150984
flow_npe,100,100,N=n,14,xi,posterior_samples.pkl,10000,-1.0673782739043236,-0.9673782739043236
flow_npe,100,100,N=n,15,lambda,posterior_samples.pkl,10000,113.28092946605682,13.280929466056818
flow_npe,100,100,N=n,15,sigma,posterior_samples.pkl,10000,5.21763584346287,3.21763584346287
flow_npe,100,100,N=n,15,xi,posterior_samples.pkl,10000,-1.1521775955200195,-1.0521775955200194
flow_npe,100,100,N=n,16,lambda,posterior_samples.pkl,10000,94.52088376560211,-5.4791162343978925
flow_npe,100,100,N=n,16,sigma,posterior_samples.pkl,10000,3.5532483536918646,1.5532483536918646
flow_npe,100,100,N=n,16,xi,posterior_samples.pkl,10000,-0.9111949294686318,-0.8111949294686318
flow_npe,100,100,N=n,17,lambda,posterior_samples.pkl,10000,98.17737196521759,-1.8226280347824115
flow_npe,100,100,N=n,17,sigma,posterior_samples.pkl,10000,3.970316022698581,1.9703160226985812
flow_npe,100,100,N=n,17,xi,posterior_samples.pkl,10000,-1.4916499266862868,-1.3916499266862867
flow_npe,100,100,N=n,18,lambda,posterior_samples.pkl,10000,103.80848072452545,3.8084807245254524
flow_npe,100,100,N=n,18,sigma,posterior_samples.pkl,10000,4.494120831784559,2.494120831784559
flow_npe,100,100,N=n,18,xi,posterior_samples.pkl,10000,-1.2165391793131828,-1.1165391793131827
flow_npe,100,100,N=n,19,lambda,posterior_samples.pkl,10000,96.54409267311097,-3.455907326889033
flow_npe,100,100,N=n,19,sigma,posterior_samples.pkl,10000,4.194667713164538,2.194667713164538
flow_npe,100,100,N=n,19,xi,posterior_samples.pkl,10000,-1.830391423368454,-1.7303914233684539
flow_npe,100,100,N=n,20,lambda,posterior_samples.pkl,10000,99.29424096488953,-0.705759035110475
flow_npe,100,100,N=n,20,sigma,posterior_samples.pkl,10000,4.289342799170315,2.2893427991703152
flow_npe,100,100,N=n,20,xi,posterior_samples.pkl,10000,-1.577092724430561,-1.477092724430561
flow_npe,100,100,N=n,21,lambda,posterior_samples.pkl,10000,100.94814975147247,0.9481497514724708
flow_npe,100,100,N=n,21,sigma,posterior_samples.pkl,10000,4.607164218570292,2.6071642185702917
flow_npe,100,100,N=n,21,xi,posterior_samples.pkl,10000,-1.760423117017746,-1.660423117017746
flow_npe,100,100,N=n,22,lambda,posterior_samples.pkl,10000,101.64863415946961,1.6486341594696086
flow_npe,100,100,N=n,22,sigma,posterior_samples.pkl,10000,3.075851778236171,1.0758517782361712
flow_npe,100,100,N=n,22,xi,posterior_samples.pkl,10000,-1.1107367140054702,-1.0107367140054702
flow_npe,100,100,N=n,23,lambda,posterior_samples.pkl,10000,99.92101200065613,-0.07898799934386602
flow_npe,100,100,N=n,23,sigma,posterior_samples.pkl,10000,2.929278281244915,0.929278281244915
flow_npe,100,100,N=n,23,xi,posterior_samples.pkl,10000,-1.1378897372245789,-1.0378897372245788
flow_npe,100,100,N=n,24,lambda,posterior_samples.pkl,10000,99.6746248922348,-0.32537510776519696
flow_npe,100,100,N=n,24,sigma,posterior_samples.pkl,10000,4.647274732851796,2.6472747328517956
flow_npe,100,100,N=n,24,xi,posterior_samples.pkl,10000,-1.3746250747323037,-1.2746250747323036
flow_npe,100,100,N=n,25,lambda,posterior_samples.pkl,10000,101.14180566215515,1.14180566215515
flow_npe,100,100,N=n,25,sigma,posterior_samples.pkl,10000,3.951717165110726,1.951717165110726
flow_npe,100,100,N=n,25,xi,posterior_samples.pkl,10000,-1.5820411556363105,-1.4820411556363104
flow_npe,100,100,N=n,26,lambda,posterior_samples.pkl,10000,100.24786725025177,0.24786725025177248
flow_npe,100,100,N=n,26,sigma,posterior_samples.pkl,10000,3.4804898491563274,1.4804898491563274
flow_npe,100,100,N=n,26,xi,posterior_samples.pkl,10000,-1.4447265840888024,-1.3447265840888023
flow_npe,100,100,N=n,27,lambda,posterior_samples.pkl,10000,96.84981816139221,-3.150181838607793
flow_npe,100,100,N=n,27,sigma,posterior_samples.pkl,10000,3.7647728111321106,1.7647728111321106
flow_npe,100,100,N=n,27,xi,posterior_samples.pkl,10000,-1.701960427570343,-1.601960427570343
flow_npe,100,100,N=n,28,lambda,posterior_samples.pkl,10000,102.71208094596862,2.712080945968623
flow_npe,100,100,N=n,28,sigma,posterior_samples.pkl,10000,2.44950449911356,0.44950449911355994
flow_npe,100,100,N=n,28,xi,posterior_samples.pkl,10000,-0.7578068547606468,-0.6578068547606468
flow_npe,100,100,N=n,29,lambda,posterior_samples.pkl,10000,95.19107481498719,-4.808925185012811
flow_npe,100,100,N=n,29,sigma,posterior_samples.pkl,10000,3.788320605876483,1.788320605876483
flow_npe,100,100,N=n,29,xi,posterior_samples.pkl,10000,-1.6851940395474434,-1.5851940395474433
flow_npe,100,100,N=n,30,lambda,posterior_samples.pkl,10000,92.00101885490417,-7.998981145095826
flow_npe,100,100,N=n,30,sigma,posterior_samples.pkl,10000,3.5983339751807972,1.5983339751807972
flow_npe,100,100,N=n,30,xi,posterior_samples.pkl,10000,-1.6043754278540612,-1.504375427854061
flow_npe,100,100,N=n,31,lambda,posterior_samples.pkl,10000,100.74406810665131,0.7440681066513122
flow_npe,100,100,N=n,31,sigma,posterior_samples.pkl,10000,3.3079822928960434,1.3079822928960434
flow_npe,100,100,N=n,31,xi,posterior_samples.pkl,10000,-1.3868331620454788,-1.2868331620454787
flow_npe,100,100,N=n,32,lambda,posterior_samples.pkl,10000,100.8069999097824,0.8069999097824052
flow_npe,100,100,N=n,32,sigma,posterior_samples.pkl,10000,3.3488313533555716,1.3488313533555716
flow_npe,100,100,N=n,32,xi,posterior_samples.pkl,10000,-1.4328940014123916,-1.3328940014123916
flow_npe,100,100,N=n,33,lambda,posterior_samples.pkl,10000,105.8042680141449,5.8042680141448955
flow_npe,100,100,N=n,33,sigma,posterior_samples.pkl,10000,5.314735970115941,3.314735970115941
flow_npe,100,100,N=n,33,xi,posterior_samples.pkl,10000,-1.609838117289543,-1.509838117289543
flow_npe,100,100,N=n,34,lambda,posterior_samples.pkl,10000,98.86314493637084,-1.136855063629156
flow_npe,100,100,N=n,34,sigma,posterior_samples.pkl,10000,3.455763646906614,1.4557636469066142
flow_npe,100,100,N=n,34,xi,posterior_samples.pkl,10000,-1.5460481927514076,-1.4460481927514075
flow_npe,100,100,N=n,35,lambda,posterior_samples.pkl,10000,100.03310650920868,0.03310650920867886
flow_npe,100,100,N=n,35,sigma,posterior_samples.pkl,10000,3.8696217024398503,1.8696217024398503
flow_npe,100,100,N=n,35,xi,posterior_samples.pkl,10000,-1.4189332221627236,-1.3189332221627235
flow_npe,100,100,N=n,36,lambda,posterior_samples.pkl,10000,97.18440691070556,-2.8155930892944383
flow_npe,100,100,N=n,36,sigma,posterior_samples.pkl,10000,3.2552270261529834,1.2552270261529834
flow_npe,100,100,N=n,36,xi,posterior_samples.pkl,10000,-1.1284315664887428,-1.0284315664887427
flow_npe,100,100,N=n,37,lambda,posterior_samples.pkl,10000,99.86962780208587,-0.13037219791412724
flow_npe,100,100,N=n,37,sigma,posterior_samples.pkl,10000,4.586358723373711,2.586358723373711
flow_npe,100,100,N=n,37,xi,posterior_samples.pkl,10000,-1.6498102443695069,-1.5498102443695068
flow_npe,100,100,N=n,38,lambda,posterior_samples.pkl,10000,94.47350151443482,-5.526498485565185
flow_npe,100,100,N=n,38,sigma,posterior_samples.pkl,10000,3.9552034605294466,1.9552034605294466
flow_npe,100,100,N=n,38,xi,posterior_samples.pkl,10000,-1.5923134677648545,-1.4923134677648544
flow_npe,100,100,N=n,39,lambda,posterior_samples.pkl,10000,98.64731428852082,-1.3526857114791824
flow_npe,100,100,N=n,39,sigma,posterior_samples.pkl,10000,3.7434385564672294,1.7434385564672294
flow_npe,100,100,N=n,39,xi,posterior_samples.pkl,10000,-0.9504220838546753,-0.8504220838546753
flow_npe,100,100,N=n,40,lambda,posterior_samples.pkl,10000,98.41346926250458,-1.5865307374954227
flow_npe,100,100,N=n,40,sigma,posterior_samples.pkl,10000,3.775670049902797,1.7756700499027969
flow_npe,100,100,N=n,40,xi,posterior_samples.pkl,10000,-1.3571221168160439,-1.2571221168160438
flow_npe,100,100,N=n,41,lambda,posterior_samples.pkl,10000,96.48694292907714,-3.513057070922855
flow_npe,100,100,N=n,41,sigma,posterior_samples.pkl,10000,4.904922246270254,2.904922246270254
flow_npe,100,100,N=n,41,xi,posterior_samples.pkl,10000,-1.2818402116656304,-1.1818402116656304
flow_npe,100,100,N=n,42,lambda,posterior_samples.pkl,10000,99.57435780220031,-0.42564219779968937
flow_npe,100,100,N=n,42,sigma,posterior_samples.pkl,10000,3.8067855354797095,1.8067855354797095
flow_npe,100,100,N=n,42,xi,posterior_samples.pkl,10000,-1.4126870193481444,-1.3126870193481444
flow_npe,100,100,N=n,43,lambda,posterior_samples.pkl,10000,100.72953322105408,0.7295332210540835
flow_npe,100,100,N=n,43,sigma,posterior_samples.pkl,10000,4.50968590207696,2.50968590207696
flow_npe,100,100,N=n,43,xi,posterior_samples.pkl,10000,-1.8846086295962334,-1.7846086295962333
flow_npe,100,100,N=n,44,lambda,posterior_samples.pkl,10000,102.26980178642273,2.2698017864227324
flow_npe,100,100,N=n,44,sigma,posterior_samples.pkl,10000,4.343597004851047,2.3435970048510466
flow_npe,100,100,N=n,44,xi,posterior_samples.pkl,10000,-1.5203083337187766,-1.4203083337187765
flow_npe,100,100,N=n,45,lambda,posterior_samples.pkl,10000,100.33670938377381,0.3367093837738082
flow_npe,100,100,N=n,45,sigma,posterior_samples.pkl,10000,4.560481256685779,2.5604812566857786
flow_npe,100,100,N=n,45,xi,posterior_samples.pkl,10000,-1.2584045810461044,-1.1584045810461043
flow_npe,100,100,N=n,46,lambda,posterior_samples.pkl,10000,97.8212173734665,-2.178782626533504
flow_npe,100,100,N=n,46,sigma,posterior_samples.pkl,10000,5.571337529002875,3.571337529002875
flow_npe,100,100,N=n,46,xi,posterior_samples.pkl,10000,-1.7936467292904854,-1.6936467292904853
flow_npe,100,100,N=n,47,lambda,posterior_samples.pkl,10000,99.19016190719604,-0.8098380928039575
flow_npe,100,100,N=n,47,sigma,posterior_samples.pkl,10000,4.493233339175954,2.493233339175954
flow_npe,100,100,N=n,47,xi,posterior_samples.pkl,10000,-1.5612733179092406,-1.4612733179092405
flow_npe,100,100,N=n,48,lambda,posterior_samples.pkl,10000,100.33602928543091,0.3360292854309108
flow_npe,100,100,N=n,48,sigma,posterior_samples.pkl,10000,4.003840038004517,2.003840038004517
flow_npe,100,100,N=n,48,xi,posterior_samples.pkl,10000,-1.6046961932301522,-1.5046961932301521
flow_npe,100,100,N=n,49,lambda,posterior_samples.pkl,10000,97.91899138717652,-2.0810086128234815
flow_npe,100,100,N=n,49,sigma,posterior_samples.pkl,10000,3.7633550591617824,1.7633550591617824
flow_npe,100,100,N=n,49,xi,posterior_samples.pkl,10000,-1.4996465452551841,-1.399646545255184
flow_npe,100,100,N=n,50,lambda,posterior_samples.pkl,10000,99.56940699348449,-0.43059300651550814
flow_npe,100,100,N=n,50,sigma,posterior_samples.pkl,10000,5.305595757418312,3.3055957574183124
flow_npe,100,100,N=n,50,xi,posterior_samples.pkl,10000,-1.2836516854405404,-1.1836516854405403
flow_npe,100,100,N=n,51,lambda,posterior_samples.pkl,10000,99.0929291753769,-0.907070824623105
flow_npe,100,100,N=n,51,sigma,posterior_samples.pkl,10000,3.7613568193946967,1.7613568193946967
flow_npe,100,100,N=n,51,xi,posterior_samples.pkl,10000,-1.3428829776763915,-1.2428829776763914
flow_npe,100,100,N=n,52,lambda,posterior_samples.pkl,10000,104.41598327121734,4.415983271217343
flow_npe,100,100,N=n,52,sigma,posterior_samples.pkl,10000,6.539544517650735,4.539544517650735
flow_npe,100,100,N=n,52,xi,posterior_samples.pkl,10000,-1.6482867257475853,-1.5482867257475852
flow_npe,100,100,N=n,53,lambda,posterior_samples.pkl,10000,102.80373482761384,2.8037348276138374
flow_npe,100,100,N=n,53,sigma,posterior_samples.pkl,10000,4.683939920445159,2.683939920445159
flow_npe,100,100,N=n,53,xi,posterior_samples.pkl,10000,-1.579067061650753,-1.4790670616507529
flow_npe,100,100,N=n,54,lambda,posterior_samples.pkl,10000,104.70907492218018,4.709074922180179
flow_npe,100,100,N=n,54,sigma,posterior_samples.pkl,10000,3.926208090749383,1.926208090749383
flow_npe,100,100,N=n,54,xi,posterior_samples.pkl,10000,-1.3830789233326912,-1.2830789233326911
flow_npe,100,100,N=n,55,lambda,posterior_samples.pkl,10000,105.73303016452789,5.733030164527889
flow_npe,100,100,N=n,55,sigma,posterior_samples.pkl,10000,3.1589361526966093,1.1589361526966093
flow_npe,100,100,N=n,55,xi,posterior_samples.pkl,10000,-1.112312831544876,-1.012312831544876
flow_npe,100,100,N=n,56,lambda,posterior_samples.pkl,10000,98.24162422428131,-1.7583757757186902
flow_npe,100,100,N=n,56,sigma,posterior_samples.pkl,10000,3.919121746592969,1.9191217465929689
flow_npe,100,100,N=n,56,xi,posterior_samples.pkl,10000,-1.0478474534511566,-0.9478474534511566
flow_npe,100,100,N=n,57,lambda,posterior_samples.pkl,10000,98.9383019039154,-1.0616980960845979
flow_npe,100,100,N=n,57,sigma,posterior_samples.pkl,10000,3.9587643942261113,1.9587643942261113
flow_npe,100,100,N=n,57,xi,posterior_samples.pkl,10000,-1.7262200455069543,-1.6262200455069542
flow_npe,100,100,N=n,58,lambda,posterior_samples.pkl,10000,98.41600251312256,-1.5839974868774362
flow_npe,100,100,N=n,58,sigma,posterior_samples.pkl,10000,3.193190586106852,1.193190586106852
flow_npe,100,100,N=n,58,xi,posterior_samples.pkl,10000,-1.112500482594967,-1.0125004825949668
flow_npe,100,100,N=n,59,lambda,posterior_samples.pkl,10000,96.58024527530671,-3.4197547246932913
flow_npe,100,100,N=n,59,sigma,posterior_samples.pkl,10000,3.726929790064087,1.7269297900640872
flow_npe,100,100,N=n,59,xi,posterior_samples.pkl,10000,-1.2088340861320495,-1.1088340861320494
flow_npe,100,100,N=n,60,lambda,posterior_samples.pkl,10000,109.00062070350647,9.00062070350647
flow_npe,100,100,N=n,60,sigma,posterior_samples.pkl,10000,6.068967609146982,4.068967609146982
flow_npe,100,100,N=n,60,xi,posterior_samples.pkl,10000,-1.2972266735315323,-1.1972266735315322
flow_npe,100,100,N=n,61,lambda,posterior_samples.pkl,10000,97.79178287563325,-2.2082171243667545
flow_npe,100,100,N=n,61,sigma,posterior_samples.pkl,10000,4.318783593183709,2.318783593183709
flow_npe,100,100,N=n,61,xi,posterior_samples.pkl,10000,-1.6194147013902664,-1.5194147013902664
flow_npe,100,100,N=n,62,lambda,posterior_samples.pkl,10000,100.43754074001312,0.4375407400131195
flow_npe,100,100,N=n,62,sigma,posterior_samples.pkl,10000,2.012492492880579,0.012492492880578965
flow_npe,100,100,N=n,62,xi,posterior_samples.pkl,10000,-0.8541111543893815,-0.7541111543893815
flow_npe,100,100,N=n,63,lambda,posterior_samples.pkl,10000,101.66064185829163,1.6606418582916262
flow_npe,100,100,N=n,63,sigma,posterior_samples.pkl,10000,3.4735275932103393,1.4735275932103393
flow_npe,100,100,N=n,63,xi,posterior_samples.pkl,10000,-1.3051659101843833,-1.2051659101843832
flow_npe,100,100,N=n,64,lambda,posterior_samples.pkl,10000,99.56776815662384,-0.43223184337615805
flow_npe,100,100,N=n,64,sigma,posterior_samples.pkl,10000,4.732496609705501,2.7324966097055006
flow_npe,100,100,N=n,64,xi,posterior_samples.pkl,10000,-1.53667342659235,-1.43667342659235
flow_npe,100,100,N=n,65,lambda,posterior_samples.pkl,10000,100.51496680755615,0.5149668075561493
flow_npe,100,100,N=n,65,sigma,posterior_samples.pkl,10000,3.569444289483689,1.5694442894836889
flow_npe,100,100,N=n,65,xi,posterior_samples.pkl,10000,-1.5335372855186462,-1.4335372855186461
flow_npe,100,100,N=n,66,lambda,posterior_samples.pkl,10000,100.3958479768753,0.39584797687530227
flow_npe,100,100,N=n,66,sigma,posterior_samples.pkl,10000,3.5041280429665,1.5041280429664998
flow_npe,100,100,N=n,66,xi,posterior_samples.pkl,10000,-1.5767303468108178,-1.4767303468108177
flow_npe,100,100,N=n,67,lambda,posterior_samples.pkl,10000,103.9214206439972,3.9214206439971946
flow_npe,100,100,N=n,67,sigma,posterior_samples.pkl,10000,2.77096969282208,0.7709696928220802
flow_npe,100,100,N=n,67,xi,posterior_samples.pkl,10000,-1.103982272541523,-1.0039822725415228
flow_npe,100,100,N=n,68,lambda,posterior_samples.pkl,10000,99.69630925617219,-0.3036907438278149
flow_npe,100,100,N=n,68,sigma,posterior_samples.pkl,10000,3.8629933699747547,1.8629933699747547
flow_npe,100,100,N=n,68,xi,posterior_samples.pkl,10000,-0.7898681279420853,-0.6898681279420853
flow_npe,100,100,N=n,69,lambda,posterior_samples.pkl,10000,102.80047163734436,2.8004716373443586
flow_npe,100,100,N=n,69,sigma,posterior_samples.pkl,10000,3.7116235414659604,1.7116235414659604
flow_npe,100,100,N=n,69,xi,posterior_samples.pkl,10000,-1.1825269541502,-1.0825269541501998
flow_npe,100,100,N=n,70,lambda,posterior_samples.pkl,10000,100.70208501930237,0.7020850193023733
flow_npe,100,100,N=n,70,sigma,posterior_samples.pkl,10000,3.0549368081478403,1.0549368081478403
flow_npe,100,100,N=n,70,xi,posterior_samples.pkl,10000,-1.136613402879238,-1.036613402879238
flow_npe,100,100,N=n,71,lambda,posterior_samples.pkl,10000,99.66655012435913,-0.33344987564086637
flow_npe,100,100,N=n,71,sigma,posterior_samples.pkl,10000,3.0485289028611033,1.0485289028611033
flow_npe,100,100,N=n,71,xi,posterior_samples.pkl,10000,-1.057021236371994,-0.957021236371994
flow_npe,100,100,N=n,72,lambda,posterior_samples.pkl,10000,97.60116404743195,-2.3988359525680494
flow_npe,100,100,N=n,72,sigma,posterior_samples.pkl,10000,2.928124093449488,0.9281240934494881
flow_npe,100,100,N=n,72,xi,posterior_samples.pkl,10000,-0.7541988692879676,-0.6541988692879677
flow_npe,100,100,N=n,73,lambda,posterior_samples.pkl,10000,97.04775305862427,-2.9522469413757335
flow_npe,100,100,N=n,73,sigma,posterior_samples.pkl,10000,4.079592341087572,2.0795923410875723
flow_npe,100,100,N=n,73,xi,posterior_samples.pkl,10000,-1.3810195121765136,-1.2810195121765136
flow_npe,100,100,N=n,74,lambda,posterior_samples.pkl,10000,100.01587658576965,0.015876585769646567
flow_npe,100,100,N=n,74,sigma,posterior_samples.pkl,10000,3.3702540767565368,1.3702540767565368
flow_npe,100,100,N=n,74,xi,posterior_samples.pkl,10000,-1.0924100140333175,-0.9924100140333175
flow_npe,100,100,N=n,75,lambda,posterior_samples.pkl,10000,101.3196686454773,1.319668645477293
flow_npe,100,100,N=n,75,sigma,posterior_samples.pkl,10000,3.5044787310849874,1.5044787310849874
flow_npe,100,100,N=n,75,xi,posterior_samples.pkl,10000,-1.5144377953529358,-1.4144377953529357
flow_npe,100,100,N=n,76,lambda,posterior_samples.pkl,10000,98.45962015266419,-1.5403798473358137
flow_npe,100,100,N=n,76,sigma,posterior_samples.pkl,10000,2.936087750570383,0.9360877505703828
flow_npe,100,100,N=n,76,xi,posterior_samples.pkl,10000,-1.2582395506620407,-1.1582395506620407
flow_npe,100,100,N=n,77,lambda,posterior_samples.pkl,10000,92.4401541639328,-7.559845836067197
flow_npe,100,100,N=n,77,sigma,posterior_samples.pkl,10000,5.055497479940579,3.0554974799405787
flow_npe,100,100,N=n,77,xi,posterior_samples.pkl,10000,-1.891579908835888,-1.791579908835888
flow_npe,100,100,N=n,78,lambda,posterior_samples.pkl,10000,97.179020170784,-2.820979829216
flow_npe,100,100,N=n,78,sigma,posterior_samples.pkl,10000,3.5985471360165624,1.5985471360165624
flow_npe,100,100,N=n,78,xi,posterior_samples.pkl,10000,-1.4266730575203896,-1.3266730575203896
flow_npe,100,100,N=n,79,lambda,posterior_samples.pkl,10000,93.8627821111679,-6.137217888832097
flow_npe,100,100,N=n,79,sigma,posterior_samples.pkl,10000,4.182173110426031,2.1821731104260307
flow_npe,100,100,N=n,79,xi,posterior_samples.pkl,10000,-1.4642763336658478,-1.3642763336658477
flow_npe,100,100,N=n,80,lambda,posterior_samples.pkl,10000,99.83242839565277,-0.16757160434723062
flow_npe,100,100,N=n,80,sigma,posterior_samples.pkl,10000,4.097990874443389,2.097990874443389
flow_npe,100,100,N=n,80,xi,posterior_samples.pkl,10000,-1.7139532397508621,-1.613953239750862
flow_npe,100,100,N=n,81,lambda,posterior_samples.pkl,10000,95.5744299396515,-4.425570060348505
flow_npe,100,100,N=n,81,sigma,posterior_samples.pkl,10000,3.6600475863363595,1.6600475863363595
flow_npe,100,100,N=n,81,xi,posterior_samples.pkl,10000,-1.1397791677832603,-1.0397791677832602
flow_npe,100,100,N=n,82,lambda,posterior_samples.pkl,10000,96.2696134059906,-3.7303865940094028
flow_npe,100,100,N=n,82,sigma,posterior_samples.pkl,10000,4.550366401550267,2.550366401550267
flow_npe,100,100,N=n,82,xi,posterior_samples.pkl,10000,-1.5193418220996857,-1.4193418220996856
flow_npe,100,100,N=n,83,lambda,posterior_samples.pkl,10000,95.18990193538666,-4.810098064613342
flow_npe,100,100,N=n,83,sigma,posterior_samples.pkl,10000,3.7262294032331558,1.7262294032331558
flow_npe,100,100,N=n,83,xi,posterior_samples.pkl,10000,-1.319852432179451,-1.2198524321794508
flow_npe,100,100,N=n,84,lambda,posterior_samples.pkl,10000,100.00388294639588,0.0038829463958762744
flow_npe,100,100,N=n,84,sigma,posterior_samples.pkl,10000,3.3718962741450174,1.3718962741450174
flow_npe,100,100,N=n,84,xi,posterior_samples.pkl,10000,-0.9661306561470032,-0.8661306561470032
flow_npe,100,100,N=n,85,lambda,posterior_samples.pkl,10000,103.7621302482605,3.7621302482605046
flow_npe,100,100,N=n,85,sigma,posterior_samples.pkl,10000,3.4918267215147614,1.4918267215147614
flow_npe,100,100,N=n,85,xi,posterior_samples.pkl,10000,-1.4277924406170845,-1.3277924406170845
flow_npe,100,100,N=n,86,lambda,posterior_samples.pkl,10000,99.24297594184875,-0.7570240581512451
flow_npe,100,100,N=n,86,sigma,posterior_samples.pkl,10000,3.7559041804246602,1.7559041804246602
flow_npe,100,100,N=n,86,xi,posterior_samples.pkl,10000,-1.4229574850440025,-1.3229574850440025
flow_npe,100,100,N=n,87,lambda,posterior_samples.pkl,10000,98.67251987800599,-1.3274801219940144
flow_npe,100,100,N=n,87,sigma,posterior_samples.pkl,10000,3.705745873683691,1.705745873683691
flow_npe,100,100,N=n,87,xi,posterior_samples.pkl,10000,-1.5450606271982192,-1.4450606271982191
flow_npe,100,100,N=n,88,lambda,posterior_samples.pkl,10000,100.77099765872956,0.7709976587295557
flow_npe,100,100,N=n,88,sigma,posterior_samples.pkl,10000,2.6203144889481367,0.6203144889481367
flow_npe,100,100,N=n,88,xi,posterior_samples.pkl,10000,-0.9876690125107765,-0.8876690125107766
flow_npe,100,100,N=n,89,lambda,posterior_samples.pkl,10000,102.40328977298736,2.403289772987364
flow_npe,100,100,N=n,89,sigma,posterior_samples.pkl,10000,3.916556198317441,1.916556198317441
flow_npe,100,100,N=n,89,xi,posterior_samples.pkl,10000,-0.856683241224289,-0.756683241224289
flow_npe,100,100,N=n,90,lambda,posterior_samples.pkl,10000,96.17180266189575,-3.8281973381042462
flow_npe,100,100,N=n,90,sigma,posterior_samples.pkl,10000,3.7392951136549004,1.7392951136549004
flow_npe,100,100,N=n,90,xi,posterior_samples.pkl,10000,-1.4755196332216263,-1.3755196332216262
flow_npe,100,100,N=n,91,lambda,posterior_samples.pkl,10000,95.30574779586792,-4.694252204132084
flow_npe,100,100,N=n,91,sigma,posterior_samples.pkl,10000,3.91192368457485,1.91192368457485
flow_npe,100,100,N=n,91,xi,posterior_samples.pkl,10000,-1.4778357444643975,-1.3778357444643974
flow_npe,100,100,N=n,92,lambda,posterior_samples.pkl,10000,99.86384498519898,-0.13615501480101955
flow_npe,100,100,N=n,92,sigma,posterior_samples.pkl,10000,3.171721070017805,1.1717210700178051
flow_npe,100,100,N=n,92,xi,posterior_samples.pkl,10000,-1.1939290083527565,-1.0939290083527564
flow_npe,100,100,N=n,93,lambda,posterior_samples.pkl,10000,99.19795048294067,-0.8020495170593307
flow_npe,100,100,N=n,93,sigma,posterior_samples.pkl,10000,3.0941663761319593,1.0941663761319593
flow_npe,100,100,N=n,93,xi,posterior_samples.pkl,10000,-1.2626313397049904,-1.1626313397049903
flow_npe,100,100,N=n,94,lambda,posterior_samples.pkl,10000,96.2647478422165,-3.7352521577835063
flow_npe,100,100,N=n,94,sigma,posterior_samples.pkl,10000,2.582906703137979,0.5829067031379789
flow_npe,100,100,N=n,94,xi,posterior_samples.pkl,10000,-1.23983360902071,-1.13983360902071
flow_npe,100,100,N=n,95,lambda,posterior_samples.pkl,10000,101.58217422599793,1.5821742259979317
flow_npe,100,100,N=n,95,sigma,posterior_samples.pkl,10000,5.1041500478014346,3.1041500478014346
flow_npe,100,100,N=n,95,xi,posterior_samples.pkl,10000,-1.3321092223286628,-1.2321092223286627
flow_npe,100,100,N=n,96,lambda,posterior_samples.pkl,10000,98.18641851081848,-1.8135814891815158
flow_npe,100,100,N=n,96,sigma,posterior_samples.pkl,10000,3.5197272579494863,1.5197272579494863
flow_npe,100,100,N=n,96,xi,posterior_samples.pkl,10000,-1.5060008652925492,-1.406000865292549
flow_npe,100,100,N=n,97,lambda,posterior_samples.pkl,10000,97.99948983898163,-2.0005101610183686
flow_npe,100,100,N=n,97,sigma,posterior_samples.pkl,10000,3.794759019728657,1.794759019728657
flow_npe,100,100,N=n,97,xi,posterior_samples.pkl,10000,-1.0599576403260231,-0.9599576403260232
flow_npe,100,100,N=n,98,lambda,posterior_samples.pkl,10000,102.99346037635803,2.99346037635803
flow_npe,100,100,N=n,98,sigma,posterior_samples.pkl,10000,4.506633703210578,2.5066337032105777
flow_npe,100,100,N=n,98,xi,posterior_samples.pkl,10000,-1.7463820774674415,-1.6463820774674414
flow_npe,100,100,N=n,99,lambda,posterior_samples.pkl,10000,96.47546866970062,-3.524531330299382
flow_npe,100,100,N=n,99,sigma,posterior_samples.pkl,10000,3.200194281203486,1.200194281203486
flow_npe,100,100,N=n,99,xi,posterior_samples.pkl,10000,-1.2614398471713066,-1.1614398471713065
flow_npe,100,100,N=n,100,lambda,posterior_samples.pkl,10000,98.76544361038208,-1.2345563896179215
flow_npe,100,100,N=n,100,sigma,posterior_samples.pkl,10000,3.711891610937938,1.711891610937938
flow_npe,100,100,N=n,100,xi,posterior_samples.pkl,10000,-1.567869759964943,-1.4678697599649428
flow_npe,100,460,N=n log(n),0,lambda,posterior_samples.pkl,10000,98.52150224761962,-1.4784977523803775
flow_npe,100,460,N=n log(n),0,sigma,posterior_samples.pkl,10000,2.901393315912038,0.901393315912038
flow_npe,100,460,N=n log(n),0,xi,posterior_samples.pkl,10000,-1.2536108854174615,-1.1536108854174614
flow_npe,100,460,N=n log(n),1,lambda,posterior_samples.pkl,10000,96.54394269790649,-3.4560573020935124
flow_npe,100,460,N=n log(n),1,sigma,posterior_samples.pkl,10000,3.9683258837159725,1.9683258837159725
flow_npe,100,460,N=n log(n),1,xi,posterior_samples.pkl,10000,-1.5252452682495117,-1.4252452682495116
flow_npe,100,460,N=n log(n),2,lambda,posterior_samples.pkl,10000,100.10809951515198,0.10809951515197724
flow_npe,100,460,N=n log(n),2,sigma,posterior_samples.pkl,10000,3.2225350689208603,1.2225350689208603
flow_npe,100,460,N=n log(n),2,xi,posterior_samples.pkl,10000,-1.4110312456607819,-1.3110312456607818
flow_npe,100,460,N=n log(n),3,lambda,posterior_samples.pkl,10000,98.64233846664429,-1.35766153335571
flow_npe,100,460,N=n log(n),3,sigma,posterior_samples.pkl,10000,3.3154813654903323,1.3154813654903323
flow_npe,100,460,N=n log(n),3,xi,posterior_samples.pkl,10000,-1.4317804986953735,-1.3317804986953734
flow_npe,100,460,N=n log(n),4,lambda,posterior_samples.pkl,10000,98.142868957901,-1.8571310420989988
flow_npe,100,460,N=n log(n),4,sigma,posterior_samples.pkl,10000,3.481711191575276,1.4817111915752759
flow_npe,100,460,N=n log(n),4,xi,posterior_samples.pkl,10000,-1.3044081408143045,-1.2044081408143044
flow_npe,100,460,N=n log(n),5,lambda,posterior_samples.pkl,10000,99.4863601398468,-0.5136398601532051
flow_npe,100,460,N=n log(n),5,sigma,posterior_samples.pkl,10000,4.091221914412454,2.091221914412454
flow_npe,100,460,N=n log(n),5,xi,posterior_samples.pkl,10000,-1.447526502430439,-1.3475265024304388
flow_npe,100,460,N=n log(n),6,lambda,posterior_samples.pkl,10000,99.83091580238342,-0.16908419761658422
flow_npe,100,460,N=n log(n),6,sigma,posterior_samples.pkl,10000,3.1759246564198285,1.1759246564198285
flow_npe,100,460,N=n log(n),6,xi,posterior_samples.pkl,10000,-1.2275387031555176,-1.1275387031555175
flow_npe,100,460,N=n log(n),7,lambda,posterior_samples.pkl,10000,99.82877407875061,-0.17122592124938762
flow_npe,100,460,N=n log(n),7,sigma,posterior_samples.pkl,10000,3.30377116792202,1.30377116792202
flow_npe,100,460,N=n log(n),7,xi,posterior_samples.pkl,10000,-1.5073150493979455,-1.4073150493979454
flow_npe,100,460,N=n log(n),8,lambda,posterior_samples.pkl,10000,98.58738160877228,-1.4126183912277241
flow_npe,100,460,N=n log(n),8,sigma,posterior_samples.pkl,10000,3.0224681436547076,1.0224681436547076
flow_npe,100,460,N=n log(n),8,xi,posterior_samples.pkl,10000,-1.3659668497920037,-1.2659668497920036
flow_npe,100,460,N=n log(n),9,lambda,posterior_samples.pkl,10000,98.83259033641815,-1.16740966358185
flow_npe,100,460,N=n log(n),9,sigma,posterior_samples.pkl,10000,3.2506558844759597,1.2506558844759597
flow_npe,100,460,N=n log(n),9,xi,posterior_samples.pkl,10000,-1.332511705505848,-1.2325117055058479
flow_npe,100,460,N=n log(n),10,lambda,posterior_samples.pkl,10000,98.40974931030273,-1.590250689697271
flow_npe,100,460,N=n log(n),10,sigma,posterior_samples.pkl,10000,3.14803535569394,1.1480353556939402
flow_npe,100,460,N=n log(n),10,xi,posterior_samples.pkl,10000,-1.405266119325161,-1.305266119325161
flow_npe,100,460,N=n log(n),11,lambda,posterior_samples.pkl,10000,99.98436961517334,-0.015630384826664567
flow_npe,100,460,N=n log(n),11,sigma,posterior_samples.pkl,10000,3.427022318120394,1.427022318120394
flow_npe,100,460,N=n log(n),11,xi,posterior_samples.pkl,10000,-1.280160202395916,-1.180160202395916
flow_npe,100,460,N=n log(n),12,lambda,posterior_samples.pkl,10000,97.87310623435974,-2.1268937656402613
flow_npe,100,460,N=n log(n),12,sigma,posterior_samples.pkl,10000,3.660474838340469,1.6604748383404688
flow_npe,100,460,N=n log(n),12,xi,posterior_samples.pkl,10000,-1.4785345567584038,-1.3785345567584038
flow_npe,100,460,N=n log(n),13,lambda,posterior_samples.pkl,10000,100.50928559989929,0.509285599899286
flow_npe,100,460,N=n log(n),13,sigma,posterior_samples.pkl,10000,3.331249596129544,1.331249596129544
flow_npe,100,460,N=n log(n),13,xi,posterior_samples.pkl,10000,-1.3955856100678443,-1.2955856100678442
flow_npe,100,460,N=n log(n),14,lambda,posterior_samples.pkl,10000,101.04409029922485,1.0440902992248482
flow_npe,100,460,N=n log(n),14,sigma,posterior_samples.pkl,10000,2.986094034517463,0.9860940345174631
flow_npe,100,460,N=n log(n),14,xi,posterior_samples.pkl,10000,-1.0881494610190392,-0.9881494610190392
flow_npe,100,460,N=n log(n),15,lambda,posterior_samples.pkl,10000,96.76733565349579,-3.232664346504208
flow_npe,100,460,N=n log(n),15,sigma,posterior_samples.pkl,10000,3.30970821926035,1.30970821926035
flow_npe,100,460,N=n log(n),15,xi,posterior_samples.pkl,10000,-1.1973206707000732,-1.097320670700073
flow_npe,100,460,N=n log(n),16,lambda,posterior_samples.pkl,10000,98.81255367202759,-1.1874463279724097
flow_npe,100,460,N=n log(n),16,sigma,posterior_samples.pkl,10000,3.1251305995547214,1.1251305995547214
flow_npe,100,460,N=n log(n),16,xi,posterior_samples.pkl,10000,-1.3252349296450614,-1.2252349296450613
flow_npe,100,460,N=n log(n),17,lambda,posterior_samples.pkl,10000,97.94795669822693,-2.052043301773068
flow_npe,100,460,N=n log(n),17,sigma,posterior_samples.pkl,10000,2.7668654567845166,0.7668654567845166
flow_npe,100,460,N=n log(n),17,xi,posterior_samples.pkl,10000,-1.2409362454652786,-1.1409362454652785
flow_npe,100,460,N=n log(n),18,lambda,posterior_samples.pkl,10000,101.61511455383301,1.6151145538330098
flow_npe,100,460,N=n log(n),18,sigma,posterior_samples.pkl,10000,3.23746938617127,1.23746938617127
flow_npe,100,460,N=n log(n),18,xi,posterior_samples.pkl,10000,-1.1883697906017303,-1.0883697906017302
flow_npe,100,460,N=n log(n),19,lambda,posterior_samples.pkl,10000,98.86947997016907,-1.130520029830933
flow_npe,100,460,N=n log(n),19,sigma,posterior_samples.pkl,10000,3.03804319732599,1.0380431973259898
flow_npe,100,460,N=n log(n),19,xi,posterior_samples.pkl,10000,-1.0708396821975708,-0.9708396821975708
flow_npe,100,460,N=n log(n),20,lambda,posterior_samples.pkl,10000,101.26205112667084,1.2620511266708405
flow_npe,100,460,N=n log(n),20,sigma,posterior_samples.pkl,10000,3.8316979818470775,1.8316979818470775
flow_npe,100,460,N=n log(n),20,xi,posterior_samples.pkl,10000,-1.466678236424923,-1.3666782364249228
flow_npe,100,460,N=n log(n),21,lambda,posterior_samples.pkl,10000,99.19973795604706,-0.8002620439529409
flow_npe,100,460,N=n log(n),21,sigma,posterior_samples.pkl,10000,2.8191892083931713,0.8191892083931713
flow_npe,100,460,N=n log(n),21,xi,posterior_samples.pkl,10000,-1.2169751344323159,-1.1169751344323158
flow_npe,100,460,N=n log(n),22,lambda,posterior_samples.pkl,10000,100.87591468696594,0.8759146869659418
flow_npe,100,460,N=n log(n),22,sigma,posterior_samples.pkl,10000,3.2728073267771864,1.2728073267771864
flow_npe,100,460,N=n log(n),22,xi,posterior_samples.pkl,10000,-1.4054138150572777,-1.3054138150572776
flow_npe,100,460,N=n log(n),23,lambda,posterior_samples.pkl,10000,100.40932393493652,0.4093239349365234
flow_npe,100,460,N=n log(n),23,sigma,posterior_samples.pkl,10000,3.1604758561301978,1.1604758561301978
flow_npe,100,460,N=n log(n),23,xi,posterior_samples.pkl,10000,-1.4031199256420135,-1.3031199256420134
flow_npe,100,460,N=n log(n),24,lambda,posterior_samples.pkl,10000,99.56161345329285,-0.43838654670715016
flow_npe,100,460,N=n log(n),24,sigma,posterior_samples.pkl,10000,3.387051476536691,1.387051476536691
flow_npe,100,460,N=n log(n),24,xi,posterior_samples.pkl,10000,-1.4487918892383576,-1.3487918892383575
flow_npe,100,460,N=n log(n),25,lambda,posterior_samples.pkl,10000,100.27693305168152,0.2769330516815245
flow_npe,100,460,N=n log(n),25,sigma,posterior_samples.pkl,10000,3.442206834576372,1.442206834576372
flow_npe,100,460,N=n log(n),25,xi,posterior_samples.pkl,10000,-1.4032051471829414,-1.3032051471829413
flow_npe,100,460,N=n log(n),26,lambda,posterior_samples.pkl,10000,99.53879198513032,-0.4612080148696833
flow_npe,100,460,N=n log(n),26,sigma,posterior_samples.pkl,10000,3.1529299038441385,1.1529299038441385
flow_npe,100,460,N=n log(n),26,xi,posterior_samples.pkl,10000,-1.294002209341526,-1.194002209341526
flow_npe,100,460,N=n log(n),27,lambda,posterior_samples.pkl,10000,98.77748546886444,-1.222514531135559
flow_npe,100,460,N=n log(n),27,sigma,posterior_samples.pkl,10000,3.0495500585333444,1.0495500585333444
flow_npe,100,460,N=n log(n),27,xi,posterior_samples.pkl,10000,-1.517403507769108,-1.4174035077691078
flow_npe,100,460,N=n log(n),28,lambda,posterior_samples.pkl,10000,97.60435898303986,-2.395641016960141
flow_npe,100,460,N=n log(n),28,sigma,posterior_samples.pkl,10000,2.949124293234944,0.9491242932349442
flow_npe,100,460,N=n log(n),28,xi,posterior_samples.pkl,10000,-1.1550830007433892,-1.0550830007433891
flow_npe,100,460,N=n log(n),29,lambda,posterior_samples.pkl,10000,99.88099294910431,-0.1190070508956893
flow_npe,100,460,N=n log(n),29,sigma,posterior_samples.pkl,10000,3.370698018303979,1.3706980183039792
flow_npe,100,460,N=n log(n),29,xi,posterior_samples.pkl,10000,-1.3596081379294396,-1.2596081379294395
flow_npe,100,460,N=n log(n),30,lambda,posterior_samples.pkl,10000,96.16813933486938,-3.8318606651306197
flow_npe,100,460,N=n log(n),30,sigma,posterior_samples.pkl,10000,3.2350049982951954,1.2350049982951954
flow_npe,100,460,N=n log(n),30,xi,posterior_samples.pkl,10000,-1.566029206931591,-1.466029206931591
flow_npe,100,460,N=n log(n),31,lambda,posterior_samples.pkl,10000,97.99710674133301,-2.0028932586669868
flow_npe,100,460,N=n log(n),31,sigma,posterior_samples.pkl,10000,3.642952579788212,1.6429525797882119
flow_npe,100,460,N=n log(n),31,xi,posterior_samples.pkl,10000,-1.4960722506046296,-1.3960722506046295
flow_npe,100,460,N=n log(n),32,lambda,posterior_samples.pkl,10000,102.7601705341339,2.7601705341339056
flow_npe,100,460,N=n log(n),32,sigma,posterior_samples.pkl,10000,3.569835053076595,1.569835053076595
flow_npe,100,460,N=n log(n),32,xi,posterior_samples.pkl,10000,-1.417379402768612,-1.3173794027686119
flow_npe,100,460,N=n log(n),33,lambda,posterior_samples.pkl,10000,103.6163666809082,3.6163666809082002
flow_npe,100,460,N=n log(n),33,sigma,posterior_samples.pkl,10000,3.9405720559345556,1.9405720559345556
flow_npe,100,460,N=n log(n),33,xi,posterior_samples.pkl,10000,-1.3921817491412163,-1.2921817491412162
flow_npe,100,460,N=n log(n),34,lambda,posterior_samples.pkl,10000,100.09167149581909,0.09167149581908518
flow_npe,100,460,N=n log(n),34,sigma,posterior_samples.pkl,10000,2.822508216063026,0.8225082160630262
flow_npe,100,460,N=n log(n),34,xi,posterior_samples.pkl,10000,-1.2302953740358353,-1.1302953740358352
flow_npe,100,460,N=n log(n),35,lambda,posterior_samples.pkl,10000,99.6315757844925,-0.3684242155075026
flow_npe,100,460,N=n log(n),35,sigma,posterior_samples.pkl,10000,3.572698984140903,1.572698984140903
flow_npe,100,460,N=n log(n),35,xi,posterior_samples.pkl,10000,-1.4375809534072876,-1.3375809534072876
flow_npe,100,460,N=n log(n),36,lambda,posterior_samples.pkl,10000,98.5018896331787,-1.4981103668212938
flow_npe,100,460,N=n log(n),36,sigma,posterior_samples.pkl,10000,3.1689462517890146,1.1689462517890146
flow_npe,100,460,N=n log(n),36,xi,posterior_samples.pkl,10000,-1.3289259199619292,-1.2289259199619291
flow_npe,100,460,N=n log(n),37,lambda,posterior_samples.pkl,10000,96.35197435874939,-3.6480256412506122
flow_npe,100,460,N=n log(n),37,sigma,posterior_samples.pkl,10000,4.143959384929762,2.1439593849297616
flow_npe,100,460,N=n log(n),37,xi,posterior_samples.pkl,10000,-1.5558098561763762,-1.4558098561763761
flow_npe,100,460,N=n log(n),38,lambda,posterior_samples.pkl,10000,96.517208883667,-3.4827911163330043
flow_npe,100,460,N=n log(n),38,sigma,posterior_samples.pkl,10000,3.701997446987778,1.7019974469877779
flow_npe,100,460,N=n log(n),38,xi,posterior_samples.pkl,10000,-1.4562756905436516,-1.3562756905436515
flow_npe,100,460,N=n log(n),39,lambda,posterior_samples.pkl,10000,100.39397936515807,0.3939793651580743
flow_npe,100,460,N=n log(n),39,sigma,posterior_samples.pkl,10000,2.9744259306030347,0.9744259306030347
flow_npe,100,460,N=n log(n),39,xi,posterior_samples.pkl,10000,-1.2150372657060624,-1.1150372657060623
flow_npe,100,460,N=n log(n),40,lambda,posterior_samples.pkl,10000,101.44345813827515,1.4434581382751475
flow_npe,100,460,N=n log(n),40,sigma,posterior_samples.pkl,10000,3.238954967745021,1.2389549677450211
flow_npe,100,460,N=n log(n),40,xi,posterior_samples.pkl,10000,-1.4436104511857033,-1.3436104511857032
flow_npe,100,460,N=n log(n),41,lambda,posterior_samples.pkl,10000,98.82242576828003,-1.1775742317199729
flow_npe,100,460,N=n log(n),41,sigma,posterior_samples.pkl,10000,3.1170154712460936,1.1170154712460936
flow_npe,100,460,N=n log(n),41,xi,posterior_samples.pkl,10000,-1.4044085757017135,-1.3044085757017134
flow_npe,100,460,N=n log(n),42,lambda,posterior_samples.pkl,10000,97.2460309009552,-2.753969099044795
flow_npe,100,460,N=n log(n),42,sigma,posterior_samples.pkl,10000,3.908910861749202,1.9089108617492019
flow_npe,100,460,N=n log(n),42,xi,posterior_samples.pkl,10000,-1.4797534776687622,-1.379753477668762
flow_npe,100,460,N=n log(n),43,lambda,posterior_samples.pkl,10000,101.19515817985534,1.1951581798553406
flow_npe,100,460,N=n log(n),43,sigma,posterior_samples.pkl,10000,3.2446105738170443,1.2446105738170443
flow_npe,100,460,N=n log(n),43,xi,posterior_samples.pkl,10000,-1.5022548823714257,-1.4022548823714256
flow_npe,100,460,N=n log(n),44,lambda,posterior_samples.pkl,10000,101.90336427497864,1.9033642749786424
flow_npe,100,460,N=n log(n),44,sigma,posterior_samples.pkl,10000,3.620250729858875,1.620250729858875
flow_npe,100,460,N=n log(n),44,xi,posterior_samples.pkl,10000,-1.3806674276471138,-1.2806674276471137
flow_npe,100,460,N=n log(n),45,lambda,posterior_samples.pkl,10000,101.16697948551177,1.1669794855117743
flow_npe,100,460,N=n log(n),45,sigma,posterior_samples.pkl,10000,3.7370982027272692,1.7370982027272692
flow_npe,100,460,N=n log(n),45,xi,posterior_samples.pkl,10000,-1.406871538233757,-1.306871538233757
flow_npe,100,460,N=n log(n),46,lambda,posterior_samples.pkl,10000,99.79234135990143,-0.20765864009857182
flow_npe,100,460,N=n log(n),46,sigma,posterior_samples.pkl,10000,3.7901991643993185,1.7901991643993185
flow_npe,100,460,N=n log(n),46,xi,posterior_samples.pkl,10000,-1.3839332571029663,-1.2839332571029662
flow_npe,100,460,N=n log(n),47,lambda,posterior_samples.pkl,10000,100.53700790596008,0.5370079059600812
flow_npe,100,460,N=n log(n),47,sigma,posterior_samples.pkl,10000,3.4493630102928727,1.4493630102928727
flow_npe,100,460,N=n log(n),47,xi,posterior_samples.pkl,10000,-1.5092709160089492,-1.4092709160089492
flow_npe,100,460,N=n log(n),48,lambda,posterior_samples.pkl,10000,98.16072641906739,-1.8392735809326126
flow_npe,100,460,N=n log(n),48,sigma,posterior_samples.pkl,10000,3.3260609728865327,1.3260609728865327
flow_npe,100,460,N=n log(n),48,xi,posterior_samples.pkl,10000,-1.348765899181366,-1.248765899181366
flow_npe,100,460,N=n log(n),49,lambda,posterior_samples.pkl,10000,99.80785380973816,-0.19214619026183755
flow_npe,100,460,N=n log(n),49,sigma,posterior_samples.pkl,10000,2.890628561696317,0.890628561696317
flow_npe,100,460,N=n log(n),49,xi,posterior_samples.pkl,10000,-1.355541798532009,-1.255541798532009
flow_npe,100,460,N=n log(n),50,lambda,posterior_samples.pkl,10000,99.28614677886964,-0.7138532211303641
flow_npe,100,460,N=n log(n),50,sigma,posterior_samples.pkl,10000,3.650346961893886,1.6503469618938862
flow_npe,100,460,N=n log(n),50,xi,posterior_samples.pkl,10000,-1.484811433172226,-1.3848114331722259
flow_npe,100,460,N=n log(n),51,lambda,posterior_samples.pkl,10000,98.72360582294463,-1.2763941770553657
flow_npe,100,460,N=n log(n),51,sigma,posterior_samples.pkl,10000,4.13089019381334,2.1308901938133404
flow_npe,100,460,N=n log(n),51,xi,posterior_samples.pkl,10000,-1.3735638462543487,-1.2735638462543486
flow_npe,100,460,N=n log(n),52,lambda,posterior_samples.pkl,10000,99.47917911128998,-0.5208208887100199
flow_npe,100,460,N=n log(n),52,sigma,posterior_samples.pkl,10000,2.9900866571997526,0.9900866571997526
flow_npe,100,460,N=n log(n),52,xi,posterior_samples.pkl,10000,-1.2167507292747497,-1.1167507292747496
flow_npe,100,460,N=n log(n),53,lambda,posterior_samples.pkl,10000,97.60558134326935,-2.3944186567306502
flow_npe,100,460,N=n log(n),53,sigma,posterior_samples.pkl,10000,2.9196520283540712,0.9196520283540712
flow_npe,100,460,N=n log(n),53,xi,posterior_samples.pkl,10000,-1.2188074001312257,-1.1188074001312256
flow_npe,100,460,N=n log(n),54,lambda,posterior_samples.pkl,10000,100.16131534862518,0.16131534862518038
flow_npe,100,460,N=n log(n),54,sigma,posterior_samples.pkl,10000,2.6635367612227796,0.6635367612227796
flow_npe,100,460,N=n log(n),54,xi,posterior_samples.pkl,10000,-1.077754744195938,-0.9777547441959381
flow_npe,100,460,N=n log(n),55,lambda,posterior_samples.pkl,10000,100.87505899848938,0.8750589984893793
flow_npe,100,460,N=n log(n),55,sigma,posterior_samples.pkl,10000,3.0722571164503694,1.0722571164503694
flow_npe,100,460,N=n log(n),55,xi,posterior_samples.pkl,10000,-1.4431217807650567,-1.3431217807650566
flow_npe,100,460,N=n log(n),56,lambda,posterior_samples.pkl,10000,98.00350670623779,-1.9964932937622137
flow_npe,100,460,N=n log(n),56,sigma,posterior_samples.pkl,10000,3.8494163425873964,1.8494163425873964
flow_npe,100,460,N=n log(n),56,xi,posterior_samples.pkl,10000,-1.670641015982628,-1.5706410159826278
flow_npe,100,460,N=n log(n),57,lambda,posterior_samples.pkl,10000,100.17877147064209,0.17877147064208998
flow_npe,100,460,N=n log(n),57,sigma,posterior_samples.pkl,10000,3.491431008051708,1.4914310080517081
flow_npe,100,460,N=n log(n),57,xi,posterior_samples.pkl,10000,-1.4306305232167245,-1.3306305232167244
flow_npe,100,460,N=n log(n),58,lambda,posterior_samples.pkl,10000,99.81250969142914,-0.18749030857085813
flow_npe,100,460,N=n log(n),58,sigma,posterior_samples.pkl,10000,2.932196106033027,0.932196106033027
flow_npe,100,460,N=n log(n),58,xi,posterior_samples.pkl,10000,-1.2898768052458762,-1.1898768052458761
flow_npe,100,460,N=n log(n),59,lambda,posterior_samples.pkl,10000,98.90054745082855,-1.0994525491714455
flow_npe,100,460,N=n log(n),59,sigma,posterior_samples.pkl,10000,3.1232306527463254,1.1232306527463254
flow_npe,100,460,N=n log(n),59,xi,posterior_samples.pkl,10000,-1.2385028745770454,-1.1385028745770454
flow_npe,100,460,N=n log(n),60,lambda,posterior_samples.pkl,10000,98.0964293308258,-1.9035706691742007
flow_npe,100,460,N=n log(n),60,sigma,posterior_samples.pkl,10000,2.467821300816722,0.467821300816722
flow_npe,100,460,N=n log(n),60,xi,posterior_samples.pkl,10000,-1.1225828491330148,-1.0225828491330147
flow_npe,100,460,N=n log(n),61,lambda,posterior_samples.pkl,10000,96.95295924663543,-3.04704075336457
flow_npe,100,460,N=n log(n),61,sigma,posterior_samples.pkl,10000,4.047418893823121,2.047418893823121
flow_npe,100,460,N=n log(n),61,xi,posterior_samples.pkl,10000,-1.5310123475670814,-1.4310123475670813
flow_npe,100,460,N=n log(n),62,lambda,posterior_samples.pkl,10000,101.71310531845093,1.7131053184509284
flow_npe,100,460,N=n log(n),62,sigma,posterior_samples.pkl,10000,2.7775556279927494,0.7775556279927494
flow_npe,100,460,N=n log(n),62,xi,posterior_samples.pkl,10000,-1.3241265015721322,-1.224126501572132
flow_npe,100,460,N=n log(n),63,lambda,posterior_samples.pkl,10000,100.65215278015137,0.6521527801513685
flow_npe,100,460,N=n log(n),63,sigma,posterior_samples.pkl,10000,2.5863819789800795,0.5863819789800795
flow_npe,100,460,N=n log(n),63,xi,posterior_samples.pkl,10000,-1.1869180282354355,-1.0869180282354354
flow_npe,100,460,N=n log(n),64,lambda,posterior_samples.pkl,10000,99.58157146587372,-0.4184285341262779
flow_npe,100,460,N=n log(n),64,sigma,posterior_samples.pkl,10000,3.2119343588121234,1.2119343588121234
flow_npe,100,460,N=n log(n),64,xi,posterior_samples.pkl,10000,-1.1451369252204895,-1.0451369252204894
flow_npe,100,460,N=n log(n),65,lambda,posterior_samples.pkl,10000,99.89291517467498,-0.10708482532501762
flow_npe,100,460,N=n log(n),65,sigma,posterior_samples.pkl,10000,3.585968400876876,1.585968400876876
flow_npe,100,460,N=n log(n),65,xi,posterior_samples.pkl,10000,-1.3568853565335273,-1.2568853565335272
flow_npe,100,460,N=n log(n),66,lambda,posterior_samples.pkl,10000,99.51693717079162,-0.48306282920837873
flow_npe,100,460,N=n log(n),66,sigma,posterior_samples.pkl,10000,3.030508815229777,1.0305088152297772
flow_npe,100,460,N=n log(n),66,xi,posterior_samples.pkl,10000,-1.182272181224823,-1.0822721812248228
flow_npe,100,460,N=n log(n),67,lambda,posterior_samples.pkl,10000,100.31819109611511,0.31819109611511465
flow_npe,100,460,N=n log(n),67,sigma,posterior_samples.pkl,10000,3.449960100105032,1.4499601001050322
flow_npe,100,460,N=n log(n),67,xi,posterior_samples.pkl,10000,-1.283199053621292,-1.183199053621292
flow_npe,100,460,N=n log(n),68,lambda,posterior_samples.pkl,10000,99.08221945762634,-0.9177805423736629
flow_npe,100,460,N=n log(n),68,sigma,posterior_samples.pkl,10000,2.7997299590148033,0.7997299590148033
flow_npe,100,460,N=n log(n),68,xi,posterior_samples.pkl,10000,-1.0795100066781045,-0.9795100066781045
flow_npe,100,460,N=n log(n),69,lambda,posterior_samples.pkl,10000,98.02819385261536,-1.9718061473846404
flow_npe,100,460,N=n log(n),69,sigma,posterior_samples.pkl,10000,3.2332138353279793,1.2332138353279793
flow_npe,100,460,N=n log(n),69,xi,posterior_samples.pkl,10000,-1.2772431453347206,-1.1772431453347205
flow_npe,100,460,N=n log(n),70,lambda,posterior_samples.pkl,10000,100.39840593833924,0.39840593833923776
flow_npe,100,460,N=n log(n),70,sigma,posterior_samples.pkl,10000,3.2327304882450028,1.2327304882450028
flow_npe,100,460,N=n log(n),70,xi,posterior_samples.pkl,10000,-1.310536115527153,-1.210536115527153
flow_npe,100,460,N=n log(n),71,lambda,posterior_samples.pkl,10000,99.11347334346772,-0.8865266565322827
flow_npe,100,460,N=n log(n),71,sigma,posterior_samples.pkl,10000,3.6454970486622305,1.6454970486622305
flow_npe,100,460,N=n log(n),71,xi,posterior_samples.pkl,10000,-1.441592905986309,-1.341592905986309
flow_npe,100,460,N=n log(n),72,lambda,posterior_samples.pkl,10000,98.50388193531036,-1.4961180646896395
flow_npe,100,460,N=n log(n),72,sigma,posterior_samples.pkl,10000,3.4784687581658362,1.4784687581658362
flow_npe,100,460,N=n log(n),72,xi,posterior_samples.pkl,10000,-1.2755441410064696,-1.1755441410064695
flow_npe,100,460,N=n log(n),73,lambda,posterior_samples.pkl,10000,98.13389799690246,-1.866102003097538
flow_npe,100,460,N=n log(n),73,sigma,posterior_samples.pkl,10000,3.663271662030369,1.6632716620303691
flow_npe,100,460,N=n log(n),73,xi,posterior_samples.pkl,10000,-1.3877828049898147,-1.2877828049898146
flow_npe,100,460,N=n log(n),74,lambda,posterior_samples.pkl,10000,99.04662594337464,-0.9533740566253641
flow_npe,100,460,N=n log(n),74,sigma,posterior_samples.pkl,10000,3.079529769847263,1.0795297698472628
flow_npe,100,460,N=n log(n),74,xi,posterior_samples.pkl,10000,-1.2194125049114228,-1.1194125049114227
flow_npe,100,460,N=n log(n),75,lambda,posterior_samples.pkl,10000,100.8896336183548,0.889633618354793
flow_npe,100,460,N=n log(n),75,sigma,posterior_samples.pkl,10000,4.081306202815287,2.081306202815287
flow_npe,100,460,N=n log(n),75,xi,posterior_samples.pkl,10000,-1.5199975875496865,-1.4199975875496864
flow_npe,100,460,N=n log(n),76,lambda,posterior_samples.pkl,10000,99.90754349956512,-0.09245650043487785
flow_npe,100,460,N=n log(n),76,sigma,posterior_samples.pkl,10000,2.889282093917206,0.8892820939172061
flow_npe,100,460,N=n log(n),76,xi,posterior_samples.pkl,10000,-1.2377256641864776,-1.1377256641864775
flow_npe,100,460,N=n log(n),77,lambda,posterior_samples.pkl,10000,97.36084621315003,-2.639153786849974
flow_npe,100,460,N=n log(n),77,sigma,posterior_samples.pkl,10000,3.40024459350463,1.4002445935046302
flow_npe,100,460,N=n log(n),77,xi,posterior_samples.pkl,10000,-1.4261788130521775,-1.3261788130521774
flow_npe,100,460,N=n log(n),78,lambda,posterior_samples.pkl,10000,98.56725786361694,-1.4327421363830553
flow_npe,100,460,N=n log(n),78,sigma,posterior_samples.pkl,10000,2.7003853416003287,0.7003853416003287
flow_npe,100,460,N=n log(n),78,xi,posterior_samples.pkl,10000,-1.151944398355484,-1.051944398355484
flow_npe,100,460,N=n log(n),79,lambda,posterior_samples.pkl,10000,96.65737623462677,-3.342623765373233
flow_npe,100,460,N=n log(n),79,sigma,posterior_samples.pkl,10000,2.969353451707261,0.9693534517072608
flow_npe,100,460,N=n log(n),79,xi,posterior_samples.pkl,10000,-1.2441714378714561,-1.144171437871456
flow_npe,100,460,N=n log(n),80,lambda,posterior_samples.pkl,10000,100.30179049816131,0.30179049816131
flow_npe,100,460,N=n log(n),80,sigma,posterior_samples.pkl,10000,4.258376818667352,2.258376818667352
flow_npe,100,460,N=n log(n),80,xi,posterior_samples.pkl,10000,-1.5974655407309533,-1.4974655407309532
flow_npe,100,460,N=n log(n),81,lambda,posterior_samples.pkl,10000,98.10094252185822,-1.8990574781417848
flow_npe,100,460,N=n log(n),81,sigma,posterior_samples.pkl,10000,3.3098796630134806,1.3098796630134806
flow_npe,100,460,N=n log(n),81,xi,posterior_samples.pkl,10000,-1.2184016909480095,-1.1184016909480095
flow_npe,100,460,N=n log(n),82,lambda,posterior_samples.pkl,10000,98.17861017551422,-1.8213898244857774
flow_npe,100,460,N=n log(n),82,sigma,posterior_samples.pkl,10000,3.2030795156816954,1.2030795156816954
flow_npe,100,460,N=n log(n),82,xi,posterior_samples.pkl,10000,-1.2146796662569046,-1.1146796662569045
flow_npe,100,460,N=n log(n),83,lambda,posterior_samples.pkl,10000,100.42386501674652,0.4238650167465181
flow_npe,100,460,N=n log(n),83,sigma,posterior_samples.pkl,10000,3.1915551739597694,1.1915551739597694
flow_npe,100,460,N=n log(n),83,xi,posterior_samples.pkl,10000,-1.1856488991737366,-1.0856488991737365
flow_npe,100,460,N=n log(n),84,lambda,posterior_samples.pkl,10000,98.30226670856476,-1.6977332914352417
flow_npe,100,460,N=n log(n),84,sigma,posterior_samples.pkl,10000,3.7085369539480655,1.7085369539480655
flow_npe,100,460,N=n log(n),84,xi,posterior_samples.pkl,10000,-1.6194072284936905,-1.5194072284936904
flow_npe,100,460,N=n log(n),85,lambda,posterior_samples.pkl,10000,103.68242340507507,3.6824234050750704
flow_npe,100,460,N=n log(n),85,sigma,posterior_samples.pkl,10000,3.3667063532816246,1.3667063532816246
flow_npe,100,460,N=n log(n),85,xi,posterior_samples.pkl,10000,-1.428779149711132,-1.3287791497111319
flow_npe,100,460,N=n log(n),86,lambda,posterior_samples.pkl,10000,100.32283361167907,0.3228336116790729
flow_npe,100,460,N=n log(n),86,sigma,posterior_samples.pkl,10000,3.1373089781217276,1.1373089781217276
flow_npe,100,460,N=n log(n),86,xi,posterior_samples.pkl,10000,-1.264562276303768,-1.164562276303768
flow_npe,100,460,N=n log(n),87,lambda,posterior_samples.pkl,10000,99.51014268112182,-0.4898573188781796
flow_npe,100,460,N=n log(n),87,sigma,posterior_samples.pkl,10000,3.3156834955181926,1.3156834955181926
flow_npe,100,460,N=n log(n),87,xi,posterior_samples.pkl,10000,-1.5700721265316009,-1.4700721265316008
flow_npe,100,460,N=n log(n),88,lambda,posterior_samples.pkl,10000,101.20860739345551,1.2086073934555088
flow_npe,100,460,N=n log(n),88,sigma,posterior_samples.pkl,10000,3.0307569111317396,1.0307569111317396
flow_npe,100,460,N=n log(n),88,xi,posterior_samples.pkl,10000,-1.1851901217222214,-1.0851901217222213
flow_npe,100,460,N=n log(n),89,lambda,posterior_samples.pkl,10000,99.52970098228455,-0.4702990177154476
flow_npe,100,460,N=n log(n),89,sigma,posterior_samples.pkl,10000,3.4264965716838836,1.4264965716838836
flow_npe,100,460,N=n log(n),89,xi,posterior_samples.pkl,10000,-1.3457467764139175,-1.2457467764139174
flow_npe,100,460,N=n log(n),90,lambda,posterior_samples.pkl,10000,98.37885706405639,-1.6211429359436096
flow_npe,100,460,N=n log(n),90,sigma,posterior_samples.pkl,10000,3.5416549321249127,1.5416549321249127
flow_npe,100,460,N=n log(n),90,xi,posterior_samples.pkl,10000,-1.169237631201744,-1.069237631201744
flow_npe,100,460,N=n log(n),91,lambda,posterior_samples.pkl,10000,100.94379327850342,0.9437932785034207
flow_npe,100,460,N=n log(n),91,sigma,posterior_samples.pkl,10000,3.4390270248882473,1.4390270248882473
flow_npe,100,460,N=n log(n),91,xi,posterior_samples.pkl,10000,-1.3450297293305398,-1.2450297293305397
flow_npe,100,460,N=n log(n),92,lambda,posterior_samples.pkl,10000,102.66861268978118,2.6686126897811846
flow_npe,100,460,N=n log(n),92,sigma,posterior_samples.pkl,10000,3.3764647867009043,1.3764647867009043
flow_npe,100,460,N=n log(n),92,xi,posterior_samples.pkl,10000,-1.2939211426973343,-1.1939211426973342
flow_npe,100,460,N=n log(n),93,lambda,posterior_samples.pkl,10000,98.91348671951295,-1.086513280487054
flow_npe,100,460,N=n log(n),93,sigma,posterior_samples.pkl,10000,2.9305253296038134,0.9305253296038134
flow_npe,100,460,N=n log(n),93,xi,posterior_samples.pkl,10000,-1.2632365073800087,-1.1632365073800086
flow_npe,100,460,N=n log(n),94,lambda,posterior_samples.pkl,10000,98.40768104934692,-1.5923189506530804
flow_npe,100,460,N=n log(n),94,sigma,posterior_samples.pkl,10000,3.5007932520495726,1.5007932520495726
flow_npe,100,460,N=n log(n),94,xi,posterior_samples.pkl,10000,-1.4024146510720252,-1.3024146510720251
flow_npe,100,460,N=n log(n),95,lambda,posterior_samples.pkl,10000,102.3997485321045,2.3997485321044962
flow_npe,100,460,N=n log(n),95,sigma,posterior_samples.pkl,10000,3.5008781427357345,1.5008781427357345
flow_npe,100,460,N=n log(n),95,xi,posterior_samples.pkl,10000,-1.2469086788773536,-1.1469086788773535
flow_npe,100,460,N=n log(n),96,lambda,posterior_samples.pkl,10000,97.56723158683776,-2.4327684131622362
flow_npe,100,460,N=n log(n),96,sigma,posterior_samples.pkl,10000,3.1001773625837172,1.1001773625837172
flow_npe,100,460,N=n log(n),96,xi,posterior_samples.pkl,10000,-1.4789821484565735,-1.3789821484565734
flow_npe,100,460,N=n log(n),97,lambda,posterior_samples.pkl,10000,100.19398140716552,0.19398140716552348
flow_npe,100,460,N=n log(n),97,sigma,posterior_samples.pkl,10000,3.4773838700131514,1.4773838700131514
flow_npe,100,460,N=n log(n),97,xi,posterior_samples.pkl,10000,-1.5679259705066682,-1.467925970506668
flow_npe,100,460,N=n log(n),98,lambda,posterior_samples.pkl,10000,98.42719126987457,-1.5728087301254305
flow_npe,100,460,N=n log(n),98,sigma,posterior_samples.pkl,10000,3.4934296724572778,1.4934296724572778
flow_npe,100,460,N=n log(n),98,xi,posterior_samples.pkl,10000,-1.6610332929134368,-1.5610332929134367
flow_npe,100,460,N=n log(n),99,lambda,posterior_samples.pkl,10000,96.2951990978241,-3.7048009021759043
flow_npe,100,460,N=n log(n),99,sigma,posterior_samples.pkl,10000,3.199165085652098,1.1991650856520981
flow_npe,100,460,N=n log(n),99,xi,posterior_samples.pkl,10000,-1.3122364622473717,-1.2122364622473716
flow_npe,100,460,N=n log(n),100,lambda,posterior_samples.pkl,10000,99.45939612998963,-0.5406038700103721
flow_npe,100,460,N=n log(n),100,sigma,posterior_samples.pkl,10000,3.4095908388394864,1.4095908388394864
flow_npe,100,460,N=n log(n),100,xi,posterior_samples.pkl,10000,-1.261412693989277,-1.1614126939892768
flow_npe,100,1000,N=n^(3/2),0,lambda,posterior_samples.pkl,10000,97.09085992965699,-2.909140070343014
flow_npe,100,1000,N=n^(3/2),0,sigma,posterior_samples.pkl,10000,2.8117000496532767,0.8117000496532767
flow_npe,100,1000,N=n^(3/2),0,xi,posterior_samples.pkl,10000,-1.0365730001330375,-0.9365730001330376
flow_npe,100,1000,N=n^(3/2),1,lambda,posterior_samples.pkl,10000,99.38747292346955,-0.6125270765304549
flow_npe,100,1000,N=n^(3/2),1,sigma,posterior_samples.pkl,10000,2.887097940829024,0.8870979408290238
flow_npe,100,1000,N=n^(3/2),1,xi,posterior_samples.pkl,10000,-0.9776981270551681,-0.8776981270551681
flow_npe,100,1000,N=n^(3/2),2,lambda,posterior_samples.pkl,10000,99.96583318881989,-0.03416681118011411
flow_npe,100,1000,N=n^(3/2),2,sigma,posterior_samples.pkl,10000,2.8257494564348833,0.8257494564348833
flow_npe,100,1000,N=n^(3/2),2,xi,posterior_samples.pkl,10000,-1.2908353713870049,-1.1908353713870048
flow_npe,100,1000,N=n^(3/2),3,lambda,posterior_samples.pkl,10000,99.07759318847656,-0.9224068115234445
flow_npe,100,1000,N=n^(3/2),3,sigma,posterior_samples.pkl,10000,2.8150408246763052,0.8150408246763052
flow_npe,100,1000,N=n^(3/2),3,xi,posterior_samples.pkl,10000,-1.0977367607831956,-0.9977367607831956
flow_npe,100,1000,N=n^(3/2),4,lambda,posterior_samples.pkl,10000,97.99336041221619,-2.006639587783809
flow_npe,100,1000,N=n^(3/2),4,sigma,posterior_samples.pkl,10000,3.0768706423415804,1.0768706423415804
flow_npe,100,1000,N=n^(3/2),4,xi,posterior_samples.pkl,10000,-1.4300272037982942,-1.330027203798294
flow_npe,100,1000,N=n^(3/2),5,lambda,posterior_samples.pkl,10000,99.93701821994782,-0.06298178005218347
flow_npe,100,1000,N=n^(3/2),5,sigma,posterior_samples.pkl,10000,3.0751304302460514,1.0751304302460514
flow_npe,100,1000,N=n^(3/2),5,xi,posterior_samples.pkl,10000,-1.2795464736580848,-1.1795464736580847
flow_npe,100,1000,N=n^(3/2),6,lambda,posterior_samples.pkl,10000,100.56542373447418,0.5654237344741802
flow_npe,100,1000,N=n^(3/2),6,sigma,posterior_samples.pkl,10000,2.6896707447052,0.6896707447052002
flow_npe,100,1000,N=n^(3/2),6,xi,posterior_samples.pkl,10000,-0.9915096519589424,-0.8915096519589424
flow_npe,100,1000,N=n^(3/2),7,lambda,posterior_samples.pkl,10000,99.32602819728851,-0.6739718027114918
flow_npe,100,1000,N=n^(3/2),7,sigma,posterior_samples.pkl,10000,2.7105736640773714,0.7105736640773714
flow_npe,100,1000,N=n^(3/2),7,xi,posterior_samples.pkl,10000,-1.0544468592405318,-0.9544468592405319
flow_npe,100,1000,N=n^(3/2),8,lambda,posterior_samples.pkl,10000,99.09117045326234,-0.9088295467376639
flow_npe,100,1000,N=n^(3/2),8,sigma,posterior_samples.pkl,10000,2.1971621774222703,0.19716217742227027
flow_npe,100,1000,N=n^(3/2),8,xi,posterior_samples.pkl,10000,-0.794057946062088,-0.694057946062088
flow_npe,100,1000,N=n^(3/2),9,lambda,posterior_samples.pkl,10000,98.57174889583588,-1.4282511041641186
flow_npe,100,1000,N=n^(3/2),9,sigma,posterior_samples.pkl,10000,2.8953434659747406,0.8953434659747406
flow_npe,100,1000,N=n^(3/2),9,xi,posterior_samples.pkl,10000,-1.277933956718445,-1.1779339567184448
flow_npe,100,1000,N=n^(3/2),10,lambda,posterior_samples.pkl,10000,100.33857438697815,0.3385743869781521
flow_npe,100,1000,N=n^(3/2),10,sigma,posterior_samples.pkl,10000,2.6932710166433824,0.6932710166433824
flow_npe,100,1000,N=n^(3/2),10,xi,posterior_samples.pkl,10000,-1.077803190267086,-0.977803190267086
flow_npe,100,1000,N=n^(3/2),11,lambda,posterior_samples.pkl,10000,100.52519040412903,0.5251904041290345
flow_npe,100,1000,N=n^(3/2),11,sigma,posterior_samples.pkl,10000,3.0905800040216187,1.0905800040216187
flow_npe,100,1000,N=n^(3/2),11,xi,posterior_samples.pkl,10000,-1.0314731451511383,-0.9314731451511383
flow_npe,100,1000,N=n^(3/2),12,lambda,posterior_samples.pkl,10000,100.04236267280578,0.042362672805779766
flow_npe,100,1000,N=n^(3/2),12,sigma,posterior_samples.pkl,10000,2.933053323547449,0.933053323547449
flow_npe,100,1000,N=n^(3/2),12,xi,posterior_samples.pkl,10000,-0.9650336836099624,-0.8650336836099625
flow_npe,100,1000,N=n^(3/2),13,lambda,posterior_samples.pkl,10000,100.21662787322998,0.21662787322998156
flow_npe,100,1000,N=n^(3/2),13,sigma,posterior_samples.pkl,10000,2.903764269045368,0.903764269045368
flow_npe,100,1000,N=n^(3/2),13,xi,posterior_samples.pkl,10000,-1.179983270049095,-1.079983270049095
flow_npe,100,1000,N=n^(3/2),14,lambda,posterior_samples.pkl,10000,101.31150976791382,1.3115097679138188
flow_npe,100,1000,N=n^(3/2),14,sigma,posterior_samples.pkl,10000,3.230073979939986,1.230073979939986
flow_npe,100,1000,N=n^(3/2),14,xi,posterior_samples.pkl,10000,-1.150346838915348,-1.0503468389153479
flow_npe,100,1000,N=n^(3/2),15,lambda,posterior_samples.pkl,10000,99.38608719978332,-0.6139128002166814
flow_npe,100,1000,N=n^(3/2),15,sigma,posterior_samples.pkl,10000,2.7591065937690438,0.7591065937690438
flow_npe,100,1000,N=n^(3/2),15,xi,posterior_samples.pkl,10000,-0.8402505434036255,-0.7402505434036255
flow_npe,100,1000,N=n^(3/2),16,lambda,posterior_samples.pkl,10000,99.69321092090607,-0.3067890790939316
flow_npe,100,1000,N=n^(3/2),16,sigma,posterior_samples.pkl,10000,2.4955769122716505,0.49557691227165046
flow_npe,100,1000,N=n^(3/2),16,xi,posterior_samples.pkl,10000,-0.9917328165769577,-0.8917328165769577
flow_npe,100,1000,N=n^(3/2),17,lambda,posterior_samples.pkl,10000,99.74906719436646,-0.25093280563353915
flow_npe,100,1000,N=n^(3/2),17,sigma,posterior_samples.pkl,10000,2.9061008232586087,0.9061008232586087
flow_npe,100,1000,N=n^(3/2),17,xi,posterior_samples.pkl,10000,-1.0958509885430336,-0.9958509885430337
flow_npe,100,1000,N=n^(3/2),18,lambda,posterior_samples.pkl,10000,102.1506504058838,2.1506504058837947
flow_npe,100,1000,N=n^(3/2),18,sigma,posterior_samples.pkl,10000,2.986248535577953,0.9862485355779529
flow_npe,100,1000,N=n^(3/2),18,xi,posterior_samples.pkl,10000,-1.0482545495033264,-0.9482545495033264
flow_npe,100,1000,N=n^(3/2),19,lambda,posterior_samples.pkl,10000,99.73142848014831,-0.26857151985169025
flow_npe,100,1000,N=n^(3/2),19,sigma,posterior_samples.pkl,10000,2.6850872076223604,0.6850872076223604
flow_npe,100,1000,N=n^(3/2),19,xi,posterior_samples.pkl,10000,-1.000554522550106,-0.900554522550106
flow_npe,100,1000,N=n^(3/2),20,lambda,posterior_samples.pkl,10000,100.59095664577484,0.5909566457748383
flow_npe,100,1000,N=n^(3/2),20,sigma,posterior_samples.pkl,10000,2.9861634848650547,0.9861634848650547
flow_npe,100,1000,N=n^(3/2),20,xi,posterior_samples.pkl,10000,-1.1499938589453698,-1.0499938589453697
flow_npe,100,1000,N=n^(3/2),21,lambda,posterior_samples.pkl,10000,98.22312693634034,-1.7768730636596644
flow_npe,100,1000,N=n^(3/2),21,sigma,posterior_samples.pkl,10000,2.6284286168955266,0.6284286168955266
flow_npe,100,1000,N=n^(3/2),21,xi,posterior_samples.pkl,10000,-0.933861846268177,-0.833861846268177
flow_npe,100,1000,N=n^(3/2),22,lambda,posterior_samples.pkl,10000,100.70361466789245,0.7036146678924524
flow_npe,100,1000,N=n^(3/2),22,sigma,posterior_samples.pkl,10000,2.8200371461220084,0.8200371461220084
flow_npe,100,1000,N=n^(3/2),22,xi,posterior_samples.pkl,10000,-1.0513224494457245,-0.9513224494457245
flow_npe,100,1000,N=n^(3/2),23,lambda,posterior_samples.pkl,10000,100.23292691078186,0.23292691078185612
flow_npe,100,1000,N=n^(3/2),23,sigma,posterior_samples.pkl,10000,2.496008708304353,0.4960087083043532
flow_npe,100,1000,N=n^(3/2),23,xi,posterior_samples.pkl,10000,-1.0802815251350404,-0.9802815251350404
flow_npe,100,1000,N=n^(3/2),24,lambda,posterior_samples.pkl,10000,99.91500196762085,-0.08499803237914705
flow_npe,100,1000,N=n^(3/2),24,sigma,posterior_samples.pkl,10000,2.841677247689478,0.841677247689478
flow_npe,100,1000,N=n^(3/2),24,xi,posterior_samples.pkl,10000,-0.9607775871872902,-0.8607775871872902
flow_npe,100,1000,N=n^(3/2),25,lambda,posterior_samples.pkl,10000,100.67363670368195,0.6736367036819502
flow_npe,100,1000,N=n^(3/2),25,sigma,posterior_samples.pkl,10000,3.111051805800013,1.1110518058000132
flow_npe,100,1000,N=n^(3/2),25,xi,posterior_samples.pkl,10000,-1.3220248172879219,-1.2220248172879218
flow_npe,100,1000,N=n^(3/2),26,lambda,posterior_samples.pkl,10000,100.84276407299042,0.8427640729904198
flow_npe,100,1000,N=n^(3/2),26,sigma,posterior_samples.pkl,10000,2.7271001789393368,0.7271001789393368
flow_npe,100,1000,N=n^(3/2),26,xi,posterior_samples.pkl,10000,-1.2176268391728402,-1.1176268391728401
flow_npe,100,1000,N=n^(3/2),27,lambda,posterior_samples.pkl,10000,98.35575074157715,-1.644249258422846
flow_npe,100,1000,N=n^(3/2),27,sigma,posterior_samples.pkl,10000,2.6583283769635484,0.6583283769635484
flow_npe,100,1000,N=n^(3/2),27,xi,posterior_samples.pkl,10000,-1.144797423529625,-1.044797423529625
flow_npe,100,1000,N=n^(3/2),28,lambda,posterior_samples.pkl,10000,99.88144183444977,-0.11855816555022614
flow_npe,100,1000,N=n^(3/2),28,sigma,posterior_samples.pkl,10000,2.733498020109348,0.733498020109348
flow_npe,100,1000,N=n^(3/2),28,xi,posterior_samples.pkl,10000,-1.0281939052820206,-0.9281939052820206
flow_npe,100,1000,N=n^(3/2),29,lambda,posterior_samples.pkl,10000,100.00718518543243,0.007185185432433627
flow_npe,100,1000,N=n^(3/2),29,sigma,posterior_samples.pkl,10000,2.9983584212264045,0.9983584212264045
flow_npe,100,1000,N=n^(3/2),29,xi,posterior_samples.pkl,10000,-0.9477566488027572,-0.8477566488027573
flow_npe,100,1000,N=n^(3/2),30,lambda,posterior_samples.pkl,10000,99.34441035423279,-0.6555896457672077
flow_npe,100,1000,N=n^(3/2),30,sigma,posterior_samples.pkl,10000,2.675832558498159,0.675832558498159
flow_npe,100,1000,N=n^(3/2),30,xi,posterior_samples.pkl,10000,-1.311859434747696,-1.2118594347476959
flow_npe,100,1000,N=n^(3/2),31,lambda,posterior_samples.pkl,10000,98.26464558048248,-1.7353544195175203
flow_npe,100,1000,N=n^(3/2),31,sigma,posterior_samples.pkl,10000,2.7364078205984086,0.7364078205984086
flow_npe,100,1000,N=n^(3/2),31,xi,posterior_samples.pkl,10000,-1.0316285114169121,-0.9316285114169122
flow_npe,100,1000,N=n^(3/2),32,lambda,posterior_samples.pkl,10000,101.38102045459748,1.3810204545974756
flow_npe,100,1000,N=n^(3/2),32,sigma,posterior_samples.pkl,10000,3.023759179792367,1.0237591797923669
flow_npe,100,1000,N=n^(3/2),32,xi,posterior_samples.pkl,10000,-1.3452443515181542,-1.2452443515181542
flow_npe,100,1000,N=n^(3/2),33,lambda,posterior_samples.pkl,10000,102.85952439994811,2.859524399948114
flow_npe,100,1000,N=n^(3/2),33,sigma,posterior_samples.pkl,10000,3.4823864126067607,1.4823864126067607
flow_npe,100,1000,N=n^(3/2),33,xi,posterior_samples.pkl,10000,-1.179796479356289,-1.0797964793562889
flow_npe,100,1000,N=n^(3/2),34,lambda,posterior_samples.pkl,10000,101.25906827487945,1.2590682748794535
flow_npe,100,1000,N=n^(3/2),34,sigma,posterior_samples.pkl,10000,2.478589519171114,0.47858951917111403
flow_npe,100,1000,N=n^(3/2),34,xi,posterior_samples.pkl,10000,-1.0994728582501412,-0.9994728582501412
flow_npe,100,1000,N=n^(3/2),35,lambda,posterior_samples.pkl,10000,98.94611913661957,-1.053880863380428
flow_npe,100,1000,N=n^(3/2),35,sigma,posterior_samples.pkl,10000,3.0209552796563135,1.0209552796563135
flow_npe,100,1000,N=n^(3/2),35,xi,posterior_samples.pkl,10000,-1.2557627746462823,-1.1557627746462822
flow_npe,100,1000,N=n^(3/2),36,lambda,posterior_samples.pkl,10000,101.07748177585601,1.0774817758560147
flow_npe,100,1000,N=n^(3/2),36,sigma,posterior_samples.pkl,10000,3.150450469496846,1.150450469496846
flow_npe,100,1000,N=n^(3/2),36,xi,posterior_samples.pkl,10000,-1.4351067279458045,-1.3351067279458044
flow_npe,100,1000,N=n^(3/2),37,lambda,posterior_samples.pkl,10000,98.38099728088379,-1.6190027191162102
flow_npe,100,1000,N=n^(3/2),37,sigma,posterior_samples.pkl,10000,2.8596865691516546,0.8596865691516546
flow_npe,100,1000,N=n^(3/2),37,xi,posterior_samples.pkl,10000,-1.1059287899017334,-1.0059287899017333
flow_npe,100,1000,N=n^(3/2),38,lambda,posterior_samples.pkl,10000,98.72248120346069,-1.2775187965393116
flow_npe,100,1000,N=n^(3/2),38,sigma,posterior_samples.pkl,10000,3.248156162561476,1.248156162561476
flow_npe,100,1000,N=n^(3/2),38,xi,posterior_samples.pkl,10000,-1.2892178283452989,-1.1892178283452988
flow_npe,100,1000,N=n^(3/2),39,lambda,posterior_samples.pkl,10000,101.33356860580444,1.3335686058044445
flow_npe,100,1000,N=n^(3/2),39,sigma,posterior_samples.pkl,10000,2.376021994132269,0.3760219941322691
flow_npe,100,1000,N=n^(3/2),39,xi,posterior_samples.pkl,10000,-0.904598196053505,-0.804598196053505
flow_npe,100,1000,N=n^(3/2),40,lambda,posterior_samples.pkl,10000,100.07857846221924,0.07857846221924092
flow_npe,100,1000,N=n^(3/2),40,sigma,posterior_samples.pkl,10000,2.8127291263855994,0.8127291263855994
flow_npe,100,1000,N=n^(3/2),40,xi,posterior_samples.pkl,10000,-1.2555319470763207,-1.1555319470763206
flow_npe,100,1000,N=n^(3/2),41,lambda,posterior_samples.pkl,10000,99.13860445747376,-0.861395542526239
flow_npe,100,1000,N=n^(3/2),41,sigma,posterior_samples.pkl,10000,2.793172695561405,0.7931726955614051
flow_npe,100,1000,N=n^(3/2),41,xi,posterior_samples.pkl,10000,-1.0544910066008568,-0.9544910066008568
flow_npe,100,1000,N=n^(3/2),42,lambda,posterior_samples.pkl,10000,97.76560530109406,-2.2343946989059447
flow_npe,100,1000,N=n^(3/2),42,sigma,posterior_samples.pkl,10000,3.0382301510810854,1.0382301510810854
flow_npe,100,1000,N=n^(3/2),42,xi,posterior_samples.pkl,10000,-1.207784608709812,-1.107784608709812
flow_npe,100,1000,N=n^(3/2),43,lambda,posterior_samples.pkl,10000,99.7158230545044,-0.28417694549560224
flow_npe,100,1000,N=n^(3/2),43,sigma,posterior_samples.pkl,10000,2.947421511060372,0.9474215110603721
flow_npe,100,1000,N=n^(3/2),43,xi,posterior_samples.pkl,10000,-1.1979892134189605,-1.0979892134189604
flow_npe,100,1000,N=n^(3/2),44,lambda,posterior_samples.pkl,10000,100.65041837120056,0.6504183712005585
flow_npe,100,1000,N=n^(3/2),44,sigma,posterior_samples.pkl,10000,3.315247121714335,1.3152471217143349
flow_npe,100,1000,N=n^(3/2),44,xi,posterior_samples.pkl,10000,-1.4142602377057076,-1.3142602377057075
flow_npe,100,1000,N=n^(3/2),45,lambda,posterior_samples.pkl,10000,100.43791932640076,0.4379193264007597
flow_npe,100,1000,N=n^(3/2),45,sigma,posterior_samples.pkl,10000,3.115622798724752,1.1156227987247518
flow_npe,100,1000,N=n^(3/2),45,xi,posterior_samples.pkl,10000,-1.3292795750260353,-1.2292795750260352
flow_npe,100,1000,N=n^(3/2),46,lambda,posterior_samples.pkl,10000,97.7525675951004,-2.247432404899598
flow_npe,100,1000,N=n^(3/2),46,sigma,posterior_samples.pkl,10000,3.119785704710521,1.1197857047105209
flow_npe,100,1000,N=n^(3/2),46,xi,posterior_samples.pkl,10000,-1.1366378893494606,-1.0366378893494606
flow_npe,100,1000,N=n^(3/2),47,lambda,posterior_samples.pkl,10000,99.92462713890076,-0.07537286109923969
flow_npe,100,1000,N=n^(3/2),47,sigma,posterior_samples.pkl,10000,2.525042332659569,0.5250423326595688
flow_npe,100,1000,N=n^(3/2),47,xi,posterior_samples.pkl,10000,-1.055971041059494,-0.955971041059494
flow_npe,100,1000,N=n^(3/2),48,lambda,posterior_samples.pkl,10000,98.92117254028321,-1.0788274597167913
flow_npe,100,1000,N=n^(3/2),48,sigma,posterior_samples.pkl,10000,2.9173187611223197,0.9173187611223197
flow_npe,100,1000,N=n^(3/2),48,xi,posterior_samples.pkl,10000,-1.2627880668997764,-1.1627880668997763
flow_npe,100,1000,N=n^(3/2),49,lambda,posterior_samples.pkl,10000,99.21378687477112,-0.7862131252288833
flow_npe,100,1000,N=n^(3/2),49,sigma,posterior_samples.pkl,10000,3.0971790673485025,1.0971790673485025
flow_npe,100,1000,N=n^(3/2),49,xi,posterior_samples.pkl,10000,-1.5167883602261543,-1.4167883602261542
flow_npe,100,1000,N=n^(3/2),50,lambda,posterior_samples.pkl,10000,100.42563071632385,0.42563071632385174
flow_npe,100,1000,N=n^(3/2),50,sigma,posterior_samples.pkl,10000,3.0648299947816877,1.0648299947816877
flow_npe,100,1000,N=n^(3/2),50,xi,posterior_samples.pkl,10000,-1.3305877173781395,-1.2305877173781394
flow_npe,100,1000,N=n^(3/2),51,lambda,posterior_samples.pkl,10000,99.88025263652801,-0.119747363471987
flow_npe,100,1000,N=n^(3/2),51,sigma,posterior_samples.pkl,10000,2.9310151152009145,0.9310151152009145
flow_npe,100,1000,N=n^(3/2),51,xi,posterior_samples.pkl,10000,-1.1154129980206489,-1.0154129980206488
flow_npe,100,1000,N=n^(3/2),52,lambda,posterior_samples.pkl,10000,99.59401778755188,-0.40598221244812294
flow_npe,100,1000,N=n^(3/2),52,sigma,posterior_samples.pkl,10000,3.2585742501093073,1.2585742501093073
flow_npe,100,1000,N=n^(3/2),52,xi,posterior_samples.pkl,10000,-1.3357007144331932,-1.235700714433193
flow_npe,100,1000,N=n^(3/2),53,lambda,posterior_samples.pkl,10000,99.23379746761321,-0.7662025323867852
flow_npe,100,1000,N=n^(3/2),53,sigma,posterior_samples.pkl,10000,2.6643011342260987,0.6643011342260987
flow_npe,100,1000,N=n^(3/2),53,xi,posterior_samples.pkl,10000,-1.1444420163154603,-1.0444420163154602
flow_npe,100,1000,N=n^(3/2),54,lambda,posterior_samples.pkl,10000,101.63612672863006,1.6361267286300603
flow_npe,100,1000,N=n^(3/2),54,sigma,posterior_samples.pkl,10000,2.802622170938179,0.8026221709381791
flow_npe,100,1000,N=n^(3/2),54,xi,posterior_samples.pkl,10000,-1.066097104036808,-0.9660971040368079
flow_npe,100,1000,N=n^(3/2),55,lambda,posterior_samples.pkl,10000,100.45591550483704,0.45591550483703713
flow_npe,100,1000,N=n^(3/2),55,sigma,posterior_samples.pkl,10000,2.7947721435308455,0.7947721435308455
flow_npe,100,1000,N=n^(3/2),55,xi,posterior_samples.pkl,10000,-1.2318898980140687,-1.1318898980140686
flow_npe,100,1000,N=n^(3/2),56,lambda,posterior_samples.pkl,10000,98.15691747360229,-1.8430825263977084
flow_npe,100,1000,N=n^(3/2),56,sigma,posterior_samples.pkl,10000,3.1607373122435063,1.1607373122435063
flow_npe,100,1000,N=n^(3/2),56,xi,posterior_samples.pkl,10000,-1.2946623712420464,-1.1946623712420463
flow_npe,100,1000,N=n^(3/2),57,lambda,posterior_samples.pkl,10000,99.89175210762023,-0.10824789237976518
flow_npe,100,1000,N=n^(3/2),57,sigma,posterior_samples.pkl,10000,2.7477252603221687,0.7477252603221687
flow_npe,100,1000,N=n^(3/2),57,xi,posterior_samples.pkl,10000,-1.1661047210216522,-1.066104721021652
flow_npe,100,1000,N=n^(3/2),58,lambda,posterior_samples.pkl,10000,100.37234097347259,0.3723409734725891
flow_npe,100,1000,N=n^(3/2),58,sigma,posterior_samples.pkl,10000,2.7529746933135204,0.7529746933135204
flow_npe,100,1000,N=n^(3/2),58,xi,posterior_samples.pkl,10000,-1.3330087478756905,-1.2330087478756904
flow_npe,100,1000,N=n^(3/2),59,lambda,posterior_samples.pkl,10000,99.3702942150116,-0.6297057849884027
flow_npe,100,1000,N=n^(3/2),59,sigma,posterior_samples.pkl,10000,3.015677342220023,1.0156773422200231
flow_npe,100,1000,N=n^(3/2),59,xi,posterior_samples.pkl,10000,-1.1454664492726325,-1.0454664492726324
flow_npe,100,1000,N=n^(3/2),60,lambda,posterior_samples.pkl,10000,97.92246286735535,-2.0775371326446503
flow_npe,100,1000,N=n^(3/2),60,sigma,posterior_samples.pkl,10000,2.5210306982355193,0.5210306982355193
flow_npe,100,1000,N=n^(3/2),60,xi,posterior_samples.pkl,10000,-1.3191392203330994,-1.2191392203330993
flow_npe,100,1000,N=n^(3/2),61,lambda,posterior_samples.pkl,10000,97.87468579502105,-2.125314204978949
flow_npe,100,1000,N=n^(3/2),61,sigma,posterior_samples.pkl,10000,3.6233848018171266,1.6233848018171266
flow_npe,100,1000,N=n^(3/2),61,xi,posterior_samples.pkl,10000,-1.4487620391607285,-1.3487620391607285
flow_npe,100,1000,N=n^(3/2),62,lambda,posterior_samples.pkl,10000,100.34159997215271,0.3415999721527072
flow_npe,100,1000,N=n^(3/2),62,sigma,posterior_samples.pkl,10000,2.2709217079237103,0.2709217079237103
flow_npe,100,1000,N=n^(3/2),62,xi,posterior_samples.pkl,10000,-0.9847218069076538,-0.8847218069076538
flow_npe,100,1000,N=n^(3/2),63,lambda,posterior_samples.pkl,10000,99.7478812133789,-0.25211878662109655
flow_npe,100,1000,N=n^(3/2),63,sigma,posterior_samples.pkl,10000,2.5128190319031476,0.5128190319031476
flow_npe,100,1000,N=n^(3/2),63,xi,posterior_samples.pkl,10000,-1.0625358417510986,-0.9625358417510986
flow_npe,100,1000,N=n^(3/2),64,lambda,posterior_samples.pkl,10000,99.7599944103241,-0.2400055896759028
flow_npe,100,1000,N=n^(3/2),64,sigma,posterior_samples.pkl,10000,3.488028749683499,1.4880287496834992
flow_npe,100,1000,N=n^(3/2),64,xi,posterior_samples.pkl,10000,-1.345093138229847,-1.245093138229847
flow_npe,100,1000,N=n^(3/2),65,lambda,posterior_samples.pkl,10000,99.97000771942139,-0.02999228057861103
flow_npe,100,1000,N=n^(3/2),65,sigma,posterior_samples.pkl,10000,3.0481655681763775,1.0481655681763775
flow_npe,100,1000,N=n^(3/2),65,xi,posterior_samples.pkl,10000,-1.265958346569538,-1.165958346569538
flow_npe,100,1000,N=n^(3/2),66,lambda,posterior_samples.pkl,10000,98.98615853881836,-1.0138414611816415
flow_npe,100,1000,N=n^(3/2),66,sigma,posterior_samples.pkl,10000,3.173931949278526,1.173931949278526
flow_npe,100,1000,N=n^(3/2),66,xi,posterior_samples.pkl,10000,-1.28572987087965,-1.18572987087965
flow_npe,100,1000,N=n^(3/2),67,lambda,posterior_samples.pkl,10000,99.70930222244263,-0.29069777755736936
flow_npe,100,1000,N=n^(3/2),67,sigma,posterior_samples.pkl,10000,2.821388297352381,0.8213882973523812
flow_npe,100,1000,N=n^(3/2),67,xi,posterior_samples.pkl,10000,-1.2062949339389801,-1.10629493393898
flow_npe,100,1000,N=n^(3/2),68,lambda,posterior_samples.pkl,10000,99.93079168109894,-0.06920831890106172
flow_npe,100,1000,N=n^(3/2),68,sigma,posterior_samples.pkl,10000,2.877285661751032,0.8772856617510318
flow_npe,100,1000,N=n^(3/2),68,xi,posterior_samples.pkl,10000,-1.2591039502739907,-1.1591039502739906
flow_npe,100,1000,N=n^(3/2),69,lambda,posterior_samples.pkl,10000,98.44132199707032,-1.5586780029296818
flow_npe,100,1000,N=n^(3/2),69,sigma,posterior_samples.pkl,10000,3.241446117489226,1.2414461174892262
flow_npe,100,1000,N=n^(3/2),69,xi,posterior_samples.pkl,10000,-1.4039730835318565,-1.3039730835318564
flow_npe,100,1000,N=n^(3/2),70,lambda,posterior_samples.pkl,10000,100.60030948677063,0.6003094867706267
flow_npe,100,1000,N=n^(3/2),70,sigma,posterior_samples.pkl,10000,3.119485184717644,1.119485184717644
flow_npe,100,1000,N=n^(3/2),70,xi,posterior_samples.pkl,10000,-1.2601722695231439,-1.1601722695231438
flow_npe,100,1000,N=n^(3/2),71,lambda,posterior_samples.pkl,10000,100.00545549468994,0.00545549468994011
flow_npe,100,1000,N=n^(3/2),71,sigma,posterior_samples.pkl,10000,3.326542274925113,1.3265422749251128
flow_npe,100,1000,N=n^(3/2),71,xi,posterior_samples.pkl,10000,-1.2026673703551292,-1.102667370355129
flow_npe,100,1000,N=n^(3/2),72,lambda,posterior_samples.pkl,10000,98.79127589645385,-1.208724103546146
flow_npe,100,1000,N=n^(3/2),72,sigma,posterior_samples.pkl,10000,3.178879114389606,1.178879114389606
flow_npe,100,1000,N=n^(3/2),72,xi,posterior_samples.pkl,10000,-1.4862253303527833,-1.3862253303527832
flow_npe,100,1000,N=n^(3/2),73,lambda,posterior_samples.pkl,10000,98.99734523582458,-1.0026547641754178
flow_npe,100,1000,N=n^(3/2),73,sigma,posterior_samples.pkl,10000,3.5516532169283366,1.5516532169283366
flow_npe,100,1000,N=n^(3/2),73,xi,posterior_samples.pkl,10000,-1.4125499644875525,-1.3125499644875525
flow_npe,100,1000,N=n^(3/2),74,lambda,posterior_samples.pkl,10000,99.03071758384705,-0.9692824161529501
flow_npe,100,1000,N=n^(3/2),74,sigma,posterior_samples.pkl,10000,2.9160959489623086,0.9160959489623086
flow_npe,100,1000,N=n^(3/2),74,xi,posterior_samples.pkl,10000,-1.232293922996521,-1.132293922996521
flow_npe,100,1000,N=n^(3/2),75,lambda,posterior_samples.pkl,10000,101.49551919898987,1.495519198989868
flow_npe,100,1000,N=n^(3/2),75,sigma,posterior_samples.pkl,10000,2.9877811571063475,0.9877811571063475
flow_npe,100,1000,N=n^(3/2),75,xi,posterior_samples.pkl,10000,-1.0124883535981177,-0.9124883535981178
flow_npe,100,1000,N=n^(3/2),76,lambda,posterior_samples.pkl,10000,99.86756110954285,-0.13243889045715207
flow_npe,100,1000,N=n^(3/2),76,sigma,posterior_samples.pkl,10000,2.690590626868419,0.6905906268684192
flow_npe,100,1000,N=n^(3/2),76,xi,posterior_samples.pkl,10000,-1.2058630611419678,-1.1058630611419678
flow_npe,100,1000,N=n^(3/2),77,lambda,posterior_samples.pkl,10000,97.55728400478363,-2.442715995216375
flow_npe,100,1000,N=n^(3/2),77,sigma,posterior_samples.pkl,10000,3.3346668427105994,1.3346668427105994
flow_npe,100,1000,N=n^(3/2),77,xi,posterior_samples.pkl,10000,-1.219675486934185,-1.119675486934185
flow_npe,100,1000,N=n^(3/2),78,lambda,posterior_samples.pkl,10000,99.53577626132964,-0.4642237386703556
flow_npe,100,1000,N=n^(3/2),78,sigma,posterior_samples.pkl,10000,2.593742820953019,0.5937428209530191
flow_npe,100,1000,N=n^(3/2),78,xi,posterior_samples.pkl,10000,-1.1112054072380066,-1.0112054072380066
flow_npe,100,1000,N=n^(3/2),79,lambda,posterior_samples.pkl,10000,98.13999491271973,-1.8600050872802711
flow_npe,100,1000,N=n^(3/2),79,sigma,posterior_samples.pkl,10000,2.651816503505502,0.6518165035055019
flow_npe,100,1000,N=n^(3/2),79,xi,posterior_samples.pkl,10000,-1.0005331267595292,-0.9005331267595292
flow_npe,100,1000,N=n^(3/2),80,lambda,posterior_samples.pkl,10000,100.4162217502594,0.4162217502593961
flow_npe,100,1000,N=n^(3/2),80,sigma,posterior_samples.pkl,10000,3.7542728604346514,1.7542728604346514
flow_npe,100,1000,N=n^(3/2),80,xi,posterior_samples.pkl,10000,-1.2695840152978897,-1.1695840152978896
flow_npe,100,1000,N=n^(3/2),81,lambda,posterior_samples.pkl,10000,99.39641578216553,-0.6035842178344666
flow_npe,100,1000,N=n^(3/2),81,sigma,posterior_samples.pkl,10000,3.1123387780008835,1.1123387780008835
flow_npe,100,1000,N=n^(3/2),81,xi,posterior_samples.pkl,10000,-1.080008047747612,-0.980008047747612
flow_npe,100,1000,N=n^(3/2),82,lambda,posterior_samples.pkl,10000,98.2780379573822,-1.721962042617804
flow_npe,100,1000,N=n^(3/2),82,sigma,posterior_samples.pkl,10000,3.0203983747247607,1.0203983747247607
flow_npe,100,1000,N=n^(3/2),82,xi,posterior_samples.pkl,10000,-1.130647010731697,-1.030647010731697
flow_npe,100,1000,N=n^(3/2),83,lambda,posterior_samples.pkl,10000,100.13338062782287,0.13338062782287352
flow_npe,100,1000,N=n^(3/2),83,sigma,posterior_samples.pkl,10000,3.035438970604539,1.035438970604539
flow_npe,100,1000,N=n^(3/2),83,xi,posterior_samples.pkl,10000,-1.342146023106575,-1.2421460231065748
flow_npe,100,1000,N=n^(3/2),84,lambda,posterior_samples.pkl,10000,98.96621521854401,-1.0337847814559922
flow_npe,100,1000,N=n^(3/2),84,sigma,posterior_samples.pkl,10000,2.858197054654546,0.8581970546545459
flow_npe,100,1000,N=n^(3/2),84,xi,posterior_samples.pkl,10000,-1.2018283660411835,-1.1018283660411834
flow_npe,100,1000,N=n^(3/2),85,lambda,posterior_samples.pkl,10000,100.9003660610199,0.9003660610198949
flow_npe,100,1000,N=n^(3/2),85,sigma,posterior_samples.pkl,10000,2.3369980166629887,0.3369980166629887
flow_npe,100,1000,N=n^(3/2),85,xi,posterior_samples.pkl,10000,-0.8767458975434304,-0.7767458975434304
flow_npe,100,1000,N=n^(3/2),86,lambda,posterior_samples.pkl,10000,99.91627191963195,-0.08372808036804713
flow_npe,100,1000,N=n^(3/2),86,sigma,posterior_samples.pkl,10000,2.517934788085893,0.5179347880858929
flow_npe,100,1000,N=n^(3/2),86,xi,posterior_samples.pkl,10000,-0.9456048101782799,-0.8456048101782799
flow_npe,100,1000,N=n^(3/2),87,lambda,posterior_samples.pkl,10000,99.75338542480469,-0.24661457519530927
flow_npe,100,1000,N=n^(3/2),87,sigma,posterior_samples.pkl,10000,2.647067640901357,0.6470676409013572
flow_npe,100,1000,N=n^(3/2),87,xi,posterior_samples.pkl,10000,-0.9948164124727249,-0.8948164124727249
flow_npe,100,1000,N=n^(3/2),88,lambda,posterior_samples.pkl,10000,101.42650258998871,1.426502589988715
flow_npe,100,1000,N=n^(3/2),88,sigma,posterior_samples.pkl,10000,3.0483674899438395,1.0483674899438395
flow_npe,100,1000,N=n^(3/2),88,xi,posterior_samples.pkl,10000,-1.0395755916714668,-0.9395755916714669
flow_npe,100,1000,N=n^(3/2),89,lambda,posterior_samples.pkl,10000,100.84000606651306,0.8400060665130553
flow_npe,100,1000,N=n^(3/2),89,sigma,posterior_samples.pkl,10000,2.916625694849435,0.9166256948494351
flow_npe,100,1000,N=n^(3/2),89,xi,posterior_samples.pkl,10000,-1.4587773283600807,-1.3587773283600806
flow_npe,100,1000,N=n^(3/2),90,lambda,posterior_samples.pkl,10000,98.14501570358276,-1.8549842964172427
flow_npe,100,1000,N=n^(3/2),90,sigma,posterior_samples.pkl,10000,3.064744932780415,1.0647449327804148
flow_npe,100,1000,N=n^(3/2),90,xi,posterior_samples.pkl,10000,-1.043998856651783,-0.9439988566517831
flow_npe,100,1000,N=n^(3/2),91,lambda,posterior_samples.pkl,10000,100.4994456943512,0.4994456943511949
flow_npe,100,1000,N=n^(3/2),91,sigma,posterior_samples.pkl,10000,3.101072473676689,1.1010724736766888
flow_npe,100,1000,N=n^(3/2),91,xi,posterior_samples.pkl,10000,-1.0953472556233406,-0.9953472556233406
flow_npe,100,1000,N=n^(3/2),92,lambda,posterior_samples.pkl,10000,101.45495207061768,1.4549520706176793
flow_npe,100,1000,N=n^(3/2),92,sigma,posterior_samples.pkl,10000,3.12138171217381,1.12138171217381
flow_npe,100,1000,N=n^(3/2),92,xi,posterior_samples.pkl,10000,-1.2139565276265145,-1.1139565276265144
flow_npe,100,1000,N=n^(3/2),93,lambda,posterior_samples.pkl,10000,99.26035745105743,-0.7396425489425695
flow_npe,100,1000,N=n^(3/2),93,sigma,posterior_samples.pkl,10000,3.094870653645415,1.094870653645415
flow_npe,100,1000,N=n^(3/2),93,xi,posterior_samples.pkl,10000,-1.2781707264184952,-1.178170726418495
flow_npe,100,1000,N=n^(3/2),94,lambda,posterior_samples.pkl,10000,99.48475260734558,-0.5152473926544161
flow_npe,100,1000,N=n^(3/2),94,sigma,posterior_samples.pkl,10000,3.2438311863551847,1.2438311863551847
flow_npe,100,1000,N=n^(3/2),94,xi,posterior_samples.pkl,10000,-1.483009238922596,-1.3830092389225959
flow_npe,100,1000,N=n^(3/2),95,lambda,posterior_samples.pkl,10000,101.57816456184388,1.5781645618438773
flow_npe,100,1000,N=n^(3/2),95,sigma,posterior_samples.pkl,10000,3.6721929497329517,1.6721929497329517
flow_npe,100,1000,N=n^(3/2),95,xi,posterior_samples.pkl,10000,-1.277809717810154,-1.1778097178101539
flow_npe,100,1000,N=n^(3/2),96,lambda,posterior_samples.pkl,10000,98.5073965314865,-1.4926034685134937
flow_npe,100,1000,N=n^(3/2),96,sigma,posterior_samples.pkl,10000,2.9717620218500493,0.9717620218500493
flow_npe,100,1000,N=n^(3/2),96,xi,posterior_samples.pkl,10000,-1.3441774581432342,-1.244177458143234
flow_npe,100,1000,N=n^(3/2),97,lambda,posterior_samples.pkl,10000,99.93495453243256,-0.0650454675674439
flow_npe,100,1000,N=n^(3/2),97,sigma,posterior_samples.pkl,10000,3.4063322551965713,1.4063322551965713
flow_npe,100,1000,N=n^(3/2),97,xi,posterior_samples.pkl,10000,-1.4872309259176255,-1.3872309259176254
flow_npe,100,1000,N=n^(3/2),98,lambda,posterior_samples.pkl,10000,98.84407228965759,-1.1559277103424108
flow_npe,100,1000,N=n^(3/2),98,sigma,posterior_samples.pkl,10000,2.984726478532143,0.984726478532143
flow_npe,100,1000,N=n^(3/2),98,xi,posterior_samples.pkl,10000,-1.2904367205739022,-1.1904367205739022
flow_npe,100,1000,N=n^(3/2),99,lambda,posterior_samples.pkl,10000,97.49424368114471,-2.5057563188552905
flow_npe,100,1000,N=n^(3/2),99,sigma,posterior_samples.pkl,10000,2.8776263876848853,0.8776263876848853
flow_npe,100,1000,N=n^(3/2),99,xi,posterior_samples.pkl,10000,-0.8305873665094375,-0.7305873665094376
flow_npe,100,1000,N=n^(3/2),100,lambda,posterior_samples.pkl,10000,99.56262584056854,-0.43737415943145663
flow_npe,100,1000,N=n^(3/2),100,sigma,posterior_samples.pkl,10000,2.8564237774459644,0.8564237774459644
flow_npe,100,1000,N=n^(3/2),100,xi,posterior_samples.pkl,10000,-0.9441448147416115,-0.8441448147416115
flow_npe,100,10000,N=n^2,0,lambda,posterior_samples.pkl,10000,98.19147096824646,-1.8085290317535367
flow_npe,100,10000,N=n^2,0,sigma,posterior_samples.pkl,10000,2.3107299568179993,0.3107299568179993
flow_npe,100,10000,N=n^2,0,xi,posterior_samples.pkl,10000,-0.26936518276929855,-0.16936518276929854
flow_npe,100,10000,N=n^2,1,lambda,posterior_samples.pkl,10000,98.84456311798095,-1.1554368820190462
flow_npe,100,10000,N=n^2,1,sigma,posterior_samples.pkl,10000,2.520576204936579,0.520576204936579
flow_npe,100,10000,N=n^2,1,xi,posterior_samples.pkl,10000,-0.3670956709742546,-0.2670956709742546
flow_npe,100,10000,N=n^2,2,lambda,posterior_samples.pkl,10000,100.83121066799164,0.8312106679916411
flow_npe,100,10000,N=n^2,2,sigma,posterior_samples.pkl,10000,2.0588136044599117,0.058813604459911684
flow_npe,100,10000,N=n^2,2,xi,posterior_samples.pkl,10000,-0.2064586669921875,-0.1064586669921875
flow_npe,100,10000,N=n^2,3,lambda,posterior_samples.pkl,10000,99.44067811203003,-0.559321887969972
flow_npe,100,10000,N=n^2,3,sigma,posterior_samples.pkl,10000,2.1498665804153307,0.14986658041533074
flow_npe,100,10000,N=n^2,3,xi,posterior_samples.pkl,10000,-0.14704913152456284,-0.04704913152456283
flow_npe,100,10000,N=n^2,4,lambda,posterior_samples.pkl,10000,99.13660036087036,-0.8633996391296392
flow_npe,100,10000,N=n^2,4,sigma,posterior_samples.pkl,10000,2.576859625948174,0.576859625948174
flow_npe,100,10000,N=n^2,4,xi,posterior_samples.pkl,10000,-0.36233089553117753,-0.2623308955311775
flow_npe,100,10000,N=n^2,5,lambda,posterior_samples.pkl,10000,99.84641594638825,-0.15358405361175187
flow_npe,100,10000,N=n^2,5,sigma,posterior_samples.pkl,10000,2.1720247010743243,0.17202470107432433
flow_npe,100,10000,N=n^2,5,xi,posterior_samples.pkl,10000,-0.2293863134264946,-0.1293863134264946
flow_npe,100,10000,N=n^2,6,lambda,posterior_samples.pkl,10000,100.30662107582093,0.306621075820928
flow_npe,100,10000,N=n^2,6,sigma,posterior_samples.pkl,10000,1.9377190820521675,-0.062280917947832526
flow_npe,100,10000,N=n^2,6,xi,posterior_samples.pkl,10000,-0.13841434470415115,-0.03841434470415114
flow_npe,100,10000,N=n^2,7,lambda,posterior_samples.pkl,10000,99.16055622444154,-0.8394437755584647
flow_npe,100,10000,N=n^2,7,sigma,posterior_samples.pkl,10000,2.0347139824220912,0.03471398242209123
flow_npe,100,10000,N=n^2,7,xi,posterior_samples.pkl,10000,-0.13051800377368927,-0.030518003773689267
flow_npe,100,10000,N=n^2,8,lambda,posterior_samples.pkl,10000,99.83461541576385,-0.16538458423615054
flow_npe,100,10000,N=n^2,8,sigma,posterior_samples.pkl,10000,1.9397362785468344,-0.06026372145316561
flow_npe,100,10000,N=n^2,8,xi,posterior_samples.pkl,10000,-0.14489395744800568,-0.04489395744800567
flow_npe,100,10000,N=n^2,9,lambda,posterior_samples.pkl,10000,100.00954851875305,0.009548518753049962
flow_npe,100,10000,N=n^2,9,sigma,posterior_samples.pkl,10000,1.8903813204329227,-0.10961867956707727
flow_npe,100,10000,N=n^2,9,xi,posterior_samples.pkl,10000,-0.13011299350261687,-0.03011299350261687
flow_npe,100,10000,N=n^2,10,lambda,posterior_samples.pkl,10000,100.95934463977814,0.9593446397781378
flow_npe,100,10000,N=n^2,10,sigma,posterior_samples.pkl,10000,2.1371233424227687,0.1371233424227687
flow_npe,100,10000,N=n^2,10,xi,posterior_samples.pkl,10000,-0.14405998423099517,-0.044059984230995164
flow_npe,100,10000,N=n^2,11,lambda,posterior_samples.pkl,10000,99.7907219127655,-0.2092780872344946
flow_npe,100,10000,N=n^2,11,sigma,posterior_samples.pkl,10000,2.3733235511301087,0.37332355113010873
flow_npe,100,10000,N=n^2,11,xi,posterior_samples.pkl,10000,-0.22790569550991058,-0.12790569550991057
flow_npe,100,10000,N=n^2,12,lambda,posterior_samples.pkl,10000,100.34905058765412,0.3490505876541192
flow_npe,100,10000,N=n^2,12,sigma,posterior_samples.pkl,10000,2.0174541181023233,0.017454118102323335
flow_npe,100,10000,N=n^2,12,xi,posterior_samples.pkl,10000,-0.10075747777223587,-0.000757477772235865
flow_npe,100,10000,N=n^2,13,lambda,posterior_samples.pkl,10000,99.73295506973267,-0.2670449302673319
flow_npe,100,10000,N=n^2,13,sigma,posterior_samples.pkl,10000,1.7915867847500369,-0.20841321524996315
flow_npe,100,10000,N=n^2,13,xi,posterior_samples.pkl,10000,-0.1407015934586525,-0.040701593458652485
flow_npe,100,10000,N=n^2,14,lambda,posterior_samples.pkl,10000,101.50685916976929,1.5068591697692852
flow_npe,100,10000,N=n^2,14,sigma,posterior_samples.pkl,10000,2.7074838307735276,0.7074838307735276
flow_npe,100,10000,N=n^2,14,xi,posterior_samples.pkl,10000,-0.5786517766714097,-0.4786517766714097
flow_npe,100,10000,N=n^2,15,lambda,posterior_samples.pkl,10000,99.29900247879029,-0.7009975212097146
flow_npe,100,10000,N=n^2,15,sigma,posterior_samples.pkl,10000,2.120650643828884,0.12065064382888391
flow_npe,100,10000,N=n^2,15,xi,posterior_samples.pkl,10000,-0.14254829889535903,-0.04254829889535902
flow_npe,100,10000,N=n^2,16,lambda,posterior_samples.pkl,10000,100.77468408241272,0.774684082412719
flow_npe,100,10000,N=n^2,16,sigma,posterior_samples.pkl,10000,2.127062598583568,0.12706259858356805
flow_npe,100,10000,N=n^2,16,xi,posterior_samples.pkl,10000,-0.25336416343450546,-0.15336416343450546
flow_npe,100,10000,N=n^2,17,lambda,posterior_samples.pkl,10000,100.55855333633423,0.5585533363342279
flow_npe,100,10000,N=n^2,17,sigma,posterior_samples.pkl,10000,2.0129778901815416,0.012977890181541607
flow_npe,100,10000,N=n^2,17,xi,posterior_samples.pkl,10000,-0.1420488028526306,-0.0420488028526306
flow_npe,100,10000,N=n^2,18,lambda,posterior_samples.pkl,10000,100.94919599533081,0.9491959953308111
flow_npe,100,10000,N=n^2,18,sigma,posterior_samples.pkl,10000,2.369670483429171,0.3696704834291711
flow_npe,100,10000,N=n^2,18,xi,posterior_samples.pkl,10000,-0.25486009607315063,-0.15486009607315063
flow_npe,100,10000,N=n^2,19,lambda,posterior_samples.pkl,10000,99.56380529174805,-0.4361947082519464
flow_npe,100,10000,N=n^2,19,sigma,posterior_samples.pkl,10000,1.9881695737861096,-0.01183042621389041
flow_npe,100,10000,N=n^2,19,xi,posterior_samples.pkl,10000,-0.13489874634742738,-0.03489874634742737
flow_npe,100,10000,N=n^2,20,lambda,posterior_samples.pkl,10000,99.59273042469025,-0.4072695753097548
flow_npe,100,10000,N=n^2,20,sigma,posterior_samples.pkl,10000,2.810266948954575,0.8102669489545749
flow_npe,100,10000,N=n^2,20,xi,posterior_samples.pkl,10000,-0.5685697663068772,-0.4685697663068772
flow_npe,100,10000,N=n^2,21,lambda,posterior_samples.pkl,10000,98.70796560611724,-1.2920343938827585
flow_npe,100,10000,N=n^2,21,sigma,posterior_samples.pkl,10000,1.9927476291291415,-0.007252370870858504
flow_npe,100,10000,N=n^2,21,xi,posterior_samples.pkl,10000,-0.16585513972043991,-0.06585513972043991
flow_npe,100,10000,N=n^2,22,lambda,posterior_samples.pkl,10000,100.44212435321808,0.44212435321807675
flow_npe,100,10000,N=n^2,22,sigma,posterior_samples.pkl,10000,2.099462230574386,0.09946223057438619
flow_npe,100,10000,N=n^2,22,xi,posterior_samples.pkl,10000,-0.1694887267589569,-0.0694887267589569
flow_npe,100,10000,N=n^2,23,lambda,posterior_samples.pkl,10000,100.55468505172729,0.5546850517272901
flow_npe,100,10000,N=n^2,23,sigma,posterior_samples.pkl,10000,2.0888118561917914,0.08881185619179144
flow_npe,100,10000,N=n^2,23,xi,posterior_samples.pkl,10000,-0.2107677435040474,-0.11076774350404739
flow_npe,100,10000,N=n^2,24,lambda,posterior_samples.pkl,10000,100.36742820091247,0.36742820091247097
flow_npe,100,10000,N=n^2,24,sigma,posterior_samples.pkl,10000,2.499630529200472,0.49963052920047213
flow_npe,100,10000,N=n^2,24,xi,posterior_samples.pkl,10000,-0.3610766744494438,-0.2610766744494438
flow_npe,100,10000,N=n^2,25,lambda,posterior_samples.pkl,10000,100.5310826538086,0.5310826538085962
flow_npe,100,10000,N=n^2,25,sigma,posterior_samples.pkl,10000,2.210385039611347,0.21038503961134714
flow_npe,100,10000,N=n^2,25,xi,posterior_samples.pkl,10000,-0.19570271816253662,-0.09570271816253662
flow_npe,100,10000,N=n^2,26,lambda,posterior_samples.pkl,10000,101.38479569129944,1.3847956912994448
flow_npe,100,10000,N=n^2,26,sigma,posterior_samples.pkl,10000,2.035823877489567,0.035823877489566947
flow_npe,100,10000,N=n^2,26,xi,posterior_samples.pkl,10000,-0.21476080603599548,-0.11476080603599548
flow_npe,100,10000,N=n^2,27,lambda,posterior_samples.pkl,10000,100.9023235721588,0.9023235721588065
flow_npe,100,10000,N=n^2,27,sigma,posterior_samples.pkl,10000,2.0166527133829195,0.016652713382919515
flow_npe,100,10000,N=n^2,27,xi,posterior_samples.pkl,10000,-0.154871256172657,-0.05487125617265701
flow_npe,100,10000,N=n^2,28,lambda,posterior_samples.pkl,10000,100.29898699493408,0.2989869949340829
flow_npe,100,10000,N=n^2,28,sigma,posterior_samples.pkl,10000,1.9088865807779134,-0.0911134192220866
flow_npe,100,10000,N=n^2,28,xi,posterior_samples.pkl,10000,-0.11217405864000321,-0.012174058640003205
flow_npe,100,10000,N=n^2,29,lambda,posterior_samples.pkl,10000,98.76520019073486,-1.2347998092651409
flow_npe,100,10000,N=n^2,29,sigma,posterior_samples.pkl,10000,2.140044252865575,0.1400442528655752
flow_npe,100,10000,N=n^2,29,xi,posterior_samples.pkl,10000,-0.15133906096220018,-0.05133906096220017
flow_npe,100,10000,N=n^2,30,lambda,posterior_samples.pkl,10000,99.06119578266144,-0.9388042173385571
flow_npe,100,10000,N=n^2,30,sigma,posterior_samples.pkl,10000,1.9942476164899767,-0.005752383510023273
flow_npe,100,10000,N=n^2,30,xi,posterior_samples.pkl,10000,-0.15591143215894698,-0.05591143215894698
flow_npe,100,10000,N=n^2,31,lambda,posterior_samples.pkl,10000,101.81571438179016,1.8157143817901584
flow_npe,100,10000,N=n^2,31,sigma,posterior_samples.pkl,10000,2.149758656137064,0.14975865613706407
flow_npe,100,10000,N=n^2,31,xi,posterior_samples.pkl,10000,-0.1788957146883011,-0.07889571468830109
flow_npe,100,10000,N=n^2,32,lambda,posterior_samples.pkl,10000,101.87132803516388,1.8713280351638844
flow_npe,100,10000,N=n^2,32,sigma,posterior_samples.pkl,10000,2.0933296482315287,0.09332964823152867
flow_npe,100,10000,N=n^2,32,xi,posterior_samples.pkl,10000,-0.13096627984046935,-0.030966279840469346
flow_npe,100,10000,N=n^2,33,lambda,posterior_samples.pkl,10000,102.97135807304382,2.9713580730438167
flow_npe,100,10000,N=n^2,33,sigma,posterior_samples.pkl,10000,2.268683900333941,0.26868390033394096
flow_npe,100,10000,N=n^2,33,xi,posterior_samples.pkl,10000,-0.2678741388916969,-0.16787413889169692
flow_npe,100,10000,N=n^2,34,lambda,posterior_samples.pkl,10000,101.26082568569183,1.2608256856918274
flow_npe,100,10000,N=n^2,34,sigma,posterior_samples.pkl,10000,1.9326329355705063,-0.0673670644294937
flow_npe,100,10000,N=n^2,34,xi,posterior_samples.pkl,10000,-0.219933706510067,-0.11993370651006699
flow_npe,100,10000,N=n^2,35,lambda,posterior_samples.pkl,10000,99.94217706184388,-0.057822938156121495
flow_npe,100,10000,N=n^2,35,sigma,posterior_samples.pkl,10000,2.369588017664058,0.369588017664058
flow_npe,100,10000,N=n^2,35,xi,posterior_samples.pkl,10000,-0.4208012215852737,-0.3208012215852737
flow_npe,100,10000,N=n^2,36,lambda,posterior_samples.pkl,10000,100.35546364517212,0.35546364517212226
flow_npe,100,10000,N=n^2,36,sigma,posterior_samples.pkl,10000,1.950452309575677,-0.049547690424323054
flow_npe,100,10000,N=n^2,36,xi,posterior_samples.pkl,10000,-0.10337830866575241,-0.003378308665752408
flow_npe,100,10000,N=n^2,37,lambda,posterior_samples.pkl,10000,100.5520827178955,0.5520827178955017
flow_npe,100,10000,N=n^2,37,sigma,posterior_samples.pkl,10000,2.033459855192527,0.033459855192527144
flow_npe,100,10000,N=n^2,37,xi,posterior_samples.pkl,10000,-0.11956425931453706,-0.01956425931453705
flow_npe,100,10000,N=n^2,38,lambda,posterior_samples.pkl,10000,99.1803383775711,-0.819661622428896
flow_npe,100,10000,N=n^2,38,sigma,posterior_samples.pkl,10000,2.2675306513914837,0.2675306513914837
flow_npe,100,10000,N=n^2,38,xi,posterior_samples.pkl,10000,-0.19126383494138718,-0.09126383494138718
flow_npe,100,10000,N=n^2,40,lambda,posterior_samples.pkl,10000,99.73888115844727,-0.26111884155272946
flow_npe,100,10000,N=n^2,40,sigma,posterior_samples.pkl,10000,1.8799901310019196,-0.12000986899808042
flow_npe,100,10000,N=n^2,40,xi,posterior_samples.pkl,10000,-0.07346861233711242,0.02653138766288758
flow_npe,100,10000,N=n^2,41,lambda,posterior_samples.pkl,10000,100.00255396194459,0.002553961944585126
flow_npe,100,10000,N=n^2,41,sigma,posterior_samples.pkl,10000,2.0792342664723287,0.07923426647232867
flow_npe,100,10000,N=n^2,41,xi,posterior_samples.pkl,10000,-0.29753440475463866,-0.19753440475463865
flow_npe,100,10000,N=n^2,42,lambda,posterior_samples.pkl,10000,99.13444639816284,-0.8655536018371635
flow_npe,100,10000,N=n^2,42,sigma,posterior_samples.pkl,10000,2.7300364365807734,0.7300364365807734
flow_npe,100,10000,N=n^2,42,xi,posterior_samples.pkl,10000,-0.4837258996844292,-0.38372589968442916
flow_npe,100,10000,N=n^2,43,lambda,posterior_samples.pkl,10000,100.20682540130615,0.20682540130614768
flow_npe,100,10000,N=n^2,43,sigma,posterior_samples.pkl,10000,2.008343185525108,0.008343185525108154
flow_npe,100,10000,N=n^2,43,xi,posterior_samples.pkl,10000,-0.11260495622158051,-0.012604956221580504
flow_npe,100,10000,N=n^2,44,lambda,posterior_samples.pkl,10000,100.82483480262756,0.8248348026275636
flow_npe,100,10000,N=n^2,44,sigma,posterior_samples.pkl,10000,2.4462822738654912,0.44628227386549124
flow_npe,100,10000,N=n^2,44,xi,posterior_samples.pkl,10000,-0.27012347259521485,-0.17012347259521485
flow_npe,100,10000,N=n^2,45,lambda,posterior_samples.pkl,10000,101.32037497406006,1.3203749740600585
flow_npe,100,10000,N=n^2,45,sigma,posterior_samples.pkl,10000,2.123996907046437,0.12399690704643707
flow_npe,100,10000,N=n^2,45,xi,posterior_samples.pkl,10000,-0.1563983172893524,-0.056398317289352407
flow_npe,100,10000,N=n^2,46,lambda,posterior_samples.pkl,10000,99.20977876739502,-0.7902212326049778
flow_npe,100,10000,N=n^2,46,sigma,posterior_samples.pkl,10000,2.0532670604910703,0.05326706049107033
flow_npe,100,10000,N=n^2,46,xi,posterior_samples.pkl,10000,-0.14920774792432784,-0.04920774792432783
flow_npe,100,10000,N=n^2,47,lambda,posterior_samples.pkl,10000,99.92617305755616,-0.07382694244384425
flow_npe,100,10000,N=n^2,47,sigma,posterior_samples.pkl,10000,1.928811273826519,-0.07118872617348093
flow_npe,100,10000,N=n^2,47,xi,posterior_samples.pkl,10000,-0.1382727014541626,-0.03827270145416259
flow_npe,100,10000,N=n^2,48,lambda,posterior_samples.pkl,10000,99.61195116901398,-0.3880488309860226
flow_npe,100,10000,N=n^2,48,sigma,posterior_samples.pkl,10000,2.10172090705093,0.10172090705093018
flow_npe,100,10000,N=n^2,48,xi,posterior_samples.pkl,10000,-0.16031316531896592,-0.06031316531896591
flow_npe,100,10000,N=n^2,49,lambda,posterior_samples.pkl,10000,99.62207352085113,-0.37792647914886857
flow_npe,100,10000,N=n^2,49,sigma,posterior_samples.pkl,10000,2.010358023649454,0.01035802364945404
flow_npe,100,10000,N=n^2,49,xi,posterior_samples.pkl,10000,-0.14027339240312575,-0.040273392403125746
flow_npe,100,10000,N=n^2,50,lambda,posterior_samples.pkl,10000,100.80871408309936,0.8087140830993604
flow_npe,100,10000,N=n^2,50,sigma,posterior_samples.pkl,10000,2.34685526212533,0.34685526212533
flow_npe,100,10000,N=n^2,50,xi,posterior_samples.pkl,10000,-0.27402062176465986,-0.17402062176465985
flow_npe,100,10000,N=n^2,51,lambda,posterior_samples.pkl,10000,100.51908694019318,0.5190869401931764
flow_npe,100,10000,N=n^2,51,sigma,posterior_samples.pkl,10000,2.6275516709558664,0.6275516709558664
flow_npe,100,10000,N=n^2,51,xi,posterior_samples.pkl,10000,-0.49724323278665544,-0.3972432327866554
flow_npe,100,10000,N=n^2,52,lambda,posterior_samples.pkl,10000,99.3110751422882,-0.6889248577117968
flow_npe,100,10000,N=n^2,52,sigma,posterior_samples.pkl,10000,2.2002611416109836,0.20026114161098363
flow_npe,100,10000,N=n^2,52,xi,posterior_samples.pkl,10000,-0.2540349439620972,-0.1540349439620972
flow_npe,100,10000,N=n^2,53,lambda,posterior_samples.pkl,10000,98.91924762248993,-1.0807523775100663
flow_npe,100,10000,N=n^2,53,sigma,posterior_samples.pkl,10000,1.9602981536988169,-0.03970184630118312
flow_npe,100,10000,N=n^2,53,xi,posterior_samples.pkl,10000,-0.13173149130344391,-0.03173149130344391
flow_npe,100,10000,N=n^2,54,lambda,posterior_samples.pkl,10000,102.08934898395539,2.0893489839553894
flow_npe,100,10000,N=n^2,54,sigma,posterior_samples.pkl,10000,1.911996613740921,-0.088003386259079
flow_npe,100,10000,N=n^2,54,xi,posterior_samples.pkl,10000,-0.13167128983736037,-0.03167128983736037
flow_npe,100,10000,N=n^2,55,lambda,posterior_samples.pkl,10000,100.99036596870422,0.990365968704225
flow_npe,100,10000,N=n^2,55,sigma,posterior_samples.pkl,10000,2.709882941252552,0.7098829412525518
flow_npe,100,10000,N=n^2,55,xi,posterior_samples.pkl,10000,-0.529430734372139,-0.42943073437213897
flow_npe,100,10000,N=n^2,56,lambda,posterior_samples.pkl,10000,98.24277211227417,-1.7572278877258327
flow_npe,100,10000,N=n^2,56,sigma,posterior_samples.pkl,10000,2.6996430760091172,0.6996430760091172
flow_npe,100,10000,N=n^2,56,xi,posterior_samples.pkl,10000,-0.5183865687966347,-0.4183865687966347
flow_npe,100,10000,N=n^2,57,lambda,posterior_samples.pkl,10000,100.02972402400971,0.029724024009709638
flow_npe,100,10000,N=n^2,57,sigma,posterior_samples.pkl,10000,2.307719848318398,0.3077198483183978
flow_npe,100,10000,N=n^2,57,xi,posterior_samples.pkl,10000,-0.2721176285862923,-0.1721176285862923
flow_npe,100,10000,N=n^2,58,lambda,posterior_samples.pkl,10000,99.71033833198547,-0.2896616680145314
flow_npe,100,10000,N=n^2,58,sigma,posterior_samples.pkl,10000,1.9584555482453667,-0.04154445175463328
flow_npe,100,10000,N=n^2,58,xi,posterior_samples.pkl,10000,-0.16175001670122147,-0.06175001670122146
flow_npe,100,10000,N=n^2,59,lambda,posterior_samples.pkl,10000,99.37222360687255,-0.6277763931274478
flow_npe,100,10000,N=n^2,59,sigma,posterior_samples.pkl,10000,1.9488230910589919,-0.051176908941008126
flow_npe,100,10000,N=n^2,59,xi,posterior_samples.pkl,10000,-0.14281736260652542,-0.04281736260652541
flow_npe,100,10000,N=n^2,60,lambda,posterior_samples.pkl,10000,99.30219271125793,-0.6978072887420694
flow_npe,100,10000,N=n^2,60,sigma,posterior_samples.pkl,10000,2.0789790351204576,0.07897903512045756
flow_npe,100,10000,N=n^2,60,xi,posterior_samples.pkl,10000,-0.24815054277181625,-0.14815054277181625
flow_npe,100,10000,N=n^2,61,lambda,posterior_samples.pkl,10000,98.9704304895401,-1.0295695104598934
flow_npe,100,10000,N=n^2,61,sigma,posterior_samples.pkl,10000,2.98444756706357,0.9844475670635702
flow_npe,100,10000,N=n^2,61,xi,posterior_samples.pkl,10000,-0.6340583713054657,-0.5340583713054657
flow_npe,100,10000,N=n^2,62,lambda,posterior_samples.pkl,10000,100.48343510398865,0.4834351039886542
flow_npe,100,10000,N=n^2,62,sigma,posterior_samples.pkl,10000,1.8460963836549782,-0.1539036163450218
flow_npe,100,10000,N=n^2,62,xi,posterior_samples.pkl,10000,-0.12779474791288375,-0.02779474791288375
flow_npe,100,10000,N=n^2,63,lambda,posterior_samples.pkl,10000,100.2133568763733,0.2133568763732967
flow_npe,100,10000,N=n^2,63,sigma,posterior_samples.pkl,10000,2.557563693860918,0.5575636938609181
flow_npe,100,10000,N=n^2,63,xi,posterior_samples.pkl,10000,-0.4703521192908287,-0.3703521192908287
flow_npe,100,10000,N=n^2,64,lambda,posterior_samples.pkl,10000,100.47510881271363,0.4751088127136285
flow_npe,100,10000,N=n^2,64,sigma,posterior_samples.pkl,10000,2.2658768612481652,0.26587686124816523
flow_npe,100,10000,N=n^2,64,xi,posterior_samples.pkl,10000,-0.2711550032258034,-0.17115500322580338
flow_npe,100,10000,N=n^2,65,lambda,posterior_samples.pkl,10000,99.77196812820435,-0.22803187179565043
flow_npe,100,10000,N=n^2,65,sigma,posterior_samples.pkl,10000,2.1202798450581497,0.1202798450581497
flow_npe,100,10000,N=n^2,65,xi,posterior_samples.pkl,10000,-0.2360588059425354,-0.1360588059425354
flow_npe,100,10000,N=n^2,66,lambda,posterior_samples.pkl,10000,100.77445795516968,0.7744579551696802
flow_npe,100,10000,N=n^2,66,sigma,posterior_samples.pkl,10000,2.1117953384971244,0.11179533849712442
flow_npe,100,10000,N=n^2,66,xi,posterior_samples.pkl,10000,-0.17946259015798569,-0.07946259015798568
flow_npe,100,10000,N=n^2,67,lambda,posterior_samples.pkl,10000,101.11470700683594,1.1147070068359426
flow_npe,100,10000,N=n^2,67,sigma,posterior_samples.pkl,10000,1.987515280147735,-0.01248471985226507
flow_npe,100,10000,N=n^2,67,xi,posterior_samples.pkl,10000,-0.24002029114961623,-0.14002029114961623
flow_npe,100,10000,N=n^2,68,lambda,posterior_samples.pkl,10000,101.12214149742127,1.1221414974212678
flow_npe,100,10000,N=n^2,68,sigma,posterior_samples.pkl,10000,2.0716108602242542,0.07161086022425422
flow_npe,100,10000,N=n^2,68,xi,posterior_samples.pkl,10000,-0.15166983668804168,-0.051669836688041676
flow_npe,100,10000,N=n^2,69,lambda,posterior_samples.pkl,10000,99.73041829223632,-0.2695817077636775
flow_npe,100,10000,N=n^2,69,sigma,posterior_samples.pkl,10000,2.4500569935418666,0.45005699354186657
flow_npe,100,10000,N=n^2,69,xi,posterior_samples.pkl,10000,-0.3073452152132988,-0.20734521521329877
flow_npe,100,10000,N=n^2,70,lambda,posterior_samples.pkl,10000,100.45263247833252,0.45263247833251796
flow_npe,100,10000,N=n^2,70,sigma,posterior_samples.pkl,10000,2.3029911406329835,0.3029911406329835
flow_npe,100,10000,N=n^2,70,xi,posterior_samples.pkl,10000,-0.25460440797805783,-0.15460440797805783
flow_npe,100,10000,N=n^2,71,lambda,posterior_samples.pkl,10000,100.3829346654892,0.3829346654892021
flow_npe,100,10000,N=n^2,71,sigma,posterior_samples.pkl,10000,2.237218069728464,0.23721806972846382
flow_npe,100,10000,N=n^2,71,xi,posterior_samples.pkl,10000,-0.18827559809684755,-0.08827559809684754
flow_npe,100,10000,N=n^2,72,lambda,posterior_samples.pkl,10000,98.45281449890136,-1.5471855010986388
flow_npe,100,10000,N=n^2,72,sigma,posterior_samples.pkl,10000,2.6195909825213253,0.6195909825213253
flow_npe,100,10000,N=n^2,72,xi,posterior_samples.pkl,10000,-0.4235590656399727,-0.3235590656399727
flow_npe,100,10000,N=n^2,73,lambda,posterior_samples.pkl,10000,99.17944149017335,-0.8205585098266539
flow_npe,100,10000,N=n^2,73,sigma,posterior_samples.pkl,10000,2.2423213221568616,0.24232132215686164
flow_npe,100,10000,N=n^2,73,xi,posterior_samples.pkl,10000,-0.2362585304260254,-0.1362585304260254
flow_npe,100,10000,N=n^2,74,lambda,posterior_samples.pkl,10000,99.41661962738037,-0.5833803726196294
flow_npe,100,10000,N=n^2,74,sigma,posterior_samples.pkl,10000,2.042468926741276,0.042468926741276114
flow_npe,100,10000,N=n^2,74,xi,posterior_samples.pkl,10000,-0.1572276031255722,-0.05722760312557221
flow_npe,100,10000,N=n^2,75,lambda,posterior_samples.pkl,10000,101.18890288734436,1.188902887344355
flow_npe,100,10000,N=n^2,75,sigma,posterior_samples.pkl,10000,2.3150378212049603,0.31503782120496027
flow_npe,100,10000,N=n^2,75,xi,posterior_samples.pkl,10000,-0.299518375825882,-0.19951837582588197
flow_npe,100,10000,N=n^2,76,lambda,posterior_samples.pkl,10000,100.66974741172791,0.6697474117279114
flow_npe,100,10000,N=n^2,76,sigma,posterior_samples.pkl,10000,1.7206192141707985,-0.27938078582920145
flow_npe,100,10000,N=n^2,76,xi,posterior_samples.pkl,10000,-0.06082091158628464,0.03917908841371537
flow_npe,100,10000,N=n^2,77,lambda,posterior_samples.pkl,10000,98.38164829235077,-1.618351707649225
flow_npe,100,10000,N=n^2,77,sigma,posterior_samples.pkl,10000,2.0893412259565665,0.08934122595656646
flow_npe,100,10000,N=n^2,77,xi,posterior_samples.pkl,10000,-0.1441927368402481,-0.044192736840248104
flow_npe,100,10000,N=n^2,78,lambda,posterior_samples.pkl,10000,100.46120678710938,0.4612067871093757
flow_npe,100,10000,N=n^2,78,sigma,posterior_samples.pkl,10000,2.7978981909709053,0.7978981909709053
flow_npe,100,10000,N=n^2,78,xi,posterior_samples.pkl,10000,-0.47248319679498674,-0.37248319679498676
flow_npe,100,10000,N=n^2,79,lambda,posterior_samples.pkl,10000,99.08479202766418,-0.9152079723358213
flow_npe,100,10000,N=n^2,79,sigma,posterior_samples.pkl,10000,2.2346804673473817,0.23468046734738168
flow_npe,100,10000,N=n^2,79,xi,posterior_samples.pkl,10000,-0.25790576721429825,-0.15790576721429825
flow_npe,100,10000,N=n^2,80,lambda,posterior_samples.pkl,10000,100.86536539669036,0.8653653966903647
flow_npe,100,10000,N=n^2,80,sigma,posterior_samples.pkl,10000,2.8183023780684917,0.8183023780684917
flow_npe,100,10000,N=n^2,80,xi,posterior_samples.pkl,10000,-0.381242071390152,-0.281242071390152
flow_npe,100,10000,N=n^2,81,lambda,posterior_samples.pkl,10000,100.1115122882843,0.11151228828430249
flow_npe,100,10000,N=n^2,81,sigma,posterior_samples.pkl,10000,2.0615109823852777,0.061510982385277746
flow_npe,100,10000,N=n^2,81,xi,posterior_samples.pkl,10000,-0.11814347658157348,-0.018143476581573476
flow_npe,100,10000,N=n^2,82,lambda,posterior_samples.pkl,10000,98.20005611801147,-1.7999438819885256
flow_npe,100,10000,N=n^2,82,sigma,posterior_samples.pkl,10000,2.296688493630476,0.2966884936304761
flow_npe,100,10000,N=n^2,82,xi,posterior_samples.pkl,10000,-0.2669581757426262,-0.1669581757426262
flow_npe,100,10000,N=n^2,83,lambda,posterior_samples.pkl,10000,100.72900797157287,0.7290079715728695
flow_npe,100,10000,N=n^2,83,sigma,posterior_samples.pkl,10000,1.984452332843095,-0.015547667156905032
flow_npe,100,10000,N=n^2,83,xi,posterior_samples.pkl,10000,-0.1963736964225769,-0.0963736964225769
flow_npe,100,10000,N=n^2,84,lambda,posterior_samples.pkl,10000,99.88414215431213,-0.11585784568787005
flow_npe,100,10000,N=n^2,84,sigma,posterior_samples.pkl,10000,1.8668235477629118,-0.13317645223708818
flow_npe,100,10000,N=n^2,84,xi,posterior_samples.pkl,10000,-0.10713990702629089,-0.007139907026290887
flow_npe,100,10000,N=n^2,85,lambda,posterior_samples.pkl,10000,100.74383618412018,0.7438361841201839
flow_npe,100,10000,N=n^2,85,sigma,posterior_samples.pkl,10000,2.0060808960895056,0.006080896089505572
flow_npe,100,10000,N=n^2,85,xi,posterior_samples.pkl,10000,-0.18300224606990814,-0.08300224606990814
flow_npe,100,10000,N=n^2,86,lambda,posterior_samples.pkl,10000,99.46156236038208,-0.5384376396179249
flow_npe,100,10000,N=n^2,86,sigma,posterior_samples.pkl,10000,2.113394066315889,0.11339406631588922
flow_npe,100,10000,N=n^2,86,xi,posterior_samples.pkl,10000,-0.1956291239619255,-0.0956291239619255
flow_npe,100,10000,N=n^2,87,lambda,posterior_samples.pkl,10000,98.75911107482911,-1.2408889251708928
flow_npe,100,10000,N=n^2,87,sigma,posterior_samples.pkl,10000,1.9766978132396005,-0.023302186760399524
flow_npe,100,10000,N=n^2,87,xi,posterior_samples.pkl,10000,-0.14738754909038543,-0.04738754909038542
flow_npe,100,10000,N=n^2,88,lambda,posterior_samples.pkl,10000,101.04761638145447,1.0476163814544748
flow_npe,100,10000,N=n^2,88,sigma,posterior_samples.pkl,10000,1.94733498805305,-0.05266501194695006
flow_npe,100,10000,N=n^2,88,xi,posterior_samples.pkl,10000,-0.10482742741107941,-0.004827427411079402
flow_npe,100,10000,N=n^2,89,lambda,posterior_samples.pkl,10000,100.27735182418823,0.27735182418823
flow_npe,100,10000,N=n^2,89,sigma,posterior_samples.pkl,10000,1.8502986988094636,-0.14970130119053637
flow_npe,100,10000,N=n^2,89,xi,posterior_samples.pkl,10000,-0.08605919454097748,0.013940805459022529
flow_npe,100,10000,N=n^2,90,lambda,posterior_samples.pkl,10000,99.39724834442139,-0.602751655578615
flow_npe,100,10000,N=n^2,90,sigma,posterior_samples.pkl,10000,2.0546971589245833,0.05469715892458327
flow_npe,100,10000,N=n^2,90,xi,posterior_samples.pkl,10000,-0.14949193756580353,-0.04949193756580353
flow_npe,100,10000,N=n^2,91,lambda,posterior_samples.pkl,10000,100.20896976470948,0.20896976470947948
flow_npe,100,10000,N=n^2,91,sigma,posterior_samples.pkl,10000,2.558279690760374,0.558279690760374
flow_npe,100,10000,N=n^2,91,xi,posterior_samples.pkl,10000,-0.34777185369729996,-0.24777185369729995
flow_npe,100,10000,N=n^2,92,lambda,posterior_samples.pkl,10000,102.87732515411376,2.8773251541137626
flow_npe,100,10000,N=n^2,92,sigma,posterior_samples.pkl,10000,2.1099017360436263,0.1099017360436263
flow_npe,100,10000,N=n^2,92,xi,posterior_samples.pkl,10000,-0.15600447157621383,-0.05600447157621383
flow_npe,100,10000,N=n^2,93,lambda,posterior_samples.pkl,10000,99.20011713294983,-0.7998828670501723
flow_npe,100,10000,N=n^2,93,sigma,posterior_samples.pkl,10000,2.2231424232449384,0.22314242324493838
flow_npe,100,10000,N=n^2,93,xi,posterior_samples.pkl,10000,-0.31474667493104935,-0.21474667493104935
flow_npe,100,10000,N=n^2,94,lambda,posterior_samples.pkl,10000,99.24815686225891,-0.7518431377410906
flow_npe,100,10000,N=n^2,94,sigma,posterior_samples.pkl,10000,1.9408195939831436,-0.05918040601685637
flow_npe,100,10000,N=n^2,94,xi,posterior_samples.pkl,10000,-0.20030773240327834,-0.10030773240327834
flow_npe,100,10000,N=n^2,95,lambda,posterior_samples.pkl,10000,101.12843249588013,1.1284324958801335
flow_npe,100,10000,N=n^2,95,sigma,posterior_samples.pkl,10000,2.587373800248187,0.5873738002481872
flow_npe,100,10000,N=n^2,95,xi,posterior_samples.pkl,10000,-0.38014395290613173,-0.2801439529061317
flow_npe,100,10000,N=n^2,96,lambda,posterior_samples.pkl,10000,99.64232438926697,-0.35767561073302545
flow_npe,100,10000,N=n^2,96,sigma,posterior_samples.pkl,10000,2.047997231081128,0.04799723108112808
flow_npe,100,10000,N=n^2,96,xi,posterior_samples.pkl,10000,-0.16471918511390687,-0.06471918511390687
flow_npe,100,10000,N=n^2,97,lambda,posterior_samples.pkl,10000,101.12883927307129,1.1288392730712928
flow_npe,100,10000,N=n^2,97,sigma,posterior_samples.pkl,10000,2.665284980906546,0.665284980906546
flow_npe,100,10000,N=n^2,97,xi,posterior_samples.pkl,10000,-0.5565683446049691,-0.4565683446049691
flow_npe,100,10000,N=n^2,98,lambda,posterior_samples.pkl,10000,99.88477731323242,-0.11522268676758074
flow_npe,100,10000,N=n^2,98,sigma,posterior_samples.pkl,10000,2.2582353868981824,0.2582353868981824
flow_npe,100,10000,N=n^2,98,xi,posterior_samples.pkl,10000,-0.28041742680072784,-0.18041742680072784
flow_npe,100,10000,N=n^2,99,lambda,posterior_samples.pkl,10000,98.52411171188355,-1.475888288116451
flow_npe,100,10000,N=n^2,99,sigma,posterior_samples.pkl,10000,2.0631547265051866,0.06315472650518661
flow_npe,100,10000,N=n^2,99,xi,posterior_samples.pkl,10000,-0.1846750982284546,-0.08467509822845459
flow_npe,100,10000,N=n^2,100,lambda,posterior_samples.pkl,10000,99.01669634437562,-0.9833036556243826
flow_npe,100,10000,N=n^2,100,sigma,posterior_samples.pkl,10000,2.115799328345805,0.1157993283458052
flow_npe,100,10000,N=n^2,100,xi,posterior_samples.pkl,10000,-0.15879337050914766,-0.05879337050914765
flow_npe,500,500,N=n,0,lambda,posterior_samples.pkl,10000,98.02502787799835,-1.9749721220016454
flow_npe,500,500,N=n,0,sigma,posterior_samples.pkl,10000,3.298864028316736,1.298864028316736
flow_npe,500,500,N=n,0,xi,posterior_samples.pkl,10000,-1.3415849792957306,-1.2415849792957305
flow_npe,500,500,N=n,1,lambda,posterior_samples.pkl,10000,100.35060560913087,0.35060560913086647
flow_npe,500,500,N=n,1,sigma,posterior_samples.pkl,10000,4.194461244117841,2.194461244117841
flow_npe,500,500,N=n,1,xi,posterior_samples.pkl,10000,-1.588216121172905,-1.4882161211729048
flow_npe,500,500,N=n,2,lambda,posterior_samples.pkl,10000,97.30213388500214,-2.697866114997865
flow_npe,500,500,N=n,2,sigma,posterior_samples.pkl,10000,3.1842984217789954,1.1842984217789954
flow_npe,500,500,N=n,2,xi,posterior_samples.pkl,10000,-1.4474090079784394,-1.3474090079784393
flow_npe,500,500,N=n,3,lambda,posterior_samples.pkl,10000,98.26116653461456,-1.73883346538544
flow_npe,500,500,N=n,3,sigma,posterior_samples.pkl,10000,3.4621839313492178,1.4621839313492178
flow_npe,500,500,N=n,3,xi,posterior_samples.pkl,10000,-1.401599088215828,-1.301599088215828
flow_npe,500,500,N=n,4,lambda,posterior_samples.pkl,10000,99.34168832817078,-0.6583116718292246
flow_npe,500,500,N=n,4,sigma,posterior_samples.pkl,10000,3.106488316770224,1.106488316770224
flow_npe,500,500,N=n,4,xi,posterior_samples.pkl,10000,-1.4502995179414748,-1.3502995179414747
flow_npe,500,500,N=n,5,lambda,posterior_samples.pkl,10000,100.83861169433594,0.8386116943359383
flow_npe,500,500,N=n,5,sigma,posterior_samples.pkl,10000,3.6553462301444264,1.6553462301444264
flow_npe,500,500,N=n,5,xi,posterior_samples.pkl,10000,-1.4805233584165574,-1.3805233584165573
flow_npe,500,500,N=n,6,lambda,posterior_samples.pkl,10000,100.09158715896606,0.09158715896606395
flow_npe,500,500,N=n,6,sigma,posterior_samples.pkl,10000,3.42589731110977,1.42589731110977
flow_npe,500,500,N=n,6,xi,posterior_samples.pkl,10000,-1.426786302447319,-1.326786302447319
flow_npe,500,500,N=n,7,lambda,posterior_samples.pkl,10000,99.90083780860901,-0.09916219139098814
flow_npe,500,500,N=n,7,sigma,posterior_samples.pkl,10000,3.5592865893375127,1.5592865893375127
flow_npe,500,500,N=n,7,xi,posterior_samples.pkl,10000,-1.5407074308633804,-1.4407074308633803
flow_npe,500,500,N=n,8,lambda,posterior_samples.pkl,10000,99.02211398582459,-0.9778860141754109
flow_npe,500,500,N=n,8,sigma,posterior_samples.pkl,10000,3.547506353869662,1.5475063538696618
flow_npe,500,500,N=n,8,xi,posterior_samples.pkl,10000,-1.6358165654182435,-1.5358165654182434
flow_npe,500,500,N=n,9,lambda,posterior_samples.pkl,10000,97.92063569793702,-2.0793643020629844
flow_npe,500,500,N=n,9,sigma,posterior_samples.pkl,10000,3.1040128485804424,1.1040128485804424
flow_npe,500,500,N=n,9,xi,posterior_samples.pkl,10000,-1.2722279578447342,-1.172227957844734
flow_npe,500,500,N=n,10,lambda,posterior_samples.pkl,10000,100.78909795761109,0.7890979576110908
flow_npe,500,500,N=n,10,sigma,posterior_samples.pkl,10000,2.910540127176233,0.9105401271762328
flow_npe,500,500,N=n,10,xi,posterior_samples.pkl,10000,-1.2778682741761207,-1.1778682741761206
flow_npe,500,500,N=n,11,lambda,posterior_samples.pkl,10000,100.32232525787353,0.32232525787352984
flow_npe,500,500,N=n,11,sigma,posterior_samples.pkl,10000,3.0878712241189556,1.0878712241189556
flow_npe,500,500,N=n,11,xi,posterior_samples.pkl,10000,-1.1863396131157875,-1.0863396131157874
flow_npe,500,500,N=n,12,lambda,posterior_samples.pkl,10000,99.19124225730896,-0.8087577426910428
flow_npe,500,500,N=n,12,sigma,posterior_samples.pkl,10000,3.529709241187386,1.529709241187386
flow_npe,500,500,N=n,12,xi,posterior_samples.pkl,10000,-1.497472859787941,-1.397472859787941
flow_npe,500,500,N=n,13,lambda,posterior_samples.pkl,10000,100.54954385433197,0.5495438543319722
flow_npe,500,500,N=n,13,sigma,posterior_samples.pkl,10000,3.9906082656875252,1.9906082656875252
flow_npe,500,500,N=n,13,xi,posterior_samples.pkl,10000,-1.4660562182426453,-1.3660562182426452
flow_npe,500,500,N=n,14,lambda,posterior_samples.pkl,10000,99.93757667503357,-0.06242332496643144
flow_npe,500,500,N=n,14,sigma,posterior_samples.pkl,10000,3.193331342594512,1.193331342594512
flow_npe,500,500,N=n,14,xi,posterior_samples.pkl,10000,-1.0908154490828514,-0.9908154490828515
flow_npe,500,500,N=n,15,lambda,posterior_samples.pkl,10000,99.35604566364289,-0.6439543363571119
flow_npe,500,500,N=n,15,sigma,posterior_samples.pkl,10000,2.6093621804516762,0.6093621804516762
flow_npe,500,500,N=n,15,xi,posterior_samples.pkl,10000,-1.2300045964479447,-1.1300045964479446
flow_npe,500,500,N=n,16,lambda,posterior_samples.pkl,10000,97.7326515832901,-2.2673484167098934
flow_npe,500,500,N=n,16,sigma,posterior_samples.pkl,10000,3.2141870200797915,1.2141870200797915
flow_npe,500,500,N=n,16,xi,posterior_samples.pkl,10000,-1.2847542535543441,-1.184754253554344
flow_npe,500,500,N=n,17,lambda,posterior_samples.pkl,10000,95.14078095645904,-4.859219043540961
flow_npe,500,500,N=n,17,sigma,posterior_samples.pkl,10000,2.9312090470932426,0.9312090470932426
flow_npe,500,500,N=n,17,xi,posterior_samples.pkl,10000,-1.2205922297477723,-1.1205922297477722
flow_npe,500,500,N=n,18,lambda,posterior_samples.pkl,10000,100.06316644325257,0.06316644325256959
flow_npe,500,500,N=n,18,sigma,posterior_samples.pkl,10000,2.6318373761814087,0.6318373761814087
flow_npe,500,500,N=n,18,xi,posterior_samples.pkl,10000,-1.2729090342998504,-1.1729090342998503
flow_npe,500,500,N=n,19,lambda,posterior_samples.pkl,10000,98.34084485683441,-1.6591551431655915
flow_npe,500,500,N=n,19,sigma,posterior_samples.pkl,10000,2.967980823255144,0.9679808232551439
flow_npe,500,500,N=n,19,xi,posterior_samples.pkl,10000,-1.2348777581930162,-1.134877758193016
flow_npe,500,500,N=n,20,lambda,posterior_samples.pkl,10000,99.07022669219971,-0.9297733078002892
flow_npe,500,500,N=n,20,sigma,posterior_samples.pkl,10000,3.490167803801596,1.490167803801596
flow_npe,500,500,N=n,20,xi,posterior_samples.pkl,10000,-1.2730127778291702,-1.1730127778291701
flow_npe,500,500,N=n,21,lambda,posterior_samples.pkl,10000,99.9835368675232,-0.01646313247680098
flow_npe,500,500,N=n,21,sigma,posterior_samples.pkl,10000,3.306930698430911,1.3069306984309108
flow_npe,500,500,N=n,21,xi,posterior_samples.pkl,10000,-1.3398646676898003,-1.2398646676898002
flow_npe,500,500,N=n,22,lambda,posterior_samples.pkl,10000,99.82597841968537,-0.1740215803146299
flow_npe,500,500,N=n,22,sigma,posterior_samples.pkl,10000,3.431449046403542,1.431449046403542
flow_npe,500,500,N=n,22,xi,posterior_samples.pkl,10000,-1.4480088815689087,-1.3480088815689086
flow_npe,500,500,N=n,23,lambda,posterior_samples.pkl,10000,101.35548929214478,1.3554892921447816
flow_npe,500,500,N=n,23,sigma,posterior_samples.pkl,10000,3.8986907859181987,1.8986907859181987
flow_npe,500,500,N=n,23,xi,posterior_samples.pkl,10000,-1.4778650436997414,-1.3778650436997413
flow_npe,500,500,N=n,24,lambda,posterior_samples.pkl,10000,99.65284409389496,-0.3471559061050442
flow_npe,500,500,N=n,24,sigma,posterior_samples.pkl,10000,3.8257048444761894,1.8257048444761894
flow_npe,500,500,N=n,24,xi,posterior_samples.pkl,10000,-1.4827832485675811,-1.382783248567581
flow_npe,500,500,N=n,25,lambda,posterior_samples.pkl,10000,99.71139660606384,-0.28860339393615675
flow_npe,500,500,N=n,25,sigma,posterior_samples.pkl,10000,2.9734115949919446,0.9734115949919446
flow_npe,500,500,N=n,25,xi,posterior_samples.pkl,10000,-1.398983580851555,-1.2989835808515549
flow_npe,500,500,N=n,26,lambda,posterior_samples.pkl,10000,98.48864728546143,-1.5113527145385746
flow_npe,500,500,N=n,26,sigma,posterior_samples.pkl,10000,3.4156404988138935,1.4156404988138935
flow_npe,500,500,N=n,26,xi,posterior_samples.pkl,10000,-1.6196655418395995,-1.5196655418395995
flow_npe,500,500,N=n,27,lambda,posterior_samples.pkl,10000,97.37102083587646,-2.6289791641235354
flow_npe,500,500,N=n,27,sigma,posterior_samples.pkl,10000,3.5353652263842523,1.5353652263842523
flow_npe,500,500,N=n,27,xi,posterior_samples.pkl,10000,-1.6778350186944009,-1.5778350186944008
flow_npe,500,500,N=n,28,lambda,posterior_samples.pkl,10000,98.92581746463776,-1.0741825353622403
flow_npe,500,500,N=n,28,sigma,posterior_samples.pkl,10000,3.2975754800940864,1.2975754800940864
flow_npe,500,500,N=n,28,xi,posterior_samples.pkl,10000,-1.4452821563005447,-1.3452821563005446
flow_npe,500,500,N=n,29,lambda,posterior_samples.pkl,10000,101.67410767097473,1.6741076709747347
flow_npe,500,500,N=n,29,sigma,posterior_samples.pkl,10000,3.200700722356513,1.2007007223565132
flow_npe,500,500,N=n,29,xi,posterior_samples.pkl,10000,-1.2106775746107101,-1.11067757461071
flow_npe,500,500,N=n,30,lambda,posterior_samples.pkl,10000,95.20976866874695,-4.790231331253054
flow_npe,500,500,N=n,30,sigma,posterior_samples.pkl,10000,3.2138322268074377,1.2138322268074377
flow_npe,500,500,N=n,30,xi,posterior_samples.pkl,10000,-1.419754555773735,-1.319754555773735
flow_npe,500,500,N=n,31,lambda,posterior_samples.pkl,10000,97.71430845203399,-2.2856915479660103
flow_npe,500,500,N=n,31,sigma,posterior_samples.pkl,10000,3.109264728759369,1.1092647287593689
flow_npe,500,500,N=n,31,xi,posterior_samples.pkl,10000,-1.4567164847612382,-1.356716484761238
flow_npe,500,500,N=n,32,lambda,posterior_samples.pkl,10000,99.90393628005981,-0.09606371994019014
flow_npe,500,500,N=n,32,sigma,posterior_samples.pkl,10000,2.904720740606263,0.9047207406062632
flow_npe,500,500,N=n,32,xi,posterior_samples.pkl,10000,-1.2567837357521057,-1.1567837357521056
flow_npe,500,500,N=n,33,lambda,posterior_samples.pkl,10000,99.3216294845581,-0.6783705154418982
flow_npe,500,500,N=n,33,sigma,posterior_samples.pkl,10000,3.5858113638353535,1.5858113638353535
flow_npe,500,500,N=n,33,xi,posterior_samples.pkl,10000,-1.3734340118527413,-1.2734340118527412
flow_npe,500,500,N=n,34,lambda,posterior_samples.pkl,10000,99.11174046974182,-0.8882595302581819
flow_npe,500,500,N=n,34,sigma,posterior_samples.pkl,10000,3.075382379832445,1.075382379832445
flow_npe,500,500,N=n,34,xi,posterior_samples.pkl,10000,-1.107958940219879,-1.007958940219879
flow_npe,500,500,N=n,35,lambda,posterior_samples.pkl,10000,99.95287432842255,-0.04712567157744729
flow_npe,500,500,N=n,35,sigma,posterior_samples.pkl,10000,4.138128339814581,2.138128339814581
flow_npe,500,500,N=n,35,xi,posterior_samples.pkl,10000,-1.6152001767396926,-1.5152001767396925
flow_npe,500,500,N=n,36,lambda,posterior_samples.pkl,10000,96.70015982151031,-3.2998401784896885
flow_npe,500,500,N=n,36,sigma,posterior_samples.pkl,10000,3.684413443452865,1.6844134434528648
flow_npe,500,500,N=n,36,xi,posterior_samples.pkl,10000,-1.5680846558451653,-1.4680846558451652
flow_npe,500,500,N=n,37,lambda,posterior_samples.pkl,10000,96.90967227401734,-3.090327725982661
flow_npe,500,500,N=n,37,sigma,posterior_samples.pkl,10000,3.078048993202951,1.078048993202951
flow_npe,500,500,N=n,37,xi,posterior_samples.pkl,10000,-1.3092654326438904,-1.2092654326438903
flow_npe,500,500,N=n,38,lambda,posterior_samples.pkl,10000,97.56931293048859,-2.430687069511407
flow_npe,500,500,N=n,38,sigma,posterior_samples.pkl,10000,3.1396879369696604,1.1396879369696604
flow_npe,500,500,N=n,38,xi,posterior_samples.pkl,10000,-1.397999769103527,-1.297999769103527
flow_npe,500,500,N=n,39,lambda,posterior_samples.pkl,10000,97.8607052444458,-2.1392947555542037
flow_npe,500,500,N=n,39,sigma,posterior_samples.pkl,10000,2.9380705084783956,0.9380705084783956
flow_npe,500,500,N=n,39,xi,posterior_samples.pkl,10000,-1.3929074606657028,-1.2929074606657027
flow_npe,500,500,N=n,40,lambda,posterior_samples.pkl,10000,99.63699096355438,-0.363009036445618
flow_npe,500,500,N=n,40,sigma,posterior_samples.pkl,10000,3.303893809720315,1.3038938097203152
flow_npe,500,500,N=n,40,xi,posterior_samples.pkl,10000,-1.5055422316551208,-1.4055422316551207
flow_npe,500,500,N=n,41,lambda,posterior_samples.pkl,10000,99.24431210956574,-0.7556878904342597
flow_npe,500,500,N=n,41,sigma,posterior_samples.pkl,10000,2.8294829764060676,0.8294829764060676
flow_npe,500,500,N=n,41,xi,posterior_samples.pkl,10000,-1.153265513443947,-1.0532655134439468
flow_npe,500,500,N=n,42,lambda,posterior_samples.pkl,10000,98.23553275203705,-1.7644672479629548
flow_npe,500,500,N=n,42,sigma,posterior_samples.pkl,10000,3.916561366703361,1.9165613667033612
flow_npe,500,500,N=n,42,xi,posterior_samples.pkl,10000,-1.4857534413814544,-1.3857534413814543
flow_npe,500,500,N=n,43,lambda,posterior_samples.pkl,10000,99.91765270004272,-0.08234729995727719
flow_npe,500,500,N=n,43,sigma,posterior_samples.pkl,10000,3.3747467612577604,1.3747467612577604
flow_npe,500,500,N=n,43,xi,posterior_samples.pkl,10000,-1.457492959356308,-1.3574929593563079
flow_npe,500,500,N=n,44,lambda,posterior_samples.pkl,10000,100.7546048248291,0.7546048248291015
flow_npe,500,500,N=n,44,sigma,posterior_samples.pkl,10000,3.280618465847755,1.280618465847755
flow_npe,500,500,N=n,44,xi,posterior_samples.pkl,10000,-1.4155984942913056,-1.3155984942913055
flow_npe,500,500,N=n,45,lambda,posterior_samples.pkl,10000,98.80630384788513,-1.1936961521148675
flow_npe,500,500,N=n,45,sigma,posterior_samples.pkl,10000,3.2098872434867545,1.2098872434867545
flow_npe,500,500,N=n,45,xi,posterior_samples.pkl,10000,-1.421221240878105,-1.321221240878105
flow_npe,500,500,N=n,46,lambda,posterior_samples.pkl,10000,98.61430950908661,-1.3856904909133902
flow_npe,500,500,N=n,46,sigma,posterior_samples.pkl,10000,3.5038446915850043,1.5038446915850043
flow_npe,500,500,N=n,46,xi,posterior_samples.pkl,10000,-1.2892962186813355,-1.1892962186813354
flow_npe,500,500,N=n,47,lambda,posterior_samples.pkl,10000,99.22201116352082,-0.7779888364791816
flow_npe,500,500,N=n,47,sigma,posterior_samples.pkl,10000,2.828704421520792,0.8287044215207922
flow_npe,500,500,N=n,47,xi,posterior_samples.pkl,10000,-1.3306344299793242,-1.2306344299793242
flow_npe,500,500,N=n,48,lambda,posterior_samples.pkl,10000,100.03164677791595,0.031646777915952384
flow_npe,500,500,N=n,48,sigma,posterior_samples.pkl,10000,3.444165075210109,1.4441650752101092
flow_npe,500,500,N=n,48,xi,posterior_samples.pkl,10000,-1.1956748076438903,-1.0956748076438902
flow_npe,500,500,N=n,49,lambda,posterior_samples.pkl,10000,98.16809480514526,-1.8319051948547411
flow_npe,500,500,N=n,49,sigma,posterior_samples.pkl,10000,3.122140249242913,1.122140249242913
flow_npe,500,500,N=n,49,xi,posterior_samples.pkl,10000,-1.3685150191426276,-1.2685150191426275
flow_npe,500,500,N=n,50,lambda,posterior_samples.pkl,10000,99.75962286319732,-0.24037713680267814
flow_npe,500,500,N=n,50,sigma,posterior_samples.pkl,10000,3.2422211446654052,1.2422211446654052
flow_npe,500,500,N=n,50,xi,posterior_samples.pkl,10000,-1.2536384363412858,-1.1536384363412857
flow_npe,500,500,N=n,51,lambda,posterior_samples.pkl,10000,99.55166469211578,-0.4483353078842214
flow_npe,500,500,N=n,51,sigma,posterior_samples.pkl,10000,4.327608710257429,2.3276087102574294
flow_npe,500,500,N=n,51,xi,posterior_samples.pkl,10000,-1.3620214841485023,-1.2620214841485022
flow_npe,500,500,N=n,52,lambda,posterior_samples.pkl,10000,99.2791044620514,-0.7208955379486071
flow_npe,500,500,N=n,52,sigma,posterior_samples.pkl,10000,3.3316368093426805,1.3316368093426805
flow_npe,500,500,N=n,52,xi,posterior_samples.pkl,10000,-1.2203923120856286,-1.1203923120856285
flow_npe,500,500,N=n,53,lambda,posterior_samples.pkl,10000,99.08055409908295,-0.9194459009170544
flow_npe,500,500,N=n,53,sigma,posterior_samples.pkl,10000,3.105811803025007,1.105811803025007
flow_npe,500,500,N=n,53,xi,posterior_samples.pkl,10000,-1.1953758877754213,-1.0953758877754212
flow_npe,500,500,N=n,54,lambda,posterior_samples.pkl,10000,101.3567501296997,1.356750129699705
flow_npe,500,500,N=n,54,sigma,posterior_samples.pkl,10000,3.069886499231681,1.0698864992316812
flow_npe,500,500,N=n,54,xi,posterior_samples.pkl,10000,-1.344973684465885,-1.244973684465885
flow_npe,500,500,N=n,55,lambda,posterior_samples.pkl,10000,100.73197934055328,0.7319793405532806
flow_npe,500,500,N=n,55,sigma,posterior_samples.pkl,10000,3.2194700873378665,1.2194700873378665
flow_npe,500,500,N=n,55,xi,posterior_samples.pkl,10000,-1.2533362442851066,-1.1533362442851065
flow_npe,500,500,N=n,56,lambda,posterior_samples.pkl,10000,99.15595235710144,-0.844047642898559
flow_npe,500,500,N=n,56,sigma,posterior_samples.pkl,10000,3.0504304843716326,1.0504304843716326
flow_npe,500,500,N=n,56,xi,posterior_samples.pkl,10000,-1.4453621134519576,-1.3453621134519576
flow_npe,500,500,N=n,57,lambda,posterior_samples.pkl,10000,99.07664089641571,-0.9233591035842892
flow_npe,500,500,N=n,57,sigma,posterior_samples.pkl,10000,3.2213464989136904,1.2213464989136904
flow_npe,500,500,N=n,57,xi,posterior_samples.pkl,10000,-1.330273999285698,-1.230273999285698
flow_npe,500,500,N=n,58,lambda,posterior_samples.pkl,10000,100.5546903011322,0.5546903011321973
flow_npe,500,500,N=n,58,sigma,posterior_samples.pkl,10000,3.2981112510303037,1.2981112510303037
flow_npe,500,500,N=n,58,xi,posterior_samples.pkl,10000,-1.398706810426712,-1.2987068104267119
flow_npe,500,500,N=n,59,lambda,posterior_samples.pkl,10000,99.89034083652497,-0.10965916347502969
flow_npe,500,500,N=n,59,sigma,posterior_samples.pkl,10000,3.717094604412932,1.717094604412932
flow_npe,500,500,N=n,59,xi,posterior_samples.pkl,10000,-1.226101887023449,-1.126101887023449
flow_npe,500,500,N=n,60,lambda,posterior_samples.pkl,10000,98.03665998764038,-1.9633400123596232
flow_npe,500,500,N=n,60,sigma,posterior_samples.pkl,10000,2.9895358276022597,0.9895358276022597
flow_npe,500,500,N=n,60,xi,posterior_samples.pkl,10000,-1.307957252073288,-1.207957252073288
flow_npe,500,500,N=n,61,lambda,posterior_samples.pkl,10000,97.79056349239349,-2.2094365076065117
flow_npe,500,500,N=n,61,sigma,posterior_samples.pkl,10000,3.857410269948095,1.8574102699480952
flow_npe,500,500,N=n,61,xi,posterior_samples.pkl,10000,-1.398833899283409,-1.298833899283409
flow_npe,500,500,N=n,62,lambda,posterior_samples.pkl,10000,102.2102129436493,2.210212943649296
flow_npe,500,500,N=n,62,sigma,posterior_samples.pkl,10000,3.460763355804328,1.4607633558043278
flow_npe,500,500,N=n,62,xi,posterior_samples.pkl,10000,-1.4176276661634446,-1.3176276661634445
flow_npe,500,500,N=n,63,lambda,posterior_samples.pkl,10000,99.03102758731842,-0.9689724126815804
flow_npe,500,500,N=n,63,sigma,posterior_samples.pkl,10000,2.9125957040309904,0.9125957040309904
flow_npe,500,500,N=n,63,xi,posterior_samples.pkl,10000,-1.2214318235516548,-1.1214318235516547
flow_npe,500,500,N=n,64,lambda,posterior_samples.pkl,10000,98.7479088962555,-1.2520911037445046
flow_npe,500,500,N=n,64,sigma,posterior_samples.pkl,10000,3.2214909648874777,1.2214909648874777
flow_npe,500,500,N=n,64,xi,posterior_samples.pkl,10000,-1.2158271063447,-1.1158271063446998
flow_npe,500,500,N=n,65,lambda,posterior_samples.pkl,10000,99.77469886741638,-0.22530113258362405
flow_npe,500,500,N=n,65,sigma,posterior_samples.pkl,10000,2.835249657928501,0.8352496579285011
flow_npe,500,500,N=n,65,xi,posterior_samples.pkl,10000,-1.2034670810818673,-1.1034670810818672
flow_npe,500,500,N=n,66,lambda,posterior_samples.pkl,10000,97.05811661281585,-2.9418833871841485
flow_npe,500,500,N=n,66,sigma,posterior_samples.pkl,10000,3.648320777415484,1.648320777415484
flow_npe,500,500,N=n,66,xi,posterior_samples.pkl,10000,-1.388549400305748,-1.2885494003057478
flow_npe,500,500,N=n,67,lambda,posterior_samples.pkl,10000,98.0146409122467,-1.9853590877532952
flow_npe,500,500,N=n,67,sigma,posterior_samples.pkl,10000,3.263362929475494,1.2633629294754938
flow_npe,500,500,N=n,67,xi,posterior_samples.pkl,10000,-1.170706022787094,-1.070706022787094
flow_npe,500,500,N=n,68,lambda,posterior_samples.pkl,10000,97.41026780014037,-2.5897321998596254
flow_npe,500,500,N=n,68,sigma,posterior_samples.pkl,10000,2.9097018637521193,0.9097018637521193
flow_npe,500,500,N=n,68,xi,posterior_samples.pkl,10000,-1.397852314543724,-1.297852314543724
flow_npe,500,500,N=n,69,lambda,posterior_samples.pkl,10000,98.28390404701233,-1.716095952987672
flow_npe,500,500,N=n,69,sigma,posterior_samples.pkl,10000,3.3779356359848753,1.3779356359848753
flow_npe,500,500,N=n,69,xi,posterior_samples.pkl,10000,-1.48122789375782,-1.38122789375782
flow_npe,500,500,N=n,70,lambda,posterior_samples.pkl,10000,100.22457325782776,0.22457325782775683
flow_npe,500,500,N=n,70,sigma,posterior_samples.pkl,10000,3.152339453536272,1.152339453536272
flow_npe,500,500,N=n,70,xi,posterior_samples.pkl,10000,-1.8178273951530457,-1.7178273951530456
flow_npe,500,500,N=n,71,lambda,posterior_samples.pkl,10000,98.33609048748016,-1.6639095125198367
flow_npe,500,500,N=n,71,sigma,posterior_samples.pkl,10000,3.4268053910706193,1.4268053910706193
flow_npe,500,500,N=n,71,xi,posterior_samples.pkl,10000,-1.306025072348118,-1.2060250723481178
flow_npe,500,500,N=n,72,lambda,posterior_samples.pkl,10000,99.51304515247345,-0.4869548475265475
flow_npe,500,500,N=n,72,sigma,posterior_samples.pkl,10000,3.5065386347569527,1.5065386347569527
flow_npe,500,500,N=n,72,xi,posterior_samples.pkl,10000,-1.5876898483633994,-1.4876898483633993
flow_npe,500,500,N=n,73,lambda,posterior_samples.pkl,10000,98.60595105075836,-1.3940489492416361
flow_npe,500,500,N=n,73,sigma,posterior_samples.pkl,10000,3.520701978947781,1.520701978947781
flow_npe,500,500,N=n,73,xi,posterior_samples.pkl,10000,-1.3207639523506165,-1.2207639523506164
flow_npe,500,500,N=n,74,lambda,posterior_samples.pkl,10000,100.94667802467346,0.9466780246734601
flow_npe,500,500,N=n,74,sigma,posterior_samples.pkl,10000,3.705764834890794,1.7057648348907941
flow_npe,500,500,N=n,74,xi,posterior_samples.pkl,10000,-1.527166319823265,-1.427166319823265
flow_npe,500,500,N=n,75,lambda,posterior_samples.pkl,10000,100.15742549743652,0.15742549743652035
flow_npe,500,500,N=n,75,sigma,posterior_samples.pkl,10000,3.028366499838792,1.0283664998387918
flow_npe,500,500,N=n,75,xi,posterior_samples.pkl,10000,-1.1405065232276916,-1.0405065232276915
flow_npe,500,500,N=n,76,lambda,posterior_samples.pkl,10000,99.80354428405762,-0.19645571594237765
flow_npe,500,500,N=n,76,sigma,posterior_samples.pkl,10000,3.030115055121854,1.030115055121854
flow_npe,500,500,N=n,76,xi,posterior_samples.pkl,10000,-1.2714246029019356,-1.1714246029019355
flow_npe,500,500,N=n,77,lambda,posterior_samples.pkl,10000,99.53740864887237,-0.46259135112762806
flow_npe,500,500,N=n,77,sigma,posterior_samples.pkl,10000,3.741024052530341,1.7410240525303409
flow_npe,500,500,N=n,77,xi,posterior_samples.pkl,10000,-1.5167886354446412,-1.416788635444641
flow_npe,500,500,N=n,78,lambda,posterior_samples.pkl,10000,97.74976656970978,-2.2502334302902227
flow_npe,500,500,N=n,78,sigma,posterior_samples.pkl,10000,3.2328255345621146,1.2328255345621146
flow_npe,500,500,N=n,78,xi,posterior_samples.pkl,10000,-1.5459320126891136,-1.4459320126891135
flow_npe,500,500,N=n,79,lambda,posterior_samples.pkl,10000,99.43090279712678,-0.5690972028732233
flow_npe,500,500,N=n,79,sigma,posterior_samples.pkl,10000,2.991260380946798,0.9912603809467981
flow_npe,500,500,N=n,79,xi,posterior_samples.pkl,10000,-1.149539361834526,-1.049539361834526
flow_npe,500,500,N=n,80,lambda,posterior_samples.pkl,10000,97.93024384765624,-2.069756152343757
flow_npe,500,500,N=n,80,sigma,posterior_samples.pkl,10000,3.357881580500491,1.3578815805004911
flow_npe,500,500,N=n,80,xi,posterior_samples.pkl,10000,-1.4297353647589683,-1.3297353647589683
flow_npe,500,500,N=n,81,lambda,posterior_samples.pkl,10000,99.69528852844238,-0.30471147155762424
flow_npe,500,500,N=n,81,sigma,posterior_samples.pkl,10000,3.3968308890350163,1.3968308890350163
flow_npe,500,500,N=n,81,xi,posterior_samples.pkl,10000,-1.3769364439725875,-1.2769364439725874
flow_npe,500,500,N=n,82,lambda,posterior_samples.pkl,10000,100.8695017496109,0.8695017496109045
flow_npe,500,500,N=n,82,sigma,posterior_samples.pkl,10000,3.1086526959374545,1.1086526959374545
flow_npe,500,500,N=n,82,xi,posterior_samples.pkl,10000,-1.327162564957142,-1.2271625649571418
flow_npe,500,500,N=n,83,lambda,posterior_samples.pkl,10000,99.31811041774749,-0.6818895822525093
flow_npe,500,500,N=n,83,sigma,posterior_samples.pkl,10000,3.14525072375983,1.1452507237598302
flow_npe,500,500,N=n,83,xi,posterior_samples.pkl,10000,-1.2701290443658828,-1.1701290443658827
flow_npe,500,500,N=n,84,lambda,posterior_samples.pkl,10000,97.52491246986389,-2.4750875301361077
flow_npe,500,500,N=n,84,sigma,posterior_samples.pkl,10000,3.3161408890054562,1.3161408890054562
flow_npe,500,500,N=n,84,xi,posterior_samples.pkl,10000,-1.167723908185959,-1.0677239081859589
flow_npe,500,500,N=n,85,lambda,posterior_samples.pkl,10000,101.19827216854095,1.198272168540953
flow_npe,500,500,N=n,85,sigma,posterior_samples.pkl,10000,3.106201031751931,1.1062010317519309
flow_npe,500,500,N=n,85,xi,posterior_samples.pkl,10000,-1.1637690197467805,-1.0637690197467804
flow_npe,500,500,N=n,86,lambda,posterior_samples.pkl,10000,100.26872169303894,0.2687216930389411
flow_npe,500,500,N=n,86,sigma,posterior_samples.pkl,10000,2.809706990883872,0.8097069908838721
flow_npe,500,500,N=n,86,xi,posterior_samples.pkl,10000,-0.9994789772629737,-0.8994789772629738
flow_npe,500,500,N=n,87,lambda,posterior_samples.pkl,10000,101.182140599823,1.1821405998230006
flow_npe,500,500,N=n,87,sigma,posterior_samples.pkl,10000,3.0674634832300245,1.0674634832300245
flow_npe,500,500,N=n,87,xi,posterior_samples.pkl,10000,-1.3219659924387932,-1.2219659924387931
flow_npe,500,500,N=n,88,lambda,posterior_samples.pkl,10000,100.26800936164857,0.26800936164856637
flow_npe,500,500,N=n,88,sigma,posterior_samples.pkl,10000,3.046032429086417,1.046032429086417
flow_npe,500,500,N=n,88,xi,posterior_samples.pkl,10000,-1.0913705219388008,-0.9913705219388008
flow_npe,500,500,N=n,89,lambda,posterior_samples.pkl,10000,98.83933714141845,-1.1606628585815457
flow_npe,500,500,N=n,89,sigma,posterior_samples.pkl,10000,3.396068799283006,1.396068799283006
flow_npe,500,500,N=n,89,xi,posterior_samples.pkl,10000,-1.2820402767896653,-1.1820402767896652
flow_npe,500,500,N=n,90,lambda,posterior_samples.pkl,10000,98.51502426071167,-1.4849757392883305
flow_npe,500,500,N=n,90,sigma,posterior_samples.pkl,10000,3.622668780310545,1.622668780310545
flow_npe,500,500,N=n,90,xi,posterior_samples.pkl,10000,-1.3245081330657005,-1.2245081330657004
flow_npe,500,500,N=n,91,lambda,posterior_samples.pkl,10000,98.6262946893692,-1.3737053106307968
flow_npe,500,500,N=n,91,sigma,posterior_samples.pkl,10000,3.0182084523975847,1.0182084523975847
flow_npe,500,500,N=n,91,xi,posterior_samples.pkl,10000,-1.2809476530909538,-1.1809476530909537
flow_npe,500,500,N=n,92,lambda,posterior_samples.pkl,10000,98.92205227870942,-1.0779477212905846
flow_npe,500,500,N=n,92,sigma,posterior_samples.pkl,10000,3.1414784235755913,1.1414784235755913
flow_npe,500,500,N=n,92,xi,posterior_samples.pkl,10000,-1.0458059969186784,-0.9458059969186784
flow_npe,500,500,N=n,93,lambda,posterior_samples.pkl,10000,100.16063287887573,0.16063287887573097
flow_npe,500,500,N=n,93,sigma,posterior_samples.pkl,10000,3.302542128593195,1.302542128593195
flow_npe,500,500,N=n,93,xi,posterior_samples.pkl,10000,-1.377184837126732,-1.2771848371267318
flow_npe,500,500,N=n,94,lambda,posterior_samples.pkl,10000,98.82750487289428,-1.1724951271057193
flow_npe,500,500,N=n,94,sigma,posterior_samples.pkl,10000,3.333720105313882,1.333720105313882
flow_npe,500,500,N=n,94,xi,posterior_samples.pkl,10000,-1.270980446612835,-1.1709804466128348
flow_npe,500,500,N=n,95,lambda,posterior_samples.pkl,10000,99.68260154190064,-0.31739845809936185
flow_npe,500,500,N=n,95,sigma,posterior_samples.pkl,10000,3.1470322270106523,1.1470322270106523
flow_npe,500,500,N=n,95,xi,posterior_samples.pkl,10000,-1.141190493965149,-1.0411904939651488
flow_npe,500,500,N=n,96,lambda,posterior_samples.pkl,10000,97.88694516487122,-2.1130548351287786
flow_npe,500,500,N=n,96,sigma,posterior_samples.pkl,10000,3.4182916759881192,1.4182916759881192
flow_npe,500,500,N=n,96,xi,posterior_samples.pkl,10000,-1.361184825015068,-1.261184825015068
flow_npe,500,500,N=n,97,lambda,posterior_samples.pkl,10000,99.4859276725769,-0.5140723274230936
flow_npe,500,500,N=n,97,sigma,posterior_samples.pkl,10000,3.7056212095526977,1.7056212095526977
flow_npe,500,500,N=n,97,xi,posterior_samples.pkl,10000,-1.4793860379219055,-1.3793860379219054
flow_npe,500,500,N=n,98,lambda,posterior_samples.pkl,10000,98.7548603942871,-1.2451396057128932
flow_npe,500,500,N=n,98,sigma,posterior_samples.pkl,10000,3.282443925641477,1.282443925641477
flow_npe,500,500,N=n,98,xi,posterior_samples.pkl,10000,-1.5761723759531974,-1.4761723759531973
flow_npe,500,500,N=n,99,lambda,posterior_samples.pkl,10000,98.23212256584168,-1.767877434158322
flow_npe,500,500,N=n,99,sigma,posterior_samples.pkl,10000,2.8588797649242914,0.8588797649242914
flow_npe,500,500,N=n,99,xi,posterior_samples.pkl,10000,-1.144480481183529,-1.0444804811835289
flow_npe,500,500,N=n,100,lambda,posterior_samples.pkl,10000,99.44791548919677,-0.5520845108032262
flow_npe,500,500,N=n,100,sigma,posterior_samples.pkl,10000,3.590796099931002,1.5907960999310018
flow_npe,500,500,N=n,100,xi,posterior_samples.pkl,10000,-1.3723645948886871,-1.272364594888687
flow_npe,500,3107,N=n log(n),0,lambda,posterior_samples.pkl,10000,99.15126192741394,-0.8487380725860589
flow_npe,500,3107,N=n log(n),0,sigma,posterior_samples.pkl,10000,2.8736820604011415,0.8736820604011415
flow_npe,500,3107,N=n log(n),0,xi,posterior_samples.pkl,10000,-1.1429987783432007,-1.0429987783432006
flow_npe,500,3107,N=n log(n),1,lambda,posterior_samples.pkl,10000,100.86515517292023,0.8651551729202254
flow_npe,500,3107,N=n log(n),1,sigma,posterior_samples.pkl,10000,3.0366358206816018,1.0366358206816018
flow_npe,500,3107,N=n log(n),1,xi,posterior_samples.pkl,10000,-0.9822801063776017,-0.8822801063776017
flow_npe,500,3107,N=n log(n),2,lambda,posterior_samples.pkl,10000,99.85868826255799,-0.14131173744200964
flow_npe,500,3107,N=n log(n),2,sigma,posterior_samples.pkl,10000,2.3375985488015227,0.33759854880152274
flow_npe,500,3107,N=n log(n),2,xi,posterior_samples.pkl,10000,-0.6340788791656494,-0.5340788791656494
flow_npe,500,3107,N=n log(n),3,lambda,posterior_samples.pkl,10000,99.85477179756164,-0.14522820243836065
flow_npe,500,3107,N=n log(n),3,sigma,posterior_samples.pkl,10000,2.9960909017443655,0.9960909017443655
flow_npe,500,3107,N=n log(n),3,xi,posterior_samples.pkl,10000,-1.20291648529768,-1.1029164852976798
flow_npe,500,3107,N=n log(n),4,lambda,posterior_samples.pkl,10000,99.69738160095214,-0.3026183990478586
flow_npe,500,3107,N=n log(n),4,sigma,posterior_samples.pkl,10000,2.688261354412511,0.6882613544125111
flow_npe,500,3107,N=n log(n),4,xi,posterior_samples.pkl,10000,-0.9676893537759781,-0.8676893537759781
flow_npe,500,3107,N=n log(n),5,lambda,posterior_samples.pkl,10000,100.5175425447464,0.517542544746405
flow_npe,500,3107,N=n log(n),5,sigma,posterior_samples.pkl,10000,3.2188465464110485,1.2188465464110485
flow_npe,500,3107,N=n log(n),5,xi,posterior_samples.pkl,10000,-1.294761655139923,-1.194761655139923
flow_npe,500,3107,N=n log(n),6,lambda,posterior_samples.pkl,10000,100.22237982788086,0.2223798278808573
flow_npe,500,3107,N=n log(n),6,sigma,posterior_samples.pkl,10000,2.2102551237398758,0.21025512373987576
flow_npe,500,3107,N=n log(n),6,xi,posterior_samples.pkl,10000,-0.4180183089733124,-0.3180183089733124
flow_npe,500,3107,N=n log(n),7,lambda,posterior_samples.pkl,10000,99.60598596572876,-0.3940140342712368
flow_npe,500,3107,N=n log(n),7,sigma,posterior_samples.pkl,10000,2.2884831626761706,0.2884831626761706
flow_npe,500,3107,N=n log(n),7,xi,posterior_samples.pkl,10000,-0.44826081606149676,-0.3482608160614967
flow_npe,500,3107,N=n log(n),8,lambda,posterior_samples.pkl,10000,99.5930416349411,-0.40695836505889815
flow_npe,500,3107,N=n log(n),8,sigma,posterior_samples.pkl,10000,2.8762404548401013,0.8762404548401013
flow_npe,500,3107,N=n log(n),8,xi,posterior_samples.pkl,10000,-1.0471951785445213,-0.9471951785445213
flow_npe,500,3107,N=n log(n),9,lambda,posterior_samples.pkl,10000,99.68104764137269,-0.31895235862731397
flow_npe,500,3107,N=n log(n),9,sigma,posterior_samples.pkl,10000,2.516609616652457,0.516609616652457
flow_npe,500,3107,N=n log(n),9,xi,posterior_samples.pkl,10000,-0.6690285585165023,-0.5690285585165024
flow_npe,500,3107,N=n log(n),10,lambda,posterior_samples.pkl,10000,100.71583207511902,0.7158320751190246
flow_npe,500,3107,N=n log(n),10,sigma,posterior_samples.pkl,10000,2.7741665283380077,0.7741665283380077
flow_npe,500,3107,N=n log(n),10,xi,posterior_samples.pkl,10000,-0.8156275117993355,-0.7156275117993355
flow_npe,500,3107,N=n log(n),11,lambda,posterior_samples.pkl,10000,100.27599889640808,0.2759988964080833
flow_npe,500,3107,N=n log(n),11,sigma,posterior_samples.pkl,10000,2.7740024075407534,0.7740024075407534
flow_npe,500,3107,N=n log(n),11,xi,posterior_samples.pkl,10000,-0.9346303159594536,-0.8346303159594536
flow_npe,500,3107,N=n log(n),12,lambda,posterior_samples.pkl,10000,100.62250176048279,0.6225017604827912
flow_npe,500,3107,N=n log(n),12,sigma,posterior_samples.pkl,10000,2.373433369529387,0.373433369529387
flow_npe,500,3107,N=n log(n),12,xi,posterior_samples.pkl,10000,-0.3709972339749336,-0.2709972339749336
flow_npe,500,3107,N=n log(n),13,lambda,posterior_samples.pkl,10000,101.15707272148133,1.1570727214813274
flow_npe,500,3107,N=n log(n),13,sigma,posterior_samples.pkl,10000,2.832347010728903,0.832347010728903
flow_npe,500,3107,N=n log(n),13,xi,posterior_samples.pkl,10000,-0.8980065283417702,-0.7980065283417702
flow_npe,500,3107,N=n log(n),14,lambda,posterior_samples.pkl,10000,99.65373244800567,-0.34626755199433035
flow_npe,500,3107,N=n log(n),14,sigma,posterior_samples.pkl,10000,2.909931384097785,0.909931384097785
flow_npe,500,3107,N=n log(n),14,xi,posterior_samples.pkl,10000,-0.9882179876208306,-0.8882179876208306
flow_npe,500,3107,N=n log(n),15,lambda,posterior_samples.pkl,10000,99.49470215759277,-0.5052978424072307
flow_npe,500,3107,N=n log(n),15,sigma,posterior_samples.pkl,10000,2.5707152141287923,0.5707152141287923
flow_npe,500,3107,N=n log(n),15,xi,posterior_samples.pkl,10000,-0.5839532298445702,-0.48395322984457023
flow_npe,500,3107,N=n log(n),16,lambda,posterior_samples.pkl,10000,98.62132274227142,-1.378677257728583
flow_npe,500,3107,N=n log(n),16,sigma,posterior_samples.pkl,10000,2.7126382414272054,0.7126382414272054
flow_npe,500,3107,N=n log(n),16,xi,posterior_samples.pkl,10000,-1.1047016085863113,-1.0047016085863112
flow_npe,500,3107,N=n log(n),17,lambda,posterior_samples.pkl,10000,98.93381050071716,-1.0661894992828422
flow_npe,500,3107,N=n log(n),17,sigma,posterior_samples.pkl,10000,2.3168696471467616,0.3168696471467616
flow_npe,500,3107,N=n log(n),17,xi,posterior_samples.pkl,10000,-0.6122417896151543,-0.5122417896151543
flow_npe,500,3107,N=n log(n),18,lambda,posterior_samples.pkl,10000,99.85602364730835,-0.1439763526916522
flow_npe,500,3107,N=n log(n),18,sigma,posterior_samples.pkl,10000,2.732325791358389,0.7323257913583889
flow_npe,500,3107,N=n log(n),18,xi,posterior_samples.pkl,10000,-0.8191409630537033,-0.7191409630537033
flow_npe,500,3107,N=n log(n),19,lambda,posterior_samples.pkl,10000,99.92970059604644,-0.07029940395355538
flow_npe,500,3107,N=n log(n),19,sigma,posterior_samples.pkl,10000,2.6027323890240863,0.6027323890240863
flow_npe,500,3107,N=n log(n),19,xi,posterior_samples.pkl,10000,-0.8460894287824631,-0.7460894287824631
flow_npe,500,3107,N=n log(n),20,lambda,posterior_samples.pkl,10000,100.1982996017456,0.19829960174560313
flow_npe,500,3107,N=n log(n),20,sigma,posterior_samples.pkl,10000,2.734144132810645,0.7341441328106448
flow_npe,500,3107,N=n log(n),20,xi,posterior_samples.pkl,10000,-1.0185164274930953,-0.9185164274930954
flow_npe,500,3107,N=n log(n),21,lambda,posterior_samples.pkl,10000,100.0533483745575,0.05334837455750119
flow_npe,500,3107,N=n log(n),21,sigma,posterior_samples.pkl,10000,2.975881437363848,0.975881437363848
flow_npe,500,3107,N=n log(n),21,xi,posterior_samples.pkl,10000,-1.020588605427742,-0.920588605427742
flow_npe,500,3107,N=n log(n),22,lambda,posterior_samples.pkl,10000,99.60044721622467,-0.3995527837753343
flow_npe,500,3107,N=n log(n),22,sigma,posterior_samples.pkl,10000,2.4781840932060963,0.47818409320609634
flow_npe,500,3107,N=n log(n),22,xi,posterior_samples.pkl,10000,-0.6125607417583465,-0.5125607417583465
flow_npe,500,3107,N=n log(n),23,lambda,posterior_samples.pkl,10000,100.59612064437866,0.596120644378658
flow_npe,500,3107,N=n log(n),23,sigma,posterior_samples.pkl,10000,2.8124082952748983,0.8124082952748983
flow_npe,500,3107,N=n log(n),23,xi,posterior_samples.pkl,10000,-0.8421111111760139,-0.7421111111760139
flow_npe,500,3107,N=n log(n),24,lambda,posterior_samples.pkl,10000,99.89820196285248,-0.10179803714751756
flow_npe,500,3107,N=n log(n),24,sigma,posterior_samples.pkl,10000,2.595807191042416,0.5958071910424159
flow_npe,500,3107,N=n log(n),24,xi,posterior_samples.pkl,10000,-0.6585997874975205,-0.5585997874975205
flow_npe,500,3107,N=n log(n),25,lambda,posterior_samples.pkl,10000,100.30407098045349,0.30407098045348846
flow_npe,500,3107,N=n log(n),25,sigma,posterior_samples.pkl,10000,3.109117601561919,1.1091176015619189
flow_npe,500,3107,N=n log(n),25,xi,posterior_samples.pkl,10000,-1.2611887704253197,-1.1611887704253196
flow_npe,500,3107,N=n log(n),26,lambda,posterior_samples.pkl,10000,99.49026280040741,-0.5097371995925926
flow_npe,500,3107,N=n log(n),26,sigma,posterior_samples.pkl,10000,2.7770084113174116,0.7770084113174116
flow_npe,500,3107,N=n log(n),26,xi,posterior_samples.pkl,10000,-0.9278952823638916,-0.8278952823638916
flow_npe,500,3107,N=n log(n),27,lambda,posterior_samples.pkl,10000,99.94305284576416,-0.056947154235842845
flow_npe,500,3107,N=n log(n),27,sigma,posterior_samples.pkl,10000,2.549537947055744,0.549537947055744
flow_npe,500,3107,N=n log(n),27,xi,posterior_samples.pkl,10000,-0.8435552163362503,-0.7435552163362503
flow_npe,500,3107,N=n log(n),28,lambda,posterior_samples.pkl,10000,99.76490078010559,-0.2350992198944084
flow_npe,500,3107,N=n log(n),28,sigma,posterior_samples.pkl,10000,2.394710615567863,0.3947106155678628
flow_npe,500,3107,N=n log(n),28,xi,posterior_samples.pkl,10000,-0.5248403707861901,-0.4248403707861901
flow_npe,500,3107,N=n log(n),29,lambda,posterior_samples.pkl,10000,100.50871546897888,0.5087154689788775
flow_npe,500,3107,N=n log(n),29,sigma,posterior_samples.pkl,10000,2.697136697831005,0.697136697831005
flow_npe,500,3107,N=n log(n),29,xi,posterior_samples.pkl,10000,-0.6508417996883392,-0.5508417996883392
flow_npe,500,3107,N=n log(n),30,lambda,posterior_samples.pkl,10000,99.07319890956879,-0.9268010904312121
flow_npe,500,3107,N=n log(n),30,sigma,posterior_samples.pkl,10000,2.892491590443533,0.8924915904435329
flow_npe,500,3107,N=n log(n),30,xi,posterior_samples.pkl,10000,-1.1616917858839035,-1.0616917858839034
flow_npe,500,3107,N=n log(n),31,lambda,posterior_samples.pkl,10000,99.32335161056518,-0.676648389434817
flow_npe,500,3107,N=n log(n),31,sigma,posterior_samples.pkl,10000,2.557884477898106,0.557884477898106
flow_npe,500,3107,N=n log(n),31,xi,posterior_samples.pkl,10000,-0.5450601361751556,-0.4450601361751556
flow_npe,500,3107,N=n log(n),32,lambda,posterior_samples.pkl,10000,100.54056194877624,0.5405619487762436
flow_npe,500,3107,N=n log(n),32,sigma,posterior_samples.pkl,10000,2.5048838803201914,0.5048838803201914
flow_npe,500,3107,N=n log(n),32,xi,posterior_samples.pkl,10000,-0.5327893095254899,-0.4327893095254899
flow_npe,500,3107,N=n log(n),33,lambda,posterior_samples.pkl,10000,99.97614882011413,-0.023851179885866713
flow_npe,500,3107,N=n log(n),33,sigma,posterior_samples.pkl,10000,2.810917430176865,0.8109174301768651
flow_npe,500,3107,N=n log(n),33,xi,posterior_samples.pkl,10000,-0.9685779851675034,-0.8685779851675034
flow_npe,500,3107,N=n log(n),34,lambda,posterior_samples.pkl,10000,99.03791935653686,-0.962080643463139
flow_npe,500,3107,N=n log(n),34,sigma,posterior_samples.pkl,10000,2.637830712264776,0.6378307122647762
flow_npe,500,3107,N=n log(n),34,xi,posterior_samples.pkl,10000,-0.8823962428569794,-0.7823962428569794
flow_npe,500,3107,N=n log(n),35,lambda,posterior_samples.pkl,10000,99.26273662815095,-0.7372633718490533
flow_npe,500,3107,N=n log(n),35,sigma,posterior_samples.pkl,10000,3.081919371073693,1.0819193710736932
flow_npe,500,3107,N=n log(n),35,xi,posterior_samples.pkl,10000,-0.8894869394183159,-0.7894869394183159
flow_npe,500,3107,N=n log(n),36,lambda,posterior_samples.pkl,10000,99.47803873863221,-0.5219612613677924
flow_npe,500,3107,N=n log(n),36,sigma,posterior_samples.pkl,10000,2.911154925199505,0.9111549251995048
flow_npe,500,3107,N=n log(n),36,xi,posterior_samples.pkl,10000,-1.171089356291294,-1.071089356291294
flow_npe,500,3107,N=n log(n),37,lambda,posterior_samples.pkl,10000,99.86904915466309,-0.13095084533691193
flow_npe,500,3107,N=n log(n),37,sigma,posterior_samples.pkl,10000,2.2855194127025085,0.28551941270250847
flow_npe,500,3107,N=n log(n),37,xi,posterior_samples.pkl,10000,-0.37406215416193006,-0.27406215416193
flow_npe,500,3107,N=n log(n),38,lambda,posterior_samples.pkl,10000,98.80707472629547,-1.1929252737045317
flow_npe,500,3107,N=n log(n),38,sigma,posterior_samples.pkl,10000,3.0346173912528904,1.0346173912528904
flow_npe,500,3107,N=n log(n),38,xi,posterior_samples.pkl,10000,-1.2061963411808014,-1.1061963411808013
flow_npe,500,3107,N=n log(n),39,lambda,posterior_samples.pkl,10000,99.84292875518798,-0.15707124481201618
flow_npe,500,3107,N=n log(n),39,sigma,posterior_samples.pkl,10000,2.2577340091923253,0.25773400919232525
flow_npe,500,3107,N=n log(n),39,xi,posterior_samples.pkl,10000,-0.36194870163202286,-0.2619487016320229
flow_npe,500,3107,N=n log(n),40,lambda,posterior_samples.pkl,10000,100.25332725410462,0.25332725410461876
flow_npe,500,3107,N=n log(n),40,sigma,posterior_samples.pkl,10000,3.1340470666021107,1.1340470666021107
flow_npe,500,3107,N=n log(n),40,xi,posterior_samples.pkl,10000,-1.1214381628274919,-1.0214381628274918
flow_npe,500,3107,N=n log(n),41,lambda,posterior_samples.pkl,10000,100.31404165420533,0.3140416542053259
flow_npe,500,3107,N=n log(n),41,sigma,posterior_samples.pkl,10000,2.2841337933881207,0.2841337933881207
flow_npe,500,3107,N=n log(n),41,xi,posterior_samples.pkl,10000,-0.5253490949392319,-0.4253490949392319
flow_npe,500,3107,N=n log(n),42,lambda,posterior_samples.pkl,10000,99.15219234409332,-0.8478076559066778
flow_npe,500,3107,N=n log(n),42,sigma,posterior_samples.pkl,10000,3.2856647853046654,1.2856647853046654
flow_npe,500,3107,N=n log(n),42,xi,posterior_samples.pkl,10000,-1.3366702705144882,-1.236670270514488
flow_npe,500,3107,N=n log(n),43,lambda,posterior_samples.pkl,10000,100.26672064170837,0.26672064170837473
flow_npe,500,3107,N=n log(n),43,sigma,posterior_samples.pkl,10000,2.688268447646499,0.6882684476464989
flow_npe,500,3107,N=n log(n),43,xi,posterior_samples.pkl,10000,-0.7963280147910118,-0.6963280147910118
flow_npe,500,3107,N=n log(n),44,lambda,posterior_samples.pkl,10000,100.66230091953278,0.6623009195327825
flow_npe,500,3107,N=n log(n),44,sigma,posterior_samples.pkl,10000,2.8453734799506143,0.8453734799506143
flow_npe,500,3107,N=n log(n),44,xi,posterior_samples.pkl,10000,-1.2892174054145813,-1.1892174054145812
flow_npe,500,3107,N=n log(n),45,lambda,posterior_samples.pkl,10000,99.50144345302581,-0.4985565469741857
flow_npe,500,3107,N=n log(n),45,sigma,posterior_samples.pkl,10000,2.7567669739659877,0.7567669739659877
flow_npe,500,3107,N=n log(n),45,xi,posterior_samples.pkl,10000,-0.7898614659309388,-0.6898614659309388
flow_npe,500,3107,N=n log(n),46,lambda,posterior_samples.pkl,10000,100.47505200901031,0.4750520090103123
flow_npe,500,3107,N=n log(n),46,sigma,posterior_samples.pkl,10000,2.663032915688539,0.6630329156885391
flow_npe,500,3107,N=n log(n),46,xi,posterior_samples.pkl,10000,-0.835311895430088,-0.735311895430088
flow_npe,500,3107,N=n log(n),47,lambda,posterior_samples.pkl,10000,101.04646917381287,1.0464691738128664
flow_npe,500,3107,N=n log(n),47,sigma,posterior_samples.pkl,10000,2.610733917205967,0.6107339172059669
flow_npe,500,3107,N=n log(n),47,xi,posterior_samples.pkl,10000,-0.9007169449687004,-0.8007169449687004
flow_npe,500,3107,N=n log(n),48,lambda,posterior_samples.pkl,10000,100.05640131072998,0.056401310729981446
flow_npe,500,3107,N=n log(n),48,sigma,posterior_samples.pkl,10000,3.183647983950004,1.1836479839500038
flow_npe,500,3107,N=n log(n),48,xi,posterior_samples.pkl,10000,-1.120668226480484,-1.0206682264804838
flow_npe,500,3107,N=n log(n),49,lambda,posterior_samples.pkl,10000,99.98563647537232,-0.014363524627682978
flow_npe,500,3107,N=n log(n),49,sigma,posterior_samples.pkl,10000,2.8789552012531088,0.8789552012531088
flow_npe,500,3107,N=n log(n),49,xi,posterior_samples.pkl,10000,-1.1652110907793045,-1.0652110907793044
flow_npe,500,3107,N=n log(n),50,lambda,posterior_samples.pkl,10000,99.75060949897767,-0.24939050102233296
flow_npe,500,3107,N=n log(n),50,sigma,posterior_samples.pkl,10000,3.1293278608568014,1.1293278608568014
flow_npe,500,3107,N=n log(n),50,xi,posterior_samples.pkl,10000,-1.124509696340561,-1.0245096963405609
flow_npe,500,3107,N=n log(n),51,lambda,posterior_samples.pkl,10000,99.94805253982544,-0.05194746017455998
flow_npe,500,3107,N=n log(n),51,sigma,posterior_samples.pkl,10000,2.972427555130189,0.9724275551301891
flow_npe,500,3107,N=n log(n),51,xi,posterior_samples.pkl,10000,-1.1039499059438704,-1.0039499059438703
flow_npe,500,3107,N=n log(n),52,lambda,posterior_samples.pkl,10000,100.27005337028504,0.27005337028504073
flow_npe,500,3107,N=n log(n),52,sigma,posterior_samples.pkl,10000,3.1491817748797124,1.1491817748797124
flow_npe,500,3107,N=n log(n),52,xi,posterior_samples.pkl,10000,-1.1754807926654816,-1.0754807926654815
flow_npe,500,3107,N=n log(n),53,lambda,posterior_samples.pkl,10000,100.20958743972778,0.20958743972778393
flow_npe,500,3107,N=n log(n),53,sigma,posterior_samples.pkl,10000,3.0511679629555903,1.0511679629555903
flow_npe,500,3107,N=n log(n),53,xi,posterior_samples.pkl,10000,-1.15258727799654,-1.05258727799654
flow_npe,500,3107,N=n log(n),54,lambda,posterior_samples.pkl,10000,99.64538861961364,-0.3546113803863591
flow_npe,500,3107,N=n log(n),54,sigma,posterior_samples.pkl,10000,2.8495123658880592,0.8495123658880592
flow_npe,500,3107,N=n log(n),54,xi,posterior_samples.pkl,10000,-0.9954606519699096,-0.8954606519699096
flow_npe,500,3107,N=n log(n),55,lambda,posterior_samples.pkl,10000,100.62809748382568,0.6280974838256839
flow_npe,500,3107,N=n log(n),55,sigma,posterior_samples.pkl,10000,3.0141739712558686,1.0141739712558686
flow_npe,500,3107,N=n log(n),55,xi,posterior_samples.pkl,10000,-1.2125183686375618,-1.1125183686375617
flow_npe,500,3107,N=n log(n),56,lambda,posterior_samples.pkl,10000,99.47832316741943,-0.5216768325805674
flow_npe,500,3107,N=n log(n),56,sigma,posterior_samples.pkl,10000,2.86787063716054,0.8678706371605398
flow_npe,500,3107,N=n log(n),56,xi,posterior_samples.pkl,10000,-1.0291609801530839,-0.9291609801530839
flow_npe,500,3107,N=n log(n),57,lambda,posterior_samples.pkl,10000,100.40790290145874,0.40790290145874053
flow_npe,500,3107,N=n log(n),57,sigma,posterior_samples.pkl,10000,2.5968579784268515,0.5968579784268515
flow_npe,500,3107,N=n log(n),57,xi,posterior_samples.pkl,10000,-0.957825666642189,-0.8578256666421891
flow_npe,500,3107,N=n log(n),58,lambda,posterior_samples.pkl,10000,99.90197915611267,-0.09802084388732624
flow_npe,500,3107,N=n log(n),58,sigma,posterior_samples.pkl,10000,3.263701133234799,1.263701133234799
flow_npe,500,3107,N=n log(n),58,xi,posterior_samples.pkl,10000,-1.2621805395960808,-1.1621805395960807
flow_npe,500,3107,N=n log(n),59,lambda,posterior_samples.pkl,10000,100.47650936317444,0.4765093631744435
flow_npe,500,3107,N=n log(n),59,sigma,posterior_samples.pkl,10000,2.8330885983696206,0.8330885983696206
flow_npe,500,3107,N=n log(n),59,xi,posterior_samples.pkl,10000,-0.9762366501092911,-0.8762366501092911
flow_npe,500,3107,N=n log(n),60,lambda,posterior_samples.pkl,10000,99.68905955047607,-0.3109404495239261
flow_npe,500,3107,N=n log(n),60,sigma,posterior_samples.pkl,10000,2.4185538702620195,0.4185538702620195
flow_npe,500,3107,N=n log(n),60,xi,posterior_samples.pkl,10000,-0.6842444886565209,-0.5842444886565209
flow_npe,500,3107,N=n log(n),61,lambda,posterior_samples.pkl,10000,99.07456952838898,-0.9254304716110227
flow_npe,500,3107,N=n log(n),61,sigma,posterior_samples.pkl,10000,3.3280767413379624,1.3280767413379624
flow_npe,500,3107,N=n log(n),61,xi,posterior_samples.pkl,10000,-1.3372373509287834,-1.2372373509287833
flow_npe,500,3107,N=n log(n),62,lambda,posterior_samples.pkl,10000,100.54531606025695,0.5453160602569511
flow_npe,500,3107,N=n log(n),62,sigma,posterior_samples.pkl,10000,2.5690903560123406,0.5690903560123406
flow_npe,500,3107,N=n log(n),62,xi,posterior_samples.pkl,10000,-0.8591798614501953,-0.7591798614501953
flow_npe,500,3107,N=n log(n),63,lambda,posterior_samples.pkl,10000,99.53265479984283,-0.46734520015716896
flow_npe,500,3107,N=n log(n),63,sigma,posterior_samples.pkl,10000,3.054881658412516,1.054881658412516
flow_npe,500,3107,N=n log(n),63,xi,posterior_samples.pkl,10000,-1.1827723287343979,-1.0827723287343978
flow_npe,500,3107,N=n log(n),64,lambda,posterior_samples.pkl,10000,98.55766383094787,-1.4423361690521261
flow_npe,500,3107,N=n log(n),64,sigma,posterior_samples.pkl,10000,2.8985591404162347,0.8985591404162347
flow_npe,500,3107,N=n log(n),64,xi,posterior_samples.pkl,10000,-1.0994698218941688,-0.9994698218941688
flow_npe,500,3107,N=n log(n),65,lambda,posterior_samples.pkl,10000,99.66574090309143,-0.3342590969085677
flow_npe,500,3107,N=n log(n),65,sigma,posterior_samples.pkl,10000,2.6721120686140845,0.6721120686140845
flow_npe,500,3107,N=n log(n),65,xi,posterior_samples.pkl,10000,-0.9113972564458847,-0.8113972564458847
flow_npe,500,3107,N=n log(n),66,lambda,posterior_samples.pkl,10000,99.52747431526184,-0.4725256847381587
flow_npe,500,3107,N=n log(n),66,sigma,posterior_samples.pkl,10000,2.825171011322923,0.8251710113229231
flow_npe,500,3107,N=n log(n),66,xi,posterior_samples.pkl,10000,-1.0737256627559661,-0.9737256627559662
flow_npe,500,3107,N=n log(n),67,lambda,posterior_samples.pkl,10000,98.74292615242004,-1.25707384757996
flow_npe,500,3107,N=n log(n),67,sigma,posterior_samples.pkl,10000,2.813747723978944,0.8137477239789441
flow_npe,500,3107,N=n log(n),67,xi,posterior_samples.pkl,10000,-0.9197026550769806,-0.8197026550769806
flow_npe,500,3107,N=n log(n),68,lambda,posterior_samples.pkl,10000,99.99819465789795,-0.0018053421020454152
flow_npe,500,3107,N=n log(n),68,sigma,posterior_samples.pkl,10000,2.792334814663045,0.7923348146630449
flow_npe,500,3107,N=n log(n),68,xi,posterior_samples.pkl,10000,-1.0123020751476288,-0.9123020751476288
flow_npe,500,3107,N=n log(n),69,lambda,posterior_samples.pkl,10000,98.63266936950684,-1.3673306304931572
flow_npe,500,3107,N=n log(n),69,sigma,posterior_samples.pkl,10000,2.7589894931584595,0.7589894931584595
flow_npe,500,3107,N=n log(n),69,xi,posterior_samples.pkl,10000,-1.1774457801222802,-1.07744578012228
flow_npe,500,3107,N=n log(n),70,lambda,posterior_samples.pkl,10000,100.05494119491577,0.0549411949157701
flow_npe,500,3107,N=n log(n),70,sigma,posterior_samples.pkl,10000,2.421663380857557,0.42166338085755717
flow_npe,500,3107,N=n log(n),70,xi,posterior_samples.pkl,10000,-0.5115116486668587,-0.41151164866685874
flow_npe,500,3107,N=n log(n),71,lambda,posterior_samples.pkl,10000,99.3344397409439,-0.6655602590560932
flow_npe,500,3107,N=n log(n),71,sigma,posterior_samples.pkl,10000,2.5525451244775206,0.5525451244775206
flow_npe,500,3107,N=n log(n),71,xi,posterior_samples.pkl,10000,-0.7430601904273033,-0.6430601904273033
flow_npe,500,3107,N=n log(n),72,lambda,posterior_samples.pkl,10000,99.83614379425049,-0.16385620574951076
flow_npe,500,3107,N=n log(n),72,sigma,posterior_samples.pkl,10000,3.191824099955335,1.1918240999553351
flow_npe,500,3107,N=n log(n),72,xi,posterior_samples.pkl,10000,-1.3029062183260918,-1.2029062183260917
flow_npe,500,3107,N=n log(n),73,lambda,posterior_samples.pkl,10000,99.72999178466797,-0.2700082153320267
flow_npe,500,3107,N=n log(n),73,sigma,posterior_samples.pkl,10000,2.9098256209991873,0.9098256209991873
flow_npe,500,3107,N=n log(n),73,xi,posterior_samples.pkl,10000,-1.2340542775511743,-1.1340542775511742
flow_npe,500,3107,N=n log(n),74,lambda,posterior_samples.pkl,10000,100.37804455223083,0.37804455223083266
flow_npe,500,3107,N=n log(n),74,sigma,posterior_samples.pkl,10000,3.092411081345659,1.092411081345659
flow_npe,500,3107,N=n log(n),74,xi,posterior_samples.pkl,10000,-1.2246854043722153,-1.1246854043722152
flow_npe,500,3107,N=n log(n),75,lambda,posterior_samples.pkl,10000,99.73513592376709,-0.26486407623291086
flow_npe,500,3107,N=n log(n),75,sigma,posterior_samples.pkl,10000,2.7641057360500096,0.7641057360500096
flow_npe,500,3107,N=n log(n),75,xi,posterior_samples.pkl,10000,-0.7990018235445022,-0.6990018235445022
flow_npe,500,3107,N=n log(n),76,lambda,posterior_samples.pkl,10000,99.92756528816223,-0.07243471183777217
flow_npe,500,3107,N=n log(n),76,sigma,posterior_samples.pkl,10000,2.9519137711938472,0.9519137711938472
flow_npe,500,3107,N=n log(n),76,xi,posterior_samples.pkl,10000,-0.957504238140583,-0.8575042381405831
flow_npe,500,3107,N=n log(n),77,lambda,posterior_samples.pkl,10000,99.75962721500397,-0.2403727849960262
flow_npe,500,3107,N=n log(n),77,sigma,posterior_samples.pkl,10000,2.869703528902959,0.8697035289029591
flow_npe,500,3107,N=n log(n),77,xi,posterior_samples.pkl,10000,-1.2553519315123558,-1.1553519315123557
flow_npe,500,3107,N=n log(n),78,lambda,posterior_samples.pkl,10000,99.65912825107574,-0.34087174892425764
flow_npe,500,3107,N=n log(n),78,sigma,posterior_samples.pkl,10000,2.938519593510218,0.9385195935102182
flow_npe,500,3107,N=n log(n),78,xi,posterior_samples.pkl,10000,-1.1647316616773606,-1.0647316616773606
flow_npe,500,3107,N=n log(n),79,lambda,posterior_samples.pkl,10000,100.00272730426788,0.002727304267878594
flow_npe,500,3107,N=n log(n),79,sigma,posterior_samples.pkl,10000,2.3195242505310105,0.3195242505310105
flow_npe,500,3107,N=n log(n),79,xi,posterior_samples.pkl,10000,-0.6916331102132798,-0.5916331102132798
flow_npe,500,3107,N=n log(n),80,lambda,posterior_samples.pkl,10000,100.0604861503601,0.06048615036010574
flow_npe,500,3107,N=n log(n),80,sigma,posterior_samples.pkl,10000,2.5886034862481058,0.5886034862481058
flow_npe,500,3107,N=n log(n),80,xi,posterior_samples.pkl,10000,-0.9789026086091995,-0.8789026086091996
flow_npe,500,3107,N=n log(n),81,lambda,posterior_samples.pkl,10000,100.28397829208375,0.28397829208374503
flow_npe,500,3107,N=n log(n),81,sigma,posterior_samples.pkl,10000,2.294502455183119,0.2945024551831188
flow_npe,500,3107,N=n log(n),81,xi,posterior_samples.pkl,10000,-0.4414741396665573,-0.34147413966655726
flow_npe,500,3107,N=n log(n),82,lambda,posterior_samples.pkl,10000,99.72581245040894,-0.27418754959106195
flow_npe,500,3107,N=n log(n),82,sigma,posterior_samples.pkl,10000,2.9756518140354196,0.9756518140354196
flow_npe,500,3107,N=n log(n),82,xi,posterior_samples.pkl,10000,-1.1052150863051415,-1.0052150863051414
flow_npe,500,3107,N=n log(n),83,lambda,posterior_samples.pkl,10000,100.33773103790283,0.3377310379028273
flow_npe,500,3107,N=n log(n),83,sigma,posterior_samples.pkl,10000,2.8697235396625476,0.8697235396625476
flow_npe,500,3107,N=n log(n),83,xi,posterior_samples.pkl,10000,-1.0467235179305077,-0.9467235179305077
flow_npe,500,3107,N=n log(n),84,lambda,posterior_samples.pkl,10000,99.90467217121125,-0.09532782878875423
flow_npe,500,3107,N=n log(n),84,sigma,posterior_samples.pkl,10000,2.147546650000522,0.14754665000052203
flow_npe,500,3107,N=n log(n),84,xi,posterior_samples.pkl,10000,-0.2217133702993393,-0.12171337029933929
flow_npe,500,3107,N=n log(n),85,lambda,posterior_samples.pkl,10000,100.59541147117615,0.5954114711761491
flow_npe,500,3107,N=n log(n),85,sigma,posterior_samples.pkl,10000,2.414459506736137,0.41445950673613696
flow_npe,500,3107,N=n log(n),85,xi,posterior_samples.pkl,10000,-0.5236532103419304,-0.4236532103419304
flow_npe,500,3107,N=n log(n),86,lambda,posterior_samples.pkl,10000,99.9451084186554,-0.05489158134460581
flow_npe,500,3107,N=n log(n),86,sigma,posterior_samples.pkl,10000,2.5592810003334656,0.5592810003334656
flow_npe,500,3107,N=n log(n),86,xi,posterior_samples.pkl,10000,-0.5520827599644661,-0.4520827599644661
flow_npe,500,3107,N=n log(n),87,lambda,posterior_samples.pkl,10000,100.28238655395508,0.28238655395507806
flow_npe,500,3107,N=n log(n),87,sigma,posterior_samples.pkl,10000,2.260076940005645,0.2600769400056451
flow_npe,500,3107,N=n log(n),87,xi,posterior_samples.pkl,10000,-0.49750534447431566,-0.3975053444743156
flow_npe,500,3107,N=n log(n),88,lambda,posterior_samples.pkl,10000,100.35361828308106,0.3536182830810617
flow_npe,500,3107,N=n log(n),88,sigma,posterior_samples.pkl,10000,2.681213602628745,0.6812136026287452
flow_npe,500,3107,N=n log(n),88,xi,posterior_samples.pkl,10000,-0.8004582983493805,-0.7004582983493806
flow_npe,500,3107,N=n log(n),89,lambda,posterior_samples.pkl,10000,99.7794028087616,-0.22059719123839727
flow_npe,500,3107,N=n log(n),89,sigma,posterior_samples.pkl,10000,2.917249371929094,0.9172493719290942
flow_npe,500,3107,N=n log(n),89,xi,posterior_samples.pkl,10000,-0.8406977770924569,-0.7406977770924569
flow_npe,500,3107,N=n log(n),90,lambda,posterior_samples.pkl,10000,99.1677675567627,-0.8322324432373023
flow_npe,500,3107,N=n log(n),90,sigma,posterior_samples.pkl,10000,2.899372325470485,0.8993723254704848
flow_npe,500,3107,N=n log(n),90,xi,posterior_samples.pkl,10000,-0.8110795243740082,-0.7110795243740082
flow_npe,500,3107,N=n log(n),91,lambda,posterior_samples.pkl,10000,99.50774927120209,-0.492250728797913
flow_npe,500,3107,N=n log(n),91,sigma,posterior_samples.pkl,10000,2.705478020261228,0.7054780202612281
flow_npe,500,3107,N=n log(n),91,xi,posterior_samples.pkl,10000,-1.0472299712777138,-0.9472299712777138
flow_npe,500,3107,N=n log(n),92,lambda,posterior_samples.pkl,10000,99.43445088939667,-0.5655491106033281
flow_npe,500,3107,N=n log(n),92,sigma,posterior_samples.pkl,10000,2.8458817458881067,0.8458817458881067
flow_npe,500,3107,N=n log(n),92,xi,posterior_samples.pkl,10000,-1.0209651729106903,-0.9209651729106904
flow_npe,500,3107,N=n log(n),93,lambda,posterior_samples.pkl,10000,99.51116035461426,-0.4888396453857382
flow_npe,500,3107,N=n log(n),93,sigma,posterior_samples.pkl,10000,3.15271527214637,1.15271527214637
flow_npe,500,3107,N=n log(n),93,xi,posterior_samples.pkl,10000,-1.2958594022035599,-1.1958594022035598
flow_npe,500,3107,N=n log(n),94,lambda,posterior_samples.pkl,10000,100.25353555335998,0.25353555335998124
flow_npe,500,3107,N=n log(n),94,sigma,posterior_samples.pkl,10000,3.000034646319039,1.000034646319039
flow_npe,500,3107,N=n log(n),94,xi,posterior_samples.pkl,10000,-1.2382144120812415,-1.1382144120812414
flow_npe,500,3107,N=n log(n),95,lambda,posterior_samples.pkl,10000,99.37774183082581,-0.622258169174188
flow_npe,500,3107,N=n log(n),95,sigma,posterior_samples.pkl,10000,2.908709165365249,0.908709165365249
flow_npe,500,3107,N=n log(n),95,xi,posterior_samples.pkl,10000,-0.9397279177308082,-0.8397279177308082
flow_npe,500,3107,N=n log(n),96,lambda,posterior_samples.pkl,10000,99.21037263851166,-0.7896273614883427
flow_npe,500,3107,N=n log(n),96,sigma,posterior_samples.pkl,10000,2.957872205401864,0.957872205401864
flow_npe,500,3107,N=n log(n),96,xi,posterior_samples.pkl,10000,-1.218354090821743,-1.1183540908217429
flow_npe,500,3107,N=n log(n),97,lambda,posterior_samples.pkl,10000,101.73310630111695,1.7331063011169476
flow_npe,500,3107,N=n log(n),97,sigma,posterior_samples.pkl,10000,2.975252671116218,0.9752526711162179
flow_npe,500,3107,N=n log(n),97,xi,posterior_samples.pkl,10000,-1.2134344421744347,-1.1134344421744347
flow_npe,500,3107,N=n log(n),98,lambda,posterior_samples.pkl,10000,99.87510021514892,-0.12489978485108111
flow_npe,500,3107,N=n log(n),98,sigma,posterior_samples.pkl,10000,2.8666378989836203,0.8666378989836203
flow_npe,500,3107,N=n log(n),98,xi,posterior_samples.pkl,10000,-1.0376396425127983,-0.9376396425127983
flow_npe,500,3107,N=n log(n),99,lambda,posterior_samples.pkl,10000,99.06082489128113,-0.9391751087188709
flow_npe,500,3107,N=n log(n),99,sigma,posterior_samples.pkl,10000,2.305158621359896,0.305158621359896
flow_npe,500,3107,N=n log(n),99,xi,posterior_samples.pkl,10000,-0.5160559317231178,-0.41605593172311783
flow_npe,500,3107,N=n log(n),100,lambda,posterior_samples.pkl,10000,100.52925914554596,0.5292591455459643
flow_npe,500,3107,N=n log(n),100,sigma,posterior_samples.pkl,10000,2.1245302185909822,0.12453021859098223
flow_npe,500,3107,N=n log(n),100,xi,posterior_samples.pkl,10000,-0.18464342802762984,-0.08464342802762984
flow_npe,500,11180,N=n^(3/2),0,lambda,posterior_samples.pkl,10000,99.55717141456604,-0.44282858543395776
flow_npe,500,11180,N=n^(3/2),0,sigma,posterior_samples.pkl,10000,2.5275785639851356,0.5275785639851356
flow_npe,500,11180,N=n^(3/2),0,xi,posterior_samples.pkl,10000,-0.5680557508707047,-0.4680557508707047
flow_npe,500,11180,N=n^(3/2),1,lambda,posterior_samples.pkl,10000,100.54219547195434,0.5421954719543436
flow_npe,500,11180,N=n^(3/2),1,sigma,posterior_samples.pkl,10000,2.2452498323548586,0.24524983235485864
flow_npe,500,11180,N=n^(3/2),1,xi,posterior_samples.pkl,10000,-0.26160641318559646,-0.16160641318559646
flow_npe,500,11180,N=n^(3/2),2,lambda,posterior_samples.pkl,10000,99.86236440353393,-0.13763559646606893
flow_npe,500,11180,N=n^(3/2),2,sigma,posterior_samples.pkl,10000,2.023905127268145,0.023905127268144977
flow_npe,500,11180,N=n^(3/2),2,xi,posterior_samples.pkl,10000,-0.18051746587753295,-0.08051746587753295
flow_npe,500,11180,N=n^(3/2),3,lambda,posterior_samples.pkl,10000,99.69146216812133,-0.3085378318786667
flow_npe,500,11180,N=n^(3/2),3,sigma,posterior_samples.pkl,10000,2.190481661647931,0.1904816616479308
flow_npe,500,11180,N=n^(3/2),3,xi,posterior_samples.pkl,10000,-0.23225139030218125,-0.13225139030218125
flow_npe,500,11180,N=n^(3/2),4,lambda,posterior_samples.pkl,10000,99.40499836654664,-0.5950016334533643
flow_npe,500,11180,N=n^(3/2),4,sigma,posterior_samples.pkl,10000,2.0462510226517914,0.046251022651791374
flow_npe,500,11180,N=n^(3/2),4,xi,posterior_samples.pkl,10000,-0.11924354913234711,-0.019243549132347104
flow_npe,500,11180,N=n^(3/2),5,lambda,posterior_samples.pkl,10000,100.43657789611817,0.4365778961181661
flow_npe,500,11180,N=n^(3/2),5,sigma,posterior_samples.pkl,10000,2.0734537124799566,0.07345371247995658
flow_npe,500,11180,N=n^(3/2),5,xi,posterior_samples.pkl,10000,-0.1744053719997406,-0.0744053719997406
flow_npe,500,11180,N=n^(3/2),6,lambda,posterior_samples.pkl,10000,100.22242448005676,0.22242448005675897
flow_npe,500,11180,N=n^(3/2),6,sigma,posterior_samples.pkl,10000,1.971177419060748,-0.02882258093925194
flow_npe,500,11180,N=n^(3/2),6,xi,posterior_samples.pkl,10000,-0.11958647251129151,-0.019586472511291503
flow_npe,500,11180,N=n^(3/2),7,lambda,posterior_samples.pkl,10000,99.94636919403077,-0.05363080596923453
flow_npe,500,11180,N=n^(3/2),7,sigma,posterior_samples.pkl,10000,2.0965367189481854,0.09653671894818538
flow_npe,500,11180,N=n^(3/2),7,xi,posterior_samples.pkl,10000,-0.18743710480928422,-0.08743710480928421
flow_npe,500,11180,N=n^(3/2),8,lambda,posterior_samples.pkl,10000,100.17714954433441,0.1771495443344122
flow_npe,500,11180,N=n^(3/2),8,sigma,posterior_samples.pkl,10000,2.077113680110872,0.07711368011087183
flow_npe,500,11180,N=n^(3/2),8,xi,posterior_samples.pkl,10000,-0.1531077764749527,-0.053107776474952684
flow_npe,500,11180,N=n^(3/2),9,lambda,posterior_samples.pkl,10000,99.7091048318863,-0.29089516811370686
flow_npe,500,11180,N=n^(3/2),9,sigma,posterior_samples.pkl,10000,2.02905392920787,0.029053929207869977
flow_npe,500,11180,N=n^(3/2),9,xi,posterior_samples.pkl,10000,-0.16324657135009765,-0.06324657135009765
flow_npe,500,11180,N=n^(3/2),10,lambda,posterior_samples.pkl,10000,100.82128090248108,0.8212809024810781
flow_npe,500,11180,N=n^(3/2),10,sigma,posterior_samples.pkl,10000,2.161329143615626,0.1613291436156259
flow_npe,500,11180,N=n^(3/2),10,xi,posterior_samples.pkl,10000,-0.21125301653146744,-0.11125301653146744
flow_npe,500,11180,N=n^(3/2),11,lambda,posterior_samples.pkl,10000,100.44278705558777,0.44278705558777176
flow_npe,500,11180,N=n^(3/2),11,sigma,posterior_samples.pkl,10000,2.0521123120765203,0.05211231207652034
flow_npe,500,11180,N=n^(3/2),11,xi,posterior_samples.pkl,10000,-0.2377341303229332,-0.1377341303229332
flow_npe,500,11180,N=n^(3/2),12,lambda,posterior_samples.pkl,10000,100.5803163772583,0.5803163772582991
flow_npe,500,11180,N=n^(3/2),12,sigma,posterior_samples.pkl,10000,2.00352648147773,0.003526481477730048
flow_npe,500,11180,N=n^(3/2),12,xi,posterior_samples.pkl,10000,-0.12959687634706496,-0.029596876347064954
flow_npe,500,11180,N=n^(3/2),13,lambda,posterior_samples.pkl,10000,100.68254085330963,0.6825408533096322
flow_npe,500,11180,N=n^(3/2),13,sigma,posterior_samples.pkl,10000,2.1163038303714248,0.11630383037142478
flow_npe,500,11180,N=n^(3/2),13,xi,posterior_samples.pkl,10000,-0.18931365917921067,-0.08931365917921066
flow_npe,500,11180,N=n^(3/2),14,lambda,posterior_samples.pkl,10000,99.65195955238342,-0.34804044761658304
flow_npe,500,11180,N=n^(3/2),14,sigma,posterior_samples.pkl,10000,2.152802942671627,0.15280294267162686
flow_npe,500,11180,N=n^(3/2),14,xi,posterior_samples.pkl,10000,-0.1942451514005661,-0.09424515140056611
flow_npe,500,11180,N=n^(3/2),15,lambda,posterior_samples.pkl,10000,99.26936258621215,-0.7306374137878464
flow_npe,500,11180,N=n^(3/2),15,sigma,posterior_samples.pkl,10000,1.979117406309396,-0.02088259369060408
flow_npe,500,11180,N=n^(3/2),15,xi,posterior_samples.pkl,10000,-0.1469536527276039,-0.046953652727603906
flow_npe,500,11180,N=n^(3/2),16,lambda,posterior_samples.pkl,10000,99.80996808986664,-0.19003191013335652
flow_npe,500,11180,N=n^(3/2),16,sigma,posterior_samples.pkl,10000,2.3098808369135484,0.3098808369135484
flow_npe,500,11180,N=n^(3/2),16,xi,posterior_samples.pkl,10000,-0.31013951759338376,-0.21013951759338376
flow_npe,500,11180,N=n^(3/2),17,lambda,posterior_samples.pkl,10000,99.32486736030579,-0.6751326396942119
flow_npe,500,11180,N=n^(3/2),17,sigma,posterior_samples.pkl,10000,1.9802281598851084,-0.019771840114891637
flow_npe,500,11180,N=n^(3/2),17,xi,posterior_samples.pkl,10000,-0.11145434091091155,-0.011454340910911548
flow_npe,500,11180,N=n^(3/2),18,lambda,posterior_samples.pkl,10000,99.5838749168396,-0.4161250831603951
flow_npe,500,11180,N=n^(3/2),18,sigma,posterior_samples.pkl,10000,2.0761591720104215,0.07615917201042155
flow_npe,500,11180,N=n^(3/2),18,xi,posterior_samples.pkl,10000,-0.14174619545936584,-0.04174619545936584
flow_npe,500,11180,N=n^(3/2),19,lambda,posterior_samples.pkl,10000,99.78151315422058,-0.2184868457794238
flow_npe,500,11180,N=n^(3/2),19,sigma,posterior_samples.pkl,10000,1.9935254089668393,-0.006474591033160726
flow_npe,500,11180,N=n^(3/2),19,xi,posterior_samples.pkl,10000,-0.15751525571346284,-0.05751525571346283
flow_npe,500,11180,N=n^(3/2),20,lambda,posterior_samples.pkl,10000,99.79024107208252,-0.20975892791747697
flow_npe,500,11180,N=n^(3/2),20,sigma,posterior_samples.pkl,10000,2.5588532157726585,0.5588532157726585
flow_npe,500,11180,N=n^(3/2),20,xi,posterior_samples.pkl,10000,-0.6513126956105232,-0.5513126956105232
flow_npe,500,11180,N=n^(3/2),21,lambda,posterior_samples.pkl,10000,100.1430658782959,0.1430658782959
flow_npe,500,11180,N=n^(3/2),21,sigma,posterior_samples.pkl,10000,2.2752412647929043,0.27524126479290434
flow_npe,500,11180,N=n^(3/2),21,xi,posterior_samples.pkl,10000,-0.26086203634738925,-0.16086203634738924
flow_npe,500,11180,N=n^(3/2),22,lambda,posterior_samples.pkl,10000,100.20329875183106,0.20329875183105628
flow_npe,500,11180,N=n^(3/2),22,sigma,posterior_samples.pkl,10000,2.0147063543900847,0.01470635439008472
flow_npe,500,11180,N=n^(3/2),22,xi,posterior_samples.pkl,10000,-0.13230113906860352,-0.03230113906860352
flow_npe,500,11180,N=n^(3/2),23,lambda,posterior_samples.pkl,10000,101.03591841125488,1.0359184112548832
flow_npe,500,11180,N=n^(3/2),23,sigma,posterior_samples.pkl,10000,2.1184094103984537,0.11840941039845365
flow_npe,500,11180,N=n^(3/2),23,xi,posterior_samples.pkl,10000,-0.14927294870615004,-0.04927294870615004
flow_npe,500,11180,N=n^(3/2),24,lambda,posterior_samples.pkl,10000,100.07867172889709,0.07867172889709195
flow_npe,500,11180,N=n^(3/2),24,sigma,posterior_samples.pkl,10000,2.0311068532429637,0.031106853242963695
flow_npe,500,11180,N=n^(3/2),24,xi,posterior_samples.pkl,10000,-0.15035571942329407,-0.05035571942329406
flow_npe,500,11180,N=n^(3/2),25,lambda,posterior_samples.pkl,10000,100.77267449913025,0.7726744991302468
flow_npe,500,11180,N=n^(3/2),25,sigma,posterior_samples.pkl,10000,1.9910853441374377,-0.008914655862562348
flow_npe,500,11180,N=n^(3/2),25,xi,posterior_samples.pkl,10000,-0.1544328197002411,-0.05443281970024108
flow_npe,500,11180,N=n^(3/2),26,lambda,posterior_samples.pkl,10000,99.59577365646362,-0.4042263435363793
flow_npe,500,11180,N=n^(3/2),26,sigma,posterior_samples.pkl,10000,2.1055942472457887,0.1055942472457887
flow_npe,500,11180,N=n^(3/2),26,xi,posterior_samples.pkl,10000,-0.1680001516342163,-0.0680001516342163
flow_npe,500,11180,N=n^(3/2),27,lambda,posterior_samples.pkl,10000,99.5809405532837,-0.4190594467163038
flow_npe,500,11180,N=n^(3/2),27,sigma,posterior_samples.pkl,10000,1.9594363152415957,-0.04056368475840433
flow_npe,500,11180,N=n^(3/2),27,xi,posterior_samples.pkl,10000,-0.1410770346879959,-0.041077034687995895
flow_npe,500,11180,N=n^(3/2),28,lambda,posterior_samples.pkl,10000,100.46953926086425,0.46953926086425213
flow_npe,500,11180,N=n^(3/2),28,sigma,posterior_samples.pkl,10000,2.077319978572428,0.07731997857242812
flow_npe,500,11180,N=n^(3/2),28,xi,posterior_samples.pkl,10000,-0.17031154853105546,-0.07031154853105545
flow_npe,500,11180,N=n^(3/2),29,lambda,posterior_samples.pkl,10000,99.86814342765808,-0.13185657234191694
flow_npe,500,11180,N=n^(3/2),29,sigma,posterior_samples.pkl,10000,2.0187583382994867,0.0187583382994867
flow_npe,500,11180,N=n^(3/2),29,xi,posterior_samples.pkl,10000,-0.12638623241186142,-0.026386232411861416
flow_npe,500,11180,N=n^(3/2),30,lambda,posterior_samples.pkl,10000,99.59019436779022,-0.40980563220978183
flow_npe,500,11180,N=n^(3/2),30,sigma,posterior_samples.pkl,10000,2.3274141786508262,0.3274141786508262
flow_npe,500,11180,N=n^(3/2),30,xi,posterior_samples.pkl,10000,-0.38330446890592573,-0.28330446890592575
flow_npe,500,11180,N=n^(3/2),31,lambda,posterior_samples.pkl,10000,100.03164483261108,0.031644832611078755
flow_npe,500,11180,N=n^(3/2),31,sigma,posterior_samples.pkl,10000,2.07920852929838,0.07920852929838018
flow_npe,500,11180,N=n^(3/2),31,xi,posterior_samples.pkl,10000,-0.12674175370931626,-0.02674175370931625
flow_npe,500,11180,N=n^(3/2),32,lambda,posterior_samples.pkl,10000,99.99594211921692,-0.004057880783079781
flow_npe,500,11180,N=n^(3/2),32,sigma,posterior_samples.pkl,10000,1.964471465933323,-0.03552853406667711
flow_npe,500,11180,N=n^(3/2),32,xi,posterior_samples.pkl,10000,-0.09688962692022324,0.003110373079776768
flow_npe,500,11180,N=n^(3/2),33,lambda,posterior_samples.pkl,10000,99.92487101345063,-0.07512898654937317
flow_npe,500,11180,N=n^(3/2),33,sigma,posterior_samples.pkl,10000,2.180298764038645,0.18029876403864487
flow_npe,500,11180,N=n^(3/2),33,xi,posterior_samples.pkl,10000,-0.3055581902742386,-0.20555819027423858
flow_npe,500,11180,N=n^(3/2),34,lambda,posterior_samples.pkl,10000,99.6444497768402,-0.35555022315979556
flow_npe,500,11180,N=n^(3/2),34,sigma,posterior_samples.pkl,10000,2.4900589643923565,0.4900589643923565
flow_npe,500,11180,N=n^(3/2),34,xi,posterior_samples.pkl,10000,-0.5390556585073472,-0.4390556585073472
flow_npe,500,11180,N=n^(3/2),35,lambda,posterior_samples.pkl,10000,99.41174419097901,-0.5882558090209926
flow_npe,500,11180,N=n^(3/2),35,sigma,posterior_samples.pkl,10000,2.5004994676209056,0.5004994676209056
flow_npe,500,11180,N=n^(3/2),35,xi,posterior_samples.pkl,10000,-0.39255468475818633,-0.29255468475818636
flow_npe,500,11180,N=n^(3/2),36,lambda,posterior_samples.pkl,10000,99.34065547046661,-0.6593445295333851
flow_npe,500,11180,N=n^(3/2),36,sigma,posterior_samples.pkl,10000,1.9756636741891502,-0.024336325810849768
flow_npe,500,11180,N=n^(3/2),36,xi,posterior_samples.pkl,10000,-0.13830536825656892,-0.03830536825656891
flow_npe,500,11180,N=n^(3/2),37,lambda,posterior_samples.pkl,10000,100.34205178451538,0.34205178451537677
flow_npe,500,11180,N=n^(3/2),37,sigma,posterior_samples.pkl,10000,2.1332698260584846,0.1332698260584846
flow_npe,500,11180,N=n^(3/2),37,xi,posterior_samples.pkl,10000,-0.19378329232931138,-0.09378329232931137
flow_npe,500,11180,N=n^(3/2),38,lambda,posterior_samples.pkl,10000,99.08938767910004,-0.9106123208999577
flow_npe,500,11180,N=n^(3/2),38,sigma,posterior_samples.pkl,10000,2.059207646986656,0.05920764698665604
flow_npe,500,11180,N=n^(3/2),38,xi,posterior_samples.pkl,10000,-0.17253857978582382,-0.07253857978582381
flow_npe,500,11180,N=n^(3/2),39,lambda,posterior_samples.pkl,10000,100.55051596221924,0.5505159622192366
flow_npe,500,11180,N=n^(3/2),39,sigma,posterior_samples.pkl,10000,2.0953706487648187,0.09537064876481871
flow_npe,500,11180,N=n^(3/2),39,xi,posterior_samples.pkl,10000,-0.18506839631795882,-0.08506839631795882
flow_npe,500,11180,N=n^(3/2),40,lambda,posterior_samples.pkl,10000,99.85646905250549,-0.14353094749451145
flow_npe,500,11180,N=n^(3/2),40,sigma,posterior_samples.pkl,10000,2.0841506952635944,0.08415069526359442
flow_npe,500,11180,N=n^(3/2),40,xi,posterior_samples.pkl,10000,-0.11245590178966522,-0.012455901789665214
flow_npe,500,11180,N=n^(3/2),41,lambda,posterior_samples.pkl,10000,99.83023872261047,-0.16976127738952584
flow_npe,500,11180,N=n^(3/2),41,sigma,posterior_samples.pkl,10000,1.993476599426195,-0.0065234005738050715
flow_npe,500,11180,N=n^(3/2),41,xi,posterior_samples.pkl,10000,-0.2524807229161263,-0.15248072291612627
flow_npe,500,11180,N=n^(3/2),42,lambda,posterior_samples.pkl,10000,99.41332050361633,-0.5866794963836668
flow_npe,500,11180,N=n^(3/2),42,sigma,posterior_samples.pkl,10000,2.8228320446351542,0.8228320446351542
flow_npe,500,11180,N=n^(3/2),42,xi,posterior_samples.pkl,10000,-0.7724208894014358,-0.6724208894014359
flow_npe,500,11180,N=n^(3/2),43,lambda,posterior_samples.pkl,10000,100.21186729049683,0.2118672904968264
flow_npe,500,11180,N=n^(3/2),43,sigma,posterior_samples.pkl,10000,2.091644104084745,0.09164410408474488
flow_npe,500,11180,N=n^(3/2),43,xi,posterior_samples.pkl,10000,-0.13865300079584122,-0.03865300079584122
flow_npe,500,11180,N=n^(3/2),44,lambda,posterior_samples.pkl,10000,100.56743575401306,0.5674357540130615
flow_npe,500,11180,N=n^(3/2),44,sigma,posterior_samples.pkl,10000,2.065008694285527,0.06500869428552702
flow_npe,500,11180,N=n^(3/2),44,xi,posterior_samples.pkl,10000,-0.14629821858406067,-0.04629821858406066
flow_npe,500,11180,N=n^(3/2),45,lambda,posterior_samples.pkl,10000,99.70330204849243,-0.29669795150756784
flow_npe,500,11180,N=n^(3/2),45,sigma,posterior_samples.pkl,10000,2.0944791351296006,0.0944791351296006
flow_npe,500,11180,N=n^(3/2),45,xi,posterior_samples.pkl,10000,-0.14951949430704117,-0.04951949430704117
flow_npe,500,11180,N=n^(3/2),46,lambda,posterior_samples.pkl,10000,99.6504294757843,-0.349570524215693
flow_npe,500,11180,N=n^(3/2),46,sigma,posterior_samples.pkl,10000,2.27364958688654,0.27364958688654006
flow_npe,500,11180,N=n^(3/2),46,xi,posterior_samples.pkl,10000,-0.3199626347661018,-0.2199626347661018
flow_npe,500,11180,N=n^(3/2),47,lambda,posterior_samples.pkl,10000,100.50203098011016,0.5020309801101632
flow_npe,500,11180,N=n^(3/2),47,sigma,posterior_samples.pkl,10000,2.128128400096949,0.12812840009694915
flow_npe,500,11180,N=n^(3/2),47,xi,posterior_samples.pkl,10000,-0.2466858836054802,-0.14668588360548018
flow_npe,500,11180,N=n^(3/2),48,lambda,posterior_samples.pkl,10000,100.12987143058777,0.1298714305877695
flow_npe,500,11180,N=n^(3/2),48,sigma,posterior_samples.pkl,10000,2.225001673318073,0.22500167331807308
flow_npe,500,11180,N=n^(3/2),48,xi,posterior_samples.pkl,10000,-0.20976521762609482,-0.10976521762609481
flow_npe,500,11180,N=n^(3/2),49,lambda,posterior_samples.pkl,10000,100.1399379497528,0.13993794975280593
flow_npe,500,11180,N=n^(3/2),49,sigma,posterior_samples.pkl,10000,2.113716011432372,0.11371601143237209
flow_npe,500,11180,N=n^(3/2),49,xi,posterior_samples.pkl,10000,-0.2615312551021576,-0.16153125510215757
flow_npe,500,11180,N=n^(3/2),50,lambda,posterior_samples.pkl,10000,99.68794438514709,-0.312055614852909
flow_npe,500,11180,N=n^(3/2),50,sigma,posterior_samples.pkl,10000,2.135948149916716,0.1359481499167159
flow_npe,500,11180,N=n^(3/2),50,xi,posterior_samples.pkl,10000,-0.1615759276151657,-0.0615759276151657
flow_npe,500,11180,N=n^(3/2),51,lambda,posterior_samples.pkl,10000,99.78409174461365,-0.21590825538635272
flow_npe,500,11180,N=n^(3/2),51,sigma,posterior_samples.pkl,10000,2.1591152355177328,0.15911523551773277
flow_npe,500,11180,N=n^(3/2),51,xi,posterior_samples.pkl,10000,-0.20809050568342208,-0.10809050568342207
flow_npe,500,11180,N=n^(3/2),52,lambda,posterior_samples.pkl,10000,99.74005022888184,-0.2599497711181584
flow_npe,500,11180,N=n^(3/2),52,sigma,posterior_samples.pkl,10000,2.2299439890336243,0.22994398903362434
flow_npe,500,11180,N=n^(3/2),52,xi,posterior_samples.pkl,10000,-0.2143640197634697,-0.11436401976346969
flow_npe,500,11180,N=n^(3/2),53,lambda,posterior_samples.pkl,10000,99.72368290843964,-0.2763170915603581
flow_npe,500,11180,N=n^(3/2),53,sigma,posterior_samples.pkl,10000,2.1140401436459273,0.1140401436459273
flow_npe,500,11180,N=n^(3/2),53,xi,posterior_samples.pkl,10000,-0.2305946083664894,-0.1305946083664894
flow_npe,500,11180,N=n^(3/2),54,lambda,posterior_samples.pkl,10000,99.4666812461853,-0.5333187538146973
flow_npe,500,11180,N=n^(3/2),54,sigma,posterior_samples.pkl,10000,2.406709985372238,0.4067099853722378
flow_npe,500,11180,N=n^(3/2),54,xi,posterior_samples.pkl,10000,-0.48943545118570325,-0.3894354511857032
flow_npe,500,11180,N=n^(3/2),55,lambda,posterior_samples.pkl,10000,100.66981282653809,0.6698128265380916
flow_npe,500,11180,N=n^(3/2),55,sigma,posterior_samples.pkl,10000,2.6752456310896204,0.6752456310896204
flow_npe,500,11180,N=n^(3/2),55,xi,posterior_samples.pkl,10000,-0.755255884885788,-0.655255884885788
flow_npe,500,11180,N=n^(3/2),56,lambda,posterior_samples.pkl,10000,99.73384988746643,-0.26615011253356613
flow_npe,500,11180,N=n^(3/2),56,sigma,posterior_samples.pkl,10000,2.435825595670007,0.435825595670007
flow_npe,500,11180,N=n^(3/2),56,xi,posterior_samples.pkl,10000,-0.440369974052906,-0.34036997405290603
flow_npe,500,11180,N=n^(3/2),57,lambda,posterior_samples.pkl,10000,100.44537164802551,0.4453716480255139
flow_npe,500,11180,N=n^(3/2),57,sigma,posterior_samples.pkl,10000,1.9523963308308274,-0.04760366916917258
flow_npe,500,11180,N=n^(3/2),57,xi,posterior_samples.pkl,10000,-0.17897485944032668,-0.07897485944032667
flow_npe,500,11180,N=n^(3/2),58,lambda,posterior_samples.pkl,10000,99.8750369934082,-0.12496300659179838
flow_npe,500,11180,N=n^(3/2),58,sigma,posterior_samples.pkl,10000,2.356296371159144,0.3562963711591438
flow_npe,500,11180,N=n^(3/2),58,xi,posterior_samples.pkl,10000,-0.33194054012298585,-0.23194054012298584
flow_npe,500,11180,N=n^(3/2),59,lambda,posterior_samples.pkl,10000,100.12518324623107,0.12518324623107446
flow_npe,500,11180,N=n^(3/2),59,sigma,posterior_samples.pkl,10000,2.1656454097952693,0.16564540979526932
flow_npe,500,11180,N=n^(3/2),59,xi,posterior_samples.pkl,10000,-0.3469086629152298,-0.2469086629152298
flow_npe,500,11180,N=n^(3/2),60,lambda,posterior_samples.pkl,10000,99.73735077705383,-0.2626492229461661
flow_npe,500,11180,N=n^(3/2),60,sigma,posterior_samples.pkl,10000,2.109917852427065,0.1099178524270652
flow_npe,500,11180,N=n^(3/2),60,xi,posterior_samples.pkl,10000,-0.1701928631901741,-0.07019286319017409
flow_npe,500,11180,N=n^(3/2),61,lambda,posterior_samples.pkl,10000,99.47165849227905,-0.5283415077209526
flow_npe,500,11180,N=n^(3/2),61,sigma,posterior_samples.pkl,10000,3.279081301757693,1.2790813017576932
flow_npe,500,11180,N=n^(3/2),61,xi,posterior_samples.pkl,10000,-1.0766963577151298,-0.9766963577151299
flow_npe,500,11180,N=n^(3/2),62,lambda,posterior_samples.pkl,10000,100.66963843574524,0.6696384357452416
flow_npe,500,11180,N=n^(3/2),62,sigma,posterior_samples.pkl,10000,1.992913428160036,-0.007086571839963973
flow_npe,500,11180,N=n^(3/2),62,xi,posterior_samples.pkl,10000,-0.13528376126289368,-0.035283761262893676
flow_npe,500,11180,N=n^(3/2),63,lambda,posterior_samples.pkl,10000,100.00552813568115,0.005528135681146296
flow_npe,500,11180,N=n^(3/2),63,sigma,posterior_samples.pkl,10000,2.7922773918027057,0.7922773918027057
flow_npe,500,11180,N=n^(3/2),63,xi,posterior_samples.pkl,10000,-0.6113313755512237,-0.5113313755512238
flow_npe,500,11180,N=n^(3/2),64,lambda,posterior_samples.pkl,10000,99.48929598331452,-0.5107040166854802
flow_npe,500,11180,N=n^(3/2),64,sigma,posterior_samples.pkl,10000,2.0074319264411926,0.007431926441192616
flow_npe,500,11180,N=n^(3/2),64,xi,posterior_samples.pkl,10000,-0.1504399209856987,-0.05043992098569869
flow_npe,500,11180,N=n^(3/2),65,lambda,posterior_samples.pkl,10000,99.59713971328735,-0.4028602867126523
flow_npe,500,11180,N=n^(3/2),65,sigma,posterior_samples.pkl,10000,2.097411736147548,0.09741173614754794
flow_npe,500,11180,N=n^(3/2),65,xi,posterior_samples.pkl,10000,-0.16645000898838044,-0.06645000898838044
flow_npe,500,11180,N=n^(3/2),66,lambda,posterior_samples.pkl,10000,99.37446142082214,-0.6255385791778565
flow_npe,500,11180,N=n^(3/2),66,sigma,posterior_samples.pkl,10000,2.1192378785040695,0.11923787850406953
flow_npe,500,11180,N=n^(3/2),66,xi,posterior_samples.pkl,10000,-0.20689359167814256,-0.10689359167814255
flow_npe,500,11180,N=n^(3/2),67,lambda,posterior_samples.pkl,10000,99.28190738334656,-0.7180926166534363
flow_npe,500,11180,N=n^(3/2),67,sigma,posterior_samples.pkl,10000,2.3656117487089707,0.36561174870897073
flow_npe,500,11180,N=n^(3/2),67,xi,posterior_samples.pkl,10000,-0.4134587656021118,-0.31345876560211183
flow_npe,500,11180,N=n^(3/2),68,lambda,posterior_samples.pkl,10000,100.01134140396118,0.01134140396118255
flow_npe,500,11180,N=n^(3/2),68,sigma,posterior_samples.pkl,10000,1.992996886011772,-0.00700311398822806
flow_npe,500,11180,N=n^(3/2),68,xi,posterior_samples.pkl,10000,-0.13399721199274064,-0.03399721199274064
flow_npe,500,11180,N=n^(3/2),69,lambda,posterior_samples.pkl,10000,99.06984126205444,-0.9301587379455611
flow_npe,500,11180,N=n^(3/2),69,sigma,posterior_samples.pkl,10000,1.9304454797044397,-0.06955452029556031
flow_npe,500,11180,N=n^(3/2),69,xi,posterior_samples.pkl,10000,-0.11030681592226028,-0.010306815922260279
flow_npe,500,11180,N=n^(3/2),70,lambda,posterior_samples.pkl,10000,100.2454698310852,0.24546983108520237
flow_npe,500,11180,N=n^(3/2),70,sigma,posterior_samples.pkl,10000,2.047504105282668,0.04750410528266791
flow_npe,500,11180,N=n^(3/2),70,xi,posterior_samples.pkl,10000,-0.18358790063858033,-0.08358790063858032
flow_npe,500,11180,N=n^(3/2),71,lambda,posterior_samples.pkl,10000,99.43810667762756,-0.5618933223724412
flow_npe,500,11180,N=n^(3/2),71,sigma,posterior_samples.pkl,10000,2.0746967754230834,0.0746967754230834
flow_npe,500,11180,N=n^(3/2),71,xi,posterior_samples.pkl,10000,-0.16924694375991822,-0.06924694375991822
flow_npe,500,11180,N=n^(3/2),72,lambda,posterior_samples.pkl,10000,100.42519154319763,0.4251915431976272
flow_npe,500,11180,N=n^(3/2),72,sigma,posterior_samples.pkl,10000,2.250255977604911,0.2502559776049109
flow_npe,500,11180,N=n^(3/2),72,xi,posterior_samples.pkl,10000,-0.2675766592502594,-0.1675766592502594
flow_npe,500,11180,N=n^(3/2),73,lambda,posterior_samples.pkl,10000,99.84874833526611,-0.1512516647338913
flow_npe,500,11180,N=n^(3/2),73,sigma,posterior_samples.pkl,10000,2.0035138081062587,0.0035138081062586757
flow_npe,500,11180,N=n^(3/2),73,xi,posterior_samples.pkl,10000,-0.21962965512275695,-0.11962965512275694
flow_npe,500,11180,N=n^(3/2),74,lambda,posterior_samples.pkl,10000,100.56808639221191,0.5680863922119102
flow_npe,500,11180,N=n^(3/2),74,sigma,posterior_samples.pkl,10000,2.1273671636878513,0.12736716368785128
flow_npe,500,11180,N=n^(3/2),74,xi,posterior_samples.pkl,10000,-0.17689144818782807,-0.07689144818782806
flow_npe,500,11180,N=n^(3/2),75,lambda,posterior_samples.pkl,10000,100.00278604888916,0.0027860488891633395
flow_npe,500,11180,N=n^(3/2),75,sigma,posterior_samples.pkl,10000,2.15111666493956,0.15111666493955989
flow_npe,500,11180,N=n^(3/2),75,xi,posterior_samples.pkl,10000,-0.20660816793441772,-0.10660816793441771
flow_npe,500,11180,N=n^(3/2),76,lambda,posterior_samples.pkl,10000,100.12067030525208,0.12067030525207656
flow_npe,500,11180,N=n^(3/2),76,sigma,posterior_samples.pkl,10000,2.06471648786366,0.06471648786365991
flow_npe,500,11180,N=n^(3/2),76,xi,posterior_samples.pkl,10000,-0.15431711126565933,-0.05431711126565933
flow_npe,500,11180,N=n^(3/2),77,lambda,posterior_samples.pkl,10000,100.61953382778168,0.6195338277816802
flow_npe,500,11180,N=n^(3/2),77,sigma,posterior_samples.pkl,10000,1.973822019686224,-0.02617798031377605
flow_npe,500,11180,N=n^(3/2),77,xi,posterior_samples.pkl,10000,-0.13601903040409088,-0.03601903040409088
flow_npe,500,11180,N=n^(3/2),78,lambda,posterior_samples.pkl,10000,99.95278104629517,-0.04721895370482798
flow_npe,500,11180,N=n^(3/2),78,sigma,posterior_samples.pkl,10000,2.8057094756699166,0.8057094756699166
flow_npe,500,11180,N=n^(3/2),78,xi,posterior_samples.pkl,10000,-0.9734934286117554,-0.8734934286117554
flow_npe,500,11180,N=n^(3/2),79,lambda,posterior_samples.pkl,10000,100.34460893764496,0.3446089376449635
flow_npe,500,11180,N=n^(3/2),79,sigma,posterior_samples.pkl,10000,2.085113719446957,0.08511371944695689
flow_npe,500,11180,N=n^(3/2),79,xi,posterior_samples.pkl,10000,-0.29536841381788254,-0.19536841381788253
flow_npe,500,11180,N=n^(3/2),80,lambda,posterior_samples.pkl,10000,100.14248354167938,0.1424835416793826
flow_npe,500,11180,N=n^(3/2),80,sigma,posterior_samples.pkl,10000,2.277346224540472,0.2773462245404721
flow_npe,500,11180,N=n^(3/2),80,xi,posterior_samples.pkl,10000,-0.40188671243190766,-0.3018867124319077
flow_npe,500,11180,N=n^(3/2),81,lambda,posterior_samples.pkl,10000,99.77116785011292,-0.2288321498870829
flow_npe,500,11180,N=n^(3/2),81,sigma,posterior_samples.pkl,10000,1.9614639040252193,-0.03853609597478069
flow_npe,500,11180,N=n^(3/2),81,xi,posterior_samples.pkl,10000,-0.09528288496732712,0.004717115032672886
flow_npe,500,11180,N=n^(3/2),82,lambda,posterior_samples.pkl,10000,100.32708506088257,0.32708506088256684
flow_npe,500,11180,N=n^(3/2),82,sigma,posterior_samples.pkl,10000,2.3627033724521285,0.36270337245212847
flow_npe,500,11180,N=n^(3/2),82,xi,posterior_samples.pkl,10000,-0.4635247340679169,-0.36352473406791685
flow_npe,500,11180,N=n^(3/2),83,lambda,posterior_samples.pkl,10000,100.49031339111328,0.49031339111327554
flow_npe,500,11180,N=n^(3/2),83,sigma,posterior_samples.pkl,10000,2.1472848296869547,0.14728482968695467
flow_npe,500,11180,N=n^(3/2),83,xi,posterior_samples.pkl,10000,-0.2038097721219063,-0.10380977212190629
flow_npe,500,11180,N=n^(3/2),84,lambda,posterior_samples.pkl,10000,99.93166238307953,-0.06833761692047347
flow_npe,500,11180,N=n^(3/2),84,sigma,posterior_samples.pkl,10000,2.056473008787632,0.05647300878763195
flow_npe,500,11180,N=n^(3/2),84,xi,posterior_samples.pkl,10000,-0.1307032588839531,-0.03070325888395309
flow_npe,500,11180,N=n^(3/2),85,lambda,posterior_samples.pkl,10000,100.13980157718659,0.1398015771865886
flow_npe,500,11180,N=n^(3/2),85,sigma,posterior_samples.pkl,10000,2.034454958627373,0.0344549586273728
flow_npe,500,11180,N=n^(3/2),85,xi,posterior_samples.pkl,10000,-0.1598906764268875,-0.0598906764268875
flow_npe,500,11180,N=n^(3/2),86,lambda,posterior_samples.pkl,10000,99.33849089775086,-0.6615091022491413
flow_npe,500,11180,N=n^(3/2),86,sigma,posterior_samples.pkl,10000,2.102779798567295,0.10277979856729491
flow_npe,500,11180,N=n^(3/2),86,xi,posterior_samples.pkl,10000,-0.14006628291606904,-0.040066282916069035
flow_npe,500,11180,N=n^(3/2),87,lambda,posterior_samples.pkl,10000,100.40441072273255,0.40441072273254974
flow_npe,500,11180,N=n^(3/2),87,sigma,posterior_samples.pkl,10000,2.0769368201271163,0.07693682012711633
flow_npe,500,11180,N=n^(3/2),87,xi,posterior_samples.pkl,10000,-0.18292818776369094,-0.08292818776369093
flow_npe,500,11180,N=n^(3/2),88,lambda,posterior_samples.pkl,10000,100.64220762786866,0.6422076278686575
flow_npe,500,11180,N=n^(3/2),88,sigma,posterior_samples.pkl,10000,1.9735512089667842,-0.026448791033215846
flow_npe,500,11180,N=n^(3/2),88,xi,posterior_samples.pkl,10000,-0.12303428277969361,-0.023034282779693604
flow_npe,500,11180,N=n^(3/2),89,lambda,posterior_samples.pkl,10000,100.20072001953125,0.2007200195312464
flow_npe,500,11180,N=n^(3/2),89,sigma,posterior_samples.pkl,10000,2.118011871203268,0.11801187120326784
flow_npe,500,11180,N=n^(3/2),89,xi,posterior_samples.pkl,10000,-0.13969829424619676,-0.03969829424619675
flow_npe,500,11180,N=n^(3/2),90,lambda,posterior_samples.pkl,10000,99.94920460128785,-0.05079539871215388
flow_npe,500,11180,N=n^(3/2),90,sigma,posterior_samples.pkl,10000,2.0981330358874053,0.0981330358874053
flow_npe,500,11180,N=n^(3/2),90,xi,posterior_samples.pkl,10000,-0.14728055007457733,-0.04728055007457732
flow_npe,500,11180,N=n^(3/2),91,lambda,posterior_samples.pkl,10000,99.83483952884674,-0.16516047115325705
flow_npe,500,11180,N=n^(3/2),91,sigma,posterior_samples.pkl,10000,2.2295192908480765,0.22951929084807654
flow_npe,500,11180,N=n^(3/2),91,xi,posterior_samples.pkl,10000,-0.2600750639438629,-0.16007506394386292
flow_npe,500,11180,N=n^(3/2),92,lambda,posterior_samples.pkl,10000,99.50021144218445,-0.499788557815549
flow_npe,500,11180,N=n^(3/2),92,sigma,posterior_samples.pkl,10000,2.1282192086721303,0.12821920867213032
flow_npe,500,11180,N=n^(3/2),92,xi,posterior_samples.pkl,10000,-0.15852575755119325,-0.05852575755119324
flow_npe,500,11180,N=n^(3/2),93,lambda,posterior_samples.pkl,10000,99.82285307312011,-0.1771469268798853
flow_npe,500,11180,N=n^(3/2),93,sigma,posterior_samples.pkl,10000,2.709580928692967,0.7095809286929669
flow_npe,500,11180,N=n^(3/2),93,xi,posterior_samples.pkl,10000,-0.6433014666676521,-0.5433014666676521
flow_npe,500,11180,N=n^(3/2),94,lambda,posterior_samples.pkl,10000,100.26275387039185,0.2627538703918475
flow_npe,500,11180,N=n^(3/2),94,sigma,posterior_samples.pkl,10000,2.1080864508830013,0.10808645088300128
flow_npe,500,11180,N=n^(3/2),94,xi,posterior_samples.pkl,10000,-0.16183493815660477,-0.06183493815660476
flow_npe,500,11180,N=n^(3/2),95,lambda,posterior_samples.pkl,10000,99.39529567642212,-0.6047043235778773
flow_npe,500,11180,N=n^(3/2),95,sigma,posterior_samples.pkl,10000,2.7072282503890803,0.7072282503890803
flow_npe,500,11180,N=n^(3/2),95,xi,posterior_samples.pkl,10000,-0.6114632917165757,-0.5114632917165757
flow_npe,500,11180,N=n^(3/2),96,lambda,posterior_samples.pkl,10000,99.64000055274964,-0.3599994472503596
flow_npe,500,11180,N=n^(3/2),96,sigma,posterior_samples.pkl,10000,2.069032452444173,0.06903245244417322
flow_npe,500,11180,N=n^(3/2),96,xi,posterior_samples.pkl,10000,-0.15847872315645217,-0.05847872315645217
flow_npe,500,11180,N=n^(3/2),97,lambda,posterior_samples.pkl,10000,100.94704493942261,0.9470449394226108
flow_npe,500,11180,N=n^(3/2),97,sigma,posterior_samples.pkl,10000,2.6217279147446155,0.6217279147446155
flow_npe,500,11180,N=n^(3/2),97,xi,posterior_samples.pkl,10000,-0.6465787945985794,-0.5465787945985794
flow_npe,500,11180,N=n^(3/2),98,lambda,posterior_samples.pkl,10000,100.08249435119629,0.08249435119628856
flow_npe,500,11180,N=n^(3/2),98,sigma,posterior_samples.pkl,10000,2.4925964228708297,0.4925964228708297
flow_npe,500,11180,N=n^(3/2),98,xi,posterior_samples.pkl,10000,-0.5354310549497604,-0.4354310549497604
flow_npe,500,11180,N=n^(3/2),99,lambda,posterior_samples.pkl,10000,99.58270533866882,-0.41729466133118365
flow_npe,500,11180,N=n^(3/2),99,sigma,posterior_samples.pkl,10000,2.051994148192648,0.051994148192648026
flow_npe,500,11180,N=n^(3/2),99,xi,posterior_samples.pkl,10000,-0.18932774224281312,-0.08932774224281312
flow_npe,500,11180,N=n^(3/2),100,lambda,posterior_samples.pkl,10000,99.77283676185608,-0.22716323814391615
flow_npe,500,11180,N=n^(3/2),100,sigma,posterior_samples.pkl,10000,2.0998410114452244,0.09984101144522439
flow_npe,500,11180,N=n^(3/2),100,xi,posterior_samples.pkl,10000,-0.1477771225452423,-0.0477771225452423
flow_npe,500,250000,N=n^2,0,lambda,posterior_samples.pkl,10000,99.08243967208863,-0.9175603279113744
flow_npe,500,250000,N=n^2,0,sigma,posterior_samples.pkl,10000,1.9514011239767075,-0.04859887602329249
flow_npe,500,250000,N=n^2,0,xi,posterior_samples.pkl,10000,-0.10248252143859864,-0.002482521438598631
flow_npe,500,250000,N=n^2,1,lambda,posterior_samples.pkl,10000,100.46052509346008,0.46052509346007753
flow_npe,500,250000,N=n^2,1,sigma,posterior_samples.pkl,10000,2.124219013810158,0.12421901381015799
flow_npe,500,250000,N=n^2,1,xi,posterior_samples.pkl,10000,-0.1418263340473175,-0.041826334047317504
flow_npe,500,250000,N=n^2,2,lambda,posterior_samples.pkl,10000,100.08808770904541,0.08808770904541063
flow_npe,500,250000,N=n^2,2,sigma,posterior_samples.pkl,10000,1.9970530564069748,-0.002946943593025164
flow_npe,500,250000,N=n^2,2,xi,posterior_samples.pkl,10000,-0.10459645569324494,-0.004596455693244933
flow_npe,500,250000,N=n^2,3,lambda,posterior_samples.pkl,10000,100.00928393630981,0.009283936309813612
flow_npe,500,250000,N=n^2,3,sigma,posterior_samples.pkl,10000,2.0369468389749525,0.036946838974952545
flow_npe,500,250000,N=n^2,3,xi,posterior_samples.pkl,10000,-0.11602430036067962,-0.016024300360679616
flow_npe,500,250000,N=n^2,4,lambda,posterior_samples.pkl,10000,99.71324560928345,-0.2867543907165526
flow_npe,500,250000,N=n^2,4,sigma,posterior_samples.pkl,10000,2.0407023864076006,0.0407023864076006
flow_npe,500,250000,N=n^2,4,xi,posterior_samples.pkl,10000,-0.11196489090919495,-0.011964890909194947
flow_npe,500,250000,N=n^2,5,lambda,posterior_samples.pkl,10000,100.3083597480774,0.3083597480773932
flow_npe,500,250000,N=n^2,5,sigma,posterior_samples.pkl,10000,2.0219377436652315,0.02193774366523149
flow_npe,500,250000,N=n^2,5,xi,posterior_samples.pkl,10000,-0.12298832941055297,-0.02298832941055297
flow_npe,500,250000,N=n^2,6,lambda,posterior_samples.pkl,10000,100.42317593765259,0.4231759376525872
flow_npe,500,250000,N=n^2,6,sigma,posterior_samples.pkl,10000,2.01702568296846,0.017025682968459854
flow_npe,500,250000,N=n^2,6,xi,posterior_samples.pkl,10000,-0.1121293604016304,-0.012129360401630401
flow_npe,500,250000,N=n^2,7,lambda,posterior_samples.pkl,10000,100.06089795913697,0.06089795913696605
flow_npe,500,250000,N=n^2,7,sigma,posterior_samples.pkl,10000,2.027093220615387,0.027093220615387104
flow_npe,500,250000,N=n^2,7,xi,posterior_samples.pkl,10000,-0.09975271122455596,0.0002472887754440406
flow_npe,500,250000,N=n^2,8,lambda,posterior_samples.pkl,10000,100.32763114852905,0.3276311485290506
flow_npe,500,250000,N=n^2,8,sigma,posterior_samples.pkl,10000,2.001162342232466,0.0011623422324658073
flow_npe,500,250000,N=n^2,8,xi,posterior_samples.pkl,10000,-0.1045072336435318,-0.004507233643531797
flow_npe,500,250000,N=n^2,9,lambda,posterior_samples.pkl,10000,99.83284260940552,-0.16715739059448254
flow_npe,500,250000,N=n^2,9,sigma,posterior_samples.pkl,10000,1.98419051705983,-0.01580948294017004
flow_npe,500,250000,N=n^2,9,xi,posterior_samples.pkl,10000,-0.10109826247692108,-0.0010982624769210747
flow_npe,500,250000,N=n^2,10,lambda,posterior_samples.pkl,10000,100.66007450256348,0.6600745025634751
flow_npe,500,250000,N=n^2,10,sigma,posterior_samples.pkl,10000,1.9553192373752595,-0.04468076262474052
flow_npe,500,250000,N=n^2,10,xi,posterior_samples.pkl,10000,-0.09219680352210999,0.007803196477890018
flow_npe,500,250000,N=n^2,11,lambda,posterior_samples.pkl,10000,100.01753279571533,0.017532795715325733
flow_npe,500,250000,N=n^2,11,sigma,posterior_samples.pkl,10000,2.0355475690305234,0.03554756903052336
flow_npe,500,250000,N=n^2,11,xi,posterior_samples.pkl,10000,-0.1151385748386383,-0.0151385748386383
flow_npe,500,250000,N=n^2,12,lambda,posterior_samples.pkl,10000,100.83454319915772,0.8345431991577215
flow_npe,500,250000,N=n^2,12,sigma,posterior_samples.pkl,10000,2.002373824071884,0.002373824071884023
flow_npe,500,250000,N=n^2,12,xi,posterior_samples.pkl,10000,-0.10434568049907685,-0.00434568049907684
flow_npe,500,250000,N=n^2,13,lambda,posterior_samples.pkl,10000,100.92869469070435,0.9286946907043472
flow_npe,500,250000,N=n^2,13,sigma,posterior_samples.pkl,10000,2.02724749276638,0.027247492766380166
flow_npe,500,250000,N=n^2,13,xi,posterior_samples.pkl,10000,-0.11496522773504257,-0.014965227735042566
flow_npe,500,250000,N=n^2,14,lambda,posterior_samples.pkl,10000,99.81958747940064,-0.18041252059936141
flow_npe,500,250000,N=n^2,14,sigma,posterior_samples.pkl,10000,2.020896562711615,0.020896562711615108
flow_npe,500,250000,N=n^2,14,xi,posterior_samples.pkl,10000,-0.11123216421604157,-0.011232164216041562
flow_npe,500,250000,N=n^2,15,lambda,posterior_samples.pkl,10000,99.55661410446167,-0.4433858955383272
flow_npe,500,250000,N=n^2,15,sigma,posterior_samples.pkl,10000,1.9303861347198485,-0.06961386528015145
flow_npe,500,250000,N=n^2,15,xi,posterior_samples.pkl,10000,-0.08541388626098632,0.014586113739013681
flow_npe,500,250000,N=n^2,16,lambda,posterior_samples.pkl,10000,99.59677844028472,-0.40322155971527707
flow_npe,500,250000,N=n^2,16,sigma,posterior_samples.pkl,10000,2.1463370063412004,0.1463370063412004
flow_npe,500,250000,N=n^2,16,xi,posterior_samples.pkl,10000,-0.1482202320456505,-0.048220232045650485
flow_npe,500,250000,N=n^2,17,lambda,posterior_samples.pkl,10000,99.17558167648315,-0.8244183235168521
flow_npe,500,250000,N=n^2,17,sigma,posterior_samples.pkl,10000,1.979267384567298,-0.020732615432702106
flow_npe,500,250000,N=n^2,17,xi,posterior_samples.pkl,10000,-0.09801239783763885,0.0019876021623611573
flow_npe,500,250000,N=n^2,18,lambda,posterior_samples.pkl,10000,99.6036574874878,-0.39634251251220576
flow_npe,500,250000,N=n^2,18,sigma,posterior_samples.pkl,10000,2.0139486544585785,0.013948654458578513
flow_npe,500,250000,N=n^2,18,xi,posterior_samples.pkl,10000,-0.10435039343833924,-0.004350393438339234
flow_npe,500,250000,N=n^2,19,lambda,posterior_samples.pkl,10000,99.41334091339111,-0.5866590866088899
flow_npe,500,250000,N=n^2,19,sigma,posterior_samples.pkl,10000,1.9784081791132688,-0.021591820886731172
flow_npe,500,250000,N=n^2,19,xi,posterior_samples.pkl,10000,-0.10083606971502304,-0.0008360697150230356
flow_npe,500,250000,N=n^2,20,lambda,posterior_samples.pkl,10000,99.44913448009491,-0.5508655199050878
flow_npe,500,250000,N=n^2,20,sigma,posterior_samples.pkl,10000,1.9190758985044434,-0.08092410149555662
flow_npe,500,250000,N=n^2,20,xi,posterior_samples.pkl,10000,-0.08514119300842285,0.014858806991577156
flow_npe,500,250000,N=n^2,21,lambda,posterior_samples.pkl,10000,100.28437656021119,0.28437656021118585
flow_npe,500,250000,N=n^2,21,sigma,posterior_samples.pkl,10000,2.06855798099041,0.06855798099041
flow_npe,500,250000,N=n^2,21,xi,posterior_samples.pkl,10000,-0.11942485922574997,-0.019424859225749963
flow_npe,500,250000,N=n^2,22,lambda,posterior_samples.pkl,10000,100.58055817718505,0.5805581771850541
flow_npe,500,250000,N=n^2,22,sigma,posterior_samples.pkl,10000,2.0001589923381804,0.00015899233818039704
flow_npe,500,250000,N=n^2,22,xi,posterior_samples.pkl,10000,-0.10343661439418793,-0.003436614394187923
flow_npe,500,250000,N=n^2,23,lambda,posterior_samples.pkl,10000,100.47716238174438,0.4771623817443782
flow_npe,500,250000,N=n^2,23,sigma,posterior_samples.pkl,10000,2.16527791018486,0.16527791018486004
flow_npe,500,250000,N=n^2,23,xi,posterior_samples.pkl,10000,-0.14258423042297363,-0.04258423042297363
flow_npe,500,250000,N=n^2,24,lambda,posterior_samples.pkl,10000,100.25036602306366,0.2503660230636626
flow_npe,500,250000,N=n^2,24,sigma,posterior_samples.pkl,10000,1.9955486219167708,-0.004451378083229152
flow_npe,500,250000,N=n^2,24,xi,posterior_samples.pkl,10000,-0.09875641100406647,0.001243588995933534
flow_npe,500,250000,N=n^2,25,lambda,posterior_samples.pkl,10000,100.20945124435424,0.20945124435424134
flow_npe,500,250000,N=n^2,25,sigma,posterior_samples.pkl,10000,1.9605252177761867,-0.03947478222381329
flow_npe,500,250000,N=n^2,25,xi,posterior_samples.pkl,10000,-0.09903663709163665,0.0009633629083633521
flow_npe,500,250000,N=n^2,26,lambda,posterior_samples.pkl,10000,99.89707483901978,-0.1029251609802202
flow_npe,500,250000,N=n^2,26,sigma,posterior_samples.pkl,10000,2.0861991075366735,0.08619910753667348
flow_npe,500,250000,N=n^2,26,xi,posterior_samples.pkl,10000,-0.12202694231271743,-0.02202694231271743
flow_npe,500,250000,N=n^2,27,lambda,posterior_samples.pkl,10000,100.0259424545288,0.025942454528802728
flow_npe,500,250000,N=n^2,27,sigma,posterior_samples.pkl,10000,1.964028757176362,-0.03597124282363806
flow_npe,500,250000,N=n^2,27,xi,posterior_samples.pkl,10000,-0.09192242295742035,0.00807757704257965
flow_npe,500,250000,N=n^2,28,lambda,posterior_samples.pkl,10000,100.50384977416992,0.5038497741699217
flow_npe,500,250000,N=n^2,28,sigma,posterior_samples.pkl,10000,2.029139335300401,0.029139335300401026
flow_npe,500,250000,N=n^2,28,xi,posterior_samples.pkl,10000,-0.11083002696037292,-0.010830026960372913
flow_npe,500,250000,N=n^2,29,lambda,posterior_samples.pkl,10000,99.80981755828857,-0.1901824417114284
flow_npe,500,250000,N=n^2,29,sigma,posterior_samples.pkl,10000,2.011405833892664,0.011405833892664141
flow_npe,500,250000,N=n^2,29,xi,posterior_samples.pkl,10000,-0.10553220024108886,-0.005532200241088858
flow_npe,500,250000,N=n^2,30,lambda,posterior_samples.pkl,10000,99.38345400238038,-0.6165459976196246
flow_npe,500,250000,N=n^2,30,sigma,posterior_samples.pkl,10000,2.0981518564097583,0.09815185640975832
flow_npe,500,250000,N=n^2,30,xi,posterior_samples.pkl,10000,-0.13936400700807572,-0.03936400700807571
flow_npe,500,250000,N=n^2,31,lambda,posterior_samples.pkl,10000,99.91388935317993,-0.08611064682007452
flow_npe,500,250000,N=n^2,31,sigma,posterior_samples.pkl,10000,2.0406373443484305,0.04063734434843047
flow_npe,500,250000,N=n^2,31,xi,posterior_samples.pkl,10000,-0.11281514453887939,-0.012815144538879386
flow_npe,500,250000,N=n^2,32,lambda,posterior_samples.pkl,10000,100.02713628845216,0.0271362884521551
flow_npe,500,250000,N=n^2,32,sigma,posterior_samples.pkl,10000,1.982675719666481,-0.01732428033351896
flow_npe,500,250000,N=n^2,32,xi,posterior_samples.pkl,10000,-0.10481072220802307,-0.0048107222080230605
flow_npe,500,250000,N=n^2,33,lambda,posterior_samples.pkl,10000,99.83590076293946,-0.1640992370605403
flow_npe,500,250000,N=n^2,33,sigma,posterior_samples.pkl,10000,1.961092504477501,-0.03890749552249906
flow_npe,500,250000,N=n^2,33,xi,posterior_samples.pkl,10000,-0.09319443469047546,0.006805565309524544
flow_npe,500,250000,N=n^2,34,lambda,posterior_samples.pkl,10000,99.33046900997162,-0.6695309900283775
flow_npe,500,250000,N=n^2,34,sigma,posterior_samples.pkl,10000,1.9451410110592842,-0.054858988940715836
flow_npe,500,250000,N=n^2,34,xi,posterior_samples.pkl,10000,-0.07945006923675538,0.020549930763244628
flow_npe,500,250000,N=n^2,35,lambda,posterior_samples.pkl,10000,99.54956978225708,-0.4504302177429196
flow_npe,500,250000,N=n^2,35,sigma,posterior_samples.pkl,10000,2.110056487739086,0.11005648773908616
flow_npe,500,250000,N=n^2,35,xi,posterior_samples.pkl,10000,-0.1270820086121559,-0.0270820086121559
flow_npe,500,250000,N=n^2,36,lambda,posterior_samples.pkl,10000,99.43378864898682,-0.5662113510131803
flow_npe,500,250000,N=n^2,36,sigma,posterior_samples.pkl,10000,1.9175430456889329,-0.08245695431106714
flow_npe,500,250000,N=n^2,36,xi,posterior_samples.pkl,10000,-0.09658197736740112,0.0034180226325988827
flow_npe,500,250000,N=n^2,38,lambda,posterior_samples.pkl,10000,99.34453097229004,-0.6554690277099553
flow_npe,500,250000,N=n^2,38,sigma,posterior_samples.pkl,10000,1.9967510728240012,-0.0032489271759987837
flow_npe,500,250000,N=n^2,38,xi,posterior_samples.pkl,10000,-0.09685774322748185,0.0031422567725181566
flow_npe,500,250000,N=n^2,40,lambda,posterior_samples.pkl,10000,99.85591476745606,-0.14408523254394368
flow_npe,500,250000,N=n^2,40,sigma,posterior_samples.pkl,10000,2.1061818025553367,0.10618180255533671
flow_npe,500,250000,N=n^2,40,xi,posterior_samples.pkl,10000,-0.11748103868961335,-0.017481038689613343
flow_npe,500,250000,N=n^2,42,lambda,posterior_samples.pkl,10000,99.41980994758606,-0.5801900524139398
flow_npe,500,250000,N=n^2,42,sigma,posterior_samples.pkl,10000,2.134273096048832,0.13427309604883186
flow_npe,500,250000,N=n^2,42,xi,posterior_samples.pkl,10000,-0.13132676186561584,-0.03132676186561584
flow_npe,500,250000,N=n^2,43,lambda,posterior_samples.pkl,10000,99.93820209960937,-0.061797900390629934
flow_npe,500,250000,N=n^2,43,sigma,posterior_samples.pkl,10000,2.074696706175804,0.07469670617580393
flow_npe,500,250000,N=n^2,43,xi,posterior_samples.pkl,10000,-0.12991302880048752,-0.029913028800487518
flow_npe,500,250000,N=n^2,44,lambda,posterior_samples.pkl,10000,100.40544760475159,0.40544760475158625
flow_npe,500,250000,N=n^2,44,sigma,posterior_samples.pkl,10000,1.949192993247509,-0.05080700675249106
flow_npe,500,250000,N=n^2,44,xi,posterior_samples.pkl,10000,-0.0930000169634819,0.006999983036518109
flow_npe,500,250000,N=n^2,45,lambda,posterior_samples.pkl,10000,99.81196199645996,-0.18803800354004352
flow_npe,500,250000,N=n^2,45,sigma,posterior_samples.pkl,10000,2.022316446709633,0.022316446709632842
flow_npe,500,250000,N=n^2,45,xi,posterior_samples.pkl,10000,-0.10443451316356658,-0.004434513163566578
flow_npe,500,250000,N=n^2,47,lambda,posterior_samples.pkl,10000,100.36930153656006,0.3693015365600587
flow_npe,500,250000,N=n^2,47,sigma,posterior_samples.pkl,10000,1.9941207807652652,-0.005879219234734778
flow_npe,500,250000,N=n^2,47,xi,posterior_samples.pkl,10000,-0.09572735302448272,0.004272646975517283
flow_npe,500,250000,N=n^2,49,lambda,posterior_samples.pkl,10000,100.37710921859741,0.3771092185974112
flow_npe,500,250000,N=n^2,49,sigma,posterior_samples.pkl,10000,1.9966299676060677,-0.0033700323939322985
flow_npe,500,250000,N=n^2,49,xi,posterior_samples.pkl,10000,-0.1078858700990677,-0.007885870099067688
flow_npe,500,250000,N=n^2,50,lambda,posterior_samples.pkl,10000,99.44531534729003,-0.554684652709966
flow_npe,500,250000,N=n^2,50,sigma,posterior_samples.pkl,10000,2.075685104036331,0.07568510403633111
flow_npe,500,250000,N=n^2,50,xi,posterior_samples.pkl,10000,-0.11406883091926574,-0.014068830919265737
flow_npe,500,250000,N=n^2,51,lambda,posterior_samples.pkl,10000,100.21950813541412,0.21950813541411662
flow_npe,500,250000,N=n^2,51,sigma,posterior_samples.pkl,10000,1.9813311403393745,-0.01866885966062548
flow_npe,500,250000,N=n^2,51,xi,posterior_samples.pkl,10000,-0.0919700453042984,0.0080299546957016
flow_npe,500,250000,N=n^2,52,lambda,posterior_samples.pkl,10000,100.05540064926147,0.05540064926147181
flow_npe,500,250000,N=n^2,52,sigma,posterior_samples.pkl,10000,2.1101733494679444,0.11017334946794444
flow_npe,500,250000,N=n^2,52,xi,posterior_samples.pkl,10000,-0.14581271831989287,-0.045812718319892864
flow_npe,500,250000,N=n^2,53,lambda,posterior_samples.pkl,10000,99.64925804519653,-0.3507419548034676
flow_npe,500,250000,N=n^2,53,sigma,posterior_samples.pkl,10000,1.985963586550951,-0.014036413449048935
flow_npe,500,250000,N=n^2,53,xi,posterior_samples.pkl,10000,-0.10502997175455094,-0.00502997175455093
flow_npe,500,250000,N=n^2,54,lambda,posterior_samples.pkl,10000,99.54360990753173,-0.45639009246826845
flow_npe,500,250000,N=n^2,54,sigma,posterior_samples.pkl,10000,1.9603618072390556,-0.03963819276094438
flow_npe,500,250000,N=n^2,54,xi,posterior_samples.pkl,10000,-0.09521365640163422,0.004786343598365786
flow_npe,500,250000,N=n^2,55,lambda,posterior_samples.pkl,10000,100.81319895172119,0.8131989517211906
flow_npe,500,250000,N=n^2,55,sigma,posterior_samples.pkl,10000,1.960768762099743,-0.039231237900257065
flow_npe,500,250000,N=n^2,55,xi,posterior_samples.pkl,10000,-0.08430655636787414,0.015693443632125867
flow_npe,500,250000,N=n^2,56,lambda,posterior_samples.pkl,10000,99.71332402954101,-0.28667597045898674
flow_npe,500,250000,N=n^2,56,sigma,posterior_samples.pkl,10000,2.002865700685978,0.002865700685978023
flow_npe,500,250000,N=n^2,56,xi,posterior_samples.pkl,10000,-0.09743294917345047,0.0025670508265495384
flow_npe,500,250000,N=n^2,57,lambda,posterior_samples.pkl,10000,100.08470548477173,0.08470548477173168
flow_npe,500,250000,N=n^2,57,sigma,posterior_samples.pkl,10000,1.9083326919555663,-0.09166730804443368
flow_npe,500,250000,N=n^2,57,xi,posterior_samples.pkl,10000,-0.09364839057922364,0.006351609420776366
flow_npe,500,250000,N=n^2,58,lambda,posterior_samples.pkl,10000,99.65365628967285,-0.3463437103271474
flow_npe,500,250000,N=n^2,58,sigma,posterior_samples.pkl,10000,2.085745386317,0.0857453863169999
flow_npe,500,250000,N=n^2,58,xi,posterior_samples.pkl,10000,-0.13195138251781463,-0.031951382517814625
flow_npe,500,250000,N=n^2,59,lambda,posterior_samples.pkl,10000,100.1752387084961,0.1752387084960958
flow_npe,500,250000,N=n^2,59,sigma,posterior_samples.pkl,10000,1.9881633573055266,-0.011836642694473376
flow_npe,500,250000,N=n^2,59,xi,posterior_samples.pkl,10000,-0.12593278844356537,-0.025932788443565363
flow_npe,500,250000,N=n^2,60,lambda,posterior_samples.pkl,10000,99.84987526092529,-0.15012473907471247
flow_npe,500,250000,N=n^2,60,sigma,posterior_samples.pkl,10000,2.046978074417263,0.046978074417263205
flow_npe,500,250000,N=n^2,60,xi,posterior_samples.pkl,10000,-0.1196081604719162,-0.0196081604719162
flow_npe,500,250000,N=n^2,61,lambda,posterior_samples.pkl,10000,99.91242662277222,-0.08757337722778402
flow_npe,500,250000,N=n^2,61,sigma,posterior_samples.pkl,10000,1.9604505201250315,-0.039549479874968485
flow_npe,500,250000,N=n^2,61,xi,posterior_samples.pkl,10000,-0.09088231201171874,0.009117687988281262
flow_npe,500,250000,N=n^2,62,lambda,posterior_samples.pkl,10000,100.20347597198486,0.203475971984858
flow_npe,500,250000,N=n^2,62,sigma,posterior_samples.pkl,10000,1.99444989579916,-0.0055501042008399
flow_npe,500,250000,N=n^2,62,xi,posterior_samples.pkl,10000,-0.09718542354106903,0.0028145764589309757
flow_npe,500,250000,N=n^2,63,lambda,posterior_samples.pkl,10000,99.68901846199036,-0.3109815380096421
flow_npe,500,250000,N=n^2,63,sigma,posterior_samples.pkl,10000,2.029892966735363,0.029892966735363125
flow_npe,500,250000,N=n^2,63,xi,posterior_samples.pkl,10000,-0.12388834369182587,-0.023888343691825867
flow_npe,500,250000,N=n^2,64,lambda,posterior_samples.pkl,10000,99.53219509735108,-0.46780490264892194
flow_npe,500,250000,N=n^2,64,sigma,posterior_samples.pkl,10000,1.9313154276877642,-0.06868457231223579
flow_npe,500,250000,N=n^2,64,xi,posterior_samples.pkl,10000,-0.0762646365404129,0.0237353634595871
flow_npe,500,250000,N=n^2,65,lambda,posterior_samples.pkl,10000,100.12825844802856,0.12825844802856068
flow_npe,500,250000,N=n^2,65,sigma,posterior_samples.pkl,10000,1.9938190260629054,-0.006180973937094603
flow_npe,500,250000,N=n^2,65,xi,posterior_samples.pkl,10000,-0.102473577105999,-0.002473577105998992
flow_npe,500,250000,N=n^2,66,lambda,posterior_samples.pkl,10000,99.24691061630249,-0.7530893836975139
flow_npe,500,250000,N=n^2,66,sigma,posterior_samples.pkl,10000,2.02328520514369,0.023285205143690035
flow_npe,500,250000,N=n^2,66,xi,posterior_samples.pkl,10000,-0.11077297148704529,-0.010772971487045285
flow_npe,500,250000,N=n^2,67,lambda,posterior_samples.pkl,10000,99.41192137069702,-0.5880786293029843
flow_npe,500,250000,N=n^2,67,sigma,posterior_samples.pkl,10000,2.083550308859348,0.08355030885934811
flow_npe,500,250000,N=n^2,67,xi,posterior_samples.pkl,10000,-0.12218997286558152,-0.02218997286558151
flow_npe,500,250000,N=n^2,68,lambda,posterior_samples.pkl,10000,100.15192836532593,0.15192836532592935
flow_npe,500,250000,N=n^2,68,sigma,posterior_samples.pkl,10000,1.985340798306279,-0.014659201693721036
flow_npe,500,250000,N=n^2,68,xi,posterior_samples.pkl,10000,-0.09359373922348023,0.006406260776519776
flow_npe,500,250000,N=n^2,69,lambda,posterior_samples.pkl,10000,99.28060290527344,-0.7193970947265598
flow_npe,500,250000,N=n^2,69,sigma,posterior_samples.pkl,10000,1.9322690970540046,-0.06773090294599537
flow_npe,500,250000,N=n^2,69,xi,posterior_samples.pkl,10000,-0.09138720827102662,0.00861279172897339
flow_npe,500,250000,N=n^2,70,lambda,posterior_samples.pkl,10000,100.29417013549805,0.2941701354980495
flow_npe,500,250000,N=n^2,70,sigma,posterior_samples.pkl,10000,1.99238411359787,-0.007615886402130068
flow_npe,500,250000,N=n^2,70,xi,posterior_samples.pkl,10000,-0.09604767830371856,0.003952321696281444
flow_npe,500,250000,N=n^2,71,lambda,posterior_samples.pkl,10000,99.81654583511353,-0.18345416488647004
flow_npe,500,250000,N=n^2,71,sigma,posterior_samples.pkl,10000,2.01776506966725,0.01776506966725
flow_npe,500,250000,N=n^2,71,xi,posterior_samples.pkl,10000,-0.10777623522281647,-0.007776235222816466
flow_npe,500,250000,N=n^2,72,lambda,posterior_samples.pkl,10000,99.85988904953003,-0.14011095046997468
flow_npe,500,250000,N=n^2,72,sigma,posterior_samples.pkl,10000,2.097566414944455,0.09756641494445484
flow_npe,500,250000,N=n^2,72,xi,posterior_samples.pkl,10000,-0.11920385117530823,-0.01920385117530822
flow_npe,500,250000,N=n^2,73,lambda,posterior_samples.pkl,10000,100.03062063446045,0.030620634460447604
flow_npe,500,250000,N=n^2,73,sigma,posterior_samples.pkl,10000,1.9604576697532088,-0.03954233024679121
flow_npe,500,250000,N=n^2,73,xi,posterior_samples.pkl,10000,-0.10321953819990158,-0.0032195381999015754
flow_npe,500,250000,N=n^2,74,lambda,posterior_samples.pkl,10000,100.75903955535888,0.759039555358882
flow_npe,500,250000,N=n^2,74,sigma,posterior_samples.pkl,10000,2.0801925976872444,0.0801925976872444
flow_npe,500,250000,N=n^2,74,xi,posterior_samples.pkl,10000,-0.12375943051576614,-0.023759430515766136
flow_npe,500,250000,N=n^2,75,lambda,posterior_samples.pkl,10000,99.71193007278443,-0.2880699272155738
flow_npe,500,250000,N=n^2,75,sigma,posterior_samples.pkl,10000,1.9935170694947242,-0.006482930505275819
flow_npe,500,250000,N=n^2,75,xi,posterior_samples.pkl,10000,-0.104428240275383,-0.004428240275382994
flow_npe,500,250000,N=n^2,76,lambda,posterior_samples.pkl,10000,100.13730826091766,0.13730826091766346
flow_npe,500,250000,N=n^2,76,sigma,posterior_samples.pkl,10000,1.9510657051935791,-0.048934294806420864
flow_npe,500,250000,N=n^2,76,xi,posterior_samples.pkl,10000,-0.09469273327589035,0.005307266724109652
flow_npe,500,250000,N=n^2,77,lambda,posterior_samples.pkl,10000,100.52398010330201,0.5239801033020086
flow_npe,500,250000,N=n^2,77,sigma,posterior_samples.pkl,10000,1.9673690448207781,-0.03263095517922188
flow_npe,500,250000,N=n^2,77,xi,posterior_samples.pkl,10000,-0.09528072987794876,0.004719270122051242
flow_npe,500,250000,N=n^2,78,lambda,posterior_samples.pkl,10000,100.0386333656311,0.03863336563109954
flow_npe,500,250000,N=n^2,78,sigma,posterior_samples.pkl,10000,2.005506065452099,0.005506065452098863
flow_npe,500,250000,N=n^2,78,xi,posterior_samples.pkl,10000,-0.10305236175060273,-0.0030523617506027223
flow_npe,500,250000,N=n^2,79,lambda,posterior_samples.pkl,10000,100.50261173553467,0.5026117355346713
flow_npe,500,250000,N=n^2,79,sigma,posterior_samples.pkl,10000,1.9349704740966671,-0.06502952590333289
flow_npe,500,250000,N=n^2,79,xi,posterior_samples.pkl,10000,-0.08100094218254089,0.018999057817459114
flow_npe,500,250000,N=n^2,80,lambda,posterior_samples.pkl,10000,100.01697885723114,0.016978857231137567
flow_npe,500,250000,N=n^2,80,sigma,posterior_samples.pkl,10000,1.9645453664660453,-0.03545463353395473
flow_npe,500,250000,N=n^2,80,xi,posterior_samples.pkl,10000,-0.10044641969203949,-0.00044641969203948473
flow_npe,500,250000,N=n^2,81,lambda,posterior_samples.pkl,10000,100.52286588821411,0.5228658882141133
flow_npe,500,250000,N=n^2,81,sigma,posterior_samples.pkl,10000,1.9689019327282906,-0.031098067271709384
flow_npe,500,250000,N=n^2,81,xi,posterior_samples.pkl,10000,-0.09473177499771118,0.005268225002288823
flow_npe,500,250000,N=n^2,82,lambda,posterior_samples.pkl,10000,100.31297068634034,0.31297068634033565
flow_npe,500,250000,N=n^2,82,sigma,posterior_samples.pkl,10000,1.9565183327242732,-0.043481667275726776
flow_npe,500,250000,N=n^2,82,xi,posterior_samples.pkl,10000,-0.10775826904773712,-0.007758269047737118
flow_npe,500,250000,N=n^2,83,lambda,posterior_samples.pkl,10000,99.88683778533935,-0.11316221466064746
flow_npe,500,250000,N=n^2,83,sigma,posterior_samples.pkl,10000,2.1217634412169457,0.12176344121694571
flow_npe,500,250000,N=n^2,83,xi,posterior_samples.pkl,10000,-0.13874543237686157,-0.038745432376861566
flow_npe,500,250000,N=n^2,84,lambda,posterior_samples.pkl,10000,100.08848030319214,0.08848030319214217
flow_npe,500,250000,N=n^2,84,sigma,posterior_samples.pkl,10000,2.054746666419506,0.054746666419505985
flow_npe,500,250000,N=n^2,84,xi,posterior_samples.pkl,10000,-0.13422941991090775,-0.03422941991090775
flow_npe,500,250000,N=n^2,85,lambda,posterior_samples.pkl,10000,100.5524904586792,0.5524904586792019
flow_npe,500,250000,N=n^2,85,sigma,posterior_samples.pkl,10000,2.033044539940357,0.033044539940357165
flow_npe,500,250000,N=n^2,85,xi,posterior_samples.pkl,10000,-0.10543497867584228,-0.005434978675842278
flow_npe,500,250000,N=n^2,86,lambda,posterior_samples.pkl,10000,99.81079347457886,-0.1892065254211417
flow_npe,500,250000,N=n^2,86,sigma,posterior_samples.pkl,10000,2.087606529825926,0.08760652982592587
flow_npe,500,250000,N=n^2,86,xi,posterior_samples.pkl,10000,-0.1283456296682358,-0.028345629668235783
flow_npe,500,250000,N=n^2,87,lambda,posterior_samples.pkl,10000,99.86436273040772,-0.13563726959228006
flow_npe,500,250000,N=n^2,87,sigma,posterior_samples.pkl,10000,1.9896867631834,-0.010313236816599902
flow_npe,500,250000,N=n^2,87,xi,posterior_samples.pkl,10000,-0.10056493546962739,-0.0005649354696273812
flow_npe,500,250000,N=n^2,88,lambda,posterior_samples.pkl,10000,100.12710709762574,0.12710709762573913
flow_npe,500,250000,N=n^2,88,sigma,posterior_samples.pkl,10000,1.9873825126821176,-0.01261748731788237
flow_npe,500,250000,N=n^2,88,xi,posterior_samples.pkl,10000,-0.10000210404396057,-2.104043960560187e-06
flow_npe,500,250000,N=n^2,89,lambda,posterior_samples.pkl,10000,99.76609774932861,-0.2339022506713917
flow_npe,500,250000,N=n^2,89,sigma,posterior_samples.pkl,10000,2.129393442914961,0.12939344291496102
flow_npe,500,250000,N=n^2,89,xi,posterior_samples.pkl,10000,-0.12631590054035186,-0.02631590054035185
flow_npe,500,250000,N=n^2,90,lambda,posterior_samples.pkl,10000,99.75890024108887,-0.24109975891113322
flow_npe,500,250000,N=n^2,90,sigma,posterior_samples.pkl,10000,2.0586730562448503,0.05867305624485031
flow_npe,500,250000,N=n^2,90,xi,posterior_samples.pkl,10000,-0.11796642768383026,-0.01796642768383025
flow_npe,500,250000,N=n^2,91,lambda,posterior_samples.pkl,10000,99.61132975234986,-0.3886702476501398
flow_npe,500,250000,N=n^2,91,sigma,posterior_samples.pkl,10000,1.9169025183439254,-0.08309748165607456
flow_npe,500,250000,N=n^2,91,xi,posterior_samples.pkl,10000,-0.08543609085083008,0.014563909149169926
flow_npe,500,250000,N=n^2,92,lambda,posterior_samples.pkl,10000,99.98173302841187,-0.018266971588133174
flow_npe,500,250000,N=n^2,92,sigma,posterior_samples.pkl,10000,2.0133400324579327,0.013340032457932693
flow_npe,500,250000,N=n^2,92,xi,posterior_samples.pkl,10000,-0.10320108268260955,-0.003201082682609546
flow_npe,500,250000,N=n^2,94,lambda,posterior_samples.pkl,10000,100.17563477630615,0.1756347763061541
flow_npe,500,250000,N=n^2,94,sigma,posterior_samples.pkl,10000,2.0142478628635407,0.014247862863540739
flow_npe,500,250000,N=n^2,94,xi,posterior_samples.pkl,10000,-0.12129519333839417,-0.021295193338394164
flow_npe,500,250000,N=n^2,95,lambda,posterior_samples.pkl,10000,99.14165182914734,-0.8583481708526648
flow_npe,500,250000,N=n^2,95,sigma,posterior_samples.pkl,10000,2.017083718705177,0.01708371870517711
flow_npe,500,250000,N=n^2,95,xi,posterior_samples.pkl,10000,-0.10837409207820892,-0.008374092078208911
flow_npe,500,250000,N=n^2,97,lambda,posterior_samples.pkl,10000,101.08785073165893,1.087850731658932
flow_npe,500,250000,N=n^2,97,sigma,posterior_samples.pkl,10000,2.0050555698335173,0.005055569833517293
flow_npe,500,250000,N=n^2,97,xi,posterior_samples.pkl,10000,-0.09932392103672028,0.0006760789632797304
flow_npe,500,250000,N=n^2,98,lambda,posterior_samples.pkl,10000,100.22890146789551,0.22890146789551125
flow_npe,500,250000,N=n^2,98,sigma,posterior_samples.pkl,10000,1.9754120007253717,-0.02458799927462829
flow_npe,500,250000,N=n^2,98,xi,posterior_samples.pkl,10000,-0.10112537429332732,-0.0011253742933273192
flow_npe,500,250000,N=n^2,99,lambda,posterior_samples.pkl,10000,99.35991931381226,-0.6400806861877442
flow_npe,500,250000,N=n^2,99,sigma,posterior_samples.pkl,10000,1.996695250654407,-0.0033047493455931054
flow_npe,500,250000,N=n^2,99,xi,posterior_samples.pkl,10000,-0.10361878757476807,-0.003618787574768065
flow_npe,500,250000,N=n^2,100,lambda,posterior_samples.pkl,10000,100.53291570663453,0.532915706634526
flow_npe,500,250000,N=n^2,100,sigma,posterior_samples.pkl,10000,2.028521995818615,0.028521995818615142
flow_npe,500,250000,N=n^2,100,xi,posterior_samples.pkl,10000,-0.12168849077224732,-0.021688490772247312
flow_npe,1000,1000,N=n,0,lambda,posterior_samples.pkl,10000,98.05074960289001,-1.9492503971099922
flow_npe,1000,1000,N=n,0,sigma,posterior_samples.pkl,10000,3.1701918488249183,1.1701918488249183
flow_npe,1000,1000,N=n,0,xi,posterior_samples.pkl,10000,-1.2766518460035323,-1.1766518460035322
flow_npe,1000,1000,N=n,1,lambda,posterior_samples.pkl,10000,99.49892503910064,-0.5010749608993592
flow_npe,1000,1000,N=n,1,sigma,posterior_samples.pkl,10000,2.942149158166535,0.9421491581665351
flow_npe,1000,1000,N=n,1,xi,posterior_samples.pkl,10000,-1.197008738195896,-1.097008738195896
flow_npe,1000,1000,N=n,2,lambda,posterior_samples.pkl,10000,99.41668389492035,-0.5833161050796463
flow_npe,1000,1000,N=n,2,sigma,posterior_samples.pkl,10000,2.7645961858188732,0.7645961858188732
flow_npe,1000,1000,N=n,2,xi,posterior_samples.pkl,10000,-1.1815448600530625,-1.0815448600530624
flow_npe,1000,1000,N=n,3,lambda,posterior_samples.pkl,10000,98.61129636440278,-1.3887036355972242
flow_npe,1000,1000,N=n,3,sigma,posterior_samples.pkl,10000,3.2919058882921934,1.2919058882921934
flow_npe,1000,1000,N=n,3,xi,posterior_samples.pkl,10000,-1.4620241798877716,-1.3620241798877715
flow_npe,1000,1000,N=n,4,lambda,posterior_samples.pkl,10000,100.2878244846344,0.2878244846343989
flow_npe,1000,1000,N=n,4,sigma,posterior_samples.pkl,10000,2.696008646170795,0.696008646170795
flow_npe,1000,1000,N=n,4,xi,posterior_samples.pkl,10000,-1.1668966732859611,-1.066896673285961
flow_npe,1000,1000,N=n,5,lambda,posterior_samples.pkl,10000,99.95896925983429,-0.04103074016570929
flow_npe,1000,1000,N=n,5,sigma,posterior_samples.pkl,10000,3.390668870174326,1.3906688701743262
flow_npe,1000,1000,N=n,5,xi,posterior_samples.pkl,10000,-1.400819386279583,-1.300819386279583
flow_npe,1000,1000,N=n,6,lambda,posterior_samples.pkl,10000,99.84997039642334,-0.1500296035766553
flow_npe,1000,1000,N=n,6,sigma,posterior_samples.pkl,10000,2.971268721963186,0.9712687219631859
flow_npe,1000,1000,N=n,6,xi,posterior_samples.pkl,10000,-1.1329392508506775,-1.0329392508506774
flow_npe,1000,1000,N=n,7,lambda,posterior_samples.pkl,10000,100.36228088684082,0.3622808868408214
flow_npe,1000,1000,N=n,7,sigma,posterior_samples.pkl,10000,3.0444178304493428,1.0444178304493428
flow_npe,1000,1000,N=n,7,xi,posterior_samples.pkl,10000,-1.2772917330026627,-1.1772917330026627
flow_npe,1000,1000,N=n,8,lambda,posterior_samples.pkl,10000,99.58951507167816,-0.4104849283218357
flow_npe,1000,1000,N=n,8,sigma,posterior_samples.pkl,10000,2.997604708793806,0.9976047087938058
flow_npe,1000,1000,N=n,8,xi,posterior_samples.pkl,10000,-1.2327906038284302,-1.13279060382843
flow_npe,1000,1000,N=n,9,lambda,posterior_samples.pkl,10000,98.10342758331299,-1.8965724166870075
flow_npe,1000,1000,N=n,9,sigma,posterior_samples.pkl,10000,3.0717980058791583,1.0717980058791583
flow_npe,1000,1000,N=n,9,xi,posterior_samples.pkl,10000,-1.2386226229667663,-1.1386226229667662
flow_npe,1000,1000,N=n,10,lambda,posterior_samples.pkl,10000,100.93298652877807,0.9329865287780734
flow_npe,1000,1000,N=n,10,sigma,posterior_samples.pkl,10000,2.9180339013600722,0.9180339013600722
flow_npe,1000,1000,N=n,10,xi,posterior_samples.pkl,10000,-1.0281073685288429,-0.9281073685288429
flow_npe,1000,1000,N=n,11,lambda,posterior_samples.pkl,10000,99.50602679519653,-0.49397320480346707
flow_npe,1000,1000,N=n,11,sigma,posterior_samples.pkl,10000,3.1441408551456407,1.1441408551456407
flow_npe,1000,1000,N=n,11,xi,posterior_samples.pkl,10000,-1.3826042714118958,-1.2826042714118957
flow_npe,1000,1000,N=n,12,lambda,posterior_samples.pkl,10000,98.82367471218109,-1.176325287818912
flow_npe,1000,1000,N=n,12,sigma,posterior_samples.pkl,10000,3.4266232698703183,1.4266232698703183
flow_npe,1000,1000,N=n,12,xi,posterior_samples.pkl,10000,-1.178939942228794,-1.078939942228794
flow_npe,1000,1000,N=n,13,lambda,posterior_samples.pkl,10000,100.83207153396606,0.832071533966058
flow_npe,1000,1000,N=n,13,sigma,posterior_samples.pkl,10000,3.119311800979823,1.119311800979823
flow_npe,1000,1000,N=n,13,xi,posterior_samples.pkl,10000,-1.1868505033254624,-1.0868505033254623
flow_npe,1000,1000,N=n,14,lambda,posterior_samples.pkl,10000,99.75204917106629,-0.24795082893371045
flow_npe,1000,1000,N=n,14,sigma,posterior_samples.pkl,10000,3.059128543239925,1.059128543239925
flow_npe,1000,1000,N=n,14,xi,posterior_samples.pkl,10000,-1.181547136425972,-1.0815471364259719
flow_npe,1000,1000,N=n,15,lambda,posterior_samples.pkl,10000,100.29258932609558,0.2925893260955803
flow_npe,1000,1000,N=n,15,sigma,posterior_samples.pkl,10000,2.721952158102952,0.721952158102952
flow_npe,1000,1000,N=n,15,xi,posterior_samples.pkl,10000,-0.9967998160243035,-0.8967998160243035
flow_npe,1000,1000,N=n,16,lambda,posterior_samples.pkl,10000,98.93414785175324,-1.065852148246762
flow_npe,1000,1000,N=n,16,sigma,posterior_samples.pkl,10000,2.807498993543582,0.8074989935435819
flow_npe,1000,1000,N=n,16,xi,posterior_samples.pkl,10000,-1.1288680818915366,-1.0288680818915366
flow_npe,1000,1000,N=n,17,lambda,posterior_samples.pkl,10000,98.35508398666381,-1.6449160133361858
flow_npe,1000,1000,N=n,17,sigma,posterior_samples.pkl,10000,3.2256386464331297,1.2256386464331297
flow_npe,1000,1000,N=n,17,xi,posterior_samples.pkl,10000,-1.2861680570483207,-1.1861680570483206
flow_npe,1000,1000,N=n,18,lambda,posterior_samples.pkl,10000,101.01754162979125,1.0175416297912534
flow_npe,1000,1000,N=n,18,sigma,posterior_samples.pkl,10000,2.753707282318175,0.753707282318175
flow_npe,1000,1000,N=n,18,xi,posterior_samples.pkl,10000,-1.0426976474285126,-0.9426976474285126
flow_npe,1000,1000,N=n,19,lambda,posterior_samples.pkl,10000,98.57286253433227,-1.4271374656677267
flow_npe,1000,1000,N=n,19,sigma,posterior_samples.pkl,10000,2.861145734750759,0.861145734750759
flow_npe,1000,1000,N=n,19,xi,posterior_samples.pkl,10000,-1.1312746427178384,-1.0312746427178383
flow_npe,1000,1000,N=n,20,lambda,posterior_samples.pkl,10000,101.15441546440124,1.1544154644012394
flow_npe,1000,1000,N=n,20,sigma,posterior_samples.pkl,10000,2.7941339419130236,0.7941339419130236
flow_npe,1000,1000,N=n,20,xi,posterior_samples.pkl,10000,-1.155422775018215,-1.055422775018215
flow_npe,1000,1000,N=n,21,lambda,posterior_samples.pkl,10000,99.74498902034759,-0.25501097965241115
flow_npe,1000,1000,N=n,21,sigma,posterior_samples.pkl,10000,2.7665121220555156,0.7665121220555156
flow_npe,1000,1000,N=n,21,xi,posterior_samples.pkl,10000,-1.1219272017240525,-1.0219272017240524
flow_npe,1000,1000,N=n,22,lambda,posterior_samples.pkl,10000,99.60399295253754,-0.3960070474624615
flow_npe,1000,1000,N=n,22,sigma,posterior_samples.pkl,10000,2.556506264669541,0.5565062646695411
flow_npe,1000,1000,N=n,22,xi,posterior_samples.pkl,10000,-0.9166898203969002,-0.8166898203969002
flow_npe,1000,1000,N=n,23,lambda,posterior_samples.pkl,10000,99.18840983200073,-0.8115901679992703
flow_npe,1000,1000,N=n,23,sigma,posterior_samples.pkl,10000,3.1060795269098134,1.1060795269098134
flow_npe,1000,1000,N=n,23,xi,posterior_samples.pkl,10000,-1.2986182454705237,-1.1986182454705236
flow_npe,1000,1000,N=n,24,lambda,posterior_samples.pkl,10000,99.51164407653809,-0.4883559234619099
flow_npe,1000,1000,N=n,24,sigma,posterior_samples.pkl,10000,3.0006786175934597,1.0006786175934597
flow_npe,1000,1000,N=n,24,xi,posterior_samples.pkl,10000,-1.006828673839569,-0.9068286738395691
flow_npe,1000,1000,N=n,25,lambda,posterior_samples.pkl,10000,98.61061813278198,-1.3893818672180203
flow_npe,1000,1000,N=n,25,sigma,posterior_samples.pkl,10000,3.1284602424384094,1.1284602424384094
flow_npe,1000,1000,N=n,25,xi,posterior_samples.pkl,10000,-1.4179749790191651,-1.317974979019165
flow_npe,1000,1000,N=n,26,lambda,posterior_samples.pkl,10000,100.03549345436096,0.035493454360960186
flow_npe,1000,1000,N=n,26,sigma,posterior_samples.pkl,10000,2.764595335111674,0.7645953351116739
flow_npe,1000,1000,N=n,26,xi,posterior_samples.pkl,10000,-1.1645577661156654,-1.0645577661156653
flow_npe,1000,1000,N=n,27,lambda,posterior_samples.pkl,10000,98.8829666929245,-1.117033307075502
flow_npe,1000,1000,N=n,27,sigma,posterior_samples.pkl,10000,2.7601669844060206,0.7601669844060206
flow_npe,1000,1000,N=n,27,xi,posterior_samples.pkl,10000,-1.2930680658102036,-1.1930680658102035
flow_npe,1000,1000,N=n,28,lambda,posterior_samples.pkl,10000,98.58534076843262,-1.4146592315673843
flow_npe,1000,1000,N=n,28,sigma,posterior_samples.pkl,10000,2.9385458748009055,0.9385458748009055
flow_npe,1000,1000,N=n,28,xi,posterior_samples.pkl,10000,-1.1440924572229385,-1.0440924572229384
flow_npe,1000,1000,N=n,29,lambda,posterior_samples.pkl,10000,100.35308429355621,0.35308429355620774
flow_npe,1000,1000,N=n,29,sigma,posterior_samples.pkl,10000,3.0717092680595814,1.0717092680595814
flow_npe,1000,1000,N=n,29,xi,posterior_samples.pkl,10000,-1.0878602728128433,-0.9878602728128433
flow_npe,1000,1000,N=n,30,lambda,posterior_samples.pkl,10000,100.51779226169586,0.5177922616958597
flow_npe,1000,1000,N=n,30,sigma,posterior_samples.pkl,10000,2.919626536564529,0.9196265365645289
flow_npe,1000,1000,N=n,30,xi,posterior_samples.pkl,10000,-1.250527472949028,-1.150527472949028
flow_npe,1000,1000,N=n,31,lambda,posterior_samples.pkl,10000,98.53598599090576,-1.4640140090942424
flow_npe,1000,1000,N=n,31,sigma,posterior_samples.pkl,10000,2.840805576615967,0.840805576615967
flow_npe,1000,1000,N=n,31,xi,posterior_samples.pkl,10000,-1.1895875887274743,-1.0895875887274742
flow_npe,1000,1000,N=n,32,lambda,posterior_samples.pkl,10000,100.84377520618439,0.8437752061843895
flow_npe,1000,1000,N=n,32,sigma,posterior_samples.pkl,10000,3.091268859453313,1.0912688594533129
flow_npe,1000,1000,N=n,32,xi,posterior_samples.pkl,10000,-1.3064639917612075,-1.2064639917612074
flow_npe,1000,1000,N=n,33,lambda,posterior_samples.pkl,10000,99.00593223838806,-0.9940677616119444
flow_npe,1000,1000,N=n,33,sigma,posterior_samples.pkl,10000,3.3310219025406522,1.3310219025406522
flow_npe,1000,1000,N=n,33,xi,posterior_samples.pkl,10000,-1.2784554749250412,-1.178455474925041
flow_npe,1000,1000,N=n,34,lambda,posterior_samples.pkl,10000,100.37970507011414,0.37970507011414156
flow_npe,1000,1000,N=n,34,sigma,posterior_samples.pkl,10000,3.164201000437001,1.164201000437001
flow_npe,1000,1000,N=n,34,xi,posterior_samples.pkl,10000,-1.0183493300795554,-0.9183493300795554
flow_npe,1000,1000,N=n,35,lambda,posterior_samples.pkl,10000,100.69421182975769,0.6942118297576911
flow_npe,1000,1000,N=n,35,sigma,posterior_samples.pkl,10000,3.1135584092447535,1.1135584092447535
flow_npe,1000,1000,N=n,35,xi,posterior_samples.pkl,10000,-1.2352843069791795,-1.1352843069791794
flow_npe,1000,1000,N=n,36,lambda,posterior_samples.pkl,10000,100.55263399162293,0.5526339916229261
flow_npe,1000,1000,N=n,36,sigma,posterior_samples.pkl,10000,3.138502513998002,1.1385025139980018
flow_npe,1000,1000,N=n,36,xi,posterior_samples.pkl,10000,-1.381238080060482,-1.281238080060482
flow_npe,1000,1000,N=n,37,lambda,posterior_samples.pkl,10000,98.93077079734802,-1.0692292026519823
flow_npe,1000,1000,N=n,37,sigma,posterior_samples.pkl,10000,2.8661198398314416,0.8661198398314416
flow_npe,1000,1000,N=n,37,xi,posterior_samples.pkl,10000,-0.9605875275373459,-0.8605875275373459
flow_npe,1000,1000,N=n,38,lambda,posterior_samples.pkl,10000,98.556639188385,-1.443360811614994
flow_npe,1000,1000,N=n,38,sigma,posterior_samples.pkl,10000,3.2591559201773257,1.2591559201773257
flow_npe,1000,1000,N=n,38,xi,posterior_samples.pkl,10000,-1.4115028567910195,-1.3115028567910194
flow_npe,1000,1000,N=n,39,lambda,posterior_samples.pkl,10000,99.36152729568481,-0.6384727043151912
flow_npe,1000,1000,N=n,39,sigma,posterior_samples.pkl,10000,2.7322214173019397,0.7322214173019397
flow_npe,1000,1000,N=n,39,xi,posterior_samples.pkl,10000,-0.9783267052292823,-0.8783267052292824
flow_npe,1000,1000,N=n,40,lambda,posterior_samples.pkl,10000,99.67428302688599,-0.3257169731140124
flow_npe,1000,1000,N=n,40,sigma,posterior_samples.pkl,10000,3.1142607717305424,1.1142607717305424
flow_npe,1000,1000,N=n,40,xi,posterior_samples.pkl,10000,-1.4629687386393546,-1.3629687386393545
flow_npe,1000,1000,N=n,41,lambda,posterior_samples.pkl,10000,99.36950213260651,-0.6304978673934869
flow_npe,1000,1000,N=n,41,sigma,posterior_samples.pkl,10000,3.034176384471357,1.034176384471357
flow_npe,1000,1000,N=n,41,xi,posterior_samples.pkl,10000,-1.2331355805397033,-1.1331355805397032
flow_npe,1000,1000,N=n,42,lambda,posterior_samples.pkl,10000,99.49507043876648,-0.5049295612335243
flow_npe,1000,1000,N=n,42,sigma,posterior_samples.pkl,10000,2.937938741614297,0.937938741614297
flow_npe,1000,1000,N=n,42,xi,posterior_samples.pkl,10000,-1.3011457040071488,-1.2011457040071487
flow_npe,1000,1000,N=n,43,lambda,posterior_samples.pkl,10000,99.12171832962036,-0.8782816703796357
flow_npe,1000,1000,N=n,43,sigma,posterior_samples.pkl,10000,2.887846360036731,0.8878463600367308
flow_npe,1000,1000,N=n,43,xi,posterior_samples.pkl,10000,-1.2227127336263657,-1.1227127336263656
flow_npe,1000,1000,N=n,44,lambda,posterior_samples.pkl,10000,100.43449880447388,0.43449880447387557
flow_npe,1000,1000,N=n,44,sigma,posterior_samples.pkl,10000,3.1578188646738417,1.1578188646738417
flow_npe,1000,1000,N=n,44,xi,posterior_samples.pkl,10000,-1.3949291225671767,-1.2949291225671766
flow_npe,1000,1000,N=n,45,lambda,posterior_samples.pkl,10000,100.02214037647248,0.02214037647247835
flow_npe,1000,1000,N=n,45,sigma,posterior_samples.pkl,10000,2.9591865800471977,0.9591865800471977
flow_npe,1000,1000,N=n,45,xi,posterior_samples.pkl,10000,-1.3841087842822075,-1.2841087842822074
flow_npe,1000,1000,N=n,46,lambda,posterior_samples.pkl,10000,99.80187446861267,-0.19812553138733335
flow_npe,1000,1000,N=n,46,sigma,posterior_samples.pkl,10000,3.2816474274797365,1.2816474274797365
flow_npe,1000,1000,N=n,46,xi,posterior_samples.pkl,10000,-1.2529719611406327,-1.1529719611406326
flow_npe,1000,1000,N=n,47,lambda,posterior_samples.pkl,10000,99.65786793460846,-0.34213206539153873
flow_npe,1000,1000,N=n,47,sigma,posterior_samples.pkl,10000,2.696706869470142,0.6967068694701419
flow_npe,1000,1000,N=n,47,xi,posterior_samples.pkl,10000,-1.0454692388892173,-0.9454692388892173
flow_npe,1000,1000,N=n,48,lambda,posterior_samples.pkl,10000,99.12018414325713,-0.8798158567428658
flow_npe,1000,1000,N=n,48,sigma,posterior_samples.pkl,10000,3.2538828527250327,1.2538828527250327
flow_npe,1000,1000,N=n,48,xi,posterior_samples.pkl,10000,-1.3363926286578178,-1.2363926286578177
flow_npe,1000,1000,N=n,49,lambda,posterior_samples.pkl,10000,99.22163313293457,-0.7783668670654293
flow_npe,1000,1000,N=n,49,sigma,posterior_samples.pkl,10000,3.1957858562225474,1.1957858562225474
flow_npe,1000,1000,N=n,49,xi,posterior_samples.pkl,10000,-1.5825819403290748,-1.4825819403290748
flow_npe,1000,1000,N=n,50,lambda,posterior_samples.pkl,10000,99.81996318130493,-0.18003681869507204
flow_npe,1000,1000,N=n,50,sigma,posterior_samples.pkl,10000,2.884352551981993,0.8843525519819928
flow_npe,1000,1000,N=n,50,xi,posterior_samples.pkl,10000,-1.3041999897003174,-1.2041999897003173
flow_npe,1000,1000,N=n,51,lambda,posterior_samples.pkl,10000,99.56665057048798,-0.4333494295120204
flow_npe,1000,1000,N=n,51,sigma,posterior_samples.pkl,10000,3.187414356588945,1.187414356588945
flow_npe,1000,1000,N=n,51,xi,posterior_samples.pkl,10000,-1.1223393578410148,-1.0223393578410147
flow_npe,1000,1000,N=n,52,lambda,posterior_samples.pkl,10000,100.65656591186523,0.6565659118652292
flow_npe,1000,1000,N=n,52,sigma,posterior_samples.pkl,10000,3.4679537302508483,1.4679537302508483
flow_npe,1000,1000,N=n,52,xi,posterior_samples.pkl,10000,-1.3784029663324355,-1.2784029663324354
flow_npe,1000,1000,N=n,53,lambda,posterior_samples.pkl,10000,100.03978998699188,0.03978998699187741
flow_npe,1000,1000,N=n,53,sigma,posterior_samples.pkl,10000,2.8357890472479164,0.8357890472479164
flow_npe,1000,1000,N=n,53,xi,posterior_samples.pkl,10000,-1.1448671525478362,-1.0448671525478361
flow_npe,1000,1000,N=n,54,lambda,posterior_samples.pkl,10000,99.70134729614257,-0.29865270385742804
flow_npe,1000,1000,N=n,54,sigma,posterior_samples.pkl,10000,2.872221726436168,0.8722217264361678
flow_npe,1000,1000,N=n,54,xi,posterior_samples.pkl,10000,-1.0784056848049164,-0.9784056848049164
flow_npe,1000,1000,N=n,55,lambda,posterior_samples.pkl,10000,99.77816301956177,-0.2218369804382263
flow_npe,1000,1000,N=n,55,sigma,posterior_samples.pkl,10000,2.920975319173187,0.9209753191731869
flow_npe,1000,1000,N=n,55,xi,posterior_samples.pkl,10000,-1.2381243762016296,-1.1381243762016295
flow_npe,1000,1000,N=n,56,lambda,posterior_samples.pkl,10000,99.79784719810486,-0.20215280189513862
flow_npe,1000,1000,N=n,56,sigma,posterior_samples.pkl,10000,3.433510005433485,1.4335100054334848
flow_npe,1000,1000,N=n,56,xi,posterior_samples.pkl,10000,-1.4876749421715736,-1.3876749421715735
flow_npe,1000,1000,N=n,57,lambda,posterior_samples.pkl,10000,100.1158322177887,0.11583221778869301
flow_npe,1000,1000,N=n,57,sigma,posterior_samples.pkl,10000,3.011369668199308,1.011369668199308
flow_npe,1000,1000,N=n,57,xi,posterior_samples.pkl,10000,-1.2712351982474328,-1.1712351982474327
flow_npe,1000,1000,N=n,58,lambda,posterior_samples.pkl,10000,100.21555132160186,0.21555132160186474
flow_npe,1000,1000,N=n,58,sigma,posterior_samples.pkl,10000,2.946396978638321,0.9463969786383211
flow_npe,1000,1000,N=n,58,xi,posterior_samples.pkl,10000,-1.4288793802857398,-1.3288793802857397
flow_npe,1000,1000,N=n,59,lambda,posterior_samples.pkl,10000,100.85079349212647,0.8507934921264706
flow_npe,1000,1000,N=n,59,sigma,posterior_samples.pkl,10000,3.29597203657059,1.29597203657059
flow_npe,1000,1000,N=n,59,xi,posterior_samples.pkl,10000,-1.2428094837903976,-1.1428094837903975
flow_npe,1000,1000,N=n,60,lambda,posterior_samples.pkl,10000,98.86102951583862,-1.1389704841613764
flow_npe,1000,1000,N=n,60,sigma,posterior_samples.pkl,10000,2.9021342938695103,0.9021342938695103
flow_npe,1000,1000,N=n,60,xi,posterior_samples.pkl,10000,-1.5067446670413018,-1.4067446670413017
flow_npe,1000,1000,N=n,61,lambda,posterior_samples.pkl,10000,99.10064739398956,-0.8993526060104386
flow_npe,1000,1000,N=n,61,sigma,posterior_samples.pkl,10000,3.6942749039800837,1.6942749039800837
flow_npe,1000,1000,N=n,61,xi,posterior_samples.pkl,10000,-1.4693788710951805,-1.3693788710951804
flow_npe,1000,1000,N=n,62,lambda,posterior_samples.pkl,10000,100.6492514257431,0.6492514257431026
flow_npe,1000,1000,N=n,62,sigma,posterior_samples.pkl,10000,2.751021573196724,0.751021573196724
flow_npe,1000,1000,N=n,62,xi,posterior_samples.pkl,10000,-1.1117066121578216,-1.0117066121578215
flow_npe,1000,1000,N=n,63,lambda,posterior_samples.pkl,10000,100.23538920383453,0.23538920383452933
flow_npe,1000,1000,N=n,63,sigma,posterior_samples.pkl,10000,2.781120283856988,0.7811202838569882
flow_npe,1000,1000,N=n,63,xi,posterior_samples.pkl,10000,-1.1509002657175065,-1.0509002657175064
flow_npe,1000,1000,N=n,64,lambda,posterior_samples.pkl,10000,98.96528246994019,-1.0347175300598082
flow_npe,1000,1000,N=n,64,sigma,posterior_samples.pkl,10000,2.973436462928634,0.9734364629286341
flow_npe,1000,1000,N=n,64,xi,posterior_samples.pkl,10000,-1.268196221935749,-1.168196221935749
flow_npe,1000,1000,N=n,65,lambda,posterior_samples.pkl,10000,100.36040970954895,0.36040970954894647
flow_npe,1000,1000,N=n,65,sigma,posterior_samples.pkl,10000,3.2941084535596894,1.2941084535596894
flow_npe,1000,1000,N=n,65,xi,posterior_samples.pkl,10000,-1.3322137381672858,-1.2322137381672857
flow_npe,1000,1000,N=n,66,lambda,posterior_samples.pkl,10000,99.27304719772339,-0.7269528022766139
flow_npe,1000,1000,N=n,66,sigma,posterior_samples.pkl,10000,3.152410198390391,1.152410198390391
flow_npe,1000,1000,N=n,66,xi,posterior_samples.pkl,10000,-1.2497231333494185,-1.1497231333494184
flow_npe,1000,1000,N=n,67,lambda,posterior_samples.pkl,10000,99.80188190689087,-0.1981180931091302
flow_npe,1000,1000,N=n,67,sigma,posterior_samples.pkl,10000,2.994376799129555,0.9943767991295549
flow_npe,1000,1000,N=n,67,xi,posterior_samples.pkl,10000,-1.1655690796613694,-1.0655690796613693
flow_npe,1000,1000,N=n,68,lambda,posterior_samples.pkl,10000,97.89388758869171,-2.1061124113082883
flow_npe,1000,1000,N=n,68,sigma,posterior_samples.pkl,10000,3.000018361460045,1.0000183614600449
flow_npe,1000,1000,N=n,68,xi,posterior_samples.pkl,10000,-1.2794849957585335,-1.1794849957585334
flow_npe,1000,1000,N=n,69,lambda,posterior_samples.pkl,10000,100.12656362380982,0.12656362380981534
flow_npe,1000,1000,N=n,69,sigma,posterior_samples.pkl,10000,3.4239349776906893,1.4239349776906893
flow_npe,1000,1000,N=n,69,xi,posterior_samples.pkl,10000,-1.411768902015686,-1.311768902015686
flow_npe,1000,1000,N=n,70,lambda,posterior_samples.pkl,10000,100.5826399875641,0.5826399875640931
flow_npe,1000,1000,N=n,70,sigma,posterior_samples.pkl,10000,3.0247293209130874,1.0247293209130874
flow_npe,1000,1000,N=n,70,xi,posterior_samples.pkl,10000,-1.347356969487667,-1.247356969487667
flow_npe,1000,1000,N=n,71,lambda,posterior_samples.pkl,10000,99.01902625579834,-0.9809737442016626
flow_npe,1000,1000,N=n,71,sigma,posterior_samples.pkl,10000,3.225374123690091,1.225374123690091
flow_npe,1000,1000,N=n,71,xi,posterior_samples.pkl,10000,-1.3711018818974494,-1.2711018818974493
flow_npe,1000,1000,N=n,72,lambda,posterior_samples.pkl,10000,100.0057485157013,0.005748515701299084
flow_npe,1000,1000,N=n,72,sigma,posterior_samples.pkl,10000,3.2947728518175894,1.2947728518175894
flow_npe,1000,1000,N=n,72,xi,posterior_samples.pkl,10000,-1.4690827852725983,-1.3690827852725982
flow_npe,1000,1000,N=n,73,lambda,posterior_samples.pkl,10000,99.55308356933594,-0.4469164306640607
flow_npe,1000,1000,N=n,73,sigma,posterior_samples.pkl,10000,2.9957919445460663,0.9957919445460663
flow_npe,1000,1000,N=n,73,xi,posterior_samples.pkl,10000,-1.3298557712316512,-1.2298557712316511
flow_npe,1000,1000,N=n,74,lambda,posterior_samples.pkl,10000,99.59399342288971,-0.40600657711028987
flow_npe,1000,1000,N=n,74,sigma,posterior_samples.pkl,10000,2.9692226654365657,0.9692226654365657
flow_npe,1000,1000,N=n,74,xi,posterior_samples.pkl,10000,-1.2767166192770005,-1.1767166192770004
flow_npe,1000,1000,N=n,75,lambda,posterior_samples.pkl,10000,99.75316256332397,-0.24683743667603153
flow_npe,1000,1000,N=n,75,sigma,posterior_samples.pkl,10000,2.8409683180527763,0.8409683180527763
flow_npe,1000,1000,N=n,75,xi,posterior_samples.pkl,10000,-0.9507540248394012,-0.8507540248394012
flow_npe,1000,1000,N=n,76,lambda,posterior_samples.pkl,10000,99.92637137794495,-0.07362862205505394
flow_npe,1000,1000,N=n,76,sigma,posterior_samples.pkl,10000,3.0890383197581395,1.0890383197581395
flow_npe,1000,1000,N=n,76,xi,posterior_samples.pkl,10000,-1.2115789288759231,-1.111578928875923
flow_npe,1000,1000,N=n,77,lambda,posterior_samples.pkl,10000,99.88522878875733,-0.11477121124266887
flow_npe,1000,1000,N=n,77,sigma,posterior_samples.pkl,10000,2.92758796377033,0.9275879637703301
flow_npe,1000,1000,N=n,77,xi,posterior_samples.pkl,10000,-1.3177527584791184,-1.2177527584791183
flow_npe,1000,1000,N=n,78,lambda,posterior_samples.pkl,10000,98.7788167295456,-1.2211832704544037
flow_npe,1000,1000,N=n,78,sigma,posterior_samples.pkl,10000,2.7953434556934984,0.7953434556934984
flow_npe,1000,1000,N=n,78,xi,posterior_samples.pkl,10000,-1.1028883057951928,-1.0028883057951927
flow_npe,1000,1000,N=n,79,lambda,posterior_samples.pkl,10000,98.72343967342377,-1.2765603265762309
flow_npe,1000,1000,N=n,79,sigma,posterior_samples.pkl,10000,2.909509286150802,0.9095092861508021
flow_npe,1000,1000,N=n,79,xi,posterior_samples.pkl,10000,-1.1355458152532578,-1.0355458152532577
flow_npe,1000,1000,N=n,80,lambda,posterior_samples.pkl,10000,100.73526353816986,0.7352635381698605
flow_npe,1000,1000,N=n,80,sigma,posterior_samples.pkl,10000,3.1534936490528285,1.1534936490528285
flow_npe,1000,1000,N=n,80,xi,posterior_samples.pkl,10000,-1.3452412129759788,-1.2452412129759787
flow_npe,1000,1000,N=n,81,lambda,posterior_samples.pkl,10000,99.68648714256287,-0.3135128574371322
flow_npe,1000,1000,N=n,81,sigma,posterior_samples.pkl,10000,2.681320045168698,0.681320045168698
flow_npe,1000,1000,N=n,81,xi,posterior_samples.pkl,10000,-0.8914864213585854,-0.7914864213585854
flow_npe,1000,1000,N=n,82,lambda,posterior_samples.pkl,10000,100.26967581367492,0.26967581367492244
flow_npe,1000,1000,N=n,82,sigma,posterior_samples.pkl,10000,2.9920011613713577,0.9920011613713577
flow_npe,1000,1000,N=n,82,xi,posterior_samples.pkl,10000,-1.1279657192468644,-1.0279657192468643
flow_npe,1000,1000,N=n,83,lambda,posterior_samples.pkl,10000,99.74284127159119,-0.25715872840881104
flow_npe,1000,1000,N=n,83,sigma,posterior_samples.pkl,10000,3.231910476508923,1.231910476508923
flow_npe,1000,1000,N=n,83,xi,posterior_samples.pkl,10000,-1.3538231906533242,-1.2538231906533241
flow_npe,1000,1000,N=n,84,lambda,posterior_samples.pkl,10000,99.36329629898071,-0.636703701019286
flow_npe,1000,1000,N=n,84,sigma,posterior_samples.pkl,10000,2.971903484158777,0.9719034841587768
flow_npe,1000,1000,N=n,84,xi,posterior_samples.pkl,10000,-1.0833585582852363,-0.9833585582852363
flow_npe,1000,1000,N=n,85,lambda,posterior_samples.pkl,10000,100.17721976566315,0.17721976566315334
flow_npe,1000,1000,N=n,85,sigma,posterior_samples.pkl,10000,2.6410481060886757,0.6410481060886757
flow_npe,1000,1000,N=n,85,xi,posterior_samples.pkl,10000,-0.9331274635791779,-0.8331274635791779
flow_npe,1000,1000,N=n,86,lambda,posterior_samples.pkl,10000,100.06545172805787,0.06545172805786592
flow_npe,1000,1000,N=n,86,sigma,posterior_samples.pkl,10000,2.577482131559402,0.5774821315594019
flow_npe,1000,1000,N=n,86,xi,posterior_samples.pkl,10000,-1.023880555331707,-0.923880555331707
flow_npe,1000,1000,N=n,87,lambda,posterior_samples.pkl,10000,101.03085063323975,1.0308506332397513
flow_npe,1000,1000,N=n,87,sigma,posterior_samples.pkl,10000,3.088050427056663,1.0880504270566629
flow_npe,1000,1000,N=n,87,xi,posterior_samples.pkl,10000,-1.3486556684970856,-1.2486556684970855
flow_npe,1000,1000,N=n,88,lambda,posterior_samples.pkl,10000,99.66399446086884,-0.3360055391311647
flow_npe,1000,1000,N=n,88,sigma,posterior_samples.pkl,10000,2.987679663852416,0.9876796638524161
flow_npe,1000,1000,N=n,88,xi,posterior_samples.pkl,10000,-1.1395411164164544,-1.0395411164164543
flow_npe,1000,1000,N=n,89,lambda,posterior_samples.pkl,10000,99.45040626029969,-0.5495937397003132
flow_npe,1000,1000,N=n,89,sigma,posterior_samples.pkl,10000,3.1131687110693194,1.1131687110693194
flow_npe,1000,1000,N=n,89,xi,posterior_samples.pkl,10000,-1.360633432018757,-1.2606334320187569
flow_npe,1000,1000,N=n,90,lambda,posterior_samples.pkl,10000,98.83389931488037,-1.1661006851196305
flow_npe,1000,1000,N=n,90,sigma,posterior_samples.pkl,10000,3.349231205100194,1.3492312051001938
flow_npe,1000,1000,N=n,90,xi,posterior_samples.pkl,10000,-1.244775573170185,-1.144775573170185
flow_npe,1000,1000,N=n,91,lambda,posterior_samples.pkl,10000,99.50585160598754,-0.4941483940124556
flow_npe,1000,1000,N=n,91,sigma,posterior_samples.pkl,10000,2.851864372025337,0.8518643720253372
flow_npe,1000,1000,N=n,91,xi,posterior_samples.pkl,10000,-1.0697579244375228,-0.9697579244375228
flow_npe,1000,1000,N=n,92,lambda,posterior_samples.pkl,10000,99.37527426948547,-0.6247257305145268
flow_npe,1000,1000,N=n,92,sigma,posterior_samples.pkl,10000,2.9164693015325813,0.9164693015325813
flow_npe,1000,1000,N=n,92,xi,posterior_samples.pkl,10000,-1.0727422340393067,-0.9727422340393067
flow_npe,1000,1000,N=n,93,lambda,posterior_samples.pkl,10000,99.60317661571503,-0.3968233842849713
flow_npe,1000,1000,N=n,93,sigma,posterior_samples.pkl,10000,3.4008213313153015,1.4008213313153015
flow_npe,1000,1000,N=n,93,xi,posterior_samples.pkl,10000,-1.3139628831267356,-1.2139628831267355
flow_npe,1000,1000,N=n,94,lambda,posterior_samples.pkl,10000,100.1859766090393,0.1859766090393009
flow_npe,1000,1000,N=n,94,sigma,posterior_samples.pkl,10000,3.4742197028646244,1.4742197028646244
flow_npe,1000,1000,N=n,94,xi,posterior_samples.pkl,10000,-1.5193008266329766,-1.4193008266329765
flow_npe,1000,1000,N=n,95,lambda,posterior_samples.pkl,10000,100.21556507644654,0.21556507644653777
flow_npe,1000,1000,N=n,95,sigma,posterior_samples.pkl,10000,3.084259474001266,1.084259474001266
flow_npe,1000,1000,N=n,95,xi,posterior_samples.pkl,10000,-1.1881133974790574,-1.0881133974790573
flow_npe,1000,1000,N=n,96,lambda,posterior_samples.pkl,10000,99.68311930007934,-0.3168806999206595
flow_npe,1000,1000,N=n,96,sigma,posterior_samples.pkl,10000,3.348801616831124,1.3488016168311239
flow_npe,1000,1000,N=n,96,xi,posterior_samples.pkl,10000,-1.4191760835289955,-1.3191760835289954
flow_npe,1000,1000,N=n,97,lambda,posterior_samples.pkl,10000,98.77730714149475,-1.2226928585052548
flow_npe,1000,1000,N=n,97,sigma,posterior_samples.pkl,10000,3.223942146885395,1.223942146885395
flow_npe,1000,1000,N=n,97,xi,posterior_samples.pkl,10000,-1.3759435613751412,-1.275943561375141
flow_npe,1000,1000,N=n,98,lambda,posterior_samples.pkl,10000,99.4292261932373,-0.570773806762702
flow_npe,1000,1000,N=n,98,sigma,posterior_samples.pkl,10000,3.236377752912976,1.236377752912976
flow_npe,1000,1000,N=n,98,xi,posterior_samples.pkl,10000,-1.3021154797911645,-1.2021154797911644
flow_npe,1000,1000,N=n,99,lambda,posterior_samples.pkl,10000,99.41776356544494,-0.5822364345550568
flow_npe,1000,1000,N=n,99,sigma,posterior_samples.pkl,10000,2.7746219747450205,0.7746219747450205
flow_npe,1000,1000,N=n,99,xi,posterior_samples.pkl,10000,-0.8893296848654747,-0.7893296848654747
flow_npe,1000,1000,N=n,100,lambda,posterior_samples.pkl,10000,99.98470610351562,-0.015293896484379843
flow_npe,1000,1000,N=n,100,sigma,posterior_samples.pkl,10000,2.7827851760137827,0.7827851760137827
flow_npe,1000,1000,N=n,100,xi,posterior_samples.pkl,10000,-0.963298011815548,-0.863298011815548
flow_npe,1000,6907,N=n log(n),0,lambda,posterior_samples.pkl,10000,99.36774426498413,-0.6322557350158746
flow_npe,1000,6907,N=n log(n),0,sigma,posterior_samples.pkl,10000,3.008073407665454,1.0080734076654538
flow_npe,1000,6907,N=n log(n),0,xi,posterior_samples.pkl,10000,-1.1198142799973487,-1.0198142799973486
flow_npe,1000,6907,N=n log(n),1,lambda,posterior_samples.pkl,10000,100.0244598733902,0.024459873390199505
flow_npe,1000,6907,N=n log(n),1,sigma,posterior_samples.pkl,10000,2.069196226588823,0.06919622658882307
flow_npe,1000,6907,N=n log(n),1,xi,posterior_samples.pkl,10000,-0.1976778502702713,-0.09767785027027129
flow_npe,1000,6907,N=n log(n),2,lambda,posterior_samples.pkl,10000,99.58421175422669,-0.41578824577331375
flow_npe,1000,6907,N=n log(n),2,sigma,posterior_samples.pkl,10000,2.112959735442046,0.11295973544204596
flow_npe,1000,6907,N=n log(n),2,xi,posterior_samples.pkl,10000,-0.2298142742395401,-0.1298142742395401
flow_npe,1000,6907,N=n log(n),3,lambda,posterior_samples.pkl,10000,100.01611738929749,0.016117389297491513
flow_npe,1000,6907,N=n log(n),3,sigma,posterior_samples.pkl,10000,2.481260399784893,0.481260399784893
flow_npe,1000,6907,N=n log(n),3,xi,posterior_samples.pkl,10000,-0.5164302984952927,-0.4164302984952927
flow_npe,1000,6907,N=n log(n),4,lambda,posterior_samples.pkl,10000,100.56502729187012,0.5650272918701233
flow_npe,1000,6907,N=n log(n),4,sigma,posterior_samples.pkl,10000,2.0648261816076934,0.06482618160769338
flow_npe,1000,6907,N=n log(n),4,xi,posterior_samples.pkl,10000,-0.2304122799396515,-0.1304122799396515
flow_npe,1000,6907,N=n log(n),5,lambda,posterior_samples.pkl,10000,100.19766630535126,0.1976663053512624
flow_npe,1000,6907,N=n log(n),5,sigma,posterior_samples.pkl,10000,2.9348403300892563,0.9348403300892563
flow_npe,1000,6907,N=n log(n),5,xi,posterior_samples.pkl,10000,-0.9873370320439339,-0.8873370320439339
flow_npe,1000,6907,N=n log(n),6,lambda,posterior_samples.pkl,10000,99.62613656196594,-0.3738634380340642
flow_npe,1000,6907,N=n log(n),6,sigma,posterior_samples.pkl,10000,2.024627870365232,0.024627870365232063
flow_npe,1000,6907,N=n log(n),6,xi,posterior_samples.pkl,10000,-0.17468071783781053,-0.07468071783781052
flow_npe,1000,6907,N=n log(n),7,lambda,posterior_samples.pkl,10000,100.43554326820373,0.43554326820373035
flow_npe,1000,6907,N=n log(n),7,sigma,posterior_samples.pkl,10000,2.0522794586576523,0.05227945865765227
flow_npe,1000,6907,N=n log(n),7,xi,posterior_samples.pkl,10000,-0.14857458617687225,-0.04857458617687224
flow_npe,1000,6907,N=n log(n),8,lambda,posterior_samples.pkl,10000,99.76822950592042,-0.2317704940795835
flow_npe,1000,6907,N=n log(n),8,sigma,posterior_samples.pkl,10000,2.33321537581943,0.33321537581942984
flow_npe,1000,6907,N=n log(n),8,xi,posterior_samples.pkl,10000,-0.423199836742878,-0.323199836742878
flow_npe,1000,6907,N=n log(n),9,lambda,posterior_samples.pkl,10000,99.30317873191834,-0.6968212680816634
flow_npe,1000,6907,N=n log(n),9,sigma,posterior_samples.pkl,10000,2.23664760615665,0.23664760615664981
flow_npe,1000,6907,N=n log(n),9,xi,posterior_samples.pkl,10000,-0.3624308977484703,-0.2624308977484703
flow_npe,1000,6907,N=n log(n),10,lambda,posterior_samples.pkl,10000,100.5795000907898,0.5795000907897929
flow_npe,1000,6907,N=n log(n),10,sigma,posterior_samples.pkl,10000,2.3314705813202075,0.33147058132020746
flow_npe,1000,6907,N=n log(n),10,xi,posterior_samples.pkl,10000,-0.4246988127231598,-0.3246988127231598
flow_npe,1000,6907,N=n log(n),11,lambda,posterior_samples.pkl,10000,99.51188580360413,-0.4881141963958697
flow_npe,1000,6907,N=n log(n),11,sigma,posterior_samples.pkl,10000,2.2807803924716077,0.2807803924716077
flow_npe,1000,6907,N=n log(n),11,xi,posterior_samples.pkl,10000,-0.4513307708501816,-0.3513307708501816
flow_npe,1000,6907,N=n log(n),12,lambda,posterior_samples.pkl,10000,100.17656343650818,0.1765634365081752
flow_npe,1000,6907,N=n log(n),12,sigma,posterior_samples.pkl,10000,2.0384078306901268,0.038407830690126765
flow_npe,1000,6907,N=n log(n),12,xi,posterior_samples.pkl,10000,-0.15754954681396485,-0.05754954681396485
flow_npe,1000,6907,N=n log(n),13,lambda,posterior_samples.pkl,10000,100.28553428039551,0.28553428039550965
flow_npe,1000,6907,N=n log(n),13,sigma,posterior_samples.pkl,10000,2.4503874844916167,0.4503874844916167
flow_npe,1000,6907,N=n log(n),13,xi,posterior_samples.pkl,10000,-0.5257471052527428,-0.42574710525274284
flow_npe,1000,6907,N=n log(n),14,lambda,posterior_samples.pkl,10000,99.9866265203476,-0.013373479652400988
flow_npe,1000,6907,N=n log(n),14,sigma,posterior_samples.pkl,10000,2.5395545491402505,0.5395545491402505
flow_npe,1000,6907,N=n log(n),14,xi,posterior_samples.pkl,10000,-0.68165388327837,-0.58165388327837
flow_npe,1000,6907,N=n log(n),15,lambda,posterior_samples.pkl,10000,100.38434626350403,0.38434626350402823
flow_npe,1000,6907,N=n log(n),15,sigma,posterior_samples.pkl,10000,2.5543845487931742,0.5543845487931742
flow_npe,1000,6907,N=n log(n),15,xi,posterior_samples.pkl,10000,-0.5302132793068886,-0.4302132793068886
flow_npe,1000,6907,N=n log(n),16,lambda,posterior_samples.pkl,10000,99.93119894390107,-0.06880105609893405
flow_npe,1000,6907,N=n log(n),16,sigma,posterior_samples.pkl,10000,2.412983629302215,0.4129836293022149
flow_npe,1000,6907,N=n log(n),16,xi,posterior_samples.pkl,10000,-0.606723178255558,-0.506723178255558
flow_npe,1000,6907,N=n log(n),17,lambda,posterior_samples.pkl,10000,99.99726983642579,-0.0027301635742134067
flow_npe,1000,6907,N=n log(n),17,sigma,posterior_samples.pkl,10000,2.1515541945651173,0.15155419456511732
flow_npe,1000,6907,N=n log(n),17,xi,posterior_samples.pkl,10000,-0.37536298553943637,-0.2753629855394364
flow_npe,1000,6907,N=n log(n),18,lambda,posterior_samples.pkl,10000,100.74137109947205,0.7413710994720475
flow_npe,1000,6907,N=n log(n),18,sigma,posterior_samples.pkl,10000,2.7963897162470968,0.7963897162470968
flow_npe,1000,6907,N=n log(n),18,xi,posterior_samples.pkl,10000,-0.9469789500117302,-0.8469789500117302
flow_npe,1000,6907,N=n log(n),19,lambda,posterior_samples.pkl,10000,99.57915766143799,-0.4208423385620108
flow_npe,1000,6907,N=n log(n),19,sigma,posterior_samples.pkl,10000,1.9980664767473937,-0.0019335232526063173
flow_npe,1000,6907,N=n log(n),19,xi,posterior_samples.pkl,10000,-0.14709098922014235,-0.04709098922014235
flow_npe,1000,6907,N=n log(n),20,lambda,posterior_samples.pkl,10000,100.88132456703185,0.8813245670318537
flow_npe,1000,6907,N=n log(n),20,sigma,posterior_samples.pkl,10000,2.684584506392479,0.6845845063924791
flow_npe,1000,6907,N=n log(n),20,xi,posterior_samples.pkl,10000,-0.761129356944561,-0.661129356944561
flow_npe,1000,6907,N=n log(n),21,lambda,posterior_samples.pkl,10000,99.88286704406738,-0.11713295593261819
flow_npe,1000,6907,N=n log(n),21,sigma,posterior_samples.pkl,10000,2.0126626805294303,0.012662680529430315
flow_npe,1000,6907,N=n log(n),21,xi,posterior_samples.pkl,10000,-0.2636637064218521,-0.1636637064218521
flow_npe,1000,6907,N=n log(n),22,lambda,posterior_samples.pkl,10000,99.95823181095123,-0.04176818904876711
flow_npe,1000,6907,N=n log(n),22,sigma,posterior_samples.pkl,10000,1.9771291549252812,-0.022870845074718815
flow_npe,1000,6907,N=n log(n),22,xi,posterior_samples.pkl,10000,-0.20038550740480424,-0.10038550740480423
flow_npe,1000,6907,N=n log(n),23,lambda,posterior_samples.pkl,10000,99.42955797920227,-0.5704420207977279
flow_npe,1000,6907,N=n log(n),23,sigma,posterior_samples.pkl,10000,2.321955206053704,0.32195520605370387
flow_npe,1000,6907,N=n log(n),23,xi,posterior_samples.pkl,10000,-0.322910624396801,-0.222910624396801
flow_npe,1000,6907,N=n log(n),24,lambda,posterior_samples.pkl,10000,100.05938432064056,0.05938432064056087
flow_npe,1000,6907,N=n log(n),24,sigma,posterior_samples.pkl,10000,2.2340978310678152,0.23409783106781523
flow_npe,1000,6907,N=n log(n),24,xi,posterior_samples.pkl,10000,-0.2623991084933281,-0.1623991084933281
flow_npe,1000,6907,N=n log(n),25,lambda,posterior_samples.pkl,10000,99.29487329788208,-0.7051267021179228
flow_npe,1000,6907,N=n log(n),25,sigma,posterior_samples.pkl,10000,2.3896277202229945,0.3896277202229945
flow_npe,1000,6907,N=n log(n),25,xi,posterior_samples.pkl,10000,-0.468965812253952,-0.368965812253952
flow_npe,1000,6907,N=n log(n),26,lambda,posterior_samples.pkl,10000,100.164036460495,0.16403646049499798
flow_npe,1000,6907,N=n log(n),26,sigma,posterior_samples.pkl,10000,2.3388172473483717,0.3388172473483717
flow_npe,1000,6907,N=n log(n),26,xi,posterior_samples.pkl,10000,-0.6746181520700455,-0.5746181520700455
flow_npe,1000,6907,N=n log(n),27,lambda,posterior_samples.pkl,10000,99.84611809196473,-0.1538819080352738
flow_npe,1000,6907,N=n log(n),27,sigma,posterior_samples.pkl,10000,2.142824620533548,0.14282462053354816
flow_npe,1000,6907,N=n log(n),27,xi,posterior_samples.pkl,10000,-0.2823419198513031,-0.18234191985130307
flow_npe,1000,6907,N=n log(n),28,lambda,posterior_samples.pkl,10000,99.84353766250611,-0.15646233749389182
flow_npe,1000,6907,N=n log(n),28,sigma,posterior_samples.pkl,10000,2.070983700454235,0.07098370045423508
flow_npe,1000,6907,N=n log(n),28,xi,posterior_samples.pkl,10000,-0.20019153858423233,-0.10019153858423233
flow_npe,1000,6907,N=n log(n),29,lambda,posterior_samples.pkl,10000,100.2319207201004,0.23192072010040476
flow_npe,1000,6907,N=n log(n),29,sigma,posterior_samples.pkl,10000,2.8026638395087793,0.8026638395087793
flow_npe,1000,6907,N=n log(n),29,xi,posterior_samples.pkl,10000,-0.7489620066761971,-0.6489620066761971
flow_npe,1000,6907,N=n log(n),30,lambda,posterior_samples.pkl,10000,100.7823730709076,0.782373070907596
flow_npe,1000,6907,N=n log(n),30,sigma,posterior_samples.pkl,10000,2.920480632704403,0.9204806327044031
flow_npe,1000,6907,N=n log(n),30,xi,posterior_samples.pkl,10000,-1.1479654914259911,-1.047965491425991
flow_npe,1000,6907,N=n log(n),31,lambda,posterior_samples.pkl,10000,99.88994113883972,-0.11005886116028307
flow_npe,1000,6907,N=n log(n),31,sigma,posterior_samples.pkl,10000,2.2184434473300354,0.2184434473300354
flow_npe,1000,6907,N=n log(n),31,xi,posterior_samples.pkl,10000,-0.3072865424752235,-0.20728654247522352
flow_npe,1000,6907,N=n log(n),32,lambda,posterior_samples.pkl,10000,100.36902804813386,0.36902804813385615
flow_npe,1000,6907,N=n log(n),32,sigma,posterior_samples.pkl,10000,2.3018184402160347,0.30181844021603466
flow_npe,1000,6907,N=n log(n),32,xi,posterior_samples.pkl,10000,-0.3875158207535744,-0.2875158207535744
flow_npe,1000,6907,N=n log(n),33,lambda,posterior_samples.pkl,10000,99.4588491859436,-0.5411508140563939
flow_npe,1000,6907,N=n log(n),33,sigma,posterior_samples.pkl,10000,2.846704817879945,0.846704817879945
flow_npe,1000,6907,N=n log(n),33,xi,posterior_samples.pkl,10000,-0.8580313873887062,-0.7580313873887062
flow_npe,1000,6907,N=n log(n),34,lambda,posterior_samples.pkl,10000,100.0112712425232,0.011271242523193337
flow_npe,1000,6907,N=n log(n),34,sigma,posterior_samples.pkl,10000,2.544176282693958,0.5441762826939578
flow_npe,1000,6907,N=n log(n),34,xi,posterior_samples.pkl,10000,-0.6192130135416984,-0.5192130135416985
flow_npe,1000,6907,N=n log(n),35,lambda,posterior_samples.pkl,10000,100.16938570365906,0.16938570365906003
flow_npe,1000,6907,N=n log(n),35,sigma,posterior_samples.pkl,10000,2.8023360175974665,0.8023360175974665
flow_npe,1000,6907,N=n log(n),35,xi,posterior_samples.pkl,10000,-0.8471239969730378,-0.7471239969730378
flow_npe,1000,6907,N=n log(n),36,lambda,posterior_samples.pkl,10000,100.27082614898681,0.27082614898681356
flow_npe,1000,6907,N=n log(n),36,sigma,posterior_samples.pkl,10000,2.8849056205520407,0.8849056205520407
flow_npe,1000,6907,N=n log(n),36,xi,posterior_samples.pkl,10000,-0.9719627112030983,-0.8719627112030983
flow_npe,1000,6907,N=n log(n),37,lambda,posterior_samples.pkl,10000,99.7280011428833,-0.27199885711669936
flow_npe,1000,6907,N=n log(n),37,sigma,posterior_samples.pkl,10000,2.250838578823954,0.250838578823954
flow_npe,1000,6907,N=n log(n),37,xi,posterior_samples.pkl,10000,-0.25978668394088744,-0.15978668394088744
flow_npe,1000,6907,N=n log(n),38,lambda,posterior_samples.pkl,10000,99.69838595294952,-0.301614047050478
flow_npe,1000,6907,N=n log(n),38,sigma,posterior_samples.pkl,10000,2.132314252353646,0.13231425235364602
flow_npe,1000,6907,N=n log(n),38,xi,posterior_samples.pkl,10000,-0.17331516454219817,-0.07331516454219816
flow_npe,1000,6907,N=n log(n),39,lambda,posterior_samples.pkl,10000,100.15501427993775,0.15501427993774541
flow_npe,1000,6907,N=n log(n),39,sigma,posterior_samples.pkl,10000,2.208255633308366,0.20825563330836605
flow_npe,1000,6907,N=n log(n),39,xi,posterior_samples.pkl,10000,-0.3300350921034813,-0.2300350921034813
flow_npe,1000,6907,N=n log(n),40,lambda,posterior_samples.pkl,10000,100.06278454761505,0.06278454761505259
flow_npe,1000,6907,N=n log(n),40,sigma,posterior_samples.pkl,10000,2.862417984356731,0.862417984356731
flow_npe,1000,6907,N=n log(n),40,xi,posterior_samples.pkl,10000,-1.0125000395536423,-0.9125000395536423
flow_npe,1000,6907,N=n log(n),41,lambda,posterior_samples.pkl,10000,99.82930436000824,-0.17069563999176296
flow_npe,1000,6907,N=n log(n),41,sigma,posterior_samples.pkl,10000,2.066463739056885,0.06646373905688518
flow_npe,1000,6907,N=n log(n),41,xi,posterior_samples.pkl,10000,-0.3074082764863968,-0.2074082764863968
flow_npe,1000,6907,N=n log(n),42,lambda,posterior_samples.pkl,10000,99.9416315984726,-0.05836840152740308
flow_npe,1000,6907,N=n log(n),42,sigma,posterior_samples.pkl,10000,2.8928586455371232,0.8928586455371232
flow_npe,1000,6907,N=n log(n),42,xi,posterior_samples.pkl,10000,-1.1420914848208428,-1.0420914848208427
flow_npe,1000,6907,N=n log(n),43,lambda,posterior_samples.pkl,10000,99.91867152900696,-0.08132847099304286
flow_npe,1000,6907,N=n log(n),43,sigma,posterior_samples.pkl,10000,2.0033022988311013,0.0033022988311013357
flow_npe,1000,6907,N=n log(n),43,xi,posterior_samples.pkl,10000,-0.23588406727313996,-0.13588406727313995
flow_npe,1000,6907,N=n log(n),44,lambda,posterior_samples.pkl,10000,100.1795494731903,0.17954947319030623
flow_npe,1000,6907,N=n log(n),44,sigma,posterior_samples.pkl,10000,3.3022987762180156,1.3022987762180156
flow_npe,1000,6907,N=n log(n),44,xi,posterior_samples.pkl,10000,-1.2884533371686935,-1.1884533371686934
flow_npe,1000,6907,N=n log(n),45,lambda,posterior_samples.pkl,10000,100.118272347641,0.11827234764099614
flow_npe,1000,6907,N=n log(n),45,sigma,posterior_samples.pkl,10000,2.0054895032767206,0.005489503276720598
flow_npe,1000,6907,N=n log(n),45,xi,posterior_samples.pkl,10000,-0.121444413459301,-0.021444413459300996
flow_npe,1000,6907,N=n log(n),46,lambda,posterior_samples.pkl,10000,100.04708410186768,0.04708410186768219
flow_npe,1000,6907,N=n log(n),46,sigma,posterior_samples.pkl,10000,2.4915039798405023,0.4915039798405023
flow_npe,1000,6907,N=n log(n),46,xi,posterior_samples.pkl,10000,-0.43117595369815825,-0.3311759536981582
flow_npe,1000,6907,N=n log(n),47,lambda,posterior_samples.pkl,10000,99.76981663970948,-0.23018336029052477
flow_npe,1000,6907,N=n log(n),47,sigma,posterior_samples.pkl,10000,2.705761057989858,0.7057610579898581
flow_npe,1000,6907,N=n log(n),47,xi,posterior_samples.pkl,10000,-0.8267255875229835,-0.7267255875229836
flow_npe,1000,6907,N=n log(n),48,lambda,posterior_samples.pkl,10000,99.77039437828064,-0.22960562171935806
flow_npe,1000,6907,N=n log(n),48,sigma,posterior_samples.pkl,10000,2.593081190095842,0.5930811900958419
flow_npe,1000,6907,N=n log(n),48,xi,posterior_samples.pkl,10000,-0.6557771153330803,-0.5557771153330803
flow_npe,1000,6907,N=n log(n),49,lambda,posterior_samples.pkl,10000,99.93571214904784,-0.06428785095215517
flow_npe,1000,6907,N=n log(n),49,sigma,posterior_samples.pkl,10000,2.2774101371949538,0.2774101371949538
flow_npe,1000,6907,N=n log(n),49,xi,posterior_samples.pkl,10000,-0.3680252905011177,-0.2680252905011177
flow_npe,1000,6907,N=n log(n),50,lambda,posterior_samples.pkl,10000,99.7783718700409,-0.2216281299591003
flow_npe,1000,6907,N=n log(n),50,sigma,posterior_samples.pkl,10000,2.89412883194685,0.8941288319468499
flow_npe,1000,6907,N=n log(n),50,xi,posterior_samples.pkl,10000,-1.0387598789334298,-0.9387598789334298
flow_npe,1000,6907,N=n log(n),51,lambda,posterior_samples.pkl,10000,100.1912309539795,0.19123095397949896
flow_npe,1000,6907,N=n log(n),51,sigma,posterior_samples.pkl,10000,2.6823776133460924,0.6823776133460924
flow_npe,1000,6907,N=n log(n),51,xi,posterior_samples.pkl,10000,-0.7363258990049362,-0.6363258990049362
flow_npe,1000,6907,N=n log(n),52,lambda,posterior_samples.pkl,10000,99.57893029975891,-0.421069700241091
flow_npe,1000,6907,N=n log(n),52,sigma,posterior_samples.pkl,10000,2.7881780841872095,0.7881780841872095
flow_npe,1000,6907,N=n log(n),52,xi,posterior_samples.pkl,10000,-0.6422813356757164,-0.5422813356757165
flow_npe,1000,6907,N=n log(n),53,lambda,posterior_samples.pkl,10000,99.5422080438614,-0.4577919561386068
flow_npe,1000,6907,N=n log(n),53,sigma,posterior_samples.pkl,10000,2.0542201488899066,0.05422014888990656
flow_npe,1000,6907,N=n log(n),53,xi,posterior_samples.pkl,10000,-0.1881213218688965,-0.08812132186889648
flow_npe,1000,6907,N=n log(n),54,lambda,posterior_samples.pkl,10000,99.46805733032227,-0.5319426696777327
flow_npe,1000,6907,N=n log(n),54,sigma,posterior_samples.pkl,10000,2.611344581392035,0.6113445813920348
flow_npe,1000,6907,N=n log(n),54,xi,posterior_samples.pkl,10000,-0.6383065999984742,-0.5383065999984742
flow_npe,1000,6907,N=n log(n),55,lambda,posterior_samples.pkl,10000,100.47561982116699,0.47561982116698687
flow_npe,1000,6907,N=n log(n),55,sigma,posterior_samples.pkl,10000,2.9225447718512267,0.9225447718512267
flow_npe,1000,6907,N=n log(n),55,xi,posterior_samples.pkl,10000,-0.968007314658165,-0.868007314658165
flow_npe,1000,6907,N=n log(n),56,lambda,posterior_samples.pkl,10000,99.91801693305969,-0.08198306694031032
flow_npe,1000,6907,N=n log(n),56,sigma,posterior_samples.pkl,10000,2.653847326342389,0.653847326342389
flow_npe,1000,6907,N=n log(n),56,xi,posterior_samples.pkl,10000,-0.7280773848295212,-0.6280773848295212
flow_npe,1000,6907,N=n log(n),57,lambda,posterior_samples.pkl,10000,99.78886962242126,-0.21113037757874054
flow_npe,1000,6907,N=n log(n),57,sigma,posterior_samples.pkl,10000,2.356980421216786,0.35698042121678597
flow_npe,1000,6907,N=n log(n),57,xi,posterior_samples.pkl,10000,-0.45418411762714384,-0.35418411762714386
flow_npe,1000,6907,N=n log(n),58,lambda,posterior_samples.pkl,10000,100.04093247718811,0.04093247718810744
flow_npe,1000,6907,N=n log(n),58,sigma,posterior_samples.pkl,10000,2.792172073913552,0.792172073913552
flow_npe,1000,6907,N=n log(n),58,xi,posterior_samples.pkl,10000,-0.9597673373699188,-0.8597673373699188
flow_npe,1000,6907,N=n log(n),59,lambda,posterior_samples.pkl,10000,100.87052799263,0.8705279926300022
flow_npe,1000,6907,N=n log(n),59,sigma,posterior_samples.pkl,10000,2.5549185300961135,0.5549185300961135
flow_npe,1000,6907,N=n log(n),59,xi,posterior_samples.pkl,10000,-0.6329374114155769,-0.5329374114155769
flow_npe,1000,6907,N=n log(n),60,lambda,posterior_samples.pkl,10000,99.29521198730468,-0.7047880126953174
flow_npe,1000,6907,N=n log(n),60,sigma,posterior_samples.pkl,10000,2.2138964937541634,0.21389649375416342
flow_npe,1000,6907,N=n log(n),60,xi,posterior_samples.pkl,10000,-0.3513061432480812,-0.2513061432480812
flow_npe,1000,6907,N=n log(n),61,lambda,posterior_samples.pkl,10000,99.71998335494995,-0.2800166450500541
flow_npe,1000,6907,N=n log(n),61,sigma,posterior_samples.pkl,10000,3.424310180848837,1.424310180848837
flow_npe,1000,6907,N=n log(n),61,xi,posterior_samples.pkl,10000,-1.2626258522868157,-1.1626258522868156
flow_npe,1000,6907,N=n log(n),62,lambda,posterior_samples.pkl,10000,100.87148304977417,0.8714830497741701
flow_npe,1000,6907,N=n log(n),62,sigma,posterior_samples.pkl,10000,2.0860730767915023,0.08607307679150233
flow_npe,1000,6907,N=n log(n),62,xi,posterior_samples.pkl,10000,-0.2767099986195564,-0.1767099986195564
flow_npe,1000,6907,N=n log(n),63,lambda,posterior_samples.pkl,10000,100.18136918792725,0.18136918792724543
flow_npe,1000,6907,N=n log(n),63,sigma,posterior_samples.pkl,10000,3.0398379534699025,1.0398379534699025
flow_npe,1000,6907,N=n log(n),63,xi,posterior_samples.pkl,10000,-1.0179719701170922,-0.9179719701170922
flow_npe,1000,6907,N=n log(n),64,lambda,posterior_samples.pkl,10000,98.88670896759034,-1.1132910324096628
flow_npe,1000,6907,N=n log(n),64,sigma,posterior_samples.pkl,10000,2.6998875841335392,0.6998875841335392
flow_npe,1000,6907,N=n log(n),64,xi,posterior_samples.pkl,10000,-0.8424867700338363,-0.7424867700338363
flow_npe,1000,6907,N=n log(n),65,lambda,posterior_samples.pkl,10000,99.76735201911926,-0.232647980880742
flow_npe,1000,6907,N=n log(n),65,sigma,posterior_samples.pkl,10000,2.635137095771404,0.635137095771404
flow_npe,1000,6907,N=n log(n),65,xi,posterior_samples.pkl,10000,-0.7917434044718742,-0.6917434044718742
flow_npe,1000,6907,N=n log(n),66,lambda,posterior_samples.pkl,10000,100.09637865524292,0.09637865524291556
flow_npe,1000,6907,N=n log(n),66,sigma,posterior_samples.pkl,10000,2.13158914225325,0.13158914225325002
flow_npe,1000,6907,N=n log(n),66,xi,posterior_samples.pkl,10000,-0.221416979265213,-0.121416979265213
flow_npe,1000,6907,N=n log(n),67,lambda,posterior_samples.pkl,10000,100.38232579555512,0.3823257955551185
flow_npe,1000,6907,N=n log(n),67,sigma,posterior_samples.pkl,10000,2.321387973785121,0.3213879737851211
flow_npe,1000,6907,N=n log(n),67,xi,posterior_samples.pkl,10000,-0.5233608534693718,-0.4233608534693718
flow_npe,1000,6907,N=n log(n),68,lambda,posterior_samples.pkl,10000,99.83813696079254,-0.1618630392074607
flow_npe,1000,6907,N=n log(n),68,sigma,posterior_samples.pkl,10000,2.329674721522443,0.3296747215224429
flow_npe,1000,6907,N=n log(n),68,xi,posterior_samples.pkl,10000,-0.551770390677452,-0.45177039067745206
flow_npe,1000,6907,N=n log(n),69,lambda,posterior_samples.pkl,10000,100.06756746177673,0.06756746177673278
flow_npe,1000,6907,N=n log(n),69,sigma,posterior_samples.pkl,10000,2.99300518319048,0.9930051831904798
flow_npe,1000,6907,N=n log(n),69,xi,posterior_samples.pkl,10000,-1.1158530714988708,-1.0158530714988707
flow_npe,1000,6907,N=n log(n),70,lambda,posterior_samples.pkl,10000,100.20849689483643,0.2084968948364292
flow_npe,1000,6907,N=n log(n),70,sigma,posterior_samples.pkl,10000,2.192327971825446,0.19232797182544603
flow_npe,1000,6907,N=n log(n),70,xi,posterior_samples.pkl,10000,-0.2992378068804741,-0.19923780688047407
flow_npe,1000,6907,N=n log(n),71,lambda,posterior_samples.pkl,10000,100.01845673484802,0.0184567348480158
flow_npe,1000,6907,N=n log(n),71,sigma,posterior_samples.pkl,10000,2.150764485056512,0.15076448505651197
flow_npe,1000,6907,N=n log(n),71,xi,posterior_samples.pkl,10000,-0.27840769791603087,-0.17840769791603087
flow_npe,1000,6907,N=n log(n),72,lambda,posterior_samples.pkl,10000,99.80336926612854,-0.19663073387145857
flow_npe,1000,6907,N=n log(n),72,sigma,posterior_samples.pkl,10000,3.216256680097431,1.2162566800974308
flow_npe,1000,6907,N=n log(n),72,xi,posterior_samples.pkl,10000,-1.26155912296772,-1.16155912296772
flow_npe,1000,6907,N=n log(n),73,lambda,posterior_samples.pkl,10000,99.37315441207886,-0.6268455879211388
flow_npe,1000,6907,N=n log(n),73,sigma,posterior_samples.pkl,10000,2.7895075520229526,0.7895075520229526
flow_npe,1000,6907,N=n log(n),73,xi,posterior_samples.pkl,10000,-0.9881629589676857,-0.8881629589676857
flow_npe,1000,6907,N=n log(n),74,lambda,posterior_samples.pkl,10000,99.99942078399658,-0.0005792160034161498
flow_npe,1000,6907,N=n log(n),74,sigma,posterior_samples.pkl,10000,2.531934757160954,0.5319347571609541
flow_npe,1000,6907,N=n log(n),74,xi,posterior_samples.pkl,10000,-0.7160719675540924,-0.6160719675540924
flow_npe,1000,6907,N=n log(n),75,lambda,posterior_samples.pkl,10000,100.1408726551056,0.14087265510559632
flow_npe,1000,6907,N=n log(n),75,sigma,posterior_samples.pkl,10000,2.4662935304507614,0.4662935304507614
flow_npe,1000,6907,N=n log(n),75,xi,posterior_samples.pkl,10000,-0.5488773662686348,-0.44887736626863484
flow_npe,1000,6907,N=n log(n),76,lambda,posterior_samples.pkl,10000,100.73369023151398,0.7336902315139753
flow_npe,1000,6907,N=n log(n),76,sigma,posterior_samples.pkl,10000,2.526613155095838,0.5266131550958382
flow_npe,1000,6907,N=n log(n),76,xi,posterior_samples.pkl,10000,-0.6409695393443108,-0.5409695393443108
flow_npe,1000,6907,N=n log(n),77,lambda,posterior_samples.pkl,10000,100.14302438468933,0.1430243846893262
flow_npe,1000,6907,N=n log(n),77,sigma,posterior_samples.pkl,10000,2.423648066513799,0.42364806651379894
flow_npe,1000,6907,N=n log(n),77,xi,posterior_samples.pkl,10000,-0.7365150075316429,-0.6365150075316429
flow_npe,1000,6907,N=n log(n),78,lambda,posterior_samples.pkl,10000,100.0415142868042,0.041514286804201106
flow_npe,1000,6907,N=n log(n),78,sigma,posterior_samples.pkl,10000,2.9292501257843804,0.9292501257843804
flow_npe,1000,6907,N=n log(n),78,xi,posterior_samples.pkl,10000,-0.9651304691195488,-0.8651304691195488
flow_npe,1000,6907,N=n log(n),79,lambda,posterior_samples.pkl,10000,99.85680774993897,-0.1431922500610341
flow_npe,1000,6907,N=n log(n),79,sigma,posterior_samples.pkl,10000,2.1589379043896915,0.15893790438969146
flow_npe,1000,6907,N=n log(n),79,xi,posterior_samples.pkl,10000,-0.24253318283557893,-0.14253318283557892
flow_npe,1000,6907,N=n log(n),80,lambda,posterior_samples.pkl,10000,100.26333111610413,0.2633311161041263
flow_npe,1000,6907,N=n log(n),80,sigma,posterior_samples.pkl,10000,2.6257002912536263,0.6257002912536263
flow_npe,1000,6907,N=n log(n),80,xi,posterior_samples.pkl,10000,-0.8273010646939277,-0.7273010646939277
flow_npe,1000,6907,N=n log(n),81,lambda,posterior_samples.pkl,10000,99.51682083358764,-0.4831791664123557
flow_npe,1000,6907,N=n log(n),81,sigma,posterior_samples.pkl,10000,2.0101430041808634,0.010143004180863446
flow_npe,1000,6907,N=n log(n),81,xi,posterior_samples.pkl,10000,-0.1319628746151924,-0.0319628746151924
flow_npe,1000,6907,N=n log(n),82,lambda,posterior_samples.pkl,10000,100.53350686454773,0.5335068645477321
flow_npe,1000,6907,N=n log(n),82,sigma,posterior_samples.pkl,10000,2.8108391694417225,0.8108391694417225
flow_npe,1000,6907,N=n log(n),82,xi,posterior_samples.pkl,10000,-0.8392912747979164,-0.7392912747979165
flow_npe,1000,6907,N=n log(n),83,lambda,posterior_samples.pkl,10000,99.70096107254028,-0.29903892745971916
flow_npe,1000,6907,N=n log(n),83,sigma,posterior_samples.pkl,10000,2.1282078242249787,0.12820782422497867
flow_npe,1000,6907,N=n log(n),83,xi,posterior_samples.pkl,10000,-0.36134966089725495,-0.261349660897255
flow_npe,1000,6907,N=n log(n),84,lambda,posterior_samples.pkl,10000,99.95198256797791,-0.04801743202209252
flow_npe,1000,6907,N=n log(n),84,sigma,posterior_samples.pkl,10000,2.1040197291169314,0.10401972911693136
flow_npe,1000,6907,N=n log(n),84,xi,posterior_samples.pkl,10000,-0.1633919972062111,-0.06339199720621108
flow_npe,1000,6907,N=n log(n),85,lambda,posterior_samples.pkl,10000,99.75942299575806,-0.24057700424194195
flow_npe,1000,6907,N=n log(n),85,sigma,posterior_samples.pkl,10000,2.1102531059265135,0.1102531059265135
flow_npe,1000,6907,N=n log(n),85,xi,posterior_samples.pkl,10000,-0.2456186736345291,-0.1456186736345291
flow_npe,1000,6907,N=n log(n),86,lambda,posterior_samples.pkl,10000,99.81834235458373,-0.18165764541626572
flow_npe,1000,6907,N=n log(n),86,sigma,posterior_samples.pkl,10000,2.042160465987772,0.0421604659877719
flow_npe,1000,6907,N=n log(n),86,xi,posterior_samples.pkl,10000,-0.12838308103084564,-0.028383081030845636
flow_npe,1000,6907,N=n log(n),87,lambda,posterior_samples.pkl,10000,100.45947832565308,0.45947832565308033
flow_npe,1000,6907,N=n log(n),87,sigma,posterior_samples.pkl,10000,2.219425407446874,0.21942540744687422
flow_npe,1000,6907,N=n log(n),87,xi,posterior_samples.pkl,10000,-0.31880638362169267,-0.21880638362169266
flow_npe,1000,6907,N=n log(n),88,lambda,posterior_samples.pkl,10000,100.31932012786865,0.31932012786865016
flow_npe,1000,6907,N=n log(n),88,sigma,posterior_samples.pkl,10000,2.1015373285057954,0.10153732850579544
flow_npe,1000,6907,N=n log(n),88,xi,posterior_samples.pkl,10000,-0.18668002672195436,-0.08668002672195435
flow_npe,1000,6907,N=n log(n),89,lambda,posterior_samples.pkl,10000,99.77675498447418,-0.2232450155258192
flow_npe,1000,6907,N=n log(n),89,sigma,posterior_samples.pkl,10000,2.1959476170158947,0.1959476170158947
flow_npe,1000,6907,N=n log(n),89,xi,posterior_samples.pkl,10000,-0.3150378731489182,-0.21503787314891817
flow_npe,1000,6907,N=n log(n),90,lambda,posterior_samples.pkl,10000,99.61232844657899,-0.3876715534210149
flow_npe,1000,6907,N=n log(n),90,sigma,posterior_samples.pkl,10000,2.205677372718975,0.2056773727189749
flow_npe,1000,6907,N=n log(n),90,xi,posterior_samples.pkl,10000,-0.21251970022916794,-0.11251970022916793
flow_npe,1000,6907,N=n log(n),91,lambda,posterior_samples.pkl,10000,99.99450617465973,-0.005493825340266767
flow_npe,1000,6907,N=n log(n),91,sigma,posterior_samples.pkl,10000,2.8116560893423856,0.8116560893423856
flow_npe,1000,6907,N=n log(n),91,xi,posterior_samples.pkl,10000,-0.9461345791578293,-0.8461345791578293
flow_npe,1000,6907,N=n log(n),92,lambda,posterior_samples.pkl,10000,99.6208454208374,-0.3791545791626021
flow_npe,1000,6907,N=n log(n),92,sigma,posterior_samples.pkl,10000,2.066020161470375,0.06602016147037482
flow_npe,1000,6907,N=n log(n),92,xi,posterior_samples.pkl,10000,-0.13420960621833802,-0.03420960621833802
flow_npe,1000,6907,N=n log(n),93,lambda,posterior_samples.pkl,10000,99.85485186233521,-0.1451481376647905
flow_npe,1000,6907,N=n log(n),93,sigma,posterior_samples.pkl,10000,2.6175958628281952,0.6175958628281952
flow_npe,1000,6907,N=n log(n),93,xi,posterior_samples.pkl,10000,-0.6705165576577187,-0.5705165576577187
flow_npe,1000,6907,N=n log(n),94,lambda,posterior_samples.pkl,10000,99.8873116809845,-0.11268831901550413
flow_npe,1000,6907,N=n log(n),94,sigma,posterior_samples.pkl,10000,2.879284136872552,0.8792841368725521
flow_npe,1000,6907,N=n log(n),94,xi,posterior_samples.pkl,10000,-1.0929714901685714,-0.9929714901685714
flow_npe,1000,6907,N=n log(n),95,lambda,posterior_samples.pkl,10000,99.95328648910522,-0.04671351089477582
flow_npe,1000,6907,N=n log(n),95,sigma,posterior_samples.pkl,10000,2.7674386079875752,0.7674386079875752
flow_npe,1000,6907,N=n log(n),95,xi,posterior_samples.pkl,10000,-0.8486572224736214,-0.7486572224736214
flow_npe,1000,6907,N=n log(n),96,lambda,posterior_samples.pkl,10000,100.76981077136993,0.7698107713699329
flow_npe,1000,6907,N=n log(n),96,sigma,posterior_samples.pkl,10000,2.715101004868187,0.715101004868187
flow_npe,1000,6907,N=n log(n),96,xi,posterior_samples.pkl,10000,-0.861312884068489,-0.7613128840684891
flow_npe,1000,6907,N=n log(n),97,lambda,posterior_samples.pkl,10000,98.94109954338074,-1.0589004566192557
flow_npe,1000,6907,N=n log(n),97,sigma,posterior_samples.pkl,10000,3.100220140426513,1.1002201404265128
flow_npe,1000,6907,N=n log(n),97,xi,posterior_samples.pkl,10000,-1.2771091737747193,-1.1771091737747192
flow_npe,1000,6907,N=n log(n),98,lambda,posterior_samples.pkl,10000,100.06824539871216,0.06824539871216473
flow_npe,1000,6907,N=n log(n),98,sigma,posterior_samples.pkl,10000,2.6596833229728043,0.6596833229728043
flow_npe,1000,6907,N=n log(n),98,xi,posterior_samples.pkl,10000,-0.7788306405901909,-0.6788306405901909
flow_npe,1000,6907,N=n log(n),99,lambda,posterior_samples.pkl,10000,100.40052835235596,0.4005283523559626
flow_npe,1000,6907,N=n log(n),99,sigma,posterior_samples.pkl,10000,2.0187481985603926,0.01874819856039256
flow_npe,1000,6907,N=n log(n),99,xi,posterior_samples.pkl,10000,-0.1634461057662964,-0.06344610576629639
flow_npe,1000,6907,N=n log(n),100,lambda,posterior_samples.pkl,10000,100.260840102005,0.2608401020050053
flow_npe,1000,6907,N=n log(n),100,sigma,posterior_samples.pkl,10000,2.055962630238384,0.055962630238384214
flow_npe,1000,6907,N=n log(n),100,xi,posterior_samples.pkl,10000,-0.14088626953363417,-0.04088626953363417
flow_npe,1000,31622,N=n^(3/2),0,lambda,posterior_samples.pkl,10000,99.43993163414001,-0.5600683658599905
flow_npe,1000,31622,N=n^(3/2),0,sigma,posterior_samples.pkl,10000,2.249413817542046,0.24941381754204617
flow_npe,1000,31622,N=n^(3/2),0,xi,posterior_samples.pkl,10000,-0.2530711151123047,-0.15307111511230467
flow_npe,1000,31622,N=n^(3/2),1,lambda,posterior_samples.pkl,10000,99.89349444541931,-0.10650555458069277
flow_npe,1000,31622,N=n^(3/2),1,sigma,posterior_samples.pkl,10000,2.0202660252332687,0.020266025233268703
flow_npe,1000,31622,N=n^(3/2),1,xi,posterior_samples.pkl,10000,-0.11098682796955109,-0.010986827969551083
flow_npe,1000,31622,N=n^(3/2),2,lambda,posterior_samples.pkl,10000,99.7158960691452,-0.2841039308547977
flow_npe,1000,31622,N=n^(3/2),2,sigma,posterior_samples.pkl,10000,2.062807754493505,0.06280775449350484
flow_npe,1000,31622,N=n^(3/2),2,xi,posterior_samples.pkl,10000,-0.17724573279619216,-0.07724573279619215
flow_npe,1000,31622,N=n^(3/2),3,lambda,posterior_samples.pkl,10000,99.73673616333008,-0.26326383666992115
flow_npe,1000,31622,N=n^(3/2),3,sigma,posterior_samples.pkl,10000,1.9150103825878353,-0.08498961741216471
flow_npe,1000,31622,N=n^(3/2),3,xi,posterior_samples.pkl,10000,-0.07436792767047883,0.02563207232952118
flow_npe,1000,31622,N=n^(3/2),4,lambda,posterior_samples.pkl,10000,100.56728028564453,0.5672802856445287
flow_npe,1000,31622,N=n^(3/2),4,sigma,posterior_samples.pkl,10000,1.9772230754672084,-0.022776924532791565
flow_npe,1000,31622,N=n^(3/2),4,xi,posterior_samples.pkl,10000,-0.09374978649616242,0.006250213503837587
flow_npe,1000,31622,N=n^(3/2),5,lambda,posterior_samples.pkl,10000,99.8750261182785,-0.12497388172150181
flow_npe,1000,31622,N=n^(3/2),5,sigma,posterior_samples.pkl,10000,2.0948971701702104,0.09489717017021038
flow_npe,1000,31622,N=n^(3/2),5,xi,posterior_samples.pkl,10000,-0.13643456802368165,-0.03643456802368164
flow_npe,1000,31622,N=n^(3/2),6,lambda,posterior_samples.pkl,10000,99.53289683456421,-0.46710316543578756
flow_npe,1000,31622,N=n^(3/2),6,sigma,posterior_samples.pkl,10000,2.0431338202549143,0.0431338202549143
flow_npe,1000,31622,N=n^(3/2),6,xi,posterior_samples.pkl,10000,-0.1285064435839653,-0.028506443583965285
flow_npe,1000,31622,N=n^(3/2),7,lambda,posterior_samples.pkl,10000,100.40313168563843,0.40313168563842794
flow_npe,1000,31622,N=n^(3/2),7,sigma,posterior_samples.pkl,10000,2.035586423748173,0.03558642374817289
flow_npe,1000,31622,N=n^(3/2),7,xi,posterior_samples.pkl,10000,-0.1117739914894104,-0.011773991489410399
flow_npe,1000,31622,N=n^(3/2),8,lambda,posterior_samples.pkl,10000,99.64032883644104,-0.3596711635589571
flow_npe,1000,31622,N=n^(3/2),8,sigma,posterior_samples.pkl,10000,1.9570547854021192,-0.04294521459788081
flow_npe,1000,31622,N=n^(3/2),8,xi,posterior_samples.pkl,10000,-0.11275580723285675,-0.012755807232856742
flow_npe,1000,31622,N=n^(3/2),9,lambda,posterior_samples.pkl,10000,99.53436849899292,-0.4656315010070813
flow_npe,1000,31622,N=n^(3/2),9,sigma,posterior_samples.pkl,10000,1.9963787721361965,-0.003621227863803478
flow_npe,1000,31622,N=n^(3/2),9,xi,posterior_samples.pkl,10000,-0.13237001384496688,-0.03237001384496688
flow_npe,1000,31622,N=n^(3/2),10,lambda,posterior_samples.pkl,10000,101.02739559402465,1.0273955940246537
flow_npe,1000,31622,N=n^(3/2),10,sigma,posterior_samples.pkl,10000,2.025887312054634,0.025887312054634126
flow_npe,1000,31622,N=n^(3/2),10,xi,posterior_samples.pkl,10000,-0.10818440381288529,-0.00818440381288528
flow_npe,1000,31622,N=n^(3/2),11,lambda,posterior_samples.pkl,10000,99.34127049674987,-0.6587295032501288
flow_npe,1000,31622,N=n^(3/2),11,sigma,posterior_samples.pkl,10000,2.0590244503980504,0.059024450398050377
flow_npe,1000,31622,N=n^(3/2),11,xi,posterior_samples.pkl,10000,-0.1548070522069931,-0.054807052206993084
flow_npe,1000,31622,N=n^(3/2),12,lambda,posterior_samples.pkl,10000,99.78212708587647,-0.21787291412353227
flow_npe,1000,31622,N=n^(3/2),12,sigma,posterior_samples.pkl,10000,2.0384327250778673,0.038432725077867325
flow_npe,1000,31622,N=n^(3/2),12,xi,posterior_samples.pkl,10000,-0.11626807515621185,-0.016268075156211842
flow_npe,1000,31622,N=n^(3/2),13,lambda,posterior_samples.pkl,10000,100.0809844499588,0.08098444995880527
flow_npe,1000,31622,N=n^(3/2),13,sigma,posterior_samples.pkl,10000,2.049101643310301,0.04910164331030087
flow_npe,1000,31622,N=n^(3/2),13,xi,posterior_samples.pkl,10000,-0.13522544261217118,-0.03522544261217117
flow_npe,1000,31622,N=n^(3/2),14,lambda,posterior_samples.pkl,10000,99.84276030387879,-0.15723969612120925
flow_npe,1000,31622,N=n^(3/2),14,sigma,posterior_samples.pkl,10000,2.1206262163329868,0.12062621633298676
flow_npe,1000,31622,N=n^(3/2),14,xi,posterior_samples.pkl,10000,-0.1779767736673355,-0.07797677366733549
flow_npe,1000,31622,N=n^(3/2),15,lambda,posterior_samples.pkl,10000,100.26937242889404,0.26937242889404445
flow_npe,1000,31622,N=n^(3/2),15,sigma,posterior_samples.pkl,10000,1.9746044996351004,-0.02539550036489957
flow_npe,1000,31622,N=n^(3/2),15,xi,posterior_samples.pkl,10000,-0.10207410563230515,-0.0020741056323051454
flow_npe,1000,31622,N=n^(3/2),16,lambda,posterior_samples.pkl,10000,100.26215117797851,0.2621511779785095
flow_npe,1000,31622,N=n^(3/2),16,sigma,posterior_samples.pkl,10000,2.0863959334393964,0.08639593343939644
flow_npe,1000,31622,N=n^(3/2),16,xi,posterior_samples.pkl,10000,-0.17418361519575118,-0.07418361519575117
flow_npe,1000,31622,N=n^(3/2),17,lambda,posterior_samples.pkl,10000,100.25713280334473,0.25713280334473154
flow_npe,1000,31622,N=n^(3/2),17,sigma,posterior_samples.pkl,10000,1.9455230093832128,-0.054476990616787235
flow_npe,1000,31622,N=n^(3/2),17,xi,posterior_samples.pkl,10000,-0.13436580587625505,-0.03436580587625504
flow_npe,1000,31622,N=n^(3/2),18,lambda,posterior_samples.pkl,10000,100.74141189575195,0.741411895751952
flow_npe,1000,31622,N=n^(3/2),18,sigma,posterior_samples.pkl,10000,2.005190876891557,0.00519087689155695
flow_npe,1000,31622,N=n^(3/2),18,xi,posterior_samples.pkl,10000,-0.11845721415281296,-0.018457214152812956
flow_npe,1000,31622,N=n^(3/2),19,lambda,posterior_samples.pkl,10000,99.48817117233277,-0.5118288276672303
flow_npe,1000,31622,N=n^(3/2),19,sigma,posterior_samples.pkl,10000,1.9349787219762802,-0.06502127802371982
flow_npe,1000,31622,N=n^(3/2),19,xi,posterior_samples.pkl,10000,-0.08931397058963776,0.010686029410362244
flow_npe,1000,31622,N=n^(3/2),20,lambda,posterior_samples.pkl,10000,100.53216994113922,0.532169941139216
flow_npe,1000,31622,N=n^(3/2),20,sigma,posterior_samples.pkl,10000,2.094665698796883,0.09466569879688302
flow_npe,1000,31622,N=n^(3/2),20,xi,posterior_samples.pkl,10000,-0.21114086899757387,-0.11114086899757386
flow_npe,1000,31622,N=n^(3/2),21,lambda,posterior_samples.pkl,10000,100.17577461395264,0.17577461395264038
flow_npe,1000,31622,N=n^(3/2),21,sigma,posterior_samples.pkl,10000,1.9712330425024032,-0.028766957497596835
flow_npe,1000,31622,N=n^(3/2),21,xi,posterior_samples.pkl,10000,-0.13116739184856416,-0.031167391848564152
flow_npe,1000,31622,N=n^(3/2),22,lambda,posterior_samples.pkl,10000,100.40097339057922,0.40097339057922454
flow_npe,1000,31622,N=n^(3/2),22,sigma,posterior_samples.pkl,10000,2.0264191175885498,0.026419117588549756
flow_npe,1000,31622,N=n^(3/2),22,xi,posterior_samples.pkl,10000,-0.11634481099843978,-0.016344810998439777
flow_npe,1000,31622,N=n^(3/2),23,lambda,posterior_samples.pkl,10000,99.98014758148193,-0.01985241851807018
flow_npe,1000,31622,N=n^(3/2),23,sigma,posterior_samples.pkl,10000,2.019766161365062,0.01976616136506193
flow_npe,1000,31622,N=n^(3/2),23,xi,posterior_samples.pkl,10000,-0.10682400920391083,-0.006824009203910825
flow_npe,1000,31622,N=n^(3/2),24,lambda,posterior_samples.pkl,10000,100.10442941265106,0.10442941265105787
flow_npe,1000,31622,N=n^(3/2),24,sigma,posterior_samples.pkl,10000,2.087734936213493,0.08773493621349315
flow_npe,1000,31622,N=n^(3/2),24,xi,posterior_samples.pkl,10000,-0.1274918988466263,-0.027491898846626284
flow_npe,1000,31622,N=n^(3/2),25,lambda,posterior_samples.pkl,10000,99.26558660202026,-0.7344133979797363
flow_npe,1000,31622,N=n^(3/2),25,sigma,posterior_samples.pkl,10000,2.060565898741316,0.060565898741316015
flow_npe,1000,31622,N=n^(3/2),25,xi,posterior_samples.pkl,10000,-0.12060263419151306,-0.02060263419151305
flow_npe,1000,31622,N=n^(3/2),26,lambda,posterior_samples.pkl,10000,99.99231671829223,-0.0076832817077701066
flow_npe,1000,31622,N=n^(3/2),26,sigma,posterior_samples.pkl,10000,1.9612522803485393,-0.03874771965146073
flow_npe,1000,31622,N=n^(3/2),26,xi,posterior_samples.pkl,10000,-0.09528244177103043,0.004717558228969576
flow_npe,1000,31622,N=n^(3/2),27,lambda,posterior_samples.pkl,10000,100.12855670776368,0.12855670776367845
flow_npe,1000,31622,N=n^(3/2),27,sigma,posterior_samples.pkl,10000,2.04623964571713,0.04623964571712991
flow_npe,1000,31622,N=n^(3/2),27,xi,posterior_samples.pkl,10000,-0.14910437161922455,-0.04910437161922454
flow_npe,1000,31622,N=n^(3/2),28,lambda,posterior_samples.pkl,10000,99.93175839004516,-0.06824160995483908
flow_npe,1000,31622,N=n^(3/2),28,sigma,posterior_samples.pkl,10000,2.0178533404290677,0.01785334042906772
flow_npe,1000,31622,N=n^(3/2),28,xi,posterior_samples.pkl,10000,-0.12869829281568526,-0.028698292815685256
flow_npe,1000,31622,N=n^(3/2),29,lambda,posterior_samples.pkl,10000,99.97890653648376,-0.02109346351623742
flow_npe,1000,31622,N=n^(3/2),29,sigma,posterior_samples.pkl,10000,2.00253177168984,0.002531771689839868
flow_npe,1000,31622,N=n^(3/2),29,xi,posterior_samples.pkl,10000,-0.11988803017139435,-0.019888030171394344
flow_npe,1000,31622,N=n^(3/2),30,lambda,posterior_samples.pkl,10000,100.55132801017761,0.5513280101776132
flow_npe,1000,31622,N=n^(3/2),30,sigma,posterior_samples.pkl,10000,2.094068490084354,0.09406849008435403
flow_npe,1000,31622,N=n^(3/2),30,xi,posterior_samples.pkl,10000,-0.13975839871168136,-0.03975839871168135
flow_npe,1000,31622,N=n^(3/2),31,lambda,posterior_samples.pkl,10000,99.87392022476196,-0.12607977523803982
flow_npe,1000,31622,N=n^(3/2),31,sigma,posterior_samples.pkl,10000,2.012233193192445,0.012233193192444869
flow_npe,1000,31622,N=n^(3/2),31,xi,posterior_samples.pkl,10000,-0.12575177028179169,-0.02575177028179168
flow_npe,1000,31622,N=n^(3/2),32,lambda,posterior_samples.pkl,10000,100.37156602821351,0.3715660282135076
flow_npe,1000,31622,N=n^(3/2),32,sigma,posterior_samples.pkl,10000,2.0077369985342024,0.0077369985342023995
flow_npe,1000,31622,N=n^(3/2),32,xi,posterior_samples.pkl,10000,-0.13253730354309082,-0.03253730354309081
flow_npe,1000,31622,N=n^(3/2),33,lambda,posterior_samples.pkl,10000,99.86024029884338,-0.1397597011566205
flow_npe,1000,31622,N=n^(3/2),33,sigma,posterior_samples.pkl,10000,2.076219034317136,0.07621903431713584
flow_npe,1000,31622,N=n^(3/2),33,xi,posterior_samples.pkl,10000,-0.16684146616458892,-0.06684146616458891
flow_npe,1000,31622,N=n^(3/2),34,lambda,posterior_samples.pkl,10000,100.50081344528198,0.5008134452819775
flow_npe,1000,31622,N=n^(3/2),34,sigma,posterior_samples.pkl,10000,2.0721310947829856,0.07213109478298563
flow_npe,1000,31622,N=n^(3/2),34,xi,posterior_samples.pkl,10000,-0.13443726061582564,-0.03443726061582564
flow_npe,1000,31622,N=n^(3/2),35,lambda,posterior_samples.pkl,10000,100.7447984375,0.7447984374999947
flow_npe,1000,31622,N=n^(3/2),35,sigma,posterior_samples.pkl,10000,1.9078754492597654,-0.09212455074023462
flow_npe,1000,31622,N=n^(3/2),35,xi,posterior_samples.pkl,10000,-0.08052708739042282,0.01947291260957719
flow_npe,1000,31622,N=n^(3/2),36,lambda,posterior_samples.pkl,10000,100.7182299533844,0.7182299533843945
flow_npe,1000,31622,N=n^(3/2),36,sigma,posterior_samples.pkl,10000,2.079277056794241,0.07927705679424113
flow_npe,1000,31622,N=n^(3/2),36,xi,posterior_samples.pkl,10000,-0.15472052567005157,-0.05472052567005156
flow_npe,1000,31622,N=n^(3/2),37,lambda,posterior_samples.pkl,10000,99.92644177627564,-0.07355822372436194
flow_npe,1000,31622,N=n^(3/2),37,sigma,posterior_samples.pkl,10000,2.1145811412436886,0.11458114124368857
flow_npe,1000,31622,N=n^(3/2),37,xi,posterior_samples.pkl,10000,-0.16140934628248216,-0.06140934628248215
flow_npe,1000,31622,N=n^(3/2),38,lambda,posterior_samples.pkl,10000,99.94464482955932,-0.05535517044067717
flow_npe,1000,31622,N=n^(3/2),38,sigma,posterior_samples.pkl,10000,2.083825304322317,0.08382530432231716
flow_npe,1000,31622,N=n^(3/2),38,xi,posterior_samples.pkl,10000,-0.16640123311281205,-0.06640123311281204
flow_npe,1000,31622,N=n^(3/2),39,lambda,posterior_samples.pkl,10000,100.31737339401245,0.31737339401244924
flow_npe,1000,31622,N=n^(3/2),39,sigma,posterior_samples.pkl,10000,1.9900986478447915,-0.009901352155208487
flow_npe,1000,31622,N=n^(3/2),39,xi,posterior_samples.pkl,10000,-0.1012972649693489,-0.0012972649693488991
flow_npe,1000,31622,N=n^(3/2),40,lambda,posterior_samples.pkl,10000,99.85891974143982,-0.14108025856018003
flow_npe,1000,31622,N=n^(3/2),40,sigma,posterior_samples.pkl,10000,1.9630220011335797,-0.03697799886642028
flow_npe,1000,31622,N=n^(3/2),40,xi,posterior_samples.pkl,10000,-0.0969512912273407,0.0030487087726593087
flow_npe,1000,31622,N=n^(3/2),41,lambda,posterior_samples.pkl,10000,100.04630589065552,0.0463058906555176
flow_npe,1000,31622,N=n^(3/2),41,sigma,posterior_samples.pkl,10000,2.086950743283331,0.08695074328333119
flow_npe,1000,31622,N=n^(3/2),41,xi,posterior_samples.pkl,10000,-0.21068366686105727,-0.11068366686105727
flow_npe,1000,31622,N=n^(3/2),42,lambda,posterior_samples.pkl,10000,100.36780021324158,0.36780021324157985
flow_npe,1000,31622,N=n^(3/2),42,sigma,posterior_samples.pkl,10000,2.262552028132789,0.2625520281327889
flow_npe,1000,31622,N=n^(3/2),42,xi,posterior_samples.pkl,10000,-0.24995166767835617,-0.14995166767835616
flow_npe,1000,31622,N=n^(3/2),43,lambda,posterior_samples.pkl,10000,99.64639040603637,-0.35360959396362546
flow_npe,1000,31622,N=n^(3/2),43,sigma,posterior_samples.pkl,10000,2.0022440745418892,0.0022440745418892405
flow_npe,1000,31622,N=n^(3/2),43,xi,posterior_samples.pkl,10000,-0.10807719566822052,-0.008077195668220516
flow_npe,1000,31622,N=n^(3/2),44,lambda,posterior_samples.pkl,10000,100.09739373817443,0.09739373817443209
flow_npe,1000,31622,N=n^(3/2),44,sigma,posterior_samples.pkl,10000,2.0828251384937206,0.08282513849372064
flow_npe,1000,31622,N=n^(3/2),44,xi,posterior_samples.pkl,10000,-0.1243869571685791,-0.024386957168579096
flow_npe,1000,31622,N=n^(3/2),45,lambda,posterior_samples.pkl,10000,100.24879211730958,0.24879211730957707
flow_npe,1000,31622,N=n^(3/2),45,sigma,posterior_samples.pkl,10000,1.9379346727859228,-0.062065327214077204
flow_npe,1000,31622,N=n^(3/2),45,xi,posterior_samples.pkl,10000,-0.08150929770469666,0.01849070229530335
flow_npe,1000,31622,N=n^(3/2),46,lambda,posterior_samples.pkl,10000,100.19292180099487,0.192921800994867
flow_npe,1000,31622,N=n^(3/2),46,sigma,posterior_samples.pkl,10000,2.0438171359084545,0.043817135908454485
flow_npe,1000,31622,N=n^(3/2),46,xi,posterior_samples.pkl,10000,-0.14665365445613862,-0.046653654456138616
flow_npe,1000,31622,N=n^(3/2),47,lambda,posterior_samples.pkl,10000,99.83149689331054,-0.16850310668945667
flow_npe,1000,31622,N=n^(3/2),47,sigma,posterior_samples.pkl,10000,2.0243583274787293,0.024358327478729347
flow_npe,1000,31622,N=n^(3/2),47,xi,posterior_samples.pkl,10000,-0.09515638253688813,0.004843617463111877
flow_npe,1000,31622,N=n^(3/2),48,lambda,posterior_samples.pkl,10000,99.95811656074524,-0.0418834392547609
flow_npe,1000,31622,N=n^(3/2),48,sigma,posterior_samples.pkl,10000,2.0024339433118703,0.0024339433118703013
flow_npe,1000,31622,N=n^(3/2),48,xi,posterior_samples.pkl,10000,-0.13403764859437942,-0.03403764859437941
flow_npe,1000,31622,N=n^(3/2),49,lambda,posterior_samples.pkl,10000,100.15683952445984,0.15683952445984062
flow_npe,1000,31622,N=n^(3/2),49,sigma,posterior_samples.pkl,10000,1.999396672336757,-0.0006033276632428919
flow_npe,1000,31622,N=n^(3/2),49,xi,posterior_samples.pkl,10000,-0.12094302458763123,-0.020943024587631226
flow_npe,1000,31622,N=n^(3/2),50,lambda,posterior_samples.pkl,10000,99.69802877349854,-0.3019712265014647
flow_npe,1000,31622,N=n^(3/2),50,sigma,posterior_samples.pkl,10000,1.9238356419621034,-0.07616435803789656
flow_npe,1000,31622,N=n^(3/2),50,xi,posterior_samples.pkl,10000,-0.08404737594127655,0.015952624058723455
flow_npe,1000,31622,N=n^(3/2),51,lambda,posterior_samples.pkl,10000,99.96782994918823,-0.03217005081177149
flow_npe,1000,31622,N=n^(3/2),51,sigma,posterior_samples.pkl,10000,1.945130847056955,-0.05486915294304495
flow_npe,1000,31622,N=n^(3/2),51,xi,posterior_samples.pkl,10000,-0.107121584546566,-0.007121584546566001
flow_npe,1000,31622,N=n^(3/2),52,lambda,posterior_samples.pkl,10000,99.99960178527832,-0.0003982147216845533
flow_npe,1000,31622,N=n^(3/2),52,sigma,posterior_samples.pkl,10000,2.1043300621917473,0.10433006219174734
flow_npe,1000,31622,N=n^(3/2),52,xi,posterior_samples.pkl,10000,-0.16922594426870347,-0.06922594426870346
flow_npe,1000,31622,N=n^(3/2),53,lambda,posterior_samples.pkl,10000,99.70741655845642,-0.2925834415435844
flow_npe,1000,31622,N=n^(3/2),53,sigma,posterior_samples.pkl,10000,1.9568282916958444,-0.04317170830415562
flow_npe,1000,31622,N=n^(3/2),53,xi,posterior_samples.pkl,10000,-0.09524931868314743,0.0047506813168525786
flow_npe,1000,31622,N=n^(3/2),54,lambda,posterior_samples.pkl,10000,100.02747692947388,0.027476929473877476
flow_npe,1000,31622,N=n^(3/2),54,sigma,posterior_samples.pkl,10000,2.012879683032073,0.012879683032072986
flow_npe,1000,31622,N=n^(3/2),54,xi,posterior_samples.pkl,10000,-0.12217786657810212,-0.022177866578102112
flow_npe,1000,31622,N=n^(3/2),55,lambda,posterior_samples.pkl,10000,100.31723087615967,0.3172308761596696
flow_npe,1000,31622,N=n^(3/2),55,sigma,posterior_samples.pkl,10000,2.717034591662325,0.7170345916623249
flow_npe,1000,31622,N=n^(3/2),55,xi,posterior_samples.pkl,10000,-0.7510093214988709,-0.6510093214988709
flow_npe,1000,31622,N=n^(3/2),56,lambda,posterior_samples.pkl,10000,99.64675752525329,-0.35324247474670756
flow_npe,1000,31622,N=n^(3/2),56,sigma,posterior_samples.pkl,10000,2.029020063006878,0.029020063006877983
flow_npe,1000,31622,N=n^(3/2),56,xi,posterior_samples.pkl,10000,-0.1089279032945633,-0.008927903294563291
flow_npe,1000,31622,N=n^(3/2),57,lambda,posterior_samples.pkl,10000,99.94189603462219,-0.058103965377810596
flow_npe,1000,31622,N=n^(3/2),57,sigma,posterior_samples.pkl,10000,2.161694890101999,0.161694890101999
flow_npe,1000,31622,N=n^(3/2),57,xi,posterior_samples.pkl,10000,-0.2634610035777092,-0.16346100357770918
flow_npe,1000,31622,N=n^(3/2),58,lambda,posterior_samples.pkl,10000,100.16594571914673,0.16594571914673395
flow_npe,1000,31622,N=n^(3/2),58,sigma,posterior_samples.pkl,10000,2.0168282648231832,0.016828264823183225
flow_npe,1000,31622,N=n^(3/2),58,xi,posterior_samples.pkl,10000,-0.09249521284103393,0.007504787158966075
flow_npe,1000,31622,N=n^(3/2),59,lambda,posterior_samples.pkl,10000,100.53527267150879,0.5352726715087925
flow_npe,1000,31622,N=n^(3/2),59,sigma,posterior_samples.pkl,10000,1.9633421516776084,-0.036657848322391606
flow_npe,1000,31622,N=n^(3/2),59,xi,posterior_samples.pkl,10000,-0.14216385072469712,-0.04216385072469711
flow_npe,1000,31622,N=n^(3/2),60,lambda,posterior_samples.pkl,10000,99.70282123336791,-0.2971787666320864
flow_npe,1000,31622,N=n^(3/2),60,sigma,posterior_samples.pkl,10000,2.1675123703636228,0.16751237036362276
flow_npe,1000,31622,N=n^(3/2),60,xi,posterior_samples.pkl,10000,-0.1711117226243019,-0.0711117226243019
flow_npe,1000,31622,N=n^(3/2),61,lambda,posterior_samples.pkl,10000,100.41062268619537,0.41062268619536724
flow_npe,1000,31622,N=n^(3/2),61,sigma,posterior_samples.pkl,10000,2.698970795405656,0.6989707954056561
flow_npe,1000,31622,N=n^(3/2),61,xi,posterior_samples.pkl,10000,-0.5140021328091622,-0.4140021328091622
flow_npe,1000,31622,N=n^(3/2),62,lambda,posterior_samples.pkl,10000,100.42291916618348,0.42291916618347614
flow_npe,1000,31622,N=n^(3/2),62,sigma,posterior_samples.pkl,10000,1.995867000589054,-0.0041329994109460255
flow_npe,1000,31622,N=n^(3/2),62,xi,posterior_samples.pkl,10000,-0.10872553281784057,-0.008725532817840567
flow_npe,1000,31622,N=n^(3/2),63,lambda,posterior_samples.pkl,10000,100.28012911338806,0.2801291133880568
flow_npe,1000,31622,N=n^(3/2),63,sigma,posterior_samples.pkl,10000,2.6833622398339214,0.6833622398339214
flow_npe,1000,31622,N=n^(3/2),63,xi,posterior_samples.pkl,10000,-0.5651812167406082,-0.4651812167406082
flow_npe,1000,31622,N=n^(3/2),65,lambda,posterior_samples.pkl,10000,99.88888258857727,-0.11111741142272535
flow_npe,1000,31622,N=n^(3/2),65,sigma,posterior_samples.pkl,10000,1.9390250180594624,-0.06097498194053763
flow_npe,1000,31622,N=n^(3/2),65,xi,posterior_samples.pkl,10000,-0.07946031796932221,0.020539682030677797
flow_npe,1000,31622,N=n^(3/2),66,lambda,posterior_samples.pkl,10000,99.96445901947021,-0.03554098052978816
flow_npe,1000,31622,N=n^(3/2),66,sigma,posterior_samples.pkl,10000,2.130589303224534,0.130589303224534
flow_npe,1000,31622,N=n^(3/2),66,xi,posterior_samples.pkl,10000,-0.14626984589099884,-0.046269845890998834
flow_npe,1000,31622,N=n^(3/2),67,lambda,posterior_samples.pkl,10000,99.96035347824096,-0.03964652175903893
flow_npe,1000,31622,N=n^(3/2),67,sigma,posterior_samples.pkl,10000,1.9653300392597914,-0.03466996074020856
flow_npe,1000,31622,N=n^(3/2),67,xi,posterior_samples.pkl,10000,-0.13650583894252777,-0.03650583894252776
flow_npe,1000,31622,N=n^(3/2),68,lambda,posterior_samples.pkl,10000,99.80275070228576,-0.1972492977142366
flow_npe,1000,31622,N=n^(3/2),68,sigma,posterior_samples.pkl,10000,1.9937916959224269,-0.006208304077573112
flow_npe,1000,31622,N=n^(3/2),68,xi,posterior_samples.pkl,10000,-0.12064608943462372,-0.02064608943462372
flow_npe,1000,31622,N=n^(3/2),69,lambda,posterior_samples.pkl,10000,99.92420770111084,-0.07579229888915506
flow_npe,1000,31622,N=n^(3/2),69,sigma,posterior_samples.pkl,10000,2.1008018017053605,0.10080180170536046
flow_npe,1000,31622,N=n^(3/2),69,xi,posterior_samples.pkl,10000,-0.14250953171253206,-0.04250953171253205
flow_npe,1000,31622,N=n^(3/2),70,lambda,posterior_samples.pkl,10000,99.88937283477783,-0.11062716522216931
flow_npe,1000,31622,N=n^(3/2),70,sigma,posterior_samples.pkl,10000,2.05528473624445,0.05528473624445018
flow_npe,1000,31622,N=n^(3/2),70,xi,posterior_samples.pkl,10000,-0.13021273810863496,-0.03021273810863495
flow_npe,1000,31622,N=n^(3/2),71,lambda,posterior_samples.pkl,10000,100.23003135986328,0.2300313598632755
flow_npe,1000,31622,N=n^(3/2),71,sigma,posterior_samples.pkl,10000,1.9892442672751844,-0.010755732724815559
flow_npe,1000,31622,N=n^(3/2),71,xi,posterior_samples.pkl,10000,-0.110223659491539,-0.010223659491539
flow_npe,1000,31622,N=n^(3/2),72,lambda,posterior_samples.pkl,10000,100.01434045944214,0.014340459442138354
flow_npe,1000,31622,N=n^(3/2),72,sigma,posterior_samples.pkl,10000,2.075197917549685,0.07519791754968486
flow_npe,1000,31622,N=n^(3/2),72,xi,posterior_samples.pkl,10000,-0.11489514329433441,-0.014895143294334404
flow_npe,1000,31622,N=n^(3/2),73,lambda,posterior_samples.pkl,10000,99.75054025421143,-0.24945974578857033
flow_npe,1000,31622,N=n^(3/2),73,sigma,posterior_samples.pkl,10000,1.9759942046343348,-0.02400579536566516
flow_npe,1000,31622,N=n^(3/2),73,xi,posterior_samples.pkl,10000,-0.14449456355571746,-0.04449456355571746
flow_npe,1000,31622,N=n^(3/2),74,lambda,posterior_samples.pkl,10000,100.2209686656952,0.2209686656951959
flow_npe,1000,31622,N=n^(3/2),74,sigma,posterior_samples.pkl,10000,1.9656184808976949,-0.034381519102305136
flow_npe,1000,31622,N=n^(3/2),74,xi,posterior_samples.pkl,10000,-0.11016592677831649,-0.010165926778316486
flow_npe,1000,31622,N=n^(3/2),75,lambda,posterior_samples.pkl,10000,99.60237815093994,-0.3976218490600587
flow_npe,1000,31622,N=n^(3/2),75,sigma,posterior_samples.pkl,10000,2.048356800493598,0.04835680049359814
flow_npe,1000,31622,N=n^(3/2),75,xi,posterior_samples.pkl,10000,-0.13906867978572846,-0.03906867978572845
flow_npe,1000,31622,N=n^(3/2),76,lambda,posterior_samples.pkl,10000,100.88621583042145,0.8862158304214489
flow_npe,1000,31622,N=n^(3/2),76,sigma,posterior_samples.pkl,10000,1.9521385384766385,-0.04786146152336146
flow_npe,1000,31622,N=n^(3/2),76,xi,posterior_samples.pkl,10000,-0.11834249670505524,-0.018342496705055236
flow_npe,1000,31622,N=n^(3/2),77,lambda,posterior_samples.pkl,10000,100.10168553676606,0.1016855367660554
flow_npe,1000,31622,N=n^(3/2),77,sigma,posterior_samples.pkl,10000,1.873498346254602,-0.126501653745398
flow_npe,1000,31622,N=n^(3/2),77,xi,posterior_samples.pkl,10000,-0.07638806539773942,0.02361193460226059
flow_npe,1000,31622,N=n^(3/2),78,lambda,posterior_samples.pkl,10000,100.27505327835082,0.2750532783508248
flow_npe,1000,31622,N=n^(3/2),78,sigma,posterior_samples.pkl,10000,2.201958822925389,0.20195882292538903
flow_npe,1000,31622,N=n^(3/2),78,xi,posterior_samples.pkl,10000,-0.17982414261102678,-0.07982414261102677
flow_npe,1000,31622,N=n^(3/2),79,lambda,posterior_samples.pkl,10000,99.9165499502182,-0.0834500497818027
flow_npe,1000,31622,N=n^(3/2),79,sigma,posterior_samples.pkl,10000,2.009879798734747,0.00987979873474698
flow_npe,1000,31622,N=n^(3/2),79,xi,posterior_samples.pkl,10000,-0.11713672508001327,-0.017136725080013265
flow_npe,1000,31622,N=n^(3/2),80,lambda,posterior_samples.pkl,10000,100.12112445945739,0.12112445945739125
flow_npe,1000,31622,N=n^(3/2),80,sigma,posterior_samples.pkl,10000,2.024627077138424,0.024627077138423825
flow_npe,1000,31622,N=n^(3/2),80,xi,posterior_samples.pkl,10000,-0.15254698014259338,-0.052546980142593375
flow_npe,1000,31622,N=n^(3/2),81,lambda,posterior_samples.pkl,10000,100.00443420791626,0.004434207916261812
flow_npe,1000,31622,N=n^(3/2),81,sigma,posterior_samples.pkl,10000,2.00913866318129,0.009138663181289974
flow_npe,1000,31622,N=n^(3/2),81,xi,posterior_samples.pkl,10000,-0.102020512342453,-0.0020205123424529986
flow_npe,1000,31622,N=n^(3/2),82,lambda,posterior_samples.pkl,10000,100.351811479187,0.35181147918700617
flow_npe,1000,31622,N=n^(3/2),82,sigma,posterior_samples.pkl,10000,2.018812839537207,0.018812839537206916
flow_npe,1000,31622,N=n^(3/2),82,xi,posterior_samples.pkl,10000,-0.12776871943473816,-0.02776871943473816
flow_npe,1000,31622,N=n^(3/2),83,lambda,posterior_samples.pkl,10000,99.66714458694457,-0.33285541305542665
flow_npe,1000,31622,N=n^(3/2),83,sigma,posterior_samples.pkl,10000,1.9350401502292602,-0.06495984977073976
flow_npe,1000,31622,N=n^(3/2),83,xi,posterior_samples.pkl,10000,-0.11830540380477905,-0.018305403804779047
flow_npe,1000,31622,N=n^(3/2),84,lambda,posterior_samples.pkl,10000,100.57223221664428,0.5722322166442808
flow_npe,1000,31622,N=n^(3/2),84,sigma,posterior_samples.pkl,10000,2.064760866320133,0.06476086632013311
flow_npe,1000,31622,N=n^(3/2),84,xi,posterior_samples.pkl,10000,-0.13265325994491578,-0.032653259944915775
flow_npe,1000,31622,N=n^(3/2),85,lambda,posterior_samples.pkl,10000,99.88908886184693,-0.11091113815307097
flow_npe,1000,31622,N=n^(3/2),85,sigma,posterior_samples.pkl,10000,2.066724312490225,0.06672431249022504
flow_npe,1000,31622,N=n^(3/2),85,xi,posterior_samples.pkl,10000,-0.15632931275367737,-0.05632931275367736
flow_npe,1000,31622,N=n^(3/2),86,lambda,posterior_samples.pkl,10000,100.47720441513061,0.47720441513061473
flow_npe,1000,31622,N=n^(3/2),86,sigma,posterior_samples.pkl,10000,1.9578006445704959,-0.04219935542950415
flow_npe,1000,31622,N=n^(3/2),86,xi,posterior_samples.pkl,10000,-0.10191335725784302,-0.0019133572578430152
flow_npe,1000,31622,N=n^(3/2),87,lambda,posterior_samples.pkl,10000,100.22868782272339,0.22868782272338706
flow_npe,1000,31622,N=n^(3/2),87,sigma,posterior_samples.pkl,10000,2.0383187218047913,0.038318721804791345
flow_npe,1000,31622,N=n^(3/2),87,xi,posterior_samples.pkl,10000,-0.12234128884077072,-0.022341288840770718
flow_npe,1000,31622,N=n^(3/2),88,lambda,posterior_samples.pkl,10000,100.47637970046998,0.4763797004699768
flow_npe,1000,31622,N=n^(3/2),88,sigma,posterior_samples.pkl,10000,1.9979117536717095,-0.0020882463282905217
flow_npe,1000,31622,N=n^(3/2),88,xi,posterior_samples.pkl,10000,-0.09826410615444184,0.0017358938455581674
flow_npe,1000,31622,N=n^(3/2),89,lambda,posterior_samples.pkl,10000,100.14984418487549,0.14984418487549078
flow_npe,1000,31622,N=n^(3/2),89,sigma,posterior_samples.pkl,10000,1.9888916273229755,-0.01110837267702447
flow_npe,1000,31622,N=n^(3/2),89,xi,posterior_samples.pkl,10000,-0.09208382456302643,0.00791617543697358
flow_npe,1000,31622,N=n^(3/2),90,lambda,posterior_samples.pkl,10000,99.9864851020813,-0.013514897918696533
flow_npe,1000,31622,N=n^(3/2),90,sigma,posterior_samples.pkl,10000,2.0495990225560963,0.04959902255609627
flow_npe,1000,31622,N=n^(3/2),90,xi,posterior_samples.pkl,10000,-0.11468844892978668,-0.014688448929786671
flow_npe,1000,31622,N=n^(3/2),91,lambda,posterior_samples.pkl,10000,100.13011240692138,0.13011240692138415
flow_npe,1000,31622,N=n^(3/2),91,sigma,posterior_samples.pkl,10000,2.3115177834384144,0.3115177834384144
flow_npe,1000,31622,N=n^(3/2),91,xi,posterior_samples.pkl,10000,-0.2830607980489731,-0.1830607980489731
flow_npe,1000,31622,N=n^(3/2),92,lambda,posterior_samples.pkl,10000,99.94750065917968,-0.05249934082031871
flow_npe,1000,31622,N=n^(3/2),92,sigma,posterior_samples.pkl,10000,1.9873948763957248,-0.012605123604275237
flow_npe,1000,31622,N=n^(3/2),92,xi,posterior_samples.pkl,10000,-0.098544162607193,0.0014558373928070106
flow_npe,1000,31622,N=n^(3/2),93,lambda,posterior_samples.pkl,10000,99.82700690460204,-0.17299309539795615
flow_npe,1000,31622,N=n^(3/2),93,sigma,posterior_samples.pkl,10000,2.1458377553731203,0.14583775537312027
flow_npe,1000,31622,N=n^(3/2),93,xi,posterior_samples.pkl,10000,-0.22533313648700715,-0.12533313648700714
flow_npe,1000,31622,N=n^(3/2),94,lambda,posterior_samples.pkl,10000,100.36172183151245,0.36172183151245463
flow_npe,1000,31622,N=n^(3/2),94,sigma,posterior_samples.pkl,10000,2.0464088937699794,0.046408893769979365
flow_npe,1000,31622,N=n^(3/2),94,xi,posterior_samples.pkl,10000,-0.11731222302913666,-0.017312223029136653
flow_npe,1000,31622,N=n^(3/2),95,lambda,posterior_samples.pkl,10000,100.10699132766723,0.10699132766723096
flow_npe,1000,31622,N=n^(3/2),95,sigma,posterior_samples.pkl,10000,2.0017219949245453,0.0017219949245452781
flow_npe,1000,31622,N=n^(3/2),95,xi,posterior_samples.pkl,10000,-0.17549602991342544,-0.07549602991342544
flow_npe,1000,31622,N=n^(3/2),96,lambda,posterior_samples.pkl,10000,100.82042972564697,0.8204297256469744
flow_npe,1000,31622,N=n^(3/2),96,sigma,posterior_samples.pkl,10000,2.0527616785117426,0.05276167851174263
flow_npe,1000,31622,N=n^(3/2),96,xi,posterior_samples.pkl,10000,-0.15444493160247802,-0.054444931602478014
flow_npe,1000,31622,N=n^(3/2),97,lambda,posterior_samples.pkl,10000,99.56967787475585,-0.43032212524414604
flow_npe,1000,31622,N=n^(3/2),97,sigma,posterior_samples.pkl,10000,2.291263269469887,0.2912632694698871
flow_npe,1000,31622,N=n^(3/2),97,xi,posterior_samples.pkl,10000,-0.354472324860096,-0.25447232486009597
flow_npe,1000,31622,N=n^(3/2),98,lambda,posterior_samples.pkl,10000,100.38196800460815,0.3819680046081544
flow_npe,1000,31622,N=n^(3/2),98,sigma,posterior_samples.pkl,10000,2.100166695770668,0.10016669577066795
flow_npe,1000,31622,N=n^(3/2),98,xi,posterior_samples.pkl,10000,-0.14380846606492997,-0.04380846606492997
flow_npe,1000,31622,N=n^(3/2),99,lambda,posterior_samples.pkl,10000,100.2577119430542,0.2577119430542041
flow_npe,1000,31622,N=n^(3/2),99,sigma,posterior_samples.pkl,10000,2.0029657833786683,0.002965783378668263
flow_npe,1000,31622,N=n^(3/2),99,xi,posterior_samples.pkl,10000,-0.11439048130512237,-0.014390481305122368
flow_npe,1000,31622,N=n^(3/2),100,lambda,posterior_samples.pkl,10000,100.05117421722412,0.05117421722411564
flow_npe,1000,31622,N=n^(3/2),100,sigma,posterior_samples.pkl,10000,2.070829468241334,0.07082946824133396
flow_npe,1000,31622,N=n^(3/2),100,xi,posterior_samples.pkl,10000,-0.12442102723121642,-0.02442102723121642
flow_npe,1000,1000000,N=n^2,1,lambda,posterior_samples.pkl,10000,100.02416505889893,0.02416505889893017
flow_npe,1000,1000000,N=n^2,1,sigma,posterior_samples.pkl,10000,2.0211267278552056,0.02112672785520564
flow_npe,1000,1000000,N=n^2,1,xi,posterior_samples.pkl,10000,-0.10843010714054108,-0.008430107140541071
flow_npe,1000,1000000,N=n^2,2,lambda,posterior_samples.pkl,10000,99.68678589935303,-0.31321410064697375
flow_npe,1000,1000000,N=n^2,2,sigma,posterior_samples.pkl,10000,2.0057188363194465,0.005718836319446474
flow_npe,1000,1000000,N=n^2,2,xi,posterior_samples.pkl,10000,-0.09722611656188965,0.0027738834381103583
flow_npe,1000,1000000,N=n^2,3,lambda,posterior_samples.pkl,10000,99.88266490631104,-0.11733509368896478
flow_npe,1000,1000000,N=n^2,3,sigma,posterior_samples.pkl,10000,1.9443100425958633,-0.055689957404136736
flow_npe,1000,1000000,N=n^2,3,xi,posterior_samples.pkl,10000,-0.08848969728946686,0.011510302710533146
flow_npe,1000,1000000,N=n^2,4,lambda,posterior_samples.pkl,10000,100.60737262115478,0.6073726211547807
flow_npe,1000,1000000,N=n^2,4,sigma,posterior_samples.pkl,10000,2.0164137721986974,0.01641377219869744
flow_npe,1000,1000000,N=n^2,4,xi,posterior_samples.pkl,10000,-0.1043279629945755,-0.004327962994575496
flow_npe,1000,1000000,N=n^2,5,lambda,posterior_samples.pkl,10000,99.92718436279297,-0.07281563720702877
flow_npe,1000,1000000,N=n^2,5,sigma,posterior_samples.pkl,10000,2.013924348712829,0.013924348712829104
flow_npe,1000,1000000,N=n^2,5,xi,posterior_samples.pkl,10000,-0.10370671653747558,-0.0037067165374755767
flow_npe,1000,1000000,N=n^2,6,lambda,posterior_samples.pkl,10000,99.79667399291992,-0.2033260070800793
flow_npe,1000,1000000,N=n^2,6,sigma,posterior_samples.pkl,10000,1.9956777371883392,-0.004322262811660815
flow_npe,1000,1000000,N=n^2,6,xi,posterior_samples.pkl,10000,-0.09886907920837402,0.0011309207916259806
flow_npe,1000,1000000,N=n^2,7,lambda,posterior_samples.pkl,10000,100.80041749038696,0.8004174903869625
flow_npe,1000,1000000,N=n^2,7,sigma,posterior_samples.pkl,10000,2.009183842587471,0.00918384258747107
flow_npe,1000,1000000,N=n^2,7,xi,posterior_samples.pkl,10000,-0.10233140819072724,-0.0023314081907272327
flow_npe,1000,1000000,N=n^2,8,lambda,posterior_samples.pkl,10000,99.55358053894042,-0.44641946105957686
flow_npe,1000,1000000,N=n^2,8,sigma,posterior_samples.pkl,10000,2.0125011039495466,0.012501103949546621
flow_npe,1000,1000000,N=n^2,8,xi,posterior_samples.pkl,10000,-0.10349168375730515,-0.0034916837573051446
flow_npe,1000,1000000,N=n^2,9,lambda,posterior_samples.pkl,10000,99.33752800178527,-0.6624719982147269
flow_npe,1000,1000000,N=n^2,9,sigma,posterior_samples.pkl,10000,1.9871356675333343,-0.01286433246666574
flow_npe,1000,1000000,N=n^2,9,xi,posterior_samples.pkl,10000,-0.10192079339027404,-0.0019207933902740393
flow_npe,1000,1000000,N=n^2,10,lambda,posterior_samples.pkl,10000,100.73259053497314,0.7325905349731414
flow_npe,1000,1000000,N=n^2,10,sigma,posterior_samples.pkl,10000,1.9776602502822875,-0.022339749717712465
flow_npe,1000,1000000,N=n^2,10,xi,posterior_samples.pkl,10000,-0.09265186848640442,0.0073481315135955905
flow_npe,1000,1000000,N=n^2,12,lambda,posterior_samples.pkl,10000,99.7890762741089,-0.21092372589110653
flow_npe,1000,1000000,N=n^2,12,sigma,posterior_samples.pkl,10000,2.020088425683975,0.020088425683975064
flow_npe,1000,1000000,N=n^2,12,xi,posterior_samples.pkl,10000,-0.1049215684890747,-0.004921568489074699
flow_npe,1000,1000000,N=n^2,14,lambda,posterior_samples.pkl,10000,99.99948851470947,-0.0005114852905307998
flow_npe,1000,1000000,N=n^2,14,sigma,posterior_samples.pkl,10000,1.986769374159351,-0.013230625840648935
flow_npe,1000,1000000,N=n^2,14,xi,posterior_samples.pkl,10000,-0.1069538693189621,-0.006953869318962094
flow_npe,1000,1000000,N=n^2,16,lambda,posterior_samples.pkl,10000,100.20989221668243,0.20989221668243374
flow_npe,1000,1000000,N=n^2,16,sigma,posterior_samples.pkl,10000,1.9927881649971009,-0.007211835002899125
flow_npe,1000,1000000,N=n^2,16,xi,posterior_samples.pkl,10000,-0.10508795275688171,-0.005087952756881703
flow_npe,1000,1000000,N=n^2,17,lambda,posterior_samples.pkl,10000,100.39321056289673,0.3932105628967264
flow_npe,1000,1000000,N=n^2,17,sigma,posterior_samples.pkl,10000,1.9765423553616042,-0.023457644638395836
flow_npe,1000,1000000,N=n^2,17,xi,posterior_samples.pkl,10000,-0.0960100485086441,0.003989951491355906
flow_npe,1000,1000000,N=n^2,18,lambda,posterior_samples.pkl,10000,100.69356966781616,0.6935696678161634
flow_npe,1000,1000000,N=n^2,18,sigma,posterior_samples.pkl,10000,2.014693088686466,0.014693088686466016
flow_npe,1000,1000000,N=n^2,18,xi,posterior_samples.pkl,10000,-0.10508452432155609,-0.00508452432155608
flow_npe,1000,1000000,N=n^2,19,lambda,posterior_samples.pkl,10000,99.4840443786621,-0.5159556213378949
flow_npe,1000,1000000,N=n^2,19,sigma,posterior_samples.pkl,10000,1.988446019191295,-0.011553980808705067
flow_npe,1000,1000000,N=n^2,19,xi,posterior_samples.pkl,10000,-0.09517408521175384,0.004825914788246163
flow_npe,1000,1000000,N=n^2,20,lambda,posterior_samples.pkl,10000,100.51238090724945,0.512380907249451
flow_npe,1000,1000000,N=n^2,20,sigma,posterior_samples.pkl,10000,1.969150362700224,-0.030849637299775967
flow_npe,1000,1000000,N=n^2,20,xi,posterior_samples.pkl,10000,-0.09424183621406555,0.005758163785934453
flow_npe,1000,1000000,N=n^2,24,lambda,posterior_samples.pkl,10000,99.9469026895523,-0.053097310447697055
flow_npe,1000,1000000,N=n^2,24,sigma,posterior_samples.pkl,10000,2.0182509870767595,0.01825098707675954
flow_npe,1000,1000000,N=n^2,24,xi,posterior_samples.pkl,10000,-0.10421917204856873,-0.004219172048568726
flow_npe,1000,1000000,N=n^2,25,lambda,posterior_samples.pkl,10000,99.31555450515746,-0.6844454948425351
flow_npe,1000,1000000,N=n^2,25,sigma,posterior_samples.pkl,10000,2.011288752752572,0.011288752752571796
flow_npe,1000,1000000,N=n^2,25,xi,posterior_samples.pkl,10000,-0.10308061202764511,-0.003080612027645105
flow_npe,1000,1000000,N=n^2,28,lambda,posterior_samples.pkl,10000,99.78625771331787,-0.2137422866821339
flow_npe,1000,1000000,N=n^2,28,sigma,posterior_samples.pkl,10000,2.006736877334118,0.0067368773341178745
flow_npe,1000,1000000,N=n^2,28,xi,posterior_samples.pkl,10000,-0.10094831414222717,-0.0009483141422271663
flow_npe,1000,1000000,N=n^2,32,lambda,posterior_samples.pkl,10000,100.17717018909454,0.1771701890945394
flow_npe,1000,1000000,N=n^2,32,sigma,posterior_samples.pkl,10000,1.9936664388298988,-0.0063335611701011985
flow_npe,1000,1000000,N=n^2,32,xi,posterior_samples.pkl,10000,-0.10026251504421234,-0.00026251504421233307
flow_npe,1000,1000000,N=n^2,34,lambda,posterior_samples.pkl,10000,100.19998420734406,0.19998420734405897
flow_npe,1000,1000000,N=n^2,34,sigma,posterior_samples.pkl,10000,2.02599176517725,0.02599176517724988
flow_npe,1000,1000000,N=n^2,34,xi,posterior_samples.pkl,10000,-0.10168620295524597,-0.0016862029552459634
flow_npe,1000,1000000,N=n^2,36,lambda,posterior_samples.pkl,10000,100.73359556484222,0.7335955648422186
flow_npe,1000,1000000,N=n^2,36,sigma,posterior_samples.pkl,10000,2.0280047513902186,0.02800475139021863
flow_npe,1000,1000000,N=n^2,36,xi,posterior_samples.pkl,10000,-0.11147930455207825,-0.01147930455207824
flow_npe,1000,1000000,N=n^2,42,lambda,posterior_samples.pkl,10000,100.15766273574829,0.15766273574828915
flow_npe,1000,1000000,N=n^2,42,sigma,posterior_samples.pkl,10000,1.9925989465594292,-0.007401053440570848
flow_npe,1000,1000000,N=n^2,42,xi,posterior_samples.pkl,10000,-0.09483723673820496,0.005162763261795045
flow_npe,1000,1000000,N=n^2,43,lambda,posterior_samples.pkl,10000,99.13336858520508,-0.8666314147949237
flow_npe,1000,1000000,N=n^2,43,sigma,posterior_samples.pkl,10000,1.9907711941361428,-0.009228805863857215
flow_npe,1000,1000000,N=n^2,43,xi,posterior_samples.pkl,10000,-0.09504351428747178,0.0049564857125282274
flow_npe,1000,1000000,N=n^2,45,lambda,posterior_samples.pkl,10000,100.40884427337646,0.40884427337645945
flow_npe,1000,1000000,N=n^2,45,sigma,posterior_samples.pkl,10000,1.994027049469948,-0.00597295053005209
flow_npe,1000,1000000,N=n^2,45,xi,posterior_samples.pkl,10000,-0.1018734956741333,-0.0018734956741332937
flow_npe,1000,1000000,N=n^2,46,lambda,posterior_samples.pkl,10000,99.8887491897583,-0.11125081024169958
flow_npe,1000,1000000,N=n^2,46,sigma,posterior_samples.pkl,10000,2.009254425883293,0.00925442588329295
flow_npe,1000,1000000,N=n^2,46,xi,posterior_samples.pkl,10000,-0.09829204609394074,0.0017079539060592674
flow_npe,1000,1000000,N=n^2,50,lambda,posterior_samples.pkl,10000,100.11388551673889,0.11388551673888969
flow_npe,1000,1000000,N=n^2,50,sigma,posterior_samples.pkl,10000,1.9333776244044303,-0.06662237559556972
flow_npe,1000,1000000,N=n^2,50,xi,posterior_samples.pkl,10000,-0.09072978208065033,0.009270217919349677
flow_npe,1000,1000000,N=n^2,51,lambda,posterior_samples.pkl,10000,100.11933046131134,0.11933046131133551
flow_npe,1000,1000000,N=n^2,51,sigma,posterior_samples.pkl,10000,2.0005180850863455,0.0005180850863455433
flow_npe,1000,1000000,N=n^2,51,xi,posterior_samples.pkl,10000,-0.09958171632289886,0.00041828367710114445
flow_npe,1000,1000000,N=n^2,53,lambda,posterior_samples.pkl,10000,99.81027858257293,-0.18972141742706583
flow_npe,1000,1000000,N=n^2,53,sigma,posterior_samples.pkl,10000,1.9775088188052177,-0.022491181194782328
flow_npe,1000,1000000,N=n^2,53,xi,posterior_samples.pkl,10000,-0.0933981191277504,0.00660188087224961
flow_npe,1000,1000000,N=n^2,55,lambda,posterior_samples.pkl,10000,99.9776285812378,-0.022371418762205053
flow_npe,1000,1000000,N=n^2,55,sigma,posterior_samples.pkl,10000,2.022864361512661,0.022864361512660913
flow_npe,1000,1000000,N=n^2,55,xi,posterior_samples.pkl,10000,-0.10699981524944305,-0.006999815249443042
flow_npe,1000,1000000,N=n^2,57,lambda,posterior_samples.pkl,10000,99.64353426322937,-0.3564657367706303
flow_npe,1000,1000000,N=n^2,57,sigma,posterior_samples.pkl,10000,2.0072852086126804,0.007285208612680449
flow_npe,1000,1000000,N=n^2,57,xi,posterior_samples.pkl,10000,-0.10473189644813538,-0.004731896448135375
flow_npe,1000,1000000,N=n^2,59,lambda,posterior_samples.pkl,10000,100.5873003982544,0.5873003982543992
flow_npe,1000,1000000,N=n^2,59,sigma,posterior_samples.pkl,10000,1.9909211012244226,-0.009078898775577438
flow_npe,1000,1000000,N=n^2,59,xi,posterior_samples.pkl,10000,-0.09758805372714996,0.0024119462728500463
flow_npe,1000,1000000,N=n^2,60,lambda,posterior_samples.pkl,10000,99.77429522323608,-0.2257047767639193
flow_npe,1000,1000000,N=n^2,60,sigma,posterior_samples.pkl,10000,2.0259321700811386,0.025932170081138572
flow_npe,1000,1000000,N=n^2,60,xi,posterior_samples.pkl,10000,-0.1059525307893753,-0.005952530789375299
flow_npe,1000,1000000,N=n^2,61,lambda,posterior_samples.pkl,10000,100.4327267791748,0.43272677917479996
flow_npe,1000,1000000,N=n^2,61,sigma,posterior_samples.pkl,10000,2.0847472472906112,0.08474724729061123
flow_npe,1000,1000000,N=n^2,61,xi,posterior_samples.pkl,10000,-0.12429165601730346,-0.02429165601730346
flow_npe,1000,1000000,N=n^2,62,lambda,posterior_samples.pkl,10000,100.44808840560913,0.448088405609127
flow_npe,1000,1000000,N=n^2,62,sigma,posterior_samples.pkl,10000,1.9893637461662292,-0.010636253833770759
flow_npe,1000,1000000,N=n^2,62,xi,posterior_samples.pkl,10000,-0.09629400444030761,0.0037059955596923932
flow_npe,1000,1000000,N=n^2,63,lambda,posterior_samples.pkl,10000,100.36412445392608,0.36412445392608106
flow_npe,1000,1000000,N=n^2,63,sigma,posterior_samples.pkl,10000,2.011772595512867,0.011772595512867134
flow_npe,1000,1000000,N=n^2,63,xi,posterior_samples.pkl,10000,-0.10128610446453094,-0.0012861044645309377
flow_npe,1000,1000000,N=n^2,65,lambda,posterior_samples.pkl,10000,100.08666640033722,0.08666640033722217
flow_npe,1000,1000000,N=n^2,65,sigma,posterior_samples.pkl,10000,1.9767486738496955,-0.023251326150304452
flow_npe,1000,1000000,N=n^2,65,xi,posterior_samples.pkl,10000,-0.09125003683567047,0.008749963164329536
flow_npe,1000,1000000,N=n^2,70,lambda,posterior_samples.pkl,10000,100.27702044448853,0.27702044448852803
flow_npe,1000,1000000,N=n^2,70,sigma,posterior_samples.pkl,10000,2.015538885655836,0.015538885655836054
flow_npe,1000,1000000,N=n^2,70,xi,posterior_samples.pkl,10000,-0.10017627332210541,-0.00017627332210540247
flow_npe,1000,1000000,N=n^2,71,lambda,posterior_samples.pkl,10000,100.12852816925049,0.1285281692504867
flow_npe,1000,1000000,N=n^2,71,sigma,posterior_samples.pkl,10000,1.98367377807647,-0.01632622192353006
flow_npe,1000,1000000,N=n^2,71,xi,posterior_samples.pkl,10000,-0.09703215656280517,0.0029678434371948337
flow_npe,1000,1000000,N=n^2,72,lambda,posterior_samples.pkl,10000,100.1605537071228,0.16055370712280137
flow_npe,1000,1000000,N=n^2,72,sigma,posterior_samples.pkl,10000,2.0246176447252044,0.024617644725204446
flow_npe,1000,1000000,N=n^2,72,xi,posterior_samples.pkl,10000,-0.10539597983360291,-0.005395979833602904
flow_npe,1000,1000000,N=n^2,73,lambda,posterior_samples.pkl,10000,99.88864176712036,-0.11135823287963831
flow_npe,1000,1000000,N=n^2,73,sigma,posterior_samples.pkl,10000,1.9799097813844682,-0.02009021861553184
flow_npe,1000,1000000,N=n^2,73,xi,posterior_samples.pkl,10000,-0.09726948878765106,0.002730511212348949
flow_npe,1000,1000000,N=n^2,74,lambda,posterior_samples.pkl,10000,100.05453489227295,0.054534892272954494
flow_npe,1000,1000000,N=n^2,74,sigma,posterior_samples.pkl,10000,1.9974990867376328,-0.0025009132623672325
flow_npe,1000,1000000,N=n^2,74,xi,posterior_samples.pkl,10000,-0.10522744016647338,-0.005227440166473377
flow_npe,1000,1000000,N=n^2,75,lambda,posterior_samples.pkl,10000,99.86251277923584,-0.13748722076415731
flow_npe,1000,1000000,N=n^2,75,sigma,posterior_samples.pkl,10000,1.992281487619877,-0.00771851238012311
flow_npe,1000,1000000,N=n^2,75,xi,posterior_samples.pkl,10000,-0.10074391455650329,-0.0007439145565032862
flow_npe,1000,1000000,N=n^2,76,lambda,posterior_samples.pkl,10000,100.85784849090577,0.8578484909057664
flow_npe,1000,1000000,N=n^2,76,sigma,posterior_samples.pkl,10000,1.9621625430464744,-0.03783745695352558
flow_npe,1000,1000000,N=n^2,76,xi,posterior_samples.pkl,10000,-0.09330185959339142,0.006698140406608585
flow_npe,1000,1000000,N=n^2,78,lambda,posterior_samples.pkl,10000,100.568367552948,0.5683675529480041
flow_npe,1000,1000000,N=n^2,78,sigma,posterior_samples.pkl,10000,2.0260166654795406,0.026016665479540624
flow_npe,1000,1000000,N=n^2,78,xi,posterior_samples.pkl,10000,-0.10269301497936249,-0.0026930149793624875
flow_npe,1000,1000000,N=n^2,79,lambda,posterior_samples.pkl,10000,99.89374946899414,-0.10625053100585546
flow_npe,1000,1000000,N=n^2,79,sigma,posterior_samples.pkl,10000,1.9785847800537943,-0.021415219946205655
flow_npe,1000,1000000,N=n^2,79,xi,posterior_samples.pkl,10000,-0.09324328393936157,0.006756716060638435
flow_npe,1000,1000000,N=n^2,82,lambda,posterior_samples.pkl,10000,100.69001430587768,0.690014305877682
flow_npe,1000,1000000,N=n^2,82,sigma,posterior_samples.pkl,10000,2.007681476888247,0.007681476888246941
flow_npe,1000,1000000,N=n^2,82,xi,posterior_samples.pkl,10000,-0.1067616226196289,-0.006761622619628899
flow_npe,1000,1000000,N=n^2,84,lambda,posterior_samples.pkl,10000,100.20421504611969,0.20421504611968544
flow_npe,1000,1000000,N=n^2,84,sigma,posterior_samples.pkl,10000,2.001543531563133,0.001543531563132916
flow_npe,1000,1000000,N=n^2,84,xi,posterior_samples.pkl,10000,-0.10067954816818238,-0.0006795481681823728
flow_npe,1000,1000000,N=n^2,86,lambda,posterior_samples.pkl,10000,100.36276605606079,0.36276605606079215
flow_npe,1000,1000000,N=n^2,86,sigma,posterior_samples.pkl,10000,1.9736828923918306,-0.02631710760816941
flow_npe,1000,1000000,N=n^2,86,xi,posterior_samples.pkl,10000,-0.09365538508892059,0.006344614911079419
flow_npe,1000,1000000,N=n^2,87,lambda,posterior_samples.pkl,10000,100.36918131408692,0.3691813140869158
flow_npe,1000,1000000,N=n^2,87,sigma,posterior_samples.pkl,10000,2.0293783919576205,0.029378391957620487
flow_npe,1000,1000000,N=n^2,87,xi,posterior_samples.pkl,10000,-0.10579916632175446,-0.005799166321754451
flow_npe,1000,1000000,N=n^2,88,lambda,posterior_samples.pkl,10000,100.27879668273926,0.2787966827392552
flow_npe,1000,1000000,N=n^2,88,sigma,posterior_samples.pkl,10000,2.0177020480523815,0.017702048052381514
flow_npe,1000,1000000,N=n^2,88,xi,posterior_samples.pkl,10000,-0.10588325264453888,-0.005883252644538872
flow_npe,1000,1000000,N=n^2,89,lambda,posterior_samples.pkl,10000,99.97731948165894,-0.022680518341061884
flow_npe,1000,1000000,N=n^2,89,sigma,posterior_samples.pkl,10000,1.9892211006848375,-0.010778899315162516
flow_npe,1000,1000000,N=n^2,89,xi,posterior_samples.pkl,10000,-0.09830323302745819,0.0016967669725418133
flow_npe,1000,1000000,N=n^2,91,lambda,posterior_samples.pkl,10000,100.21014908294677,0.2101490829467707
flow_npe,1000,1000000,N=n^2,91,sigma,posterior_samples.pkl,10000,2.0002762930512428,0.0002762930512427708
flow_npe,1000,1000000,N=n^2,91,xi,posterior_samples.pkl,10000,-0.1037071882367134,-0.003707188236713399
flow_npe,1000,1000000,N=n^2,92,lambda,posterior_samples.pkl,10000,99.93678258743286,-0.0632174125671412
flow_npe,1000,1000000,N=n^2,92,sigma,posterior_samples.pkl,10000,2.0067294037938117,0.006729403793811706
flow_npe,1000,1000000,N=n^2,92,xi,posterior_samples.pkl,10000,-0.10001170659065246,-1.1706590652457716e-05
flow_npe,1000,1000000,N=n^2,93,lambda,posterior_samples.pkl,10000,99.61348612060547,-0.38651387939452775
flow_npe,1000,1000000,N=n^2,93,sigma,posterior_samples.pkl,10000,2.007082845723629,0.007082845723628939
flow_npe,1000,1000000,N=n^2,93,xi,posterior_samples.pkl,10000,-0.09995363283157349,4.636716842651434e-05
flow_npe,1000,1000000,N=n^2,94,lambda,posterior_samples.pkl,10000,100.10923358840942,0.10923358840942399
flow_npe,1000,1000000,N=n^2,94,sigma,posterior_samples.pkl,10000,1.9918210561871528,-0.008178943812847228
flow_npe,1000,1000000,N=n^2,94,xi,posterior_samples.pkl,10000,-0.09907551395893097,0.0009244860410690392
flow_npe,1000,1000000,N=n^2,95,lambda,posterior_samples.pkl,10000,100.20158405075074,0.20158405075073915
flow_npe,1000,1000000,N=n^2,95,sigma,posterior_samples.pkl,10000,2.017552804636955,0.017552804636955077
flow_npe,1000,1000000,N=n^2,95,xi,posterior_samples.pkl,10000,-0.10771237065792083,-0.007712370657920825
flow_npe,1000,1000000,N=n^2,96,lambda,posterior_samples.pkl,10000,100.69936390457153,0.699363904571527
flow_npe,1000,1000000,N=n^2,96,sigma,posterior_samples.pkl,10000,1.9749173460622726,-0.02508265393772735
flow_npe,1000,1000000,N=n^2,96,xi,posterior_samples.pkl,10000,-0.09681377427577972,0.003186225724220282
flow_npe,1000,1000000,N=n^2,97,lambda,posterior_samples.pkl,10000,99.40251692810058,-0.5974830718994184
flow_npe,1000,1000000,N=n^2,97,sigma,posterior_samples.pkl,10000,2.0090175118207934,0.009017511820793356
flow_npe,1000,1000000,N=n^2,97,xi,posterior_samples.pkl,10000,-0.10373806043863297,-0.0037380604386329647
flow_npe,1000,1000000,N=n^2,98,lambda,posterior_samples.pkl,10000,100.45169560317993,0.4516956031799282
flow_npe,1000,1000000,N=n^2,98,sigma,posterior_samples.pkl,10000,2.048742839217186,0.04874283921718581
flow_npe,1000,1000000,N=n^2,98,xi,posterior_samples.pkl,10000,-0.10664407734870911,-0.0066440773487091015
flow_npe,1000,1000000,N=n^2,99,lambda,posterior_samples.pkl,10000,100.26778290176392,0.2677829017639226
flow_npe,1000,1000000,N=n^2,99,sigma,posterior_samples.pkl,10000,1.9830139969874405,-0.01698600301255948
flow_npe,1000,1000000,N=n^2,99,xi,posterior_samples.pkl,10000,-0.09754721505641938,0.00245278494358063
flow_npe,1000,1000000,N=n^2,100,lambda,posterior_samples.pkl,10000,100.315486869812,0.31548686981200547
flow_npe,1000,1000000,N=n^2,100,sigma,posterior_samples.pkl,10000,2.008486368072033,0.008486368072032846
flow_npe,1000,1000000,N=n^2,100,xi,posterior_samples.pkl,10000,-0.09804016053676605,0.001959839463233956
flow_npe,5000,5000,N=n,0,lambda,posterior_samples.pkl,10000,100.05797189064026,0.057971890640260426
flow_npe,5000,5000,N=n,0,sigma,posterior_samples.pkl,10000,2.8766483149852604,0.8766483149852604
flow_npe,5000,5000,N=n,0,xi,posterior_samples.pkl,10000,-1.1088312139987946,-1.0088312139987945
flow_npe,5000,5000,N=n,1,lambda,posterior_samples.pkl,10000,100.1284321855545,0.12843218555450164
flow_npe,5000,5000,N=n,1,sigma,posterior_samples.pkl,10000,2.7749966970699838,0.7749966970699838
flow_npe,5000,5000,N=n,1,xi,posterior_samples.pkl,10000,-0.9139349887371063,-0.8139349887371063
flow_npe,5000,5000,N=n,2,lambda,posterior_samples.pkl,10000,99.87896849384308,-0.1210315061569247
flow_npe,5000,5000,N=n,2,sigma,posterior_samples.pkl,10000,2.4398416987970473,0.43984169879704726
flow_npe,5000,5000,N=n,2,xi,posterior_samples.pkl,10000,-0.6873906650185585,-0.5873906650185585
flow_npe,5000,5000,N=n,3,lambda,posterior_samples.pkl,10000,99.90197599830627,-0.09802400169373016
flow_npe,5000,5000,N=n,3,sigma,posterior_samples.pkl,10000,2.802600799547136,0.802600799547136
flow_npe,5000,5000,N=n,3,xi,posterior_samples.pkl,10000,-1.0744136056065559,-0.9744136056065559
flow_npe,5000,5000,N=n,4,lambda,posterior_samples.pkl,10000,100.38317937698365,0.383179376983648
flow_npe,5000,5000,N=n,4,sigma,posterior_samples.pkl,10000,2.6460790092854762,0.6460790092854762
flow_npe,5000,5000,N=n,4,xi,posterior_samples.pkl,10000,-0.8613123857378959,-0.761312385737896
flow_npe,5000,5000,N=n,5,lambda,posterior_samples.pkl,10000,99.98070704231262,-0.019292957687383705
flow_npe,5000,5000,N=n,5,sigma,posterior_samples.pkl,10000,2.7221002413540147,0.7221002413540147
flow_npe,5000,5000,N=n,5,xi,posterior_samples.pkl,10000,-0.846211798131466,-0.746211798131466
flow_npe,5000,5000,N=n,6,lambda,posterior_samples.pkl,10000,99.8774987323761,-0.12250126762390323
flow_npe,5000,5000,N=n,6,sigma,posterior_samples.pkl,10000,2.497997258791514,0.4979972587915138
flow_npe,5000,5000,N=n,6,xi,posterior_samples.pkl,10000,-0.7330214462041855,-0.6330214462041855
flow_npe,5000,5000,N=n,7,lambda,posterior_samples.pkl,10000,100.60924784584046,0.6092478458404571
flow_npe,5000,5000,N=n,7,sigma,posterior_samples.pkl,10000,2.3723748858150095,0.37237488581500955
flow_npe,5000,5000,N=n,7,xi,posterior_samples.pkl,10000,-0.49217154158353804,-0.39217154158353806
flow_npe,5000,5000,N=n,8,lambda,posterior_samples.pkl,10000,99.70976015777588,-0.2902398422241248
flow_npe,5000,5000,N=n,8,sigma,posterior_samples.pkl,10000,2.184569887287915,0.1845698872879149
flow_npe,5000,5000,N=n,8,xi,posterior_samples.pkl,10000,-0.3565110001087189,-0.25651100010871886
flow_npe,5000,5000,N=n,9,lambda,posterior_samples.pkl,10000,99.72321286468505,-0.27678713531494736
flow_npe,5000,5000,N=n,9,sigma,posterior_samples.pkl,10000,2.4959524884346873,0.4959524884346873
flow_npe,5000,5000,N=n,9,xi,posterior_samples.pkl,10000,-0.6333713913321495,-0.5333713913321495
flow_npe,5000,5000,N=n,10,lambda,posterior_samples.pkl,10000,99.46066203651428,-0.5393379634857212
flow_npe,5000,5000,N=n,10,sigma,posterior_samples.pkl,10000,2.931324304447882,0.9313243044478821
flow_npe,5000,5000,N=n,10,xi,posterior_samples.pkl,10000,-0.951897461438179,-0.851897461438179
flow_npe,5000,5000,N=n,11,lambda,posterior_samples.pkl,10000,100.32083116188049,0.3208311618804913
flow_npe,5000,5000,N=n,11,sigma,posterior_samples.pkl,10000,2.5613497437097132,0.5613497437097132
flow_npe,5000,5000,N=n,11,xi,posterior_samples.pkl,10000,-0.6968184832930565,-0.5968184832930565
flow_npe,5000,5000,N=n,12,lambda,posterior_samples.pkl,10000,99.98537340984345,-0.014626590156552766
flow_npe,5000,5000,N=n,12,sigma,posterior_samples.pkl,10000,2.141189610176627,0.1411896101766268
flow_npe,5000,5000,N=n,12,xi,posterior_samples.pkl,10000,-0.22857091150283815,-0.12857091150283814
flow_npe,5000,5000,N=n,13,lambda,posterior_samples.pkl,10000,100.29651898384094,0.2965189838409401
flow_npe,5000,5000,N=n,13,sigma,posterior_samples.pkl,10000,2.7275647271540016,0.7275647271540016
flow_npe,5000,5000,N=n,13,xi,posterior_samples.pkl,10000,-0.9025748671293259,-0.8025748671293259
flow_npe,5000,5000,N=n,14,lambda,posterior_samples.pkl,10000,100.27966171855927,0.279661718559268
flow_npe,5000,5000,N=n,14,sigma,posterior_samples.pkl,10000,3.0565222628873308,1.0565222628873308
flow_npe,5000,5000,N=n,14,xi,posterior_samples.pkl,10000,-1.1426200555324555,-1.0426200555324554
flow_npe,5000,5000,N=n,15,lambda,posterior_samples.pkl,10000,99.25478657035828,-0.7452134296417228
flow_npe,5000,5000,N=n,15,sigma,posterior_samples.pkl,10000,2.794174372497387,0.7941743724973871
flow_npe,5000,5000,N=n,15,xi,posterior_samples.pkl,10000,-0.8799343319892883,-0.7799343319892883
flow_npe,5000,5000,N=n,16,lambda,posterior_samples.pkl,10000,99.81170648994446,-0.1882935100555443
flow_npe,5000,5000,N=n,16,sigma,posterior_samples.pkl,10000,2.694548424327001,0.6945484243270008
flow_npe,5000,5000,N=n,16,xi,posterior_samples.pkl,10000,-1.0016483226656914,-0.9016483226656914
flow_npe,5000,5000,N=n,17,lambda,posterior_samples.pkl,10000,99.98866659469604,-0.011333405303957989
flow_npe,5000,5000,N=n,17,sigma,posterior_samples.pkl,10000,2.5290750651948155,0.5290750651948155
flow_npe,5000,5000,N=n,17,xi,posterior_samples.pkl,10000,-0.8472265351772308,-0.7472265351772308
flow_npe,5000,5000,N=n,18,lambda,posterior_samples.pkl,10000,100.05612216796875,0.056122167968752024
flow_npe,5000,5000,N=n,18,sigma,posterior_samples.pkl,10000,2.7412882538195698,0.7412882538195698
flow_npe,5000,5000,N=n,18,xi,posterior_samples.pkl,10000,-0.9403268483757973,-0.8403268483757973
flow_npe,5000,5000,N=n,19,lambda,posterior_samples.pkl,10000,100.09353671340942,0.09353671340942071
flow_npe,5000,5000,N=n,19,sigma,posterior_samples.pkl,10000,2.4258736980637536,0.42587369806375364
flow_npe,5000,5000,N=n,19,xi,posterior_samples.pkl,10000,-0.5765882737398148,-0.4765882737398148
flow_npe,5000,5000,N=n,20,lambda,posterior_samples.pkl,10000,100.26287860946655,0.2628786094665543
flow_npe,5000,5000,N=n,20,sigma,posterior_samples.pkl,10000,2.889503602077067,0.8895036020770668
flow_npe,5000,5000,N=n,20,xi,posterior_samples.pkl,10000,-0.950984351170063,-0.850984351170063
flow_npe,5000,5000,N=n,21,lambda,posterior_samples.pkl,10000,99.8299576435089,-0.1700423564910949
flow_npe,5000,5000,N=n,21,sigma,posterior_samples.pkl,10000,2.633339019316435,0.633339019316435
flow_npe,5000,5000,N=n,21,xi,posterior_samples.pkl,10000,-0.7109714410185813,-0.6109714410185814
flow_npe,5000,5000,N=n,22,lambda,posterior_samples.pkl,10000,100.13950362739563,0.1395036273956265
flow_npe,5000,5000,N=n,22,sigma,posterior_samples.pkl,10000,2.1192432234006002,0.11924322340060023
flow_npe,5000,5000,N=n,22,xi,posterior_samples.pkl,10000,-0.21932740010023116,-0.11932740010023116
flow_npe,5000,5000,N=n,23,lambda,posterior_samples.pkl,10000,99.74778777770996,-0.2522122222900407
flow_npe,5000,5000,N=n,23,sigma,posterior_samples.pkl,10000,2.63108864550516,0.6310886455051601
flow_npe,5000,5000,N=n,23,xi,posterior_samples.pkl,10000,-0.8019938152194023,-0.7019938152194023
flow_npe,5000,5000,N=n,24,lambda,posterior_samples.pkl,10000,99.68493511104583,-0.3150648889541685
flow_npe,5000,5000,N=n,24,sigma,posterior_samples.pkl,10000,2.5436091212831435,0.5436091212831435
flow_npe,5000,5000,N=n,24,xi,posterior_samples.pkl,10000,-0.5884537801861763,-0.48845378018617636
flow_npe,5000,5000,N=n,25,lambda,posterior_samples.pkl,10000,99.91553036689758,-0.08446963310241529
flow_npe,5000,5000,N=n,25,sigma,posterior_samples.pkl,10000,2.8075296735957265,0.8075296735957265
flow_npe,5000,5000,N=n,25,xi,posterior_samples.pkl,10000,-1.0506378356099129,-0.9506378356099129
flow_npe,5000,5000,N=n,26,lambda,posterior_samples.pkl,10000,99.6836497756958,-0.3163502243042018
flow_npe,5000,5000,N=n,26,sigma,posterior_samples.pkl,10000,2.6813753819555046,0.6813753819555046
flow_npe,5000,5000,N=n,26,xi,posterior_samples.pkl,10000,-0.9759468989610672,-0.8759468989610673
flow_npe,5000,5000,N=n,27,lambda,posterior_samples.pkl,10000,99.21683516769409,-0.7831648323059142
flow_npe,5000,5000,N=n,27,sigma,posterior_samples.pkl,10000,2.8223747030869357,0.8223747030869357
flow_npe,5000,5000,N=n,27,xi,posterior_samples.pkl,10000,-1.1264241039156915,-1.0264241039156914
flow_npe,5000,5000,N=n,28,lambda,posterior_samples.pkl,10000,99.8550369228363,-0.14496307716369472
flow_npe,5000,5000,N=n,28,sigma,posterior_samples.pkl,10000,2.399569757025689,0.39956975702568887
flow_npe,5000,5000,N=n,28,xi,posterior_samples.pkl,10000,-0.5157089389920234,-0.41570893899202344
flow_npe,5000,5000,N=n,29,lambda,posterior_samples.pkl,10000,100.37487882728577,0.3748788272857695
flow_npe,5000,5000,N=n,29,sigma,posterior_samples.pkl,10000,2.354846097950265,0.354846097950265
flow_npe,5000,5000,N=n,29,xi,posterior_samples.pkl,10000,-0.4862125367641449,-0.3862125367641449
flow_npe,5000,5000,N=n,30,lambda,posterior_samples.pkl,10000,99.42420296821594,-0.575797031784063
flow_npe,5000,5000,N=n,30,sigma,posterior_samples.pkl,10000,2.840690937368013,0.8406909373680129
flow_npe,5000,5000,N=n,30,xi,posterior_samples.pkl,10000,-1.2903119200944901,-1.19031192009449
flow_npe,5000,5000,N=n,31,lambda,posterior_samples.pkl,10000,100.31368300628662,0.3136830062866238
flow_npe,5000,5000,N=n,31,sigma,posterior_samples.pkl,10000,2.1195518767723813,0.11955187677238133
flow_npe,5000,5000,N=n,31,xi,posterior_samples.pkl,10000,-0.237875564289093,-0.137875564289093
flow_npe,5000,5000,N=n,32,lambda,posterior_samples.pkl,10000,100.26001308841705,0.26001308841705395
flow_npe,5000,5000,N=n,32,sigma,posterior_samples.pkl,10000,2.7257414594084026,0.7257414594084026
flow_npe,5000,5000,N=n,32,xi,posterior_samples.pkl,10000,-0.7841869869947433,-0.6841869869947433
flow_npe,5000,5000,N=n,33,lambda,posterior_samples.pkl,10000,99.81307839393615,-0.1869216060638479
flow_npe,5000,5000,N=n,33,sigma,posterior_samples.pkl,10000,2.7732765984096566,0.7732765984096566
flow_npe,5000,5000,N=n,33,xi,posterior_samples.pkl,10000,-0.9482569874405861,-0.8482569874405861
flow_npe,5000,5000,N=n,34,lambda,posterior_samples.pkl,10000,100.276818699646,0.27681869964600025
flow_npe,5000,5000,N=n,34,sigma,posterior_samples.pkl,10000,2.677113203549944,0.6771132035499439
flow_npe,5000,5000,N=n,34,xi,posterior_samples.pkl,10000,-0.8889357505083084,-0.7889357505083084
flow_npe,5000,5000,N=n,35,lambda,posterior_samples.pkl,10000,99.48265936546326,-0.5173406345367368
flow_npe,5000,5000,N=n,35,sigma,posterior_samples.pkl,10000,2.9008613482696934,0.9008613482696934
flow_npe,5000,5000,N=n,35,xi,posterior_samples.pkl,10000,-1.043410105419159,-0.9434101054191589
flow_npe,5000,5000,N=n,36,lambda,posterior_samples.pkl,10000,99.37005291633606,-0.6299470836639358
flow_npe,5000,5000,N=n,36,sigma,posterior_samples.pkl,10000,3.0920955891870894,1.0920955891870894
flow_npe,5000,5000,N=n,36,xi,posterior_samples.pkl,10000,-1.2604992233037948,-1.1604992233037947
flow_npe,5000,5000,N=n,37,lambda,posterior_samples.pkl,10000,100.0509398639679,0.050939863967897736
flow_npe,5000,5000,N=n,37,sigma,posterior_samples.pkl,10000,2.37820949792061,0.3782094979206101
flow_npe,5000,5000,N=n,37,xi,posterior_samples.pkl,10000,-0.4478400663495064,-0.34784006634950637
flow_npe,5000,5000,N=n,38,lambda,posterior_samples.pkl,10000,99.77699300823211,-0.22300699176788896
flow_npe,5000,5000,N=n,38,sigma,posterior_samples.pkl,10000,2.424317695663683,0.42431769566368294
flow_npe,5000,5000,N=n,38,xi,posterior_samples.pkl,10000,-0.5458567336797714,-0.4458567336797714
flow_npe,5000,5000,N=n,39,lambda,posterior_samples.pkl,10000,100.16104378204346,0.16104378204346403
flow_npe,5000,5000,N=n,39,sigma,posterior_samples.pkl,10000,2.122666887333989,0.12266688733398912
flow_npe,5000,5000,N=n,39,xi,posterior_samples.pkl,10000,-0.19629884403944015,-0.09629884403944014
flow_npe,5000,5000,N=n,40,lambda,posterior_samples.pkl,10000,100.1874164609909,0.18741646099090303
flow_npe,5000,5000,N=n,40,sigma,posterior_samples.pkl,10000,2.8772538932571186,0.8772538932571186
flow_npe,5000,5000,N=n,40,xi,posterior_samples.pkl,10000,-1.0003355925440789,-0.9003355925440789
flow_npe,5000,5000,N=n,41,lambda,posterior_samples.pkl,10000,99.62800300102234,-0.37199699897766436
flow_npe,5000,5000,N=n,41,sigma,posterior_samples.pkl,10000,2.2442591240186243,0.24425912401862426
flow_npe,5000,5000,N=n,41,xi,posterior_samples.pkl,10000,-0.531419206559658,-0.43141920655965804
flow_npe,5000,5000,N=n,42,lambda,posterior_samples.pkl,10000,100.05361533966064,0.05361533966063803
flow_npe,5000,5000,N=n,42,sigma,posterior_samples.pkl,10000,2.869385396479815,0.869385396479815
flow_npe,5000,5000,N=n,42,xi,posterior_samples.pkl,10000,-1.2111873403310776,-1.1111873403310775
flow_npe,5000,5000,N=n,43,lambda,posterior_samples.pkl,10000,100.27290463294983,0.2729046329498317
flow_npe,5000,5000,N=n,43,sigma,posterior_samples.pkl,10000,2.605237449021079,0.6052374490210788
flow_npe,5000,5000,N=n,43,xi,posterior_samples.pkl,10000,-0.9498187226772309,-0.8498187226772309
flow_npe,5000,5000,N=n,44,lambda,posterior_samples.pkl,10000,100.19957611846924,0.1995761184692384
flow_npe,5000,5000,N=n,44,sigma,posterior_samples.pkl,10000,3.163918232518714,1.1639182325187138
flow_npe,5000,5000,N=n,44,xi,posterior_samples.pkl,10000,-1.3670336370587348,-1.2670336370587347
flow_npe,5000,5000,N=n,45,lambda,posterior_samples.pkl,10000,99.57021232566834,-0.42978767433166354
flow_npe,5000,5000,N=n,45,sigma,posterior_samples.pkl,10000,2.7637478149507193,0.7637478149507193
flow_npe,5000,5000,N=n,45,xi,posterior_samples.pkl,10000,-0.9561521108627319,-0.8561521108627319
flow_npe,5000,5000,N=n,46,lambda,posterior_samples.pkl,10000,100.09223703804017,0.09223703804016736
flow_npe,5000,5000,N=n,46,sigma,posterior_samples.pkl,10000,2.5779068697747776,0.5779068697747776
flow_npe,5000,5000,N=n,46,xi,posterior_samples.pkl,10000,-0.6932345332622528,-0.5932345332622528
flow_npe,5000,5000,N=n,47,lambda,posterior_samples.pkl,10000,99.88394161014557,-0.11605838985443029
flow_npe,5000,5000,N=n,47,sigma,posterior_samples.pkl,10000,2.790573213132471,0.790573213132471
flow_npe,5000,5000,N=n,47,xi,posterior_samples.pkl,10000,-0.8927851726055145,-0.7927851726055145
flow_npe,5000,5000,N=n,48,lambda,posterior_samples.pkl,10000,99.57204225234986,-0.42795774765014016
flow_npe,5000,5000,N=n,48,sigma,posterior_samples.pkl,10000,2.862046526229661,0.862046526229661
flow_npe,5000,5000,N=n,48,xi,posterior_samples.pkl,10000,-1.2348341804862022,-1.134834180486202
flow_npe,5000,5000,N=n,49,lambda,posterior_samples.pkl,10000,99.69308140411377,-0.3069185958862306
flow_npe,5000,5000,N=n,49,sigma,posterior_samples.pkl,10000,2.3974022506557406,0.39740225065574064
flow_npe,5000,5000,N=n,49,xi,posterior_samples.pkl,10000,-0.5425605012536049,-0.4425605012536049
flow_npe,5000,5000,N=n,50,lambda,posterior_samples.pkl,10000,99.65719486694336,-0.3428051330566433
flow_npe,5000,5000,N=n,50,sigma,posterior_samples.pkl,10000,3.1124983769301324,1.1124983769301324
flow_npe,5000,5000,N=n,50,xi,posterior_samples.pkl,10000,-1.2097167845368386,-1.1097167845368385
flow_npe,5000,5000,N=n,51,lambda,posterior_samples.pkl,10000,99.85120105323792,-0.14879894676208494
flow_npe,5000,5000,N=n,51,sigma,posterior_samples.pkl,10000,2.9169974990336223,0.9169974990336223
flow_npe,5000,5000,N=n,51,xi,posterior_samples.pkl,10000,-1.0073811740159988,-0.9073811740159988
flow_npe,5000,5000,N=n,52,lambda,posterior_samples.pkl,10000,99.98695018424988,-0.013049815750122207
flow_npe,5000,5000,N=n,52,sigma,posterior_samples.pkl,10000,3.033951191015355,1.0339511910153552
flow_npe,5000,5000,N=n,52,xi,posterior_samples.pkl,10000,-0.9965204777002334,-0.8965204777002335
flow_npe,5000,5000,N=n,53,lambda,posterior_samples.pkl,10000,100.21105222053528,0.2110522205352794
flow_npe,5000,5000,N=n,53,sigma,posterior_samples.pkl,10000,2.916637260378152,0.9166372603781521
flow_npe,5000,5000,N=n,53,xi,posterior_samples.pkl,10000,-1.0263888261556626,-0.9263888261556626
flow_npe,5000,5000,N=n,54,lambda,posterior_samples.pkl,10000,99.55505778541566,-0.44494221458434424
flow_npe,5000,5000,N=n,54,sigma,posterior_samples.pkl,10000,2.7353401350706816,0.7353401350706816
flow_npe,5000,5000,N=n,54,xi,posterior_samples.pkl,10000,-0.9617901866793632,-0.8617901866793632
flow_npe,5000,5000,N=n,55,lambda,posterior_samples.pkl,10000,100.28922396163941,0.2892239616394079
flow_npe,5000,5000,N=n,55,sigma,posterior_samples.pkl,10000,2.822513094924763,0.822513094924763
flow_npe,5000,5000,N=n,55,xi,posterior_samples.pkl,10000,-1.1013688964366912,-1.0013688964366911
flow_npe,5000,5000,N=n,56,lambda,posterior_samples.pkl,10000,99.68176805801392,-0.3182319419860846
flow_npe,5000,5000,N=n,56,sigma,posterior_samples.pkl,10000,2.7533474790047854,0.7533474790047854
flow_npe,5000,5000,N=n,56,xi,posterior_samples.pkl,10000,-0.8718999753713608,-0.7718999753713608
flow_npe,5000,5000,N=n,57,lambda,posterior_samples.pkl,10000,100.55449735565186,0.5544973556518613
flow_npe,5000,5000,N=n,57,sigma,posterior_samples.pkl,10000,2.8055884152829647,0.8055884152829647
flow_npe,5000,5000,N=n,57,xi,posterior_samples.pkl,10000,-1.0132407318592072,-0.9132407318592072
flow_npe,5000,5000,N=n,58,lambda,posterior_samples.pkl,10000,99.89767933006287,-0.10232066993712863
flow_npe,5000,5000,N=n,58,sigma,posterior_samples.pkl,10000,2.983981289014779,0.9839812890147792
flow_npe,5000,5000,N=n,58,xi,posterior_samples.pkl,10000,-1.1569652311444283,-1.0569652311444282
flow_npe,5000,5000,N=n,59,lambda,posterior_samples.pkl,10000,100.4026143907547,0.4026143907547066
flow_npe,5000,5000,N=n,59,sigma,posterior_samples.pkl,10000,2.8887839333327485,0.8887839333327485
flow_npe,5000,5000,N=n,59,xi,posterior_samples.pkl,10000,-1.0265745262622834,-0.9265745262622834
flow_npe,5000,5000,N=n,60,lambda,posterior_samples.pkl,10000,100.2131903049469,0.21319030494690594
flow_npe,5000,5000,N=n,60,sigma,posterior_samples.pkl,10000,2.248442011534609,0.2484420115346091
flow_npe,5000,5000,N=n,60,xi,posterior_samples.pkl,10000,-0.4516993907570839,-0.3516993907570839
flow_npe,5000,5000,N=n,61,lambda,posterior_samples.pkl,10000,98.97890487403869,-1.0210951259613097
flow_npe,5000,5000,N=n,61,sigma,posterior_samples.pkl,10000,3.3885794707318766,1.3885794707318766
flow_npe,5000,5000,N=n,61,xi,posterior_samples.pkl,10000,-1.3775328786611556,-1.2775328786611555
flow_npe,5000,5000,N=n,62,lambda,posterior_samples.pkl,10000,99.53052264747619,-0.4694773525238105
flow_npe,5000,5000,N=n,62,sigma,posterior_samples.pkl,10000,2.12298923981376,0.12298923981375998
flow_npe,5000,5000,N=n,62,xi,posterior_samples.pkl,10000,-0.23191156351566314,-0.13191156351566313
flow_npe,5000,5000,N=n,63,lambda,posterior_samples.pkl,10000,99.79540398330688,-0.20459601669311667
flow_npe,5000,5000,N=n,63,sigma,posterior_samples.pkl,10000,3.044813093848899,1.0448130938488989
flow_npe,5000,5000,N=n,63,xi,posterior_samples.pkl,10000,-1.2168569266676903,-1.1168569266676902
flow_npe,5000,5000,N=n,64,lambda,posterior_samples.pkl,10000,100.08731132316589,0.08731132316589196
flow_npe,5000,5000,N=n,64,sigma,posterior_samples.pkl,10000,2.721133278444968,0.721133278444968
flow_npe,5000,5000,N=n,64,xi,posterior_samples.pkl,10000,-0.8626222754836083,-0.7626222754836083
flow_npe,5000,5000,N=n,65,lambda,posterior_samples.pkl,10000,99.55357736091614,-0.44642263908386326
flow_npe,5000,5000,N=n,65,sigma,posterior_samples.pkl,10000,2.7271825533731606,0.7271825533731606
flow_npe,5000,5000,N=n,65,xi,posterior_samples.pkl,10000,-1.0316891715765,-0.9316891715765
flow_npe,5000,5000,N=n,66,lambda,posterior_samples.pkl,10000,99.3459209991455,-0.6540790008544946
flow_npe,5000,5000,N=n,66,sigma,posterior_samples.pkl,10000,2.1400935962229966,0.14009359622299655
flow_npe,5000,5000,N=n,66,xi,posterior_samples.pkl,10000,-0.24459350793361664,-0.14459350793361664
flow_npe,5000,5000,N=n,67,lambda,posterior_samples.pkl,10000,99.67643257312774,-0.32356742687225903
flow_npe,5000,5000,N=n,67,sigma,posterior_samples.pkl,10000,2.6779577478341756,0.6779577478341756
flow_npe,5000,5000,N=n,67,xi,posterior_samples.pkl,10000,-0.9018421486258507,-0.8018421486258507
flow_npe,5000,5000,N=n,68,lambda,posterior_samples.pkl,10000,99.7053057472229,-0.2946942527771057
flow_npe,5000,5000,N=n,68,sigma,posterior_samples.pkl,10000,2.7530069738497027,0.7530069738497027
flow_npe,5000,5000,N=n,68,xi,posterior_samples.pkl,10000,-1.0237299897670746,-0.9237299897670747
flow_npe,5000,5000,N=n,69,lambda,posterior_samples.pkl,10000,99.69089906044006,-0.30910093955994
flow_npe,5000,5000,N=n,69,sigma,posterior_samples.pkl,10000,2.830950400520861,0.830950400520861
flow_npe,5000,5000,N=n,69,xi,posterior_samples.pkl,10000,-1.0288808683872224,-0.9288808683872224
flow_npe,5000,5000,N=n,70,lambda,posterior_samples.pkl,10000,100.4099610080719,0.40996100807190317
flow_npe,5000,5000,N=n,70,sigma,posterior_samples.pkl,10000,2.3137702346218285,0.3137702346218285
flow_npe,5000,5000,N=n,70,xi,posterior_samples.pkl,10000,-0.45610333651304247,-0.3561033365130425
flow_npe,5000,5000,N=n,71,lambda,posterior_samples.pkl,10000,99.9846005098343,-0.015399490165705743
flow_npe,5000,5000,N=n,71,sigma,posterior_samples.pkl,10000,2.5802465835411104,0.5802465835411104
flow_npe,5000,5000,N=n,71,xi,posterior_samples.pkl,10000,-0.7941690700888634,-0.6941690700888634
flow_npe,5000,5000,N=n,72,lambda,posterior_samples.pkl,10000,99.77167779636383,-0.22832220363616784
flow_npe,5000,5000,N=n,72,sigma,posterior_samples.pkl,10000,3.1883182690661402,1.1883182690661402
flow_npe,5000,5000,N=n,72,xi,posterior_samples.pkl,10000,-1.3993119616746903,-1.2993119616746902
flow_npe,5000,5000,N=n,73,lambda,posterior_samples.pkl,10000,99.84680167427064,-0.1531983257293632
flow_npe,5000,5000,N=n,73,sigma,posterior_samples.pkl,10000,2.986229477871023,0.986229477871023
flow_npe,5000,5000,N=n,73,xi,posterior_samples.pkl,10000,-1.2365584383249282,-1.136558438324928
flow_npe,5000,5000,N=n,74,lambda,posterior_samples.pkl,10000,100.37380127868653,0.37380127868652835
flow_npe,5000,5000,N=n,74,sigma,posterior_samples.pkl,10000,2.60316839779662,0.6031683977966198
flow_npe,5000,5000,N=n,74,xi,posterior_samples.pkl,10000,-1.0515789088010787,-0.9515789088010788
flow_npe,5000,5000,N=n,75,lambda,posterior_samples.pkl,10000,100.05800672988892,0.0580067298889162
flow_npe,5000,5000,N=n,75,sigma,posterior_samples.pkl,10000,2.6296789906963705,0.6296789906963705
flow_npe,5000,5000,N=n,75,xi,posterior_samples.pkl,10000,-0.8450286623001099,-0.7450286623001099
flow_npe,5000,5000,N=n,76,lambda,posterior_samples.pkl,10000,99.7788144033432,-0.22118559665679527
flow_npe,5000,5000,N=n,76,sigma,posterior_samples.pkl,10000,3.13886069849655,1.1388606984965501
flow_npe,5000,5000,N=n,76,xi,posterior_samples.pkl,10000,-1.062307152724266,-0.962307152724266
flow_npe,5000,5000,N=n,77,lambda,posterior_samples.pkl,10000,99.51754137172699,-0.4824586282730081
flow_npe,5000,5000,N=n,77,sigma,posterior_samples.pkl,10000,2.954455796817783,0.9544557968177831
flow_npe,5000,5000,N=n,77,xi,posterior_samples.pkl,10000,-1.1799371321320533,-1.0799371321320532
flow_npe,5000,5000,N=n,78,lambda,posterior_samples.pkl,10000,99.26398024597168,-0.7360197540283195
flow_npe,5000,5000,N=n,78,sigma,posterior_samples.pkl,10000,2.9502153084530494,0.9502153084530494
flow_npe,5000,5000,N=n,78,xi,posterior_samples.pkl,10000,-1.1934047288060188,-1.0934047288060187
flow_npe,5000,5000,N=n,79,lambda,posterior_samples.pkl,10000,99.19429739646911,-0.8057026035308894
flow_npe,5000,5000,N=n,79,sigma,posterior_samples.pkl,10000,2.1272186618018893,0.12721866180188934
flow_npe,5000,5000,N=n,79,xi,posterior_samples.pkl,10000,-0.23093287007808685,-0.13093287007808685
flow_npe,5000,5000,N=n,80,lambda,posterior_samples.pkl,10000,99.65449337940215,-0.3455066205978454
flow_npe,5000,5000,N=n,80,sigma,posterior_samples.pkl,10000,2.738201636463776,0.738201636463776
flow_npe,5000,5000,N=n,80,xi,posterior_samples.pkl,10000,-1.1028447193145752,-1.002844719314575
flow_npe,5000,5000,N=n,81,lambda,posterior_samples.pkl,10000,99.97913576087952,-0.02086423912048474
flow_npe,5000,5000,N=n,81,sigma,posterior_samples.pkl,10000,2.1043965047463775,0.10439650474637752
flow_npe,5000,5000,N=n,81,xi,posterior_samples.pkl,10000,-0.1990465565919876,-0.0990465565919876
flow_npe,5000,5000,N=n,82,lambda,posterior_samples.pkl,10000,99.6602834640503,-0.3397165359497052
flow_npe,5000,5000,N=n,82,sigma,posterior_samples.pkl,10000,2.8357743950140195,0.8357743950140195
flow_npe,5000,5000,N=n,82,xi,posterior_samples.pkl,10000,-0.9479216355919838,-0.8479216355919839
flow_npe,5000,5000,N=n,83,lambda,posterior_samples.pkl,10000,99.89785358047486,-0.10214641952514114
flow_npe,5000,5000,N=n,83,sigma,posterior_samples.pkl,10000,2.3062055656187237,0.3062055656187237
flow_npe,5000,5000,N=n,83,xi,posterior_samples.pkl,10000,-0.5073197710871696,-0.40731977108716966
flow_npe,5000,5000,N=n,84,lambda,posterior_samples.pkl,10000,99.5281762298584,-0.47182377014159727
flow_npe,5000,5000,N=n,84,sigma,posterior_samples.pkl,10000,2.5586078956744633,0.5586078956744633
flow_npe,5000,5000,N=n,84,xi,posterior_samples.pkl,10000,-0.6863303722858429,-0.586330372285843
flow_npe,5000,5000,N=n,85,lambda,posterior_samples.pkl,10000,100.16595739917756,0.16595739917755736
flow_npe,5000,5000,N=n,85,sigma,posterior_samples.pkl,10000,2.447056408405304,0.44705640840530414
flow_npe,5000,5000,N=n,85,xi,posterior_samples.pkl,10000,-0.553096775007248,-0.453096775007248
flow_npe,5000,5000,N=n,86,lambda,posterior_samples.pkl,10000,100.0448007648468,0.04480076484679785
flow_npe,5000,5000,N=n,86,sigma,posterior_samples.pkl,10000,2.179359985952452,0.17935998595245195
flow_npe,5000,5000,N=n,86,xi,posterior_samples.pkl,10000,-0.38630664982795715,-0.28630664982795717
flow_npe,5000,5000,N=n,87,lambda,posterior_samples.pkl,10000,100.63408913574219,0.6340891357421867
flow_npe,5000,5000,N=n,87,sigma,posterior_samples.pkl,10000,2.1427935285215733,0.14279352852157334
flow_npe,5000,5000,N=n,87,xi,posterior_samples.pkl,10000,-0.3452363401889801,-0.24523634018898008
flow_npe,5000,5000,N=n,88,lambda,posterior_samples.pkl,10000,99.84909754943848,-0.1509024505615173
flow_npe,5000,5000,N=n,88,sigma,posterior_samples.pkl,10000,2.5217497561047786,0.5217497561047786
flow_npe,5000,5000,N=n,88,xi,posterior_samples.pkl,10000,-0.540007758140564,-0.44000775814056403
flow_npe,5000,5000,N=n,89,lambda,posterior_samples.pkl,10000,99.75205015792847,-0.24794984207153448
flow_npe,5000,5000,N=n,89,sigma,posterior_samples.pkl,10000,2.794045541490335,0.7940455414903349
flow_npe,5000,5000,N=n,89,xi,posterior_samples.pkl,10000,-0.9694463309168816,-0.8694463309168816
flow_npe,5000,5000,N=n,90,lambda,posterior_samples.pkl,10000,99.21912346057891,-0.7808765394210866
flow_npe,5000,5000,N=n,90,sigma,posterior_samples.pkl,10000,2.7012952745143326,0.7012952745143326
flow_npe,5000,5000,N=n,90,xi,posterior_samples.pkl,10000,-0.7728001316308976,-0.6728001316308976
flow_npe,5000,5000,N=n,91,lambda,posterior_samples.pkl,10000,99.91193627777099,-0.08806372222900904
flow_npe,5000,5000,N=n,91,sigma,posterior_samples.pkl,10000,2.7955119811348617,0.7955119811348617
flow_npe,5000,5000,N=n,91,xi,posterior_samples.pkl,10000,-1.046901336824894,-0.9469013368248941
flow_npe,5000,5000,N=n,92,lambda,posterior_samples.pkl,10000,99.4773839225769,-0.5226160774230948
flow_npe,5000,5000,N=n,92,sigma,posterior_samples.pkl,10000,2.452933123211935,0.45293312321193513
flow_npe,5000,5000,N=n,92,xi,posterior_samples.pkl,10000,-0.541073291003704,-0.44107329100370407
flow_npe,5000,5000,N=n,93,lambda,posterior_samples.pkl,10000,99.84468352279663,-0.15531647720337105
flow_npe,5000,5000,N=n,93,sigma,posterior_samples.pkl,10000,3.0956325113884176,1.0956325113884176
flow_npe,5000,5000,N=n,93,xi,posterior_samples.pkl,10000,-1.328670468211174,-1.228670468211174
flow_npe,5000,5000,N=n,94,lambda,posterior_samples.pkl,10000,99.76084516372681,-0.2391548362731868
flow_npe,5000,5000,N=n,94,sigma,posterior_samples.pkl,10000,2.9087704027071597,0.9087704027071597
flow_npe,5000,5000,N=n,94,xi,posterior_samples.pkl,10000,-1.1407508994102478,-1.0407508994102477
flow_npe,5000,5000,N=n,95,lambda,posterior_samples.pkl,10000,100.01123549728393,0.011235497283934137
flow_npe,5000,5000,N=n,95,sigma,posterior_samples.pkl,10000,2.618516987572238,0.6185169875722378
flow_npe,5000,5000,N=n,95,xi,posterior_samples.pkl,10000,-0.6955481257200241,-0.5955481257200241
flow_npe,5000,5000,N=n,96,lambda,posterior_samples.pkl,10000,100.01194654178619,0.011946541786187481
flow_npe,5000,5000,N=n,96,sigma,posterior_samples.pkl,10000,2.84475326291956,0.8447532629195602
flow_npe,5000,5000,N=n,96,xi,posterior_samples.pkl,10000,-1.2314345956087112,-1.131434595608711
flow_npe,5000,5000,N=n,97,lambda,posterior_samples.pkl,10000,100.08863845710755,0.08863845710754958
flow_npe,5000,5000,N=n,97,sigma,posterior_samples.pkl,10000,3.080440895489976,1.0804408954899758
flow_npe,5000,5000,N=n,97,xi,posterior_samples.pkl,10000,-1.2650807389378547,-1.1650807389378546
flow_npe,5000,5000,N=n,98,lambda,posterior_samples.pkl,10000,100.09744229774475,0.09744229774474888
flow_npe,5000,5000,N=n,98,sigma,posterior_samples.pkl,10000,2.5791973000053314,0.5791973000053314
flow_npe,5000,5000,N=n,98,xi,posterior_samples.pkl,10000,-0.9120037419557572,-0.8120037419557572
flow_npe,5000,5000,N=n,99,lambda,posterior_samples.pkl,10000,99.91548223628998,-0.08451776371002495
flow_npe,5000,5000,N=n,99,sigma,posterior_samples.pkl,10000,2.380170778381359,0.38017077838135904
flow_npe,5000,5000,N=n,99,xi,posterior_samples.pkl,10000,-0.5166374960899353,-0.4166374960899353
flow_npe,5000,5000,N=n,100,lambda,posterior_samples.pkl,10000,100.15198488540649,0.1519848854064918
flow_npe,5000,5000,N=n,100,sigma,posterior_samples.pkl,10000,2.0344931840538045,0.034493184053804526
flow_npe,5000,5000,N=n,100,xi,posterior_samples.pkl,10000,-0.14236147553920747,-0.042361475539207466
flow_npe,5000,42585,N=n log(n),0,lambda,posterior_samples.pkl,10000,100.28128233833313,0.28128233833312777
flow_npe,5000,42585,N=n log(n),0,sigma,posterior_samples.pkl,10000,2.1939045809291304,0.19390458092913043
flow_npe,5000,42585,N=n log(n),0,xi,posterior_samples.pkl,10000,-0.2898571505665779,-0.1898571505665779
flow_npe,5000,42585,N=n log(n),1,lambda,posterior_samples.pkl,10000,100.05429299907685,0.054292999076849924
flow_npe,5000,42585,N=n log(n),1,sigma,posterior_samples.pkl,10000,1.9592437840238213,-0.040756215976178733
flow_npe,5000,42585,N=n log(n),1,xi,posterior_samples.pkl,10000,-0.11134237666130066,-0.011342376661300654
flow_npe,5000,42585,N=n log(n),2,lambda,posterior_samples.pkl,10000,99.93815556983948,-0.06184443016051944
flow_npe,5000,42585,N=n log(n),2,sigma,posterior_samples.pkl,10000,2.0459059303118847,0.045905930311884724
flow_npe,5000,42585,N=n log(n),2,xi,posterior_samples.pkl,10000,-0.17102097985744477,-0.07102097985744477
flow_npe,5000,42585,N=n log(n),3,lambda,posterior_samples.pkl,10000,100.1623967338562,0.16239673385619824
flow_npe,5000,42585,N=n log(n),3,sigma,posterior_samples.pkl,10000,2.106184107424691,0.1061841074246912
flow_npe,5000,42585,N=n log(n),3,xi,posterior_samples.pkl,10000,-0.18075189739465714,-0.08075189739465713
flow_npe,5000,42585,N=n log(n),5,lambda,posterior_samples.pkl,10000,99.93073433418274,-0.06926566581725524
flow_npe,5000,42585,N=n log(n),5,sigma,posterior_samples.pkl,10000,2.0278527517275884,0.027852751727588387
flow_npe,5000,42585,N=n log(n),5,xi,posterior_samples.pkl,10000,-0.1393766294360161,-0.03937662943601608
flow_npe,5000,42585,N=n log(n),6,lambda,posterior_samples.pkl,10000,100.07783930969238,0.07783930969237929
flow_npe,5000,42585,N=n log(n),6,sigma,posterior_samples.pkl,10000,1.9486739566824398,-0.05132604331756019
flow_npe,5000,42585,N=n log(n),6,xi,posterior_samples.pkl,10000,-0.10516234232187271,-0.005162342321872709
flow_npe,5000,42585,N=n log(n),7,lambda,posterior_samples.pkl,10000,100.2100789855957,0.21007898559570037
flow_npe,5000,42585,N=n log(n),7,sigma,posterior_samples.pkl,10000,2.0070591370079667,0.007059137007966676
flow_npe,5000,42585,N=n log(n),7,xi,posterior_samples.pkl,10000,-0.11364890050888062,-0.01364890050888061
flow_npe,5000,42585,N=n log(n),8,lambda,posterior_samples.pkl,10000,100.07907179450989,0.07907179450988622
flow_npe,5000,42585,N=n log(n),8,sigma,posterior_samples.pkl,10000,2.0093669094521553,0.009366909452155348
flow_npe,5000,42585,N=n log(n),8,xi,posterior_samples.pkl,10000,-0.11687981655597687,-0.016879816555976868
flow_npe,5000,42585,N=n log(n),9,lambda,posterior_samples.pkl,10000,100.1739956855774,0.17399568557739542
flow_npe,5000,42585,N=n log(n),9,sigma,posterior_samples.pkl,10000,1.9949665371075505,-0.005033462892449547
flow_npe,5000,42585,N=n log(n),9,xi,posterior_samples.pkl,10000,-0.09415430009365082,0.005845699906349186
flow_npe,5000,42585,N=n log(n),10,lambda,posterior_samples.pkl,10000,99.98877398071289,-0.011226019287107647
flow_npe,5000,42585,N=n log(n),10,sigma,posterior_samples.pkl,10000,1.9927999920725823,-0.0072000079274177065
flow_npe,5000,42585,N=n log(n),10,xi,posterior_samples.pkl,10000,-0.11486989395618438,-0.014869893956184377
flow_npe,5000,42585,N=n log(n),11,lambda,posterior_samples.pkl,10000,100.40810376739502,0.4081037673950192
flow_npe,5000,42585,N=n log(n),11,sigma,posterior_samples.pkl,10000,2.013964915277576,0.01396491527757604
flow_npe,5000,42585,N=n log(n),11,xi,posterior_samples.pkl,10000,-0.1363014909863472,-0.03630149098634719
flow_npe,5000,42585,N=n log(n),12,lambda,posterior_samples.pkl,10000,99.9199848815918,-0.0800151184081983
flow_npe,5000,42585,N=n log(n),12,sigma,posterior_samples.pkl,10000,2.0091163386568427,0.009116338656842693
flow_npe,5000,42585,N=n log(n),12,xi,posterior_samples.pkl,10000,-0.11559323132038117,-0.015593231320381165
flow_npe,5000,42585,N=n log(n),13,lambda,posterior_samples.pkl,10000,99.66078649024963,-0.33921350975036546
flow_npe,5000,42585,N=n log(n),13,sigma,posterior_samples.pkl,10000,1.9601453836964444,-0.03985461630355558
flow_npe,5000,42585,N=n log(n),13,xi,posterior_samples.pkl,10000,-0.0936551958322525,0.006344804167747506
flow_npe,5000,42585,N=n log(n),14,lambda,posterior_samples.pkl,10000,100.04913058929444,0.04913058929443537
flow_npe,5000,42585,N=n log(n),14,sigma,posterior_samples.pkl,10000,2.2705943164624274,0.2705943164624274
flow_npe,5000,42585,N=n log(n),14,xi,posterior_samples.pkl,10000,-0.355634078001976,-0.255634078001976
flow_npe,5000,42585,N=n log(n),15,lambda,posterior_samples.pkl,10000,99.96389669342041,-0.03610330657959082
flow_npe,5000,42585,N=n log(n),15,sigma,posterior_samples.pkl,10000,2.006581460942514,0.006581460942514106
flow_npe,5000,42585,N=n log(n),15,xi,posterior_samples.pkl,10000,-0.1091113302230835,-0.009111330223083497
flow_npe,5000,42585,N=n log(n),16,lambda,posterior_samples.pkl,10000,99.82787709026337,-0.17212290973662903
flow_npe,5000,42585,N=n log(n),16,sigma,posterior_samples.pkl,10000,2.015218613618065,0.015218613618065202
flow_npe,5000,42585,N=n log(n),16,xi,posterior_samples.pkl,10000,-0.11796888085603714,-0.017968880856037137
flow_npe,5000,42585,N=n log(n),17,lambda,posterior_samples.pkl,10000,99.99068112411499,-0.009318875885014677
flow_npe,5000,42585,N=n log(n),17,sigma,posterior_samples.pkl,10000,2.014850372402929,0.014850372402928969
flow_npe,5000,42585,N=n log(n),17,xi,posterior_samples.pkl,10000,-0.1387088051557541,-0.03870880515575409
flow_npe,5000,42585,N=n log(n),18,lambda,posterior_samples.pkl,10000,100.05065443153381,0.05065443153381466
flow_npe,5000,42585,N=n log(n),18,sigma,posterior_samples.pkl,10000,2.0139573796818966,0.013957379681896587
flow_npe,5000,42585,N=n log(n),18,xi,posterior_samples.pkl,10000,-0.1312127648472786,-0.031212764847278585
flow_npe,5000,42585,N=n log(n),19,lambda,posterior_samples.pkl,10000,100.09128032531738,0.09128032531738484
flow_npe,5000,42585,N=n log(n),19,sigma,posterior_samples.pkl,10000,2.0195948950767515,0.019594895076751495
flow_npe,5000,42585,N=n log(n),19,xi,posterior_samples.pkl,10000,-0.13148647531270982,-0.031486475312709816
flow_npe,5000,42585,N=n log(n),20,lambda,posterior_samples.pkl,10000,99.84436036300659,-0.15563963699341343
flow_npe,5000,42585,N=n log(n),20,sigma,posterior_samples.pkl,10000,2.16431657191515,0.1643165719151498
flow_npe,5000,42585,N=n log(n),20,xi,posterior_samples.pkl,10000,-0.24666148545742034,-0.14666148545742033
flow_npe,5000,42585,N=n log(n),21,lambda,posterior_samples.pkl,10000,100.1642275177002,0.16422751770019772
flow_npe,5000,42585,N=n log(n),21,sigma,posterior_samples.pkl,10000,2.0155468453109266,0.015546845310926649
flow_npe,5000,42585,N=n log(n),21,xi,posterior_samples.pkl,10000,-0.13726522687673567,-0.03726522687673567
flow_npe,5000,42585,N=n log(n),22,lambda,posterior_samples.pkl,10000,100.08711008300781,0.08711008300781486
flow_npe,5000,42585,N=n log(n),22,sigma,posterior_samples.pkl,10000,1.9833720486193895,-0.016627951380610462
flow_npe,5000,42585,N=n log(n),22,xi,posterior_samples.pkl,10000,-0.1130371793627739,-0.01303717936277389
flow_npe,5000,42585,N=n log(n),23,lambda,posterior_samples.pkl,10000,100.19167450637818,0.1916745063781775
flow_npe,5000,42585,N=n log(n),23,sigma,posterior_samples.pkl,10000,2.0505587588649243,0.050558758864924336
flow_npe,5000,42585,N=n log(n),23,xi,posterior_samples.pkl,10000,-0.15234546360969545,-0.05234546360969544
flow_npe,5000,42585,N=n log(n),24,lambda,posterior_samples.pkl,10000,100.02855229339599,0.028552293395989636
flow_npe,5000,42585,N=n log(n),24,sigma,posterior_samples.pkl,10000,2.062533945018053,0.06253394501805287
flow_npe,5000,42585,N=n log(n),24,xi,posterior_samples.pkl,10000,-0.11736372802257537,-0.017363728022575367
flow_npe,5000,42585,N=n log(n),25,lambda,posterior_samples.pkl,10000,100.00236351699829,0.002363516998286741
flow_npe,5000,42585,N=n log(n),25,sigma,posterior_samples.pkl,10000,1.9714721936106683,-0.028527806389331722
flow_npe,5000,42585,N=n log(n),25,xi,posterior_samples.pkl,10000,-0.10078133662939072,-0.0007813366293907137
flow_npe,5000,42585,N=n log(n),26,lambda,posterior_samples.pkl,10000,99.9001831544876,-0.09981684551239312
flow_npe,5000,42585,N=n log(n),26,sigma,posterior_samples.pkl,10000,1.9950082419097424,-0.0049917580902576475
flow_npe,5000,42585,N=n log(n),26,xi,posterior_samples.pkl,10000,-0.10408139698505402,-0.004081396985054012
flow_npe,5000,42585,N=n log(n),28,lambda,posterior_samples.pkl,10000,100.1248853050232,0.12488530502319861
flow_npe,5000,42585,N=n log(n),28,sigma,posterior_samples.pkl,10000,1.9773768858790397,-0.022623114120960297
flow_npe,5000,42585,N=n log(n),28,xi,posterior_samples.pkl,10000,-0.09900774515867233,0.0009922548413276722
flow_npe,5000,42585,N=n log(n),29,lambda,posterior_samples.pkl,10000,100.02083465900421,0.020834659004208333
flow_npe,5000,42585,N=n log(n),29,sigma,posterior_samples.pkl,10000,2.0147104027202354,0.014710402720235383
flow_npe,5000,42585,N=n log(n),29,xi,posterior_samples.pkl,10000,-0.11377364661693573,-0.013773646616935725
flow_npe,5000,42585,N=n log(n),30,lambda,posterior_samples.pkl,10000,99.8651870311737,-0.1348129688262958
flow_npe,5000,42585,N=n log(n),30,sigma,posterior_samples.pkl,10000,2.0545648993847894,0.05456489938478937
flow_npe,5000,42585,N=n log(n),30,xi,posterior_samples.pkl,10000,-0.16218744788169862,-0.06218744788169861
flow_npe,5000,42585,N=n log(n),31,lambda,posterior_samples.pkl,10000,100.21662540435791,0.216625404357913
flow_npe,5000,42585,N=n log(n),31,sigma,posterior_samples.pkl,10000,2.0707789309706537,0.07077893097065369
flow_npe,5000,42585,N=n log(n),31,xi,posterior_samples.pkl,10000,-0.14117750867605208,-0.04117750867605208
flow_npe,5000,42585,N=n log(n),32,lambda,posterior_samples.pkl,10000,99.87739702453614,-0.12260297546386312
flow_npe,5000,42585,N=n log(n),32,sigma,posterior_samples.pkl,10000,2.0280229597568513,0.028022959756851318
flow_npe,5000,42585,N=n log(n),32,xi,posterior_samples.pkl,10000,-0.1236827576637268,-0.023682757663726794
flow_npe,5000,42585,N=n log(n),33,lambda,posterior_samples.pkl,10000,100.10525119628906,0.10525119628906054
flow_npe,5000,42585,N=n log(n),33,sigma,posterior_samples.pkl,10000,2.003143375778105,0.003143375778105195
flow_npe,5000,42585,N=n log(n),33,xi,posterior_samples.pkl,10000,-0.14410784370899202,-0.04410784370899201
flow_npe,5000,42585,N=n log(n),34,lambda,posterior_samples.pkl,10000,100.26495501174927,0.26495501174926517
flow_npe,5000,42585,N=n log(n),34,sigma,posterior_samples.pkl,10000,2.0006335074424744,0.0006335074424743681
flow_npe,5000,42585,N=n log(n),34,xi,posterior_samples.pkl,10000,-0.097943860912323,0.002056139087677003
flow_npe,5000,42585,N=n log(n),35,lambda,posterior_samples.pkl,10000,99.91302329254151,-0.08697670745848995
flow_npe,5000,42585,N=n log(n),35,sigma,posterior_samples.pkl,10000,2.0241019638180733,0.02410196381807328
flow_npe,5000,42585,N=n log(n),35,xi,posterior_samples.pkl,10000,-0.10277790739536286,-0.0027779073953628497
flow_npe,5000,42585,N=n log(n),36,lambda,posterior_samples.pkl,10000,99.70977170600891,-0.29022829399109185
flow_npe,5000,42585,N=n log(n),36,sigma,posterior_samples.pkl,10000,2.0181276135516355,0.018127613551635502
flow_npe,5000,42585,N=n log(n),36,xi,posterior_samples.pkl,10000,-0.13161416201591492,-0.03161416201591491
flow_npe,5000,42585,N=n log(n),37,lambda,posterior_samples.pkl,10000,100.18030503387452,0.18030503387451802
flow_npe,5000,42585,N=n log(n),37,sigma,posterior_samples.pkl,10000,2.0343230448398737,0.034323044839873695
flow_npe,5000,42585,N=n log(n),37,xi,posterior_samples.pkl,10000,-0.14961761640310287,-0.04961761640310286
flow_npe,5000,42585,N=n log(n),38,lambda,posterior_samples.pkl,10000,100.3065278793335,0.3065278793335011
flow_npe,5000,42585,N=n log(n),38,sigma,posterior_samples.pkl,10000,2.0566716514050962,0.056671651405096224
flow_npe,5000,42585,N=n log(n),38,xi,posterior_samples.pkl,10000,-0.13975634143352508,-0.03975634143352508
flow_npe,5000,42585,N=n log(n),39,lambda,posterior_samples.pkl,10000,100.15168806228638,0.15168806228638232
flow_npe,5000,42585,N=n log(n),39,sigma,posterior_samples.pkl,10000,2.007893627312779,0.007893627312779206
flow_npe,5000,42585,N=n log(n),39,xi,posterior_samples.pkl,10000,-0.09744675924777985,0.0025532407522201594
flow_npe,5000,42585,N=n log(n),40,lambda,posterior_samples.pkl,10000,99.83100625267029,-0.16899374732970784
flow_npe,5000,42585,N=n log(n),40,sigma,posterior_samples.pkl,10000,2.0086783574461937,0.008678357446193719
flow_npe,5000,42585,N=n log(n),40,xi,posterior_samples.pkl,10000,-0.11509323856830597,-0.015093238568305967
flow_npe,5000,42585,N=n log(n),41,lambda,posterior_samples.pkl,10000,99.23846810798645,-0.7615318920135508
flow_npe,5000,42585,N=n log(n),41,sigma,posterior_samples.pkl,10000,1.9955126501441003,-0.004487349855899714
flow_npe,5000,42585,N=n log(n),41,xi,posterior_samples.pkl,10000,-0.17595197582244873,-0.07595197582244873
flow_npe,5000,42585,N=n log(n),42,lambda,posterior_samples.pkl,10000,100.17651999778748,0.17651999778748007
flow_npe,5000,42585,N=n log(n),42,sigma,posterior_samples.pkl,10000,2.4583110636528582,0.45831106365285823
flow_npe,5000,42585,N=n log(n),42,xi,posterior_samples.pkl,10000,-0.5422371774792671,-0.44223717747926716
flow_npe,5000,42585,N=n log(n),43,lambda,posterior_samples.pkl,10000,100.04226701049805,0.04226701049805115
flow_npe,5000,42585,N=n log(n),43,sigma,posterior_samples.pkl,10000,1.9943327650159597,-0.005667234984040315
flow_npe,5000,42585,N=n log(n),43,xi,posterior_samples.pkl,10000,-0.08717090027332305,0.012829099726676951
flow_npe,5000,42585,N=n log(n),44,lambda,posterior_samples.pkl,10000,99.8100846572876,-0.1899153427123963
flow_npe,5000,42585,N=n log(n),44,sigma,posterior_samples.pkl,10000,2.000357374727726,0.00035737472772590095
flow_npe,5000,42585,N=n log(n),44,xi,posterior_samples.pkl,10000,-0.10187601108551025,-0.0018760110855102485
flow_npe,5000,42585,N=n log(n),45,lambda,posterior_samples.pkl,10000,99.87689248218537,-0.12310751781463125
flow_npe,5000,42585,N=n log(n),45,sigma,posterior_samples.pkl,10000,1.9694406613225117,-0.03055933867748828
flow_npe,5000,42585,N=n log(n),45,xi,posterior_samples.pkl,10000,-0.09280001831054688,0.007199981689453128
flow_npe,5000,42585,N=n log(n),46,lambda,posterior_samples.pkl,10000,100.12125781517028,0.12125781517028145
flow_npe,5000,42585,N=n log(n),46,sigma,posterior_samples.pkl,10000,1.9972609324455262,-0.0027390675544738396
flow_npe,5000,42585,N=n log(n),46,xi,posterior_samples.pkl,10000,-0.11482585890293122,-0.014825858902931213
flow_npe,5000,42585,N=n log(n),47,lambda,posterior_samples.pkl,10000,100.08754299697875,0.08754299697875467
flow_npe,5000,42585,N=n log(n),47,sigma,posterior_samples.pkl,10000,2.1148807008862494,0.11488070088624935
flow_npe,5000,42585,N=n log(n),47,xi,posterior_samples.pkl,10000,-0.16198306518793107,-0.06198306518793106
flow_npe,5000,42585,N=n log(n),48,lambda,posterior_samples.pkl,10000,99.86770117702484,-0.13229882297515871
flow_npe,5000,42585,N=n log(n),48,sigma,posterior_samples.pkl,10000,2.0060557793915272,0.006055779391527238
flow_npe,5000,42585,N=n log(n),48,xi,posterior_samples.pkl,10000,-0.11960984272956848,-0.019609842729568477
flow_npe,5000,42585,N=n log(n),49,lambda,posterior_samples.pkl,10000,100.03571294021606,0.03571294021605809
flow_npe,5000,42585,N=n log(n),49,sigma,posterior_samples.pkl,10000,2.017562610304356,0.017562610304355797
flow_npe,5000,42585,N=n log(n),49,xi,posterior_samples.pkl,10000,-0.13518288654088975,-0.035182886540889746
flow_npe,5000,42585,N=n log(n),50,lambda,posterior_samples.pkl,10000,99.66561501426696,-0.3343849857330383
flow_npe,5000,42585,N=n log(n),50,sigma,posterior_samples.pkl,10000,2.0108141250606626,0.010814125060662594
flow_npe,5000,42585,N=n log(n),50,xi,posterior_samples.pkl,10000,-0.09475445177555085,0.005245548224449156
flow_npe,5000,42585,N=n log(n),51,lambda,posterior_samples.pkl,10000,99.63086869659423,-0.3691313034057657
flow_npe,5000,42585,N=n log(n),51,sigma,posterior_samples.pkl,10000,2.0189997445892542,0.01899974458925424
flow_npe,5000,42585,N=n log(n),51,xi,posterior_samples.pkl,10000,-0.14673956429958343,-0.046739564299583425
flow_npe,5000,42585,N=n log(n),52,lambda,posterior_samples.pkl,10000,100.02060543365478,0.020605433654779404
flow_npe,5000,42585,N=n log(n),52,sigma,posterior_samples.pkl,10000,2.0642071283111347,0.06420712831113473
flow_npe,5000,42585,N=n log(n),52,xi,posterior_samples.pkl,10000,-0.15431508328914642,-0.054315083289146415
flow_npe,5000,42585,N=n log(n),53,lambda,posterior_samples.pkl,10000,99.96823012390136,-0.03176987609863602
flow_npe,5000,42585,N=n log(n),53,sigma,posterior_samples.pkl,10000,2.0130226668624207,0.013022666862420706
flow_npe,5000,42585,N=n log(n),53,xi,posterior_samples.pkl,10000,-0.11766457706689834,-0.017664577066898335
flow_npe,5000,42585,N=n log(n),54,lambda,posterior_samples.pkl,10000,100.1981028125763,0.1981028125762947
flow_npe,5000,42585,N=n log(n),54,sigma,posterior_samples.pkl,10000,2.0170836264654994,0.017083626465499435
flow_npe,5000,42585,N=n log(n),54,xi,posterior_samples.pkl,10000,-0.0958238037109375,0.004176196289062503
flow_npe,5000,42585,N=n log(n),55,lambda,posterior_samples.pkl,10000,100.12376609840393,0.12376609840393371
flow_npe,5000,42585,N=n log(n),55,sigma,posterior_samples.pkl,10000,2.107351245459728,0.10735124545972807
flow_npe,5000,42585,N=n log(n),55,xi,posterior_samples.pkl,10000,-0.2421283159017563,-0.14212831590175629
flow_npe,5000,42585,N=n log(n),56,lambda,posterior_samples.pkl,10000,100.06349809265137,0.06349809265137196
flow_npe,5000,42585,N=n log(n),56,sigma,posterior_samples.pkl,10000,1.9911380239605903,-0.008861976039409747
flow_npe,5000,42585,N=n log(n),56,xi,posterior_samples.pkl,10000,-0.10624714515209198,-0.0062471451520919735
flow_npe,5000,42585,N=n log(n),57,lambda,posterior_samples.pkl,10000,100.27779527854919,0.27779527854919195
flow_npe,5000,42585,N=n log(n),57,sigma,posterior_samples.pkl,10000,2.0549568763777613,0.054956876377761255
flow_npe,5000,42585,N=n log(n),57,xi,posterior_samples.pkl,10000,-0.13567414166927338,-0.03567414166927338
flow_npe,5000,42585,N=n log(n),58,lambda,posterior_samples.pkl,10000,99.92780144348144,-0.07219855651855767
flow_npe,5000,42585,N=n log(n),58,sigma,posterior_samples.pkl,10000,2.028135484348424,0.028135484348423834
flow_npe,5000,42585,N=n log(n),58,xi,posterior_samples.pkl,10000,-0.09442379496097565,0.005576205039024354
flow_npe,5000,42585,N=n log(n),59,lambda,posterior_samples.pkl,10000,99.94135352935791,-0.05864647064208839
flow_npe,5000,42585,N=n log(n),59,sigma,posterior_samples.pkl,10000,2.006828092086315,0.006828092086315074
flow_npe,5000,42585,N=n log(n),59,xi,posterior_samples.pkl,10000,-0.19511824731826782,-0.09511824731826782
flow_npe,5000,42585,N=n log(n),60,lambda,posterior_samples.pkl,10000,99.99861618347168,-0.0013838165283175385
flow_npe,5000,42585,N=n log(n),60,sigma,posterior_samples.pkl,10000,2.0379898645324634,0.037989864532463447
flow_npe,5000,42585,N=n log(n),60,xi,posterior_samples.pkl,10000,-0.13687528131008148,-0.03687528131008147
flow_npe,5000,42585,N=n log(n),61,lambda,posterior_samples.pkl,10000,99.55444472141266,-0.4455552785873351
flow_npe,5000,42585,N=n log(n),61,sigma,posterior_samples.pkl,10000,3.213544750087708,1.2135447500877081
flow_npe,5000,42585,N=n log(n),61,xi,posterior_samples.pkl,10000,-1.1503262551307678,-1.0503262551307677
flow_npe,5000,42585,N=n log(n),62,lambda,posterior_samples.pkl,10000,99.75449768409729,-0.2455023159027121
flow_npe,5000,42585,N=n log(n),62,sigma,posterior_samples.pkl,10000,2.028687112599937,0.02868711259993706
flow_npe,5000,42585,N=n log(n),62,xi,posterior_samples.pkl,10000,-0.1412644406080246,-0.04126444060802459
flow_npe,5000,42585,N=n log(n),63,lambda,posterior_samples.pkl,10000,100.00205698738098,0.002056987380981923
flow_npe,5000,42585,N=n log(n),63,sigma,posterior_samples.pkl,10000,2.585675927865505,0.585675927865505
flow_npe,5000,42585,N=n log(n),63,xi,posterior_samples.pkl,10000,-0.6894047362089157,-0.5894047362089158
flow_npe,5000,42585,N=n log(n),64,lambda,posterior_samples.pkl,10000,100.26900556030273,0.2690055603027304
flow_npe,5000,42585,N=n log(n),64,sigma,posterior_samples.pkl,10000,1.9969212616536767,-0.0030787383463233287
flow_npe,5000,42585,N=n log(n),64,xi,posterior_samples.pkl,10000,-0.10593174279928208,-0.005931742799282075
flow_npe,5000,42585,N=n log(n),65,lambda,posterior_samples.pkl,10000,100.15888710060119,0.15888710060119138
flow_npe,5000,42585,N=n log(n),65,sigma,posterior_samples.pkl,10000,1.9825479270200943,-0.017452072979905697
flow_npe,5000,42585,N=n log(n),65,xi,posterior_samples.pkl,10000,-0.10659910296201706,-0.006599102962017059
flow_npe,5000,42585,N=n log(n),66,lambda,posterior_samples.pkl,10000,99.5391906337738,-0.4608093662262007
flow_npe,5000,42585,N=n log(n),66,sigma,posterior_samples.pkl,10000,2.055357383838482,0.05535738383848221
flow_npe,5000,42585,N=n log(n),66,xi,posterior_samples.pkl,10000,-0.12330725662708282,-0.023307256627082815
flow_npe,5000,42585,N=n log(n),67,lambda,posterior_samples.pkl,10000,99.78287371292114,-0.21712628707885528
flow_npe,5000,42585,N=n log(n),67,sigma,posterior_samples.pkl,10000,1.9911133282847702,-0.008886671715229832
flow_npe,5000,42585,N=n log(n),67,xi,posterior_samples.pkl,10000,-0.12066557009220123,-0.020665570092201227
flow_npe,5000,42585,N=n log(n),68,lambda,posterior_samples.pkl,10000,99.30742052879333,-0.6925794712066704
flow_npe,5000,42585,N=n log(n),68,sigma,posterior_samples.pkl,10000,2.1171773512744343,0.1171773512744343
flow_npe,5000,42585,N=n log(n),68,xi,posterior_samples.pkl,10000,-0.22486507172584533,-0.12486507172584532
flow_npe,5000,42585,N=n log(n),69,lambda,posterior_samples.pkl,10000,99.77561229858398,-0.2243877014160205
flow_npe,5000,42585,N=n log(n),69,sigma,posterior_samples.pkl,10000,1.9857401975892484,-0.014259802410751643
flow_npe,5000,42585,N=n log(n),69,xi,posterior_samples.pkl,10000,-0.11047586092948913,-0.010475860929489128
flow_npe,5000,42585,N=n log(n),70,lambda,posterior_samples.pkl,10000,99.98459392318726,-0.015406076812737979
flow_npe,5000,42585,N=n log(n),70,sigma,posterior_samples.pkl,10000,2.0481703035916667,0.04817030359166674
flow_npe,5000,42585,N=n log(n),70,xi,posterior_samples.pkl,10000,-0.1390914481163025,-0.039091448116302496
flow_npe,5000,42585,N=n log(n),71,lambda,posterior_samples.pkl,10000,99.9445174697876,-0.05548253021240157
flow_npe,5000,42585,N=n log(n),71,sigma,posterior_samples.pkl,10000,1.9787755733704195,-0.021224426629580462
flow_npe,5000,42585,N=n log(n),71,xi,posterior_samples.pkl,10000,-0.10194479582309723,-0.0019447958230972284
flow_npe,5000,42585,N=n log(n),73,lambda,posterior_samples.pkl,10000,99.90217969436645,-0.09782030563354738
flow_npe,5000,42585,N=n log(n),73,sigma,posterior_samples.pkl,10000,2.030861750657484,0.030861750657483977
flow_npe,5000,42585,N=n log(n),73,xi,posterior_samples.pkl,10000,-0.15836466487646103,-0.058364664876461025
flow_npe,5000,42585,N=n log(n),74,lambda,posterior_samples.pkl,10000,99.99982247505189,-0.00017752494811418273
flow_npe,5000,42585,N=n log(n),74,sigma,posterior_samples.pkl,10000,1.9647355576325207,-0.035264442367479276
flow_npe,5000,42585,N=n log(n),74,xi,posterior_samples.pkl,10000,-0.09747021608352661,0.002529783916473391
flow_npe,5000,42585,N=n log(n),75,lambda,posterior_samples.pkl,10000,99.73729461135865,-0.2627053886413506
flow_npe,5000,42585,N=n log(n),75,sigma,posterior_samples.pkl,10000,2.0011760916764847,0.0011760916764846918
flow_npe,5000,42585,N=n log(n),75,xi,posterior_samples.pkl,10000,-0.15040991092920303,-0.05040991092920302
flow_npe,5000,42585,N=n log(n),76,lambda,posterior_samples.pkl,10000,99.91377253856659,-0.08622746143340976
flow_npe,5000,42585,N=n log(n),76,sigma,posterior_samples.pkl,10000,2.027696239858866,0.027696239858865823
flow_npe,5000,42585,N=n log(n),76,xi,posterior_samples.pkl,10000,-0.10875423834323883,-0.008754238343238824
flow_npe,5000,42585,N=n log(n),77,lambda,posterior_samples.pkl,10000,99.94340491085052,-0.05659508914948219
flow_npe,5000,42585,N=n log(n),77,sigma,posterior_samples.pkl,10000,2.064908136633318,0.06490813663331796
flow_npe,5000,42585,N=n log(n),77,xi,posterior_samples.pkl,10000,-0.15563651167154313,-0.055636511671543126
flow_npe,5000,42585,N=n log(n),78,lambda,posterior_samples.pkl,10000,99.89636476402282,-0.10363523597717972
flow_npe,5000,42585,N=n log(n),78,sigma,posterior_samples.pkl,10000,2.4499502039228567,0.4499502039228567
flow_npe,5000,42585,N=n log(n),78,xi,posterior_samples.pkl,10000,-0.5433323671221733,-0.4433323671221733
flow_npe,5000,42585,N=n log(n),79,lambda,posterior_samples.pkl,10000,99.52760685157776,-0.4723931484222419
flow_npe,5000,42585,N=n log(n),79,sigma,posterior_samples.pkl,10000,1.9937405798494816,-0.006259420150518391
flow_npe,5000,42585,N=n log(n),79,xi,posterior_samples.pkl,10000,-0.10395681396722793,-0.003956813967227926
flow_npe,5000,42585,N=n log(n),80,lambda,posterior_samples.pkl,10000,99.96624680252076,-0.03375319747924266
flow_npe,5000,42585,N=n log(n),80,sigma,posterior_samples.pkl,10000,2.040570141363144,0.040570141363144074
flow_npe,5000,42585,N=n log(n),80,xi,posterior_samples.pkl,10000,-0.14006121484041215,-0.04006121484041214
flow_npe,5000,42585,N=n log(n),81,lambda,posterior_samples.pkl,10000,100.02771182174682,0.027711821746819965
flow_npe,5000,42585,N=n log(n),81,sigma,posterior_samples.pkl,10000,2.0245959398031235,0.024595939803123468
flow_npe,5000,42585,N=n log(n),81,xi,posterior_samples.pkl,10000,-0.10880670921802521,-0.008806709218025205
flow_npe,5000,42585,N=n log(n),82,lambda,posterior_samples.pkl,10000,99.78497449035645,-0.21502550964355294
flow_npe,5000,42585,N=n log(n),82,sigma,posterior_samples.pkl,10000,2.0110210375044493,0.011021037504449271
flow_npe,5000,42585,N=n log(n),82,xi,posterior_samples.pkl,10000,-0.11246459015607833,-0.012464590156078328
flow_npe,5000,42585,N=n log(n),83,lambda,posterior_samples.pkl,10000,100.17737902755738,0.17737902755737878
flow_npe,5000,42585,N=n log(n),83,sigma,posterior_samples.pkl,10000,2.0204553762190045,0.020455376219004506
flow_npe,5000,42585,N=n log(n),83,xi,posterior_samples.pkl,10000,-0.15039166696071624,-0.05039166696071623
flow_npe,5000,42585,N=n log(n),84,lambda,posterior_samples.pkl,10000,99.73767799015044,-0.2623220098495551
flow_npe,5000,42585,N=n log(n),84,sigma,posterior_samples.pkl,10000,2.037080005554482,0.03708000555448221
flow_npe,5000,42585,N=n log(n),84,xi,posterior_samples.pkl,10000,-0.13577226293087005,-0.03577226293087005
flow_npe,5000,42585,N=n log(n),85,lambda,posterior_samples.pkl,10000,100.13942929954528,0.13942929954528438
flow_npe,5000,42585,N=n log(n),85,sigma,posterior_samples.pkl,10000,1.9913794970035552,-0.00862050299644479
flow_npe,5000,42585,N=n log(n),85,xi,posterior_samples.pkl,10000,-0.138446466588974,-0.03844646658897399
flow_npe,5000,42585,N=n log(n),86,lambda,posterior_samples.pkl,10000,99.83376465301514,-0.16623534698486253
flow_npe,5000,42585,N=n log(n),86,sigma,posterior_samples.pkl,10000,1.9558505077026784,-0.04414949229732157
flow_npe,5000,42585,N=n log(n),86,xi,posterior_samples.pkl,10000,-0.09428407723903656,0.005715922760963443
flow_npe,5000,42585,N=n log(n),87,lambda,posterior_samples.pkl,10000,99.83506959838867,-0.1649304016113291
flow_npe,5000,42585,N=n log(n),87,sigma,posterior_samples.pkl,10000,1.9561256080524763,-0.04387439194752374
flow_npe,5000,42585,N=n log(n),87,xi,posterior_samples.pkl,10000,-0.09442572695016861,0.005574273049831394
flow_npe,5000,42585,N=n log(n),88,lambda,posterior_samples.pkl,10000,99.9074865310669,-0.09251346893310597
flow_npe,5000,42585,N=n log(n),88,sigma,posterior_samples.pkl,10000,1.9677884004801511,-0.032211599519848866
flow_npe,5000,42585,N=n log(n),88,xi,posterior_samples.pkl,10000,-0.1032818521976471,-0.003281852197647095
flow_npe,5000,42585,N=n log(n),89,lambda,posterior_samples.pkl,10000,99.99306410140991,-0.0069358985900862535
flow_npe,5000,42585,N=n log(n),89,sigma,posterior_samples.pkl,10000,2.0020908573033522,0.0020908573033522337
flow_npe,5000,42585,N=n log(n),89,xi,posterior_samples.pkl,10000,-0.1149390161037445,-0.014939016103744499
flow_npe,5000,42585,N=n log(n),90,lambda,posterior_samples.pkl,10000,99.67856547107696,-0.32143452892303515
flow_npe,5000,42585,N=n log(n),90,sigma,posterior_samples.pkl,10000,2.055459985291585,0.055459985291585134
flow_npe,5000,42585,N=n log(n),90,xi,posterior_samples.pkl,10000,-0.12088930621147156,-0.02088930621147156
flow_npe,5000,42585,N=n log(n),91,lambda,posterior_samples.pkl,10000,99.87936851081848,-0.12063148918151967
flow_npe,5000,42585,N=n log(n),91,sigma,posterior_samples.pkl,10000,2.030317995371297,0.03031799537129709
flow_npe,5000,42585,N=n log(n),91,xi,posterior_samples.pkl,10000,-0.14285909217596054,-0.04285909217596054
flow_npe,5000,42585,N=n log(n),92,lambda,posterior_samples.pkl,10000,100.04711394462585,0.04711394462584906
flow_npe,5000,42585,N=n log(n),92,sigma,posterior_samples.pkl,10000,2.0443043336527422,0.04430433365274222
flow_npe,5000,42585,N=n log(n),92,xi,posterior_samples.pkl,10000,-0.10978777022361755,-0.009787770223617542
flow_npe,5000,42585,N=n log(n),93,lambda,posterior_samples.pkl,10000,100.02178902206421,0.02178902206421185
flow_npe,5000,42585,N=n log(n),93,sigma,posterior_samples.pkl,10000,2.1321733316756784,0.13217333167567835
flow_npe,5000,42585,N=n log(n),93,xi,posterior_samples.pkl,10000,-0.20839975863695145,-0.10839975863695145
flow_npe,5000,42585,N=n log(n),94,lambda,posterior_samples.pkl,10000,100.12676591796875,0.12676591796875414
flow_npe,5000,42585,N=n log(n),94,sigma,posterior_samples.pkl,10000,2.020970720589161,0.02097072058916094
flow_npe,5000,42585,N=n log(n),94,xi,posterior_samples.pkl,10000,-0.12452046221494675,-0.024520462214946748
flow_npe,5000,42585,N=n log(n),95,lambda,posterior_samples.pkl,10000,99.69304248847962,-0.3069575115203804
flow_npe,5000,42585,N=n log(n),95,sigma,posterior_samples.pkl,10000,1.9844235518693925,-0.015576448130607545
flow_npe,5000,42585,N=n log(n),95,xi,posterior_samples.pkl,10000,-0.10536099474430084,-0.005360994744300837
flow_npe,5000,42585,N=n log(n),96,lambda,posterior_samples.pkl,10000,100.22738337478637,0.2273833747863705
flow_npe,5000,42585,N=n log(n),96,sigma,posterior_samples.pkl,10000,1.9694575273850932,-0.030542472614906835
flow_npe,5000,42585,N=n log(n),96,xi,posterior_samples.pkl,10000,-0.09676335287094116,0.0032366471290588422
flow_npe,5000,42585,N=n log(n),97,lambda,posterior_samples.pkl,10000,100.26735792541504,0.2673579254150411
flow_npe,5000,42585,N=n log(n),97,sigma,posterior_samples.pkl,10000,2.146238532435894,0.1462385324358939
flow_npe,5000,42585,N=n log(n),97,xi,posterior_samples.pkl,10000,-0.200166332924366,-0.100166332924366
flow_npe,5000,42585,N=n log(n),98,lambda,posterior_samples.pkl,10000,100.29695163536071,0.29695163536071334
flow_npe,5000,42585,N=n log(n),98,sigma,posterior_samples.pkl,10000,2.1195017275509422,0.11950172755094224
flow_npe,5000,42585,N=n log(n),98,xi,posterior_samples.pkl,10000,-0.1975652101635933,-0.09756521016359329
flow_npe,5000,42585,N=n log(n),99,lambda,posterior_samples.pkl,10000,99.94364402313232,-0.05635597686767824
flow_npe,5000,42585,N=n log(n),99,sigma,posterior_samples.pkl,10000,2.028124007205572,0.028124007205572177
flow_npe,5000,42585,N=n log(n),99,xi,posterior_samples.pkl,10000,-0.10914846775531768,-0.009148467755317677
flow_npe,5000,42585,N=n log(n),100,lambda,posterior_samples.pkl,10000,100.1629643737793,0.16296437377930317
flow_npe,5000,42585,N=n log(n),100,sigma,posterior_samples.pkl,10000,2.054007866674475,0.05400786667447521
flow_npe,5000,42585,N=n log(n),100,xi,posterior_samples.pkl,10000,-0.12899099065065384,-0.02899099065065383
flow_npe,5000,353553,N=n^(3/2),0,lambda,posterior_samples.pkl,10000,100.1951563331604,0.19515633316039782
flow_npe,5000,353553,N=n^(3/2),0,sigma,posterior_samples.pkl,10000,1.989166055047512,-0.010833944952487906
flow_npe,5000,353553,N=n^(3/2),0,xi,posterior_samples.pkl,10000,-0.10660851612091064,-0.0066085161209106374
flow_npe,5000,353553,N=n^(3/2),1,lambda,posterior_samples.pkl,10000,100.02819764633179,0.028197646331790338
flow_npe,5000,353553,N=n^(3/2),1,sigma,posterior_samples.pkl,10000,2.0157493344426154,0.015749334442615393
flow_npe,5000,353553,N=n^(3/2),1,xi,posterior_samples.pkl,10000,-0.10436436405181884,-0.0043643640518188365
flow_npe,5000,353553,N=n^(3/2),2,lambda,posterior_samples.pkl,10000,99.99666572875977,-0.003334271240234443
flow_npe,5000,353553,N=n^(3/2),2,sigma,posterior_samples.pkl,10000,2.0195339297166095,0.0195339297166095
flow_npe,5000,353553,N=n^(3/2),2,xi,posterior_samples.pkl,10000,-0.11851246063709259,-0.01851246063709258
flow_npe,5000,353553,N=n^(3/2),3,lambda,posterior_samples.pkl,10000,100.12196263961792,0.12196263961791942
flow_npe,5000,353553,N=n^(3/2),3,sigma,posterior_samples.pkl,10000,1.9717986324310304,-0.028201367568969626
flow_npe,5000,353553,N=n^(3/2),3,xi,posterior_samples.pkl,10000,-0.1051917362689972,-0.005191736268997188
flow_npe,5000,353553,N=n^(3/2),4,lambda,posterior_samples.pkl,10000,99.85129668579101,-0.14870331420898708
flow_npe,5000,353553,N=n^(3/2),4,sigma,posterior_samples.pkl,10000,2.002544874875201,0.002544874875201053
flow_npe,5000,353553,N=n^(3/2),4,xi,posterior_samples.pkl,10000,-0.1036090713262558,-0.0036090713262557916
flow_npe,5000,353553,N=n^(3/2),5,lambda,posterior_samples.pkl,10000,99.86093837432861,-0.13906162567138836
flow_npe,5000,353553,N=n^(3/2),5,sigma,posterior_samples.pkl,10000,2.040551540768519,0.04055154076851908
flow_npe,5000,353553,N=n^(3/2),5,xi,posterior_samples.pkl,10000,-0.11968554406166076,-0.01968554406166076
flow_npe,5000,353553,N=n^(3/2),6,lambda,posterior_samples.pkl,10000,99.98860930786132,-0.011390692138675718
flow_npe,5000,353553,N=n^(3/2),6,sigma,posterior_samples.pkl,10000,1.9965566889166833,-0.003443311083316747
flow_npe,5000,353553,N=n^(3/2),6,xi,posterior_samples.pkl,10000,-0.09637549386024476,0.0036245061397552486
flow_npe,5000,353553,N=n^(3/2),7,lambda,posterior_samples.pkl,10000,100.39898716049194,0.3989871604919415
flow_npe,5000,353553,N=n^(3/2),7,sigma,posterior_samples.pkl,10000,1.9847458355875687,-0.015254164412431326
flow_npe,5000,353553,N=n^(3/2),7,xi,posterior_samples.pkl,10000,-0.10029336540699005,-0.00029336540699004265
flow_npe,5000,353553,N=n^(3/2),8,lambda,posterior_samples.pkl,10000,99.78477043762207,-0.21522956237792812
flow_npe,5000,353553,N=n^(3/2),8,sigma,posterior_samples.pkl,10000,1.9943036458731163,-0.00569635412688374
flow_npe,5000,353553,N=n^(3/2),8,xi,posterior_samples.pkl,10000,-0.1106597889661789,-0.01065978896617889
flow_npe,5000,353553,N=n^(3/2),9,lambda,posterior_samples.pkl,10000,100.00456504364014,0.004565043640141653
flow_npe,5000,353553,N=n^(3/2),9,sigma,posterior_samples.pkl,10000,1.9833962502425537,-0.016603749757446273
flow_npe,5000,353553,N=n^(3/2),9,xi,posterior_samples.pkl,10000,-0.09602782835960388,0.003972171640396122
flow_npe,5000,353553,N=n^(3/2),10,lambda,posterior_samples.pkl,10000,99.73701346206666,-0.2629865379333438
flow_npe,5000,353553,N=n^(3/2),10,sigma,posterior_samples.pkl,10000,1.9929366300106048,-0.007063369989395163
flow_npe,5000,353553,N=n^(3/2),10,xi,posterior_samples.pkl,10000,-0.0978044203042984,0.0021955796957016105
flow_npe,5000,353553,N=n^(3/2),11,lambda,posterior_samples.pkl,10000,100.32428322372436,0.3242832237243647
flow_npe,5000,353553,N=n^(3/2),11,sigma,posterior_samples.pkl,10000,1.9944286165952683,-0.0055713834047317334
flow_npe,5000,353553,N=n^(3/2),11,xi,posterior_samples.pkl,10000,-0.10349392338991165,-0.0034939233899116406
flow_npe,5000,353553,N=n^(3/2),13,lambda,posterior_samples.pkl,10000,99.74434839172363,-0.25565160827636646
flow_npe,5000,353553,N=n^(3/2),13,sigma,posterior_samples.pkl,10000,2.044156849825382,0.04415684982538215
flow_npe,5000,353553,N=n^(3/2),13,xi,posterior_samples.pkl,10000,-0.1283419856071472,-0.028341985607147208
flow_npe,5000,353553,N=n^(3/2),14,lambda,posterior_samples.pkl,10000,100.14094718627929,0.14094718627929126
flow_npe,5000,353553,N=n^(3/2),14,sigma,posterior_samples.pkl,10000,2.0647821057567373,0.06478210575673726
flow_npe,5000,353553,N=n^(3/2),14,xi,posterior_samples.pkl,10000,-0.12689116582870483,-0.02689116582870482
flow_npe,5000,353553,N=n^(3/2),15,lambda,posterior_samples.pkl,10000,100.03139501571656,0.03139501571655501
flow_npe,5000,353553,N=n^(3/2),15,sigma,posterior_samples.pkl,10000,1.9978109766602516,-0.0021890233397483527
flow_npe,5000,353553,N=n^(3/2),15,xi,posterior_samples.pkl,10000,-0.10407977410554886,-0.004079774105548856
flow_npe,5000,353553,N=n^(3/2),16,lambda,posterior_samples.pkl,10000,99.7070714855194,-0.2929285144805931
flow_npe,5000,353553,N=n^(3/2),16,sigma,posterior_samples.pkl,10000,2.0214381751418116,0.021438175141811566
flow_npe,5000,353553,N=n^(3/2),16,xi,posterior_samples.pkl,10000,-0.10615332815647126,-0.006153328156471252
flow_npe,5000,353553,N=n^(3/2),17,lambda,posterior_samples.pkl,10000,100.08232967300415,0.08232967300415339
flow_npe,5000,353553,N=n^(3/2),17,sigma,posterior_samples.pkl,10000,2.0059131097022442,0.005913109702244235
flow_npe,5000,353553,N=n^(3/2),17,xi,posterior_samples.pkl,10000,-0.09951902831792832,0.0004809716820716875
flow_npe,5000,353553,N=n^(3/2),18,lambda,posterior_samples.pkl,10000,100.0488000404358,0.048800040435793335
flow_npe,5000,353553,N=n^(3/2),18,sigma,posterior_samples.pkl,10000,2.0031769181639887,0.0031769181639886845
flow_npe,5000,353553,N=n^(3/2),18,xi,posterior_samples.pkl,10000,-0.10531299846172333,-0.005312998461723326
flow_npe,5000,353553,N=n^(3/2),19,lambda,posterior_samples.pkl,10000,99.96771664352417,-0.032283356475829805
flow_npe,5000,353553,N=n^(3/2),19,sigma,posterior_samples.pkl,10000,1.9995941425919532,-0.0004058574080467725
flow_npe,5000,353553,N=n^(3/2),19,xi,posterior_samples.pkl,10000,-0.10475640814304352,-0.004756408143043511
flow_npe,5000,353553,N=n^(3/2),20,lambda,posterior_samples.pkl,10000,99.86151924285889,-0.1384807571411102
flow_npe,5000,353553,N=n^(3/2),20,sigma,posterior_samples.pkl,10000,2.004904589728732,0.004904589728731867
flow_npe,5000,353553,N=n^(3/2),20,xi,posterior_samples.pkl,10000,-0.1042052255153656,-0.00420522551536559
flow_npe,5000,353553,N=n^(3/2),21,lambda,posterior_samples.pkl,10000,100.25943624649048,0.25943624649048047
flow_npe,5000,353553,N=n^(3/2),21,sigma,posterior_samples.pkl,10000,1.978027321624756,-0.02197267837524408
flow_npe,5000,353553,N=n^(3/2),21,xi,posterior_samples.pkl,10000,-0.10381840455532074,-0.0038184045553207313
flow_npe,5000,353553,N=n^(3/2),22,lambda,posterior_samples.pkl,10000,100.06923712310791,0.06923712310791075
flow_npe,5000,353553,N=n^(3/2),22,sigma,posterior_samples.pkl,10000,1.9866826942324638,-0.013317305767536203
flow_npe,5000,353553,N=n^(3/2),22,xi,posterior_samples.pkl,10000,-0.0977263463973999,0.002273653602600109
flow_npe,5000,353553,N=n^(3/2),23,lambda,posterior_samples.pkl,10000,100.07828027572631,0.07828027572631413
flow_npe,5000,353553,N=n^(3/2),23,sigma,posterior_samples.pkl,10000,1.9792363651663065,-0.02076363483369348
flow_npe,5000,353553,N=n^(3/2),23,xi,posterior_samples.pkl,10000,-0.09435175056457519,0.005648249435424815
flow_npe,5000,353553,N=n^(3/2),24,lambda,posterior_samples.pkl,10000,100.01683984966279,0.016839849662787287
flow_npe,5000,353553,N=n^(3/2),24,sigma,posterior_samples.pkl,10000,2.0261779447555543,0.02617794475555435
flow_npe,5000,353553,N=n^(3/2),24,xi,posterior_samples.pkl,10000,-0.10574743399620057,-0.005747433996200563
flow_npe,5000,353553,N=n^(3/2),25,lambda,posterior_samples.pkl,10000,99.89055532150269,-0.10944467849731154
flow_npe,5000,353553,N=n^(3/2),25,sigma,posterior_samples.pkl,10000,1.966820363196684,-0.033179636803315926
flow_npe,5000,353553,N=n^(3/2),25,xi,posterior_samples.pkl,10000,-0.10138601577281951,-0.0013860157728195072
flow_npe,5000,353553,N=n^(3/2),26,lambda,posterior_samples.pkl,10000,99.883485181427,-0.11651481857299473
flow_npe,5000,353553,N=n^(3/2),26,sigma,posterior_samples.pkl,10000,2.011455162489414,0.011455162489414139
flow_npe,5000,353553,N=n^(3/2),26,xi,posterior_samples.pkl,10000,-0.10974156997203827,-0.009741569972038261
flow_npe,5000,353553,N=n^(3/2),27,lambda,posterior_samples.pkl,10000,99.79429541778565,-0.20570458221435217
flow_npe,5000,353553,N=n^(3/2),27,sigma,posterior_samples.pkl,10000,2.0424250081153588,0.042425008115358764
flow_npe,5000,353553,N=n^(3/2),27,xi,posterior_samples.pkl,10000,-0.11066995625495911,-0.010669956254959104
flow_npe,5000,353553,N=n^(3/2),28,lambda,posterior_samples.pkl,10000,100.15843716201782,0.15843716201781888
flow_npe,5000,353553,N=n^(3/2),28,sigma,posterior_samples.pkl,10000,1.9715770077228547,-0.028422992277145287
flow_npe,5000,353553,N=n^(3/2),28,xi,posterior_samples.pkl,10000,-0.09960249269008636,0.0003975073099136417
flow_npe,5000,353553,N=n^(3/2),29,lambda,posterior_samples.pkl,10000,100.0079796913147,0.007979691314702109
flow_npe,5000,353553,N=n^(3/2),29,sigma,posterior_samples.pkl,10000,1.9900434642359615,-0.009956535764038543
flow_npe,5000,353553,N=n^(3/2),29,xi,posterior_samples.pkl,10000,-0.10062278923988342,-0.0006227892398834173
flow_npe,5000,353553,N=n^(3/2),30,lambda,posterior_samples.pkl,10000,100.14501824264526,0.1450182426452642
flow_npe,5000,353553,N=n^(3/2),30,sigma,posterior_samples.pkl,10000,2.028399310741201,0.028399310741201056
flow_npe,5000,353553,N=n^(3/2),30,xi,posterior_samples.pkl,10000,-0.12282730665206909,-0.022827306652069085
flow_npe,5000,353553,N=n^(3/2),31,lambda,posterior_samples.pkl,10000,100.35546248397827,0.35546248397827185
flow_npe,5000,353553,N=n^(3/2),31,sigma,posterior_samples.pkl,10000,2.032800356245041,0.03280035624504096
flow_npe,5000,353553,N=n^(3/2),31,xi,posterior_samples.pkl,10000,-0.11479721467494965,-0.01479721467494964
flow_npe,5000,353553,N=n^(3/2),33,lambda,posterior_samples.pkl,10000,100.02461061248779,0.024610612487791172
flow_npe,5000,353553,N=n^(3/2),33,sigma,posterior_samples.pkl,10000,2.0260676577091217,0.026067657709121672
flow_npe,5000,353553,N=n^(3/2),33,xi,posterior_samples.pkl,10000,-0.10313120236396789,-0.003131202363967883
flow_npe,5000,353553,N=n^(3/2),35,lambda,posterior_samples.pkl,10000,99.80466089172363,-0.19533910827637158
flow_npe,5000,353553,N=n^(3/2),35,sigma,posterior_samples.pkl,10000,2.0143506774544715,0.014350677454471494
flow_npe,5000,353553,N=n^(3/2),35,xi,posterior_samples.pkl,10000,-0.10577290432453156,-0.00577290432453155
flow_npe,5000,353553,N=n^(3/2),36,lambda,posterior_samples.pkl,10000,100.00896720428467,0.008967204284672903
flow_npe,5000,353553,N=n^(3/2),36,sigma,posterior_samples.pkl,10000,2.0210852284135297,0.021085228413529666
flow_npe,5000,353553,N=n^(3/2),36,xi,posterior_samples.pkl,10000,-0.11422496684789657,-0.014224966847896564
flow_npe,5000,353553,N=n^(3/2),37,lambda,posterior_samples.pkl,10000,100.27394617767334,0.27394617767333784
flow_npe,5000,353553,N=n^(3/2),37,sigma,posterior_samples.pkl,10000,2.0121021104673855,0.012102110467385518
flow_npe,5000,353553,N=n^(3/2),37,xi,posterior_samples.pkl,10000,-0.09847208689451217,0.0015279131054878325
flow_npe,5000,353553,N=n^(3/2),38,lambda,posterior_samples.pkl,10000,100.25157368850708,0.2515736885070794
flow_npe,5000,353553,N=n^(3/2),38,sigma,posterior_samples.pkl,10000,2.036361120371148,0.036361120371148026
flow_npe,5000,353553,N=n^(3/2),38,xi,posterior_samples.pkl,10000,-0.1259727619290352,-0.025972761929035193
flow_npe,5000,353553,N=n^(3/2),41,lambda,posterior_samples.pkl,10000,99.71182711715699,-0.2881728828430141
flow_npe,5000,353553,N=n^(3/2),41,sigma,posterior_samples.pkl,10000,1.998374631166458,-0.001625368833541918
flow_npe,5000,353553,N=n^(3/2),41,xi,posterior_samples.pkl,10000,-0.11123708369731904,-0.01123708369731903
flow_npe,5000,353553,N=n^(3/2),42,lambda,posterior_samples.pkl,10000,100.26184520454407,0.26184520454407334
flow_npe,5000,353553,N=n^(3/2),42,sigma,posterior_samples.pkl,10000,1.9852172001004218,-0.014782799899578203
flow_npe,5000,353553,N=n^(3/2),42,xi,posterior_samples.pkl,10000,-0.09301754071712494,0.006982459282875067
flow_npe,5000,353553,N=n^(3/2),43,lambda,posterior_samples.pkl,10000,100.17894360198974,0.17894360198974368
flow_npe,5000,353553,N=n^(3/2),43,sigma,posterior_samples.pkl,10000,2.0084815648041667,0.00848156480416673
flow_npe,5000,353553,N=n^(3/2),43,xi,posterior_samples.pkl,10000,-0.1019219255566597,-0.0019219255566596954
flow_npe,5000,353553,N=n^(3/2),45,lambda,posterior_samples.pkl,10000,99.77796439666749,-0.2220356033325146
flow_npe,5000,353553,N=n^(3/2),45,sigma,posterior_samples.pkl,10000,1.9720809326291084,-0.02791906737089156
flow_npe,5000,353553,N=n^(3/2),45,xi,posterior_samples.pkl,10000,-0.08844392218589783,0.011556077814102172
flow_npe,5000,353553,N=n^(3/2),46,lambda,posterior_samples.pkl,10000,100.13661389083862,0.13661389083861764
flow_npe,5000,353553,N=n^(3/2),46,sigma,posterior_samples.pkl,10000,1.979774851357937,-0.02022514864206304
flow_npe,5000,353553,N=n^(3/2),46,xi,posterior_samples.pkl,10000,-0.10098692157268524,-0.0009869215726852343
flow_npe,5000,353553,N=n^(3/2),49,lambda,posterior_samples.pkl,10000,99.930058543396,-0.06994145660399909
flow_npe,5000,353553,N=n^(3/2),49,sigma,posterior_samples.pkl,10000,2.013072612464428,0.013072612464427813
flow_npe,5000,353553,N=n^(3/2),49,xi,posterior_samples.pkl,10000,-0.09985648386478424,0.00014351613521576545
flow_npe,5000,353553,N=n^(3/2),51,lambda,posterior_samples.pkl,10000,99.77189444351197,-0.22810555648803188
flow_npe,5000,353553,N=n^(3/2),51,sigma,posterior_samples.pkl,10000,1.9824712458014488,-0.017528754198551155
flow_npe,5000,353553,N=n^(3/2),51,xi,posterior_samples.pkl,10000,-0.09829876711368561,0.0017012328863143938
flow_npe,5000,353553,N=n^(3/2),52,lambda,posterior_samples.pkl,10000,100.07183450317383,0.07183450317383233
flow_npe,5000,353553,N=n^(3/2),52,sigma,posterior_samples.pkl,10000,2.0857233163617552,0.08572331636175523
flow_npe,5000,353553,N=n^(3/2),52,xi,posterior_samples.pkl,10000,-0.14882305271625518,-0.04882305271625517
flow_npe,5000,353553,N=n^(3/2),54,lambda,posterior_samples.pkl,10000,99.97539180908203,-0.024608190917973616
flow_npe,5000,353553,N=n^(3/2),54,sigma,posterior_samples.pkl,10000,1.9968485358623789,-0.0031514641376211294
flow_npe,5000,353553,N=n^(3/2),54,xi,posterior_samples.pkl,10000,-0.09218702454566956,0.007812975454330448
flow_npe,5000,353553,N=n^(3/2),55,lambda,posterior_samples.pkl,10000,100.05390853729249,0.0539085372924859
flow_npe,5000,353553,N=n^(3/2),55,sigma,posterior_samples.pkl,10000,1.9776051391363143,-0.022394860863685695
flow_npe,5000,353553,N=n^(3/2),55,xi,posterior_samples.pkl,10000,-0.09585481147766113,0.004145188522338875
flow_npe,5000,353553,N=n^(3/2),56,lambda,posterior_samples.pkl,10000,100.0934512702942,0.09345127029419587
flow_npe,5000,353553,N=n^(3/2),56,sigma,posterior_samples.pkl,10000,1.9975976331114769,-0.002402366888523133
flow_npe,5000,353553,N=n^(3/2),56,xi,posterior_samples.pkl,10000,-0.09481006932258607,0.00518993067741394
flow_npe,5000,353553,N=n^(3/2),57,lambda,posterior_samples.pkl,10000,100.05241609344482,0.05241609344481901
flow_npe,5000,353553,N=n^(3/2),57,sigma,posterior_samples.pkl,10000,2.031721927297115,0.031721927297115204
flow_npe,5000,353553,N=n^(3/2),57,xi,posterior_samples.pkl,10000,-0.1126648773908615,-0.012664877390861501
flow_npe,5000,353553,N=n^(3/2),58,lambda,posterior_samples.pkl,10000,99.7015146659851,-0.29848533401489874
flow_npe,5000,353553,N=n^(3/2),58,sigma,posterior_samples.pkl,10000,2.014471216636151,0.01447121663615114
flow_npe,5000,353553,N=n^(3/2),58,xi,posterior_samples.pkl,10000,-0.0987972553730011,0.0012027446269989028
flow_npe,5000,353553,N=n^(3/2),59,lambda,posterior_samples.pkl,10000,100.05843127593994,0.05843127593993813
flow_npe,5000,353553,N=n^(3/2),59,sigma,posterior_samples.pkl,10000,2.0148537674188614,0.014853767418861352
flow_npe,5000,353553,N=n^(3/2),59,xi,posterior_samples.pkl,10000,-0.10548849178552627,-0.005488491785526267
flow_npe,5000,353553,N=n^(3/2),60,lambda,posterior_samples.pkl,10000,100.08364101638794,0.08364101638794352
flow_npe,5000,353553,N=n^(3/2),60,sigma,posterior_samples.pkl,10000,2.0148680554032325,0.01486805540323255
flow_npe,5000,353553,N=n^(3/2),60,xi,posterior_samples.pkl,10000,-0.10704978102445603,-0.0070497810244560255
flow_npe,5000,353553,N=n^(3/2),61,lambda,posterior_samples.pkl,10000,99.96578508300782,-0.03421491699218393
flow_npe,5000,353553,N=n^(3/2),61,sigma,posterior_samples.pkl,10000,2.0068063670754435,0.006806367075443465
flow_npe,5000,353553,N=n^(3/2),61,xi,posterior_samples.pkl,10000,-0.10554791028499604,-0.00554791028499603
flow_npe,5000,353553,N=n^(3/2),62,lambda,posterior_samples.pkl,10000,99.40231533813477,-0.5976846618652303
flow_npe,5000,353553,N=n^(3/2),62,sigma,posterior_samples.pkl,10000,2.031796891259402,0.031796891259402216
flow_npe,5000,353553,N=n^(3/2),62,xi,posterior_samples.pkl,10000,-0.11897042758464814,-0.018970427584648134
flow_npe,5000,353553,N=n^(3/2),63,lambda,posterior_samples.pkl,10000,100.02807705993652,0.02807705993652121
flow_npe,5000,353553,N=n^(3/2),63,sigma,posterior_samples.pkl,10000,2.023484064348042,0.023484064348041844
flow_npe,5000,353553,N=n^(3/2),63,xi,posterior_samples.pkl,10000,-0.1072688577890396,-0.007268857789039601
flow_npe,5000,353553,N=n^(3/2),64,lambda,posterior_samples.pkl,10000,100.10702631072998,0.10702631072997804
flow_npe,5000,353553,N=n^(3/2),64,sigma,posterior_samples.pkl,10000,1.9808886533498764,-0.019111346650123595
flow_npe,5000,353553,N=n^(3/2),64,xi,posterior_samples.pkl,10000,-0.09793863832950592,0.0020613616704940885
flow_npe,5000,353553,N=n^(3/2),65,lambda,posterior_samples.pkl,10000,100.3093355594635,0.30933555946350566
flow_npe,5000,353553,N=n^(3/2),65,sigma,posterior_samples.pkl,10000,1.9843375448159408,-0.015662455184059176
flow_npe,5000,353553,N=n^(3/2),65,xi,posterior_samples.pkl,10000,-0.10098416981697082,-0.0009841698169708174
flow_npe,5000,353553,N=n^(3/2),66,lambda,posterior_samples.pkl,10000,99.63541701431275,-0.36458298568724956
flow_npe,5000,353553,N=n^(3/2),66,sigma,posterior_samples.pkl,10000,2.040111558694486,0.040111558694485794
flow_npe,5000,353553,N=n^(3/2),66,xi,posterior_samples.pkl,10000,-0.11576002871990204,-0.015760028719902036
flow_npe,5000,353553,N=n^(3/2),69,lambda,posterior_samples.pkl,10000,99.85168076324463,-0.14831923675536984
flow_npe,5000,353553,N=n^(3/2),69,sigma,posterior_samples.pkl,10000,1.9917821822404862,-0.008217817759513801
flow_npe,5000,353553,N=n^(3/2),69,xi,posterior_samples.pkl,10000,-0.10238142399787903,-0.002381423997879023
flow_npe,5000,353553,N=n^(3/2),70,lambda,posterior_samples.pkl,10000,99.87606975021362,-0.12393024978638323
flow_npe,5000,353553,N=n^(3/2),70,sigma,posterior_samples.pkl,10000,2.0211963464143685,0.021196346414368517
flow_npe,5000,353553,N=n^(3/2),70,xi,posterior_samples.pkl,10000,-0.10420087976455689,-0.004200879764556881
flow_npe,5000,353553,N=n^(3/2),71,lambda,posterior_samples.pkl,10000,99.94003246383667,-0.059967536163327395
flow_npe,5000,353553,N=n^(3/2),71,sigma,posterior_samples.pkl,10000,1.945880769851245,-0.05411923014875497
flow_npe,5000,353553,N=n^(3/2),71,xi,posterior_samples.pkl,10000,-0.08506245331764221,0.014937546682357791
flow_npe,5000,353553,N=n^(3/2),72,lambda,posterior_samples.pkl,10000,100.1414999130249,0.1414999130249015
flow_npe,5000,353553,N=n^(3/2),72,sigma,posterior_samples.pkl,10000,2.0223899496097117,0.022389949609711746
flow_npe,5000,353553,N=n^(3/2),72,xi,posterior_samples.pkl,10000,-0.11017720098495483,-0.010177200984954823
flow_npe,5000,353553,N=n^(3/2),73,lambda,posterior_samples.pkl,10000,99.8172020866394,-0.18279791336060214
flow_npe,5000,353553,N=n^(3/2),73,sigma,posterior_samples.pkl,10000,1.9880523197316098,-0.011947680268390215
flow_npe,5000,353553,N=n^(3/2),73,xi,posterior_samples.pkl,10000,-0.11981398603916169,-0.01981398603916168
flow_npe,5000,353553,N=n^(3/2),75,lambda,posterior_samples.pkl,10000,100.03982623443603,0.039826234436034724
flow_npe,5000,353553,N=n^(3/2),75,sigma,posterior_samples.pkl,10000,1.978139736101404,-0.021860263898596077
flow_npe,5000,353553,N=n^(3/2),75,xi,posterior_samples.pkl,10000,-0.10935917425155639,-0.009359174251556385
flow_npe,5000,353553,N=n^(3/2),76,lambda,posterior_samples.pkl,10000,99.90379846115113,-0.09620153884887372
flow_npe,5000,353553,N=n^(3/2),76,sigma,posterior_samples.pkl,10000,2.059664815533161,0.059664815533161164
flow_npe,5000,353553,N=n^(3/2),76,xi,posterior_samples.pkl,10000,-0.11803267430067062,-0.018032674300670612
flow_npe,5000,353553,N=n^(3/2),77,lambda,posterior_samples.pkl,10000,100.16692380294799,0.16692380294799136
flow_npe,5000,353553,N=n^(3/2),77,sigma,posterior_samples.pkl,10000,2.0294618248447778,0.029461824844777773
flow_npe,5000,353553,N=n^(3/2),77,xi,posterior_samples.pkl,10000,-0.11324941314458847,-0.013249413144588468
flow_npe,5000,353553,N=n^(3/2),78,lambda,posterior_samples.pkl,10000,99.9937272529602,-0.006272747039801629
flow_npe,5000,353553,N=n^(3/2),78,sigma,posterior_samples.pkl,10000,2.012832317531109,0.012832317531108917
flow_npe,5000,353553,N=n^(3/2),78,xi,posterior_samples.pkl,10000,-0.097314218044281,0.002685781955719002
flow_npe,5000,353553,N=n^(3/2),79,lambda,posterior_samples.pkl,10000,99.7237349494934,-0.2762650505065949
flow_npe,5000,353553,N=n^(3/2),79,sigma,posterior_samples.pkl,10000,1.9891583754092454,-0.01084162459075455
flow_npe,5000,353553,N=n^(3/2),79,xi,posterior_samples.pkl,10000,-0.09921793849468231,0.000782061505317691
flow_npe,5000,353553,N=n^(3/2),82,lambda,posterior_samples.pkl,10000,99.92164197311402,-0.07835802688597937
flow_npe,5000,353553,N=n^(3/2),82,sigma,posterior_samples.pkl,10000,2.0029262941122057,0.002926294112205685
flow_npe,5000,353553,N=n^(3/2),82,xi,posterior_samples.pkl,10000,-0.1015015440583229,-0.0015015440583228956
flow_npe,5000,353553,N=n^(3/2),84,lambda,posterior_samples.pkl,10000,100.21568543548584,0.21568543548583818
flow_npe,5000,353553,N=n^(3/2),84,sigma,posterior_samples.pkl,10000,2.040801163005829,0.04080116300582892
flow_npe,5000,353553,N=n^(3/2),84,xi,posterior_samples.pkl,10000,-0.1341972198486328,-0.034197219848632804
flow_npe,5000,353553,N=n^(3/2),85,lambda,posterior_samples.pkl,10000,100.09842775650024,0.09842775650024294
flow_npe,5000,353553,N=n^(3/2),85,sigma,posterior_samples.pkl,10000,1.9667253982543946,-0.03327460174560537
flow_npe,5000,353553,N=n^(3/2),85,xi,posterior_samples.pkl,10000,-0.10062688164710999,-0.0006268816471099864
flow_npe,5000,353553,N=n^(3/2),86,lambda,posterior_samples.pkl,10000,99.99161242294312,-0.008387577056879536
flow_npe,5000,353553,N=n^(3/2),86,sigma,posterior_samples.pkl,10000,1.9698826613724232,-0.030117338627576817
flow_npe,5000,353553,N=n^(3/2),86,xi,posterior_samples.pkl,10000,-0.0975909916639328,0.002409008336067206
flow_npe,5000,353553,N=n^(3/2),87,lambda,posterior_samples.pkl,10000,100.09865820083618,0.0986582008361836
flow_npe,5000,353553,N=n^(3/2),87,sigma,posterior_samples.pkl,10000,1.9726294177790173,-0.027370582220982653
flow_npe,5000,353553,N=n^(3/2),87,xi,posterior_samples.pkl,10000,-0.09394359564781189,0.006056404352188113
flow_npe,5000,353553,N=n^(3/2),88,lambda,posterior_samples.pkl,10000,100.09795362167358,0.09795362167358235
flow_npe,5000,353553,N=n^(3/2),88,sigma,posterior_samples.pkl,10000,1.9919220188975335,-0.008077981102466492
flow_npe,5000,353553,N=n^(3/2),88,xi,posterior_samples.pkl,10000,-0.09769671730995179,0.0023032826900482167
flow_npe,5000,353553,N=n^(3/2),89,lambda,posterior_samples.pkl,10000,99.75027197265625,-0.24972802734374966
flow_npe,5000,353553,N=n^(3/2),89,sigma,posterior_samples.pkl,10000,2.012080079843989,0.012080079843988845
flow_npe,5000,353553,N=n^(3/2),89,xi,posterior_samples.pkl,10000,-0.11033684582710267,-0.010336845827102661
flow_npe,5000,353553,N=n^(3/2),90,lambda,posterior_samples.pkl,10000,99.69975764160156,-0.30024235839843527
flow_npe,5000,353553,N=n^(3/2),90,sigma,posterior_samples.pkl,10000,1.9989648736875505,-0.001035126312449508
flow_npe,5000,353553,N=n^(3/2),90,xi,posterior_samples.pkl,10000,-0.10214381151199341,-0.0021438115119934015
flow_npe,5000,353553,N=n^(3/2),91,lambda,posterior_samples.pkl,10000,99.78919776763917,-0.21080223236083384
flow_npe,5000,353553,N=n^(3/2),91,sigma,posterior_samples.pkl,10000,1.9917537137269974,-0.008246286273002612
flow_npe,5000,353553,N=n^(3/2),91,xi,posterior_samples.pkl,10000,-0.10041113457679748,-0.00041113457679747833
flow_npe,5000,353553,N=n^(3/2),92,lambda,posterior_samples.pkl,10000,99.93249188156128,-0.06750811843872384
flow_npe,5000,353553,N=n^(3/2),92,sigma,posterior_samples.pkl,10000,2.011767264672462,0.01176726467246203
flow_npe,5000,353553,N=n^(3/2),92,xi,posterior_samples.pkl,10000,-0.10600548467636109,-0.006005484676361084
flow_npe,5000,353553,N=n^(3/2),93,lambda,posterior_samples.pkl,10000,99.8987664680481,-0.10123353195190532
flow_npe,5000,353553,N=n^(3/2),93,sigma,posterior_samples.pkl,10000,2.012814011311531,0.012814011311530926
flow_npe,5000,353553,N=n^(3/2),93,xi,posterior_samples.pkl,10000,-0.10301011168956757,-0.0030101116895675656
flow_npe,5000,353553,N=n^(3/2),94,lambda,posterior_samples.pkl,10000,100.11949017181396,0.11949017181396471
flow_npe,5000,353553,N=n^(3/2),94,sigma,posterior_samples.pkl,10000,2.014178156661987,0.014178156661987185
flow_npe,5000,353553,N=n^(3/2),94,xi,posterior_samples.pkl,10000,-0.10525761775970459,-0.005257617759704583
flow_npe,5000,353553,N=n^(3/2),95,lambda,posterior_samples.pkl,10000,99.8407963104248,-0.15920368957519315
flow_npe,5000,353553,N=n^(3/2),95,sigma,posterior_samples.pkl,10000,1.997832646226883,-0.0021673537731170534
flow_npe,5000,353553,N=n^(3/2),95,xi,posterior_samples.pkl,10000,-0.10143697164058685,-0.0014369716405868427
flow_npe,5000,353553,N=n^(3/2),96,lambda,posterior_samples.pkl,10000,100.05655587768555,0.056555877685553924
flow_npe,5000,353553,N=n^(3/2),96,sigma,posterior_samples.pkl,10000,1.980552019889839,-0.019447980110161023
flow_npe,5000,353553,N=n^(3/2),96,xi,posterior_samples.pkl,10000,-0.09976221857070923,0.00023778142929077595
flow_npe,5000,353553,N=n^(3/2),97,lambda,posterior_samples.pkl,10000,100.22517268447876,0.22517268447876404
flow_npe,5000,353553,N=n^(3/2),97,sigma,posterior_samples.pkl,10000,1.9888953753471375,-0.01110462465286255
flow_npe,5000,353553,N=n^(3/2),97,xi,posterior_samples.pkl,10000,-0.10619325953722,-0.006193259537219997
flow_npe,5000,353553,N=n^(3/2),99,lambda,posterior_samples.pkl,10000,99.91917553710938,-0.08082446289061807
flow_npe,5000,353553,N=n^(3/2),99,sigma,posterior_samples.pkl,10000,2.033606615507603,0.03360661550760291
flow_npe,5000,353553,N=n^(3/2),99,xi,posterior_samples.pkl,10000,-0.10883684952259064,-0.008836849522590631
flow_npe,5000,353553,N=n^(3/2),100,lambda,posterior_samples.pkl,10000,100.34098978271484,0.3409897827148427
flow_npe,5000,353553,N=n^(3/2),100,sigma,posterior_samples.pkl,10000,2.034633887255192,0.0346338872551919
flow_npe,5000,353553,N=n^(3/2),100,xi,posterior_samples.pkl,10000,-0.11823354170322418,-0.01823354170322418
flow_npe,5000,2500000,other,5,lambda,posterior_samples.pkl,10000,99.95396495685577,-0.04603504314422935
flow_npe,5000,2500000,other,5,sigma,posterior_samples.pkl,10000,1.988732657122612,-0.011267342877387954
flow_npe,5000,2500000,other,5,xi,posterior_samples.pkl,10000,-0.09595671329498291,0.004043286705017093
flow_npe,5000,2500000,other,6,lambda,posterior_samples.pkl,10000,100.06262827072143,0.06262827072143295
flow_npe,5000,2500000,other,6,sigma,posterior_samples.pkl,10000,1.991596956706047,-0.008403043293953028
flow_npe,5000,2500000,other,6,xi,posterior_samples.pkl,10000,-0.09915162649154663,0.0008483735084533761
flow_npe,5000,2500000,other,12,lambda,posterior_samples.pkl,10000,100.05104630355835,0.05104630355835127
flow_npe,5000,2500000,other,12,sigma,posterior_samples.pkl,10000,2.004655845633056,0.004655845633056099
flow_npe,5000,2500000,other,12,xi,posterior_samples.pkl,10000,-0.09906595797538757,0.0009340420246124331
flow_npe,5000,2500000,other,14,lambda,posterior_samples.pkl,10000,100.10530593643189,0.10530593643188979
flow_npe,5000,2500000,other,14,sigma,posterior_samples.pkl,10000,2.044111747462419,0.04411174746241908
flow_npe,5000,2500000,other,14,xi,posterior_samples.pkl,10000,-0.11165619041919708,-0.011656190419197077
flow_npe,5000,2500000,other,17,lambda,posterior_samples.pkl,10000,100.04348209075928,0.043482090759283665
flow_npe,5000,2500000,other,17,sigma,posterior_samples.pkl,10000,1.9998277265429496,-0.0001722734570503981
flow_npe,5000,2500000,other,17,xi,posterior_samples.pkl,10000,-0.09993365616798401,6.634383201599425e-05
flow_npe,5000,2500000,other,18,lambda,posterior_samples.pkl,10000,99.93124412841797,-0.06875587158202734
flow_npe,5000,2500000,other,18,sigma,posterior_samples.pkl,10000,1.9986019096493721,-0.0013980903506278786
flow_npe,5000,2500000,other,18,xi,posterior_samples.pkl,10000,-0.09994145560264588,5.854439735412942e-05
flow_npe,5000,2500000,other,20,lambda,posterior_samples.pkl,10000,99.89764474830628,-0.10235525169372295
flow_npe,5000,2500000,other,20,sigma,posterior_samples.pkl,10000,2.0206959182977675,0.020695918297767513
flow_npe,5000,2500000,other,20,xi,posterior_samples.pkl,10000,-0.10511918070316315,-0.00511918070316314
flow_npe,5000,2500000,other,21,lambda,posterior_samples.pkl,10000,100.27523807678223,0.2752380767822302
flow_npe,5000,2500000,other,21,sigma,posterior_samples.pkl,10000,1.986144352388382,-0.01385564761161806
flow_npe,5000,2500000,other,21,xi,posterior_samples.pkl,10000,-0.10103154466152191,-0.001031544661521902
flow_npe,5000,2500000,other,22,lambda,posterior_samples.pkl,10000,100.13674535064698,0.1367453506469758
flow_npe,5000,2500000,other,22,sigma,posterior_samples.pkl,10000,2.017532743704319,0.01753274370431912
flow_npe,5000,2500000,other,22,xi,posterior_samples.pkl,10000,-0.10498624651432037,-0.004986246514320364
flow_npe,5000,2500000,other,25,lambda,posterior_samples.pkl,10000,99.9788219215393,-0.021178078460692973
flow_npe,5000,2500000,other,25,sigma,posterior_samples.pkl,10000,1.9660954040386713,-0.033904595961328665
flow_npe,5000,2500000,other,25,xi,posterior_samples.pkl,10000,-0.08326832735538482,0.016731672644615184
flow_npe,5000,2500000,other,28,lambda,posterior_samples.pkl,10000,100.15619959106445,0.1561995910644498
flow_npe,5000,2500000,other,28,sigma,posterior_samples.pkl,10000,1.9861481533527374,-0.013851846647262578
flow_npe,5000,2500000,other,28,xi,posterior_samples.pkl,10000,-0.09864193568229675,0.0013580643177032586
flow_npe,5000,2500000,other,32,lambda,posterior_samples.pkl,10000,99.95725494766235,-0.04274505233765069
flow_npe,5000,2500000,other,32,sigma,posterior_samples.pkl,10000,2.0037806716918944,0.003780671691894444
flow_npe,5000,2500000,other,32,xi,posterior_samples.pkl,10000,-0.105979621052742,-0.005979621052741996
flow_npe,5000,2500000,other,36,lambda,posterior_samples.pkl,10000,100.00696430969238,0.006964309692378379
flow_npe,5000,2500000,other,36,sigma,posterior_samples.pkl,10000,2.007057813364267,0.00705781336426714
flow_npe,5000,2500000,other,36,xi,posterior_samples.pkl,10000,-0.10231462519168853,-0.002314625191688527
flow_npe,5000,2500000,other,38,lambda,posterior_samples.pkl,10000,100.40911974639893,0.4091197463989289
flow_npe,5000,2500000,other,38,sigma,posterior_samples.pkl,10000,2.006387796843052,0.006387796843052129
flow_npe,5000,2500000,other,38,xi,posterior_samples.pkl,10000,-0.10510351033210755,-0.0051035103321075415
flow_npe,5000,2500000,other,40,lambda,posterior_samples.pkl,10000,100.07277873706818,0.07277873706817672
flow_npe,5000,2500000,other,40,sigma,posterior_samples.pkl,10000,2.0227830956459045,0.022783095645904528
flow_npe,5000,2500000,other,40,xi,posterior_samples.pkl,10000,-0.10568246839046479,-0.005682468390464782
flow_npe,5000,2500000,other,45,lambda,posterior_samples.pkl,10000,99.80660372543335,-0.19339627456665198
flow_npe,5000,2500000,other,45,sigma,posterior_samples.pkl,10000,2.0012372490882875,0.0012372490882874843
flow_npe,5000,2500000,other,45,xi,posterior_samples.pkl,10000,-0.10217196176052093,-0.002171961760520924
flow_npe,5000,2500000,other,47,lambda,posterior_samples.pkl,10000,100.03098275299072,0.03098275299072384
flow_npe,5000,2500000,other,47,sigma,posterior_samples.pkl,10000,2.0529375935435294,0.05293759354352945
flow_npe,5000,2500000,other,47,xi,posterior_samples.pkl,10000,-0.11936454474925995,-0.019364544749259943
flow_npe,5000,2500000,other,53,lambda,posterior_samples.pkl,10000,99.92607065696717,-0.07392934303283027
flow_npe,5000,2500000,other,53,sigma,posterior_samples.pkl,10000,1.9917774760603906,-0.008222523939609427
flow_npe,5000,2500000,other,53,xi,posterior_samples.pkl,10000,-0.09535638995170594,0.0046436100482940695
flow_npe,5000,2500000,other,57,lambda,posterior_samples.pkl,10000,100.22977323036194,0.22977323036194264
flow_npe,5000,2500000,other,57,sigma,posterior_samples.pkl,10000,2.0123178979203105,0.012317897920310461
flow_npe,5000,2500000,other,57,xi,posterior_samples.pkl,10000,-0.1014407651424408,-0.001440765142440792
flow_npe,5000,2500000,other,62,lambda,posterior_samples.pkl,10000,99.48264673843384,-0.5173532615661571
flow_npe,5000,2500000,other,62,sigma,posterior_samples.pkl,10000,2.0010725566148757,0.0010725566148757082
flow_npe,5000,2500000,other,62,xi,posterior_samples.pkl,10000,-0.10542647638320923,-0.005426476383209228
flow_npe,5000,2500000,other,71,lambda,posterior_samples.pkl,10000,99.83994603347779,-0.16005396652221293
flow_npe,5000,2500000,other,71,sigma,posterior_samples.pkl,10000,1.9981623535513877,-0.0018376464486122845
flow_npe,5000,2500000,other,71,xi,posterior_samples.pkl,10000,-0.10559628965854645,-0.005596289658546444
flow_npe,5000,2500000,other,78,lambda,posterior_samples.pkl,10000,100.04697550315856,0.04697550315856347
flow_npe,5000,2500000,other,78,sigma,posterior_samples.pkl,10000,2.021275601387024,0.02127560138702389
flow_npe,5000,2500000,other,78,xi,posterior_samples.pkl,10000,-0.10347880101203918,-0.003478801012039179
flow_npe,5000,2500000,other,86,lambda,posterior_samples.pkl,10000,99.97040878448486,-0.02959121551513988
flow_npe,5000,2500000,other,86,sigma,posterior_samples.pkl,10000,1.9715539310991763,-0.028446068900823684
flow_npe,5000,2500000,other,86,xi,posterior_samples.pkl,10000,-0.094767103099823,0.005232896900177003
flow_npe,5000,2500000,other,87,lambda,posterior_samples.pkl,10000,99.99674927215577,-0.003250727844232415
flow_npe,5000,2500000,other,87,sigma,posterior_samples.pkl,10000,1.9796923039611778,-0.02030769603882221
flow_npe,5000,2500000,other,87,xi,posterior_samples.pkl,10000,-0.09458192180395127,0.0054180781960487395
flow_npe,5000,2500000,other,95,lambda,posterior_samples.pkl,10000,99.69769265823365,-0.3023073417663511
flow_npe,5000,2500000,other,95,sigma,posterior_samples.pkl,10000,1.9955807774662973,-0.004419222533702749
flow_npe,5000,2500000,other,95,xi,posterior_samples.pkl,10000,-0.09976546049118042,0.00023453950881958952
flow_npe,5000,2500000,other,96,lambda,posterior_samples.pkl,10000,100.08511630401611,0.08511630401611114
flow_npe,5000,2500000,other,96,sigma,posterior_samples.pkl,10000,1.9851868712998868,-0.014813128700113198
flow_npe,5000,2500000,other,96,xi,posterior_samples.pkl,10000,-0.09480429921150207,0.005195700788497931
flow_npe,5000,25000000,N=n^2,71,lambda,posterior_samples.pkl,10000,99.83994603347779,-0.16005396652221293
flow_npe,5000,25000000,N=n^2,71,sigma,posterior_samples.pkl,10000,1.9981623535513877,-0.0018376464486122845
flow_npe,5000,25000000,N=n^2,71,xi,posterior_samples.pkl,10000,-0.10559628965854645,-0.005596289658546444
flow_npe,5000,25000000,N=n^2,78,lambda,posterior_samples.pkl,10000,100.04697550315856,0.04697550315856347
flow_npe,5000,25000000,N=n^2,78,sigma,posterior_samples.pkl,10000,2.021275601387024,0.02127560138702389
flow_npe,5000,25000000,N=n^2,78,xi,posterior_samples.pkl,10000,-0.10347880101203918,-0.003478801012039179
flow_npe,5000,25000000,N=n^2,86,lambda,posterior_samples.pkl,10000,99.97040878448486,-0.02959121551513988
flow_npe,5000,25000000,N=n^2,86,sigma,posterior_samples.pkl,10000,1.9715539310991763,-0.028446068900823684
flow_npe,5000,25000000,N=n^2,86,xi,posterior_samples.pkl,10000,-0.094767103099823,0.005232896900177003
