method,source,n,N,N_label,seed,param,x,density
flow_npe,posterior_samples.pkl,1000,1000,N=n,1,lambda,90.0,0.0002864029459942628
flow_npe,posterior_samples.pkl,1000,1000,N=n,1,lambda,90.0501253132832,0.0002868604872014392
flow_npe,posterior_samples.pkl,1000,1000,N=n,1,lambda,90.10025062656642,0.000287388572001715
flow_npe,posterior_samples.pkl,1000,1000,N=n,1,lambda,90.15037593984962,0.0002879872997650701
flow_npe,posterior_samples.pkl,1000,1000,N=n,1,lambda,90.20050125313283,0.00028865685752999074
flow_npe,posterior_samples.pkl,1000,1000,N=n,1,lambda,90.25062656641605,0.00028939760882789586
flow_npe,posterior_samples.pkl,1000,1000,N=n,1,lambda,90.30075187969925,0.0002902101858942114
flow_npe,posterior_samples.pkl,1000,1000,N=n,1,lambda,90.35087719298245,0.00029109558454442914
flow_npe,posterior_samples.pkl,1000,1000,N=n,1,lambda,90.40100250626567,0.00029205526099382686
flow_npe,posterior_samples.pkl,1000,1000,N=n,1,lambda,90.45112781954887,0.0002930912299119262
flow_npe,posterior_samples.pkl,1000,1000,N=n,1,lambda,90.50125313283208,0.000294206163027092
flow_npe,posterior_samples.pkl,1000,1000,N=n,1,lambda,90.5513784461153,0.0002954034876327572
flow_npe,posterior_samples.pkl,1000,1000,N=n,1,lambda,90.6015037593985,0.0002966874843942727
flow_npe,posterior_samples.pkl,1000,1000,N=n,1,lambda,90.6516290726817,0.0002980633839137231
flow_npe,posterior_samples.pkl,1000,1000,N=n,1,lambda,90.70175438596492,0.0002995374615785978
flow_npe,posterior_samples.pkl,1000,1000,N=n,1,lambda,90.75187969924812,0.0003011171302980136
flow_npe,posterior_samples.pkl,1000,1000,N=n,1,lambda,90.80200501253132,0.00030281103081635077
flow_npe,posterior_samples.pkl,1000,1000,N=n,1,lambda,90.85213032581454,0.0003046291193873878
flow_npe,posterior_samples.pkl,1000,1000,N=n,1,lambda,90.90225563909775,0.00030658275269117237
flow_npe,posterior_samples.pkl,1000,1000,N=n,1,lambda,90.95238095238095,0.000308684769979358
flow_npe,posterior_samples.pkl,1000,1000,N=n,1,lambda,91.00250626566417,0.0003109495725411923
flow_npe,posterior_samples.pkl,1000,1000,N=n,1,lambda,91.05263157894737,0.00031339320069018504
flow_npe,posterior_samples.pkl,1000,1000,N=n,1,lambda,91.10275689223057,0.0003160334085787197
flow_npe,posterior_samples.pkl,1000,1000,N=n,1,lambda,91.15288220551379,0.000318889737253297
flow_npe,posterior_samples.pkl,1000,1000,N=n,1,lambda,91.203007518797,0.0003219835864644377
flow_npe,posterior_samples.pkl,1000,1000,N=n,1,lambda,91.2531328320802,0.00032533828584113
flow_npe,posterior_samples.pkl,1000,1000,N=n,1,lambda,91.30325814536342,0.00032897916612810397
flow_npe,posterior_samples.pkl,1000,1000,N=n,1,lambda,91.35338345864662,0.0003329336312635932
flow_npe,posterior_samples.pkl,1000,1000,N=n,1,lambda,91.40350877192982,0.000337231232143843
flow_npe,posterior_samples.pkl,1000,1000,N=n,1,lambda,91.45363408521304,0.0003419037429770374
flow_npe,posterior_samples.pkl,1000,1000,N=n,1,lambda,91.50375939849624,0.00034698524117187995
flow_npe,posterior_samples.pkl,1000,1000,N=n,1,lambda,91.55388471177945,0.0003525121917337429
flow_npe,posterior_samples.pkl,1000,1000,N=n,1,lambda,91.60401002506265,0.0003585235371528412
flow_npe,posterior_samples.pkl,1000,1000,N=n,1,lambda,91.65413533834587,0.00036506079376313135
flow_npe,posterior_samples.pkl,1000,1000,N=n,1,lambda,91.70426065162907,0.00037216815552737167
flow_npe,posterior_samples.pkl,1000,1000,N=n,1,lambda,91.75438596491227,0.000379892606161926
flow_npe,posterior_samples.pkl,1000,1000,N=n,1,lambda,91.80451127819549,0.0003882840404545019
flow_npe,posterior_samples.pkl,1000,1000,N=n,1,lambda,91.8546365914787,0.0003973953955491261
flow_npe,posterior_samples.pkl,1000,1000,N=n,1,lambda,91.9047619047619,0.000407282792875336
flow_npe,posterior_samples.pkl,1000,1000,N=n,1,lambda,91.95488721804512,0.00041800569128355947
flow_npe,posterior_samples.pkl,1000,1000,N=n,1,lambda,92.00501253132832,0.0004296270518167433
flow_npe,posterior_samples.pkl,1000,1000,N=n,1,lambda,92.05513784461152,0.00044221351440086604
flow_npe,posterior_samples.pkl,1000,1000,N=n,1,lambda,92.10526315789474,0.00045583558657500165
flow_npe,posterior_samples.pkl,1000,1000,N=n,1,lambda,92.15538847117794,0.0004705678442075399
flow_npe,posterior_samples.pkl,1000,1000,N=n,1,lambda,92.20551378446115,0.0004864891439608795
flow_npe,posterior_samples.pkl,1000,1000,N=n,1,lambda,92.25563909774436,0.0005036828470740992
flow_npe,posterior_samples.pkl,1000,1000,N=n,1,lambda,92.30576441102757,0.0005222370538360212
flow_npe,posterior_samples.pkl,1000,1000,N=n,1,lambda,92.35588972431077,0.0005422448479208084
flow_npe,posterior_samples.pkl,1000,1000,N=n,1,lambda,92.40601503759399,0.0005638045495594855
flow_npe,posterior_samples.pkl,1000,1000,N=n,1,lambda,92.45614035087719,0.0005870199763259662
flow_npe,posterior_samples.pkl,1000,1000,N=n,1,lambda,92.5062656641604,0.0006120007101295264
flow_npe,posterior_samples.pkl,1000,1000,N=n,1,lambda,92.55639097744361,0.0006388623688306354
flow_npe,posterior_samples.pkl,1000,1000,N=n,1,lambda,92.60651629072682,0.0006677268807372979
flow_npe,posterior_samples.pkl,1000,1000,N=n,1,lambda,92.65664160401002,0.0006987227600996847
flow_npe,posterior_samples.pkl,1000,1000,N=n,1,lambda,92.70676691729324,0.0007319853816035478
flow_npe,posterior_samples.pkl,1000,1000,N=n,1,lambda,92.75689223057644,0.0007676572517748396
flow_npe,posterior_samples.pkl,1000,1000,N=n,1,lambda,92.80701754385964,0.0008058882751495943
flow_npe,posterior_samples.pkl,1000,1000,N=n,1,lambda,92.85714285714286,0.0008468360130412528
flow_npe,posterior_samples.pkl,1000,1000,N=n,1,lambda,92.90726817042606,0.0008906659327534206
flow_npe,posterior_samples.pkl,1000,1000,N=n,1,lambda,92.95739348370927,0.0009375516451444693
flow_npe,posterior_samples.pkl,1000,1000,N=n,1,lambda,93.00751879699249,0.0009876751285535174
flow_npe,posterior_samples.pkl,1000,1000,N=n,1,lambda,93.05764411027569,0.0010412269372476013
flow_npe,posterior_samples.pkl,1000,1000,N=n,1,lambda,93.10776942355889,0.001098406392750947
flow_npe,posterior_samples.pkl,1000,1000,N=n,1,lambda,93.15789473684211,0.0011594217566672338
flow_npe,posterior_samples.pkl,1000,1000,N=n,1,lambda,93.20802005012531,0.0012244903839103833
flow_npe,posterior_samples.pkl,1000,1000,N=n,1,lambda,93.25814536340852,0.001293838855614783
flow_npe,posterior_samples.pkl,1000,1000,N=n,1,lambda,93.30827067669173,0.0013677030914024818
flow_npe,posterior_samples.pkl,1000,1000,N=n,1,lambda,93.35839598997494,0.0014463284411444233
flow_npe,posterior_samples.pkl,1000,1000,N=n,1,lambda,93.40852130325814,0.0015299697568581122
flow_npe,posterior_samples.pkl,1000,1000,N=n,1,lambda,93.45864661654136,0.0016188914459359736
flow_npe,posterior_samples.pkl,1000,1000,N=n,1,lambda,93.50877192982456,0.001713367507491951
flow_npe,posterior_samples.pkl,1000,1000,N=n,1,lambda,93.55889724310777,0.0018136815542426485
flow_npe,posterior_samples.pkl,1000,1000,N=n,1,lambda,93.60902255639098,0.0019201268229991652
flow_npe,posterior_samples.pkl,1000,1000,N=n,1,lambda,93.65914786967419,0.002033006177527764
flow_npe,posterior_samples.pkl,1000,1000,N=n,1,lambda,93.70927318295739,0.0021526321082368655
flow_npe,posterior_samples.pkl,1000,1000,N=n,1,lambda,93.7593984962406,0.0022793267338499065
flow_npe,posterior_samples.pkl,1000,1000,N=n,1,lambda,93.80952380952381,0.002413421810926376
flow_npe,posterior_samples.pkl,1000,1000,N=n,1,lambda,93.85964912280701,0.0025552587577777376
flow_npe,posterior_samples.pkl,1000,1000,N=n,1,lambda,93.90977443609023,0.0027051886999857103
flow_npe,posterior_samples.pkl,1000,1000,N=n,1,lambda,93.95989974937343,0.00286357254535175
flow_npe,posterior_samples.pkl,1000,1000,N=n,1,lambda,94.01002506265664,0.003030781096676238
flow_npe,posterior_samples.pkl,1000,1000,N=n,1,lambda,94.06015037593986,0.0032071952112723797
flow_npe,posterior_samples.pkl,1000,1000,N=n,1,lambda,94.11027568922306,0.00339320601654352
flow_npe,posterior_samples.pkl,1000,1000,N=n,1,lambda,94.16040100250626,0.0035892151912913293
flow_npe,posterior_samples.pkl,1000,1000,N=n,1,lambda,94.21052631578948,0.0037956353226432094
flow_npe,posterior_samples.pkl,1000,1000,N=n,1,lambda,94.26065162907268,0.004012890348599411
flow_npe,posterior_samples.pkl,1000,1000,N=n,1,lambda,94.31077694235589,0.004241416096169376
flow_npe,posterior_samples.pkl,1000,1000,N=n,1,lambda,94.3609022556391,0.004481660924893327
flow_npe,posterior_samples.pkl,1000,1000,N=n,1,lambda,94.41102756892231,0.0047340864852114155
flow_npe,posterior_samples.pkl,1000,1000,N=n,1,lambda,94.46115288220551,0.004999168600637863
flow_npe,posterior_samples.pkl,1000,1000,N=n,1,lambda,94.51127819548873,0.005277398282014788
flow_npe,posterior_samples.pkl,1000,1000,N=n,1,lambda,94.56140350877193,0.005569282881242958
flow_npe,posterior_samples.pkl,1000,1000,N=n,1,lambda,94.61152882205513,0.0058753473908250715
flow_npe,posterior_samples.pkl,1000,1000,N=n,1,lambda,94.66165413533835,0.006196135894279049
flow_npe,posterior_samples.pkl,1000,1000,N=n,1,lambda,94.71177944862156,0.006532213171011871
flow_npe,posterior_samples.pkl,1000,1000,N=n,1,lambda,94.76190476190476,0.006884166457567457
flow_npe,posterior_samples.pkl,1000,1000,N=n,1,lambda,94.81203007518798,0.007252607365276131
flow_npe,posterior_samples.pkl,1000,1000,N=n,1,lambda,94.86215538847118,0.007638173952264794
flow_npe,posterior_samples.pkl,1000,1000,N=n,1,lambda,94.91228070175438,0.008041532945510785
flow_npe,posterior_samples.pkl,1000,1000,N=n,1,lambda,94.9624060150376,0.008463382106176143
flow_npe,posterior_samples.pkl,1000,1000,N=n,1,lambda,95.0125313283208,0.008904452728840582
flow_npe,posterior_samples.pkl,1000,1000,N=n,1,lambda,95.06265664160401,0.009365512262476759
flow_npe,posterior_samples.pkl,1000,1000,N=n,1,lambda,95.11278195488723,0.009847367038110422
flow_npe,posterior_samples.pkl,1000,1000,N=n,1,lambda,95.16290726817043,0.010350865085080478
flow_npe,posterior_samples.pkl,1000,1000,N=n,1,lambda,95.21303258145363,0.010876899014716763
flow_npe,posterior_samples.pkl,1000,1000,N=n,1,lambda,95.26315789473684,0.011426408947066842
flow_npe,posterior_samples.pkl,1000,1000,N=n,1,lambda,95.31328320802005,0.012000385453115447
flow_npe,posterior_samples.pkl,1000,1000,N=n,1,lambda,95.36340852130326,0.012599872481721276
flow_npe,posterior_samples.pkl,1000,1000,N=n,1,lambda,95.41353383458646,0.013225970237332917
flow_npe,posterior_samples.pkl,1000,1000,N=n,1,lambda,95.46365914786968,0.013879837971440519
flow_npe,posterior_samples.pkl,1000,1000,N=n,1,lambda,95.51378446115288,0.014562696647720393
flow_npe,posterior_samples.pkl,1000,1000,N=n,1,lambda,95.56390977443608,0.015275831437995031
flow_npe,posterior_samples.pkl,1000,1000,N=n,1,lambda,95.6140350877193,0.016020594003448976
flow_npe,posterior_samples.pkl,1000,1000,N=n,1,lambda,95.6641604010025,0.016798404513134062
flow_npe,posterior_samples.pkl,1000,1000,N=n,1,lambda,95.71428571428571,0.017610753349617224
flow_npe,posterior_samples.pkl,1000,1000,N=n,1,lambda,95.76441102756893,0.018459202449787646
flow_npe,posterior_samples.pkl,1000,1000,N=n,1,lambda,95.81453634085213,0.019345386227345652
flow_npe,posterior_samples.pkl,1000,1000,N=n,1,lambda,95.86466165413533,0.02027101202239543
flow_npe,posterior_samples.pkl,1000,1000,N=n,1,lambda,95.91478696741855,0.021237860022913682
flow_npe,posterior_samples.pkl,1000,1000,N=n,1,lambda,95.96491228070175,0.02224778260266237
flow_npe,posterior_samples.pkl,1000,1000,N=n,1,lambda,96.01503759398496,0.023302703020465346
flow_npe,posterior_samples.pkl,1000,1000,N=n,1,lambda,96.06516290726817,0.024404613426608657
flow_npe,posterior_samples.pkl,1000,1000,N=n,1,lambda,96.11528822055138,0.025555572123593853
flow_npe,posterior_samples.pkl,1000,1000,N=n,1,lambda,96.16541353383458,0.026757700030511634
flow_npe,posterior_samples.pkl,1000,1000,N=n,1,lambda,96.2155388471178,0.02801317630297443
flow_npe,posterior_samples.pkl,1000,1000,N=n,1,lambda,96.265664160401,0.029324233063885548
flow_npe,posterior_samples.pkl,1000,1000,N=n,1,lambda,96.3157894736842,0.030693149204281688
flow_npe,posterior_samples.pkl,1000,1000,N=n,1,lambda,96.36591478696742,0.03212224321816943
flow_npe,posterior_samples.pkl,1000,1000,N=n,1,lambda,96.41604010025063,0.03361386504056929
flow_npe,posterior_samples.pkl,1000,1000,N=n,1,lambda,96.46616541353383,0.035170386864026834
flow_npe,posterior_samples.pkl,1000,1000,N=n,1,lambda,96.51629072681705,0.036794192915475595
flow_npe,posterior_samples.pkl,1000,1000,N=n,1,lambda,96.56641604010025,0.038487668182671395
flow_npe,posterior_samples.pkl,1000,1000,N=n,1,lambda,96.61654135338345,0.040253186087380044
flow_npe,posterior_samples.pkl,1000,1000,N=n,1,lambda,96.66666666666667,0.042093095110991685
flow_npe,posterior_samples.pkl,1000,1000,N=n,1,lambda,96.71679197994987,0.044009704387399914
flow_npe,posterior_samples.pkl,1000,1000,N=n,1,lambda,96.76691729323308,0.046005268287557397
flow_npe,posterior_samples.pkl,1000,1000,N=n,1,lambda,96.8170426065163,0.04808197003022593
flow_npe,posterior_samples.pkl,1000,1000,N=n,1,lambda,96.8671679197995,0.050241904363926254
flow_npe,posterior_samples.pkl,1000,1000,N=n,1,lambda,96.9172932330827,0.05248705937591368
flow_npe,posterior_samples.pkl,1000,1000,N=n,1,lambda,96.96741854636592,0.05481929749509642
flow_npe,posterior_samples.pkl,1000,1000,N=n,1,lambda,97.01754385964912,0.05724033576705821
flow_npe,posterior_samples.pkl,1000,1000,N=n,1,lambda,97.06766917293233,0.05975172549073261
flow_npe,posterior_samples.pkl,1000,1000,N=n,1,lambda,97.11779448621554,0.06235483131754163
flow_npe,posterior_samples.pkl,1000,1000,N=n,1,lambda,97.16791979949875,0.06505080992509633
flow_npe,posterior_samples.pkl,1000,1000,N=n,1,lambda,97.21804511278195,0.06784058838848141
flow_npe,posterior_samples.pkl,1000,1000,N=n,1,lambda,97.26817042606517,0.07072484238281497
flow_npe,posterior_samples.pkl,1000,1000,N=n,1,lambda,97.31829573934837,0.07370397436091931
flow_npe,posterior_samples.pkl,1000,1000,N=n,1,lambda,97.36842105263158,0.0767780918595214
flow_npe,posterior_samples.pkl,1000,1000,N=n,1,lambda,97.41854636591479,0.07994698609625095
flow_npe,posterior_samples.pkl,1000,1000,N=n,1,lambda,97.468671679198,0.08321011102767431
flow_npe,posterior_samples.pkl,1000,1000,N=n,1,lambda,97.5187969924812,0.08656656304566804
flow_npe,posterior_samples.pkl,1000,1000,N=n,1,lambda,97.56892230576442,0.09001506149527372
flow_npe,posterior_samples.pkl,1000,1000,N=n,1,lambda,97.61904761904762,0.09355393020189591
flow_npe,posterior_samples.pkl,1000,1000,N=n,1,lambda,97.66917293233082,0.09718108019896964
flow_npe,posterior_samples.pkl,1000,1000,N=n,1,lambda,97.71929824561403,0.10089399384907784
flow_npe,posterior_samples.pkl,1000,1000,N=n,1,lambda,97.76942355889724,0.10468971055171442
flow_npe,posterior_samples.pkl,1000,1000,N=n,1,lambda,97.81954887218045,0.10856481422945477
flow_npe,posterior_samples.pkl,1000,1000,N=n,1,lambda,97.86967418546365,0.11251542278110624
flow_npe,posterior_samples.pkl,1000,1000,N=n,1,lambda,97.91979949874687,0.1165371796852599
flow_npe,posterior_samples.pkl,1000,1000,N=n,1,lambda,97.96992481203007,0.12062524793077849
flow_npe,posterior_samples.pkl,1000,1000,N=n,1,lambda,98.02005012531328,0.12477430644177738
flow_npe,posterior_samples.pkl,1000,1000,N=n,1,lambda,98.0701754385965,0.12897854915369908
flow_npe,posterior_samples.pkl,1000,1000,N=n,1,lambda,98.1203007518797,0.1332316868842752
flow_npe,posterior_samples.pkl,1000,1000,N=n,1,lambda,98.1704260651629,0.13752695212819632
flow_npe,posterior_samples.pkl,1000,1000,N=n,1,lambda,98.22055137844612,0.141857106887594
flow_npe,posterior_samples.pkl,1000,1000,N=n,1,lambda,98.27067669172932,0.14621445363164823
flow_npe,posterior_samples.pkl,1000,1000,N=n,1,lambda,98.32080200501252,0.1505908494583067
flow_npe,posterior_samples.pkl,1000,1000,N=n,1,lambda,98.37092731829574,0.15497772350882524
flow_npe,posterior_samples.pkl,1000,1000,N=n,1,lambda,98.42105263157895,0.15936609766221868
flow_npe,posterior_samples.pkl,1000,1000,N=n,1,lambda,98.47117794486215,0.16374661051168526
flow_npe,posterior_samples.pkl,1000,1000,N=n,1,lambda,98.52130325814537,0.1681095445986659
flow_npe,posterior_samples.pkl,1000,1000,N=n,1,lambda,98.57142857142857,0.17244485685311323
flow_npe,posterior_samples.pkl,1000,1000,N=n,1,lambda,98.62155388471177,0.1767422121604239
flow_npe,posterior_samples.pkl,1000,1000,N=n,1,lambda,98.67167919799499,0.18099101994698794
flow_npe,posterior_samples.pkl,1000,1000,N=n,1,lambda,98.7218045112782,0.1851804736475709
flow_npe,posterior_samples.pkl,1000,1000,N=n,1,lambda,98.7719298245614,0.18929959288903814
flow_npe,posterior_samples.pkl,1000,1000,N=n,1,lambda,98.82205513784461,0.1933372681965137
flow_npe,posterior_samples.pkl,1000,1000,N=n,1,lambda,98.87218045112782,0.19728230800040228
flow_npe,posterior_samples.pkl,1000,1000,N=n,1,lambda,98.92230576441102,0.20112348769597502
flow_npe,posterior_samples.pkl,1000,1000,N=n,1,lambda,98.97243107769424,0.204849600481653
flow_npe,posterior_samples.pkl,1000,1000,N=n,1,lambda,99.02255639097744,0.20844950967844608
flow_npe,posterior_samples.pkl,1000,1000,N=n,1,lambda,99.07268170426065,0.21191220221091397
flow_npe,posterior_samples.pkl,1000,1000,N=n,1,lambda,99.12280701754386,0.21522684291037508
flow_npe,posterior_samples.pkl,1000,1000,N=n,1,lambda,99.17293233082707,0.21838282928388558
flow_npe,posterior_samples.pkl,1000,1000,N=n,1,lambda,99.22305764411027,0.22136984637806978
flow_npe,posterior_samples.pkl,1000,1000,N=n,1,lambda,99.27318295739349,0.2241779213554668
flow_npe,posterior_samples.pkl,1000,1000,N=n,1,lambda,99.32330827067669,0.22679747739289713
flow_npe,posterior_samples.pkl,1000,1000,N=n,1,lambda,99.3734335839599,0.229219386506699
flow_npe,posterior_samples.pkl,1000,1000,N=n,1,lambda,99.42355889724311,0.23143502090840862
flow_npe,posterior_samples.pkl,1000,1000,N=n,1,lambda,99.47368421052632,0.23343630249719363
flow_npe,posterior_samples.pkl,1000,1000,N=n,1,lambda,99.52380952380952,0.23521575010155996
flow_npe,posterior_samples.pkl,1000,1000,N=n,1,lambda,99.57393483709274,0.23676652409312166
flow_npe,posterior_samples.pkl,1000,1000,N=n,1,lambda,99.62406015037594,0.2380824680091448
flow_npe,posterior_samples.pkl,1000,1000,N=n,1,lambda,99.67418546365914,0.23915814683828687
flow_npe,posterior_samples.pkl,1000,1000,N=n,1,lambda,99.72431077694236,0.23998888164537854
flow_npe,posterior_samples.pkl,1000,1000,N=n,1,lambda,99.77443609022556,0.24057078023585265
flow_npe,posterior_samples.pkl,1000,1000,N=n,1,lambda,99.82456140350877,0.2409007635886374
flow_npe,posterior_samples.pkl,1000,1000,N=n,1,lambda,99.87468671679198,0.24097658781751669
flow_npe,posterior_samples.pkl,1000,1000,N=n,1,lambda,99.92481203007519,0.24079686145487283
flow_npe,posterior_samples.pkl,1000,1000,N=n,1,lambda,99.97493734335839,0.24036105788821477
flow_npe,posterior_samples.pkl,1000,1000,N=n,1,lambda,100.02506265664161,0.23966952281834913
flow_npe,posterior_samples.pkl,1000,1000,N=n,1,lambda,100.07518796992481,0.2387234766482495
flow_npe,posterior_samples.pkl,1000,1000,N=n,1,lambda,100.12531328320802,0.2375250117531876
flow_npe,posterior_samples.pkl,1000,1000,N=n,1,lambda,100.17543859649123,0.2360770846250227
flow_npe,posterior_samples.pkl,1000,1000,N=n,1,lambda,100.22556390977444,0.23438350292625737
flow_npe,posterior_samples.pkl,1000,1000,N=n,1,lambda,100.27568922305764,0.23244890753213962
flow_npe,posterior_samples.pkl,1000,1000,N=n,1,lambda,100.32581453634086,0.2302787496812243
flow_npe,posterior_samples.pkl,1000,1000,N=n,1,lambda,100.37593984962406,0.22787926339595083
flow_npe,posterior_samples.pkl,1000,1000,N=n,1,lambda,100.42606516290726,0.22525743337441004
flow_npe,posterior_samples.pkl,1000,1000,N=n,1,lambda,100.47619047619048,0.22242095859239286
flow_npe,posterior_samples.pkl,1000,1000,N=n,1,lambda,100.52631578947368,0.21937821189014065
flow_npe,posterior_samples.pkl,1000,1000,N=n,1,lambda,100.57644110275689,0.21613819585112878
flow_npe,posterior_samples.pkl,1000,1000,N=n,1,lambda,100.6265664160401,0.2127104953098819
flow_npe,posterior_samples.pkl,1000,1000,N=n,1,lambda,100.67669172932331,0.2091052268521927
flow_npe,posterior_samples.pkl,1000,1000,N=n,1,lambda,100.72681704260651,0.20533298569379932
flow_npe,posterior_samples.pkl,1000,1000,N=n,1,lambda,100.77694235588973,0.2014047903424333
flow_npe,posterior_samples.pkl,1000,1000,N=n,1,lambda,100.82706766917293,0.19733202546287032
flow_npe,posterior_samples.pkl,1000,1000,N=n,1,lambda,100.87719298245614,0.19312638337511387
flow_npe,posterior_samples.pkl,1000,1000,N=n,1,lambda,100.92731829573935,0.1887998046222426
flow_npe,posterior_samples.pkl,1000,1000,N=n,1,lambda,100.97744360902256,0.18436441804626877
flow_npe,posterior_samples.pkl,1000,1000,N=n,1,lambda,101.02756892230576,0.17983248080809403
flow_npe,posterior_samples.pkl,1000,1000,N=n,1,lambda,101.07769423558898,0.1752163187812024
flow_npe,posterior_samples.pkl,1000,1000,N=n,1,lambda,101.12781954887218,0.1705282677380187
flow_npe,posterior_samples.pkl,1000,1000,N=n,1,lambda,101.17794486215539,0.16578061573348987
flow_npe,posterior_samples.pkl,1000,1000,N=n,1,lambda,101.2280701754386,0.16098554707229815
flow_npe,posterior_samples.pkl,1000,1000,N=n,1,lambda,101.2781954887218,0.15615508822453852
flow_npe,posterior_samples.pkl,1000,1000,N=n,1,lambda,101.32832080200501,0.15130105603016378
flow_npe,posterior_samples.pkl,1000,1000,N=n,1,lambda,101.37844611528823,0.14643500850501934
flow_npe,posterior_samples.pkl,1000,1000,N=n,1,lambda,101.42857142857143,0.14156819853164768
flow_npe,posterior_samples.pkl,1000,1000,N=n,1,lambda,101.47869674185463,0.13671153068610478
flow_npe,posterior_samples.pkl,1000,1000,N=n,1,lambda,101.52882205513785,0.13187552141884917
flow_npe,posterior_samples.pkl,1000,1000,N=n,1,lambda,101.57894736842105,0.1270702627729852
flow_npe,posterior_samples.pkl,1000,1000,N=n,1,lambda,101.62907268170426,0.12230538978792493
flow_npe,posterior_samples.pkl,1000,1000,N=n,1,lambda,101.67919799498748,0.11759005170072476
flow_npe,posterior_samples.pkl,1000,1000,N=n,1,lambda,101.72932330827068,0.11293288702169166
flow_npe,posterior_samples.pkl,1000,1000,N=n,1,lambda,101.77944862155388,0.10834200252556304
flow_npe,posterior_samples.pkl,1000,1000,N=n,1,lambda,101.8295739348371,0.10382495616511939
flow_npe,posterior_samples.pkl,1000,1000,N=n,1,lambda,101.8796992481203,0.09938874388079824
flow_npe,posterior_samples.pkl,1000,1000,N=n,1,lambda,101.9298245614035,0.09503979024798054
flow_npe,posterior_samples.pkl,1000,1000,N=n,1,lambda,101.97994987468671,0.09078394287370299
flow_npe,posterior_samples.pkl,1000,1000,N=n,1,lambda,102.03007518796993,0.08662647042642004
flow_npe,posterior_samples.pkl,1000,1000,N=n,1,lambda,102.08020050125313,0.08257206415679882
flow_npe,posterior_samples.pkl,1000,1000,N=n,1,lambda,102.13032581453633,0.07862484274424192
flow_npe,posterior_samples.pkl,1000,1000,N=n,1,lambda,102.18045112781955,0.07478836028315029
flow_npe,posterior_samples.pkl,1000,1000,N=n,1,lambda,102.23057644110276,0.07106561720508553
flow_npe,posterior_samples.pkl,1000,1000,N=n,1,lambda,102.28070175438596,0.067459073917786
flow_npe,posterior_samples.pkl,1000,1000,N=n,1,lambda,102.33082706766918,0.06397066692981354
flow_npe,posterior_samples.pkl,1000,1000,N=n,1,lambda,102.38095238095238,0.06060182722009096
flow_npe,posterior_samples.pkl,1000,1000,N=n,1,lambda,102.43107769423558,0.05735350060502021
flow_npe,posterior_samples.pkl,1000,1000,N=n,1,lambda,102.4812030075188,0.05422616985196623
flow_npe,posterior_samples.pkl,1000,1000,N=n,1,lambda,102.531328320802,0.05121987828665383
flow_npe,posterior_samples.pkl,1000,1000,N=n,1,lambda,102.58145363408521,0.048334254643299136
flow_npe,posterior_samples.pkl,1000,1000,N=n,1,lambda,102.63157894736842,0.04556853890993017
flow_npe,posterior_samples.pkl,1000,1000,N=n,1,lambda,102.68170426065163,0.042921608927224304
flow_npe,posterior_samples.pkl,1000,1000,N=n,1,lambda,102.73182957393483,0.04039200750696537
flow_npe,posterior_samples.pkl,1000,1000,N=n,1,lambda,102.78195488721805,0.03797796984594699
flow_npe,posterior_samples.pkl,1000,1000,N=n,1,lambda,102.83208020050125,0.03567745102235563
flow_npe,posterior_samples.pkl,1000,1000,N=n,1,lambda,102.88220551378446,0.033488153374244524
flow_npe,posterior_samples.pkl,1000,1000,N=n,1,lambda,102.93233082706767,0.03140755357355032
flow_npe,posterior_samples.pkl,1000,1000,N=n,1,lambda,102.98245614035088,0.029432929223702435
flow_npe,posterior_samples.pkl,1000,1000,N=n,1,lambda,103.03258145363408,0.02756138482431897
flow_npe,posterior_samples.pkl,1000,1000,N=n,1,lambda,103.0827067669173,0.02578987696233494
flow_npe,posterior_samples.pkl,1000,1000,N=n,1,lambda,103.1328320802005,0.02411523860506119
flow_npe,posterior_samples.pkl,1000,1000,N=n,1,lambda,103.1829573934837,0.02253420238692239
flow_npe,posterior_samples.pkl,1000,1000,N=n,1,lambda,103.23308270676692,0.021043422797745338
flow_npe,posterior_samples.pkl,1000,1000,N=n,1,lambda,103.28320802005013,0.019639497196359986
flow_npe,posterior_samples.pkl,1000,1000,N=n,1,lambda,103.33333333333333,0.01831898558867696
flow_npe,posterior_samples.pkl,1000,1000,N=n,1,lambda,103.38345864661655,0.01707842912433462
flow_npe,posterior_samples.pkl,1000,1000,N=n,1,lambda,103.43358395989975,0.01591436728015702
flow_npe,posterior_samples.pkl,1000,1000,N=n,1,lambda,103.48370927318295,0.014823353712092303
flow_npe,posterior_samples.pkl,1000,1000,N=n,1,lambda,103.53383458646617,0.013801970769828175
flow_npe,posterior_samples.pkl,1000,1000,N=n,1,lambda,103.58395989974937,0.012846842679859987
flow_npe,posterior_samples.pkl,1000,1000,N=n,1,lambda,103.63408521303258,0.011954647413386728
flow_npe,posterior_samples.pkl,1000,1000,N=n,1,lambda,103.6842105263158,0.011122127264965214
flow_npe,posterior_samples.pkl,1000,1000,N=n,1,lambda,103.734335839599,0.010346098176373641
flow_npe,posterior_samples.pkl,1000,1000,N=n,1,lambda,103.7844611528822,0.0096234578475756
flow_npe,posterior_samples.pkl,1000,1000,N=n,1,lambda,103.8345864661654,0.008951192683109805
flow_npe,posterior_samples.pkl,1000,1000,N=n,1,lambda,103.88471177944862,0.008326383627590837
flow_npe,posterior_samples.pkl,1000,1000,N=n,1,lambda,103.93483709273183,0.0077462109484105
flow_npe,posterior_samples.pkl,1000,1000,N=n,1,lambda,103.98496240601503,0.007207958027160122
flow_npe,posterior_samples.pkl,1000,1000,N=n,1,lambda,104.03508771929825,0.006709014223820614
flow_npe,posterior_samples.pkl,1000,1000,N=n,1,lambda,104.08521303258145,0.006246876879456071
flow_npe,posterior_samples.pkl,1000,1000,N=n,1,lambda,104.13533834586465,0.00581915252402511
flow_npe,posterior_samples.pkl,1000,1000,N=n,1,lambda,104.18546365914787,0.005423557356110475
flow_npe,posterior_samples.pkl,1000,1000,N=n,1,lambda,104.23558897243107,0.0050579170608645255
flow_npe,posterior_samples.pkl,1000,1000,N=n,1,lambda,104.28571428571428,0.0047201660314033465
flow_npe,posterior_samples.pkl,1000,1000,N=n,1,lambda,104.3358395989975,0.004408346057294973
flow_npe,posterior_samples.pkl,1000,1000,N=n,1,lambda,104.3859649122807,0.0041206045417432795
flow_npe,posterior_samples.pkl,1000,1000,N=n,1,lambda,104.4360902255639,0.0038551923066616274
flow_npe,posterior_samples.pkl,1000,1000,N=n,1,lambda,104.48621553884712,0.003610461042097526
flow_npe,posterior_samples.pkl,1000,1000,N=n,1,lambda,104.53634085213032,0.003384860453493263
flow_npe,posterior_samples.pkl,1000,1000,N=n,1,lambda,104.58646616541353,0.0031769351570959566
flow_npe,posterior_samples.pkl,1000,1000,N=n,1,lambda,104.63659147869674,0.0029853213705256683
flow_npe,posterior_samples.pkl,1000,1000,N=n,1,lambda,104.68671679197995,0.0028087434421218984
flow_npe,posterior_samples.pkl,1000,1000,N=n,1,lambda,104.73684210526315,0.0026460102592557213
flow_npe,posterior_samples.pkl,1000,1000,N=n,1,lambda,104.78696741854637,0.002496011572378431
flow_npe,posterior_samples.pkl,1000,1000,N=n,1,lambda,104.83709273182957,0.0023577142681866672
flow_npe,posterior_samples.pkl,1000,1000,N=n,1,lambda,104.88721804511277,0.002230158621980313
flow_npe,posterior_samples.pkl,1000,1000,N=n,1,lambda,104.93734335839599,0.0021124545560775925
flow_npe,posterior_samples.pkl,1000,1000,N=n,1,lambda,104.9874686716792,0.002003777928069162
flow_npe,posterior_samples.pkl,1000,1000,N=n,1,lambda,105.0375939849624,0.001903366869750935
flow_npe,posterior_samples.pkl,1000,1000,N=n,1,lambda,105.08771929824562,0.0018105181947922118
flow_npe,posterior_samples.pkl,1000,1000,N=n,1,lambda,105.13784461152882,0.0017245838905817238
flow_npe,posterior_samples.pkl,1000,1000,N=n,1,lambda,105.18796992481202,0.001644967707253082
flow_npe,posterior_samples.pkl,1000,1000,N=n,1,lambda,105.23809523809524,0.0015711218546360318
flow_npe,posterior_samples.pkl,1000,1000,N=n,1,lambda,105.28822055137844,0.0015025438157997867
flow_npe,posterior_samples.pkl,1000,1000,N=n,1,lambda,105.33834586466165,0.0014387732839605545
flow_npe,posterior_samples.pkl,1000,1000,N=n,1,lambda,105.38847117794487,0.0013793892278046887
flow_npe,posterior_samples.pkl,1000,1000,N=n,1,lambda,105.43859649122807,0.0013240070887323692
flow_npe,posterior_samples.pkl,1000,1000,N=n,1,lambda,105.48872180451127,0.0012722761121442428
flow_npe,posterior_samples.pkl,1000,1000,N=n,1,lambda,105.53884711779449,0.00122387681366883
flow_npe,posterior_samples.pkl,1000,1000,N=n,1,lambda,105.58897243107769,0.0011785185801533819
flow_npe,posterior_samples.pkl,1000,1000,N=n,1,lambda,105.6390977443609,0.0011359374043024243
flow_npe,posterior_samples.pkl,1000,1000,N=n,1,lambda,105.68922305764411,0.0010958937510431193
flow_npe,posterior_samples.pkl,1000,1000,N=n,1,lambda,105.73934837092732,0.0010581705530065516
flow_npe,posterior_samples.pkl,1000,1000,N=n,1,lambda,105.78947368421052,0.0010225713319360382
flow_npe,posterior_samples.pkl,1000,1000,N=n,1,lambda,105.83959899749374,0.000988918442354278
flow_npe,posterior_samples.pkl,1000,1000,N=n,1,lambda,105.88972431077694,0.0009570514334304453
flow_npe,posterior_samples.pkl,1000,1000,N=n,1,lambda,105.93984962406014,0.0009268255246794529
flow_npe,posterior_samples.pkl,1000,1000,N=n,1,lambda,105.98997493734336,0.0008981101908876311
flow_npe,posterior_samples.pkl,1000,1000,N=n,1,lambda,106.04010025062657,0.0008707878514846816
flow_npe,posterior_samples.pkl,1000,1000,N=n,1,lambda,106.09022556390977,0.0008447526594633136
flow_npe,posterior_samples.pkl,1000,1000,N=n,1,lambda,106.14035087719299,0.0008199093848784483
flow_npe,posterior_samples.pkl,1000,1000,N=n,1,lambda,106.19047619047619,0.0007961723879309221
flow_npe,posterior_samples.pkl,1000,1000,N=n,1,lambda,106.2406015037594,0.0007734646766499923
flow_npe,posterior_samples.pkl,1000,1000,N=n,1,lambda,106.29072681704261,0.0007517170442311773
flow_npe,posterior_samples.pkl,1000,1000,N=n,1,lambda,106.34085213032581,0.0007308672811536457
flow_npe,posterior_samples.pkl,1000,1000,N=n,1,lambda,106.39097744360902,0.0007108594572940263
flow_npe,posterior_samples.pkl,1000,1000,N=n,1,lambda,106.44110275689223,0.0006916432693642246
flow_npe,posterior_samples.pkl,1000,1000,N=n,1,lambda,106.49122807017544,0.0006731734491292794
flow_npe,posterior_samples.pkl,1000,1000,N=n,1,lambda,106.54135338345864,0.0006554092280030537
flow_npe,posterior_samples.pkl,1000,1000,N=n,1,lambda,106.59147869674186,0.0006383138537731564
flow_npe,posterior_samples.pkl,1000,1000,N=n,1,lambda,106.64160401002506,0.0006218541553699431
flow_npe,posterior_samples.pkl,1000,1000,N=n,1,lambda,106.69172932330827,0.000606000151765279
flow_npe,posterior_samples.pkl,1000,1000,N=n,1,lambda,106.74185463659148,0.0005907247012648477
flow_npe,posterior_samples.pkl,1000,1000,N=n,1,lambda,106.79197994987469,0.0005760031876399244
flow_npe,posterior_samples.pkl,1000,1000,N=n,1,lambda,106.84210526315789,0.0005618132397314968
flow_npe,posterior_samples.pkl,1000,1000,N=n,1,lambda,106.89223057644111,0.0005481344813484771
flow_npe,posterior_samples.pkl,1000,1000,N=n,1,lambda,106.94235588972431,0.0005349483084728268
flow_npe,posterior_samples.pkl,1000,1000,N=n,1,lambda,106.99248120300751,0.0005222376909759477
flow_npe,posterior_samples.pkl,1000,1000,N=n,1,lambda,107.04260651629073,0.0005099869962419905
flow_npe,posterior_samples.pkl,1000,1000,N=n,1,lambda,107.09273182957394,0.0004981818322839508
flow_npe,posterior_samples.pkl,1000,1000,N=n,1,lambda,107.14285714285714,0.00048680890812622947
flow_npe,posterior_samples.pkl,1000,1000,N=n,1,lambda,107.19298245614036,0.0004758559094127392
flow_npe,posterior_samples.pkl,1000,1000,N=n,1,lambda,107.24310776942356,0.0004653113873804539
flow_npe,posterior_samples.pkl,1000,1000,N=n,1,lambda,107.29323308270676,0.0004551646595149183
flow_npe,posterior_samples.pkl,1000,1000,N=n,1,lambda,107.34335839598998,0.00044540572037514046
flow_npe,posterior_samples.pkl,1000,1000,N=n,1,lambda,107.39348370927318,0.00043602516123972344
flow_npe,posterior_samples.pkl,1000,1000,N=n,1,lambda,107.44360902255639,0.0004270140973834039
flow_npe,posterior_samples.pkl,1000,1000,N=n,1,lambda,107.4937343358396,0.0004183641019430029
flow_npe,posterior_samples.pkl,1000,1000,N=n,1,lambda,107.54385964912281,0.00041006714547252375
flow_npe,posterior_samples.pkl,1000,1000,N=n,1,lambda,107.59398496240601,0.0004021155404194998
flow_npe,posterior_samples.pkl,1000,1000,N=n,1,lambda,107.64411027568923,0.00039450188987703204
flow_npe,posterior_samples.pkl,1000,1000,N=n,1,lambda,107.69423558897243,0.00038721904007881376
flow_npe,posterior_samples.pkl,1000,1000,N=n,1,lambda,107.74436090225564,0.00038026003620664635
flow_npe,posterior_samples.pkl,1000,1000,N=n,1,lambda,107.79448621553885,0.00037361808117243356
flow_npe,posterior_samples.pkl,1000,1000,N=n,1,lambda,107.84461152882206,0.00036728649711792113
flow_npe,posterior_samples.pkl,1000,1000,N=n,1,lambda,107.89473684210526,0.0003612586894471726
flow_npe,posterior_samples.pkl,1000,1000,N=n,1,lambda,107.94486215538848,0.000355528113267506
flow_npe,posterior_samples.pkl,1000,1000,N=n,1,lambda,107.99498746867168,0.00035008824216599854
flow_npe,posterior_samples.pkl,1000,1000,N=n,1,lambda,108.04511278195488,0.0003449325392899896
flow_npe,posterior_samples.pkl,1000,1000,N=n,1,lambda,108.0952380952381,0.0003400544307325339
flow_npe,posterior_samples.pkl,1000,1000,N=n,1,lambda,108.1453634085213,0.00033544728124748375
flow_npe,posterior_samples.pkl,1000,1000,N=n,1,lambda,108.19548872180451,0.0003311043723346291
flow_npe,posterior_samples.pkl,1000,1000,N=n,1,lambda,108.24561403508773,0.00032701888274407986
flow_npe,posterior_samples.pkl,1000,1000,N=n,1,lambda,108.29573934837093,0.000323183871450892
flow_npe,posterior_samples.pkl,1000,1000,N=n,1,lambda,108.34586466165413,0.00031959226314743846
flow_npe,posterior_samples.pkl,1000,1000,N=n,1,lambda,108.39598997493735,0.00031623683629225887
flow_npe,posterior_samples.pkl,1000,1000,N=n,1,lambda,108.44611528822055,0.00031311021374161356
flow_npe,posterior_samples.pkl,1000,1000,N=n,1,lambda,108.49624060150376,0.0003102048559738778
flow_npe,posterior_samples.pkl,1000,1000,N=n,1,lambda,108.54636591478697,0.0003075130568986885
flow_npe,posterior_samples.pkl,1000,1000,N=n,1,lambda,108.59649122807018,0.00030502694222266205
flow_npe,posterior_samples.pkl,1000,1000,N=n,1,lambda,108.64661654135338,0.0003027384703226828
flow_npe,posterior_samples.pkl,1000,1000,N=n,1,lambda,108.6967418546366,0.0003006394355566788
flow_npe,posterior_samples.pkl,1000,1000,N=n,1,lambda,108.7468671679198,0.0002987214739212525
flow_npe,posterior_samples.pkl,1000,1000,N=n,1,lambda,108.796992481203,0.00029697607094592254
flow_npe,posterior_samples.pkl,1000,1000,N=n,1,lambda,108.84711779448622,0.00029539457169589406
flow_npe,posterior_samples.pkl,1000,1000,N=n,1,lambda,108.89724310776943,0.00029396819273918104
flow_npe,posterior_samples.pkl,1000,1000,N=n,1,lambda,108.94736842105263,0.0002926880359203714
flow_npe,posterior_samples.pkl,1000,1000,N=n,1,lambda,108.99749373433583,0.00029154510377220046
flow_npe,posterior_samples.pkl,1000,1000,N=n,1,lambda,109.04761904761905,0.0002905303163880321
flow_npe,posterior_samples.pkl,1000,1000,N=n,1,lambda,109.09774436090225,0.00028963452957286347
flow_npe,posterior_samples.pkl,1000,1000,N=n,1,lambda,109.14786967418546,0.0002888485540881659
flow_npe,posterior_samples.pkl,1000,1000,N=n,1,lambda,109.19799498746868,0.0002881631758062827
flow_npe,posterior_samples.pkl,1000,1000,N=n,1,lambda,109.24812030075188,0.0002875691765933044
flow_npe,posterior_samples.pkl,1000,1000,N=n,1,lambda,109.29824561403508,0.00028705735574508325
flow_npe,posterior_samples.pkl,1000,1000,N=n,1,lambda,109.3483709273183,0.00028661855180915814
flow_npe,posterior_samples.pkl,1000,1000,N=n,1,lambda,109.3984962406015,0.00028624366463528885
flow_npe,posterior_samples.pkl,1000,1000,N=n,1,lambda,109.4486215538847,0.00028592367750923485
flow_npe,posterior_samples.pkl,1000,1000,N=n,1,lambda,109.49874686716792,0.0002856496792373401
flow_npe,posterior_samples.pkl,1000,1000,N=n,1,lambda,109.54887218045113,0.00028541288606361026
flow_npe,posterior_samples.pkl,1000,1000,N=n,1,lambda,109.59899749373433,0.00028520466331549585
flow_npe,posterior_samples.pkl,1000,1000,N=n,1,lambda,109.64912280701753,0.0002850165466893598
flow_npe,posterior_samples.pkl,1000,1000,N=n,1,lambda,109.69924812030075,0.0002848402631011571
flow_npe,posterior_samples.pkl,1000,1000,N=n,1,lambda,109.74937343358395,0.00028466775104171813
flow_npe,posterior_samples.pkl,1000,1000,N=n,1,lambda,109.79949874686716,0.00028449118038915115
flow_npe,posterior_samples.pkl,1000,1000,N=n,1,lambda,109.84962406015038,0.0002843029716425799
flow_npe,posterior_samples.pkl,1000,1000,N=n,1,lambda,109.89974937343358,0.000284095814551727
flow_npe,posterior_samples.pkl,1000,1000,N=n,1,lambda,109.94987468671678,0.0002838626861254503
flow_npe,posterior_samples.pkl,1000,1000,N=n,1,lambda,110.0,0.00028359686800894906
flow_npe,posterior_samples.pkl,1000,1000,N=n,1,sigma,0.0,0.03523344727614936
flow_npe,posterior_samples.pkl,1000,1000,N=n,1,sigma,0.010025062656641603,0.03672549708296368
flow_npe,posterior_samples.pkl,1000,1000,N=n,1,sigma,0.020050125313283207,0.0382316762194359
flow_npe,posterior_samples.pkl,1000,1000,N=n,1,sigma,0.03007518796992481,0.03974903967859455
flow_npe,posterior_samples.pkl,1000,1000,N=n,1,sigma,0.040100250626566414,0.041274540843704986
flow_npe,posterior_samples.pkl,1000,1000,N=n,1,sigma,0.05012531328320802,0.042805046061944574
flow_npe,posterior_samples.pkl,1000,1000,N=n,1,sigma,0.06015037593984962,0.0443373501073068
flow_npe,posterior_samples.pkl,1000,1000,N=n,1,sigma,0.07017543859649122,0.04586819241743505
flow_npe,posterior_samples.pkl,1000,1000,N=n,1,sigma,0.08020050125313283,0.0473942739796484
flow_npe,posterior_samples.pkl,1000,1000,N=n,1,sigma,0.09022556390977443,0.048912274733307955
flow_npe,posterior_samples.pkl,1000,1000,N=n,1,sigma,0.10025062656641603,0.05041887134899701
flow_npe,posterior_samples.pkl,1000,1000,N=n,1,sigma,0.11027568922305764,0.05191075523986167
flow_npe,posterior_samples.pkl,1000,1000,N=n,1,sigma,0.12030075187969924,0.053384650656955246
flow_npe,posterior_samples.pkl,1000,1000,N=n,1,sigma,0.13032581453634084,0.054837332718587574
flow_npe,posterior_samples.pkl,1000,1000,N=n,1,sigma,0.14035087719298245,0.05626564522355642
flow_npe,posterior_samples.pkl,1000,1000,N=n,1,sigma,0.15037593984962405,0.057666518099705966
flow_npe,posterior_samples.pkl,1000,1000,N=n,1,sigma,0.16040100250626566,0.05903698434251871
flow_npe,posterior_samples.pkl,1000,1000,N=n,1,sigma,0.17042606516290726,0.06037419630333752
flow_npe,posterior_samples.pkl,1000,1000,N=n,1,sigma,0.18045112781954886,0.06167544119327854
flow_npe,posterior_samples.pkl,1000,1000,N=n,1,sigma,0.19047619047619047,0.06293815567683483
flow_npe,posterior_samples.pkl,1000,1000,N=n,1,sigma,0.20050125313283207,0.06415993943846912
flow_npe,posterior_samples.pkl,1000,1000,N=n,1,sigma,0.21052631578947367,0.0653385676160191
flow_npe,posterior_samples.pkl,1000,1000,N=n,1,sigma,0.22055137844611528,0.06647200200636263
flow_npe,posterior_samples.pkl,1000,1000,N=n,1,sigma,0.23057644110275688,0.0675584009613191
flow_npe,posterior_samples.pkl,1000,1000,N=n,1,sigma,0.24060150375939848,0.06859612790504468
flow_npe,posterior_samples.pkl,1000,1000,N=n,1,sigma,0.2506265664160401,0.06958375841805209
flow_npe,posterior_samples.pkl,1000,1000,N=n,1,sigma,0.2606516290726817,0.07052008584721194
flow_npe,posterior_samples.pkl,1000,1000,N=n,1,sigma,0.2706766917293233,0.07140412541555227
flow_npe,posterior_samples.pkl,1000,1000,N=n,1,sigma,0.2807017543859649,0.07223511682013324
flow_npe,posterior_samples.pkl,1000,1000,N=n,1,sigma,0.2907268170426065,0.07301252532057667
flow_npe,posterior_samples.pkl,1000,1000,N=n,1,sigma,0.3007518796992481,0.07373604133480625
flow_npe,posterior_samples.pkl,1000,1000,N=n,1,sigma,0.3107769423558897,0.07440557857202178
flow_npe,posterior_samples.pkl,1000,1000,N=n,1,sigma,0.3208020050125313,0.07502127074577002
flow_npe,posterior_samples.pkl,1000,1000,N=n,1,sigma,0.3308270676691729,0.07558346692201448
flow_npe,posterior_samples.pkl,1000,1000,N=n,1,sigma,0.3408521303258145,0.07609272556825301
flow_npe,posterior_samples.pkl,1000,1000,N=n,1,sigma,0.3508771929824561,0.07654980737986622
flow_npe,posterior_samples.pkl,1000,1000,N=n,1,sigma,0.3609022556390977,0.07695566696892961
flow_npe,posterior_samples.pkl,1000,1000,N=n,1,sigma,0.37092731829573933,0.07731144350858858
flow_npe,posterior_samples.pkl,1000,1000,N=n,1,sigma,0.38095238095238093,0.07761845043277145
flow_npe,posterior_samples.pkl,1000,1000,N=n,1,sigma,0.39097744360902253,0.0778781642964416
flow_npe,posterior_samples.pkl,1000,1000,N=n,1,sigma,0.40100250626566414,0.07809221290574783
flow_npe,posterior_samples.pkl,1000,1000,N=n,1,sigma,0.41102756892230574,0.07826236283035437
flow_npe,posterior_samples.pkl,1000,1000,N=n,1,sigma,0.42105263157894735,0.07839050641189968
flow_npe,posterior_samples.pkl,1000,1000,N=n,1,sigma,0.43107769423558895,0.07847864838302937
flow_npe,posterior_samples.pkl,1000,1000,N=n,1,sigma,0.44110275689223055,0.07852889221076079
flow_npe,posterior_samples.pkl,1000,1000,N=n,1,sigma,0.45112781954887216,0.07854342627618188
flow_npe,posterior_samples.pkl,1000,1000,N=n,1,sigma,0.46115288220551376,0.07852450999970656
flow_npe,posterior_samples.pkl,1000,1000,N=n,1,sigma,0.47117794486215536,0.07847446001737916
flow_npe,posterior_samples.pkl,1000,1000,N=n,1,sigma,0.48120300751879697,0.07839563650914044
flow_npe,posterior_samples.pkl,1000,1000,N=n,1,sigma,0.49122807017543857,0.0782904297746281
flow_npe,posterior_samples.pkl,1000,1000,N=n,1,sigma,0.5012531328320802,0.07816124714606196
flow_npe,posterior_samples.pkl,1000,1000,N=n,1,sigma,0.5112781954887218,0.0780105003211904
flow_npe,posterior_samples.pkl,1000,1000,N=n,1,sigma,0.5213032581453634,0.07784059319220363
flow_npe,posterior_samples.pkl,1000,1000,N=n,1,sigma,0.531328320802005,0.07765391023908953
flow_npe,posterior_samples.pkl,1000,1000,N=n,1,sigma,0.5413533834586466,0.07745280554818751
flow_npe,posterior_samples.pkl,1000,1000,N=n,1,sigma,0.5513784461152882,0.07723959250879285
flow_npe,posterior_samples.pkl,1000,1000,N=n,1,sigma,0.5614035087719298,0.07701653423266099
flow_npe,posterior_samples.pkl,1000,1000,N=n,1,sigma,0.5714285714285714,0.07678583473323385
flow_npe,posterior_samples.pkl,1000,1000,N=n,1,sigma,0.581453634085213,0.07654963089347809
flow_npe,posterior_samples.pkl,1000,1000,N=n,1,sigma,0.5914786967418546,0.07630998524339411
flow_npe,posterior_samples.pkl,1000,1000,N=n,1,sigma,0.6015037593984962,0.07606887956068308
flow_npe,posterior_samples.pkl,1000,1000,N=n,1,sigma,0.6115288220551378,0.07582820930070666
flow_npe,posterior_samples.pkl,1000,1000,N=n,1,sigma,0.6215538847117794,0.07558977885491196
flow_npe,posterior_samples.pkl,1000,1000,N=n,1,sigma,0.631578947368421,0.07535529763026917
flow_npe,posterior_samples.pkl,1000,1000,N=n,1,sigma,0.6416040100250626,0.07512637693610158
flow_npe,posterior_samples.pkl,1000,1000,N=n,1,sigma,0.6516290726817042,0.074904527658971
flow_npe,posterior_samples.pkl,1000,1000,N=n,1,sigma,0.6616541353383458,0.07469115870108989
flow_npe,posterior_samples.pkl,1000,1000,N=n,1,sigma,0.6716791979949874,0.07448757615303375
flow_npe,posterior_samples.pkl,1000,1000,N=n,1,sigma,0.681704260651629,0.07429498316742117
flow_npe,posterior_samples.pkl,1000,1000,N=n,1,sigma,0.6917293233082706,0.0741144804966529
flow_npe,posterior_samples.pkl,1000,1000,N=n,1,sigma,0.7017543859649122,0.07394706765482827
flow_npe,posterior_samples.pkl,1000,1000,N=n,1,sigma,0.7117794486215538,0.07379364466154337
flow_npe,posterior_samples.pkl,1000,1000,N=n,1,sigma,0.7218045112781954,0.07365501432345095
flow_npe,posterior_samples.pkl,1000,1000,N=n,1,sigma,0.731829573934837,0.07353188500820768
flow_npe,posterior_samples.pkl,1000,1000,N=n,1,sigma,0.7418546365914787,0.07342487386472234
flow_npe,posterior_samples.pkl,1000,1000,N=n,1,sigma,0.7518796992481203,0.07333451044346355
flow_npe,posterior_samples.pkl,1000,1000,N=n,1,sigma,0.7619047619047619,0.07326124067092671
flow_npe,posterior_samples.pkl,1000,1000,N=n,1,sigma,0.7719298245614035,0.0732054311331886
flow_npe,posterior_samples.pkl,1000,1000,N=n,1,sigma,0.7819548872180451,0.07316737362475946
flow_npe,posterior_samples.pkl,1000,1000,N=n,1,sigma,0.7919799498746867,0.07314728992062568
flow_npe,posterior_samples.pkl,1000,1000,N=n,1,sigma,0.8020050125313283,0.07314533673141722
flow_npe,posterior_samples.pkl,1000,1000,N=n,1,sigma,0.8120300751879699,0.07316161080400768
flow_npe,posterior_samples.pkl,1000,1000,N=n,1,sigma,0.8220551378446115,0.07319615413247613
flow_npe,posterior_samples.pkl,1000,1000,N=n,1,sigma,0.8320802005012531,0.07324895924718654
flow_npe,posterior_samples.pkl,1000,1000,N=n,1,sigma,0.8421052631578947,0.073319974552748
flow_npe,posterior_samples.pkl,1000,1000,N=n,1,sigma,0.8521303258145363,0.07340910968867605
flow_npe,posterior_samples.pkl,1000,1000,N=n,1,sigma,0.8621553884711779,0.07351624088971102
flow_npe,posterior_samples.pkl,1000,1000,N=n,1,sigma,0.8721804511278195,0.07364121632582706
flow_npe,posterior_samples.pkl,1000,1000,N=n,1,sigma,0.8822055137844611,0.07378386140499452
flow_npe,posterior_samples.pkl,1000,1000,N=n,1,sigma,0.8922305764411027,0.07394398402461554
flow_npe,posterior_samples.pkl,1000,1000,N=n,1,sigma,0.9022556390977443,0.07412137976026223
flow_npe,posterior_samples.pkl,1000,1000,N=n,1,sigma,0.9122807017543859,0.07431583698279048
flow_npe,posterior_samples.pkl,1000,1000,N=n,1,sigma,0.9223057644110275,0.07452714189708311
flow_npe,posterior_samples.pkl,1000,1000,N=n,1,sigma,0.9323308270676691,0.0747550834975363
flow_npe,posterior_samples.pkl,1000,1000,N=n,1,sigma,0.9423558897243107,0.07499945843692545
flow_npe,posterior_samples.pkl,1000,1000,N=n,1,sigma,0.9523809523809523,0.07526007580642273
flow_npe,posterior_samples.pkl,1000,1000,N=n,1,sigma,0.9624060150375939,0.07553676182530526
flow_npe,posterior_samples.pkl,1000,1000,N=n,1,sigma,0.9724310776942355,0.0758293644392526
flow_npe,posterior_samples.pkl,1000,1000,N=n,1,sigma,0.9824561403508771,0.07613775782610116
flow_npe,posterior_samples.pkl,1000,1000,N=n,1,sigma,0.9924812030075187,0.07646184680750032
flow_npe,posterior_samples.pkl,1000,1000,N=n,1,sigma,1.0025062656641603,0.07680157116411865
flow_npe,posterior_samples.pkl,1000,1000,N=n,1,sigma,1.012531328320802,0.07715690985090422
flow_npe,posterior_samples.pkl,1000,1000,N=n,1,sigma,1.0225563909774436,0.07752788510743387
flow_npe,posterior_samples.pkl,1000,1000,N=n,1,sigma,1.0325814536340852,0.07791456645662106
flow_npe,posterior_samples.pkl,1000,1000,N=n,1,sigma,1.0426065162907268,0.07831707458308258
flow_npe,posterior_samples.pkl,1000,1000,N=n,1,sigma,1.0526315789473684,0.0787355850802323
flow_npe,posterior_samples.pkl,1000,1000,N=n,1,sigma,1.06265664160401,0.07917033205287229
flow_npe,posterior_samples.pkl,1000,1000,N=n,1,sigma,1.0726817042606516,0.07962161155959578
flow_npe,posterior_samples.pkl,1000,1000,N=n,1,sigma,1.0827067669172932,0.08008978487687596
flow_npe,posterior_samples.pkl,1000,1000,N=n,1,sigma,1.0927318295739348,0.08057528156426208
flow_npe,posterior_samples.pkl,1000,1000,N=n,1,sigma,1.1027568922305764,0.08107860230777612
flow_npe,posterior_samples.pkl,1000,1000,N=n,1,sigma,1.112781954887218,0.08160032151636426
flow_npe,posterior_samples.pkl,1000,1000,N=n,1,sigma,1.1228070175438596,0.08214108964426074
flow_npe,posterior_samples.pkl,1000,1000,N=n,1,sigma,1.1328320802005012,0.08270163521034778
flow_npe,posterior_samples.pkl,1000,1000,N=n,1,sigma,1.1428571428571428,0.08328276648411169
flow_npe,posterior_samples.pkl,1000,1000,N=n,1,sigma,1.1528822055137844,0.08388537280667288
flow_npe,posterior_samples.pkl,1000,1000,N=n,1,sigma,1.162907268170426,0.08451042551461058
flow_npe,posterior_samples.pkl,1000,1000,N=n,1,sigma,1.1729323308270676,0.08515897843395158
flow_npe,posterior_samples.pkl,1000,1000,N=n,1,sigma,1.1829573934837092,0.08583216791181027
flow_npe,posterior_samples.pkl,1000,1000,N=n,1,sigma,1.1929824561403508,0.08653121235371398
flow_npe,posterior_samples.pkl,1000,1000,N=n,1,sigma,1.2030075187969924,0.08725741123568892
flow_npe,posterior_samples.pkl,1000,1000,N=n,1,sigma,1.213032581453634,0.08801214356172878
flow_npe,posterior_samples.pkl,1000,1000,N=n,1,sigma,1.2230576441102756,0.08879686573926071
flow_npe,posterior_samples.pkl,1000,1000,N=n,1,sigma,1.2330827067669172,0.0896131088477486
flow_npe,posterior_samples.pkl,1000,1000,N=n,1,sigma,1.2431077694235588,0.09046247527855898
flow_npe,posterior_samples.pkl,1000,1000,N=n,1,sigma,1.2531328320802004,0.09134663472765035
flow_npe,posterior_samples.pkl,1000,1000,N=n,1,sigma,1.263157894736842,0.09226731952655835
flow_npe,posterior_samples.pkl,1000,1000,N=n,1,sigma,1.2731829573934836,0.09322631930145019
flow_npe,posterior_samples.pkl,1000,1000,N=n,1,sigma,1.2832080200501252,0.09422547495473849
flow_npe,posterior_samples.pkl,1000,1000,N=n,1,sigma,1.2932330827067668,0.09526667196878764
flow_npe,posterior_samples.pkl,1000,1000,N=n,1,sigma,1.3032581453634084,0.09635183303665261
flow_npe,posterior_samples.pkl,1000,1000,N=n,1,sigma,1.31328320802005,0.09748291003042095
flow_npe,posterior_samples.pkl,1000,1000,N=n,1,sigma,1.3233082706766917,0.09866187532364797
flow_npe,posterior_samples.pkl,1000,1000,N=n,1,sigma,1.3333333333333333,0.09989071249043917
flow_npe,posterior_samples.pkl,1000,1000,N=n,1,sigma,1.3433583959899749,0.10117140640995279
flow_npe,posterior_samples.pkl,1000,1000,N=n,1,sigma,1.3533834586466165,0.10250593281141088
flow_npe,posterior_samples.pkl,1000,1000,N=n,1,sigma,1.363408521303258,0.10389624730102102
flow_npe,posterior_samples.pkl,1000,1000,N=n,1,sigma,1.3734335839598997,0.10534427391852103
flow_npe,posterior_samples.pkl,1000,1000,N=n,1,sigma,1.3834586466165413,0.10685189327728034
flow_npe,posterior_samples.pkl,1000,1000,N=n,1,sigma,1.3934837092731829,0.10842093034794933
flow_npe,posterior_samples.pkl,1000,1000,N=n,1,sigma,1.4035087719298245,0.11005314195151548
flow_npe,posterior_samples.pkl,1000,1000,N=n,1,sigma,1.413533834586466,0.11175020403319465
flow_npe,posterior_samples.pkl,1000,1000,N=n,1,sigma,1.4235588972431077,0.11351369879384274
flow_npe,posterior_samples.pkl,1000,1000,N=n,1,sigma,1.4335839598997493,0.11534510176040323
flow_npe,posterior_samples.pkl,1000,1000,N=n,1,sigma,1.443609022556391,0.11724576888127565
flow_npe,posterior_samples.pkl,1000,1000,N=n,1,sigma,1.4536340852130325,0.11921692373631725
flow_npe,posterior_samples.pkl,1000,1000,N=n,1,sigma,1.463659147869674,0.12125964495443375
flow_npe,posterior_samples.pkl,1000,1000,N=n,1,sigma,1.4736842105263157,0.1233748539342817
flow_npe,posterior_samples.pkl,1000,1000,N=n,1,sigma,1.4837092731829573,0.1255633029654445
flow_npe,posterior_samples.pkl,1000,1000,N=n,1,sigma,1.493734335839599,0.1278255638485377
flow_npe,posterior_samples.pkl,1000,1000,N=n,1,sigma,1.5037593984962405,0.13016201711293748
flow_npe,posterior_samples.pkl,1000,1000,N=n,1,sigma,1.5137844611528821,0.13257284193018248
flow_npe,posterior_samples.pkl,1000,1000,N=n,1,sigma,1.5238095238095237,0.13505800681959157
flow_npe,posterior_samples.pkl,1000,1000,N=n,1,sigma,1.5338345864661653,0.137617261240136
flow_npe,posterior_samples.pkl,1000,1000,N=n,1,sigma,1.543859649122807,0.14025012815916038
flow_npe,posterior_samples.pkl,1000,1000,N=n,1,sigma,1.5538847117794485,0.1429558976841205
flow_npe,posterior_samples.pkl,1000,1000,N=n,1,sigma,1.5639097744360901,0.14573362183812624
flow_npe,posterior_samples.pkl,1000,1000,N=n,1,sigma,1.5739348370927317,0.14858211055365883
flow_npe,posterior_samples.pkl,1000,1000,N=n,1,sigma,1.5839598997493733,0.15149992895157013
flow_npe,posterior_samples.pkl,1000,1000,N=n,1,sigma,1.593984962406015,0.15448539596420124
flow_npe,posterior_samples.pkl,1000,1000,N=n,1,sigma,1.6040100250626566,0.15753658435239018
flow_npe,posterior_samples.pkl,1000,1000,N=n,1,sigma,1.6140350877192982,0.16065132215625616
flow_npe,posterior_samples.pkl,1000,1000,N=n,1,sigma,1.6240601503759398,0.16382719560902229
flow_npe,posterior_samples.pkl,1000,1000,N=n,1,sigma,1.6340852130325814,0.16706155353191107
flow_npe,posterior_samples.pkl,1000,1000,N=n,1,sigma,1.644110275689223,0.17035151321636102
flow_npe,posterior_samples.pkl,1000,1000,N=n,1,sigma,1.6541353383458646,0.17369396778761073
flow_npe,posterior_samples.pkl,1000,1000,N=n,1,sigma,1.6641604010025062,0.1770855950312157
flow_npe,posterior_samples.pkl,1000,1000,N=n,1,sigma,1.6741854636591478,0.18052286765136516
flow_npe,posterior_samples.pkl,1000,1000,N=n,1,sigma,1.6842105263157894,0.1840020649171966
flow_npe,posterior_samples.pkl,1000,1000,N=n,1,sigma,1.694235588972431,0.18751928564070222
flow_npe,posterior_samples.pkl,1000,1000,N=n,1,sigma,1.7042606516290726,0.19107046241749012
flow_npe,posterior_samples.pkl,1000,1000,N=n,1,sigma,1.7142857142857142,0.19465137704974217
flow_npe,posterior_samples.pkl,1000,1000,N=n,1,sigma,1.7243107769423558,0.19825767705935424
flow_npe,posterior_samples.pkl,1000,1000,N=n,1,sigma,1.7343358395989974,0.20188489318851693
flow_npe,posterior_samples.pkl,1000,1000,N=n,1,sigma,1.744360902255639,0.20552845777519058
flow_npe,posterior_samples.pkl,1000,1000,N=n,1,sigma,1.7543859649122806,0.20918372388200607
flow_npe,posterior_samples.pkl,1000,1000,N=n,1,sigma,1.7644110275689222,0.21284598504929234
flow_npe,posterior_samples.pkl,1000,1000,N=n,1,sigma,1.7744360902255638,0.21651049553631319
flow_npe,posterior_samples.pkl,1000,1000,N=n,1,sigma,1.7844611528822054,0.22017249090940402
flow_npe,posterior_samples.pkl,1000,1000,N=n,1,sigma,1.794486215538847,0.2238272088316591
flow_npe,posterior_samples.pkl,1000,1000,N=n,1,sigma,1.8045112781954886,0.22746990990619717
flow_npe,posterior_samples.pkl,1000,1000,N=n,1,sigma,1.8145363408521302,0.23109589842389636
flow_npe,posterior_samples.pkl,1000,1000,N=n,1,sigma,1.8245614035087718,0.2347005428666428
flow_npe,posterior_samples.pkl,1000,1000,N=n,1,sigma,1.8345864661654134,0.2382792960190129
flow_npe,posterior_samples.pkl,1000,1000,N=n,1,sigma,1.844611528822055,0.24182771454441002
flow_npe,posterior_samples.pkl,1000,1000,N=n,1,sigma,1.8546365914786966,0.24534147788627414
flow_npe,posterior_samples.pkl,1000,1000,N=n,1,sigma,1.8646616541353382,0.2488164063609846
flow_npe,posterior_samples.pkl,1000,1000,N=n,1,sigma,1.8746867167919798,0.2522484783162259
flow_npe,posterior_samples.pkl,1000,1000,N=n,1,sigma,1.8847117794486214,0.255633846237083
flow_npe,posterior_samples.pkl,1000,1000,N=n,1,sigma,1.894736842105263,0.2589688516916106
flow_npe,posterior_samples.pkl,1000,1000,N=n,1,sigma,1.9047619047619047,0.26225003901811317
flow_npe,posterior_samples.pkl,1000,1000,N=n,1,sigma,1.9147869674185463,0.26547416766772747
flow_npe,posterior_samples.pkl,1000,1000,N=n,1,sigma,1.9248120300751879,0.26863822312795477
flow_npe,posterior_samples.pkl,1000,1000,N=n,1,sigma,1.9348370927318295,0.2717394263654198
flow_npe,posterior_samples.pkl,1000,1000,N=n,1,sigma,1.944862155388471,0.2747752417391839
flow_npe,posterior_samples.pkl,1000,1000,N=n,1,sigma,1.9548872180451127,0.27774338334932064
flow_npe,posterior_samples.pkl,1000,1000,N=n,1,sigma,1.9649122807017543,0.2806418197988743
flow_npe,posterior_samples.pkl,1000,1000,N=n,1,sigma,1.9749373433583959,0.2834687773608684
flow_npe,posterior_samples.pkl,1000,1000,N=n,1,sigma,1.9849624060150375,0.2862227415552295
flow_npe,posterior_samples.pkl,1000,1000,N=n,1,sigma,1.994987468671679,0.2889024571536358
flow_npe,posterior_samples.pkl,1000,1000,N=n,1,sigma,2.0050125313283207,0.2915069266427568
flow_npe,posterior_samples.pkl,1000,1000,N=n,1,sigma,2.015037593984962,0.2940354071885092
flow_npe,posterior_samples.pkl,1000,1000,N=n,1,sigma,2.025062656641604,0.2964874061552647
flow_npe,posterior_samples.pkl,1000,1000,N=n,1,sigma,2.0350877192982457,0.2988626752446585
flow_npe,posterior_samples.pkl,1000,1000,N=n,1,sigma,2.045112781954887,0.3011612033283444
flow_npe,posterior_samples.pkl,1000,1000,N=n,1,sigma,2.0551378446115285,0.3033832080579978
flow_npe,posterior_samples.pkl,1000,1000,N=n,1,sigma,2.0651629072681703,0.30552912634370083
flow_npe,posterior_samples.pkl,1000,1000,N=n,1,sigma,2.075187969924812,0.3075996037986563
flow_npe,posterior_samples.pkl,1000,1000,N=n,1,sigma,2.0852130325814535,0.3095954832539801
flow_npe,posterior_samples.pkl,1000,1000,N=n,1,sigma,2.095238095238095,0.31151779245193045
flow_npe,posterior_samples.pkl,1000,1000,N=n,1,sigma,2.1052631578947367,0.3133677310294328
flow_npe,posterior_samples.pkl,1000,1000,N=n,1,sigma,2.1152882205513786,0.3151466569061618
flow_npe,posterior_samples.pkl,1000,1000,N=n,1,sigma,2.12531328320802,0.3168560721926924
flow_npe,posterior_samples.pkl,1000,1000,N=n,1,sigma,2.1353383458646613,0.3184976087343521
flow_npe,posterior_samples.pkl,1000,1000,N=n,1,sigma,2.145363408521303,0.3200730134055432
flow_npe,posterior_samples.pkl,1000,1000,N=n,1,sigma,2.155388471177945,0.32158413326723334
flow_npe,posterior_samples.pkl,1000,1000,N=n,1,sigma,2.1654135338345863,0.3230329006974538
flow_npe,posterior_samples.pkl,1000,1000,N=n,1,sigma,2.1754385964912277,0.3244213186007146
flow_npe,posterior_samples.pkl,1000,1000,N=n,1,sigma,2.1854636591478696,0.3257514457974453
flow_npe,posterior_samples.pkl,1000,1000,N=n,1,sigma,2.1954887218045114,0.3270253826891084
flow_npe,posterior_samples.pkl,1000,1000,N=n,1,sigma,2.2055137844611528,0.32824525728824955
flow_npe,posterior_samples.pkl,1000,1000,N=n,1,sigma,2.215538847117794,0.3294132116959868
flow_npe,posterior_samples.pkl,1000,1000,N=n,1,sigma,2.225563909774436,0.33053138910186114
flow_npe,posterior_samples.pkl,1000,1000,N=n,1,sigma,2.235588972431078,0.3316019213732382
flow_npe,posterior_samples.pkl,1000,1000,N=n,1,sigma,2.245614035087719,0.3326269172931649
flow_npe,posterior_samples.pkl,1000,1000,N=n,1,sigma,2.2556390977443606,0.33360845149713614
flow_npe,posterior_samples.pkl,1000,1000,N=n,1,sigma,2.2656641604010024,0.3345485541506926
flow_npe,posterior_samples.pkl,1000,1000,N=n,1,sigma,2.275689223057644,0.3354492014011401
flow_npe,posterior_samples.pkl,1000,1000,N=n,1,sigma,2.2857142857142856,0.3363123066281639
flow_npe,posterior_samples.pkl,1000,1000,N=n,1,sigma,2.295739348370927,0.3371397125097811
flow_npe,posterior_samples.pkl,1000,1000,N=n,1,sigma,2.305764411027569,0.3379331839119584
flow_npe,posterior_samples.pkl,1000,1000,N=n,1,sigma,2.3157894736842106,0.3386944016026274
flow_npe,posterior_samples.pkl,1000,1000,N=n,1,sigma,2.325814536340852,0.33942495678348583
flow_npe,posterior_samples.pkl,1000,1000,N=n,1,sigma,2.3358395989974934,0.3401263464263777
flow_npe,posterior_samples.pkl,1000,1000,N=n,1,sigma,2.345864661654135,0.34079996939489093
flow_npe,posterior_samples.pkl,1000,1000,N=n,1,sigma,2.355889724310777,0.34144712332645516
flow_npe,posterior_samples.pkl,1000,1000,N=n,1,sigma,2.3659147869674184,0.34206900224548187
flow_npe,posterior_samples.pkl,1000,1000,N=n,1,sigma,2.37593984962406,0.3426666948742249
flow_npe,posterior_samples.pkl,1000,1000,N=n,1,sigma,2.3859649122807016,0.34324118360473466
flow_npe,posterior_samples.pkl,1000,1000,N=n,1,sigma,2.3959899749373434,0.3437933440931277
flow_npe,posterior_samples.pkl,1000,1000,N=n,1,sigma,2.406015037593985,0.3443239454355546
flow_npe,posterior_samples.pkl,1000,1000,N=n,1,sigma,2.416040100250626,0.34483365088459095
flow_npe,posterior_samples.pkl,1000,1000,N=n,1,sigma,2.426065162907268,0.3453230190646017
flow_npe,posterior_samples.pkl,1000,1000,N=n,1,sigma,2.43609022556391,0.3457925056451853
flow_npe,posterior_samples.pkl,1000,1000,N=n,1,sigma,2.4461152882205512,0.3462424654330005
flow_npe,posterior_samples.pkl,1000,1000,N=n,1,sigma,2.4561403508771926,0.3466731548440581
flow_npe,posterior_samples.pkl,1000,1000,N=n,1,sigma,2.4661654135338344,0.3470847347206775
flow_npe,posterior_samples.pkl,1000,1000,N=n,1,sigma,2.4761904761904763,0.3474772734599285
flow_npe,posterior_samples.pkl,1000,1000,N=n,1,sigma,2.4862155388471177,0.34785075042326496
flow_npe,posterior_samples.pkl,1000,1000,N=n,1,sigma,2.496240601503759,0.34820505959997555
flow_npe,posterior_samples.pkl,1000,1000,N=n,1,sigma,2.506265664160401,0.3485400135003337
flow_npe,posterior_samples.pkl,1000,1000,N=n,1,sigma,2.5162907268170427,0.34885534725728845
flow_npe,posterior_samples.pkl,1000,1000,N=n,1,sigma,2.526315789473684,0.34915072291859145
flow_npe,posterior_samples.pkl,1000,1000,N=n,1,sigma,2.5363408521303255,0.34942573391396364
flow_npe,posterior_samples.pkl,1000,1000,N=n,1,sigma,2.5463659147869673,0.3496799096843788
flow_npe,posterior_samples.pkl,1000,1000,N=n,1,sigma,2.556390977443609,0.3499127204626281
flow_npe,posterior_samples.pkl,1000,1000,N=n,1,sigma,2.5664160401002505,0.35012358219599765
flow_npe,posterior_samples.pkl,1000,1000,N=n,1,sigma,2.576441102756892,0.3503118616030461
flow_npe,posterior_samples.pkl,1000,1000,N=n,1,sigma,2.5864661654135337,0.35047688135711913
flow_npe,posterior_samples.pkl,1000,1000,N=n,1,sigma,2.5964912280701755,0.35061792538943615
flow_npe,posterior_samples.pkl,1000,1000,N=n,1,sigma,2.606516290726817,0.35073424430405387
flow_npe,posterior_samples.pkl,1000,1000,N=n,1,sigma,2.6165413533834583,0.3508250608962083
flow_npe,posterior_samples.pkl,1000,1000,N=n,1,sigma,2.6265664160401,0.35088957576402097
flow_npe,posterior_samples.pkl,1000,1000,N=n,1,sigma,2.636591478696742,0.3509269730017776
flow_npe,posterior_samples.pkl,1000,1000,N=n,1,sigma,2.6466165413533833,0.3509364259606439
flow_npe,posterior_samples.pkl,1000,1000,N=n,1,sigma,2.6566416040100247,0.3509171030602371
flow_npe,posterior_samples.pkl,1000,1000,N=n,1,sigma,2.6666666666666665,0.35086817363159906
flow_npe,posterior_samples.pkl,1000,1000,N=n,1,sigma,2.6766917293233083,0.35078881376926635
flow_npe,posterior_samples.pkl,1000,1000,N=n,1,sigma,2.6867167919799497,0.35067821216712985
flow_npe,posterior_samples.pkl,1000,1000,N=n,1,sigma,2.696741854636591,0.3505355759099212
flow_npe,posterior_samples.pkl,1000,1000,N=n,1,sigma,2.706766917293233,0.3503601361894816
flow_npe,posterior_samples.pkl,1000,1000,N=n,1,sigma,2.7167919799498748,0.3501511539123841
flow_npe,posterior_samples.pkl,1000,1000,N=n,1,sigma,2.726817042606516,0.3499079251636161
flow_npe,posterior_samples.pkl,1000,1000,N=n,1,sigma,2.7368421052631575,0.3496297864891765
flow_npe,posterior_samples.pkl,1000,1000,N=n,1,sigma,2.7468671679197993,0.3493161199595093
flow_npe,posterior_samples.pkl,1000,1000,N=n,1,sigma,2.756892230576441,0.3489663579751148
flow_npe,posterior_samples.pkl,1000,1000,N=n,1,sigma,2.7669172932330826,0.34857998777587296
flow_npe,posterior_samples.pkl,1000,1000,N=n,1,sigma,2.776942355889724,0.3481565556164202
flow_npe,posterior_samples.pkl,1000,1000,N=n,1,sigma,2.7869674185463658,0.3476956705715446
flow_npe,posterior_samples.pkl,1000,1000,N=n,1,sigma,2.7969924812030076,0.34719700793772906
flow_npe,posterior_samples.pkl,1000,1000,N=n,1,sigma,2.807017543859649,0.34666031220004134
flow_npe,posterior_samples.pkl,1000,1000,N=n,1,sigma,2.8170426065162903,0.34608539953711
flow_npe,posterior_samples.pkl,1000,1000,N=n,1,sigma,2.827067669172932,0.34547215984126695
flow_npe,posterior_samples.pkl,1000,1000,N=n,1,sigma,2.837092731829574,0.34482055823559554
flow_npe,posterior_samples.pkl,1000,1000,N=n,1,sigma,2.8471177944862154,0.3441306360750747
flow_npe,posterior_samples.pkl,1000,1000,N=n,1,sigma,2.8571428571428568,0.3434025114244943
flow_npe,posterior_samples.pkl,1000,1000,N=n,1,sigma,2.8671679197994986,0.34263637901181626
flow_npe,posterior_samples.pkl,1000,1000,N=n,1,sigma,2.8771929824561404,0.341832509661786
flow_npe,posterior_samples.pkl,1000,1000,N=n,1,sigma,2.887218045112782,0.34099124922065743
flow_npe,posterior_samples.pkl,1000,1000,N=n,1,sigma,2.897243107769423,0.34011301698904545
flow_npe,posterior_samples.pkl,1000,1000,N=n,1,sigma,2.907268170426065,0.3391983036857738
flow_npe,posterior_samples.pkl,1000,1000,N=n,1,sigma,2.917293233082707,0.33824766897118447
flow_npe,posterior_samples.pkl,1000,1000,N=n,1,sigma,2.927318295739348,0.3372617385635633
flow_npe,posterior_samples.pkl,1000,1000,N=n,1,sigma,2.9373433583959896,0.3362412009869936
flow_npe,posterior_samples.pkl,1000,1000,N=n,1,sigma,2.9473684210526314,0.33518680399297945
flow_npe,posterior_samples.pkl,1000,1000,N=n,1,sigma,2.9573934837092732,0.3340993507016107
flow_npe,posterior_samples.pkl,1000,1000,N=n,1,sigma,2.9674185463659146,0.3329796955106466
flow_npe,posterior_samples.pkl,1000,1000,N=n,1,sigma,2.977443609022556,0.33182873982262573
flow_npe,posterior_samples.pkl,1000,1000,N=n,1,sigma,2.987468671679198,0.3306474276412978
flow_npe,posterior_samples.pkl,1000,1000,N=n,1,sigma,2.9974937343358397,0.32943674108859416
flow_npe,posterior_samples.pkl,1000,1000,N=n,1,sigma,3.007518796992481,0.3281976958928357
flow_npe,posterior_samples.pkl,1000,1000,N=n,1,sigma,3.0175438596491224,0.3269313368972416
flow_npe,posterior_samples.pkl,1000,1000,N=n,1,sigma,3.0275689223057642,0.3256387336355124
flow_npe,posterior_samples.pkl,1000,1000,N=n,1,sigma,3.037593984962406,0.3243209760182721
flow_npe,posterior_samples.pkl,1000,1000,N=n,1,sigma,3.0476190476190474,0.3229791701703112
flow_npe,posterior_samples.pkl,1000,1000,N=n,1,sigma,3.057644110275689,0.3216144344543778
flow_npe,posterior_samples.pkl,1000,1000,N=n,1,sigma,3.0676691729323307,0.32022789571238053
flow_npe,posterior_samples.pkl,1000,1000,N=n,1,sigma,3.0776942355889725,0.3188206857496656
flow_npe,posterior_samples.pkl,1000,1000,N=n,1,sigma,3.087719298245614,0.31739393808253663
flow_npe,posterior_samples.pkl,1000,1000,N=n,1,sigma,3.0977443609022552,0.3159487849634588
flow_npe,posterior_samples.pkl,1000,1000,N=n,1,sigma,3.107769423558897,0.31448635469264125
flow_npe,posterior_samples.pkl,1000,1000,N=n,1,sigma,3.117794486215539,0.3130077692189494
flow_npe,posterior_samples.pkl,1000,1000,N=n,1,sigma,3.1278195488721803,0.31151414202750677
flow_npe,posterior_samples.pkl,1000,1000,N=n,1,sigma,3.1378446115288217,0.3100065763059864
flow_npe,posterior_samples.pkl,1000,1000,N=n,1,sigma,3.1478696741854635,0.3084861633766882
flow_npe,posterior_samples.pkl,1000,1000,N=n,1,sigma,3.1578947368421053,0.30695398137678465
flow_npe,posterior_samples.pkl,1000,1000,N=n,1,sigma,3.1679197994987467,0.3054110941652432
flow_npe,posterior_samples.pkl,1000,1000,N=n,1,sigma,3.177944862155388,0.3038585504313212
flow_npe,posterior_samples.pkl,1000,1000,N=n,1,sigma,3.18796992481203,0.30229738297679737
flow_npe,posterior_samples.pkl,1000,1000,N=n,1,sigma,3.1979949874686717,0.3007286081418815
flow_npe,posterior_samples.pkl,1000,1000,N=n,1,sigma,3.208020050125313,0.2991532253432536
flow_npe,posterior_samples.pkl,1000,1000,N=n,1,sigma,3.2180451127819545,0.29757221669198114
flow_npe,posterior_samples.pkl,1000,1000,N=n,1,sigma,3.2280701754385963,0.295986546658948
flow_npe,posterior_samples.pkl,1000,1000,N=n,1,sigma,3.238095238095238,0.2943971617560848
flow_npe,posterior_samples.pkl,1000,1000,N=n,1,sigma,3.2481203007518795,0.2928049902029787
flow_npe,posterior_samples.pkl,1000,1000,N=n,1,sigma,3.258145363408521,0.291210941550329
flow_npe,posterior_samples.pkl,1000,1000,N=n,1,sigma,3.2681704260651627,0.289615906234231
flow_npe,posterior_samples.pkl,1000,1000,N=n,1,sigma,3.2781954887218046,0.2880207550382332
flow_npe,posterior_samples.pkl,1000,1000,N=n,1,sigma,3.288220551378446,0.28642633844356813
flow_npe,posterior_samples.pkl,1000,1000,N=n,1,sigma,3.2982456140350873,0.28483348585172386
flow_npe,posterior_samples.pkl,1000,1000,N=n,1,sigma,3.308270676691729,0.28324300466764735
flow_npe,posterior_samples.pkl,1000,1000,N=n,1,sigma,3.318295739348371,0.28165567923614443
flow_npe,posterior_samples.pkl,1000,1000,N=n,1,sigma,3.3283208020050123,0.28007226962844806
flow_npe,posterior_samples.pkl,1000,1000,N=n,1,sigma,3.3383458646616537,0.2784935102803728
flow_npe,posterior_samples.pkl,1000,1000,N=n,1,sigma,3.3483709273182956,0.27692010848790527
flow_npe,posterior_samples.pkl,1000,1000,N=n,1,sigma,3.3583959899749374,0.2753527427703084
flow_npe,posterior_samples.pkl,1000,1000,N=n,1,sigma,3.3684210526315788,0.27379206111491033
flow_npe,posterior_samples.pkl,1000,1000,N=n,1,sigma,3.37844611528822,0.2722386791215349
flow_npe,posterior_samples.pkl,1000,1000,N=n,1,sigma,3.388471177944862,0.2706931780680146
flow_npe,posterior_samples.pkl,1000,1000,N=n,1,sigma,3.398496240601504,0.2691561029212273
flow_npe,posterior_samples.pkl,1000,1000,N=n,1,sigma,3.408521303258145,0.2676279603207605
flow_npe,posterior_samples.pkl,1000,1000,N=n,1,sigma,3.4185463659147866,0.2661092165644295
flow_npe,posterior_samples.pkl,1000,1000,N=n,1,sigma,3.4285714285714284,0.2646002956264275
flow_npe,posterior_samples.pkl,1000,1000,N=n,1,sigma,3.43859649122807,0.2631015772400479
flow_npe,posterior_samples.pkl,1000,1000,N=n,1,sigma,3.4486215538847116,0.26161339507731896
flow_npe,posterior_samples.pkl,1000,1000,N=n,1,sigma,3.458646616541353,0.26013603505795296
flow_npe,posterior_samples.pkl,1000,1000,N=n,1,sigma,3.468671679197995,0.2586697338192869
flow_npe,posterior_samples.pkl,1000,1000,N=n,1,sigma,3.4786967418546366,0.25721467737786935
flow_npe,posterior_samples.pkl,1000,1000,N=n,1,sigma,3.488721804511278,0.2557710000115832
flow_npe,posterior_samples.pkl,1000,1000,N=n,1,sigma,3.4987468671679194,0.2543387833891079
flow_npe,posterior_samples.pkl,1000,1000,N=n,1,sigma,3.508771929824561,0.2529180559708521
flow_npe,posterior_samples.pkl,1000,1000,N=n,1,sigma,3.518796992481203,0.2515087927025491
flow_npe,posterior_samples.pkl,1000,1000,N=n,1,sigma,3.5288220551378444,0.25011091501922883
flow_npe,posterior_samples.pkl,1000,1000,N=n,1,sigma,3.538847117794486,0.24872429117369246
flow_npe,posterior_samples.pkl,1000,1000,N=n,1,sigma,3.5488721804511276,0.2473487368995913
flow_npe,posterior_samples.pkl,1000,1000,N=n,1,sigma,3.5588972431077694,0.24598401641513382
flow_npe,posterior_samples.pkl,1000,1000,N=n,1,sigma,3.568922305764411,0.2446298437691742
flow_npe,posterior_samples.pkl,1000,1000,N=n,1,sigma,3.578947368421052,0.24328588452713626
flow_npe,posterior_samples.pkl,1000,1000,N=n,1,sigma,3.588972431077694,0.24195175778986142
flow_npe,posterior_samples.pkl,1000,1000,N=n,1,sigma,3.598997493734336,0.2406270385343018
flow_npe,posterior_samples.pkl,1000,1000,N=n,1,sigma,3.6090225563909772,0.23931126026078645
flow_npe,posterior_samples.pkl,1000,1000,N=n,1,sigma,3.6190476190476186,0.23800391792771916
flow_npe,posterior_samples.pkl,1000,1000,N=n,1,sigma,3.6290726817042605,0.2367044711508235
flow_npe,posterior_samples.pkl,1000,1000,N=n,1,sigma,3.6390977443609023,0.23541234764075086
flow_npe,posterior_samples.pkl,1000,1000,N=n,1,sigma,3.6491228070175437,0.23412694684971774
flow_npe,posterior_samples.pkl,1000,1000,N=n,1,sigma,3.659147869674185,0.23284764379532388
flow_npe,posterior_samples.pkl,1000,1000,N=n,1,sigma,3.669172932330827,0.23157379302735215
flow_npe,posterior_samples.pkl,1000,1000,N=n,1,sigma,3.6791979949874687,0.23030473270169569
flow_npe,posterior_samples.pkl,1000,1000,N=n,1,sigma,3.68922305764411,0.2290397887241918
flow_npe,posterior_samples.pkl,1000,1000,N=n,1,sigma,3.6992481203007515,0.22777827892642138
flow_npe,posterior_samples.pkl,1000,1000,N=n,1,sigma,3.7092731829573933,0.22651951723517624
flow_npe,posterior_samples.pkl,1000,1000,N=n,1,sigma,3.719298245614035,0.2252628177975947
flow_npe,posterior_samples.pkl,1000,1000,N=n,1,sigma,3.7293233082706765,0.22400749902460626
flow_npe,posterior_samples.pkl,1000,1000,N=n,1,sigma,3.739348370927318,0.22275288751660338
flow_npe,posterior_samples.pkl,1000,1000,N=n,1,sigma,3.7493734335839597,0.22149832183685356
flow_npe,posterior_samples.pkl,1000,1000,N=n,1,sigma,3.7593984962406015,0.2202431561003158
flow_npe,posterior_samples.pkl,1000,1000,N=n,1,sigma,3.769423558897243,0.21898676334802164
flow_npe,posterior_samples.pkl,1000,1000,N=n,1,sigma,3.7794486215538843,0.21772853867999692
flow_npe,posterior_samples.pkl,1000,1000,N=n,1,sigma,3.789473684210526,0.21646790212295672
flow_npe,posterior_samples.pkl,1000,1000,N=n,1,sigma,3.799498746867168,0.21520430121237522
flow_npe,posterior_samples.pkl,1000,1000,N=n,1,sigma,3.8095238095238093,0.2139372132722376
flow_npe,posterior_samples.pkl,1000,1000,N=n,1,sigma,3.8195488721804507,0.21266614737958867
flow_npe,posterior_samples.pkl,1000,1000,N=n,1,sigma,3.8295739348370925,0.21139064600489482
flow_npe,posterior_samples.pkl,1000,1000,N=n,1,sigma,3.8395989974937343,0.21011028632322304
flow_npe,posterior_samples.pkl,1000,1000,N=n,1,sigma,3.8496240601503757,0.20882468119517164
flow_npe,posterior_samples.pkl,1000,1000,N=n,1,sigma,3.859649122807017,0.2075334798203531
flow_npe,posterior_samples.pkl,1000,1000,N=n,1,sigma,3.869674185463659,0.2062363680700283
flow_npe,posterior_samples.pkl,1000,1000,N=n,1,sigma,3.8796992481203008,0.20493306850898962
flow_npe,posterior_samples.pkl,1000,1000,N=n,1,sigma,3.889724310776942,0.20362334012023484
flow_npe,posterior_samples.pkl,1000,1000,N=n,1,sigma,3.8997493734335835,0.2023069777489581
flow_npe,posterior_samples.pkl,1000,1000,N=n,1,sigma,3.9097744360902253,0.20098381128524673
flow_npe,posterior_samples.pkl,1000,1000,N=n,1,sigma,3.919799498746867,0.1996537046072489
flow_npe,posterior_samples.pkl,1000,1000,N=n,1,sigma,3.9298245614035086,0.1983165543086919
flow_npe,posterior_samples.pkl,1000,1000,N=n,1,sigma,3.93984962406015,0.19697228823629317
flow_npe,posterior_samples.pkl,1000,1000,N=n,1,sigma,3.9498746867167918,0.19562086386390132
flow_npe,posterior_samples.pkl,1000,1000,N=n,1,sigma,3.9598997493734336,0.1942622665311211
flow_npe,posterior_samples.pkl,1000,1000,N=n,1,sigma,3.969924812030075,0.1928965075745843
flow_npe,posterior_samples.pkl,1000,1000,N=n,1,sigma,3.9799498746867163,0.19152362238019377
flow_npe,posterior_samples.pkl,1000,1000,N=n,1,sigma,3.989974937343358,0.19014366838430533
flow_npe,posterior_samples.pkl,1000,1000,N=n,1,sigma,4.0,0.18875672305115143
flow_npe,posterior_samples.pkl,1000,1000,N=n,1,xi,-1.0,0.39945141126712136
flow_npe,posterior_samples.pkl,1000,1000,N=n,1,xi,-0.9949874686716792,0.39942971361230134
flow_npe,posterior_samples.pkl,1000,1000,N=n,1,xi,-0.9899749373433584,0.39939603223209913
flow_npe,posterior_samples.pkl,1000,1000,N=n,1,xi,-0.9849624060150376,0.3993503126111587
flow_npe,posterior_samples.pkl,1000,1000,N=n,1,xi,-0.9799498746867168,0.39929247417403474
flow_npe,posterior_samples.pkl,1000,1000,N=n,1,xi,-0.974937343358396,0.3992224143403627
flow_npe,posterior_samples.pkl,1000,1000,N=n,1,xi,-0.9699248120300752,0.3991400128411302
flow_npe,posterior_samples.pkl,1000,1000,N=n,1,xi,-0.9649122807017544,0.3990451362593736
flow_npe,posterior_samples.pkl,1000,1000,N=n,1,xi,-0.9598997493734336,0.39893764275660515
flow_npe,posterior_samples.pkl,1000,1000,N=n,1,xi,-0.9548872180451128,0.39881738694450025
flow_npe,posterior_samples.pkl,1000,1000,N=n,1,xi,-0.949874686716792,0.3986842248599919
flow_npe,posterior_samples.pkl,1000,1000,N=n,1,xi,-0.9448621553884712,0.39853801900085883
flow_npe,posterior_samples.pkl,1000,1000,N=n,1,xi,-0.9398496240601504,0.39837864337807033
flow_npe,posterior_samples.pkl,1000,1000,N=n,1,xi,-0.9348370927318296,0.39820598854082756
flow_npe,posterior_samples.pkl,1000,1000,N=n,1,xi,-0.9298245614035088,0.3980199665301503
flow_npe,posterior_samples.pkl,1000,1000,N=n,1,xi,-0.924812030075188,0.3978205157172341
flow_npe,posterior_samples.pkl,1000,1000,N=n,1,xi,-0.9197994987468672,0.39760760548341084
flow_npe,posterior_samples.pkl,1000,1000,N=n,1,xi,-0.9147869674185464,0.3973812406996564
flow_npe,posterior_samples.pkl,1000,1000,N=n,1,xi,-0.9097744360902256,0.39714146596494165
flow_npe,posterior_samples.pkl,1000,1000,N=n,1,xi,-0.9047619047619048,0.39688836956445317
flow_npe,posterior_samples.pkl,1000,1000,N=n,1,xi,-0.899749373433584,0.39662208711080704
flow_npe,posterior_samples.pkl,1000,1000,N=n,1,xi,-0.8947368421052632,0.3963428048337584
flow_npe,posterior_samples.pkl,1000,1000,N=n,1,xi,-0.8897243107769424,0.39605076248659005
flow_npe,posterior_samples.pkl,1000,1000,N=n,1,xi,-0.8847117794486216,0.3957462558403011
flow_npe,posterior_samples.pkl,1000,1000,N=n,1,xi,-0.8796992481203008,0.3954296387400469
flow_npe,posterior_samples.pkl,1000,1000,N=n,1,xi,-0.87468671679198,0.39510132470160053
flow_npe,posterior_samples.pkl,1000,1000,N=n,1,xi,-0.8696741854636592,0.3947617880293679
flow_npe,posterior_samples.pkl,1000,1000,N=n,1,xi,-0.8646616541353384,0.3944115644412962
flow_npe,posterior_samples.pkl,1000,1000,N=n,1,xi,-0.8596491228070176,0.3940512511899705
flow_npe,posterior_samples.pkl,1000,1000,N=n,1,xi,-0.8546365914786967,0.393681506673311
flow_npe,posterior_samples.pkl,1000,1000,N=n,1,xi,-0.849624060150376,0.39330304953239315
flow_npe,posterior_samples.pkl,1000,1000,N=n,1,xi,-0.8446115288220551,0.3929166572381696
flow_npe,posterior_samples.pkl,1000,1000,N=n,1,xi,-0.8395989974937343,0.3925231641729849
flow_npe,posterior_samples.pkl,1000,1000,N=n,1,xi,-0.8345864661654135,0.39212345921704655
flow_npe,posterior_samples.pkl,1000,1000,N=n,1,xi,-0.8295739348370927,0.39171848285389016
flow_npe,posterior_samples.pkl,1000,1000,N=n,1,xi,-0.8245614035087719,0.3913092238131069
flow_npe,posterior_samples.pkl,1000,1000,N=n,1,xi,-0.8195488721804511,0.39089671527218295
flow_npe,posterior_samples.pkl,1000,1000,N=n,1,xi,-0.8145363408521303,0.3904820306430738
flow_npe,posterior_samples.pkl,1000,1000,N=n,1,xi,-0.8095238095238095,0.39006627897249996
flow_npe,posterior_samples.pkl,1000,1000,N=n,1,xi,-0.8045112781954887,0.3896505999881493
flow_npe,posterior_samples.pkl,1000,1000,N=n,1,xi,-0.7994987468671679,0.38923615882581003
flow_npe,posterior_samples.pkl,1000,1000,N=n,1,xi,-0.7944862155388471,0.3888241404751026
flow_npe,posterior_samples.pkl,1000,1000,N=n,1,xi,-0.7894736842105263,0.3884157439837243
flow_npe,posterior_samples.pkl,1000,1000,N=n,1,xi,-0.7844611528822055,0.38801217646198394
flow_npe,posterior_samples.pkl,1000,1000,N=n,1,xi,-0.7794486215538847,0.3876146469310156
flow_npe,posterior_samples.pkl,1000,1000,N=n,1,xi,-0.7744360902255639,0.38722436005915645
flow_npe,posterior_samples.pkl,1000,1000,N=n,1,xi,-0.7694235588972431,0.38684250983179497
flow_npe,posterior_samples.pkl,1000,1000,N=n,1,xi,-0.7644110275689223,0.3864702732003501
flow_npe,posterior_samples.pkl,1000,1000,N=n,1,xi,-0.7593984962406015,0.3861088037559821
flow_npe,posterior_samples.pkl,1000,1000,N=n,1,xi,-0.7543859649122807,0.3857592254733151
flow_npe,posterior_samples.pkl,1000,1000,N=n,1,xi,-0.7493734335839599,0.385422626568473
flow_npe,posterior_samples.pkl,1000,1000,N=n,1,xi,-0.7443609022556391,0.3851000535147333
flow_npe,posterior_samples.pkl,1000,1000,N=n,1,xi,-0.7393483709273183,0.38479250525736564
flow_npe,posterior_samples.pkl,1000,1000,N=n,1,xi,-0.7343358395989975,0.38450092766741184
flow_npe,posterior_samples.pkl,1000,1000,N=n,1,xi,-0.7293233082706767,0.3842262082719145
flow_npe,posterior_samples.pkl,1000,1000,N=n,1,xi,-0.7243107769423559,0.3839691712954989
flow_npe,posterior_samples.pkl,1000,1000,N=n,1,xi,-0.7192982456140351,0.38373057304545943
flow_npe,posterior_samples.pkl,1000,1000,N=n,1,xi,-0.7142857142857143,0.3835110976694165
flow_npe,posterior_samples.pkl,1000,1000,N=n,1,xi,-0.7092731829573935,0.3833113533112756
flow_npe,posterior_samples.pkl,1000,1000,N=n,1,xi,-0.7042606516290727,0.38313186868786164
flow_npe,posterior_samples.pkl,1000,1000,N=n,1,xi,-0.6992481203007519,0.3829730901049228
flow_npe,posterior_samples.pkl,1000,1000,N=n,1,xi,-0.6942355889724311,0.3828353789274931
flow_npe,posterior_samples.pkl,1000,1000,N=n,1,xi,-0.6892230576441103,0.38271900951592486
flow_npe,posterior_samples.pkl,1000,1000,N=n,1,xi,-0.6842105263157895,0.3826241676349302
flow_npe,posterior_samples.pkl,1000,1000,N=n,1,xi,-0.6791979949874687,0.38255094933942774
flow_npe,posterior_samples.pkl,1000,1000,N=n,1,xi,-0.6741854636591479,0.38249936033697296
flow_npe,posterior_samples.pkl,1000,1000,N=n,1,xi,-0.6691729323308271,0.38246931582315463
flow_npe,posterior_samples.pkl,1000,1000,N=n,1,xi,-0.6641604010025063,0.3824606407826255
flow_npe,posterior_samples.pkl,1000,1000,N=n,1,xi,-0.6591478696741855,0.3824730707451658
flow_npe,posterior_samples.pkl,1000,1000,N=n,1,xi,-0.6541353383458647,0.38250625298292257
flow_npe,posterior_samples.pkl,1000,1000,N=n,1,xi,-0.6491228070175439,0.382559748132067
flow_npe,posterior_samples.pkl,1000,1000,N=n,1,xi,-0.6441102756892231,0.3826330322192504
flow_npe,posterior_samples.pkl,1000,1000,N=n,1,xi,-0.6390977443609023,0.38272549907092324
flow_npe,posterior_samples.pkl,1000,1000,N=n,1,xi,-0.6340852130325815,0.38283646308123503
flow_npe,posterior_samples.pkl,1000,1000,N=n,1,xi,-0.6290726817042607,0.38296516231244554
flow_npe,posterior_samples.pkl,1000,1000,N=n,1,xi,-0.6240601503759399,0.3831107619001005
flow_npe,posterior_samples.pkl,1000,1000,N=n,1,xi,-0.6190476190476191,0.383272357733993
flow_npe,posterior_samples.pkl,1000,1000,N=n,1,xi,-0.6140350877192983,0.3834489803849605
flow_npe,posterior_samples.pkl,1000,1000,N=n,1,xi,-0.6090225563909775,0.3836395992468609
flow_npe,posterior_samples.pkl,1000,1000,N=n,1,xi,-0.6040100250626567,0.38384312686286337
flow_npe,posterior_samples.pkl,1000,1000,N=n,1,xi,-0.5989974937343359,0.3840584234049551
flow_npe,posterior_samples.pkl,1000,1000,N=n,1,xi,-0.5939849624060151,0.38428430127602087
flow_npe,posterior_samples.pkl,1000,1000,N=n,1,xi,-0.5889724310776943,0.3845195298042748
flow_npe,posterior_samples.pkl,1000,1000,N=n,1,xi,-0.5839598997493735,0.38476284000057015
flow_npe,posterior_samples.pkl,1000,1000,N=n,1,xi,-0.5789473684210527,0.3850129293503052
flow_npe,posterior_samples.pkl,1000,1000,N=n,1,xi,-0.5739348370927319,0.3852684666126761
flow_npe,posterior_samples.pkl,1000,1000,N=n,1,xi,-0.568922305764411,0.38552809660163156
flow_npe,posterior_samples.pkl,1000,1000,N=n,1,xi,-0.5639097744360902,0.3857904449243375
flow_npe,posterior_samples.pkl,1000,1000,N=n,1,xi,-0.5588972431077694,0.3860541226548328
flow_npe,posterior_samples.pkl,1000,1000,N=n,1,xi,-0.5538847117794486,0.38631773092220867
flow_npe,posterior_samples.pkl,1000,1000,N=n,1,xi,-0.5488721804511278,0.386579865394726
flow_npe,posterior_samples.pkl,1000,1000,N=n,1,xi,-0.543859649122807,0.38683912064312703
flow_npe,posterior_samples.pkl,1000,1000,N=n,1,xi,-0.5388471177944862,0.3870940943684172
flow_npe,posterior_samples.pkl,1000,1000,N=n,1,xi,-0.5338345864661654,0.38734339148137625
flow_npe,posterior_samples.pkl,1000,1000,N=n,1,xi,-0.5288220551378446,0.38758562802293306
flow_npe,posterior_samples.pkl,1000,1000,N=n,1,xi,-0.5238095238095238,0.3878194349165074
flow_npe,posterior_samples.pkl,1000,1000,N=n,1,xi,-0.518796992481203,0.38804346154514036
flow_npe,posterior_samples.pkl,1000,1000,N=n,1,xi,-0.5137844611528822,0.3882563791479622
flow_npe,posterior_samples.pkl,1000,1000,N=n,1,xi,-0.5087719298245614,0.3884568840321489
flow_npe,posterior_samples.pkl,1000,1000,N=n,1,xi,-0.5037593984962406,0.38864370059792835
flow_npe,posterior_samples.pkl,1000,1000,N=n,1,xi,-0.4987468671679198,0.3888155841755283
flow_npe,posterior_samples.pkl,1000,1000,N=n,1,xi,-0.493734335839599,0.388971323674108
flow_npe,posterior_samples.pkl,1000,1000,N=n,1,xi,-0.4887218045112782,0.3891097440436762
flow_npe,posterior_samples.pkl,1000,1000,N=n,1,xi,-0.4837092731829574,0.3892297085518763
flow_npe,posterior_samples.pkl,1000,1000,N=n,1,xi,-0.4786967418546366,0.38933012087816166
flow_npe,posterior_samples.pkl,1000,1000,N=n,1,xi,-0.4736842105263158,0.38940992702835575
flow_npe,posterior_samples.pkl,1000,1000,N=n,1,xi,-0.468671679197995,0.38946811707302054
flow_npe,posterior_samples.pkl,1000,1000,N=n,1,xi,-0.4636591478696742,0.3895037267132301
flow_npe,posterior_samples.pkl,1000,1000,N=n,1,xi,-0.4586466165413534,0.38951583867736117
flow_npe,posterior_samples.pkl,1000,1000,N=n,1,xi,-0.4536340852130326,0.38950358395258033
flow_npe,posterior_samples.pkl,1000,1000,N=n,1,xi,-0.4486215538847118,0.3894661428544493
flow_npe,posterior_samples.pkl,1000,1000,N=n,1,xi,-0.443609022556391,0.38940274593787044
flow_npe,posterior_samples.pkl,1000,1000,N=n,1,xi,-0.4385964912280702,0.38931267475227205
flow_npe,posterior_samples.pkl,1000,1000,N=n,1,xi,-0.4335839598997494,0.38919526244348834
flow_npe,posterior_samples.pkl,1000,1000,N=n,1,xi,-0.4285714285714286,0.38904989420450126
flow_npe,posterior_samples.pkl,1000,1000,N=n,1,xi,-0.4235588972431078,0.38887600757661195
flow_npe,posterior_samples.pkl,1000,1000,N=n,1,xi,-0.418546365914787,0.38867309260230193
flow_npe,posterior_samples.pkl,1000,1000,N=n,1,xi,-0.4135338345864662,0.3884406918305505
flow_npe,posterior_samples.pkl,1000,1000,N=n,1,xi,-0.4085213032581454,0.3881784001749901
flow_npe,posterior_samples.pkl,1000,1000,N=n,1,xi,-0.4035087719298246,0.3878858646250137
flow_npe,posterior_samples.pkl,1000,1000,N=n,1,xi,-0.3984962406015038,0.3875627838095495
flow_npe,posterior_samples.pkl,1000,1000,N=n,1,xi,-0.393483709273183,0.38720890741316344
flow_npe,posterior_samples.pkl,1000,1000,N=n,1,xi,-0.3884711779448622,0.3868240354439416
flow_npe,posterior_samples.pkl,1000,1000,N=n,1,xi,-0.3834586466165414,0.38640801735268887
flow_npe,posterior_samples.pkl,1000,1000,N=n,1,xi,-0.3784461152882206,0.3859607510029866
flow_npe,posterior_samples.pkl,1000,1000,N=n,1,xi,-0.3734335839598998,0.38548218149198615
flow_npe,posterior_samples.pkl,1000,1000,N=n,1,xi,-0.368421052631579,0.3849722998220397
flow_npe,posterior_samples.pkl,1000,1000,N=n,1,xi,-0.3634085213032582,0.3844311414237921
flow_npe,posterior_samples.pkl,1000,1000,N=n,1,xi,-0.3583959899749374,0.38385878453189903
flow_npe,posterior_samples.pkl,1000,1000,N=n,1,xi,-0.3533834586466166,0.38325534841518777
flow_npe,posterior_samples.pkl,1000,1000,N=n,1,xi,-0.3483709273182958,0.38262099146388745
flow_npe,posterior_samples.pkl,1000,1000,N=n,1,xi,-0.343358395989975,0.3819559091374032
flow_npe,posterior_samples.pkl,1000,1000,N=n,1,xi,-0.33834586466165417,0.3812603317770775
flow_npe,posterior_samples.pkl,1000,1000,N=n,1,xi,-0.33333333333333337,0.38053452228939394
flow_npe,posterior_samples.pkl,1000,1000,N=n,1,xi,-0.32832080200501257,0.3797787737061995
flow_npe,posterior_samples.pkl,1000,1000,N=n,1,xi,-0.32330827067669177,0.37899340662960646
flow_npe,posterior_samples.pkl,1000,1000,N=n,1,xi,-0.31829573934837097,0.3781787665704133
flow_npe,posterior_samples.pkl,1000,1000,N=n,1,xi,-0.31328320802005016,0.37733522119009855
flow_npe,posterior_samples.pkl,1000,1000,N=n,1,xi,-0.30827067669172936,0.3764631574575048
flow_npe,posterior_samples.pkl,1000,1000,N=n,1,xi,-0.30325814536340856,0.3755629787325456
flow_npe,posterior_samples.pkl,1000,1000,N=n,1,xi,-0.29824561403508776,0.3746351017903541
flow_npe,posterior_samples.pkl,1000,1000,N=n,1,xi,-0.29323308270676696,0.3736799538002698
flow_npe,posterior_samples.pkl,1000,1000,N=n,1,xi,-0.28822055137844615,0.3726979692750743
flow_npe,posterior_samples.pkl,1000,1000,N=n,1,xi,-0.28320802005012535,0.37168958700671284
flow_npe,posterior_samples.pkl,1000,1000,N=n,1,xi,-0.27819548872180455,0.3706552470054665
flow_npe,posterior_samples.pkl,1000,1000,N=n,1,xi,-0.27318295739348375,0.369595387460239
flow_npe,posterior_samples.pkl,1000,1000,N=n,1,xi,-0.26817042606516295,0.3685104417379652
flow_npe,posterior_samples.pkl,1000,1000,N=n,1,xi,-0.26315789473684215,0.3674008354406654
flow_npe,posterior_samples.pkl,1000,1000,N=n,1,xi,-0.25814536340852134,0.36626698353862863
flow_npe,posterior_samples.pkl,1000,1000,N=n,1,xi,-0.25313283208020054,0.36510928759843114
flow_npe,posterior_samples.pkl,1000,1000,N=n,1,xi,-0.24812030075187974,0.3639281331241475
flow_npe,posterior_samples.pkl,1000,1000,N=n,1,xi,-0.24310776942355894,0.3627238870298769
flow_npe,posterior_samples.pkl,1000,1000,N=n,1,xi,-0.23809523809523814,0.3614968952611298
flow_npe,posterior_samples.pkl,1000,1000,N=n,1,xi,-0.23308270676691734,0.3602474805819579
flow_npe,posterior_samples.pkl,1000,1000,N=n,1,xi,-0.22807017543859653,0.3589759405438187
flow_npe,posterior_samples.pkl,1000,1000,N=n,1,xi,-0.22305764411027573,0.35768254565108853
flow_npe,posterior_samples.pkl,1000,1000,N=n,1,xi,-0.21804511278195493,0.3563675377370452
flow_npe,posterior_samples.pkl,1000,1000,N=n,1,xi,-0.21303258145363413,0.3550311285626201
flow_npe,posterior_samples.pkl,1000,1000,N=n,1,xi,-0.20802005012531333,0.3536734986488936
flow_npe,posterior_samples.pkl,1000,1000,N=n,1,xi,-0.20300751879699253,0.35229479635259336
flow_npe,posterior_samples.pkl,1000,1000,N=n,1,xi,-0.19799498746867172,0.35089513719211274
flow_npe,posterior_samples.pkl,1000,1000,N=n,1,xi,-0.19298245614035092,0.3494746034298204
flow_npe,posterior_samples.pkl,1000,1000,N=n,1,xi,-0.18796992481203012,0.34803324391444285
flow_npe,posterior_samples.pkl,1000,1000,N=n,1,xi,-0.18295739348370932,0.3465710741854255
flow_npe,posterior_samples.pkl,1000,1000,N=n,1,xi,-0.17794486215538852,0.34508807683908643
flow_npe,posterior_samples.pkl,1000,1000,N=n,1,xi,-0.17293233082706772,0.34358420215447927
flow_npe,posterior_samples.pkl,1000,1000,N=n,1,xi,-0.1679197994987469,0.342059368974741
flow_npe,posterior_samples.pkl,1000,1000,N=n,1,xi,-0.1629072681704261,0.3405134658378672
flow_npe,posterior_samples.pkl,1000,1000,N=n,1,xi,-0.1578947368421053,0.3389463523487763
flow_npe,posterior_samples.pkl,1000,1000,N=n,1,xi,-0.1528822055137845,0.3373578607827644
flow_npe,posterior_samples.pkl,1000,1000,N=n,1,xi,-0.1478696741854637,0.3357477979085879
flow_npe,posterior_samples.pkl,1000,1000,N=n,1,xi,-0.1428571428571429,0.3341159470178209
flow_npe,posterior_samples.pkl,1000,1000,N=n,1,xi,-0.1378446115288221,0.3324620701455008
flow_npe,posterior_samples.pkl,1000,1000,N=n,1,xi,-0.1328320802005013,0.330785910465697
flow_npe,posterior_samples.pkl,1000,1000,N=n,1,xi,-0.1278195488721805,0.32908719484439836
flow_npe,posterior_samples.pkl,1000,1000,N=n,1,xi,-0.1228070175438597,0.3273656365310104
flow_npe,posterior_samples.pkl,1000,1000,N=n,1,xi,-0.1177944862155389,0.3256209379688154
flow_npe,posterior_samples.pkl,1000,1000,N=n,1,xi,-0.1127819548872181,0.32385279370409276
flow_npe,posterior_samples.pkl,1000,1000,N=n,1,xi,-0.10776942355889729,0.32206089337301025
flow_npe,posterior_samples.pkl,1000,1000,N=n,1,xi,-0.10275689223057649,0.32024492474510774
flow_npe,posterior_samples.pkl,1000,1000,N=n,1,xi,-0.09774436090225569,0.3184045768020509
flow_npe,posterior_samples.pkl,1000,1000,N=n,1,xi,-0.09273182957393489,0.31653954283045405
flow_npe,posterior_samples.pkl,1000,1000,N=n,1,xi,-0.08771929824561409,0.3146495235077683
flow_npe,posterior_samples.pkl,1000,1000,N=n,1,xi,-0.08270676691729328,0.31273422996078926
flow_npe,posterior_samples.pkl,1000,1000,N=n,1,xi,-0.07769423558897248,0.31079338677695284
flow_npe,posterior_samples.pkl,1000,1000,N=n,1,xi,-0.07268170426065168,0.308826734949421
flow_npe,posterior_samples.pkl,1000,1000,N=n,1,xi,-0.06766917293233088,0.3068340347379718
flow_npe,posterior_samples.pkl,1000,1000,N=n,1,xi,-0.06265664160401008,0.3048150684288545
flow_npe,posterior_samples.pkl,1000,1000,N=n,1,xi,-0.057644110275689275,0.30276964297805947
flow_npe,posterior_samples.pkl,1000,1000,N=n,1,xi,-0.052631578947368474,0.30069759252384315
flow_npe,posterior_samples.pkl,1000,1000,N=n,1,xi,-0.04761904761904767,0.29859878075588797
flow_npe,posterior_samples.pkl,1000,1000,N=n,1,xi,-0.04260651629072687,0.2964731031299923
flow_npe,posterior_samples.pkl,1000,1000,N=n,1,xi,-0.03759398496240607,0.29432048891892676
flow_npe,posterior_samples.pkl,1000,1000,N=n,1,xi,-0.03258145363408527,0.2921409030916652
flow_npe,posterior_samples.pkl,1000,1000,N=n,1,xi,-0.027568922305764465,0.2899343480150047
flow_npe,posterior_samples.pkl,1000,1000,N=n,1,xi,-0.022556390977443663,0.28770086497318137
flow_npe,posterior_samples.pkl,1000,1000,N=n,1,xi,-0.01754385964912286,0.2854405355028524
flow_npe,posterior_samples.pkl,1000,1000,N=n,1,xi,-0.01253132832080206,0.28315348254236383
flow_npe,posterior_samples.pkl,1000,1000,N=n,1,xi,-0.007518796992481258,0.2808398713958235
flow_npe,posterior_samples.pkl,1000,1000,N=n,1,xi,-0.0025062656641604564,0.27849991051398143
flow_npe,posterior_samples.pkl,1000,1000,N=n,1,xi,0.0025062656641603454,0.27613385209523716
flow_npe,posterior_samples.pkl,1000,1000,N=n,1,xi,0.007518796992481036,0.27374199251145
flow_npe,posterior_samples.pkl,1000,1000,N=n,1,xi,0.012531328320801949,0.2713246725642696
flow_npe,posterior_samples.pkl,1000,1000,N=n,1,xi,0.01754385964912286,0.2688822775787386
flow_npe,posterior_samples.pkl,1000,1000,N=n,1,xi,0.022556390977443552,0.26641523734178657
flow_npe,posterior_samples.pkl,1000,1000,N=n,1,xi,0.027568922305764243,0.2639240258938552
flow_npe,posterior_samples.pkl,1000,1000,N=n,1,xi,0.032581453634085156,0.26140916118251256
flow_npe,posterior_samples.pkl,1000,1000,N=n,1,xi,0.03759398496240607,0.25887120458718854
flow_npe,posterior_samples.pkl,1000,1000,N=n,1,xi,0.04260651629072676,0.2563107603244593
flow_npe,posterior_samples.pkl,1000,1000,N=n,1,xi,0.04761904761904745,0.2537284747432801
flow_npe,posterior_samples.pkl,1000,1000,N=n,1,xi,0.05263157894736836,0.251125035519528
flow_npe,posterior_samples.pkl,1000,1000,N=n,1,xi,0.057644110275689275,0.24850117075892567
flow_npe,posterior_samples.pkl,1000,1000,N=n,1,xi,0.06265664160400997,0.24585764801705612
flow_npe,posterior_samples.pkl,1000,1000,N=n,1,xi,0.06766917293233066,0.2431952732446678
flow_npe,posterior_samples.pkl,1000,1000,N=n,1,xi,0.07268170426065157,0.24051488966586945
flow_npe,posterior_samples.pkl,1000,1000,N=n,1,xi,0.07769423558897248,0.23781737659607416
flow_npe,posterior_samples.pkl,1000,1000,N=n,1,xi,0.08270676691729317,0.23510364820583363
flow_npe,posterior_samples.pkl,1000,1000,N=n,1,xi,0.08771929824561386,0.23237465223578135
flow_npe,posterior_samples.pkl,1000,1000,N=n,1,xi,0.09273182957393478,0.2296313686670862
flow_npe,posterior_samples.pkl,1000,1000,N=n,1,xi,0.09774436090225569,0.22687480835088508
flow_npe,posterior_samples.pkl,1000,1000,N=n,1,xi,0.10275689223057638,0.2241060115992488
flow_npe,posterior_samples.pkl,1000,1000,N=n,1,xi,0.10776942355889707,0.22132604673936304
flow_npe,posterior_samples.pkl,1000,1000,N=n,1,xi,0.11278195488721798,0.2185360086317187
flow_npe,posterior_samples.pkl,1000,1000,N=n,1,xi,0.1177944862155389,0.21573701715233956
flow_npe,posterior_samples.pkl,1000,1000,N=n,1,xi,0.12280701754385959,0.21293021563828726
flow_npe,posterior_samples.pkl,1000,1000,N=n,1,xi,0.12781954887218028,0.21011676929505424
flow_npe,posterior_samples.pkl,1000,1000,N=n,1,xi,0.1328320802005012,0.20729786356390534
flow_npe,posterior_samples.pkl,1000,1000,N=n,1,xi,0.1378446115288221,0.20447470244673202
flow_npe,posterior_samples.pkl,1000,1000,N=n,1,xi,0.1428571428571428,0.20164850678570886
flow_npe,posterior_samples.pkl,1000,1000,N=n,1,xi,0.14786967418546348,0.1988205124947723
flow_npe,posterior_samples.pkl,1000,1000,N=n,1,xi,0.1528822055137844,0.19599196873992664
flow_npe,posterior_samples.pkl,1000,1000,N=n,1,xi,0.1578947368421053,0.1931641360653915
flow_npe,posterior_samples.pkl,1000,1000,N=n,1,xi,0.162907268170426,0.19033828446283435
flow_npe,posterior_samples.pkl,1000,1000,N=n,1,xi,0.1679197994987467,0.18751569138124052
flow_npe,posterior_samples.pkl,1000,1000,N=n,1,xi,0.1729323308270676,0.18469763967546604
flow_npe,posterior_samples.pkl,1000,1000,N=n,1,xi,0.17794486215538852,0.18188541549205917
flow_npe,posterior_samples.pkl,1000,1000,N=n,1,xi,0.1829573934837092,0.17908030609169767
flow_npe,posterior_samples.pkl,1000,1000,N=n,1,xi,0.1879699248120299,0.17628359760835366
flow_npe,posterior_samples.pkl,1000,1000,N=n,1,xi,0.1929824561403508,0.17349657274624583
flow_npe,posterior_samples.pkl,1000,1000,N=n,1,xi,0.19799498746867172,0.170720508416588
flow_npe,posterior_samples.pkl,1000,1000,N=n,1,xi,0.20300751879699241,0.16795667331724176
flow_npe,posterior_samples.pkl,1000,1000,N=n,1,xi,0.2080200501253131,0.16520632545945074
flow_npe,posterior_samples.pkl,1000,1000,N=n,1,xi,0.21303258145363402,0.16247070964700336
flow_npe,posterior_samples.pkl,1000,1000,N=n,1,xi,0.21804511278195493,0.15975105491429756
flow_npe,posterior_samples.pkl,1000,1000,N=n,1,xi,0.22305764411027562,0.1570485719309616
flow_npe,posterior_samples.pkl,1000,1000,N=n,1,xi,0.2280701754385963,0.15436445038178173
flow_npe,posterior_samples.pkl,1000,1000,N=n,1,xi,0.23308270676691722,0.1516998563318082
flow_npe,posterior_samples.pkl,1000,1000,N=n,1,xi,0.23809523809523814,0.14905592958751435
flow_npe,posterior_samples.pkl,1000,1000,N=n,1,xi,0.24310776942355883,0.14643378106585464
flow_npe,posterior_samples.pkl,1000,1000,N=n,1,xi,0.24812030075187952,0.14383449018391825
flow_npe,posterior_samples.pkl,1000,1000,N=n,1,xi,0.25313283208020043,0.14125910228263974
flow_npe,posterior_samples.pkl,1000,1000,N=n,1,xi,0.25814536340852134,0.13870862609865175
flow_npe,posterior_samples.pkl,1000,1000,N=n,1,xi,0.26315789473684204,0.1361840312988733
flow_npe,posterior_samples.pkl,1000,1000,N=n,1,xi,0.2681704260651627,0.13368624609276789
flow_npe,posterior_samples.pkl,1000,1000,N=n,1,xi,0.27318295739348364,0.1312161549374375
flow_npe,posterior_samples.pkl,1000,1000,N=n,1,xi,0.27819548872180455,0.12877459635072985
flow_npe,posterior_samples.pkl,1000,1000,N=n,1,xi,0.28320802005012524,0.1263623608474396
flow_npe,posterior_samples.pkl,1000,1000,N=n,1,xi,0.28822055137844593,0.12398018901339262
flow_npe,posterior_samples.pkl,1000,1000,N=n,1,xi,0.29323308270676685,0.1216287697317566
flow_npe,posterior_samples.pkl,1000,1000,N=n,1,xi,0.29824561403508776,0.11930873857529822
flow_npe,posterior_samples.pkl,1000,1000,N=n,1,xi,0.30325814536340845,0.11702067637754648
flow_npe,posterior_samples.pkl,1000,1000,N=n,1,xi,0.30827067669172914,0.11476510799489001
flow_npe,posterior_samples.pkl,1000,1000,N=n,1,xi,0.31328320802005005,0.11254250127056638
flow_npe,posterior_samples.pkl,1000,1000,N=n,1,xi,0.31829573934837097,0.11035326621029667
flow_npe,posterior_samples.pkl,1000,1000,N=n,1,xi,0.32330827067669166,0.10819775437799797
flow_npe,posterior_samples.pkl,1000,1000,N=n,1,xi,0.32832080200501235,0.10607625851855992
flow_npe,posterior_samples.pkl,1000,1000,N=n,1,xi,0.33333333333333326,0.10398901241315071
flow_npe,posterior_samples.pkl,1000,1000,N=n,1,xi,0.33834586466165417,0.10193619097090356
flow_npe,posterior_samples.pkl,1000,1000,N=n,1,xi,0.34335839598997486,0.09991791055916861
flow_npe,posterior_samples.pkl,1000,1000,N=n,1,xi,0.34837092731829555,0.09793422957279044
flow_npe,posterior_samples.pkl,1000,1000,N=n,1,xi,0.35338345864661647,0.09598514924115636
flow_npe,posterior_samples.pkl,1000,1000,N=n,1,xi,0.3583959899749374,0.09407061466997317
flow_npe,posterior_samples.pkl,1000,1000,N=n,1,xi,0.36340852130325807,0.092190516113032
flow_npe,posterior_samples.pkl,1000,1000,N=n,1,xi,0.36842105263157876,0.0903446904674906
flow_npe,posterior_samples.pkl,1000,1000,N=n,1,xi,0.3734335839598997,0.08853292298454134
flow_npe,posterior_samples.pkl,1000,1000,N=n,1,xi,0.3784461152882206,0.0867549491857481
flow_npe,posterior_samples.pkl,1000,1000,N=n,1,xi,0.3834586466165413,0.08501045697379758
flow_npe,posterior_samples.pkl,1000,1000,N=n,1,xi,0.38847117794486197,0.0832990889250111
flow_npe,posterior_samples.pkl,1000,1000,N=n,1,xi,0.3934837092731829,0.08162044474962513
flow_npe,posterior_samples.pkl,1000,1000,N=n,1,xi,0.3984962406015038,0.07997408390467448
flow_npe,posterior_samples.pkl,1000,1000,N=n,1,xi,0.4035087719298245,0.0783595283432506
flow_npe,posterior_samples.pkl,1000,1000,N=n,1,xi,0.4085213032581452,0.07677626538298456
flow_npe,posterior_samples.pkl,1000,1000,N=n,1,xi,0.4135338345864661,0.0752237506758479
flow_npe,posterior_samples.pkl,1000,1000,N=n,1,xi,0.418546365914787,0.07370141126075837
flow_npe,posterior_samples.pkl,1000,1000,N=n,1,xi,0.4235588972431077,0.07220864868002722
flow_npe,posterior_samples.pkl,1000,1000,N=n,1,xi,0.4285714285714284,0.07074484214040797
flow_npe,posterior_samples.pkl,1000,1000,N=n,1,xi,0.4335839598997493,0.06930935169939649
flow_npe,posterior_samples.pkl,1000,1000,N=n,1,xi,0.4385964912280702,0.0679015214574759
flow_npe,posterior_samples.pkl,1000,1000,N=n,1,xi,0.4436090225563909,0.0665206827372173
flow_npe,posterior_samples.pkl,1000,1000,N=n,1,xi,0.4486215538847116,0.06516615723051783
flow_npe,posterior_samples.pkl,1000,1000,N=n,1,xi,0.4536340852130325,0.06383726009578237
flow_npe,posterior_samples.pkl,1000,1000,N=n,1,xi,0.4586466165413534,0.06253330298752281
flow_npe,posterior_samples.pkl,1000,1000,N=n,1,xi,0.4636591478696741,0.06125359700165236
flow_npe,posterior_samples.pkl,1000,1000,N=n,1,xi,0.4686716791979948,0.05999745552068645
flow_npe,posterior_samples.pkl,1000,1000,N=n,1,xi,0.4736842105263157,0.05876419694410808
flow_npe,posterior_samples.pkl,1000,1000,N=n,1,xi,0.4786967418546366,0.05755314729030892
flow_npe,posterior_samples.pkl,1000,1000,N=n,1,xi,0.4837092731829573,0.05636364265774494
flow_npe,posterior_samples.pkl,1000,1000,N=n,1,xi,0.488721804511278,0.05519503153428291
flow_npe,posterior_samples.pkl,1000,1000,N=n,1,xi,0.4937343358395989,0.05404667694507907
flow_npe,posterior_samples.pkl,1000,1000,N=n,1,xi,0.4987468671679198,0.05291795843076537
flow_npe,posterior_samples.pkl,1000,1000,N=n,1,xi,0.5037593984962405,0.051808273849183566
flow_npe,posterior_samples.pkl,1000,1000,N=n,1,xi,0.5087719298245612,0.05071704099538589
flow_npe,posterior_samples.pkl,1000,1000,N=n,1,xi,0.5137844611528821,0.04964369903611379
flow_npe,posterior_samples.pkl,1000,1000,N=n,1,xi,0.518796992481203,0.04858770975643807
flow_npe,posterior_samples.pkl,1000,1000,N=n,1,xi,0.5238095238095237,0.047548558617709215
flow_npe,posterior_samples.pkl,1000,1000,N=n,1,xi,0.5288220551378444,0.046525755627375924
flow_npe,posterior_samples.pkl,1000,1000,N=n,1,xi,0.5338345864661653,0.04551883602261294
flow_npe,posterior_samples.pkl,1000,1000,N=n,1,xi,0.5388471177944862,0.04452736077100534
flow_npe,posterior_samples.pkl,1000,1000,N=n,1,xi,0.5438596491228069,0.04355091689278369
flow_npe,posterior_samples.pkl,1000,1000,N=n,1,xi,0.5488721804511276,0.042589117610263044
flow_npe,posterior_samples.pkl,1000,1000,N=n,1,xi,0.5538847117794485,0.04164160233122347
flow_npe,posterior_samples.pkl,1000,1000,N=n,1,xi,0.5588972431077694,0.04070803647393715
flow_npe,posterior_samples.pkl,1000,1000,N=n,1,xi,0.5639097744360901,0.03978811114243692
flow_npe,posterior_samples.pkl,1000,1000,N=n,1,xi,0.5689223057644108,0.038881542661388456
flow_npe,posterior_samples.pkl,1000,1000,N=n,1,xi,0.5739348370927317,0.037988071980588616
flow_npe,posterior_samples.pkl,1000,1000,N=n,1,xi,0.5789473684210527,0.03710746395966849
flow_npe,posterior_samples.pkl,1000,1000,N=n,1,xi,0.5839598997493733,0.03623950654400704
flow_npe,posterior_samples.pkl,1000,1000,N=n,1,xi,0.588972431077694,0.035384009843195376
flow_npe,posterior_samples.pkl,1000,1000,N=n,1,xi,0.593984962406015,0.03454080512358843
flow_npe,posterior_samples.pkl,1000,1000,N=n,1,xi,0.5989974937343359,0.03370974372659372
flow_npe,posterior_samples.pkl,1000,1000,N=n,1,xi,0.6040100250626566,0.03289069592433223
flow_npe,posterior_samples.pkl,1000,1000,N=n,1,xi,0.6090225563909772,0.03208354972420099
flow_npe,posterior_samples.pkl,1000,1000,N=n,1,xi,0.6140350877192982,0.03128820963366173
flow_npe,posterior_samples.pkl,1000,1000,N=n,1,xi,0.6190476190476191,0.030504595396281413
flow_npe,posterior_samples.pkl,1000,1000,N=n,1,xi,0.6240601503759398,0.029732640709674598
flow_npe,posterior_samples.pkl,1000,1000,N=n,1,xi,0.6290726817042605,0.028972291935531903
flow_npe,posterior_samples.pkl,1000,1000,N=n,1,xi,0.6340852130325814,0.02822350681140549
flow_npe,posterior_samples.pkl,1000,1000,N=n,1,xi,0.6390977443609023,0.027486253173324284
flow_npe,posterior_samples.pkl,1000,1000,N=n,1,xi,0.644110275689223,0.026760507697682255
flow_npe,posterior_samples.pkl,1000,1000,N=n,1,xi,0.6491228070175437,0.026046254670159343
flow_npe,posterior_samples.pkl,1000,1000,N=n,1,xi,0.6541353383458646,0.025343484788721803
flow_npe,posterior_samples.pkl,1000,1000,N=n,1,xi,0.6591478696741855,0.024652194007009062
flow_npe,posterior_samples.pkl,1000,1000,N=n,1,xi,0.6641604010025062,0.02397238242365957
flow_npe,posterior_samples.pkl,1000,1000,N=n,1,xi,0.6691729323308269,0.02330405322236649
flow_npe,posterior_samples.pkl,1000,1000,N=n,1,xi,0.6741854636591478,0.022647211666691376
flow_npe,posterior_samples.pkl,1000,1000,N=n,1,xi,0.6791979949874687,0.02200186415291223
flow_npe,posterior_samples.pkl,1000,1000,N=n,1,xi,0.6842105263157894,0.021368017323447445
flow_npe,posterior_samples.pkl,1000,1000,N=n,1,xi,0.6892230576441101,0.020745677242678808
flow_npe,posterior_samples.pkl,1000,1000,N=n,1,xi,0.694235588972431,0.02013484863632036
flow_npe,posterior_samples.pkl,1000,1000,N=n,1,xi,0.6992481203007519,0.01953553419482733
flow_npe,posterior_samples.pkl,1000,1000,N=n,1,xi,0.7042606516290726,0.018947733940729364
flow_npe,posterior_samples.pkl,1000,1000,N=n,1,xi,0.7092731829573933,0.018371444659214562
flow_npe,posterior_samples.pkl,1000,1000,N=n,1,xi,0.7142857142857142,0.017806659390770457
flow_npe,posterior_samples.pkl,1000,1000,N=n,1,xi,0.7192982456140351,0.017253366984226786
flow_npe,posterior_samples.pkl,1000,1000,N=n,1,xi,0.7243107769423558,0.016711551708131454
flow_npe,posterior_samples.pkl,1000,1000,N=n,1,xi,0.7293233082706765,0.01618119291803657
flow_npe,posterior_samples.pkl,1000,1000,N=n,1,xi,0.7343358395989974,0.01566226477696865
flow_npe,posterior_samples.pkl,1000,1000,N=n,1,xi,0.7393483709273183,0.015154736026111525
flow_npe,posterior_samples.pkl,1000,1000,N=n,1,xi,0.744360902255639,0.01465856980253696
flow_npe,posterior_samples.pkl,1000,1000,N=n,1,xi,0.7493734335839597,0.014173723500681785
flow_npe,posterior_samples.pkl,1000,1000,N=n,1,xi,0.7543859649122806,0.01370014867417925
flow_npe,posterior_samples.pkl,1000,1000,N=n,1,xi,0.7593984962406015,0.013237790974616307
flow_npe,posterior_samples.pkl,1000,1000,N=n,1,xi,0.7644110275689222,0.012786590123793077
flow_npe,posterior_samples.pkl,1000,1000,N=n,1,xi,0.7694235588972429,0.012346479916111007
flow_npe,posterior_samples.pkl,1000,1000,N=n,1,xi,0.7744360902255638,0.011917388247804079
flow_npe,posterior_samples.pkl,1000,1000,N=n,1,xi,0.7794486215538847,0.01149923716984979
flow_npe,posterior_samples.pkl,1000,1000,N=n,1,xi,0.7844611528822054,0.01109194296154947
flow_npe,posterior_samples.pkl,1000,1000,N=n,1,xi,0.7894736842105261,0.010695416221949292
flow_npe,posterior_samples.pkl,1000,1000,N=n,1,xi,0.794486215538847,0.010309561976470896
flow_npe,posterior_samples.pkl,1000,1000,N=n,1,xi,0.7994987468671679,0.009934279796342333
flow_npe,posterior_samples.pkl,1000,1000,N=n,1,xi,0.8045112781954886,0.009569463928649718
flow_npe,posterior_samples.pkl,1000,1000,N=n,1,xi,0.8095238095238093,0.00921500343506905
flow_npe,posterior_samples.pkl,1000,1000,N=n,1,xi,0.8145363408521302,0.008870782337583615
flow_npe,posterior_samples.pkl,1000,1000,N=n,1,xi,0.8195488721804511,0.008536679769733265
flow_npe,posterior_samples.pkl,1000,1000,N=n,1,xi,0.8245614035087718,0.008212570132184342
flow_npe,posterior_samples.pkl,1000,1000,N=n,1,xi,0.8295739348370925,0.00789832325164028
flow_npe,posterior_samples.pkl,1000,1000,N=n,1,xi,0.8345864661654134,0.007593804542335815
flow_npe,posterior_samples.pkl,1000,1000,N=n,1,xi,0.8395989974937343,0.007298875169565825
flow_npe,posterior_samples.pkl,1000,1000,N=n,1,xi,0.844611528822055,0.007013392214893208
flow_npe,posterior_samples.pkl,1000,1000,N=n,1,xi,0.8496240601503757,0.006737208842854036
flow_npe,posterior_samples.pkl,1000,1000,N=n,1,xi,0.8546365914786966,0.006470174469132938
flow_npe,posterior_samples.pkl,1000,1000,N=n,1,xi,0.8596491228070176,0.006212134930316019
flow_npe,posterior_samples.pkl,1000,1000,N=n,1,xi,0.8646616541353382,0.005962932655437727
flow_npe,posterior_samples.pkl,1000,1000,N=n,1,xi,0.8696741854636589,0.0057224068396284754
flow_npe,posterior_samples.pkl,1000,1000,N=n,1,xi,0.8746867167919798,0.00549039362023381
flow_npe,posterior_samples.pkl,1000,1000,N=n,1,xi,0.8796992481203008,0.005266726255818976
flow_npe,posterior_samples.pkl,1000,1000,N=n,1,xi,0.8847117794486214,0.005051235308493328
flow_npe,posterior_samples.pkl,1000,1000,N=n,1,xi,0.8897243107769421,0.004843748829987533
flow_npe,posterior_samples.pkl,1000,1000,N=n,1,xi,0.894736842105263,0.00464409255189616
flow_npe,posterior_samples.pkl,1000,1000,N=n,1,xi,0.899749373433584,0.004452090080458199
flow_npe,posterior_samples.pkl,1000,1000,N=n,1,xi,0.9047619047619047,0.004267563096191227
flow_npe,posterior_samples.pkl,1000,1000,N=n,1,xi,0.9097744360902253,0.004090331558623695
flow_npe,posterior_samples.pkl,1000,1000,N=n,1,xi,0.9147869674185463,0.003920213916285124
flow_npe,posterior_samples.pkl,1000,1000,N=n,1,xi,0.9197994987468672,0.0037570273220180615
flow_npe,posterior_samples.pkl,1000,1000,N=n,1,xi,0.9248120300751879,0.0036005878535726094
flow_npe,posterior_samples.pkl,1000,1000,N=n,1,xi,0.9298245614035086,0.0034507107393340164
flow_npe,posterior_samples.pkl,1000,1000,N=n,1,xi,0.9348370927318295,0.0033072105889201155
flow_npe,posterior_samples.pkl,1000,1000,N=n,1,xi,0.9398496240601504,0.0031699016282708474
flow_npe,posterior_samples.pkl,1000,1000,N=n,1,xi,0.9448621553884711,0.003038597938737801
flow_npe,posterior_samples.pkl,1000,1000,N=n,1,xi,0.9498746867167918,0.002913113699571031
flow_npe,posterior_samples.pkl,1000,1000,N=n,1,xi,0.9548872180451127,0.002793263433094911
flow_npe,posterior_samples.pkl,1000,1000,N=n,1,xi,0.9598997493734336,0.0026788622517666277
flow_npe,posterior_samples.pkl,1000,1000,N=n,1,xi,0.9649122807017543,0.002569726106221305
flow_npe,posterior_samples.pkl,1000,1000,N=n,1,xi,0.969924812030075,0.0024656720333296397
flow_npe,posterior_samples.pkl,1000,1000,N=n,1,xi,0.9749373433583959,0.002366518403226781
flow_npe,posterior_samples.pkl,1000,1000,N=n,1,xi,0.9799498746867168,0.0022720851642182367
flow_npe,posterior_samples.pkl,1000,1000,N=n,1,xi,0.9849624060150375,0.002182194084428336
flow_npe,posterior_samples.pkl,1000,1000,N=n,1,xi,0.9899749373433582,0.002096668989033051
flow_npe,posterior_samples.pkl,1000,1000,N=n,1,xi,0.9949874686716791,0.0020153359919084543
flow_npe,posterior_samples.pkl,1000,1000,N=n,1,xi,1.0,0.0019380237205324177
flow_npe,posterior_samples.pkl,1000,6907,N=n log(n),1,lambda,90.0,6.387716067148053e-08
flow_npe,posterior_samples.pkl,1000,6907,N=n log(n),1,lambda,90.0501253132832,9.661605238308805e-08
flow_npe,posterior_samples.pkl,1000,6907,N=n log(n),1,lambda,90.10025062656642,1.445910251756767e-07
flow_npe,posterior_samples.pkl,1000,6907,N=n log(n),1,lambda,90.15037593984962,2.1395222313026819e-07
flow_npe,posterior_samples.pkl,1000,6907,N=n log(n),1,lambda,90.20050125313283,3.1294699573224607e-07
flow_npe,posterior_samples.pkl,1000,6907,N=n log(n),1,lambda,90.25062656641605,4.524535686101068e-07
flow_npe,posterior_samples.pkl,1000,6907,N=n log(n),1,lambda,90.30075187969925,6.46586145886121e-07
flow_npe,posterior_samples.pkl,1000,6907,N=n log(n),1,lambda,90.35087719298245,9.133552649169693e-07
flow_npe,posterior_samples.pkl,1000,6907,N=n log(n),1,lambda,90.40100250626567,1.2753560748428306e-06
flow_npe,posterior_samples.pkl,1000,6907,N=n log(n),1,lambda,90.45112781954887,1.7604443762083978e-06
flow_npe,posterior_samples.pkl,1000,6907,N=n log(n),1,lambda,90.50125313283208,2.4023466421175176e-06
flow_npe,posterior_samples.pkl,1000,6907,N=n log(n),1,lambda,90.5513784461153,3.241137177895638e-06
flow_npe,posterior_samples.pkl,1000,6907,N=n log(n),1,lambda,90.6015037593985,4.323504802254942e-06
flow_npe,posterior_samples.pkl,1000,6907,N=n log(n),1,lambda,90.6516290726817,5.70272497323386e-06
flow_npe,posterior_samples.pkl,1000,6907,N=n log(n),1,lambda,90.70175438596492,7.43825325216854e-06
flow_npe,posterior_samples.pkl,1000,6907,N=n log(n),1,lambda,90.75187969924812,9.594864326562084e-06
flow_npe,posterior_samples.pkl,1000,6907,N=n log(n),1,lambda,90.80200501253132,1.2241278902078306e-05
flow_npe,posterior_samples.pkl,1000,6907,N=n log(n),1,lambda,90.85213032581454,1.5448249152674483e-05
flow_npe,posterior_samples.pkl,1000,6907,N=n log(n),1,lambda,90.90225563909775,1.9286111424373808e-05
flow_npe,posterior_samples.pkl,1000,6907,N=n log(n),1,lambda,90.95238095238095,2.3821860463253127e-05
flow_npe,posterior_samples.pkl,1000,6907,N=n log(n),1,lambda,91.00250626566417,2.9115849085798573e-05
flow_npe,posterior_samples.pkl,1000,6907,N=n log(n),1,lambda,91.05263157894737,3.521826617351569e-05
flow_npe,posterior_samples.pkl,1000,6907,N=n log(n),1,lambda,91.10275689223057,4.216558854892878e-05
flow_npe,posterior_samples.pkl,1000,6907,N=n log(n),1,lambda,91.15288220551379,4.997723285219833e-05
flow_npe,posterior_samples.pkl,1000,6907,N=n log(n),1,lambda,91.203007518797,5.86526467227564e-05
flow_npe,posterior_samples.pkl,1000,6907,N=n log(n),1,lambda,91.2531328320802,6.8169070525359e-05
flow_npe,posterior_samples.pkl,1000,6907,N=n log(n),1,lambda,91.30325814536342,7.848016981093225e-05
flow_npe,posterior_samples.pkl,1000,6907,N=n log(n),1,lambda,91.35338345864662,8.951568560539277e-05
flow_npe,posterior_samples.pkl,1000,6907,N=n log(n),1,lambda,91.40350877192982,0.0001011821782725674
flow_npe,posterior_samples.pkl,1000,6907,N=n log(n),1,lambda,91.45363408521304,0.00011336485754439088
flow_npe,posterior_samples.pkl,1000,6907,N=n log(n),1,lambda,91.50375939849624,0.00012593040480501357
flow_npe,posterior_samples.pkl,1000,6907,N=n log(n),1,lambda,91.55388471177945,0.00013873061332086149
flow_npe,posterior_samples.pkl,1000,6907,N=n log(n),1,lambda,91.60401002506265,0.00015160660708486451
flow_npe,posterior_samples.pkl,1000,6907,N=n log(n),1,lambda,91.65413533834587,0.00016439335707769294
flow_npe,posterior_samples.pkl,1000,6907,N=n log(n),1,lambda,91.70426065162907,0.00017692420024336016
flow_npe,posterior_samples.pkl,1000,6907,N=n log(n),1,lambda,91.75438596491227,0.00018903508317024234
flow_npe,posterior_samples.pkl,1000,6907,N=n log(n),1,lambda,91.80451127819549,0.00020056829752020382
flow_npe,posterior_samples.pkl,1000,6907,N=n log(n),1,lambda,91.8546365914787,0.00021137554233882766
flow_npe,posterior_samples.pkl,1000,6907,N=n log(n),1,lambda,91.9047619047619,0.0002213202313937224
flow_npe,posterior_samples.pkl,1000,6907,N=n log(n),1,lambda,91.95488721804512,0.00023027905177219686
flow_npe,posterior_samples.pkl,1000,6907,N=n log(n),1,lambda,92.00501253132832,0.00023814286279416125
flow_npe,posterior_samples.pkl,1000,6907,N=n log(n),1,lambda,92.05513784461152,0.0002448170923295815
flow_npe,posterior_samples.pkl,1000,6907,N=n log(n),1,lambda,92.10526315789474,0.00025022183323264994
flow_npe,posterior_samples.pkl,1000,6907,N=n log(n),1,lambda,92.15538847117794,0.00025429186091989773
flow_npe,posterior_samples.pkl,1000,6907,N=n log(n),1,lambda,92.20551378446115,0.0002569767823842363
flow_npe,posterior_samples.pkl,1000,6907,N=n log(n),1,lambda,92.25563909774436,0.0002582414886067644
flow_npe,posterior_samples.pkl,1000,6907,N=n log(n),1,lambda,92.30576441102757,0.0002580670207525578
flow_npe,posterior_samples.pkl,1000,6907,N=n log(n),1,lambda,92.35588972431077,0.0002564518823904707
flow_npe,posterior_samples.pkl,1000,6907,N=n log(n),1,lambda,92.40601503759399,0.0002534137435246137
flow_npe,posterior_samples.pkl,1000,6907,N=n log(n),1,lambda,92.45614035087719,0.0002489913965079306
flow_npe,posterior_samples.pkl,1000,6907,N=n log(n),1,lambda,92.5062656641604,0.00024324674793176047
flow_npe,posterior_samples.pkl,1000,6907,N=n log(n),1,lambda,92.55639097744361,0.00023626657256006146
flow_npe,posterior_samples.pkl,1000,6907,N=n log(n),1,lambda,92.60651629072682,0.00022816372204839428
flow_npe,posterior_samples.pkl,1000,6907,N=n log(n),1,lambda,92.65664160401002,0.00021907747728088753
flow_npe,posterior_samples.pkl,1000,6907,N=n log(n),1,lambda,92.70676691729324,0.00020917276096088063
flow_npe,posterior_samples.pkl,1000,6907,N=n log(n),1,lambda,92.75689223057644,0.00019863798619830774
flow_npe,posterior_samples.pkl,1000,6907,N=n log(n),1,lambda,92.80701754385964,0.00018768140408723243
flow_npe,posterior_samples.pkl,1000,6907,N=n log(n),1,lambda,92.85714285714286,0.00017652592288357397
flow_npe,posterior_samples.pkl,1000,6907,N=n log(n),1,lambda,92.90726817042606,0.00016540249534386696
flow_npe,posterior_samples.pkl,1000,6907,N=n log(n),1,lambda,92.95739348370927,0.000154542299347676
flow_npe,posterior_samples.pkl,1000,6907,N=n log(n),1,lambda,93.00751879699249,0.00014416805941606844
flow_npe,posterior_samples.pkl,1000,6907,N=n log(n),1,lambda,93.05764411027569,0.00013448496235724075
flow_npe,posterior_samples.pkl,1000,6907,N=n log(n),1,lambda,93.10776942355889,0.00012567169898949584
flow_npe,posterior_samples.pkl,1000,6907,N=n log(n),1,lambda,93.15789473684211,0.00011787220730767175
flow_npe,posterior_samples.pkl,1000,6907,N=n log(n),1,lambda,93.20802005012531,0.0001111886945506865
flow_npe,posterior_samples.pkl,1000,6907,N=n log(n),1,lambda,93.25814536340852,0.0001056764733623332
flow_npe,posterior_samples.pkl,1000,6907,N=n log(n),1,lambda,93.30827067669173,0.00010134106098144491
flow_npe,posterior_samples.pkl,1000,6907,N=n log(n),1,lambda,93.35839598997494,9.813786410469825e-05
flow_npe,posterior_samples.pkl,1000,6907,N=n log(n),1,lambda,93.40852130325814,9.597461321345141e-05
flow_npe,posterior_samples.pkl,1000,6907,N=n log(n),1,lambda,93.45864661654136,9.471652941209707e-05
flow_npe,posterior_samples.pkl,1000,6907,N=n log(n),1,lambda,93.50877192982456,9.419401742067508e-05
flow_npe,posterior_samples.pkl,1000,6907,N=n log(n),1,lambda,93.55889724310777,9.421249517874519e-05
flow_npe,posterior_samples.pkl,1000,6907,N=n log(n),1,lambda,93.60902255639098,9.456380889482084e-05
flow_npe,posterior_samples.pkl,1000,6907,N=n log(n),1,lambda,93.65914786967419,9.503855673949151e-05
flow_npe,posterior_samples.pkl,1000,6907,N=n log(n),1,lambda,93.70927318295739,9.543856676201967e-05
flow_npe,posterior_samples.pkl,1000,6907,N=n log(n),1,lambda,93.7593984962406,9.558875325295427e-05
flow_npe,posterior_samples.pkl,1000,6907,N=n log(n),1,lambda,93.80952380952381,9.534761400692283e-05
flow_npe,posterior_samples.pkl,1000,6907,N=n log(n),1,lambda,93.85964912280701,9.461572650610083e-05
flow_npe,posterior_samples.pkl,1000,6907,N=n log(n),1,lambda,93.90977443609023,9.334174605984148e-05
flow_npe,posterior_samples.pkl,1000,6907,N=n log(n),1,lambda,93.95989974937343,9.152559052656249e-05
flow_npe,posterior_samples.pkl,1000,6907,N=n log(n),1,lambda,94.01002506265664,8.92186978636627e-05
flow_npe,posterior_samples.pkl,1000,6907,N=n log(n),1,lambda,94.06015037593986,8.652144602011772e-05
flow_npe,posterior_samples.pkl,1000,6907,N=n log(n),1,lambda,94.11027568922306,8.35780115146332e-05
flow_npe,posterior_samples.pkl,1000,6907,N=n log(n),1,lambda,94.16040100250626,8.05690977287247e-05
flow_npe,posterior_samples.pkl,1000,6907,N=n log(n),1,lambda,94.21052631578948,7.770307493182021e-05
flow_npe,posterior_samples.pkl,1000,6907,N=n log(n),1,lambda,94.26065162907268,7.520613507429157e-05
flow_npe,posterior_samples.pkl,1000,6907,N=n log(n),1,lambda,94.31077694235589,7.331207481679374e-05
flow_npe,posterior_samples.pkl,1000,6907,N=n log(n),1,lambda,94.3609022556391,7.225228470413632e-05
flow_npe,posterior_samples.pkl,1000,6907,N=n log(n),1,lambda,94.41102756892231,7.224644951095118e-05
flow_npe,posterior_samples.pkl,1000,6907,N=n log(n),1,lambda,94.46115288220551,7.349436574366213e-05
flow_npe,posterior_samples.pkl,1000,6907,N=n log(n),1,lambda,94.51127819548873,7.61691689805598e-05
flow_npe,posterior_samples.pkl,1000,6907,N=n log(n),1,lambda,94.56140350877193,8.041214722988467e-05
flow_npe,posterior_samples.pkl,1000,6907,N=n log(n),1,lambda,94.61152882205513,8.632920583702507e-05
flow_npe,posterior_samples.pkl,1000,6907,N=n log(n),1,lambda,94.66165413533835,9.398895112030755e-05
flow_npe,posterior_samples.pkl,1000,6907,N=n log(n),1,lambda,94.71177944862156,0.00010342227768416684
flow_npe,posterior_samples.pkl,1000,6907,N=n log(n),1,lambda,94.76190476190476,0.00011462327991901627
flow_npe,posterior_samples.pkl,1000,6907,N=n log(n),1,lambda,94.81203007518798,0.00012755126180976213
flow_npe,posterior_samples.pkl,1000,6907,N=n log(n),1,lambda,94.86215538847118,0.0001421335904679136
flow_npe,posterior_samples.pkl,1000,6907,N=n log(n),1,lambda,94.91228070175438,0.00015826912735343127
flow_npe,posterior_samples.pkl,1000,6907,N=n log(n),1,lambda,94.9624060150376,0.00017583197672414052
flow_npe,posterior_samples.pkl,1000,6907,N=n log(n),1,lambda,95.0125313283208,0.00019467531323024307
flow_npe,posterior_samples.pkl,1000,6907,N=n log(n),1,lambda,95.06265664160401,0.00021463508908673972
flow_npe,posterior_samples.pkl,1000,6907,N=n log(n),1,lambda,95.11278195488723,0.00023553347413235294
flow_npe,posterior_samples.pkl,1000,6907,N=n log(n),1,lambda,95.16290726817043,0.00025718194586495536
flow_npe,posterior_samples.pkl,1000,6907,N=n log(n),1,lambda,95.21303258145363,0.00027938401579763147
flow_npe,posterior_samples.pkl,1000,6907,N=n log(n),1,lambda,95.26315789473684,0.0003019376459525493
flow_npe,posterior_samples.pkl,1000,6907,N=n log(n),1,lambda,95.31328320802005,0.0003246374665949042
flow_npe,posterior_samples.pkl,1000,6907,N=n log(n),1,lambda,95.36340852130326,0.0003472769449738868
flow_npe,posterior_samples.pkl,1000,6907,N=n log(n),1,lambda,95.41353383458646,0.00036965066784615854
flow_npe,posterior_samples.pkl,1000,6907,N=n log(n),1,lambda,95.46365914786968,0.0003915568837233848
flow_npe,posterior_samples.pkl,1000,6907,N=n log(n),1,lambda,95.51378446115288,0.00041280040397717263
flow_npe,posterior_samples.pkl,1000,6907,N=n log(n),1,lambda,95.56390977443608,0.000433195889748256
flow_npe,posterior_samples.pkl,1000,6907,N=n log(n),1,lambda,95.6140350877193,0.00045257146332243356
flow_npe,posterior_samples.pkl,1000,6907,N=n log(n),1,lambda,95.6641604010025,0.0004707724913652132
flow_npe,posterior_samples.pkl,1000,6907,N=n log(n),1,lambda,95.71428571428571,0.00048766530848344265
flow_npe,posterior_samples.pkl,1000,6907,N=n log(n),1,lambda,95.76441102756893,0.0005031405983776145
flow_npe,posterior_samples.pkl,1000,6907,N=n log(n),1,lambda,95.81453634085213,0.0005171161393093293
flow_npe,posterior_samples.pkl,1000,6907,N=n log(n),1,lambda,95.86466165413533,0.0005295386588696478
flow_npe,posterior_samples.pkl,1000,6907,N=n log(n),1,lambda,95.91478696741855,0.000540384631500145
flow_npe,posterior_samples.pkl,1000,6907,N=n log(n),1,lambda,95.96491228070175,0.0005496599844553643
flow_npe,posterior_samples.pkl,1000,6907,N=n log(n),1,lambda,96.01503759398496,0.0005573988395964205
flow_npe,posterior_samples.pkl,1000,6907,N=n log(n),1,lambda,96.06516290726817,0.0005636615885664676
flow_npe,posterior_samples.pkl,1000,6907,N=n log(n),1,lambda,96.11528822055138,0.0005685327521647168
flow_npe,posterior_samples.pkl,1000,6907,N=n log(n),1,lambda,96.16541353383458,0.0005721191847175449
flow_npe,posterior_samples.pkl,1000,6907,N=n log(n),1,lambda,96.2155388471178,0.0005745492274305592
flow_npe,posterior_samples.pkl,1000,6907,N=n log(n),1,lambda,96.265664160401,0.0005759733744561521
flow_npe,posterior_samples.pkl,1000,6907,N=n log(n),1,lambda,96.3157894736842,0.0005765668854661814
flow_npe,posterior_samples.pkl,1000,6907,N=n log(n),1,lambda,96.36591478696742,0.0005765345654216439
flow_npe,posterior_samples.pkl,1000,6907,N=n log(n),1,lambda,96.41604010025063,0.0005761176561855073
flow_npe,posterior_samples.pkl,1000,6907,N=n log(n),1,lambda,96.46616541353383,0.0005756024784753873
flow_npe,posterior_samples.pkl,1000,6907,N=n log(n),1,lambda,96.51629072681705,0.0005753301689104129
flow_npe,posterior_samples.pkl,1000,6907,N=n log(n),1,lambda,96.56641604010025,0.000575706623044827
flow_npe,posterior_samples.pkl,1000,6907,N=n log(n),1,lambda,96.61654135338345,0.0005772116278043785
flow_npe,posterior_samples.pkl,1000,6907,N=n log(n),1,lambda,96.66666666666667,0.000580406184761104
flow_npe,posterior_samples.pkl,1000,6907,N=n log(n),1,lambda,96.71679197994987,0.0005859372148810717
flow_npe,posterior_samples.pkl,1000,6907,N=n log(n),1,lambda,96.76691729323308,0.000594539203270498
flow_npe,posterior_samples.pkl,1000,6907,N=n log(n),1,lambda,96.8170426065163,0.0006070328757109162
flow_npe,posterior_samples.pkl,1000,6907,N=n log(n),1,lambda,96.8671679197995,0.0006243216632351271
flow_npe,posterior_samples.pkl,1000,6907,N=n log(n),1,lambda,96.9172932330827,0.0006473874544247169
flow_npe,posterior_samples.pkl,1000,6907,N=n log(n),1,lambda,96.96741854636592,0.0006772878926937896
flow_npe,posterior_samples.pkl,1000,6907,N=n log(n),1,lambda,97.01754385964912,0.0007151581777012613
flow_npe,posterior_samples.pkl,1000,6907,N=n log(n),1,lambda,97.06766917293233,0.0007622209099864771
flow_npe,posterior_samples.pkl,1000,6907,N=n log(n),1,lambda,97.11779448621554,0.0008198079220544626
flow_npe,posterior_samples.pkl,1000,6907,N=n log(n),1,lambda,97.16791979949875,0.0008893982333104188
flow_npe,posterior_samples.pkl,1000,6907,N=n log(n),1,lambda,97.21804511278195,0.0009726762410797655
flow_npe,posterior_samples.pkl,1000,6907,N=n log(n),1,lambda,97.26817042606517,0.0010716140324717376
flow_npe,posterior_samples.pkl,1000,6907,N=n log(n),1,lambda,97.31829573934837,0.0011885813131989847
flow_npe,posterior_samples.pkl,1000,6907,N=n log(n),1,lambda,97.36842105263158,0.0013264859586546633
flow_npe,posterior_samples.pkl,1000,6907,N=n log(n),1,lambda,97.41854636591479,0.0014889476666591222
flow_npe,posterior_samples.pkl,1000,6907,N=n log(n),1,lambda,97.468671679198,0.0016805066931960299
flow_npe,posterior_samples.pkl,1000,6907,N=n log(n),1,lambda,97.5187969924812,0.0019068692274612725
flow_npe,posterior_samples.pkl,1000,6907,N=n log(n),1,lambda,97.56892230576442,0.0021751906256643667
flow_npe,posterior_samples.pkl,1000,6907,N=n log(n),1,lambda,97.61904761904762,0.0024943974488226754
flow_npe,posterior_samples.pkl,1000,6907,N=n log(n),1,lambda,97.66917293233082,0.0028755489664601705
flow_npe,posterior_samples.pkl,1000,6907,N=n log(n),1,lambda,97.71929824561403,0.003332238377214503
flow_npe,posterior_samples.pkl,1000,6907,N=n log(n),1,lambda,97.76942355889724,0.003881033300082146
flow_npe,posterior_samples.pkl,1000,6907,N=n log(n),1,lambda,97.81954887218045,0.004541953920219156
flow_npe,posterior_samples.pkl,1000,6907,N=n log(n),1,lambda,97.86967418546365,0.005338985336540926
flow_npe,posterior_samples.pkl,1000,6907,N=n log(n),1,lambda,97.91979949874687,0.00630061797633852
flow_npe,posterior_samples.pkl,1000,6907,N=n log(n),1,lambda,97.96992481203007,0.007460406279135594
flow_npe,posterior_samples.pkl,1000,6907,N=n log(n),1,lambda,98.02005012531328,0.008857531142836697
flow_npe,posterior_samples.pkl,1000,6907,N=n log(n),1,lambda,98.0701754385965,0.010537345900607746
flow_npe,posterior_samples.pkl,1000,6907,N=n log(n),1,lambda,98.1203007518797,0.012551879004619345
flow_npe,posterior_samples.pkl,1000,6907,N=n log(n),1,lambda,98.1704260651629,0.014960259411587446
flow_npe,posterior_samples.pkl,1000,6907,N=n log(n),1,lambda,98.22055137844612,0.01782902331039441
flow_npe,posterior_samples.pkl,1000,6907,N=n log(n),1,lambda,98.27067669172932,0.021232253851564898
flow_npe,posterior_samples.pkl,1000,6907,N=n log(n),1,lambda,98.32080200501252,0.02525149959636903
flow_npe,posterior_samples.pkl,1000,6907,N=n log(n),1,lambda,98.37092731829574,0.02997541325450583
flow_npe,posterior_samples.pkl,1000,6907,N=n log(n),1,lambda,98.42105263157895,0.035499050730815274
flow_npe,posterior_samples.pkl,1000,6907,N=n log(n),1,lambda,98.47117794486215,0.04192277236364994
flow_npe,posterior_samples.pkl,1000,6907,N=n log(n),1,lambda,98.52130325814537,0.04935069426396019
flow_npe,posterior_samples.pkl,1000,6907,N=n log(n),1,lambda,98.57142857142857,0.057888648482105405
flow_npe,posterior_samples.pkl,1000,6907,N=n log(n),1,lambda,98.62155388471177,0.06764162676176581
flow_npe,posterior_samples.pkl,1000,6907,N=n log(n),1,lambda,98.67167919799499,0.0787107040237256
flow_npe,posterior_samples.pkl,1000,6907,N=n log(n),1,lambda,98.7218045112782,0.09118946422722778
flow_npe,posterior_samples.pkl,1000,6907,N=n log(n),1,lambda,98.7719298245614,0.10515998221505739
flow_npe,posterior_samples.pkl,1000,6907,N=n log(n),1,lambda,98.82205513784461,0.12068844940376851
flow_npe,posterior_samples.pkl,1000,6907,N=n log(n),1,lambda,98.87218045112782,0.1378205670672691
flow_npe,posterior_samples.pkl,1000,6907,N=n log(n),1,lambda,98.92230576441102,0.15657686633014375
flow_npe,posterior_samples.pkl,1000,6907,N=n log(n),1,lambda,98.97243107769424,0.1769481462802325
flow_npe,posterior_samples.pkl,1000,6907,N=n log(n),1,lambda,99.02255639097744,0.19889124800402588
flow_npe,posterior_samples.pkl,1000,6907,N=n log(n),1,lambda,99.07268170426065,0.22232539994874034
flow_npe,posterior_samples.pkl,1000,6907,N=n log(n),1,lambda,99.12280701754386,0.24712937610523902
flow_npe,posterior_samples.pkl,1000,6907,N=n log(n),1,lambda,99.17293233082707,0.27313970083094996
flow_npe,posterior_samples.pkl,1000,6907,N=n log(n),1,lambda,99.22305764411027,0.3001501111829977
flow_npe,posterior_samples.pkl,1000,6907,N=n log(n),1,lambda,99.27318295739349,0.3279124489091645
flow_npe,posterior_samples.pkl,1000,6907,N=n log(n),1,lambda,99.32330827067669,0.35613910045568925
flow_npe,posterior_samples.pkl,1000,6907,N=n log(n),1,lambda,99.3734335839599,0.38450703651071405
flow_npe,posterior_samples.pkl,1000,6907,N=n log(n),1,lambda,99.42355889724311,0.41266342601113626
flow_npe,posterior_samples.pkl,1000,6907,N=n log(n),1,lambda,99.47368421052632,0.4402327176268032
flow_npe,posterior_samples.pkl,1000,6907,N=n log(n),1,lambda,99.52380952380952,0.4668249997572631
flow_npe,posterior_samples.pkl,1000,6907,N=n log(n),1,lambda,99.57393483709274,0.49204537371140145
flow_npe,posterior_samples.pkl,1000,6907,N=n log(n),1,lambda,99.62406015037594,0.5155040095995514
flow_npe,posterior_samples.pkl,1000,6907,N=n log(n),1,lambda,99.67418546365914,0.5368265055721033
flow_npe,posterior_samples.pkl,1000,6907,N=n log(n),1,lambda,99.72431077694236,0.5556641423367374
flow_npe,posterior_samples.pkl,1000,6907,N=n log(n),1,lambda,99.77443609022556,0.5717036188533267
flow_npe,posterior_samples.pkl,1000,6907,N=n log(n),1,lambda,99.82456140350877,0.5846758724860963
flow_npe,posterior_samples.pkl,1000,6907,N=n log(n),1,lambda,99.87468671679198,0.5943636266144513
flow_npe,posterior_samples.pkl,1000,6907,N=n log(n),1,lambda,99.92481203007519,0.6006073679838458
flow_npe,posterior_samples.pkl,1000,6907,N=n log(n),1,lambda,99.97493734335839,0.6033095306951327
flow_npe,posterior_samples.pkl,1000,6907,N=n log(n),1,lambda,100.02506265664161,0.6024367484500344
flow_npe,posterior_samples.pkl,1000,6907,N=n log(n),1,lambda,100.07518796992481,0.5980201257496595
flow_npe,posterior_samples.pkl,1000,6907,N=n log(n),1,lambda,100.12531328320802,0.5901535664679232
flow_npe,posterior_samples.pkl,1000,6907,N=n log(n),1,lambda,100.17543859649123,0.578990279401683
flow_npe,posterior_samples.pkl,1000,6907,N=n log(n),1,lambda,100.22556390977444,0.5647376507690256
flow_npe,posterior_samples.pkl,1000,6907,N=n log(n),1,lambda,100.27568922305764,0.5476507301093563
flow_npe,posterior_samples.pkl,1000,6907,N=n log(n),1,lambda,100.32581453634086,0.5280246168586223
flow_npe,posterior_samples.pkl,1000,6907,N=n log(n),1,lambda,100.37593984962406,0.50618605951547
flow_npe,posterior_samples.pkl,1000,6907,N=n log(n),1,lambda,100.42606516290726,0.4824845883613064
flow_npe,posterior_samples.pkl,1000,6907,N=n log(n),1,lambda,100.47619047619048,0.4572834975776781
flow_npe,posterior_samples.pkl,1000,6907,N=n log(n),1,lambda,100.52631578947368,0.43095097530317605
flow_npe,posterior_samples.pkl,1000,6907,N=n log(n),1,lambda,100.57644110275689,0.4038516529510228
flow_npe,posterior_samples.pkl,1000,6907,N=n log(n),1,lambda,100.6265664160401,0.37633881027006494
flow_npe,posterior_samples.pkl,1000,6907,N=n log(n),1,lambda,100.67669172932331,0.34874743235195454
flow_npe,posterior_samples.pkl,1000,6907,N=n log(n),1,lambda,100.72681704260651,0.3213882710282635
flow_npe,posterior_samples.pkl,1000,6907,N=n log(n),1,lambda,100.77694235588973,0.29454301759270357
flow_npe,posterior_samples.pkl,1000,6907,N=n log(n),1,lambda,100.82706766917293,0.26846064805304626
flow_npe,posterior_samples.pkl,1000,6907,N=n log(n),1,lambda,100.87719298245614,0.24335495755121742
flow_npe,posterior_samples.pkl,1000,6907,N=n log(n),1,lambda,100.92731829573935,0.21940325848694933
flow_npe,posterior_samples.pkl,1000,6907,N=n log(n),1,lambda,100.97744360902256,0.196746178484359
flow_npe,posterior_samples.pkl,1000,6907,N=n log(n),1,lambda,101.02756892230576,0.1754884608394356
flow_npe,posterior_samples.pkl,1000,6907,N=n log(n),1,lambda,101.07769423558898,0.1557006425654855
flow_npe,posterior_samples.pkl,1000,6907,N=n log(n),1,lambda,101.12781954887218,0.13742146452192225
flow_npe,posterior_samples.pkl,1000,6907,N=n log(n),1,lambda,101.17794486215539,0.12066085501051135
flow_npe,posterior_samples.pkl,1000,6907,N=n log(n),1,lambda,101.2280701754386,0.10540332293549295
flow_npe,posterior_samples.pkl,1000,6907,N=n log(n),1,lambda,101.2781954887218,0.0916115990075103
flow_npe,posterior_samples.pkl,1000,6907,N=n log(n),1,lambda,101.32832080200501,0.07923037293476973
flow_npe,posterior_samples.pkl,1000,6907,N=n log(n),1,lambda,101.37844611528823,0.06818999006662918
flow_npe,posterior_samples.pkl,1000,6907,N=n log(n),1,lambda,101.42857142857143,0.05840999115679032
flow_npe,posterior_samples.pkl,1000,6907,N=n log(n),1,lambda,101.47869674185463,0.04980240217647259
flow_npe,posterior_samples.pkl,1000,6907,N=n log(n),1,lambda,101.52882205513785,0.04227470571510766
flow_npe,posterior_samples.pkl,1000,6907,N=n log(n),1,lambda,101.57894736842105,0.035732449795881215
flow_npe,posterior_samples.pkl,1000,6907,N=n log(n),1,lambda,101.62907268170426,0.030081472444242616
flow_npe,posterior_samples.pkl,1000,6907,N=n log(n),1,lambda,101.67919799498748,0.025229739931644884
flow_npe,posterior_samples.pkl,1000,6907,N=n log(n),1,lambda,101.72932330827068,0.021088812514643885
flow_npe,posterior_samples.pkl,1000,6907,N=n log(n),1,lambda,101.77944862155388,0.017574963354738425
flow_npe,posterior_samples.pkl,1000,6907,N=n log(n),1,lambda,101.8295739348371,0.014609984181159894
flow_npe,posterior_samples.pkl,1000,6907,N=n log(n),1,lambda,101.8796992481203,0.01212171551851783
flow_npe,posterior_samples.pkl,1000,6907,N=n log(n),1,lambda,101.9298245614035,0.01004434055068633
flow_npe,posterior_samples.pkl,1000,6907,N=n log(n),1,lambda,101.97994987468671,0.008318480667835417
flow_npe,posterior_samples.pkl,1000,6907,N=n log(n),1,lambda,102.03007518796993,0.006891128206669535
flow_npe,posterior_samples.pkl,1000,6907,N=n log(n),1,lambda,102.08020050125313,0.005715448542041656
flow_npe,posterior_samples.pkl,1000,6907,N=n log(n),1,lambda,102.13032581453633,0.004750480088347343
flow_npe,posterior_samples.pkl,1000,6907,N=n log(n),1,lambda,102.18045112781955,0.003960757322243295
flow_npe,posterior_samples.pkl,1000,6907,N=n log(n),1,lambda,102.23057644110276,0.003315878870773974
flow_npe,posterior_samples.pkl,1000,6907,N=n log(n),1,lambda,102.28070175438596,0.0027900400910241666
flow_npe,posterior_samples.pkl,1000,6907,N=n log(n),1,lambda,102.33082706766918,0.0023615473479787416
flow_npe,posterior_samples.pkl,1000,6907,N=n log(n),1,lambda,102.38095238095238,0.0020123292499101986
flow_npe,posterior_samples.pkl,1000,6907,N=n log(n),1,lambda,102.43107769423558,0.0017274582701088154
flow_npe,posterior_samples.pkl,1000,6907,N=n log(n),1,lambda,102.4812030075188,0.001494694327100021
flow_npe,posterior_samples.pkl,1000,6907,N=n log(n),1,lambda,102.531328320802,0.001304059912098827
flow_npe,posterior_samples.pkl,1000,6907,N=n log(n),1,lambda,102.58145363408521,0.0011474542011642376
flow_npe,posterior_samples.pkl,1000,6907,N=n log(n),1,lambda,102.63157894736842,0.0010183112919964108
flow_npe,posterior_samples.pkl,1000,6907,N=n log(n),1,lambda,102.68170426065163,0.0009113053379891939
flow_npe,posterior_samples.pkl,1000,6907,N=n log(n),1,lambda,102.73182957393483,0.0008221030297919882
flow_npe,posterior_samples.pkl,1000,6907,N=n log(n),1,lambda,102.78195488721805,0.000747161729530763
flow_npe,posterior_samples.pkl,1000,6907,N=n log(n),1,lambda,102.83208020050125,0.0006835697233522178
flow_npe,posterior_samples.pkl,1000,6907,N=n log(n),1,lambda,102.88220551378446,0.0006289236297650956
flow_npe,posterior_samples.pkl,1000,6907,N=n log(n),1,lambda,102.93233082706767,0.0005812370535801249
flow_npe,posterior_samples.pkl,1000,6907,N=n log(n),1,lambda,102.98245614035088,0.0005388741333275867
flow_npe,posterior_samples.pkl,1000,6907,N=n log(n),1,lambda,103.03258145363408,0.0005005016740119941
flow_npe,posterior_samples.pkl,1000,6907,N=n log(n),1,lambda,103.0827067669173,0.0004650540266550887
flow_npe,posterior_samples.pkl,1000,6907,N=n log(n),1,lambda,103.1328320802005,0.0004317056796107105
flow_npe,posterior_samples.pkl,1000,6907,N=n log(n),1,lambda,103.1829573934837,0.0003998475528795537
flow_npe,posterior_samples.pkl,1000,6907,N=n log(n),1,lambda,103.23308270676692,0.0003690641176278205
flow_npe,posterior_samples.pkl,1000,6907,N=n log(n),1,lambda,103.28320802005013,0.0003391095862987739
flow_npe,posterior_samples.pkl,1000,6907,N=n log(n),1,lambda,103.33333333333333,0.000309882437321953
flow_npe,posterior_samples.pkl,1000,6907,N=n log(n),1,lambda,103.38345864661655,0.0002813983789082749
flow_npe,posterior_samples.pkl,1000,6907,N=n log(n),1,lambda,103.43358395989975,0.0002537624726155267
flow_npe,posterior_samples.pkl,1000,6907,N=n log(n),1,lambda,103.48370927318295,0.00022714151140714784
flow_npe,posterior_samples.pkl,1000,6907,N=n log(n),1,lambda,103.53383458646617,0.00020173788710611162
flow_npe,posterior_samples.pkl,1000,6907,N=n log(n),1,lambda,103.58395989974937,0.00017776611843443467
flow_npe,posterior_samples.pkl,1000,6907,N=n log(n),1,lambda,103.63408521303258,0.00015543298877334732
flow_npe,posterior_samples.pkl,1000,6907,N=n log(n),1,lambda,103.6842105263158,0.00013492191665625904
flow_npe,posterior_samples.pkl,1000,6907,N=n log(n),1,lambda,103.734335839599,0.00011638180805093279
flow_npe,posterior_samples.pkl,1000,6907,N=n log(n),1,lambda,103.7844611528822,9.99202698882527e-05
flow_npe,posterior_samples.pkl,1000,6907,N=n log(n),1,lambda,103.8345864661654,8.560074247426688e-05
flow_npe,posterior_samples.pkl,1000,6907,N=n log(n),1,lambda,103.88471177944862,7.344286589742309e-05
flow_npe,posterior_samples.pkl,1000,6907,N=n log(n),1,lambda,103.93483709273183,6.34252504566773e-05
flow_npe,posterior_samples.pkl,1000,6907,N=n log(n),1,lambda,103.98496240601503,5.548977833888955e-05
flow_npe,posterior_samples.pkl,1000,6907,N=n log(n),1,lambda,104.03508771929825,4.954661620638493e-05
flow_npe,posterior_samples.pkl,1000,6907,N=n log(n),1,lambda,104.08521303258145,4.5479249383186224e-05
flow_npe,posterior_samples.pkl,1000,6907,N=n log(n),1,lambda,104.13533834586465,4.314903465613354e-05
flow_npe,posterior_samples.pkl,1000,6907,N=n log(n),1,lambda,104.18546365914787,4.239898351540865e-05
flow_npe,posterior_samples.pkl,1000,6907,N=n log(n),1,lambda,104.23558897243107,4.305670366440004e-05
flow_npe,posterior_samples.pkl,1000,6907,N=n log(n),1,lambda,104.28571428571428,4.49366188339397e-05
flow_npe,posterior_samples.pkl,1000,6907,N=n log(n),1,lambda,104.3358395989975,4.784173490495198e-05
flow_npe,posterior_samples.pkl,1000,6907,N=n log(n),1,lambda,104.3859649122807,5.156530989682131e-05
flow_npe,posterior_samples.pkl,1000,6907,N=n log(n),1,lambda,104.4360902255639,5.58928096367009e-05
flow_npe,posterior_samples.pkl,1000,6907,N=n log(n),1,lambda,104.48621553884712,6.0604490663131725e-05
flow_npe,posterior_samples.pkl,1000,6907,N=n log(n),1,lambda,104.53634085213032,6.54788552188445e-05
flow_npe,posterior_samples.pkl,1000,6907,N=n log(n),1,lambda,104.58646616541353,7.029708440973573e-05
flow_npe,posterior_samples.pkl,1000,6907,N=n log(n),1,lambda,104.63659147869674,7.484839372594716e-05
flow_npe,posterior_samples.pkl,1000,6907,N=n log(n),1,lambda,104.68671679197995,7.893609157727586e-05
flow_npe,posterior_samples.pkl,1000,6907,N=n log(n),1,lambda,104.73684210526315,8.238397772934295e-05
flow_npe,posterior_samples.pkl,1000,6907,N=n log(n),1,lambda,104.78696741854637,8.504261346023854e-05
flow_npe,posterior_samples.pkl,1000,6907,N=n log(n),1,lambda,104.83709273182957,8.679494300979404e-05
flow_npe,posterior_samples.pkl,1000,6907,N=n log(n),1,lambda,104.88721804511277,8.756075403688805e-05
flow_npe,posterior_samples.pkl,1000,6907,N=n log(n),1,lambda,104.93734335839599,8.729953340044037e-05
flow_npe,posterior_samples.pkl,1000,6907,N=n log(n),1,lambda,104.9874686716792,8.601139618993359e-05
flow_npe,posterior_samples.pkl,1000,6907,N=n log(n),1,lambda,105.0375939849624,8.373592656735549e-05
flow_npe,posterior_samples.pkl,1000,6907,N=n log(n),1,lambda,105.08771929824562,8.054894997057207e-05
flow_npe,posterior_samples.pkl,1000,6907,N=n log(n),1,lambda,105.13784461152882,7.65574366717798e-05
flow_npe,posterior_samples.pkl,1000,6907,N=n log(n),1,lambda,105.18796992481202,7.189289620115624e-05
flow_npe,posterior_samples.pkl,1000,6907,N=n log(n),1,lambda,105.23809523809524,6.670374347398642e-05
flow_npe,posterior_samples.pkl,1000,6907,N=n log(n),1,lambda,105.28822055137844,6.11471885626924e-05
flow_npe,posterior_samples.pkl,1000,6907,N=n log(n),1,lambda,105.33834586466165,5.538121742744032e-05
flow_npe,posterior_samples.pkl,1000,6907,N=n log(n),1,lambda,105.38847117794487,4.95571919352906e-05
flow_npe,posterior_samples.pkl,1000,6907,N=n log(n),1,lambda,105.43859649122807,4.381351180442432e-05
flow_npe,posterior_samples.pkl,1000,6907,N=n log(n),1,lambda,105.48872180451127,3.827066120299974e-05
flow_npe,posterior_samples.pkl,1000,6907,N=n log(n),1,lambda,105.53884711779449,3.302782398796596e-05
flow_npe,posterior_samples.pkl,1000,6907,N=n log(n),1,lambda,105.58897243107769,2.816111005774795e-05
flow_npe,posterior_samples.pkl,1000,6907,N=n log(n),1,lambda,105.6390977443609,2.3723305711777128e-05
flow_npe,posterior_samples.pkl,1000,6907,N=n log(n),1,lambda,105.68922305764411,1.974495492388592e-05
flow_npe,posterior_samples.pkl,1000,6907,N=n log(n),1,lambda,105.73934837092732,1.6236503615298043e-05
flow_npe,posterior_samples.pkl,1000,6907,N=n log(n),1,lambda,105.78947368421052,1.3191198448789167e-05
flow_npe,posterior_samples.pkl,1000,6907,N=n log(n),1,lambda,105.83959899749374,1.0588424232418903e-05
flow_npe,posterior_samples.pkl,1000,6907,N=n log(n),1,lambda,105.88972431077694,8.397185149229867e-06
flow_npe,posterior_samples.pkl,1000,6907,N=n log(n),1,lambda,105.93984962406014,6.579477806697461e-06
flow_npe,posterior_samples.pkl,1000,6907,N=n log(n),1,lambda,105.98997493734336,5.09336049409627e-06
flow_npe,posterior_samples.pkl,1000,6907,N=n log(n),1,lambda,106.04010025062657,3.895585044909112e-06
flow_npe,posterior_samples.pkl,1000,6907,N=n log(n),1,lambda,106.09022556390977,2.943718285367841e-06
flow_npe,posterior_samples.pkl,1000,6907,N=n log(n),1,lambda,106.14035087719299,2.1977337601767506e-06
flow_npe,posterior_samples.pkl,1000,6907,N=n log(n),1,lambda,106.19047619047619,1.6210977021131231e-06
flow_npe,posterior_samples.pkl,1000,6907,N=n log(n),1,lambda,106.2406015037594,1.181404378602649e-06
flow_npe,posterior_samples.pkl,1000,6907,N=n log(n),1,lambda,106.29072681704261,8.506349775930485e-07
flow_npe,posterior_samples.pkl,1000,6907,N=n log(n),1,lambda,106.34085213032581,6.051223186528342e-07
flow_npe,posterior_samples.pkl,1000,6907,N=n log(n),1,lambda,106.39097744360902,4.253029347890443e-07
flow_npe,posterior_samples.pkl,1000,6907,N=n log(n),1,lambda,106.44110275689223,2.9533088127742955e-07
flow_npe,posterior_samples.pkl,1000,6907,N=n log(n),1,lambda,106.49122807017544,2.026164101439705e-07
flow_npe,posterior_samples.pkl,1000,6907,N=n log(n),1,lambda,106.54135338345864,1.3733955783367232e-07
flow_npe,posterior_samples.pkl,1000,6907,N=n log(n),1,lambda,106.59147869674186,9.19754553047923e-08
flow_npe,posterior_samples.pkl,1000,6907,N=n log(n),1,lambda,106.64160401002506,6.085601651024443e-08
flow_npe,posterior_samples.pkl,1000,6907,N=n log(n),1,lambda,106.69172932330827,3.978234403850483e-08
flow_npe,posterior_samples.pkl,1000,6907,N=n log(n),1,lambda,106.74185463659148,2.569404555221779e-08
flow_npe,posterior_samples.pkl,1000,6907,N=n log(n),1,lambda,106.79197994987469,1.6395696997332908e-08
flow_npe,posterior_samples.pkl,1000,6907,N=n log(n),1,lambda,106.84210526315789,1.0336715201641436e-08
flow_npe,posterior_samples.pkl,1000,6907,N=n log(n),1,lambda,106.89223057644111,6.438585849714309e-09
flow_npe,posterior_samples.pkl,1000,6907,N=n log(n),1,lambda,106.94235588972431,3.962357930176467e-09
flow_npe,posterior_samples.pkl,1000,6907,N=n log(n),1,lambda,106.99248120300751,2.4091963145112456e-09
flow_npe,posterior_samples.pkl,1000,6907,N=n log(n),1,lambda,107.04260651629073,1.4472579683295868e-09
flow_npe,posterior_samples.pkl,1000,6907,N=n log(n),1,lambda,107.09273182957394,8.589640379397002e-10
flow_npe,posterior_samples.pkl,1000,6907,N=n log(n),1,lambda,107.14285714285714,5.036853125925546e-10
flow_npe,posterior_samples.pkl,1000,6907,N=n log(n),1,lambda,107.19298245614036,2.918091230729478e-10
flow_npe,posterior_samples.pkl,1000,6907,N=n log(n),1,lambda,107.24310776942356,1.6702970610345123e-10
flow_npe,posterior_samples.pkl,1000,6907,N=n log(n),1,lambda,107.29323308270676,9.445910829671604e-11
flow_npe,posterior_samples.pkl,1000,6907,N=n log(n),1,lambda,107.34335839598998,5.277755160373252e-11
flow_npe,posterior_samples.pkl,1000,6907,N=n log(n),1,lambda,107.39348370927318,2.913465700960244e-11
flow_npe,posterior_samples.pkl,1000,6907,N=n log(n),1,lambda,107.44360902255639,1.5890071572323053e-11
flow_npe,posterior_samples.pkl,1000,6907,N=n log(n),1,lambda,107.4937343358396,8.562430710845604e-12
flow_npe,posterior_samples.pkl,1000,6907,N=n log(n),1,lambda,107.54385964912281,4.558516802113786e-12
flow_npe,posterior_samples.pkl,1000,6907,N=n log(n),1,lambda,107.59398496240601,2.3977578568213143e-12
flow_npe,posterior_samples.pkl,1000,6907,N=n log(n),1,lambda,107.64411027568923,1.2460697659448757e-12
flow_npe,posterior_samples.pkl,1000,6907,N=n log(n),1,lambda,107.69423558897243,6.39785904381741e-13
flow_npe,posterior_samples.pkl,1000,6907,N=n log(n),1,lambda,107.74436090225564,3.2455047536672903e-13
flow_npe,posterior_samples.pkl,1000,6907,N=n log(n),1,lambda,107.79448621553885,1.6266162425569233e-13
flow_npe,posterior_samples.pkl,1000,6907,N=n log(n),1,lambda,107.84461152882206,8.054586182356995e-14
flow_npe,posterior_samples.pkl,1000,6907,N=n log(n),1,lambda,107.89473684210526,3.940548107575943e-14
flow_npe,posterior_samples.pkl,1000,6907,N=n log(n),1,lambda,107.94486215538848,1.9046944139354326e-14
flow_npe,posterior_samples.pkl,1000,6907,N=n log(n),1,lambda,107.99498746867168,9.095974944063368e-15
flow_npe,posterior_samples.pkl,1000,6907,N=n log(n),1,lambda,108.04511278195488,4.29169129930679e-15
flow_npe,posterior_samples.pkl,1000,6907,N=n log(n),1,lambda,108.0952380952381,2.000612458835587e-15
flow_npe,posterior_samples.pkl,1000,6907,N=n log(n),1,lambda,108.1453634085213,9.214096057222743e-16
flow_npe,posterior_samples.pkl,1000,6907,N=n log(n),1,lambda,108.19548872180451,4.1927384858301664e-16
flow_npe,posterior_samples.pkl,1000,6907,N=n log(n),1,lambda,108.24561403508773,1.8849424168616985e-16
flow_npe,posterior_samples.pkl,1000,6907,N=n log(n),1,lambda,108.29573934837093,8.372471407165152e-17
flow_npe,posterior_samples.pkl,1000,6907,N=n log(n),1,lambda,108.34586466165413,3.6742147110139057e-17
flow_npe,posterior_samples.pkl,1000,6907,N=n log(n),1,lambda,108.39598997493735,1.5930546088193746e-17
flow_npe,posterior_samples.pkl,1000,6907,N=n log(n),1,lambda,108.44611528822055,6.824205054899554e-18
flow_npe,posterior_samples.pkl,1000,6907,N=n log(n),1,lambda,108.49624060150376,2.8882098574715417e-18
flow_npe,posterior_samples.pkl,1000,6907,N=n log(n),1,lambda,108.54636591478697,1.207704534004772e-18
flow_npe,posterior_samples.pkl,1000,6907,N=n log(n),1,lambda,108.59649122807018,4.989395380890674e-19
flow_npe,posterior_samples.pkl,1000,6907,N=n log(n),1,lambda,108.64661654135338,2.0365281503480277e-19
flow_npe,posterior_samples.pkl,1000,6907,N=n log(n),1,lambda,108.6967418546366,8.21274214636482e-20
flow_npe,posterior_samples.pkl,1000,6907,N=n log(n),1,lambda,108.7468671679198,3.272210475587145e-20
flow_npe,posterior_samples.pkl,1000,6907,N=n log(n),1,lambda,108.796992481203,1.2880999007177187e-20
flow_npe,posterior_samples.pkl,1000,6907,N=n log(n),1,lambda,108.84711779448622,5.0097163395603484e-21
flow_npe,posterior_samples.pkl,1000,6907,N=n log(n),1,lambda,108.89724310776943,1.9250056039233706e-21
flow_npe,posterior_samples.pkl,1000,6907,N=n log(n),1,lambda,108.94736842105263,7.308127799607788e-22
flow_npe,posterior_samples.pkl,1000,6907,N=n log(n),1,lambda,108.99749373433583,2.741167295799045e-22
flow_npe,posterior_samples.pkl,1000,6907,N=n log(n),1,lambda,109.04761904761905,1.0158281021121046e-22
flow_npe,posterior_samples.pkl,1000,6907,N=n log(n),1,lambda,109.09774436090225,3.7192911567967155e-23
flow_npe,posterior_samples.pkl,1000,6907,N=n log(n),1,lambda,109.14786967418546,1.3454123347695235e-23
flow_npe,posterior_samples.pkl,1000,6907,N=n log(n),1,lambda,109.19799498746868,4.808458869248766e-24
flow_npe,posterior_samples.pkl,1000,6907,N=n log(n),1,lambda,109.24812030075188,1.697898321896152e-24
flow_npe,posterior_samples.pkl,1000,6907,N=n log(n),1,lambda,109.29824561403508,5.923422705568754e-25
flow_npe,posterior_samples.pkl,1000,6907,N=n log(n),1,lambda,109.3483709273183,2.041686445341952e-25
flow_npe,posterior_samples.pkl,1000,6907,N=n log(n),1,lambda,109.3984962406015,6.952814447203459e-26
flow_npe,posterior_samples.pkl,1000,6907,N=n log(n),1,lambda,109.4486215538847,2.3393085948679018e-26
flow_npe,posterior_samples.pkl,1000,6907,N=n log(n),1,lambda,109.49874686716792,7.776242157704132e-27
flow_npe,posterior_samples.pkl,1000,6907,N=n log(n),1,lambda,109.54887218045113,2.553927005001659e-27
flow_npe,posterior_samples.pkl,1000,6907,N=n log(n),1,lambda,109.59899749373433,8.28733616723926e-28
flow_npe,posterior_samples.pkl,1000,6907,N=n log(n),1,lambda,109.64912280701753,2.6577252432029088e-28
flow_npe,posterior_samples.pkl,1000,6907,N=n log(n),1,lambda,109.69924812030075,8.448527270098034e-29
flow_npe,posterior_samples.pkl,1000,6907,N=n log(n),1,lambda,109.74937343358395,2.7455480023199043e-29
flow_npe,posterior_samples.pkl,1000,6907,N=n log(n),1,lambda,109.79949874686716,1.1844285256794458e-29
flow_npe,posterior_samples.pkl,1000,6907,N=n log(n),1,lambda,109.84962406015038,1.4558684734169223e-29
flow_npe,posterior_samples.pkl,1000,6907,N=n log(n),1,lambda,109.89974937343358,3.963695035572028e-29
flow_npe,posterior_samples.pkl,1000,6907,N=n log(n),1,lambda,109.94987468671678,1.2398511278954545e-28
flow_npe,posterior_samples.pkl,1000,6907,N=n log(n),1,lambda,110.0,3.892256978907633e-28
flow_npe,posterior_samples.pkl,1000,6907,N=n log(n),1,sigma,0.0,0.0059472492987636275
flow_npe,posterior_samples.pkl,1000,6907,N=n log(n),1,sigma,0.010025062656641603,0.007016891995379637
flow_npe,posterior_samples.pkl,1000,6907,N=n log(n),1,sigma,0.020050125313283207,0.00810404676716562
flow_npe,posterior_samples.pkl,1000,6907,N=n log(n),1,sigma,0.03007518796992481,0.009161954129321567
flow_npe,posterior_samples.pkl,1000,6907,N=n log(n),1,sigma,0.040100250626566414,0.010139654596044408
flow_npe,posterior_samples.pkl,1000,6907,N=n log(n),1,sigma,0.05012531328320802,0.010986362249004546
flow_npe,posterior_samples.pkl,1000,6907,N=n log(n),1,sigma,0.06015037593984962,0.011656359907941987
flow_npe,posterior_samples.pkl,1000,6907,N=n log(n),1,sigma,0.07017543859649122,0.01211375086229708
flow_npe,posterior_samples.pkl,1000,6907,N=n log(n),1,sigma,0.08020050125313283,0.012336351824249444
flow_npe,posterior_samples.pkl,1000,6907,N=n log(n),1,sigma,0.09022556390977443,0.012318100632642218
flow_npe,posterior_samples.pkl,1000,6907,N=n log(n),1,sigma,0.10025062656641603,0.012069574000398538
flow_npe,posterior_samples.pkl,1000,6907,N=n log(n),1,sigma,0.11027568922305764,0.011616524277038293
flow_npe,posterior_samples.pkl,1000,6907,N=n log(n),1,sigma,0.12030075187969924,0.010996682633927751
flow_npe,posterior_samples.pkl,1000,6907,N=n log(n),1,sigma,0.13032581453634084,0.010255363250973813
flow_npe,posterior_samples.pkl,1000,6907,N=n log(n),1,sigma,0.14035087719298245,0.00944057509567506
flow_npe,posterior_samples.pkl,1000,6907,N=n log(n),1,sigma,0.15037593984962405,0.008598370872465113
flow_npe,posterior_samples.pkl,1000,6907,N=n log(n),1,sigma,0.16040100250626566,0.007769041702535274
flow_npe,posterior_samples.pkl,1000,6907,N=n log(n),1,sigma,0.17042606516290726,0.0069845419102636894
flow_npe,posterior_samples.pkl,1000,6907,N=n log(n),1,sigma,0.18045112781954886,0.006267263869304844
flow_npe,posterior_samples.pkl,1000,6907,N=n log(n),1,sigma,0.19047619047619047,0.0056300437304675046
flow_npe,posterior_samples.pkl,1000,6907,N=n log(n),1,sigma,0.20050125313283207,0.005077114554360449
flow_npe,posterior_samples.pkl,1000,6907,N=n log(n),1,sigma,0.21052631578947367,0.004605655654620169
flow_npe,posterior_samples.pkl,1000,6907,N=n log(n),1,sigma,0.22055137844611528,0.004207607896989053
flow_npe,posterior_samples.pkl,1000,6907,N=n log(n),1,sigma,0.23057644110275688,0.0038715041743695713
flow_npe,posterior_samples.pkl,1000,6907,N=n log(n),1,sigma,0.24060150375939848,0.00358416316660672
flow_npe,posterior_samples.pkl,1000,6907,N=n log(n),1,sigma,0.2506265664160401,0.0033321784599967745
flow_npe,posterior_samples.pkl,1000,6907,N=n log(n),1,sigma,0.2606516290726817,0.003103184346248439
flow_npe,posterior_samples.pkl,1000,6907,N=n log(n),1,sigma,0.2706766917293233,0.0028868920230982
flow_npe,posterior_samples.pkl,1000,6907,N=n log(n),1,sigma,0.2807017543859649,0.002675877649956628
flow_npe,posterior_samples.pkl,1000,6907,N=n log(n),1,sigma,0.2907268170426065,0.002466085634613602
flow_npe,posterior_samples.pkl,1000,6907,N=n log(n),1,sigma,0.3007518796992481,0.002257003772403217
flow_npe,posterior_samples.pkl,1000,6907,N=n log(n),1,sigma,0.3107769423558897,0.002051480677492822
flow_npe,posterior_samples.pkl,1000,6907,N=n log(n),1,sigma,0.3208020050125313,0.001855189583090931
flow_npe,posterior_samples.pkl,1000,6907,N=n log(n),1,sigma,0.3308270676691729,0.0016757871915645019
flow_npe,posterior_samples.pkl,1000,6907,N=n log(n),1,sigma,0.3408521303258145,0.001521859359290676
flow_npe,posterior_samples.pkl,1000,6907,N=n log(n),1,sigma,0.3508771929824561,0.0014017758482151098
flow_npe,posterior_samples.pkl,1000,6907,N=n log(n),1,sigma,0.3609022556390977,0.00132258779156375
flow_npe,posterior_samples.pkl,1000,6907,N=n log(n),1,sigma,0.37092731829573933,0.0012890933328342945
flow_npe,posterior_samples.pkl,1000,6907,N=n log(n),1,sigma,0.38095238095238093,0.0013031730518042381
flow_npe,posterior_samples.pkl,1000,6907,N=n log(n),1,sigma,0.39097744360902253,0.0013634631947765802
flow_npe,posterior_samples.pkl,1000,6907,N=n log(n),1,sigma,0.40100250626566414,0.0014653967629620346
flow_npe,posterior_samples.pkl,1000,6907,N=n log(n),1,sigma,0.41102756892230574,0.001601603709900652
flow_npe,posterior_samples.pkl,1000,6907,N=n log(n),1,sigma,0.42105263157894735,0.0017626237029456935
flow_npe,posterior_samples.pkl,1000,6907,N=n log(n),1,sigma,0.43107769423558895,0.0019378495704079062
flow_npe,posterior_samples.pkl,1000,6907,N=n log(n),1,sigma,0.44110275689223055,0.0021165892458510607
flow_npe,posterior_samples.pkl,1000,6907,N=n log(n),1,sigma,0.45112781954887216,0.002289113150489454
flow_npe,posterior_samples.pkl,1000,6907,N=n log(n),1,sigma,0.46115288220551376,0.0024475482281177837
flow_npe,posterior_samples.pkl,1000,6907,N=n log(n),1,sigma,0.47117794486215536,0.002586494431908635
flow_npe,posterior_samples.pkl,1000,6907,N=n log(n),1,sigma,0.48120300751879697,0.002703276562865147
flow_npe,posterior_samples.pkl,1000,6907,N=n log(n),1,sigma,0.49122807017543857,0.0027978011741441452
flow_npe,posterior_samples.pkl,1000,6907,N=n log(n),1,sigma,0.5012531328320802,0.002872056244068209
flow_npe,posterior_samples.pkl,1000,6907,N=n log(n),1,sigma,0.5112781954887218,0.002929357299675584
flow_npe,posterior_samples.pkl,1000,6907,N=n log(n),1,sigma,0.5213032581453634,0.002973492648378397
flow_npe,posterior_samples.pkl,1000,6907,N=n log(n),1,sigma,0.531328320802005,0.0030079394364545746
flow_npe,posterior_samples.pkl,1000,6907,N=n log(n),1,sigma,0.5413533834586466,0.00303530443942426
flow_npe,posterior_samples.pkl,1000,6907,N=n log(n),1,sigma,0.5513784461152882,0.0030570904591704327
flow_npe,posterior_samples.pkl,1000,6907,N=n log(n),1,sigma,0.5614035087719298,0.0030738117646570023
flow_npe,posterior_samples.pkl,1000,6907,N=n log(n),1,sigma,0.5714285714285714,0.003085398117737169
flow_npe,posterior_samples.pkl,1000,6907,N=n log(n),1,sigma,0.581453634085213,0.0030917574129805145
flow_npe,posterior_samples.pkl,1000,6907,N=n log(n),1,sigma,0.5914786967418546,0.0030933300630431705
flow_npe,posterior_samples.pkl,1000,6907,N=n log(n),1,sigma,0.6015037593984962,0.0030914743547084144
flow_npe,posterior_samples.pkl,1000,6907,N=n log(n),1,sigma,0.6115288220551378,0.003088570201371875
flow_npe,posterior_samples.pkl,1000,6907,N=n log(n),1,sigma,0.6215538847117794,0.00308780652694444
flow_npe,posterior_samples.pkl,1000,6907,N=n log(n),1,sigma,0.631578947368421,0.003092703878791416
flow_npe,posterior_samples.pkl,1000,6907,N=n log(n),1,sigma,0.6416040100250626,0.003106494947273932
flow_npe,posterior_samples.pkl,1000,6907,N=n log(n),1,sigma,0.6516290726817042,0.0031315217163468655
flow_npe,posterior_samples.pkl,1000,6907,N=n log(n),1,sigma,0.6616541353383458,0.0031687991932505804
flow_npe,posterior_samples.pkl,1000,6907,N=n log(n),1,sigma,0.6716791979949874,0.003217845251936832
flow_npe,posterior_samples.pkl,1000,6907,N=n log(n),1,sigma,0.681704260651629,0.0032767993846742043
flow_npe,posterior_samples.pkl,1000,6907,N=n log(n),1,sigma,0.6917293233082706,0.0033427730015952984
flow_npe,posterior_samples.pkl,1000,6907,N=n log(n),1,sigma,0.7017543859649122,0.003412314030007213
flow_npe,posterior_samples.pkl,1000,6907,N=n log(n),1,sigma,0.7117794486215538,0.003481846325257956
flow_npe,posterior_samples.pkl,1000,6907,N=n log(n),1,sigma,0.7218045112781954,0.0035479657241302936
flow_npe,posterior_samples.pkl,1000,6907,N=n log(n),1,sigma,0.731829573934837,0.003607532163902756
flow_npe,posterior_samples.pkl,1000,6907,N=n log(n),1,sigma,0.7418546365914787,0.003657572892510141
flow_npe,posterior_samples.pkl,1000,6907,N=n log(n),1,sigma,0.7518796992481203,0.0036950816791548754
flow_npe,posterior_samples.pkl,1000,6907,N=n log(n),1,sigma,0.7619047619047619,0.003716841082932212
flow_npe,posterior_samples.pkl,1000,6907,N=n log(n),1,sigma,0.7719298245614035,0.0037193956537662828
flow_npe,posterior_samples.pkl,1000,6907,N=n log(n),1,sigma,0.7819548872180451,0.0036992624578319386
flow_npe,posterior_samples.pkl,1000,6907,N=n log(n),1,sigma,0.7919799498746867,0.0036533935643883156
flow_npe,posterior_samples.pkl,1000,6907,N=n log(n),1,sigma,0.8020050125313283,0.003579824448370747
flow_npe,posterior_samples.pkl,1000,6907,N=n log(n),1,sigma,0.8120300751879699,0.0034783766895565456
flow_npe,posterior_samples.pkl,1000,6907,N=n log(n),1,sigma,0.8220551378446115,0.003351252116497251
flow_npe,posterior_samples.pkl,1000,6907,N=n log(n),1,sigma,0.8320802005012531,0.0032033671771264905
flow_npe,posterior_samples.pkl,1000,6907,N=n log(n),1,sigma,0.8421052631578947,0.003042326316792041
flow_npe,posterior_samples.pkl,1000,6907,N=n log(n),1,sigma,0.8521303258145363,0.002878006018648759
flow_npe,posterior_samples.pkl,1000,6907,N=n log(n),1,sigma,0.8621553884711779,0.0027217960536713086
flow_npe,posterior_samples.pkl,1000,6907,N=n log(n),1,sigma,0.8721804511278195,0.002585602290867419
flow_npe,posterior_samples.pkl,1000,6907,N=n log(n),1,sigma,0.8822055137844611,0.0024807447631278617
flow_npe,posterior_samples.pkl,1000,6907,N=n log(n),1,sigma,0.8922305764411027,0.002416884648392975
flow_npe,posterior_samples.pkl,1000,6907,N=n log(n),1,sigma,0.9022556390977443,0.0024010925471670093
flow_npe,posterior_samples.pkl,1000,6907,N=n log(n),1,sigma,0.9122807017543859,0.0024371404563036645
flow_npe,posterior_samples.pkl,1000,6907,N=n log(n),1,sigma,0.9223057644110275,0.0025250722822883166
flow_npe,posterior_samples.pkl,1000,6907,N=n log(n),1,sigma,0.9323308270676691,0.0026610878364416394
flow_npe,posterior_samples.pkl,1000,6907,N=n log(n),1,sigma,0.9423558897243107,0.0028377610197054814
flow_npe,posterior_samples.pkl,1000,6907,N=n log(n),1,sigma,0.9523809523809523,0.003044597346927353
flow_npe,posterior_samples.pkl,1000,6907,N=n log(n),1,sigma,0.9624060150375939,0.00326891169149661
flow_npe,posterior_samples.pkl,1000,6907,N=n log(n),1,sigma,0.9724310776942355,0.0034969711493389494
flow_npe,posterior_samples.pkl,1000,6907,N=n log(n),1,sigma,0.9824561403508771,0.0037153043480955728
flow_npe,posterior_samples.pkl,1000,6907,N=n log(n),1,sigma,0.9924812030075187,0.0039120379917511015
flow_npe,posterior_samples.pkl,1000,6907,N=n log(n),1,sigma,1.0025062656641603,0.004078097296380533
flow_npe,posterior_samples.pkl,1000,6907,N=n log(n),1,sigma,1.012531328320802,0.004208109997326317
flow_npe,posterior_samples.pkl,1000,6907,N=n log(n),1,sigma,1.0225563909774436,0.004300887325863636
flow_npe,posterior_samples.pkl,1000,6907,N=n log(n),1,sigma,1.0325814536340852,0.004359414162469566
flow_npe,posterior_samples.pkl,1000,6907,N=n log(n),1,sigma,1.0426065162907268,0.004390351370678786
flow_npe,posterior_samples.pkl,1000,6907,N=n log(n),1,sigma,1.0526315789473684,0.004403120013740579
flow_npe,posterior_samples.pkl,1000,6907,N=n log(n),1,sigma,1.06265664160401,0.004408686228885825
flow_npe,posterior_samples.pkl,1000,6907,N=n log(n),1,sigma,1.0726817042606516,0.0044181903188407045
flow_npe,posterior_samples.pkl,1000,6907,N=n log(n),1,sigma,1.0827067669172932,0.004441565684846658
flow_npe,posterior_samples.pkl,1000,6907,N=n log(n),1,sigma,1.0927318295739348,0.004486280350295813
flow_npe,posterior_samples.pkl,1000,6907,N=n log(n),1,sigma,1.1027568922305764,0.004556315591427561
flow_npe,posterior_samples.pkl,1000,6907,N=n log(n),1,sigma,1.112781954887218,0.0046514791640106775
flow_npe,posterior_samples.pkl,1000,6907,N=n log(n),1,sigma,1.1228070175438596,0.004767135243593879
flow_npe,posterior_samples.pkl,1000,6907,N=n log(n),1,sigma,1.1328320802005012,0.0048944138555972894
flow_npe,posterior_samples.pkl,1000,6907,N=n log(n),1,sigma,1.1428571428571428,0.005020930780638198
flow_npe,posterior_samples.pkl,1000,6907,N=n log(n),1,sigma,1.1528822055137844,0.005131998440886334
flow_npe,posterior_samples.pkl,1000,6907,N=n log(n),1,sigma,1.162907268170426,0.005212239883701778
flow_npe,posterior_samples.pkl,1000,6907,N=n log(n),1,sigma,1.1729323308270676,0.005247441758532511
flow_npe,posterior_samples.pkl,1000,6907,N=n log(n),1,sigma,1.1829573934837092,0.005226416023462591
flow_npe,posterior_samples.pkl,1000,6907,N=n log(n),1,sigma,1.1929824561403508,0.0051426046519205855
flow_npe,posterior_samples.pkl,1000,6907,N=n log(n),1,sigma,1.2030075187969924,0.004995173210105862
flow_npe,posterior_samples.pkl,1000,6907,N=n log(n),1,sigma,1.213032581453634,0.00478940354996783
flow_npe,posterior_samples.pkl,1000,6907,N=n log(n),1,sigma,1.2230576441102756,0.004536304710157874
flow_npe,posterior_samples.pkl,1000,6907,N=n log(n),1,sigma,1.2330827067669172,0.0042514932668429916
flow_npe,posterior_samples.pkl,1000,6907,N=n log(n),1,sigma,1.2431077694235588,0.003953521216694182
flow_npe,posterior_samples.pkl,1000,6907,N=n log(n),1,sigma,1.2531328320802004,0.003661922904437658
flow_npe,posterior_samples.pkl,1000,6907,N=n log(n),1,sigma,1.263157894736842,0.003395292706142214
flow_npe,posterior_samples.pkl,1000,6907,N=n log(n),1,sigma,1.2731829573934836,0.0031696856097006934
flow_npe,posterior_samples.pkl,1000,6907,N=n log(n),1,sigma,1.2832080200501252,0.002997560980542313
flow_npe,posterior_samples.pkl,1000,6907,N=n log(n),1,sigma,1.2932330827067668,0.002887383768194016
flow_npe,posterior_samples.pkl,1000,6907,N=n log(n),1,sigma,1.3032581453634084,0.0028438799873169362
flow_npe,posterior_samples.pkl,1000,6907,N=n log(n),1,sigma,1.31328320802005,0.0028688358500323003
flow_npe,posterior_samples.pkl,1000,6907,N=n log(n),1,sigma,1.3233082706766917,0.0029622481325935726
flow_npe,posterior_samples.pkl,1000,6907,N=n log(n),1,sigma,1.3333333333333333,0.0031235859294341437
flow_npe,posterior_samples.pkl,1000,6907,N=n log(n),1,sigma,1.3433583959899749,0.003352913725550614
flow_npe,posterior_samples.pkl,1000,6907,N=n log(n),1,sigma,1.3533834586466165,0.0036516518859083754
flow_npe,posterior_samples.pkl,1000,6907,N=n log(n),1,sigma,1.363408521303258,0.0040228103421345715
flow_npe,posterior_samples.pkl,1000,6907,N=n log(n),1,sigma,1.3734335839598997,0.004470619540126076
flow_npe,posterior_samples.pkl,1000,6907,N=n log(n),1,sigma,1.3834586466165413,0.004999591243262229
flow_npe,posterior_samples.pkl,1000,6907,N=n log(n),1,sigma,1.3934837092731829,0.005613157139698706
flow_npe,posterior_samples.pkl,1000,6907,N=n log(n),1,sigma,1.4035087719298245,0.006312136642170047
flow_npe,posterior_samples.pkl,1000,6907,N=n log(n),1,sigma,1.413533834586466,0.007093355042445015
flow_npe,posterior_samples.pkl,1000,6907,N=n log(n),1,sigma,1.4235588972431077,0.007948749364666035
flow_npe,posterior_samples.pkl,1000,6907,N=n log(n),1,sigma,1.4335839598997493,0.008865249862139392
flow_npe,posterior_samples.pkl,1000,6907,N=n log(n),1,sigma,1.443609022556391,0.009825611309864866
flow_npe,posterior_samples.pkl,1000,6907,N=n log(n),1,sigma,1.4536340852130325,0.010810206677500775
flow_npe,posterior_samples.pkl,1000,6907,N=n log(n),1,sigma,1.463659147869674,0.011799616468432724
flow_npe,posterior_samples.pkl,1000,6907,N=n log(n),1,sigma,1.4736842105263157,0.012777687352888945
flow_npe,posterior_samples.pkl,1000,6907,N=n log(n),1,sigma,1.4837092731829573,0.013734629759661554
flow_npe,posterior_samples.pkl,1000,6907,N=n log(n),1,sigma,1.493734335839599,0.01466970175379628
flow_npe,posterior_samples.pkl,1000,6907,N=n log(n),1,sigma,1.5037593984962405,0.01559309510354373
flow_npe,posterior_samples.pkl,1000,6907,N=n log(n),1,sigma,1.5137844611528821,0.016526789015965757
flow_npe,posterior_samples.pkl,1000,6907,N=n log(n),1,sigma,1.5238095238095237,0.017504340398321678
flow_npe,posterior_samples.pkl,1000,6907,N=n log(n),1,sigma,1.5338345864661653,0.018569797882373264
flow_npe,posterior_samples.pkl,1000,6907,N=n log(n),1,sigma,1.543859649122807,0.01977611775981976
flow_npe,posterior_samples.pkl,1000,6907,N=n log(n),1,sigma,1.5538847117794485,0.021183585650076983
flow_npe,posterior_samples.pkl,1000,6907,N=n log(n),1,sigma,1.5639097744360901,0.022858782338857617
flow_npe,posterior_samples.pkl,1000,6907,N=n log(n),1,sigma,1.5739348370927317,0.024874566973915564
flow_npe,posterior_samples.pkl,1000,6907,N=n log(n),1,sigma,1.5839598997493733,0.027311396144396448
flow_npe,posterior_samples.pkl,1000,6907,N=n log(n),1,sigma,1.593984962406015,0.030260082236567835
flow_npe,posterior_samples.pkl,1000,6907,N=n log(n),1,sigma,1.6040100250626566,0.03382586220400003
flow_npe,posterior_samples.pkl,1000,6907,N=n log(n),1,sigma,1.6140350877192982,0.038133448940884385
flow_npe,posterior_samples.pkl,1000,6907,N=n log(n),1,sigma,1.6240601503759398,0.04333261906313422
flow_npe,posterior_samples.pkl,1000,6907,N=n log(n),1,sigma,1.6340852130325814,0.04960388531674786
flow_npe,posterior_samples.pkl,1000,6907,N=n log(n),1,sigma,1.644110275689223,0.05716391521329019
flow_npe,posterior_samples.pkl,1000,6907,N=n log(n),1,sigma,1.6541353383458646,0.06627056310930973
flow_npe,posterior_samples.pkl,1000,6907,N=n log(n),1,sigma,1.6641604010025062,0.07722762200367407
flow_npe,posterior_samples.pkl,1000,6907,N=n log(n),1,sigma,1.6741854636591478,0.09038959351373417
flow_npe,posterior_samples.pkl,1000,6907,N=n log(n),1,sigma,1.6842105263157894,0.10616683751405268
flow_npe,posterior_samples.pkl,1000,6907,N=n log(n),1,sigma,1.694235588972431,0.12503133673562844
flow_npe,posterior_samples.pkl,1000,6907,N=n log(n),1,sigma,1.7042606516290726,0.1475229802079725
flow_npe,posterior_samples.pkl,1000,6907,N=n log(n),1,sigma,1.7142857142857142,0.17425577217697502
flow_npe,posterior_samples.pkl,1000,6907,N=n log(n),1,sigma,1.7243107769423558,0.20592280026042983
flow_npe,posterior_samples.pkl,1000,6907,N=n log(n),1,sigma,1.7343358395989974,0.24329826805274382
flow_npe,posterior_samples.pkl,1000,6907,N=n log(n),1,sigma,1.744360902255639,0.2872345311243534
flow_npe,posterior_samples.pkl,1000,6907,N=n log(n),1,sigma,1.7543859649122806,0.3386519559004984
flow_npe,posterior_samples.pkl,1000,6907,N=n log(n),1,sigma,1.7644110275689222,0.39851958013294303
flow_npe,posterior_samples.pkl,1000,6907,N=n log(n),1,sigma,1.7744360902255638,0.46782497196607215
flow_npe,posterior_samples.pkl,1000,6907,N=n log(n),1,sigma,1.7844611528822054,0.5475323120379466
flow_npe,posterior_samples.pkl,1000,6907,N=n log(n),1,sigma,1.794486215538847,0.6385285111915412
flow_npe,posterior_samples.pkl,1000,6907,N=n log(n),1,sigma,1.8045112781954886,0.7415581044463955
flow_npe,posterior_samples.pkl,1000,6907,N=n log(n),1,sigma,1.8145363408521302,0.8571487420532785
flow_npe,posterior_samples.pkl,1000,6907,N=n log(n),1,sigma,1.8245614035087718,0.985530352617748
flow_npe,posterior_samples.pkl,1000,6907,N=n log(n),1,sigma,1.8345864661654134,1.1265524676274308
flow_npe,posterior_samples.pkl,1000,6907,N=n log(n),1,sigma,1.844611528822055,1.279605673192864
flow_npe,posterior_samples.pkl,1000,6907,N=n log(n),1,sigma,1.8546365914786966,1.4435544846354664
flow_npe,posterior_samples.pkl,1000,6907,N=n log(n),1,sigma,1.8646616541353382,1.6166898190018795
flow_npe,posterior_samples.pkl,1000,6907,N=n log(n),1,sigma,1.8746867167919798,1.796709333535281
flow_npe,posterior_samples.pkl,1000,6907,N=n log(n),1,sigma,1.8847117794486214,1.9807329299893592
flow_npe,posterior_samples.pkl,1000,6907,N=n log(n),1,sigma,1.894736842105263,2.1653585765336225
flow_npe,posterior_samples.pkl,1000,6907,N=n log(n),1,sigma,1.9047619047619047,2.346760367923685
flow_npe,posterior_samples.pkl,1000,6907,N=n log(n),1,sigma,1.9147869674185463,2.520826747037472
flow_npe,posterior_samples.pkl,1000,6907,N=n log(n),1,sigma,1.9248120300751879,2.6833325280113955
flow_npe,posterior_samples.pkl,1000,6907,N=n log(n),1,sigma,1.9348370927318295,2.830134346690067
flow_npe,posterior_samples.pkl,1000,6907,N=n log(n),1,sigma,1.944862155388471,2.95737594601339
flow_npe,posterior_samples.pkl,1000,6907,N=n log(n),1,sigma,1.9548872180451127,3.0616877095648065
flow_npe,posterior_samples.pkl,1000,6907,N=n log(n),1,sigma,1.9649122807017543,3.1403643719518155
flow_npe,posterior_samples.pkl,1000,6907,N=n log(n),1,sigma,1.9749373433583959,3.1915059928504497
flow_npe,posterior_samples.pkl,1000,6907,N=n log(n),1,sigma,1.9849624060150375,3.2141100594760856
flow_npe,posterior_samples.pkl,1000,6907,N=n log(n),1,sigma,1.994987468671679,3.2081067926492706
flow_npe,posterior_samples.pkl,1000,6907,N=n log(n),1,sigma,2.0050125313283207,3.174335007330792
flow_npe,posterior_samples.pkl,1000,6907,N=n log(n),1,sigma,2.015037593984962,3.114461666753013
flow_npe,posterior_samples.pkl,1000,6907,N=n log(n),1,sigma,2.025062656641604,3.0308538617828313
flow_npe,posterior_samples.pkl,1000,6907,N=n log(n),1,sigma,2.0350877192982457,2.9264165650473672
flow_npe,posterior_samples.pkl,1000,6907,N=n log(n),1,sigma,2.045112781954887,2.8044124407120457
flow_npe,posterior_samples.pkl,1000,6907,N=n log(n),1,sigma,2.0551378446115285,2.668280751543111
flow_npe,posterior_samples.pkl,1000,6907,N=n log(n),1,sigma,2.0651629072681703,2.5214708745846295
flow_npe,posterior_samples.pkl,1000,6907,N=n log(n),1,sigma,2.075187969924812,2.367302419673572
flow_npe,posterior_samples.pkl,1000,6907,N=n log(n),1,sigma,2.0852130325814535,2.2088591257257444
flow_npe,posterior_samples.pkl,1000,6907,N=n log(n),1,sigma,2.095238095238095,2.048918506327657
flow_npe,posterior_samples.pkl,1000,6907,N=n log(n),1,sigma,2.1052631578947367,1.8899145681443892
flow_npe,posterior_samples.pkl,1000,6907,N=n log(n),1,sigma,2.1152882205513786,1.7339275769871352
flow_npe,posterior_samples.pkl,1000,6907,N=n log(n),1,sigma,2.12531328320802,1.5826931866939593
flow_npe,posterior_samples.pkl,1000,6907,N=n log(n),1,sigma,2.1353383458646613,1.4376232536851978
flow_npe,posterior_samples.pkl,1000,6907,N=n log(n),1,sigma,2.145363408521303,1.2998319584211733
flow_npe,posterior_samples.pkl,1000,6907,N=n log(n),1,sigma,2.155388471177945,1.1701628563682582
flow_npe,posterior_samples.pkl,1000,6907,N=n log(n),1,sigma,2.1654135338345863,1.0492145689175973
flow_npe,posterior_samples.pkl,1000,6907,N=n log(n),1,sigma,2.1754385964912277,0.9373645154829966
flow_npe,posterior_samples.pkl,1000,6907,N=n log(n),1,sigma,2.1854636591478696,0.8347911276160264
flow_npe,posterior_samples.pkl,1000,6907,N=n log(n),1,sigma,2.1954887218045114,0.7414953615148232
flow_npe,posterior_samples.pkl,1000,6907,N=n log(n),1,sigma,2.2055137844611528,0.6573222036264906
flow_npe,posterior_samples.pkl,1000,6907,N=n log(n),1,sigma,2.215538847117794,0.5819824910035974
flow_npe,posterior_samples.pkl,1000,6907,N=n log(n),1,sigma,2.225563909774436,0.5150749700118726
flow_npe,posterior_samples.pkl,1000,6907,N=n log(n),1,sigma,2.235588972431078,0.45610823722961347
flow_npe,posterior_samples.pkl,1000,6907,N=n log(n),1,sigma,2.245614035087719,0.40452208994906547
flow_npe,posterior_samples.pkl,1000,6907,N=n log(n),1,sigma,2.2556390977443606,0.3597078320696837
flow_npe,posterior_samples.pkl,1000,6907,N=n log(n),1,sigma,2.2656641604010024,0.32102717527027036
flow_npe,posterior_samples.pkl,1000,6907,N=n log(n),1,sigma,2.275689223057644,0.2878294928626464
flow_npe,posterior_samples.pkl,1000,6907,N=n log(n),1,sigma,2.2857142857142856,0.25946729618843656
flow_npe,posterior_samples.pkl,1000,6907,N=n log(n),1,sigma,2.295739348370927,0.23530990189182105
flow_npe,posterior_samples.pkl,1000,6907,N=n log(n),1,sigma,2.305764411027569,0.2147553382096101
flow_npe,posterior_samples.pkl,1000,6907,N=n log(n),1,sigma,2.3157894736842106,0.1972405868278664
flow_npe,posterior_samples.pkl,1000,6907,N=n log(n),1,sigma,2.325814536340852,0.18225025311371706
flow_npe,posterior_samples.pkl,1000,6907,N=n log(n),1,sigma,2.3358395989974934,0.1693236855198304
flow_npe,posterior_samples.pkl,1000,6907,N=n log(n),1,sigma,2.345864661654135,0.15806043020163144
flow_npe,posterior_samples.pkl,1000,6907,N=n log(n),1,sigma,2.355889724310777,0.14812374660194574
flow_npe,posterior_samples.pkl,1000,6907,N=n log(n),1,sigma,2.3659147869674184,0.13924178787471378
flow_npe,posterior_samples.pkl,1000,6907,N=n log(n),1,sigma,2.37593984962406,0.13120603681483
flow_npe,posterior_samples.pkl,1000,6907,N=n log(n),1,sigma,2.3859649122807016,0.12386673190721993
flow_npe,posterior_samples.pkl,1000,6907,N=n log(n),1,sigma,2.3959899749373434,0.1171253218982224
flow_npe,posterior_samples.pkl,1000,6907,N=n log(n),1,sigma,2.406015037593985,0.11092439882532204
flow_npe,posterior_samples.pkl,1000,6907,N=n log(n),1,sigma,2.416040100250626,0.10523598261700029
flow_npe,posterior_samples.pkl,1000,6907,N=n log(n),1,sigma,2.426065162907268,0.10004935260794214
flow_npe,posterior_samples.pkl,1000,6907,N=n log(n),1,sigma,2.43609022556391,0.09535974816476087
flow_npe,posterior_samples.pkl,1000,6907,N=n log(n),1,sigma,2.4461152882205512,0.09115914537015336
flow_npe,posterior_samples.pkl,1000,6907,N=n log(n),1,sigma,2.4561403508771926,0.08742997493502794
flow_npe,posterior_samples.pkl,1000,6907,N=n log(n),1,sigma,2.4661654135338344,0.08414215129281553
flow_npe,posterior_samples.pkl,1000,6907,N=n log(n),1,sigma,2.4761904761904763,0.08125324329346913
flow_npe,posterior_samples.pkl,1000,6907,N=n log(n),1,sigma,2.4862155388471177,0.07871114778408506
flow_npe,posterior_samples.pkl,1000,6907,N=n log(n),1,sigma,2.496240601503759,0.07645831955168893
flow_npe,posterior_samples.pkl,1000,6907,N=n log(n),1,sigma,2.506265664160401,0.07443651160724978
flow_npe,posterior_samples.pkl,1000,6907,N=n log(n),1,sigma,2.5162907268170427,0.07259108522174289
flow_npe,posterior_samples.pkl,1000,6907,N=n log(n),1,sigma,2.526315789473684,0.07087421252105186
flow_npe,posterior_samples.pkl,1000,6907,N=n log(n),1,sigma,2.5363408521303255,0.06924664137936547
flow_npe,posterior_samples.pkl,1000,6907,N=n log(n),1,sigma,2.5463659147869673,0.06767804081246116
flow_npe,posterior_samples.pkl,1000,6907,N=n log(n),1,sigma,2.556390977443609,0.06614622396276049
flow_npe,posterior_samples.pkl,1000,6907,N=n log(n),1,sigma,2.5664160401002505,0.06463570838603883
flow_npe,posterior_samples.pkl,1000,6907,N=n log(n),1,sigma,2.576441102756892,0.06313610409873098
flow_npe,posterior_samples.pkl,1000,6907,N=n log(n),1,sigma,2.5864661654135337,0.06164073385039886
flow_npe,posterior_samples.pkl,1000,6907,N=n log(n),1,sigma,2.5964912280701755,0.0601457264853098
flow_npe,posterior_samples.pkl,1000,6907,N=n log(n),1,sigma,2.606516290726817,0.05864963479247279
flow_npe,posterior_samples.pkl,1000,6907,N=n log(n),1,sigma,2.6165413533834583,0.05715346464667809
flow_npe,posterior_samples.pkl,1000,6907,N=n log(n),1,sigma,2.6265664160401,0.05566089961037588
flow_npe,posterior_samples.pkl,1000,6907,N=n log(n),1,sigma,2.636591478696742,0.05417847965997989
flow_npe,posterior_samples.pkl,1000,6907,N=n log(n),1,sigma,2.6466165413533833,0.05271553603644893
flow_npe,posterior_samples.pkl,1000,6907,N=n log(n),1,sigma,2.6566416040100247,0.05128377043959134
flow_npe,posterior_samples.pkl,1000,6907,N=n log(n),1,sigma,2.6666666666666665,0.049896463280008935
flow_npe,posterior_samples.pkl,1000,6907,N=n log(n),1,sigma,2.6766917293233083,0.048567375377875074
flow_npe,posterior_samples.pkl,1000,6907,N=n log(n),1,sigma,2.6867167919799497,0.04730945734117381
flow_npe,posterior_samples.pkl,1000,6907,N=n log(n),1,sigma,2.696741854636591,0.04613350354886056
flow_npe,posterior_samples.pkl,1000,6907,N=n log(n),1,sigma,2.706766917293233,0.045046895860745284
flow_npe,posterior_samples.pkl,1000,6907,N=n log(n),1,sigma,2.7167919799498748,0.044052588421655596
flow_npe,posterior_samples.pkl,1000,6907,N=n log(n),1,sigma,2.726817042606516,0.04314849233896713
flow_npe,posterior_samples.pkl,1000,6907,N=n log(n),1,sigma,2.7368421052631575,0.04232741763504394
flow_npe,posterior_samples.pkl,1000,6907,N=n log(n),1,sigma,2.7468671679197993,0.0415777010087133
flow_npe,posterior_samples.pkl,1000,6907,N=n log(n),1,sigma,2.756892230576441,0.04088457477944056
flow_npe,posterior_samples.pkl,1000,6907,N=n log(n),1,sigma,2.7669172932330826,0.040232211969280035
flow_npe,posterior_samples.pkl,1000,6907,N=n log(n),1,sigma,2.776942355889724,0.03960623279215656
flow_npe,posterior_samples.pkl,1000,6907,N=n log(n),1,sigma,2.7869674185463658,0.03899631585119686
flow_npe,posterior_samples.pkl,1000,6907,N=n log(n),1,sigma,2.7969924812030076,0.0383984678205551
flow_npe,posterior_samples.pkl,1000,6907,N=n log(n),1,sigma,2.807017543859649,0.03781650443038916
flow_npe,posterior_samples.pkl,1000,6907,N=n log(n),1,sigma,2.8170426065162903,0.03726239603828214
flow_npe,posterior_samples.pkl,1000,6907,N=n log(n),1,sigma,2.827067669172932,0.036755315922531784
flow_npe,posterior_samples.pkl,1000,6907,N=n log(n),1,sigma,2.837092731829574,0.036319456162629306
flow_npe,posterior_samples.pkl,1000,6907,N=n log(n),1,sigma,2.8471177944862154,0.03598089037326115
flow_npe,posterior_samples.pkl,1000,6907,N=n log(n),1,sigma,2.8571428571428568,0.03576391630693083
flow_npe,posterior_samples.pkl,1000,6907,N=n log(n),1,sigma,2.8671679197994986,0.03568737647099975
flow_npe,posterior_samples.pkl,1000,6907,N=n log(n),1,sigma,2.8771929824561404,0.03576142993295585
flow_npe,posterior_samples.pkl,1000,6907,N=n log(n),1,sigma,2.887218045112782,0.03598515470298254
flow_npe,posterior_samples.pkl,1000,6907,N=n log(n),1,sigma,2.897243107769423,0.03634523059545179
flow_npe,posterior_samples.pkl,1000,6907,N=n log(n),1,sigma,2.907268170426065,0.036815819166193114
flow_npe,posterior_samples.pkl,1000,6907,N=n log(n),1,sigma,2.917293233082707,0.037359641023559646
flow_npe,posterior_samples.pkl,1000,6907,N=n log(n),1,sigma,2.927318295739348,0.037930157882711805
flow_npe,posterior_samples.pkl,1000,6907,N=n log(n),1,sigma,2.9373433583959896,0.038474692259167755
flow_npe,posterior_samples.pkl,1000,6907,N=n log(n),1,sigma,2.9473684210526314,0.03893825270092267
flow_npe,posterior_samples.pkl,1000,6907,N=n log(n),1,sigma,2.9573934837092732,0.03926777140348252
flow_npe,posterior_samples.pkl,1000,6907,N=n log(n),1,sigma,2.9674185463659146,0.039416406415794886
flow_npe,posterior_samples.pkl,1000,6907,N=n log(n),1,sigma,2.977443609022556,0.03934752302158809
flow_npe,posterior_samples.pkl,1000,6907,N=n log(n),1,sigma,2.987468671679198,0.03903796309166789
flow_npe,posterior_samples.pkl,1000,6907,N=n log(n),1,sigma,2.9974937343358397,0.03848025031633296
flow_npe,posterior_samples.pkl,1000,6907,N=n log(n),1,sigma,3.007518796992481,0.03768346886438552
flow_npe,posterior_samples.pkl,1000,6907,N=n log(n),1,sigma,3.0175438596491224,0.03667268789046795
flow_npe,posterior_samples.pkl,1000,6907,N=n log(n),1,sigma,3.0275689223057642,0.03548696799041092
flow_npe,posterior_samples.pkl,1000,6907,N=n log(n),1,sigma,3.037593984962406,0.03417615350776176
flow_npe,posterior_samples.pkl,1000,6907,N=n log(n),1,sigma,3.0476190476190474,0.032796798772314145
flow_npe,posterior_samples.pkl,1000,6907,N=n log(n),1,sigma,3.057644110275689,0.03140767215319711
flow_npe,posterior_samples.pkl,1000,6907,N=n log(n),1,sigma,3.0676691729323307,0.03006531300941389
flow_npe,posterior_samples.pkl,1000,6907,N=n log(n),1,sigma,3.0776942355889725,0.02882007921563034
flow_npe,posterior_samples.pkl,1000,6907,N=n log(n),1,sigma,3.087719298245614,0.02771302615668469
flow_npe,posterior_samples.pkl,1000,6907,N=n log(n),1,sigma,3.0977443609022552,0.026773822410837207
flow_npe,posterior_samples.pkl,1000,6907,N=n log(n),1,sigma,3.107769423558897,0.026019759958208367
flow_npe,posterior_samples.pkl,1000,6907,N=n log(n),1,sigma,3.117794486215539,0.02545578532436756
flow_npe,posterior_samples.pkl,1000,6907,N=n log(n),1,sigma,3.1278195488721803,0.025075384360518666
flow_npe,posterior_samples.pkl,1000,6907,N=n log(n),1,sigma,3.1378446115288217,0.0248621082278628
flow_npe,posterior_samples.pkl,1000,6907,N=n log(n),1,sigma,3.1478696741854635,0.0247915293239125
flow_npe,posterior_samples.pkl,1000,6907,N=n log(n),1,sigma,3.1578947368421053,0.024833449295671182
flow_npe,posterior_samples.pkl,1000,6907,N=n log(n),1,sigma,3.1679197994987467,0.024954225816909405
flow_npe,posterior_samples.pkl,1000,6907,N=n log(n),1,sigma,3.177944862155388,0.02511911931061855
flow_npe,posterior_samples.pkl,1000,6907,N=n log(n),1,sigma,3.18796992481203,0.0252945712939023
flow_npe,posterior_samples.pkl,1000,6907,N=n log(n),1,sigma,3.1979949874686717,0.025450310748212707
flow_npe,posterior_samples.pkl,1000,6907,N=n log(n),1,sigma,3.208020050125313,0.02556115523796724
flow_npe,posterior_samples.pkl,1000,6907,N=n log(n),1,sigma,3.2180451127819545,0.025608349973191096
flow_npe,posterior_samples.pkl,1000,6907,N=n log(n),1,sigma,3.2280701754385963,0.025580292618437618
flow_npe,posterior_samples.pkl,1000,6907,N=n log(n),1,sigma,3.238095238095238,0.025472538798300675
flow_npe,posterior_samples.pkl,1000,6907,N=n log(n),1,sigma,3.2481203007518795,0.025287072914509524
flow_npe,posterior_samples.pkl,1000,6907,N=n log(n),1,sigma,3.258145363408521,0.025030944736097578
flow_npe,posterior_samples.pkl,1000,6907,N=n log(n),1,sigma,3.2681704260651627,0.024714485799777985
flow_npe,posterior_samples.pkl,1000,6907,N=n log(n),1,sigma,3.2781954887218046,0.02434939939673381
flow_npe,posterior_samples.pkl,1000,6907,N=n log(n),1,sigma,3.288220551378446,0.023947039734235304
flow_npe,posterior_samples.pkl,1000,6907,N=n log(n),1,sigma,3.2982456140350873,0.02351715135192169
flow_npe,posterior_samples.pkl,1000,6907,N=n log(n),1,sigma,3.308270676691729,0.023067239137598523
flow_npe,posterior_samples.pkl,1000,6907,N=n log(n),1,sigma,3.318295739348371,0.022602607357573055
flow_npe,posterior_samples.pkl,1000,6907,N=n log(n),1,sigma,3.3283208020050123,0.022126974637302586
flow_npe,posterior_samples.pkl,1000,6907,N=n log(n),1,sigma,3.3383458646616537,0.021643469287055128
flow_npe,posterior_samples.pkl,1000,6907,N=n log(n),1,sigma,3.3483709273182956,0.021155753501465365
flow_npe,posterior_samples.pkl,1000,6907,N=n log(n),1,sigma,3.3583959899749374,0.020669019777560166
flow_npe,posterior_samples.pkl,1000,6907,N=n log(n),1,sigma,3.3684210526315788,0.020190640658702987
flow_npe,posterior_samples.pkl,1000,6907,N=n log(n),1,sigma,3.37844611528822,0.019730319469747053
flow_npe,posterior_samples.pkl,1000,6907,N=n log(n),1,sigma,3.388471177944862,0.01929967043425119
flow_npe,posterior_samples.pkl,1000,6907,N=n log(n),1,sigma,3.398496240601504,0.01891124041069348
flow_npe,posterior_samples.pkl,1000,6907,N=n log(n),1,sigma,3.408521303258145,0.01857706488534891
flow_npe,posterior_samples.pkl,1000,6907,N=n log(n),1,sigma,3.4185463659147866,0.01830692382901548
flow_npe,posterior_samples.pkl,1000,6907,N=n log(n),1,sigma,3.4285714285714284,0.018106524056204484
flow_npe,posterior_samples.pkl,1000,6907,N=n log(n),1,sigma,3.43859649122807,0.017975876492224842
flow_npe,posterior_samples.pkl,1000,6907,N=n log(n),1,sigma,3.4486215538847116,0.017908149094751753
flow_npe,posterior_samples.pkl,1000,6907,N=n log(n),1,sigma,3.458646616541353,0.01788924871911949
flow_npe,posterior_samples.pkl,1000,6907,N=n log(n),1,sigma,3.468671679197995,0.017898311761138607
flow_npe,posterior_samples.pkl,1000,6907,N=n log(n),1,sigma,3.4786967418546366,0.017909166350993294
flow_npe,posterior_samples.pkl,1000,6907,N=n log(n),1,sigma,3.488721804511278,0.01789268173343209
flow_npe,posterior_samples.pkl,1000,6907,N=n log(n),1,sigma,3.4987468671679194,0.017819767186483475
flow_npe,posterior_samples.pkl,1000,6907,N=n log(n),1,sigma,3.508771929824561,0.017664653416173123
flow_npe,posterior_samples.pkl,1000,6907,N=n log(n),1,sigma,3.518796992481203,0.017408012892563985
flow_npe,posterior_samples.pkl,1000,6907,N=n log(n),1,sigma,3.5288220551378444,0.01703947242620695
flow_npe,posterior_samples.pkl,1000,6907,N=n log(n),1,sigma,3.538847117794486,0.016559146929280646
flow_npe,posterior_samples.pkl,1000,6907,N=n log(n),1,sigma,3.5488721804511276,0.01597796593414463
flow_npe,posterior_samples.pkl,1000,6907,N=n log(n),1,sigma,3.5588972431077694,0.015316747073678857
flow_npe,posterior_samples.pkl,1000,6907,N=n log(n),1,sigma,3.568922305764411,0.014604157603890644
flow_npe,posterior_samples.pkl,1000,6907,N=n log(n),1,sigma,3.578947368421052,0.01387386038466839
flow_npe,posterior_samples.pkl,1000,6907,N=n log(n),1,sigma,3.588972431077694,0.013161237284179936
flow_npe,posterior_samples.pkl,1000,6907,N=n log(n),1,sigma,3.598997493734336,0.012500107959672538
flow_npe,posterior_samples.pkl,1000,6907,N=n log(n),1,sigma,3.6090225563909772,0.011919818839819754
flow_npe,posterior_samples.pkl,1000,6907,N=n log(n),1,sigma,3.6190476190476186,0.011442982975061139
flow_npe,posterior_samples.pkl,1000,6907,N=n log(n),1,sigma,3.6290726817042605,0.011084031162753407
flow_npe,posterior_samples.pkl,1000,6907,N=n log(n),1,sigma,3.6390977443609023,0.010848614146731139
flow_npe,posterior_samples.pkl,1000,6907,N=n log(n),1,sigma,3.6491228070175437,0.010733795156443994
flow_npe,posterior_samples.pkl,1000,6907,N=n log(n),1,sigma,3.659147869674185,0.010728902971327526
flow_npe,posterior_samples.pkl,1000,6907,N=n log(n),1,sigma,3.669172932330827,0.010816879823102147
flow_npe,posterior_samples.pkl,1000,6907,N=n log(n),1,sigma,3.6791979949874687,0.01097595008259565
flow_npe,posterior_samples.pkl,1000,6907,N=n log(n),1,sigma,3.68922305764411,0.011181445488243957
flow_npe,posterior_samples.pkl,1000,6907,N=n log(n),1,sigma,3.6992481203007515,0.011407641665552899
flow_npe,posterior_samples.pkl,1000,6907,N=n log(n),1,sigma,3.7092731829573933,0.011629482950193422
flow_npe,posterior_samples.pkl,1000,6907,N=n log(n),1,sigma,3.719298245614035,0.011824095990828282
flow_npe,posterior_samples.pkl,1000,6907,N=n log(n),1,sigma,3.7293233082706765,0.011972017850151126
flow_npe,posterior_samples.pkl,1000,6907,N=n log(n),1,sigma,3.739348370927318,0.012058092279381297
flow_npe,posterior_samples.pkl,1000,6907,N=n log(n),1,sigma,3.7493734335839597,0.012072017677040709
flow_npe,posterior_samples.pkl,1000,6907,N=n log(n),1,sigma,3.7593984962406015,0.012008558540215365
flow_npe,posterior_samples.pkl,1000,6907,N=n log(n),1,sigma,3.769423558897243,0.011867453981288098
flow_npe,posterior_samples.pkl,1000,6907,N=n log(n),1,sigma,3.7794486215538843,0.011653067937385539
flow_npe,posterior_samples.pkl,1000,6907,N=n log(n),1,sigma,3.789473684210526,0.011373825266192825
flow_npe,posterior_samples.pkl,1000,6907,N=n log(n),1,sigma,3.799498746867168,0.011041469960619464
flow_npe,posterior_samples.pkl,1000,6907,N=n log(n),1,sigma,3.8095238095238093,0.01067017403915049
flow_npe,posterior_samples.pkl,1000,6907,N=n log(n),1,sigma,3.8195488721804507,0.010275526866824876
flow_npe,posterior_samples.pkl,1000,6907,N=n log(n),1,sigma,3.8295739348370925,0.009873449961145041
flow_npe,posterior_samples.pkl,1000,6907,N=n log(n),1,sigma,3.8395989974937343,0.009479110230378179
flow_npe,posterior_samples.pkl,1000,6907,N=n log(n),1,sigma,3.8496240601503757,0.009105935942734572
flow_npe,posterior_samples.pkl,1000,6907,N=n log(n),1,sigma,3.859649122807017,0.008764860165834503
flow_npe,posterior_samples.pkl,1000,6907,N=n log(n),1,sigma,3.869674185463659,0.008463911472313453
flow_npe,posterior_samples.pkl,1000,6907,N=n log(n),1,sigma,3.8796992481203008,0.008208232841431958
flow_npe,posterior_samples.pkl,1000,6907,N=n log(n),1,sigma,3.889724310776942,0.00800053887151601
flow_npe,posterior_samples.pkl,1000,6907,N=n log(n),1,sigma,3.8997493734335835,0.00784193225312791
flow_npe,posterior_samples.pkl,1000,6907,N=n log(n),1,sigma,3.9097744360902253,0.007732915067907805
flow_npe,posterior_samples.pkl,1000,6907,N=n log(n),1,sigma,3.919799498746867,0.007674373088495904
flow_npe,posterior_samples.pkl,1000,6907,N=n log(n),1,sigma,3.9298245614035086,0.007668300549074356
flow_npe,posterior_samples.pkl,1000,6907,N=n log(n),1,sigma,3.93984962406015,0.007718075885483143
flow_npe,posterior_samples.pkl,1000,6907,N=n log(n),1,sigma,3.9498746867167918,0.00782818863916739
flow_npe,posterior_samples.pkl,1000,6907,N=n log(n),1,sigma,3.9598997493734336,0.008003434791326685
flow_npe,posterior_samples.pkl,1000,6907,N=n log(n),1,sigma,3.969924812030075,0.008247716178420645
flow_npe,posterior_samples.pkl,1000,6907,N=n log(n),1,sigma,3.9799498746867163,0.008562673460076407
flow_npe,posterior_samples.pkl,1000,6907,N=n log(n),1,sigma,3.989974937343358,0.00894643182616603
flow_npe,posterior_samples.pkl,1000,6907,N=n log(n),1,sigma,4.0,0.009392734694568902
flow_npe,posterior_samples.pkl,1000,6907,N=n log(n),1,xi,-1.0,0.0363805076944955
flow_npe,posterior_samples.pkl,1000,6907,N=n log(n),1,xi,-0.9949874686716792,0.03611158821097029
flow_npe,posterior_samples.pkl,1000,6907,N=n log(n),1,xi,-0.9899749373433584,0.03585391142047737
flow_npe,posterior_samples.pkl,1000,6907,N=n log(n),1,xi,-0.9849624060150376,0.03561267650868856
flow_npe,posterior_samples.pkl,1000,6907,N=n log(n),1,xi,-0.9799498746867168,0.03539271345219824
flow_npe,posterior_samples.pkl,1000,6907,N=n log(n),1,xi,-0.974937343358396,0.03519845587930949
flow_npe,posterior_samples.pkl,1000,6907,N=n log(n),1,xi,-0.9699248120300752,0.03503391746285077
flow_npe,posterior_samples.pkl,1000,6907,N=n log(n),1,xi,-0.9649122807017544,0.03490266971827266
flow_npe,posterior_samples.pkl,1000,6907,N=n log(n),1,xi,-0.9598997493734336,0.03480781974726977
flow_npe,posterior_samples.pkl,1000,6907,N=n log(n),1,xi,-0.9548872180451128,0.034751987268153615
flow_npe,posterior_samples.pkl,1000,6907,N=n log(n),1,xi,-0.949874686716792,0.034737281124909765
flow_npe,posterior_samples.pkl,1000,6907,N=n log(n),1,xi,-0.9448621553884712,0.03476527628079165
flow_npe,posterior_samples.pkl,1000,6907,N=n log(n),1,xi,-0.9398496240601504,0.03483699299816329
flow_npe,posterior_samples.pkl,1000,6907,N=n log(n),1,xi,-0.9348370927318296,0.03495288041507255
flow_npe,posterior_samples.pkl,1000,6907,N=n log(n),1,xi,-0.9298245614035088,0.035112806999957495
flow_npe,posterior_samples.pkl,1000,6907,N=n log(n),1,xi,-0.924812030075188,0.035316060370866105
flow_npe,posterior_samples.pkl,1000,6907,N=n log(n),1,xi,-0.9197994987468672,0.0355613587016137
flow_npe,posterior_samples.pkl,1000,6907,N=n log(n),1,xi,-0.9147869674185464,0.03584687542669023
flow_npe,posterior_samples.pkl,1000,6907,N=n log(n),1,xi,-0.9097744360902256,0.03617027824479476
flow_npe,posterior_samples.pkl,1000,6907,N=n log(n),1,xi,-0.9047619047619048,0.036528782571658314
flow_npe,posterior_samples.pkl,1000,6907,N=n log(n),1,xi,-0.899749373433584,0.03691921868281326
flow_npe,posterior_samples.pkl,1000,6907,N=n log(n),1,xi,-0.8947368421052632,0.037338110897665096
flow_npe,posterior_samples.pkl,1000,6907,N=n log(n),1,xi,-0.8897243107769424,0.037781766366068885
flow_npe,posterior_samples.pkl,1000,6907,N=n log(n),1,xi,-0.8847117794486216,0.03824637039525848
flow_npe,posterior_samples.pkl,1000,6907,N=n log(n),1,xi,-0.8796992481203008,0.03872808484864362
flow_npe,posterior_samples.pkl,1000,6907,N=n log(n),1,xi,-0.87468671679198,0.03922314598664815
flow_npe,posterior_samples.pkl,1000,6907,N=n log(n),1,xi,-0.8696741854636592,0.039727958206719094
flow_npe,posterior_samples.pkl,1000,6907,N=n log(n),1,xi,-0.8646616541353384,0.04023918045385457
flow_npe,posterior_samples.pkl,1000,6907,N=n log(n),1,xi,-0.8596491228070176,0.04075380257207249
flow_npe,posterior_samples.pkl,1000,6907,N=n log(n),1,xi,-0.8546365914786967,0.04126920949285086
flow_npe,posterior_samples.pkl,1000,6907,N=n log(n),1,xi,-0.849624060150376,0.04178323184161325
flow_npe,posterior_samples.pkl,1000,6907,N=n log(n),1,xi,-0.8446115288220551,0.04229418222011519
flow_npe,posterior_samples.pkl,1000,6907,N=n log(n),1,xi,-0.8395989974937343,0.04280087703082621
flow_npe,posterior_samples.pkl,1000,6907,N=n log(n),1,xi,-0.8345864661654135,0.043302644203274294
flow_npe,posterior_samples.pkl,1000,6907,N=n log(n),1,xi,-0.8295739348370927,0.04379931753553129
flow_npe,posterior_samples.pkl,1000,6907,N=n log(n),1,xi,-0.8245614035087719,0.04429121857218066
flow_npe,posterior_samples.pkl,1000,6907,N=n log(n),1,xi,-0.8195488721804511,0.04477912702034638
flow_npe,posterior_samples.pkl,1000,6907,N=n log(n),1,xi,-0.8145363408521303,0.04526424069279362
flow_npe,posterior_samples.pkl,1000,6907,N=n log(n),1,xi,-0.8095238095238095,0.04574812590909057
flow_npe,posterior_samples.pkl,1000,6907,N=n log(n),1,xi,-0.8045112781954887,0.046232659234302496
flow_npe,posterior_samples.pkl,1000,6907,N=n log(n),1,xi,-0.7994987468671679,0.04671996143807128
flow_npe,posterior_samples.pkl,1000,6907,N=n log(n),1,xi,-0.7944862155388471,0.047212324652221936
flow_npe,posterior_samples.pkl,1000,6907,N=n log(n),1,xi,-0.7894736842105263,0.04771213391168049
flow_npe,posterior_samples.pkl,1000,6907,N=n log(n),1,xi,-0.7844611528822055,0.04822178457952191
flow_npe,posterior_samples.pkl,1000,6907,N=n log(n),1,xi,-0.7794486215538847,0.048743597558257974
flow_npe,posterior_samples.pkl,1000,6907,N=n log(n),1,xi,-0.7744360902255639,0.04927973463210564
flow_npe,posterior_samples.pkl,1000,6907,N=n log(n),1,xi,-0.7694235588972431,0.049832116710500564
flow_npe,posterior_samples.pkl,1000,6907,N=n log(n),1,xi,-0.7644110275689223,0.050402348086135786
flow_npe,posterior_samples.pkl,1000,6907,N=n log(n),1,xi,-0.7593984962406015,0.0509916500176707
flow_npe,posterior_samples.pkl,1000,6907,N=n log(n),1,xi,-0.7543859649122807,0.051600806944946315
flow_npe,posterior_samples.pkl,1000,6907,N=n log(n),1,xi,-0.7493734335839599,0.05223012840832672
flow_npe,posterior_samples.pkl,1000,6907,N=n log(n),1,xi,-0.7443609022556391,0.052879429262722766
flow_npe,posterior_samples.pkl,1000,6907,N=n log(n),1,xi,-0.7393483709273183,0.05354803006632566
flow_npe,posterior_samples.pkl,1000,6907,N=n log(n),1,xi,-0.7343358395989975,0.05423477862503087
flow_npe,posterior_samples.pkl,1000,6907,N=n log(n),1,xi,-0.7293233082706767,0.054938092648423274
flow_npe,posterior_samples.pkl,1000,6907,N=n log(n),1,xi,-0.7243107769423559,0.05565602239930757
flow_npe,posterior_samples.pkl,1000,6907,N=n log(n),1,xi,-0.7192982456140351,0.05638633117964131
flow_npe,posterior_samples.pkl,1000,6907,N=n log(n),1,xi,-0.7142857142857143,0.05712659057194356
flow_npe,posterior_samples.pkl,1000,6907,N=n log(n),1,xi,-0.7092731829573935,0.05787428661574585
flow_npe,posterior_samples.pkl,1000,6907,N=n log(n),1,xi,-0.7042606516290727,0.058626932593604485
flow_npe,posterior_samples.pkl,1000,6907,N=n log(n),1,xi,-0.6992481203007519,0.05938218385758102
flow_npe,posterior_samples.pkl,1000,6907,N=n log(n),1,xi,-0.6942355889724311,0.0601379501470492
flow_npe,posterior_samples.pkl,1000,6907,N=n log(n),1,xi,-0.6892230576441103,0.06089250111118948
flow_npe,posterior_samples.pkl,1000,6907,N=n log(n),1,xi,-0.6842105263157895,0.06164456121463634
flow_npe,posterior_samples.pkl,1000,6907,N=n log(n),1,xi,-0.6791979949874687,0.062393390819973756
flow_npe,posterior_samples.pkl,1000,6907,N=n log(n),1,xi,-0.6741854636591479,0.06313885094840943
flow_npe,posterior_samples.pkl,1000,6907,N=n log(n),1,xi,-0.6691729323308271,0.06388144996436051
flow_npe,posterior_samples.pkl,1000,6907,N=n log(n),1,xi,-0.6641604010025063,0.06462237116339614
flow_npe,posterior_samples.pkl,1000,6907,N=n log(n),1,xi,-0.6591478696741855,0.06536348093104187
flow_npe,posterior_samples.pkl,1000,6907,N=n log(n),1,xi,-0.6541353383458647,0.06610731776156609
flow_npe,posterior_samples.pkl,1000,6907,N=n log(n),1,xi,-0.6491228070175439,0.06685706297384078
flow_npe,posterior_samples.pkl,1000,6907,N=n log(n),1,xi,-0.6441102756892231,0.06761649443899367
flow_npe,posterior_samples.pkl,1000,6907,N=n log(n),1,xi,-0.6390977443609023,0.06838992505129227
flow_npe,posterior_samples.pkl,1000,6907,N=n log(n),1,xi,-0.6340852130325815,0.0691821280398089
flow_npe,posterior_samples.pkl,1000,6907,N=n log(n),1,xi,-0.6290726817042607,0.06999825154034088
flow_npe,posterior_samples.pkl,1000,6907,N=n log(n),1,xi,-0.6240601503759399,0.07084372512367726
flow_npe,posterior_samples.pkl,1000,6907,N=n log(n),1,xi,-0.6190476190476191,0.07172416119736692
flow_npe,posterior_samples.pkl,1000,6907,N=n log(n),1,xi,-0.6140350877192983,0.07264525434489887
flow_npe,posterior_samples.pkl,1000,6907,N=n log(n),1,xi,-0.6090225563909775,0.07361268171444123
flow_npe,posterior_samples.pkl,1000,6907,N=n log(n),1,xi,-0.6040100250626567,0.07463200749405331
flow_npe,posterior_samples.pkl,1000,6907,N=n log(n),1,xi,-0.5989974937343359,0.07570859429195051
flow_npe,posterior_samples.pkl,1000,6907,N=n log(n),1,xi,-0.5939849624060151,0.07684752387058365
flow_npe,posterior_samples.pkl,1000,6907,N=n log(n),1,xi,-0.5889724310776943,0.07805352917001494
flow_npe,posterior_samples.pkl,1000,6907,N=n log(n),1,xi,-0.5839598997493735,0.0793309389268237
flow_npe,posterior_samples.pkl,1000,6907,N=n log(n),1,xi,-0.5789473684210527,0.08068363549701642
flow_npe,posterior_samples.pkl,1000,6907,N=n log(n),1,xi,-0.5739348370927319,0.08211502578979094
flow_npe,posterior_samples.pkl,1000,6907,N=n log(n),1,xi,-0.568922305764411,0.08362802458984835
flow_npe,posterior_samples.pkl,1000,6907,N=n log(n),1,xi,-0.5639097744360902,0.08522504906878524
flow_npe,posterior_samples.pkl,1000,6907,N=n log(n),1,xi,-0.5588972431077694,0.08690802303388329
flow_npe,posterior_samples.pkl,1000,6907,N=n log(n),1,xi,-0.5538847117794486,0.08867838949127109
flow_npe,posterior_samples.pkl,1000,6907,N=n log(n),1,xi,-0.5488721804511278,0.09053713043909845
flow_npe,posterior_samples.pkl,1000,6907,N=n log(n),1,xi,-0.543859649122807,0.09248479344997262
flow_npe,posterior_samples.pkl,1000,6907,N=n log(n),1,xi,-0.5388471177944862,0.09452152550690368
flow_npe,posterior_samples.pkl,1000,6907,N=n log(n),1,xi,-0.5338345864661654,0.09664711564090168
flow_npe,posterior_samples.pkl,1000,6907,N=n log(n),1,xi,-0.5288220551378446,0.0988610490641268
flow_npe,posterior_samples.pkl,1000,6907,N=n log(n),1,xi,-0.5238095238095238,0.10116257655691846
flow_npe,posterior_samples.pkl,1000,6907,N=n log(n),1,xi,-0.518796992481203,0.10355080369301947
flow_npe,posterior_samples.pkl,1000,6907,N=n log(n),1,xi,-0.5137844611528822,0.10602480491912646
flow_npe,posterior_samples.pkl,1000,6907,N=n log(n),1,xi,-0.5087719298245614,0.10858376740475072
flow_npe,posterior_samples.pkl,1000,6907,N=n log(n),1,xi,-0.5037593984962406,0.11122716884284885
flow_npe,posterior_samples.pkl,1000,6907,N=n log(n),1,xi,-0.4987468671679198,0.11395499195704142
flow_npe,posterior_samples.pkl,1000,6907,N=n log(n),1,xi,-0.493734335839599,0.1167679763649171
flow_npe,posterior_samples.pkl,1000,6907,N=n log(n),1,xi,-0.4887218045112782,0.11966790573474595
flow_npe,posterior_samples.pkl,1000,6907,N=n log(n),1,xi,-0.4837092731829574,0.12265792500098928
flow_npe,posterior_samples.pkl,1000,6907,N=n log(n),1,xi,-0.4786967418546366,0.12574287898356967
flow_npe,posterior_samples.pkl,1000,6907,N=n log(n),1,xi,-0.4736842105263158,0.12892966035282763
flow_npe,posterior_samples.pkl,1000,6907,N=n log(n),1,xi,-0.468671679197995,0.13222755179948978
flow_npe,posterior_samples.pkl,1000,6907,N=n log(n),1,xi,-0.4636591478696742,0.13564854482511654
flow_npe,posterior_samples.pkl,1000,6907,N=n log(n),1,xi,-0.4586466165413534,0.13920761607101417
flow_npe,posterior_samples.pkl,1000,6907,N=n log(n),1,xi,-0.4536340852130326,0.14292294182186355
flow_npe,posterior_samples.pkl,1000,6907,N=n log(n),1,xi,-0.4486215538847118,0.14681603245819388
flow_npe,posterior_samples.pkl,1000,6907,N=n log(n),1,xi,-0.443609022556391,0.1509117713034795
flow_npe,posterior_samples.pkl,1000,6907,N=n log(n),1,xi,-0.4385964912280702,0.15523834652189486
flow_npe,posterior_samples.pkl,1000,6907,N=n log(n),1,xi,-0.4335839598997494,0.15982707035614754
flow_npe,posterior_samples.pkl,1000,6907,N=n log(n),1,xi,-0.4285714285714286,0.16471208681216246
flow_npe,posterior_samples.pkl,1000,6907,N=n log(n),1,xi,-0.4235588972431078,0.16992997654417577
flow_npe,posterior_samples.pkl,1000,6907,N=n log(n),1,xi,-0.418546365914787,0.1755192757183971
flow_npe,posterior_samples.pkl,1000,6907,N=n log(n),1,xi,-0.4135338345864662,0.1815199335151793
flow_npe,posterior_samples.pkl,1000,6907,N=n log(n),1,xi,-0.4085213032581454,0.18797274011594017
flow_npe,posterior_samples.pkl,1000,6907,N=n log(n),1,xi,-0.4035087719298246,0.1949187629693082
flow_npe,posterior_samples.pkl,1000,6907,N=n log(n),1,xi,-0.3984962406015038,0.20239883335341324
flow_npe,posterior_samples.pkl,1000,6907,N=n log(n),1,xi,-0.393483709273183,0.21045312735826377
flow_npe,posterior_samples.pkl,1000,6907,N=n log(n),1,xi,-0.3884711779448622,0.2191208851492852
flow_npe,posterior_samples.pkl,1000,6907,N=n log(n),1,xi,-0.3834586466165414,0.2284403096491333
flow_npe,posterior_samples.pkl,1000,6907,N=n log(n),1,xi,-0.3784461152882206,0.23844868067639927
flow_npe,posterior_samples.pkl,1000,6907,N=n log(n),1,xi,-0.3734335839598998,0.24918271337053688
flow_npe,posterior_samples.pkl,1000,6907,N=n log(n),1,xi,-0.368421052631579,0.2606791808361614
flow_npe,posterior_samples.pkl,1000,6907,N=n log(n),1,xi,-0.3634085213032582,0.2729758109074509
flow_npe,posterior_samples.pkl,1000,6907,N=n log(n),1,xi,-0.3583959899749374,0.2861124563954725
flow_npe,posterior_samples.pkl,1000,6907,N=n log(n),1,xi,-0.3533834586466166,0.30013252779021543
flow_npe,posterior_samples.pkl,1000,6907,N=n log(n),1,xi,-0.3483709273182958,0.3150846677563133
flow_npe,posterior_samples.pkl,1000,6907,N=n log(n),1,xi,-0.343358395989975,0.3310246383931015
flow_npe,posterior_samples.pkl,1000,6907,N=n log(n),1,xi,-0.33834586466165417,0.3480173854700433
flow_npe,posterior_samples.pkl,1000,6907,N=n log(n),1,xi,-0.33333333333333337,0.3661392388343899
flow_npe,posterior_samples.pkl,1000,6907,N=n log(n),1,xi,-0.32832080200501257,0.3854802048219283
flow_npe,posterior_samples.pkl,1000,6907,N=n log(n),1,xi,-0.32330827067669177,0.40614630444620486
flow_npe,posterior_samples.pkl,1000,6907,N=n log(n),1,xi,-0.31829573934837097,0.4282619098389
flow_npe,posterior_samples.pkl,1000,6907,N=n log(n),1,xi,-0.31328320802005016,0.45197203013066994
flow_npe,posterior_samples.pkl,1000,6907,N=n log(n),1,xi,-0.30827067669172936,0.4774444958569697
flow_npe,posterior_samples.pkl,1000,6907,N=n log(n),1,xi,-0.30325814536340856,0.5048719871885048
flow_npe,posterior_samples.pkl,1000,6907,N=n log(n),1,xi,-0.29824561403508776,0.5344738450468344
flow_npe,posterior_samples.pkl,1000,6907,N=n log(n),1,xi,-0.29323308270676696,0.5664975948924948
flow_npe,posterior_samples.pkl,1000,6907,N=n log(n),1,xi,-0.28822055137844615,0.6012201003896049
flow_npe,posterior_samples.pkl,1000,6907,N=n log(n),1,xi,-0.28320802005012535,0.6389482483774745
flow_npe,posterior_samples.pkl,1000,6907,N=n log(n),1,xi,-0.27819548872180455,0.6800190482119896
flow_npe,posterior_samples.pkl,1000,6907,N=n log(n),1,xi,-0.27318295739348375,0.7247990086878433
flow_npe,posterior_samples.pkl,1000,6907,N=n log(n),1,xi,-0.26817042606516295,0.7736826360530848
flow_npe,posterior_samples.pkl,1000,6907,N=n log(n),1,xi,-0.26315789473684215,0.8270898792000274
flow_npe,posterior_samples.pkl,1000,6907,N=n log(n),1,xi,-0.25814536340852134,0.885462335483746
flow_npe,posterior_samples.pkl,1000,6907,N=n log(n),1,xi,-0.25313283208020054,0.9492580255737928
flow_npe,posterior_samples.pkl,1000,6907,N=n log(n),1,xi,-0.24812030075187974,1.018944551174831
flow_npe,posterior_samples.pkl,1000,6907,N=n log(n),1,xi,-0.24310776942355894,1.0949904681304652
flow_npe,posterior_samples.pkl,1000,6907,N=n log(n),1,xi,-0.23809523809523814,1.1778547417715641
flow_npe,posterior_samples.pkl,1000,6907,N=n log(n),1,xi,-0.23308270676691734,1.2679742031991574
flow_npe,posterior_samples.pkl,1000,6907,N=n log(n),1,xi,-0.22807017543859653,1.3657489954613256
flow_npe,posterior_samples.pkl,1000,6907,N=n log(n),1,xi,-0.22305764411027573,1.4715260871640512
flow_npe,posterior_samples.pkl,1000,6907,N=n log(n),1,xi,-0.21804511278195493,1.585581036539162
flow_npe,posterior_samples.pkl,1000,6907,N=n log(n),1,xi,-0.21303258145363413,1.7080983085524375
flow_npe,posterior_samples.pkl,1000,6907,N=n log(n),1,xi,-0.20802005012531333,1.839150576966229
flow_npe,posterior_samples.pkl,1000,6907,N=n log(n),1,xi,-0.20300751879699253,1.9786775766201203
flow_npe,posterior_samples.pkl,1000,6907,N=n log(n),1,xi,-0.19799498746867172,2.1264652014856558
flow_npe,posterior_samples.pkl,1000,6907,N=n log(n),1,xi,-0.19298245614035092,2.2821256631402003
flow_npe,posterior_samples.pkl,1000,6907,N=n log(n),1,xi,-0.18796992481203012,2.445079623323707
flow_npe,posterior_samples.pkl,1000,6907,N=n log(n),1,xi,-0.18295739348370932,2.614541284067234
flow_npe,posterior_samples.pkl,1000,6907,N=n log(n),1,xi,-0.17794486215538852,2.789507450694731
flow_npe,posterior_samples.pkl,1000,6907,N=n log(n),1,xi,-0.17293233082706772,2.9687515689010007
flow_npe,posterior_samples.pkl,1000,6907,N=n log(n),1,xi,-0.1679197994987469,3.1508236707956794
flow_npe,posterior_samples.pkl,1000,6907,N=n log(n),1,xi,-0.1629072681704261,3.3340570422083142
flow_npe,posterior_samples.pkl,1000,6907,N=n log(n),1,xi,-0.1578947368421053,3.5165822434554146
flow_npe,posterior_samples.pkl,1000,6907,N=n log(n),1,xi,-0.1528822055137845,3.696348880292841
flow_npe,posterior_samples.pkl,1000,6907,N=n log(n),1,xi,-0.1478696741854637,3.8711552366970796
flow_npe,posterior_samples.pkl,1000,6907,N=n log(n),1,xi,-0.1428571428571429,4.03868555599974
flow_npe,posterior_samples.pkl,1000,6907,N=n log(n),1,xi,-0.1378446115288221,4.196554404942963
flow_npe,posterior_samples.pkl,1000,6907,N=n log(n),1,xi,-0.1328320802005013,4.34235719284901
flow_npe,posterior_samples.pkl,1000,6907,N=n log(n),1,xi,-0.1278195488721805,4.473725564236944
flow_npe,posterior_samples.pkl,1000,6907,N=n log(n),1,xi,-0.1228070175438597,4.588386058323685
flow_npe,posterior_samples.pkl,1000,6907,N=n log(n),1,xi,-0.1177944862155389,4.684220153689549
flow_npe,posterior_samples.pkl,1000,6907,N=n log(n),1,xi,-0.1127819548872181,4.759323610673027
flow_npe,posterior_samples.pkl,1000,6907,N=n log(n),1,xi,-0.10776942355889729,4.812062905004585
flow_npe,posterior_samples.pkl,1000,6907,N=n log(n),1,xi,-0.10275689223057649,4.84112652710073
flow_npe,posterior_samples.pkl,1000,6907,N=n log(n),1,xi,-0.09774436090225569,4.845569010488051
flow_npe,posterior_samples.pkl,1000,6907,N=n log(n),1,xi,-0.09273182957393489,4.824845752078022
flow_npe,posterior_samples.pkl,1000,6907,N=n log(n),1,xi,-0.08771929824561409,4.778836991830227
flow_npe,posterior_samples.pkl,1000,6907,N=n log(n),1,xi,-0.08270676691729328,4.707859718278993
flow_npe,posterior_samples.pkl,1000,6907,N=n log(n),1,xi,-0.07769423558897248,4.6126667415577565
flow_npe,posterior_samples.pkl,1000,6907,N=n log(n),1,xi,-0.07268170426065168,4.494432703497298
flow_npe,posterior_samples.pkl,1000,6907,N=n log(n),1,xi,-0.06766917293233088,4.354727347452154
flow_npe,posterior_samples.pkl,1000,6907,N=n log(n),1,xi,-0.06265664160401008,4.195476918622782
flow_npe,posterior_samples.pkl,1000,6907,N=n log(n),1,xi,-0.057644110275689275,4.01891507821647
flow_npe,posterior_samples.pkl,1000,6907,N=n log(n),1,xi,-0.052631578947368474,3.8275251628796383
flow_npe,posterior_samples.pkl,1000,6907,N=n log(n),1,xi,-0.04761904761904767,3.6239759791369752
flow_npe,posterior_samples.pkl,1000,6907,N=n log(n),1,xi,-0.04260651629072687,3.4110535712197936
flow_npe,posterior_samples.pkl,1000,6907,N=n log(n),1,xi,-0.03759398496240607,3.1915915266235775
flow_npe,posterior_samples.pkl,1000,6907,N=n log(n),1,xi,-0.03258145363408527,2.9684023816774463
flow_npe,posterior_samples.pkl,1000,6907,N=n log(n),1,xi,-0.027568922305764465,2.744212562035664
flow_npe,posterior_samples.pkl,1000,6907,N=n log(n),1,xi,-0.022556390977443663,2.5216030507226503
flow_npe,posterior_samples.pkl,1000,6907,N=n log(n),1,xi,-0.01754385964912286,2.3029576364138276
flow_npe,posterior_samples.pkl,1000,6907,N=n log(n),1,xi,-0.01253132832080206,2.090420179707468
flow_npe,posterior_samples.pkl,1000,6907,N=n log(n),1,xi,-0.007518796992481258,1.8858618716293394
flow_npe,posterior_samples.pkl,1000,6907,N=n log(n),1,xi,-0.0025062656641604564,1.690858974655152
flow_npe,posterior_samples.pkl,1000,6907,N=n log(n),1,xi,0.0025062656641603454,1.5066810600099774
flow_npe,posterior_samples.pkl,1000,6907,N=n log(n),1,xi,0.007518796992481036,1.334289311640155
flow_npe,posterior_samples.pkl,1000,6907,N=n log(n),1,xi,0.012531328320801949,1.1743440790121986
flow_npe,posterior_samples.pkl,1000,6907,N=n log(n),1,xi,0.01754385964912286,1.0272205447356513
flow_npe,posterior_samples.pkl,1000,6907,N=n log(n),1,xi,0.022556390977443552,0.8930311401164311
flow_npe,posterior_samples.pkl,1000,6907,N=n log(n),1,xi,0.027568922305764243,0.771653197244994
flow_npe,posterior_samples.pkl,1000,6907,N=n log(n),1,xi,0.032581453634085156,0.6627602693565806
flow_npe,posterior_samples.pkl,1000,6907,N=n log(n),1,xi,0.03759398496240607,0.5658555759468121
flow_npe,posterior_samples.pkl,1000,6907,N=n log(n),1,xi,0.04260651629072676,0.4803061251328128
flow_npe,posterior_samples.pkl,1000,6907,N=n log(n),1,xi,0.04761904761904745,0.4053762194962486
flow_npe,posterior_samples.pkl,1000,6907,N=n log(n),1,xi,0.05263157894736836,0.3402592477039094
flow_npe,posterior_samples.pkl,1000,6907,N=n log(n),1,xi,0.057644110275689275,0.28410688650880583
flow_npe,posterior_samples.pkl,1000,6907,N=n log(n),1,xi,0.06265664160400997,0.23605507073620033
flow_npe,posterior_samples.pkl,1000,6907,N=n log(n),1,xi,0.06766917293233066,0.19524631848414684
flow_npe,posterior_samples.pkl,1000,6907,N=n log(n),1,xi,0.07268170426065157,0.1608482131599077
flow_npe,posterior_samples.pkl,1000,6907,N=n log(n),1,xi,0.07769423558897248,0.13206803395621342
flow_npe,posterior_samples.pkl,1000,6907,N=n log(n),1,xi,0.08270676691729317,0.10816368565472885
flow_npe,posterior_samples.pkl,1000,6907,N=n log(n),1,xi,0.08771929824561386,0.0884512037877856
flow_npe,posterior_samples.pkl,1000,6907,N=n log(n),1,xi,0.09273182957393478,0.07230920136631634
flow_npe,posterior_samples.pkl,1000,6907,N=n log(n),1,xi,0.09774436090225569,0.05918067999251914
flow_npe,posterior_samples.pkl,1000,6907,N=n log(n),1,xi,0.10275689223057638,0.048572654366885445
flow_npe,posterior_samples.pkl,1000,6907,N=n log(n),1,xi,0.10776942355889707,0.04005403934302894
flow_npe,posterior_samples.pkl,1000,6907,N=n log(n),1,xi,0.11278195488721798,0.03325222786229508
flow_npe,posterior_samples.pkl,1000,6907,N=n log(n),1,xi,0.1177944862155389,0.02784875163695425
flow_npe,posterior_samples.pkl,1000,6907,N=n log(n),1,xi,0.12280701754385959,0.023574369514654202
flow_npe,posterior_samples.pkl,1000,6907,N=n log(n),1,xi,0.12781954887218028,0.020203875755903194
flow_npe,posterior_samples.pkl,1000,6907,N=n log(n),1,xi,0.1328320802005012,0.01755086602737291
flow_npe,posterior_samples.pkl,1000,6907,N=n log(n),1,xi,0.1378446115288221,0.015462646003271198
flow_npe,posterior_samples.pkl,1000,6907,N=n log(n),1,xi,0.1428571428571428,0.013815418494310755
flow_npe,posterior_samples.pkl,1000,6907,N=n log(n),1,xi,0.14786967418546348,0.01250984161105217
flow_npe,posterior_samples.pkl,1000,6907,N=n log(n),1,xi,0.1528822055137844,0.011467013520588279
flow_npe,posterior_samples.pkl,1000,6907,N=n log(n),1,xi,0.1578947368421053,0.010624909172835262
flow_npe,posterior_samples.pkl,1000,6907,N=n log(n),1,xi,0.162907268170426,0.009935270779483682
flow_npe,posterior_samples.pkl,1000,6907,N=n log(n),1,xi,0.1679197994987467,0.009360936305160428
flow_npe,posterior_samples.pkl,1000,6907,N=n log(n),1,xi,0.1729323308270676,0.008873578036321696
flow_npe,posterior_samples.pkl,1000,6907,N=n log(n),1,xi,0.17794486215538852,0.00845181557625927
flow_npe,posterior_samples.pkl,1000,6907,N=n log(n),1,xi,0.1829573934837092,0.008079663497607435
flow_npe,posterior_samples.pkl,1000,6907,N=n log(n),1,xi,0.1879699248120299,0.007745272532322447
flow_npe,posterior_samples.pkl,1000,6907,N=n log(n),1,xi,0.1929824561403508,0.007439923846004933
flow_npe,posterior_samples.pkl,1000,6907,N=n log(n),1,xi,0.19799498746867172,0.007157237994469197
flow_npe,posterior_samples.pkl,1000,6907,N=n log(n),1,xi,0.20300751879699241,0.006892563084153922
flow_npe,posterior_samples.pkl,1000,6907,N=n log(n),1,xi,0.2080200501253131,0.006642510062583868
flow_npe,posterior_samples.pkl,1000,6907,N=n log(n),1,xi,0.21303258145363402,0.006404606666827106
flow_npe,posterior_samples.pkl,1000,6907,N=n log(n),1,xi,0.21804511278195493,0.006177045163666154
flow_npe,posterior_samples.pkl,1000,6907,N=n log(n),1,xi,0.22305764411027562,0.005958502503123033
flow_npe,posterior_samples.pkl,1000,6907,N=n log(n),1,xi,0.2280701754385963,0.005748014806909587
flow_npe,posterior_samples.pkl,1000,6907,N=n log(n),1,xi,0.23308270676691722,0.005544891189375132
flow_npe,posterior_samples.pkl,1000,6907,N=n log(n),1,xi,0.23809523809523814,0.0053486547444054275
flow_npe,posterior_samples.pkl,1000,6907,N=n log(n),1,xi,0.24310776942355883,0.00515900112018723
flow_npe,posterior_samples.pkl,1000,6907,N=n log(n),1,xi,0.24812030075187952,0.004975767439323844
flow_npe,posterior_samples.pkl,1000,6907,N=n log(n),1,xi,0.25313283208020043,0.004798906397148711
flow_npe,posterior_samples.pkl,1000,6907,N=n log(n),1,xi,0.25814536340852134,0.004628462176296513
flow_npe,posterior_samples.pkl,1000,6907,N=n log(n),1,xi,0.26315789473684204,0.004464546339410429
flow_npe,posterior_samples.pkl,1000,6907,N=n log(n),1,xi,0.2681704260651627,0.004307313094383394
flow_npe,posterior_samples.pkl,1000,6907,N=n log(n),1,xi,0.27318295739348364,0.004156934262370933
flow_npe,posterior_samples.pkl,1000,6907,N=n log(n),1,xi,0.27819548872180455,0.004013574920113699
flow_npe,posterior_samples.pkl,1000,6907,N=n log(n),1,xi,0.28320802005012524,0.003877371046895847
flow_npe,posterior_samples.pkl,1000,6907,N=n log(n),1,xi,0.28822055137844593,0.0037484106058632014
flow_npe,posterior_samples.pkl,1000,6907,N=n log(n),1,xi,0.29323308270676685,0.0036267193637017623
flow_npe,posterior_samples.pkl,1000,6907,N=n log(n),1,xi,0.29824561403508776,0.003512252445956346
flow_npe,posterior_samples.pkl,1000,6907,N=n log(n),1,xi,0.30325814536340845,0.0034048921891820685
flow_npe,posterior_samples.pkl,1000,6907,N=n log(n),1,xi,0.30827067669172914,0.0033044523415571743
flow_npe,posterior_samples.pkl,1000,6907,N=n log(n),1,xi,0.31328320802005005,0.0032106881369578866
flow_npe,posterior_samples.pkl,1000,6907,N=n log(n),1,xi,0.31829573934837097,0.003123311276869661
flow_npe,posterior_samples.pkl,1000,6907,N=n log(n),1,xi,0.32330827067669166,0.0030420084459701997
flow_npe,posterior_samples.pkl,1000,6907,N=n log(n),1,xi,0.32832080200501235,0.002966461696825194
flow_npe,posterior_samples.pkl,1000,6907,N=n log(n),1,xi,0.33333333333333326,0.0028963688907292337
flow_npe,posterior_samples.pkl,1000,6907,N=n log(n),1,xi,0.33834586466165417,0.002831462385739901
flow_npe,posterior_samples.pkl,1000,6907,N=n log(n),1,xi,0.34335839598997486,0.0027715243163580266
flow_npe,posterior_samples.pkl,1000,6907,N=n log(n),1,xi,0.34837092731829555,0.0027163970965874843
flow_npe,posterior_samples.pkl,1000,6907,N=n log(n),1,xi,0.35338345864661647,0.0026659881732004082
flow_npe,posterior_samples.pkl,1000,6907,N=n log(n),1,xi,0.3583959899749374,0.0026202685250179283
flow_npe,posterior_samples.pkl,1000,6907,N=n log(n),1,xi,0.36340852130325807,0.0025792649082782347
flow_npe,posterior_samples.pkl,1000,6907,N=n log(n),1,xi,0.36842105263157876,0.002543046347761862
flow_npe,posterior_samples.pkl,1000,6907,N=n log(n),1,xi,0.3734335839598997,0.0025117058302971174
flow_npe,posterior_samples.pkl,1000,6907,N=n log(n),1,xi,0.3784461152882206,0.00248533853845121
flow_npe,posterior_samples.pkl,1000,6907,N=n log(n),1,xi,0.3834586466165413,0.0024640182417121517
flow_npe,posterior_samples.pkl,1000,6907,N=n log(n),1,xi,0.38847117794486197,0.0024477736231551246
flow_npe,posterior_samples.pkl,1000,6907,N=n log(n),1,xi,0.3934837092731829,0.0024365663539100395
flow_npe,posterior_samples.pkl,1000,6907,N=n log(n),1,xi,0.3984962406015038,0.002430272637657204
flow_npe,posterior_samples.pkl,1000,6907,N=n log(n),1,xi,0.4035087719298245,0.0024286697435263755
flow_npe,posterior_samples.pkl,1000,6907,N=n log(n),1,xi,0.4085213032581452,0.002431428746066626
flow_npe,posterior_samples.pkl,1000,6907,N=n log(n),1,xi,0.4135338345864661,0.002438114318660559
flow_npe,posterior_samples.pkl,1000,6907,N=n log(n),1,xi,0.418546365914787,0.002448192008367002
flow_npe,posterior_samples.pkl,1000,6907,N=n log(n),1,xi,0.4235588972431077,0.0024610429832266846
flow_npe,posterior_samples.pkl,1000,6907,N=n log(n),1,xi,0.4285714285714284,0.002475985814092445
flow_npe,posterior_samples.pkl,1000,6907,N=n log(n),1,xi,0.4335839598997493,0.00249230445587566
flow_npe,posterior_samples.pkl,1000,6907,N=n log(n),1,xi,0.4385964912280702,0.002509281247534385
flow_npe,posterior_samples.pkl,1000,6907,N=n log(n),1,xi,0.4436090225563909,0.002526233471129407
flow_npe,posterior_samples.pkl,1000,6907,N=n log(n),1,xi,0.4486215538847116,0.0025425518076407977
flow_npe,posterior_samples.pkl,1000,6907,N=n log(n),1,xi,0.4536340852130325,0.002557738905733745
flow_npe,posterior_samples.pkl,1000,6907,N=n log(n),1,xi,0.4586466165413534,0.002571446239529055
flow_npe,posterior_samples.pkl,1000,6907,N=n log(n),1,xi,0.4636591478696741,0.0025835074691660446
flow_npe,posterior_samples.pkl,1000,6907,N=n log(n),1,xi,0.4686716791979948,0.002593966627228447
flow_npe,posterior_samples.pkl,1000,6907,N=n log(n),1,xi,0.4736842105263157,0.002603099626767241
flow_npe,posterior_samples.pkl,1000,6907,N=n log(n),1,xi,0.4786967418546366,0.0026114278135519007
flow_npe,posterior_samples.pkl,1000,6907,N=n log(n),1,xi,0.4837092731829573,0.002619722556889574
flow_npe,posterior_samples.pkl,1000,6907,N=n log(n),1,xi,0.488721804511278,0.0026290001806375217
flow_npe,posterior_samples.pkl,1000,6907,N=n log(n),1,xi,0.4937343358395989,0.002640506870061181
flow_npe,posterior_samples.pkl,1000,6907,N=n log(n),1,xi,0.4987468671679198,0.0026556935424770244
flow_npe,posterior_samples.pkl,1000,6907,N=n log(n),1,xi,0.5037593984962405,0.0026761810317930796
flow_npe,posterior_samples.pkl,1000,6907,N=n log(n),1,xi,0.5087719298245612,0.0027037163004818175
flow_npe,posterior_samples.pkl,1000,6907,N=n log(n),1,xi,0.5137844611528821,0.002740120747878126
flow_npe,posterior_samples.pkl,1000,6907,N=n log(n),1,xi,0.518796992481203,0.0027872320206652227
flow_npe,posterior_samples.pkl,1000,6907,N=n log(n),1,xi,0.5238095238095237,0.0028468410384914645
flow_npe,posterior_samples.pkl,1000,6907,N=n log(n),1,xi,0.5288220551378444,0.0029206262122543044
flow_npe,posterior_samples.pkl,1000,6907,N=n log(n),1,xi,0.5338345864661653,0.0030100870413927667
flow_npe,posterior_samples.pkl,1000,6907,N=n log(n),1,xi,0.5388471177944862,0.0031164794162434617
flow_npe,posterior_samples.pkl,1000,6907,N=n log(n),1,xi,0.5438596491228069,0.003240755009815749
flow_npe,posterior_samples.pkl,1000,6907,N=n log(n),1,xi,0.5488721804511276,0.003383507110070677
flow_npe,posterior_samples.pkl,1000,6907,N=n log(n),1,xi,0.5538847117794485,0.0035449251122075553
flow_npe,posterior_samples.pkl,1000,6907,N=n log(n),1,xi,0.5588972431077694,0.0037247596584371787
flow_npe,posterior_samples.pkl,1000,6907,N=n log(n),1,xi,0.5639097744360901,0.003922300083667956
flow_npe,posterior_samples.pkl,1000,6907,N=n log(n),1,xi,0.5689223057644108,0.004136365408978026
flow_npe,posterior_samples.pkl,1000,6907,N=n log(n),1,xi,0.5739348370927317,0.004365309636381285
flow_npe,posterior_samples.pkl,1000,6907,N=n log(n),1,xi,0.5789473684210527,0.004607041559539282
flow_npe,posterior_samples.pkl,1000,6907,N=n log(n),1,xi,0.5839598997493733,0.0048590587415603455
flow_npe,posterior_samples.pkl,1000,6907,N=n log(n),1,xi,0.588972431077694,0.0051184947515734176
flow_npe,posterior_samples.pkl,1000,6907,N=n log(n),1,xi,0.593984962406015,0.005382178225924187
flow_npe,posterior_samples.pkl,1000,6907,N=n log(n),1,xi,0.5989974937343359,0.005646701855782816
flow_npe,posterior_samples.pkl,1000,6907,N=n log(n),1,xi,0.6040100250626566,0.005908499025247888
flow_npe,posterior_samples.pkl,1000,6907,N=n log(n),1,xi,0.6090225563909772,0.00616392555170722
flow_npe,posterior_samples.pkl,1000,6907,N=n log(n),1,xi,0.6140350877192982,0.006409343825282223
flow_npe,posterior_samples.pkl,1000,6907,N=n log(n),1,xi,0.6190476190476191,0.00664120661080558
flow_npe,posterior_samples.pkl,1000,6907,N=n log(n),1,xi,0.6240601503759398,0.006856137860197122
flow_npe,posterior_samples.pkl,1000,6907,N=n log(n),1,xi,0.6290726817042605,0.007051008074284097
flow_npe,posterior_samples.pkl,1000,6907,N=n log(n),1,xi,0.6340852130325814,0.007223002034108811
flow_npe,posterior_samples.pkl,1000,6907,N=n log(n),1,xi,0.6390977443609023,0.007369677071552942
flow_npe,posterior_samples.pkl,1000,6907,N=n log(n),1,xi,0.644110275689223,0.007489010444716268
flow_npe,posterior_samples.pkl,1000,6907,N=n log(n),1,xi,0.6491228070175437,0.007579434802169184
flow_npe,posterior_samples.pkl,1000,6907,N=n log(n),1,xi,0.6541353383458646,0.007639861141352104
flow_npe,posterior_samples.pkl,1000,6907,N=n log(n),1,xi,0.6591478696741855,0.007669689073037364
flow_npe,posterior_samples.pkl,1000,6907,N=n log(n),1,xi,0.6641604010025062,0.007668804583396791
flow_npe,posterior_samples.pkl,1000,6907,N=n log(n),1,xi,0.6691729323308269,0.007637565829976224
flow_npe,posterior_samples.pkl,1000,6907,N=n log(n),1,xi,0.6741854636591478,0.007576777814081042
flow_npe,posterior_samples.pkl,1000,6907,N=n log(n),1,xi,0.6791979949874687,0.007487657039177488
flow_npe,posterior_samples.pkl,1000,6907,N=n log(n),1,xi,0.6842105263157894,0.007371787494138457
flow_npe,posterior_samples.pkl,1000,6907,N=n log(n),1,xi,0.6892230576441101,0.007231069493033197
flow_npe,posterior_samples.pkl,1000,6907,N=n log(n),1,xi,0.694235588972431,0.007067663060175269
flow_npe,posterior_samples.pkl,1000,6907,N=n log(n),1,xi,0.6992481203007519,0.006883927668830637
flow_npe,posterior_samples.pkl,1000,6907,N=n log(n),1,xi,0.7042606516290726,0.006682360220504131
flow_npe,posterior_samples.pkl,1000,6907,N=n log(n),1,xi,0.7092731829573933,0.006465533183079566
flow_npe,posterior_samples.pkl,1000,6907,N=n log(n),1,xi,0.7142857142857142,0.006236034782983828
flow_npe,posterior_samples.pkl,1000,6907,N=n log(n),1,xi,0.7192982456140351,0.005996413061687622
flow_npe,posterior_samples.pkl,1000,6907,N=n log(n),1,xi,0.7243107769423558,0.005749125454583863
flow_npe,posterior_samples.pkl,1000,6907,N=n log(n),1,xi,0.7293233082706765,0.005496495328225912
flow_npe,posterior_samples.pkl,1000,6907,N=n log(n),1,xi,0.7343358395989974,0.0052406766224114675
flow_npe,posterior_samples.pkl,1000,6907,N=n log(n),1,xi,0.7393483709273183,0.00498362739469196
flow_npe,posterior_samples.pkl,1000,6907,N=n log(n),1,xi,0.744360902255639,0.004727092670576587
flow_npe,posterior_samples.pkl,1000,6907,N=n log(n),1,xi,0.7493734335839597,0.004472596582495128
flow_npe,posterior_samples.pkl,1000,6907,N=n log(n),1,xi,0.7543859649122806,0.0042214433582723684
flow_npe,posterior_samples.pkl,1000,6907,N=n log(n),1,xi,0.7593984962406015,0.003974726321632545
flow_npe,posterior_samples.pkl,1000,6907,N=n log(n),1,xi,0.7644110275689222,0.00373334371933701
flow_npe,posterior_samples.pkl,1000,6907,N=n log(n),1,xi,0.7694235588972429,0.0034980199157450525
flow_npe,posterior_samples.pkl,1000,6907,N=n log(n),1,xi,0.7744360902255638,0.003269330314790603
flow_npe,posterior_samples.pkl,1000,6907,N=n log(n),1,xi,0.7794486215538847,0.00304772829362976
flow_npe,posterior_samples.pkl,1000,6907,N=n log(n),1,xi,0.7844611528822054,0.002833572465354417
flow_npe,posterior_samples.pkl,1000,6907,N=n log(n),1,xi,0.7894736842105261,0.0026271527252412184
flow_npe,posterior_samples.pkl,1000,6907,N=n log(n),1,xi,0.794486215538847,0.0024287137626581535
flow_npe,posterior_samples.pkl,1000,6907,N=n log(n),1,xi,0.7994987468671679,0.002238475018423409
flow_npe,posterior_samples.pkl,1000,6907,N=n log(n),1,xi,0.8045112781954886,0.002056646409264771
flow_npe,posterior_samples.pkl,1000,6907,N=n log(n),1,xi,0.8095238095238093,0.0018834394983820988
flow_npe,posterior_samples.pkl,1000,6907,N=n log(n),1,xi,0.8145363408521302,0.001719074135122443
flow_npe,posterior_samples.pkl,1000,6907,N=n log(n),1,xi,0.8195488721804511,0.001563780891059248
flow_npe,posterior_samples.pkl,1000,6907,N=n log(n),1,xi,0.8245614035087718,0.001417799862735586
flow_npe,posterior_samples.pkl,1000,6907,N=n log(n),1,xi,0.8295739348370925,0.0012813765779723528
flow_npe,posterior_samples.pkl,1000,6907,N=n log(n),1,xi,0.8345864661654134,0.0011547558256035776
flow_npe,posterior_samples.pkl,1000,6907,N=n log(n),1,xi,0.8395989974937343,0.0010381742284063411
flow_npe,posterior_samples.pkl,1000,6907,N=n log(n),1,xi,0.844611528822055,0.0009318523039939732
flow_npe,posterior_samples.pkl,1000,6907,N=n log(n),1,xi,0.8496240601503757,0.0008359866230846435
flow_npe,posterior_samples.pkl,1000,6907,N=n log(n),1,xi,0.8546365914786966,0.0007507424981196668
flow_npe,posterior_samples.pkl,1000,6907,N=n log(n),1,xi,0.8596491228070176,0.0006762474396775618
flow_npe,posterior_samples.pkl,1000,6907,N=n log(n),1,xi,0.8646616541353382,0.0006125854260601253
flow_npe,posterior_samples.pkl,1000,6907,N=n log(n),1,xi,0.8696741854636589,0.0005597918638236216
flow_npe,posterior_samples.pkl,1000,6907,N=n log(n),1,xi,0.8746867167919798,0.000517848991501193
flow_npe,posterior_samples.pkl,1000,6907,N=n log(n),1,xi,0.8796992481203008,0.00048668140804727846
flow_npe,posterior_samples.pkl,1000,6907,N=n log(n),1,xi,0.8847117794486214,0.00046615139850040557
flow_npe,posterior_samples.pkl,1000,6907,N=n log(n),1,xi,0.8897243107769421,0.00045605378255275403
flow_npe,posterior_samples.pkl,1000,6907,N=n log(n),1,xi,0.894736842105263,0.00045611012144204557
flow_npe,posterior_samples.pkl,1000,6907,N=n log(n),1,xi,0.899749373433584,0.0004659622735114005
flow_npe,posterior_samples.pkl,1000,6907,N=n log(n),1,xi,0.9047619047619047,0.0004851654729848586
flow_npe,posterior_samples.pkl,1000,6907,N=n log(n),1,xi,0.9097744360902253,0.0005131813008463679
flow_npe,posterior_samples.pkl,1000,6907,N=n log(n),1,xi,0.9147869674185463,0.0005493711004929878
flow_npe,posterior_samples.pkl,1000,6907,N=n log(n),1,xi,0.9197994987468672,0.0005929905435691295
flow_npe,posterior_samples.pkl,1000,6907,N=n log(n),1,xi,0.9248120300751879,0.0006431861545590718
flow_npe,posterior_samples.pkl,1000,6907,N=n log(n),1,xi,0.9298245614035086,0.0006989946414099827
flow_npe,posterior_samples.pkl,1000,6907,N=n log(n),1,xi,0.9348370927318295,0.0007593458437653471
flow_npe,posterior_samples.pkl,1000,6907,N=n log(n),1,xi,0.9398496240601504,0.0008230699964252782
flow_npe,posterior_samples.pkl,1000,6907,N=n log(n),1,xi,0.9448621553884711,0.0008889098161398149
flow_npe,posterior_samples.pkl,1000,6907,N=n log(n),1,xi,0.9498746867167918,0.0009555376641812585
flow_npe,posterior_samples.pkl,1000,6907,N=n log(n),1,xi,0.9548872180451127,0.001021577730922389
flow_npe,posterior_samples.pkl,1000,6907,N=n log(n),1,xi,0.9598997493734336,0.0010856328526365787
flow_npe,posterior_samples.pkl,1000,6907,N=n log(n),1,xi,0.9649122807017543,0.0011463152293814834
flow_npe,posterior_samples.pkl,1000,6907,N=n log(n),1,xi,0.969924812030075,0.0012022799923827655
flow_npe,posterior_samples.pkl,1000,6907,N=n log(n),1,xi,0.9749373433583959,0.0012522602957393233
flow_npe,posterior_samples.pkl,1000,6907,N=n log(n),1,xi,0.9799498746867168,0.0012951024039746654
flow_npe,posterior_samples.pkl,1000,6907,N=n log(n),1,xi,0.9849624060150375,0.0013297991328608768
flow_npe,posterior_samples.pkl,1000,6907,N=n log(n),1,xi,0.9899749373433582,0.001355519988654227
flow_npe,posterior_samples.pkl,1000,6907,N=n log(n),1,xi,0.9949874686716791,0.001371636445480881
flow_npe,posterior_samples.pkl,1000,6907,N=n log(n),1,xi,1.0,0.0013777409990069812
flow_npe,posterior_samples.pkl,1000,31622,N=n^(3/2),1,lambda,90.0,2.5015206960573164e-176
flow_npe,posterior_samples.pkl,1000,31622,N=n^(3/2),1,lambda,90.0501253132832,2.6950682403592577e-173
flow_npe,posterior_samples.pkl,1000,31622,N=n^(3/2),1,lambda,90.10025062656642,2.7286691704244165e-170
flow_npe,posterior_samples.pkl,1000,31622,N=n^(3/2),1,lambda,90.15037593984962,2.5962556459997383e-167
flow_npe,posterior_samples.pkl,1000,31622,N=n^(3/2),1,lambda,90.20050125313283,2.3214507577332088e-164
flow_npe,posterior_samples.pkl,1000,31622,N=n^(3/2),1,lambda,90.25062656641605,1.9506841260008874e-161
flow_npe,posterior_samples.pkl,1000,31622,N=n^(3/2),1,lambda,90.30075187969925,1.5403871100530216e-158
flow_npe,posterior_samples.pkl,1000,31622,N=n^(3/2),1,lambda,90.35087719298245,1.1431106047331527e-155
flow_npe,posterior_samples.pkl,1000,31622,N=n^(3/2),1,lambda,90.40100250626567,7.971904432763721e-153
flow_npe,posterior_samples.pkl,1000,31622,N=n^(3/2),1,lambda,90.45112781954887,5.224579785178908e-150
flow_npe,posterior_samples.pkl,1000,31622,N=n^(3/2),1,lambda,90.50125313283208,3.217778160451657e-147
flow_npe,posterior_samples.pkl,1000,31622,N=n^(3/2),1,lambda,90.5513784461153,1.8624142492782724e-144
flow_npe,posterior_samples.pkl,1000,31622,N=n^(3/2),1,lambda,90.6015037593985,1.0130057810085719e-141
flow_npe,posterior_samples.pkl,1000,31622,N=n^(3/2),1,lambda,90.6516290726817,5.1780115382397466e-139
flow_npe,posterior_samples.pkl,1000,31622,N=n^(3/2),1,lambda,90.70175438596492,2.487307938209635e-136
flow_npe,posterior_samples.pkl,1000,31622,N=n^(3/2),1,lambda,90.75187969924812,1.122823645869335e-133
flow_npe,posterior_samples.pkl,1000,31622,N=n^(3/2),1,lambda,90.80200501253132,4.763311638896766e-131
flow_npe,posterior_samples.pkl,1000,31622,N=n^(3/2),1,lambda,90.85213032581454,1.8989865737841787e-128
flow_npe,posterior_samples.pkl,1000,31622,N=n^(3/2),1,lambda,90.90225563909775,7.114596007743803e-126
flow_npe,posterior_samples.pkl,1000,31622,N=n^(3/2),1,lambda,90.95238095238095,2.5049210737620015e-123
flow_npe,posterior_samples.pkl,1000,31622,N=n^(3/2),1,lambda,91.00250626566417,8.288067904669228e-121
flow_npe,posterior_samples.pkl,1000,31622,N=n^(3/2),1,lambda,91.05263157894737,2.57708063061708e-118
flow_npe,posterior_samples.pkl,1000,31622,N=n^(3/2),1,lambda,91.10275689223057,7.530402068433867e-116
flow_npe,posterior_samples.pkl,1000,31622,N=n^(3/2),1,lambda,91.15288220551379,2.067872583164553e-113
flow_npe,posterior_samples.pkl,1000,31622,N=n^(3/2),1,lambda,91.203007518797,5.336356525550226e-111
flow_npe,posterior_samples.pkl,1000,31622,N=n^(3/2),1,lambda,91.2531328320802,1.2941402705172839e-108
flow_npe,posterior_samples.pkl,1000,31622,N=n^(3/2),1,lambda,91.30325814536342,2.94939756833328e-106
flow_npe,posterior_samples.pkl,1000,31622,N=n^(3/2),1,lambda,91.35338345864662,6.316852499665574e-104
flow_npe,posterior_samples.pkl,1000,31622,N=n^(3/2),1,lambda,91.40350877192982,1.2714040964338235e-101
flow_npe,posterior_samples.pkl,1000,31622,N=n^(3/2),1,lambda,91.45363408521304,2.4048164203884297e-99
flow_npe,posterior_samples.pkl,1000,31622,N=n^(3/2),1,lambda,91.50375939849624,4.274602180629526e-97
flow_npe,posterior_samples.pkl,1000,31622,N=n^(3/2),1,lambda,91.55388471177945,7.140439261627629e-95
flow_npe,posterior_samples.pkl,1000,31622,N=n^(3/2),1,lambda,91.60401002506265,1.1209070678828392e-92
flow_npe,posterior_samples.pkl,1000,31622,N=n^(3/2),1,lambda,91.65413533834587,1.6535972370312718e-90
flow_npe,posterior_samples.pkl,1000,31622,N=n^(3/2),1,lambda,91.70426065162907,2.292478758613628e-88
flow_npe,posterior_samples.pkl,1000,31622,N=n^(3/2),1,lambda,91.75438596491227,2.9867326854453856e-86
flow_npe,posterior_samples.pkl,1000,31622,N=n^(3/2),1,lambda,91.80451127819549,3.656813748426871e-84
flow_npe,posterior_samples.pkl,1000,31622,N=n^(3/2),1,lambda,91.8546365914787,4.207506344238057e-82
flow_npe,posterior_samples.pkl,1000,31622,N=n^(3/2),1,lambda,91.9047619047619,4.549484292337007e-80
flow_npe,posterior_samples.pkl,1000,31622,N=n^(3/2),1,lambda,91.95488721804512,4.622905463081228e-78
flow_npe,posterior_samples.pkl,1000,31622,N=n^(3/2),1,lambda,92.00501253132832,4.414518150647454e-76
flow_npe,posterior_samples.pkl,1000,31622,N=n^(3/2),1,lambda,92.05513784461152,3.961567437199262e-74
flow_npe,posterior_samples.pkl,1000,31622,N=n^(3/2),1,lambda,92.10526315789474,3.3409213491032315e-72
flow_npe,posterior_samples.pkl,1000,31622,N=n^(3/2),1,lambda,92.15538847117794,2.647773932708631e-70
flow_npe,posterior_samples.pkl,1000,31622,N=n^(3/2),1,lambda,92.20551378446115,1.9720185903024708e-68
flow_npe,posterior_samples.pkl,1000,31622,N=n^(3/2),1,lambda,92.25563909774436,1.380246197189869e-66
flow_npe,posterior_samples.pkl,1000,31622,N=n^(3/2),1,lambda,92.30576441102757,9.078572493019754e-65
flow_npe,posterior_samples.pkl,1000,31622,N=n^(3/2),1,lambda,92.35588972431077,5.611694555418945e-63
flow_npe,posterior_samples.pkl,1000,31622,N=n^(3/2),1,lambda,92.40601503759399,3.259762316487028e-61
flow_npe,posterior_samples.pkl,1000,31622,N=n^(3/2),1,lambda,92.45614035087719,1.7794807632103784e-59
flow_npe,posterior_samples.pkl,1000,31622,N=n^(3/2),1,lambda,92.5062656641604,9.128850862455035e-58
flow_npe,posterior_samples.pkl,1000,31622,N=n^(3/2),1,lambda,92.55639097744361,4.401030503873326e-56
flow_npe,posterior_samples.pkl,1000,31622,N=n^(3/2),1,lambda,92.60651629072682,1.9939216884092848e-54
flow_npe,posterior_samples.pkl,1000,31622,N=n^(3/2),1,lambda,92.65664160401002,8.489405297305504e-53
flow_npe,posterior_samples.pkl,1000,31622,N=n^(3/2),1,lambda,92.70676691729324,3.396736755001789e-51
flow_npe,posterior_samples.pkl,1000,31622,N=n^(3/2),1,lambda,92.75689223057644,1.2772089856047776e-49
flow_npe,posterior_samples.pkl,1000,31622,N=n^(3/2),1,lambda,92.80701754385964,4.513126347139683e-48
flow_npe,posterior_samples.pkl,1000,31622,N=n^(3/2),1,lambda,92.85714285714286,1.498678478242984e-46
flow_npe,posterior_samples.pkl,1000,31622,N=n^(3/2),1,lambda,92.90726817042606,4.676865726023476e-45
flow_npe,posterior_samples.pkl,1000,31622,N=n^(3/2),1,lambda,92.95739348370927,1.3715662316249657e-43
flow_npe,posterior_samples.pkl,1000,31622,N=n^(3/2),1,lambda,93.00751879699249,3.780020184263534e-42
flow_npe,posterior_samples.pkl,1000,31622,N=n^(3/2),1,lambda,93.05764411027569,9.790094989464566e-41
flow_npe,posterior_samples.pkl,1000,31622,N=n^(3/2),1,lambda,93.10776942355889,2.3828414404210433e-39
flow_npe,posterior_samples.pkl,1000,31622,N=n^(3/2),1,lambda,93.15789473684211,5.450280264695815e-38
flow_npe,posterior_samples.pkl,1000,31622,N=n^(3/2),1,lambda,93.20802005012531,1.1715423108229427e-36
flow_npe,posterior_samples.pkl,1000,31622,N=n^(3/2),1,lambda,93.25814536340852,2.3665330433000993e-35
flow_npe,posterior_samples.pkl,1000,31622,N=n^(3/2),1,lambda,93.30827067669173,4.492443456409311e-34
flow_npe,posterior_samples.pkl,1000,31622,N=n^(3/2),1,lambda,93.35839598997494,8.014346560096062e-33
flow_npe,posterior_samples.pkl,1000,31622,N=n^(3/2),1,lambda,93.40852130325814,1.3435971356739247e-31
flow_npe,posterior_samples.pkl,1000,31622,N=n^(3/2),1,lambda,93.45864661654136,2.1168275162895423e-30
flow_npe,posterior_samples.pkl,1000,31622,N=n^(3/2),1,lambda,93.50877192982456,3.1341323133904157e-29
flow_npe,posterior_samples.pkl,1000,31622,N=n^(3/2),1,lambda,93.55889724310777,4.3607845866825866e-28
flow_npe,posterior_samples.pkl,1000,31622,N=n^(3/2),1,lambda,93.60902255639098,5.7020023625194174e-27
flow_npe,posterior_samples.pkl,1000,31622,N=n^(3/2),1,lambda,93.65914786967419,7.00657223625417e-26
flow_npe,posterior_samples.pkl,1000,31622,N=n^(3/2),1,lambda,93.70927318295739,8.090945332148176e-25
flow_npe,posterior_samples.pkl,1000,31622,N=n^(3/2),1,lambda,93.7593984962406,8.780280326265854e-24
flow_npe,posterior_samples.pkl,1000,31622,N=n^(3/2),1,lambda,93.80952380952381,8.954326970119086e-23
flow_npe,posterior_samples.pkl,1000,31622,N=n^(3/2),1,lambda,93.85964912280701,8.581692874183408e-22
flow_npe,posterior_samples.pkl,1000,31622,N=n^(3/2),1,lambda,93.90977443609023,7.729091323158673e-21
flow_npe,posterior_samples.pkl,1000,31622,N=n^(3/2),1,lambda,93.95989974937343,6.541831621817384e-20
flow_npe,posterior_samples.pkl,1000,31622,N=n^(3/2),1,lambda,94.01002506265664,5.203382317827934e-19
flow_npe,posterior_samples.pkl,1000,31622,N=n^(3/2),1,lambda,94.06015037593986,3.889444366539543e-18
flow_npe,posterior_samples.pkl,1000,31622,N=n^(3/2),1,lambda,94.11027568922306,2.732151910551812e-17
flow_npe,posterior_samples.pkl,1000,31622,N=n^(3/2),1,lambda,94.16040100250626,1.803588983781244e-16
flow_npe,posterior_samples.pkl,1000,31622,N=n^(3/2),1,lambda,94.21052631578948,1.1188857869275734e-15
flow_npe,posterior_samples.pkl,1000,31622,N=n^(3/2),1,lambda,94.26065162907268,6.523030245069755e-15
flow_npe,posterior_samples.pkl,1000,31622,N=n^(3/2),1,lambda,94.31077694235589,3.5737854744909194e-14
flow_npe,posterior_samples.pkl,1000,31622,N=n^(3/2),1,lambda,94.3609022556391,1.8400220120229847e-13
flow_npe,posterior_samples.pkl,1000,31622,N=n^(3/2),1,lambda,94.41102756892231,8.902931043592716e-13
flow_npe,posterior_samples.pkl,1000,31622,N=n^(3/2),1,lambda,94.46115288220551,4.04816730327409e-12
flow_npe,posterior_samples.pkl,1000,31622,N=n^(3/2),1,lambda,94.51127819548873,1.729813762169711e-11
flow_npe,posterior_samples.pkl,1000,31622,N=n^(3/2),1,lambda,94.56140350877193,6.946334536637582e-11
flow_npe,posterior_samples.pkl,1000,31622,N=n^(3/2),1,lambda,94.61152882205513,2.621364987189644e-10
flow_npe,posterior_samples.pkl,1000,31622,N=n^(3/2),1,lambda,94.66165413533835,9.296398792727626e-10
flow_npe,posterior_samples.pkl,1000,31622,N=n^(3/2),1,lambda,94.71177944862156,3.0982570661425875e-09
flow_npe,posterior_samples.pkl,1000,31622,N=n^(3/2),1,lambda,94.76190476190476,9.70366073602296e-09
flow_npe,posterior_samples.pkl,1000,31622,N=n^(3/2),1,lambda,94.81203007518798,2.856072393400787e-08
flow_npe,posterior_samples.pkl,1000,31622,N=n^(3/2),1,lambda,94.86215538847118,7.899839550888096e-08
flow_npe,posterior_samples.pkl,1000,31622,N=n^(3/2),1,lambda,94.91228070175438,2.0534436140852256e-07
flow_npe,posterior_samples.pkl,1000,31622,N=n^(3/2),1,lambda,94.9624060150376,5.016060260911182e-07
flow_npe,posterior_samples.pkl,1000,31622,N=n^(3/2),1,lambda,95.0125313283208,1.1514846704068638e-06
flow_npe,posterior_samples.pkl,1000,31622,N=n^(3/2),1,lambda,95.06265664160401,2.4840997319710166e-06
flow_npe,posterior_samples.pkl,1000,31622,N=n^(3/2),1,lambda,95.11278195488723,5.036111621340585e-06
flow_npe,posterior_samples.pkl,1000,31622,N=n^(3/2),1,lambda,95.16290726817043,9.594826340069987e-06
flow_npe,posterior_samples.pkl,1000,31622,N=n^(3/2),1,lambda,95.21303258145363,1.717886006715962e-05
flow_npe,posterior_samples.pkl,1000,31622,N=n^(3/2),1,lambda,95.26315789473684,2.890460357964749e-05
flow_npe,posterior_samples.pkl,1000,31622,N=n^(3/2),1,lambda,95.31328320802005,4.570409827752125e-05
flow_npe,posterior_samples.pkl,1000,31622,N=n^(3/2),1,lambda,95.36340852130326,6.79139083700608e-05
flow_npe,posterior_samples.pkl,1000,31622,N=n^(3/2),1,lambda,95.41353383458646,9.483698873510137e-05
flow_npe,posterior_samples.pkl,1000,31622,N=n^(3/2),1,lambda,95.46365914786968,0.00012445496851538378
flow_npe,posterior_samples.pkl,1000,31622,N=n^(3/2),1,lambda,95.51378446115288,0.00015348366985972164
flow_npe,posterior_samples.pkl,1000,31622,N=n^(3/2),1,lambda,95.56390977443608,0.00017788018095232354
flow_npe,posterior_samples.pkl,1000,31622,N=n^(3/2),1,lambda,95.6140350877193,0.0001937351410476887
flow_npe,posterior_samples.pkl,1000,31622,N=n^(3/2),1,lambda,95.6641604010025,0.00019829177488439375
flow_npe,posterior_samples.pkl,1000,31622,N=n^(3/2),1,lambda,95.71428571428571,0.00019072888395491605
flow_npe,posterior_samples.pkl,1000,31622,N=n^(3/2),1,lambda,95.76441102756893,0.00017240258380065538
flow_npe,posterior_samples.pkl,1000,31622,N=n^(3/2),1,lambda,95.81453634085213,0.00014644916488779465
flow_npe,posterior_samples.pkl,1000,31622,N=n^(3/2),1,lambda,95.86466165413533,0.00011690878901799982
flow_npe,posterior_samples.pkl,1000,31622,N=n^(3/2),1,lambda,95.91478696741855,8.770622658498106e-05
flow_npe,posterior_samples.pkl,1000,31622,N=n^(3/2),1,lambda,95.96491228070175,6.183908394262866e-05
flow_npe,posterior_samples.pkl,1000,31622,N=n^(3/2),1,lambda,96.01503759398496,4.098862297886296e-05
flow_npe,posterior_samples.pkl,1000,31622,N=n^(3/2),1,lambda,96.06516290726817,2.5571816148424325e-05
flow_npe,posterior_samples.pkl,1000,31622,N=n^(3/2),1,lambda,96.11528822055138,1.5098008816463654e-05
flow_npe,posterior_samples.pkl,1000,31622,N=n^(3/2),1,lambda,96.16541353383458,8.636999145749724e-06
flow_npe,posterior_samples.pkl,1000,31622,N=n^(3/2),1,lambda,96.2155388471178,5.2409622732747836e-06
flow_npe,posterior_samples.pkl,1000,31622,N=n^(3/2),1,lambda,96.265664160401,4.2415616231590105e-06
flow_npe,posterior_samples.pkl,1000,31622,N=n^(3/2),1,lambda,96.3157894736842,5.412586548677043e-06
flow_npe,posterior_samples.pkl,1000,31622,N=n^(3/2),1,lambda,96.36591478696742,9.017911264310179e-06
flow_npe,posterior_samples.pkl,1000,31622,N=n^(3/2),1,lambda,96.41604010025063,1.5755806229782138e-05
flow_npe,posterior_samples.pkl,1000,31622,N=n^(3/2),1,lambda,96.46616541353383,2.6587512023778294e-05
flow_npe,posterior_samples.pkl,1000,31622,N=n^(3/2),1,lambda,96.51629072681705,4.2431910702932026e-05
flow_npe,posterior_samples.pkl,1000,31622,N=n^(3/2),1,lambda,96.56641604010025,6.374177157488493e-05
flow_npe,posterior_samples.pkl,1000,31622,N=n^(3/2),1,lambda,96.61654135338345,9.004947596265371e-05
flow_npe,posterior_samples.pkl,1000,31622,N=n^(3/2),1,lambda,96.66666666666667,0.00011964901006529539
flow_npe,posterior_samples.pkl,1000,31622,N=n^(3/2),1,lambda,96.71679197994987,0.00014961116104574167
flow_npe,posterior_samples.pkl,1000,31622,N=n^(3/2),1,lambda,96.76691729323308,0.00017626131863837376
flow_npe,posterior_samples.pkl,1000,31622,N=n^(3/2),1,lambda,96.8170426065163,0.00019607968153213356
flow_npe,posterior_samples.pkl,1000,31622,N=n^(3/2),1,lambda,96.8671679197995,0.00020677314595866464
flow_npe,posterior_samples.pkl,1000,31622,N=n^(3/2),1,lambda,96.9172932330827,0.00020812355999781765
flow_npe,posterior_samples.pkl,1000,31622,N=n^(3/2),1,lambda,96.96741854636592,0.00020223294142322266
flow_npe,posterior_samples.pkl,1000,31622,N=n^(3/2),1,lambda,97.01754385964912,0.00019298353710222655
flow_npe,posterior_samples.pkl,1000,31622,N=n^(3/2),1,lambda,97.06766917293233,0.00018483481420422733
flow_npe,posterior_samples.pkl,1000,31622,N=n^(3/2),1,lambda,97.11779448621554,0.00018135647756983348
flow_npe,posterior_samples.pkl,1000,31622,N=n^(3/2),1,lambda,97.16791979949875,0.0001840219323218233
flow_npe,posterior_samples.pkl,1000,31622,N=n^(3/2),1,lambda,97.21804511278195,0.00019170476600575002
flow_npe,posterior_samples.pkl,1000,31622,N=n^(3/2),1,lambda,97.26817042606517,0.0002010648398613046
flow_npe,posterior_samples.pkl,1000,31622,N=n^(3/2),1,lambda,97.31829573934837,0.00020768213629267964
flow_npe,posterior_samples.pkl,1000,31622,N=n^(3/2),1,lambda,97.36842105263158,0.00020752449002227555
flow_npe,posterior_samples.pkl,1000,31622,N=n^(3/2),1,lambda,97.41854636591479,0.00019822840840015565
flow_npe,posterior_samples.pkl,1000,31622,N=n^(3/2),1,lambda,97.468671679198,0.00017977572939042286
flow_npe,posterior_samples.pkl,1000,31622,N=n^(3/2),1,lambda,97.5187969924812,0.00015442049701605
flow_npe,posterior_samples.pkl,1000,31622,N=n^(3/2),1,lambda,97.56892230576442,0.00012604228468141726
flow_npe,posterior_samples.pkl,1000,31622,N=n^(3/2),1,lambda,97.61904761904762,9.933354439748174e-05
flow_npe,posterior_samples.pkl,1000,31622,N=n^(3/2),1,lambda,97.66917293233082,7.92736514685814e-05
flow_npe,posterior_samples.pkl,1000,31622,N=n^(3/2),1,lambda,97.71929824561403,7.119195317774252e-05
flow_npe,posterior_samples.pkl,1000,31622,N=n^(3/2),1,lambda,97.76942355889724,8.144519549963643e-05
flow_npe,posterior_samples.pkl,1000,31622,N=n^(3/2),1,lambda,97.81954887218045,0.00011843475096209172
flow_npe,posterior_samples.pkl,1000,31622,N=n^(3/2),1,lambda,97.86967418546365,0.00019346475920458637
flow_npe,posterior_samples.pkl,1000,31622,N=n^(3/2),1,lambda,97.91979949874687,0.00032087495109075576
flow_npe,posterior_samples.pkl,1000,31622,N=n^(3/2),1,lambda,97.96992481203007,0.0005170350174487062
flow_npe,posterior_samples.pkl,1000,31622,N=n^(3/2),1,lambda,98.02005012531328,0.0007981829333894627
flow_npe,posterior_samples.pkl,1000,31622,N=n^(3/2),1,lambda,98.0701754385965,0.0011776541186780648
flow_npe,posterior_samples.pkl,1000,31622,N=n^(3/2),1,lambda,98.1203007518797,0.0016635757657408965
flow_npe,posterior_samples.pkl,1000,31622,N=n^(3/2),1,lambda,98.1704260651629,0.002258306401237002
flow_npe,posterior_samples.pkl,1000,31622,N=n^(3/2),1,lambda,98.22055137844612,0.002960585626833383
flow_npe,posterior_samples.pkl,1000,31622,N=n^(3/2),1,lambda,98.27067669172932,0.003770593693424305
flow_npe,posterior_samples.pkl,1000,31622,N=n^(3/2),1,lambda,98.32080200501252,0.0046972867903854725
flow_npe,posterior_samples.pkl,1000,31622,N=n^(3/2),1,lambda,98.37092731829574,0.005766964378819398
flow_npe,posterior_samples.pkl,1000,31622,N=n^(3/2),1,lambda,98.42105263157895,0.007032295345690639
flow_npe,posterior_samples.pkl,1000,31622,N=n^(3/2),1,lambda,98.47117794486215,0.008581761816847683
flow_npe,posterior_samples.pkl,1000,31622,N=n^(3/2),1,lambda,98.52130325814537,0.010550076430378615
flow_npe,posterior_samples.pkl,1000,31622,N=n^(3/2),1,lambda,98.57142857142857,0.013130015920459218
flow_npe,posterior_samples.pkl,1000,31622,N=n^(3/2),1,lambda,98.62155388471177,0.016585152528537674
flow_npe,posterior_samples.pkl,1000,31622,N=n^(3/2),1,lambda,98.67167919799499,0.021261566722317465
flow_npe,posterior_samples.pkl,1000,31622,N=n^(3/2),1,lambda,98.7218045112782,0.027595495362514946
flow_npe,posterior_samples.pkl,1000,31622,N=n^(3/2),1,lambda,98.7719298245614,0.036113593418260745
flow_npe,posterior_samples.pkl,1000,31622,N=n^(3/2),1,lambda,98.82205513784461,0.04742322640058194
flow_npe,posterior_samples.pkl,1000,31622,N=n^(3/2),1,lambda,98.87218045112782,0.06219162068389663
flow_npe,posterior_samples.pkl,1000,31622,N=n^(3/2),1,lambda,98.92230576441102,0.0811140318626076
flow_npe,posterior_samples.pkl,1000,31622,N=n^(3/2),1,lambda,98.97243107769424,0.1048714977925276
flow_npe,posterior_samples.pkl,1000,31622,N=n^(3/2),1,lambda,99.02255639097744,0.13407785082185072
flow_npe,posterior_samples.pkl,1000,31622,N=n^(3/2),1,lambda,99.07268170426065,0.1692142747605153
flow_npe,posterior_samples.pkl,1000,31622,N=n^(3/2),1,lambda,99.12280701754386,0.2105499672674448
flow_npe,posterior_samples.pkl,1000,31622,N=n^(3/2),1,lambda,99.17293233082707,0.2580518678827831
flow_npe,posterior_samples.pkl,1000,31622,N=n^(3/2),1,lambda,99.22305764411027,0.31129548339431834
flow_npe,posterior_samples.pkl,1000,31622,N=n^(3/2),1,lambda,99.27318295739349,0.3693993360869153
flow_npe,posterior_samples.pkl,1000,31622,N=n^(3/2),1,lambda,99.32330827067669,0.43101093909210575
flow_npe,posterior_samples.pkl,1000,31622,N=n^(3/2),1,lambda,99.3734335839599,0.4943662530869484
flow_npe,posterior_samples.pkl,1000,31622,N=n^(3/2),1,lambda,99.42355889724311,0.5574261584307777
flow_npe,posterior_samples.pkl,1000,31622,N=n^(3/2),1,lambda,99.47368421052632,0.6180687665321128
flow_npe,posterior_samples.pkl,1000,31622,N=n^(3/2),1,lambda,99.52380952380952,0.6742963196291534
flow_npe,posterior_samples.pkl,1000,31622,N=n^(3/2),1,lambda,99.57393483709274,0.724409553688726
flow_npe,posterior_samples.pkl,1000,31622,N=n^(3/2),1,lambda,99.62406015037594,0.7671134597798313
flow_npe,posterior_samples.pkl,1000,31622,N=n^(3/2),1,lambda,99.67418546365914,0.8015411370735546
flow_npe,posterior_samples.pkl,1000,31622,N=n^(3/2),1,lambda,99.72431077694236,0.8272071564812083
flow_npe,posterior_samples.pkl,1000,31622,N=n^(3/2),1,lambda,99.77443609022556,0.8439195245715887
flow_npe,posterior_samples.pkl,1000,31622,N=n^(3/2),1,lambda,99.82456140350877,0.851685196203186
flow_npe,posterior_samples.pkl,1000,31622,N=n^(3/2),1,lambda,99.87468671679198,0.8506382942571451
flow_npe,posterior_samples.pkl,1000,31622,N=n^(3/2),1,lambda,99.92481203007519,0.84100652576154
flow_npe,posterior_samples.pkl,1000,31622,N=n^(3/2),1,lambda,99.97493734335839,0.8231152893737704
flow_npe,posterior_samples.pkl,1000,31622,N=n^(3/2),1,lambda,100.02506265664161,0.7974162430067965
flow_npe,posterior_samples.pkl,1000,31622,N=n^(3/2),1,lambda,100.07518796992481,0.764521524115793
flow_npe,posterior_samples.pkl,1000,31622,N=n^(3/2),1,lambda,100.12531328320802,0.7252270681073828
flow_npe,posterior_samples.pkl,1000,31622,N=n^(3/2),1,lambda,100.17543859649123,0.6805157334497327
flow_npe,posterior_samples.pkl,1000,31622,N=n^(3/2),1,lambda,100.22556390977444,0.631538505937603
flow_npe,posterior_samples.pkl,1000,31622,N=n^(3/2),1,lambda,100.27568922305764,0.5795762195959018
flow_npe,posterior_samples.pkl,1000,31622,N=n^(3/2),1,lambda,100.32581453634086,0.5259846024659652
flow_npe,posterior_samples.pkl,1000,31622,N=n^(3/2),1,lambda,100.37593984962406,0.47212483242880515
flow_npe,posterior_samples.pkl,1000,31622,N=n^(3/2),1,lambda,100.42606516290726,0.41928355859168326
flow_npe,posterior_samples.pkl,1000,31622,N=n^(3/2),1,lambda,100.47619047619048,0.3685913138338361
flow_npe,posterior_samples.pkl,1000,31622,N=n^(3/2),1,lambda,100.52631578947368,0.3209535010703739
flow_npe,posterior_samples.pkl,1000,31622,N=n^(3/2),1,lambda,100.57644110275689,0.2770090606065213
flow_npe,posterior_samples.pkl,1000,31622,N=n^(3/2),1,lambda,100.6265664160401,0.23712592641428007
flow_npe,posterior_samples.pkl,1000,31622,N=n^(3/2),1,lambda,100.67669172932331,0.20143136632348546
flow_npe,posterior_samples.pkl,1000,31622,N=n^(3/2),1,lambda,100.72681704260651,0.16986479993071862
flow_npe,posterior_samples.pkl,1000,31622,N=n^(3/2),1,lambda,100.77694235588973,0.14223615147008362
flow_npe,posterior_samples.pkl,1000,31622,N=n^(3/2),1,lambda,100.82706766917293,0.11827594790381886
flow_npe,posterior_samples.pkl,1000,31622,N=n^(3/2),1,lambda,100.87719298245614,0.09767133007254905
flow_npe,posterior_samples.pkl,1000,31622,N=n^(3/2),1,lambda,100.92731829573935,0.08008976103074869
flow_npe,posterior_samples.pkl,1000,31622,N=n^(3/2),1,lambda,100.97744360902256,0.06519564811492871
flow_npe,posterior_samples.pkl,1000,31622,N=n^(3/2),1,lambda,101.02756892230576,0.05266392347269331
flow_npe,posterior_samples.pkl,1000,31622,N=n^(3/2),1,lambda,101.07769423558898,0.04219132206260797
flow_npe,posterior_samples.pkl,1000,31622,N=n^(3/2),1,lambda,101.12781954887218,0.03350372444845724
flow_npe,posterior_samples.pkl,1000,31622,N=n^(3/2),1,lambda,101.17794486215539,0.026358029639941074
flow_npe,posterior_samples.pkl,1000,31622,N=n^(3/2),1,lambda,101.2280701754386,0.02053899893873521
flow_npe,posterior_samples.pkl,1000,31622,N=n^(3/2),1,lambda,101.2781954887218,0.015853588323257846
flow_npe,posterior_samples.pkl,1000,31622,N=n^(3/2),1,lambda,101.32832080200501,0.012125965895328241
flow_npe,posterior_samples.pkl,1000,31622,N=n^(3/2),1,lambda,101.37844611528823,0.00919537647284248
flow_npe,posterior_samples.pkl,1000,31622,N=n^(3/2),1,lambda,101.42857142857143,0.006917062599445783
flow_npe,posterior_samples.pkl,1000,31622,N=n^(3/2),1,lambda,101.47869674185463,0.005164759241088342
flow_npe,posterior_samples.pkl,1000,31622,N=n^(3/2),1,lambda,101.52882205513785,0.003832655550794121
flow_npe,posterior_samples.pkl,1000,31622,N=n^(3/2),1,lambda,101.57894736842105,0.002835254097738366
flow_npe,posterior_samples.pkl,1000,31622,N=n^(3/2),1,lambda,101.62907268170426,0.002104762369525749
flow_npe,posterior_samples.pkl,1000,31622,N=n^(3/2),1,lambda,101.67919799498748,0.001586825652738884
flow_npe,posterior_samples.pkl,1000,31622,N=n^(3/2),1,lambda,101.72932330827068,0.001236024791705637
flow_npe,posterior_samples.pkl,1000,31622,N=n^(3/2),1,lambda,101.77944862155388,0.0010124534415600526
flow_npe,posterior_samples.pkl,1000,31622,N=n^(3/2),1,lambda,101.8295739348371,0.0008800511188850564
flow_npe,posterior_samples.pkl,1000,31622,N=n^(3/2),1,lambda,101.8796992481203,0.0008065886709536818
flow_npe,posterior_samples.pkl,1000,31622,N=n^(3/2),1,lambda,101.9298245614035,0.0007646464776275812
flow_npe,posterior_samples.pkl,1000,31622,N=n^(3/2),1,lambda,101.97994987468671,0.0007327690219293726
flow_npe,posterior_samples.pkl,1000,31622,N=n^(3/2),1,lambda,102.03007518796993,0.0006961696778513329
flow_npe,posterior_samples.pkl,1000,31622,N=n^(3/2),1,lambda,102.08020050125313,0.0006467010341148436
flow_npe,posterior_samples.pkl,1000,31622,N=n^(3/2),1,lambda,102.13032581453633,0.0005821033707111602
flow_npe,posterior_samples.pkl,1000,31622,N=n^(3/2),1,lambda,102.18045112781955,0.000504706338277643
flow_npe,posterior_samples.pkl,1000,31622,N=n^(3/2),1,lambda,102.23057644110276,0.00041980987973948936
flow_npe,posterior_samples.pkl,1000,31622,N=n^(3/2),1,lambda,102.28070175438596,0.0003339793551282583
flow_npe,posterior_samples.pkl,1000,31622,N=n^(3/2),1,lambda,102.33082706766918,0.0002534955706769722
flow_npe,posterior_samples.pkl,1000,31622,N=n^(3/2),1,lambda,102.38095238095238,0.00018318733079821043
flow_npe,posterior_samples.pkl,1000,31622,N=n^(3/2),1,lambda,102.43107769423558,0.00012580664116288242
flow_npe,posterior_samples.pkl,1000,31622,N=n^(3/2),1,lambda,102.4812030075188,8.197916637634573e-05
flow_npe,posterior_samples.pkl,1000,31622,N=n^(3/2),1,lambda,102.531328320802,5.061673888342555e-05
flow_npe,posterior_samples.pkl,1000,31622,N=n^(3/2),1,lambda,102.58145363408521,2.9577194212825413e-05
flow_npe,posterior_samples.pkl,1000,31622,N=n^(3/2),1,lambda,102.63157894736842,1.6339842919227304e-05
flow_npe,posterior_samples.pkl,1000,31622,N=n^(3/2),1,lambda,102.68170426065163,8.526855170815208e-06
flow_npe,posterior_samples.pkl,1000,31622,N=n^(3/2),1,lambda,102.73182957393483,4.200098751572403e-06
flow_npe,posterior_samples.pkl,1000,31622,N=n^(3/2),1,lambda,102.78195488721805,1.951589528223505e-06
flow_npe,posterior_samples.pkl,1000,31622,N=n^(3/2),1,lambda,102.83208020050125,8.549609905277092e-07
flow_npe,posterior_samples.pkl,1000,31622,N=n^(3/2),1,lambda,102.88220551378446,3.529705846366503e-07
flow_npe,posterior_samples.pkl,1000,31622,N=n^(3/2),1,lambda,102.93233082706767,1.3727770947769262e-07
flow_npe,posterior_samples.pkl,1000,31622,N=n^(3/2),1,lambda,102.98245614035088,5.027941878533459e-08
flow_npe,posterior_samples.pkl,1000,31622,N=n^(3/2),1,lambda,103.03258145363408,1.7337604745938813e-08
flow_npe,posterior_samples.pkl,1000,31622,N=n^(3/2),1,lambda,103.0827067669173,5.627216711900577e-09
flow_npe,posterior_samples.pkl,1000,31622,N=n^(3/2),1,lambda,103.1328320802005,1.7187604843252958e-09
flow_npe,posterior_samples.pkl,1000,31622,N=n^(3/2),1,lambda,103.1829573934837,4.939442052805231e-10
flow_npe,posterior_samples.pkl,1000,31622,N=n^(3/2),1,lambda,103.23308270676692,1.335411698910351e-10
flow_npe,posterior_samples.pkl,1000,31622,N=n^(3/2),1,lambda,103.28320802005013,3.3960173010942147e-11
flow_npe,posterior_samples.pkl,1000,31622,N=n^(3/2),1,lambda,103.33333333333333,8.122546694719403e-12
flow_npe,posterior_samples.pkl,1000,31622,N=n^(3/2),1,lambda,103.38345864661655,1.82700076993064e-12
flow_npe,posterior_samples.pkl,1000,31622,N=n^(3/2),1,lambda,103.43358395989975,3.864306330346246e-13
flow_npe,posterior_samples.pkl,1000,31622,N=n^(3/2),1,lambda,103.48370927318295,7.685242036947148e-14
flow_npe,posterior_samples.pkl,1000,31622,N=n^(3/2),1,lambda,103.53383458646617,1.4370363756474818e-14
flow_npe,posterior_samples.pkl,1000,31622,N=n^(3/2),1,lambda,103.58395989974937,2.52625274211384e-15
flow_npe,posterior_samples.pkl,1000,31622,N=n^(3/2),1,lambda,103.63408521303258,4.1750569529304446e-16
flow_npe,posterior_samples.pkl,1000,31622,N=n^(3/2),1,lambda,103.6842105263158,6.486419853529733e-17
flow_npe,posterior_samples.pkl,1000,31622,N=n^(3/2),1,lambda,103.734335839599,9.473001725135957e-18
flow_npe,posterior_samples.pkl,1000,31622,N=n^(3/2),1,lambda,103.7844611528822,1.3004541184866767e-18
flow_npe,posterior_samples.pkl,1000,31622,N=n^(3/2),1,lambda,103.8345864661654,1.6780855166734033e-19
flow_npe,posterior_samples.pkl,1000,31622,N=n^(3/2),1,lambda,103.88471177944862,2.035322167203874e-20
flow_npe,posterior_samples.pkl,1000,31622,N=n^(3/2),1,lambda,103.93483709273183,2.320288801921082e-21
flow_npe,posterior_samples.pkl,1000,31622,N=n^(3/2),1,lambda,103.98496240601503,2.4861753564911627e-22
flow_npe,posterior_samples.pkl,1000,31622,N=n^(3/2),1,lambda,104.03508771929825,2.5037698823132463e-23
flow_npe,posterior_samples.pkl,1000,31622,N=n^(3/2),1,lambda,104.08521303258145,2.369862051979931e-24
flow_npe,posterior_samples.pkl,1000,31622,N=n^(3/2),1,lambda,104.13533834586465,2.1081991001319495e-25
flow_npe,posterior_samples.pkl,1000,31622,N=n^(3/2),1,lambda,104.18546365914787,1.7626038599483496e-26
flow_npe,posterior_samples.pkl,1000,31622,N=n^(3/2),1,lambda,104.23558897243107,1.384993161210945e-27
flow_npe,posterior_samples.pkl,1000,31622,N=n^(3/2),1,lambda,104.28571428571428,1.0227893836850245e-28
flow_npe,posterior_samples.pkl,1000,31622,N=n^(3/2),1,lambda,104.3358395989975,7.098503756367231e-30
flow_npe,posterior_samples.pkl,1000,31622,N=n^(3/2),1,lambda,104.3859649122807,4.630055916716839e-31
flow_npe,posterior_samples.pkl,1000,31622,N=n^(3/2),1,lambda,104.4360902255639,2.838191199260486e-32
flow_npe,posterior_samples.pkl,1000,31622,N=n^(3/2),1,lambda,104.48621553884712,1.6350482576276025e-33
flow_npe,posterior_samples.pkl,1000,31622,N=n^(3/2),1,lambda,104.53634085213032,8.852192856883805e-35
flow_npe,posterior_samples.pkl,1000,31622,N=n^(3/2),1,lambda,104.58646616541353,4.5042002718124665e-36
flow_npe,posterior_samples.pkl,1000,31622,N=n^(3/2),1,lambda,104.63659147869674,2.1965516293130103e-37
flow_npe,posterior_samples.pkl,1000,31622,N=n^(3/2),1,lambda,104.68671679197995,1.0664664815158739e-37
flow_npe,posterior_samples.pkl,1000,31622,N=n^(3/2),1,lambda,104.73684210526315,2.060775864049633e-36
flow_npe,posterior_samples.pkl,1000,31622,N=n^(3/2),1,lambda,104.78696741854637,4.1140836087811644e-35
flow_npe,posterior_samples.pkl,1000,31622,N=n^(3/2),1,lambda,104.83709273182957,7.719989646902765e-34
flow_npe,posterior_samples.pkl,1000,31622,N=n^(3/2),1,lambda,104.88721804511277,1.3613692757935363e-32
flow_npe,posterior_samples.pkl,1000,31622,N=n^(3/2),1,lambda,104.93734335839599,2.2560598899458886e-31
flow_npe,posterior_samples.pkl,1000,31622,N=n^(3/2),1,lambda,104.9874686716792,3.513506455101931e-30
flow_npe,posterior_samples.pkl,1000,31622,N=n^(3/2),1,lambda,105.0375939849624,5.142168921247734e-29
flow_npe,posterior_samples.pkl,1000,31622,N=n^(3/2),1,lambda,105.08771929824562,7.072409105892264e-28
flow_npe,posterior_samples.pkl,1000,31622,N=n^(3/2),1,lambda,105.13784461152882,9.141213705464915e-27
flow_npe,posterior_samples.pkl,1000,31622,N=n^(3/2),1,lambda,105.18796992481202,1.1103395296192247e-25
flow_npe,posterior_samples.pkl,1000,31622,N=n^(3/2),1,lambda,105.23809523809524,1.2674276957270867e-24
flow_npe,posterior_samples.pkl,1000,31622,N=n^(3/2),1,lambda,105.28822055137844,1.3595839734885387e-23
flow_npe,posterior_samples.pkl,1000,31622,N=n^(3/2),1,lambda,105.33834586466165,1.3705798167507264e-22
flow_npe,posterior_samples.pkl,1000,31622,N=n^(3/2),1,lambda,105.38847117794487,1.298428619867962e-21
flow_npe,posterior_samples.pkl,1000,31622,N=n^(3/2),1,lambda,105.43859649122807,1.1559719053577832e-20
flow_npe,posterior_samples.pkl,1000,31622,N=n^(3/2),1,lambda,105.48872180451127,9.671457567119328e-20
flow_npe,posterior_samples.pkl,1000,31622,N=n^(3/2),1,lambda,105.53884711779449,7.60417379665224e-19
flow_npe,posterior_samples.pkl,1000,31622,N=n^(3/2),1,lambda,105.58897243107769,5.618593208298167e-18
flow_npe,posterior_samples.pkl,1000,31622,N=n^(3/2),1,lambda,105.6390977443609,3.9013830921451197e-17
flow_npe,posterior_samples.pkl,1000,31622,N=n^(3/2),1,lambda,105.68922305764411,2.5458045427459916e-16
flow_npe,posterior_samples.pkl,1000,31622,N=n^(3/2),1,lambda,105.73934837092732,1.5611583948666715e-15
flow_npe,posterior_samples.pkl,1000,31622,N=n^(3/2),1,lambda,105.78947368421052,8.996722651860913e-15
flow_npe,posterior_samples.pkl,1000,31622,N=n^(3/2),1,lambda,105.83959899749374,4.872335081390129e-14
flow_npe,posterior_samples.pkl,1000,31622,N=n^(3/2),1,lambda,105.88972431077694,2.479735821377548e-13
flow_npe,posterior_samples.pkl,1000,31622,N=n^(3/2),1,lambda,105.93984962406014,1.186012142581148e-12
flow_npe,posterior_samples.pkl,1000,31622,N=n^(3/2),1,lambda,105.98997493734336,5.330749896302346e-12
flow_npe,posterior_samples.pkl,1000,31622,N=n^(3/2),1,lambda,106.04010025062657,2.2516606121357903e-11
flow_npe,posterior_samples.pkl,1000,31622,N=n^(3/2),1,lambda,106.09022556390977,8.937848863616269e-11
flow_npe,posterior_samples.pkl,1000,31622,N=n^(3/2),1,lambda,106.14035087719299,3.334099330724657e-10
flow_npe,posterior_samples.pkl,1000,31622,N=n^(3/2),1,lambda,106.19047619047619,1.1687981462266632e-09
flow_npe,posterior_samples.pkl,1000,31622,N=n^(3/2),1,lambda,106.2406015037594,3.850489521768905e-09
flow_npe,posterior_samples.pkl,1000,31622,N=n^(3/2),1,lambda,106.29072681704261,1.1920866645097781e-08
flow_npe,posterior_samples.pkl,1000,31622,N=n^(3/2),1,lambda,106.34085213032581,3.468288097571248e-08
flow_npe,posterior_samples.pkl,1000,31622,N=n^(3/2),1,lambda,106.39097744360902,9.482829745747729e-08
flow_npe,posterior_samples.pkl,1000,31622,N=n^(3/2),1,lambda,106.44110275689223,2.4365548545466244e-07
flow_npe,posterior_samples.pkl,1000,31622,N=n^(3/2),1,lambda,106.49122807017544,5.883420440644063e-07
flow_npe,posterior_samples.pkl,1000,31622,N=n^(3/2),1,lambda,106.54135338345864,1.3350546043002114e-06
flow_npe,posterior_samples.pkl,1000,31622,N=n^(3/2),1,lambda,106.59147869674186,2.8469748116096852e-06
flow_npe,posterior_samples.pkl,1000,31622,N=n^(3/2),1,lambda,106.64160401002506,5.705368141063625e-06
flow_npe,posterior_samples.pkl,1000,31622,N=n^(3/2),1,lambda,106.69172932330827,1.0744820695585137e-05
flow_npe,posterior_samples.pkl,1000,31622,N=n^(3/2),1,lambda,106.74185463659148,1.9016479716175345e-05
flow_npe,posterior_samples.pkl,1000,31622,N=n^(3/2),1,lambda,106.79197994987469,3.162834944633252e-05
flow_npe,posterior_samples.pkl,1000,31622,N=n^(3/2),1,lambda,106.84210526315789,4.943543777727923e-05
flow_npe,posterior_samples.pkl,1000,31622,N=n^(3/2),1,lambda,106.89223057644111,7.261321943452347e-05
flow_npe,posterior_samples.pkl,1000,31622,N=n^(3/2),1,lambda,106.94235588972431,0.00010023247454557859
flow_npe,posterior_samples.pkl,1000,31622,N=n^(3/2),1,lambda,106.99248120300751,0.00013002194680004423
flow_npe,posterior_samples.pkl,1000,31622,N=n^(3/2),1,lambda,107.04260651629073,0.00015850403717922876
flow_npe,posterior_samples.pkl,1000,31622,N=n^(3/2),1,lambda,107.09273182957394,0.00018158478009997844
flow_npe,posterior_samples.pkl,1000,31622,N=n^(3/2),1,lambda,107.14285714285714,0.00019549426093789873
flow_npe,posterior_samples.pkl,1000,31622,N=n^(3/2),1,lambda,107.19298245614036,0.0001977898643157325
flow_npe,posterior_samples.pkl,1000,31622,N=n^(3/2),1,lambda,107.24310776942356,0.00018805700039614687
flow_npe,posterior_samples.pkl,1000,31622,N=n^(3/2),1,lambda,107.29323308270676,0.00016803139336628151
flow_npe,posterior_samples.pkl,1000,31622,N=n^(3/2),1,lambda,107.34335839598998,0.00014109343437181856
flow_npe,posterior_samples.pkl,1000,31622,N=n^(3/2),1,lambda,107.39348370927318,0.00011133677387759228
flow_npe,posterior_samples.pkl,1000,31622,N=n^(3/2),1,lambda,107.44360902255639,8.25630851715102e-05
flow_npe,posterior_samples.pkl,1000,31622,N=n^(3/2),1,lambda,107.4937343358396,5.753718962935062e-05
flow_npe,posterior_samples.pkl,1000,31622,N=n^(3/2),1,lambda,107.54385964912281,3.768138259035381e-05
flow_npe,posterior_samples.pkl,1000,31622,N=n^(3/2),1,lambda,107.59398496240601,2.3191052846971728e-05
flow_npe,posterior_samples.pkl,1000,31622,N=n^(3/2),1,lambda,107.64411027568923,1.3413112085470061e-05
flow_npe,posterior_samples.pkl,1000,31622,N=n^(3/2),1,lambda,107.69423558897243,7.290445940290798e-06
flow_npe,posterior_samples.pkl,1000,31622,N=n^(3/2),1,lambda,107.74436090225564,3.723866354006589e-06
flow_npe,posterior_samples.pkl,1000,31622,N=n^(3/2),1,lambda,107.79448621553885,1.7875143230426606e-06
flow_npe,posterior_samples.pkl,1000,31622,N=n^(3/2),1,lambda,107.84461152882206,8.06344126162009e-07
flow_npe,posterior_samples.pkl,1000,31622,N=n^(3/2),1,lambda,107.89473684210526,3.4182732383385556e-07
flow_npe,posterior_samples.pkl,1000,31622,N=n^(3/2),1,lambda,107.94486215538848,1.3617850911811283e-07
flow_npe,posterior_samples.pkl,1000,31622,N=n^(3/2),1,lambda,107.99498746867168,5.098305169648547e-08
flow_npe,posterior_samples.pkl,1000,31622,N=n^(3/2),1,lambda,108.04511278195488,1.7937360304449482e-08
flow_npe,posterior_samples.pkl,1000,31622,N=n^(3/2),1,lambda,108.0952380952381,5.930709996389329e-09
flow_npe,posterior_samples.pkl,1000,31622,N=n^(3/2),1,lambda,108.1453634085213,1.8427664488936368e-09
flow_npe,posterior_samples.pkl,1000,31622,N=n^(3/2),1,lambda,108.19548872180451,5.380831059592963e-10
flow_npe,posterior_samples.pkl,1000,31622,N=n^(3/2),1,lambda,108.24561403508773,1.4765354188901787e-10
flow_npe,posterior_samples.pkl,1000,31622,N=n^(3/2),1,lambda,108.29573934837093,3.807622053803165e-11
flow_npe,posterior_samples.pkl,1000,31622,N=n^(3/2),1,lambda,108.34586466165413,9.227397932168987e-12
flow_npe,posterior_samples.pkl,1000,31622,N=n^(3/2),1,lambda,108.39598997493735,2.1014551153270846e-12
flow_npe,posterior_samples.pkl,1000,31622,N=n^(3/2),1,lambda,108.44611528822055,4.4975545428600776e-13
flow_npe,posterior_samples.pkl,1000,31622,N=n^(3/2),1,lambda,108.49624060150376,9.045825617039514e-14
flow_npe,posterior_samples.pkl,1000,31622,N=n^(3/2),1,lambda,108.54636591478697,1.709761115059046e-14
flow_npe,posterior_samples.pkl,1000,31622,N=n^(3/2),1,lambda,108.59649122807018,3.0369532894893415e-15
flow_npe,posterior_samples.pkl,1000,31622,N=n^(3/2),1,lambda,108.64661654135338,5.069396267090836e-16
flow_npe,posterior_samples.pkl,1000,31622,N=n^(3/2),1,lambda,108.6967418546366,7.952246271945775e-17
flow_npe,posterior_samples.pkl,1000,31622,N=n^(3/2),1,lambda,108.7468671679198,1.1723002395108732e-17
flow_npe,posterior_samples.pkl,1000,31622,N=n^(3/2),1,lambda,108.796992481203,1.624064742772871e-18
flow_npe,posterior_samples.pkl,1000,31622,N=n^(3/2),1,lambda,108.84711779448622,2.1143811327083447e-19
flow_npe,posterior_samples.pkl,1000,31622,N=n^(3/2),1,lambda,108.89724310776943,2.586894177676421e-20
flow_npe,posterior_samples.pkl,1000,31622,N=n^(3/2),1,lambda,108.94736842105263,2.9743324133109717e-21
flow_npe,posterior_samples.pkl,1000,31622,N=n^(3/2),1,lambda,108.99749373433583,3.21377743070464e-22
flow_npe,posterior_samples.pkl,1000,31622,N=n^(3/2),1,lambda,109.04761904761905,3.2633040588335546e-23
flow_npe,posterior_samples.pkl,1000,31622,N=n^(3/2),1,lambda,109.09774436090225,3.113972247764725e-24
flow_npe,posterior_samples.pkl,1000,31622,N=n^(3/2),1,lambda,109.14786967418546,2.792462735954187e-25
flow_npe,posterior_samples.pkl,1000,31622,N=n^(3/2),1,lambda,109.19799498746868,2.3532902042493948e-26
flow_npe,posterior_samples.pkl,1000,31622,N=n^(3/2),1,lambda,109.24812030075188,1.8637130219942114e-27
flow_npe,posterior_samples.pkl,1000,31622,N=n^(3/2),1,lambda,109.29824561403508,1.3870689319782369e-28
flow_npe,posterior_samples.pkl,1000,31622,N=n^(3/2),1,lambda,109.3483709273183,9.701357325956038e-30
flow_npe,posterior_samples.pkl,1000,31622,N=n^(3/2),1,lambda,109.3984962406015,6.376500671707388e-31
flow_npe,posterior_samples.pkl,1000,31622,N=n^(3/2),1,lambda,109.4486215538847,3.938653452172867e-32
flow_npe,posterior_samples.pkl,1000,31622,N=n^(3/2),1,lambda,109.49874686716792,2.2862756095592404e-33
flow_npe,posterior_samples.pkl,1000,31622,N=n^(3/2),1,lambda,109.54887218045113,1.2471676807934187e-34
flow_npe,posterior_samples.pkl,1000,31622,N=n^(3/2),1,lambda,109.59899749373433,6.393469014654557e-36
flow_npe,posterior_samples.pkl,1000,31622,N=n^(3/2),1,lambda,109.64912280701753,3.0800923176773077e-37
flow_npe,posterior_samples.pkl,1000,31622,N=n^(3/2),1,lambda,109.69924812030075,1.394460941611252e-38
flow_npe,posterior_samples.pkl,1000,31622,N=n^(3/2),1,lambda,109.74937343358395,5.9328644656964426e-40
flow_npe,posterior_samples.pkl,1000,31622,N=n^(3/2),1,lambda,109.79949874686716,2.372127083003659e-41
flow_npe,posterior_samples.pkl,1000,31622,N=n^(3/2),1,lambda,109.84962406015038,8.91306202630732e-43
flow_npe,posterior_samples.pkl,1000,31622,N=n^(3/2),1,lambda,109.89974937343358,3.1472508365884896e-44
flow_npe,posterior_samples.pkl,1000,31622,N=n^(3/2),1,lambda,109.94987468671678,1.0443624262751354e-45
flow_npe,posterior_samples.pkl,1000,31622,N=n^(3/2),1,lambda,110.0,3.256766119742694e-47
flow_npe,posterior_samples.pkl,1000,31622,N=n^(3/2),1,sigma,0.0,1.0424069190721095e-29
flow_npe,posterior_samples.pkl,1000,31622,N=n^(3/2),1,sigma,0.010025062656641603,4.231984652048275e-28
flow_npe,posterior_samples.pkl,1000,31622,N=n^(3/2),1,sigma,0.020050125313283207,1.5273262373317848e-26
flow_npe,posterior_samples.pkl,1000,31622,N=n^(3/2),1,sigma,0.03007518796992481,4.900049584189797e-25
flow_npe,posterior_samples.pkl,1000,31622,N=n^(3/2),1,sigma,0.040100250626566414,1.3974944051180382e-23
flow_npe,posterior_samples.pkl,1000,31622,N=n^(3/2),1,sigma,0.05012531328320802,3.543077345903633e-22
flow_npe,posterior_samples.pkl,1000,31622,N=n^(3/2),1,sigma,0.06015037593984962,7.985316963852205e-21
flow_npe,posterior_samples.pkl,1000,31622,N=n^(3/2),1,sigma,0.07017543859649122,1.5998699742442657e-19
flow_npe,posterior_samples.pkl,1000,31622,N=n^(3/2),1,sigma,0.08020050125313283,2.8494318206258016e-18
flow_npe,posterior_samples.pkl,1000,31622,N=n^(3/2),1,sigma,0.09022556390977443,4.5114172019876815e-17
flow_npe,posterior_samples.pkl,1000,31622,N=n^(3/2),1,sigma,0.10025062656641603,6.349638389752081e-16
flow_npe,posterior_samples.pkl,1000,31622,N=n^(3/2),1,sigma,0.11027568922305764,7.944498909394194e-15
flow_npe,posterior_samples.pkl,1000,31622,N=n^(3/2),1,sigma,0.12030075187969924,8.836207975717567e-14
flow_npe,posterior_samples.pkl,1000,31622,N=n^(3/2),1,sigma,0.13032581453634084,8.736709464267687e-13
flow_npe,posterior_samples.pkl,1000,31622,N=n^(3/2),1,sigma,0.14035087719298245,7.679155582692797e-12
flow_npe,posterior_samples.pkl,1000,31622,N=n^(3/2),1,sigma,0.15037593984962405,6.000181798008944e-11
flow_npe,posterior_samples.pkl,1000,31622,N=n^(3/2),1,sigma,0.16040100250626566,4.167768970483246e-10
flow_npe,posterior_samples.pkl,1000,31622,N=n^(3/2),1,sigma,0.17042606516290726,2.573569953913804e-09
flow_npe,posterior_samples.pkl,1000,31622,N=n^(3/2),1,sigma,0.18045112781954886,1.4127633602799953e-08
flow_npe,posterior_samples.pkl,1000,31622,N=n^(3/2),1,sigma,0.19047619047619047,6.894729019886227e-08
flow_npe,posterior_samples.pkl,1000,31622,N=n^(3/2),1,sigma,0.20050125313283207,2.9915840240301384e-07
flow_npe,posterior_samples.pkl,1000,31622,N=n^(3/2),1,sigma,0.21052631578947367,1.154137739334292e-06
flow_npe,posterior_samples.pkl,1000,31622,N=n^(3/2),1,sigma,0.22055137844611528,3.959554848939445e-06
flow_npe,posterior_samples.pkl,1000,31622,N=n^(3/2),1,sigma,0.23057644110275688,1.2082760762356969e-05
flow_npe,posterior_samples.pkl,1000,31622,N=n^(3/2),1,sigma,0.24060150375939848,3.280800980116746e-05
flow_npe,posterior_samples.pkl,1000,31622,N=n^(3/2),1,sigma,0.2506265664160401,7.931491576278106e-05
flow_npe,posterior_samples.pkl,1000,31622,N=n^(3/2),1,sigma,0.2606516290726817,0.00017089441981951194
flow_npe,posterior_samples.pkl,1000,31622,N=n^(3/2),1,sigma,0.2706766917293233,0.0003287048391684062
flow_npe,posterior_samples.pkl,1000,31622,N=n^(3/2),1,sigma,0.2807017543859649,0.0005658717134597995
flow_npe,posterior_samples.pkl,1000,31622,N=n^(3/2),1,sigma,0.2907268170426065,0.0008754313480309415
flow_npe,posterior_samples.pkl,1000,31622,N=n^(3/2),1,sigma,0.3007518796992481,0.0012244907210847617
flow_npe,posterior_samples.pkl,1000,31622,N=n^(3/2),1,sigma,0.3107769423558897,0.0015618383781875588
flow_npe,posterior_samples.pkl,1000,31622,N=n^(3/2),1,sigma,0.3208020050125313,0.0018366049727172144
flow_npe,posterior_samples.pkl,1000,31622,N=n^(3/2),1,sigma,0.3308270676691729,0.002015057212953365
flow_npe,posterior_samples.pkl,1000,31622,N=n^(3/2),1,sigma,0.3408521303258145,0.0020835278067325726
flow_npe,posterior_samples.pkl,1000,31622,N=n^(3/2),1,sigma,0.3508771929824561,0.0020393979698263955
flow_npe,posterior_samples.pkl,1000,31622,N=n^(3/2),1,sigma,0.3609022556390977,0.0018841599604808219
flow_npe,posterior_samples.pkl,1000,31622,N=n^(3/2),1,sigma,0.37092731829573933,0.0016281479452415503
flow_npe,posterior_samples.pkl,1000,31622,N=n^(3/2),1,sigma,0.38095238095238093,0.001300440019779955
flow_npe,posterior_samples.pkl,1000,31622,N=n^(3/2),1,sigma,0.39097744360902253,0.0009492602833315799
flow_npe,posterior_samples.pkl,1000,31622,N=n^(3/2),1,sigma,0.40100250626566414,0.0006275075791958941
flow_npe,posterior_samples.pkl,1000,31622,N=n^(3/2),1,sigma,0.41102756892230574,0.0003731924172557725
flow_npe,posterior_samples.pkl,1000,31622,N=n^(3/2),1,sigma,0.42105263157894735,0.00019879226099632006
flow_npe,posterior_samples.pkl,1000,31622,N=n^(3/2),1,sigma,0.43107769423558895,9.457442091409793e-05
flow_npe,posterior_samples.pkl,1000,31622,N=n^(3/2),1,sigma,0.44110275689223055,4.011176878916074e-05
flow_npe,posterior_samples.pkl,1000,31622,N=n^(3/2),1,sigma,0.45112781954887216,1.5149859232438448e-05
flow_npe,posterior_samples.pkl,1000,31622,N=n^(3/2),1,sigma,0.46115288220551376,5.09197806403638e-06
flow_npe,posterior_samples.pkl,1000,31622,N=n^(3/2),1,sigma,0.47117794486215536,1.5223841817669872e-06
flow_npe,posterior_samples.pkl,1000,31622,N=n^(3/2),1,sigma,0.48120300751879697,4.047731517812223e-07
flow_npe,posterior_samples.pkl,1000,31622,N=n^(3/2),1,sigma,0.49122807017543857,9.569342718237094e-08
flow_npe,posterior_samples.pkl,1000,31622,N=n^(3/2),1,sigma,0.5012531328320802,2.0113845892814645e-08
flow_npe,posterior_samples.pkl,1000,31622,N=n^(3/2),1,sigma,0.5112781954887218,3.7586017757479615e-09
flow_npe,posterior_samples.pkl,1000,31622,N=n^(3/2),1,sigma,0.5213032581453634,6.243971956399009e-10
flow_npe,posterior_samples.pkl,1000,31622,N=n^(3/2),1,sigma,0.531328320802005,9.221256282121898e-11
flow_npe,posterior_samples.pkl,1000,31622,N=n^(3/2),1,sigma,0.5413533834586466,1.2106214808751931e-11
flow_npe,posterior_samples.pkl,1000,31622,N=n^(3/2),1,sigma,0.5513784461152882,1.4129036319519218e-12
flow_npe,posterior_samples.pkl,1000,31622,N=n^(3/2),1,sigma,0.5614035087719298,1.4658874469221977e-13
flow_npe,posterior_samples.pkl,1000,31622,N=n^(3/2),1,sigma,0.5714285714285714,1.3519836582653439e-14
flow_npe,posterior_samples.pkl,1000,31622,N=n^(3/2),1,sigma,0.581453634085213,1.1084708440034895e-15
flow_npe,posterior_samples.pkl,1000,31622,N=n^(3/2),1,sigma,0.5914786967418546,8.079020119537235e-17
flow_npe,posterior_samples.pkl,1000,31622,N=n^(3/2),1,sigma,0.6015037593984962,5.234490630551443e-18
flow_npe,posterior_samples.pkl,1000,31622,N=n^(3/2),1,sigma,0.6115288220551378,3.0148890047842487e-19
flow_npe,posterior_samples.pkl,1000,31622,N=n^(3/2),1,sigma,0.6215538847117794,1.5436516369943287e-20
flow_npe,posterior_samples.pkl,1000,31622,N=n^(3/2),1,sigma,0.631578947368421,7.026002159035797e-22
flow_npe,posterior_samples.pkl,1000,31622,N=n^(3/2),1,sigma,0.6416040100250626,2.8428126314052516e-23
flow_npe,posterior_samples.pkl,1000,31622,N=n^(3/2),1,sigma,0.6516290726817042,1.0225137328194655e-24
flow_npe,posterior_samples.pkl,1000,31622,N=n^(3/2),1,sigma,0.6616541353383458,3.2694221854522084e-26
flow_npe,posterior_samples.pkl,1000,31622,N=n^(3/2),1,sigma,0.6716791979949874,9.292954189691941e-28
flow_npe,posterior_samples.pkl,1000,31622,N=n^(3/2),1,sigma,0.681704260651629,2.348105023962112e-29
flow_npe,posterior_samples.pkl,1000,31622,N=n^(3/2),1,sigma,0.6917293233082706,5.274267675115911e-31
flow_npe,posterior_samples.pkl,1000,31622,N=n^(3/2),1,sigma,0.7017543859649122,1.0531439621402853e-32
flow_npe,posterior_samples.pkl,1000,31622,N=n^(3/2),1,sigma,0.7117794486215538,1.8693655824937845e-34
flow_npe,posterior_samples.pkl,1000,31622,N=n^(3/2),1,sigma,0.7218045112781954,2.9497259384101028e-36
flow_npe,posterior_samples.pkl,1000,31622,N=n^(3/2),1,sigma,0.731829573934837,4.137614411815184e-38
flow_npe,posterior_samples.pkl,1000,31622,N=n^(3/2),1,sigma,0.7418546365914787,5.1594010586593385e-40
flow_npe,posterior_samples.pkl,1000,31622,N=n^(3/2),1,sigma,0.7518796992481203,5.7191236286552346e-42
flow_npe,posterior_samples.pkl,1000,31622,N=n^(3/2),1,sigma,0.7619047619047619,5.635605761945101e-44
flow_npe,posterior_samples.pkl,1000,31622,N=n^(3/2),1,sigma,0.7719298245614035,4.9366535269292745e-46
flow_npe,posterior_samples.pkl,1000,31622,N=n^(3/2),1,sigma,0.7819548872180451,3.844196816666683e-48
flow_npe,posterior_samples.pkl,1000,31622,N=n^(3/2),1,sigma,0.7919799498746867,2.66108964567593e-50
flow_npe,posterior_samples.pkl,1000,31622,N=n^(3/2),1,sigma,0.8020050125313283,1.637549056009436e-52
flow_npe,posterior_samples.pkl,1000,31622,N=n^(3/2),1,sigma,0.8120300751879699,8.957979337522152e-55
flow_npe,posterior_samples.pkl,1000,31622,N=n^(3/2),1,sigma,0.8220551378446115,4.356189031845611e-57
flow_npe,posterior_samples.pkl,1000,31622,N=n^(3/2),1,sigma,0.8320802005012531,1.8831473416771757e-59
flow_npe,posterior_samples.pkl,1000,31622,N=n^(3/2),1,sigma,0.8421052631578947,7.236737327944687e-62
flow_npe,posterior_samples.pkl,1000,31622,N=n^(3/2),1,sigma,0.8521303258145363,2.472192249683115e-64
flow_npe,posterior_samples.pkl,1000,31622,N=n^(3/2),1,sigma,0.8621553884711779,7.507625406213938e-67
flow_npe,posterior_samples.pkl,1000,31622,N=n^(3/2),1,sigma,0.8721804511278195,2.0267672290388048e-69
flow_npe,posterior_samples.pkl,1000,31622,N=n^(3/2),1,sigma,0.8822055137844611,4.863916102721686e-72
flow_npe,posterior_samples.pkl,1000,31622,N=n^(3/2),1,sigma,0.8922305764411027,1.0376459620616059e-74
flow_npe,posterior_samples.pkl,1000,31622,N=n^(3/2),1,sigma,0.9022556390977443,1.9678556997074537e-77
flow_npe,posterior_samples.pkl,1000,31622,N=n^(3/2),1,sigma,0.9122807017543859,3.317555684342302e-80
flow_npe,posterior_samples.pkl,1000,31622,N=n^(3/2),1,sigma,0.9223057644110275,4.971919824067898e-83
flow_npe,posterior_samples.pkl,1000,31622,N=n^(3/2),1,sigma,0.9323308270676691,6.62385681240997e-86
flow_npe,posterior_samples.pkl,1000,31622,N=n^(3/2),1,sigma,0.9423558897243107,7.844742240584276e-89
flow_npe,posterior_samples.pkl,1000,31622,N=n^(3/2),1,sigma,0.9523809523809523,8.258997683136446e-92
flow_npe,posterior_samples.pkl,1000,31622,N=n^(3/2),1,sigma,0.9624060150375939,7.729598466897698e-95
flow_npe,posterior_samples.pkl,1000,31622,N=n^(3/2),1,sigma,0.9724310776942355,6.437528858662655e-98
flow_npe,posterior_samples.pkl,1000,31622,N=n^(3/2),1,sigma,0.9824561403508771,9.003980356934975e-98
flow_npe,posterior_samples.pkl,1000,31622,N=n^(3/2),1,sigma,0.9924812030075187,1.0757004123739679e-94
flow_npe,posterior_samples.pkl,1000,31622,N=n^(3/2),1,sigma,1.0025062656641603,1.143032353434284e-91
flow_npe,posterior_samples.pkl,1000,31622,N=n^(3/2),1,sigma,1.012531328320802,1.0797087848982398e-88
flow_npe,posterior_samples.pkl,1000,31622,N=n^(3/2),1,sigma,1.0225563909774436,9.066416584094508e-86
flow_npe,posterior_samples.pkl,1000,31622,N=n^(3/2),1,sigma,1.0325814536340852,6.767770590347255e-83
flow_npe,posterior_samples.pkl,1000,31622,N=n^(3/2),1,sigma,1.0426065162907268,4.4909323288478664e-80
flow_npe,posterior_samples.pkl,1000,31622,N=n^(3/2),1,sigma,1.0526315789473684,2.6491607787420257e-77
flow_npe,posterior_samples.pkl,1000,31622,N=n^(3/2),1,sigma,1.06265664160401,1.3891880722163962e-74
flow_npe,posterior_samples.pkl,1000,31622,N=n^(3/2),1,sigma,1.0726817042606516,6.475818950381815e-72
flow_npe,posterior_samples.pkl,1000,31622,N=n^(3/2),1,sigma,1.0827067669172932,2.6835474229408273e-69
flow_npe,posterior_samples.pkl,1000,31622,N=n^(3/2),1,sigma,1.0927318295739348,9.885639614839599e-67
flow_npe,posterior_samples.pkl,1000,31622,N=n^(3/2),1,sigma,1.1027568922305764,3.2372869543747056e-64
flow_npe,posterior_samples.pkl,1000,31622,N=n^(3/2),1,sigma,1.112781954887218,9.424070878754969e-62
flow_npe,posterior_samples.pkl,1000,31622,N=n^(3/2),1,sigma,1.1228070175438596,2.43880352479518e-59
flow_npe,posterior_samples.pkl,1000,31622,N=n^(3/2),1,sigma,1.1328320802005012,5.610428188218915e-57
flow_npe,posterior_samples.pkl,1000,31622,N=n^(3/2),1,sigma,1.1428571428571428,1.1473505429144662e-54
flow_npe,posterior_samples.pkl,1000,31622,N=n^(3/2),1,sigma,1.1528822055137844,2.0858216305299274e-52
flow_npe,posterior_samples.pkl,1000,31622,N=n^(3/2),1,sigma,1.162907268170426,3.3708477112227156e-50
flow_npe,posterior_samples.pkl,1000,31622,N=n^(3/2),1,sigma,1.1729323308270676,4.8426381835417903e-48
flow_npe,posterior_samples.pkl,1000,31622,N=n^(3/2),1,sigma,1.1829573934837092,6.184517695809641e-46
flow_npe,posterior_samples.pkl,1000,31622,N=n^(3/2),1,sigma,1.1929824561403508,7.021187586381037e-44
flow_npe,posterior_samples.pkl,1000,31622,N=n^(3/2),1,sigma,1.2030075187969924,7.08591996088785e-42
flow_npe,posterior_samples.pkl,1000,31622,N=n^(3/2),1,sigma,1.213032581453634,6.3571555245597786e-40
flow_npe,posterior_samples.pkl,1000,31622,N=n^(3/2),1,sigma,1.2230576441102756,5.070028028569015e-38
flow_npe,posterior_samples.pkl,1000,31622,N=n^(3/2),1,sigma,1.2330827067669172,3.594502727216293e-36
flow_npe,posterior_samples.pkl,1000,31622,N=n^(3/2),1,sigma,1.2431077694235588,2.265417301704938e-34
flow_npe,posterior_samples.pkl,1000,31622,N=n^(3/2),1,sigma,1.2531328320802004,1.2692248152164522e-32
flow_npe,posterior_samples.pkl,1000,31622,N=n^(3/2),1,sigma,1.263157894736842,6.32135024414746e-31
flow_npe,posterior_samples.pkl,1000,31622,N=n^(3/2),1,sigma,1.2731829573934836,2.798737249020079e-29
flow_npe,posterior_samples.pkl,1000,31622,N=n^(3/2),1,sigma,1.2832080200501252,1.1015276517152105e-27
flow_npe,posterior_samples.pkl,1000,31622,N=n^(3/2),1,sigma,1.2932330827067668,3.8539823490532685e-26
flow_npe,posterior_samples.pkl,1000,31622,N=n^(3/2),1,sigma,1.3032581453634084,1.1986851953114594e-24
flow_npe,posterior_samples.pkl,1000,31622,N=n^(3/2),1,sigma,1.31328320802005,3.3142232274753854e-23
flow_npe,posterior_samples.pkl,1000,31622,N=n^(3/2),1,sigma,1.3233082706766917,8.14591186836095e-22
flow_npe,posterior_samples.pkl,1000,31622,N=n^(3/2),1,sigma,1.3333333333333333,1.7798327976301587e-20
flow_npe,posterior_samples.pkl,1000,31622,N=n^(3/2),1,sigma,1.3433583959899749,3.4570095153809074e-19
flow_npe,posterior_samples.pkl,1000,31622,N=n^(3/2),1,sigma,1.3533834586466165,5.969037497336426e-18
flow_npe,posterior_samples.pkl,1000,31622,N=n^(3/2),1,sigma,1.363408521303258,9.162018192433893e-17
flow_npe,posterior_samples.pkl,1000,31622,N=n^(3/2),1,sigma,1.3734335839598997,1.2501503355534898e-15
flow_npe,posterior_samples.pkl,1000,31622,N=n^(3/2),1,sigma,1.3834586466165413,1.5164193559860388e-14
flow_npe,posterior_samples.pkl,1000,31622,N=n^(3/2),1,sigma,1.3934837092731829,1.6351779858446205e-13
flow_npe,posterior_samples.pkl,1000,31622,N=n^(3/2),1,sigma,1.4035087719298245,1.5674851215403793e-12
flow_npe,posterior_samples.pkl,1000,31622,N=n^(3/2),1,sigma,1.413533834586466,1.3357977242779085e-11
flow_npe,posterior_samples.pkl,1000,31622,N=n^(3/2),1,sigma,1.4235588972431077,1.0120135695030347e-10
flow_npe,posterior_samples.pkl,1000,31622,N=n^(3/2),1,sigma,1.4335839598997493,6.816397264176157e-10
flow_npe,posterior_samples.pkl,1000,31622,N=n^(3/2),1,sigma,1.443609022556391,4.081959948247487e-09
flow_npe,posterior_samples.pkl,1000,31622,N=n^(3/2),1,sigma,1.4536340852130325,2.173513244723302e-08
flow_npe,posterior_samples.pkl,1000,31622,N=n^(3/2),1,sigma,1.463659147869674,1.0291734784995742e-07
flow_npe,posterior_samples.pkl,1000,31622,N=n^(3/2),1,sigma,1.4736842105263157,4.334404584478127e-07
flow_npe,posterior_samples.pkl,1000,31622,N=n^(3/2),1,sigma,1.4837092731829573,1.624094122964633e-06
flow_npe,posterior_samples.pkl,1000,31622,N=n^(3/2),1,sigma,1.493734335839599,5.416625745827467e-06
flow_npe,posterior_samples.pkl,1000,31622,N=n^(3/2),1,sigma,1.5037593984962405,1.609099664630447e-05
flow_npe,posterior_samples.pkl,1000,31622,N=n^(3/2),1,sigma,1.5137844611528821,4.262213996294069e-05
flow_npe,posterior_samples.pkl,1000,31622,N=n^(3/2),1,sigma,1.5238095238095237,0.00010083005793044506
flow_npe,posterior_samples.pkl,1000,31622,N=n^(3/2),1,sigma,1.5338345864661653,0.0002135543375218204
flow_npe,posterior_samples.pkl,1000,31622,N=n^(3/2),1,sigma,1.543859649122807,0.00040640313249292104
flow_npe,posterior_samples.pkl,1000,31622,N=n^(3/2),1,sigma,1.5538847117794485,0.0006985135386123187
flow_npe,posterior_samples.pkl,1000,31622,N=n^(3/2),1,sigma,1.5639097744360901,0.0010919528063606544
flow_npe,posterior_samples.pkl,1000,31622,N=n^(3/2),1,sigma,1.5739348370927317,0.0015663044796012133
flow_npe,posterior_samples.pkl,1000,31622,N=n^(3/2),1,sigma,1.5839598997493733,0.0020821718937715484
flow_npe,posterior_samples.pkl,1000,31622,N=n^(3/2),1,sigma,1.593984962406015,0.0025901184000106737
flow_npe,posterior_samples.pkl,1000,31622,N=n^(3/2),1,sigma,1.6040100250626566,0.0030385620385054335
flow_npe,posterior_samples.pkl,1000,31622,N=n^(3/2),1,sigma,1.6140350877192982,0.0033808756534665827
flow_npe,posterior_samples.pkl,1000,31622,N=n^(3/2),1,sigma,1.6240601503759398,0.0035898254470855028
flow_npe,posterior_samples.pkl,1000,31622,N=n^(3/2),1,sigma,1.6340852130325814,0.0036818167737597343
flow_npe,posterior_samples.pkl,1000,31622,N=n^(3/2),1,sigma,1.644110275689223,0.003735961190383855
flow_npe,posterior_samples.pkl,1000,31622,N=n^(3/2),1,sigma,1.6541353383458646,0.0038865287082074183
flow_npe,posterior_samples.pkl,1000,31622,N=n^(3/2),1,sigma,1.6641604010025062,0.0042877299825065515
flow_npe,posterior_samples.pkl,1000,31622,N=n^(3/2),1,sigma,1.6741854636591478,0.005079604606660069
flow_npe,posterior_samples.pkl,1000,31622,N=n^(3/2),1,sigma,1.6842105263157894,0.006388513955654568
flow_npe,posterior_samples.pkl,1000,31622,N=n^(3/2),1,sigma,1.694235588972431,0.008366242086168053
flow_npe,posterior_samples.pkl,1000,31622,N=n^(3/2),1,sigma,1.7042606516290726,0.01123718736689717
flow_npe,posterior_samples.pkl,1000,31622,N=n^(3/2),1,sigma,1.7142857142857142,0.015315857776511744
flow_npe,posterior_samples.pkl,1000,31622,N=n^(3/2),1,sigma,1.7243107769423558,0.020976795506958898
flow_npe,posterior_samples.pkl,1000,31622,N=n^(3/2),1,sigma,1.7343358395989974,0.028584205172327497
flow_npe,posterior_samples.pkl,1000,31622,N=n^(3/2),1,sigma,1.744360902255639,0.03840937567510282
flow_npe,posterior_samples.pkl,1000,31622,N=n^(3/2),1,sigma,1.7543859649122806,0.050585891120956884
flow_npe,posterior_samples.pkl,1000,31622,N=n^(3/2),1,sigma,1.7644110275689222,0.06516514064875226
flow_npe,posterior_samples.pkl,1000,31622,N=n^(3/2),1,sigma,1.7744360902255638,0.08230552856950203
flow_npe,posterior_samples.pkl,1000,31622,N=n^(3/2),1,sigma,1.7844611528822054,0.10255064587158674
flow_npe,posterior_samples.pkl,1000,31622,N=n^(3/2),1,sigma,1.794486215538847,0.1270794959556128
flow_npe,posterior_samples.pkl,1000,31622,N=n^(3/2),1,sigma,1.8045112781954886,0.15781939021838037
flow_npe,posterior_samples.pkl,1000,31622,N=n^(3/2),1,sigma,1.8145363408521302,0.19740404760447902
flow_npe,posterior_samples.pkl,1000,31622,N=n^(3/2),1,sigma,1.8245614035087718,0.24905764060266364
flow_npe,posterior_samples.pkl,1000,31622,N=n^(3/2),1,sigma,1.8345864661654134,0.3165154429890024
flow_npe,posterior_samples.pkl,1000,31622,N=n^(3/2),1,sigma,1.844611528822055,0.4040503494750229
flow_npe,posterior_samples.pkl,1000,31622,N=n^(3/2),1,sigma,1.8546365914786966,0.5165977216510513
flow_npe,posterior_samples.pkl,1000,31622,N=n^(3/2),1,sigma,1.8646616541353382,0.659879709148151
flow_npe,posterior_samples.pkl,1000,31622,N=n^(3/2),1,sigma,1.8746867167919798,0.8403472632890925
flow_npe,posterior_samples.pkl,1000,31622,N=n^(3/2),1,sigma,1.8847117794486214,1.0647393097670454
flow_npe,posterior_samples.pkl,1000,31622,N=n^(3/2),1,sigma,1.894736842105263,1.3391511635571678
flow_npe,posterior_samples.pkl,1000,31622,N=n^(3/2),1,sigma,1.9047619047619047,1.6676855900693595
flow_npe,posterior_samples.pkl,1000,31622,N=n^(3/2),1,sigma,1.9147869674185463,2.05095337058763
flow_npe,posterior_samples.pkl,1000,31622,N=n^(3/2),1,sigma,1.9248120300751879,2.484821473507488
flow_npe,posterior_samples.pkl,1000,31622,N=n^(3/2),1,sigma,1.9348370927318295,2.959807063737385
flow_npe,posterior_samples.pkl,1000,31622,N=n^(3/2),1,sigma,1.944862155388471,3.4613138859171686
flow_npe,posterior_samples.pkl,1000,31622,N=n^(3/2),1,sigma,1.9548872180451127,3.970522927643549
flow_npe,posterior_samples.pkl,1000,31622,N=n^(3/2),1,sigma,1.9649122807017543,4.4654106307074395
flow_npe,posterior_samples.pkl,1000,31622,N=n^(3/2),1,sigma,1.9749373433583959,4.921432787451843
flow_npe,posterior_samples.pkl,1000,31622,N=n^(3/2),1,sigma,1.9849624060150375,5.3120190519390205
flow_npe,posterior_samples.pkl,1000,31622,N=n^(3/2),1,sigma,1.994987468671679,5.609773902762774
flow_npe,posterior_samples.pkl,1000,31622,N=n^(3/2),1,sigma,2.0050125313283207,5.789390511453269
flow_npe,posterior_samples.pkl,1000,31622,N=n^(3/2),1,sigma,2.015037593984962,5.83228818038571
flow_npe,posterior_samples.pkl,1000,31622,N=n^(3/2),1,sigma,2.025062656641604,5.73141269315147
flow_npe,posterior_samples.pkl,1000,31622,N=n^(3/2),1,sigma,2.0350877192982457,5.493813477217001
flow_npe,posterior_samples.pkl,1000,31622,N=n^(3/2),1,sigma,2.045112781954887,5.139462970474706
flow_npe,posterior_samples.pkl,1000,31622,N=n^(3/2),1,sigma,2.0551378446115285,4.696823342729458
flow_npe,posterior_samples.pkl,1000,31622,N=n^(3/2),1,sigma,2.0651629072681703,4.197317076896216
flow_npe,posterior_samples.pkl,1000,31622,N=n^(3/2),1,sigma,2.075187969924812,3.6709192468067755
flow_npe,posterior_samples.pkl,1000,31622,N=n^(3/2),1,sigma,2.0852130325814535,3.1437959829937085
flow_npe,posterior_samples.pkl,1000,31622,N=n^(3/2),1,sigma,2.095238095238095,2.6375250610383567
flow_npe,posterior_samples.pkl,1000,31622,N=n^(3/2),1,sigma,2.1052631578947367,2.1689355617304606
flow_npe,posterior_samples.pkl,1000,31622,N=n^(3/2),1,sigma,2.1152882205513786,1.749962297672984
flow_npe,posterior_samples.pkl,1000,31622,N=n^(3/2),1,sigma,2.12531328320802,1.3874763714628469
flow_npe,posterior_samples.pkl,1000,31622,N=n^(3/2),1,sigma,2.1353383458646613,1.0833493367596243
flow_npe,posterior_samples.pkl,1000,31622,N=n^(3/2),1,sigma,2.145363408521303,0.8350050041168326
flow_npe,posterior_samples.pkl,1000,31622,N=n^(3/2),1,sigma,2.155388471177945,0.6365520608870563
flow_npe,posterior_samples.pkl,1000,31622,N=n^(3/2),1,sigma,2.1654135338345863,0.48034700455393564
flow_npe,posterior_samples.pkl,1000,31622,N=n^(3/2),1,sigma,2.1754385964912277,0.3585860221058034
flow_npe,posterior_samples.pkl,1000,31622,N=n^(3/2),1,sigma,2.1854636591478696,0.26444090729660835
flow_npe,posterior_samples.pkl,1000,31622,N=n^(3/2),1,sigma,2.1954887218045114,0.19246782662365325
flow_npe,posterior_samples.pkl,1000,31622,N=n^(3/2),1,sigma,2.2055137844611528,0.1384070017548635
flow_npe,posterior_samples.pkl,1000,31622,N=n^(3/2),1,sigma,2.215538847117794,0.09875298803867136
flow_npe,posterior_samples.pkl,1000,31622,N=n^(3/2),1,sigma,2.225563909774436,0.07043386675338906
flow_npe,posterior_samples.pkl,1000,31622,N=n^(3/2),1,sigma,2.235588972431078,0.05070838542959242
flow_npe,posterior_samples.pkl,1000,31622,N=n^(3/2),1,sigma,2.245614035087719,0.03720804159983806
flow_npe,posterior_samples.pkl,1000,31622,N=n^(3/2),1,sigma,2.2556390977443606,0.028016710939689892
flow_npe,posterior_samples.pkl,1000,31622,N=n^(3/2),1,sigma,2.2656641604010024,0.02172200072321324
flow_npe,posterior_samples.pkl,1000,31622,N=n^(3/2),1,sigma,2.275689223057644,0.017400359739976196
flow_npe,posterior_samples.pkl,1000,31622,N=n^(3/2),1,sigma,2.2857142857142856,0.014511632670280218
flow_npe,posterior_samples.pkl,1000,31622,N=n^(3/2),1,sigma,2.295739348370927,0.012719865892860172
flow_npe,posterior_samples.pkl,1000,31622,N=n^(3/2),1,sigma,2.305764411027569,0.011717183573740448
flow_npe,posterior_samples.pkl,1000,31622,N=n^(3/2),1,sigma,2.3157894736842106,0.011144373684297887
flow_npe,posterior_samples.pkl,1000,31622,N=n^(3/2),1,sigma,2.325814536340852,0.010640172915923517
flow_npe,posterior_samples.pkl,1000,31622,N=n^(3/2),1,sigma,2.3358395989974934,0.009956433733672812
flow_npe,posterior_samples.pkl,1000,31622,N=n^(3/2),1,sigma,2.345864661654135,0.009032846429260463
flow_npe,posterior_samples.pkl,1000,31622,N=n^(3/2),1,sigma,2.355889724310777,0.007969107057566928
flow_npe,posterior_samples.pkl,1000,31622,N=n^(3/2),1,sigma,2.3659147869674184,0.006919243751312469
flow_npe,posterior_samples.pkl,1000,31622,N=n^(3/2),1,sigma,2.37593984962406,0.0059861271945423926
flow_npe,posterior_samples.pkl,1000,31622,N=n^(3/2),1,sigma,2.3859649122807016,0.005179119993862652
flow_npe,posterior_samples.pkl,1000,31622,N=n^(3/2),1,sigma,2.3959899749373434,0.004441753435696526
flow_npe,posterior_samples.pkl,1000,31622,N=n^(3/2),1,sigma,2.406015037593985,0.003711003620580327
flow_npe,posterior_samples.pkl,1000,31622,N=n^(3/2),1,sigma,2.416040100250626,0.0029631625920438108
flow_npe,posterior_samples.pkl,1000,31622,N=n^(3/2),1,sigma,2.426065162907268,0.0022241785145539358
flow_npe,posterior_samples.pkl,1000,31622,N=n^(3/2),1,sigma,2.43609022556391,0.001549380385763617
flow_npe,posterior_samples.pkl,1000,31622,N=n^(3/2),1,sigma,2.4461152882205512,0.0009919709441495394
flow_npe,posterior_samples.pkl,1000,31622,N=n^(3/2),1,sigma,2.4561403508771926,0.0005793701245124014
flow_npe,posterior_samples.pkl,1000,31622,N=n^(3/2),1,sigma,2.4661654135338344,0.00030691038823230007
flow_npe,posterior_samples.pkl,1000,31622,N=n^(3/2),1,sigma,2.4761904761904763,0.00014682186540194918
flow_npe,posterior_samples.pkl,1000,31622,N=n^(3/2),1,sigma,2.4862155388471177,6.337991071171148e-05
flow_npe,posterior_samples.pkl,1000,31622,N=n^(3/2),1,sigma,2.496240601503759,2.53188803742722e-05
flow_npe,posterior_samples.pkl,1000,31622,N=n^(3/2),1,sigma,2.506265664160401,1.1748965306157174e-05
flow_npe,posterior_samples.pkl,1000,31622,N=n^(3/2),1,sigma,2.5162907268170427,1.293185399127012e-05
flow_npe,posterior_samples.pkl,1000,31622,N=n^(3/2),1,sigma,2.526315789473684,2.9187407642613574e-05
flow_npe,posterior_samples.pkl,1000,31622,N=n^(3/2),1,sigma,2.5363408521303255,6.990271403180907e-05
flow_npe,posterior_samples.pkl,1000,31622,N=n^(3/2),1,sigma,2.5463659147869673,0.00015183475768995515
flow_npe,posterior_samples.pkl,1000,31622,N=n^(3/2),1,sigma,2.556390977443609,0.0002937735831724921
flow_npe,posterior_samples.pkl,1000,31622,N=n^(3/2),1,sigma,2.5664160401002505,0.0005053870127703311
flow_npe,posterior_samples.pkl,1000,31622,N=n^(3/2),1,sigma,2.576441102756892,0.0007729036814076907
flow_npe,posterior_samples.pkl,1000,31622,N=n^(3/2),1,sigma,2.5864661654135337,0.0010507731116772936
flow_npe,posterior_samples.pkl,1000,31622,N=n^(3/2),1,sigma,2.5964912280701755,0.0012699179059684484
flow_npe,posterior_samples.pkl,1000,31622,N=n^(3/2),1,sigma,2.606516290726817,0.0013643728840543534
flow_npe,posterior_samples.pkl,1000,31622,N=n^(3/2),1,sigma,2.6165413533834583,0.0013032179989175836
flow_npe,posterior_samples.pkl,1000,31622,N=n^(3/2),1,sigma,2.6265664160401,0.001107118986370664
flow_npe,posterior_samples.pkl,1000,31622,N=n^(3/2),1,sigma,2.636591478696742,0.0008379896169247221
flow_npe,posterior_samples.pkl,1000,31622,N=n^(3/2),1,sigma,2.6466165413533833,0.0005697827067076926
flow_npe,posterior_samples.pkl,1000,31622,N=n^(3/2),1,sigma,2.6566416040100247,0.0003608199389954555
flow_npe,posterior_samples.pkl,1000,31622,N=n^(3/2),1,sigma,2.6666666666666665,0.00024311019734934167
flow_npe,posterior_samples.pkl,1000,31622,N=n^(3/2),1,sigma,2.6766917293233083,0.00022824183430540505
flow_npe,posterior_samples.pkl,1000,31622,N=n^(3/2),1,sigma,2.6867167919799497,0.0003172979255875077
flow_npe,posterior_samples.pkl,1000,31622,N=n^(3/2),1,sigma,2.696741854636591,0.0005024906225985945
flow_npe,posterior_samples.pkl,1000,31622,N=n^(3/2),1,sigma,2.706766917293233,0.0007586733102119451
flow_npe,posterior_samples.pkl,1000,31622,N=n^(3/2),1,sigma,2.7167919799498748,0.0010347880019014424
flow_npe,posterior_samples.pkl,1000,31622,N=n^(3/2),1,sigma,2.726817042606516,0.001259080116403947
flow_npe,posterior_samples.pkl,1000,31622,N=n^(3/2),1,sigma,2.7368421052631575,0.001362902720392577
flow_npe,posterior_samples.pkl,1000,31622,N=n^(3/2),1,sigma,2.7468671679197993,0.001311680057582132
flow_npe,posterior_samples.pkl,1000,31622,N=n^(3/2),1,sigma,2.756892230576441,0.001122243437867211
flow_npe,posterior_samples.pkl,1000,31622,N=n^(3/2),1,sigma,2.7669172932330826,0.0008535528520645352
flow_npe,posterior_samples.pkl,1000,31622,N=n^(3/2),1,sigma,2.776942355889724,0.0005771057282435142
flow_npe,posterior_samples.pkl,1000,31622,N=n^(3/2),1,sigma,2.7869674185463658,0.00034686575568645755
flow_npe,posterior_samples.pkl,1000,31622,N=n^(3/2),1,sigma,2.7969924812030076,0.00018533115112948187
flow_npe,posterior_samples.pkl,1000,31622,N=n^(3/2),1,sigma,2.807017543859649,8.802709110846336e-05
flow_npe,posterior_samples.pkl,1000,31622,N=n^(3/2),1,sigma,2.8170426065162903,3.716765857669558e-05
flow_npe,posterior_samples.pkl,1000,31622,N=n^(3/2),1,sigma,2.827067669172932,1.3950667221611403e-05
flow_npe,posterior_samples.pkl,1000,31622,N=n^(3/2),1,sigma,2.837092731829574,4.6548498743539354e-06
flow_npe,posterior_samples.pkl,1000,31622,N=n^(3/2),1,sigma,2.8471177944862154,1.3806935693901409e-06
flow_npe,posterior_samples.pkl,1000,31622,N=n^(3/2),1,sigma,2.8571428571428568,3.6405738797007273e-07
flow_npe,posterior_samples.pkl,1000,31622,N=n^(3/2),1,sigma,2.8671679197994986,8.533423882180716e-08
flow_npe,posterior_samples.pkl,1000,31622,N=n^(3/2),1,sigma,2.8771929824561404,1.7781062667046634e-08
flow_npe,posterior_samples.pkl,1000,31622,N=n^(3/2),1,sigma,2.887218045112782,3.293616499990675e-09
flow_npe,posterior_samples.pkl,1000,31622,N=n^(3/2),1,sigma,2.897243107769423,5.423370447232451e-10
flow_npe,posterior_samples.pkl,1000,31622,N=n^(3/2),1,sigma,2.907268170426065,7.938645962884427e-11
flow_npe,posterior_samples.pkl,1000,31622,N=n^(3/2),1,sigma,2.917293233082707,1.0330099907348887e-11
flow_npe,posterior_samples.pkl,1000,31622,N=n^(3/2),1,sigma,2.927318295739348,1.1949329388222368e-12
flow_npe,posterior_samples.pkl,1000,31622,N=n^(3/2),1,sigma,2.9373433583959896,1.2287498201301334e-13
flow_npe,posterior_samples.pkl,1000,31622,N=n^(3/2),1,sigma,2.9473684210526314,1.1232186999231506e-14
flow_npe,posterior_samples.pkl,1000,31622,N=n^(3/2),1,sigma,2.9573934837092732,9.127379469044801e-16
flow_npe,posterior_samples.pkl,1000,31622,N=n^(3/2),1,sigma,2.9674185463659146,6.59339070462623e-17
flow_npe,posterior_samples.pkl,1000,31622,N=n^(3/2),1,sigma,2.977443609022556,4.234015463860381e-18
flow_npe,posterior_samples.pkl,1000,31622,N=n^(3/2),1,sigma,2.987468671679198,2.417001899339308e-19
flow_npe,posterior_samples.pkl,1000,31622,N=n^(3/2),1,sigma,2.9974937343358397,1.2265421209240702e-20
flow_npe,posterior_samples.pkl,1000,31622,N=n^(3/2),1,sigma,3.007518796992481,5.533104414001499e-22
flow_npe,posterior_samples.pkl,1000,31622,N=n^(3/2),1,sigma,3.0175438596491224,2.218892120888235e-23
flow_npe,posterior_samples.pkl,1000,31622,N=n^(3/2),1,sigma,3.0275689223057642,7.910144802664121e-25
flow_npe,posterior_samples.pkl,1000,31622,N=n^(3/2),1,sigma,3.037593984962406,2.5067648879132967e-26
flow_npe,posterior_samples.pkl,1000,31622,N=n^(3/2),1,sigma,3.0476190476190474,7.061934670353902e-28
flow_npe,posterior_samples.pkl,1000,31622,N=n^(3/2),1,sigma,3.057644110275689,1.7685392866322764e-29
flow_npe,posterior_samples.pkl,1000,31622,N=n^(3/2),1,sigma,3.0676691729323307,3.937192520152321e-31
flow_npe,posterior_samples.pkl,1000,31622,N=n^(3/2),1,sigma,3.0776942355889725,7.791830821670739e-33
flow_npe,posterior_samples.pkl,1000,31622,N=n^(3/2),1,sigma,3.087719298245614,1.3707974914934656e-34
flow_npe,posterior_samples.pkl,1000,31622,N=n^(3/2),1,sigma,3.0977443609022552,2.1438184838181747e-36
flow_npe,posterior_samples.pkl,1000,31622,N=n^(3/2),1,sigma,3.107769423558897,2.9804623807765916e-38
flow_npe,posterior_samples.pkl,1000,31622,N=n^(3/2),1,sigma,3.117794486215539,3.683495991196281e-40
flow_npe,posterior_samples.pkl,1000,31622,N=n^(3/2),1,sigma,3.1278195488721803,4.046855356190645e-42
flow_npe,posterior_samples.pkl,1000,31622,N=n^(3/2),1,sigma,3.1378446115288217,3.9523562739521613e-44
flow_npe,posterior_samples.pkl,1000,31622,N=n^(3/2),1,sigma,3.1478696741854635,3.43143212911275e-46
flow_npe,posterior_samples.pkl,1000,31622,N=n^(3/2),1,sigma,3.1578947368421053,2.6483517334002193e-48
flow_npe,posterior_samples.pkl,1000,31622,N=n^(3/2),1,sigma,3.1679197994987467,1.8170079962587579e-50
flow_npe,posterior_samples.pkl,1000,31622,N=n^(3/2),1,sigma,3.177944862155388,1.1082020172554068e-52
flow_npe,posterior_samples.pkl,1000,31622,N=n^(3/2),1,sigma,3.18796992481203,6.0084431678869066e-55
flow_npe,posterior_samples.pkl,1000,31622,N=n^(3/2),1,sigma,3.1979949874686717,2.895915613430342e-57
flow_npe,posterior_samples.pkl,1000,31622,N=n^(3/2),1,sigma,3.208020050125313,1.240768532490439e-59
flow_npe,posterior_samples.pkl,1000,31622,N=n^(3/2),1,sigma,3.2180451127819545,4.725813323633603e-62
flow_npe,posterior_samples.pkl,1000,31622,N=n^(3/2),1,sigma,3.2280701754385963,1.6000858239377396e-64
flow_npe,posterior_samples.pkl,1000,31622,N=n^(3/2),1,sigma,3.238095238095238,4.816049214122526e-67
flow_npe,posterior_samples.pkl,1000,31622,N=n^(3/2),1,sigma,3.2481203007518795,1.288604009619686e-69
flow_npe,posterior_samples.pkl,1000,31622,N=n^(3/2),1,sigma,3.258145363408521,3.064989308831637e-72
flow_npe,posterior_samples.pkl,1000,31622,N=n^(3/2),1,sigma,3.2681704260651627,6.480662025446344e-75
flow_npe,posterior_samples.pkl,1000,31622,N=n^(3/2),1,sigma,3.2781954887218046,1.2181217720276835e-77
flow_npe,posterior_samples.pkl,1000,31622,N=n^(3/2),1,sigma,3.288220551378446,2.0353680907204335e-80
flow_npe,posterior_samples.pkl,1000,31622,N=n^(3/2),1,sigma,3.2982456140350873,3.0232644765988764e-83
flow_npe,posterior_samples.pkl,1000,31622,N=n^(3/2),1,sigma,3.308270676691729,3.991997347965469e-86
flow_npe,posterior_samples.pkl,1000,31622,N=n^(3/2),1,sigma,3.318295739348371,4.6858164270388045e-89
flow_npe,posterior_samples.pkl,1000,31622,N=n^(3/2),1,sigma,3.3283208020050123,4.8894636351698906e-92
flow_npe,posterior_samples.pkl,1000,31622,N=n^(3/2),1,sigma,3.3383458646616537,4.535426088377714e-95
flow_npe,posterior_samples.pkl,1000,31622,N=n^(3/2),1,sigma,3.3483709273182956,3.7398647003625786e-98
flow_npe,posterior_samples.pkl,1000,31622,N=n^(3/2),1,sigma,3.3583959899749374,2.7414139036182785e-101
flow_npe,posterior_samples.pkl,1000,31622,N=n^(3/2),1,sigma,3.3684210526315788,1.7863816743596905e-104
flow_npe,posterior_samples.pkl,1000,31622,N=n^(3/2),1,sigma,3.37844611528822,1.0347961954501773e-107
flow_npe,posterior_samples.pkl,1000,31622,N=n^(3/2),1,sigma,3.388471177944862,5.3934115668561155e-111
flow_npe,posterior_samples.pkl,1000,31622,N=n^(3/2),1,sigma,3.398496240601504,1.3460163418041927e-109
flow_npe,posterior_samples.pkl,1000,31622,N=n^(3/2),1,sigma,3.408521303258145,2.4864279633835215e-106
flow_npe,posterior_samples.pkl,1000,31622,N=n^(3/2),1,sigma,3.4185463659147866,4.08310195173384e-103
flow_npe,posterior_samples.pkl,1000,31622,N=n^(3/2),1,sigma,3.4285714285714284,5.960538399206962e-100
flow_npe,posterior_samples.pkl,1000,31622,N=n^(3/2),1,sigma,3.43859649122807,7.73502425259214e-97
flow_npe,posterior_samples.pkl,1000,31622,N=n^(3/2),1,sigma,3.4486215538847116,8.923162310663988e-94
flow_npe,posterior_samples.pkl,1000,31622,N=n^(3/2),1,sigma,3.458646616541353,9.15075292476351e-91
flow_npe,posterior_samples.pkl,1000,31622,N=n^(3/2),1,sigma,3.468671679197995,8.342107639794173e-88
flow_npe,posterior_samples.pkl,1000,31622,N=n^(3/2),1,sigma,3.4786967418546366,6.760451053737453e-85
flow_npe,posterior_samples.pkl,1000,31622,N=n^(3/2),1,sigma,3.488721804511278,4.8703085914293617e-82
flow_npe,posterior_samples.pkl,1000,31622,N=n^(3/2),1,sigma,3.4987468671679194,3.11902036342042e-79
flow_npe,posterior_samples.pkl,1000,31622,N=n^(3/2),1,sigma,3.508771929824561,1.775664303504769e-76
flow_npe,posterior_samples.pkl,1000,31622,N=n^(3/2),1,sigma,3.518796992481203,8.986373008939564e-74
flow_npe,posterior_samples.pkl,1000,31622,N=n^(3/2),1,sigma,3.5288220551378444,4.042862232887108e-71
flow_npe,posterior_samples.pkl,1000,31622,N=n^(3/2),1,sigma,3.538847117794486,1.6168672582438688e-68
flow_npe,posterior_samples.pkl,1000,31622,N=n^(3/2),1,sigma,3.5488721804511276,5.748317058566633e-66
flow_npe,posterior_samples.pkl,1000,31622,N=n^(3/2),1,sigma,3.5588972431077694,1.8167199513276841e-63
flow_npe,posterior_samples.pkl,1000,31622,N=n^(3/2),1,sigma,3.568922305764411,5.104064811193044e-61
flow_npe,posterior_samples.pkl,1000,31622,N=n^(3/2),1,sigma,3.578947368421052,1.274750815905016e-58
flow_npe,posterior_samples.pkl,1000,31622,N=n^(3/2),1,sigma,3.588972431077694,2.8301883588681417e-56
flow_npe,posterior_samples.pkl,1000,31622,N=n^(3/2),1,sigma,3.598997493734336,5.585811881117476e-54
flow_npe,posterior_samples.pkl,1000,31622,N=n^(3/2),1,sigma,3.6090225563909772,9.800273459223744e-52
flow_npe,posterior_samples.pkl,1000,31622,N=n^(3/2),1,sigma,3.6190476190476186,1.5285195795253282e-49
flow_npe,posterior_samples.pkl,1000,31622,N=n^(3/2),1,sigma,3.6290726817042605,2.1192624430460154e-47
flow_npe,posterior_samples.pkl,1000,31622,N=n^(3/2),1,sigma,3.6390977443609023,2.6120374588619004e-45
flow_npe,posterior_samples.pkl,1000,31622,N=n^(3/2),1,sigma,3.6491228070175437,2.861903483861196e-43
flow_npe,posterior_samples.pkl,1000,31622,N=n^(3/2),1,sigma,3.659147869674185,2.787478262469638e-41
flow_npe,posterior_samples.pkl,1000,31622,N=n^(3/2),1,sigma,3.669172932330827,2.413508978560379e-39
flow_npe,posterior_samples.pkl,1000,31622,N=n^(3/2),1,sigma,3.6791979949874687,1.8576644569154971e-37
flow_npe,posterior_samples.pkl,1000,31622,N=n^(3/2),1,sigma,3.68922305764411,1.2710614527311594e-35
flow_npe,posterior_samples.pkl,1000,31622,N=n^(3/2),1,sigma,3.6992481203007515,7.731197147493694e-34
flow_npe,posterior_samples.pkl,1000,31622,N=n^(3/2),1,sigma,3.7092731829573933,4.1803040549860204e-32
flow_npe,posterior_samples.pkl,1000,31622,N=n^(3/2),1,sigma,3.719298245614035,2.00932375294467e-30
flow_npe,posterior_samples.pkl,1000,31622,N=n^(3/2),1,sigma,3.7293233082706765,8.585644234238018e-29
flow_npe,posterior_samples.pkl,1000,31622,N=n^(3/2),1,sigma,3.739348370927318,3.261195108979093e-27
flow_npe,posterior_samples.pkl,1000,31622,N=n^(3/2),1,sigma,3.7493734335839597,1.1011883282729437e-25
flow_npe,posterior_samples.pkl,1000,31622,N=n^(3/2),1,sigma,3.7593984962406015,3.3054252497510266e-24
flow_npe,posterior_samples.pkl,1000,31622,N=n^(3/2),1,sigma,3.769423558897243,8.820110061417858e-23
flow_npe,posterior_samples.pkl,1000,31622,N=n^(3/2),1,sigma,3.7794486215538843,2.092192265118821e-21
flow_npe,posterior_samples.pkl,1000,31622,N=n^(3/2),1,sigma,3.789473684210526,4.411741964176872e-20
flow_npe,posterior_samples.pkl,1000,31622,N=n^(3/2),1,sigma,3.799498746867168,8.269886286914113e-19
flow_npe,posterior_samples.pkl,1000,31622,N=n^(3/2),1,sigma,3.8095238095238093,1.3780656135112823e-17
flow_npe,posterior_samples.pkl,1000,31622,N=n^(3/2),1,sigma,3.8195488721804507,2.041367412440136e-16
flow_npe,posterior_samples.pkl,1000,31622,N=n^(3/2),1,sigma,3.8295739348370925,2.688149280384335e-15
flow_npe,posterior_samples.pkl,1000,31622,N=n^(3/2),1,sigma,3.8395989974937343,3.146780941085709e-14
flow_npe,posterior_samples.pkl,1000,31622,N=n^(3/2),1,sigma,3.8496240601503757,3.274617384662142e-13
flow_npe,posterior_samples.pkl,1000,31622,N=n^(3/2),1,sigma,3.859649122807017,3.029252943650472e-12
flow_npe,posterior_samples.pkl,1000,31622,N=n^(3/2),1,sigma,3.869674185463659,2.49110158189555e-11
flow_npe,posterior_samples.pkl,1000,31622,N=n^(3/2),1,sigma,3.8796992481203008,1.8210767928820166e-10
flow_npe,posterior_samples.pkl,1000,31622,N=n^(3/2),1,sigma,3.889724310776942,1.1834393502443688e-09
flow_npe,posterior_samples.pkl,1000,31622,N=n^(3/2),1,sigma,3.8997493734335835,6.836670909139293e-09
flow_npe,posterior_samples.pkl,1000,31622,N=n^(3/2),1,sigma,3.9097744360902253,3.510946954826935e-08
flow_npe,posterior_samples.pkl,1000,31622,N=n^(3/2),1,sigma,3.919799498746867,1.602820115686334e-07
flow_npe,posterior_samples.pkl,1000,31622,N=n^(3/2),1,sigma,3.9298245614035086,6.504684311836774e-07
flow_npe,posterior_samples.pkl,1000,31622,N=n^(3/2),1,sigma,3.93984962406015,2.3466514445928214e-06
flow_npe,posterior_samples.pkl,1000,31622,N=n^(3/2),1,sigma,3.9498746867167918,7.525786160326696e-06
flow_npe,posterior_samples.pkl,1000,31622,N=n^(3/2),1,sigma,3.9598997493734336,2.1455373745039278e-05
flow_npe,posterior_samples.pkl,1000,31622,N=n^(3/2),1,sigma,3.969924812030075,5.437524388255609e-05
flow_npe,posterior_samples.pkl,1000,31622,N=n^(3/2),1,sigma,3.9799498746867163,0.00012250315532029565
flow_npe,posterior_samples.pkl,1000,31622,N=n^(3/2),1,sigma,3.989974937343358,0.00024534333001296143
flow_npe,posterior_samples.pkl,1000,31622,N=n^(3/2),1,sigma,4.0,0.0004367995272749236
flow_npe,posterior_samples.pkl,1000,31622,N=n^(3/2),1,xi,-1.0,5.0162333213323855e-05
flow_npe,posterior_samples.pkl,1000,31622,N=n^(3/2),1,xi,-0.9949874686716792,7.808139655493625e-05
flow_npe,posterior_samples.pkl,1000,31622,N=n^(3/2),1,xi,-0.9899749373433584,0.0001177756623873265
flow_npe,posterior_samples.pkl,1000,31622,N=n^(3/2),1,xi,-0.9849624060150376,0.000172147879583453
flow_npe,posterior_samples.pkl,1000,31622,N=n^(3/2),1,xi,-0.9799498746867168,0.00024382932656561414
flow_npe,posterior_samples.pkl,1000,31622,N=n^(3/2),1,xi,-0.974937343358396,0.0003346634932323251
flow_npe,posterior_samples.pkl,1000,31622,N=n^(3/2),1,xi,-0.9699248120300752,0.00044511156659011086
flow_npe,posterior_samples.pkl,1000,31622,N=n^(3/2),1,xi,-0.9649122807017544,0.0005736771595621866
flow_npe,posterior_samples.pkl,1000,31622,N=n^(3/2),1,xi,-0.9598997493734336,0.0007164805044885909
flow_npe,posterior_samples.pkl,1000,31622,N=n^(3/2),1,xi,-0.9548872180451128,0.0008671202639133257
flow_npe,posterior_samples.pkl,1000,31622,N=n^(3/2),1,xi,-0.949874686716792,0.001016933215043049
flow_npe,posterior_samples.pkl,1000,31622,N=n^(3/2),1,xi,-0.9448621553884712,0.0011556961559898544
flow_npe,posterior_samples.pkl,1000,31622,N=n^(3/2),1,xi,-0.9398496240601504,0.0012727205141734666
flow_npe,posterior_samples.pkl,1000,31622,N=n^(3/2),1,xi,-0.9348370927318296,0.0013581900954528867
flow_npe,posterior_samples.pkl,1000,31622,N=n^(3/2),1,xi,-0.9298245614035088,0.0014045144545712653
flow_npe,posterior_samples.pkl,1000,31622,N=n^(3/2),1,xi,-0.924812030075188,0.001407440378232846
flow_npe,posterior_samples.pkl,1000,31622,N=n^(3/2),1,xi,-0.9197994987468672,0.0013666960491048278
flow_npe,posterior_samples.pkl,1000,31622,N=n^(3/2),1,xi,-0.9147869674185464,0.0012860326976281207
flow_npe,posterior_samples.pkl,1000,31622,N=n^(3/2),1,xi,-0.9097744360902256,0.0011726548977997223
flow_npe,posterior_samples.pkl,1000,31622,N=n^(3/2),1,xi,-0.9047619047619048,0.0010361594020614853
flow_npe,posterior_samples.pkl,1000,31622,N=n^(3/2),1,xi,-0.899749373433584,0.0008871990368841868
flow_npe,posterior_samples.pkl,1000,31622,N=n^(3/2),1,xi,-0.8947368421052632,0.0007361285987755706
flow_npe,posterior_samples.pkl,1000,31622,N=n^(3/2),1,xi,-0.8897243107769424,0.0005918674529455933
flow_npe,posterior_samples.pkl,1000,31622,N=n^(3/2),1,xi,-0.8847117794486216,0.00046114060595749395
flow_npe,posterior_samples.pkl,1000,31622,N=n^(3/2),1,xi,-0.8796992481203008,0.0003481612336213955
flow_npe,posterior_samples.pkl,1000,31622,N=n^(3/2),1,xi,-0.87468671679198,0.0002547214969535428
flow_npe,posterior_samples.pkl,1000,31622,N=n^(3/2),1,xi,-0.8696741854636592,0.00018058801463259372
flow_npe,posterior_samples.pkl,1000,31622,N=n^(3/2),1,xi,-0.8646616541353384,0.00012406531649493123
flow_npe,posterior_samples.pkl,1000,31622,N=n^(3/2),1,xi,-0.8596491228070176,8.259428375508225e-05
flow_npe,posterior_samples.pkl,1000,31622,N=n^(3/2),1,xi,-0.8546365914786967,5.3282885323169676e-05
flow_npe,posterior_samples.pkl,1000,31622,N=n^(3/2),1,xi,-0.849624060150376,3.330915508910136e-05
flow_npe,posterior_samples.pkl,1000,31622,N=n^(3/2),1,xi,-0.8446115288220551,2.0177977773371285e-05
flow_npe,posterior_samples.pkl,1000,31622,N=n^(3/2),1,xi,-0.8395989974937343,1.1844856601702497e-05
flow_npe,posterior_samples.pkl,1000,31622,N=n^(3/2),1,xi,-0.8345864661654135,6.737831554376587e-06
flow_npe,posterior_samples.pkl,1000,31622,N=n^(3/2),1,xi,-0.8295739348370927,3.714059255407545e-06
flow_npe,posterior_samples.pkl,1000,31622,N=n^(3/2),1,xi,-0.8245614035087719,1.983886259086878e-06
flow_npe,posterior_samples.pkl,1000,31622,N=n^(3/2),1,xi,-0.8195488721804511,1.0269025465088898e-06
flow_npe,posterior_samples.pkl,1000,31622,N=n^(3/2),1,xi,-0.8145363408521303,5.151291093998754e-07
flow_npe,posterior_samples.pkl,1000,31622,N=n^(3/2),1,xi,-0.8095238095238095,2.505226951882067e-07
flow_npe,posterior_samples.pkl,1000,31622,N=n^(3/2),1,xi,-0.8045112781954887,1.183815799067289e-07
flow_npe,posterior_samples.pkl,1000,31622,N=n^(3/2),1,xi,-0.7994987468671679,5.503165108873224e-08
flow_npe,posterior_samples.pkl,1000,31622,N=n^(3/2),1,xi,-0.7944862155388471,2.685484354943943e-08
flow_npe,posterior_samples.pkl,1000,31622,N=n^(3/2),1,xi,-0.7894736842105263,1.763631468987433e-08
flow_npe,posterior_samples.pkl,1000,31622,N=n^(3/2),1,xi,-0.7844611528822055,2.17847695350274e-08
flow_npe,posterior_samples.pkl,1000,31622,N=n^(3/2),1,xi,-0.7794486215538847,4.183875236327725e-08
flow_npe,posterior_samples.pkl,1000,31622,N=n^(3/2),1,xi,-0.7744360902255639,8.961087196358315e-08
flow_npe,posterior_samples.pkl,1000,31622,N=n^(3/2),1,xi,-0.7694235588972431,1.9127217841881735e-07
flow_npe,posterior_samples.pkl,1000,31622,N=n^(3/2),1,xi,-0.7644110275689223,3.976255550179504e-07
flow_npe,posterior_samples.pkl,1000,31622,N=n^(3/2),1,xi,-0.7593984962406015,8.017195845749251e-07
flow_npe,posterior_samples.pkl,1000,31622,N=n^(3/2),1,xi,-0.7543859649122807,1.5666684196141746e-06
flow_npe,posterior_samples.pkl,1000,31622,N=n^(3/2),1,xi,-0.7493734335839599,2.9667560506126832e-06
flow_npe,posterior_samples.pkl,1000,31622,N=n^(3/2),1,xi,-0.7443609022556391,5.444109323846946e-06
flow_npe,posterior_samples.pkl,1000,31622,N=n^(3/2),1,xi,-0.7393483709273183,9.680779998477684e-06
flow_npe,posterior_samples.pkl,1000,31622,N=n^(3/2),1,xi,-0.7343358395989975,1.6681383609465104e-05
flow_npe,posterior_samples.pkl,1000,31622,N=n^(3/2),1,xi,-0.7293233082706767,2.7854280330476925e-05
flow_npe,posterior_samples.pkl,1000,31622,N=n^(3/2),1,xi,-0.7243107769423559,4.507024938279905e-05
flow_npe,posterior_samples.pkl,1000,31622,N=n^(3/2),1,xi,-0.7192982456140351,7.066854179428844e-05
flow_npe,posterior_samples.pkl,1000,31622,N=n^(3/2),1,xi,-0.7142857142857143,0.00010737432781479943
flow_npe,posterior_samples.pkl,1000,31622,N=n^(3/2),1,xi,-0.7092731829573935,0.00015809311771460658
flow_npe,posterior_samples.pkl,1000,31622,N=n^(3/2),1,xi,-0.7042606516290727,0.0002255608304282525
flow_npe,posterior_samples.pkl,1000,31622,N=n^(3/2),1,xi,-0.6992481203007519,0.0003118549855321025
flow_npe,posterior_samples.pkl,1000,31622,N=n^(3/2),1,xi,-0.6942355889724311,0.00041781124330456213
flow_npe,posterior_samples.pkl,1000,31622,N=n^(3/2),1,xi,-0.6892230576441103,0.0005424331829021235
flow_npe,posterior_samples.pkl,1000,31622,N=n^(3/2),1,xi,-0.6842105263157895,0.0006824197679194831
flow_npe,posterior_samples.pkl,1000,31622,N=n^(3/2),1,xi,-0.6791979949874687,0.0008319499500697785
flow_npe,posterior_samples.pkl,1000,31622,N=n^(3/2),1,xi,-0.6741854636591479,0.000982845065764751
flow_npe,posterior_samples.pkl,1000,31622,N=n^(3/2),1,xi,-0.6691729323308271,0.0011251724939173437
flow_npe,posterior_samples.pkl,1000,31622,N=n^(3/2),1,xi,-0.6641604010025063,0.001248265603487707
flow_npe,posterior_samples.pkl,1000,31622,N=n^(3/2),1,xi,-0.6591478696741855,0.001342034719196553
flow_npe,posterior_samples.pkl,1000,31622,N=n^(3/2),1,xi,-0.6541353383458647,0.0013983591017736913
flow_npe,posterior_samples.pkl,1000,31622,N=n^(3/2),1,xi,-0.6491228070175439,0.0014123079587456092
flow_npe,posterior_samples.pkl,1000,31622,N=n^(3/2),1,xi,-0.6441102756892231,0.0013829565346592475
flow_npe,posterior_samples.pkl,1000,31622,N=n^(3/2),1,xi,-0.6390977443609023,0.0013136413960305945
flow_npe,posterior_samples.pkl,1000,31622,N=n^(3/2),1,xi,-0.6340852130325815,0.0012116182136609785
flow_npe,posterior_samples.pkl,1000,31622,N=n^(3/2),1,xi,-0.6290726817042607,0.001087212969055014
flow_npe,posterior_samples.pkl,1000,31622,N=n^(3/2),1,xi,-0.6240601503759399,0.0009526575745367436
flow_npe,posterior_samples.pkl,1000,31622,N=n^(3/2),1,xi,-0.6190476190476191,0.00082084603155432
flow_npe,posterior_samples.pkl,1000,31622,N=n^(3/2),1,xi,-0.6140350877192983,0.0007042276781394812
flow_npe,posterior_samples.pkl,1000,31622,N=n^(3/2),1,xi,-0.6090225563909775,0.0006139803130124644
flow_npe,posterior_samples.pkl,1000,31622,N=n^(3/2),1,xi,-0.6040100250626567,0.0005595045799627776
flow_npe,posterior_samples.pkl,1000,31622,N=n^(3/2),1,xi,-0.5989974937343359,0.0005481851849947813
flow_npe,posterior_samples.pkl,1000,31622,N=n^(3/2),1,xi,-0.5939849624060151,0.0005853033403063999
flow_npe,posterior_samples.pkl,1000,31622,N=n^(3/2),1,xi,-0.5889724310776943,0.0006739744068680299
flow_npe,posterior_samples.pkl,1000,31622,N=n^(3/2),1,xi,-0.5839598997493735,0.0008150241828985465
flow_npe,posterior_samples.pkl,1000,31622,N=n^(3/2),1,xi,-0.5789473684210527,0.001006790133114702
flow_npe,posterior_samples.pkl,1000,31622,N=n^(3/2),1,xi,-0.5739348370927319,0.0012449136506334849
flow_npe,posterior_samples.pkl,1000,31622,N=n^(3/2),1,xi,-0.568922305764411,0.0015222481214278523
flow_npe,posterior_samples.pkl,1000,31622,N=n^(3/2),1,xi,-0.5639097744360902,0.0018290237759357672
flow_npe,posterior_samples.pkl,1000,31622,N=n^(3/2),1,xi,-0.5588972431077694,0.0021533757194683663
flow_npe,posterior_samples.pkl,1000,31622,N=n^(3/2),1,xi,-0.5538847117794486,0.0024822633093079262
flow_npe,posterior_samples.pkl,1000,31622,N=n^(3/2),1,xi,-0.5488721804511278,0.002802707901250616
flow_npe,posterior_samples.pkl,1000,31622,N=n^(3/2),1,xi,-0.543859649122807,0.0031031801111521236
flow_npe,posterior_samples.pkl,1000,31622,N=n^(3/2),1,xi,-0.5388471177944862,0.0033749043997002887
flow_npe,posterior_samples.pkl,1000,31622,N=n^(3/2),1,xi,-0.5338345864661654,0.003612836240847903
flow_npe,posterior_samples.pkl,1000,31622,N=n^(3/2),1,xi,-0.5288220551378446,0.0038161095121410334
flow_npe,posterior_samples.pkl,1000,31622,N=n^(3/2),1,xi,-0.5238095238095238,0.003987838730033321
flow_npe,posterior_samples.pkl,1000,31622,N=n^(3/2),1,xi,-0.518796992481203,0.004134271915448635
flow_npe,posterior_samples.pkl,1000,31622,N=n^(3/2),1,xi,-0.5137844611528822,0.004263401741564669
flow_npe,posterior_samples.pkl,1000,31622,N=n^(3/2),1,xi,-0.5087719298245614,0.004383235425479702
flow_npe,posterior_samples.pkl,1000,31622,N=n^(3/2),1,xi,-0.5037593984962406,0.004499985270918453
flow_npe,posterior_samples.pkl,1000,31622,N=n^(3/2),1,xi,-0.4987468671679198,0.004616466715015146
flow_npe,posterior_samples.pkl,1000,31622,N=n^(3/2),1,xi,-0.493734335839599,0.004730978099106081
flow_npe,posterior_samples.pkl,1000,31622,N=n^(3/2),1,xi,-0.4887218045112782,0.004836885937561648
flow_npe,posterior_samples.pkl,1000,31622,N=n^(3/2),1,xi,-0.4837092731829574,0.0049230512030222
flow_npe,posterior_samples.pkl,1000,31622,N=n^(3/2),1,xi,-0.4786967418546366,0.0049751092774772835
flow_npe,posterior_samples.pkl,1000,31622,N=n^(3/2),1,xi,-0.4736842105263158,0.004977470061996085
flow_npe,posterior_samples.pkl,1000,31622,N=n^(3/2),1,xi,-0.468671679197995,0.004915758164009994
flow_npe,posterior_samples.pkl,1000,31622,N=n^(3/2),1,xi,-0.4636591478696742,0.004779298881712297
flow_npe,posterior_samples.pkl,1000,31622,N=n^(3/2),1,xi,-0.4586466165413534,0.004563208579339261
flow_npe,posterior_samples.pkl,1000,31622,N=n^(3/2),1,xi,-0.4536340852130326,0.004269692261580772
flow_npe,posterior_samples.pkl,1000,31622,N=n^(3/2),1,xi,-0.4486215538847118,0.0039082888435097735
flow_npe,posterior_samples.pkl,1000,31622,N=n^(3/2),1,xi,-0.443609022556391,0.003495010377033129
flow_npe,posterior_samples.pkl,1000,31622,N=n^(3/2),1,xi,-0.4385964912280702,0.003050546856267789
flow_npe,posterior_samples.pkl,1000,31622,N=n^(3/2),1,xi,-0.4335839598997494,0.0025978953404992905
flow_npe,posterior_samples.pkl,1000,31622,N=n^(3/2),1,xi,-0.4285714285714286,0.002159872051923409
flow_npe,posterior_samples.pkl,1000,31622,N=n^(3/2),1,xi,-0.4235588972431078,0.0017569546254707865
flow_npe,posterior_samples.pkl,1000,31622,N=n^(3/2),1,xi,-0.418546365914787,0.0014057867937814228
flow_npe,posterior_samples.pkl,1000,31622,N=n^(3/2),1,xi,-0.4135338345864662,0.0011184961039452726
flow_npe,posterior_samples.pkl,1000,31622,N=n^(3/2),1,xi,-0.4085213032581454,0.000902779365252433
flow_npe,posterior_samples.pkl,1000,31622,N=n^(3/2),1,xi,-0.4035087719298246,0.0007625522773829929
flow_npe,posterior_samples.pkl,1000,31622,N=n^(3/2),1,xi,-0.3984962406015038,0.0006988755171292555
flow_npe,posterior_samples.pkl,1000,31622,N=n^(3/2),1,xi,-0.393483709273183,0.0007108721261583957
flow_npe,posterior_samples.pkl,1000,31622,N=n^(3/2),1,xi,-0.3884711779448622,0.0007964286795577868
flow_npe,posterior_samples.pkl,1000,31622,N=n^(3/2),1,xi,-0.3834586466165414,0.0009525953632985543
flow_npe,posterior_samples.pkl,1000,31622,N=n^(3/2),1,xi,-0.3784461152882206,0.0011757288261417325
flow_npe,posterior_samples.pkl,1000,31622,N=n^(3/2),1,xi,-0.3734335839598998,0.0014615189546683394
flow_npe,posterior_samples.pkl,1000,31622,N=n^(3/2),1,xi,-0.368421052631579,0.0018050792352515706
flow_npe,posterior_samples.pkl,1000,31622,N=n^(3/2),1,xi,-0.3634085213032582,0.002201249299088836
flow_npe,posterior_samples.pkl,1000,31622,N=n^(3/2),1,xi,-0.3583959899749374,0.002645166236208178
flow_npe,posterior_samples.pkl,1000,31622,N=n^(3/2),1,xi,-0.3533834586466166,0.003133035391024343
flow_npe,posterior_samples.pkl,1000,31622,N=n^(3/2),1,xi,-0.3483709273182958,0.003662911639648025
flow_npe,posterior_samples.pkl,1000,31622,N=n^(3/2),1,xi,-0.343358395989975,0.004235231789690958
flow_npe,posterior_samples.pkl,1000,31622,N=n^(3/2),1,xi,-0.33834586466165417,0.004852851564450534
flow_npe,posterior_samples.pkl,1000,31622,N=n^(3/2),1,xi,-0.33333333333333337,0.005520448863918226
flow_npe,posterior_samples.pkl,1000,31622,N=n^(3/2),1,xi,-0.32832080200501257,0.006243341332136643
flow_npe,posterior_samples.pkl,1000,31622,N=n^(3/2),1,xi,-0.32330827067669177,0.007025983914609685
flow_npe,posterior_samples.pkl,1000,31622,N=n^(3/2),1,xi,-0.31829573934837097,0.007870594614068362
flow_npe,posterior_samples.pkl,1000,31622,N=n^(3/2),1,xi,-0.31328320802005016,0.008776436323399271
flow_npe,posterior_samples.pkl,1000,31622,N=n^(3/2),1,xi,-0.30827067669172936,0.009740212847374408
flow_npe,posterior_samples.pkl,1000,31622,N=n^(3/2),1,xi,-0.30325814536340856,0.01075781220148322
flow_npe,posterior_samples.pkl,1000,31622,N=n^(3/2),1,xi,-0.29824561403508776,0.011827294601326033
flow_npe,posterior_samples.pkl,1000,31622,N=n^(3/2),1,xi,-0.29323308270676696,0.012952665902747388
flow_npe,posterior_samples.pkl,1000,31622,N=n^(3/2),1,xi,-0.28822055137844615,0.014147713209813189
flow_npe,posterior_samples.pkl,1000,31622,N=n^(3/2),1,xi,-0.28320802005012535,0.015439112974522074
flow_npe,posterior_samples.pkl,1000,31622,N=n^(3/2),1,xi,-0.27819548872180455,0.016868215000416634
flow_npe,posterior_samples.pkl,1000,31622,N=n^(3/2),1,xi,-0.27318295739348375,0.01849135153456042
flow_npe,posterior_samples.pkl,1000,31622,N=n^(3/2),1,xi,-0.26817042606516295,0.020379137764366426
flow_npe,posterior_samples.pkl,1000,31622,N=n^(3/2),1,xi,-0.26315789473684215,0.02261588179023476
flow_npe,posterior_samples.pkl,1000,31622,N=n^(3/2),1,xi,-0.25814536340852134,0.025300758463946735
flow_npe,posterior_samples.pkl,1000,31622,N=n^(3/2),1,xi,-0.25313283208020054,0.028552713685574615
flow_npe,posterior_samples.pkl,1000,31622,N=n^(3/2),1,xi,-0.24812030075187974,0.03252113680798608
flow_npe,posterior_samples.pkl,1000,31622,N=n^(3/2),1,xi,-0.24310776942355894,0.03740426968044138
flow_npe,posterior_samples.pkl,1000,31622,N=n^(3/2),1,xi,-0.23809523809523814,0.043477316955853
flow_npe,posterior_samples.pkl,1000,31622,N=n^(3/2),1,xi,-0.23308270676691734,0.05113253337025204
flow_npe,posterior_samples.pkl,1000,31622,N=n^(3/2),1,xi,-0.22807017543859653,0.06093438453660792
flow_npe,posterior_samples.pkl,1000,31622,N=n^(3/2),1,xi,-0.22305764411027573,0.07369422964686918
flow_npe,posterior_samples.pkl,1000,31622,N=n^(3/2),1,xi,-0.21804511278195493,0.09057059632570537
flow_npe,posterior_samples.pkl,1000,31622,N=n^(3/2),1,xi,-0.21303258145363413,0.11320239651667917
flow_npe,posterior_samples.pkl,1000,31622,N=n^(3/2),1,xi,-0.20802005012531333,0.1438823944450036
flow_npe,posterior_samples.pkl,1000,31622,N=n^(3/2),1,xi,-0.20300751879699253,0.18577562052427013
flow_npe,posterior_samples.pkl,1000,31622,N=n^(3/2),1,xi,-0.19799498746867172,0.24318084059236011
flow_npe,posterior_samples.pkl,1000,31622,N=n^(3/2),1,xi,-0.19298245614035092,0.3218214073634891
flow_npe,posterior_samples.pkl,1000,31622,N=n^(3/2),1,xi,-0.18796992481203012,0.4291341983906249
flow_npe,posterior_samples.pkl,1000,31622,N=n^(3/2),1,xi,-0.18295739348370932,0.5745024250205126
flow_npe,posterior_samples.pkl,1000,31622,N=n^(3/2),1,xi,-0.17794486215538852,0.769352320370572
flow_npe,posterior_samples.pkl,1000,31622,N=n^(3/2),1,xi,-0.17293233082706772,1.0270100742192911
flow_npe,posterior_samples.pkl,1000,31622,N=n^(3/2),1,xi,-0.1679197994987469,1.3622016834542763
flow_npe,posterior_samples.pkl,1000,31622,N=n^(3/2),1,xi,-0.1629072681704261,1.7900846467002849
flow_npe,posterior_samples.pkl,1000,31622,N=n^(3/2),1,xi,-0.1578947368421053,2.32473699556411
flow_npe,posterior_samples.pkl,1000,31622,N=n^(3/2),1,xi,-0.1528822055137845,2.9771033748204427
flow_npe,posterior_samples.pkl,1000,31622,N=n^(3/2),1,xi,-0.1478696741854637,3.7525098100215404
flow_npe,posterior_samples.pkl,1000,31622,N=n^(3/2),1,xi,-0.1428571428571429,4.647997071809052
flow_npe,posterior_samples.pkl,1000,31622,N=n^(3/2),1,xi,-0.1378446115288221,5.649862294979027
flow_npe,posterior_samples.pkl,1000,31622,N=n^(3/2),1,xi,-0.1328320802005013,6.731903209141613
flow_npe,posterior_samples.pkl,1000,31622,N=n^(3/2),1,xi,-0.1278195488721805,7.854887748083193
flow_npe,posterior_samples.pkl,1000,31622,N=n^(3/2),1,xi,-0.1228070175438597,8.96768955313827
flow_npe,posterior_samples.pkl,1000,31622,N=n^(3/2),1,xi,-0.1177944862155389,10.010323025955236
flow_npe,posterior_samples.pkl,1000,31622,N=n^(3/2),1,xi,-0.1127819548872181,10.918797675889657
flow_npe,posterior_samples.pkl,1000,31622,N=n^(3/2),1,xi,-0.10776942355889729,11.631343201026823
flow_npe,posterior_samples.pkl,1000,31622,N=n^(3/2),1,xi,-0.10275689223057649,12.09521437569604
flow_npe,posterior_samples.pkl,1000,31622,N=n^(3/2),1,xi,-0.09774436090225569,12.273057882571027
flow_npe,posterior_samples.pkl,1000,31622,N=n^(3/2),1,xi,-0.09273182957393489,12.14778496533526
flow_npe,posterior_samples.pkl,1000,31622,N=n^(3/2),1,xi,-0.08771929824561409,11.725076680218445
flow_npe,posterior_samples.pkl,1000,31622,N=n^(3/2),1,xi,-0.08270676691729328,11.033029550797004
flow_npe,posterior_samples.pkl,1000,31622,N=n^(3/2),1,xi,-0.07769423558897248,10.118951360877046
flow_npe,posterior_samples.pkl,1000,31622,N=n^(3/2),1,xi,-0.07268170426065168,9.043826885183336
flow_npe,posterior_samples.pkl,1000,31622,N=n^(3/2),1,xi,-0.06766917293233088,7.875374007516964
flow_npe,posterior_samples.pkl,1000,31622,N=n^(3/2),1,xi,-0.06265664160401008,6.680812650383267
flow_npe,posterior_samples.pkl,1000,31622,N=n^(3/2),1,xi,-0.057644110275689275,5.5204356752374775
flow_npe,posterior_samples.pkl,1000,31622,N=n^(3/2),1,xi,-0.052631578947368474,4.442826389714107
flow_npe,posterior_samples.pkl,1000,31622,N=n^(3/2),1,xi,-0.04761904761904767,3.4821854368044964
flow_npe,posterior_samples.pkl,1000,31622,N=n^(3/2),1,xi,-0.04260651629072687,2.6578100341239774
flow_npe,posterior_samples.pkl,1000,31622,N=n^(3/2),1,xi,-0.03759398496240607,1.9754063130764496
flow_npe,posterior_samples.pkl,1000,31622,N=n^(3/2),1,xi,-0.03258145363408527,1.4296780754370193
flow_npe,posterior_samples.pkl,1000,31622,N=n^(3/2),1,xi,-0.027568922305764465,1.0075487629622266
flow_npe,posterior_samples.pkl,1000,31622,N=n^(3/2),1,xi,-0.022556390977443663,0.6914238651974433
flow_npe,posterior_samples.pkl,1000,31622,N=n^(3/2),1,xi,-0.01754385964912286,0.46204621866463136
flow_npe,posterior_samples.pkl,1000,31622,N=n^(3/2),1,xi,-0.01253132832080206,0.3006833317673507
flow_npe,posterior_samples.pkl,1000,31622,N=n^(3/2),1,xi,-0.007518796992481258,0.19056541883940611
flow_npe,posterior_samples.pkl,1000,31622,N=n^(3/2),1,xi,-0.0025062656641604564,0.11763195111485225
flow_npe,posterior_samples.pkl,1000,31622,N=n^(3/2),1,xi,0.0025062656641603454,0.07072878248432815
flow_npe,posterior_samples.pkl,1000,31622,N=n^(3/2),1,xi,0.007518796992481036,0.04142925826959291
flow_npe,posterior_samples.pkl,1000,31622,N=n^(3/2),1,xi,0.012531328320801949,0.023643693683413996
flow_npe,posterior_samples.pkl,1000,31622,N=n^(3/2),1,xi,0.01754385964912286,0.013148726056711933
flow_npe,posterior_samples.pkl,1000,31622,N=n^(3/2),1,xi,0.022556390977443552,0.007126561697407154
flow_npe,posterior_samples.pkl,1000,31622,N=n^(3/2),1,xi,0.027568922305764243,0.003765093148516481
flow_npe,posterior_samples.pkl,1000,31622,N=n^(3/2),1,xi,0.032581453634085156,0.00193929430401038
flow_npe,posterior_samples.pkl,1000,31622,N=n^(3/2),1,xi,0.03759398496240607,0.000973995019881194
flow_npe,posterior_samples.pkl,1000,31622,N=n^(3/2),1,xi,0.04260651629072676,0.0004770729475337486
flow_npe,posterior_samples.pkl,1000,31622,N=n^(3/2),1,xi,0.04761904761904745,0.00022792535568922248
flow_npe,posterior_samples.pkl,1000,31622,N=n^(3/2),1,xi,0.05263157894736836,0.00010622752167719158
flow_npe,posterior_samples.pkl,1000,31622,N=n^(3/2),1,xi,0.057644110275689275,4.830188067341351e-05
flow_npe,posterior_samples.pkl,1000,31622,N=n^(3/2),1,xi,0.06265664160400997,2.142921728855494e-05
flow_npe,posterior_samples.pkl,1000,31622,N=n^(3/2),1,xi,0.06766917293233066,9.27643111396905e-06
flow_npe,posterior_samples.pkl,1000,31622,N=n^(3/2),1,xi,0.07268170426065157,3.9182082204198045e-06
flow_npe,posterior_samples.pkl,1000,31622,N=n^(3/2),1,xi,0.07769423558897248,1.6147564492973082e-06
flow_npe,posterior_samples.pkl,1000,31622,N=n^(3/2),1,xi,0.08270676691729317,6.492339740230088e-07
flow_npe,posterior_samples.pkl,1000,31622,N=n^(3/2),1,xi,0.08771929824561386,2.5463197314496287e-07
flow_npe,posterior_samples.pkl,1000,31622,N=n^(3/2),1,xi,0.09273182957393478,9.740177861282624e-08
flow_npe,posterior_samples.pkl,1000,31622,N=n^(3/2),1,xi,0.09774436090225569,3.633050548904331e-08
flow_npe,posterior_samples.pkl,1000,31622,N=n^(3/2),1,xi,0.10275689223057638,1.3210542772588649e-08
flow_npe,posterior_samples.pkl,1000,31622,N=n^(3/2),1,xi,0.10776942355889707,4.681627620205326e-09
flow_npe,posterior_samples.pkl,1000,31622,N=n^(3/2),1,xi,0.11278195488721798,1.6164912983085855e-09
flow_npe,posterior_samples.pkl,1000,31622,N=n^(3/2),1,xi,0.1177944862155389,5.436473766992454e-10
flow_npe,posterior_samples.pkl,1000,31622,N=n^(3/2),1,xi,0.12280701754385959,1.780296310682761e-10
flow_npe,posterior_samples.pkl,1000,31622,N=n^(3/2),1,xi,0.12781954887218028,5.6749370946900436e-11
flow_npe,posterior_samples.pkl,1000,31622,N=n^(3/2),1,xi,0.1328320802005012,1.7603038666145797e-11
flow_npe,posterior_samples.pkl,1000,31622,N=n^(3/2),1,xi,0.1378446115288221,5.311788586963589e-12
flow_npe,posterior_samples.pkl,1000,31622,N=n^(3/2),1,xi,0.1428571428571428,1.5588867991795956e-12
flow_npe,posterior_samples.pkl,1000,31622,N=n^(3/2),1,xi,0.14786967418546348,4.451362207933232e-13
flow_npe,posterior_samples.pkl,1000,31622,N=n^(3/2),1,xi,0.1528822055137844,1.2482942289546964e-13
flow_npe,posterior_samples.pkl,1000,31622,N=n^(3/2),1,xi,0.1578947368421053,3.872570988740252e-14
flow_npe,posterior_samples.pkl,1000,31622,N=n^(3/2),1,xi,0.162907268170426,2.8246643514380904e-14
flow_npe,posterior_samples.pkl,1000,31622,N=n^(3/2),1,xi,0.1679197994987467,6.965409325894733e-14
flow_npe,posterior_samples.pkl,1000,31622,N=n^(3/2),1,xi,0.1729323308270676,2.2605173987768622e-13
flow_npe,posterior_samples.pkl,1000,31622,N=n^(3/2),1,xi,0.17794486215538852,7.308155421831458e-13
flow_npe,posterior_samples.pkl,1000,31622,N=n^(3/2),1,xi,0.1829573934837092,2.2943118798715037e-12
flow_npe,posterior_samples.pkl,1000,31622,N=n^(3/2),1,xi,0.1879699248120299,6.980857081504369e-12
flow_npe,posterior_samples.pkl,1000,31622,N=n^(3/2),1,xi,0.1929824561403508,2.058336396099754e-11
flow_npe,posterior_samples.pkl,1000,31622,N=n^(3/2),1,xi,0.19799498746867172,5.881289106860221e-11
flow_npe,posterior_samples.pkl,1000,31622,N=n^(3/2),1,xi,0.20300751879699241,1.6284678001641226e-10
flow_npe,posterior_samples.pkl,1000,31622,N=n^(3/2),1,xi,0.2080200501253131,4.3695731289605033e-10
flow_npe,posterior_samples.pkl,1000,31622,N=n^(3/2),1,xi,0.21303258145363402,1.1362015794686831e-09
flow_npe,posterior_samples.pkl,1000,31622,N=n^(3/2),1,xi,0.21804511278195493,2.863072878778743e-09
flow_npe,posterior_samples.pkl,1000,31622,N=n^(3/2),1,xi,0.22305764411027562,6.991575671809963e-09
flow_npe,posterior_samples.pkl,1000,31622,N=n^(3/2),1,xi,0.2280701754385963,1.654586531133569e-08
flow_npe,posterior_samples.pkl,1000,31622,N=n^(3/2),1,xi,0.23308270676691722,3.794749753014911e-08
flow_npe,posterior_samples.pkl,1000,31622,N=n^(3/2),1,xi,0.23809523809523814,8.434612885076981e-08
flow_npe,posterior_samples.pkl,1000,31622,N=n^(3/2),1,xi,0.24310776942355883,1.816965406754358e-07
flow_npe,posterior_samples.pkl,1000,31622,N=n^(3/2),1,xi,0.24812030075187952,3.7935099976357933e-07
flow_npe,posterior_samples.pkl,1000,31622,N=n^(3/2),1,xi,0.25313283208020043,7.676538485091813e-07
flow_npe,posterior_samples.pkl,1000,31622,N=n^(3/2),1,xi,0.25814536340852134,1.5057033560536345e-06
flow_npe,posterior_samples.pkl,1000,31622,N=n^(3/2),1,xi,0.26315789473684204,2.8627783948092444e-06
flow_npe,posterior_samples.pkl,1000,31622,N=n^(3/2),1,xi,0.2681704260651627,5.276430159839403e-06
flow_npe,posterior_samples.pkl,1000,31622,N=n^(3/2),1,xi,0.27318295739348364,9.428291646185248e-06
flow_npe,posterior_samples.pkl,1000,31622,N=n^(3/2),1,xi,0.27819548872180455,1.633465761810962e-05
flow_npe,posterior_samples.pkl,1000,31622,N=n^(3/2),1,xi,0.28320802005012524,2.744254040841653e-05
flow_npe,posterior_samples.pkl,1000,31622,N=n^(3/2),1,xi,0.28822055137844593,4.4713616518552095e-05
flow_npe,posterior_samples.pkl,1000,31622,N=n^(3/2),1,xi,0.29323308270676685,7.066972262116727e-05
flow_npe,posterior_samples.pkl,1000,31622,N=n^(3/2),1,xi,0.29824561403508776,0.00010836702991848684
flow_npe,posterior_samples.pkl,1000,31622,N=n^(3/2),1,xi,0.30325814536340845,0.0001612653002131684
flow_npe,posterior_samples.pkl,1000,31622,N=n^(3/2),1,xi,0.30827067669172914,0.0002329672059949574
flow_npe,posterior_samples.pkl,1000,31622,N=n^(3/2),1,xi,0.31328320802005005,0.00032682249930966506
flow_npe,posterior_samples.pkl,1000,31622,N=n^(3/2),1,xi,0.31829573934837097,0.000445421566352408
flow_npe,posterior_samples.pkl,1000,31622,N=n^(3/2),1,xi,0.32330827067669166,0.0005900371646183607
flow_npe,posterior_samples.pkl,1000,31622,N=n^(3/2),1,xi,0.32832080200501235,0.0007601027476828983
flow_npe,posterior_samples.pkl,1000,31622,N=n^(3/2),1,xi,0.33333333333333326,0.0009528301517312855
flow_npe,posterior_samples.pkl,1000,31622,N=n^(3/2),1,xi,0.33834586466165417,0.0011630602845287966
flow_npe,posterior_samples.pkl,1000,31622,N=n^(3/2),1,xi,0.34335839598997486,0.001383405812432164
flow_npe,posterior_samples.pkl,1000,31622,N=n^(3/2),1,xi,0.34837092731829555,0.0016046912068162162
flow_npe,posterior_samples.pkl,1000,31622,N=n^(3/2),1,xi,0.35338345864661647,0.0018166370190737754
flow_npe,posterior_samples.pkl,1000,31622,N=n^(3/2),1,xi,0.3583959899749374,0.002008689191745922
flow_npe,posterior_samples.pkl,1000,31622,N=n^(3/2),1,xi,0.36340852130325807,0.0021708744568954604
flow_npe,posterior_samples.pkl,1000,31622,N=n^(3/2),1,xi,0.36842105263157876,0.002294573981704337
flow_npe,posterior_samples.pkl,1000,31622,N=n^(3/2),1,xi,0.3734335839598997,0.0023731423562554635
flow_npe,posterior_samples.pkl,1000,31622,N=n^(3/2),1,xi,0.3784461152882206,0.002402341994937235
flow_npe,posterior_samples.pkl,1000,31622,N=n^(3/2),1,xi,0.3834586466165413,0.0023805965634526895
flow_npe,posterior_samples.pkl,1000,31622,N=n^(3/2),1,xi,0.38847117794486197,0.002309080022844134
flow_npe,posterior_samples.pkl,1000,31622,N=n^(3/2),1,xi,0.3934837092731829,0.0021916505949570305
flow_npe,posterior_samples.pkl,1000,31622,N=n^(3/2),1,xi,0.3984962406015038,0.0020346225526131564
flow_npe,posterior_samples.pkl,1000,31622,N=n^(3/2),1,xi,0.4035087719298245,0.0018463592085892623
flow_npe,posterior_samples.pkl,1000,31622,N=n^(3/2),1,xi,0.4085213032581452,0.0016366801637638852
flow_npe,posterior_samples.pkl,1000,31622,N=n^(3/2),1,xi,0.4135338345864661,0.0014161068502124932
flow_npe,posterior_samples.pkl,1000,31622,N=n^(3/2),1,xi,0.418546365914787,0.0011950130218522663
flow_npe,posterior_samples.pkl,1000,31622,N=n^(3/2),1,xi,0.4235588972431077,0.0009827840841533499
flow_npe,posterior_samples.pkl,1000,31622,N=n^(3/2),1,xi,0.4285714285714284,0.0007871044724132603
flow_npe,posterior_samples.pkl,1000,31622,N=n^(3/2),1,xi,0.4335839598997493,0.0006134770579305949
flow_npe,posterior_samples.pkl,1000,31622,N=n^(3/2),1,xi,0.4385964912280702,0.0004650356651118145
flow_npe,posterior_samples.pkl,1000,31622,N=n^(3/2),1,xi,0.4436090225563909,0.00034265403832616404
flow_npe,posterior_samples.pkl,1000,31622,N=n^(3/2),1,xi,0.4486215538847116,0.00024529922312005274
flow_npe,posterior_samples.pkl,1000,31622,N=n^(3/2),1,xi,0.4536340852130325,0.00017053927128434976
flow_npe,posterior_samples.pkl,1000,31622,N=n^(3/2),1,xi,0.4586466165413534,0.00011510223061142392
flow_npe,posterior_samples.pkl,1000,31622,N=n^(3/2),1,xi,0.4636591478696741,7.539470328499345e-05
flow_npe,posterior_samples.pkl,1000,31622,N=n^(3/2),1,xi,0.4686716791979948,4.791627964637928e-05
flow_npe,posterior_samples.pkl,1000,31622,N=n^(3/2),1,xi,0.4736842105263157,2.9540372906779273e-05
flow_npe,posterior_samples.pkl,1000,31622,N=n^(3/2),1,xi,0.4786967418546366,1.7662838734787963e-05
flow_npe,posterior_samples.pkl,1000,31622,N=n^(3/2),1,xi,0.4837092731829573,1.0241202484464333e-05
flow_npe,posterior_samples.pkl,1000,31622,N=n^(3/2),1,xi,0.488721804511278,5.757484746910689e-06
flow_npe,posterior_samples.pkl,1000,31622,N=n^(3/2),1,xi,0.4937343358395989,3.1380576853498663e-06
flow_npe,posterior_samples.pkl,1000,31622,N=n^(3/2),1,xi,0.4987468671679198,1.658051791243329e-06
flow_npe,posterior_samples.pkl,1000,31622,N=n^(3/2),1,xi,0.5037593984962405,8.492070971730969e-07
flow_npe,posterior_samples.pkl,1000,31622,N=n^(3/2),1,xi,0.5087719298245612,4.2158217325739017e-07
flow_npe,posterior_samples.pkl,1000,31622,N=n^(3/2),1,xi,0.5137844611528821,2.0285382744040131e-07
flow_npe,posterior_samples.pkl,1000,31622,N=n^(3/2),1,xi,0.518796992481203,9.460181687098168e-08
flow_npe,posterior_samples.pkl,1000,31622,N=n^(3/2),1,xi,0.5238095238095237,4.275796912715335e-08
flow_npe,posterior_samples.pkl,1000,31622,N=n^(3/2),1,xi,0.5288220551378444,1.872942821164267e-08
flow_npe,posterior_samples.pkl,1000,31622,N=n^(3/2),1,xi,0.5338345864661653,7.950829356738657e-09
flow_npe,posterior_samples.pkl,1000,31622,N=n^(3/2),1,xi,0.5388471177944862,3.27094405055811e-09
flow_npe,posterior_samples.pkl,1000,31622,N=n^(3/2),1,xi,0.5438596491228069,1.3040680896122376e-09
flow_npe,posterior_samples.pkl,1000,31622,N=n^(3/2),1,xi,0.5488721804511276,5.038354629834529e-10
flow_npe,posterior_samples.pkl,1000,31622,N=n^(3/2),1,xi,0.5538847117794485,1.8864021775019638e-10
flow_npe,posterior_samples.pkl,1000,31622,N=n^(3/2),1,xi,0.5588972431077694,6.844370086048973e-11
flow_npe,posterior_samples.pkl,1000,31622,N=n^(3/2),1,xi,0.5639097744360901,2.406486856097071e-11
flow_npe,posterior_samples.pkl,1000,31622,N=n^(3/2),1,xi,0.5689223057644108,8.199398739583845e-12
flow_npe,posterior_samples.pkl,1000,31622,N=n^(3/2),1,xi,0.5739348370927317,2.7072423380124285e-12
flow_npe,posterior_samples.pkl,1000,31622,N=n^(3/2),1,xi,0.5789473684210527,8.661983014764194e-13
flow_npe,posterior_samples.pkl,1000,31622,N=n^(3/2),1,xi,0.5839598997493733,2.685661828796581e-13
flow_npe,posterior_samples.pkl,1000,31622,N=n^(3/2),1,xi,0.588972431077694,8.069155713115696e-14
flow_npe,posterior_samples.pkl,1000,31622,N=n^(3/2),1,xi,0.593984962406015,2.349344969970957e-14
flow_npe,posterior_samples.pkl,1000,31622,N=n^(3/2),1,xi,0.5989974937343359,6.628369684347802e-15
flow_npe,posterior_samples.pkl,1000,31622,N=n^(3/2),1,xi,0.6040100250626566,1.8122049945510723e-15
flow_npe,posterior_samples.pkl,1000,31622,N=n^(3/2),1,xi,0.6090225563909772,4.801181588333217e-16
flow_npe,posterior_samples.pkl,1000,31622,N=n^(3/2),1,xi,0.6140350877192982,1.2326187556336892e-16
flow_npe,posterior_samples.pkl,1000,31622,N=n^(3/2),1,xi,0.6190476190476191,3.0665421146662124e-17
flow_npe,posterior_samples.pkl,1000,31622,N=n^(3/2),1,xi,0.6240601503759398,7.392789918411341e-18
flow_npe,posterior_samples.pkl,1000,31622,N=n^(3/2),1,xi,0.6290726817042605,1.727057749902378e-18
flow_npe,posterior_samples.pkl,1000,31622,N=n^(3/2),1,xi,0.6340852130325814,3.9097073391447986e-19
flow_npe,posterior_samples.pkl,1000,31622,N=n^(3/2),1,xi,0.6390977443609023,8.576703488816268e-20
flow_npe,posterior_samples.pkl,1000,31622,N=n^(3/2),1,xi,0.644110275689223,1.823203671319675e-20
flow_npe,posterior_samples.pkl,1000,31622,N=n^(3/2),1,xi,0.6491228070175437,3.755679549696949e-21
flow_npe,posterior_samples.pkl,1000,31622,N=n^(3/2),1,xi,0.6541353383458646,7.496876364185567e-22
flow_npe,posterior_samples.pkl,1000,31622,N=n^(3/2),1,xi,0.6591478696741855,1.4501421737170497e-22
flow_npe,posterior_samples.pkl,1000,31622,N=n^(3/2),1,xi,0.6641604010025062,2.7181860684055785e-23
flow_npe,posterior_samples.pkl,1000,31622,N=n^(3/2),1,xi,0.6691729323308269,4.937261214979023e-24
flow_npe,posterior_samples.pkl,1000,31622,N=n^(3/2),1,xi,0.6741854636591478,8.690230936780155e-25
flow_npe,posterior_samples.pkl,1000,31622,N=n^(3/2),1,xi,0.6791979949874687,1.4822272483425401e-25
flow_npe,posterior_samples.pkl,1000,31622,N=n^(3/2),1,xi,0.6842105263157894,2.4498331549395643e-26
flow_npe,posterior_samples.pkl,1000,31622,N=n^(3/2),1,xi,0.6892230576441101,3.923705873101574e-27
flow_npe,posterior_samples.pkl,1000,31622,N=n^(3/2),1,xi,0.694235588972431,6.089681624005453e-28
flow_npe,posterior_samples.pkl,1000,31622,N=n^(3/2),1,xi,0.6992481203007519,9.158638667064467e-29
flow_npe,posterior_samples.pkl,1000,31622,N=n^(3/2),1,xi,0.7042606516290726,1.334766957332727e-29
flow_npe,posterior_samples.pkl,1000,31622,N=n^(3/2),1,xi,0.7092731829573933,1.8850294721737366e-30
flow_npe,posterior_samples.pkl,1000,31622,N=n^(3/2),1,xi,0.7142857142857142,2.579698860172394e-31
flow_npe,posterior_samples.pkl,1000,31622,N=n^(3/2),1,xi,0.7192982456140351,3.421039137543328e-32
flow_npe,posterior_samples.pkl,1000,31622,N=n^(3/2),1,xi,0.7243107769423558,4.396278865483386e-33
flow_npe,posterior_samples.pkl,1000,31622,N=n^(3/2),1,xi,0.7293233082706765,5.474577129158768e-34
flow_npe,posterior_samples.pkl,1000,31622,N=n^(3/2),1,xi,0.7343358395989974,6.60623589388915e-35
flow_npe,posterior_samples.pkl,1000,31622,N=n^(3/2),1,xi,0.7393483709273183,7.72495087134927e-36
flow_npe,posterior_samples.pkl,1000,31622,N=n^(3/2),1,xi,0.744360902255639,8.75337477452744e-37
flow_npe,posterior_samples.pkl,1000,31622,N=n^(3/2),1,xi,0.7493734335839597,9.611550823512968e-38
flow_npe,posterior_samples.pkl,1000,31622,N=n^(3/2),1,xi,0.7543859649122806,1.0227030604470884e-38
flow_npe,posterior_samples.pkl,1000,31622,N=n^(3/2),1,xi,0.7593984962406015,1.0544932123659497e-39
flow_npe,posterior_samples.pkl,1000,31622,N=n^(3/2),1,xi,0.7644110275689222,1.0536009774442143e-40
flow_npe,posterior_samples.pkl,1000,31622,N=n^(3/2),1,xi,0.7694235588972429,1.0201092453922656e-41
flow_npe,posterior_samples.pkl,1000,31622,N=n^(3/2),1,xi,0.7744360902255638,9.57095654448666e-43
flow_npe,posterior_samples.pkl,1000,31622,N=n^(3/2),1,xi,0.7794486215538847,8.701660730504896e-44
flow_npe,posterior_samples.pkl,1000,31622,N=n^(3/2),1,xi,0.7844611528822054,7.666322587538415e-45
flow_npe,posterior_samples.pkl,1000,31622,N=n^(3/2),1,xi,0.7894736842105261,6.545007879129611e-46
flow_npe,posterior_samples.pkl,1000,31622,N=n^(3/2),1,xi,0.794486215538847,5.414662577164297e-47
flow_npe,posterior_samples.pkl,1000,31622,N=n^(3/2),1,xi,0.7994987468671679,4.340809858037202e-48
flow_npe,posterior_samples.pkl,1000,31622,N=n^(3/2),1,xi,0.8045112781954886,3.3721607362491216e-49
flow_npe,posterior_samples.pkl,1000,31622,N=n^(3/2),1,xi,0.8095238095238093,2.5385394209923667e-50
flow_npe,posterior_samples.pkl,1000,31622,N=n^(3/2),1,xi,0.8145363408521302,1.851815420808459e-51
flow_npe,posterior_samples.pkl,1000,31622,N=n^(3/2),1,xi,0.8195488721804511,1.3090300622958682e-52
flow_npe,posterior_samples.pkl,1000,31622,N=n^(3/2),1,xi,0.8245614035087718,8.966845441723154e-54
flow_npe,posterior_samples.pkl,1000,31622,N=n^(3/2),1,xi,0.8295739348370925,5.952068041858509e-55
flow_npe,posterior_samples.pkl,1000,31622,N=n^(3/2),1,xi,0.8345864661654134,3.8285491776362587e-56
flow_npe,posterior_samples.pkl,1000,31622,N=n^(3/2),1,xi,0.8395989974937343,2.3863751180264403e-57
flow_npe,posterior_samples.pkl,1000,31622,N=n^(3/2),1,xi,0.844611528822055,1.441389432433734e-58
flow_npe,posterior_samples.pkl,1000,31622,N=n^(3/2),1,xi,0.8496240601503757,8.436495800267372e-60
flow_npe,posterior_samples.pkl,1000,31622,N=n^(3/2),1,xi,0.8546365914786966,4.7849895645573645e-61
flow_npe,posterior_samples.pkl,1000,31622,N=n^(3/2),1,xi,0.8596491228070176,2.629892730638301e-62
flow_npe,posterior_samples.pkl,1000,31622,N=n^(3/2),1,xi,0.8646616541353382,1.4006615717991225e-63
flow_npe,posterior_samples.pkl,1000,31622,N=n^(3/2),1,xi,0.8696741854636589,7.228805370939671e-65
flow_npe,posterior_samples.pkl,1000,31622,N=n^(3/2),1,xi,0.8746867167919798,3.615247125822773e-66
flow_npe,posterior_samples.pkl,1000,31622,N=n^(3/2),1,xi,0.8796992481203008,1.7520543993808226e-67
flow_npe,posterior_samples.pkl,1000,31622,N=n^(3/2),1,xi,0.8847117794486214,8.228019695373416e-69
flow_npe,posterior_samples.pkl,1000,31622,N=n^(3/2),1,xi,0.8897243107769421,3.744391046126705e-70
flow_npe,posterior_samples.pkl,1000,31622,N=n^(3/2),1,xi,0.894736842105263,1.6512210361644421e-71
flow_npe,posterior_samples.pkl,1000,31622,N=n^(3/2),1,xi,0.899749373433584,7.056142888910207e-73
flow_npe,posterior_samples.pkl,1000,31622,N=n^(3/2),1,xi,0.9047619047619047,2.921915552665356e-74
flow_npe,posterior_samples.pkl,1000,31622,N=n^(3/2),1,xi,0.9097744360902253,1.172481752957953e-75
flow_npe,posterior_samples.pkl,1000,31622,N=n^(3/2),1,xi,0.9147869674185463,4.559137227600576e-77
flow_npe,posterior_samples.pkl,1000,31622,N=n^(3/2),1,xi,0.9197994987468672,1.7178980056454199e-78
flow_npe,posterior_samples.pkl,1000,31622,N=n^(3/2),1,xi,0.9248120300751879,6.272638016286339e-80
flow_npe,posterior_samples.pkl,1000,31622,N=n^(3/2),1,xi,0.9298245614035086,2.219428790543584e-81
flow_npe,posterior_samples.pkl,1000,31622,N=n^(3/2),1,xi,0.9348370927318295,7.609749210984321e-83
flow_npe,posterior_samples.pkl,1000,31622,N=n^(3/2),1,xi,0.9398496240601504,2.528352440129769e-84
flow_npe,posterior_samples.pkl,1000,31622,N=n^(3/2),1,xi,0.9448621553884711,8.140348906637776e-86
flow_npe,posterior_samples.pkl,1000,31622,N=n^(3/2),1,xi,0.9498746867167918,2.5397242536424753e-87
flow_npe,posterior_samples.pkl,1000,31622,N=n^(3/2),1,xi,0.9548872180451127,7.678356147407784e-89
flow_npe,posterior_samples.pkl,1000,31622,N=n^(3/2),1,xi,0.9598997493734336,2.2495107731559243e-90
flow_npe,posterior_samples.pkl,1000,31622,N=n^(3/2),1,xi,0.9649122807017543,6.386251854177981e-92
flow_npe,posterior_samples.pkl,1000,31622,N=n^(3/2),1,xi,0.969924812030075,1.7568801880901367e-93
flow_npe,posterior_samples.pkl,1000,31622,N=n^(3/2),1,xi,0.9749373433583959,4.683563236221688e-95
flow_npe,posterior_samples.pkl,1000,31622,N=n^(3/2),1,xi,0.9799498746867168,1.2098980325038628e-96
flow_npe,posterior_samples.pkl,1000,31622,N=n^(3/2),1,xi,0.9849624060150375,3.028721161167529e-98
flow_npe,posterior_samples.pkl,1000,31622,N=n^(3/2),1,xi,0.9899749373433582,7.346964689563871e-100
flow_npe,posterior_samples.pkl,1000,31622,N=n^(3/2),1,xi,0.9949874686716791,1.7270096031594812e-101
flow_npe,posterior_samples.pkl,1000,31622,N=n^(3/2),1,xi,1.0,3.9338671711703723e-103
flow_npe,posterior_samples.pkl,1000,1000000,N=n^2,1,lambda,90.0,1.787259483941661e-18
flow_npe,posterior_samples.pkl,1000,1000000,N=n^2,1,lambda,90.0501253132832,2.1840014498263286e-19
flow_npe,posterior_samples.pkl,1000,1000000,N=n^2,1,lambda,90.10025062656642,2.4980538234579782e-20
flow_npe,posterior_samples.pkl,1000,1000000,N=n^2,1,lambda,90.15037593984962,2.6744483671753227e-21
flow_npe,posterior_samples.pkl,1000,1000000,N=n^2,1,lambda,90.20050125313283,2.6800950788006045e-22
flow_npe,posterior_samples.pkl,1000,1000000,N=n^2,1,lambda,90.25062656641605,2.5139100946475452e-23
flow_npe,posterior_samples.pkl,1000,1000000,N=n^2,1,lambda,90.30075187969925,2.207155033330278e-24
flow_npe,posterior_samples.pkl,1000,1000000,N=n^2,1,lambda,90.35087719298245,1.8138421696017914e-25
flow_npe,posterior_samples.pkl,1000,1000000,N=n^2,1,lambda,90.40100250626567,1.395242531537622e-26
flow_npe,posterior_samples.pkl,1000,1000000,N=n^2,1,lambda,90.45112781954887,1.0045775666542047e-27
flow_npe,posterior_samples.pkl,1000,1000000,N=n^2,1,lambda,90.50125313283208,6.770189141797198e-29
flow_npe,posterior_samples.pkl,1000,1000000,N=n^2,1,lambda,90.5513784461153,4.270725767680503e-30
flow_npe,posterior_samples.pkl,1000,1000000,N=n^2,1,lambda,90.6015037593985,2.5216576568385017e-31
flow_npe,posterior_samples.pkl,1000,1000000,N=n^2,1,lambda,90.6516290726817,1.3936512979905702e-32
flow_npe,posterior_samples.pkl,1000,1000000,N=n^2,1,lambda,90.70175438596492,7.209508836238354e-34
flow_npe,posterior_samples.pkl,1000,1000000,N=n^2,1,lambda,90.75187969924812,3.490927186518478e-35
flow_npe,posterior_samples.pkl,1000,1000000,N=n^2,1,lambda,90.80200501253132,1.5821930028534853e-36
flow_npe,posterior_samples.pkl,1000,1000000,N=n^2,1,lambda,90.85213032581454,6.712150501570566e-38
flow_npe,posterior_samples.pkl,1000,1000000,N=n^2,1,lambda,90.90225563909775,2.665308407113827e-39
flow_npe,posterior_samples.pkl,1000,1000000,N=n^2,1,lambda,90.95238095238095,9.90642166512031e-41
flow_npe,posterior_samples.pkl,1000,1000000,N=n^2,1,lambda,91.00250626566417,3.446431947055193e-42
flow_npe,posterior_samples.pkl,1000,1000000,N=n^2,1,lambda,91.05263157894737,1.1222927623730456e-43
flow_npe,posterior_samples.pkl,1000,1000000,N=n^2,1,lambda,91.10275689223057,3.4207881108703275e-45
flow_npe,posterior_samples.pkl,1000,1000000,N=n^2,1,lambda,91.15288220551379,9.759548872231615e-47
flow_npe,posterior_samples.pkl,1000,1000000,N=n^2,1,lambda,91.203007518797,2.60625478346731e-48
flow_npe,posterior_samples.pkl,1000,1000000,N=n^2,1,lambda,91.2531328320802,6.51459696721751e-50
flow_npe,posterior_samples.pkl,1000,1000000,N=n^2,1,lambda,91.30325814536342,1.52419942432313e-51
flow_npe,posterior_samples.pkl,1000,1000000,N=n^2,1,lambda,91.35338345864662,3.3379481854149326e-53
flow_npe,posterior_samples.pkl,1000,1000000,N=n^2,1,lambda,91.40350877192982,6.84228162647562e-55
flow_npe,posterior_samples.pkl,1000,1000000,N=n^2,1,lambda,91.45363408521304,1.3128220352000111e-56
flow_npe,posterior_samples.pkl,1000,1000000,N=n^2,1,lambda,91.50375939849624,2.3577313956392136e-58
flow_npe,posterior_samples.pkl,1000,1000000,N=n^2,1,lambda,91.55388471177945,3.9633858341133597e-60
flow_npe,posterior_samples.pkl,1000,1000000,N=n^2,1,lambda,91.60401002506265,6.236227300112265e-62
flow_npe,posterior_samples.pkl,1000,1000000,N=n^2,1,lambda,91.65413533834587,9.184617543624142e-64
flow_npe,posterior_samples.pkl,1000,1000000,N=n^2,1,lambda,91.70426065162907,1.2661459617065906e-65
flow_npe,posterior_samples.pkl,1000,1000000,N=n^2,1,lambda,91.75438596491227,1.6337666587484614e-67
flow_npe,posterior_samples.pkl,1000,1000000,N=n^2,1,lambda,91.80451127819549,1.973239682939158e-69
flow_npe,posterior_samples.pkl,1000,1000000,N=n^2,1,lambda,91.8546365914787,2.230761855734476e-71
flow_npe,posterior_samples.pkl,1000,1000000,N=n^2,1,lambda,91.9047619047619,2.3605333247028827e-73
flow_npe,posterior_samples.pkl,1000,1000000,N=n^2,1,lambda,91.95488721804512,2.338032905995206e-75
flow_npe,posterior_samples.pkl,1000,1000000,N=n^2,1,lambda,92.00501253132832,2.1675776266374493e-77
flow_npe,posterior_samples.pkl,1000,1000000,N=n^2,1,lambda,92.05513784461152,1.880971681613066e-79
flow_npe,posterior_samples.pkl,1000,1000000,N=n^2,1,lambda,92.10526315789474,1.5278242955192486e-81
flow_npe,posterior_samples.pkl,1000,1000000,N=n^2,1,lambda,92.15538847117794,1.1615773199723581e-83
flow_npe,posterior_samples.pkl,1000,1000000,N=n^2,1,lambda,92.20551378446115,8.266209211120797e-86
flow_npe,posterior_samples.pkl,1000,1000000,N=n^2,1,lambda,92.25563909774436,5.506152287937289e-88
flow_npe,posterior_samples.pkl,1000,1000000,N=n^2,1,lambda,92.30576441102757,3.432998408537374e-90
flow_npe,posterior_samples.pkl,1000,1000000,N=n^2,1,lambda,92.35588972431077,2.0034686105348352e-92
flow_npe,posterior_samples.pkl,1000,1000000,N=n^2,1,lambda,92.40601503759399,1.0943973682669353e-94
flow_npe,posterior_samples.pkl,1000,1000000,N=n^2,1,lambda,92.45614035087719,5.595657118915194e-97
flow_npe,posterior_samples.pkl,1000,1000000,N=n^2,1,lambda,92.5062656641604,2.6780008251214742e-99
flow_npe,posterior_samples.pkl,1000,1000000,N=n^2,1,lambda,92.55639097744361,1.199648113578093e-101
flow_npe,posterior_samples.pkl,1000,1000000,N=n^2,1,lambda,92.60651629072682,5.030146125926323e-104
flow_npe,posterior_samples.pkl,1000,1000000,N=n^2,1,lambda,92.65664160401002,1.974198805176686e-106
flow_npe,posterior_samples.pkl,1000,1000000,N=n^2,1,lambda,92.70676691729324,7.252449694771453e-109
flow_npe,posterior_samples.pkl,1000,1000000,N=n^2,1,lambda,92.75689223057644,2.4938028824464767e-111
flow_npe,posterior_samples.pkl,1000,1000000,N=n^2,1,lambda,92.80701754385964,8.026442100404116e-114
flow_npe,posterior_samples.pkl,1000,1000000,N=n^2,1,lambda,92.85714285714286,2.4180628732734184e-116
flow_npe,posterior_samples.pkl,1000,1000000,N=n^2,1,lambda,92.90726817042606,6.818606966993065e-119
flow_npe,posterior_samples.pkl,1000,1000000,N=n^2,1,lambda,92.95739348370927,1.7997297011839897e-121
flow_npe,posterior_samples.pkl,1000,1000000,N=n^2,1,lambda,93.00751879699249,4.446337933180783e-124
flow_npe,posterior_samples.pkl,1000,1000000,N=n^2,1,lambda,93.05764411027569,1.028208541833128e-126
flow_npe,posterior_samples.pkl,1000,1000000,N=n^2,1,lambda,93.10776942355889,2.2255815117141128e-129
flow_npe,posterior_samples.pkl,1000,1000000,N=n^2,1,lambda,93.15789473684211,4.509094731645107e-132
flow_npe,posterior_samples.pkl,1000,1000000,N=n^2,1,lambda,93.20802005012531,8.551036716970254e-135
flow_npe,posterior_samples.pkl,1000,1000000,N=n^2,1,lambda,93.25814536340852,1.5178600835664402e-137
flow_npe,posterior_samples.pkl,1000,1000000,N=n^2,1,lambda,93.30827067669173,2.5219023487156726e-140
flow_npe,posterior_samples.pkl,1000,1000000,N=n^2,1,lambda,93.35839598997494,3.922006862869847e-143
flow_npe,posterior_samples.pkl,1000,1000000,N=n^2,1,lambda,93.40852130325814,5.709163434135658e-146
flow_npe,posterior_samples.pkl,1000,1000000,N=n^2,1,lambda,93.45864661654136,1.281031410482234e-148
flow_npe,posterior_samples.pkl,1000,1000000,N=n^2,1,lambda,93.50877192982456,3.7087596669223507e-146
flow_npe,posterior_samples.pkl,1000,1000000,N=n^2,1,lambda,93.55889724310777,2.558881058503349e-143
flow_npe,posterior_samples.pkl,1000,1000000,N=n^2,1,lambda,93.60902255639098,1.652556168306617e-140
flow_npe,posterior_samples.pkl,1000,1000000,N=n^2,1,lambda,93.65914786967419,9.989549885836529e-138
flow_npe,posterior_samples.pkl,1000,1000000,N=n^2,1,lambda,93.70927318295739,5.652221484716564e-135
flow_npe,posterior_samples.pkl,1000,1000000,N=n^2,1,lambda,93.7593984962406,2.993477407179328e-132
flow_npe,posterior_samples.pkl,1000,1000000,N=n^2,1,lambda,93.80952380952381,1.483940064328114e-129
flow_npe,posterior_samples.pkl,1000,1000000,N=n^2,1,lambda,93.85964912280701,6.8855763651565185e-127
flow_npe,posterior_samples.pkl,1000,1000000,N=n^2,1,lambda,93.90977443609023,2.9905275138866266e-124
flow_npe,posterior_samples.pkl,1000,1000000,N=n^2,1,lambda,93.95989974937343,1.2157348634310423e-121
flow_npe,posterior_samples.pkl,1000,1000000,N=n^2,1,lambda,94.01002506265664,4.6260839162730335e-119
flow_npe,posterior_samples.pkl,1000,1000000,N=n^2,1,lambda,94.06015037593986,1.647675599921109e-116
flow_npe,posterior_samples.pkl,1000,1000000,N=n^2,1,lambda,94.11027568922306,5.493049143616081e-114
flow_npe,posterior_samples.pkl,1000,1000000,N=n^2,1,lambda,94.16040100250626,1.714110561825597e-111
flow_npe,posterior_samples.pkl,1000,1000000,N=n^2,1,lambda,94.21052631578948,5.006655994748268e-109
flow_npe,posterior_samples.pkl,1000,1000000,N=n^2,1,lambda,94.26065162907268,1.3688008029772374e-106
flow_npe,posterior_samples.pkl,1000,1000000,N=n^2,1,lambda,94.31077694235589,3.502807988572874e-104
flow_npe,posterior_samples.pkl,1000,1000000,N=n^2,1,lambda,94.3609022556391,8.390271159684278e-102
flow_npe,posterior_samples.pkl,1000,1000000,N=n^2,1,lambda,94.41102756892231,1.881131914602811e-99
flow_npe,posterior_samples.pkl,1000,1000000,N=n^2,1,lambda,94.46115288220551,3.9477178132454563e-97
flow_npe,posterior_samples.pkl,1000,1000000,N=n^2,1,lambda,94.51127819548873,7.754549134764282e-95
flow_npe,posterior_samples.pkl,1000,1000000,N=n^2,1,lambda,94.56140350877193,1.425773738664581e-92
flow_npe,posterior_samples.pkl,1000,1000000,N=n^2,1,lambda,94.61152882205513,2.4537385544510413e-90
flow_npe,posterior_samples.pkl,1000,1000000,N=n^2,1,lambda,94.66165413533835,3.952661183148842e-88
flow_npe,posterior_samples.pkl,1000,1000000,N=n^2,1,lambda,94.71177944862156,5.959839007723109e-86
flow_npe,posterior_samples.pkl,1000,1000000,N=n^2,1,lambda,94.76190476190476,8.411299917781715e-84
flow_npe,posterior_samples.pkl,1000,1000000,N=n^2,1,lambda,94.81203007518798,1.1111568682384757e-81
flow_npe,posterior_samples.pkl,1000,1000000,N=n^2,1,lambda,94.86215538847118,1.373951223814441e-79
flow_npe,posterior_samples.pkl,1000,1000000,N=n^2,1,lambda,94.91228070175438,1.5901971105124497e-77
flow_npe,posterior_samples.pkl,1000,1000000,N=n^2,1,lambda,94.9624060150376,1.722718562494777e-75
flow_npe,posterior_samples.pkl,1000,1000000,N=n^2,1,lambda,95.0125313283208,1.7468735266067757e-73
flow_npe,posterior_samples.pkl,1000,1000000,N=n^2,1,lambda,95.06265664160401,1.6580299927403355e-71
flow_npe,posterior_samples.pkl,1000,1000000,N=n^2,1,lambda,95.11278195488723,1.4730148618799262e-69
flow_npe,posterior_samples.pkl,1000,1000000,N=n^2,1,lambda,95.16290726817043,1.2249144165933106e-67
flow_npe,posterior_samples.pkl,1000,1000000,N=n^2,1,lambda,95.21303258145363,9.53428843036044e-66
flow_npe,posterior_samples.pkl,1000,1000000,N=n^2,1,lambda,95.26315789473684,6.946320348820952e-64
flow_npe,posterior_samples.pkl,1000,1000000,N=n^2,1,lambda,95.31328320802005,4.73702178316586e-62
flow_npe,posterior_samples.pkl,1000,1000000,N=n^2,1,lambda,95.36340852130326,3.0237096635089637e-60
flow_npe,posterior_samples.pkl,1000,1000000,N=n^2,1,lambda,95.41353383458646,1.8065875802197656e-58
flow_npe,posterior_samples.pkl,1000,1000000,N=n^2,1,lambda,95.46365914786968,1.0103277653224437e-56
flow_npe,posterior_samples.pkl,1000,1000000,N=n^2,1,lambda,95.51378446115288,5.288713230211173e-55
flow_npe,posterior_samples.pkl,1000,1000000,N=n^2,1,lambda,95.56390977443608,2.5913278360314437e-53
flow_npe,posterior_samples.pkl,1000,1000000,N=n^2,1,lambda,95.6140350877193,1.1884460848752526e-51
flow_npe,posterior_samples.pkl,1000,1000000,N=n^2,1,lambda,95.6641604010025,5.101778404530222e-50
flow_npe,posterior_samples.pkl,1000,1000000,N=n^2,1,lambda,95.71428571428571,2.0499766466955713e-48
flow_npe,posterior_samples.pkl,1000,1000000,N=n^2,1,lambda,95.76441102756893,7.710130387232577e-47
flow_npe,posterior_samples.pkl,1000,1000000,N=n^2,1,lambda,95.81453634085213,2.7143155387467668e-45
flow_npe,posterior_samples.pkl,1000,1000000,N=n^2,1,lambda,95.86466165413533,8.944274333888721e-44
flow_npe,posterior_samples.pkl,1000,1000000,N=n^2,1,lambda,95.91478696741855,2.75877628178754e-42
flow_npe,posterior_samples.pkl,1000,1000000,N=n^2,1,lambda,95.96491228070175,7.964801298330629e-41
flow_npe,posterior_samples.pkl,1000,1000000,N=n^2,1,lambda,96.01503759398496,2.1523905385662914e-39
flow_npe,posterior_samples.pkl,1000,1000000,N=n^2,1,lambda,96.06516290726817,5.444469132814292e-38
flow_npe,posterior_samples.pkl,1000,1000000,N=n^2,1,lambda,96.11528822055138,1.2890777800872204e-36
flow_npe,posterior_samples.pkl,1000,1000000,N=n^2,1,lambda,96.16541353383458,2.8568848042782707e-35
flow_npe,posterior_samples.pkl,1000,1000000,N=n^2,1,lambda,96.2155388471178,5.926488067642021e-34
flow_npe,posterior_samples.pkl,1000,1000000,N=n^2,1,lambda,96.265664160401,1.1507855629165203e-32
flow_npe,posterior_samples.pkl,1000,1000000,N=n^2,1,lambda,96.3157894736842,2.091631273620858e-31
flow_npe,posterior_samples.pkl,1000,1000000,N=n^2,1,lambda,96.36591478696742,3.558534968506482e-30
flow_npe,posterior_samples.pkl,1000,1000000,N=n^2,1,lambda,96.41604010025063,5.667018961779525e-29
flow_npe,posterior_samples.pkl,1000,1000000,N=n^2,1,lambda,96.46616541353383,8.44768382411585e-28
flow_npe,posterior_samples.pkl,1000,1000000,N=n^2,1,lambda,96.51629072681705,1.1787529621818993e-26
flow_npe,posterior_samples.pkl,1000,1000000,N=n^2,1,lambda,96.56641604010025,1.539618532669687e-25
flow_npe,posterior_samples.pkl,1000,1000000,N=n^2,1,lambda,96.61654135338345,1.882401088878233e-24
flow_npe,posterior_samples.pkl,1000,1000000,N=n^2,1,lambda,96.66666666666667,2.1543883220483845e-23
flow_npe,posterior_samples.pkl,1000,1000000,N=n^2,1,lambda,96.71679197994987,2.3080931651725057e-22
flow_npe,posterior_samples.pkl,1000,1000000,N=n^2,1,lambda,96.76691729323308,2.3147586556354436e-21
flow_npe,posterior_samples.pkl,1000,1000000,N=n^2,1,lambda,96.8170426065163,2.173139076961537e-20
flow_npe,posterior_samples.pkl,1000,1000000,N=n^2,1,lambda,96.8671679197995,1.909880354755556e-19
flow_npe,posterior_samples.pkl,1000,1000000,N=n^2,1,lambda,96.9172932330827,1.5713402470124392e-18
flow_npe,posterior_samples.pkl,1000,1000000,N=n^2,1,lambda,96.96741854636592,1.2102907227735455e-17
flow_npe,posterior_samples.pkl,1000,1000000,N=n^2,1,lambda,97.01754385964912,8.727223852635625e-17
flow_npe,posterior_samples.pkl,1000,1000000,N=n^2,1,lambda,97.06766917293233,5.89172997601925e-16
flow_npe,posterior_samples.pkl,1000,1000000,N=n^2,1,lambda,97.11779448621554,3.723962724832887e-15
flow_npe,posterior_samples.pkl,1000,1000000,N=n^2,1,lambda,97.16791979949875,2.2038471389102376e-14
flow_npe,posterior_samples.pkl,1000,1000000,N=n^2,1,lambda,97.21804511278195,1.2212144085076208e-13
flow_npe,posterior_samples.pkl,1000,1000000,N=n^2,1,lambda,97.26817042606517,6.336661749443268e-13
flow_npe,posterior_samples.pkl,1000,1000000,N=n^2,1,lambda,97.31829573934837,3.0790361581791514e-12
flow_npe,posterior_samples.pkl,1000,1000000,N=n^2,1,lambda,97.36842105263158,1.4011557551818395e-11
flow_npe,posterior_samples.pkl,1000,1000000,N=n^2,1,lambda,97.41854636591479,5.97189178861015e-11
flow_npe,posterior_samples.pkl,1000,1000000,N=n^2,1,lambda,97.468671679198,2.3841491043380113e-10
flow_npe,posterior_samples.pkl,1000,1000000,N=n^2,1,lambda,97.5187969924812,8.916601735302011e-10
flow_npe,posterior_samples.pkl,1000,1000000,N=n^2,1,lambda,97.56892230576442,3.124394063168751e-09
flow_npe,posterior_samples.pkl,1000,1000000,N=n^2,1,lambda,97.61904761904762,1.0258824417774053e-08
flow_npe,posterior_samples.pkl,1000,1000000,N=n^2,1,lambda,97.66917293233082,3.156969212287164e-08
flow_npe,posterior_samples.pkl,1000,1000000,N=n^2,1,lambda,97.71929824561403,9.106950349917643e-08
flow_npe,posterior_samples.pkl,1000,1000000,N=n^2,1,lambda,97.76942355889724,2.4632672397126143e-07
flow_npe,posterior_samples.pkl,1000,1000000,N=n^2,1,lambda,97.81954887218045,6.249066336061952e-07
flow_npe,posterior_samples.pkl,1000,1000000,N=n^2,1,lambda,97.86967418546365,1.4874597122530173e-06
flow_npe,posterior_samples.pkl,1000,1000000,N=n^2,1,lambda,97.91979949874687,3.3236133178031907e-06
flow_npe,posterior_samples.pkl,1000,1000000,N=n^2,1,lambda,97.96992481203007,6.975757220843431e-06
flow_npe,posterior_samples.pkl,1000,1000000,N=n^2,1,lambda,98.02005012531328,1.3765107005046494e-05
flow_npe,posterior_samples.pkl,1000,1000000,N=n^2,1,lambda,98.0701754385965,2.557071211362192e-05
flow_npe,posterior_samples.pkl,1000,1000000,N=n^2,1,lambda,98.1203007518797,4.480509883991956e-05
flow_npe,posterior_samples.pkl,1000,1000000,N=n^2,1,lambda,98.1704260651629,7.427075672571461e-05
flow_npe,posterior_samples.pkl,1000,1000000,N=n^2,1,lambda,98.22055137844612,0.00011699544291475256
flow_npe,posterior_samples.pkl,1000,1000000,N=n^2,1,lambda,98.27067669172932,0.0001763231144960263
flow_npe,posterior_samples.pkl,1000,1000000,N=n^2,1,lambda,98.32080200501252,0.00025671319189916447
flow_npe,posterior_samples.pkl,1000,1000000,N=n^2,1,lambda,98.37092731829574,0.00036575153287001546
flow_npe,posterior_samples.pkl,1000,1000000,N=n^2,1,lambda,98.42105263157895,0.0005176847680097915
flow_npe,posterior_samples.pkl,1000,1000000,N=n^2,1,lambda,98.47117794486215,0.000738344765544997
flow_npe,posterior_samples.pkl,1000,1000000,N=n^2,1,lambda,98.52130325814537,0.0010708101399895089
flow_npe,posterior_samples.pkl,1000,1000000,N=n^2,1,lambda,98.57142857142857,0.001580900424851292
flow_npe,posterior_samples.pkl,1000,1000000,N=n^2,1,lambda,98.62155388471177,0.002361945332658484
flow_npe,posterior_samples.pkl,1000,1000000,N=n^2,1,lambda,98.67167919799499,0.0035392545955753633
flow_npe,posterior_samples.pkl,1000,1000000,N=n^2,1,lambda,98.7218045112782,0.005275881507360382
flow_npe,posterior_samples.pkl,1000,1000000,N=n^2,1,lambda,98.7719298245614,0.007781769645581081
flow_npe,posterior_samples.pkl,1000,1000000,N=n^2,1,lambda,98.82205513784461,0.011327379554314912
flow_npe,posterior_samples.pkl,1000,1000000,N=n^2,1,lambda,98.87218045112782,0.016260250895692444
flow_npe,posterior_samples.pkl,1000,1000000,N=n^2,1,lambda,98.92230576441102,0.023019579600248898
flow_npe,posterior_samples.pkl,1000,1000000,N=n^2,1,lambda,98.97243107769424,0.03214160245221825
flow_npe,posterior_samples.pkl,1000,1000000,N=n^2,1,lambda,99.02255639097744,0.044249265151853595
flow_npe,posterior_samples.pkl,1000,1000000,N=n^2,1,lambda,99.07268170426065,0.06002400395514989
flow_npe,posterior_samples.pkl,1000,1000000,N=n^2,1,lambda,99.12280701754386,0.08016405327834807
flow_npe,posterior_samples.pkl,1000,1000000,N=n^2,1,lambda,99.17293233082707,0.10533903504799659
flow_npe,posterior_samples.pkl,1000,1000000,N=n^2,1,lambda,99.22305764411027,0.13615083676440365
flow_npe,posterior_samples.pkl,1000,1000000,N=n^2,1,lambda,99.27318295739349,0.17310436159665396
flow_npe,posterior_samples.pkl,1000,1000000,N=n^2,1,lambda,99.32330827067669,0.21658134483174393
flow_npe,posterior_samples.pkl,1000,1000000,N=n^2,1,lambda,99.3734335839599,0.26680249772455383
flow_npe,posterior_samples.pkl,1000,1000000,N=n^2,1,lambda,99.42355889724311,0.3237641835748899
flow_npe,posterior_samples.pkl,1000,1000000,N=n^2,1,lambda,99.47368421052632,0.3871473521838234
flow_npe,posterior_samples.pkl,1000,1000000,N=n^2,1,lambda,99.52380952380952,0.45621352217151545
flow_npe,posterior_samples.pkl,1000,1000000,N=n^2,1,lambda,99.57393483709274,0.5297162797152558
flow_npe,posterior_samples.pkl,1000,1000000,N=n^2,1,lambda,99.62406015037594,0.6058600782137994
flow_npe,posterior_samples.pkl,1000,1000000,N=n^2,1,lambda,99.67418546365914,0.6823301713772744
flow_npe,posterior_samples.pkl,1000,1000000,N=n^2,1,lambda,99.72431077694236,0.75640265843702
flow_npe,posterior_samples.pkl,1000,1000000,N=n^2,1,lambda,99.77443609022556,0.8251272261872027
flow_npe,posterior_samples.pkl,1000,1000000,N=n^2,1,lambda,99.82456140350877,0.8855603954214033
flow_npe,posterior_samples.pkl,1000,1000000,N=n^2,1,lambda,99.87468671679198,0.9350154787656426
flow_npe,posterior_samples.pkl,1000,1000000,N=n^2,1,lambda,99.92481203007519,0.9712894952048662
flow_npe,posterior_samples.pkl,1000,1000000,N=n^2,1,lambda,99.97493734335839,0.9928306387325613
flow_npe,posterior_samples.pkl,1000,1000000,N=n^2,1,lambda,100.02506265664161,0.9988242676269714
flow_npe,posterior_samples.pkl,1000,1000000,N=n^2,1,lambda,100.07518796992481,0.9891969996135992
flow_npe,posterior_samples.pkl,1000,1000000,N=n^2,1,lambda,100.12531328320802,0.9645585432258273
flow_npe,posterior_samples.pkl,1000,1000000,N=n^2,1,lambda,100.17543859649123,0.9261104375592181
flow_npe,posterior_samples.pkl,1000,1000000,N=n^2,1,lambda,100.22556390977444,0.8755465887396578
flow_npe,posterior_samples.pkl,1000,1000000,N=n^2,1,lambda,100.27568922305764,0.8149566152271669
flow_npe,posterior_samples.pkl,1000,1000000,N=n^2,1,lambda,100.32581453634086,0.7467282923422839
flow_npe,posterior_samples.pkl,1000,1000000,N=n^2,1,lambda,100.37593984962406,0.6734377093385695
flow_npe,posterior_samples.pkl,1000,1000000,N=n^2,1,lambda,100.42606516290726,0.5977182320367161
flow_npe,posterior_samples.pkl,1000,1000000,N=n^2,1,lambda,100.47619047619048,0.5221097412871184
flow_npe,posterior_samples.pkl,1000,1000000,N=n^2,1,lambda,100.52631578947368,0.4489023115778971
flow_npe,posterior_samples.pkl,1000,1000000,N=n^2,1,lambda,100.57644110275689,0.37999748918125287
flow_npe,posterior_samples.pkl,1000,1000000,N=n^2,1,lambda,100.6265664160401,0.3168115479389252
flow_npe,posterior_samples.pkl,1000,1000000,N=n^2,1,lambda,100.67669172932331,0.26023773925244353
flow_npe,posterior_samples.pkl,1000,1000000,N=n^2,1,lambda,100.72681704260651,0.21067120765106173
flow_npe,posterior_samples.pkl,1000,1000000,N=n^2,1,lambda,100.77694235588973,0.16808577581678003
flow_npe,posterior_samples.pkl,1000,1000000,N=n^2,1,lambda,100.82706766917293,0.13214128189393662
flow_npe,posterior_samples.pkl,1000,1000000,N=n^2,1,lambda,100.87719298245614,0.10229677192323319
flow_npe,posterior_samples.pkl,1000,1000000,N=n^2,1,lambda,100.92731829573935,0.07790883243239499
flow_npe,posterior_samples.pkl,1000,1000000,N=n^2,1,lambda,100.97744360902256,0.058303251266582645
flow_npe,posterior_samples.pkl,1000,1000000,N=n^2,1,lambda,101.02756892230576,0.04281826577056943
flow_npe,posterior_samples.pkl,1000,1000000,N=n^2,1,lambda,101.07769423558898,0.03082543961883455
flow_npe,posterior_samples.pkl,1000,1000000,N=n^2,1,lambda,101.12781954887218,0.021737729570950885
flow_npe,posterior_samples.pkl,1000,1000000,N=n^2,1,lambda,101.17794486215539,0.015013501012669423
flow_npe,posterior_samples.pkl,1000,1000000,N=n^2,1,lambda,101.2280701754386,0.010161633288295203
flow_npe,posterior_samples.pkl,1000,1000000,N=n^2,1,lambda,101.2781954887218,0.006748612406548297
flow_npe,posterior_samples.pkl,1000,1000000,N=n^2,1,lambda,101.32832080200501,0.004405509506996622
flow_npe,posterior_samples.pkl,1000,1000000,N=n^2,1,lambda,101.37844611528823,0.002831856118579518
flow_npe,posterior_samples.pkl,1000,1000000,N=n^2,1,lambda,101.42857142857143,0.001794402193610311
flow_npe,posterior_samples.pkl,1000,1000000,N=n^2,1,lambda,101.47869674185463,0.00112060767133937
flow_npe,posterior_samples.pkl,1000,1000000,N=n^2,1,lambda,101.52882205513785,0.0006883921298976262
flow_npe,posterior_samples.pkl,1000,1000000,N=n^2,1,lambda,101.57894736842105,0.0004144643262462423
flow_npe,posterior_samples.pkl,1000,1000000,N=n^2,1,lambda,101.62907268170426,0.00024337220352296324
flow_npe,posterior_samples.pkl,1000,1000000,N=n^2,1,lambda,101.67919799498748,0.00013860426992891878
flow_npe,posterior_samples.pkl,1000,1000000,N=n^2,1,lambda,101.72932330827068,7.613643501939067e-05
flow_npe,posterior_samples.pkl,1000,1000000,N=n^2,1,lambda,101.77944862155388,4.013300771006229e-05
flow_npe,posterior_samples.pkl,1000,1000000,N=n^2,1,lambda,101.8295739348371,2.021072280537937e-05
flow_npe,posterior_samples.pkl,1000,1000000,N=n^2,1,lambda,101.8796992481203,9.687899787611126e-06
flow_npe,posterior_samples.pkl,1000,1000000,N=n^2,1,lambda,101.9298245614035,4.406955838287344e-06
flow_npe,posterior_samples.pkl,1000,1000000,N=n^2,1,lambda,101.97994987468671,1.8978279858684866e-06
flow_npe,posterior_samples.pkl,1000,1000000,N=n^2,1,lambda,102.03007518796993,7.722166043939992e-07
flow_npe,posterior_samples.pkl,1000,1000000,N=n^2,1,lambda,102.08020050125313,2.9641830270227643e-07
flow_npe,posterior_samples.pkl,1000,1000000,N=n^2,1,lambda,102.13032581453633,1.0720196077367695e-07
flow_npe,posterior_samples.pkl,1000,1000000,N=n^2,1,lambda,102.18045112781955,3.649061614709638e-08
flow_npe,posterior_samples.pkl,1000,1000000,N=n^2,1,lambda,102.23057644110276,1.1680688623748733e-08
flow_npe,posterior_samples.pkl,1000,1000000,N=n^2,1,lambda,102.28070175438596,3.513623779553917e-09
flow_npe,posterior_samples.pkl,1000,1000000,N=n^2,1,lambda,102.33082706766918,9.926194407546065e-10
flow_npe,posterior_samples.pkl,1000,1000000,N=n^2,1,lambda,102.38095238095238,2.6322861013354556e-10
flow_npe,posterior_samples.pkl,1000,1000000,N=n^2,1,lambda,102.43107769423558,6.549708159682645e-11
flow_npe,posterior_samples.pkl,1000,1000000,N=n^2,1,lambda,102.4812030075188,1.528597220102842e-11
flow_npe,posterior_samples.pkl,1000,1000000,N=n^2,1,lambda,102.531328320802,3.3451344207195815e-12
flow_npe,posterior_samples.pkl,1000,1000000,N=n^2,1,lambda,102.58145363408521,6.862310333328665e-13
flow_npe,posterior_samples.pkl,1000,1000000,N=n^2,1,lambda,102.63157894736842,1.319371222451864e-13
flow_npe,posterior_samples.pkl,1000,1000000,N=n^2,1,lambda,102.68170426065163,2.3769571071713162e-14
flow_npe,posterior_samples.pkl,1000,1000000,N=n^2,1,lambda,102.73182957393483,4.0120217642390014e-15
flow_npe,posterior_samples.pkl,1000,1000000,N=n^2,1,lambda,102.78195488721805,6.343559914068961e-16
flow_npe,posterior_samples.pkl,1000,1000000,N=n^2,1,lambda,102.83208020050125,9.394629999630593e-17
flow_npe,posterior_samples.pkl,1000,1000000,N=n^2,1,lambda,102.88220551378446,1.3030459711500027e-17
flow_npe,posterior_samples.pkl,1000,1000000,N=n^2,1,lambda,102.93233082706767,1.6925292706922788e-18
flow_npe,posterior_samples.pkl,1000,1000000,N=n^2,1,lambda,102.98245614035088,2.0586261078253174e-19
flow_npe,posterior_samples.pkl,1000,1000000,N=n^2,1,lambda,103.03258145363408,2.3445349859966096e-20
flow_npe,posterior_samples.pkl,1000,1000000,N=n^2,1,lambda,103.0827067669173,2.500063340826057e-21
flow_npe,posterior_samples.pkl,1000,1000000,N=n^2,1,lambda,103.1328320802005,2.495978580233422e-22
flow_npe,posterior_samples.pkl,1000,1000000,N=n^2,1,lambda,103.1829573934837,2.3329725770738214e-23
flow_npe,posterior_samples.pkl,1000,1000000,N=n^2,1,lambda,103.23308270676692,2.0414709655971652e-24
flow_npe,posterior_samples.pkl,1000,1000000,N=n^2,1,lambda,103.28320802005013,1.672359078095634e-25
flow_npe,posterior_samples.pkl,1000,1000000,N=n^2,1,lambda,103.33333333333333,1.2825028912029928e-26
flow_npe,posterior_samples.pkl,1000,1000000,N=n^2,1,lambda,103.38345864661655,9.207059276815822e-28
flow_npe,posterior_samples.pkl,1000,1000000,N=n^2,1,lambda,103.43358395989975,6.187423710302032e-29
flow_npe,posterior_samples.pkl,1000,1000000,N=n^2,1,lambda,103.48370927318295,3.892411767073663e-30
flow_npe,posterior_samples.pkl,1000,1000000,N=n^2,1,lambda,103.53383458646617,2.2921461629784794e-31
flow_npe,posterior_samples.pkl,1000,1000000,N=n^2,1,lambda,103.58395989974937,1.2635017852724633e-32
flow_npe,posterior_samples.pkl,1000,1000000,N=n^2,1,lambda,103.63408521303258,6.519518526464175e-34
flow_npe,posterior_samples.pkl,1000,1000000,N=n^2,1,lambda,103.6842105263158,3.148893480432462e-35
flow_npe,posterior_samples.pkl,1000,1000000,N=n^2,1,lambda,103.734335839599,1.4236405884270322e-36
flow_npe,posterior_samples.pkl,1000,1000000,N=n^2,1,lambda,103.7844611528822,6.024767369145533e-38
flow_npe,posterior_samples.pkl,1000,1000000,N=n^2,1,lambda,103.8345864661654,2.3865782267227776e-39
flow_npe,posterior_samples.pkl,1000,1000000,N=n^2,1,lambda,103.88471177944862,8.849215724234675e-41
flow_npe,posterior_samples.pkl,1000,1000000,N=n^2,1,lambda,103.93483709273183,3.0713273855193537e-42
flow_npe,posterior_samples.pkl,1000,1000000,N=n^2,1,lambda,103.98496240601503,9.977882592908532e-44
flow_npe,posterior_samples.pkl,1000,1000000,N=n^2,1,lambda,104.03508771929825,3.034174317993386e-45
flow_npe,posterior_samples.pkl,1000,1000000,N=n^2,1,lambda,104.08521303258145,8.636377201136839e-47
flow_npe,posterior_samples.pkl,1000,1000000,N=n^2,1,lambda,104.13533834586465,2.300969291399349e-48
flow_npe,posterior_samples.pkl,1000,1000000,N=n^2,1,lambda,104.18546365914787,5.738224244912635e-50
flow_npe,posterior_samples.pkl,1000,1000000,N=n^2,1,lambda,104.23558897243107,1.3394641937157758e-51
flow_npe,posterior_samples.pkl,1000,1000000,N=n^2,1,lambda,104.28571428571428,2.926652174455002e-53
flow_npe,posterior_samples.pkl,1000,1000000,N=n^2,1,lambda,104.3358395989975,5.985454097819006e-55
flow_npe,posterior_samples.pkl,1000,1000000,N=n^2,1,lambda,104.3859649122807,1.1457997789454783e-56
flow_npe,posterior_samples.pkl,1000,1000000,N=n^2,1,lambda,104.4360902255639,2.0530791634127118e-58
flow_npe,posterior_samples.pkl,1000,1000000,N=n^2,1,lambda,104.48621553884712,3.443402012820273e-60
flow_npe,posterior_samples.pkl,1000,1000000,N=n^2,1,lambda,104.53634085213032,5.40573327904711e-62
flow_npe,posterior_samples.pkl,1000,1000000,N=n^2,1,lambda,104.58646616541353,7.94339502258903e-64
flow_npe,posterior_samples.pkl,1000,1000000,N=n^2,1,lambda,104.63659147869674,1.0925522307962574e-65
flow_npe,posterior_samples.pkl,1000,1000000,N=n^2,1,lambda,104.68671679197995,1.4065741092545983e-67
flow_npe,posterior_samples.pkl,1000,1000000,N=n^2,1,lambda,104.73684210526315,1.694990529162754e-69
flow_npe,posterior_samples.pkl,1000,1000000,N=n^2,1,lambda,104.78696741854637,1.9118599613050397e-71
flow_npe,posterior_samples.pkl,1000,1000000,N=n^2,1,lambda,104.83709273182957,2.0185008669581362e-73
flow_npe,posterior_samples.pkl,1000,1000000,N=n^2,1,lambda,104.88721804511277,1.9947376690051602e-75
flow_npe,posterior_samples.pkl,1000,1000000,N=n^2,1,lambda,104.93734335839599,1.8451282661725258e-77
flow_npe,posterior_samples.pkl,1000,1000000,N=n^2,1,lambda,104.9874686716792,1.5975380311784883e-79
flow_npe,posterior_samples.pkl,1000,1000000,N=n^2,1,lambda,105.0375939849624,1.2946717594402064e-81
flow_npe,posterior_samples.pkl,1000,1000000,N=n^2,1,lambda,105.08771929824562,9.820914502771772e-84
flow_npe,posterior_samples.pkl,1000,1000000,N=n^2,1,lambda,105.13784461152882,6.97313283948835e-86
flow_npe,posterior_samples.pkl,1000,1000000,N=n^2,1,lambda,105.18796992481202,4.634337640943116e-88
flow_npe,posterior_samples.pkl,1000,1000000,N=n^2,1,lambda,105.23809523809524,2.8829101360662486e-90
flow_npe,posterior_samples.pkl,1000,1000000,N=n^2,1,lambda,105.28822055137844,1.6786425140234853e-92
flow_npe,posterior_samples.pkl,1000,1000000,N=n^2,1,lambda,105.33834586466165,9.148902362933955e-95
flow_npe,posterior_samples.pkl,1000,1000000,N=n^2,1,lambda,105.38847117794487,4.6672752539136144e-97
flow_npe,posterior_samples.pkl,1000,1000000,N=n^2,1,lambda,105.43859649122807,2.228647945866165e-99
flow_npe,posterior_samples.pkl,1000,1000000,N=n^2,1,lambda,105.48872180451127,9.961004751058316e-102
flow_npe,posterior_samples.pkl,1000,1000000,N=n^2,1,lambda,105.53884711779449,4.1672392812340907e-104
flow_npe,posterior_samples.pkl,1000,1000000,N=n^2,1,lambda,105.58897243107769,1.6318390973022244e-106
flow_npe,posterior_samples.pkl,1000,1000000,N=n^2,1,lambda,105.6390977443609,5.981220709289948e-109
flow_npe,posterior_samples.pkl,1000,1000000,N=n^2,1,lambda,105.68922305764411,2.0520404372987374e-111
flow_npe,posterior_samples.pkl,1000,1000000,N=n^2,1,lambda,105.73934837092732,6.589699160182089e-114
flow_npe,posterior_samples.pkl,1000,1000000,N=n^2,1,lambda,105.78947368421052,1.9807462596234074e-116
flow_npe,posterior_samples.pkl,1000,1000000,N=n^2,1,lambda,105.83959899749374,5.572828522668614e-119
flow_npe,posterior_samples.pkl,1000,1000000,N=n^2,1,lambda,105.88972431077694,1.4675945532580333e-121
flow_npe,posterior_samples.pkl,1000,1000000,N=n^2,1,lambda,105.93984962406014,3.6175960921654003e-124
flow_npe,posterior_samples.pkl,1000,1000000,N=n^2,1,lambda,105.98997493734336,8.346754335076485e-127
flow_npe,posterior_samples.pkl,1000,1000000,N=n^2,1,lambda,106.04010025062657,1.802597464232456e-129
flow_npe,posterior_samples.pkl,1000,1000000,N=n^2,1,lambda,106.09022556390977,3.643874807002236e-132
flow_npe,posterior_samples.pkl,1000,1000000,N=n^2,1,lambda,106.14035087719299,6.8946417501808e-135
flow_npe,posterior_samples.pkl,1000,1000000,N=n^2,1,lambda,106.19047619047619,1.2210783378846398e-137
flow_npe,posterior_samples.pkl,1000,1000000,N=n^2,1,lambda,106.2406015037594,2.0242255967575827e-140
flow_npe,posterior_samples.pkl,1000,1000000,N=n^2,1,lambda,106.29072681704261,3.1409271262740733e-143
flow_npe,posterior_samples.pkl,1000,1000000,N=n^2,1,lambda,106.34085213032581,4.561843373153047e-146
flow_npe,posterior_samples.pkl,1000,1000000,N=n^2,1,lambda,106.39097744360902,6.201638411682972e-149
flow_npe,posterior_samples.pkl,1000,1000000,N=n^2,1,lambda,106.44110275689223,7.891436612291928e-152
flow_npe,posterior_samples.pkl,1000,1000000,N=n^2,1,lambda,106.49122807017544,9.3991647900817e-155
flow_npe,posterior_samples.pkl,1000,1000000,N=n^2,1,lambda,106.54135338345864,1.047866641678655e-157
flow_npe,posterior_samples.pkl,1000,1000000,N=n^2,1,lambda,106.59147869674186,1.0934686228039477e-160
flow_npe,posterior_samples.pkl,1000,1000000,N=n^2,1,lambda,106.64160401002506,1.0680465827029489e-163
flow_npe,posterior_samples.pkl,1000,1000000,N=n^2,1,lambda,106.69172932330827,9.764671171884765e-167
flow_npe,posterior_samples.pkl,1000,1000000,N=n^2,1,lambda,106.74185463659148,8.356195833633276e-170
flow_npe,posterior_samples.pkl,1000,1000000,N=n^2,1,lambda,106.79197994987469,6.693344130019399e-173
flow_npe,posterior_samples.pkl,1000,1000000,N=n^2,1,lambda,106.84210526315789,5.01835357958662e-176
flow_npe,posterior_samples.pkl,1000,1000000,N=n^2,1,lambda,106.89223057644111,3.521785639420312e-179
flow_npe,posterior_samples.pkl,1000,1000000,N=n^2,1,lambda,106.94235588972431,2.3133861812743262e-182
flow_npe,posterior_samples.pkl,1000,1000000,N=n^2,1,lambda,106.99248120300751,1.4223841809063454e-185
flow_npe,posterior_samples.pkl,1000,1000000,N=n^2,1,lambda,107.04260651629073,8.185953020473965e-189
flow_npe,posterior_samples.pkl,1000,1000000,N=n^2,1,lambda,107.09273182957394,4.409660351029056e-192
flow_npe,posterior_samples.pkl,1000,1000000,N=n^2,1,lambda,107.14285714285714,2.2234357746837467e-195
flow_npe,posterior_samples.pkl,1000,1000000,N=n^2,1,lambda,107.19298245614036,1.0493674672081558e-198
flow_npe,posterior_samples.pkl,1000,1000000,N=n^2,1,lambda,107.24310776942356,4.635687590852733e-202
flow_npe,posterior_samples.pkl,1000,1000000,N=n^2,1,lambda,107.29323308270676,1.9168330191291085e-205
flow_npe,posterior_samples.pkl,1000,1000000,N=n^2,1,lambda,107.34335839598998,7.418873413546364e-209
flow_npe,posterior_samples.pkl,1000,1000000,N=n^2,1,lambda,107.39348370927318,2.687665380221562e-212
flow_npe,posterior_samples.pkl,1000,1000000,N=n^2,1,lambda,107.44360902255639,9.113726487789972e-216
flow_npe,posterior_samples.pkl,1000,1000000,N=n^2,1,lambda,107.4937343358396,2.8926796591281807e-219
flow_npe,posterior_samples.pkl,1000,1000000,N=n^2,1,lambda,107.54385964912281,8.593859513325697e-223
flow_npe,posterior_samples.pkl,1000,1000000,N=n^2,1,lambda,107.59398496240601,2.389789866393467e-226
flow_npe,posterior_samples.pkl,1000,1000000,N=n^2,1,lambda,107.64411027568923,6.220348797235983e-230
flow_npe,posterior_samples.pkl,1000,1000000,N=n^2,1,lambda,107.69423558897243,1.5154908466316768e-233
flow_npe,posterior_samples.pkl,1000,1000000,N=n^2,1,lambda,107.74436090225564,3.456013693925485e-237
flow_npe,posterior_samples.pkl,1000,1000000,N=n^2,1,lambda,107.79448621553885,7.377023192494242e-241
flow_npe,posterior_samples.pkl,1000,1000000,N=n^2,1,lambda,107.84461152882206,1.473908081825956e-244
flow_npe,posterior_samples.pkl,1000,1000000,N=n^2,1,lambda,107.89473684210526,2.7564061407497396e-248
flow_npe,posterior_samples.pkl,1000,1000000,N=n^2,1,lambda,107.94486215538848,4.825025073256147e-252
flow_npe,posterior_samples.pkl,1000,1000000,N=n^2,1,lambda,107.99498746867168,7.905684843349614e-256
flow_npe,posterior_samples.pkl,1000,1000000,N=n^2,1,lambda,108.04511278195488,1.2124475979557529e-259
flow_npe,posterior_samples.pkl,1000,1000000,N=n^2,1,lambda,108.0952380952381,1.740483917568989e-263
flow_npe,posterior_samples.pkl,1000,1000000,N=n^2,1,lambda,108.1453634085213,2.338625113321112e-267
flow_npe,posterior_samples.pkl,1000,1000000,N=n^2,1,lambda,108.19548872180451,2.9412691010464296e-271
flow_npe,posterior_samples.pkl,1000,1000000,N=n^2,1,lambda,108.24561403508773,3.4625214240881216e-275
flow_npe,posterior_samples.pkl,1000,1000000,N=n^2,1,lambda,108.29573934837093,3.815344299116132e-279
flow_npe,posterior_samples.pkl,1000,1000000,N=n^2,1,lambda,108.34586466165413,3.9351252327300687e-283
flow_npe,posterior_samples.pkl,1000,1000000,N=n^2,1,lambda,108.39598997493735,3.798979396243357e-287
flow_npe,posterior_samples.pkl,1000,1000000,N=n^2,1,lambda,108.44611528822055,3.432881999617708e-291
flow_npe,posterior_samples.pkl,1000,1000000,N=n^2,1,lambda,108.49624060150376,2.9035838345708658e-295
flow_npe,posterior_samples.pkl,1000,1000000,N=n^2,1,lambda,108.54636591478697,2.2987588878725268e-299
flow_npe,posterior_samples.pkl,1000,1000000,N=n^2,1,lambda,108.59649122807018,1.7034760425614085e-303
flow_npe,posterior_samples.pkl,1000,1000000,N=n^2,1,lambda,108.64661654135338,1.1815774551983422e-307
flow_npe,posterior_samples.pkl,1000,1000000,N=n^2,1,lambda,108.6967418546366,7.671352143143e-312
flow_npe,posterior_samples.pkl,1000,1000000,N=n^2,1,lambda,108.7468671679198,4.6619241e-316
flow_npe,posterior_samples.pkl,1000,1000000,N=n^2,1,lambda,108.796992481203,2.6517e-320
flow_npe,posterior_samples.pkl,1000,1000000,N=n^2,1,lambda,108.84711779448622,0.0
flow_npe,posterior_samples.pkl,1000,1000000,N=n^2,1,lambda,108.89724310776943,0.0
flow_npe,posterior_samples.pkl,1000,1000000,N=n^2,1,lambda,108.94736842105263,0.0
flow_npe,posterior_samples.pkl,1000,1000000,N=n^2,1,lambda,108.99749373433583,0.0
flow_npe,posterior_samples.pkl,1000,1000000,N=n^2,1,lambda,109.04761904761905,0.0
flow_npe,posterior_samples.pkl,1000,1000000,N=n^2,1,lambda,109.09774436090225,0.0
flow_npe,posterior_samples.pkl,1000,1000000,N=n^2,1,lambda,109.14786967418546,0.0
flow_npe,posterior_samples.pkl,1000,1000000,N=n^2,1,lambda,109.19799498746868,0.0
flow_npe,posterior_samples.pkl,1000,1000000,N=n^2,1,lambda,109.24812030075188,0.0
flow_npe,posterior_samples.pkl,1000,1000000,N=n^2,1,lambda,109.29824561403508,0.0
flow_npe,posterior_samples.pkl,1000,1000000,N=n^2,1,lambda,109.3483709273183,0.0
flow_npe,posterior_samples.pkl,1000,1000000,N=n^2,1,lambda,109.3984962406015,0.0
flow_npe,posterior_samples.pkl,1000,1000000,N=n^2,1,lambda,109.4486215538847,0.0
flow_npe,posterior_samples.pkl,1000,1000000,N=n^2,1,lambda,109.49874686716792,0.0
flow_npe,posterior_samples.pkl,1000,1000000,N=n^2,1,lambda,109.54887218045113,0.0
flow_npe,posterior_samples.pkl,1000,1000000,N=n^2,1,lambda,109.59899749373433,0.0
flow_npe,posterior_samples.pkl,1000,1000000,N=n^2,1,lambda,109.64912280701753,0.0
flow_npe,posterior_samples.pkl,1000,1000000,N=n^2,1,lambda,109.69924812030075,0.0
flow_npe,posterior_samples.pkl,1000,1000000,N=n^2,1,lambda,109.74937343358395,0.0
flow_npe,posterior_samples.pkl,1000,1000000,N=n^2,1,lambda,109.79949874686716,0.0
flow_npe,posterior_samples.pkl,1000,1000000,N=n^2,1,lambda,109.84962406015038,0.0
flow_npe,posterior_samples.pkl,1000,1000000,N=n^2,1,lambda,109.89974937343358,0.0
flow_npe,posterior_samples.pkl,1000,1000000,N=n^2,1,lambda,109.94987468671678,0.0
flow_npe,posterior_samples.pkl,1000,1000000,N=n^2,1,lambda,110.0,0.0
flow_npe,posterior_samples.pkl,1000,1000000,N=n^2,1,sigma,0.0,0.0
flow_npe,posterior_samples.pkl,1000,1000000,N=n^2,1,sigma,0.010025062656641603,0.0
flow_npe,posterior_samples.pkl,1000,1000000,N=n^2,1,sigma,0.020050125313283207,0.0
flow_npe,posterior_samples.pkl,1000,1000000,N=n^2,1,sigma,0.03007518796992481,0.0
flow_npe,posterior_samples.pkl,1000,1000000,N=n^2,1,sigma,0.040100250626566414,0.0
flow_npe,posterior_samples.pkl,1000,1000000,N=n^2,1,sigma,0.05012531328320802,0.0
flow_npe,posterior_samples.pkl,1000,1000000,N=n^2,1,sigma,0.06015037593984962,0.0
flow_npe,posterior_samples.pkl,1000,1000000,N=n^2,1,sigma,0.07017543859649122,0.0
flow_npe,posterior_samples.pkl,1000,1000000,N=n^2,1,sigma,0.08020050125313283,0.0
flow_npe,posterior_samples.pkl,1000,1000000,N=n^2,1,sigma,0.09022556390977443,0.0
flow_npe,posterior_samples.pkl,1000,1000000,N=n^2,1,sigma,0.10025062656641603,0.0
flow_npe,posterior_samples.pkl,1000,1000000,N=n^2,1,sigma,0.11027568922305764,0.0
flow_npe,posterior_samples.pkl,1000,1000000,N=n^2,1,sigma,0.12030075187969924,0.0
flow_npe,posterior_samples.pkl,1000,1000000,N=n^2,1,sigma,0.13032581453634084,0.0
flow_npe,posterior_samples.pkl,1000,1000000,N=n^2,1,sigma,0.14035087719298245,0.0
flow_npe,posterior_samples.pkl,1000,1000000,N=n^2,1,sigma,0.15037593984962405,0.0
flow_npe,posterior_samples.pkl,1000,1000000,N=n^2,1,sigma,0.16040100250626566,0.0
flow_npe,posterior_samples.pkl,1000,1000000,N=n^2,1,sigma,0.17042606516290726,0.0
flow_npe,posterior_samples.pkl,1000,1000000,N=n^2,1,sigma,0.18045112781954886,0.0
flow_npe,posterior_samples.pkl,1000,1000000,N=n^2,1,sigma,0.19047619047619047,0.0
flow_npe,posterior_samples.pkl,1000,1000000,N=n^2,1,sigma,0.20050125313283207,0.0
flow_npe,posterior_samples.pkl,1000,1000000,N=n^2,1,sigma,0.21052631578947367,0.0
flow_npe,posterior_samples.pkl,1000,1000000,N=n^2,1,sigma,0.22055137844611528,0.0
flow_npe,posterior_samples.pkl,1000,1000000,N=n^2,1,sigma,0.23057644110275688,0.0
flow_npe,posterior_samples.pkl,1000,1000000,N=n^2,1,sigma,0.24060150375939848,0.0
flow_npe,posterior_samples.pkl,1000,1000000,N=n^2,1,sigma,0.2506265664160401,0.0
flow_npe,posterior_samples.pkl,1000,1000000,N=n^2,1,sigma,0.2606516290726817,0.0
flow_npe,posterior_samples.pkl,1000,1000000,N=n^2,1,sigma,0.2706766917293233,0.0
flow_npe,posterior_samples.pkl,1000,1000000,N=n^2,1,sigma,0.2807017543859649,0.0
flow_npe,posterior_samples.pkl,1000,1000000,N=n^2,1,sigma,0.2907268170426065,0.0
flow_npe,posterior_samples.pkl,1000,1000000,N=n^2,1,sigma,0.3007518796992481,0.0
flow_npe,posterior_samples.pkl,1000,1000000,N=n^2,1,sigma,0.3107769423558897,0.0
flow_npe,posterior_samples.pkl,1000,1000000,N=n^2,1,sigma,0.3208020050125313,0.0
flow_npe,posterior_samples.pkl,1000,1000000,N=n^2,1,sigma,0.3308270676691729,0.0
flow_npe,posterior_samples.pkl,1000,1000000,N=n^2,1,sigma,0.3408521303258145,0.0
flow_npe,posterior_samples.pkl,1000,1000000,N=n^2,1,sigma,0.3508771929824561,0.0
flow_npe,posterior_samples.pkl,1000,1000000,N=n^2,1,sigma,0.3609022556390977,0.0
flow_npe,posterior_samples.pkl,1000,1000000,N=n^2,1,sigma,0.37092731829573933,0.0
flow_npe,posterior_samples.pkl,1000,1000000,N=n^2,1,sigma,0.38095238095238093,0.0
flow_npe,posterior_samples.pkl,1000,1000000,N=n^2,1,sigma,0.39097744360902253,0.0
flow_npe,posterior_samples.pkl,1000,1000000,N=n^2,1,sigma,0.40100250626566414,0.0
flow_npe,posterior_samples.pkl,1000,1000000,N=n^2,1,sigma,0.41102756892230574,0.0
flow_npe,posterior_samples.pkl,1000,1000000,N=n^2,1,sigma,0.42105263157894735,0.0
flow_npe,posterior_samples.pkl,1000,1000000,N=n^2,1,sigma,0.43107769423558895,0.0
flow_npe,posterior_samples.pkl,1000,1000000,N=n^2,1,sigma,0.44110275689223055,0.0
flow_npe,posterior_samples.pkl,1000,1000000,N=n^2,1,sigma,0.45112781954887216,0.0
flow_npe,posterior_samples.pkl,1000,1000000,N=n^2,1,sigma,0.46115288220551376,0.0
flow_npe,posterior_samples.pkl,1000,1000000,N=n^2,1,sigma,0.47117794486215536,0.0
flow_npe,posterior_samples.pkl,1000,1000000,N=n^2,1,sigma,0.48120300751879697,0.0
flow_npe,posterior_samples.pkl,1000,1000000,N=n^2,1,sigma,0.49122807017543857,0.0
flow_npe,posterior_samples.pkl,1000,1000000,N=n^2,1,sigma,0.5012531328320802,0.0
flow_npe,posterior_samples.pkl,1000,1000000,N=n^2,1,sigma,0.5112781954887218,0.0
flow_npe,posterior_samples.pkl,1000,1000000,N=n^2,1,sigma,0.5213032581453634,0.0
flow_npe,posterior_samples.pkl,1000,1000000,N=n^2,1,sigma,0.531328320802005,0.0
flow_npe,posterior_samples.pkl,1000,1000000,N=n^2,1,sigma,0.5413533834586466,0.0
flow_npe,posterior_samples.pkl,1000,1000000,N=n^2,1,sigma,0.5513784461152882,0.0
flow_npe,posterior_samples.pkl,1000,1000000,N=n^2,1,sigma,0.5614035087719298,0.0
flow_npe,posterior_samples.pkl,1000,1000000,N=n^2,1,sigma,0.5714285714285714,0.0
flow_npe,posterior_samples.pkl,1000,1000000,N=n^2,1,sigma,0.581453634085213,0.0
flow_npe,posterior_samples.pkl,1000,1000000,N=n^2,1,sigma,0.5914786967418546,0.0
flow_npe,posterior_samples.pkl,1000,1000000,N=n^2,1,sigma,0.6015037593984962,0.0
flow_npe,posterior_samples.pkl,1000,1000000,N=n^2,1,sigma,0.6115288220551378,0.0
flow_npe,posterior_samples.pkl,1000,1000000,N=n^2,1,sigma,0.6215538847117794,0.0
flow_npe,posterior_samples.pkl,1000,1000000,N=n^2,1,sigma,0.631578947368421,0.0
flow_npe,posterior_samples.pkl,1000,1000000,N=n^2,1,sigma,0.6416040100250626,0.0
flow_npe,posterior_samples.pkl,1000,1000000,N=n^2,1,sigma,0.6516290726817042,0.0
flow_npe,posterior_samples.pkl,1000,1000000,N=n^2,1,sigma,0.6616541353383458,0.0
flow_npe,posterior_samples.pkl,1000,1000000,N=n^2,1,sigma,0.6716791979949874,0.0
flow_npe,posterior_samples.pkl,1000,1000000,N=n^2,1,sigma,0.681704260651629,0.0
flow_npe,posterior_samples.pkl,1000,1000000,N=n^2,1,sigma,0.6917293233082706,0.0
flow_npe,posterior_samples.pkl,1000,1000000,N=n^2,1,sigma,0.7017543859649122,0.0
flow_npe,posterior_samples.pkl,1000,1000000,N=n^2,1,sigma,0.7117794486215538,0.0
flow_npe,posterior_samples.pkl,1000,1000000,N=n^2,1,sigma,0.7218045112781954,0.0
flow_npe,posterior_samples.pkl,1000,1000000,N=n^2,1,sigma,0.731829573934837,0.0
flow_npe,posterior_samples.pkl,1000,1000000,N=n^2,1,sigma,0.7418546365914787,0.0
flow_npe,posterior_samples.pkl,1000,1000000,N=n^2,1,sigma,0.7518796992481203,0.0
flow_npe,posterior_samples.pkl,1000,1000000,N=n^2,1,sigma,0.7619047619047619,0.0
flow_npe,posterior_samples.pkl,1000,1000000,N=n^2,1,sigma,0.7719298245614035,0.0
flow_npe,posterior_samples.pkl,1000,1000000,N=n^2,1,sigma,0.7819548872180451,0.0
flow_npe,posterior_samples.pkl,1000,1000000,N=n^2,1,sigma,0.7919799498746867,0.0
flow_npe,posterior_samples.pkl,1000,1000000,N=n^2,1,sigma,0.8020050125313283,0.0
flow_npe,posterior_samples.pkl,1000,1000000,N=n^2,1,sigma,0.8120300751879699,0.0
flow_npe,posterior_samples.pkl,1000,1000000,N=n^2,1,sigma,0.8220551378446115,0.0
flow_npe,posterior_samples.pkl,1000,1000000,N=n^2,1,sigma,0.8320802005012531,0.0
flow_npe,posterior_samples.pkl,1000,1000000,N=n^2,1,sigma,0.8421052631578947,0.0
flow_npe,posterior_samples.pkl,1000,1000000,N=n^2,1,sigma,0.8521303258145363,0.0
flow_npe,posterior_samples.pkl,1000,1000000,N=n^2,1,sigma,0.8621553884711779,0.0
flow_npe,posterior_samples.pkl,1000,1000000,N=n^2,1,sigma,0.8721804511278195,0.0
flow_npe,posterior_samples.pkl,1000,1000000,N=n^2,1,sigma,0.8822055137844611,0.0
flow_npe,posterior_samples.pkl,1000,1000000,N=n^2,1,sigma,0.8922305764411027,0.0
flow_npe,posterior_samples.pkl,1000,1000000,N=n^2,1,sigma,0.9022556390977443,0.0
flow_npe,posterior_samples.pkl,1000,1000000,N=n^2,1,sigma,0.9122807017543859,0.0
flow_npe,posterior_samples.pkl,1000,1000000,N=n^2,1,sigma,0.9223057644110275,0.0
flow_npe,posterior_samples.pkl,1000,1000000,N=n^2,1,sigma,0.9323308270676691,0.0
flow_npe,posterior_samples.pkl,1000,1000000,N=n^2,1,sigma,0.9423558897243107,0.0
flow_npe,posterior_samples.pkl,1000,1000000,N=n^2,1,sigma,0.9523809523809523,0.0
flow_npe,posterior_samples.pkl,1000,1000000,N=n^2,1,sigma,0.9624060150375939,0.0
flow_npe,posterior_samples.pkl,1000,1000000,N=n^2,1,sigma,0.9724310776942355,0.0
flow_npe,posterior_samples.pkl,1000,1000000,N=n^2,1,sigma,0.9824561403508771,0.0
flow_npe,posterior_samples.pkl,1000,1000000,N=n^2,1,sigma,0.9924812030075187,9.85597e-319
flow_npe,posterior_samples.pkl,1000,1000000,N=n^2,1,sigma,1.0025062656641603,8.289908009540937e-309
flow_npe,posterior_samples.pkl,1000,1000000,N=n^2,1,sigma,1.012531328320802,4.838746965007276e-299
flow_npe,posterior_samples.pkl,1000,1000000,N=n^2,1,sigma,1.0225563909774436,1.9599646731999319e-289
flow_npe,posterior_samples.pkl,1000,1000000,N=n^2,1,sigma,1.0325814536340852,5.509290924699343e-280
flow_npe,posterior_samples.pkl,1000,1000000,N=n^2,1,sigma,1.0426065162907268,1.074670432687139e-270
flow_npe,posterior_samples.pkl,1000,1000000,N=n^2,1,sigma,1.0526315789473684,1.4547455097558865e-261
flow_npe,posterior_samples.pkl,1000,1000000,N=n^2,1,sigma,1.06265664160401,1.3665668501722068e-252
flow_npe,posterior_samples.pkl,1000,1000000,N=n^2,1,sigma,1.0726817042606516,8.908546859791117e-244
flow_npe,posterior_samples.pkl,1000,1000000,N=n^2,1,sigma,1.0827067669172932,4.0300922477389074e-235
flow_npe,posterior_samples.pkl,1000,1000000,N=n^2,1,sigma,1.0927318295739348,1.265188502642642e-226
flow_npe,posterior_samples.pkl,1000,1000000,N=n^2,1,sigma,1.1027568922305764,2.756307185176813e-218
flow_npe,posterior_samples.pkl,1000,1000000,N=n^2,1,sigma,1.112781954887218,4.16708278998124e-210
flow_npe,posterior_samples.pkl,1000,1000000,N=n^2,1,sigma,1.1228070175438596,4.371885424911259e-202
flow_npe,posterior_samples.pkl,1000,1000000,N=n^2,1,sigma,1.1328320802005012,3.183006648128208e-194
flow_npe,posterior_samples.pkl,1000,1000000,N=n^2,1,sigma,1.1428571428571428,1.608194049176095e-186
flow_npe,posterior_samples.pkl,1000,1000000,N=n^2,1,sigma,1.1528822055137844,5.6386025956037325e-179
flow_npe,posterior_samples.pkl,1000,1000000,N=n^2,1,sigma,1.162907268170426,1.3719448513607454e-171
flow_npe,posterior_samples.pkl,1000,1000000,N=n^2,1,sigma,1.1729323308270676,2.3165087906712532e-164
flow_npe,posterior_samples.pkl,1000,1000000,N=n^2,1,sigma,1.1829573934837092,2.7143345960500236e-157
flow_npe,posterior_samples.pkl,1000,1000000,N=n^2,1,sigma,1.1929824561403508,2.2071149004170622e-150
flow_npe,posterior_samples.pkl,1000,1000000,N=n^2,1,sigma,1.2030075187969924,1.2454280259874662e-143
flow_npe,posterior_samples.pkl,1000,1000000,N=n^2,1,sigma,1.213032581453634,4.876906813675949e-137
flow_npe,posterior_samples.pkl,1000,1000000,N=n^2,1,sigma,1.2230576441102756,1.3252640320349848e-130
flow_npe,posterior_samples.pkl,1000,1000000,N=n^2,1,sigma,1.2330827067669172,2.4991509950403464e-124
flow_npe,posterior_samples.pkl,1000,1000000,N=n^2,1,sigma,1.2431077694235588,3.270504210195632e-118
flow_npe,posterior_samples.pkl,1000,1000000,N=n^2,1,sigma,1.2531328320802004,2.9700862406202703e-112
flow_npe,posterior_samples.pkl,1000,1000000,N=n^2,1,sigma,1.263157894736842,1.8717831710194105e-106
flow_npe,posterior_samples.pkl,1000,1000000,N=n^2,1,sigma,1.2731829573934836,8.186045378808124e-101
flow_npe,posterior_samples.pkl,1000,1000000,N=n^2,1,sigma,1.2832080200501252,2.4844192661215664e-95
flow_npe,posterior_samples.pkl,1000,1000000,N=n^2,1,sigma,1.2932330827067668,5.23248220704075e-90
flow_npe,posterior_samples.pkl,1000,1000000,N=n^2,1,sigma,1.3032581453634084,7.647557712346232e-85
flow_npe,posterior_samples.pkl,1000,1000000,N=n^2,1,sigma,1.31328320802005,7.756573230525655e-80
flow_npe,posterior_samples.pkl,1000,1000000,N=n^2,1,sigma,1.3233082706766917,5.459453384988475e-75
flow_npe,posterior_samples.pkl,1000,1000000,N=n^2,1,sigma,1.3333333333333333,2.6666164775539988e-70
flow_npe,posterior_samples.pkl,1000,1000000,N=n^2,1,sigma,1.3433583959899749,9.038660738998745e-66
flow_npe,posterior_samples.pkl,1000,1000000,N=n^2,1,sigma,1.3533834586466165,2.1260806953718534e-61
flow_npe,posterior_samples.pkl,1000,1000000,N=n^2,1,sigma,1.363408521303258,3.4704639199464076e-57
flow_npe,posterior_samples.pkl,1000,1000000,N=n^2,1,sigma,1.3734335839598997,3.931220957335074e-53
flow_npe,posterior_samples.pkl,1000,1000000,N=n^2,1,sigma,1.3834586466165413,3.0902919184245126e-49
flow_npe,posterior_samples.pkl,1000,1000000,N=n^2,1,sigma,1.3934837092731829,1.6857908374409223e-45
flow_npe,posterior_samples.pkl,1000,1000000,N=n^2,1,sigma,1.4035087719298245,6.381753174072502e-42
flow_npe,posterior_samples.pkl,1000,1000000,N=n^2,1,sigma,1.413533834586466,1.6765188784784476e-38
flow_npe,posterior_samples.pkl,1000,1000000,N=n^2,1,sigma,1.4235588972431077,3.056391789925613e-35
flow_npe,posterior_samples.pkl,1000,1000000,N=n^2,1,sigma,1.4335839598997493,3.866711159125559e-32
flow_npe,posterior_samples.pkl,1000,1000000,N=n^2,1,sigma,1.443609022556391,3.3947404107569235e-29
flow_npe,posterior_samples.pkl,1000,1000000,N=n^2,1,sigma,1.4536340852130325,2.0682524135655037e-26
flow_npe,posterior_samples.pkl,1000,1000000,N=n^2,1,sigma,1.463659147869674,8.7444528522488e-24
flow_npe,posterior_samples.pkl,1000,1000000,N=n^2,1,sigma,1.4736842105263157,2.5656290969038694e-21
flow_npe,posterior_samples.pkl,1000,1000000,N=n^2,1,sigma,1.4837092731829573,5.22380834958058e-19
flow_npe,posterior_samples.pkl,1000,1000000,N=n^2,1,sigma,1.493734335839599,7.380957918255961e-17
flow_npe,posterior_samples.pkl,1000,1000000,N=n^2,1,sigma,1.5037593984962405,7.237196331829224e-15
flow_npe,posterior_samples.pkl,1000,1000000,N=n^2,1,sigma,1.5137844611528821,4.924476968921787e-13
flow_npe,posterior_samples.pkl,1000,1000000,N=n^2,1,sigma,1.5238095238095237,2.3253160970383858e-11
flow_npe,posterior_samples.pkl,1000,1000000,N=n^2,1,sigma,1.5338345864661653,7.619667431649847e-10
flow_npe,posterior_samples.pkl,1000,1000000,N=n^2,1,sigma,1.543859649122807,1.7326951753630807e-08
flow_npe,posterior_samples.pkl,1000,1000000,N=n^2,1,sigma,1.5538847117794485,2.73426401487325e-07
flow_npe,posterior_samples.pkl,1000,1000000,N=n^2,1,sigma,1.5639097744360901,2.994269307777824e-06
flow_npe,posterior_samples.pkl,1000,1000000,N=n^2,1,sigma,1.5739348370927317,2.2754819861858016e-05
flow_npe,posterior_samples.pkl,1000,1000000,N=n^2,1,sigma,1.5839598997493733,0.00012000188770078493
flow_npe,posterior_samples.pkl,1000,1000000,N=n^2,1,sigma,1.593984962406015,0.0004391722678230023
flow_npe,posterior_samples.pkl,1000,1000000,N=n^2,1,sigma,1.6040100250626566,0.001115357684007493
flow_npe,posterior_samples.pkl,1000,1000000,N=n^2,1,sigma,1.6140350877192982,0.0019657545017630618
flow_npe,posterior_samples.pkl,1000,1000000,N=n^2,1,sigma,1.6240601503759398,0.0024044946359536076
flow_npe,posterior_samples.pkl,1000,1000000,N=n^2,1,sigma,1.6340852130325814,0.0020438531227117787
flow_npe,posterior_samples.pkl,1000,1000000,N=n^2,1,sigma,1.644110275689223,0.0012266602237996406
flow_npe,posterior_samples.pkl,1000,1000000,N=n^2,1,sigma,1.6541353383458646,0.0006198394677200823
flow_npe,posterior_samples.pkl,1000,1000000,N=n^2,1,sigma,1.6641604010025062,0.0006019658669018152
flow_npe,posterior_samples.pkl,1000,1000000,N=n^2,1,sigma,1.6741854636591478,0.0011823372953200634
flow_npe,posterior_samples.pkl,1000,1000000,N=n^2,1,sigma,1.6842105263157894,0.002004507268697539
flow_npe,posterior_samples.pkl,1000,1000000,N=n^2,1,sigma,1.694235588972431,0.002405681708393142
flow_npe,posterior_samples.pkl,1000,1000000,N=n^2,1,sigma,1.7042606516290726,0.0020067423455838143
flow_npe,posterior_samples.pkl,1000,1000000,N=n^2,1,sigma,1.7142857142857142,0.001161924103373996
flow_npe,posterior_samples.pkl,1000,1000000,N=n^2,1,sigma,1.7243107769423558,0.00046837187491080676
flow_npe,posterior_samples.pkl,1000,1000000,N=n^2,1,sigma,1.7343358395989974,0.0001436225567405923
flow_npe,posterior_samples.pkl,1000,1000000,N=n^2,1,sigma,1.744360902255639,0.00010408771819142127
flow_npe,posterior_samples.pkl,1000,1000000,N=n^2,1,sigma,1.7543859649122806,0.00032540740874748594
flow_npe,posterior_samples.pkl,1000,1000000,N=n^2,1,sigma,1.7644110275689222,0.0009240713728287364
flow_npe,posterior_samples.pkl,1000,1000000,N=n^2,1,sigma,1.7744360902255638,0.0019024612788824205
flow_npe,posterior_samples.pkl,1000,1000000,N=n^2,1,sigma,1.7844611528822054,0.002965905444408909
flow_npe,posterior_samples.pkl,1000,1000000,N=n^2,1,sigma,1.794486215538847,0.0039041075324145855
flow_npe,posterior_samples.pkl,1000,1000000,N=n^2,1,sigma,1.8045112781954886,0.004980752201741198
flow_npe,posterior_samples.pkl,1000,1000000,N=n^2,1,sigma,1.8145363408521302,0.006498661726023012
flow_npe,posterior_samples.pkl,1000,1000000,N=n^2,1,sigma,1.8245614035087718,0.008502795183338121
flow_npe,posterior_samples.pkl,1000,1000000,N=n^2,1,sigma,1.8345864661654134,0.011733250420852421
flow_npe,posterior_samples.pkl,1000,1000000,N=n^2,1,sigma,1.844611528822055,0.018724690276461564
flow_npe,posterior_samples.pkl,1000,1000000,N=n^2,1,sigma,1.8546365914786966,0.033676392556947994
flow_npe,posterior_samples.pkl,1000,1000000,N=n^2,1,sigma,1.8646616541353382,0.061630713971938304
flow_npe,posterior_samples.pkl,1000,1000000,N=n^2,1,sigma,1.8746867167919798,0.10826095873896674
flow_npe,posterior_samples.pkl,1000,1000000,N=n^2,1,sigma,1.8847117794486214,0.18122066493996436
flow_npe,posterior_samples.pkl,1000,1000000,N=n^2,1,sigma,1.894736842105263,0.2921822044932469
flow_npe,posterior_samples.pkl,1000,1000000,N=n^2,1,sigma,1.9047619047619047,0.4580659931659487
flow_npe,posterior_samples.pkl,1000,1000000,N=n^2,1,sigma,1.9147869674185463,0.704515753767534
flow_npe,posterior_samples.pkl,1000,1000000,N=n^2,1,sigma,1.9248120300751879,1.0718367834905658
flow_npe,posterior_samples.pkl,1000,1000000,N=n^2,1,sigma,1.9348370927318295,1.613068127141783
flow_npe,posterior_samples.pkl,1000,1000000,N=n^2,1,sigma,1.944862155388471,2.3711929262364295
flow_npe,posterior_samples.pkl,1000,1000000,N=n^2,1,sigma,1.9548872180451127,3.3407593810377314
flow_npe,posterior_samples.pkl,1000,1000000,N=n^2,1,sigma,1.9649122807017543,4.452333736110721
flow_npe,posterior_samples.pkl,1000,1000000,N=n^2,1,sigma,1.9749373433583959,5.600481273675926
flow_npe,posterior_samples.pkl,1000,1000000,N=n^2,1,sigma,1.9849624060150375,6.682524773564129
flow_npe,posterior_samples.pkl,1000,1000000,N=n^2,1,sigma,1.994987468671679,7.61698068170224
flow_npe,posterior_samples.pkl,1000,1000000,N=n^2,1,sigma,2.0050125313283207,8.326117264052186
flow_npe,posterior_samples.pkl,1000,1000000,N=n^2,1,sigma,2.015037593984962,8.702578283971443
flow_npe,posterior_samples.pkl,1000,1000000,N=n^2,1,sigma,2.025062656641604,8.639866613378292
flow_npe,posterior_samples.pkl,1000,1000000,N=n^2,1,sigma,2.0350877192982457,8.119223642769365
flow_npe,posterior_samples.pkl,1000,1000000,N=n^2,1,sigma,2.045112781954887,7.237318509143126
flow_npe,posterior_samples.pkl,1000,1000000,N=n^2,1,sigma,2.0551378446115285,6.14969093207027
flow_npe,posterior_samples.pkl,1000,1000000,N=n^2,1,sigma,2.0651629072681703,5.001410904265911
flow_npe,posterior_samples.pkl,1000,1000000,N=n^2,1,sigma,2.075187969924812,3.894801906125905
flow_npe,posterior_samples.pkl,1000,1000000,N=n^2,1,sigma,2.0852130325814535,2.8984627055888113
flow_npe,posterior_samples.pkl,1000,1000000,N=n^2,1,sigma,2.095238095238095,2.0637925055162327
flow_npe,posterior_samples.pkl,1000,1000000,N=n^2,1,sigma,2.1052631578947367,1.417025985945997
flow_npe,posterior_samples.pkl,1000,1000000,N=n^2,1,sigma,2.1152882205513786,0.9456935986506628
flow_npe,posterior_samples.pkl,1000,1000000,N=n^2,1,sigma,2.12531328320802,0.6121292468567695
flow_npe,posterior_samples.pkl,1000,1000000,N=n^2,1,sigma,2.1353383458646613,0.3811487506274501
flow_npe,posterior_samples.pkl,1000,1000000,N=n^2,1,sigma,2.145363408521303,0.22896894348091887
flow_npe,posterior_samples.pkl,1000,1000000,N=n^2,1,sigma,2.155388471177945,0.13543014749730442
flow_npe,posterior_samples.pkl,1000,1000000,N=n^2,1,sigma,2.1654135338345863,0.08117722849866683
flow_npe,posterior_samples.pkl,1000,1000000,N=n^2,1,sigma,2.1754385964912277,0.05067933356505734
flow_npe,posterior_samples.pkl,1000,1000000,N=n^2,1,sigma,2.1854636591478696,0.03301554101807021
flow_npe,posterior_samples.pkl,1000,1000000,N=n^2,1,sigma,2.1954887218045114,0.021253080486800403
flow_npe,posterior_samples.pkl,1000,1000000,N=n^2,1,sigma,2.2055137844611528,0.01232494091656465
flow_npe,posterior_samples.pkl,1000,1000000,N=n^2,1,sigma,2.215538847117794,0.005925084441968257
flow_npe,posterior_samples.pkl,1000,1000000,N=n^2,1,sigma,2.225563909774436,0.002234244314059367
flow_npe,posterior_samples.pkl,1000,1000000,N=n^2,1,sigma,2.235588972431078,0.0006388081038820067
flow_npe,posterior_samples.pkl,1000,1000000,N=n^2,1,sigma,2.245614035087719,0.0001354390186663948
flow_npe,posterior_samples.pkl,1000,1000000,N=n^2,1,sigma,2.2556390977443606,2.0947680863633747e-05
flow_npe,posterior_samples.pkl,1000,1000000,N=n^2,1,sigma,2.2656641604010024,2.333290316667355e-06
flow_npe,posterior_samples.pkl,1000,1000000,N=n^2,1,sigma,2.275689223057644,1.8529342050354635e-07
flow_npe,posterior_samples.pkl,1000,1000000,N=n^2,1,sigma,2.2857142857142856,1.0410251789509334e-08
flow_npe,posterior_samples.pkl,1000,1000000,N=n^2,1,sigma,2.295739348370927,4.114308985840627e-10
flow_npe,posterior_samples.pkl,1000,1000000,N=n^2,1,sigma,2.305764411027569,1.139163885732537e-11
flow_npe,posterior_samples.pkl,1000,1000000,N=n^2,1,sigma,2.3157894736842106,2.2032955043234712e-13
flow_npe,posterior_samples.pkl,1000,1000000,N=n^2,1,sigma,2.325814536340852,2.9708502496234866e-15
flow_npe,posterior_samples.pkl,1000,1000000,N=n^2,1,sigma,2.3358395989974934,2.7887121344749383e-17
flow_npe,posterior_samples.pkl,1000,1000000,N=n^2,1,sigma,2.345864661654135,1.82063282884188e-19
flow_npe,posterior_samples.pkl,1000,1000000,N=n^2,1,sigma,2.355889724310777,8.261273631209426e-22
flow_npe,posterior_samples.pkl,1000,1000000,N=n^2,1,sigma,2.3659147869674184,2.6042145673108753e-24
flow_npe,posterior_samples.pkl,1000,1000000,N=n^2,1,sigma,2.37593984962406,5.701274931814491e-27
flow_npe,posterior_samples.pkl,1000,1000000,N=n^2,1,sigma,2.3859649122807016,8.666328939681159e-30
flow_npe,posterior_samples.pkl,1000,1000000,N=n^2,1,sigma,2.3959899749373434,9.145300105018385e-33
flow_npe,posterior_samples.pkl,1000,1000000,N=n^2,1,sigma,2.406015037593985,6.699034811061663e-36
flow_npe,posterior_samples.pkl,1000,1000000,N=n^2,1,sigma,2.416040100250626,3.405994680748655e-39
flow_npe,posterior_samples.pkl,1000,1000000,N=n^2,1,sigma,2.426065162907268,1.2019018643733009e-42
flow_npe,posterior_samples.pkl,1000,1000000,N=n^2,1,sigma,2.43609022556391,2.9435415363322465e-46
flow_npe,posterior_samples.pkl,1000,1000000,N=n^2,1,sigma,2.4461152882205512,5.0030536098459975e-50
flow_npe,posterior_samples.pkl,1000,1000000,N=n^2,1,sigma,2.4561403508771926,5.901401549417242e-54
flow_npe,posterior_samples.pkl,1000,1000000,N=n^2,1,sigma,2.4661654135338344,4.830853522801624e-58
flow_npe,posterior_samples.pkl,1000,1000000,N=n^2,1,sigma,2.4761904761904763,2.744332360193336e-62
flow_npe,posterior_samples.pkl,1000,1000000,N=n^2,1,sigma,2.4862155388471177,1.0819081373656183e-66
flow_npe,posterior_samples.pkl,1000,1000000,N=n^2,1,sigma,2.496240601503759,2.9599374302707195e-71
flow_npe,posterior_samples.pkl,1000,1000000,N=n^2,1,sigma,2.506265664160401,5.619677746122173e-76
flow_npe,posterior_samples.pkl,1000,1000000,N=n^2,1,sigma,2.5162907268170427,7.404159748639368e-81
flow_npe,posterior_samples.pkl,1000,1000000,N=n^2,1,sigma,2.526315789473684,6.769782654284623e-86
flow_npe,posterior_samples.pkl,1000,1000000,N=n^2,1,sigma,2.5363408521303255,4.2954393074916754e-91
flow_npe,posterior_samples.pkl,1000,1000000,N=n^2,1,sigma,2.5463659147869673,1.891358617047431e-96
flow_npe,posterior_samples.pkl,1000,1000000,N=n^2,1,sigma,2.556390977443609,5.77927367586663e-102
flow_npe,posterior_samples.pkl,1000,1000000,N=n^2,1,sigma,2.5664160401002505,1.2254778505238707e-107
flow_npe,posterior_samples.pkl,1000,1000000,N=n^2,1,sigma,2.576441102756892,1.8033096693978478e-113
flow_npe,posterior_samples.pkl,1000,1000000,N=n^2,1,sigma,2.5864661654135337,1.841482771288461e-119
flow_npe,posterior_samples.pkl,1000,1000000,N=n^2,1,sigma,2.5964912280701755,1.3049606381913215e-125
flow_npe,posterior_samples.pkl,1000,1000000,N=n^2,1,sigma,2.606516290726817,6.417405688014565e-132
flow_npe,posterior_samples.pkl,1000,1000000,N=n^2,1,sigma,2.6165413533834583,2.190049115761378e-138
flow_npe,posterior_samples.pkl,1000,1000000,N=n^2,1,sigma,2.6265664160401,5.186572497230673e-145
flow_npe,posterior_samples.pkl,1000,1000000,N=n^2,1,sigma,2.636591478696742,8.523917943907363e-152
flow_npe,posterior_samples.pkl,1000,1000000,N=n^2,1,sigma,2.6466165413533833,9.721432306071975e-159
flow_npe,posterior_samples.pkl,1000,1000000,N=n^2,1,sigma,2.6566416040100247,7.694022033243841e-166
flow_npe,posterior_samples.pkl,1000,1000000,N=n^2,1,sigma,2.6666666666666665,4.225798230502967e-173
flow_npe,posterior_samples.pkl,1000,1000000,N=n^2,1,sigma,2.6766917293233083,1.610631697876908e-180
flow_npe,posterior_samples.pkl,1000,1000000,N=n^2,1,sigma,2.6867167919799497,4.260061557320091e-188
flow_npe,posterior_samples.pkl,1000,1000000,N=n^2,1,sigma,2.696741854636591,7.81929594513783e-196
flow_npe,posterior_samples.pkl,1000,1000000,N=n^2,1,sigma,2.706766917293233,9.95982176629222e-204
flow_npe,posterior_samples.pkl,1000,1000000,N=n^2,1,sigma,2.7167919799498748,8.803748357371556e-212
flow_npe,posterior_samples.pkl,1000,1000000,N=n^2,1,sigma,2.726817042606516,5.400274177671438e-220
flow_npe,posterior_samples.pkl,1000,1000000,N=n^2,1,sigma,2.7368421052631575,2.2987732471271294e-228
flow_npe,posterior_samples.pkl,1000,1000000,N=n^2,1,sigma,2.7468671679197993,6.790606927295285e-237
flow_npe,posterior_samples.pkl,1000,1000000,N=n^2,1,sigma,2.756892230576441,1.392044706293568e-245
flow_npe,posterior_samples.pkl,1000,1000000,N=n^2,1,sigma,2.7669172932330826,1.9802950712670444e-254
flow_npe,posterior_samples.pkl,1000,1000000,N=n^2,1,sigma,2.776942355889724,1.9549639897823356e-263
flow_npe,posterior_samples.pkl,1000,1000000,N=n^2,1,sigma,2.7869674185463658,1.3393058000111589e-272
flow_npe,posterior_samples.pkl,1000,1000000,N=n^2,1,sigma,2.7969924812030076,6.367264171870506e-282
flow_npe,posterior_samples.pkl,1000,1000000,N=n^2,1,sigma,2.807017543859649,2.1006713837917067e-291
flow_npe,posterior_samples.pkl,1000,1000000,N=n^2,1,sigma,2.8170426065162903,4.809450966757982e-301
flow_npe,posterior_samples.pkl,1000,1000000,N=n^2,1,sigma,2.827067669172932,7.6412606615133e-311
flow_npe,posterior_samples.pkl,1000,1000000,N=n^2,1,sigma,2.837092731829574,8.424e-321
flow_npe,posterior_samples.pkl,1000,1000000,N=n^2,1,sigma,2.8471177944862154,0.0
flow_npe,posterior_samples.pkl,1000,1000000,N=n^2,1,sigma,2.8571428571428568,0.0
flow_npe,posterior_samples.pkl,1000,1000000,N=n^2,1,sigma,2.8671679197994986,0.0
flow_npe,posterior_samples.pkl,1000,1000000,N=n^2,1,sigma,2.8771929824561404,0.0
flow_npe,posterior_samples.pkl,1000,1000000,N=n^2,1,sigma,2.887218045112782,0.0
flow_npe,posterior_samples.pkl,1000,1000000,N=n^2,1,sigma,2.897243107769423,0.0
flow_npe,posterior_samples.pkl,1000,1000000,N=n^2,1,sigma,2.907268170426065,0.0
flow_npe,posterior_samples.pkl,1000,1000000,N=n^2,1,sigma,2.917293233082707,0.0
flow_npe,posterior_samples.pkl,1000,1000000,N=n^2,1,sigma,2.927318295739348,0.0
flow_npe,posterior_samples.pkl,1000,1000000,N=n^2,1,sigma,2.9373433583959896,0.0
flow_npe,posterior_samples.pkl,1000,1000000,N=n^2,1,sigma,2.9473684210526314,0.0
flow_npe,posterior_samples.pkl,1000,1000000,N=n^2,1,sigma,2.9573934837092732,0.0
flow_npe,posterior_samples.pkl,1000,1000000,N=n^2,1,sigma,2.9674185463659146,0.0
flow_npe,posterior_samples.pkl,1000,1000000,N=n^2,1,sigma,2.977443609022556,0.0
flow_npe,posterior_samples.pkl,1000,1000000,N=n^2,1,sigma,2.987468671679198,0.0
flow_npe,posterior_samples.pkl,1000,1000000,N=n^2,1,sigma,2.9974937343358397,0.0
flow_npe,posterior_samples.pkl,1000,1000000,N=n^2,1,sigma,3.007518796992481,0.0
flow_npe,posterior_samples.pkl,1000,1000000,N=n^2,1,sigma,3.0175438596491224,0.0
flow_npe,posterior_samples.pkl,1000,1000000,N=n^2,1,sigma,3.0275689223057642,0.0
flow_npe,posterior_samples.pkl,1000,1000000,N=n^2,1,sigma,3.037593984962406,0.0
flow_npe,posterior_samples.pkl,1000,1000000,N=n^2,1,sigma,3.0476190476190474,0.0
flow_npe,posterior_samples.pkl,1000,1000000,N=n^2,1,sigma,3.057644110275689,0.0
flow_npe,posterior_samples.pkl,1000,1000000,N=n^2,1,sigma,3.0676691729323307,0.0
flow_npe,posterior_samples.pkl,1000,1000000,N=n^2,1,sigma,3.0776942355889725,0.0
flow_npe,posterior_samples.pkl,1000,1000000,N=n^2,1,sigma,3.087719298245614,0.0
flow_npe,posterior_samples.pkl,1000,1000000,N=n^2,1,sigma,3.0977443609022552,0.0
flow_npe,posterior_samples.pkl,1000,1000000,N=n^2,1,sigma,3.107769423558897,0.0
flow_npe,posterior_samples.pkl,1000,1000000,N=n^2,1,sigma,3.117794486215539,0.0
flow_npe,posterior_samples.pkl,1000,1000000,N=n^2,1,sigma,3.1278195488721803,0.0
flow_npe,posterior_samples.pkl,1000,1000000,N=n^2,1,sigma,3.1378446115288217,0.0
flow_npe,posterior_samples.pkl,1000,1000000,N=n^2,1,sigma,3.1478696741854635,0.0
flow_npe,posterior_samples.pkl,1000,1000000,N=n^2,1,sigma,3.1578947368421053,0.0
flow_npe,posterior_samples.pkl,1000,1000000,N=n^2,1,sigma,3.1679197994987467,0.0
flow_npe,posterior_samples.pkl,1000,1000000,N=n^2,1,sigma,3.177944862155388,0.0
flow_npe,posterior_samples.pkl,1000,1000000,N=n^2,1,sigma,3.18796992481203,0.0
flow_npe,posterior_samples.pkl,1000,1000000,N=n^2,1,sigma,3.1979949874686717,0.0
flow_npe,posterior_samples.pkl,1000,1000000,N=n^2,1,sigma,3.208020050125313,0.0
flow_npe,posterior_samples.pkl,1000,1000000,N=n^2,1,sigma,3.2180451127819545,0.0
flow_npe,posterior_samples.pkl,1000,1000000,N=n^2,1,sigma,3.2280701754385963,0.0
flow_npe,posterior_samples.pkl,1000,1000000,N=n^2,1,sigma,3.238095238095238,0.0
flow_npe,posterior_samples.pkl,1000,1000000,N=n^2,1,sigma,3.2481203007518795,0.0
flow_npe,posterior_samples.pkl,1000,1000000,N=n^2,1,sigma,3.258145363408521,0.0
flow_npe,posterior_samples.pkl,1000,1000000,N=n^2,1,sigma,3.2681704260651627,0.0
flow_npe,posterior_samples.pkl,1000,1000000,N=n^2,1,sigma,3.2781954887218046,0.0
flow_npe,posterior_samples.pkl,1000,1000000,N=n^2,1,sigma,3.288220551378446,0.0
flow_npe,posterior_samples.pkl,1000,1000000,N=n^2,1,sigma,3.2982456140350873,0.0
flow_npe,posterior_samples.pkl,1000,1000000,N=n^2,1,sigma,3.308270676691729,0.0
flow_npe,posterior_samples.pkl,1000,1000000,N=n^2,1,sigma,3.318295739348371,0.0
flow_npe,posterior_samples.pkl,1000,1000000,N=n^2,1,sigma,3.3283208020050123,0.0
flow_npe,posterior_samples.pkl,1000,1000000,N=n^2,1,sigma,3.3383458646616537,0.0
flow_npe,posterior_samples.pkl,1000,1000000,N=n^2,1,sigma,3.3483709273182956,0.0
flow_npe,posterior_samples.pkl,1000,1000000,N=n^2,1,sigma,3.3583959899749374,0.0
flow_npe,posterior_samples.pkl,1000,1000000,N=n^2,1,sigma,3.3684210526315788,0.0
flow_npe,posterior_samples.pkl,1000,1000000,N=n^2,1,sigma,3.37844611528822,0.0
flow_npe,posterior_samples.pkl,1000,1000000,N=n^2,1,sigma,3.388471177944862,0.0
flow_npe,posterior_samples.pkl,1000,1000000,N=n^2,1,sigma,3.398496240601504,0.0
flow_npe,posterior_samples.pkl,1000,1000000,N=n^2,1,sigma,3.408521303258145,0.0
flow_npe,posterior_samples.pkl,1000,1000000,N=n^2,1,sigma,3.4185463659147866,0.0
flow_npe,posterior_samples.pkl,1000,1000000,N=n^2,1,sigma,3.4285714285714284,0.0
flow_npe,posterior_samples.pkl,1000,1000000,N=n^2,1,sigma,3.43859649122807,0.0
flow_npe,posterior_samples.pkl,1000,1000000,N=n^2,1,sigma,3.4486215538847116,0.0
flow_npe,posterior_samples.pkl,1000,1000000,N=n^2,1,sigma,3.458646616541353,0.0
flow_npe,posterior_samples.pkl,1000,1000000,N=n^2,1,sigma,3.468671679197995,0.0
flow_npe,posterior_samples.pkl,1000,1000000,N=n^2,1,sigma,3.4786967418546366,0.0
flow_npe,posterior_samples.pkl,1000,1000000,N=n^2,1,sigma,3.488721804511278,0.0
flow_npe,posterior_samples.pkl,1000,1000000,N=n^2,1,sigma,3.4987468671679194,0.0
flow_npe,posterior_samples.pkl,1000,1000000,N=n^2,1,sigma,3.508771929824561,0.0
flow_npe,posterior_samples.pkl,1000,1000000,N=n^2,1,sigma,3.518796992481203,0.0
flow_npe,posterior_samples.pkl,1000,1000000,N=n^2,1,sigma,3.5288220551378444,0.0
flow_npe,posterior_samples.pkl,1000,1000000,N=n^2,1,sigma,3.538847117794486,0.0
flow_npe,posterior_samples.pkl,1000,1000000,N=n^2,1,sigma,3.5488721804511276,0.0
flow_npe,posterior_samples.pkl,1000,1000000,N=n^2,1,sigma,3.5588972431077694,0.0
flow_npe,posterior_samples.pkl,1000,1000000,N=n^2,1,sigma,3.568922305764411,0.0
flow_npe,posterior_samples.pkl,1000,1000000,N=n^2,1,sigma,3.578947368421052,0.0
flow_npe,posterior_samples.pkl,1000,1000000,N=n^2,1,sigma,3.588972431077694,0.0
flow_npe,posterior_samples.pkl,1000,1000000,N=n^2,1,sigma,3.598997493734336,0.0
flow_npe,posterior_samples.pkl,1000,1000000,N=n^2,1,sigma,3.6090225563909772,0.0
flow_npe,posterior_samples.pkl,1000,1000000,N=n^2,1,sigma,3.6190476190476186,0.0
flow_npe,posterior_samples.pkl,1000,1000000,N=n^2,1,sigma,3.6290726817042605,0.0
flow_npe,posterior_samples.pkl,1000,1000000,N=n^2,1,sigma,3.6390977443609023,0.0
flow_npe,posterior_samples.pkl,1000,1000000,N=n^2,1,sigma,3.6491228070175437,0.0
flow_npe,posterior_samples.pkl,1000,1000000,N=n^2,1,sigma,3.659147869674185,0.0
flow_npe,posterior_samples.pkl,1000,1000000,N=n^2,1,sigma,3.669172932330827,0.0
flow_npe,posterior_samples.pkl,1000,1000000,N=n^2,1,sigma,3.6791979949874687,0.0
flow_npe,posterior_samples.pkl,1000,1000000,N=n^2,1,sigma,3.68922305764411,0.0
flow_npe,posterior_samples.pkl,1000,1000000,N=n^2,1,sigma,3.6992481203007515,0.0
flow_npe,posterior_samples.pkl,1000,1000000,N=n^2,1,sigma,3.7092731829573933,0.0
flow_npe,posterior_samples.pkl,1000,1000000,N=n^2,1,sigma,3.719298245614035,0.0
flow_npe,posterior_samples.pkl,1000,1000000,N=n^2,1,sigma,3.7293233082706765,0.0
flow_npe,posterior_samples.pkl,1000,1000000,N=n^2,1,sigma,3.739348370927318,0.0
flow_npe,posterior_samples.pkl,1000,1000000,N=n^2,1,sigma,3.7493734335839597,0.0
flow_npe,posterior_samples.pkl,1000,1000000,N=n^2,1,sigma,3.7593984962406015,0.0
flow_npe,posterior_samples.pkl,1000,1000000,N=n^2,1,sigma,3.769423558897243,0.0
flow_npe,posterior_samples.pkl,1000,1000000,N=n^2,1,sigma,3.7794486215538843,0.0
flow_npe,posterior_samples.pkl,1000,1000000,N=n^2,1,sigma,3.789473684210526,0.0
flow_npe,posterior_samples.pkl,1000,1000000,N=n^2,1,sigma,3.799498746867168,0.0
flow_npe,posterior_samples.pkl,1000,1000000,N=n^2,1,sigma,3.8095238095238093,0.0
flow_npe,posterior_samples.pkl,1000,1000000,N=n^2,1,sigma,3.8195488721804507,0.0
flow_npe,posterior_samples.pkl,1000,1000000,N=n^2,1,sigma,3.8295739348370925,0.0
flow_npe,posterior_samples.pkl,1000,1000000,N=n^2,1,sigma,3.8395989974937343,0.0
flow_npe,posterior_samples.pkl,1000,1000000,N=n^2,1,sigma,3.8496240601503757,0.0
flow_npe,posterior_samples.pkl,1000,1000000,N=n^2,1,sigma,3.859649122807017,1.33e-322
flow_npe,posterior_samples.pkl,1000,1000000,N=n^2,1,sigma,3.869674185463659,1.292459098584e-312
flow_npe,posterior_samples.pkl,1000,1000000,N=n^2,1,sigma,3.8796992481203008,8.684899754156842e-303
flow_npe,posterior_samples.pkl,1000,1000000,N=n^2,1,sigma,3.889724310776942,4.049905996448632e-293
flow_npe,posterior_samples.pkl,1000,1000000,N=n^2,1,sigma,3.8997493734335835,1.3105608997736014e-283
flow_npe,posterior_samples.pkl,1000,1000000,N=n^2,1,sigma,3.9097744360902253,2.943076844782562e-274
flow_npe,posterior_samples.pkl,1000,1000000,N=n^2,1,sigma,3.919799498746867,4.5864654681444364e-265
flow_npe,posterior_samples.pkl,1000,1000000,N=n^2,1,sigma,3.9298245614035086,4.9600583473862737e-256
flow_npe,posterior_samples.pkl,1000,1000000,N=n^2,1,sigma,3.93984962406015,3.722438863570783e-247
flow_npe,posterior_samples.pkl,1000,1000000,N=n^2,1,sigma,3.9498746867167918,1.9386548378471987e-238
flow_npe,posterior_samples.pkl,1000,1000000,N=n^2,1,sigma,3.9598997493734336,7.0065712692154955e-230
flow_npe,posterior_samples.pkl,1000,1000000,N=n^2,1,sigma,3.969924812030075,1.7572871190828897e-221
flow_npe,posterior_samples.pkl,1000,1000000,N=n^2,1,sigma,3.9799498746867163,3.058525026888488e-213
flow_npe,posterior_samples.pkl,1000,1000000,N=n^2,1,sigma,3.989974937343358,3.694141125112045e-205
flow_npe,posterior_samples.pkl,1000,1000000,N=n^2,1,sigma,4.0,3.0963286952506793e-197
flow_npe,posterior_samples.pkl,1000,1000000,N=n^2,1,xi,-1.0,0.0
flow_npe,posterior_samples.pkl,1000,1000000,N=n^2,1,xi,-0.9949874686716792,0.0
flow_npe,posterior_samples.pkl,1000,1000000,N=n^2,1,xi,-0.9899749373433584,0.0
flow_npe,posterior_samples.pkl,1000,1000000,N=n^2,1,xi,-0.9849624060150376,0.0
flow_npe,posterior_samples.pkl,1000,1000000,N=n^2,1,xi,-0.9799498746867168,0.0
flow_npe,posterior_samples.pkl,1000,1000000,N=n^2,1,xi,-0.974937343358396,0.0
flow_npe,posterior_samples.pkl,1000,1000000,N=n^2,1,xi,-0.9699248120300752,0.0
flow_npe,posterior_samples.pkl,1000,1000000,N=n^2,1,xi,-0.9649122807017544,0.0
flow_npe,posterior_samples.pkl,1000,1000000,N=n^2,1,xi,-0.9598997493734336,0.0
flow_npe,posterior_samples.pkl,1000,1000000,N=n^2,1,xi,-0.9548872180451128,0.0
flow_npe,posterior_samples.pkl,1000,1000000,N=n^2,1,xi,-0.949874686716792,0.0
flow_npe,posterior_samples.pkl,1000,1000000,N=n^2,1,xi,-0.9448621553884712,0.0
flow_npe,posterior_samples.pkl,1000,1000000,N=n^2,1,xi,-0.9398496240601504,9.42e-320
flow_npe,posterior_samples.pkl,1000,1000000,N=n^2,1,xi,-0.9348370927318296,1.0476210375e-314
flow_npe,posterior_samples.pkl,1000,1000000,N=n^2,1,xi,-0.9298245614035088,1.061193512832236e-309
flow_npe,posterior_samples.pkl,1000,1000000,N=n^2,1,xi,-0.924812030075188,9.790902621408264e-305
flow_npe,posterior_samples.pkl,1000,1000000,N=n^2,1,xi,-0.9197994987468672,8.227893188559899e-300
flow_npe,posterior_samples.pkl,1000,1000000,N=n^2,1,xi,-0.9147869674185464,6.297850232067888e-295
flow_npe,posterior_samples.pkl,1000,1000000,N=n^2,1,xi,-0.9097744360902256,4.3907001697101295e-290
flow_npe,posterior_samples.pkl,1000,1000000,N=n^2,1,xi,-0.9047619047619048,2.7881298955683555e-285
flow_npe,posterior_samples.pkl,1000,1000000,N=n^2,1,xi,-0.899749373433584,1.6126123980177843e-280
flow_npe,posterior_samples.pkl,1000,1000000,N=n^2,1,xi,-0.8947368421052632,8.495418051605544e-276
flow_npe,posterior_samples.pkl,1000,1000000,N=n^2,1,xi,-0.8897243107769424,4.076404617114018e-271
flow_npe,posterior_samples.pkl,1000,1000000,N=n^2,1,xi,-0.8847117794486216,1.7815892518712404e-266
flow_npe,posterior_samples.pkl,1000,1000000,N=n^2,1,xi,-0.8796992481203008,7.092113094247078e-262
flow_npe,posterior_samples.pkl,1000,1000000,N=n^2,1,xi,-0.87468671679198,2.571470167128922e-257
flow_npe,posterior_samples.pkl,1000,1000000,N=n^2,1,xi,-0.8696741854636592,8.49229549468074e-253
flow_npe,posterior_samples.pkl,1000,1000000,N=n^2,1,xi,-0.8646616541353384,2.5545033330975542e-248
flow_npe,posterior_samples.pkl,1000,1000000,N=n^2,1,xi,-0.8596491228070176,6.998832814406637e-244
flow_npe,posterior_samples.pkl,1000,1000000,N=n^2,1,xi,-0.8546365914786967,1.7465560777431474e-239
flow_npe,posterior_samples.pkl,1000,1000000,N=n^2,1,xi,-0.849624060150376,3.9698785317071736e-235
flow_npe,posterior_samples.pkl,1000,1000000,N=n^2,1,xi,-0.8446115288220551,8.21882384463662e-231
flow_npe,posterior_samples.pkl,1000,1000000,N=n^2,1,xi,-0.8395989974937343,1.5498151256695731e-226
flow_npe,posterior_samples.pkl,1000,1000000,N=n^2,1,xi,-0.8345864661654135,2.6618764092886892e-222
flow_npe,posterior_samples.pkl,1000,1000000,N=n^2,1,xi,-0.8295739348370927,4.1642198388184844e-218
flow_npe,posterior_samples.pkl,1000,1000000,N=n^2,1,xi,-0.8245614035087719,5.933585157825325e-214
flow_npe,posterior_samples.pkl,1000,1000000,N=n^2,1,xi,-0.8195488721804511,7.700846731279649e-210
flow_npe,posterior_samples.pkl,1000,1000000,N=n^2,1,xi,-0.8145363408521303,9.103272625353616e-206
flow_npe,posterior_samples.pkl,1000,1000000,N=n^2,1,xi,-0.8095238095238095,9.801541609610069e-202
flow_npe,posterior_samples.pkl,1000,1000000,N=n^2,1,xi,-0.8045112781954887,9.612337167684579e-198
flow_npe,posterior_samples.pkl,1000,1000000,N=n^2,1,xi,-0.7994987468671679,8.586207372786621e-194
flow_npe,posterior_samples.pkl,1000,1000000,N=n^2,1,xi,-0.7944862155388471,6.985725558405161e-190
flow_npe,posterior_samples.pkl,1000,1000000,N=n^2,1,xi,-0.7894736842105263,5.1767767446244995e-186
flow_npe,posterior_samples.pkl,1000,1000000,N=n^2,1,xi,-0.7844611528822055,3.4941787732963445e-182
flow_npe,posterior_samples.pkl,1000,1000000,N=n^2,1,xi,-0.7794486215538847,2.1481696460598882e-178
flow_npe,posterior_samples.pkl,1000,1000000,N=n^2,1,xi,-0.7744360902255639,1.2029007606219108e-174
flow_npe,posterior_samples.pkl,1000,1000000,N=n^2,1,xi,-0.7694235588972431,6.135200959103476e-171
flow_npe,posterior_samples.pkl,1000,1000000,N=n^2,1,xi,-0.7644110275689223,2.850135812113047e-167
flow_npe,posterior_samples.pkl,1000,1000000,N=n^2,1,xi,-0.7593984962406015,1.2059799482406045e-163
flow_npe,posterior_samples.pkl,1000,1000000,N=n^2,1,xi,-0.7543859649122807,4.647853042733295e-160
flow_npe,posterior_samples.pkl,1000,1000000,N=n^2,1,xi,-0.7493734335839599,1.6315577792736306e-156
flow_npe,posterior_samples.pkl,1000,1000000,N=n^2,1,xi,-0.7443609022556391,5.216633163677128e-153
flow_npe,posterior_samples.pkl,1000,1000000,N=n^2,1,xi,-0.7393483709273183,1.5192033414956735e-149
flow_npe,posterior_samples.pkl,1000,1000000,N=n^2,1,xi,-0.7343358395989975,4.029760960966834e-146
flow_npe,posterior_samples.pkl,1000,1000000,N=n^2,1,xi,-0.7293233082706767,9.735997032053196e-143
flow_npe,posterior_samples.pkl,1000,1000000,N=n^2,1,xi,-0.7243107769423559,2.1424926944280996e-139
flow_npe,posterior_samples.pkl,1000,1000000,N=n^2,1,xi,-0.7192982456140351,4.294336139974756e-136
flow_npe,posterior_samples.pkl,1000,1000000,N=n^2,1,xi,-0.7142857142857143,7.839899426527576e-133
flow_npe,posterior_samples.pkl,1000,1000000,N=n^2,1,xi,-0.7092731829573935,1.3036551247228061e-129
flow_npe,posterior_samples.pkl,1000,1000000,N=n^2,1,xi,-0.7042606516290727,1.9744798695159268e-126
flow_npe,posterior_samples.pkl,1000,1000000,N=n^2,1,xi,-0.6992481203007519,2.723832978367967e-123
flow_npe,posterior_samples.pkl,1000,1000000,N=n^2,1,xi,-0.6942355889724311,3.422520092693066e-120
flow_npe,posterior_samples.pkl,1000,1000000,N=n^2,1,xi,-0.6892230576441103,3.916961550402054e-117
flow_npe,posterior_samples.pkl,1000,1000000,N=n^2,1,xi,-0.6842105263157895,4.0831034159406e-114
flow_npe,posterior_samples.pkl,1000,1000000,N=n^2,1,xi,-0.6791979949874687,3.876762718940555e-111
flow_npe,posterior_samples.pkl,1000,1000000,N=n^2,1,xi,-0.6741854636591479,3.352631570822403e-108
flow_npe,posterior_samples.pkl,1000,1000000,N=n^2,1,xi,-0.6691729323308271,2.640828568587335e-105
flow_npe,posterior_samples.pkl,1000,1000000,N=n^2,1,xi,-0.6641604010025063,1.8946646754011095e-102
flow_npe,posterior_samples.pkl,1000,1000000,N=n^2,1,xi,-0.6591478696741855,1.2381186797575678e-99
flow_npe,posterior_samples.pkl,1000,1000000,N=n^2,1,xi,-0.6541353383458647,7.369363230103451e-97
flow_npe,posterior_samples.pkl,1000,1000000,N=n^2,1,xi,-0.6491228070175439,3.9951714319311317e-94
flow_npe,posterior_samples.pkl,1000,1000000,N=n^2,1,xi,-0.6441102756892231,1.9727799494722348e-91
flow_npe,posterior_samples.pkl,1000,1000000,N=n^2,1,xi,-0.6390977443609023,8.872778508369258e-89
flow_npe,posterior_samples.pkl,1000,1000000,N=n^2,1,xi,-0.6340852130325815,3.634782301344663e-86
flow_npe,posterior_samples.pkl,1000,1000000,N=n^2,1,xi,-0.6290726817042607,1.3562349701849908e-83
flow_npe,posterior_samples.pkl,1000,1000000,N=n^2,1,xi,-0.6240601503759399,4.609239142422652e-81
flow_npe,posterior_samples.pkl,1000,1000000,N=n^2,1,xi,-0.6190476190476191,1.42679412891384e-78
flow_npe,posterior_samples.pkl,1000,1000000,N=n^2,1,xi,-0.6140350877192983,4.0228251368252417e-76
flow_npe,posterior_samples.pkl,1000,1000000,N=n^2,1,xi,-0.6090225563909775,1.0330914470809951e-73
flow_npe,posterior_samples.pkl,1000,1000000,N=n^2,1,xi,-0.6040100250626567,2.416485236911456e-71
flow_npe,posterior_samples.pkl,1000,1000000,N=n^2,1,xi,-0.5989974937343359,5.148340894205166e-69
flow_npe,posterior_samples.pkl,1000,1000000,N=n^2,1,xi,-0.5939849624060151,9.990522782539472e-67
flow_npe,posterior_samples.pkl,1000,1000000,N=n^2,1,xi,-0.5889724310776943,1.7658219158785812e-64
flow_npe,posterior_samples.pkl,1000,1000000,N=n^2,1,xi,-0.5839598997493735,2.8427807111853427e-62
flow_npe,posterior_samples.pkl,1000,1000000,N=n^2,1,xi,-0.5789473684210527,4.168478700199175e-60
flow_npe,posterior_samples.pkl,1000,1000000,N=n^2,1,xi,-0.5739348370927319,5.567363562363462e-58
flow_npe,posterior_samples.pkl,1000,1000000,N=n^2,1,xi,-0.568922305764411,6.772661158004712e-56
flow_npe,posterior_samples.pkl,1000,1000000,N=n^2,1,xi,-0.5639097744360902,7.504242893871471e-54
flow_npe,posterior_samples.pkl,1000,1000000,N=n^2,1,xi,-0.5588972431077694,7.573422517236138e-52
flow_npe,posterior_samples.pkl,1000,1000000,N=n^2,1,xi,-0.5538847117794486,6.961699285850358e-50
flow_npe,posterior_samples.pkl,1000,1000000,N=n^2,1,xi,-0.5488721804511278,5.828759043813346e-48
flow_npe,posterior_samples.pkl,1000,1000000,N=n^2,1,xi,-0.543859649122807,4.4450301813630255e-46
flow_npe,posterior_samples.pkl,1000,1000000,N=n^2,1,xi,-0.5388471177944862,3.087529354181148e-44
flow_npe,posterior_samples.pkl,1000,1000000,N=n^2,1,xi,-0.5338345864661654,1.95337329329909e-42
flow_npe,posterior_samples.pkl,1000,1000000,N=n^2,1,xi,-0.5288220551378446,1.1256339037748891e-40
flow_npe,posterior_samples.pkl,1000,1000000,N=n^2,1,xi,-0.5238095238095238,5.908086626873983e-39
flow_npe,posterior_samples.pkl,1000,1000000,N=n^2,1,xi,-0.518796992481203,2.8244527433975495e-37
flow_npe,posterior_samples.pkl,1000,1000000,N=n^2,1,xi,-0.5137844611528822,1.2298709416899612e-35
flow_npe,posterior_samples.pkl,1000,1000000,N=n^2,1,xi,-0.5087719298245614,4.877783692967625e-34
flow_npe,posterior_samples.pkl,1000,1000000,N=n^2,1,xi,-0.5037593984962406,1.7620705945114204e-32
flow_npe,posterior_samples.pkl,1000,1000000,N=n^2,1,xi,-0.4987468671679198,5.797781435432431e-31
flow_npe,posterior_samples.pkl,1000,1000000,N=n^2,1,xi,-0.493734335839599,1.7375533344590636e-29
flow_npe,posterior_samples.pkl,1000,1000000,N=n^2,1,xi,-0.4887218045112782,4.742990102849438e-28
flow_npe,posterior_samples.pkl,1000,1000000,N=n^2,1,xi,-0.4837092731829574,1.179245050106347e-26
flow_npe,posterior_samples.pkl,1000,1000000,N=n^2,1,xi,-0.4786967418546366,2.6705067183104096e-25
flow_npe,posterior_samples.pkl,1000,1000000,N=n^2,1,xi,-0.4736842105263158,5.508344035181261e-24
flow_npe,posterior_samples.pkl,1000,1000000,N=n^2,1,xi,-0.468671679197995,1.0348709810858594e-22
flow_npe,posterior_samples.pkl,1000,1000000,N=n^2,1,xi,-0.4636591478696742,1.770879989263233e-21
flow_npe,posterior_samples.pkl,1000,1000000,N=n^2,1,xi,-0.4586466165413534,2.7601318074604036e-20
flow_npe,posterior_samples.pkl,1000,1000000,N=n^2,1,xi,-0.4536340852130326,3.9183956321964058e-19
flow_npe,posterior_samples.pkl,1000,1000000,N=n^2,1,xi,-0.4486215538847118,5.0666921408339895e-18
flow_npe,posterior_samples.pkl,1000,1000000,N=n^2,1,xi,-0.443609022556391,5.96730893952057e-17
flow_npe,posterior_samples.pkl,1000,1000000,N=n^2,1,xi,-0.4385964912280702,6.401331296365215e-16
flow_npe,posterior_samples.pkl,1000,1000000,N=n^2,1,xi,-0.4335839598997494,6.254604699598412e-15
flow_npe,posterior_samples.pkl,1000,1000000,N=n^2,1,xi,-0.4285714285714286,5.5663078177010335e-14
flow_npe,posterior_samples.pkl,1000,1000000,N=n^2,1,xi,-0.4235588972431078,4.512034149116105e-13
flow_npe,posterior_samples.pkl,1000,1000000,N=n^2,1,xi,-0.418546365914787,3.331312484604992e-12
flow_npe,posterior_samples.pkl,1000,1000000,N=n^2,1,xi,-0.4135338345864662,2.240248810980375e-11
flow_npe,posterior_samples.pkl,1000,1000000,N=n^2,1,xi,-0.4085213032581454,1.3721927552857422e-10
flow_npe,posterior_samples.pkl,1000,1000000,N=n^2,1,xi,-0.4035087719298246,7.655474997360606e-10
flow_npe,posterior_samples.pkl,1000,1000000,N=n^2,1,xi,-0.3984962406015038,3.8901614182682505e-09
flow_npe,posterior_samples.pkl,1000,1000000,N=n^2,1,xi,-0.393483709273183,1.800537249552422e-08
flow_npe,posterior_samples.pkl,1000,1000000,N=n^2,1,xi,-0.3884711779448622,7.590608495355223e-08
flow_npe,posterior_samples.pkl,1000,1000000,N=n^2,1,xi,-0.3834586466165414,2.914693120158415e-07
flow_npe,posterior_samples.pkl,1000,1000000,N=n^2,1,xi,-0.3784461152882206,1.0194220335948784e-06
flow_npe,posterior_samples.pkl,1000,1000000,N=n^2,1,xi,-0.3734335839598998,3.2476246665074354e-06
flow_npe,posterior_samples.pkl,1000,1000000,N=n^2,1,xi,-0.368421052631579,9.424070130995495e-06
flow_npe,posterior_samples.pkl,1000,1000000,N=n^2,1,xi,-0.3634085213032582,2.4910956621023875e-05
flow_npe,posterior_samples.pkl,1000,1000000,N=n^2,1,xi,-0.3583959899749374,5.9986628397637295e-05
flow_npe,posterior_samples.pkl,1000,1000000,N=n^2,1,xi,-0.3533834586466166,0.0001316102495677398
flow_npe,posterior_samples.pkl,1000,1000000,N=n^2,1,xi,-0.3483709273182958,0.00026314917784384985
flow_npe,posterior_samples.pkl,1000,1000000,N=n^2,1,xi,-0.343358395989975,0.0004797121501977362
flow_npe,posterior_samples.pkl,1000,1000000,N=n^2,1,xi,-0.33834586466165417,0.0007979279059461576
flow_npe,posterior_samples.pkl,1000,1000000,N=n^2,1,xi,-0.33333333333333337,0.0012126920837629584
flow_npe,posterior_samples.pkl,1000,1000000,N=n^2,1,xi,-0.32832080200501257,0.0016880925351820692
flow_npe,posterior_samples.pkl,1000,1000000,N=n^2,1,xi,-0.32330827067669177,0.0021613534642895794
flow_npe,posterior_samples.pkl,1000,1000000,N=n^2,1,xi,-0.31829573934837097,0.002563333231789172
flow_npe,posterior_samples.pkl,1000,1000000,N=n^2,1,xi,-0.31328320802005016,0.0028479045300586854
flow_npe,posterior_samples.pkl,1000,1000000,N=n^2,1,xi,-0.30827067669172936,0.0030132137565008566
flow_npe,posterior_samples.pkl,1000,1000000,N=n^2,1,xi,-0.30325814536340856,0.0030996934390759897
flow_npe,posterior_samples.pkl,1000,1000000,N=n^2,1,xi,-0.29824561403508776,0.003164365299586562
flow_npe,posterior_samples.pkl,1000,1000000,N=n^2,1,xi,-0.29323308270676696,0.0032481458810518296
flow_npe,posterior_samples.pkl,1000,1000000,N=n^2,1,xi,-0.28822055137844615,0.0033579252575979854
flow_npe,posterior_samples.pkl,1000,1000000,N=n^2,1,xi,-0.28320802005012535,0.003472885354599052
flow_npe,posterior_samples.pkl,1000,1000000,N=n^2,1,xi,-0.27819548872180455,0.0035653063011627474
flow_npe,posterior_samples.pkl,1000,1000000,N=n^2,1,xi,-0.27318295739348375,0.003617190149728217
flow_npe,posterior_samples.pkl,1000,1000000,N=n^2,1,xi,-0.26817042606516295,0.003622845329312294
flow_npe,posterior_samples.pkl,1000,1000000,N=n^2,1,xi,-0.26315789473684215,0.0035842214614083025
flow_npe,posterior_samples.pkl,1000,1000000,N=n^2,1,xi,-0.25814536340852134,0.003512856016858887
flow_npe,posterior_samples.pkl,1000,1000000,N=n^2,1,xi,-0.25313283208020054,0.003442560018783509
flow_npe,posterior_samples.pkl,1000,1000000,N=n^2,1,xi,-0.24812030075187974,0.0034407195679812415
flow_npe,posterior_samples.pkl,1000,1000000,N=n^2,1,xi,-0.24310776942355894,0.0036005984636058846
flow_npe,posterior_samples.pkl,1000,1000000,N=n^2,1,xi,-0.23809523809523814,0.004009281913453934
flow_npe,posterior_samples.pkl,1000,1000000,N=n^2,1,xi,-0.23308270676691734,0.0047060638446242455
flow_npe,posterior_samples.pkl,1000,1000000,N=n^2,1,xi,-0.22807017543859653,0.005657070041969014
flow_npe,posterior_samples.pkl,1000,1000000,N=n^2,1,xi,-0.22305764411027573,0.0067645543258634784
flow_npe,posterior_samples.pkl,1000,1000000,N=n^2,1,xi,-0.21804511278195493,0.007909313148552534
flow_npe,posterior_samples.pkl,1000,1000000,N=n^2,1,xi,-0.21303258145363413,0.009007407224113022
flow_npe,posterior_samples.pkl,1000,1000000,N=n^2,1,xi,-0.20802005012531333,0.010061724591420676
flow_npe,posterior_samples.pkl,1000,1000000,N=n^2,1,xi,-0.20300751879699253,0.011208768196975053
flow_npe,posterior_samples.pkl,1000,1000000,N=n^2,1,xi,-0.19799498746867172,0.012794949496650028
flow_npe,posterior_samples.pkl,1000,1000000,N=n^2,1,xi,-0.19298245614035092,0.015556263974502495
flow_npe,posterior_samples.pkl,1000,1000000,N=n^2,1,xi,-0.18796992481203012,0.021022340557783802
flow_npe,posterior_samples.pkl,1000,1000000,N=n^2,1,xi,-0.18295739348370932,0.03233578815669192
flow_npe,posterior_samples.pkl,1000,1000000,N=n^2,1,xi,-0.17794486215538852,0.05577986491990198
flow_npe,posterior_samples.pkl,1000,1000000,N=n^2,1,xi,-0.17293233082706772,0.1034020366749846
flow_npe,posterior_samples.pkl,1000,1000000,N=n^2,1,xi,-0.1679197994987469,0.19707567886438213
flow_npe,posterior_samples.pkl,1000,1000000,N=n^2,1,xi,-0.1629072681704261,0.3739324768711216
flow_npe,posterior_samples.pkl,1000,1000000,N=n^2,1,xi,-0.1578947368421053,0.6920983603671029
flow_npe,posterior_samples.pkl,1000,1000000,N=n^2,1,xi,-0.1528822055137845,1.234056339946326
flow_npe,posterior_samples.pkl,1000,1000000,N=n^2,1,xi,-0.1478696741854637,2.1032109583827263
flow_npe,posterior_samples.pkl,1000,1000000,N=n^2,1,xi,-0.1428571428571429,3.4084976708241808
flow_npe,posterior_samples.pkl,1000,1000000,N=n^2,1,xi,-0.1378446115288221,5.233798537483075
flow_npe,posterior_samples.pkl,1000,1000000,N=n^2,1,xi,-0.1328320802005013,7.594682235651371
flow_npe,posterior_samples.pkl,1000,1000000,N=n^2,1,xi,-0.1278195488721805,10.393831410126332
flow_npe,posterior_samples.pkl,1000,1000000,N=n^2,1,xi,-0.1228070175438597,13.39465381960132
flow_npe,posterior_samples.pkl,1000,1000000,N=n^2,1,xi,-0.1177944862155389,16.23394803129212
flow_npe,posterior_samples.pkl,1000,1000000,N=n^2,1,xi,-0.1127819548872181,18.484308930178575
flow_npe,posterior_samples.pkl,1000,1000000,N=n^2,1,xi,-0.10776942355889729,19.756311657159962
flow_npe,posterior_samples.pkl,1000,1000000,N=n^2,1,xi,-0.10275689223057649,19.808434110577057
flow_npe,posterior_samples.pkl,1000,1000000,N=n^2,1,xi,-0.09774436090225569,18.622327574387604
flow_npe,posterior_samples.pkl,1000,1000000,N=n^2,1,xi,-0.09273182957393489,16.411159709237108
flow_npe,posterior_samples.pkl,1000,1000000,N=n^2,1,xi,-0.08771929824561409,13.556337120856433
flow_npe,posterior_samples.pkl,1000,1000000,N=n^2,1,xi,-0.08270676691729328,10.498632229919618
flow_npe,posterior_samples.pkl,1000,1000000,N=n^2,1,xi,-0.07769423558897248,7.626845742813582
flow_npe,posterior_samples.pkl,1000,1000000,N=n^2,1,xi,-0.07268170426065168,5.202489516912851
flow_npe,posterior_samples.pkl,1000,1000000,N=n^2,1,xi,-0.06766917293233088,3.337697927986594
flow_npe,posterior_samples.pkl,1000,1000000,N=n^2,1,xi,-0.06265664160401008,2.0192704146197857
flow_npe,posterior_samples.pkl,1000,1000000,N=n^2,1,xi,-0.057644110275689275,1.1568301639324068
flow_npe,posterior_samples.pkl,1000,1000000,N=n^2,1,xi,-0.052631578947368474,0.6318487062814999
flow_npe,posterior_samples.pkl,1000,1000000,N=n^2,1,xi,-0.04761904761904767,0.33277043831474595
flow_npe,posterior_samples.pkl,1000,1000000,N=n^2,1,xi,-0.04260651629072687,0.17231822747437686
flow_npe,posterior_samples.pkl,1000,1000000,N=n^2,1,xi,-0.03759398496240607,0.09067033463544875
flow_npe,posterior_samples.pkl,1000,1000000,N=n^2,1,xi,-0.03258145363408527,0.05087882169825112
flow_npe,posterior_samples.pkl,1000,1000000,N=n^2,1,xi,-0.027568922305764465,0.03196231922673597
flow_npe,posterior_samples.pkl,1000,1000000,N=n^2,1,xi,-0.022556390977443663,0.022786834330484045
flow_npe,posterior_samples.pkl,1000,1000000,N=n^2,1,xi,-0.01754385964912286,0.01778441342873021
flow_npe,posterior_samples.pkl,1000,1000000,N=n^2,1,xi,-0.01253132832080206,0.01437047092263345
flow_npe,posterior_samples.pkl,1000,1000000,N=n^2,1,xi,-0.007518796992481258,0.011515625158991015
flow_npe,posterior_samples.pkl,1000,1000000,N=n^2,1,xi,-0.0025062656641604564,0.008966969167757934
flow_npe,posterior_samples.pkl,1000,1000000,N=n^2,1,xi,0.0025062656641603454,0.006800069458768777
flow_npe,posterior_samples.pkl,1000,1000000,N=n^2,1,xi,0.007518796992481036,0.005151682844333042
flow_npe,posterior_samples.pkl,1000,1000000,N=n^2,1,xi,0.012531328320801949,0.0040792725472778854
flow_npe,posterior_samples.pkl,1000,1000000,N=n^2,1,xi,0.01754385964912286,0.0035238282391155122
flow_npe,posterior_samples.pkl,1000,1000000,N=n^2,1,xi,0.022556390977443552,0.0033469568565561033
flow_npe,posterior_samples.pkl,1000,1000000,N=n^2,1,xi,0.027568922305764243,0.003400479436619629
flow_npe,posterior_samples.pkl,1000,1000000,N=n^2,1,xi,0.032581453634085156,0.0035847135498731585
flow_npe,posterior_samples.pkl,1000,1000000,N=n^2,1,xi,0.03759398496240607,0.00386607160816518
flow_npe,posterior_samples.pkl,1000,1000000,N=n^2,1,xi,0.04260651629072676,0.004250877897008707
flow_npe,posterior_samples.pkl,1000,1000000,N=n^2,1,xi,0.04761904761904745,0.004737727383031209
flow_npe,posterior_samples.pkl,1000,1000000,N=n^2,1,xi,0.05263157894736836,0.005281075984875331
flow_npe,posterior_samples.pkl,1000,1000000,N=n^2,1,xi,0.057644110275689275,0.005788279031487655
flow_npe,posterior_samples.pkl,1000,1000000,N=n^2,1,xi,0.06265664160400997,0.006149256493310117
flow_npe,posterior_samples.pkl,1000,1000000,N=n^2,1,xi,0.06766917293233066,0.006278971542080296
flow_npe,posterior_samples.pkl,1000,1000000,N=n^2,1,xi,0.07268170426065157,0.006149560780387168
flow_npe,posterior_samples.pkl,1000,1000000,N=n^2,1,xi,0.07769423558897248,0.005799348966706273
flow_npe,posterior_samples.pkl,1000,1000000,N=n^2,1,xi,0.08270676691729317,0.005319089821715464
flow_npe,posterior_samples.pkl,1000,1000000,N=n^2,1,xi,0.08771929824561386,0.004823128994730591
flow_npe,posterior_samples.pkl,1000,1000000,N=n^2,1,xi,0.09273182957393478,0.004415041605988856
flow_npe,posterior_samples.pkl,1000,1000000,N=n^2,1,xi,0.09774436090225569,0.004157882213754101
flow_npe,posterior_samples.pkl,1000,1000000,N=n^2,1,xi,0.10275689223057638,0.004058926547082975
flow_npe,posterior_samples.pkl,1000,1000000,N=n^2,1,xi,0.10776942355889707,0.004074217302074809
flow_npe,posterior_samples.pkl,1000,1000000,N=n^2,1,xi,0.11278195488721798,0.004129083561143635
flow_npe,posterior_samples.pkl,1000,1000000,N=n^2,1,xi,0.1177944862155389,0.004143411439362874
flow_npe,posterior_samples.pkl,1000,1000000,N=n^2,1,xi,0.12280701754385959,0.004051337832452852
flow_npe,posterior_samples.pkl,1000,1000000,N=n^2,1,xi,0.12781954887218028,0.0038126152738356374
flow_npe,posterior_samples.pkl,1000,1000000,N=n^2,1,xi,0.1328320802005012,0.003418663123203572
flow_npe,posterior_samples.pkl,1000,1000000,N=n^2,1,xi,0.1378446115288221,0.002894950095742861
flow_npe,posterior_samples.pkl,1000,1000000,N=n^2,1,xi,0.1428571428571428,0.002296787851556741
flow_npe,posterior_samples.pkl,1000,1000000,N=n^2,1,xi,0.14786967418546348,0.001695516405559474
flow_npe,posterior_samples.pkl,1000,1000000,N=n^2,1,xi,0.1528822055137844,0.0011580379337939874
flow_npe,posterior_samples.pkl,1000,1000000,N=n^2,1,xi,0.1578947368421053,0.0007285485692230134
flow_npe,posterior_samples.pkl,1000,1000000,N=n^2,1,xi,0.162907268170426,0.00042079008604366437
flow_npe,posterior_samples.pkl,1000,1000000,N=n^2,1,xi,0.1679197994987467,0.00022258443669698078
flow_npe,posterior_samples.pkl,1000,1000000,N=n^2,1,xi,0.1729323308270676,0.00010764696199887732
flow_npe,posterior_samples.pkl,1000,1000000,N=n^2,1,xi,0.17794486215538852,4.754081877005225e-05
flow_npe,posterior_samples.pkl,1000,1000000,N=n^2,1,xi,0.1829573934837092,1.915719686968643e-05
flow_npe,posterior_samples.pkl,1000,1000000,N=n^2,1,xi,0.1879699248120299,7.039992849980962e-06
flow_npe,posterior_samples.pkl,1000,1000000,N=n^2,1,xi,0.1929824561403508,2.360130786504207e-06
flow_npe,posterior_samples.pkl,1000,1000000,N=n^2,1,xi,0.19799498746867172,7.298547371997695e-07
flow_npe,posterior_samples.pkl,1000,1000000,N=n^2,1,xi,0.20300751879699241,2.440559452525364e-07
flow_npe,posterior_samples.pkl,1000,1000000,N=n^2,1,xi,0.2080200501253131,2.253003577278632e-07
flow_npe,posterior_samples.pkl,1000,1000000,N=n^2,1,xi,0.21303258145363402,6.448359912935398e-07
flow_npe,posterior_samples.pkl,1000,1000000,N=n^2,1,xi,0.21804511278195493,2.0939729469696144e-06
flow_npe,posterior_samples.pkl,1000,1000000,N=n^2,1,xi,0.22305764411027562,6.293637356017827e-06
flow_npe,posterior_samples.pkl,1000,1000000,N=n^2,1,xi,0.2280701754385963,1.724718486165755e-05
flow_npe,posterior_samples.pkl,1000,1000000,N=n^2,1,xi,0.23308270676691722,4.305276357786621e-05
flow_npe,posterior_samples.pkl,1000,1000000,N=n^2,1,xi,0.23809523809523814,9.788664345582214e-05
flow_npe,posterior_samples.pkl,1000,1000000,N=n^2,1,xi,0.24310776942355883,0.000202713991096353
flow_npe,posterior_samples.pkl,1000,1000000,N=n^2,1,xi,0.24812030075187952,0.0003823682192055472
flow_npe,posterior_samples.pkl,1000,1000000,N=n^2,1,xi,0.25313283208020043,0.0006569277720899568
flow_npe,posterior_samples.pkl,1000,1000000,N=n^2,1,xi,0.25814536340852134,0.0010279955285930973
flow_npe,posterior_samples.pkl,1000,1000000,N=n^2,1,xi,0.26315789473684204,0.001465219190775007
flow_npe,posterior_samples.pkl,1000,1000000,N=n^2,1,xi,0.2681704260651627,0.0019021805651247515
flow_npe,posterior_samples.pkl,1000,1000000,N=n^2,1,xi,0.27318295739348364,0.002249254775875225
flow_npe,posterior_samples.pkl,1000,1000000,N=n^2,1,xi,0.27819548872180455,0.0024224974679532035
flow_npe,posterior_samples.pkl,1000,1000000,N=n^2,1,xi,0.28320802005012524,0.002376434133078727
flow_npe,posterior_samples.pkl,1000,1000000,N=n^2,1,xi,0.28822055137844593,0.0021233715818907966
flow_npe,posterior_samples.pkl,1000,1000000,N=n^2,1,xi,0.29323308270676685,0.0017280805777112112
flow_npe,posterior_samples.pkl,1000,1000000,N=n^2,1,xi,0.29824561403508776,0.001280972324258212
flow_npe,posterior_samples.pkl,1000,1000000,N=n^2,1,xi,0.30325814536340845,0.0008648748609994581
flow_npe,posterior_samples.pkl,1000,1000000,N=n^2,1,xi,0.30827067669172914,0.000531868867658636
flow_npe,posterior_samples.pkl,1000,1000000,N=n^2,1,xi,0.31328320802005005,0.00029791586795563266
flow_npe,posterior_samples.pkl,1000,1000000,N=n^2,1,xi,0.31829573934837097,0.00015199190933383317
flow_npe,posterior_samples.pkl,1000,1000000,N=n^2,1,xi,0.32330827067669166,7.062932811531712e-05
flow_npe,posterior_samples.pkl,1000,1000000,N=n^2,1,xi,0.32832080200501235,2.9894235290903073e-05
flow_npe,posterior_samples.pkl,1000,1000000,N=n^2,1,xi,0.33333333333333326,1.1524645923858803e-05
flow_npe,posterior_samples.pkl,1000,1000000,N=n^2,1,xi,0.33834586466165417,4.046741874917603e-06
flow_npe,posterior_samples.pkl,1000,1000000,N=n^2,1,xi,0.34335839598997486,1.2942589737688554e-06
flow_npe,posterior_samples.pkl,1000,1000000,N=n^2,1,xi,0.34837092731829555,3.770288953126236e-07
flow_npe,posterior_samples.pkl,1000,1000000,N=n^2,1,xi,0.35338345864661647,1.0003819696844173e-07
flow_npe,posterior_samples.pkl,1000,1000000,N=n^2,1,xi,0.3583959899749374,2.4176578836191935e-08
flow_npe,posterior_samples.pkl,1000,1000000,N=n^2,1,xi,0.36340852130325807,5.321837429450376e-09
flow_npe,posterior_samples.pkl,1000,1000000,N=n^2,1,xi,0.36842105263157876,1.0670042066547688e-09
flow_npe,posterior_samples.pkl,1000,1000000,N=n^2,1,xi,0.3734335839598997,1.9485359772344173e-10
flow_npe,posterior_samples.pkl,1000,1000000,N=n^2,1,xi,0.3784461152882206,3.241070630808833e-11
flow_npe,posterior_samples.pkl,1000,1000000,N=n^2,1,xi,0.3834586466165413,4.910280832619959e-12
flow_npe,posterior_samples.pkl,1000,1000000,N=n^2,1,xi,0.38847117794486197,6.775821187311812e-13
flow_npe,posterior_samples.pkl,1000,1000000,N=n^2,1,xi,0.3934837092731829,8.516385483466081e-14
flow_npe,posterior_samples.pkl,1000,1000000,N=n^2,1,xi,0.3984962406015038,9.749592292424036e-15
flow_npe,posterior_samples.pkl,1000,1000000,N=n^2,1,xi,0.4035087719298245,1.0166123186102225e-15
flow_npe,posterior_samples.pkl,1000,1000000,N=n^2,1,xi,0.4085213032581452,9.655217251816322e-17
flow_npe,posterior_samples.pkl,1000,1000000,N=n^2,1,xi,0.4135338345864661,8.35230801849229e-18
flow_npe,posterior_samples.pkl,1000,1000000,N=n^2,1,xi,0.418546365914787,6.580951997139955e-19
flow_npe,posterior_samples.pkl,1000,1000000,N=n^2,1,xi,0.4235588972431077,4.722899598846128e-20
flow_npe,posterior_samples.pkl,1000,1000000,N=n^2,1,xi,0.4285714285714284,3.0872121366341567e-21
flow_npe,posterior_samples.pkl,1000,1000000,N=n^2,1,xi,0.4335839598997493,1.8380698096258386e-22
flow_npe,posterior_samples.pkl,1000,1000000,N=n^2,1,xi,0.4385964912280702,9.967707839419466e-24
flow_npe,posterior_samples.pkl,1000,1000000,N=n^2,1,xi,0.4436090225563909,4.923414127930364e-25
flow_npe,posterior_samples.pkl,1000,1000000,N=n^2,1,xi,0.4486215538847116,2.2150075167793963e-26
flow_npe,posterior_samples.pkl,1000,1000000,N=n^2,1,xi,0.4536340852130325,9.076571027159953e-28
flow_npe,posterior_samples.pkl,1000,1000000,N=n^2,1,xi,0.4586466165413534,3.3877096866644745e-29
flow_npe,posterior_samples.pkl,1000,1000000,N=n^2,1,xi,0.4636591478696741,1.1516707336988807e-30
flow_npe,posterior_samples.pkl,1000,1000000,N=n^2,1,xi,0.4686716791979948,3.5660567046836926e-32
flow_npe,posterior_samples.pkl,1000,1000000,N=n^2,1,xi,0.4736842105263157,1.0057404746210389e-33
flow_npe,posterior_samples.pkl,1000,1000000,N=n^2,1,xi,0.4786967418546366,2.5835768279134767e-35
flow_npe,posterior_samples.pkl,1000,1000000,N=n^2,1,xi,0.4837092731829573,6.044976302171175e-37
flow_npe,posterior_samples.pkl,1000,1000000,N=n^2,1,xi,0.488721804511278,1.2882661450477836e-38
flow_npe,posterior_samples.pkl,1000,1000000,N=n^2,1,xi,0.4937343358395989,2.5006583140045902e-40
flow_npe,posterior_samples.pkl,1000,1000000,N=n^2,1,xi,0.4987468671679198,4.421207360152726e-42
flow_npe,posterior_samples.pkl,1000,1000000,N=n^2,1,xi,0.5037593984962405,7.119757200843782e-44
flow_npe,posterior_samples.pkl,1000,1000000,N=n^2,1,xi,0.5087719298245612,1.0443047466086251e-45
flow_npe,posterior_samples.pkl,1000,1000000,N=n^2,1,xi,0.5137844611528821,1.3951698734066058e-47
flow_npe,posterior_samples.pkl,1000,1000000,N=n^2,1,xi,0.518796992481203,1.6977146520648503e-49
flow_npe,posterior_samples.pkl,1000,1000000,N=n^2,1,xi,0.5238095238095237,1.8816553222968266e-51
flow_npe,posterior_samples.pkl,1000,1000000,N=n^2,1,xi,0.5288220551378444,1.8995608881589493e-53
flow_npe,posterior_samples.pkl,1000,1000000,N=n^2,1,xi,0.5338345864661653,1.7466429444885354e-55
flow_npe,posterior_samples.pkl,1000,1000000,N=n^2,1,xi,0.5388471177944862,1.4628264964434793e-57
flow_npe,posterior_samples.pkl,1000,1000000,N=n^2,1,xi,0.5438596491228069,1.115884568501628e-59
flow_npe,posterior_samples.pkl,1000,1000000,N=n^2,1,xi,0.5488721804511276,7.753244766946496e-62
flow_npe,posterior_samples.pkl,1000,1000000,N=n^2,1,xi,0.5538847117794485,4.906654596111191e-64
flow_npe,posterior_samples.pkl,1000,1000000,N=n^2,1,xi,0.5588972431077694,2.828298533985146e-66
flow_npe,posterior_samples.pkl,1000,1000000,N=n^2,1,xi,0.5639097744360901,1.4849190513251456e-68
flow_npe,posterior_samples.pkl,1000,1000000,N=n^2,1,xi,0.5689223057644108,7.100976564616287e-71
flow_npe,posterior_samples.pkl,1000,1000000,N=n^2,1,xi,0.5739348370927317,3.092937532821878e-73
flow_npe,posterior_samples.pkl,1000,1000000,N=n^2,1,xi,0.5789473684210527,1.227049230699022e-75
flow_npe,posterior_samples.pkl,1000,1000000,N=n^2,1,xi,0.5839598997493733,4.433947999926495e-78
flow_npe,posterior_samples.pkl,1000,1000000,N=n^2,1,xi,0.588972431077694,1.4593416343209137e-80
flow_npe,posterior_samples.pkl,1000,1000000,N=n^2,1,xi,0.593984962406015,4.374829374560197e-83
flow_npe,posterior_samples.pkl,1000,1000000,N=n^2,1,xi,0.5989974937343359,1.194546432023247e-85
flow_npe,posterior_samples.pkl,1000,1000000,N=n^2,1,xi,0.6040100250626566,2.9708636547577836e-88
flow_npe,posterior_samples.pkl,1000,1000000,N=n^2,1,xi,0.6090225563909772,6.729769278304875e-91
flow_npe,posterior_samples.pkl,1000,1000000,N=n^2,1,xi,0.6140350877192982,1.388530421131906e-93
flow_npe,posterior_samples.pkl,1000,1000000,N=n^2,1,xi,0.6190476190476191,2.6094464703166398e-96
flow_npe,posterior_samples.pkl,1000,1000000,N=n^2,1,xi,0.6240601503759398,4.466621527234067e-99
flow_npe,posterior_samples.pkl,1000,1000000,N=n^2,1,xi,0.6290726817042605,6.963822396863443e-102
flow_npe,posterior_samples.pkl,1000,1000000,N=n^2,1,xi,0.6340852130325814,9.889036675097883e-105
flow_npe,posterior_samples.pkl,1000,1000000,N=n^2,1,xi,0.6390977443609023,1.2790810298235046e-107
flow_npe,posterior_samples.pkl,1000,1000000,N=n^2,1,xi,0.644110275689223,1.5068842637147403e-110
flow_npe,posterior_samples.pkl,1000,1000000,N=n^2,1,xi,0.6491228070175437,1.6169608564062924e-113
flow_npe,posterior_samples.pkl,1000,1000000,N=n^2,1,xi,0.6541353383458646,1.5803631149365967e-116
flow_npe,posterior_samples.pkl,1000,1000000,N=n^2,1,xi,0.6591478696741855,1.4068637271073573e-119
flow_npe,posterior_samples.pkl,1000,1000000,N=n^2,1,xi,0.6641604010025062,1.1407354795750472e-122
flow_npe,posterior_samples.pkl,1000,1000000,N=n^2,1,xi,0.6691729323308269,8.424723099189565e-126
flow_npe,posterior_samples.pkl,1000,1000000,N=n^2,1,xi,0.6741854636591478,5.667141951296897e-129
flow_npe,posterior_samples.pkl,1000,1000000,N=n^2,1,xi,0.6791979949874687,3.472244637361374e-132
flow_npe,posterior_samples.pkl,1000,1000000,N=n^2,1,xi,0.6842105263157894,1.9377346709530626e-135
flow_npe,posterior_samples.pkl,1000,1000000,N=n^2,1,xi,0.6892230576441101,9.849542837541484e-139
flow_npe,posterior_samples.pkl,1000,1000000,N=n^2,1,xi,0.694235588972431,4.56011301501034e-142
flow_npe,posterior_samples.pkl,1000,1000000,N=n^2,1,xi,0.6992481203007519,1.9229717674991764e-145
flow_npe,posterior_samples.pkl,1000,1000000,N=n^2,1,xi,0.7042606516290726,7.385977484805129e-149
flow_npe,posterior_samples.pkl,1000,1000000,N=n^2,1,xi,0.7092731829573933,2.5839304511920317e-152
flow_npe,posterior_samples.pkl,1000,1000000,N=n^2,1,xi,0.7142857142857142,8.233631574712101e-156
flow_npe,posterior_samples.pkl,1000,1000000,N=n^2,1,xi,0.7192982456140351,2.3896803322469824e-159
flow_npe,posterior_samples.pkl,1000,1000000,N=n^2,1,xi,0.7243107769423558,6.31721936150091e-163
flow_npe,posterior_samples.pkl,1000,1000000,N=n^2,1,xi,0.7293233082706765,1.5210723632668182e-166
flow_npe,posterior_samples.pkl,1000,1000000,N=n^2,1,xi,0.7343358395989974,3.335888780874722e-170
flow_npe,posterior_samples.pkl,1000,1000000,N=n^2,1,xi,0.7393483709273183,6.663632216571043e-174
flow_npe,posterior_samples.pkl,1000,1000000,N=n^2,1,xi,0.744360902255639,1.2124064690125418e-177
flow_npe,posterior_samples.pkl,1000,1000000,N=n^2,1,xi,0.7493734335839597,2.0092003262944294e-181
flow_npe,posterior_samples.pkl,1000,1000000,N=n^2,1,xi,0.7543859649122806,3.032745761079212e-185
flow_npe,posterior_samples.pkl,1000,1000000,N=n^2,1,xi,0.7593984962406015,4.169524576468902e-189
flow_npe,posterior_samples.pkl,1000,1000000,N=n^2,1,xi,0.7644110275689222,5.221254240820252e-193
flow_npe,posterior_samples.pkl,1000,1000000,N=n^2,1,xi,0.7694235588972429,5.955262553911133e-197
flow_npe,posterior_samples.pkl,1000,1000000,N=n^2,1,xi,0.7744360902255638,6.1867811674836846e-201
flow_npe,posterior_samples.pkl,1000,1000000,N=n^2,1,xi,0.7794486215538847,5.854183964171528e-205
flow_npe,posterior_samples.pkl,1000,1000000,N=n^2,1,xi,0.7844611528822054,5.045517838171485e-209
flow_npe,posterior_samples.pkl,1000,1000000,N=n^2,1,xi,0.7894736842105261,3.9607998367979e-213
flow_npe,posterior_samples.pkl,1000,1000000,N=n^2,1,xi,0.794486215538847,2.8320297694964113e-217
flow_npe,posterior_samples.pkl,1000,1000000,N=n^2,1,xi,0.7994987468671679,1.8443804167392163e-221
flow_npe,posterior_samples.pkl,1000,1000000,N=n^2,1,xi,0.8045112781954886,1.0940595457131535e-225
flow_npe,posterior_samples.pkl,1000,1000000,N=n^2,1,xi,0.8095238095238093,5.911111976380558e-230
flow_npe,posterior_samples.pkl,1000,1000000,N=n^2,1,xi,0.8145363408521302,2.9089428057365937e-234
flow_npe,posterior_samples.pkl,1000,1000000,N=n^2,1,xi,0.8195488721804511,1.3038839748751835e-238
flow_npe,posterior_samples.pkl,1000,1000000,N=n^2,1,xi,0.8245614035087718,5.323294366490619e-243
flow_npe,posterior_samples.pkl,1000,1000000,N=n^2,1,xi,0.8295739348370925,1.9795195091125336e-247
flow_npe,posterior_samples.pkl,1000,1000000,N=n^2,1,xi,0.8345864661654134,6.704661548049846e-252
flow_npe,posterior_samples.pkl,1000,1000000,N=n^2,1,xi,0.8395989974937343,2.0683865357143835e-256
flow_npe,posterior_samples.pkl,1000,1000000,N=n^2,1,xi,0.844611528822055,5.811982713025485e-261
flow_npe,posterior_samples.pkl,1000,1000000,N=n^2,1,xi,0.8496240601503757,1.487492192901383e-265
flow_npe,posterior_samples.pkl,1000,1000000,N=n^2,1,xi,0.8546365914786966,3.4675509053927855e-270
flow_npe,posterior_samples.pkl,1000,1000000,N=n^2,1,xi,0.8596491228070176,7.362558612834592e-275
flow_npe,posterior_samples.pkl,1000,1000000,N=n^2,1,xi,0.8646616541353382,1.4238769323366526e-279
flow_npe,posterior_samples.pkl,1000,1000000,N=n^2,1,xi,0.8696741854636589,2.508152348595961e-284
flow_npe,posterior_samples.pkl,1000,1000000,N=n^2,1,xi,0.8746867167919798,4.024140545034499e-289
flow_npe,posterior_samples.pkl,1000,1000000,N=n^2,1,xi,0.8796992481203008,5.880715064070516e-294
flow_npe,posterior_samples.pkl,1000,1000000,N=n^2,1,xi,0.8847117794486214,7.827532932409877e-299
flow_npe,posterior_samples.pkl,1000,1000000,N=n^2,1,xi,0.8897243107769421,9.489808290146066e-304
flow_npe,posterior_samples.pkl,1000,1000000,N=n^2,1,xi,0.894736842105263,1.047919070511675e-308
flow_npe,posterior_samples.pkl,1000,1000000,N=n^2,1,xi,0.899749373433584,1.05398836833e-313
flow_npe,posterior_samples.pkl,1000,1000000,N=n^2,1,xi,0.9047619047619047,9.65567e-319
flow_npe,posterior_samples.pkl,1000,1000000,N=n^2,1,xi,0.9097744360902253,1e-323
flow_npe,posterior_samples.pkl,1000,1000000,N=n^2,1,xi,0.9147869674185463,0.0
flow_npe,posterior_samples.pkl,1000,1000000,N=n^2,1,xi,0.9197994987468672,0.0
flow_npe,posterior_samples.pkl,1000,1000000,N=n^2,1,xi,0.9248120300751879,0.0
flow_npe,posterior_samples.pkl,1000,1000000,N=n^2,1,xi,0.9298245614035086,0.0
flow_npe,posterior_samples.pkl,1000,1000000,N=n^2,1,xi,0.9348370927318295,0.0
flow_npe,posterior_samples.pkl,1000,1000000,N=n^2,1,xi,0.9398496240601504,0.0
flow_npe,posterior_samples.pkl,1000,1000000,N=n^2,1,xi,0.9448621553884711,0.0
flow_npe,posterior_samples.pkl,1000,1000000,N=n^2,1,xi,0.9498746867167918,0.0
flow_npe,posterior_samples.pkl,1000,1000000,N=n^2,1,xi,0.9548872180451127,0.0
flow_npe,posterior_samples.pkl,1000,1000000,N=n^2,1,xi,0.9598997493734336,0.0
flow_npe,posterior_samples.pkl,1000,1000000,N=n^2,1,xi,0.9649122807017543,0.0
flow_npe,posterior_samples.pkl,1000,1000000,N=n^2,1,xi,0.969924812030075,0.0
flow_npe,posterior_samples.pkl,1000,1000000,N=n^2,1,xi,0.9749373433583959,0.0
flow_npe,posterior_samples.pkl,1000,1000000,N=n^2,1,xi,0.9799498746867168,0.0
flow_npe,posterior_samples.pkl,1000,1000000,N=n^2,1,xi,0.9849624060150375,0.0
flow_npe,posterior_samples.pkl,1000,1000000,N=n^2,1,xi,0.9899749373433582,0.0
flow_npe,posterior_samples.pkl,1000,1000000,N=n^2,1,xi,0.9949874686716791,0.0
flow_npe,posterior_samples.pkl,1000,1000000,N=n^2,1,xi,1.0,0.0
abc_smc,adaptive_smc_samples.pkl,1000,,ABC-SMC,1,lambda,90.0,0.0
abc_smc,adaptive_smc_samples.pkl,1000,,ABC-SMC,1,lambda,90.0501253132832,0.0
abc_smc,adaptive_smc_samples.pkl,1000,,ABC-SMC,1,lambda,90.10025062656642,0.0
abc_smc,adaptive_smc_samples.pkl,1000,,ABC-SMC,1,lambda,90.15037593984962,0.0
abc_smc,adaptive_smc_samples.pkl,1000,,ABC-SMC,1,lambda,90.20050125313283,0.0
abc_smc,adaptive_smc_samples.pkl,1000,,ABC-SMC,1,lambda,90.25062656641605,0.0
abc_smc,adaptive_smc_samples.pkl,1000,,ABC-SMC,1,lambda,90.30075187969925,0.0
abc_smc,adaptive_smc_samples.pkl,1000,,ABC-SMC,1,lambda,90.35087719298245,0.0
abc_smc,adaptive_smc_samples.pkl,1000,,ABC-SMC,1,lambda,90.40100250626567,0.0
abc_smc,adaptive_smc_samples.pkl,1000,,ABC-SMC,1,lambda,90.45112781954887,0.0
abc_smc,adaptive_smc_samples.pkl,1000,,ABC-SMC,1,lambda,90.50125313283208,0.0
abc_smc,adaptive_smc_samples.pkl,1000,,ABC-SMC,1,lambda,90.5513784461153,0.0
abc_smc,adaptive_smc_samples.pkl,1000,,ABC-SMC,1,lambda,90.6015037593985,0.0
abc_smc,adaptive_smc_samples.pkl,1000,,ABC-SMC,1,lambda,90.6516290726817,0.0
abc_smc,adaptive_smc_samples.pkl,1000,,ABC-SMC,1,lambda,90.70175438596492,0.0
abc_smc,adaptive_smc_samples.pkl,1000,,ABC-SMC,1,lambda,90.75187969924812,0.0
abc_smc,adaptive_smc_samples.pkl,1000,,ABC-SMC,1,lambda,90.80200501253132,0.0
abc_smc,adaptive_smc_samples.pkl,1000,,ABC-SMC,1,lambda,90.85213032581454,0.0
abc_smc,adaptive_smc_samples.pkl,1000,,ABC-SMC,1,lambda,90.90225563909775,0.0
abc_smc,adaptive_smc_samples.pkl,1000,,ABC-SMC,1,lambda,90.95238095238095,0.0
abc_smc,adaptive_smc_samples.pkl,1000,,ABC-SMC,1,lambda,91.00250626566417,0.0
abc_smc,adaptive_smc_samples.pkl,1000,,ABC-SMC,1,lambda,91.05263157894737,0.0
abc_smc,adaptive_smc_samples.pkl,1000,,ABC-SMC,1,lambda,91.10275689223057,0.0
abc_smc,adaptive_smc_samples.pkl,1000,,ABC-SMC,1,lambda,91.15288220551379,0.0
abc_smc,adaptive_smc_samples.pkl,1000,,ABC-SMC,1,lambda,91.203007518797,0.0
abc_smc,adaptive_smc_samples.pkl,1000,,ABC-SMC,1,lambda,91.2531328320802,0.0
abc_smc,adaptive_smc_samples.pkl,1000,,ABC-SMC,1,lambda,91.30325814536342,0.0
abc_smc,adaptive_smc_samples.pkl,1000,,ABC-SMC,1,lambda,91.35338345864662,0.0
abc_smc,adaptive_smc_samples.pkl,1000,,ABC-SMC,1,lambda,91.40350877192982,0.0
abc_smc,adaptive_smc_samples.pkl,1000,,ABC-SMC,1,lambda,91.45363408521304,0.0
abc_smc,adaptive_smc_samples.pkl,1000,,ABC-SMC,1,lambda,91.50375939849624,0.0
abc_smc,adaptive_smc_samples.pkl,1000,,ABC-SMC,1,lambda,91.55388471177945,0.0
abc_smc,adaptive_smc_samples.pkl,1000,,ABC-SMC,1,lambda,91.60401002506265,0.0
abc_smc,adaptive_smc_samples.pkl,1000,,ABC-SMC,1,lambda,91.65413533834587,0.0
abc_smc,adaptive_smc_samples.pkl,1000,,ABC-SMC,1,lambda,91.70426065162907,0.0
abc_smc,adaptive_smc_samples.pkl,1000,,ABC-SMC,1,lambda,91.75438596491227,0.0
abc_smc,adaptive_smc_samples.pkl,1000,,ABC-SMC,1,lambda,91.80451127819549,0.0
abc_smc,adaptive_smc_samples.pkl,1000,,ABC-SMC,1,lambda,91.8546365914787,0.0
abc_smc,adaptive_smc_samples.pkl,1000,,ABC-SMC,1,lambda,91.9047619047619,0.0
abc_smc,adaptive_smc_samples.pkl,1000,,ABC-SMC,1,lambda,91.95488721804512,0.0
abc_smc,adaptive_smc_samples.pkl,1000,,ABC-SMC,1,lambda,92.00501253132832,0.0
abc_smc,adaptive_smc_samples.pkl,1000,,ABC-SMC,1,lambda,92.05513784461152,0.0
abc_smc,adaptive_smc_samples.pkl,1000,,ABC-SMC,1,lambda,92.10526315789474,0.0
abc_smc,adaptive_smc_samples.pkl,1000,,ABC-SMC,1,lambda,92.15538847117794,0.0
abc_smc,adaptive_smc_samples.pkl,1000,,ABC-SMC,1,lambda,92.20551378446115,0.0
abc_smc,adaptive_smc_samples.pkl,1000,,ABC-SMC,1,lambda,92.25563909774436,0.0
abc_smc,adaptive_smc_samples.pkl,1000,,ABC-SMC,1,lambda,92.30576441102757,0.0
abc_smc,adaptive_smc_samples.pkl,1000,,ABC-SMC,1,lambda,92.35588972431077,0.0
abc_smc,adaptive_smc_samples.pkl,1000,,ABC-SMC,1,lambda,92.40601503759399,0.0
abc_smc,adaptive_smc_samples.pkl,1000,,ABC-SMC,1,lambda,92.45614035087719,0.0
abc_smc,adaptive_smc_samples.pkl,1000,,ABC-SMC,1,lambda,92.5062656641604,0.0
abc_smc,adaptive_smc_samples.pkl,1000,,ABC-SMC,1,lambda,92.55639097744361,0.0
abc_smc,adaptive_smc_samples.pkl,1000,,ABC-SMC,1,lambda,92.60651629072682,0.0
abc_smc,adaptive_smc_samples.pkl,1000,,ABC-SMC,1,lambda,92.65664160401002,0.0
abc_smc,adaptive_smc_samples.pkl,1000,,ABC-SMC,1,lambda,92.70676691729324,0.0
abc_smc,adaptive_smc_samples.pkl,1000,,ABC-SMC,1,lambda,92.75689223057644,0.0
abc_smc,adaptive_smc_samples.pkl,1000,,ABC-SMC,1,lambda,92.80701754385964,0.0
abc_smc,adaptive_smc_samples.pkl,1000,,ABC-SMC,1,lambda,92.85714285714286,0.0
abc_smc,adaptive_smc_samples.pkl,1000,,ABC-SMC,1,lambda,92.90726817042606,0.0
abc_smc,adaptive_smc_samples.pkl,1000,,ABC-SMC,1,lambda,92.95739348370927,0.0
abc_smc,adaptive_smc_samples.pkl,1000,,ABC-SMC,1,lambda,93.00751879699249,0.0
abc_smc,adaptive_smc_samples.pkl,1000,,ABC-SMC,1,lambda,93.05764411027569,0.0
abc_smc,adaptive_smc_samples.pkl,1000,,ABC-SMC,1,lambda,93.10776942355889,0.0
abc_smc,adaptive_smc_samples.pkl,1000,,ABC-SMC,1,lambda,93.15789473684211,0.0
abc_smc,adaptive_smc_samples.pkl,1000,,ABC-SMC,1,lambda,93.20802005012531,0.0
abc_smc,adaptive_smc_samples.pkl,1000,,ABC-SMC,1,lambda,93.25814536340852,0.0
abc_smc,adaptive_smc_samples.pkl,1000,,ABC-SMC,1,lambda,93.30827067669173,0.0
abc_smc,adaptive_smc_samples.pkl,1000,,ABC-SMC,1,lambda,93.35839598997494,0.0
abc_smc,adaptive_smc_samples.pkl,1000,,ABC-SMC,1,lambda,93.40852130325814,0.0
abc_smc,adaptive_smc_samples.pkl,1000,,ABC-SMC,1,lambda,93.45864661654136,0.0
abc_smc,adaptive_smc_samples.pkl,1000,,ABC-SMC,1,lambda,93.50877192982456,0.0
abc_smc,adaptive_smc_samples.pkl,1000,,ABC-SMC,1,lambda,93.55889724310777,0.0
abc_smc,adaptive_smc_samples.pkl,1000,,ABC-SMC,1,lambda,93.60902255639098,0.0
abc_smc,adaptive_smc_samples.pkl,1000,,ABC-SMC,1,lambda,93.65914786967419,0.0
abc_smc,adaptive_smc_samples.pkl,1000,,ABC-SMC,1,lambda,93.70927318295739,0.0
abc_smc,adaptive_smc_samples.pkl,1000,,ABC-SMC,1,lambda,93.7593984962406,0.0
abc_smc,adaptive_smc_samples.pkl,1000,,ABC-SMC,1,lambda,93.80952380952381,0.0
abc_smc,adaptive_smc_samples.pkl,1000,,ABC-SMC,1,lambda,93.85964912280701,0.0
abc_smc,adaptive_smc_samples.pkl,1000,,ABC-SMC,1,lambda,93.90977443609023,0.0
abc_smc,adaptive_smc_samples.pkl,1000,,ABC-SMC,1,lambda,93.95989974937343,0.0
abc_smc,adaptive_smc_samples.pkl,1000,,ABC-SMC,1,lambda,94.01002506265664,0.0
abc_smc,adaptive_smc_samples.pkl,1000,,ABC-SMC,1,lambda,94.06015037593986,0.0
abc_smc,adaptive_smc_samples.pkl,1000,,ABC-SMC,1,lambda,94.11027568922306,0.0
abc_smc,adaptive_smc_samples.pkl,1000,,ABC-SMC,1,lambda,94.16040100250626,0.0
abc_smc,adaptive_smc_samples.pkl,1000,,ABC-SMC,1,lambda,94.21052631578948,0.0
abc_smc,adaptive_smc_samples.pkl,1000,,ABC-SMC,1,lambda,94.26065162907268,0.0
abc_smc,adaptive_smc_samples.pkl,1000,,ABC-SMC,1,lambda,94.31077694235589,0.0
abc_smc,adaptive_smc_samples.pkl,1000,,ABC-SMC,1,lambda,94.3609022556391,0.0
abc_smc,adaptive_smc_samples.pkl,1000,,ABC-SMC,1,lambda,94.41102756892231,0.0
abc_smc,adaptive_smc_samples.pkl,1000,,ABC-SMC,1,lambda,94.46115288220551,0.0
abc_smc,adaptive_smc_samples.pkl,1000,,ABC-SMC,1,lambda,94.51127819548873,0.0
abc_smc,adaptive_smc_samples.pkl,1000,,ABC-SMC,1,lambda,94.56140350877193,0.0
abc_smc,adaptive_smc_samples.pkl,1000,,ABC-SMC,1,lambda,94.61152882205513,0.0
abc_smc,adaptive_smc_samples.pkl,1000,,ABC-SMC,1,lambda,94.66165413533835,0.0
abc_smc,adaptive_smc_samples.pkl,1000,,ABC-SMC,1,lambda,94.71177944862156,0.0
abc_smc,adaptive_smc_samples.pkl,1000,,ABC-SMC,1,lambda,94.76190476190476,0.0
abc_smc,adaptive_smc_samples.pkl,1000,,ABC-SMC,1,lambda,94.81203007518798,0.0
abc_smc,adaptive_smc_samples.pkl,1000,,ABC-SMC,1,lambda,94.86215538847118,0.0
abc_smc,adaptive_smc_samples.pkl,1000,,ABC-SMC,1,lambda,94.91228070175438,0.0
abc_smc,adaptive_smc_samples.pkl,1000,,ABC-SMC,1,lambda,94.9624060150376,0.0
abc_smc,adaptive_smc_samples.pkl,1000,,ABC-SMC,1,lambda,95.0125313283208,0.0
abc_smc,adaptive_smc_samples.pkl,1000,,ABC-SMC,1,lambda,95.06265664160401,0.0
abc_smc,adaptive_smc_samples.pkl,1000,,ABC-SMC,1,lambda,95.11278195488723,0.0
abc_smc,adaptive_smc_samples.pkl,1000,,ABC-SMC,1,lambda,95.16290726817043,0.0
abc_smc,adaptive_smc_samples.pkl,1000,,ABC-SMC,1,lambda,95.21303258145363,0.0
abc_smc,adaptive_smc_samples.pkl,1000,,ABC-SMC,1,lambda,95.26315789473684,0.0
abc_smc,adaptive_smc_samples.pkl,1000,,ABC-SMC,1,lambda,95.31328320802005,0.0
abc_smc,adaptive_smc_samples.pkl,1000,,ABC-SMC,1,lambda,95.36340852130326,0.0
abc_smc,adaptive_smc_samples.pkl,1000,,ABC-SMC,1,lambda,95.41353383458646,0.0
abc_smc,adaptive_smc_samples.pkl,1000,,ABC-SMC,1,lambda,95.46365914786968,0.0
abc_smc,adaptive_smc_samples.pkl,1000,,ABC-SMC,1,lambda,95.51378446115288,0.0
abc_smc,adaptive_smc_samples.pkl,1000,,ABC-SMC,1,lambda,95.56390977443608,0.0
abc_smc,adaptive_smc_samples.pkl,1000,,ABC-SMC,1,lambda,95.6140350877193,0.0
abc_smc,adaptive_smc_samples.pkl,1000,,ABC-SMC,1,lambda,95.6641604010025,0.0
abc_smc,adaptive_smc_samples.pkl,1000,,ABC-SMC,1,lambda,95.71428571428571,0.0
abc_smc,adaptive_smc_samples.pkl,1000,,ABC-SMC,1,lambda,95.76441102756893,0.0
abc_smc,adaptive_smc_samples.pkl,1000,,ABC-SMC,1,lambda,95.81453634085213,0.0
abc_smc,adaptive_smc_samples.pkl,1000,,ABC-SMC,1,lambda,95.86466165413533,0.0
abc_smc,adaptive_smc_samples.pkl,1000,,ABC-SMC,1,lambda,95.91478696741855,0.0
abc_smc,adaptive_smc_samples.pkl,1000,,ABC-SMC,1,lambda,95.96491228070175,0.0
abc_smc,adaptive_smc_samples.pkl,1000,,ABC-SMC,1,lambda,96.01503759398496,0.0
abc_smc,adaptive_smc_samples.pkl,1000,,ABC-SMC,1,lambda,96.06516290726817,0.0
abc_smc,adaptive_smc_samples.pkl,1000,,ABC-SMC,1,lambda,96.11528822055138,0.0
abc_smc,adaptive_smc_samples.pkl,1000,,ABC-SMC,1,lambda,96.16541353383458,0.0
abc_smc,adaptive_smc_samples.pkl,1000,,ABC-SMC,1,lambda,96.2155388471178,0.0
abc_smc,adaptive_smc_samples.pkl,1000,,ABC-SMC,1,lambda,96.265664160401,0.0
abc_smc,adaptive_smc_samples.pkl,1000,,ABC-SMC,1,lambda,96.3157894736842,0.0
abc_smc,adaptive_smc_samples.pkl,1000,,ABC-SMC,1,lambda,96.36591478696742,0.0
abc_smc,adaptive_smc_samples.pkl,1000,,ABC-SMC,1,lambda,96.41604010025063,0.0
abc_smc,adaptive_smc_samples.pkl,1000,,ABC-SMC,1,lambda,96.46616541353383,0.0
abc_smc,adaptive_smc_samples.pkl,1000,,ABC-SMC,1,lambda,96.51629072681705,0.0
abc_smc,adaptive_smc_samples.pkl,1000,,ABC-SMC,1,lambda,96.56641604010025,0.0
abc_smc,adaptive_smc_samples.pkl,1000,,ABC-SMC,1,lambda,96.61654135338345,0.0
abc_smc,adaptive_smc_samples.pkl,1000,,ABC-SMC,1,lambda,96.66666666666667,0.0
abc_smc,adaptive_smc_samples.pkl,1000,,ABC-SMC,1,lambda,96.71679197994987,0.0
abc_smc,adaptive_smc_samples.pkl,1000,,ABC-SMC,1,lambda,96.76691729323308,0.0
abc_smc,adaptive_smc_samples.pkl,1000,,ABC-SMC,1,lambda,96.8170426065163,0.0
abc_smc,adaptive_smc_samples.pkl,1000,,ABC-SMC,1,lambda,96.8671679197995,0.0
abc_smc,adaptive_smc_samples.pkl,1000,,ABC-SMC,1,lambda,96.9172932330827,0.0
abc_smc,adaptive_smc_samples.pkl,1000,,ABC-SMC,1,lambda,96.96741854636592,0.0
abc_smc,adaptive_smc_samples.pkl,1000,,ABC-SMC,1,lambda,97.01754385964912,0.0
abc_smc,adaptive_smc_samples.pkl,1000,,ABC-SMC,1,lambda,97.06766917293233,0.0
abc_smc,adaptive_smc_samples.pkl,1000,,ABC-SMC,1,lambda,97.11779448621554,0.0
abc_smc,adaptive_smc_samples.pkl,1000,,ABC-SMC,1,lambda,97.16791979949875,0.0
abc_smc,adaptive_smc_samples.pkl,1000,,ABC-SMC,1,lambda,97.21804511278195,4.578047e-317
abc_smc,adaptive_smc_samples.pkl,1000,,ABC-SMC,1,lambda,97.26817042606517,3.48434307335318e-300
abc_smc,adaptive_smc_samples.pkl,1000,,ABC-SMC,1,lambda,97.31829573934837,9.043649775875552e-284
abc_smc,adaptive_smc_samples.pkl,1000,,ABC-SMC,1,lambda,97.36842105263158,8.004767549300219e-268
abc_smc,adaptive_smc_samples.pkl,1000,,ABC-SMC,1,lambda,97.41854636591479,2.4162166792692974e-252
abc_smc,adaptive_smc_samples.pkl,1000,,ABC-SMC,1,lambda,97.468671679198,2.4871684188297374e-237
abc_smc,adaptive_smc_samples.pkl,1000,,ABC-SMC,1,lambda,97.5187969924812,8.730852972029022e-223
abc_smc,adaptive_smc_samples.pkl,1000,,ABC-SMC,1,lambda,97.56892230576442,1.045178141629729e-208
abc_smc,adaptive_smc_samples.pkl,1000,,ABC-SMC,1,lambda,97.61904761904762,4.26683772160644e-195
abc_smc,adaptive_smc_samples.pkl,1000,,ABC-SMC,1,lambda,97.66917293233082,5.940241435487127e-182
abc_smc,adaptive_smc_samples.pkl,1000,,ABC-SMC,1,lambda,97.71929824561403,2.8202280733373514e-169
abc_smc,adaptive_smc_samples.pkl,1000,,ABC-SMC,1,lambda,97.76942355889724,4.566111680450966e-157
abc_smc,adaptive_smc_samples.pkl,1000,,ABC-SMC,1,lambda,97.81954887218045,2.5211053337234446e-145
abc_smc,adaptive_smc_samples.pkl,1000,,ABC-SMC,1,lambda,97.86967418546365,4.746982345436145e-134
abc_smc,adaptive_smc_samples.pkl,1000,,ABC-SMC,1,lambda,97.91979949874687,3.0480803098531325e-123
abc_smc,adaptive_smc_samples.pkl,1000,,ABC-SMC,1,lambda,97.96992481203007,6.674478801796369e-113
abc_smc,adaptive_smc_samples.pkl,1000,,ABC-SMC,1,lambda,98.02005012531328,4.984142774035493e-103
abc_smc,adaptive_smc_samples.pkl,1000,,ABC-SMC,1,lambda,98.0701754385965,1.2692458586257417e-93
abc_smc,adaptive_smc_samples.pkl,1000,,ABC-SMC,1,lambda,98.1203007518797,1.1022578505429364e-84
abc_smc,adaptive_smc_samples.pkl,1000,,ABC-SMC,1,lambda,98.1704260651629,3.264395825308681e-76
abc_smc,adaptive_smc_samples.pkl,1000,,ABC-SMC,1,lambda,98.22055137844612,3.2968910901526063e-68
abc_smc,adaptive_smc_samples.pkl,1000,,ABC-SMC,1,lambda,98.27067669172932,1.1355037657759797e-60
abc_smc,adaptive_smc_samples.pkl,1000,,ABC-SMC,1,lambda,98.32080200501252,1.3336896863348613e-53
abc_smc,adaptive_smc_samples.pkl,1000,,ABC-SMC,1,lambda,98.37092731829574,5.341993572514406e-47
abc_smc,adaptive_smc_samples.pkl,1000,,ABC-SMC,1,lambda,98.42105263157895,7.296836209956985e-41
abc_smc,adaptive_smc_samples.pkl,1000,,ABC-SMC,1,lambda,98.47117794486215,3.398985657074246e-35
abc_smc,adaptive_smc_samples.pkl,1000,,ABC-SMC,1,lambda,98.52130325814537,5.399452864694295e-30
abc_smc,adaptive_smc_samples.pkl,1000,,ABC-SMC,1,lambda,98.57142857142857,2.9251063073320617e-25
abc_smc,adaptive_smc_samples.pkl,1000,,ABC-SMC,1,lambda,98.62155388471177,5.404310956515996e-21
abc_smc,adaptive_smc_samples.pkl,1000,,ABC-SMC,1,lambda,98.67167919799499,3.4055416451533727e-17
abc_smc,adaptive_smc_samples.pkl,1000,,ABC-SMC,1,lambda,98.7218045112782,7.321262405182461e-14
abc_smc,adaptive_smc_samples.pkl,1000,,ABC-SMC,1,lambda,98.7719298245614,5.373053278226753e-11
abc_smc,adaptive_smc_samples.pkl,1000,,ABC-SMC,1,lambda,98.82205513784461,1.3484411541821213e-08
abc_smc,adaptive_smc_samples.pkl,1000,,ABC-SMC,1,lambda,98.87218045112782,1.1623900202542472e-06
abc_smc,adaptive_smc_samples.pkl,1000,,ABC-SMC,1,lambda,98.92230576441102,3.481382812475252e-05
abc_smc,adaptive_smc_samples.pkl,1000,,ABC-SMC,1,lambda,98.97243107769424,0.0003727734001195013
abc_smc,adaptive_smc_samples.pkl,1000,,ABC-SMC,1,lambda,99.02255639097744,0.001529674253661366
abc_smc,adaptive_smc_samples.pkl,1000,,ABC-SMC,1,lambda,99.07268170426065,0.002879350742761828
abc_smc,adaptive_smc_samples.pkl,1000,,ABC-SMC,1,lambda,99.12280701754386,0.003971406184717454
abc_smc,adaptive_smc_samples.pkl,1000,,ABC-SMC,1,lambda,99.17293233082707,0.006520442103527543
abc_smc,adaptive_smc_samples.pkl,1000,,ABC-SMC,1,lambda,99.22305764411027,0.01194062341310477
abc_smc,adaptive_smc_samples.pkl,1000,,ABC-SMC,1,lambda,99.27318295739349,0.02077330240717363
abc_smc,adaptive_smc_samples.pkl,1000,,ABC-SMC,1,lambda,99.32330827067669,0.032549128651028505
abc_smc,adaptive_smc_samples.pkl,1000,,ABC-SMC,1,lambda,99.3734335839599,0.05638668420440059
abc_smc,adaptive_smc_samples.pkl,1000,,ABC-SMC,1,lambda,99.42355889724311,0.09740508528116379
abc_smc,adaptive_smc_samples.pkl,1000,,ABC-SMC,1,lambda,99.47368421052632,0.14270970461346125
abc_smc,adaptive_smc_samples.pkl,1000,,ABC-SMC,1,lambda,99.52380952380952,0.18083049805857285
abc_smc,adaptive_smc_samples.pkl,1000,,ABC-SMC,1,lambda,99.57393483709274,0.22765846549900326
abc_smc,adaptive_smc_samples.pkl,1000,,ABC-SMC,1,lambda,99.62406015037594,0.3137635952117486
abc_smc,adaptive_smc_samples.pkl,1000,,ABC-SMC,1,lambda,99.67418546365914,0.4431982104050912
abc_smc,adaptive_smc_samples.pkl,1000,,ABC-SMC,1,lambda,99.72431077694236,0.5843382436660685
abc_smc,adaptive_smc_samples.pkl,1000,,ABC-SMC,1,lambda,99.77443609022556,0.7504311217228583
abc_smc,adaptive_smc_samples.pkl,1000,,ABC-SMC,1,lambda,99.82456140350877,0.924624530872901
abc_smc,adaptive_smc_samples.pkl,1000,,ABC-SMC,1,lambda,99.87468671679198,1.0763534676074236
abc_smc,adaptive_smc_samples.pkl,1000,,ABC-SMC,1,lambda,99.92481203007519,1.2209764424682126
abc_smc,adaptive_smc_samples.pkl,1000,,ABC-SMC,1,lambda,99.97493734335839,1.3241875882495993
abc_smc,adaptive_smc_samples.pkl,1000,,ABC-SMC,1,lambda,100.02506265664161,1.3810944447107154
abc_smc,adaptive_smc_samples.pkl,1000,,ABC-SMC,1,lambda,100.07518796992481,1.4009442577939795
abc_smc,adaptive_smc_samples.pkl,1000,,ABC-SMC,1,lambda,100.12531328320802,1.408496480238311
abc_smc,adaptive_smc_samples.pkl,1000,,ABC-SMC,1,lambda,100.17543859649123,1.358148523216626
abc_smc,adaptive_smc_samples.pkl,1000,,ABC-SMC,1,lambda,100.22556390977444,1.2488547147768527
abc_smc,adaptive_smc_samples.pkl,1000,,ABC-SMC,1,lambda,100.27568922305764,1.1468034582741498
abc_smc,adaptive_smc_samples.pkl,1000,,ABC-SMC,1,lambda,100.32581453634086,1.0249183041552041
abc_smc,adaptive_smc_samples.pkl,1000,,ABC-SMC,1,lambda,100.37593984962406,0.8793411320333078
abc_smc,adaptive_smc_samples.pkl,1000,,ABC-SMC,1,lambda,100.42606516290726,0.7087709005392209
abc_smc,adaptive_smc_samples.pkl,1000,,ABC-SMC,1,lambda,100.47619047619048,0.5401288019857529
abc_smc,adaptive_smc_samples.pkl,1000,,ABC-SMC,1,lambda,100.52631578947368,0.41418617561423565
abc_smc,adaptive_smc_samples.pkl,1000,,ABC-SMC,1,lambda,100.57644110275689,0.3231115196925247
abc_smc,adaptive_smc_samples.pkl,1000,,ABC-SMC,1,lambda,100.6265664160401,0.24127568493507506
abc_smc,adaptive_smc_samples.pkl,1000,,ABC-SMC,1,lambda,100.67669172932331,0.16676088327660293
abc_smc,adaptive_smc_samples.pkl,1000,,ABC-SMC,1,lambda,100.72681704260651,0.11309369681406457
abc_smc,adaptive_smc_samples.pkl,1000,,ABC-SMC,1,lambda,100.77694235588973,0.0742080563561859
abc_smc,adaptive_smc_samples.pkl,1000,,ABC-SMC,1,lambda,100.82706766917293,0.044027919899042055
abc_smc,adaptive_smc_samples.pkl,1000,,ABC-SMC,1,lambda,100.87719298245614,0.02333643723983507
abc_smc,adaptive_smc_samples.pkl,1000,,ABC-SMC,1,lambda,100.92731829573935,0.014122932228873755
abc_smc,adaptive_smc_samples.pkl,1000,,ABC-SMC,1,lambda,100.97744360902256,0.00881787702100254
abc_smc,adaptive_smc_samples.pkl,1000,,ABC-SMC,1,lambda,101.02756892230576,0.004469256997059747
abc_smc,adaptive_smc_samples.pkl,1000,,ABC-SMC,1,lambda,101.07769423558898,0.00143715469192483
abc_smc,adaptive_smc_samples.pkl,1000,,ABC-SMC,1,lambda,101.12781954887218,0.00020416804507432742
abc_smc,adaptive_smc_samples.pkl,1000,,ABC-SMC,1,lambda,101.17794486215539,1.0696051788940622e-05
abc_smc,adaptive_smc_samples.pkl,1000,,ABC-SMC,1,lambda,101.2280701754386,1.9576332945859222e-07
abc_smc,adaptive_smc_samples.pkl,1000,,ABC-SMC,1,lambda,101.2781954887218,1.2331937571117677e-09
abc_smc,adaptive_smc_samples.pkl,1000,,ABC-SMC,1,lambda,101.32832080200501,2.6620029835246535e-12
abc_smc,adaptive_smc_samples.pkl,1000,,ABC-SMC,1,lambda,101.37844611528823,1.9662310131404795e-15
abc_smc,adaptive_smc_samples.pkl,1000,,ABC-SMC,1,lambda,101.42857142857143,4.966730469572241e-19
abc_smc,adaptive_smc_samples.pkl,1000,,ABC-SMC,1,lambda,101.47869674185463,4.28945427949885e-23
abc_smc,adaptive_smc_samples.pkl,1000,,ABC-SMC,1,lambda,101.52882205513785,1.2663519260542438e-27
abc_smc,adaptive_smc_samples.pkl,1000,,ABC-SMC,1,lambda,101.57894736842105,1.2778091530994378e-32
abc_smc,adaptive_smc_samples.pkl,1000,,ABC-SMC,1,lambda,101.62907268170426,4.406349735950286e-38
abc_smc,adaptive_smc_samples.pkl,1000,,ABC-SMC,1,lambda,101.67919799498748,5.192025260095688e-44
abc_smc,adaptive_smc_samples.pkl,1000,,ABC-SMC,1,lambda,101.72932330827068,2.090180343084653e-50
abc_smc,adaptive_smc_samples.pkl,1000,,ABC-SMC,1,lambda,101.77944862155388,2.874518474382846e-57
abc_smc,adaptive_smc_samples.pkl,1000,,ABC-SMC,1,lambda,101.8295739348371,1.3502911990267602e-64
abc_smc,adaptive_smc_samples.pkl,1000,,ABC-SMC,1,lambda,101.8796992481203,2.1663024360475854e-72
abc_smc,adaptive_smc_samples.pkl,1000,,ABC-SMC,1,lambda,101.9298245614035,1.1868352347437975e-80
abc_smc,adaptive_smc_samples.pkl,1000,,ABC-SMC,1,lambda,101.97994987468671,2.22021039002812e-89
abc_smc,adaptive_smc_samples.pkl,1000,,ABC-SMC,1,lambda,102.03007518796993,1.4180296723476167e-98
abc_smc,adaptive_smc_samples.pkl,1000,,ABC-SMC,1,lambda,102.08020050125313,3.0918734200617048e-108
abc_smc,adaptive_smc_samples.pkl,1000,,ABC-SMC,1,lambda,102.13032581453633,2.301249130505829e-118
abc_smc,adaptive_smc_samples.pkl,1000,,ABC-SMC,1,lambda,102.18045112781955,5.846205800324803e-129
abc_smc,adaptive_smc_samples.pkl,1000,,ABC-SMC,1,lambda,102.23057644110276,5.068957921746595e-140
abc_smc,adaptive_smc_samples.pkl,1000,,ABC-SMC,1,lambda,102.28070175438596,1.4999111548380578e-151
abc_smc,adaptive_smc_samples.pkl,1000,,ABC-SMC,1,lambda,102.33082706766918,1.5145556613276676e-163
abc_smc,adaptive_smc_samples.pkl,1000,,ABC-SMC,1,lambda,102.38095238095238,5.2185606782172004e-176
abc_smc,adaptive_smc_samples.pkl,1000,,ABC-SMC,1,lambda,102.43107769423558,6.1353197301743355e-189
abc_smc,adaptive_smc_samples.pkl,1000,,ABC-SMC,1,lambda,102.4812030075188,2.461058263492909e-202
abc_smc,adaptive_smc_samples.pkl,1000,,ABC-SMC,1,lambda,102.531328320802,3.368092896956344e-216
abc_smc,adaptive_smc_samples.pkl,1000,,ABC-SMC,1,lambda,102.58145363408521,1.5725511199179553e-230
abc_smc,adaptive_smc_samples.pkl,1000,,ABC-SMC,1,lambda,102.63157894736842,2.50476396081907e-245
abc_smc,adaptive_smc_samples.pkl,1000,,ABC-SMC,1,lambda,102.68170426065163,1.3609886921021933e-260
abc_smc,adaptive_smc_samples.pkl,1000,,ABC-SMC,1,lambda,102.73182957393483,2.5226309025653335e-276
abc_smc,adaptive_smc_samples.pkl,1000,,ABC-SMC,1,lambda,102.78195488721805,1.5949663721014634e-292
abc_smc,adaptive_smc_samples.pkl,1000,,ABC-SMC,1,lambda,102.83208020050125,3.43982491573907e-309
abc_smc,adaptive_smc_samples.pkl,1000,,ABC-SMC,1,lambda,102.88220551378446,0.0
abc_smc,adaptive_smc_samples.pkl,1000,,ABC-SMC,1,lambda,102.93233082706767,0.0
abc_smc,adaptive_smc_samples.pkl,1000,,ABC-SMC,1,lambda,102.98245614035088,0.0
abc_smc,adaptive_smc_samples.pkl,1000,,ABC-SMC,1,lambda,103.03258145363408,0.0
abc_smc,adaptive_smc_samples.pkl,1000,,ABC-SMC,1,lambda,103.0827067669173,0.0
abc_smc,adaptive_smc_samples.pkl,1000,,ABC-SMC,1,lambda,103.1328320802005,0.0
abc_smc,adaptive_smc_samples.pkl,1000,,ABC-SMC,1,lambda,103.1829573934837,0.0
abc_smc,adaptive_smc_samples.pkl,1000,,ABC-SMC,1,lambda,103.23308270676692,0.0
abc_smc,adaptive_smc_samples.pkl,1000,,ABC-SMC,1,lambda,103.28320802005013,0.0
abc_smc,adaptive_smc_samples.pkl,1000,,ABC-SMC,1,lambda,103.33333333333333,0.0
abc_smc,adaptive_smc_samples.pkl,1000,,ABC-SMC,1,lambda,103.38345864661655,0.0
abc_smc,adaptive_smc_samples.pkl,1000,,ABC-SMC,1,lambda,103.43358395989975,0.0
abc_smc,adaptive_smc_samples.pkl,1000,,ABC-SMC,1,lambda,103.48370927318295,0.0
abc_smc,adaptive_smc_samples.pkl,1000,,ABC-SMC,1,lambda,103.53383458646617,0.0
abc_smc,adaptive_smc_samples.pkl,1000,,ABC-SMC,1,lambda,103.58395989974937,0.0
abc_smc,adaptive_smc_samples.pkl,1000,,ABC-SMC,1,lambda,103.63408521303258,0.0
abc_smc,adaptive_smc_samples.pkl,1000,,ABC-SMC,1,lambda,103.6842105263158,0.0
abc_smc,adaptive_smc_samples.pkl,1000,,ABC-SMC,1,lambda,103.734335839599,0.0
abc_smc,adaptive_smc_samples.pkl,1000,,ABC-SMC,1,lambda,103.7844611528822,0.0
abc_smc,adaptive_smc_samples.pkl,1000,,ABC-SMC,1,lambda,103.8345864661654,0.0
abc_smc,adaptive_smc_samples.pkl,1000,,ABC-SMC,1,lambda,103.88471177944862,0.0
abc_smc,adaptive_smc_samples.pkl,1000,,ABC-SMC,1,lambda,103.93483709273183,0.0
abc_smc,adaptive_smc_samples.pkl,1000,,ABC-SMC,1,lambda,103.98496240601503,0.0
abc_smc,adaptive_smc_samples.pkl,1000,,ABC-SMC,1,lambda,104.03508771929825,0.0
abc_smc,adaptive_smc_samples.pkl,1000,,ABC-SMC,1,lambda,104.08521303258145,0.0
abc_smc,adaptive_smc_samples.pkl,1000,,ABC-SMC,1,lambda,104.13533834586465,0.0
abc_smc,adaptive_smc_samples.pkl,1000,,ABC-SMC,1,lambda,104.18546365914787,0.0
abc_smc,adaptive_smc_samples.pkl,1000,,ABC-SMC,1,lambda,104.23558897243107,0.0
abc_smc,adaptive_smc_samples.pkl,1000,,ABC-SMC,1,lambda,104.28571428571428,0.0
abc_smc,adaptive_smc_samples.pkl,1000,,ABC-SMC,1,lambda,104.3358395989975,0.0
abc_smc,adaptive_smc_samples.pkl,1000,,ABC-SMC,1,lambda,104.3859649122807,0.0
abc_smc,adaptive_smc_samples.pkl,1000,,ABC-SMC,1,lambda,104.4360902255639,0.0
abc_smc,adaptive_smc_samples.pkl,1000,,ABC-SMC,1,lambda,104.48621553884712,0.0
abc_smc,adaptive_smc_samples.pkl,1000,,ABC-SMC,1,lambda,104.53634085213032,0.0
abc_smc,adaptive_smc_samples.pkl,1000,,ABC-SMC,1,lambda,104.58646616541353,0.0
abc_smc,adaptive_smc_samples.pkl,1000,,ABC-SMC,1,lambda,104.63659147869674,0.0
abc_smc,adaptive_smc_samples.pkl,1000,,ABC-SMC,1,lambda,104.68671679197995,0.0
abc_smc,adaptive_smc_samples.pkl,1000,,ABC-SMC,1,lambda,104.73684210526315,0.0
abc_smc,adaptive_smc_samples.pkl,1000,,ABC-SMC,1,lambda,104.78696741854637,0.0
abc_smc,adaptive_smc_samples.pkl,1000,,ABC-SMC,1,lambda,104.83709273182957,0.0
abc_smc,adaptive_smc_samples.pkl,1000,,ABC-SMC,1,lambda,104.88721804511277,0.0
abc_smc,adaptive_smc_samples.pkl,1000,,ABC-SMC,1,lambda,104.93734335839599,0.0
abc_smc,adaptive_smc_samples.pkl,1000,,ABC-SMC,1,lambda,104.9874686716792,0.0
abc_smc,adaptive_smc_samples.pkl,1000,,ABC-SMC,1,lambda,105.0375939849624,0.0
abc_smc,adaptive_smc_samples.pkl,1000,,ABC-SMC,1,lambda,105.08771929824562,0.0
abc_smc,adaptive_smc_samples.pkl,1000,,ABC-SMC,1,lambda,105.13784461152882,0.0
abc_smc,adaptive_smc_samples.pkl,1000,,ABC-SMC,1,lambda,105.18796992481202,0.0
abc_smc,adaptive_smc_samples.pkl,1000,,ABC-SMC,1,lambda,105.23809523809524,0.0
abc_smc,adaptive_smc_samples.pkl,1000,,ABC-SMC,1,lambda,105.28822055137844,0.0
abc_smc,adaptive_smc_samples.pkl,1000,,ABC-SMC,1,lambda,105.33834586466165,0.0
abc_smc,adaptive_smc_samples.pkl,1000,,ABC-SMC,1,lambda,105.38847117794487,0.0
abc_smc,adaptive_smc_samples.pkl,1000,,ABC-SMC,1,lambda,105.43859649122807,0.0
abc_smc,adaptive_smc_samples.pkl,1000,,ABC-SMC,1,lambda,105.48872180451127,0.0
abc_smc,adaptive_smc_samples.pkl,1000,,ABC-SMC,1,lambda,105.53884711779449,0.0
abc_smc,adaptive_smc_samples.pkl,1000,,ABC-SMC,1,lambda,105.58897243107769,0.0
abc_smc,adaptive_smc_samples.pkl,1000,,ABC-SMC,1,lambda,105.6390977443609,0.0
abc_smc,adaptive_smc_samples.pkl,1000,,ABC-SMC,1,lambda,105.68922305764411,0.0
abc_smc,adaptive_smc_samples.pkl,1000,,ABC-SMC,1,lambda,105.73934837092732,0.0
abc_smc,adaptive_smc_samples.pkl,1000,,ABC-SMC,1,lambda,105.78947368421052,0.0
abc_smc,adaptive_smc_samples.pkl,1000,,ABC-SMC,1,lambda,105.83959899749374,0.0
abc_smc,adaptive_smc_samples.pkl,1000,,ABC-SMC,1,lambda,105.88972431077694,0.0
abc_smc,adaptive_smc_samples.pkl,1000,,ABC-SMC,1,lambda,105.93984962406014,0.0
abc_smc,adaptive_smc_samples.pkl,1000,,ABC-SMC,1,lambda,105.98997493734336,0.0
abc_smc,adaptive_smc_samples.pkl,1000,,ABC-SMC,1,lambda,106.04010025062657,0.0
abc_smc,adaptive_smc_samples.pkl,1000,,ABC-SMC,1,lambda,106.09022556390977,0.0
abc_smc,adaptive_smc_samples.pkl,1000,,ABC-SMC,1,lambda,106.14035087719299,0.0
abc_smc,adaptive_smc_samples.pkl,1000,,ABC-SMC,1,lambda,106.19047619047619,0.0
abc_smc,adaptive_smc_samples.pkl,1000,,ABC-SMC,1,lambda,106.2406015037594,0.0
abc_smc,adaptive_smc_samples.pkl,1000,,ABC-SMC,1,lambda,106.29072681704261,0.0
abc_smc,adaptive_smc_samples.pkl,1000,,ABC-SMC,1,lambda,106.34085213032581,0.0
abc_smc,adaptive_smc_samples.pkl,1000,,ABC-SMC,1,lambda,106.39097744360902,0.0
abc_smc,adaptive_smc_samples.pkl,1000,,ABC-SMC,1,lambda,106.44110275689223,0.0
abc_smc,adaptive_smc_samples.pkl,1000,,ABC-SMC,1,lambda,106.49122807017544,0.0
abc_smc,adaptive_smc_samples.pkl,1000,,ABC-SMC,1,lambda,106.54135338345864,0.0
abc_smc,adaptive_smc_samples.pkl,1000,,ABC-SMC,1,lambda,106.59147869674186,0.0
abc_smc,adaptive_smc_samples.pkl,1000,,ABC-SMC,1,lambda,106.64160401002506,0.0
abc_smc,adaptive_smc_samples.pkl,1000,,ABC-SMC,1,lambda,106.69172932330827,0.0
abc_smc,adaptive_smc_samples.pkl,1000,,ABC-SMC,1,lambda,106.74185463659148,0.0
abc_smc,adaptive_smc_samples.pkl,1000,,ABC-SMC,1,lambda,106.79197994987469,0.0
abc_smc,adaptive_smc_samples.pkl,1000,,ABC-SMC,1,lambda,106.84210526315789,0.0
abc_smc,adaptive_smc_samples.pkl,1000,,ABC-SMC,1,lambda,106.89223057644111,0.0
abc_smc,adaptive_smc_samples.pkl,1000,,ABC-SMC,1,lambda,106.94235588972431,0.0
abc_smc,adaptive_smc_samples.pkl,1000,,ABC-SMC,1,lambda,106.99248120300751,0.0
abc_smc,adaptive_smc_samples.pkl,1000,,ABC-SMC,1,lambda,107.04260651629073,0.0
abc_smc,adaptive_smc_samples.pkl,1000,,ABC-SMC,1,lambda,107.09273182957394,0.0
abc_smc,adaptive_smc_samples.pkl,1000,,ABC-SMC,1,lambda,107.14285714285714,0.0
abc_smc,adaptive_smc_samples.pkl,1000,,ABC-SMC,1,lambda,107.19298245614036,0.0
abc_smc,adaptive_smc_samples.pkl,1000,,ABC-SMC,1,lambda,107.24310776942356,0.0
abc_smc,adaptive_smc_samples.pkl,1000,,ABC-SMC,1,lambda,107.29323308270676,0.0
abc_smc,adaptive_smc_samples.pkl,1000,,ABC-SMC,1,lambda,107.34335839598998,0.0
abc_smc,adaptive_smc_samples.pkl,1000,,ABC-SMC,1,lambda,107.39348370927318,0.0
abc_smc,adaptive_smc_samples.pkl,1000,,ABC-SMC,1,lambda,107.44360902255639,0.0
abc_smc,adaptive_smc_samples.pkl,1000,,ABC-SMC,1,lambda,107.4937343358396,0.0
abc_smc,adaptive_smc_samples.pkl,1000,,ABC-SMC,1,lambda,107.54385964912281,0.0
abc_smc,adaptive_smc_samples.pkl,1000,,ABC-SMC,1,lambda,107.59398496240601,0.0
abc_smc,adaptive_smc_samples.pkl,1000,,ABC-SMC,1,lambda,107.64411027568923,0.0
abc_smc,adaptive_smc_samples.pkl,1000,,ABC-SMC,1,lambda,107.69423558897243,0.0
abc_smc,adaptive_smc_samples.pkl,1000,,ABC-SMC,1,lambda,107.74436090225564,0.0
abc_smc,adaptive_smc_samples.pkl,1000,,ABC-SMC,1,lambda,107.79448621553885,0.0
abc_smc,adaptive_smc_samples.pkl,1000,,ABC-SMC,1,lambda,107.84461152882206,0.0
abc_smc,adaptive_smc_samples.pkl,1000,,ABC-SMC,1,lambda,107.89473684210526,0.0
abc_smc,adaptive_smc_samples.pkl,1000,,ABC-SMC,1,lambda,107.94486215538848,0.0
abc_smc,adaptive_smc_samples.pkl,1000,,ABC-SMC,1,lambda,107.99498746867168,0.0
abc_smc,adaptive_smc_samples.pkl,1000,,ABC-SMC,1,lambda,108.04511278195488,0.0
abc_smc,adaptive_smc_samples.pkl,1000,,ABC-SMC,1,lambda,108.0952380952381,0.0
abc_smc,adaptive_smc_samples.pkl,1000,,ABC-SMC,1,lambda,108.1453634085213,0.0
abc_smc,adaptive_smc_samples.pkl,1000,,ABC-SMC,1,lambda,108.19548872180451,0.0
abc_smc,adaptive_smc_samples.pkl,1000,,ABC-SMC,1,lambda,108.24561403508773,0.0
abc_smc,adaptive_smc_samples.pkl,1000,,ABC-SMC,1,lambda,108.29573934837093,0.0
abc_smc,adaptive_smc_samples.pkl,1000,,ABC-SMC,1,lambda,108.34586466165413,0.0
abc_smc,adaptive_smc_samples.pkl,1000,,ABC-SMC,1,lambda,108.39598997493735,0.0
abc_smc,adaptive_smc_samples.pkl,1000,,ABC-SMC,1,lambda,108.44611528822055,0.0
abc_smc,adaptive_smc_samples.pkl,1000,,ABC-SMC,1,lambda,108.49624060150376,0.0
abc_smc,adaptive_smc_samples.pkl,1000,,ABC-SMC,1,lambda,108.54636591478697,0.0
abc_smc,adaptive_smc_samples.pkl,1000,,ABC-SMC,1,lambda,108.59649122807018,0.0
abc_smc,adaptive_smc_samples.pkl,1000,,ABC-SMC,1,lambda,108.64661654135338,0.0
abc_smc,adaptive_smc_samples.pkl,1000,,ABC-SMC,1,lambda,108.6967418546366,0.0
abc_smc,adaptive_smc_samples.pkl,1000,,ABC-SMC,1,lambda,108.7468671679198,0.0
abc_smc,adaptive_smc_samples.pkl,1000,,ABC-SMC,1,lambda,108.796992481203,0.0
abc_smc,adaptive_smc_samples.pkl,1000,,ABC-SMC,1,lambda,108.84711779448622,0.0
abc_smc,adaptive_smc_samples.pkl,1000,,ABC-SMC,1,lambda,108.89724310776943,0.0
abc_smc,adaptive_smc_samples.pkl,1000,,ABC-SMC,1,lambda,108.94736842105263,0.0
abc_smc,adaptive_smc_samples.pkl,1000,,ABC-SMC,1,lambda,108.99749373433583,0.0
abc_smc,adaptive_smc_samples.pkl,1000,,ABC-SMC,1,lambda,109.04761904761905,0.0
abc_smc,adaptive_smc_samples.pkl,1000,,ABC-SMC,1,lambda,109.09774436090225,0.0
abc_smc,adaptive_smc_samples.pkl,1000,,ABC-SMC,1,lambda,109.14786967418546,0.0
abc_smc,adaptive_smc_samples.pkl,1000,,ABC-SMC,1,lambda,109.19799498746868,0.0
abc_smc,adaptive_smc_samples.pkl,1000,,ABC-SMC,1,lambda,109.24812030075188,0.0
abc_smc,adaptive_smc_samples.pkl,1000,,ABC-SMC,1,lambda,109.29824561403508,0.0
abc_smc,adaptive_smc_samples.pkl,1000,,ABC-SMC,1,lambda,109.3483709273183,0.0
abc_smc,adaptive_smc_samples.pkl,1000,,ABC-SMC,1,lambda,109.3984962406015,0.0
abc_smc,adaptive_smc_samples.pkl,1000,,ABC-SMC,1,lambda,109.4486215538847,0.0
abc_smc,adaptive_smc_samples.pkl,1000,,ABC-SMC,1,lambda,109.49874686716792,0.0
abc_smc,adaptive_smc_samples.pkl,1000,,ABC-SMC,1,lambda,109.54887218045113,0.0
abc_smc,adaptive_smc_samples.pkl,1000,,ABC-SMC,1,lambda,109.59899749373433,0.0
abc_smc,adaptive_smc_samples.pkl,1000,,ABC-SMC,1,lambda,109.64912280701753,0.0
abc_smc,adaptive_smc_samples.pkl,1000,,ABC-SMC,1,lambda,109.69924812030075,0.0
abc_smc,adaptive_smc_samples.pkl,1000,,ABC-SMC,1,lambda,109.74937343358395,0.0
abc_smc,adaptive_smc_samples.pkl,1000,,ABC-SMC,1,lambda,109.79949874686716,0.0
abc_smc,adaptive_smc_samples.pkl,1000,,ABC-SMC,1,lambda,109.84962406015038,0.0
abc_smc,adaptive_smc_samples.pkl,1000,,ABC-SMC,1,lambda,109.89974937343358,0.0
abc_smc,adaptive_smc_samples.pkl,1000,,ABC-SMC,1,lambda,109.94987468671678,0.0
abc_smc,adaptive_smc_samples.pkl,1000,,ABC-SMC,1,lambda,110.0,0.0
abc_smc,adaptive_smc_samples.pkl,1000,,ABC-SMC,1,sigma,0.0,4.97723901860494e-172
abc_smc,adaptive_smc_samples.pkl,1000,,ABC-SMC,1,sigma,0.010025062656641603,1.4955137482014738e-159
abc_smc,adaptive_smc_samples.pkl,1000,,ABC-SMC,1,sigma,0.020050125313283207,1.4949707070573047e-147
abc_smc,adaptive_smc_samples.pkl,1000,,ABC-SMC,1,sigma,0.03007518796992481,4.9720674714292086e-136
abc_smc,adaptive_smc_samples.pkl,1000,,ABC-SMC,1,sigma,0.040100250626566414,5.502150649326617e-125
abc_smc,adaptive_smc_samples.pkl,1000,,ABC-SMC,1,sigma,0.05012531328320802,2.026087096130649e-114
abc_smc,adaptive_smc_samples.pkl,1000,,ABC-SMC,1,sigma,0.06015037593984962,2.4829410749710532e-104
abc_smc,adaptive_smc_samples.pkl,1000,,ABC-SMC,1,sigma,0.07017543859649122,1.012810289299285e-94
abc_smc,adaptive_smc_samples.pkl,1000,,ABC-SMC,1,sigma,0.08020050125313283,1.3754302802975614e-85
abc_smc,adaptive_smc_samples.pkl,1000,,ABC-SMC,1,sigma,0.09022556390977443,6.220519392218492e-77
abc_smc,adaptive_smc_samples.pkl,1000,,ABC-SMC,1,sigma,0.10025062656641603,9.372734019447053e-69
abc_smc,adaptive_smc_samples.pkl,1000,,ABC-SMC,1,sigma,0.11027568922305764,4.7075226712871087e-61
abc_smc,adaptive_smc_samples.pkl,1000,,ABC-SMC,1,sigma,0.12030075187969924,7.887178282018378e-54
abc_smc,adaptive_smc_samples.pkl,1000,,ABC-SMC,1,sigma,0.13032581453634084,4.412445666378679e-47
abc_smc,adaptive_smc_samples.pkl,1000,,ABC-SMC,1,sigma,0.14035087719298245,8.253418595980349e-41
abc_smc,adaptive_smc_samples.pkl,1000,,ABC-SMC,1,sigma,0.15037593984962405,5.17056741830659e-35
abc_smc,adaptive_smc_samples.pkl,1000,,ABC-SMC,1,sigma,0.16040100250626566,1.0873734592797016e-29
abc_smc,adaptive_smc_samples.pkl,1000,,ABC-SMC,1,sigma,0.17042606516290726,7.698893745624285e-25
abc_smc,adaptive_smc_samples.pkl,1000,,ABC-SMC,1,sigma,0.18045112781954886,1.842052854907629e-20
abc_smc,adaptive_smc_samples.pkl,1000,,ABC-SMC,1,sigma,0.19047619047619047,1.4963049546868271e-16
abc_smc,adaptive_smc_samples.pkl,1000,,ABC-SMC,1,sigma,0.20050125313283207,4.1505808291678777e-13
abc_smc,adaptive_smc_samples.pkl,1000,,ABC-SMC,1,sigma,0.21052631578947367,3.9613932831662206e-10
abc_smc,adaptive_smc_samples.pkl,1000,,ABC-SMC,1,sigma,0.22055137844611528,1.3150739407095025e-07
abc_smc,adaptive_smc_samples.pkl,1000,,ABC-SMC,1,sigma,0.23057644110275688,1.546487432982301e-05
abc_smc,adaptive_smc_samples.pkl,1000,,ABC-SMC,1,sigma,0.24060150375939848,0.0006673411268019031
abc_smc,adaptive_smc_samples.pkl,1000,,ABC-SMC,1,sigma,0.2506265664160401,0.011329291245195107
abc_smc,adaptive_smc_samples.pkl,1000,,ABC-SMC,1,sigma,0.2606516290726817,0.08518221026076836
abc_smc,adaptive_smc_samples.pkl,1000,,ABC-SMC,1,sigma,0.2706766917293233,0.32955929101016307
abc_smc,adaptive_smc_samples.pkl,1000,,ABC-SMC,1,sigma,0.2807017543859649,0.7805549193702936
abc_smc,adaptive_smc_samples.pkl,1000,,ABC-SMC,1,sigma,0.2907268170426065,1.4046671304649254
abc_smc,adaptive_smc_samples.pkl,1000,,ABC-SMC,1,sigma,0.3007518796992481,2.1295316075282806
abc_smc,adaptive_smc_samples.pkl,1000,,ABC-SMC,1,sigma,0.3107769423558897,2.7663092070070765
abc_smc,adaptive_smc_samples.pkl,1000,,ABC-SMC,1,sigma,0.3208020050125313,3.3160538641652546
abc_smc,adaptive_smc_samples.pkl,1000,,ABC-SMC,1,sigma,0.3308270676691729,3.9004001321950983
abc_smc,adaptive_smc_samples.pkl,1000,,ABC-SMC,1,sigma,0.3408521303258145,4.4015582721888995
abc_smc,adaptive_smc_samples.pkl,1000,,ABC-SMC,1,sigma,0.3508771929824561,4.893231730667906
abc_smc,adaptive_smc_samples.pkl,1000,,ABC-SMC,1,sigma,0.3609022556390977,5.525065672081782
abc_smc,adaptive_smc_samples.pkl,1000,,ABC-SMC,1,sigma,0.37092731829573933,5.9636994555353136
abc_smc,adaptive_smc_samples.pkl,1000,,ABC-SMC,1,sigma,0.38095238095238093,6.257438586334964
abc_smc,adaptive_smc_samples.pkl,1000,,ABC-SMC,1,sigma,0.39097744360902253,6.572443451895025
abc_smc,adaptive_smc_samples.pkl,1000,,ABC-SMC,1,sigma,0.40100250626566414,6.612660763395713
abc_smc,adaptive_smc_samples.pkl,1000,,ABC-SMC,1,sigma,0.41102756892230574,6.4211093650525415
abc_smc,adaptive_smc_samples.pkl,1000,,ABC-SMC,1,sigma,0.42105263157894735,6.147000588381774
abc_smc,adaptive_smc_samples.pkl,1000,,ABC-SMC,1,sigma,0.43107769423558895,5.710430180930767
abc_smc,adaptive_smc_samples.pkl,1000,,ABC-SMC,1,sigma,0.44110275689223055,5.276411042377978
abc_smc,adaptive_smc_samples.pkl,1000,,ABC-SMC,1,sigma,0.45112781954887216,4.822710193641167
abc_smc,adaptive_smc_samples.pkl,1000,,ABC-SMC,1,sigma,0.46115288220551376,4.1968681952566405
abc_smc,adaptive_smc_samples.pkl,1000,,ABC-SMC,1,sigma,0.47117794486215536,3.55621467923243
abc_smc,adaptive_smc_samples.pkl,1000,,ABC-SMC,1,sigma,0.48120300751879697,2.980617716201876
abc_smc,adaptive_smc_samples.pkl,1000,,ABC-SMC,1,sigma,0.49122807017543857,2.331629930132705
abc_smc,adaptive_smc_samples.pkl,1000,,ABC-SMC,1,sigma,0.5012531328320802,1.6224222543283902
abc_smc,adaptive_smc_samples.pkl,1000,,ABC-SMC,1,sigma,0.5112781954887218,1.0211079227287676
abc_smc,adaptive_smc_samples.pkl,1000,,ABC-SMC,1,sigma,0.5213032581453634,0.5110554324258855
abc_smc,adaptive_smc_samples.pkl,1000,,ABC-SMC,1,sigma,0.531328320802005,0.1682535872023945
abc_smc,adaptive_smc_samples.pkl,1000,,ABC-SMC,1,sigma,0.5413533834586466,0.03096216597600864
abc_smc,adaptive_smc_samples.pkl,1000,,ABC-SMC,1,sigma,0.5513784461152882,0.002734662200948073
abc_smc,adaptive_smc_samples.pkl,1000,,ABC-SMC,1,sigma,0.5614035087719298,0.00010207191840724506
abc_smc,adaptive_smc_samples.pkl,1000,,ABC-SMC,1,sigma,0.5714285714285714,1.4688806704311465e-06
abc_smc,adaptive_smc_samples.pkl,1000,,ABC-SMC,1,sigma,0.581453634085213,7.677555503700679e-09
abc_smc,adaptive_smc_samples.pkl,1000,,ABC-SMC,1,sigma,0.5914786967418546,1.4059038440503482e-11
abc_smc,adaptive_smc_samples.pkl,1000,,ABC-SMC,1,sigma,0.6015037593984962,8.833181666585998e-15
abc_smc,adaptive_smc_samples.pkl,1000,,ABC-SMC,1,sigma,0.6115288220551378,1.8815811156019655e-18
abc_smc,adaptive_smc_samples.pkl,1000,,ABC-SMC,1,sigma,0.6215538847117794,1.3495292957030595e-22
abc_smc,adaptive_smc_samples.pkl,1000,,ABC-SMC,1,sigma,0.631578947368421,3.245885510399612e-27
abc_smc,adaptive_smc_samples.pkl,1000,,ABC-SMC,1,sigma,0.6416040100250626,2.611610314214615e-32
abc_smc,adaptive_smc_samples.pkl,1000,,ABC-SMC,1,sigma,0.6516290726817042,7.018455561677984e-38
abc_smc,adaptive_smc_samples.pkl,1000,,ABC-SMC,1,sigma,0.6616541353383458,6.293663068732102e-44
abc_smc,adaptive_smc_samples.pkl,1000,,ABC-SMC,1,sigma,0.6716791979949874,1.8819531299314442e-50
abc_smc,adaptive_smc_samples.pkl,1000,,ABC-SMC,1,sigma,0.681704260651629,1.8756929797083034e-57
abc_smc,adaptive_smc_samples.pkl,1000,,ABC-SMC,1,sigma,0.6917293233082706,6.229079498082338e-65
abc_smc,adaptive_smc_samples.pkl,1000,,ABC-SMC,1,sigma,0.7017543859649122,6.891189503996207e-73
abc_smc,adaptive_smc_samples.pkl,1000,,ABC-SMC,1,sigma,0.7117794486215538,2.5391995919876997e-81
abc_smc,adaptive_smc_samples.pkl,1000,,ABC-SMC,1,sigma,0.7218045112781954,3.1158253097938553e-90
abc_smc,adaptive_smc_samples.pkl,1000,,ABC-SMC,1,sigma,0.731829573934837,1.2731401781583007e-99
abc_smc,adaptive_smc_samples.pkl,1000,,ABC-SMC,1,sigma,0.7418546365914787,1.7320800103877803e-109
abc_smc,adaptive_smc_samples.pkl,1000,,ABC-SMC,1,sigma,0.7518796992481203,7.845419286161821e-120
abc_smc,adaptive_smc_samples.pkl,1000,,ABC-SMC,1,sigma,0.7619047619047619,1.1830231809381258e-130
abc_smc,adaptive_smc_samples.pkl,1000,,ABC-SMC,1,sigma,0.7719298245614035,5.938476410905663e-142
abc_smc,adaptive_smc_samples.pkl,1000,,ABC-SMC,1,sigma,0.7819548872180451,9.92292944609604e-154
abc_smc,adaptive_smc_samples.pkl,1000,,ABC-SMC,1,sigma,0.7919799498746867,5.51910046774278e-166
abc_smc,adaptive_smc_samples.pkl,1000,,ABC-SMC,1,sigma,0.8020050125313283,1.0217444939483694e-178
abc_smc,adaptive_smc_samples.pkl,1000,,ABC-SMC,1,sigma,0.8120300751879699,6.295719250333032e-192
abc_smc,adaptive_smc_samples.pkl,1000,,ABC-SMC,1,sigma,0.8220551378446115,1.2911063352129097e-205
abc_smc,adaptive_smc_samples.pkl,1000,,ABC-SMC,1,sigma,0.8320802005012531,8.812068042756912e-220
abc_smc,adaptive_smc_samples.pkl,1000,,ABC-SMC,1,sigma,0.8421052631578947,2.0016091331896642e-234
abc_smc,adaptive_smc_samples.pkl,1000,,ABC-SMC,1,sigma,0.8521303258145363,1.5130508639215112e-249
abc_smc,adaptive_smc_samples.pkl,1000,,ABC-SMC,1,sigma,0.8621553884711779,3.8061731827519086e-265
abc_smc,adaptive_smc_samples.pkl,1000,,ABC-SMC,1,sigma,0.8721804511278195,3.186199296396533e-281
abc_smc,adaptive_smc_samples.pkl,1000,,ABC-SMC,1,sigma,0.8822055137844611,8.87556369996623e-298
abc_smc,adaptive_smc_samples.pkl,1000,,ABC-SMC,1,sigma,0.8922305764411027,8.22711185e-315
abc_smc,adaptive_smc_samples.pkl,1000,,ABC-SMC,1,sigma,0.9022556390977443,0.0
abc_smc,adaptive_smc_samples.pkl,1000,,ABC-SMC,1,sigma,0.9122807017543859,0.0
abc_smc,adaptive_smc_samples.pkl,1000,,ABC-SMC,1,sigma,0.9223057644110275,0.0
abc_smc,adaptive_smc_samples.pkl,1000,,ABC-SMC,1,sigma,0.9323308270676691,0.0
abc_smc,adaptive_smc_samples.pkl,1000,,ABC-SMC,1,sigma,0.9423558897243107,0.0
abc_smc,adaptive_smc_samples.pkl,1000,,ABC-SMC,1,sigma,0.9523809523809523,0.0
abc_smc,adaptive_smc_samples.pkl,1000,,ABC-SMC,1,sigma,0.9624060150375939,0.0
abc_smc,adaptive_smc_samples.pkl,1000,,ABC-SMC,1,sigma,0.9724310776942355,0.0
abc_smc,adaptive_smc_samples.pkl,1000,,ABC-SMC,1,sigma,0.9824561403508771,0.0
abc_smc,adaptive_smc_samples.pkl,1000,,ABC-SMC,1,sigma,0.9924812030075187,0.0
abc_smc,adaptive_smc_samples.pkl,1000,,ABC-SMC,1,sigma,1.0025062656641603,0.0
abc_smc,adaptive_smc_samples.pkl,1000,,ABC-SMC,1,sigma,1.012531328320802,0.0
abc_smc,adaptive_smc_samples.pkl,1000,,ABC-SMC,1,sigma,1.0225563909774436,0.0
abc_smc,adaptive_smc_samples.pkl,1000,,ABC-SMC,1,sigma,1.0325814536340852,0.0
abc_smc,adaptive_smc_samples.pkl,1000,,ABC-SMC,1,sigma,1.0426065162907268,0.0
abc_smc,adaptive_smc_samples.pkl,1000,,ABC-SMC,1,sigma,1.0526315789473684,0.0
abc_smc,adaptive_smc_samples.pkl,1000,,ABC-SMC,1,sigma,1.06265664160401,0.0
abc_smc,adaptive_smc_samples.pkl,1000,,ABC-SMC,1,sigma,1.0726817042606516,0.0
abc_smc,adaptive_smc_samples.pkl,1000,,ABC-SMC,1,sigma,1.0827067669172932,0.0
abc_smc,adaptive_smc_samples.pkl,1000,,ABC-SMC,1,sigma,1.0927318295739348,0.0
abc_smc,adaptive_smc_samples.pkl,1000,,ABC-SMC,1,sigma,1.1027568922305764,0.0
abc_smc,adaptive_smc_samples.pkl,1000,,ABC-SMC,1,sigma,1.112781954887218,0.0
abc_smc,adaptive_smc_samples.pkl,1000,,ABC-SMC,1,sigma,1.1228070175438596,0.0
abc_smc,adaptive_smc_samples.pkl,1000,,ABC-SMC,1,sigma,1.1328320802005012,0.0
abc_smc,adaptive_smc_samples.pkl,1000,,ABC-SMC,1,sigma,1.1428571428571428,0.0
abc_smc,adaptive_smc_samples.pkl,1000,,ABC-SMC,1,sigma,1.1528822055137844,0.0
abc_smc,adaptive_smc_samples.pkl,1000,,ABC-SMC,1,sigma,1.162907268170426,0.0
abc_smc,adaptive_smc_samples.pkl,1000,,ABC-SMC,1,sigma,1.1729323308270676,0.0
abc_smc,adaptive_smc_samples.pkl,1000,,ABC-SMC,1,sigma,1.1829573934837092,0.0
abc_smc,adaptive_smc_samples.pkl,1000,,ABC-SMC,1,sigma,1.1929824561403508,0.0
abc_smc,adaptive_smc_samples.pkl,1000,,ABC-SMC,1,sigma,1.2030075187969924,0.0
abc_smc,adaptive_smc_samples.pkl,1000,,ABC-SMC,1,sigma,1.213032581453634,0.0
abc_smc,adaptive_smc_samples.pkl,1000,,ABC-SMC,1,sigma,1.2230576441102756,0.0
abc_smc,adaptive_smc_samples.pkl,1000,,ABC-SMC,1,sigma,1.2330827067669172,0.0
abc_smc,adaptive_smc_samples.pkl,1000,,ABC-SMC,1,sigma,1.2431077694235588,0.0
abc_smc,adaptive_smc_samples.pkl,1000,,ABC-SMC,1,sigma,1.2531328320802004,0.0
abc_smc,adaptive_smc_samples.pkl,1000,,ABC-SMC,1,sigma,1.263157894736842,0.0
abc_smc,adaptive_smc_samples.pkl,1000,,ABC-SMC,1,sigma,1.2731829573934836,0.0
abc_smc,adaptive_smc_samples.pkl,1000,,ABC-SMC,1,sigma,1.2832080200501252,0.0
abc_smc,adaptive_smc_samples.pkl,1000,,ABC-SMC,1,sigma,1.2932330827067668,0.0
abc_smc,adaptive_smc_samples.pkl,1000,,ABC-SMC,1,sigma,1.3032581453634084,0.0
abc_smc,adaptive_smc_samples.pkl,1000,,ABC-SMC,1,sigma,1.31328320802005,0.0
abc_smc,adaptive_smc_samples.pkl,1000,,ABC-SMC,1,sigma,1.3233082706766917,0.0
abc_smc,adaptive_smc_samples.pkl,1000,,ABC-SMC,1,sigma,1.3333333333333333,0.0
abc_smc,adaptive_smc_samples.pkl,1000,,ABC-SMC,1,sigma,1.3433583959899749,0.0
abc_smc,adaptive_smc_samples.pkl,1000,,ABC-SMC,1,sigma,1.3533834586466165,0.0
abc_smc,adaptive_smc_samples.pkl,1000,,ABC-SMC,1,sigma,1.363408521303258,0.0
abc_smc,adaptive_smc_samples.pkl,1000,,ABC-SMC,1,sigma,1.3734335839598997,0.0
abc_smc,adaptive_smc_samples.pkl,1000,,ABC-SMC,1,sigma,1.3834586466165413,0.0
abc_smc,adaptive_smc_samples.pkl,1000,,ABC-SMC,1,sigma,1.3934837092731829,0.0
abc_smc,adaptive_smc_samples.pkl,1000,,ABC-SMC,1,sigma,1.4035087719298245,0.0
abc_smc,adaptive_smc_samples.pkl,1000,,ABC-SMC,1,sigma,1.413533834586466,0.0
abc_smc,adaptive_smc_samples.pkl,1000,,ABC-SMC,1,sigma,1.4235588972431077,0.0
abc_smc,adaptive_smc_samples.pkl,1000,,ABC-SMC,1,sigma,1.4335839598997493,0.0
abc_smc,adaptive_smc_samples.pkl,1000,,ABC-SMC,1,sigma,1.443609022556391,0.0
abc_smc,adaptive_smc_samples.pkl,1000,,ABC-SMC,1,sigma,1.4536340852130325,0.0
abc_smc,adaptive_smc_samples.pkl,1000,,ABC-SMC,1,sigma,1.463659147869674,0.0
abc_smc,adaptive_smc_samples.pkl,1000,,ABC-SMC,1,sigma,1.4736842105263157,0.0
abc_smc,adaptive_smc_samples.pkl,1000,,ABC-SMC,1,sigma,1.4837092731829573,0.0
abc_smc,adaptive_smc_samples.pkl,1000,,ABC-SMC,1,sigma,1.493734335839599,0.0
abc_smc,adaptive_smc_samples.pkl,1000,,ABC-SMC,1,sigma,1.5037593984962405,0.0
abc_smc,adaptive_smc_samples.pkl,1000,,ABC-SMC,1,sigma,1.5137844611528821,0.0
abc_smc,adaptive_smc_samples.pkl,1000,,ABC-SMC,1,sigma,1.5238095238095237,0.0
abc_smc,adaptive_smc_samples.pkl,1000,,ABC-SMC,1,sigma,1.5338345864661653,0.0
abc_smc,adaptive_smc_samples.pkl,1000,,ABC-SMC,1,sigma,1.543859649122807,0.0
abc_smc,adaptive_smc_samples.pkl,1000,,ABC-SMC,1,sigma,1.5538847117794485,0.0
abc_smc,adaptive_smc_samples.pkl,1000,,ABC-SMC,1,sigma,1.5639097744360901,0.0
abc_smc,adaptive_smc_samples.pkl,1000,,ABC-SMC,1,sigma,1.5739348370927317,0.0
abc_smc,adaptive_smc_samples.pkl,1000,,ABC-SMC,1,sigma,1.5839598997493733,0.0
abc_smc,adaptive_smc_samples.pkl,1000,,ABC-SMC,1,sigma,1.593984962406015,0.0
abc_smc,adaptive_smc_samples.pkl,1000,,ABC-SMC,1,sigma,1.6040100250626566,0.0
abc_smc,adaptive_smc_samples.pkl,1000,,ABC-SMC,1,sigma,1.6140350877192982,0.0
abc_smc,adaptive_smc_samples.pkl,1000,,ABC-SMC,1,sigma,1.6240601503759398,0.0
abc_smc,adaptive_smc_samples.pkl,1000,,ABC-SMC,1,sigma,1.6340852130325814,0.0
abc_smc,adaptive_smc_samples.pkl,1000,,ABC-SMC,1,sigma,1.644110275689223,0.0
abc_smc,adaptive_smc_samples.pkl,1000,,ABC-SMC,1,sigma,1.6541353383458646,0.0
abc_smc,adaptive_smc_samples.pkl,1000,,ABC-SMC,1,sigma,1.6641604010025062,0.0
abc_smc,adaptive_smc_samples.pkl,1000,,ABC-SMC,1,sigma,1.6741854636591478,0.0
abc_smc,adaptive_smc_samples.pkl,1000,,ABC-SMC,1,sigma,1.6842105263157894,0.0
abc_smc,adaptive_smc_samples.pkl,1000,,ABC-SMC,1,sigma,1.694235588972431,0.0
abc_smc,adaptive_smc_samples.pkl,1000,,ABC-SMC,1,sigma,1.7042606516290726,0.0
abc_smc,adaptive_smc_samples.pkl,1000,,ABC-SMC,1,sigma,1.7142857142857142,0.0
abc_smc,adaptive_smc_samples.pkl,1000,,ABC-SMC,1,sigma,1.7243107769423558,0.0
abc_smc,adaptive_smc_samples.pkl,1000,,ABC-SMC,1,sigma,1.7343358395989974,0.0
abc_smc,adaptive_smc_samples.pkl,1000,,ABC-SMC,1,sigma,1.744360902255639,0.0
abc_smc,adaptive_smc_samples.pkl,1000,,ABC-SMC,1,sigma,1.7543859649122806,0.0
abc_smc,adaptive_smc_samples.pkl,1000,,ABC-SMC,1,sigma,1.7644110275689222,0.0
abc_smc,adaptive_smc_samples.pkl,1000,,ABC-SMC,1,sigma,1.7744360902255638,0.0
abc_smc,adaptive_smc_samples.pkl,1000,,ABC-SMC,1,sigma,1.7844611528822054,0.0
abc_smc,adaptive_smc_samples.pkl,1000,,ABC-SMC,1,sigma,1.794486215538847,0.0
abc_smc,adaptive_smc_samples.pkl,1000,,ABC-SMC,1,sigma,1.8045112781954886,0.0
abc_smc,adaptive_smc_samples.pkl,1000,,ABC-SMC,1,sigma,1.8145363408521302,0.0
abc_smc,adaptive_smc_samples.pkl,1000,,ABC-SMC,1,sigma,1.8245614035087718,0.0
abc_smc,adaptive_smc_samples.pkl,1000,,ABC-SMC,1,sigma,1.8345864661654134,0.0
abc_smc,adaptive_smc_samples.pkl,1000,,ABC-SMC,1,sigma,1.844611528822055,0.0
abc_smc,adaptive_smc_samples.pkl,1000,,ABC-SMC,1,sigma,1.8546365914786966,0.0
abc_smc,adaptive_smc_samples.pkl,1000,,ABC-SMC,1,sigma,1.8646616541353382,0.0
abc_smc,adaptive_smc_samples.pkl,1000,,ABC-SMC,1,sigma,1.8746867167919798,0.0
abc_smc,adaptive_smc_samples.pkl,1000,,ABC-SMC,1,sigma,1.8847117794486214,0.0
abc_smc,adaptive_smc_samples.pkl,1000,,ABC-SMC,1,sigma,1.894736842105263,0.0
abc_smc,adaptive_smc_samples.pkl,1000,,ABC-SMC,1,sigma,1.9047619047619047,0.0
abc_smc,adaptive_smc_samples.pkl,1000,,ABC-SMC,1,sigma,1.9147869674185463,0.0
abc_smc,adaptive_smc_samples.pkl,1000,,ABC-SMC,1,sigma,1.9248120300751879,0.0
abc_smc,adaptive_smc_samples.pkl,1000,,ABC-SMC,1,sigma,1.9348370927318295,0.0
abc_smc,adaptive_smc_samples.pkl,1000,,ABC-SMC,1,sigma,1.944862155388471,0.0
abc_smc,adaptive_smc_samples.pkl,1000,,ABC-SMC,1,sigma,1.9548872180451127,0.0
abc_smc,adaptive_smc_samples.pkl,1000,,ABC-SMC,1,sigma,1.9649122807017543,0.0
abc_smc,adaptive_smc_samples.pkl,1000,,ABC-SMC,1,sigma,1.9749373433583959,0.0
abc_smc,adaptive_smc_samples.pkl,1000,,ABC-SMC,1,sigma,1.9849624060150375,0.0
abc_smc,adaptive_smc_samples.pkl,1000,,ABC-SMC,1,sigma,1.994987468671679,0.0
abc_smc,adaptive_smc_samples.pkl,1000,,ABC-SMC,1,sigma,2.0050125313283207,0.0
abc_smc,adaptive_smc_samples.pkl,1000,,ABC-SMC,1,sigma,2.015037593984962,0.0
abc_smc,adaptive_smc_samples.pkl,1000,,ABC-SMC,1,sigma,2.025062656641604,0.0
abc_smc,adaptive_smc_samples.pkl,1000,,ABC-SMC,1,sigma,2.0350877192982457,0.0
abc_smc,adaptive_smc_samples.pkl,1000,,ABC-SMC,1,sigma,2.045112781954887,0.0
abc_smc,adaptive_smc_samples.pkl,1000,,ABC-SMC,1,sigma,2.0551378446115285,0.0
abc_smc,adaptive_smc_samples.pkl,1000,,ABC-SMC,1,sigma,2.0651629072681703,0.0
abc_smc,adaptive_smc_samples.pkl,1000,,ABC-SMC,1,sigma,2.075187969924812,0.0
abc_smc,adaptive_smc_samples.pkl,1000,,ABC-SMC,1,sigma,2.0852130325814535,0.0
abc_smc,adaptive_smc_samples.pkl,1000,,ABC-SMC,1,sigma,2.095238095238095,0.0
abc_smc,adaptive_smc_samples.pkl,1000,,ABC-SMC,1,sigma,2.1052631578947367,0.0
abc_smc,adaptive_smc_samples.pkl,1000,,ABC-SMC,1,sigma,2.1152882205513786,0.0
abc_smc,adaptive_smc_samples.pkl,1000,,ABC-SMC,1,sigma,2.12531328320802,0.0
abc_smc,adaptive_smc_samples.pkl,1000,,ABC-SMC,1,sigma,2.1353383458646613,0.0
abc_smc,adaptive_smc_samples.pkl,1000,,ABC-SMC,1,sigma,2.145363408521303,0.0
abc_smc,adaptive_smc_samples.pkl,1000,,ABC-SMC,1,sigma,2.155388471177945,0.0
abc_smc,adaptive_smc_samples.pkl,1000,,ABC-SMC,1,sigma,2.1654135338345863,0.0
abc_smc,adaptive_smc_samples.pkl,1000,,ABC-SMC,1,sigma,2.1754385964912277,0.0
abc_smc,adaptive_smc_samples.pkl,1000,,ABC-SMC,1,sigma,2.1854636591478696,0.0
abc_smc,adaptive_smc_samples.pkl,1000,,ABC-SMC,1,sigma,2.1954887218045114,0.0
abc_smc,adaptive_smc_samples.pkl,1000,,ABC-SMC,1,sigma,2.2055137844611528,0.0
abc_smc,adaptive_smc_samples.pkl,1000,,ABC-SMC,1,sigma,2.215538847117794,0.0
abc_smc,adaptive_smc_samples.pkl,1000,,ABC-SMC,1,sigma,2.225563909774436,0.0
abc_smc,adaptive_smc_samples.pkl,1000,,ABC-SMC,1,sigma,2.235588972431078,0.0
abc_smc,adaptive_smc_samples.pkl,1000,,ABC-SMC,1,sigma,2.245614035087719,0.0
abc_smc,adaptive_smc_samples.pkl,1000,,ABC-SMC,1,sigma,2.2556390977443606,0.0
abc_smc,adaptive_smc_samples.pkl,1000,,ABC-SMC,1,sigma,2.2656641604010024,0.0
abc_smc,adaptive_smc_samples.pkl,1000,,ABC-SMC,1,sigma,2.275689223057644,0.0
abc_smc,adaptive_smc_samples.pkl,1000,,ABC-SMC,1,sigma,2.2857142857142856,0.0
abc_smc,adaptive_smc_samples.pkl,1000,,ABC-SMC,1,sigma,2.295739348370927,0.0
abc_smc,adaptive_smc_samples.pkl,1000,,ABC-SMC,1,sigma,2.305764411027569,0.0
abc_smc,adaptive_smc_samples.pkl,1000,,ABC-SMC,1,sigma,2.3157894736842106,0.0
abc_smc,adaptive_smc_samples.pkl,1000,,ABC-SMC,1,sigma,2.325814536340852,0.0
abc_smc,adaptive_smc_samples.pkl,1000,,ABC-SMC,1,sigma,2.3358395989974934,0.0
abc_smc,adaptive_smc_samples.pkl,1000,,ABC-SMC,1,sigma,2.345864661654135,0.0
abc_smc,adaptive_smc_samples.pkl,1000,,ABC-SMC,1,sigma,2.355889724310777,0.0
abc_smc,adaptive_smc_samples.pkl,1000,,ABC-SMC,1,sigma,2.3659147869674184,0.0
abc_smc,adaptive_smc_samples.pkl,1000,,ABC-SMC,1,sigma,2.37593984962406,0.0
abc_smc,adaptive_smc_samples.pkl,1000,,ABC-SMC,1,sigma,2.3859649122807016,0.0
abc_smc,adaptive_smc_samples.pkl,1000,,ABC-SMC,1,sigma,2.3959899749373434,0.0
abc_smc,adaptive_smc_samples.pkl,1000,,ABC-SMC,1,sigma,2.406015037593985,0.0
abc_smc,adaptive_smc_samples.pkl,1000,,ABC-SMC,1,sigma,2.416040100250626,0.0
abc_smc,adaptive_smc_samples.pkl,1000,,ABC-SMC,1,sigma,2.426065162907268,0.0
abc_smc,adaptive_smc_samples.pkl,1000,,ABC-SMC,1,sigma,2.43609022556391,0.0
abc_smc,adaptive_smc_samples.pkl,1000,,ABC-SMC,1,sigma,2.4461152882205512,0.0
abc_smc,adaptive_smc_samples.pkl,1000,,ABC-SMC,1,sigma,2.4561403508771926,0.0
abc_smc,adaptive_smc_samples.pkl,1000,,ABC-SMC,1,sigma,2.4661654135338344,0.0
abc_smc,adaptive_smc_samples.pkl,1000,,ABC-SMC,1,sigma,2.4761904761904763,0.0
abc_smc,adaptive_smc_samples.pkl,1000,,ABC-SMC,1,sigma,2.4862155388471177,0.0
abc_smc,adaptive_smc_samples.pkl,1000,,ABC-SMC,1,sigma,2.496240601503759,0.0
abc_smc,adaptive_smc_samples.pkl,1000,,ABC-SMC,1,sigma,2.506265664160401,0.0
abc_smc,adaptive_smc_samples.pkl,1000,,ABC-SMC,1,sigma,2.5162907268170427,0.0
abc_smc,adaptive_smc_samples.pkl,1000,,ABC-SMC,1,sigma,2.526315789473684,0.0
abc_smc,adaptive_smc_samples.pkl,1000,,ABC-SMC,1,sigma,2.5363408521303255,0.0
abc_smc,adaptive_smc_samples.pkl,1000,,ABC-SMC,1,sigma,2.5463659147869673,0.0
abc_smc,adaptive_smc_samples.pkl,1000,,ABC-SMC,1,sigma,2.556390977443609,0.0
abc_smc,adaptive_smc_samples.pkl,1000,,ABC-SMC,1,sigma,2.5664160401002505,0.0
abc_smc,adaptive_smc_samples.pkl,1000,,ABC-SMC,1,sigma,2.576441102756892,0.0
abc_smc,adaptive_smc_samples.pkl,1000,,ABC-SMC,1,sigma,2.5864661654135337,0.0
abc_smc,adaptive_smc_samples.pkl,1000,,ABC-SMC,1,sigma,2.5964912280701755,0.0
abc_smc,adaptive_smc_samples.pkl,1000,,ABC-SMC,1,sigma,2.606516290726817,0.0
abc_smc,adaptive_smc_samples.pkl,1000,,ABC-SMC,1,sigma,2.6165413533834583,0.0
abc_smc,adaptive_smc_samples.pkl,1000,,ABC-SMC,1,sigma,2.6265664160401,0.0
abc_smc,adaptive_smc_samples.pkl,1000,,ABC-SMC,1,sigma,2.636591478696742,0.0
abc_smc,adaptive_smc_samples.pkl,1000,,ABC-SMC,1,sigma,2.6466165413533833,0.0
abc_smc,adaptive_smc_samples.pkl,1000,,ABC-SMC,1,sigma,2.6566416040100247,0.0
abc_smc,adaptive_smc_samples.pkl,1000,,ABC-SMC,1,sigma,2.6666666666666665,0.0
abc_smc,adaptive_smc_samples.pkl,1000,,ABC-SMC,1,sigma,2.6766917293233083,0.0
abc_smc,adaptive_smc_samples.pkl,1000,,ABC-SMC,1,sigma,2.6867167919799497,0.0
abc_smc,adaptive_smc_samples.pkl,1000,,ABC-SMC,1,sigma,2.696741854636591,0.0
abc_smc,adaptive_smc_samples.pkl,1000,,ABC-SMC,1,sigma,2.706766917293233,0.0
abc_smc,adaptive_smc_samples.pkl,1000,,ABC-SMC,1,sigma,2.7167919799498748,0.0
abc_smc,adaptive_smc_samples.pkl,1000,,ABC-SMC,1,sigma,2.726817042606516,0.0
abc_smc,adaptive_smc_samples.pkl,1000,,ABC-SMC,1,sigma,2.7368421052631575,0.0
abc_smc,adaptive_smc_samples.pkl,1000,,ABC-SMC,1,sigma,2.7468671679197993,0.0
abc_smc,adaptive_smc_samples.pkl,1000,,ABC-SMC,1,sigma,2.756892230576441,0.0
abc_smc,adaptive_smc_samples.pkl,1000,,ABC-SMC,1,sigma,2.7669172932330826,0.0
abc_smc,adaptive_smc_samples.pkl,1000,,ABC-SMC,1,sigma,2.776942355889724,0.0
abc_smc,adaptive_smc_samples.pkl,1000,,ABC-SMC,1,sigma,2.7869674185463658,0.0
abc_smc,adaptive_smc_samples.pkl,1000,,ABC-SMC,1,sigma,2.7969924812030076,0.0
abc_smc,adaptive_smc_samples.pkl,1000,,ABC-SMC,1,sigma,2.807017543859649,0.0
abc_smc,adaptive_smc_samples.pkl,1000,,ABC-SMC,1,sigma,2.8170426065162903,0.0
abc_smc,adaptive_smc_samples.pkl,1000,,ABC-SMC,1,sigma,2.827067669172932,0.0
abc_smc,adaptive_smc_samples.pkl,1000,,ABC-SMC,1,sigma,2.837092731829574,0.0
abc_smc,adaptive_smc_samples.pkl,1000,,ABC-SMC,1,sigma,2.8471177944862154,0.0
abc_smc,adaptive_smc_samples.pkl,1000,,ABC-SMC,1,sigma,2.8571428571428568,0.0
abc_smc,adaptive_smc_samples.pkl,1000,,ABC-SMC,1,sigma,2.8671679197994986,0.0
abc_smc,adaptive_smc_samples.pkl,1000,,ABC-SMC,1,sigma,2.8771929824561404,0.0
abc_smc,adaptive_smc_samples.pkl,1000,,ABC-SMC,1,sigma,2.887218045112782,0.0
abc_smc,adaptive_smc_samples.pkl,1000,,ABC-SMC,1,sigma,2.897243107769423,0.0
abc_smc,adaptive_smc_samples.pkl,1000,,ABC-SMC,1,sigma,2.907268170426065,0.0
abc_smc,adaptive_smc_samples.pkl,1000,,ABC-SMC,1,sigma,2.917293233082707,0.0
abc_smc,adaptive_smc_samples.pkl,1000,,ABC-SMC,1,sigma,2.927318295739348,0.0
abc_smc,adaptive_smc_samples.pkl,1000,,ABC-SMC,1,sigma,2.9373433583959896,0.0
abc_smc,adaptive_smc_samples.pkl,1000,,ABC-SMC,1,sigma,2.9473684210526314,0.0
abc_smc,adaptive_smc_samples.pkl,1000,,ABC-SMC,1,sigma,2.9573934837092732,0.0
abc_smc,adaptive_smc_samples.pkl,1000,,ABC-SMC,1,sigma,2.9674185463659146,0.0
abc_smc,adaptive_smc_samples.pkl,1000,,ABC-SMC,1,sigma,2.977443609022556,0.0
abc_smc,adaptive_smc_samples.pkl,1000,,ABC-SMC,1,sigma,2.987468671679198,0.0
abc_smc,adaptive_smc_samples.pkl,1000,,ABC-SMC,1,sigma,2.9974937343358397,0.0
abc_smc,adaptive_smc_samples.pkl,1000,,ABC-SMC,1,sigma,3.007518796992481,0.0
abc_smc,adaptive_smc_samples.pkl,1000,,ABC-SMC,1,sigma,3.0175438596491224,0.0
abc_smc,adaptive_smc_samples.pkl,1000,,ABC-SMC,1,sigma,3.0275689223057642,0.0
abc_smc,adaptive_smc_samples.pkl,1000,,ABC-SMC,1,sigma,3.037593984962406,0.0
abc_smc,adaptive_smc_samples.pkl,1000,,ABC-SMC,1,sigma,3.0476190476190474,0.0
abc_smc,adaptive_smc_samples.pkl,1000,,ABC-SMC,1,sigma,3.057644110275689,0.0
abc_smc,adaptive_smc_samples.pkl,1000,,ABC-SMC,1,sigma,3.0676691729323307,0.0
abc_smc,adaptive_smc_samples.pkl,1000,,ABC-SMC,1,sigma,3.0776942355889725,0.0
abc_smc,adaptive_smc_samples.pkl,1000,,ABC-SMC,1,sigma,3.087719298245614,0.0
abc_smc,adaptive_smc_samples.pkl,1000,,ABC-SMC,1,sigma,3.0977443609022552,0.0
abc_smc,adaptive_smc_samples.pkl,1000,,ABC-SMC,1,sigma,3.107769423558897,0.0
abc_smc,adaptive_smc_samples.pkl,1000,,ABC-SMC,1,sigma,3.117794486215539,0.0
abc_smc,adaptive_smc_samples.pkl,1000,,ABC-SMC,1,sigma,3.1278195488721803,0.0
abc_smc,adaptive_smc_samples.pkl,1000,,ABC-SMC,1,sigma,3.1378446115288217,0.0
abc_smc,adaptive_smc_samples.pkl,1000,,ABC-SMC,1,sigma,3.1478696741854635,0.0
abc_smc,adaptive_smc_samples.pkl,1000,,ABC-SMC,1,sigma,3.1578947368421053,0.0
abc_smc,adaptive_smc_samples.pkl,1000,,ABC-SMC,1,sigma,3.1679197994987467,0.0
abc_smc,adaptive_smc_samples.pkl,1000,,ABC-SMC,1,sigma,3.177944862155388,0.0
abc_smc,adaptive_smc_samples.pkl,1000,,ABC-SMC,1,sigma,3.18796992481203,0.0
abc_smc,adaptive_smc_samples.pkl,1000,,ABC-SMC,1,sigma,3.1979949874686717,0.0
abc_smc,adaptive_smc_samples.pkl,1000,,ABC-SMC,1,sigma,3.208020050125313,0.0
abc_smc,adaptive_smc_samples.pkl,1000,,ABC-SMC,1,sigma,3.2180451127819545,0.0
abc_smc,adaptive_smc_samples.pkl,1000,,ABC-SMC,1,sigma,3.2280701754385963,0.0
abc_smc,adaptive_smc_samples.pkl,1000,,ABC-SMC,1,sigma,3.238095238095238,0.0
abc_smc,adaptive_smc_samples.pkl,1000,,ABC-SMC,1,sigma,3.2481203007518795,0.0
abc_smc,adaptive_smc_samples.pkl,1000,,ABC-SMC,1,sigma,3.258145363408521,0.0
abc_smc,adaptive_smc_samples.pkl,1000,,ABC-SMC,1,sigma,3.2681704260651627,0.0
abc_smc,adaptive_smc_samples.pkl,1000,,ABC-SMC,1,sigma,3.2781954887218046,0.0
abc_smc,adaptive_smc_samples.pkl,1000,,ABC-SMC,1,sigma,3.288220551378446,0.0
abc_smc,adaptive_smc_samples.pkl,1000,,ABC-SMC,1,sigma,3.2982456140350873,0.0
abc_smc,adaptive_smc_samples.pkl,1000,,ABC-SMC,1,sigma,3.308270676691729,0.0
abc_smc,adaptive_smc_samples.pkl,1000,,ABC-SMC,1,sigma,3.318295739348371,0.0
abc_smc,adaptive_smc_samples.pkl,1000,,ABC-SMC,1,sigma,3.3283208020050123,0.0
abc_smc,adaptive_smc_samples.pkl,1000,,ABC-SMC,1,sigma,3.3383458646616537,0.0
abc_smc,adaptive_smc_samples.pkl,1000,,ABC-SMC,1,sigma,3.3483709273182956,0.0
abc_smc,adaptive_smc_samples.pkl,1000,,ABC-SMC,1,sigma,3.3583959899749374,0.0
abc_smc,adaptive_smc_samples.pkl,1000,,ABC-SMC,1,sigma,3.3684210526315788,0.0
abc_smc,adaptive_smc_samples.pkl,1000,,ABC-SMC,1,sigma,3.37844611528822,0.0
abc_smc,adaptive_smc_samples.pkl,1000,,ABC-SMC,1,sigma,3.388471177944862,0.0
abc_smc,adaptive_smc_samples.pkl,1000,,ABC-SMC,1,sigma,3.398496240601504,0.0
abc_smc,adaptive_smc_samples.pkl,1000,,ABC-SMC,1,sigma,3.408521303258145,0.0
abc_smc,adaptive_smc_samples.pkl,1000,,ABC-SMC,1,sigma,3.4185463659147866,0.0
abc_smc,adaptive_smc_samples.pkl,1000,,ABC-SMC,1,sigma,3.4285714285714284,0.0
abc_smc,adaptive_smc_samples.pkl,1000,,ABC-SMC,1,sigma,3.43859649122807,0.0
abc_smc,adaptive_smc_samples.pkl,1000,,ABC-SMC,1,sigma,3.4486215538847116,0.0
abc_smc,adaptive_smc_samples.pkl,1000,,ABC-SMC,1,sigma,3.458646616541353,0.0
abc_smc,adaptive_smc_samples.pkl,1000,,ABC-SMC,1,sigma,3.468671679197995,0.0
abc_smc,adaptive_smc_samples.pkl,1000,,ABC-SMC,1,sigma,3.4786967418546366,0.0
abc_smc,adaptive_smc_samples.pkl,1000,,ABC-SMC,1,sigma,3.488721804511278,0.0
abc_smc,adaptive_smc_samples.pkl,1000,,ABC-SMC,1,sigma,3.4987468671679194,0.0
abc_smc,adaptive_smc_samples.pkl,1000,,ABC-SMC,1,sigma,3.508771929824561,0.0
abc_smc,adaptive_smc_samples.pkl,1000,,ABC-SMC,1,sigma,3.518796992481203,0.0
abc_smc,adaptive_smc_samples.pkl,1000,,ABC-SMC,1,sigma,3.5288220551378444,0.0
abc_smc,adaptive_smc_samples.pkl,1000,,ABC-SMC,1,sigma,3.538847117794486,0.0
abc_smc,adaptive_smc_samples.pkl,1000,,ABC-SMC,1,sigma,3.5488721804511276,0.0
abc_smc,adaptive_smc_samples.pkl,1000,,ABC-SMC,1,sigma,3.5588972431077694,0.0
abc_smc,adaptive_smc_samples.pkl,1000,,ABC-SMC,1,sigma,3.568922305764411,0.0
abc_smc,adaptive_smc_samples.pkl,1000,,ABC-SMC,1,sigma,3.578947368421052,0.0
abc_smc,adaptive_smc_samples.pkl,1000,,ABC-SMC,1,sigma,3.588972431077694,0.0
abc_smc,adaptive_smc_samples.pkl,1000,,ABC-SMC,1,sigma,3.598997493734336,0.0
abc_smc,adaptive_smc_samples.pkl,1000,,ABC-SMC,1,sigma,3.6090225563909772,0.0
abc_smc,adaptive_smc_samples.pkl,1000,,ABC-SMC,1,sigma,3.6190476190476186,0.0
abc_smc,adaptive_smc_samples.pkl,1000,,ABC-SMC,1,sigma,3.6290726817042605,0.0
abc_smc,adaptive_smc_samples.pkl,1000,,ABC-SMC,1,sigma,3.6390977443609023,0.0
abc_smc,adaptive_smc_samples.pkl,1000,,ABC-SMC,1,sigma,3.6491228070175437,0.0
abc_smc,adaptive_smc_samples.pkl,1000,,ABC-SMC,1,sigma,3.659147869674185,0.0
abc_smc,adaptive_smc_samples.pkl,1000,,ABC-SMC,1,sigma,3.669172932330827,0.0
abc_smc,adaptive_smc_samples.pkl,1000,,ABC-SMC,1,sigma,3.6791979949874687,0.0
abc_smc,adaptive_smc_samples.pkl,1000,,ABC-SMC,1,sigma,3.68922305764411,0.0
abc_smc,adaptive_smc_samples.pkl,1000,,ABC-SMC,1,sigma,3.6992481203007515,0.0
abc_smc,adaptive_smc_samples.pkl,1000,,ABC-SMC,1,sigma,3.7092731829573933,0.0
abc_smc,adaptive_smc_samples.pkl,1000,,ABC-SMC,1,sigma,3.719298245614035,0.0
abc_smc,adaptive_smc_samples.pkl,1000,,ABC-SMC,1,sigma,3.7293233082706765,0.0
abc_smc,adaptive_smc_samples.pkl,1000,,ABC-SMC,1,sigma,3.739348370927318,0.0
abc_smc,adaptive_smc_samples.pkl,1000,,ABC-SMC,1,sigma,3.7493734335839597,0.0
abc_smc,adaptive_smc_samples.pkl,1000,,ABC-SMC,1,sigma,3.7593984962406015,0.0
abc_smc,adaptive_smc_samples.pkl,1000,,ABC-SMC,1,sigma,3.769423558897243,0.0
abc_smc,adaptive_smc_samples.pkl,1000,,ABC-SMC,1,sigma,3.7794486215538843,0.0
abc_smc,adaptive_smc_samples.pkl,1000,,ABC-SMC,1,sigma,3.789473684210526,0.0
abc_smc,adaptive_smc_samples.pkl,1000,,ABC-SMC,1,sigma,3.799498746867168,0.0
abc_smc,adaptive_smc_samples.pkl,1000,,ABC-SMC,1,sigma,3.8095238095238093,0.0
abc_smc,adaptive_smc_samples.pkl,1000,,ABC-SMC,1,sigma,3.8195488721804507,0.0
abc_smc,adaptive_smc_samples.pkl,1000,,ABC-SMC,1,sigma,3.8295739348370925,0.0
abc_smc,adaptive_smc_samples.pkl,1000,,ABC-SMC,1,sigma,3.8395989974937343,0.0
abc_smc,adaptive_smc_samples.pkl,1000,,ABC-SMC,1,sigma,3.8496240601503757,0.0
abc_smc,adaptive_smc_samples.pkl,1000,,ABC-SMC,1,sigma,3.859649122807017,0.0
abc_smc,adaptive_smc_samples.pkl,1000,,ABC-SMC,1,sigma,3.869674185463659,0.0
abc_smc,adaptive_smc_samples.pkl,1000,,ABC-SMC,1,sigma,3.8796992481203008,0.0
abc_smc,adaptive_smc_samples.pkl,1000,,ABC-SMC,1,sigma,3.889724310776942,0.0
abc_smc,adaptive_smc_samples.pkl,1000,,ABC-SMC,1,sigma,3.8997493734335835,0.0
abc_smc,adaptive_smc_samples.pkl,1000,,ABC-SMC,1,sigma,3.9097744360902253,0.0
abc_smc,adaptive_smc_samples.pkl,1000,,ABC-SMC,1,sigma,3.919799498746867,0.0
abc_smc,adaptive_smc_samples.pkl,1000,,ABC-SMC,1,sigma,3.9298245614035086,0.0
abc_smc,adaptive_smc_samples.pkl,1000,,ABC-SMC,1,sigma,3.93984962406015,0.0
abc_smc,adaptive_smc_samples.pkl,1000,,ABC-SMC,1,sigma,3.9498746867167918,0.0
abc_smc,adaptive_smc_samples.pkl,1000,,ABC-SMC,1,sigma,3.9598997493734336,0.0
abc_smc,adaptive_smc_samples.pkl,1000,,ABC-SMC,1,sigma,3.969924812030075,0.0
abc_smc,adaptive_smc_samples.pkl,1000,,ABC-SMC,1,sigma,3.9799498746867163,0.0
abc_smc,adaptive_smc_samples.pkl,1000,,ABC-SMC,1,sigma,3.989974937343358,0.0
abc_smc,adaptive_smc_samples.pkl,1000,,ABC-SMC,1,sigma,4.0,0.0
abc_smc,adaptive_smc_samples.pkl,1000,,ABC-SMC,1,xi,-1.0,0.0
abc_smc,adaptive_smc_samples.pkl,1000,,ABC-SMC,1,xi,-0.9949874686716792,0.0
abc_smc,adaptive_smc_samples.pkl,1000,,ABC-SMC,1,xi,-0.9899749373433584,0.0
abc_smc,adaptive_smc_samples.pkl,1000,,ABC-SMC,1,xi,-0.9849624060150376,0.0
abc_smc,adaptive_smc_samples.pkl,1000,,ABC-SMC,1,xi,-0.9799498746867168,0.0
abc_smc,adaptive_smc_samples.pkl,1000,,ABC-SMC,1,xi,-0.974937343358396,0.0
abc_smc,adaptive_smc_samples.pkl,1000,,ABC-SMC,1,xi,-0.9699248120300752,0.0
abc_smc,adaptive_smc_samples.pkl,1000,,ABC-SMC,1,xi,-0.9649122807017544,0.0
abc_smc,adaptive_smc_samples.pkl,1000,,ABC-SMC,1,xi,-0.9598997493734336,0.0
abc_smc,adaptive_smc_samples.pkl,1000,,ABC-SMC,1,xi,-0.9548872180451128,0.0
abc_smc,adaptive_smc_samples.pkl,1000,,ABC-SMC,1,xi,-0.949874686716792,0.0
abc_smc,adaptive_smc_samples.pkl,1000,,ABC-SMC,1,xi,-0.9448621553884712,0.0
abc_smc,adaptive_smc_samples.pkl,1000,,ABC-SMC,1,xi,-0.9398496240601504,0.0
abc_smc,adaptive_smc_samples.pkl,1000,,ABC-SMC,1,xi,-0.9348370927318296,0.0
abc_smc,adaptive_smc_samples.pkl,1000,,ABC-SMC,1,xi,-0.9298245614035088,0.0
abc_smc,adaptive_smc_samples.pkl,1000,,ABC-SMC,1,xi,-0.924812030075188,0.0
abc_smc,adaptive_smc_samples.pkl,1000,,ABC-SMC,1,xi,-0.9197994987468672,0.0
abc_smc,adaptive_smc_samples.pkl,1000,,ABC-SMC,1,xi,-0.9147869674185464,0.0
abc_smc,adaptive_smc_samples.pkl,1000,,ABC-SMC,1,xi,-0.9097744360902256,0.0
abc_smc,adaptive_smc_samples.pkl,1000,,ABC-SMC,1,xi,-0.9047619047619048,0.0
abc_smc,adaptive_smc_samples.pkl,1000,,ABC-SMC,1,xi,-0.899749373433584,0.0
abc_smc,adaptive_smc_samples.pkl,1000,,ABC-SMC,1,xi,-0.8947368421052632,0.0
abc_smc,adaptive_smc_samples.pkl,1000,,ABC-SMC,1,xi,-0.8897243107769424,0.0
abc_smc,adaptive_smc_samples.pkl,1000,,ABC-SMC,1,xi,-0.8847117794486216,0.0
abc_smc,adaptive_smc_samples.pkl,1000,,ABC-SMC,1,xi,-0.8796992481203008,0.0
abc_smc,adaptive_smc_samples.pkl,1000,,ABC-SMC,1,xi,-0.87468671679198,0.0
abc_smc,adaptive_smc_samples.pkl,1000,,ABC-SMC,1,xi,-0.8696741854636592,0.0
abc_smc,adaptive_smc_samples.pkl,1000,,ABC-SMC,1,xi,-0.8646616541353384,0.0
abc_smc,adaptive_smc_samples.pkl,1000,,ABC-SMC,1,xi,-0.8596491228070176,0.0
abc_smc,adaptive_smc_samples.pkl,1000,,ABC-SMC,1,xi,-0.8546365914786967,0.0
abc_smc,adaptive_smc_samples.pkl,1000,,ABC-SMC,1,xi,-0.849624060150376,0.0
abc_smc,adaptive_smc_samples.pkl,1000,,ABC-SMC,1,xi,-0.8446115288220551,0.0
abc_smc,adaptive_smc_samples.pkl,1000,,ABC-SMC,1,xi,-0.8395989974937343,0.0
abc_smc,adaptive_smc_samples.pkl,1000,,ABC-SMC,1,xi,-0.8345864661654135,0.0
abc_smc,adaptive_smc_samples.pkl,1000,,ABC-SMC,1,xi,-0.8295739348370927,0.0
abc_smc,adaptive_smc_samples.pkl,1000,,ABC-SMC,1,xi,-0.8245614035087719,0.0
abc_smc,adaptive_smc_samples.pkl,1000,,ABC-SMC,1,xi,-0.8195488721804511,0.0
abc_smc,adaptive_smc_samples.pkl,1000,,ABC-SMC,1,xi,-0.8145363408521303,0.0
abc_smc,adaptive_smc_samples.pkl,1000,,ABC-SMC,1,xi,-0.8095238095238095,0.0
abc_smc,adaptive_smc_samples.pkl,1000,,ABC-SMC,1,xi,-0.8045112781954887,0.0
abc_smc,adaptive_smc_samples.pkl,1000,,ABC-SMC,1,xi,-0.7994987468671679,0.0
abc_smc,adaptive_smc_samples.pkl,1000,,ABC-SMC,1,xi,-0.7944862155388471,0.0
abc_smc,adaptive_smc_samples.pkl,1000,,ABC-SMC,1,xi,-0.7894736842105263,1.09355e-318
abc_smc,adaptive_smc_samples.pkl,1000,,ABC-SMC,1,xi,-0.7844611528822055,1.588697195602e-311
abc_smc,adaptive_smc_samples.pkl,1000,,ABC-SMC,1,xi,-0.7794486215538847,1.910163279125235e-304
abc_smc,adaptive_smc_samples.pkl,1000,,ABC-SMC,1,xi,-0.7744360902255639,1.900760513003017e-297
abc_smc,adaptive_smc_samples.pkl,1000,,ABC-SMC,1,xi,-0.7694235588972431,1.5653514397273917e-290
abc_smc,adaptive_smc_samples.pkl,1000,,ABC-SMC,1,xi,-0.7644110275689223,1.066900355220565e-283
abc_smc,adaptive_smc_samples.pkl,1000,,ABC-SMC,1,xi,-0.7593984962406015,6.018155565262247e-277
abc_smc,adaptive_smc_samples.pkl,1000,,ABC-SMC,1,xi,-0.7543859649122807,2.8095095177909665e-270
abc_smc,adaptive_smc_samples.pkl,1000,,ABC-SMC,1,xi,-0.7493734335839599,1.0854883185349609e-263
abc_smc,adaptive_smc_samples.pkl,1000,,ABC-SMC,1,xi,-0.7443609022556391,3.470941946995606e-257
abc_smc,adaptive_smc_samples.pkl,1000,,ABC-SMC,1,xi,-0.7393483709273183,9.185379328942051e-251
abc_smc,adaptive_smc_samples.pkl,1000,,ABC-SMC,1,xi,-0.7343358395989975,2.0117517773769026e-244
abc_smc,adaptive_smc_samples.pkl,1000,,ABC-SMC,1,xi,-0.7293233082706767,3.64652541035214e-238
abc_smc,adaptive_smc_samples.pkl,1000,,ABC-SMC,1,xi,-0.7243107769423559,5.470306361659544e-232
abc_smc,adaptive_smc_samples.pkl,1000,,ABC-SMC,1,xi,-0.7192982456140351,6.791592365566943e-226
abc_smc,adaptive_smc_samples.pkl,1000,,ABC-SMC,1,xi,-0.7142857142857143,6.978452598454034e-220
abc_smc,adaptive_smc_samples.pkl,1000,,ABC-SMC,1,xi,-0.7092731829573935,5.9343644838449215e-214
abc_smc,adaptive_smc_samples.pkl,1000,,ABC-SMC,1,xi,-0.7042606516290727,4.1765421348276645e-208
abc_smc,adaptive_smc_samples.pkl,1000,,ABC-SMC,1,xi,-0.6992481203007519,2.4326917843988185e-202
abc_smc,adaptive_smc_samples.pkl,1000,,ABC-SMC,1,xi,-0.6942355889724311,1.1726944951481343e-196
abc_smc,adaptive_smc_samples.pkl,1000,,ABC-SMC,1,xi,-0.6892230576441103,4.678539151575479e-191
abc_smc,adaptive_smc_samples.pkl,1000,,ABC-SMC,1,xi,-0.6842105263157895,1.544767919666361e-185
abc_smc,adaptive_smc_samples.pkl,1000,,ABC-SMC,1,xi,-0.6791979949874687,4.221276672667718e-180
abc_smc,adaptive_smc_samples.pkl,1000,,ABC-SMC,1,xi,-0.6741854636591479,9.546672153622164e-175
abc_smc,adaptive_smc_samples.pkl,1000,,ABC-SMC,1,xi,-0.6691729323308271,1.7868489004467964e-169
abc_smc,adaptive_smc_samples.pkl,1000,,ABC-SMC,1,xi,-0.6641604010025063,2.7679057538605978e-164
abc_smc,adaptive_smc_samples.pkl,1000,,ABC-SMC,1,xi,-0.6591478696741855,3.548480629454769e-159
abc_smc,adaptive_smc_samples.pkl,1000,,ABC-SMC,1,xi,-0.6541353383458647,3.764967900839168e-154
abc_smc,adaptive_smc_samples.pkl,1000,,ABC-SMC,1,xi,-0.6491228070175439,3.3060380615429173e-149
abc_smc,adaptive_smc_samples.pkl,1000,,ABC-SMC,1,xi,-0.6441102756892231,2.402603988828044e-144
abc_smc,adaptive_smc_samples.pkl,1000,,ABC-SMC,1,xi,-0.6390977443609023,1.4450549487035097e-139
abc_smc,adaptive_smc_samples.pkl,1000,,ABC-SMC,1,xi,-0.6340852130325815,7.193072104029698e-135
abc_smc,adaptive_smc_samples.pkl,1000,,ABC-SMC,1,xi,-0.6290726817042607,2.9632781903536736e-130
abc_smc,adaptive_smc_samples.pkl,1000,,ABC-SMC,1,xi,-0.6240601503759399,1.0103189183222574e-125
abc_smc,adaptive_smc_samples.pkl,1000,,ABC-SMC,1,xi,-0.6190476190476191,2.8508391006781226e-121
abc_smc,adaptive_smc_samples.pkl,1000,,ABC-SMC,1,xi,-0.6140350877192983,6.65756207901432e-117
abc_smc,adaptive_smc_samples.pkl,1000,,ABC-SMC,1,xi,-0.6090225563909775,1.2867263812444113e-112
abc_smc,adaptive_smc_samples.pkl,1000,,ABC-SMC,1,xi,-0.6040100250626567,2.0581918350048805e-108
abc_smc,adaptive_smc_samples.pkl,1000,,ABC-SMC,1,xi,-0.5989974937343359,2.724673138165238e-104
abc_smc,adaptive_smc_samples.pkl,1000,,ABC-SMC,1,xi,-0.5939849624060151,2.985191431362405e-100
abc_smc,adaptive_smc_samples.pkl,1000,,ABC-SMC,1,xi,-0.5889724310776943,2.7068210877068557e-96
abc_smc,adaptive_smc_samples.pkl,1000,,ABC-SMC,1,xi,-0.5839598997493735,2.031313524239409e-92
abc_smc,adaptive_smc_samples.pkl,1000,,ABC-SMC,1,xi,-0.5789473684210527,1.261609557894341e-88
abc_smc,adaptive_smc_samples.pkl,1000,,ABC-SMC,1,xi,-0.5739348370927319,6.48491468267845e-85
abc_smc,adaptive_smc_samples.pkl,1000,,ABC-SMC,1,xi,-0.568922305764411,2.7587712270439576e-81
abc_smc,adaptive_smc_samples.pkl,1000,,ABC-SMC,1,xi,-0.5639097744360902,9.71315376164121e-78
abc_smc,adaptive_smc_samples.pkl,1000,,ABC-SMC,1,xi,-0.5588972431077694,2.8303442426095833e-74
abc_smc,adaptive_smc_samples.pkl,1000,,ABC-SMC,1,xi,-0.5538847117794486,6.82581058500552e-71
abc_smc,adaptive_smc_samples.pkl,1000,,ABC-SMC,1,xi,-0.5488721804511278,1.3624077177736121e-67
abc_smc,adaptive_smc_samples.pkl,1000,,ABC-SMC,1,xi,-0.543859649122807,2.250609798174649e-64
abc_smc,adaptive_smc_samples.pkl,1000,,ABC-SMC,1,xi,-0.5388471177944862,3.077063570084314e-61
abc_smc,adaptive_smc_samples.pkl,1000,,ABC-SMC,1,xi,-0.5338345864661654,3.481925468174062e-58
abc_smc,adaptive_smc_samples.pkl,1000,,ABC-SMC,1,xi,-0.5288220551378446,3.2610213420612538e-55
abc_smc,adaptive_smc_samples.pkl,1000,,ABC-SMC,1,xi,-0.5238095238095238,2.527810182911825e-52
abc_smc,adaptive_smc_samples.pkl,1000,,ABC-SMC,1,xi,-0.518796992481203,1.6218052835870989e-49
abc_smc,adaptive_smc_samples.pkl,1000,,ABC-SMC,1,xi,-0.5137844611528822,8.612412358139205e-47
abc_smc,adaptive_smc_samples.pkl,1000,,ABC-SMC,1,xi,-0.5087719298245614,3.785587007867775e-44
abc_smc,adaptive_smc_samples.pkl,1000,,ABC-SMC,1,xi,-0.5037593984962406,1.37732674655807e-41
abc_smc,adaptive_smc_samples.pkl,1000,,ABC-SMC,1,xi,-0.4987468671679198,4.148129420316567e-39
abc_smc,adaptive_smc_samples.pkl,1000,,ABC-SMC,1,xi,-0.493734335839599,1.0341879469130833e-36
abc_smc,adaptive_smc_samples.pkl,1000,,ABC-SMC,1,xi,-0.4887218045112782,2.1345381256686946e-34
abc_smc,adaptive_smc_samples.pkl,1000,,ABC-SMC,1,xi,-0.4837092731829574,3.647518781161669e-32
abc_smc,adaptive_smc_samples.pkl,1000,,ABC-SMC,1,xi,-0.4786967418546366,5.1608411881913964e-30
abc_smc,adaptive_smc_samples.pkl,1000,,ABC-SMC,1,xi,-0.4736842105263158,6.046770453412306e-28
abc_smc,adaptive_smc_samples.pkl,1000,,ABC-SMC,1,xi,-0.468671679197995,5.867737315729402e-26
abc_smc,adaptive_smc_samples.pkl,1000,,ABC-SMC,1,xi,-0.4636591478696742,4.716756916872479e-24
abc_smc,adaptive_smc_samples.pkl,1000,,ABC-SMC,1,xi,-0.4586466165413534,3.1415624150304273e-22
abc_smc,adaptive_smc_samples.pkl,1000,,ABC-SMC,1,xi,-0.4536340852130326,1.7342419632779988e-20
abc_smc,adaptive_smc_samples.pkl,1000,,ABC-SMC,1,xi,-0.4486215538847118,7.937889446836713e-19
abc_smc,adaptive_smc_samples.pkl,1000,,ABC-SMC,1,xi,-0.443609022556391,3.014042221234259e-17
abc_smc,adaptive_smc_samples.pkl,1000,,ABC-SMC,1,xi,-0.4385964912280702,9.499968696734313e-16
abc_smc,adaptive_smc_samples.pkl,1000,,ABC-SMC,1,xi,-0.4335839598997494,2.4876149002137204e-14
abc_smc,adaptive_smc_samples.pkl,1000,,ABC-SMC,1,xi,-0.4285714285714286,5.417441051878154e-13
abc_smc,adaptive_smc_samples.pkl,1000,,ABC-SMC,1,xi,-0.4235588972431078,9.825324511854019e-12
abc_smc,adaptive_smc_samples.pkl,1000,,ABC-SMC,1,xi,-0.418546365914787,1.4866006783698234e-10
abc_smc,adaptive_smc_samples.pkl,1000,,ABC-SMC,1,xi,-0.4135338345864662,1.8805522718543537e-09
abc_smc,adaptive_smc_samples.pkl,1000,,ABC-SMC,1,xi,-0.4085213032581454,1.9943330622606596e-08
abc_smc,adaptive_smc_samples.pkl,1000,,ABC-SMC,1,xi,-0.4035087719298246,1.778935888155871e-07
abc_smc,adaptive_smc_samples.pkl,1000,,ABC-SMC,1,xi,-0.3984962406015038,1.3398476335798279e-06
abc_smc,adaptive_smc_samples.pkl,1000,,ABC-SMC,1,xi,-0.393483709273183,8.558238716096192e-06
abc_smc,adaptive_smc_samples.pkl,1000,,ABC-SMC,1,xi,-0.3884711779448622,4.6578870863245266e-05
abc_smc,adaptive_smc_samples.pkl,1000,,ABC-SMC,1,xi,-0.3834586466165414,0.00021703639034388825
abc_smc,adaptive_smc_samples.pkl,1000,,ABC-SMC,1,xi,-0.3784461152882206,0.0008697069032635355
abc_smc,adaptive_smc_samples.pkl,1000,,ABC-SMC,1,xi,-0.3734335839598998,0.0030094282847224554
abc_smc,adaptive_smc_samples.pkl,1000,,ABC-SMC,1,xi,-0.368421052631579,0.009026039292413864
abc_smc,adaptive_smc_samples.pkl,1000,,ABC-SMC,1,xi,-0.3634085213032582,0.023556569255184703
abc_smc,adaptive_smc_samples.pkl,1000,,ABC-SMC,1,xi,-0.3583959899749374,0.05376219260662951
abc_smc,adaptive_smc_samples.pkl,1000,,ABC-SMC,1,xi,-0.3533834586466166,0.10806270807406083
abc_smc,adaptive_smc_samples.pkl,1000,,ABC-SMC,1,xi,-0.3483709273182958,0.19327502257572998
abc_smc,adaptive_smc_samples.pkl,1000,,ABC-SMC,1,xi,-0.343358395989975,0.31189443829221647
abc_smc,adaptive_smc_samples.pkl,1000,,ABC-SMC,1,xi,-0.33834586466165417,0.46177272480499515
abc_smc,adaptive_smc_samples.pkl,1000,,ABC-SMC,1,xi,-0.33333333333333337,0.6382806939362277
abc_smc,adaptive_smc_samples.pkl,1000,,ABC-SMC,1,xi,-0.32832080200501257,0.8366854180108269
abc_smc,adaptive_smc_samples.pkl,1000,,ABC-SMC,1,xi,-0.32330827067669177,1.0530855283326137
abc_smc,adaptive_smc_samples.pkl,1000,,ABC-SMC,1,xi,-0.31829573934837097,1.2841771173165413
abc_smc,adaptive_smc_samples.pkl,1000,,ABC-SMC,1,xi,-0.31328320802005016,1.5262782083966753
abc_smc,adaptive_smc_samples.pkl,1000,,ABC-SMC,1,xi,-0.30827067669172936,1.7740085012013684
abc_smc,adaptive_smc_samples.pkl,1000,,ABC-SMC,1,xi,-0.30325814536340856,2.0203662025368647
abc_smc,adaptive_smc_samples.pkl,1000,,ABC-SMC,1,xi,-0.29824561403508776,2.259337087574237
abc_smc,adaptive_smc_samples.pkl,1000,,ABC-SMC,1,xi,-0.29323308270676696,2.4890100547536314
abc_smc,adaptive_smc_samples.pkl,1000,,ABC-SMC,1,xi,-0.28822055137844615,2.712605633067022
abc_smc,adaptive_smc_samples.pkl,1000,,ABC-SMC,1,xi,-0.28320802005012535,2.9373506257415585
abc_smc,adaptive_smc_samples.pkl,1000,,ABC-SMC,1,xi,-0.27819548872180455,3.1715018054472646
abc_smc,adaptive_smc_samples.pkl,1000,,ABC-SMC,1,xi,-0.27318295739348375,3.4187764355922914
abc_smc,adaptive_smc_samples.pkl,1000,,ABC-SMC,1,xi,-0.26817042606516295,3.672557898991407
abc_smc,adaptive_smc_samples.pkl,1000,,ABC-SMC,1,xi,-0.26315789473684215,3.91658399509217
abc_smc,adaptive_smc_samples.pkl,1000,,ABC-SMC,1,xi,-0.25814536340852134,4.134964270750592
abc_smc,adaptive_smc_samples.pkl,1000,,ABC-SMC,1,xi,-0.25313283208020054,4.3233992323796375
abc_smc,adaptive_smc_samples.pkl,1000,,ABC-SMC,1,xi,-0.24812030075187974,4.4898261687779035
abc_smc,adaptive_smc_samples.pkl,1000,,ABC-SMC,1,xi,-0.24310776942355894,4.644160933826698
abc_smc,adaptive_smc_samples.pkl,1000,,ABC-SMC,1,xi,-0.23809523809523814,4.789993967923928
abc_smc,adaptive_smc_samples.pkl,1000,,ABC-SMC,1,xi,-0.23308270676691734,4.9276551062377845
abc_smc,adaptive_smc_samples.pkl,1000,,ABC-SMC,1,xi,-0.22807017543859653,5.06161724423747
abc_smc,adaptive_smc_samples.pkl,1000,,ABC-SMC,1,xi,-0.22305764411027573,5.198787117917049
abc_smc,adaptive_smc_samples.pkl,1000,,ABC-SMC,1,xi,-0.21804511278195493,5.337722813739832
abc_smc,adaptive_smc_samples.pkl,1000,,ABC-SMC,1,xi,-0.21303258145363413,5.462959889714219
abc_smc,adaptive_smc_samples.pkl,1000,,ABC-SMC,1,xi,-0.20802005012531333,5.552670958255785
abc_smc,adaptive_smc_samples.pkl,1000,,ABC-SMC,1,xi,-0.20300751879699253,5.591335951922757
abc_smc,adaptive_smc_samples.pkl,1000,,ABC-SMC,1,xi,-0.19799498746867172,5.575762135716494
abc_smc,adaptive_smc_samples.pkl,1000,,ABC-SMC,1,xi,-0.19298245614035092,5.513184038187929
abc_smc,adaptive_smc_samples.pkl,1000,,ABC-SMC,1,xi,-0.18796992481203012,5.416451291994567
abc_smc,adaptive_smc_samples.pkl,1000,,ABC-SMC,1,xi,-0.18295739348370932,5.299195108855338
abc_smc,adaptive_smc_samples.pkl,1000,,ABC-SMC,1,xi,-0.17794486215538852,5.172187602982413
abc_smc,adaptive_smc_samples.pkl,1000,,ABC-SMC,1,xi,-0.17293233082706772,5.042291345236756
abc_smc,adaptive_smc_samples.pkl,1000,,ABC-SMC,1,xi,-0.1679197994987469,4.913364605806113
abc_smc,adaptive_smc_samples.pkl,1000,,ABC-SMC,1,xi,-0.1629072681704261,4.786293437578916
abc_smc,adaptive_smc_samples.pkl,1000,,ABC-SMC,1,xi,-0.1578947368421053,4.657327574099817
abc_smc,adaptive_smc_samples.pkl,1000,,ABC-SMC,1,xi,-0.1528822055137845,4.518155475801505
abc_smc,adaptive_smc_samples.pkl,1000,,ABC-SMC,1,xi,-0.1478696741854637,4.3611834458567085
abc_smc,adaptive_smc_samples.pkl,1000,,ABC-SMC,1,xi,-0.1428571428571429,4.187191596176171
abc_smc,adaptive_smc_samples.pkl,1000,,ABC-SMC,1,xi,-0.1378446115288221,4.00699521102987
abc_smc,adaptive_smc_samples.pkl,1000,,ABC-SMC,1,xi,-0.1328320802005013,3.832823382905165
abc_smc,adaptive_smc_samples.pkl,1000,,ABC-SMC,1,xi,-0.1278195488721805,3.666556527007434
abc_smc,adaptive_smc_samples.pkl,1000,,ABC-SMC,1,xi,-0.1228070175438597,3.4973222855607493
abc_smc,adaptive_smc_samples.pkl,1000,,ABC-SMC,1,xi,-0.1177944862155389,3.3122751471161247
abc_smc,adaptive_smc_samples.pkl,1000,,ABC-SMC,1,xi,-0.1127819548872181,3.1103993937463947
abc_smc,adaptive_smc_samples.pkl,1000,,ABC-SMC,1,xi,-0.10776942355889729,2.9052341768583396
abc_smc,adaptive_smc_samples.pkl,1000,,ABC-SMC,1,xi,-0.10275689223057649,2.7130921450605707
abc_smc,adaptive_smc_samples.pkl,1000,,ABC-SMC,1,xi,-0.09774436090225569,2.538170680712323
abc_smc,adaptive_smc_samples.pkl,1000,,ABC-SMC,1,xi,-0.09273182957393489,2.3694940836437683
abc_smc,adaptive_smc_samples.pkl,1000,,ABC-SMC,1,xi,-0.08771929824561409,2.1919221774879354
abc_smc,adaptive_smc_samples.pkl,1000,,ABC-SMC,1,xi,-0.08270676691729328,1.9985358873575216
abc_smc,adaptive_smc_samples.pkl,1000,,ABC-SMC,1,xi,-0.07769423558897248,1.792684349086434
abc_smc,adaptive_smc_samples.pkl,1000,,ABC-SMC,1,xi,-0.07268170426065168,1.581793231580475
abc_smc,adaptive_smc_samples.pkl,1000,,ABC-SMC,1,xi,-0.06766917293233088,1.3721319921623638
abc_smc,adaptive_smc_samples.pkl,1000,,ABC-SMC,1,xi,-0.06265664160401008,1.167911058574718
abc_smc,adaptive_smc_samples.pkl,1000,,ABC-SMC,1,xi,-0.057644110275689275,0.971868268118757
abc_smc,adaptive_smc_samples.pkl,1000,,ABC-SMC,1,xi,-0.052631578947368474,0.7857288818619413
abc_smc,adaptive_smc_samples.pkl,1000,,ABC-SMC,1,xi,-0.04761904761904767,0.6115251188513714
abc_smc,adaptive_smc_samples.pkl,1000,,ABC-SMC,1,xi,-0.04260651629072687,0.4533211858875275
abc_smc,adaptive_smc_samples.pkl,1000,,ABC-SMC,1,xi,-0.03759398496240607,0.3169986631274477
abc_smc,adaptive_smc_samples.pkl,1000,,ABC-SMC,1,xi,-0.03258145363408527,0.20757217246219706
abc_smc,adaptive_smc_samples.pkl,1000,,ABC-SMC,1,xi,-0.027568922305764465,0.12648994594833063
abc_smc,adaptive_smc_samples.pkl,1000,,ABC-SMC,1,xi,-0.022556390977443663,0.07119322505867706
abc_smc,adaptive_smc_samples.pkl,1000,,ABC-SMC,1,xi,-0.01754385964912286,0.03661461767316353
abc_smc,adaptive_smc_samples.pkl,1000,,ABC-SMC,1,xi,-0.01253132832080206,0.016975001354163695
abc_smc,adaptive_smc_samples.pkl,1000,,ABC-SMC,1,xi,-0.007518796992481258,0.0069925278136696
abc_smc,adaptive_smc_samples.pkl,1000,,ABC-SMC,1,xi,-0.0025062656641604564,0.0025255190442971163
abc_smc,adaptive_smc_samples.pkl,1000,,ABC-SMC,1,xi,0.0025062656641603454,0.0007909197799134834
abc_smc,adaptive_smc_samples.pkl,1000,,ABC-SMC,1,xi,0.007518796992481036,0.00021288830315539459
abc_smc,adaptive_smc_samples.pkl,1000,,ABC-SMC,1,xi,0.012531328320801949,4.8912059619316904e-05
abc_smc,adaptive_smc_samples.pkl,1000,,ABC-SMC,1,xi,0.01754385964912286,9.540214769117389e-06
abc_smc,adaptive_smc_samples.pkl,1000,,ABC-SMC,1,xi,0.022556390977443552,1.5727672741329233e-06
abc_smc,adaptive_smc_samples.pkl,1000,,ABC-SMC,1,xi,0.027568922305764243,2.1835050165962054e-07
abc_smc,adaptive_smc_samples.pkl,1000,,ABC-SMC,1,xi,0.032581453634085156,2.5450971594349078e-08
abc_smc,adaptive_smc_samples.pkl,1000,,ABC-SMC,1,xi,0.03759398496240607,2.4842909918063263e-09
abc_smc,adaptive_smc_samples.pkl,1000,,ABC-SMC,1,xi,0.04260651629072676,2.026350766839921e-10
abc_smc,adaptive_smc_samples.pkl,1000,,ABC-SMC,1,xi,0.04761904761904745,1.3786731392787966e-11
abc_smc,adaptive_smc_samples.pkl,1000,,ABC-SMC,1,xi,0.05263157894736836,7.812616140823242e-13
abc_smc,adaptive_smc_samples.pkl,1000,,ABC-SMC,1,xi,0.057644110275689275,3.682889203667669e-14
abc_smc,adaptive_smc_samples.pkl,1000,,ABC-SMC,1,xi,0.06265664160400997,1.4427912906871717e-15
abc_smc,adaptive_smc_samples.pkl,1000,,ABC-SMC,1,xi,0.06766917293233066,4.693406980959813e-17
abc_smc,adaptive_smc_samples.pkl,1000,,ABC-SMC,1,xi,0.07268170426065157,1.2669440627219765e-18
abc_smc,adaptive_smc_samples.pkl,1000,,ABC-SMC,1,xi,0.07769423558897248,2.8364903999151574e-20
abc_smc,adaptive_smc_samples.pkl,1000,,ABC-SMC,1,xi,0.08270676691729317,5.26471860677016e-22
abc_smc,adaptive_smc_samples.pkl,1000,,ABC-SMC,1,xi,0.08771929824561386,8.098244694548408e-24
abc_smc,adaptive_smc_samples.pkl,1000,,ABC-SMC,1,xi,0.09273182957393478,1.0320718684808694e-25
abc_smc,adaptive_smc_samples.pkl,1000,,ABC-SMC,1,xi,0.09774436090225569,1.0895255969515625e-27
abc_smc,adaptive_smc_samples.pkl,1000,,ABC-SMC,1,xi,0.10275689223057638,9.525713804933738e-30
abc_smc,adaptive_smc_samples.pkl,1000,,ABC-SMC,1,xi,0.10776942355889707,6.896513043381065e-32
abc_smc,adaptive_smc_samples.pkl,1000,,ABC-SMC,1,xi,0.11278195488721798,4.134138636630718e-34
abc_smc,adaptive_smc_samples.pkl,1000,,ABC-SMC,1,xi,0.1177944862155389,2.0517533947356435e-36
abc_smc,adaptive_smc_samples.pkl,1000,,ABC-SMC,1,xi,0.12280701754385959,8.429831518807426e-39
abc_smc,adaptive_smc_samples.pkl,1000,,ABC-SMC,1,xi,0.12781954887218028,2.8670904211046577e-41
abc_smc,adaptive_smc_samples.pkl,1000,,ABC-SMC,1,xi,0.1328320802005012,8.071843663665233e-44
abc_smc,adaptive_smc_samples.pkl,1000,,ABC-SMC,1,xi,0.1378446115288221,1.8810355305472546e-46
abc_smc,adaptive_smc_samples.pkl,1000,,ABC-SMC,1,xi,0.1428571428571428,3.628284790690523e-49
abc_smc,adaptive_smc_samples.pkl,1000,,ABC-SMC,1,xi,0.14786967418546348,5.792627270000512e-52
abc_smc,adaptive_smc_samples.pkl,1000,,ABC-SMC,1,xi,0.1528822055137844,7.654404429577713e-55
abc_smc,adaptive_smc_samples.pkl,1000,,ABC-SMC,1,xi,0.1578947368421053,8.371479297222279e-58
abc_smc,adaptive_smc_samples.pkl,1000,,ABC-SMC,1,xi,0.162907268170426,7.577791796261809e-61
abc_smc,adaptive_smc_samples.pkl,1000,,ABC-SMC,1,xi,0.1679197994987467,5.6771256451888324e-64
abc_smc,adaptive_smc_samples.pkl,1000,,ABC-SMC,1,xi,0.1729323308270676,3.520110312348465e-67
abc_smc,adaptive_smc_samples.pkl,1000,,ABC-SMC,1,xi,0.17794486215538852,1.8064385630473364e-70
abc_smc,adaptive_smc_samples.pkl,1000,,ABC-SMC,1,xi,0.1829573934837092,7.672325809745605e-74
abc_smc,adaptive_smc_samples.pkl,1000,,ABC-SMC,1,xi,0.1879699248120299,2.696907153312496e-77
abc_smc,adaptive_smc_samples.pkl,1000,,ABC-SMC,1,xi,0.1929824561403508,7.845824993558308e-81
abc_smc,adaptive_smc_samples.pkl,1000,,ABC-SMC,1,xi,0.19799498746867172,1.8890511993756679e-84
abc_smc,adaptive_smc_samples.pkl,1000,,ABC-SMC,1,xi,0.20300751879699241,3.7642666954788497e-88
abc_smc,adaptive_smc_samples.pkl,1000,,ABC-SMC,1,xi,0.2080200501253131,6.207944443260331e-92
abc_smc,adaptive_smc_samples.pkl,1000,,ABC-SMC,1,xi,0.21303258145363402,8.473160256968717e-96
abc_smc,adaptive_smc_samples.pkl,1000,,ABC-SMC,1,xi,0.21804511278195493,9.571338658319043e-100
abc_smc,adaptive_smc_samples.pkl,1000,,ABC-SMC,1,xi,0.22305764411027562,8.948066553365604e-104
abc_smc,adaptive_smc_samples.pkl,1000,,ABC-SMC,1,xi,0.2280701754385963,6.923324094924746e-108
abc_smc,adaptive_smc_samples.pkl,1000,,ABC-SMC,1,xi,0.23308270676691722,4.43331703006175e-112
abc_smc,adaptive_smc_samples.pkl,1000,,ABC-SMC,1,xi,0.23809523809523814,2.3494779454720888e-116
abc_smc,adaptive_smc_samples.pkl,1000,,ABC-SMC,1,xi,0.24310776942355883,1.0304863418344755e-120
abc_smc,adaptive_smc_samples.pkl,1000,,ABC-SMC,1,xi,0.24812030075187952,3.740599841795547e-125
abc_smc,adaptive_smc_samples.pkl,1000,,ABC-SMC,1,xi,0.25313283208020043,1.1237463467606739e-129
abc_smc,adaptive_smc_samples.pkl,1000,,ABC-SMC,1,xi,0.25814536340852134,2.7939798733734254e-134
abc_smc,adaptive_smc_samples.pkl,1000,,ABC-SMC,1,xi,0.26315789473684204,5.7491828063055465e-139
abc_smc,adaptive_smc_samples.pkl,1000,,ABC-SMC,1,xi,0.2681704260651627,9.790768161441842e-144
abc_smc,adaptive_smc_samples.pkl,1000,,ABC-SMC,1,xi,0.27318295739348364,1.3799240088448143e-148
abc_smc,adaptive_smc_samples.pkl,1000,,ABC-SMC,1,xi,0.27819548872180455,1.6096123305767445e-153
abc_smc,adaptive_smc_samples.pkl,1000,,ABC-SMC,1,xi,0.28320802005012524,1.5538714712190385e-158
abc_smc,adaptive_smc_samples.pkl,1000,,ABC-SMC,1,xi,0.28822055137844593,1.2414709262610505e-163
abc_smc,adaptive_smc_samples.pkl,1000,,ABC-SMC,1,xi,0.29323308270676685,8.208912938404636e-169
abc_smc,adaptive_smc_samples.pkl,1000,,ABC-SMC,1,xi,0.29824561403508776,4.492233942546153e-174
abc_smc,adaptive_smc_samples.pkl,1000,,ABC-SMC,1,xi,0.30325814536340845,2.034542120455556e-179
abc_smc,adaptive_smc_samples.pkl,1000,,ABC-SMC,1,xi,0.30827067669172914,7.626031581018978e-185
abc_smc,adaptive_smc_samples.pkl,1000,,ABC-SMC,1,xi,0.31328320802005005,2.3656914383409503e-190
abc_smc,adaptive_smc_samples.pkl,1000,,ABC-SMC,1,xi,0.31829573934837097,6.073585840357977e-196
abc_smc,adaptive_smc_samples.pkl,1000,,ABC-SMC,1,xi,0.32330827067669166,1.290505384045565e-201
abc_smc,adaptive_smc_samples.pkl,1000,,ABC-SMC,1,xi,0.32832080200501235,2.2693528836297718e-207
abc_smc,adaptive_smc_samples.pkl,1000,,ABC-SMC,1,xi,0.33333333333333326,3.302720399825391e-213
abc_smc,adaptive_smc_samples.pkl,1000,,ABC-SMC,1,xi,0.33834586466165417,3.9780399751613854e-219
abc_smc,adaptive_smc_samples.pkl,1000,,ABC-SMC,1,xi,0.34335839598997486,3.965464199280067e-225
abc_smc,adaptive_smc_samples.pkl,1000,,ABC-SMC,1,xi,0.34837092731829555,3.271496634387716e-231
abc_smc,adaptive_smc_samples.pkl,1000,,ABC-SMC,1,xi,0.35338345864661647,2.2337083862077463e-237
abc_smc,adaptive_smc_samples.pkl,1000,,ABC-SMC,1,xi,0.3583959899749374,1.2622169926174695e-243
abc_smc,adaptive_smc_samples.pkl,1000,,ABC-SMC,1,xi,0.36340852130325807,5.902950212647425e-250
abc_smc,adaptive_smc_samples.pkl,1000,,ABC-SMC,1,xi,0.36842105263157876,2.28471359976043e-256
abc_smc,adaptive_smc_samples.pkl,1000,,ABC-SMC,1,xi,0.3734335839598997,7.31849805175933e-263
abc_smc,adaptive_smc_samples.pkl,1000,,ABC-SMC,1,xi,0.3784461152882206,1.9401696372197506e-269
abc_smc,adaptive_smc_samples.pkl,1000,,ABC-SMC,1,xi,0.3834586466165413,4.256817124725709e-276
abc_smc,adaptive_smc_samples.pkl,1000,,ABC-SMC,1,xi,0.38847117794486197,7.72961439433549e-283
abc_smc,adaptive_smc_samples.pkl,1000,,ABC-SMC,1,xi,0.3934837092731829,1.1616043000413063e-289
abc_smc,adaptive_smc_samples.pkl,1000,,ABC-SMC,1,xi,0.3984962406015038,1.4447281640992206e-296
abc_smc,adaptive_smc_samples.pkl,1000,,ABC-SMC,1,xi,0.4035087719298245,1.4871049290422013e-303
abc_smc,adaptive_smc_samples.pkl,1000,,ABC-SMC,1,xi,0.4085213032581452,1.26684835736934e-310
abc_smc,adaptive_smc_samples.pkl,1000,,ABC-SMC,1,xi,0.4135338345864661,8.931724e-318
abc_smc,adaptive_smc_samples.pkl,1000,,ABC-SMC,1,xi,0.418546365914787,0.0
abc_smc,adaptive_smc_samples.pkl,1000,,ABC-SMC,1,xi,0.4235588972431077,0.0
abc_smc,adaptive_smc_samples.pkl,1000,,ABC-SMC,1,xi,0.4285714285714284,0.0
abc_smc,adaptive_smc_samples.pkl,1000,,ABC-SMC,1,xi,0.4335839598997493,0.0
abc_smc,adaptive_smc_samples.pkl,1000,,ABC-SMC,1,xi,0.4385964912280702,0.0
abc_smc,adaptive_smc_samples.pkl,1000,,ABC-SMC,1,xi,0.4436090225563909,0.0
abc_smc,adaptive_smc_samples.pkl,1000,,ABC-SMC,1,xi,0.4486215538847116,0.0
abc_smc,adaptive_smc_samples.pkl,1000,,ABC-SMC,1,xi,0.4536340852130325,0.0
abc_smc,adaptive_smc_samples.pkl,1000,,ABC-SMC,1,xi,0.4586466165413534,0.0
abc_smc,adaptive_smc_samples.pkl,1000,,ABC-SMC,1,xi,0.4636591478696741,0.0
abc_smc,adaptive_smc_samples.pkl,1000,,ABC-SMC,1,xi,0.4686716791979948,0.0
abc_smc,adaptive_smc_samples.pkl,1000,,ABC-SMC,1,xi,0.4736842105263157,0.0
abc_smc,adaptive_smc_samples.pkl,1000,,ABC-SMC,1,xi,0.4786967418546366,0.0
abc_smc,adaptive_smc_samples.pkl,1000,,ABC-SMC,1,xi,0.4837092731829573,0.0
abc_smc,adaptive_smc_samples.pkl,1000,,ABC-SMC,1,xi,0.488721804511278,0.0
abc_smc,adaptive_smc_samples.pkl,1000,,ABC-SMC,1,xi,0.4937343358395989,0.0
abc_smc,adaptive_smc_samples.pkl,1000,,ABC-SMC,1,xi,0.4987468671679198,0.0
abc_smc,adaptive_smc_samples.pkl,1000,,ABC-SMC,1,xi,0.5037593984962405,0.0
abc_smc,adaptive_smc_samples.pkl,1000,,ABC-SMC,1,xi,0.5087719298245612,0.0
abc_smc,adaptive_smc_samples.pkl,1000,,ABC-SMC,1,xi,0.5137844611528821,0.0
abc_smc,adaptive_smc_samples.pkl,1000,,ABC-SMC,1,xi,0.518796992481203,0.0
abc_smc,adaptive_smc_samples.pkl,1000,,ABC-SMC,1,xi,0.5238095238095237,0.0
abc_smc,adaptive_smc_samples.pkl,1000,,ABC-SMC,1,xi,0.5288220551378444,0.0
abc_smc,adaptive_smc_samples.pkl,1000,,ABC-SMC,1,xi,0.5338345864661653,0.0
abc_smc,adaptive_smc_samples.pkl,1000,,ABC-SMC,1,xi,0.5388471177944862,0.0
abc_smc,adaptive_smc_samples.pkl,1000,,ABC-SMC,1,xi,0.5438596491228069,0.0
abc_smc,adaptive_smc_samples.pkl,1000,,ABC-SMC,1,xi,0.5488721804511276,0.0
abc_smc,adaptive_smc_samples.pkl,1000,,ABC-SMC,1,xi,0.5538847117794485,0.0
abc_smc,adaptive_smc_samples.pkl,1000,,ABC-SMC,1,xi,0.5588972431077694,0.0
abc_smc,adaptive_smc_samples.pkl,1000,,ABC-SMC,1,xi,0.5639097744360901,0.0
abc_smc,adaptive_smc_samples.pkl,1000,,ABC-SMC,1,xi,0.5689223057644108,0.0
abc_smc,adaptive_smc_samples.pkl,1000,,ABC-SMC,1,xi,0.5739348370927317,0.0
abc_smc,adaptive_smc_samples.pkl,1000,,ABC-SMC,1,xi,0.5789473684210527,0.0
abc_smc,adaptive_smc_samples.pkl,1000,,ABC-SMC,1,xi,0.5839598997493733,0.0
abc_smc,adaptive_smc_samples.pkl,1000,,ABC-SMC,1,xi,0.588972431077694,0.0
abc_smc,adaptive_smc_samples.pkl,1000,,ABC-SMC,1,xi,0.593984962406015,0.0
abc_smc,adaptive_smc_samples.pkl,1000,,ABC-SMC,1,xi,0.5989974937343359,0.0
abc_smc,adaptive_smc_samples.pkl,1000,,ABC-SMC,1,xi,0.6040100250626566,0.0
abc_smc,adaptive_smc_samples.pkl,1000,,ABC-SMC,1,xi,0.6090225563909772,0.0
abc_smc,adaptive_smc_samples.pkl,1000,,ABC-SMC,1,xi,0.6140350877192982,0.0
abc_smc,adaptive_smc_samples.pkl,1000,,ABC-SMC,1,xi,0.6190476190476191,0.0
abc_smc,adaptive_smc_samples.pkl,1000,,ABC-SMC,1,xi,0.6240601503759398,0.0
abc_smc,adaptive_smc_samples.pkl,1000,,ABC-SMC,1,xi,0.6290726817042605,0.0
abc_smc,adaptive_smc_samples.pkl,1000,,ABC-SMC,1,xi,0.6340852130325814,0.0
abc_smc,adaptive_smc_samples.pkl,1000,,ABC-SMC,1,xi,0.6390977443609023,0.0
abc_smc,adaptive_smc_samples.pkl,1000,,ABC-SMC,1,xi,0.644110275689223,0.0
abc_smc,adaptive_smc_samples.pkl,1000,,ABC-SMC,1,xi,0.6491228070175437,0.0
abc_smc,adaptive_smc_samples.pkl,1000,,ABC-SMC,1,xi,0.6541353383458646,0.0
abc_smc,adaptive_smc_samples.pkl,1000,,ABC-SMC,1,xi,0.6591478696741855,0.0
abc_smc,adaptive_smc_samples.pkl,1000,,ABC-SMC,1,xi,0.6641604010025062,0.0
abc_smc,adaptive_smc_samples.pkl,1000,,ABC-SMC,1,xi,0.6691729323308269,0.0
abc_smc,adaptive_smc_samples.pkl,1000,,ABC-SMC,1,xi,0.6741854636591478,0.0
abc_smc,adaptive_smc_samples.pkl,1000,,ABC-SMC,1,xi,0.6791979949874687,0.0
abc_smc,adaptive_smc_samples.pkl,1000,,ABC-SMC,1,xi,0.6842105263157894,0.0
abc_smc,adaptive_smc_samples.pkl,1000,,ABC-SMC,1,xi,0.6892230576441101,0.0
abc_smc,adaptive_smc_samples.pkl,1000,,ABC-SMC,1,xi,0.694235588972431,0.0
abc_smc,adaptive_smc_samples.pkl,1000,,ABC-SMC,1,xi,0.6992481203007519,0.0
abc_smc,adaptive_smc_samples.pkl,1000,,ABC-SMC,1,xi,0.7042606516290726,0.0
abc_smc,adaptive_smc_samples.pkl,1000,,ABC-SMC,1,xi,0.7092731829573933,0.0
abc_smc,adaptive_smc_samples.pkl,1000,,ABC-SMC,1,xi,0.7142857142857142,0.0
abc_smc,adaptive_smc_samples.pkl,1000,,ABC-SMC,1,xi,0.7192982456140351,0.0
abc_smc,adaptive_smc_samples.pkl,1000,,ABC-SMC,1,xi,0.7243107769423558,0.0
abc_smc,adaptive_smc_samples.pkl,1000,,ABC-SMC,1,xi,0.7293233082706765,0.0
abc_smc,adaptive_smc_samples.pkl,1000,,ABC-SMC,1,xi,0.7343358395989974,0.0
abc_smc,adaptive_smc_samples.pkl,1000,,ABC-SMC,1,xi,0.7393483709273183,0.0
abc_smc,adaptive_smc_samples.pkl,1000,,ABC-SMC,1,xi,0.744360902255639,0.0
abc_smc,adaptive_smc_samples.pkl,1000,,ABC-SMC,1,xi,0.7493734335839597,0.0
abc_smc,adaptive_smc_samples.pkl,1000,,ABC-SMC,1,xi,0.7543859649122806,0.0
abc_smc,adaptive_smc_samples.pkl,1000,,ABC-SMC,1,xi,0.7593984962406015,0.0
abc_smc,adaptive_smc_samples.pkl,1000,,ABC-SMC,1,xi,0.7644110275689222,0.0
abc_smc,adaptive_smc_samples.pkl,1000,,ABC-SMC,1,xi,0.7694235588972429,0.0
abc_smc,adaptive_smc_samples.pkl,1000,,ABC-SMC,1,xi,0.7744360902255638,0.0
abc_smc,adaptive_smc_samples.pkl,1000,,ABC-SMC,1,xi,0.7794486215538847,0.0
abc_smc,adaptive_smc_samples.pkl,1000,,ABC-SMC,1,xi,0.7844611528822054,0.0
abc_smc,adaptive_smc_samples.pkl,1000,,ABC-SMC,1,xi,0.7894736842105261,0.0
abc_smc,adaptive_smc_samples.pkl,1000,,ABC-SMC,1,xi,0.794486215538847,0.0
abc_smc,adaptive_smc_samples.pkl,1000,,ABC-SMC,1,xi,0.7994987468671679,0.0
abc_smc,adaptive_smc_samples.pkl,1000,,ABC-SMC,1,xi,0.8045112781954886,0.0
abc_smc,adaptive_smc_samples.pkl,1000,,ABC-SMC,1,xi,0.8095238095238093,0.0
abc_smc,adaptive_smc_samples.pkl,1000,,ABC-SMC,1,xi,0.8145363408521302,0.0
abc_smc,adaptive_smc_samples.pkl,1000,,ABC-SMC,1,xi,0.8195488721804511,0.0
abc_smc,adaptive_smc_samples.pkl,1000,,ABC-SMC,1,xi,0.8245614035087718,0.0
abc_smc,adaptive_smc_samples.pkl,1000,,ABC-SMC,1,xi,0.8295739348370925,0.0
abc_smc,adaptive_smc_samples.pkl,1000,,ABC-SMC,1,xi,0.8345864661654134,0.0
abc_smc,adaptive_smc_samples.pkl,1000,,ABC-SMC,1,xi,0.8395989974937343,0.0
abc_smc,adaptive_smc_samples.pkl,1000,,ABC-SMC,1,xi,0.844611528822055,0.0
abc_smc,adaptive_smc_samples.pkl,1000,,ABC-SMC,1,xi,0.8496240601503757,0.0
abc_smc,adaptive_smc_samples.pkl,1000,,ABC-SMC,1,xi,0.8546365914786966,0.0
abc_smc,adaptive_smc_samples.pkl,1000,,ABC-SMC,1,xi,0.8596491228070176,0.0
abc_smc,adaptive_smc_samples.pkl,1000,,ABC-SMC,1,xi,0.8646616541353382,0.0
abc_smc,adaptive_smc_samples.pkl,1000,,ABC-SMC,1,xi,0.8696741854636589,0.0
abc_smc,adaptive_smc_samples.pkl,1000,,ABC-SMC,1,xi,0.8746867167919798,0.0
abc_smc,adaptive_smc_samples.pkl,1000,,ABC-SMC,1,xi,0.8796992481203008,0.0
abc_smc,adaptive_smc_samples.pkl,1000,,ABC-SMC,1,xi,0.8847117794486214,0.0
abc_smc,adaptive_smc_samples.pkl,1000,,ABC-SMC,1,xi,0.8897243107769421,0.0
abc_smc,adaptive_smc_samples.pkl,1000,,ABC-SMC,1,xi,0.894736842105263,0.0
abc_smc,adaptive_smc_samples.pkl,1000,,ABC-SMC,1,xi,0.899749373433584,0.0
abc_smc,adaptive_smc_samples.pkl,1000,,ABC-SMC,1,xi,0.9047619047619047,0.0
abc_smc,adaptive_smc_samples.pkl,1000,,ABC-SMC,1,xi,0.9097744360902253,0.0
abc_smc,adaptive_smc_samples.pkl,1000,,ABC-SMC,1,xi,0.9147869674185463,0.0
abc_smc,adaptive_smc_samples.pkl,1000,,ABC-SMC,1,xi,0.9197994987468672,0.0
abc_smc,adaptive_smc_samples.pkl,1000,,ABC-SMC,1,xi,0.9248120300751879,0.0
abc_smc,adaptive_smc_samples.pkl,1000,,ABC-SMC,1,xi,0.9298245614035086,0.0
abc_smc,adaptive_smc_samples.pkl,1000,,ABC-SMC,1,xi,0.9348370927318295,0.0
abc_smc,adaptive_smc_samples.pkl,1000,,ABC-SMC,1,xi,0.9398496240601504,0.0
abc_smc,adaptive_smc_samples.pkl,1000,,ABC-SMC,1,xi,0.9448621553884711,0.0
abc_smc,adaptive_smc_samples.pkl,1000,,ABC-SMC,1,xi,0.9498746867167918,0.0
abc_smc,adaptive_smc_samples.pkl,1000,,ABC-SMC,1,xi,0.9548872180451127,0.0
abc_smc,adaptive_smc_samples.pkl,1000,,ABC-SMC,1,xi,0.9598997493734336,0.0
abc_smc,adaptive_smc_samples.pkl,1000,,ABC-SMC,1,xi,0.9649122807017543,0.0
abc_smc,adaptive_smc_samples.pkl,1000,,ABC-SMC,1,xi,0.969924812030075,0.0
abc_smc,adaptive_smc_samples.pkl,1000,,ABC-SMC,1,xi,0.9749373433583959,0.0
abc_smc,adaptive_smc_samples.pkl,1000,,ABC-SMC,1,xi,0.9799498746867168,0.0
abc_smc,adaptive_smc_samples.pkl,1000,,ABC-SMC,1,xi,0.9849624060150375,0.0
abc_smc,adaptive_smc_samples.pkl,1000,,ABC-SMC,1,xi,0.9899749373433582,0.0
abc_smc,adaptive_smc_samples.pkl,1000,,ABC-SMC,1,xi,0.9949874686716791,0.0
abc_smc,adaptive_smc_samples.pkl,1000,,ABC-SMC,1,xi,1.0,0.0
