manifest_index,pbs_array_index,action,n,d,x,N,seed,method,simulator,run_id,config_path,output_dir,validation_curve,validation_curve_plot,predicted_u_mean_cov,samples_10k,posterior_samples_pkl,metrics,timing_metadata,stdout_log,stderr_log,reuse_source_output_dir,reuse_marker_path,reuse_compatible,collision_status,notes
0,0,run,500,11,25,1512500,0,Gaussian-NPE,empirical_gnk_prior_predictive_octile_summaries,gnk_gaussian_npe_n500_x25_seed0_20260426T010115Z,res/gnk_high_budget/configs/gnk_gaussian_npe_n500_x25_seed0_20260426T010115Z.yaml,res/gnk_high_budget/runs/gnk_gaussian_npe_n500_x25_seed0_20260426T010115Z,res/gnk_high_budget/runs/gnk_gaussian_npe_n500_x25_seed0_20260426T010115Z/validation_curve.csv,res/gnk_high_budget/runs/gnk_gaussian_npe_n500_x25_seed0_20260426T010115Z/validation_curve.pdf,res/gnk_high_budget/runs/gnk_gaussian_npe_n500_x25_seed0_20260426T010115Z/gaussian_npe_u_posterior.npz,res/gnk_high_budget/runs/gnk_gaussian_npe_n500_x25_seed0_20260426T010115Z/posterior_samples_10k.npz,res/gnk_high_budget/runs/gnk_gaussian_npe_n500_x25_seed0_20260426T010115Z/posterior_samples.pkl,res/gnk_high_budget/runs/gnk_gaussian_npe_n500_x25_seed0_20260426T010115Z/metrics.json,res/gnk_high_budget/runs/gnk_gaussian_npe_n500_x25_seed0_20260426T010115Z/timing_metadata.json,res/gnk_high_budget/runs/gnk_gaussian_npe_n500_x25_seed0_20260426T010115Z/logs/stdout.log,res/gnk_high_budget/runs/gnk_gaussian_npe_n500_x25_seed0_20260426T010115Z/logs/stderr.log,,,,checked-no-collisions,Prepared dry-run row; not submitted.
1,1,run,500,11,25,1512500,1,Gaussian-NPE,empirical_gnk_prior_predictive_octile_summaries,gnk_gaussian_npe_n500_x25_seed1_20260426T010115Z,res/gnk_high_budget/configs/gnk_gaussian_npe_n500_x25_seed1_20260426T010115Z.yaml,res/gnk_high_budget/runs/gnk_gaussian_npe_n500_x25_seed1_20260426T010115Z,res/gnk_high_budget/runs/gnk_gaussian_npe_n500_x25_seed1_20260426T010115Z/validation_curve.csv,res/gnk_high_budget/runs/gnk_gaussian_npe_n500_x25_seed1_20260426T010115Z/validation_curve.pdf,res/gnk_high_budget/runs/gnk_gaussian_npe_n500_x25_seed1_20260426T010115Z/gaussian_npe_u_posterior.npz,res/gnk_high_budget/runs/gnk_gaussian_npe_n500_x25_seed1_20260426T010115Z/posterior_samples_10k.npz,res/gnk_high_budget/runs/gnk_gaussian_npe_n500_x25_seed1_20260426T010115Z/posterior_samples.pkl,res/gnk_high_budget/runs/gnk_gaussian_npe_n500_x25_seed1_20260426T010115Z/metrics.json,res/gnk_high_budget/runs/gnk_gaussian_npe_n500_x25_seed1_20260426T010115Z/timing_metadata.json,res/gnk_high_budget/runs/gnk_gaussian_npe_n500_x25_seed1_20260426T010115Z/logs/stdout.log,res/gnk_high_budget/runs/gnk_gaussian_npe_n500_x25_seed1_20260426T010115Z/logs/stderr.log,,,,checked-no-collisions,Prepared dry-run row; not submitted.
2,2,run,500,11,25,1512500,2,Gaussian-NPE,empirical_gnk_prior_predictive_octile_summaries,gnk_gaussian_npe_n500_x25_seed2_20260426T010115Z,res/gnk_high_budget/configs/gnk_gaussian_npe_n500_x25_seed2_20260426T010115Z.yaml,res/gnk_high_budget/runs/gnk_gaussian_npe_n500_x25_seed2_20260426T010115Z,res/gnk_high_budget/runs/gnk_gaussian_npe_n500_x25_seed2_20260426T010115Z/validation_curve.csv,res/gnk_high_budget/runs/gnk_gaussian_npe_n500_x25_seed2_20260426T010115Z/validation_curve.pdf,res/gnk_high_budget/runs/gnk_gaussian_npe_n500_x25_seed2_20260426T010115Z/gaussian_npe_u_posterior.npz,res/gnk_high_budget/runs/gnk_gaussian_npe_n500_x25_seed2_20260426T010115Z/posterior_samples_10k.npz,res/gnk_high_budget/runs/gnk_gaussian_npe_n500_x25_seed2_20260426T010115Z/posterior_samples.pkl,res/gnk_high_budget/runs/gnk_gaussian_npe_n500_x25_seed2_20260426T010115Z/metrics.json,res/gnk_high_budget/runs/gnk_gaussian_npe_n500_x25_seed2_20260426T010115Z/timing_metadata.json,res/gnk_high_budget/runs/gnk_gaussian_npe_n500_x25_seed2_20260426T010115Z/logs/stdout.log,res/gnk_high_budget/runs/gnk_gaussian_npe_n500_x25_seed2_20260426T010115Z/logs/stderr.log,,,,checked-no-collisions,Prepared dry-run row; not submitted.
3,3,run,500,11,25,1512500,3,Gaussian-NPE,empirical_gnk_prior_predictive_octile_summaries,gnk_gaussian_npe_n500_x25_seed3_20260426T010115Z,res/gnk_high_budget/configs/gnk_gaussian_npe_n500_x25_seed3_20260426T010115Z.yaml,res/gnk_high_budget/runs/gnk_gaussian_npe_n500_x25_seed3_20260426T010115Z,res/gnk_high_budget/runs/gnk_gaussian_npe_n500_x25_seed3_20260426T010115Z/validation_curve.csv,res/gnk_high_budget/runs/gnk_gaussian_npe_n500_x25_seed3_20260426T010115Z/validation_curve.pdf,res/gnk_high_budget/runs/gnk_gaussian_npe_n500_x25_seed3_20260426T010115Z/gaussian_npe_u_posterior.npz,res/gnk_high_budget/runs/gnk_gaussian_npe_n500_x25_seed3_20260426T010115Z/posterior_samples_10k.npz,res/gnk_high_budget/runs/gnk_gaussian_npe_n500_x25_seed3_20260426T010115Z/posterior_samples.pkl,res/gnk_high_budget/runs/gnk_gaussian_npe_n500_x25_seed3_20260426T010115Z/metrics.json,res/gnk_high_budget/runs/gnk_gaussian_npe_n500_x25_seed3_20260426T010115Z/timing_metadata.json,res/gnk_high_budget/runs/gnk_gaussian_npe_n500_x25_seed3_20260426T010115Z/logs/stdout.log,res/gnk_high_budget/runs/gnk_gaussian_npe_n500_x25_seed3_20260426T010115Z/logs/stderr.log,,,,checked-no-collisions,Prepared dry-run row; not submitted.
4,4,run,500,11,25,1512500,4,Gaussian-NPE,empirical_gnk_prior_predictive_octile_summaries,gnk_gaussian_npe_n500_x25_seed4_20260426T010115Z,res/gnk_high_budget/configs/gnk_gaussian_npe_n500_x25_seed4_20260426T010115Z.yaml,res/gnk_high_budget/runs/gnk_gaussian_npe_n500_x25_seed4_20260426T010115Z,res/gnk_high_budget/runs/gnk_gaussian_npe_n500_x25_seed4_20260426T010115Z/validation_curve.csv,res/gnk_high_budget/runs/gnk_gaussian_npe_n500_x25_seed4_20260426T010115Z/validation_curve.pdf,res/gnk_high_budget/runs/gnk_gaussian_npe_n500_x25_seed4_20260426T010115Z/gaussian_npe_u_posterior.npz,res/gnk_high_budget/runs/gnk_gaussian_npe_n500_x25_seed4_20260426T010115Z/posterior_samples_10k.npz,res/gnk_high_budget/runs/gnk_gaussian_npe_n500_x25_seed4_20260426T010115Z/posterior_samples.pkl,res/gnk_high_budget/runs/gnk_gaussian_npe_n500_x25_seed4_20260426T010115Z/metrics.json,res/gnk_high_budget/runs/gnk_gaussian_npe_n500_x25_seed4_20260426T010115Z/timing_metadata.json,res/gnk_high_budget/runs/gnk_gaussian_npe_n500_x25_seed4_20260426T010115Z/logs/stdout.log,res/gnk_high_budget/runs/gnk_gaussian_npe_n500_x25_seed4_20260426T010115Z/logs/stderr.log,,,,checked-no-collisions,Prepared dry-run row; not submitted.
5,5,run,500,11,25,1512500,5,Gaussian-NPE,empirical_gnk_prior_predictive_octile_summaries,gnk_gaussian_npe_n500_x25_seed5_20260426T010115Z,res/gnk_high_budget/configs/gnk_gaussian_npe_n500_x25_seed5_20260426T010115Z.yaml,res/gnk_high_budget/runs/gnk_gaussian_npe_n500_x25_seed5_20260426T010115Z,res/gnk_high_budget/runs/gnk_gaussian_npe_n500_x25_seed5_20260426T010115Z/validation_curve.csv,res/gnk_high_budget/runs/gnk_gaussian_npe_n500_x25_seed5_20260426T010115Z/validation_curve.pdf,res/gnk_high_budget/runs/gnk_gaussian_npe_n500_x25_seed5_20260426T010115Z/gaussian_npe_u_posterior.npz,res/gnk_high_budget/runs/gnk_gaussian_npe_n500_x25_seed5_20260426T010115Z/posterior_samples_10k.npz,res/gnk_high_budget/runs/gnk_gaussian_npe_n500_x25_seed5_20260426T010115Z/posterior_samples.pkl,res/gnk_high_budget/runs/gnk_gaussian_npe_n500_x25_seed5_20260426T010115Z/metrics.json,res/gnk_high_budget/runs/gnk_gaussian_npe_n500_x25_seed5_20260426T010115Z/timing_metadata.json,res/gnk_high_budget/runs/gnk_gaussian_npe_n500_x25_seed5_20260426T010115Z/logs/stdout.log,res/gnk_high_budget/runs/gnk_gaussian_npe_n500_x25_seed5_20260426T010115Z/logs/stderr.log,,,,checked-no-collisions,Prepared dry-run row; not submitted.
6,6,run,500,11,25,1512500,6,Gaussian-NPE,empirical_gnk_prior_predictive_octile_summaries,gnk_gaussian_npe_n500_x25_seed6_20260426T010115Z,res/gnk_high_budget/configs/gnk_gaussian_npe_n500_x25_seed6_20260426T010115Z.yaml,res/gnk_high_budget/runs/gnk_gaussian_npe_n500_x25_seed6_20260426T010115Z,res/gnk_high_budget/runs/gnk_gaussian_npe_n500_x25_seed6_20260426T010115Z/validation_curve.csv,res/gnk_high_budget/runs/gnk_gaussian_npe_n500_x25_seed6_20260426T010115Z/validation_curve.pdf,res/gnk_high_budget/runs/gnk_gaussian_npe_n500_x25_seed6_20260426T010115Z/gaussian_npe_u_posterior.npz,res/gnk_high_budget/runs/gnk_gaussian_npe_n500_x25_seed6_20260426T010115Z/posterior_samples_10k.npz,res/gnk_high_budget/runs/gnk_gaussian_npe_n500_x25_seed6_20260426T010115Z/posterior_samples.pkl,res/gnk_high_budget/runs/gnk_gaussian_npe_n500_x25_seed6_20260426T010115Z/metrics.json,res/gnk_high_budget/runs/gnk_gaussian_npe_n500_x25_seed6_20260426T010115Z/timing_metadata.json,res/gnk_high_budget/runs/gnk_gaussian_npe_n500_x25_seed6_20260426T010115Z/logs/stdout.log,res/gnk_high_budget/runs/gnk_gaussian_npe_n500_x25_seed6_20260426T010115Z/logs/stderr.log,,,,checked-no-collisions,Prepared dry-run row; not submitted.
7,7,run,500,11,25,1512500,7,Gaussian-NPE,empirical_gnk_prior_predictive_octile_summaries,gnk_gaussian_npe_n500_x25_seed7_20260426T010115Z,res/gnk_high_budget/configs/gnk_gaussian_npe_n500_x25_seed7_20260426T010115Z.yaml,res/gnk_high_budget/runs/gnk_gaussian_npe_n500_x25_seed7_20260426T010115Z,res/gnk_high_budget/runs/gnk_gaussian_npe_n500_x25_seed7_20260426T010115Z/validation_curve.csv,res/gnk_high_budget/runs/gnk_gaussian_npe_n500_x25_seed7_20260426T010115Z/validation_curve.pdf,res/gnk_high_budget/runs/gnk_gaussian_npe_n500_x25_seed7_20260426T010115Z/gaussian_npe_u_posterior.npz,res/gnk_high_budget/runs/gnk_gaussian_npe_n500_x25_seed7_20260426T010115Z/posterior_samples_10k.npz,res/gnk_high_budget/runs/gnk_gaussian_npe_n500_x25_seed7_20260426T010115Z/posterior_samples.pkl,res/gnk_high_budget/runs/gnk_gaussian_npe_n500_x25_seed7_20260426T010115Z/metrics.json,res/gnk_high_budget/runs/gnk_gaussian_npe_n500_x25_seed7_20260426T010115Z/timing_metadata.json,res/gnk_high_budget/runs/gnk_gaussian_npe_n500_x25_seed7_20260426T010115Z/logs/stdout.log,res/gnk_high_budget/runs/gnk_gaussian_npe_n500_x25_seed7_20260426T010115Z/logs/stderr.log,,,,checked-no-collisions,Prepared dry-run row; not submitted.
8,8,run,500,11,25,1512500,8,Gaussian-NPE,empirical_gnk_prior_predictive_octile_summaries,gnk_gaussian_npe_n500_x25_seed8_20260426T010115Z,res/gnk_high_budget/configs/gnk_gaussian_npe_n500_x25_seed8_20260426T010115Z.yaml,res/gnk_high_budget/runs/gnk_gaussian_npe_n500_x25_seed8_20260426T010115Z,res/gnk_high_budget/runs/gnk_gaussian_npe_n500_x25_seed8_20260426T010115Z/validation_curve.csv,res/gnk_high_budget/runs/gnk_gaussian_npe_n500_x25_seed8_20260426T010115Z/validation_curve.pdf,res/gnk_high_budget/runs/gnk_gaussian_npe_n500_x25_seed8_20260426T010115Z/gaussian_npe_u_posterior.npz,res/gnk_high_budget/runs/gnk_gaussian_npe_n500_x25_seed8_20260426T010115Z/posterior_samples_10k.npz,res/gnk_high_budget/runs/gnk_gaussian_npe_n500_x25_seed8_20260426T010115Z/posterior_samples.pkl,res/gnk_high_budget/runs/gnk_gaussian_npe_n500_x25_seed8_20260426T010115Z/metrics.json,res/gnk_high_budget/runs/gnk_gaussian_npe_n500_x25_seed8_20260426T010115Z/timing_metadata.json,res/gnk_high_budget/runs/gnk_gaussian_npe_n500_x25_seed8_20260426T010115Z/logs/stdout.log,res/gnk_high_budget/runs/gnk_gaussian_npe_n500_x25_seed8_20260426T010115Z/logs/stderr.log,,,,checked-no-collisions,Prepared dry-run row; not submitted.
9,9,run,500,11,25,1512500,9,Gaussian-NPE,empirical_gnk_prior_predictive_octile_summaries,gnk_gaussian_npe_n500_x25_seed9_20260426T010115Z,res/gnk_high_budget/configs/gnk_gaussian_npe_n500_x25_seed9_20260426T010115Z.yaml,res/gnk_high_budget/runs/gnk_gaussian_npe_n500_x25_seed9_20260426T010115Z,res/gnk_high_budget/runs/gnk_gaussian_npe_n500_x25_seed9_20260426T010115Z/validation_curve.csv,res/gnk_high_budget/runs/gnk_gaussian_npe_n500_x25_seed9_20260426T010115Z/validation_curve.pdf,res/gnk_high_budget/runs/gnk_gaussian_npe_n500_x25_seed9_20260426T010115Z/gaussian_npe_u_posterior.npz,res/gnk_high_budget/runs/gnk_gaussian_npe_n500_x25_seed9_20260426T010115Z/posterior_samples_10k.npz,res/gnk_high_budget/runs/gnk_gaussian_npe_n500_x25_seed9_20260426T010115Z/posterior_samples.pkl,res/gnk_high_budget/runs/gnk_gaussian_npe_n500_x25_seed9_20260426T010115Z/metrics.json,res/gnk_high_budget/runs/gnk_gaussian_npe_n500_x25_seed9_20260426T010115Z/timing_metadata.json,res/gnk_high_budget/runs/gnk_gaussian_npe_n500_x25_seed9_20260426T010115Z/logs/stdout.log,res/gnk_high_budget/runs/gnk_gaussian_npe_n500_x25_seed9_20260426T010115Z/logs/stderr.log,,,,checked-no-collisions,Prepared dry-run row; not submitted.
10,10,run,500,11,25,1512500,10,Gaussian-NPE,empirical_gnk_prior_predictive_octile_summaries,gnk_gaussian_npe_n500_x25_seed10_20260426T010115Z,res/gnk_high_budget/configs/gnk_gaussian_npe_n500_x25_seed10_20260426T010115Z.yaml,res/gnk_high_budget/runs/gnk_gaussian_npe_n500_x25_seed10_20260426T010115Z,res/gnk_high_budget/runs/gnk_gaussian_npe_n500_x25_seed10_20260426T010115Z/validation_curve.csv,res/gnk_high_budget/runs/gnk_gaussian_npe_n500_x25_seed10_20260426T010115Z/validation_curve.pdf,res/gnk_high_budget/runs/gnk_gaussian_npe_n500_x25_seed10_20260426T010115Z/gaussian_npe_u_posterior.npz,res/gnk_high_budget/runs/gnk_gaussian_npe_n500_x25_seed10_20260426T010115Z/posterior_samples_10k.npz,res/gnk_high_budget/runs/gnk_gaussian_npe_n500_x25_seed10_20260426T010115Z/posterior_samples.pkl,res/gnk_high_budget/runs/gnk_gaussian_npe_n500_x25_seed10_20260426T010115Z/metrics.json,res/gnk_high_budget/runs/gnk_gaussian_npe_n500_x25_seed10_20260426T010115Z/timing_metadata.json,res/gnk_high_budget/runs/gnk_gaussian_npe_n500_x25_seed10_20260426T010115Z/logs/stdout.log,res/gnk_high_budget/runs/gnk_gaussian_npe_n500_x25_seed10_20260426T010115Z/logs/stderr.log,,,,checked-no-collisions,Prepared dry-run row; not submitted.
11,11,run,500,11,25,1512500,11,Gaussian-NPE,empirical_gnk_prior_predictive_octile_summaries,gnk_gaussian_npe_n500_x25_seed11_20260426T010115Z,res/gnk_high_budget/configs/gnk_gaussian_npe_n500_x25_seed11_20260426T010115Z.yaml,res/gnk_high_budget/runs/gnk_gaussian_npe_n500_x25_seed11_20260426T010115Z,res/gnk_high_budget/runs/gnk_gaussian_npe_n500_x25_seed11_20260426T010115Z/validation_curve.csv,res/gnk_high_budget/runs/gnk_gaussian_npe_n500_x25_seed11_20260426T010115Z/validation_curve.pdf,res/gnk_high_budget/runs/gnk_gaussian_npe_n500_x25_seed11_20260426T010115Z/gaussian_npe_u_posterior.npz,res/gnk_high_budget/runs/gnk_gaussian_npe_n500_x25_seed11_20260426T010115Z/posterior_samples_10k.npz,res/gnk_high_budget/runs/gnk_gaussian_npe_n500_x25_seed11_20260426T010115Z/posterior_samples.pkl,res/gnk_high_budget/runs/gnk_gaussian_npe_n500_x25_seed11_20260426T010115Z/metrics.json,res/gnk_high_budget/runs/gnk_gaussian_npe_n500_x25_seed11_20260426T010115Z/timing_metadata.json,res/gnk_high_budget/runs/gnk_gaussian_npe_n500_x25_seed11_20260426T010115Z/logs/stdout.log,res/gnk_high_budget/runs/gnk_gaussian_npe_n500_x25_seed11_20260426T010115Z/logs/stderr.log,,,,checked-no-collisions,Prepared dry-run row; not submitted.
12,12,run,500,11,25,1512500,12,Gaussian-NPE,empirical_gnk_prior_predictive_octile_summaries,gnk_gaussian_npe_n500_x25_seed12_20260426T010115Z,res/gnk_high_budget/configs/gnk_gaussian_npe_n500_x25_seed12_20260426T010115Z.yaml,res/gnk_high_budget/runs/gnk_gaussian_npe_n500_x25_seed12_20260426T010115Z,res/gnk_high_budget/runs/gnk_gaussian_npe_n500_x25_seed12_20260426T010115Z/validation_curve.csv,res/gnk_high_budget/runs/gnk_gaussian_npe_n500_x25_seed12_20260426T010115Z/validation_curve.pdf,res/gnk_high_budget/runs/gnk_gaussian_npe_n500_x25_seed12_20260426T010115Z/gaussian_npe_u_posterior.npz,res/gnk_high_budget/runs/gnk_gaussian_npe_n500_x25_seed12_20260426T010115Z/posterior_samples_10k.npz,res/gnk_high_budget/runs/gnk_gaussian_npe_n500_x25_seed12_20260426T010115Z/posterior_samples.pkl,res/gnk_high_budget/runs/gnk_gaussian_npe_n500_x25_seed12_20260426T010115Z/metrics.json,res/gnk_high_budget/runs/gnk_gaussian_npe_n500_x25_seed12_20260426T010115Z/timing_metadata.json,res/gnk_high_budget/runs/gnk_gaussian_npe_n500_x25_seed12_20260426T010115Z/logs/stdout.log,res/gnk_high_budget/runs/gnk_gaussian_npe_n500_x25_seed12_20260426T010115Z/logs/stderr.log,,,,checked-no-collisions,Prepared dry-run row; not submitted.
13,13,run,500,11,25,1512500,13,Gaussian-NPE,empirical_gnk_prior_predictive_octile_summaries,gnk_gaussian_npe_n500_x25_seed13_20260426T010115Z,res/gnk_high_budget/configs/gnk_gaussian_npe_n500_x25_seed13_20260426T010115Z.yaml,res/gnk_high_budget/runs/gnk_gaussian_npe_n500_x25_seed13_20260426T010115Z,res/gnk_high_budget/runs/gnk_gaussian_npe_n500_x25_seed13_20260426T010115Z/validation_curve.csv,res/gnk_high_budget/runs/gnk_gaussian_npe_n500_x25_seed13_20260426T010115Z/validation_curve.pdf,res/gnk_high_budget/runs/gnk_gaussian_npe_n500_x25_seed13_20260426T010115Z/gaussian_npe_u_posterior.npz,res/gnk_high_budget/runs/gnk_gaussian_npe_n500_x25_seed13_20260426T010115Z/posterior_samples_10k.npz,res/gnk_high_budget/runs/gnk_gaussian_npe_n500_x25_seed13_20260426T010115Z/posterior_samples.pkl,res/gnk_high_budget/runs/gnk_gaussian_npe_n500_x25_seed13_20260426T010115Z/metrics.json,res/gnk_high_budget/runs/gnk_gaussian_npe_n500_x25_seed13_20260426T010115Z/timing_metadata.json,res/gnk_high_budget/runs/gnk_gaussian_npe_n500_x25_seed13_20260426T010115Z/logs/stdout.log,res/gnk_high_budget/runs/gnk_gaussian_npe_n500_x25_seed13_20260426T010115Z/logs/stderr.log,,,,checked-no-collisions,Prepared dry-run row; not submitted.
14,14,run,500,11,25,1512500,14,Gaussian-NPE,empirical_gnk_prior_predictive_octile_summaries,gnk_gaussian_npe_n500_x25_seed14_20260426T010115Z,res/gnk_high_budget/configs/gnk_gaussian_npe_n500_x25_seed14_20260426T010115Z.yaml,res/gnk_high_budget/runs/gnk_gaussian_npe_n500_x25_seed14_20260426T010115Z,res/gnk_high_budget/runs/gnk_gaussian_npe_n500_x25_seed14_20260426T010115Z/validation_curve.csv,res/gnk_high_budget/runs/gnk_gaussian_npe_n500_x25_seed14_20260426T010115Z/validation_curve.pdf,res/gnk_high_budget/runs/gnk_gaussian_npe_n500_x25_seed14_20260426T010115Z/gaussian_npe_u_posterior.npz,res/gnk_high_budget/runs/gnk_gaussian_npe_n500_x25_seed14_20260426T010115Z/posterior_samples_10k.npz,res/gnk_high_budget/runs/gnk_gaussian_npe_n500_x25_seed14_20260426T010115Z/posterior_samples.pkl,res/gnk_high_budget/runs/gnk_gaussian_npe_n500_x25_seed14_20260426T010115Z/metrics.json,res/gnk_high_budget/runs/gnk_gaussian_npe_n500_x25_seed14_20260426T010115Z/timing_metadata.json,res/gnk_high_budget/runs/gnk_gaussian_npe_n500_x25_seed14_20260426T010115Z/logs/stdout.log,res/gnk_high_budget/runs/gnk_gaussian_npe_n500_x25_seed14_20260426T010115Z/logs/stderr.log,,,,checked-no-collisions,Prepared dry-run row; not submitted.
15,15,run,500,11,25,1512500,15,Gaussian-NPE,empirical_gnk_prior_predictive_octile_summaries,gnk_gaussian_npe_n500_x25_seed15_20260426T010115Z,res/gnk_high_budget/configs/gnk_gaussian_npe_n500_x25_seed15_20260426T010115Z.yaml,res/gnk_high_budget/runs/gnk_gaussian_npe_n500_x25_seed15_20260426T010115Z,res/gnk_high_budget/runs/gnk_gaussian_npe_n500_x25_seed15_20260426T010115Z/validation_curve.csv,res/gnk_high_budget/runs/gnk_gaussian_npe_n500_x25_seed15_20260426T010115Z/validation_curve.pdf,res/gnk_high_budget/runs/gnk_gaussian_npe_n500_x25_seed15_20260426T010115Z/gaussian_npe_u_posterior.npz,res/gnk_high_budget/runs/gnk_gaussian_npe_n500_x25_seed15_20260426T010115Z/posterior_samples_10k.npz,res/gnk_high_budget/runs/gnk_gaussian_npe_n500_x25_seed15_20260426T010115Z/posterior_samples.pkl,res/gnk_high_budget/runs/gnk_gaussian_npe_n500_x25_seed15_20260426T010115Z/metrics.json,res/gnk_high_budget/runs/gnk_gaussian_npe_n500_x25_seed15_20260426T010115Z/timing_metadata.json,res/gnk_high_budget/runs/gnk_gaussian_npe_n500_x25_seed15_20260426T010115Z/logs/stdout.log,res/gnk_high_budget/runs/gnk_gaussian_npe_n500_x25_seed15_20260426T010115Z/logs/stderr.log,,,,checked-no-collisions,Prepared dry-run row; not submitted.
16,16,run,500,11,25,1512500,16,Gaussian-NPE,empirical_gnk_prior_predictive_octile_summaries,gnk_gaussian_npe_n500_x25_seed16_20260426T010115Z,res/gnk_high_budget/configs/gnk_gaussian_npe_n500_x25_seed16_20260426T010115Z.yaml,res/gnk_high_budget/runs/gnk_gaussian_npe_n500_x25_seed16_20260426T010115Z,res/gnk_high_budget/runs/gnk_gaussian_npe_n500_x25_seed16_20260426T010115Z/validation_curve.csv,res/gnk_high_budget/runs/gnk_gaussian_npe_n500_x25_seed16_20260426T010115Z/validation_curve.pdf,res/gnk_high_budget/runs/gnk_gaussian_npe_n500_x25_seed16_20260426T010115Z/gaussian_npe_u_posterior.npz,res/gnk_high_budget/runs/gnk_gaussian_npe_n500_x25_seed16_20260426T010115Z/posterior_samples_10k.npz,res/gnk_high_budget/runs/gnk_gaussian_npe_n500_x25_seed16_20260426T010115Z/posterior_samples.pkl,res/gnk_high_budget/runs/gnk_gaussian_npe_n500_x25_seed16_20260426T010115Z/metrics.json,res/gnk_high_budget/runs/gnk_gaussian_npe_n500_x25_seed16_20260426T010115Z/timing_metadata.json,res/gnk_high_budget/runs/gnk_gaussian_npe_n500_x25_seed16_20260426T010115Z/logs/stdout.log,res/gnk_high_budget/runs/gnk_gaussian_npe_n500_x25_seed16_20260426T010115Z/logs/stderr.log,,,,checked-no-collisions,Prepared dry-run row; not submitted.
17,17,run,500,11,25,1512500,17,Gaussian-NPE,empirical_gnk_prior_predictive_octile_summaries,gnk_gaussian_npe_n500_x25_seed17_20260426T010115Z,res/gnk_high_budget/configs/gnk_gaussian_npe_n500_x25_seed17_20260426T010115Z.yaml,res/gnk_high_budget/runs/gnk_gaussian_npe_n500_x25_seed17_20260426T010115Z,res/gnk_high_budget/runs/gnk_gaussian_npe_n500_x25_seed17_20260426T010115Z/validation_curve.csv,res/gnk_high_budget/runs/gnk_gaussian_npe_n500_x25_seed17_20260426T010115Z/validation_curve.pdf,res/gnk_high_budget/runs/gnk_gaussian_npe_n500_x25_seed17_20260426T010115Z/gaussian_npe_u_posterior.npz,res/gnk_high_budget/runs/gnk_gaussian_npe_n500_x25_seed17_20260426T010115Z/posterior_samples_10k.npz,res/gnk_high_budget/runs/gnk_gaussian_npe_n500_x25_seed17_20260426T010115Z/posterior_samples.pkl,res/gnk_high_budget/runs/gnk_gaussian_npe_n500_x25_seed17_20260426T010115Z/metrics.json,res/gnk_high_budget/runs/gnk_gaussian_npe_n500_x25_seed17_20260426T010115Z/timing_metadata.json,res/gnk_high_budget/runs/gnk_gaussian_npe_n500_x25_seed17_20260426T010115Z/logs/stdout.log,res/gnk_high_budget/runs/gnk_gaussian_npe_n500_x25_seed17_20260426T010115Z/logs/stderr.log,,,,checked-no-collisions,Prepared dry-run row; not submitted.
18,18,run,500,11,25,1512500,18,Gaussian-NPE,empirical_gnk_prior_predictive_octile_summaries,gnk_gaussian_npe_n500_x25_seed18_20260426T010115Z,res/gnk_high_budget/configs/gnk_gaussian_npe_n500_x25_seed18_20260426T010115Z.yaml,res/gnk_high_budget/runs/gnk_gaussian_npe_n500_x25_seed18_20260426T010115Z,res/gnk_high_budget/runs/gnk_gaussian_npe_n500_x25_seed18_20260426T010115Z/validation_curve.csv,res/gnk_high_budget/runs/gnk_gaussian_npe_n500_x25_seed18_20260426T010115Z/validation_curve.pdf,res/gnk_high_budget/runs/gnk_gaussian_npe_n500_x25_seed18_20260426T010115Z/gaussian_npe_u_posterior.npz,res/gnk_high_budget/runs/gnk_gaussian_npe_n500_x25_seed18_20260426T010115Z/posterior_samples_10k.npz,res/gnk_high_budget/runs/gnk_gaussian_npe_n500_x25_seed18_20260426T010115Z/posterior_samples.pkl,res/gnk_high_budget/runs/gnk_gaussian_npe_n500_x25_seed18_20260426T010115Z/metrics.json,res/gnk_high_budget/runs/gnk_gaussian_npe_n500_x25_seed18_20260426T010115Z/timing_metadata.json,res/gnk_high_budget/runs/gnk_gaussian_npe_n500_x25_seed18_20260426T010115Z/logs/stdout.log,res/gnk_high_budget/runs/gnk_gaussian_npe_n500_x25_seed18_20260426T010115Z/logs/stderr.log,,,,checked-no-collisions,Prepared dry-run row; not submitted.
19,19,run,500,11,25,1512500,19,Gaussian-NPE,empirical_gnk_prior_predictive_octile_summaries,gnk_gaussian_npe_n500_x25_seed19_20260426T010115Z,res/gnk_high_budget/configs/gnk_gaussian_npe_n500_x25_seed19_20260426T010115Z.yaml,res/gnk_high_budget/runs/gnk_gaussian_npe_n500_x25_seed19_20260426T010115Z,res/gnk_high_budget/runs/gnk_gaussian_npe_n500_x25_seed19_20260426T010115Z/validation_curve.csv,res/gnk_high_budget/runs/gnk_gaussian_npe_n500_x25_seed19_20260426T010115Z/validation_curve.pdf,res/gnk_high_budget/runs/gnk_gaussian_npe_n500_x25_seed19_20260426T010115Z/gaussian_npe_u_posterior.npz,res/gnk_high_budget/runs/gnk_gaussian_npe_n500_x25_seed19_20260426T010115Z/posterior_samples_10k.npz,res/gnk_high_budget/runs/gnk_gaussian_npe_n500_x25_seed19_20260426T010115Z/posterior_samples.pkl,res/gnk_high_budget/runs/gnk_gaussian_npe_n500_x25_seed19_20260426T010115Z/metrics.json,res/gnk_high_budget/runs/gnk_gaussian_npe_n500_x25_seed19_20260426T010115Z/timing_metadata.json,res/gnk_high_budget/runs/gnk_gaussian_npe_n500_x25_seed19_20260426T010115Z/logs/stdout.log,res/gnk_high_budget/runs/gnk_gaussian_npe_n500_x25_seed19_20260426T010115Z/logs/stderr.log,,,,checked-no-collisions,Prepared dry-run row; not submitted.
20,20,run,500,11,25,1512500,20,Gaussian-NPE,empirical_gnk_prior_predictive_octile_summaries,gnk_gaussian_npe_n500_x25_seed20_20260426T010115Z,res/gnk_high_budget/configs/gnk_gaussian_npe_n500_x25_seed20_20260426T010115Z.yaml,res/gnk_high_budget/runs/gnk_gaussian_npe_n500_x25_seed20_20260426T010115Z,res/gnk_high_budget/runs/gnk_gaussian_npe_n500_x25_seed20_20260426T010115Z/validation_curve.csv,res/gnk_high_budget/runs/gnk_gaussian_npe_n500_x25_seed20_20260426T010115Z/validation_curve.pdf,res/gnk_high_budget/runs/gnk_gaussian_npe_n500_x25_seed20_20260426T010115Z/gaussian_npe_u_posterior.npz,res/gnk_high_budget/runs/gnk_gaussian_npe_n500_x25_seed20_20260426T010115Z/posterior_samples_10k.npz,res/gnk_high_budget/runs/gnk_gaussian_npe_n500_x25_seed20_20260426T010115Z/posterior_samples.pkl,res/gnk_high_budget/runs/gnk_gaussian_npe_n500_x25_seed20_20260426T010115Z/metrics.json,res/gnk_high_budget/runs/gnk_gaussian_npe_n500_x25_seed20_20260426T010115Z/timing_metadata.json,res/gnk_high_budget/runs/gnk_gaussian_npe_n500_x25_seed20_20260426T010115Z/logs/stdout.log,res/gnk_high_budget/runs/gnk_gaussian_npe_n500_x25_seed20_20260426T010115Z/logs/stderr.log,,,,checked-no-collisions,Prepared dry-run row; not submitted.
21,21,run,500,11,25,1512500,21,Gaussian-NPE,empirical_gnk_prior_predictive_octile_summaries,gnk_gaussian_npe_n500_x25_seed21_20260426T010115Z,res/gnk_high_budget/configs/gnk_gaussian_npe_n500_x25_seed21_20260426T010115Z.yaml,res/gnk_high_budget/runs/gnk_gaussian_npe_n500_x25_seed21_20260426T010115Z,res/gnk_high_budget/runs/gnk_gaussian_npe_n500_x25_seed21_20260426T010115Z/validation_curve.csv,res/gnk_high_budget/runs/gnk_gaussian_npe_n500_x25_seed21_20260426T010115Z/validation_curve.pdf,res/gnk_high_budget/runs/gnk_gaussian_npe_n500_x25_seed21_20260426T010115Z/gaussian_npe_u_posterior.npz,res/gnk_high_budget/runs/gnk_gaussian_npe_n500_x25_seed21_20260426T010115Z/posterior_samples_10k.npz,res/gnk_high_budget/runs/gnk_gaussian_npe_n500_x25_seed21_20260426T010115Z/posterior_samples.pkl,res/gnk_high_budget/runs/gnk_gaussian_npe_n500_x25_seed21_20260426T010115Z/metrics.json,res/gnk_high_budget/runs/gnk_gaussian_npe_n500_x25_seed21_20260426T010115Z/timing_metadata.json,res/gnk_high_budget/runs/gnk_gaussian_npe_n500_x25_seed21_20260426T010115Z/logs/stdout.log,res/gnk_high_budget/runs/gnk_gaussian_npe_n500_x25_seed21_20260426T010115Z/logs/stderr.log,,,,checked-no-collisions,Prepared dry-run row; not submitted.
22,22,run,500,11,25,1512500,22,Gaussian-NPE,empirical_gnk_prior_predictive_octile_summaries,gnk_gaussian_npe_n500_x25_seed22_20260426T010115Z,res/gnk_high_budget/configs/gnk_gaussian_npe_n500_x25_seed22_20260426T010115Z.yaml,res/gnk_high_budget/runs/gnk_gaussian_npe_n500_x25_seed22_20260426T010115Z,res/gnk_high_budget/runs/gnk_gaussian_npe_n500_x25_seed22_20260426T010115Z/validation_curve.csv,res/gnk_high_budget/runs/gnk_gaussian_npe_n500_x25_seed22_20260426T010115Z/validation_curve.pdf,res/gnk_high_budget/runs/gnk_gaussian_npe_n500_x25_seed22_20260426T010115Z/gaussian_npe_u_posterior.npz,res/gnk_high_budget/runs/gnk_gaussian_npe_n500_x25_seed22_20260426T010115Z/posterior_samples_10k.npz,res/gnk_high_budget/runs/gnk_gaussian_npe_n500_x25_seed22_20260426T010115Z/posterior_samples.pkl,res/gnk_high_budget/runs/gnk_gaussian_npe_n500_x25_seed22_20260426T010115Z/metrics.json,res/gnk_high_budget/runs/gnk_gaussian_npe_n500_x25_seed22_20260426T010115Z/timing_metadata.json,res/gnk_high_budget/runs/gnk_gaussian_npe_n500_x25_seed22_20260426T010115Z/logs/stdout.log,res/gnk_high_budget/runs/gnk_gaussian_npe_n500_x25_seed22_20260426T010115Z/logs/stderr.log,,,,checked-no-collisions,Prepared dry-run row; not submitted.
23,23,run,500,11,25,1512500,23,Gaussian-NPE,empirical_gnk_prior_predictive_octile_summaries,gnk_gaussian_npe_n500_x25_seed23_20260426T010115Z,res/gnk_high_budget/configs/gnk_gaussian_npe_n500_x25_seed23_20260426T010115Z.yaml,res/gnk_high_budget/runs/gnk_gaussian_npe_n500_x25_seed23_20260426T010115Z,res/gnk_high_budget/runs/gnk_gaussian_npe_n500_x25_seed23_20260426T010115Z/validation_curve.csv,res/gnk_high_budget/runs/gnk_gaussian_npe_n500_x25_seed23_20260426T010115Z/validation_curve.pdf,res/gnk_high_budget/runs/gnk_gaussian_npe_n500_x25_seed23_20260426T010115Z/gaussian_npe_u_posterior.npz,res/gnk_high_budget/runs/gnk_gaussian_npe_n500_x25_seed23_20260426T010115Z/posterior_samples_10k.npz,res/gnk_high_budget/runs/gnk_gaussian_npe_n500_x25_seed23_20260426T010115Z/posterior_samples.pkl,res/gnk_high_budget/runs/gnk_gaussian_npe_n500_x25_seed23_20260426T010115Z/metrics.json,res/gnk_high_budget/runs/gnk_gaussian_npe_n500_x25_seed23_20260426T010115Z/timing_metadata.json,res/gnk_high_budget/runs/gnk_gaussian_npe_n500_x25_seed23_20260426T010115Z/logs/stdout.log,res/gnk_high_budget/runs/gnk_gaussian_npe_n500_x25_seed23_20260426T010115Z/logs/stderr.log,,,,checked-no-collisions,Prepared dry-run row; not submitted.
24,24,run,500,11,25,1512500,24,Gaussian-NPE,empirical_gnk_prior_predictive_octile_summaries,gnk_gaussian_npe_n500_x25_seed24_20260426T010115Z,res/gnk_high_budget/configs/gnk_gaussian_npe_n500_x25_seed24_20260426T010115Z.yaml,res/gnk_high_budget/runs/gnk_gaussian_npe_n500_x25_seed24_20260426T010115Z,res/gnk_high_budget/runs/gnk_gaussian_npe_n500_x25_seed24_20260426T010115Z/validation_curve.csv,res/gnk_high_budget/runs/gnk_gaussian_npe_n500_x25_seed24_20260426T010115Z/validation_curve.pdf,res/gnk_high_budget/runs/gnk_gaussian_npe_n500_x25_seed24_20260426T010115Z/gaussian_npe_u_posterior.npz,res/gnk_high_budget/runs/gnk_gaussian_npe_n500_x25_seed24_20260426T010115Z/posterior_samples_10k.npz,res/gnk_high_budget/runs/gnk_gaussian_npe_n500_x25_seed24_20260426T010115Z/posterior_samples.pkl,res/gnk_high_budget/runs/gnk_gaussian_npe_n500_x25_seed24_20260426T010115Z/metrics.json,res/gnk_high_budget/runs/gnk_gaussian_npe_n500_x25_seed24_20260426T010115Z/timing_metadata.json,res/gnk_high_budget/runs/gnk_gaussian_npe_n500_x25_seed24_20260426T010115Z/logs/stdout.log,res/gnk_high_budget/runs/gnk_gaussian_npe_n500_x25_seed24_20260426T010115Z/logs/stderr.log,,,,checked-no-collisions,Prepared dry-run row; not submitted.
25,25,run,500,11,25,1512500,25,Gaussian-NPE,empirical_gnk_prior_predictive_octile_summaries,gnk_gaussian_npe_n500_x25_seed25_20260426T010115Z,res/gnk_high_budget/configs/gnk_gaussian_npe_n500_x25_seed25_20260426T010115Z.yaml,res/gnk_high_budget/runs/gnk_gaussian_npe_n500_x25_seed25_20260426T010115Z,res/gnk_high_budget/runs/gnk_gaussian_npe_n500_x25_seed25_20260426T010115Z/validation_curve.csv,res/gnk_high_budget/runs/gnk_gaussian_npe_n500_x25_seed25_20260426T010115Z/validation_curve.pdf,res/gnk_high_budget/runs/gnk_gaussian_npe_n500_x25_seed25_20260426T010115Z/gaussian_npe_u_posterior.npz,res/gnk_high_budget/runs/gnk_gaussian_npe_n500_x25_seed25_20260426T010115Z/posterior_samples_10k.npz,res/gnk_high_budget/runs/gnk_gaussian_npe_n500_x25_seed25_20260426T010115Z/posterior_samples.pkl,res/gnk_high_budget/runs/gnk_gaussian_npe_n500_x25_seed25_20260426T010115Z/metrics.json,res/gnk_high_budget/runs/gnk_gaussian_npe_n500_x25_seed25_20260426T010115Z/timing_metadata.json,res/gnk_high_budget/runs/gnk_gaussian_npe_n500_x25_seed25_20260426T010115Z/logs/stdout.log,res/gnk_high_budget/runs/gnk_gaussian_npe_n500_x25_seed25_20260426T010115Z/logs/stderr.log,,,,checked-no-collisions,Prepared dry-run row; not submitted.
26,26,run,500,11,25,1512500,26,Gaussian-NPE,empirical_gnk_prior_predictive_octile_summaries,gnk_gaussian_npe_n500_x25_seed26_20260426T010115Z,res/gnk_high_budget/configs/gnk_gaussian_npe_n500_x25_seed26_20260426T010115Z.yaml,res/gnk_high_budget/runs/gnk_gaussian_npe_n500_x25_seed26_20260426T010115Z,res/gnk_high_budget/runs/gnk_gaussian_npe_n500_x25_seed26_20260426T010115Z/validation_curve.csv,res/gnk_high_budget/runs/gnk_gaussian_npe_n500_x25_seed26_20260426T010115Z/validation_curve.pdf,res/gnk_high_budget/runs/gnk_gaussian_npe_n500_x25_seed26_20260426T010115Z/gaussian_npe_u_posterior.npz,res/gnk_high_budget/runs/gnk_gaussian_npe_n500_x25_seed26_20260426T010115Z/posterior_samples_10k.npz,res/gnk_high_budget/runs/gnk_gaussian_npe_n500_x25_seed26_20260426T010115Z/posterior_samples.pkl,res/gnk_high_budget/runs/gnk_gaussian_npe_n500_x25_seed26_20260426T010115Z/metrics.json,res/gnk_high_budget/runs/gnk_gaussian_npe_n500_x25_seed26_20260426T010115Z/timing_metadata.json,res/gnk_high_budget/runs/gnk_gaussian_npe_n500_x25_seed26_20260426T010115Z/logs/stdout.log,res/gnk_high_budget/runs/gnk_gaussian_npe_n500_x25_seed26_20260426T010115Z/logs/stderr.log,,,,checked-no-collisions,Prepared dry-run row; not submitted.
27,27,run,500,11,25,1512500,27,Gaussian-NPE,empirical_gnk_prior_predictive_octile_summaries,gnk_gaussian_npe_n500_x25_seed27_20260426T010115Z,res/gnk_high_budget/configs/gnk_gaussian_npe_n500_x25_seed27_20260426T010115Z.yaml,res/gnk_high_budget/runs/gnk_gaussian_npe_n500_x25_seed27_20260426T010115Z,res/gnk_high_budget/runs/gnk_gaussian_npe_n500_x25_seed27_20260426T010115Z/validation_curve.csv,res/gnk_high_budget/runs/gnk_gaussian_npe_n500_x25_seed27_20260426T010115Z/validation_curve.pdf,res/gnk_high_budget/runs/gnk_gaussian_npe_n500_x25_seed27_20260426T010115Z/gaussian_npe_u_posterior.npz,res/gnk_high_budget/runs/gnk_gaussian_npe_n500_x25_seed27_20260426T010115Z/posterior_samples_10k.npz,res/gnk_high_budget/runs/gnk_gaussian_npe_n500_x25_seed27_20260426T010115Z/posterior_samples.pkl,res/gnk_high_budget/runs/gnk_gaussian_npe_n500_x25_seed27_20260426T010115Z/metrics.json,res/gnk_high_budget/runs/gnk_gaussian_npe_n500_x25_seed27_20260426T010115Z/timing_metadata.json,res/gnk_high_budget/runs/gnk_gaussian_npe_n500_x25_seed27_20260426T010115Z/logs/stdout.log,res/gnk_high_budget/runs/gnk_gaussian_npe_n500_x25_seed27_20260426T010115Z/logs/stderr.log,,,,checked-no-collisions,Prepared dry-run row; not submitted.
28,28,run,500,11,25,1512500,28,Gaussian-NPE,empirical_gnk_prior_predictive_octile_summaries,gnk_gaussian_npe_n500_x25_seed28_20260426T010115Z,res/gnk_high_budget/configs/gnk_gaussian_npe_n500_x25_seed28_20260426T010115Z.yaml,res/gnk_high_budget/runs/gnk_gaussian_npe_n500_x25_seed28_20260426T010115Z,res/gnk_high_budget/runs/gnk_gaussian_npe_n500_x25_seed28_20260426T010115Z/validation_curve.csv,res/gnk_high_budget/runs/gnk_gaussian_npe_n500_x25_seed28_20260426T010115Z/validation_curve.pdf,res/gnk_high_budget/runs/gnk_gaussian_npe_n500_x25_seed28_20260426T010115Z/gaussian_npe_u_posterior.npz,res/gnk_high_budget/runs/gnk_gaussian_npe_n500_x25_seed28_20260426T010115Z/posterior_samples_10k.npz,res/gnk_high_budget/runs/gnk_gaussian_npe_n500_x25_seed28_20260426T010115Z/posterior_samples.pkl,res/gnk_high_budget/runs/gnk_gaussian_npe_n500_x25_seed28_20260426T010115Z/metrics.json,res/gnk_high_budget/runs/gnk_gaussian_npe_n500_x25_seed28_20260426T010115Z/timing_metadata.json,res/gnk_high_budget/runs/gnk_gaussian_npe_n500_x25_seed28_20260426T010115Z/logs/stdout.log,res/gnk_high_budget/runs/gnk_gaussian_npe_n500_x25_seed28_20260426T010115Z/logs/stderr.log,,,,checked-no-collisions,Prepared dry-run row; not submitted.
29,29,run,500,11,25,1512500,29,Gaussian-NPE,empirical_gnk_prior_predictive_octile_summaries,gnk_gaussian_npe_n500_x25_seed29_20260426T010115Z,res/gnk_high_budget/configs/gnk_gaussian_npe_n500_x25_seed29_20260426T010115Z.yaml,res/gnk_high_budget/runs/gnk_gaussian_npe_n500_x25_seed29_20260426T010115Z,res/gnk_high_budget/runs/gnk_gaussian_npe_n500_x25_seed29_20260426T010115Z/validation_curve.csv,res/gnk_high_budget/runs/gnk_gaussian_npe_n500_x25_seed29_20260426T010115Z/validation_curve.pdf,res/gnk_high_budget/runs/gnk_gaussian_npe_n500_x25_seed29_20260426T010115Z/gaussian_npe_u_posterior.npz,res/gnk_high_budget/runs/gnk_gaussian_npe_n500_x25_seed29_20260426T010115Z/posterior_samples_10k.npz,res/gnk_high_budget/runs/gnk_gaussian_npe_n500_x25_seed29_20260426T010115Z/posterior_samples.pkl,res/gnk_high_budget/runs/gnk_gaussian_npe_n500_x25_seed29_20260426T010115Z/metrics.json,res/gnk_high_budget/runs/gnk_gaussian_npe_n500_x25_seed29_20260426T010115Z/timing_metadata.json,res/gnk_high_budget/runs/gnk_gaussian_npe_n500_x25_seed29_20260426T010115Z/logs/stdout.log,res/gnk_high_budget/runs/gnk_gaussian_npe_n500_x25_seed29_20260426T010115Z/logs/stderr.log,,,,checked-no-collisions,Prepared dry-run row; not submitted.
30,30,run,500,11,25,1512500,30,Gaussian-NPE,empirical_gnk_prior_predictive_octile_summaries,gnk_gaussian_npe_n500_x25_seed30_20260426T010115Z,res/gnk_high_budget/configs/gnk_gaussian_npe_n500_x25_seed30_20260426T010115Z.yaml,res/gnk_high_budget/runs/gnk_gaussian_npe_n500_x25_seed30_20260426T010115Z,res/gnk_high_budget/runs/gnk_gaussian_npe_n500_x25_seed30_20260426T010115Z/validation_curve.csv,res/gnk_high_budget/runs/gnk_gaussian_npe_n500_x25_seed30_20260426T010115Z/validation_curve.pdf,res/gnk_high_budget/runs/gnk_gaussian_npe_n500_x25_seed30_20260426T010115Z/gaussian_npe_u_posterior.npz,res/gnk_high_budget/runs/gnk_gaussian_npe_n500_x25_seed30_20260426T010115Z/posterior_samples_10k.npz,res/gnk_high_budget/runs/gnk_gaussian_npe_n500_x25_seed30_20260426T010115Z/posterior_samples.pkl,res/gnk_high_budget/runs/gnk_gaussian_npe_n500_x25_seed30_20260426T010115Z/metrics.json,res/gnk_high_budget/runs/gnk_gaussian_npe_n500_x25_seed30_20260426T010115Z/timing_metadata.json,res/gnk_high_budget/runs/gnk_gaussian_npe_n500_x25_seed30_20260426T010115Z/logs/stdout.log,res/gnk_high_budget/runs/gnk_gaussian_npe_n500_x25_seed30_20260426T010115Z/logs/stderr.log,,,,checked-no-collisions,Prepared dry-run row; not submitted.
31,31,run,500,11,25,1512500,31,Gaussian-NPE,empirical_gnk_prior_predictive_octile_summaries,gnk_gaussian_npe_n500_x25_seed31_20260426T010115Z,res/gnk_high_budget/configs/gnk_gaussian_npe_n500_x25_seed31_20260426T010115Z.yaml,res/gnk_high_budget/runs/gnk_gaussian_npe_n500_x25_seed31_20260426T010115Z,res/gnk_high_budget/runs/gnk_gaussian_npe_n500_x25_seed31_20260426T010115Z/validation_curve.csv,res/gnk_high_budget/runs/gnk_gaussian_npe_n500_x25_seed31_20260426T010115Z/validation_curve.pdf,res/gnk_high_budget/runs/gnk_gaussian_npe_n500_x25_seed31_20260426T010115Z/gaussian_npe_u_posterior.npz,res/gnk_high_budget/runs/gnk_gaussian_npe_n500_x25_seed31_20260426T010115Z/posterior_samples_10k.npz,res/gnk_high_budget/runs/gnk_gaussian_npe_n500_x25_seed31_20260426T010115Z/posterior_samples.pkl,res/gnk_high_budget/runs/gnk_gaussian_npe_n500_x25_seed31_20260426T010115Z/metrics.json,res/gnk_high_budget/runs/gnk_gaussian_npe_n500_x25_seed31_20260426T010115Z/timing_metadata.json,res/gnk_high_budget/runs/gnk_gaussian_npe_n500_x25_seed31_20260426T010115Z/logs/stdout.log,res/gnk_high_budget/runs/gnk_gaussian_npe_n500_x25_seed31_20260426T010115Z/logs/stderr.log,,,,checked-no-collisions,Prepared dry-run row; not submitted.
32,32,run,500,11,25,1512500,32,Gaussian-NPE,empirical_gnk_prior_predictive_octile_summaries,gnk_gaussian_npe_n500_x25_seed32_20260426T010115Z,res/gnk_high_budget/configs/gnk_gaussian_npe_n500_x25_seed32_20260426T010115Z.yaml,res/gnk_high_budget/runs/gnk_gaussian_npe_n500_x25_seed32_20260426T010115Z,res/gnk_high_budget/runs/gnk_gaussian_npe_n500_x25_seed32_20260426T010115Z/validation_curve.csv,res/gnk_high_budget/runs/gnk_gaussian_npe_n500_x25_seed32_20260426T010115Z/validation_curve.pdf,res/gnk_high_budget/runs/gnk_gaussian_npe_n500_x25_seed32_20260426T010115Z/gaussian_npe_u_posterior.npz,res/gnk_high_budget/runs/gnk_gaussian_npe_n500_x25_seed32_20260426T010115Z/posterior_samples_10k.npz,res/gnk_high_budget/runs/gnk_gaussian_npe_n500_x25_seed32_20260426T010115Z/posterior_samples.pkl,res/gnk_high_budget/runs/gnk_gaussian_npe_n500_x25_seed32_20260426T010115Z/metrics.json,res/gnk_high_budget/runs/gnk_gaussian_npe_n500_x25_seed32_20260426T010115Z/timing_metadata.json,res/gnk_high_budget/runs/gnk_gaussian_npe_n500_x25_seed32_20260426T010115Z/logs/stdout.log,res/gnk_high_budget/runs/gnk_gaussian_npe_n500_x25_seed32_20260426T010115Z/logs/stderr.log,,,,checked-no-collisions,Prepared dry-run row; not submitted.
33,33,run,500,11,25,1512500,33,Gaussian-NPE,empirical_gnk_prior_predictive_octile_summaries,gnk_gaussian_npe_n500_x25_seed33_20260426T010115Z,res/gnk_high_budget/configs/gnk_gaussian_npe_n500_x25_seed33_20260426T010115Z.yaml,res/gnk_high_budget/runs/gnk_gaussian_npe_n500_x25_seed33_20260426T010115Z,res/gnk_high_budget/runs/gnk_gaussian_npe_n500_x25_seed33_20260426T010115Z/validation_curve.csv,res/gnk_high_budget/runs/gnk_gaussian_npe_n500_x25_seed33_20260426T010115Z/validation_curve.pdf,res/gnk_high_budget/runs/gnk_gaussian_npe_n500_x25_seed33_20260426T010115Z/gaussian_npe_u_posterior.npz,res/gnk_high_budget/runs/gnk_gaussian_npe_n500_x25_seed33_20260426T010115Z/posterior_samples_10k.npz,res/gnk_high_budget/runs/gnk_gaussian_npe_n500_x25_seed33_20260426T010115Z/posterior_samples.pkl,res/gnk_high_budget/runs/gnk_gaussian_npe_n500_x25_seed33_20260426T010115Z/metrics.json,res/gnk_high_budget/runs/gnk_gaussian_npe_n500_x25_seed33_20260426T010115Z/timing_metadata.json,res/gnk_high_budget/runs/gnk_gaussian_npe_n500_x25_seed33_20260426T010115Z/logs/stdout.log,res/gnk_high_budget/runs/gnk_gaussian_npe_n500_x25_seed33_20260426T010115Z/logs/stderr.log,,,,checked-no-collisions,Prepared dry-run row; not submitted.
34,34,run,500,11,25,1512500,34,Gaussian-NPE,empirical_gnk_prior_predictive_octile_summaries,gnk_gaussian_npe_n500_x25_seed34_20260426T010115Z,res/gnk_high_budget/configs/gnk_gaussian_npe_n500_x25_seed34_20260426T010115Z.yaml,res/gnk_high_budget/runs/gnk_gaussian_npe_n500_x25_seed34_20260426T010115Z,res/gnk_high_budget/runs/gnk_gaussian_npe_n500_x25_seed34_20260426T010115Z/validation_curve.csv,res/gnk_high_budget/runs/gnk_gaussian_npe_n500_x25_seed34_20260426T010115Z/validation_curve.pdf,res/gnk_high_budget/runs/gnk_gaussian_npe_n500_x25_seed34_20260426T010115Z/gaussian_npe_u_posterior.npz,res/gnk_high_budget/runs/gnk_gaussian_npe_n500_x25_seed34_20260426T010115Z/posterior_samples_10k.npz,res/gnk_high_budget/runs/gnk_gaussian_npe_n500_x25_seed34_20260426T010115Z/posterior_samples.pkl,res/gnk_high_budget/runs/gnk_gaussian_npe_n500_x25_seed34_20260426T010115Z/metrics.json,res/gnk_high_budget/runs/gnk_gaussian_npe_n500_x25_seed34_20260426T010115Z/timing_metadata.json,res/gnk_high_budget/runs/gnk_gaussian_npe_n500_x25_seed34_20260426T010115Z/logs/stdout.log,res/gnk_high_budget/runs/gnk_gaussian_npe_n500_x25_seed34_20260426T010115Z/logs/stderr.log,,,,checked-no-collisions,Prepared dry-run row; not submitted.
35,35,run,500,11,25,1512500,35,Gaussian-NPE,empirical_gnk_prior_predictive_octile_summaries,gnk_gaussian_npe_n500_x25_seed35_20260426T010115Z,res/gnk_high_budget/configs/gnk_gaussian_npe_n500_x25_seed35_20260426T010115Z.yaml,res/gnk_high_budget/runs/gnk_gaussian_npe_n500_x25_seed35_20260426T010115Z,res/gnk_high_budget/runs/gnk_gaussian_npe_n500_x25_seed35_20260426T010115Z/validation_curve.csv,res/gnk_high_budget/runs/gnk_gaussian_npe_n500_x25_seed35_20260426T010115Z/validation_curve.pdf,res/gnk_high_budget/runs/gnk_gaussian_npe_n500_x25_seed35_20260426T010115Z/gaussian_npe_u_posterior.npz,res/gnk_high_budget/runs/gnk_gaussian_npe_n500_x25_seed35_20260426T010115Z/posterior_samples_10k.npz,res/gnk_high_budget/runs/gnk_gaussian_npe_n500_x25_seed35_20260426T010115Z/posterior_samples.pkl,res/gnk_high_budget/runs/gnk_gaussian_npe_n500_x25_seed35_20260426T010115Z/metrics.json,res/gnk_high_budget/runs/gnk_gaussian_npe_n500_x25_seed35_20260426T010115Z/timing_metadata.json,res/gnk_high_budget/runs/gnk_gaussian_npe_n500_x25_seed35_20260426T010115Z/logs/stdout.log,res/gnk_high_budget/runs/gnk_gaussian_npe_n500_x25_seed35_20260426T010115Z/logs/stderr.log,,,,checked-no-collisions,Prepared dry-run row; not submitted.
36,36,run,500,11,25,1512500,36,Gaussian-NPE,empirical_gnk_prior_predictive_octile_summaries,gnk_gaussian_npe_n500_x25_seed36_20260426T010115Z,res/gnk_high_budget/configs/gnk_gaussian_npe_n500_x25_seed36_20260426T010115Z.yaml,res/gnk_high_budget/runs/gnk_gaussian_npe_n500_x25_seed36_20260426T010115Z,res/gnk_high_budget/runs/gnk_gaussian_npe_n500_x25_seed36_20260426T010115Z/validation_curve.csv,res/gnk_high_budget/runs/gnk_gaussian_npe_n500_x25_seed36_20260426T010115Z/validation_curve.pdf,res/gnk_high_budget/runs/gnk_gaussian_npe_n500_x25_seed36_20260426T010115Z/gaussian_npe_u_posterior.npz,res/gnk_high_budget/runs/gnk_gaussian_npe_n500_x25_seed36_20260426T010115Z/posterior_samples_10k.npz,res/gnk_high_budget/runs/gnk_gaussian_npe_n500_x25_seed36_20260426T010115Z/posterior_samples.pkl,res/gnk_high_budget/runs/gnk_gaussian_npe_n500_x25_seed36_20260426T010115Z/metrics.json,res/gnk_high_budget/runs/gnk_gaussian_npe_n500_x25_seed36_20260426T010115Z/timing_metadata.json,res/gnk_high_budget/runs/gnk_gaussian_npe_n500_x25_seed36_20260426T010115Z/logs/stdout.log,res/gnk_high_budget/runs/gnk_gaussian_npe_n500_x25_seed36_20260426T010115Z/logs/stderr.log,,,,checked-no-collisions,Prepared dry-run row; not submitted.
37,37,run,500,11,25,1512500,37,Gaussian-NPE,empirical_gnk_prior_predictive_octile_summaries,gnk_gaussian_npe_n500_x25_seed37_20260426T010115Z,res/gnk_high_budget/configs/gnk_gaussian_npe_n500_x25_seed37_20260426T010115Z.yaml,res/gnk_high_budget/runs/gnk_gaussian_npe_n500_x25_seed37_20260426T010115Z,res/gnk_high_budget/runs/gnk_gaussian_npe_n500_x25_seed37_20260426T010115Z/validation_curve.csv,res/gnk_high_budget/runs/gnk_gaussian_npe_n500_x25_seed37_20260426T010115Z/validation_curve.pdf,res/gnk_high_budget/runs/gnk_gaussian_npe_n500_x25_seed37_20260426T010115Z/gaussian_npe_u_posterior.npz,res/gnk_high_budget/runs/gnk_gaussian_npe_n500_x25_seed37_20260426T010115Z/posterior_samples_10k.npz,res/gnk_high_budget/runs/gnk_gaussian_npe_n500_x25_seed37_20260426T010115Z/posterior_samples.pkl,res/gnk_high_budget/runs/gnk_gaussian_npe_n500_x25_seed37_20260426T010115Z/metrics.json,res/gnk_high_budget/runs/gnk_gaussian_npe_n500_x25_seed37_20260426T010115Z/timing_metadata.json,res/gnk_high_budget/runs/gnk_gaussian_npe_n500_x25_seed37_20260426T010115Z/logs/stdout.log,res/gnk_high_budget/runs/gnk_gaussian_npe_n500_x25_seed37_20260426T010115Z/logs/stderr.log,,,,checked-no-collisions,Prepared dry-run row; not submitted.
38,38,run,500,11,25,1512500,38,Gaussian-NPE,empirical_gnk_prior_predictive_octile_summaries,gnk_gaussian_npe_n500_x25_seed38_20260426T010115Z,res/gnk_high_budget/configs/gnk_gaussian_npe_n500_x25_seed38_20260426T010115Z.yaml,res/gnk_high_budget/runs/gnk_gaussian_npe_n500_x25_seed38_20260426T010115Z,res/gnk_high_budget/runs/gnk_gaussian_npe_n500_x25_seed38_20260426T010115Z/validation_curve.csv,res/gnk_high_budget/runs/gnk_gaussian_npe_n500_x25_seed38_20260426T010115Z/validation_curve.pdf,res/gnk_high_budget/runs/gnk_gaussian_npe_n500_x25_seed38_20260426T010115Z/gaussian_npe_u_posterior.npz,res/gnk_high_budget/runs/gnk_gaussian_npe_n500_x25_seed38_20260426T010115Z/posterior_samples_10k.npz,res/gnk_high_budget/runs/gnk_gaussian_npe_n500_x25_seed38_20260426T010115Z/posterior_samples.pkl,res/gnk_high_budget/runs/gnk_gaussian_npe_n500_x25_seed38_20260426T010115Z/metrics.json,res/gnk_high_budget/runs/gnk_gaussian_npe_n500_x25_seed38_20260426T010115Z/timing_metadata.json,res/gnk_high_budget/runs/gnk_gaussian_npe_n500_x25_seed38_20260426T010115Z/logs/stdout.log,res/gnk_high_budget/runs/gnk_gaussian_npe_n500_x25_seed38_20260426T010115Z/logs/stderr.log,,,,checked-no-collisions,Prepared dry-run row; not submitted.
39,39,run,500,11,25,1512500,39,Gaussian-NPE,empirical_gnk_prior_predictive_octile_summaries,gnk_gaussian_npe_n500_x25_seed39_20260426T010115Z,res/gnk_high_budget/configs/gnk_gaussian_npe_n500_x25_seed39_20260426T010115Z.yaml,res/gnk_high_budget/runs/gnk_gaussian_npe_n500_x25_seed39_20260426T010115Z,res/gnk_high_budget/runs/gnk_gaussian_npe_n500_x25_seed39_20260426T010115Z/validation_curve.csv,res/gnk_high_budget/runs/gnk_gaussian_npe_n500_x25_seed39_20260426T010115Z/validation_curve.pdf,res/gnk_high_budget/runs/gnk_gaussian_npe_n500_x25_seed39_20260426T010115Z/gaussian_npe_u_posterior.npz,res/gnk_high_budget/runs/gnk_gaussian_npe_n500_x25_seed39_20260426T010115Z/posterior_samples_10k.npz,res/gnk_high_budget/runs/gnk_gaussian_npe_n500_x25_seed39_20260426T010115Z/posterior_samples.pkl,res/gnk_high_budget/runs/gnk_gaussian_npe_n500_x25_seed39_20260426T010115Z/metrics.json,res/gnk_high_budget/runs/gnk_gaussian_npe_n500_x25_seed39_20260426T010115Z/timing_metadata.json,res/gnk_high_budget/runs/gnk_gaussian_npe_n500_x25_seed39_20260426T010115Z/logs/stdout.log,res/gnk_high_budget/runs/gnk_gaussian_npe_n500_x25_seed39_20260426T010115Z/logs/stderr.log,,,,checked-no-collisions,Prepared dry-run row; not submitted.
40,40,run,500,11,25,1512500,40,Gaussian-NPE,empirical_gnk_prior_predictive_octile_summaries,gnk_gaussian_npe_n500_x25_seed40_20260426T010115Z,res/gnk_high_budget/configs/gnk_gaussian_npe_n500_x25_seed40_20260426T010115Z.yaml,res/gnk_high_budget/runs/gnk_gaussian_npe_n500_x25_seed40_20260426T010115Z,res/gnk_high_budget/runs/gnk_gaussian_npe_n500_x25_seed40_20260426T010115Z/validation_curve.csv,res/gnk_high_budget/runs/gnk_gaussian_npe_n500_x25_seed40_20260426T010115Z/validation_curve.pdf,res/gnk_high_budget/runs/gnk_gaussian_npe_n500_x25_seed40_20260426T010115Z/gaussian_npe_u_posterior.npz,res/gnk_high_budget/runs/gnk_gaussian_npe_n500_x25_seed40_20260426T010115Z/posterior_samples_10k.npz,res/gnk_high_budget/runs/gnk_gaussian_npe_n500_x25_seed40_20260426T010115Z/posterior_samples.pkl,res/gnk_high_budget/runs/gnk_gaussian_npe_n500_x25_seed40_20260426T010115Z/metrics.json,res/gnk_high_budget/runs/gnk_gaussian_npe_n500_x25_seed40_20260426T010115Z/timing_metadata.json,res/gnk_high_budget/runs/gnk_gaussian_npe_n500_x25_seed40_20260426T010115Z/logs/stdout.log,res/gnk_high_budget/runs/gnk_gaussian_npe_n500_x25_seed40_20260426T010115Z/logs/stderr.log,,,,checked-no-collisions,Prepared dry-run row; not submitted.
41,41,run,500,11,25,1512500,41,Gaussian-NPE,empirical_gnk_prior_predictive_octile_summaries,gnk_gaussian_npe_n500_x25_seed41_20260426T010115Z,res/gnk_high_budget/configs/gnk_gaussian_npe_n500_x25_seed41_20260426T010115Z.yaml,res/gnk_high_budget/runs/gnk_gaussian_npe_n500_x25_seed41_20260426T010115Z,res/gnk_high_budget/runs/gnk_gaussian_npe_n500_x25_seed41_20260426T010115Z/validation_curve.csv,res/gnk_high_budget/runs/gnk_gaussian_npe_n500_x25_seed41_20260426T010115Z/validation_curve.pdf,res/gnk_high_budget/runs/gnk_gaussian_npe_n500_x25_seed41_20260426T010115Z/gaussian_npe_u_posterior.npz,res/gnk_high_budget/runs/gnk_gaussian_npe_n500_x25_seed41_20260426T010115Z/posterior_samples_10k.npz,res/gnk_high_budget/runs/gnk_gaussian_npe_n500_x25_seed41_20260426T010115Z/posterior_samples.pkl,res/gnk_high_budget/runs/gnk_gaussian_npe_n500_x25_seed41_20260426T010115Z/metrics.json,res/gnk_high_budget/runs/gnk_gaussian_npe_n500_x25_seed41_20260426T010115Z/timing_metadata.json,res/gnk_high_budget/runs/gnk_gaussian_npe_n500_x25_seed41_20260426T010115Z/logs/stdout.log,res/gnk_high_budget/runs/gnk_gaussian_npe_n500_x25_seed41_20260426T010115Z/logs/stderr.log,,,,checked-no-collisions,Prepared dry-run row; not submitted.
42,42,run,500,11,25,1512500,42,Gaussian-NPE,empirical_gnk_prior_predictive_octile_summaries,gnk_gaussian_npe_n500_x25_seed42_20260426T010115Z,res/gnk_high_budget/configs/gnk_gaussian_npe_n500_x25_seed42_20260426T010115Z.yaml,res/gnk_high_budget/runs/gnk_gaussian_npe_n500_x25_seed42_20260426T010115Z,res/gnk_high_budget/runs/gnk_gaussian_npe_n500_x25_seed42_20260426T010115Z/validation_curve.csv,res/gnk_high_budget/runs/gnk_gaussian_npe_n500_x25_seed42_20260426T010115Z/validation_curve.pdf,res/gnk_high_budget/runs/gnk_gaussian_npe_n500_x25_seed42_20260426T010115Z/gaussian_npe_u_posterior.npz,res/gnk_high_budget/runs/gnk_gaussian_npe_n500_x25_seed42_20260426T010115Z/posterior_samples_10k.npz,res/gnk_high_budget/runs/gnk_gaussian_npe_n500_x25_seed42_20260426T010115Z/posterior_samples.pkl,res/gnk_high_budget/runs/gnk_gaussian_npe_n500_x25_seed42_20260426T010115Z/metrics.json,res/gnk_high_budget/runs/gnk_gaussian_npe_n500_x25_seed42_20260426T010115Z/timing_metadata.json,res/gnk_high_budget/runs/gnk_gaussian_npe_n500_x25_seed42_20260426T010115Z/logs/stdout.log,res/gnk_high_budget/runs/gnk_gaussian_npe_n500_x25_seed42_20260426T010115Z/logs/stderr.log,,,,checked-no-collisions,Prepared dry-run row; not submitted.
43,43,run,500,11,25,1512500,43,Gaussian-NPE,empirical_gnk_prior_predictive_octile_summaries,gnk_gaussian_npe_n500_x25_seed43_20260426T010115Z,res/gnk_high_budget/configs/gnk_gaussian_npe_n500_x25_seed43_20260426T010115Z.yaml,res/gnk_high_budget/runs/gnk_gaussian_npe_n500_x25_seed43_20260426T010115Z,res/gnk_high_budget/runs/gnk_gaussian_npe_n500_x25_seed43_20260426T010115Z/validation_curve.csv,res/gnk_high_budget/runs/gnk_gaussian_npe_n500_x25_seed43_20260426T010115Z/validation_curve.pdf,res/gnk_high_budget/runs/gnk_gaussian_npe_n500_x25_seed43_20260426T010115Z/gaussian_npe_u_posterior.npz,res/gnk_high_budget/runs/gnk_gaussian_npe_n500_x25_seed43_20260426T010115Z/posterior_samples_10k.npz,res/gnk_high_budget/runs/gnk_gaussian_npe_n500_x25_seed43_20260426T010115Z/posterior_samples.pkl,res/gnk_high_budget/runs/gnk_gaussian_npe_n500_x25_seed43_20260426T010115Z/metrics.json,res/gnk_high_budget/runs/gnk_gaussian_npe_n500_x25_seed43_20260426T010115Z/timing_metadata.json,res/gnk_high_budget/runs/gnk_gaussian_npe_n500_x25_seed43_20260426T010115Z/logs/stdout.log,res/gnk_high_budget/runs/gnk_gaussian_npe_n500_x25_seed43_20260426T010115Z/logs/stderr.log,,,,checked-no-collisions,Prepared dry-run row; not submitted.
44,44,run,500,11,25,1512500,44,Gaussian-NPE,empirical_gnk_prior_predictive_octile_summaries,gnk_gaussian_npe_n500_x25_seed44_20260426T010115Z,res/gnk_high_budget/configs/gnk_gaussian_npe_n500_x25_seed44_20260426T010115Z.yaml,res/gnk_high_budget/runs/gnk_gaussian_npe_n500_x25_seed44_20260426T010115Z,res/gnk_high_budget/runs/gnk_gaussian_npe_n500_x25_seed44_20260426T010115Z/validation_curve.csv,res/gnk_high_budget/runs/gnk_gaussian_npe_n500_x25_seed44_20260426T010115Z/validation_curve.pdf,res/gnk_high_budget/runs/gnk_gaussian_npe_n500_x25_seed44_20260426T010115Z/gaussian_npe_u_posterior.npz,res/gnk_high_budget/runs/gnk_gaussian_npe_n500_x25_seed44_20260426T010115Z/posterior_samples_10k.npz,res/gnk_high_budget/runs/gnk_gaussian_npe_n500_x25_seed44_20260426T010115Z/posterior_samples.pkl,res/gnk_high_budget/runs/gnk_gaussian_npe_n500_x25_seed44_20260426T010115Z/metrics.json,res/gnk_high_budget/runs/gnk_gaussian_npe_n500_x25_seed44_20260426T010115Z/timing_metadata.json,res/gnk_high_budget/runs/gnk_gaussian_npe_n500_x25_seed44_20260426T010115Z/logs/stdout.log,res/gnk_high_budget/runs/gnk_gaussian_npe_n500_x25_seed44_20260426T010115Z/logs/stderr.log,,,,checked-no-collisions,Prepared dry-run row; not submitted.
45,45,run,500,11,25,1512500,45,Gaussian-NPE,empirical_gnk_prior_predictive_octile_summaries,gnk_gaussian_npe_n500_x25_seed45_20260426T010115Z,res/gnk_high_budget/configs/gnk_gaussian_npe_n500_x25_seed45_20260426T010115Z.yaml,res/gnk_high_budget/runs/gnk_gaussian_npe_n500_x25_seed45_20260426T010115Z,res/gnk_high_budget/runs/gnk_gaussian_npe_n500_x25_seed45_20260426T010115Z/validation_curve.csv,res/gnk_high_budget/runs/gnk_gaussian_npe_n500_x25_seed45_20260426T010115Z/validation_curve.pdf,res/gnk_high_budget/runs/gnk_gaussian_npe_n500_x25_seed45_20260426T010115Z/gaussian_npe_u_posterior.npz,res/gnk_high_budget/runs/gnk_gaussian_npe_n500_x25_seed45_20260426T010115Z/posterior_samples_10k.npz,res/gnk_high_budget/runs/gnk_gaussian_npe_n500_x25_seed45_20260426T010115Z/posterior_samples.pkl,res/gnk_high_budget/runs/gnk_gaussian_npe_n500_x25_seed45_20260426T010115Z/metrics.json,res/gnk_high_budget/runs/gnk_gaussian_npe_n500_x25_seed45_20260426T010115Z/timing_metadata.json,res/gnk_high_budget/runs/gnk_gaussian_npe_n500_x25_seed45_20260426T010115Z/logs/stdout.log,res/gnk_high_budget/runs/gnk_gaussian_npe_n500_x25_seed45_20260426T010115Z/logs/stderr.log,,,,checked-no-collisions,Prepared dry-run row; not submitted.
46,46,run,500,11,25,1512500,46,Gaussian-NPE,empirical_gnk_prior_predictive_octile_summaries,gnk_gaussian_npe_n500_x25_seed46_20260426T010115Z,res/gnk_high_budget/configs/gnk_gaussian_npe_n500_x25_seed46_20260426T010115Z.yaml,res/gnk_high_budget/runs/gnk_gaussian_npe_n500_x25_seed46_20260426T010115Z,res/gnk_high_budget/runs/gnk_gaussian_npe_n500_x25_seed46_20260426T010115Z/validation_curve.csv,res/gnk_high_budget/runs/gnk_gaussian_npe_n500_x25_seed46_20260426T010115Z/validation_curve.pdf,res/gnk_high_budget/runs/gnk_gaussian_npe_n500_x25_seed46_20260426T010115Z/gaussian_npe_u_posterior.npz,res/gnk_high_budget/runs/gnk_gaussian_npe_n500_x25_seed46_20260426T010115Z/posterior_samples_10k.npz,res/gnk_high_budget/runs/gnk_gaussian_npe_n500_x25_seed46_20260426T010115Z/posterior_samples.pkl,res/gnk_high_budget/runs/gnk_gaussian_npe_n500_x25_seed46_20260426T010115Z/metrics.json,res/gnk_high_budget/runs/gnk_gaussian_npe_n500_x25_seed46_20260426T010115Z/timing_metadata.json,res/gnk_high_budget/runs/gnk_gaussian_npe_n500_x25_seed46_20260426T010115Z/logs/stdout.log,res/gnk_high_budget/runs/gnk_gaussian_npe_n500_x25_seed46_20260426T010115Z/logs/stderr.log,,,,checked-no-collisions,Prepared dry-run row; not submitted.
47,47,run,500,11,25,1512500,47,Gaussian-NPE,empirical_gnk_prior_predictive_octile_summaries,gnk_gaussian_npe_n500_x25_seed47_20260426T010115Z,res/gnk_high_budget/configs/gnk_gaussian_npe_n500_x25_seed47_20260426T010115Z.yaml,res/gnk_high_budget/runs/gnk_gaussian_npe_n500_x25_seed47_20260426T010115Z,res/gnk_high_budget/runs/gnk_gaussian_npe_n500_x25_seed47_20260426T010115Z/validation_curve.csv,res/gnk_high_budget/runs/gnk_gaussian_npe_n500_x25_seed47_20260426T010115Z/validation_curve.pdf,res/gnk_high_budget/runs/gnk_gaussian_npe_n500_x25_seed47_20260426T010115Z/gaussian_npe_u_posterior.npz,res/gnk_high_budget/runs/gnk_gaussian_npe_n500_x25_seed47_20260426T010115Z/posterior_samples_10k.npz,res/gnk_high_budget/runs/gnk_gaussian_npe_n500_x25_seed47_20260426T010115Z/posterior_samples.pkl,res/gnk_high_budget/runs/gnk_gaussian_npe_n500_x25_seed47_20260426T010115Z/metrics.json,res/gnk_high_budget/runs/gnk_gaussian_npe_n500_x25_seed47_20260426T010115Z/timing_metadata.json,res/gnk_high_budget/runs/gnk_gaussian_npe_n500_x25_seed47_20260426T010115Z/logs/stdout.log,res/gnk_high_budget/runs/gnk_gaussian_npe_n500_x25_seed47_20260426T010115Z/logs/stderr.log,,,,checked-no-collisions,Prepared dry-run row; not submitted.
48,48,run,500,11,25,1512500,48,Gaussian-NPE,empirical_gnk_prior_predictive_octile_summaries,gnk_gaussian_npe_n500_x25_seed48_20260426T010115Z,res/gnk_high_budget/configs/gnk_gaussian_npe_n500_x25_seed48_20260426T010115Z.yaml,res/gnk_high_budget/runs/gnk_gaussian_npe_n500_x25_seed48_20260426T010115Z,res/gnk_high_budget/runs/gnk_gaussian_npe_n500_x25_seed48_20260426T010115Z/validation_curve.csv,res/gnk_high_budget/runs/gnk_gaussian_npe_n500_x25_seed48_20260426T010115Z/validation_curve.pdf,res/gnk_high_budget/runs/gnk_gaussian_npe_n500_x25_seed48_20260426T010115Z/gaussian_npe_u_posterior.npz,res/gnk_high_budget/runs/gnk_gaussian_npe_n500_x25_seed48_20260426T010115Z/posterior_samples_10k.npz,res/gnk_high_budget/runs/gnk_gaussian_npe_n500_x25_seed48_20260426T010115Z/posterior_samples.pkl,res/gnk_high_budget/runs/gnk_gaussian_npe_n500_x25_seed48_20260426T010115Z/metrics.json,res/gnk_high_budget/runs/gnk_gaussian_npe_n500_x25_seed48_20260426T010115Z/timing_metadata.json,res/gnk_high_budget/runs/gnk_gaussian_npe_n500_x25_seed48_20260426T010115Z/logs/stdout.log,res/gnk_high_budget/runs/gnk_gaussian_npe_n500_x25_seed48_20260426T010115Z/logs/stderr.log,,,,checked-no-collisions,Prepared dry-run row; not submitted.
49,49,run,500,11,25,1512500,49,Gaussian-NPE,empirical_gnk_prior_predictive_octile_summaries,gnk_gaussian_npe_n500_x25_seed49_20260426T010115Z,res/gnk_high_budget/configs/gnk_gaussian_npe_n500_x25_seed49_20260426T010115Z.yaml,res/gnk_high_budget/runs/gnk_gaussian_npe_n500_x25_seed49_20260426T010115Z,res/gnk_high_budget/runs/gnk_gaussian_npe_n500_x25_seed49_20260426T010115Z/validation_curve.csv,res/gnk_high_budget/runs/gnk_gaussian_npe_n500_x25_seed49_20260426T010115Z/validation_curve.pdf,res/gnk_high_budget/runs/gnk_gaussian_npe_n500_x25_seed49_20260426T010115Z/gaussian_npe_u_posterior.npz,res/gnk_high_budget/runs/gnk_gaussian_npe_n500_x25_seed49_20260426T010115Z/posterior_samples_10k.npz,res/gnk_high_budget/runs/gnk_gaussian_npe_n500_x25_seed49_20260426T010115Z/posterior_samples.pkl,res/gnk_high_budget/runs/gnk_gaussian_npe_n500_x25_seed49_20260426T010115Z/metrics.json,res/gnk_high_budget/runs/gnk_gaussian_npe_n500_x25_seed49_20260426T010115Z/timing_metadata.json,res/gnk_high_budget/runs/gnk_gaussian_npe_n500_x25_seed49_20260426T010115Z/logs/stdout.log,res/gnk_high_budget/runs/gnk_gaussian_npe_n500_x25_seed49_20260426T010115Z/logs/stderr.log,,,,checked-no-collisions,Prepared dry-run row; not submitted.
50,50,run,500,11,25,1512500,50,Gaussian-NPE,empirical_gnk_prior_predictive_octile_summaries,gnk_gaussian_npe_n500_x25_seed50_20260426T010115Z,res/gnk_high_budget/configs/gnk_gaussian_npe_n500_x25_seed50_20260426T010115Z.yaml,res/gnk_high_budget/runs/gnk_gaussian_npe_n500_x25_seed50_20260426T010115Z,res/gnk_high_budget/runs/gnk_gaussian_npe_n500_x25_seed50_20260426T010115Z/validation_curve.csv,res/gnk_high_budget/runs/gnk_gaussian_npe_n500_x25_seed50_20260426T010115Z/validation_curve.pdf,res/gnk_high_budget/runs/gnk_gaussian_npe_n500_x25_seed50_20260426T010115Z/gaussian_npe_u_posterior.npz,res/gnk_high_budget/runs/gnk_gaussian_npe_n500_x25_seed50_20260426T010115Z/posterior_samples_10k.npz,res/gnk_high_budget/runs/gnk_gaussian_npe_n500_x25_seed50_20260426T010115Z/posterior_samples.pkl,res/gnk_high_budget/runs/gnk_gaussian_npe_n500_x25_seed50_20260426T010115Z/metrics.json,res/gnk_high_budget/runs/gnk_gaussian_npe_n500_x25_seed50_20260426T010115Z/timing_metadata.json,res/gnk_high_budget/runs/gnk_gaussian_npe_n500_x25_seed50_20260426T010115Z/logs/stdout.log,res/gnk_high_budget/runs/gnk_gaussian_npe_n500_x25_seed50_20260426T010115Z/logs/stderr.log,,,,checked-no-collisions,Prepared dry-run row; not submitted.
51,51,run,500,11,25,1512500,51,Gaussian-NPE,empirical_gnk_prior_predictive_octile_summaries,gnk_gaussian_npe_n500_x25_seed51_20260426T010115Z,res/gnk_high_budget/configs/gnk_gaussian_npe_n500_x25_seed51_20260426T010115Z.yaml,res/gnk_high_budget/runs/gnk_gaussian_npe_n500_x25_seed51_20260426T010115Z,res/gnk_high_budget/runs/gnk_gaussian_npe_n500_x25_seed51_20260426T010115Z/validation_curve.csv,res/gnk_high_budget/runs/gnk_gaussian_npe_n500_x25_seed51_20260426T010115Z/validation_curve.pdf,res/gnk_high_budget/runs/gnk_gaussian_npe_n500_x25_seed51_20260426T010115Z/gaussian_npe_u_posterior.npz,res/gnk_high_budget/runs/gnk_gaussian_npe_n500_x25_seed51_20260426T010115Z/posterior_samples_10k.npz,res/gnk_high_budget/runs/gnk_gaussian_npe_n500_x25_seed51_20260426T010115Z/posterior_samples.pkl,res/gnk_high_budget/runs/gnk_gaussian_npe_n500_x25_seed51_20260426T010115Z/metrics.json,res/gnk_high_budget/runs/gnk_gaussian_npe_n500_x25_seed51_20260426T010115Z/timing_metadata.json,res/gnk_high_budget/runs/gnk_gaussian_npe_n500_x25_seed51_20260426T010115Z/logs/stdout.log,res/gnk_high_budget/runs/gnk_gaussian_npe_n500_x25_seed51_20260426T010115Z/logs/stderr.log,,,,checked-no-collisions,Prepared dry-run row; not submitted.
52,52,run,500,11,25,1512500,52,Gaussian-NPE,empirical_gnk_prior_predictive_octile_summaries,gnk_gaussian_npe_n500_x25_seed52_20260426T010115Z,res/gnk_high_budget/configs/gnk_gaussian_npe_n500_x25_seed52_20260426T010115Z.yaml,res/gnk_high_budget/runs/gnk_gaussian_npe_n500_x25_seed52_20260426T010115Z,res/gnk_high_budget/runs/gnk_gaussian_npe_n500_x25_seed52_20260426T010115Z/validation_curve.csv,res/gnk_high_budget/runs/gnk_gaussian_npe_n500_x25_seed52_20260426T010115Z/validation_curve.pdf,res/gnk_high_budget/runs/gnk_gaussian_npe_n500_x25_seed52_20260426T010115Z/gaussian_npe_u_posterior.npz,res/gnk_high_budget/runs/gnk_gaussian_npe_n500_x25_seed52_20260426T010115Z/posterior_samples_10k.npz,res/gnk_high_budget/runs/gnk_gaussian_npe_n500_x25_seed52_20260426T010115Z/posterior_samples.pkl,res/gnk_high_budget/runs/gnk_gaussian_npe_n500_x25_seed52_20260426T010115Z/metrics.json,res/gnk_high_budget/runs/gnk_gaussian_npe_n500_x25_seed52_20260426T010115Z/timing_metadata.json,res/gnk_high_budget/runs/gnk_gaussian_npe_n500_x25_seed52_20260426T010115Z/logs/stdout.log,res/gnk_high_budget/runs/gnk_gaussian_npe_n500_x25_seed52_20260426T010115Z/logs/stderr.log,,,,checked-no-collisions,Prepared dry-run row; not submitted.
53,53,run,500,11,25,1512500,53,Gaussian-NPE,empirical_gnk_prior_predictive_octile_summaries,gnk_gaussian_npe_n500_x25_seed53_20260426T010115Z,res/gnk_high_budget/configs/gnk_gaussian_npe_n500_x25_seed53_20260426T010115Z.yaml,res/gnk_high_budget/runs/gnk_gaussian_npe_n500_x25_seed53_20260426T010115Z,res/gnk_high_budget/runs/gnk_gaussian_npe_n500_x25_seed53_20260426T010115Z/validation_curve.csv,res/gnk_high_budget/runs/gnk_gaussian_npe_n500_x25_seed53_20260426T010115Z/validation_curve.pdf,res/gnk_high_budget/runs/gnk_gaussian_npe_n500_x25_seed53_20260426T010115Z/gaussian_npe_u_posterior.npz,res/gnk_high_budget/runs/gnk_gaussian_npe_n500_x25_seed53_20260426T010115Z/posterior_samples_10k.npz,res/gnk_high_budget/runs/gnk_gaussian_npe_n500_x25_seed53_20260426T010115Z/posterior_samples.pkl,res/gnk_high_budget/runs/gnk_gaussian_npe_n500_x25_seed53_20260426T010115Z/metrics.json,res/gnk_high_budget/runs/gnk_gaussian_npe_n500_x25_seed53_20260426T010115Z/timing_metadata.json,res/gnk_high_budget/runs/gnk_gaussian_npe_n500_x25_seed53_20260426T010115Z/logs/stdout.log,res/gnk_high_budget/runs/gnk_gaussian_npe_n500_x25_seed53_20260426T010115Z/logs/stderr.log,,,,checked-no-collisions,Prepared dry-run row; not submitted.
54,54,run,500,11,25,1512500,54,Gaussian-NPE,empirical_gnk_prior_predictive_octile_summaries,gnk_gaussian_npe_n500_x25_seed54_20260426T010115Z,res/gnk_high_budget/configs/gnk_gaussian_npe_n500_x25_seed54_20260426T010115Z.yaml,res/gnk_high_budget/runs/gnk_gaussian_npe_n500_x25_seed54_20260426T010115Z,res/gnk_high_budget/runs/gnk_gaussian_npe_n500_x25_seed54_20260426T010115Z/validation_curve.csv,res/gnk_high_budget/runs/gnk_gaussian_npe_n500_x25_seed54_20260426T010115Z/validation_curve.pdf,res/gnk_high_budget/runs/gnk_gaussian_npe_n500_x25_seed54_20260426T010115Z/gaussian_npe_u_posterior.npz,res/gnk_high_budget/runs/gnk_gaussian_npe_n500_x25_seed54_20260426T010115Z/posterior_samples_10k.npz,res/gnk_high_budget/runs/gnk_gaussian_npe_n500_x25_seed54_20260426T010115Z/posterior_samples.pkl,res/gnk_high_budget/runs/gnk_gaussian_npe_n500_x25_seed54_20260426T010115Z/metrics.json,res/gnk_high_budget/runs/gnk_gaussian_npe_n500_x25_seed54_20260426T010115Z/timing_metadata.json,res/gnk_high_budget/runs/gnk_gaussian_npe_n500_x25_seed54_20260426T010115Z/logs/stdout.log,res/gnk_high_budget/runs/gnk_gaussian_npe_n500_x25_seed54_20260426T010115Z/logs/stderr.log,,,,checked-no-collisions,Prepared dry-run row; not submitted.
55,55,run,500,11,25,1512500,55,Gaussian-NPE,empirical_gnk_prior_predictive_octile_summaries,gnk_gaussian_npe_n500_x25_seed55_20260426T010115Z,res/gnk_high_budget/configs/gnk_gaussian_npe_n500_x25_seed55_20260426T010115Z.yaml,res/gnk_high_budget/runs/gnk_gaussian_npe_n500_x25_seed55_20260426T010115Z,res/gnk_high_budget/runs/gnk_gaussian_npe_n500_x25_seed55_20260426T010115Z/validation_curve.csv,res/gnk_high_budget/runs/gnk_gaussian_npe_n500_x25_seed55_20260426T010115Z/validation_curve.pdf,res/gnk_high_budget/runs/gnk_gaussian_npe_n500_x25_seed55_20260426T010115Z/gaussian_npe_u_posterior.npz,res/gnk_high_budget/runs/gnk_gaussian_npe_n500_x25_seed55_20260426T010115Z/posterior_samples_10k.npz,res/gnk_high_budget/runs/gnk_gaussian_npe_n500_x25_seed55_20260426T010115Z/posterior_samples.pkl,res/gnk_high_budget/runs/gnk_gaussian_npe_n500_x25_seed55_20260426T010115Z/metrics.json,res/gnk_high_budget/runs/gnk_gaussian_npe_n500_x25_seed55_20260426T010115Z/timing_metadata.json,res/gnk_high_budget/runs/gnk_gaussian_npe_n500_x25_seed55_20260426T010115Z/logs/stdout.log,res/gnk_high_budget/runs/gnk_gaussian_npe_n500_x25_seed55_20260426T010115Z/logs/stderr.log,,,,checked-no-collisions,Prepared dry-run row; not submitted.
56,56,run,500,11,25,1512500,56,Gaussian-NPE,empirical_gnk_prior_predictive_octile_summaries,gnk_gaussian_npe_n500_x25_seed56_20260426T010115Z,res/gnk_high_budget/configs/gnk_gaussian_npe_n500_x25_seed56_20260426T010115Z.yaml,res/gnk_high_budget/runs/gnk_gaussian_npe_n500_x25_seed56_20260426T010115Z,res/gnk_high_budget/runs/gnk_gaussian_npe_n500_x25_seed56_20260426T010115Z/validation_curve.csv,res/gnk_high_budget/runs/gnk_gaussian_npe_n500_x25_seed56_20260426T010115Z/validation_curve.pdf,res/gnk_high_budget/runs/gnk_gaussian_npe_n500_x25_seed56_20260426T010115Z/gaussian_npe_u_posterior.npz,res/gnk_high_budget/runs/gnk_gaussian_npe_n500_x25_seed56_20260426T010115Z/posterior_samples_10k.npz,res/gnk_high_budget/runs/gnk_gaussian_npe_n500_x25_seed56_20260426T010115Z/posterior_samples.pkl,res/gnk_high_budget/runs/gnk_gaussian_npe_n500_x25_seed56_20260426T010115Z/metrics.json,res/gnk_high_budget/runs/gnk_gaussian_npe_n500_x25_seed56_20260426T010115Z/timing_metadata.json,res/gnk_high_budget/runs/gnk_gaussian_npe_n500_x25_seed56_20260426T010115Z/logs/stdout.log,res/gnk_high_budget/runs/gnk_gaussian_npe_n500_x25_seed56_20260426T010115Z/logs/stderr.log,,,,checked-no-collisions,Prepared dry-run row; not submitted.
57,57,run,500,11,25,1512500,57,Gaussian-NPE,empirical_gnk_prior_predictive_octile_summaries,gnk_gaussian_npe_n500_x25_seed57_20260426T010115Z,res/gnk_high_budget/configs/gnk_gaussian_npe_n500_x25_seed57_20260426T010115Z.yaml,res/gnk_high_budget/runs/gnk_gaussian_npe_n500_x25_seed57_20260426T010115Z,res/gnk_high_budget/runs/gnk_gaussian_npe_n500_x25_seed57_20260426T010115Z/validation_curve.csv,res/gnk_high_budget/runs/gnk_gaussian_npe_n500_x25_seed57_20260426T010115Z/validation_curve.pdf,res/gnk_high_budget/runs/gnk_gaussian_npe_n500_x25_seed57_20260426T010115Z/gaussian_npe_u_posterior.npz,res/gnk_high_budget/runs/gnk_gaussian_npe_n500_x25_seed57_20260426T010115Z/posterior_samples_10k.npz,res/gnk_high_budget/runs/gnk_gaussian_npe_n500_x25_seed57_20260426T010115Z/posterior_samples.pkl,res/gnk_high_budget/runs/gnk_gaussian_npe_n500_x25_seed57_20260426T010115Z/metrics.json,res/gnk_high_budget/runs/gnk_gaussian_npe_n500_x25_seed57_20260426T010115Z/timing_metadata.json,res/gnk_high_budget/runs/gnk_gaussian_npe_n500_x25_seed57_20260426T010115Z/logs/stdout.log,res/gnk_high_budget/runs/gnk_gaussian_npe_n500_x25_seed57_20260426T010115Z/logs/stderr.log,,,,checked-no-collisions,Prepared dry-run row; not submitted.
58,58,run,500,11,25,1512500,58,Gaussian-NPE,empirical_gnk_prior_predictive_octile_summaries,gnk_gaussian_npe_n500_x25_seed58_20260426T010115Z,res/gnk_high_budget/configs/gnk_gaussian_npe_n500_x25_seed58_20260426T010115Z.yaml,res/gnk_high_budget/runs/gnk_gaussian_npe_n500_x25_seed58_20260426T010115Z,res/gnk_high_budget/runs/gnk_gaussian_npe_n500_x25_seed58_20260426T010115Z/validation_curve.csv,res/gnk_high_budget/runs/gnk_gaussian_npe_n500_x25_seed58_20260426T010115Z/validation_curve.pdf,res/gnk_high_budget/runs/gnk_gaussian_npe_n500_x25_seed58_20260426T010115Z/gaussian_npe_u_posterior.npz,res/gnk_high_budget/runs/gnk_gaussian_npe_n500_x25_seed58_20260426T010115Z/posterior_samples_10k.npz,res/gnk_high_budget/runs/gnk_gaussian_npe_n500_x25_seed58_20260426T010115Z/posterior_samples.pkl,res/gnk_high_budget/runs/gnk_gaussian_npe_n500_x25_seed58_20260426T010115Z/metrics.json,res/gnk_high_budget/runs/gnk_gaussian_npe_n500_x25_seed58_20260426T010115Z/timing_metadata.json,res/gnk_high_budget/runs/gnk_gaussian_npe_n500_x25_seed58_20260426T010115Z/logs/stdout.log,res/gnk_high_budget/runs/gnk_gaussian_npe_n500_x25_seed58_20260426T010115Z/logs/stderr.log,,,,checked-no-collisions,Prepared dry-run row; not submitted.
59,59,run,500,11,25,1512500,59,Gaussian-NPE,empirical_gnk_prior_predictive_octile_summaries,gnk_gaussian_npe_n500_x25_seed59_20260426T010115Z,res/gnk_high_budget/configs/gnk_gaussian_npe_n500_x25_seed59_20260426T010115Z.yaml,res/gnk_high_budget/runs/gnk_gaussian_npe_n500_x25_seed59_20260426T010115Z,res/gnk_high_budget/runs/gnk_gaussian_npe_n500_x25_seed59_20260426T010115Z/validation_curve.csv,res/gnk_high_budget/runs/gnk_gaussian_npe_n500_x25_seed59_20260426T010115Z/validation_curve.pdf,res/gnk_high_budget/runs/gnk_gaussian_npe_n500_x25_seed59_20260426T010115Z/gaussian_npe_u_posterior.npz,res/gnk_high_budget/runs/gnk_gaussian_npe_n500_x25_seed59_20260426T010115Z/posterior_samples_10k.npz,res/gnk_high_budget/runs/gnk_gaussian_npe_n500_x25_seed59_20260426T010115Z/posterior_samples.pkl,res/gnk_high_budget/runs/gnk_gaussian_npe_n500_x25_seed59_20260426T010115Z/metrics.json,res/gnk_high_budget/runs/gnk_gaussian_npe_n500_x25_seed59_20260426T010115Z/timing_metadata.json,res/gnk_high_budget/runs/gnk_gaussian_npe_n500_x25_seed59_20260426T010115Z/logs/stdout.log,res/gnk_high_budget/runs/gnk_gaussian_npe_n500_x25_seed59_20260426T010115Z/logs/stderr.log,,,,checked-no-collisions,Prepared dry-run row; not submitted.
60,60,run,500,11,25,1512500,60,Gaussian-NPE,empirical_gnk_prior_predictive_octile_summaries,gnk_gaussian_npe_n500_x25_seed60_20260426T010115Z,res/gnk_high_budget/configs/gnk_gaussian_npe_n500_x25_seed60_20260426T010115Z.yaml,res/gnk_high_budget/runs/gnk_gaussian_npe_n500_x25_seed60_20260426T010115Z,res/gnk_high_budget/runs/gnk_gaussian_npe_n500_x25_seed60_20260426T010115Z/validation_curve.csv,res/gnk_high_budget/runs/gnk_gaussian_npe_n500_x25_seed60_20260426T010115Z/validation_curve.pdf,res/gnk_high_budget/runs/gnk_gaussian_npe_n500_x25_seed60_20260426T010115Z/gaussian_npe_u_posterior.npz,res/gnk_high_budget/runs/gnk_gaussian_npe_n500_x25_seed60_20260426T010115Z/posterior_samples_10k.npz,res/gnk_high_budget/runs/gnk_gaussian_npe_n500_x25_seed60_20260426T010115Z/posterior_samples.pkl,res/gnk_high_budget/runs/gnk_gaussian_npe_n500_x25_seed60_20260426T010115Z/metrics.json,res/gnk_high_budget/runs/gnk_gaussian_npe_n500_x25_seed60_20260426T010115Z/timing_metadata.json,res/gnk_high_budget/runs/gnk_gaussian_npe_n500_x25_seed60_20260426T010115Z/logs/stdout.log,res/gnk_high_budget/runs/gnk_gaussian_npe_n500_x25_seed60_20260426T010115Z/logs/stderr.log,,,,checked-no-collisions,Prepared dry-run row; not submitted.
61,61,run,500,11,25,1512500,61,Gaussian-NPE,empirical_gnk_prior_predictive_octile_summaries,gnk_gaussian_npe_n500_x25_seed61_20260426T010115Z,res/gnk_high_budget/configs/gnk_gaussian_npe_n500_x25_seed61_20260426T010115Z.yaml,res/gnk_high_budget/runs/gnk_gaussian_npe_n500_x25_seed61_20260426T010115Z,res/gnk_high_budget/runs/gnk_gaussian_npe_n500_x25_seed61_20260426T010115Z/validation_curve.csv,res/gnk_high_budget/runs/gnk_gaussian_npe_n500_x25_seed61_20260426T010115Z/validation_curve.pdf,res/gnk_high_budget/runs/gnk_gaussian_npe_n500_x25_seed61_20260426T010115Z/gaussian_npe_u_posterior.npz,res/gnk_high_budget/runs/gnk_gaussian_npe_n500_x25_seed61_20260426T010115Z/posterior_samples_10k.npz,res/gnk_high_budget/runs/gnk_gaussian_npe_n500_x25_seed61_20260426T010115Z/posterior_samples.pkl,res/gnk_high_budget/runs/gnk_gaussian_npe_n500_x25_seed61_20260426T010115Z/metrics.json,res/gnk_high_budget/runs/gnk_gaussian_npe_n500_x25_seed61_20260426T010115Z/timing_metadata.json,res/gnk_high_budget/runs/gnk_gaussian_npe_n500_x25_seed61_20260426T010115Z/logs/stdout.log,res/gnk_high_budget/runs/gnk_gaussian_npe_n500_x25_seed61_20260426T010115Z/logs/stderr.log,,,,checked-no-collisions,Prepared dry-run row; not submitted.
62,62,run,500,11,25,1512500,62,Gaussian-NPE,empirical_gnk_prior_predictive_octile_summaries,gnk_gaussian_npe_n500_x25_seed62_20260426T010115Z,res/gnk_high_budget/configs/gnk_gaussian_npe_n500_x25_seed62_20260426T010115Z.yaml,res/gnk_high_budget/runs/gnk_gaussian_npe_n500_x25_seed62_20260426T010115Z,res/gnk_high_budget/runs/gnk_gaussian_npe_n500_x25_seed62_20260426T010115Z/validation_curve.csv,res/gnk_high_budget/runs/gnk_gaussian_npe_n500_x25_seed62_20260426T010115Z/validation_curve.pdf,res/gnk_high_budget/runs/gnk_gaussian_npe_n500_x25_seed62_20260426T010115Z/gaussian_npe_u_posterior.npz,res/gnk_high_budget/runs/gnk_gaussian_npe_n500_x25_seed62_20260426T010115Z/posterior_samples_10k.npz,res/gnk_high_budget/runs/gnk_gaussian_npe_n500_x25_seed62_20260426T010115Z/posterior_samples.pkl,res/gnk_high_budget/runs/gnk_gaussian_npe_n500_x25_seed62_20260426T010115Z/metrics.json,res/gnk_high_budget/runs/gnk_gaussian_npe_n500_x25_seed62_20260426T010115Z/timing_metadata.json,res/gnk_high_budget/runs/gnk_gaussian_npe_n500_x25_seed62_20260426T010115Z/logs/stdout.log,res/gnk_high_budget/runs/gnk_gaussian_npe_n500_x25_seed62_20260426T010115Z/logs/stderr.log,,,,checked-no-collisions,Prepared dry-run row; not submitted.
63,63,run,500,11,25,1512500,63,Gaussian-NPE,empirical_gnk_prior_predictive_octile_summaries,gnk_gaussian_npe_n500_x25_seed63_20260426T010115Z,res/gnk_high_budget/configs/gnk_gaussian_npe_n500_x25_seed63_20260426T010115Z.yaml,res/gnk_high_budget/runs/gnk_gaussian_npe_n500_x25_seed63_20260426T010115Z,res/gnk_high_budget/runs/gnk_gaussian_npe_n500_x25_seed63_20260426T010115Z/validation_curve.csv,res/gnk_high_budget/runs/gnk_gaussian_npe_n500_x25_seed63_20260426T010115Z/validation_curve.pdf,res/gnk_high_budget/runs/gnk_gaussian_npe_n500_x25_seed63_20260426T010115Z/gaussian_npe_u_posterior.npz,res/gnk_high_budget/runs/gnk_gaussian_npe_n500_x25_seed63_20260426T010115Z/posterior_samples_10k.npz,res/gnk_high_budget/runs/gnk_gaussian_npe_n500_x25_seed63_20260426T010115Z/posterior_samples.pkl,res/gnk_high_budget/runs/gnk_gaussian_npe_n500_x25_seed63_20260426T010115Z/metrics.json,res/gnk_high_budget/runs/gnk_gaussian_npe_n500_x25_seed63_20260426T010115Z/timing_metadata.json,res/gnk_high_budget/runs/gnk_gaussian_npe_n500_x25_seed63_20260426T010115Z/logs/stdout.log,res/gnk_high_budget/runs/gnk_gaussian_npe_n500_x25_seed63_20260426T010115Z/logs/stderr.log,,,,checked-no-collisions,Prepared dry-run row; not submitted.
64,64,run,500,11,25,1512500,64,Gaussian-NPE,empirical_gnk_prior_predictive_octile_summaries,gnk_gaussian_npe_n500_x25_seed64_20260426T010115Z,res/gnk_high_budget/configs/gnk_gaussian_npe_n500_x25_seed64_20260426T010115Z.yaml,res/gnk_high_budget/runs/gnk_gaussian_npe_n500_x25_seed64_20260426T010115Z,res/gnk_high_budget/runs/gnk_gaussian_npe_n500_x25_seed64_20260426T010115Z/validation_curve.csv,res/gnk_high_budget/runs/gnk_gaussian_npe_n500_x25_seed64_20260426T010115Z/validation_curve.pdf,res/gnk_high_budget/runs/gnk_gaussian_npe_n500_x25_seed64_20260426T010115Z/gaussian_npe_u_posterior.npz,res/gnk_high_budget/runs/gnk_gaussian_npe_n500_x25_seed64_20260426T010115Z/posterior_samples_10k.npz,res/gnk_high_budget/runs/gnk_gaussian_npe_n500_x25_seed64_20260426T010115Z/posterior_samples.pkl,res/gnk_high_budget/runs/gnk_gaussian_npe_n500_x25_seed64_20260426T010115Z/metrics.json,res/gnk_high_budget/runs/gnk_gaussian_npe_n500_x25_seed64_20260426T010115Z/timing_metadata.json,res/gnk_high_budget/runs/gnk_gaussian_npe_n500_x25_seed64_20260426T010115Z/logs/stdout.log,res/gnk_high_budget/runs/gnk_gaussian_npe_n500_x25_seed64_20260426T010115Z/logs/stderr.log,,,,checked-no-collisions,Prepared dry-run row; not submitted.
65,65,run,500,11,25,1512500,65,Gaussian-NPE,empirical_gnk_prior_predictive_octile_summaries,gnk_gaussian_npe_n500_x25_seed65_20260426T010115Z,res/gnk_high_budget/configs/gnk_gaussian_npe_n500_x25_seed65_20260426T010115Z.yaml,res/gnk_high_budget/runs/gnk_gaussian_npe_n500_x25_seed65_20260426T010115Z,res/gnk_high_budget/runs/gnk_gaussian_npe_n500_x25_seed65_20260426T010115Z/validation_curve.csv,res/gnk_high_budget/runs/gnk_gaussian_npe_n500_x25_seed65_20260426T010115Z/validation_curve.pdf,res/gnk_high_budget/runs/gnk_gaussian_npe_n500_x25_seed65_20260426T010115Z/gaussian_npe_u_posterior.npz,res/gnk_high_budget/runs/gnk_gaussian_npe_n500_x25_seed65_20260426T010115Z/posterior_samples_10k.npz,res/gnk_high_budget/runs/gnk_gaussian_npe_n500_x25_seed65_20260426T010115Z/posterior_samples.pkl,res/gnk_high_budget/runs/gnk_gaussian_npe_n500_x25_seed65_20260426T010115Z/metrics.json,res/gnk_high_budget/runs/gnk_gaussian_npe_n500_x25_seed65_20260426T010115Z/timing_metadata.json,res/gnk_high_budget/runs/gnk_gaussian_npe_n500_x25_seed65_20260426T010115Z/logs/stdout.log,res/gnk_high_budget/runs/gnk_gaussian_npe_n500_x25_seed65_20260426T010115Z/logs/stderr.log,,,,checked-no-collisions,Prepared dry-run row; not submitted.
66,66,run,500,11,25,1512500,66,Gaussian-NPE,empirical_gnk_prior_predictive_octile_summaries,gnk_gaussian_npe_n500_x25_seed66_20260426T010115Z,res/gnk_high_budget/configs/gnk_gaussian_npe_n500_x25_seed66_20260426T010115Z.yaml,res/gnk_high_budget/runs/gnk_gaussian_npe_n500_x25_seed66_20260426T010115Z,res/gnk_high_budget/runs/gnk_gaussian_npe_n500_x25_seed66_20260426T010115Z/validation_curve.csv,res/gnk_high_budget/runs/gnk_gaussian_npe_n500_x25_seed66_20260426T010115Z/validation_curve.pdf,res/gnk_high_budget/runs/gnk_gaussian_npe_n500_x25_seed66_20260426T010115Z/gaussian_npe_u_posterior.npz,res/gnk_high_budget/runs/gnk_gaussian_npe_n500_x25_seed66_20260426T010115Z/posterior_samples_10k.npz,res/gnk_high_budget/runs/gnk_gaussian_npe_n500_x25_seed66_20260426T010115Z/posterior_samples.pkl,res/gnk_high_budget/runs/gnk_gaussian_npe_n500_x25_seed66_20260426T010115Z/metrics.json,res/gnk_high_budget/runs/gnk_gaussian_npe_n500_x25_seed66_20260426T010115Z/timing_metadata.json,res/gnk_high_budget/runs/gnk_gaussian_npe_n500_x25_seed66_20260426T010115Z/logs/stdout.log,res/gnk_high_budget/runs/gnk_gaussian_npe_n500_x25_seed66_20260426T010115Z/logs/stderr.log,,,,checked-no-collisions,Prepared dry-run row; not submitted.
67,67,run,500,11,25,1512500,67,Gaussian-NPE,empirical_gnk_prior_predictive_octile_summaries,gnk_gaussian_npe_n500_x25_seed67_20260426T010115Z,res/gnk_high_budget/configs/gnk_gaussian_npe_n500_x25_seed67_20260426T010115Z.yaml,res/gnk_high_budget/runs/gnk_gaussian_npe_n500_x25_seed67_20260426T010115Z,res/gnk_high_budget/runs/gnk_gaussian_npe_n500_x25_seed67_20260426T010115Z/validation_curve.csv,res/gnk_high_budget/runs/gnk_gaussian_npe_n500_x25_seed67_20260426T010115Z/validation_curve.pdf,res/gnk_high_budget/runs/gnk_gaussian_npe_n500_x25_seed67_20260426T010115Z/gaussian_npe_u_posterior.npz,res/gnk_high_budget/runs/gnk_gaussian_npe_n500_x25_seed67_20260426T010115Z/posterior_samples_10k.npz,res/gnk_high_budget/runs/gnk_gaussian_npe_n500_x25_seed67_20260426T010115Z/posterior_samples.pkl,res/gnk_high_budget/runs/gnk_gaussian_npe_n500_x25_seed67_20260426T010115Z/metrics.json,res/gnk_high_budget/runs/gnk_gaussian_npe_n500_x25_seed67_20260426T010115Z/timing_metadata.json,res/gnk_high_budget/runs/gnk_gaussian_npe_n500_x25_seed67_20260426T010115Z/logs/stdout.log,res/gnk_high_budget/runs/gnk_gaussian_npe_n500_x25_seed67_20260426T010115Z/logs/stderr.log,,,,checked-no-collisions,Prepared dry-run row; not submitted.
68,68,run,500,11,25,1512500,68,Gaussian-NPE,empirical_gnk_prior_predictive_octile_summaries,gnk_gaussian_npe_n500_x25_seed68_20260426T010115Z,res/gnk_high_budget/configs/gnk_gaussian_npe_n500_x25_seed68_20260426T010115Z.yaml,res/gnk_high_budget/runs/gnk_gaussian_npe_n500_x25_seed68_20260426T010115Z,res/gnk_high_budget/runs/gnk_gaussian_npe_n500_x25_seed68_20260426T010115Z/validation_curve.csv,res/gnk_high_budget/runs/gnk_gaussian_npe_n500_x25_seed68_20260426T010115Z/validation_curve.pdf,res/gnk_high_budget/runs/gnk_gaussian_npe_n500_x25_seed68_20260426T010115Z/gaussian_npe_u_posterior.npz,res/gnk_high_budget/runs/gnk_gaussian_npe_n500_x25_seed68_20260426T010115Z/posterior_samples_10k.npz,res/gnk_high_budget/runs/gnk_gaussian_npe_n500_x25_seed68_20260426T010115Z/posterior_samples.pkl,res/gnk_high_budget/runs/gnk_gaussian_npe_n500_x25_seed68_20260426T010115Z/metrics.json,res/gnk_high_budget/runs/gnk_gaussian_npe_n500_x25_seed68_20260426T010115Z/timing_metadata.json,res/gnk_high_budget/runs/gnk_gaussian_npe_n500_x25_seed68_20260426T010115Z/logs/stdout.log,res/gnk_high_budget/runs/gnk_gaussian_npe_n500_x25_seed68_20260426T010115Z/logs/stderr.log,,,,checked-no-collisions,Prepared dry-run row; not submitted.
69,69,run,500,11,25,1512500,69,Gaussian-NPE,empirical_gnk_prior_predictive_octile_summaries,gnk_gaussian_npe_n500_x25_seed69_20260426T010115Z,res/gnk_high_budget/configs/gnk_gaussian_npe_n500_x25_seed69_20260426T010115Z.yaml,res/gnk_high_budget/runs/gnk_gaussian_npe_n500_x25_seed69_20260426T010115Z,res/gnk_high_budget/runs/gnk_gaussian_npe_n500_x25_seed69_20260426T010115Z/validation_curve.csv,res/gnk_high_budget/runs/gnk_gaussian_npe_n500_x25_seed69_20260426T010115Z/validation_curve.pdf,res/gnk_high_budget/runs/gnk_gaussian_npe_n500_x25_seed69_20260426T010115Z/gaussian_npe_u_posterior.npz,res/gnk_high_budget/runs/gnk_gaussian_npe_n500_x25_seed69_20260426T010115Z/posterior_samples_10k.npz,res/gnk_high_budget/runs/gnk_gaussian_npe_n500_x25_seed69_20260426T010115Z/posterior_samples.pkl,res/gnk_high_budget/runs/gnk_gaussian_npe_n500_x25_seed69_20260426T010115Z/metrics.json,res/gnk_high_budget/runs/gnk_gaussian_npe_n500_x25_seed69_20260426T010115Z/timing_metadata.json,res/gnk_high_budget/runs/gnk_gaussian_npe_n500_x25_seed69_20260426T010115Z/logs/stdout.log,res/gnk_high_budget/runs/gnk_gaussian_npe_n500_x25_seed69_20260426T010115Z/logs/stderr.log,,,,checked-no-collisions,Prepared dry-run row; not submitted.
70,70,run,500,11,25,1512500,70,Gaussian-NPE,empirical_gnk_prior_predictive_octile_summaries,gnk_gaussian_npe_n500_x25_seed70_20260426T010115Z,res/gnk_high_budget/configs/gnk_gaussian_npe_n500_x25_seed70_20260426T010115Z.yaml,res/gnk_high_budget/runs/gnk_gaussian_npe_n500_x25_seed70_20260426T010115Z,res/gnk_high_budget/runs/gnk_gaussian_npe_n500_x25_seed70_20260426T010115Z/validation_curve.csv,res/gnk_high_budget/runs/gnk_gaussian_npe_n500_x25_seed70_20260426T010115Z/validation_curve.pdf,res/gnk_high_budget/runs/gnk_gaussian_npe_n500_x25_seed70_20260426T010115Z/gaussian_npe_u_posterior.npz,res/gnk_high_budget/runs/gnk_gaussian_npe_n500_x25_seed70_20260426T010115Z/posterior_samples_10k.npz,res/gnk_high_budget/runs/gnk_gaussian_npe_n500_x25_seed70_20260426T010115Z/posterior_samples.pkl,res/gnk_high_budget/runs/gnk_gaussian_npe_n500_x25_seed70_20260426T010115Z/metrics.json,res/gnk_high_budget/runs/gnk_gaussian_npe_n500_x25_seed70_20260426T010115Z/timing_metadata.json,res/gnk_high_budget/runs/gnk_gaussian_npe_n500_x25_seed70_20260426T010115Z/logs/stdout.log,res/gnk_high_budget/runs/gnk_gaussian_npe_n500_x25_seed70_20260426T010115Z/logs/stderr.log,,,,checked-no-collisions,Prepared dry-run row; not submitted.
71,71,run,500,11,25,1512500,71,Gaussian-NPE,empirical_gnk_prior_predictive_octile_summaries,gnk_gaussian_npe_n500_x25_seed71_20260426T010115Z,res/gnk_high_budget/configs/gnk_gaussian_npe_n500_x25_seed71_20260426T010115Z.yaml,res/gnk_high_budget/runs/gnk_gaussian_npe_n500_x25_seed71_20260426T010115Z,res/gnk_high_budget/runs/gnk_gaussian_npe_n500_x25_seed71_20260426T010115Z/validation_curve.csv,res/gnk_high_budget/runs/gnk_gaussian_npe_n500_x25_seed71_20260426T010115Z/validation_curve.pdf,res/gnk_high_budget/runs/gnk_gaussian_npe_n500_x25_seed71_20260426T010115Z/gaussian_npe_u_posterior.npz,res/gnk_high_budget/runs/gnk_gaussian_npe_n500_x25_seed71_20260426T010115Z/posterior_samples_10k.npz,res/gnk_high_budget/runs/gnk_gaussian_npe_n500_x25_seed71_20260426T010115Z/posterior_samples.pkl,res/gnk_high_budget/runs/gnk_gaussian_npe_n500_x25_seed71_20260426T010115Z/metrics.json,res/gnk_high_budget/runs/gnk_gaussian_npe_n500_x25_seed71_20260426T010115Z/timing_metadata.json,res/gnk_high_budget/runs/gnk_gaussian_npe_n500_x25_seed71_20260426T010115Z/logs/stdout.log,res/gnk_high_budget/runs/gnk_gaussian_npe_n500_x25_seed71_20260426T010115Z/logs/stderr.log,,,,checked-no-collisions,Prepared dry-run row; not submitted.
72,72,run,500,11,25,1512500,72,Gaussian-NPE,empirical_gnk_prior_predictive_octile_summaries,gnk_gaussian_npe_n500_x25_seed72_20260426T010115Z,res/gnk_high_budget/configs/gnk_gaussian_npe_n500_x25_seed72_20260426T010115Z.yaml,res/gnk_high_budget/runs/gnk_gaussian_npe_n500_x25_seed72_20260426T010115Z,res/gnk_high_budget/runs/gnk_gaussian_npe_n500_x25_seed72_20260426T010115Z/validation_curve.csv,res/gnk_high_budget/runs/gnk_gaussian_npe_n500_x25_seed72_20260426T010115Z/validation_curve.pdf,res/gnk_high_budget/runs/gnk_gaussian_npe_n500_x25_seed72_20260426T010115Z/gaussian_npe_u_posterior.npz,res/gnk_high_budget/runs/gnk_gaussian_npe_n500_x25_seed72_20260426T010115Z/posterior_samples_10k.npz,res/gnk_high_budget/runs/gnk_gaussian_npe_n500_x25_seed72_20260426T010115Z/posterior_samples.pkl,res/gnk_high_budget/runs/gnk_gaussian_npe_n500_x25_seed72_20260426T010115Z/metrics.json,res/gnk_high_budget/runs/gnk_gaussian_npe_n500_x25_seed72_20260426T010115Z/timing_metadata.json,res/gnk_high_budget/runs/gnk_gaussian_npe_n500_x25_seed72_20260426T010115Z/logs/stdout.log,res/gnk_high_budget/runs/gnk_gaussian_npe_n500_x25_seed72_20260426T010115Z/logs/stderr.log,,,,checked-no-collisions,Prepared dry-run row; not submitted.
73,73,run,500,11,25,1512500,73,Gaussian-NPE,empirical_gnk_prior_predictive_octile_summaries,gnk_gaussian_npe_n500_x25_seed73_20260426T010115Z,res/gnk_high_budget/configs/gnk_gaussian_npe_n500_x25_seed73_20260426T010115Z.yaml,res/gnk_high_budget/runs/gnk_gaussian_npe_n500_x25_seed73_20260426T010115Z,res/gnk_high_budget/runs/gnk_gaussian_npe_n500_x25_seed73_20260426T010115Z/validation_curve.csv,res/gnk_high_budget/runs/gnk_gaussian_npe_n500_x25_seed73_20260426T010115Z/validation_curve.pdf,res/gnk_high_budget/runs/gnk_gaussian_npe_n500_x25_seed73_20260426T010115Z/gaussian_npe_u_posterior.npz,res/gnk_high_budget/runs/gnk_gaussian_npe_n500_x25_seed73_20260426T010115Z/posterior_samples_10k.npz,res/gnk_high_budget/runs/gnk_gaussian_npe_n500_x25_seed73_20260426T010115Z/posterior_samples.pkl,res/gnk_high_budget/runs/gnk_gaussian_npe_n500_x25_seed73_20260426T010115Z/metrics.json,res/gnk_high_budget/runs/gnk_gaussian_npe_n500_x25_seed73_20260426T010115Z/timing_metadata.json,res/gnk_high_budget/runs/gnk_gaussian_npe_n500_x25_seed73_20260426T010115Z/logs/stdout.log,res/gnk_high_budget/runs/gnk_gaussian_npe_n500_x25_seed73_20260426T010115Z/logs/stderr.log,,,,checked-no-collisions,Prepared dry-run row; not submitted.
74,74,run,500,11,25,1512500,74,Gaussian-NPE,empirical_gnk_prior_predictive_octile_summaries,gnk_gaussian_npe_n500_x25_seed74_20260426T010115Z,res/gnk_high_budget/configs/gnk_gaussian_npe_n500_x25_seed74_20260426T010115Z.yaml,res/gnk_high_budget/runs/gnk_gaussian_npe_n500_x25_seed74_20260426T010115Z,res/gnk_high_budget/runs/gnk_gaussian_npe_n500_x25_seed74_20260426T010115Z/validation_curve.csv,res/gnk_high_budget/runs/gnk_gaussian_npe_n500_x25_seed74_20260426T010115Z/validation_curve.pdf,res/gnk_high_budget/runs/gnk_gaussian_npe_n500_x25_seed74_20260426T010115Z/gaussian_npe_u_posterior.npz,res/gnk_high_budget/runs/gnk_gaussian_npe_n500_x25_seed74_20260426T010115Z/posterior_samples_10k.npz,res/gnk_high_budget/runs/gnk_gaussian_npe_n500_x25_seed74_20260426T010115Z/posterior_samples.pkl,res/gnk_high_budget/runs/gnk_gaussian_npe_n500_x25_seed74_20260426T010115Z/metrics.json,res/gnk_high_budget/runs/gnk_gaussian_npe_n500_x25_seed74_20260426T010115Z/timing_metadata.json,res/gnk_high_budget/runs/gnk_gaussian_npe_n500_x25_seed74_20260426T010115Z/logs/stdout.log,res/gnk_high_budget/runs/gnk_gaussian_npe_n500_x25_seed74_20260426T010115Z/logs/stderr.log,,,,checked-no-collisions,Prepared dry-run row; not submitted.
75,75,run,500,11,25,1512500,75,Gaussian-NPE,empirical_gnk_prior_predictive_octile_summaries,gnk_gaussian_npe_n500_x25_seed75_20260426T010115Z,res/gnk_high_budget/configs/gnk_gaussian_npe_n500_x25_seed75_20260426T010115Z.yaml,res/gnk_high_budget/runs/gnk_gaussian_npe_n500_x25_seed75_20260426T010115Z,res/gnk_high_budget/runs/gnk_gaussian_npe_n500_x25_seed75_20260426T010115Z/validation_curve.csv,res/gnk_high_budget/runs/gnk_gaussian_npe_n500_x25_seed75_20260426T010115Z/validation_curve.pdf,res/gnk_high_budget/runs/gnk_gaussian_npe_n500_x25_seed75_20260426T010115Z/gaussian_npe_u_posterior.npz,res/gnk_high_budget/runs/gnk_gaussian_npe_n500_x25_seed75_20260426T010115Z/posterior_samples_10k.npz,res/gnk_high_budget/runs/gnk_gaussian_npe_n500_x25_seed75_20260426T010115Z/posterior_samples.pkl,res/gnk_high_budget/runs/gnk_gaussian_npe_n500_x25_seed75_20260426T010115Z/metrics.json,res/gnk_high_budget/runs/gnk_gaussian_npe_n500_x25_seed75_20260426T010115Z/timing_metadata.json,res/gnk_high_budget/runs/gnk_gaussian_npe_n500_x25_seed75_20260426T010115Z/logs/stdout.log,res/gnk_high_budget/runs/gnk_gaussian_npe_n500_x25_seed75_20260426T010115Z/logs/stderr.log,,,,checked-no-collisions,Prepared dry-run row; not submitted.
76,76,run,500,11,25,1512500,76,Gaussian-NPE,empirical_gnk_prior_predictive_octile_summaries,gnk_gaussian_npe_n500_x25_seed76_20260426T010115Z,res/gnk_high_budget/configs/gnk_gaussian_npe_n500_x25_seed76_20260426T010115Z.yaml,res/gnk_high_budget/runs/gnk_gaussian_npe_n500_x25_seed76_20260426T010115Z,res/gnk_high_budget/runs/gnk_gaussian_npe_n500_x25_seed76_20260426T010115Z/validation_curve.csv,res/gnk_high_budget/runs/gnk_gaussian_npe_n500_x25_seed76_20260426T010115Z/validation_curve.pdf,res/gnk_high_budget/runs/gnk_gaussian_npe_n500_x25_seed76_20260426T010115Z/gaussian_npe_u_posterior.npz,res/gnk_high_budget/runs/gnk_gaussian_npe_n500_x25_seed76_20260426T010115Z/posterior_samples_10k.npz,res/gnk_high_budget/runs/gnk_gaussian_npe_n500_x25_seed76_20260426T010115Z/posterior_samples.pkl,res/gnk_high_budget/runs/gnk_gaussian_npe_n500_x25_seed76_20260426T010115Z/metrics.json,res/gnk_high_budget/runs/gnk_gaussian_npe_n500_x25_seed76_20260426T010115Z/timing_metadata.json,res/gnk_high_budget/runs/gnk_gaussian_npe_n500_x25_seed76_20260426T010115Z/logs/stdout.log,res/gnk_high_budget/runs/gnk_gaussian_npe_n500_x25_seed76_20260426T010115Z/logs/stderr.log,,,,checked-no-collisions,Prepared dry-run row; not submitted.
77,77,run,500,11,25,1512500,77,Gaussian-NPE,empirical_gnk_prior_predictive_octile_summaries,gnk_gaussian_npe_n500_x25_seed77_20260426T010115Z,res/gnk_high_budget/configs/gnk_gaussian_npe_n500_x25_seed77_20260426T010115Z.yaml,res/gnk_high_budget/runs/gnk_gaussian_npe_n500_x25_seed77_20260426T010115Z,res/gnk_high_budget/runs/gnk_gaussian_npe_n500_x25_seed77_20260426T010115Z/validation_curve.csv,res/gnk_high_budget/runs/gnk_gaussian_npe_n500_x25_seed77_20260426T010115Z/validation_curve.pdf,res/gnk_high_budget/runs/gnk_gaussian_npe_n500_x25_seed77_20260426T010115Z/gaussian_npe_u_posterior.npz,res/gnk_high_budget/runs/gnk_gaussian_npe_n500_x25_seed77_20260426T010115Z/posterior_samples_10k.npz,res/gnk_high_budget/runs/gnk_gaussian_npe_n500_x25_seed77_20260426T010115Z/posterior_samples.pkl,res/gnk_high_budget/runs/gnk_gaussian_npe_n500_x25_seed77_20260426T010115Z/metrics.json,res/gnk_high_budget/runs/gnk_gaussian_npe_n500_x25_seed77_20260426T010115Z/timing_metadata.json,res/gnk_high_budget/runs/gnk_gaussian_npe_n500_x25_seed77_20260426T010115Z/logs/stdout.log,res/gnk_high_budget/runs/gnk_gaussian_npe_n500_x25_seed77_20260426T010115Z/logs/stderr.log,,,,checked-no-collisions,Prepared dry-run row; not submitted.
78,78,run,500,11,25,1512500,78,Gaussian-NPE,empirical_gnk_prior_predictive_octile_summaries,gnk_gaussian_npe_n500_x25_seed78_20260426T010115Z,res/gnk_high_budget/configs/gnk_gaussian_npe_n500_x25_seed78_20260426T010115Z.yaml,res/gnk_high_budget/runs/gnk_gaussian_npe_n500_x25_seed78_20260426T010115Z,res/gnk_high_budget/runs/gnk_gaussian_npe_n500_x25_seed78_20260426T010115Z/validation_curve.csv,res/gnk_high_budget/runs/gnk_gaussian_npe_n500_x25_seed78_20260426T010115Z/validation_curve.pdf,res/gnk_high_budget/runs/gnk_gaussian_npe_n500_x25_seed78_20260426T010115Z/gaussian_npe_u_posterior.npz,res/gnk_high_budget/runs/gnk_gaussian_npe_n500_x25_seed78_20260426T010115Z/posterior_samples_10k.npz,res/gnk_high_budget/runs/gnk_gaussian_npe_n500_x25_seed78_20260426T010115Z/posterior_samples.pkl,res/gnk_high_budget/runs/gnk_gaussian_npe_n500_x25_seed78_20260426T010115Z/metrics.json,res/gnk_high_budget/runs/gnk_gaussian_npe_n500_x25_seed78_20260426T010115Z/timing_metadata.json,res/gnk_high_budget/runs/gnk_gaussian_npe_n500_x25_seed78_20260426T010115Z/logs/stdout.log,res/gnk_high_budget/runs/gnk_gaussian_npe_n500_x25_seed78_20260426T010115Z/logs/stderr.log,,,,checked-no-collisions,Prepared dry-run row; not submitted.
79,79,run,500,11,25,1512500,79,Gaussian-NPE,empirical_gnk_prior_predictive_octile_summaries,gnk_gaussian_npe_n500_x25_seed79_20260426T010115Z,res/gnk_high_budget/configs/gnk_gaussian_npe_n500_x25_seed79_20260426T010115Z.yaml,res/gnk_high_budget/runs/gnk_gaussian_npe_n500_x25_seed79_20260426T010115Z,res/gnk_high_budget/runs/gnk_gaussian_npe_n500_x25_seed79_20260426T010115Z/validation_curve.csv,res/gnk_high_budget/runs/gnk_gaussian_npe_n500_x25_seed79_20260426T010115Z/validation_curve.pdf,res/gnk_high_budget/runs/gnk_gaussian_npe_n500_x25_seed79_20260426T010115Z/gaussian_npe_u_posterior.npz,res/gnk_high_budget/runs/gnk_gaussian_npe_n500_x25_seed79_20260426T010115Z/posterior_samples_10k.npz,res/gnk_high_budget/runs/gnk_gaussian_npe_n500_x25_seed79_20260426T010115Z/posterior_samples.pkl,res/gnk_high_budget/runs/gnk_gaussian_npe_n500_x25_seed79_20260426T010115Z/metrics.json,res/gnk_high_budget/runs/gnk_gaussian_npe_n500_x25_seed79_20260426T010115Z/timing_metadata.json,res/gnk_high_budget/runs/gnk_gaussian_npe_n500_x25_seed79_20260426T010115Z/logs/stdout.log,res/gnk_high_budget/runs/gnk_gaussian_npe_n500_x25_seed79_20260426T010115Z/logs/stderr.log,,,,checked-no-collisions,Prepared dry-run row; not submitted.
80,80,run,500,11,25,1512500,80,Gaussian-NPE,empirical_gnk_prior_predictive_octile_summaries,gnk_gaussian_npe_n500_x25_seed80_20260426T010115Z,res/gnk_high_budget/configs/gnk_gaussian_npe_n500_x25_seed80_20260426T010115Z.yaml,res/gnk_high_budget/runs/gnk_gaussian_npe_n500_x25_seed80_20260426T010115Z,res/gnk_high_budget/runs/gnk_gaussian_npe_n500_x25_seed80_20260426T010115Z/validation_curve.csv,res/gnk_high_budget/runs/gnk_gaussian_npe_n500_x25_seed80_20260426T010115Z/validation_curve.pdf,res/gnk_high_budget/runs/gnk_gaussian_npe_n500_x25_seed80_20260426T010115Z/gaussian_npe_u_posterior.npz,res/gnk_high_budget/runs/gnk_gaussian_npe_n500_x25_seed80_20260426T010115Z/posterior_samples_10k.npz,res/gnk_high_budget/runs/gnk_gaussian_npe_n500_x25_seed80_20260426T010115Z/posterior_samples.pkl,res/gnk_high_budget/runs/gnk_gaussian_npe_n500_x25_seed80_20260426T010115Z/metrics.json,res/gnk_high_budget/runs/gnk_gaussian_npe_n500_x25_seed80_20260426T010115Z/timing_metadata.json,res/gnk_high_budget/runs/gnk_gaussian_npe_n500_x25_seed80_20260426T010115Z/logs/stdout.log,res/gnk_high_budget/runs/gnk_gaussian_npe_n500_x25_seed80_20260426T010115Z/logs/stderr.log,,,,checked-no-collisions,Prepared dry-run row; not submitted.
81,81,run,500,11,25,1512500,81,Gaussian-NPE,empirical_gnk_prior_predictive_octile_summaries,gnk_gaussian_npe_n500_x25_seed81_20260426T010115Z,res/gnk_high_budget/configs/gnk_gaussian_npe_n500_x25_seed81_20260426T010115Z.yaml,res/gnk_high_budget/runs/gnk_gaussian_npe_n500_x25_seed81_20260426T010115Z,res/gnk_high_budget/runs/gnk_gaussian_npe_n500_x25_seed81_20260426T010115Z/validation_curve.csv,res/gnk_high_budget/runs/gnk_gaussian_npe_n500_x25_seed81_20260426T010115Z/validation_curve.pdf,res/gnk_high_budget/runs/gnk_gaussian_npe_n500_x25_seed81_20260426T010115Z/gaussian_npe_u_posterior.npz,res/gnk_high_budget/runs/gnk_gaussian_npe_n500_x25_seed81_20260426T010115Z/posterior_samples_10k.npz,res/gnk_high_budget/runs/gnk_gaussian_npe_n500_x25_seed81_20260426T010115Z/posterior_samples.pkl,res/gnk_high_budget/runs/gnk_gaussian_npe_n500_x25_seed81_20260426T010115Z/metrics.json,res/gnk_high_budget/runs/gnk_gaussian_npe_n500_x25_seed81_20260426T010115Z/timing_metadata.json,res/gnk_high_budget/runs/gnk_gaussian_npe_n500_x25_seed81_20260426T010115Z/logs/stdout.log,res/gnk_high_budget/runs/gnk_gaussian_npe_n500_x25_seed81_20260426T010115Z/logs/stderr.log,,,,checked-no-collisions,Prepared dry-run row; not submitted.
82,82,run,500,11,25,1512500,82,Gaussian-NPE,empirical_gnk_prior_predictive_octile_summaries,gnk_gaussian_npe_n500_x25_seed82_20260426T010115Z,res/gnk_high_budget/configs/gnk_gaussian_npe_n500_x25_seed82_20260426T010115Z.yaml,res/gnk_high_budget/runs/gnk_gaussian_npe_n500_x25_seed82_20260426T010115Z,res/gnk_high_budget/runs/gnk_gaussian_npe_n500_x25_seed82_20260426T010115Z/validation_curve.csv,res/gnk_high_budget/runs/gnk_gaussian_npe_n500_x25_seed82_20260426T010115Z/validation_curve.pdf,res/gnk_high_budget/runs/gnk_gaussian_npe_n500_x25_seed82_20260426T010115Z/gaussian_npe_u_posterior.npz,res/gnk_high_budget/runs/gnk_gaussian_npe_n500_x25_seed82_20260426T010115Z/posterior_samples_10k.npz,res/gnk_high_budget/runs/gnk_gaussian_npe_n500_x25_seed82_20260426T010115Z/posterior_samples.pkl,res/gnk_high_budget/runs/gnk_gaussian_npe_n500_x25_seed82_20260426T010115Z/metrics.json,res/gnk_high_budget/runs/gnk_gaussian_npe_n500_x25_seed82_20260426T010115Z/timing_metadata.json,res/gnk_high_budget/runs/gnk_gaussian_npe_n500_x25_seed82_20260426T010115Z/logs/stdout.log,res/gnk_high_budget/runs/gnk_gaussian_npe_n500_x25_seed82_20260426T010115Z/logs/stderr.log,,,,checked-no-collisions,Prepared dry-run row; not submitted.
83,83,run,500,11,25,1512500,83,Gaussian-NPE,empirical_gnk_prior_predictive_octile_summaries,gnk_gaussian_npe_n500_x25_seed83_20260426T010115Z,res/gnk_high_budget/configs/gnk_gaussian_npe_n500_x25_seed83_20260426T010115Z.yaml,res/gnk_high_budget/runs/gnk_gaussian_npe_n500_x25_seed83_20260426T010115Z,res/gnk_high_budget/runs/gnk_gaussian_npe_n500_x25_seed83_20260426T010115Z/validation_curve.csv,res/gnk_high_budget/runs/gnk_gaussian_npe_n500_x25_seed83_20260426T010115Z/validation_curve.pdf,res/gnk_high_budget/runs/gnk_gaussian_npe_n500_x25_seed83_20260426T010115Z/gaussian_npe_u_posterior.npz,res/gnk_high_budget/runs/gnk_gaussian_npe_n500_x25_seed83_20260426T010115Z/posterior_samples_10k.npz,res/gnk_high_budget/runs/gnk_gaussian_npe_n500_x25_seed83_20260426T010115Z/posterior_samples.pkl,res/gnk_high_budget/runs/gnk_gaussian_npe_n500_x25_seed83_20260426T010115Z/metrics.json,res/gnk_high_budget/runs/gnk_gaussian_npe_n500_x25_seed83_20260426T010115Z/timing_metadata.json,res/gnk_high_budget/runs/gnk_gaussian_npe_n500_x25_seed83_20260426T010115Z/logs/stdout.log,res/gnk_high_budget/runs/gnk_gaussian_npe_n500_x25_seed83_20260426T010115Z/logs/stderr.log,,,,checked-no-collisions,Prepared dry-run row; not submitted.
84,84,run,500,11,25,1512500,84,Gaussian-NPE,empirical_gnk_prior_predictive_octile_summaries,gnk_gaussian_npe_n500_x25_seed84_20260426T010115Z,res/gnk_high_budget/configs/gnk_gaussian_npe_n500_x25_seed84_20260426T010115Z.yaml,res/gnk_high_budget/runs/gnk_gaussian_npe_n500_x25_seed84_20260426T010115Z,res/gnk_high_budget/runs/gnk_gaussian_npe_n500_x25_seed84_20260426T010115Z/validation_curve.csv,res/gnk_high_budget/runs/gnk_gaussian_npe_n500_x25_seed84_20260426T010115Z/validation_curve.pdf,res/gnk_high_budget/runs/gnk_gaussian_npe_n500_x25_seed84_20260426T010115Z/gaussian_npe_u_posterior.npz,res/gnk_high_budget/runs/gnk_gaussian_npe_n500_x25_seed84_20260426T010115Z/posterior_samples_10k.npz,res/gnk_high_budget/runs/gnk_gaussian_npe_n500_x25_seed84_20260426T010115Z/posterior_samples.pkl,res/gnk_high_budget/runs/gnk_gaussian_npe_n500_x25_seed84_20260426T010115Z/metrics.json,res/gnk_high_budget/runs/gnk_gaussian_npe_n500_x25_seed84_20260426T010115Z/timing_metadata.json,res/gnk_high_budget/runs/gnk_gaussian_npe_n500_x25_seed84_20260426T010115Z/logs/stdout.log,res/gnk_high_budget/runs/gnk_gaussian_npe_n500_x25_seed84_20260426T010115Z/logs/stderr.log,,,,checked-no-collisions,Prepared dry-run row; not submitted.
85,85,run,500,11,25,1512500,85,Gaussian-NPE,empirical_gnk_prior_predictive_octile_summaries,gnk_gaussian_npe_n500_x25_seed85_20260426T010115Z,res/gnk_high_budget/configs/gnk_gaussian_npe_n500_x25_seed85_20260426T010115Z.yaml,res/gnk_high_budget/runs/gnk_gaussian_npe_n500_x25_seed85_20260426T010115Z,res/gnk_high_budget/runs/gnk_gaussian_npe_n500_x25_seed85_20260426T010115Z/validation_curve.csv,res/gnk_high_budget/runs/gnk_gaussian_npe_n500_x25_seed85_20260426T010115Z/validation_curve.pdf,res/gnk_high_budget/runs/gnk_gaussian_npe_n500_x25_seed85_20260426T010115Z/gaussian_npe_u_posterior.npz,res/gnk_high_budget/runs/gnk_gaussian_npe_n500_x25_seed85_20260426T010115Z/posterior_samples_10k.npz,res/gnk_high_budget/runs/gnk_gaussian_npe_n500_x25_seed85_20260426T010115Z/posterior_samples.pkl,res/gnk_high_budget/runs/gnk_gaussian_npe_n500_x25_seed85_20260426T010115Z/metrics.json,res/gnk_high_budget/runs/gnk_gaussian_npe_n500_x25_seed85_20260426T010115Z/timing_metadata.json,res/gnk_high_budget/runs/gnk_gaussian_npe_n500_x25_seed85_20260426T010115Z/logs/stdout.log,res/gnk_high_budget/runs/gnk_gaussian_npe_n500_x25_seed85_20260426T010115Z/logs/stderr.log,,,,checked-no-collisions,Prepared dry-run row; not submitted.
86,86,run,500,11,25,1512500,86,Gaussian-NPE,empirical_gnk_prior_predictive_octile_summaries,gnk_gaussian_npe_n500_x25_seed86_20260426T010115Z,res/gnk_high_budget/configs/gnk_gaussian_npe_n500_x25_seed86_20260426T010115Z.yaml,res/gnk_high_budget/runs/gnk_gaussian_npe_n500_x25_seed86_20260426T010115Z,res/gnk_high_budget/runs/gnk_gaussian_npe_n500_x25_seed86_20260426T010115Z/validation_curve.csv,res/gnk_high_budget/runs/gnk_gaussian_npe_n500_x25_seed86_20260426T010115Z/validation_curve.pdf,res/gnk_high_budget/runs/gnk_gaussian_npe_n500_x25_seed86_20260426T010115Z/gaussian_npe_u_posterior.npz,res/gnk_high_budget/runs/gnk_gaussian_npe_n500_x25_seed86_20260426T010115Z/posterior_samples_10k.npz,res/gnk_high_budget/runs/gnk_gaussian_npe_n500_x25_seed86_20260426T010115Z/posterior_samples.pkl,res/gnk_high_budget/runs/gnk_gaussian_npe_n500_x25_seed86_20260426T010115Z/metrics.json,res/gnk_high_budget/runs/gnk_gaussian_npe_n500_x25_seed86_20260426T010115Z/timing_metadata.json,res/gnk_high_budget/runs/gnk_gaussian_npe_n500_x25_seed86_20260426T010115Z/logs/stdout.log,res/gnk_high_budget/runs/gnk_gaussian_npe_n500_x25_seed86_20260426T010115Z/logs/stderr.log,,,,checked-no-collisions,Prepared dry-run row; not submitted.
87,87,run,500,11,25,1512500,87,Gaussian-NPE,empirical_gnk_prior_predictive_octile_summaries,gnk_gaussian_npe_n500_x25_seed87_20260426T010115Z,res/gnk_high_budget/configs/gnk_gaussian_npe_n500_x25_seed87_20260426T010115Z.yaml,res/gnk_high_budget/runs/gnk_gaussian_npe_n500_x25_seed87_20260426T010115Z,res/gnk_high_budget/runs/gnk_gaussian_npe_n500_x25_seed87_20260426T010115Z/validation_curve.csv,res/gnk_high_budget/runs/gnk_gaussian_npe_n500_x25_seed87_20260426T010115Z/validation_curve.pdf,res/gnk_high_budget/runs/gnk_gaussian_npe_n500_x25_seed87_20260426T010115Z/gaussian_npe_u_posterior.npz,res/gnk_high_budget/runs/gnk_gaussian_npe_n500_x25_seed87_20260426T010115Z/posterior_samples_10k.npz,res/gnk_high_budget/runs/gnk_gaussian_npe_n500_x25_seed87_20260426T010115Z/posterior_samples.pkl,res/gnk_high_budget/runs/gnk_gaussian_npe_n500_x25_seed87_20260426T010115Z/metrics.json,res/gnk_high_budget/runs/gnk_gaussian_npe_n500_x25_seed87_20260426T010115Z/timing_metadata.json,res/gnk_high_budget/runs/gnk_gaussian_npe_n500_x25_seed87_20260426T010115Z/logs/stdout.log,res/gnk_high_budget/runs/gnk_gaussian_npe_n500_x25_seed87_20260426T010115Z/logs/stderr.log,,,,checked-no-collisions,Prepared dry-run row; not submitted.
88,88,run,500,11,25,1512500,88,Gaussian-NPE,empirical_gnk_prior_predictive_octile_summaries,gnk_gaussian_npe_n500_x25_seed88_20260426T010115Z,res/gnk_high_budget/configs/gnk_gaussian_npe_n500_x25_seed88_20260426T010115Z.yaml,res/gnk_high_budget/runs/gnk_gaussian_npe_n500_x25_seed88_20260426T010115Z,res/gnk_high_budget/runs/gnk_gaussian_npe_n500_x25_seed88_20260426T010115Z/validation_curve.csv,res/gnk_high_budget/runs/gnk_gaussian_npe_n500_x25_seed88_20260426T010115Z/validation_curve.pdf,res/gnk_high_budget/runs/gnk_gaussian_npe_n500_x25_seed88_20260426T010115Z/gaussian_npe_u_posterior.npz,res/gnk_high_budget/runs/gnk_gaussian_npe_n500_x25_seed88_20260426T010115Z/posterior_samples_10k.npz,res/gnk_high_budget/runs/gnk_gaussian_npe_n500_x25_seed88_20260426T010115Z/posterior_samples.pkl,res/gnk_high_budget/runs/gnk_gaussian_npe_n500_x25_seed88_20260426T010115Z/metrics.json,res/gnk_high_budget/runs/gnk_gaussian_npe_n500_x25_seed88_20260426T010115Z/timing_metadata.json,res/gnk_high_budget/runs/gnk_gaussian_npe_n500_x25_seed88_20260426T010115Z/logs/stdout.log,res/gnk_high_budget/runs/gnk_gaussian_npe_n500_x25_seed88_20260426T010115Z/logs/stderr.log,,,,checked-no-collisions,Prepared dry-run row; not submitted.
89,89,run,500,11,25,1512500,89,Gaussian-NPE,empirical_gnk_prior_predictive_octile_summaries,gnk_gaussian_npe_n500_x25_seed89_20260426T010115Z,res/gnk_high_budget/configs/gnk_gaussian_npe_n500_x25_seed89_20260426T010115Z.yaml,res/gnk_high_budget/runs/gnk_gaussian_npe_n500_x25_seed89_20260426T010115Z,res/gnk_high_budget/runs/gnk_gaussian_npe_n500_x25_seed89_20260426T010115Z/validation_curve.csv,res/gnk_high_budget/runs/gnk_gaussian_npe_n500_x25_seed89_20260426T010115Z/validation_curve.pdf,res/gnk_high_budget/runs/gnk_gaussian_npe_n500_x25_seed89_20260426T010115Z/gaussian_npe_u_posterior.npz,res/gnk_high_budget/runs/gnk_gaussian_npe_n500_x25_seed89_20260426T010115Z/posterior_samples_10k.npz,res/gnk_high_budget/runs/gnk_gaussian_npe_n500_x25_seed89_20260426T010115Z/posterior_samples.pkl,res/gnk_high_budget/runs/gnk_gaussian_npe_n500_x25_seed89_20260426T010115Z/metrics.json,res/gnk_high_budget/runs/gnk_gaussian_npe_n500_x25_seed89_20260426T010115Z/timing_metadata.json,res/gnk_high_budget/runs/gnk_gaussian_npe_n500_x25_seed89_20260426T010115Z/logs/stdout.log,res/gnk_high_budget/runs/gnk_gaussian_npe_n500_x25_seed89_20260426T010115Z/logs/stderr.log,,,,checked-no-collisions,Prepared dry-run row; not submitted.
90,90,run,500,11,25,1512500,90,Gaussian-NPE,empirical_gnk_prior_predictive_octile_summaries,gnk_gaussian_npe_n500_x25_seed90_20260426T010115Z,res/gnk_high_budget/configs/gnk_gaussian_npe_n500_x25_seed90_20260426T010115Z.yaml,res/gnk_high_budget/runs/gnk_gaussian_npe_n500_x25_seed90_20260426T010115Z,res/gnk_high_budget/runs/gnk_gaussian_npe_n500_x25_seed90_20260426T010115Z/validation_curve.csv,res/gnk_high_budget/runs/gnk_gaussian_npe_n500_x25_seed90_20260426T010115Z/validation_curve.pdf,res/gnk_high_budget/runs/gnk_gaussian_npe_n500_x25_seed90_20260426T010115Z/gaussian_npe_u_posterior.npz,res/gnk_high_budget/runs/gnk_gaussian_npe_n500_x25_seed90_20260426T010115Z/posterior_samples_10k.npz,res/gnk_high_budget/runs/gnk_gaussian_npe_n500_x25_seed90_20260426T010115Z/posterior_samples.pkl,res/gnk_high_budget/runs/gnk_gaussian_npe_n500_x25_seed90_20260426T010115Z/metrics.json,res/gnk_high_budget/runs/gnk_gaussian_npe_n500_x25_seed90_20260426T010115Z/timing_metadata.json,res/gnk_high_budget/runs/gnk_gaussian_npe_n500_x25_seed90_20260426T010115Z/logs/stdout.log,res/gnk_high_budget/runs/gnk_gaussian_npe_n500_x25_seed90_20260426T010115Z/logs/stderr.log,,,,checked-no-collisions,Prepared dry-run row; not submitted.
91,91,run,500,11,25,1512500,91,Gaussian-NPE,empirical_gnk_prior_predictive_octile_summaries,gnk_gaussian_npe_n500_x25_seed91_20260426T010115Z,res/gnk_high_budget/configs/gnk_gaussian_npe_n500_x25_seed91_20260426T010115Z.yaml,res/gnk_high_budget/runs/gnk_gaussian_npe_n500_x25_seed91_20260426T010115Z,res/gnk_high_budget/runs/gnk_gaussian_npe_n500_x25_seed91_20260426T010115Z/validation_curve.csv,res/gnk_high_budget/runs/gnk_gaussian_npe_n500_x25_seed91_20260426T010115Z/validation_curve.pdf,res/gnk_high_budget/runs/gnk_gaussian_npe_n500_x25_seed91_20260426T010115Z/gaussian_npe_u_posterior.npz,res/gnk_high_budget/runs/gnk_gaussian_npe_n500_x25_seed91_20260426T010115Z/posterior_samples_10k.npz,res/gnk_high_budget/runs/gnk_gaussian_npe_n500_x25_seed91_20260426T010115Z/posterior_samples.pkl,res/gnk_high_budget/runs/gnk_gaussian_npe_n500_x25_seed91_20260426T010115Z/metrics.json,res/gnk_high_budget/runs/gnk_gaussian_npe_n500_x25_seed91_20260426T010115Z/timing_metadata.json,res/gnk_high_budget/runs/gnk_gaussian_npe_n500_x25_seed91_20260426T010115Z/logs/stdout.log,res/gnk_high_budget/runs/gnk_gaussian_npe_n500_x25_seed91_20260426T010115Z/logs/stderr.log,,,,checked-no-collisions,Prepared dry-run row; not submitted.
92,92,run,500,11,25,1512500,92,Gaussian-NPE,empirical_gnk_prior_predictive_octile_summaries,gnk_gaussian_npe_n500_x25_seed92_20260426T010115Z,res/gnk_high_budget/configs/gnk_gaussian_npe_n500_x25_seed92_20260426T010115Z.yaml,res/gnk_high_budget/runs/gnk_gaussian_npe_n500_x25_seed92_20260426T010115Z,res/gnk_high_budget/runs/gnk_gaussian_npe_n500_x25_seed92_20260426T010115Z/validation_curve.csv,res/gnk_high_budget/runs/gnk_gaussian_npe_n500_x25_seed92_20260426T010115Z/validation_curve.pdf,res/gnk_high_budget/runs/gnk_gaussian_npe_n500_x25_seed92_20260426T010115Z/gaussian_npe_u_posterior.npz,res/gnk_high_budget/runs/gnk_gaussian_npe_n500_x25_seed92_20260426T010115Z/posterior_samples_10k.npz,res/gnk_high_budget/runs/gnk_gaussian_npe_n500_x25_seed92_20260426T010115Z/posterior_samples.pkl,res/gnk_high_budget/runs/gnk_gaussian_npe_n500_x25_seed92_20260426T010115Z/metrics.json,res/gnk_high_budget/runs/gnk_gaussian_npe_n500_x25_seed92_20260426T010115Z/timing_metadata.json,res/gnk_high_budget/runs/gnk_gaussian_npe_n500_x25_seed92_20260426T010115Z/logs/stdout.log,res/gnk_high_budget/runs/gnk_gaussian_npe_n500_x25_seed92_20260426T010115Z/logs/stderr.log,,,,checked-no-collisions,Prepared dry-run row; not submitted.
93,93,run,500,11,25,1512500,93,Gaussian-NPE,empirical_gnk_prior_predictive_octile_summaries,gnk_gaussian_npe_n500_x25_seed93_20260426T010115Z,res/gnk_high_budget/configs/gnk_gaussian_npe_n500_x25_seed93_20260426T010115Z.yaml,res/gnk_high_budget/runs/gnk_gaussian_npe_n500_x25_seed93_20260426T010115Z,res/gnk_high_budget/runs/gnk_gaussian_npe_n500_x25_seed93_20260426T010115Z/validation_curve.csv,res/gnk_high_budget/runs/gnk_gaussian_npe_n500_x25_seed93_20260426T010115Z/validation_curve.pdf,res/gnk_high_budget/runs/gnk_gaussian_npe_n500_x25_seed93_20260426T010115Z/gaussian_npe_u_posterior.npz,res/gnk_high_budget/runs/gnk_gaussian_npe_n500_x25_seed93_20260426T010115Z/posterior_samples_10k.npz,res/gnk_high_budget/runs/gnk_gaussian_npe_n500_x25_seed93_20260426T010115Z/posterior_samples.pkl,res/gnk_high_budget/runs/gnk_gaussian_npe_n500_x25_seed93_20260426T010115Z/metrics.json,res/gnk_high_budget/runs/gnk_gaussian_npe_n500_x25_seed93_20260426T010115Z/timing_metadata.json,res/gnk_high_budget/runs/gnk_gaussian_npe_n500_x25_seed93_20260426T010115Z/logs/stdout.log,res/gnk_high_budget/runs/gnk_gaussian_npe_n500_x25_seed93_20260426T010115Z/logs/stderr.log,,,,checked-no-collisions,Prepared dry-run row; not submitted.
94,94,run,500,11,25,1512500,94,Gaussian-NPE,empirical_gnk_prior_predictive_octile_summaries,gnk_gaussian_npe_n500_x25_seed94_20260426T010115Z,res/gnk_high_budget/configs/gnk_gaussian_npe_n500_x25_seed94_20260426T010115Z.yaml,res/gnk_high_budget/runs/gnk_gaussian_npe_n500_x25_seed94_20260426T010115Z,res/gnk_high_budget/runs/gnk_gaussian_npe_n500_x25_seed94_20260426T010115Z/validation_curve.csv,res/gnk_high_budget/runs/gnk_gaussian_npe_n500_x25_seed94_20260426T010115Z/validation_curve.pdf,res/gnk_high_budget/runs/gnk_gaussian_npe_n500_x25_seed94_20260426T010115Z/gaussian_npe_u_posterior.npz,res/gnk_high_budget/runs/gnk_gaussian_npe_n500_x25_seed94_20260426T010115Z/posterior_samples_10k.npz,res/gnk_high_budget/runs/gnk_gaussian_npe_n500_x25_seed94_20260426T010115Z/posterior_samples.pkl,res/gnk_high_budget/runs/gnk_gaussian_npe_n500_x25_seed94_20260426T010115Z/metrics.json,res/gnk_high_budget/runs/gnk_gaussian_npe_n500_x25_seed94_20260426T010115Z/timing_metadata.json,res/gnk_high_budget/runs/gnk_gaussian_npe_n500_x25_seed94_20260426T010115Z/logs/stdout.log,res/gnk_high_budget/runs/gnk_gaussian_npe_n500_x25_seed94_20260426T010115Z/logs/stderr.log,,,,checked-no-collisions,Prepared dry-run row; not submitted.
95,95,run,500,11,25,1512500,95,Gaussian-NPE,empirical_gnk_prior_predictive_octile_summaries,gnk_gaussian_npe_n500_x25_seed95_20260426T010115Z,res/gnk_high_budget/configs/gnk_gaussian_npe_n500_x25_seed95_20260426T010115Z.yaml,res/gnk_high_budget/runs/gnk_gaussian_npe_n500_x25_seed95_20260426T010115Z,res/gnk_high_budget/runs/gnk_gaussian_npe_n500_x25_seed95_20260426T010115Z/validation_curve.csv,res/gnk_high_budget/runs/gnk_gaussian_npe_n500_x25_seed95_20260426T010115Z/validation_curve.pdf,res/gnk_high_budget/runs/gnk_gaussian_npe_n500_x25_seed95_20260426T010115Z/gaussian_npe_u_posterior.npz,res/gnk_high_budget/runs/gnk_gaussian_npe_n500_x25_seed95_20260426T010115Z/posterior_samples_10k.npz,res/gnk_high_budget/runs/gnk_gaussian_npe_n500_x25_seed95_20260426T010115Z/posterior_samples.pkl,res/gnk_high_budget/runs/gnk_gaussian_npe_n500_x25_seed95_20260426T010115Z/metrics.json,res/gnk_high_budget/runs/gnk_gaussian_npe_n500_x25_seed95_20260426T010115Z/timing_metadata.json,res/gnk_high_budget/runs/gnk_gaussian_npe_n500_x25_seed95_20260426T010115Z/logs/stdout.log,res/gnk_high_budget/runs/gnk_gaussian_npe_n500_x25_seed95_20260426T010115Z/logs/stderr.log,,,,checked-no-collisions,Prepared dry-run row; not submitted.
96,96,run,500,11,25,1512500,96,Gaussian-NPE,empirical_gnk_prior_predictive_octile_summaries,gnk_gaussian_npe_n500_x25_seed96_20260426T010115Z,res/gnk_high_budget/configs/gnk_gaussian_npe_n500_x25_seed96_20260426T010115Z.yaml,res/gnk_high_budget/runs/gnk_gaussian_npe_n500_x25_seed96_20260426T010115Z,res/gnk_high_budget/runs/gnk_gaussian_npe_n500_x25_seed96_20260426T010115Z/validation_curve.csv,res/gnk_high_budget/runs/gnk_gaussian_npe_n500_x25_seed96_20260426T010115Z/validation_curve.pdf,res/gnk_high_budget/runs/gnk_gaussian_npe_n500_x25_seed96_20260426T010115Z/gaussian_npe_u_posterior.npz,res/gnk_high_budget/runs/gnk_gaussian_npe_n500_x25_seed96_20260426T010115Z/posterior_samples_10k.npz,res/gnk_high_budget/runs/gnk_gaussian_npe_n500_x25_seed96_20260426T010115Z/posterior_samples.pkl,res/gnk_high_budget/runs/gnk_gaussian_npe_n500_x25_seed96_20260426T010115Z/metrics.json,res/gnk_high_budget/runs/gnk_gaussian_npe_n500_x25_seed96_20260426T010115Z/timing_metadata.json,res/gnk_high_budget/runs/gnk_gaussian_npe_n500_x25_seed96_20260426T010115Z/logs/stdout.log,res/gnk_high_budget/runs/gnk_gaussian_npe_n500_x25_seed96_20260426T010115Z/logs/stderr.log,,,,checked-no-collisions,Prepared dry-run row; not submitted.
97,97,run,500,11,25,1512500,97,Gaussian-NPE,empirical_gnk_prior_predictive_octile_summaries,gnk_gaussian_npe_n500_x25_seed97_20260426T010115Z,res/gnk_high_budget/configs/gnk_gaussian_npe_n500_x25_seed97_20260426T010115Z.yaml,res/gnk_high_budget/runs/gnk_gaussian_npe_n500_x25_seed97_20260426T010115Z,res/gnk_high_budget/runs/gnk_gaussian_npe_n500_x25_seed97_20260426T010115Z/validation_curve.csv,res/gnk_high_budget/runs/gnk_gaussian_npe_n500_x25_seed97_20260426T010115Z/validation_curve.pdf,res/gnk_high_budget/runs/gnk_gaussian_npe_n500_x25_seed97_20260426T010115Z/gaussian_npe_u_posterior.npz,res/gnk_high_budget/runs/gnk_gaussian_npe_n500_x25_seed97_20260426T010115Z/posterior_samples_10k.npz,res/gnk_high_budget/runs/gnk_gaussian_npe_n500_x25_seed97_20260426T010115Z/posterior_samples.pkl,res/gnk_high_budget/runs/gnk_gaussian_npe_n500_x25_seed97_20260426T010115Z/metrics.json,res/gnk_high_budget/runs/gnk_gaussian_npe_n500_x25_seed97_20260426T010115Z/timing_metadata.json,res/gnk_high_budget/runs/gnk_gaussian_npe_n500_x25_seed97_20260426T010115Z/logs/stdout.log,res/gnk_high_budget/runs/gnk_gaussian_npe_n500_x25_seed97_20260426T010115Z/logs/stderr.log,,,,checked-no-collisions,Prepared dry-run row; not submitted.
98,98,run,500,11,25,1512500,98,Gaussian-NPE,empirical_gnk_prior_predictive_octile_summaries,gnk_gaussian_npe_n500_x25_seed98_20260426T010115Z,res/gnk_high_budget/configs/gnk_gaussian_npe_n500_x25_seed98_20260426T010115Z.yaml,res/gnk_high_budget/runs/gnk_gaussian_npe_n500_x25_seed98_20260426T010115Z,res/gnk_high_budget/runs/gnk_gaussian_npe_n500_x25_seed98_20260426T010115Z/validation_curve.csv,res/gnk_high_budget/runs/gnk_gaussian_npe_n500_x25_seed98_20260426T010115Z/validation_curve.pdf,res/gnk_high_budget/runs/gnk_gaussian_npe_n500_x25_seed98_20260426T010115Z/gaussian_npe_u_posterior.npz,res/gnk_high_budget/runs/gnk_gaussian_npe_n500_x25_seed98_20260426T010115Z/posterior_samples_10k.npz,res/gnk_high_budget/runs/gnk_gaussian_npe_n500_x25_seed98_20260426T010115Z/posterior_samples.pkl,res/gnk_high_budget/runs/gnk_gaussian_npe_n500_x25_seed98_20260426T010115Z/metrics.json,res/gnk_high_budget/runs/gnk_gaussian_npe_n500_x25_seed98_20260426T010115Z/timing_metadata.json,res/gnk_high_budget/runs/gnk_gaussian_npe_n500_x25_seed98_20260426T010115Z/logs/stdout.log,res/gnk_high_budget/runs/gnk_gaussian_npe_n500_x25_seed98_20260426T010115Z/logs/stderr.log,,,,checked-no-collisions,Prepared dry-run row; not submitted.
99,99,run,500,11,25,1512500,99,Gaussian-NPE,empirical_gnk_prior_predictive_octile_summaries,gnk_gaussian_npe_n500_x25_seed99_20260426T010115Z,res/gnk_high_budget/configs/gnk_gaussian_npe_n500_x25_seed99_20260426T010115Z.yaml,res/gnk_high_budget/runs/gnk_gaussian_npe_n500_x25_seed99_20260426T010115Z,res/gnk_high_budget/runs/gnk_gaussian_npe_n500_x25_seed99_20260426T010115Z/validation_curve.csv,res/gnk_high_budget/runs/gnk_gaussian_npe_n500_x25_seed99_20260426T010115Z/validation_curve.pdf,res/gnk_high_budget/runs/gnk_gaussian_npe_n500_x25_seed99_20260426T010115Z/gaussian_npe_u_posterior.npz,res/gnk_high_budget/runs/gnk_gaussian_npe_n500_x25_seed99_20260426T010115Z/posterior_samples_10k.npz,res/gnk_high_budget/runs/gnk_gaussian_npe_n500_x25_seed99_20260426T010115Z/posterior_samples.pkl,res/gnk_high_budget/runs/gnk_gaussian_npe_n500_x25_seed99_20260426T010115Z/metrics.json,res/gnk_high_budget/runs/gnk_gaussian_npe_n500_x25_seed99_20260426T010115Z/timing_metadata.json,res/gnk_high_budget/runs/gnk_gaussian_npe_n500_x25_seed99_20260426T010115Z/logs/stdout.log,res/gnk_high_budget/runs/gnk_gaussian_npe_n500_x25_seed99_20260426T010115Z/logs/stderr.log,,,,checked-no-collisions,Prepared dry-run row; not submitted.
100,100,run,500,11,25,1512500,100,Gaussian-NPE,empirical_gnk_prior_predictive_octile_summaries,gnk_gaussian_npe_n500_x25_seed100_20260426T010115Z,res/gnk_high_budget/configs/gnk_gaussian_npe_n500_x25_seed100_20260426T010115Z.yaml,res/gnk_high_budget/runs/gnk_gaussian_npe_n500_x25_seed100_20260426T010115Z,res/gnk_high_budget/runs/gnk_gaussian_npe_n500_x25_seed100_20260426T010115Z/validation_curve.csv,res/gnk_high_budget/runs/gnk_gaussian_npe_n500_x25_seed100_20260426T010115Z/validation_curve.pdf,res/gnk_high_budget/runs/gnk_gaussian_npe_n500_x25_seed100_20260426T010115Z/gaussian_npe_u_posterior.npz,res/gnk_high_budget/runs/gnk_gaussian_npe_n500_x25_seed100_20260426T010115Z/posterior_samples_10k.npz,res/gnk_high_budget/runs/gnk_gaussian_npe_n500_x25_seed100_20260426T010115Z/posterior_samples.pkl,res/gnk_high_budget/runs/gnk_gaussian_npe_n500_x25_seed100_20260426T010115Z/metrics.json,res/gnk_high_budget/runs/gnk_gaussian_npe_n500_x25_seed100_20260426T010115Z/timing_metadata.json,res/gnk_high_budget/runs/gnk_gaussian_npe_n500_x25_seed100_20260426T010115Z/logs/stdout.log,res/gnk_high_budget/runs/gnk_gaussian_npe_n500_x25_seed100_20260426T010115Z/logs/stderr.log,,,,checked-no-collisions,Prepared dry-run row; not submitted.
101,101,run,500,11,50,3025000,0,Gaussian-NPE,empirical_gnk_prior_predictive_octile_summaries,gnk_gaussian_npe_n500_x50_seed0_20260426T010115Z,res/gnk_high_budget/configs/gnk_gaussian_npe_n500_x50_seed0_20260426T010115Z.yaml,res/gnk_high_budget/runs/gnk_gaussian_npe_n500_x50_seed0_20260426T010115Z,res/gnk_high_budget/runs/gnk_gaussian_npe_n500_x50_seed0_20260426T010115Z/validation_curve.csv,res/gnk_high_budget/runs/gnk_gaussian_npe_n500_x50_seed0_20260426T010115Z/validation_curve.pdf,res/gnk_high_budget/runs/gnk_gaussian_npe_n500_x50_seed0_20260426T010115Z/gaussian_npe_u_posterior.npz,res/gnk_high_budget/runs/gnk_gaussian_npe_n500_x50_seed0_20260426T010115Z/posterior_samples_10k.npz,res/gnk_high_budget/runs/gnk_gaussian_npe_n500_x50_seed0_20260426T010115Z/posterior_samples.pkl,res/gnk_high_budget/runs/gnk_gaussian_npe_n500_x50_seed0_20260426T010115Z/metrics.json,res/gnk_high_budget/runs/gnk_gaussian_npe_n500_x50_seed0_20260426T010115Z/timing_metadata.json,res/gnk_high_budget/runs/gnk_gaussian_npe_n500_x50_seed0_20260426T010115Z/logs/stdout.log,res/gnk_high_budget/runs/gnk_gaussian_npe_n500_x50_seed0_20260426T010115Z/logs/stderr.log,,,,checked-no-collisions,Prepared dry-run row; not submitted.
102,102,run,500,11,50,3025000,1,Gaussian-NPE,empirical_gnk_prior_predictive_octile_summaries,gnk_gaussian_npe_n500_x50_seed1_20260426T010115Z,res/gnk_high_budget/configs/gnk_gaussian_npe_n500_x50_seed1_20260426T010115Z.yaml,res/gnk_high_budget/runs/gnk_gaussian_npe_n500_x50_seed1_20260426T010115Z,res/gnk_high_budget/runs/gnk_gaussian_npe_n500_x50_seed1_20260426T010115Z/validation_curve.csv,res/gnk_high_budget/runs/gnk_gaussian_npe_n500_x50_seed1_20260426T010115Z/validation_curve.pdf,res/gnk_high_budget/runs/gnk_gaussian_npe_n500_x50_seed1_20260426T010115Z/gaussian_npe_u_posterior.npz,res/gnk_high_budget/runs/gnk_gaussian_npe_n500_x50_seed1_20260426T010115Z/posterior_samples_10k.npz,res/gnk_high_budget/runs/gnk_gaussian_npe_n500_x50_seed1_20260426T010115Z/posterior_samples.pkl,res/gnk_high_budget/runs/gnk_gaussian_npe_n500_x50_seed1_20260426T010115Z/metrics.json,res/gnk_high_budget/runs/gnk_gaussian_npe_n500_x50_seed1_20260426T010115Z/timing_metadata.json,res/gnk_high_budget/runs/gnk_gaussian_npe_n500_x50_seed1_20260426T010115Z/logs/stdout.log,res/gnk_high_budget/runs/gnk_gaussian_npe_n500_x50_seed1_20260426T010115Z/logs/stderr.log,,,,checked-no-collisions,Prepared dry-run row; not submitted.
103,103,run,500,11,50,3025000,2,Gaussian-NPE,empirical_gnk_prior_predictive_octile_summaries,gnk_gaussian_npe_n500_x50_seed2_20260426T010115Z,res/gnk_high_budget/configs/gnk_gaussian_npe_n500_x50_seed2_20260426T010115Z.yaml,res/gnk_high_budget/runs/gnk_gaussian_npe_n500_x50_seed2_20260426T010115Z,res/gnk_high_budget/runs/gnk_gaussian_npe_n500_x50_seed2_20260426T010115Z/validation_curve.csv,res/gnk_high_budget/runs/gnk_gaussian_npe_n500_x50_seed2_20260426T010115Z/validation_curve.pdf,res/gnk_high_budget/runs/gnk_gaussian_npe_n500_x50_seed2_20260426T010115Z/gaussian_npe_u_posterior.npz,res/gnk_high_budget/runs/gnk_gaussian_npe_n500_x50_seed2_20260426T010115Z/posterior_samples_10k.npz,res/gnk_high_budget/runs/gnk_gaussian_npe_n500_x50_seed2_20260426T010115Z/posterior_samples.pkl,res/gnk_high_budget/runs/gnk_gaussian_npe_n500_x50_seed2_20260426T010115Z/metrics.json,res/gnk_high_budget/runs/gnk_gaussian_npe_n500_x50_seed2_20260426T010115Z/timing_metadata.json,res/gnk_high_budget/runs/gnk_gaussian_npe_n500_x50_seed2_20260426T010115Z/logs/stdout.log,res/gnk_high_budget/runs/gnk_gaussian_npe_n500_x50_seed2_20260426T010115Z/logs/stderr.log,,,,checked-no-collisions,Prepared dry-run row; not submitted.
104,104,run,500,11,50,3025000,3,Gaussian-NPE,empirical_gnk_prior_predictive_octile_summaries,gnk_gaussian_npe_n500_x50_seed3_20260426T010115Z,res/gnk_high_budget/configs/gnk_gaussian_npe_n500_x50_seed3_20260426T010115Z.yaml,res/gnk_high_budget/runs/gnk_gaussian_npe_n500_x50_seed3_20260426T010115Z,res/gnk_high_budget/runs/gnk_gaussian_npe_n500_x50_seed3_20260426T010115Z/validation_curve.csv,res/gnk_high_budget/runs/gnk_gaussian_npe_n500_x50_seed3_20260426T010115Z/validation_curve.pdf,res/gnk_high_budget/runs/gnk_gaussian_npe_n500_x50_seed3_20260426T010115Z/gaussian_npe_u_posterior.npz,res/gnk_high_budget/runs/gnk_gaussian_npe_n500_x50_seed3_20260426T010115Z/posterior_samples_10k.npz,res/gnk_high_budget/runs/gnk_gaussian_npe_n500_x50_seed3_20260426T010115Z/posterior_samples.pkl,res/gnk_high_budget/runs/gnk_gaussian_npe_n500_x50_seed3_20260426T010115Z/metrics.json,res/gnk_high_budget/runs/gnk_gaussian_npe_n500_x50_seed3_20260426T010115Z/timing_metadata.json,res/gnk_high_budget/runs/gnk_gaussian_npe_n500_x50_seed3_20260426T010115Z/logs/stdout.log,res/gnk_high_budget/runs/gnk_gaussian_npe_n500_x50_seed3_20260426T010115Z/logs/stderr.log,,,,checked-no-collisions,Prepared dry-run row; not submitted.
105,105,run,500,11,50,3025000,4,Gaussian-NPE,empirical_gnk_prior_predictive_octile_summaries,gnk_gaussian_npe_n500_x50_seed4_20260426T010115Z,res/gnk_high_budget/configs/gnk_gaussian_npe_n500_x50_seed4_20260426T010115Z.yaml,res/gnk_high_budget/runs/gnk_gaussian_npe_n500_x50_seed4_20260426T010115Z,res/gnk_high_budget/runs/gnk_gaussian_npe_n500_x50_seed4_20260426T010115Z/validation_curve.csv,res/gnk_high_budget/runs/gnk_gaussian_npe_n500_x50_seed4_20260426T010115Z/validation_curve.pdf,res/gnk_high_budget/runs/gnk_gaussian_npe_n500_x50_seed4_20260426T010115Z/gaussian_npe_u_posterior.npz,res/gnk_high_budget/runs/gnk_gaussian_npe_n500_x50_seed4_20260426T010115Z/posterior_samples_10k.npz,res/gnk_high_budget/runs/gnk_gaussian_npe_n500_x50_seed4_20260426T010115Z/posterior_samples.pkl,res/gnk_high_budget/runs/gnk_gaussian_npe_n500_x50_seed4_20260426T010115Z/metrics.json,res/gnk_high_budget/runs/gnk_gaussian_npe_n500_x50_seed4_20260426T010115Z/timing_metadata.json,res/gnk_high_budget/runs/gnk_gaussian_npe_n500_x50_seed4_20260426T010115Z/logs/stdout.log,res/gnk_high_budget/runs/gnk_gaussian_npe_n500_x50_seed4_20260426T010115Z/logs/stderr.log,,,,checked-no-collisions,Prepared dry-run row; not submitted.
106,106,run,500,11,50,3025000,5,Gaussian-NPE,empirical_gnk_prior_predictive_octile_summaries,gnk_gaussian_npe_n500_x50_seed5_20260426T010115Z,res/gnk_high_budget/configs/gnk_gaussian_npe_n500_x50_seed5_20260426T010115Z.yaml,res/gnk_high_budget/runs/gnk_gaussian_npe_n500_x50_seed5_20260426T010115Z,res/gnk_high_budget/runs/gnk_gaussian_npe_n500_x50_seed5_20260426T010115Z/validation_curve.csv,res/gnk_high_budget/runs/gnk_gaussian_npe_n500_x50_seed5_20260426T010115Z/validation_curve.pdf,res/gnk_high_budget/runs/gnk_gaussian_npe_n500_x50_seed5_20260426T010115Z/gaussian_npe_u_posterior.npz,res/gnk_high_budget/runs/gnk_gaussian_npe_n500_x50_seed5_20260426T010115Z/posterior_samples_10k.npz,res/gnk_high_budget/runs/gnk_gaussian_npe_n500_x50_seed5_20260426T010115Z/posterior_samples.pkl,res/gnk_high_budget/runs/gnk_gaussian_npe_n500_x50_seed5_20260426T010115Z/metrics.json,res/gnk_high_budget/runs/gnk_gaussian_npe_n500_x50_seed5_20260426T010115Z/timing_metadata.json,res/gnk_high_budget/runs/gnk_gaussian_npe_n500_x50_seed5_20260426T010115Z/logs/stdout.log,res/gnk_high_budget/runs/gnk_gaussian_npe_n500_x50_seed5_20260426T010115Z/logs/stderr.log,,,,checked-no-collisions,Prepared dry-run row; not submitted.
107,107,run,500,11,50,3025000,6,Gaussian-NPE,empirical_gnk_prior_predictive_octile_summaries,gnk_gaussian_npe_n500_x50_seed6_20260426T010115Z,res/gnk_high_budget/configs/gnk_gaussian_npe_n500_x50_seed6_20260426T010115Z.yaml,res/gnk_high_budget/runs/gnk_gaussian_npe_n500_x50_seed6_20260426T010115Z,res/gnk_high_budget/runs/gnk_gaussian_npe_n500_x50_seed6_20260426T010115Z/validation_curve.csv,res/gnk_high_budget/runs/gnk_gaussian_npe_n500_x50_seed6_20260426T010115Z/validation_curve.pdf,res/gnk_high_budget/runs/gnk_gaussian_npe_n500_x50_seed6_20260426T010115Z/gaussian_npe_u_posterior.npz,res/gnk_high_budget/runs/gnk_gaussian_npe_n500_x50_seed6_20260426T010115Z/posterior_samples_10k.npz,res/gnk_high_budget/runs/gnk_gaussian_npe_n500_x50_seed6_20260426T010115Z/posterior_samples.pkl,res/gnk_high_budget/runs/gnk_gaussian_npe_n500_x50_seed6_20260426T010115Z/metrics.json,res/gnk_high_budget/runs/gnk_gaussian_npe_n500_x50_seed6_20260426T010115Z/timing_metadata.json,res/gnk_high_budget/runs/gnk_gaussian_npe_n500_x50_seed6_20260426T010115Z/logs/stdout.log,res/gnk_high_budget/runs/gnk_gaussian_npe_n500_x50_seed6_20260426T010115Z/logs/stderr.log,,,,checked-no-collisions,Prepared dry-run row; not submitted.
108,108,run,500,11,50,3025000,7,Gaussian-NPE,empirical_gnk_prior_predictive_octile_summaries,gnk_gaussian_npe_n500_x50_seed7_20260426T010115Z,res/gnk_high_budget/configs/gnk_gaussian_npe_n500_x50_seed7_20260426T010115Z.yaml,res/gnk_high_budget/runs/gnk_gaussian_npe_n500_x50_seed7_20260426T010115Z,res/gnk_high_budget/runs/gnk_gaussian_npe_n500_x50_seed7_20260426T010115Z/validation_curve.csv,res/gnk_high_budget/runs/gnk_gaussian_npe_n500_x50_seed7_20260426T010115Z/validation_curve.pdf,res/gnk_high_budget/runs/gnk_gaussian_npe_n500_x50_seed7_20260426T010115Z/gaussian_npe_u_posterior.npz,res/gnk_high_budget/runs/gnk_gaussian_npe_n500_x50_seed7_20260426T010115Z/posterior_samples_10k.npz,res/gnk_high_budget/runs/gnk_gaussian_npe_n500_x50_seed7_20260426T010115Z/posterior_samples.pkl,res/gnk_high_budget/runs/gnk_gaussian_npe_n500_x50_seed7_20260426T010115Z/metrics.json,res/gnk_high_budget/runs/gnk_gaussian_npe_n500_x50_seed7_20260426T010115Z/timing_metadata.json,res/gnk_high_budget/runs/gnk_gaussian_npe_n500_x50_seed7_20260426T010115Z/logs/stdout.log,res/gnk_high_budget/runs/gnk_gaussian_npe_n500_x50_seed7_20260426T010115Z/logs/stderr.log,,,,checked-no-collisions,Prepared dry-run row; not submitted.
109,109,run,500,11,50,3025000,8,Gaussian-NPE,empirical_gnk_prior_predictive_octile_summaries,gnk_gaussian_npe_n500_x50_seed8_20260426T010115Z,res/gnk_high_budget/configs/gnk_gaussian_npe_n500_x50_seed8_20260426T010115Z.yaml,res/gnk_high_budget/runs/gnk_gaussian_npe_n500_x50_seed8_20260426T010115Z,res/gnk_high_budget/runs/gnk_gaussian_npe_n500_x50_seed8_20260426T010115Z/validation_curve.csv,res/gnk_high_budget/runs/gnk_gaussian_npe_n500_x50_seed8_20260426T010115Z/validation_curve.pdf,res/gnk_high_budget/runs/gnk_gaussian_npe_n500_x50_seed8_20260426T010115Z/gaussian_npe_u_posterior.npz,res/gnk_high_budget/runs/gnk_gaussian_npe_n500_x50_seed8_20260426T010115Z/posterior_samples_10k.npz,res/gnk_high_budget/runs/gnk_gaussian_npe_n500_x50_seed8_20260426T010115Z/posterior_samples.pkl,res/gnk_high_budget/runs/gnk_gaussian_npe_n500_x50_seed8_20260426T010115Z/metrics.json,res/gnk_high_budget/runs/gnk_gaussian_npe_n500_x50_seed8_20260426T010115Z/timing_metadata.json,res/gnk_high_budget/runs/gnk_gaussian_npe_n500_x50_seed8_20260426T010115Z/logs/stdout.log,res/gnk_high_budget/runs/gnk_gaussian_npe_n500_x50_seed8_20260426T010115Z/logs/stderr.log,,,,checked-no-collisions,Prepared dry-run row; not submitted.
110,110,run,500,11,50,3025000,9,Gaussian-NPE,empirical_gnk_prior_predictive_octile_summaries,gnk_gaussian_npe_n500_x50_seed9_20260426T010115Z,res/gnk_high_budget/configs/gnk_gaussian_npe_n500_x50_seed9_20260426T010115Z.yaml,res/gnk_high_budget/runs/gnk_gaussian_npe_n500_x50_seed9_20260426T010115Z,res/gnk_high_budget/runs/gnk_gaussian_npe_n500_x50_seed9_20260426T010115Z/validation_curve.csv,res/gnk_high_budget/runs/gnk_gaussian_npe_n500_x50_seed9_20260426T010115Z/validation_curve.pdf,res/gnk_high_budget/runs/gnk_gaussian_npe_n500_x50_seed9_20260426T010115Z/gaussian_npe_u_posterior.npz,res/gnk_high_budget/runs/gnk_gaussian_npe_n500_x50_seed9_20260426T010115Z/posterior_samples_10k.npz,res/gnk_high_budget/runs/gnk_gaussian_npe_n500_x50_seed9_20260426T010115Z/posterior_samples.pkl,res/gnk_high_budget/runs/gnk_gaussian_npe_n500_x50_seed9_20260426T010115Z/metrics.json,res/gnk_high_budget/runs/gnk_gaussian_npe_n500_x50_seed9_20260426T010115Z/timing_metadata.json,res/gnk_high_budget/runs/gnk_gaussian_npe_n500_x50_seed9_20260426T010115Z/logs/stdout.log,res/gnk_high_budget/runs/gnk_gaussian_npe_n500_x50_seed9_20260426T010115Z/logs/stderr.log,,,,checked-no-collisions,Prepared dry-run row; not submitted.
111,111,run,500,11,50,3025000,10,Gaussian-NPE,empirical_gnk_prior_predictive_octile_summaries,gnk_gaussian_npe_n500_x50_seed10_20260426T010115Z,res/gnk_high_budget/configs/gnk_gaussian_npe_n500_x50_seed10_20260426T010115Z.yaml,res/gnk_high_budget/runs/gnk_gaussian_npe_n500_x50_seed10_20260426T010115Z,res/gnk_high_budget/runs/gnk_gaussian_npe_n500_x50_seed10_20260426T010115Z/validation_curve.csv,res/gnk_high_budget/runs/gnk_gaussian_npe_n500_x50_seed10_20260426T010115Z/validation_curve.pdf,res/gnk_high_budget/runs/gnk_gaussian_npe_n500_x50_seed10_20260426T010115Z/gaussian_npe_u_posterior.npz,res/gnk_high_budget/runs/gnk_gaussian_npe_n500_x50_seed10_20260426T010115Z/posterior_samples_10k.npz,res/gnk_high_budget/runs/gnk_gaussian_npe_n500_x50_seed10_20260426T010115Z/posterior_samples.pkl,res/gnk_high_budget/runs/gnk_gaussian_npe_n500_x50_seed10_20260426T010115Z/metrics.json,res/gnk_high_budget/runs/gnk_gaussian_npe_n500_x50_seed10_20260426T010115Z/timing_metadata.json,res/gnk_high_budget/runs/gnk_gaussian_npe_n500_x50_seed10_20260426T010115Z/logs/stdout.log,res/gnk_high_budget/runs/gnk_gaussian_npe_n500_x50_seed10_20260426T010115Z/logs/stderr.log,,,,checked-no-collisions,Prepared dry-run row; not submitted.
112,112,run,500,11,50,3025000,11,Gaussian-NPE,empirical_gnk_prior_predictive_octile_summaries,gnk_gaussian_npe_n500_x50_seed11_20260426T010115Z,res/gnk_high_budget/configs/gnk_gaussian_npe_n500_x50_seed11_20260426T010115Z.yaml,res/gnk_high_budget/runs/gnk_gaussian_npe_n500_x50_seed11_20260426T010115Z,res/gnk_high_budget/runs/gnk_gaussian_npe_n500_x50_seed11_20260426T010115Z/validation_curve.csv,res/gnk_high_budget/runs/gnk_gaussian_npe_n500_x50_seed11_20260426T010115Z/validation_curve.pdf,res/gnk_high_budget/runs/gnk_gaussian_npe_n500_x50_seed11_20260426T010115Z/gaussian_npe_u_posterior.npz,res/gnk_high_budget/runs/gnk_gaussian_npe_n500_x50_seed11_20260426T010115Z/posterior_samples_10k.npz,res/gnk_high_budget/runs/gnk_gaussian_npe_n500_x50_seed11_20260426T010115Z/posterior_samples.pkl,res/gnk_high_budget/runs/gnk_gaussian_npe_n500_x50_seed11_20260426T010115Z/metrics.json,res/gnk_high_budget/runs/gnk_gaussian_npe_n500_x50_seed11_20260426T010115Z/timing_metadata.json,res/gnk_high_budget/runs/gnk_gaussian_npe_n500_x50_seed11_20260426T010115Z/logs/stdout.log,res/gnk_high_budget/runs/gnk_gaussian_npe_n500_x50_seed11_20260426T010115Z/logs/stderr.log,,,,checked-no-collisions,Prepared dry-run row; not submitted.
113,113,run,500,11,50,3025000,12,Gaussian-NPE,empirical_gnk_prior_predictive_octile_summaries,gnk_gaussian_npe_n500_x50_seed12_20260426T010115Z,res/gnk_high_budget/configs/gnk_gaussian_npe_n500_x50_seed12_20260426T010115Z.yaml,res/gnk_high_budget/runs/gnk_gaussian_npe_n500_x50_seed12_20260426T010115Z,res/gnk_high_budget/runs/gnk_gaussian_npe_n500_x50_seed12_20260426T010115Z/validation_curve.csv,res/gnk_high_budget/runs/gnk_gaussian_npe_n500_x50_seed12_20260426T010115Z/validation_curve.pdf,res/gnk_high_budget/runs/gnk_gaussian_npe_n500_x50_seed12_20260426T010115Z/gaussian_npe_u_posterior.npz,res/gnk_high_budget/runs/gnk_gaussian_npe_n500_x50_seed12_20260426T010115Z/posterior_samples_10k.npz,res/gnk_high_budget/runs/gnk_gaussian_npe_n500_x50_seed12_20260426T010115Z/posterior_samples.pkl,res/gnk_high_budget/runs/gnk_gaussian_npe_n500_x50_seed12_20260426T010115Z/metrics.json,res/gnk_high_budget/runs/gnk_gaussian_npe_n500_x50_seed12_20260426T010115Z/timing_metadata.json,res/gnk_high_budget/runs/gnk_gaussian_npe_n500_x50_seed12_20260426T010115Z/logs/stdout.log,res/gnk_high_budget/runs/gnk_gaussian_npe_n500_x50_seed12_20260426T010115Z/logs/stderr.log,,,,checked-no-collisions,Prepared dry-run row; not submitted.
114,114,run,500,11,50,3025000,13,Gaussian-NPE,empirical_gnk_prior_predictive_octile_summaries,gnk_gaussian_npe_n500_x50_seed13_20260426T010115Z,res/gnk_high_budget/configs/gnk_gaussian_npe_n500_x50_seed13_20260426T010115Z.yaml,res/gnk_high_budget/runs/gnk_gaussian_npe_n500_x50_seed13_20260426T010115Z,res/gnk_high_budget/runs/gnk_gaussian_npe_n500_x50_seed13_20260426T010115Z/validation_curve.csv,res/gnk_high_budget/runs/gnk_gaussian_npe_n500_x50_seed13_20260426T010115Z/validation_curve.pdf,res/gnk_high_budget/runs/gnk_gaussian_npe_n500_x50_seed13_20260426T010115Z/gaussian_npe_u_posterior.npz,res/gnk_high_budget/runs/gnk_gaussian_npe_n500_x50_seed13_20260426T010115Z/posterior_samples_10k.npz,res/gnk_high_budget/runs/gnk_gaussian_npe_n500_x50_seed13_20260426T010115Z/posterior_samples.pkl,res/gnk_high_budget/runs/gnk_gaussian_npe_n500_x50_seed13_20260426T010115Z/metrics.json,res/gnk_high_budget/runs/gnk_gaussian_npe_n500_x50_seed13_20260426T010115Z/timing_metadata.json,res/gnk_high_budget/runs/gnk_gaussian_npe_n500_x50_seed13_20260426T010115Z/logs/stdout.log,res/gnk_high_budget/runs/gnk_gaussian_npe_n500_x50_seed13_20260426T010115Z/logs/stderr.log,,,,checked-no-collisions,Prepared dry-run row; not submitted.
115,115,run,500,11,50,3025000,14,Gaussian-NPE,empirical_gnk_prior_predictive_octile_summaries,gnk_gaussian_npe_n500_x50_seed14_20260426T010115Z,res/gnk_high_budget/configs/gnk_gaussian_npe_n500_x50_seed14_20260426T010115Z.yaml,res/gnk_high_budget/runs/gnk_gaussian_npe_n500_x50_seed14_20260426T010115Z,res/gnk_high_budget/runs/gnk_gaussian_npe_n500_x50_seed14_20260426T010115Z/validation_curve.csv,res/gnk_high_budget/runs/gnk_gaussian_npe_n500_x50_seed14_20260426T010115Z/validation_curve.pdf,res/gnk_high_budget/runs/gnk_gaussian_npe_n500_x50_seed14_20260426T010115Z/gaussian_npe_u_posterior.npz,res/gnk_high_budget/runs/gnk_gaussian_npe_n500_x50_seed14_20260426T010115Z/posterior_samples_10k.npz,res/gnk_high_budget/runs/gnk_gaussian_npe_n500_x50_seed14_20260426T010115Z/posterior_samples.pkl,res/gnk_high_budget/runs/gnk_gaussian_npe_n500_x50_seed14_20260426T010115Z/metrics.json,res/gnk_high_budget/runs/gnk_gaussian_npe_n500_x50_seed14_20260426T010115Z/timing_metadata.json,res/gnk_high_budget/runs/gnk_gaussian_npe_n500_x50_seed14_20260426T010115Z/logs/stdout.log,res/gnk_high_budget/runs/gnk_gaussian_npe_n500_x50_seed14_20260426T010115Z/logs/stderr.log,,,,checked-no-collisions,Prepared dry-run row; not submitted.
116,116,run,500,11,50,3025000,15,Gaussian-NPE,empirical_gnk_prior_predictive_octile_summaries,gnk_gaussian_npe_n500_x50_seed15_20260426T010115Z,res/gnk_high_budget/configs/gnk_gaussian_npe_n500_x50_seed15_20260426T010115Z.yaml,res/gnk_high_budget/runs/gnk_gaussian_npe_n500_x50_seed15_20260426T010115Z,res/gnk_high_budget/runs/gnk_gaussian_npe_n500_x50_seed15_20260426T010115Z/validation_curve.csv,res/gnk_high_budget/runs/gnk_gaussian_npe_n500_x50_seed15_20260426T010115Z/validation_curve.pdf,res/gnk_high_budget/runs/gnk_gaussian_npe_n500_x50_seed15_20260426T010115Z/gaussian_npe_u_posterior.npz,res/gnk_high_budget/runs/gnk_gaussian_npe_n500_x50_seed15_20260426T010115Z/posterior_samples_10k.npz,res/gnk_high_budget/runs/gnk_gaussian_npe_n500_x50_seed15_20260426T010115Z/posterior_samples.pkl,res/gnk_high_budget/runs/gnk_gaussian_npe_n500_x50_seed15_20260426T010115Z/metrics.json,res/gnk_high_budget/runs/gnk_gaussian_npe_n500_x50_seed15_20260426T010115Z/timing_metadata.json,res/gnk_high_budget/runs/gnk_gaussian_npe_n500_x50_seed15_20260426T010115Z/logs/stdout.log,res/gnk_high_budget/runs/gnk_gaussian_npe_n500_x50_seed15_20260426T010115Z/logs/stderr.log,,,,checked-no-collisions,Prepared dry-run row; not submitted.
117,117,run,500,11,50,3025000,16,Gaussian-NPE,empirical_gnk_prior_predictive_octile_summaries,gnk_gaussian_npe_n500_x50_seed16_20260426T010115Z,res/gnk_high_budget/configs/gnk_gaussian_npe_n500_x50_seed16_20260426T010115Z.yaml,res/gnk_high_budget/runs/gnk_gaussian_npe_n500_x50_seed16_20260426T010115Z,res/gnk_high_budget/runs/gnk_gaussian_npe_n500_x50_seed16_20260426T010115Z/validation_curve.csv,res/gnk_high_budget/runs/gnk_gaussian_npe_n500_x50_seed16_20260426T010115Z/validation_curve.pdf,res/gnk_high_budget/runs/gnk_gaussian_npe_n500_x50_seed16_20260426T010115Z/gaussian_npe_u_posterior.npz,res/gnk_high_budget/runs/gnk_gaussian_npe_n500_x50_seed16_20260426T010115Z/posterior_samples_10k.npz,res/gnk_high_budget/runs/gnk_gaussian_npe_n500_x50_seed16_20260426T010115Z/posterior_samples.pkl,res/gnk_high_budget/runs/gnk_gaussian_npe_n500_x50_seed16_20260426T010115Z/metrics.json,res/gnk_high_budget/runs/gnk_gaussian_npe_n500_x50_seed16_20260426T010115Z/timing_metadata.json,res/gnk_high_budget/runs/gnk_gaussian_npe_n500_x50_seed16_20260426T010115Z/logs/stdout.log,res/gnk_high_budget/runs/gnk_gaussian_npe_n500_x50_seed16_20260426T010115Z/logs/stderr.log,,,,checked-no-collisions,Prepared dry-run row; not submitted.
118,118,run,500,11,50,3025000,17,Gaussian-NPE,empirical_gnk_prior_predictive_octile_summaries,gnk_gaussian_npe_n500_x50_seed17_20260426T010115Z,res/gnk_high_budget/configs/gnk_gaussian_npe_n500_x50_seed17_20260426T010115Z.yaml,res/gnk_high_budget/runs/gnk_gaussian_npe_n500_x50_seed17_20260426T010115Z,res/gnk_high_budget/runs/gnk_gaussian_npe_n500_x50_seed17_20260426T010115Z/validation_curve.csv,res/gnk_high_budget/runs/gnk_gaussian_npe_n500_x50_seed17_20260426T010115Z/validation_curve.pdf,res/gnk_high_budget/runs/gnk_gaussian_npe_n500_x50_seed17_20260426T010115Z/gaussian_npe_u_posterior.npz,res/gnk_high_budget/runs/gnk_gaussian_npe_n500_x50_seed17_20260426T010115Z/posterior_samples_10k.npz,res/gnk_high_budget/runs/gnk_gaussian_npe_n500_x50_seed17_20260426T010115Z/posterior_samples.pkl,res/gnk_high_budget/runs/gnk_gaussian_npe_n500_x50_seed17_20260426T010115Z/metrics.json,res/gnk_high_budget/runs/gnk_gaussian_npe_n500_x50_seed17_20260426T010115Z/timing_metadata.json,res/gnk_high_budget/runs/gnk_gaussian_npe_n500_x50_seed17_20260426T010115Z/logs/stdout.log,res/gnk_high_budget/runs/gnk_gaussian_npe_n500_x50_seed17_20260426T010115Z/logs/stderr.log,,,,checked-no-collisions,Prepared dry-run row; not submitted.
119,119,run,500,11,50,3025000,18,Gaussian-NPE,empirical_gnk_prior_predictive_octile_summaries,gnk_gaussian_npe_n500_x50_seed18_20260426T010115Z,res/gnk_high_budget/configs/gnk_gaussian_npe_n500_x50_seed18_20260426T010115Z.yaml,res/gnk_high_budget/runs/gnk_gaussian_npe_n500_x50_seed18_20260426T010115Z,res/gnk_high_budget/runs/gnk_gaussian_npe_n500_x50_seed18_20260426T010115Z/validation_curve.csv,res/gnk_high_budget/runs/gnk_gaussian_npe_n500_x50_seed18_20260426T010115Z/validation_curve.pdf,res/gnk_high_budget/runs/gnk_gaussian_npe_n500_x50_seed18_20260426T010115Z/gaussian_npe_u_posterior.npz,res/gnk_high_budget/runs/gnk_gaussian_npe_n500_x50_seed18_20260426T010115Z/posterior_samples_10k.npz,res/gnk_high_budget/runs/gnk_gaussian_npe_n500_x50_seed18_20260426T010115Z/posterior_samples.pkl,res/gnk_high_budget/runs/gnk_gaussian_npe_n500_x50_seed18_20260426T010115Z/metrics.json,res/gnk_high_budget/runs/gnk_gaussian_npe_n500_x50_seed18_20260426T010115Z/timing_metadata.json,res/gnk_high_budget/runs/gnk_gaussian_npe_n500_x50_seed18_20260426T010115Z/logs/stdout.log,res/gnk_high_budget/runs/gnk_gaussian_npe_n500_x50_seed18_20260426T010115Z/logs/stderr.log,,,,checked-no-collisions,Prepared dry-run row; not submitted.
120,120,run,500,11,50,3025000,19,Gaussian-NPE,empirical_gnk_prior_predictive_octile_summaries,gnk_gaussian_npe_n500_x50_seed19_20260426T010115Z,res/gnk_high_budget/configs/gnk_gaussian_npe_n500_x50_seed19_20260426T010115Z.yaml,res/gnk_high_budget/runs/gnk_gaussian_npe_n500_x50_seed19_20260426T010115Z,res/gnk_high_budget/runs/gnk_gaussian_npe_n500_x50_seed19_20260426T010115Z/validation_curve.csv,res/gnk_high_budget/runs/gnk_gaussian_npe_n500_x50_seed19_20260426T010115Z/validation_curve.pdf,res/gnk_high_budget/runs/gnk_gaussian_npe_n500_x50_seed19_20260426T010115Z/gaussian_npe_u_posterior.npz,res/gnk_high_budget/runs/gnk_gaussian_npe_n500_x50_seed19_20260426T010115Z/posterior_samples_10k.npz,res/gnk_high_budget/runs/gnk_gaussian_npe_n500_x50_seed19_20260426T010115Z/posterior_samples.pkl,res/gnk_high_budget/runs/gnk_gaussian_npe_n500_x50_seed19_20260426T010115Z/metrics.json,res/gnk_high_budget/runs/gnk_gaussian_npe_n500_x50_seed19_20260426T010115Z/timing_metadata.json,res/gnk_high_budget/runs/gnk_gaussian_npe_n500_x50_seed19_20260426T010115Z/logs/stdout.log,res/gnk_high_budget/runs/gnk_gaussian_npe_n500_x50_seed19_20260426T010115Z/logs/stderr.log,,,,checked-no-collisions,Prepared dry-run row; not submitted.
121,121,run,500,11,50,3025000,20,Gaussian-NPE,empirical_gnk_prior_predictive_octile_summaries,gnk_gaussian_npe_n500_x50_seed20_20260426T010115Z,res/gnk_high_budget/configs/gnk_gaussian_npe_n500_x50_seed20_20260426T010115Z.yaml,res/gnk_high_budget/runs/gnk_gaussian_npe_n500_x50_seed20_20260426T010115Z,res/gnk_high_budget/runs/gnk_gaussian_npe_n500_x50_seed20_20260426T010115Z/validation_curve.csv,res/gnk_high_budget/runs/gnk_gaussian_npe_n500_x50_seed20_20260426T010115Z/validation_curve.pdf,res/gnk_high_budget/runs/gnk_gaussian_npe_n500_x50_seed20_20260426T010115Z/gaussian_npe_u_posterior.npz,res/gnk_high_budget/runs/gnk_gaussian_npe_n500_x50_seed20_20260426T010115Z/posterior_samples_10k.npz,res/gnk_high_budget/runs/gnk_gaussian_npe_n500_x50_seed20_20260426T010115Z/posterior_samples.pkl,res/gnk_high_budget/runs/gnk_gaussian_npe_n500_x50_seed20_20260426T010115Z/metrics.json,res/gnk_high_budget/runs/gnk_gaussian_npe_n500_x50_seed20_20260426T010115Z/timing_metadata.json,res/gnk_high_budget/runs/gnk_gaussian_npe_n500_x50_seed20_20260426T010115Z/logs/stdout.log,res/gnk_high_budget/runs/gnk_gaussian_npe_n500_x50_seed20_20260426T010115Z/logs/stderr.log,,,,checked-no-collisions,Prepared dry-run row; not submitted.
122,122,run,500,11,50,3025000,21,Gaussian-NPE,empirical_gnk_prior_predictive_octile_summaries,gnk_gaussian_npe_n500_x50_seed21_20260426T010115Z,res/gnk_high_budget/configs/gnk_gaussian_npe_n500_x50_seed21_20260426T010115Z.yaml,res/gnk_high_budget/runs/gnk_gaussian_npe_n500_x50_seed21_20260426T010115Z,res/gnk_high_budget/runs/gnk_gaussian_npe_n500_x50_seed21_20260426T010115Z/validation_curve.csv,res/gnk_high_budget/runs/gnk_gaussian_npe_n500_x50_seed21_20260426T010115Z/validation_curve.pdf,res/gnk_high_budget/runs/gnk_gaussian_npe_n500_x50_seed21_20260426T010115Z/gaussian_npe_u_posterior.npz,res/gnk_high_budget/runs/gnk_gaussian_npe_n500_x50_seed21_20260426T010115Z/posterior_samples_10k.npz,res/gnk_high_budget/runs/gnk_gaussian_npe_n500_x50_seed21_20260426T010115Z/posterior_samples.pkl,res/gnk_high_budget/runs/gnk_gaussian_npe_n500_x50_seed21_20260426T010115Z/metrics.json,res/gnk_high_budget/runs/gnk_gaussian_npe_n500_x50_seed21_20260426T010115Z/timing_metadata.json,res/gnk_high_budget/runs/gnk_gaussian_npe_n500_x50_seed21_20260426T010115Z/logs/stdout.log,res/gnk_high_budget/runs/gnk_gaussian_npe_n500_x50_seed21_20260426T010115Z/logs/stderr.log,,,,checked-no-collisions,Prepared dry-run row; not submitted.
123,123,run,500,11,50,3025000,22,Gaussian-NPE,empirical_gnk_prior_predictive_octile_summaries,gnk_gaussian_npe_n500_x50_seed22_20260426T010115Z,res/gnk_high_budget/configs/gnk_gaussian_npe_n500_x50_seed22_20260426T010115Z.yaml,res/gnk_high_budget/runs/gnk_gaussian_npe_n500_x50_seed22_20260426T010115Z,res/gnk_high_budget/runs/gnk_gaussian_npe_n500_x50_seed22_20260426T010115Z/validation_curve.csv,res/gnk_high_budget/runs/gnk_gaussian_npe_n500_x50_seed22_20260426T010115Z/validation_curve.pdf,res/gnk_high_budget/runs/gnk_gaussian_npe_n500_x50_seed22_20260426T010115Z/gaussian_npe_u_posterior.npz,res/gnk_high_budget/runs/gnk_gaussian_npe_n500_x50_seed22_20260426T010115Z/posterior_samples_10k.npz,res/gnk_high_budget/runs/gnk_gaussian_npe_n500_x50_seed22_20260426T010115Z/posterior_samples.pkl,res/gnk_high_budget/runs/gnk_gaussian_npe_n500_x50_seed22_20260426T010115Z/metrics.json,res/gnk_high_budget/runs/gnk_gaussian_npe_n500_x50_seed22_20260426T010115Z/timing_metadata.json,res/gnk_high_budget/runs/gnk_gaussian_npe_n500_x50_seed22_20260426T010115Z/logs/stdout.log,res/gnk_high_budget/runs/gnk_gaussian_npe_n500_x50_seed22_20260426T010115Z/logs/stderr.log,,,,checked-no-collisions,Prepared dry-run row; not submitted.
124,124,run,500,11,50,3025000,23,Gaussian-NPE,empirical_gnk_prior_predictive_octile_summaries,gnk_gaussian_npe_n500_x50_seed23_20260426T010115Z,res/gnk_high_budget/configs/gnk_gaussian_npe_n500_x50_seed23_20260426T010115Z.yaml,res/gnk_high_budget/runs/gnk_gaussian_npe_n500_x50_seed23_20260426T010115Z,res/gnk_high_budget/runs/gnk_gaussian_npe_n500_x50_seed23_20260426T010115Z/validation_curve.csv,res/gnk_high_budget/runs/gnk_gaussian_npe_n500_x50_seed23_20260426T010115Z/validation_curve.pdf,res/gnk_high_budget/runs/gnk_gaussian_npe_n500_x50_seed23_20260426T010115Z/gaussian_npe_u_posterior.npz,res/gnk_high_budget/runs/gnk_gaussian_npe_n500_x50_seed23_20260426T010115Z/posterior_samples_10k.npz,res/gnk_high_budget/runs/gnk_gaussian_npe_n500_x50_seed23_20260426T010115Z/posterior_samples.pkl,res/gnk_high_budget/runs/gnk_gaussian_npe_n500_x50_seed23_20260426T010115Z/metrics.json,res/gnk_high_budget/runs/gnk_gaussian_npe_n500_x50_seed23_20260426T010115Z/timing_metadata.json,res/gnk_high_budget/runs/gnk_gaussian_npe_n500_x50_seed23_20260426T010115Z/logs/stdout.log,res/gnk_high_budget/runs/gnk_gaussian_npe_n500_x50_seed23_20260426T010115Z/logs/stderr.log,,,,checked-no-collisions,Prepared dry-run row; not submitted.
125,125,run,500,11,50,3025000,24,Gaussian-NPE,empirical_gnk_prior_predictive_octile_summaries,gnk_gaussian_npe_n500_x50_seed24_20260426T010115Z,res/gnk_high_budget/configs/gnk_gaussian_npe_n500_x50_seed24_20260426T010115Z.yaml,res/gnk_high_budget/runs/gnk_gaussian_npe_n500_x50_seed24_20260426T010115Z,res/gnk_high_budget/runs/gnk_gaussian_npe_n500_x50_seed24_20260426T010115Z/validation_curve.csv,res/gnk_high_budget/runs/gnk_gaussian_npe_n500_x50_seed24_20260426T010115Z/validation_curve.pdf,res/gnk_high_budget/runs/gnk_gaussian_npe_n500_x50_seed24_20260426T010115Z/gaussian_npe_u_posterior.npz,res/gnk_high_budget/runs/gnk_gaussian_npe_n500_x50_seed24_20260426T010115Z/posterior_samples_10k.npz,res/gnk_high_budget/runs/gnk_gaussian_npe_n500_x50_seed24_20260426T010115Z/posterior_samples.pkl,res/gnk_high_budget/runs/gnk_gaussian_npe_n500_x50_seed24_20260426T010115Z/metrics.json,res/gnk_high_budget/runs/gnk_gaussian_npe_n500_x50_seed24_20260426T010115Z/timing_metadata.json,res/gnk_high_budget/runs/gnk_gaussian_npe_n500_x50_seed24_20260426T010115Z/logs/stdout.log,res/gnk_high_budget/runs/gnk_gaussian_npe_n500_x50_seed24_20260426T010115Z/logs/stderr.log,,,,checked-no-collisions,Prepared dry-run row; not submitted.
126,126,run,500,11,50,3025000,25,Gaussian-NPE,empirical_gnk_prior_predictive_octile_summaries,gnk_gaussian_npe_n500_x50_seed25_20260426T010115Z,res/gnk_high_budget/configs/gnk_gaussian_npe_n500_x50_seed25_20260426T010115Z.yaml,res/gnk_high_budget/runs/gnk_gaussian_npe_n500_x50_seed25_20260426T010115Z,res/gnk_high_budget/runs/gnk_gaussian_npe_n500_x50_seed25_20260426T010115Z/validation_curve.csv,res/gnk_high_budget/runs/gnk_gaussian_npe_n500_x50_seed25_20260426T010115Z/validation_curve.pdf,res/gnk_high_budget/runs/gnk_gaussian_npe_n500_x50_seed25_20260426T010115Z/gaussian_npe_u_posterior.npz,res/gnk_high_budget/runs/gnk_gaussian_npe_n500_x50_seed25_20260426T010115Z/posterior_samples_10k.npz,res/gnk_high_budget/runs/gnk_gaussian_npe_n500_x50_seed25_20260426T010115Z/posterior_samples.pkl,res/gnk_high_budget/runs/gnk_gaussian_npe_n500_x50_seed25_20260426T010115Z/metrics.json,res/gnk_high_budget/runs/gnk_gaussian_npe_n500_x50_seed25_20260426T010115Z/timing_metadata.json,res/gnk_high_budget/runs/gnk_gaussian_npe_n500_x50_seed25_20260426T010115Z/logs/stdout.log,res/gnk_high_budget/runs/gnk_gaussian_npe_n500_x50_seed25_20260426T010115Z/logs/stderr.log,,,,checked-no-collisions,Prepared dry-run row; not submitted.
127,127,run,500,11,50,3025000,26,Gaussian-NPE,empirical_gnk_prior_predictive_octile_summaries,gnk_gaussian_npe_n500_x50_seed26_20260426T010115Z,res/gnk_high_budget/configs/gnk_gaussian_npe_n500_x50_seed26_20260426T010115Z.yaml,res/gnk_high_budget/runs/gnk_gaussian_npe_n500_x50_seed26_20260426T010115Z,res/gnk_high_budget/runs/gnk_gaussian_npe_n500_x50_seed26_20260426T010115Z/validation_curve.csv,res/gnk_high_budget/runs/gnk_gaussian_npe_n500_x50_seed26_20260426T010115Z/validation_curve.pdf,res/gnk_high_budget/runs/gnk_gaussian_npe_n500_x50_seed26_20260426T010115Z/gaussian_npe_u_posterior.npz,res/gnk_high_budget/runs/gnk_gaussian_npe_n500_x50_seed26_20260426T010115Z/posterior_samples_10k.npz,res/gnk_high_budget/runs/gnk_gaussian_npe_n500_x50_seed26_20260426T010115Z/posterior_samples.pkl,res/gnk_high_budget/runs/gnk_gaussian_npe_n500_x50_seed26_20260426T010115Z/metrics.json,res/gnk_high_budget/runs/gnk_gaussian_npe_n500_x50_seed26_20260426T010115Z/timing_metadata.json,res/gnk_high_budget/runs/gnk_gaussian_npe_n500_x50_seed26_20260426T010115Z/logs/stdout.log,res/gnk_high_budget/runs/gnk_gaussian_npe_n500_x50_seed26_20260426T010115Z/logs/stderr.log,,,,checked-no-collisions,Prepared dry-run row; not submitted.
128,128,run,500,11,50,3025000,27,Gaussian-NPE,empirical_gnk_prior_predictive_octile_summaries,gnk_gaussian_npe_n500_x50_seed27_20260426T010115Z,res/gnk_high_budget/configs/gnk_gaussian_npe_n500_x50_seed27_20260426T010115Z.yaml,res/gnk_high_budget/runs/gnk_gaussian_npe_n500_x50_seed27_20260426T010115Z,res/gnk_high_budget/runs/gnk_gaussian_npe_n500_x50_seed27_20260426T010115Z/validation_curve.csv,res/gnk_high_budget/runs/gnk_gaussian_npe_n500_x50_seed27_20260426T010115Z/validation_curve.pdf,res/gnk_high_budget/runs/gnk_gaussian_npe_n500_x50_seed27_20260426T010115Z/gaussian_npe_u_posterior.npz,res/gnk_high_budget/runs/gnk_gaussian_npe_n500_x50_seed27_20260426T010115Z/posterior_samples_10k.npz,res/gnk_high_budget/runs/gnk_gaussian_npe_n500_x50_seed27_20260426T010115Z/posterior_samples.pkl,res/gnk_high_budget/runs/gnk_gaussian_npe_n500_x50_seed27_20260426T010115Z/metrics.json,res/gnk_high_budget/runs/gnk_gaussian_npe_n500_x50_seed27_20260426T010115Z/timing_metadata.json,res/gnk_high_budget/runs/gnk_gaussian_npe_n500_x50_seed27_20260426T010115Z/logs/stdout.log,res/gnk_high_budget/runs/gnk_gaussian_npe_n500_x50_seed27_20260426T010115Z/logs/stderr.log,,,,checked-no-collisions,Prepared dry-run row; not submitted.
129,129,run,500,11,50,3025000,28,Gaussian-NPE,empirical_gnk_prior_predictive_octile_summaries,gnk_gaussian_npe_n500_x50_seed28_20260426T010115Z,res/gnk_high_budget/configs/gnk_gaussian_npe_n500_x50_seed28_20260426T010115Z.yaml,res/gnk_high_budget/runs/gnk_gaussian_npe_n500_x50_seed28_20260426T010115Z,res/gnk_high_budget/runs/gnk_gaussian_npe_n500_x50_seed28_20260426T010115Z/validation_curve.csv,res/gnk_high_budget/runs/gnk_gaussian_npe_n500_x50_seed28_20260426T010115Z/validation_curve.pdf,res/gnk_high_budget/runs/gnk_gaussian_npe_n500_x50_seed28_20260426T010115Z/gaussian_npe_u_posterior.npz,res/gnk_high_budget/runs/gnk_gaussian_npe_n500_x50_seed28_20260426T010115Z/posterior_samples_10k.npz,res/gnk_high_budget/runs/gnk_gaussian_npe_n500_x50_seed28_20260426T010115Z/posterior_samples.pkl,res/gnk_high_budget/runs/gnk_gaussian_npe_n500_x50_seed28_20260426T010115Z/metrics.json,res/gnk_high_budget/runs/gnk_gaussian_npe_n500_x50_seed28_20260426T010115Z/timing_metadata.json,res/gnk_high_budget/runs/gnk_gaussian_npe_n500_x50_seed28_20260426T010115Z/logs/stdout.log,res/gnk_high_budget/runs/gnk_gaussian_npe_n500_x50_seed28_20260426T010115Z/logs/stderr.log,,,,checked-no-collisions,Prepared dry-run row; not submitted.
130,130,run,500,11,50,3025000,29,Gaussian-NPE,empirical_gnk_prior_predictive_octile_summaries,gnk_gaussian_npe_n500_x50_seed29_20260426T010115Z,res/gnk_high_budget/configs/gnk_gaussian_npe_n500_x50_seed29_20260426T010115Z.yaml,res/gnk_high_budget/runs/gnk_gaussian_npe_n500_x50_seed29_20260426T010115Z,res/gnk_high_budget/runs/gnk_gaussian_npe_n500_x50_seed29_20260426T010115Z/validation_curve.csv,res/gnk_high_budget/runs/gnk_gaussian_npe_n500_x50_seed29_20260426T010115Z/validation_curve.pdf,res/gnk_high_budget/runs/gnk_gaussian_npe_n500_x50_seed29_20260426T010115Z/gaussian_npe_u_posterior.npz,res/gnk_high_budget/runs/gnk_gaussian_npe_n500_x50_seed29_20260426T010115Z/posterior_samples_10k.npz,res/gnk_high_budget/runs/gnk_gaussian_npe_n500_x50_seed29_20260426T010115Z/posterior_samples.pkl,res/gnk_high_budget/runs/gnk_gaussian_npe_n500_x50_seed29_20260426T010115Z/metrics.json,res/gnk_high_budget/runs/gnk_gaussian_npe_n500_x50_seed29_20260426T010115Z/timing_metadata.json,res/gnk_high_budget/runs/gnk_gaussian_npe_n500_x50_seed29_20260426T010115Z/logs/stdout.log,res/gnk_high_budget/runs/gnk_gaussian_npe_n500_x50_seed29_20260426T010115Z/logs/stderr.log,,,,checked-no-collisions,Prepared dry-run row; not submitted.
131,131,run,500,11,50,3025000,30,Gaussian-NPE,empirical_gnk_prior_predictive_octile_summaries,gnk_gaussian_npe_n500_x50_seed30_20260426T010115Z,res/gnk_high_budget/configs/gnk_gaussian_npe_n500_x50_seed30_20260426T010115Z.yaml,res/gnk_high_budget/runs/gnk_gaussian_npe_n500_x50_seed30_20260426T010115Z,res/gnk_high_budget/runs/gnk_gaussian_npe_n500_x50_seed30_20260426T010115Z/validation_curve.csv,res/gnk_high_budget/runs/gnk_gaussian_npe_n500_x50_seed30_20260426T010115Z/validation_curve.pdf,res/gnk_high_budget/runs/gnk_gaussian_npe_n500_x50_seed30_20260426T010115Z/gaussian_npe_u_posterior.npz,res/gnk_high_budget/runs/gnk_gaussian_npe_n500_x50_seed30_20260426T010115Z/posterior_samples_10k.npz,res/gnk_high_budget/runs/gnk_gaussian_npe_n500_x50_seed30_20260426T010115Z/posterior_samples.pkl,res/gnk_high_budget/runs/gnk_gaussian_npe_n500_x50_seed30_20260426T010115Z/metrics.json,res/gnk_high_budget/runs/gnk_gaussian_npe_n500_x50_seed30_20260426T010115Z/timing_metadata.json,res/gnk_high_budget/runs/gnk_gaussian_npe_n500_x50_seed30_20260426T010115Z/logs/stdout.log,res/gnk_high_budget/runs/gnk_gaussian_npe_n500_x50_seed30_20260426T010115Z/logs/stderr.log,,,,checked-no-collisions,Prepared dry-run row; not submitted.
132,132,run,500,11,50,3025000,31,Gaussian-NPE,empirical_gnk_prior_predictive_octile_summaries,gnk_gaussian_npe_n500_x50_seed31_20260426T010115Z,res/gnk_high_budget/configs/gnk_gaussian_npe_n500_x50_seed31_20260426T010115Z.yaml,res/gnk_high_budget/runs/gnk_gaussian_npe_n500_x50_seed31_20260426T010115Z,res/gnk_high_budget/runs/gnk_gaussian_npe_n500_x50_seed31_20260426T010115Z/validation_curve.csv,res/gnk_high_budget/runs/gnk_gaussian_npe_n500_x50_seed31_20260426T010115Z/validation_curve.pdf,res/gnk_high_budget/runs/gnk_gaussian_npe_n500_x50_seed31_20260426T010115Z/gaussian_npe_u_posterior.npz,res/gnk_high_budget/runs/gnk_gaussian_npe_n500_x50_seed31_20260426T010115Z/posterior_samples_10k.npz,res/gnk_high_budget/runs/gnk_gaussian_npe_n500_x50_seed31_20260426T010115Z/posterior_samples.pkl,res/gnk_high_budget/runs/gnk_gaussian_npe_n500_x50_seed31_20260426T010115Z/metrics.json,res/gnk_high_budget/runs/gnk_gaussian_npe_n500_x50_seed31_20260426T010115Z/timing_metadata.json,res/gnk_high_budget/runs/gnk_gaussian_npe_n500_x50_seed31_20260426T010115Z/logs/stdout.log,res/gnk_high_budget/runs/gnk_gaussian_npe_n500_x50_seed31_20260426T010115Z/logs/stderr.log,,,,checked-no-collisions,Prepared dry-run row; not submitted.
133,133,run,500,11,50,3025000,32,Gaussian-NPE,empirical_gnk_prior_predictive_octile_summaries,gnk_gaussian_npe_n500_x50_seed32_20260426T010115Z,res/gnk_high_budget/configs/gnk_gaussian_npe_n500_x50_seed32_20260426T010115Z.yaml,res/gnk_high_budget/runs/gnk_gaussian_npe_n500_x50_seed32_20260426T010115Z,res/gnk_high_budget/runs/gnk_gaussian_npe_n500_x50_seed32_20260426T010115Z/validation_curve.csv,res/gnk_high_budget/runs/gnk_gaussian_npe_n500_x50_seed32_20260426T010115Z/validation_curve.pdf,res/gnk_high_budget/runs/gnk_gaussian_npe_n500_x50_seed32_20260426T010115Z/gaussian_npe_u_posterior.npz,res/gnk_high_budget/runs/gnk_gaussian_npe_n500_x50_seed32_20260426T010115Z/posterior_samples_10k.npz,res/gnk_high_budget/runs/gnk_gaussian_npe_n500_x50_seed32_20260426T010115Z/posterior_samples.pkl,res/gnk_high_budget/runs/gnk_gaussian_npe_n500_x50_seed32_20260426T010115Z/metrics.json,res/gnk_high_budget/runs/gnk_gaussian_npe_n500_x50_seed32_20260426T010115Z/timing_metadata.json,res/gnk_high_budget/runs/gnk_gaussian_npe_n500_x50_seed32_20260426T010115Z/logs/stdout.log,res/gnk_high_budget/runs/gnk_gaussian_npe_n500_x50_seed32_20260426T010115Z/logs/stderr.log,,,,checked-no-collisions,Prepared dry-run row; not submitted.
134,134,run,500,11,50,3025000,33,Gaussian-NPE,empirical_gnk_prior_predictive_octile_summaries,gnk_gaussian_npe_n500_x50_seed33_20260426T010115Z,res/gnk_high_budget/configs/gnk_gaussian_npe_n500_x50_seed33_20260426T010115Z.yaml,res/gnk_high_budget/runs/gnk_gaussian_npe_n500_x50_seed33_20260426T010115Z,res/gnk_high_budget/runs/gnk_gaussian_npe_n500_x50_seed33_20260426T010115Z/validation_curve.csv,res/gnk_high_budget/runs/gnk_gaussian_npe_n500_x50_seed33_20260426T010115Z/validation_curve.pdf,res/gnk_high_budget/runs/gnk_gaussian_npe_n500_x50_seed33_20260426T010115Z/gaussian_npe_u_posterior.npz,res/gnk_high_budget/runs/gnk_gaussian_npe_n500_x50_seed33_20260426T010115Z/posterior_samples_10k.npz,res/gnk_high_budget/runs/gnk_gaussian_npe_n500_x50_seed33_20260426T010115Z/posterior_samples.pkl,res/gnk_high_budget/runs/gnk_gaussian_npe_n500_x50_seed33_20260426T010115Z/metrics.json,res/gnk_high_budget/runs/gnk_gaussian_npe_n500_x50_seed33_20260426T010115Z/timing_metadata.json,res/gnk_high_budget/runs/gnk_gaussian_npe_n500_x50_seed33_20260426T010115Z/logs/stdout.log,res/gnk_high_budget/runs/gnk_gaussian_npe_n500_x50_seed33_20260426T010115Z/logs/stderr.log,,,,checked-no-collisions,Prepared dry-run row; not submitted.
135,135,run,500,11,50,3025000,34,Gaussian-NPE,empirical_gnk_prior_predictive_octile_summaries,gnk_gaussian_npe_n500_x50_seed34_20260426T010115Z,res/gnk_high_budget/configs/gnk_gaussian_npe_n500_x50_seed34_20260426T010115Z.yaml,res/gnk_high_budget/runs/gnk_gaussian_npe_n500_x50_seed34_20260426T010115Z,res/gnk_high_budget/runs/gnk_gaussian_npe_n500_x50_seed34_20260426T010115Z/validation_curve.csv,res/gnk_high_budget/runs/gnk_gaussian_npe_n500_x50_seed34_20260426T010115Z/validation_curve.pdf,res/gnk_high_budget/runs/gnk_gaussian_npe_n500_x50_seed34_20260426T010115Z/gaussian_npe_u_posterior.npz,res/gnk_high_budget/runs/gnk_gaussian_npe_n500_x50_seed34_20260426T010115Z/posterior_samples_10k.npz,res/gnk_high_budget/runs/gnk_gaussian_npe_n500_x50_seed34_20260426T010115Z/posterior_samples.pkl,res/gnk_high_budget/runs/gnk_gaussian_npe_n500_x50_seed34_20260426T010115Z/metrics.json,res/gnk_high_budget/runs/gnk_gaussian_npe_n500_x50_seed34_20260426T010115Z/timing_metadata.json,res/gnk_high_budget/runs/gnk_gaussian_npe_n500_x50_seed34_20260426T010115Z/logs/stdout.log,res/gnk_high_budget/runs/gnk_gaussian_npe_n500_x50_seed34_20260426T010115Z/logs/stderr.log,,,,checked-no-collisions,Prepared dry-run row; not submitted.
136,136,run,500,11,50,3025000,35,Gaussian-NPE,empirical_gnk_prior_predictive_octile_summaries,gnk_gaussian_npe_n500_x50_seed35_20260426T010115Z,res/gnk_high_budget/configs/gnk_gaussian_npe_n500_x50_seed35_20260426T010115Z.yaml,res/gnk_high_budget/runs/gnk_gaussian_npe_n500_x50_seed35_20260426T010115Z,res/gnk_high_budget/runs/gnk_gaussian_npe_n500_x50_seed35_20260426T010115Z/validation_curve.csv,res/gnk_high_budget/runs/gnk_gaussian_npe_n500_x50_seed35_20260426T010115Z/validation_curve.pdf,res/gnk_high_budget/runs/gnk_gaussian_npe_n500_x50_seed35_20260426T010115Z/gaussian_npe_u_posterior.npz,res/gnk_high_budget/runs/gnk_gaussian_npe_n500_x50_seed35_20260426T010115Z/posterior_samples_10k.npz,res/gnk_high_budget/runs/gnk_gaussian_npe_n500_x50_seed35_20260426T010115Z/posterior_samples.pkl,res/gnk_high_budget/runs/gnk_gaussian_npe_n500_x50_seed35_20260426T010115Z/metrics.json,res/gnk_high_budget/runs/gnk_gaussian_npe_n500_x50_seed35_20260426T010115Z/timing_metadata.json,res/gnk_high_budget/runs/gnk_gaussian_npe_n500_x50_seed35_20260426T010115Z/logs/stdout.log,res/gnk_high_budget/runs/gnk_gaussian_npe_n500_x50_seed35_20260426T010115Z/logs/stderr.log,,,,checked-no-collisions,Prepared dry-run row; not submitted.
137,137,run,500,11,50,3025000,36,Gaussian-NPE,empirical_gnk_prior_predictive_octile_summaries,gnk_gaussian_npe_n500_x50_seed36_20260426T010115Z,res/gnk_high_budget/configs/gnk_gaussian_npe_n500_x50_seed36_20260426T010115Z.yaml,res/gnk_high_budget/runs/gnk_gaussian_npe_n500_x50_seed36_20260426T010115Z,res/gnk_high_budget/runs/gnk_gaussian_npe_n500_x50_seed36_20260426T010115Z/validation_curve.csv,res/gnk_high_budget/runs/gnk_gaussian_npe_n500_x50_seed36_20260426T010115Z/validation_curve.pdf,res/gnk_high_budget/runs/gnk_gaussian_npe_n500_x50_seed36_20260426T010115Z/gaussian_npe_u_posterior.npz,res/gnk_high_budget/runs/gnk_gaussian_npe_n500_x50_seed36_20260426T010115Z/posterior_samples_10k.npz,res/gnk_high_budget/runs/gnk_gaussian_npe_n500_x50_seed36_20260426T010115Z/posterior_samples.pkl,res/gnk_high_budget/runs/gnk_gaussian_npe_n500_x50_seed36_20260426T010115Z/metrics.json,res/gnk_high_budget/runs/gnk_gaussian_npe_n500_x50_seed36_20260426T010115Z/timing_metadata.json,res/gnk_high_budget/runs/gnk_gaussian_npe_n500_x50_seed36_20260426T010115Z/logs/stdout.log,res/gnk_high_budget/runs/gnk_gaussian_npe_n500_x50_seed36_20260426T010115Z/logs/stderr.log,,,,checked-no-collisions,Prepared dry-run row; not submitted.
138,138,run,500,11,50,3025000,37,Gaussian-NPE,empirical_gnk_prior_predictive_octile_summaries,gnk_gaussian_npe_n500_x50_seed37_20260426T010115Z,res/gnk_high_budget/configs/gnk_gaussian_npe_n500_x50_seed37_20260426T010115Z.yaml,res/gnk_high_budget/runs/gnk_gaussian_npe_n500_x50_seed37_20260426T010115Z,res/gnk_high_budget/runs/gnk_gaussian_npe_n500_x50_seed37_20260426T010115Z/validation_curve.csv,res/gnk_high_budget/runs/gnk_gaussian_npe_n500_x50_seed37_20260426T010115Z/validation_curve.pdf,res/gnk_high_budget/runs/gnk_gaussian_npe_n500_x50_seed37_20260426T010115Z/gaussian_npe_u_posterior.npz,res/gnk_high_budget/runs/gnk_gaussian_npe_n500_x50_seed37_20260426T010115Z/posterior_samples_10k.npz,res/gnk_high_budget/runs/gnk_gaussian_npe_n500_x50_seed37_20260426T010115Z/posterior_samples.pkl,res/gnk_high_budget/runs/gnk_gaussian_npe_n500_x50_seed37_20260426T010115Z/metrics.json,res/gnk_high_budget/runs/gnk_gaussian_npe_n500_x50_seed37_20260426T010115Z/timing_metadata.json,res/gnk_high_budget/runs/gnk_gaussian_npe_n500_x50_seed37_20260426T010115Z/logs/stdout.log,res/gnk_high_budget/runs/gnk_gaussian_npe_n500_x50_seed37_20260426T010115Z/logs/stderr.log,,,,checked-no-collisions,Prepared dry-run row; not submitted.
139,139,run,500,11,50,3025000,38,Gaussian-NPE,empirical_gnk_prior_predictive_octile_summaries,gnk_gaussian_npe_n500_x50_seed38_20260426T010115Z,res/gnk_high_budget/configs/gnk_gaussian_npe_n500_x50_seed38_20260426T010115Z.yaml,res/gnk_high_budget/runs/gnk_gaussian_npe_n500_x50_seed38_20260426T010115Z,res/gnk_high_budget/runs/gnk_gaussian_npe_n500_x50_seed38_20260426T010115Z/validation_curve.csv,res/gnk_high_budget/runs/gnk_gaussian_npe_n500_x50_seed38_20260426T010115Z/validation_curve.pdf,res/gnk_high_budget/runs/gnk_gaussian_npe_n500_x50_seed38_20260426T010115Z/gaussian_npe_u_posterior.npz,res/gnk_high_budget/runs/gnk_gaussian_npe_n500_x50_seed38_20260426T010115Z/posterior_samples_10k.npz,res/gnk_high_budget/runs/gnk_gaussian_npe_n500_x50_seed38_20260426T010115Z/posterior_samples.pkl,res/gnk_high_budget/runs/gnk_gaussian_npe_n500_x50_seed38_20260426T010115Z/metrics.json,res/gnk_high_budget/runs/gnk_gaussian_npe_n500_x50_seed38_20260426T010115Z/timing_metadata.json,res/gnk_high_budget/runs/gnk_gaussian_npe_n500_x50_seed38_20260426T010115Z/logs/stdout.log,res/gnk_high_budget/runs/gnk_gaussian_npe_n500_x50_seed38_20260426T010115Z/logs/stderr.log,,,,checked-no-collisions,Prepared dry-run row; not submitted.
140,140,run,500,11,50,3025000,39,Gaussian-NPE,empirical_gnk_prior_predictive_octile_summaries,gnk_gaussian_npe_n500_x50_seed39_20260426T010115Z,res/gnk_high_budget/configs/gnk_gaussian_npe_n500_x50_seed39_20260426T010115Z.yaml,res/gnk_high_budget/runs/gnk_gaussian_npe_n500_x50_seed39_20260426T010115Z,res/gnk_high_budget/runs/gnk_gaussian_npe_n500_x50_seed39_20260426T010115Z/validation_curve.csv,res/gnk_high_budget/runs/gnk_gaussian_npe_n500_x50_seed39_20260426T010115Z/validation_curve.pdf,res/gnk_high_budget/runs/gnk_gaussian_npe_n500_x50_seed39_20260426T010115Z/gaussian_npe_u_posterior.npz,res/gnk_high_budget/runs/gnk_gaussian_npe_n500_x50_seed39_20260426T010115Z/posterior_samples_10k.npz,res/gnk_high_budget/runs/gnk_gaussian_npe_n500_x50_seed39_20260426T010115Z/posterior_samples.pkl,res/gnk_high_budget/runs/gnk_gaussian_npe_n500_x50_seed39_20260426T010115Z/metrics.json,res/gnk_high_budget/runs/gnk_gaussian_npe_n500_x50_seed39_20260426T010115Z/timing_metadata.json,res/gnk_high_budget/runs/gnk_gaussian_npe_n500_x50_seed39_20260426T010115Z/logs/stdout.log,res/gnk_high_budget/runs/gnk_gaussian_npe_n500_x50_seed39_20260426T010115Z/logs/stderr.log,,,,checked-no-collisions,Prepared dry-run row; not submitted.
141,141,run,500,11,50,3025000,40,Gaussian-NPE,empirical_gnk_prior_predictive_octile_summaries,gnk_gaussian_npe_n500_x50_seed40_20260426T010115Z,res/gnk_high_budget/configs/gnk_gaussian_npe_n500_x50_seed40_20260426T010115Z.yaml,res/gnk_high_budget/runs/gnk_gaussian_npe_n500_x50_seed40_20260426T010115Z,res/gnk_high_budget/runs/gnk_gaussian_npe_n500_x50_seed40_20260426T010115Z/validation_curve.csv,res/gnk_high_budget/runs/gnk_gaussian_npe_n500_x50_seed40_20260426T010115Z/validation_curve.pdf,res/gnk_high_budget/runs/gnk_gaussian_npe_n500_x50_seed40_20260426T010115Z/gaussian_npe_u_posterior.npz,res/gnk_high_budget/runs/gnk_gaussian_npe_n500_x50_seed40_20260426T010115Z/posterior_samples_10k.npz,res/gnk_high_budget/runs/gnk_gaussian_npe_n500_x50_seed40_20260426T010115Z/posterior_samples.pkl,res/gnk_high_budget/runs/gnk_gaussian_npe_n500_x50_seed40_20260426T010115Z/metrics.json,res/gnk_high_budget/runs/gnk_gaussian_npe_n500_x50_seed40_20260426T010115Z/timing_metadata.json,res/gnk_high_budget/runs/gnk_gaussian_npe_n500_x50_seed40_20260426T010115Z/logs/stdout.log,res/gnk_high_budget/runs/gnk_gaussian_npe_n500_x50_seed40_20260426T010115Z/logs/stderr.log,,,,checked-no-collisions,Prepared dry-run row; not submitted.
142,142,run,500,11,50,3025000,41,Gaussian-NPE,empirical_gnk_prior_predictive_octile_summaries,gnk_gaussian_npe_n500_x50_seed41_20260426T010115Z,res/gnk_high_budget/configs/gnk_gaussian_npe_n500_x50_seed41_20260426T010115Z.yaml,res/gnk_high_budget/runs/gnk_gaussian_npe_n500_x50_seed41_20260426T010115Z,res/gnk_high_budget/runs/gnk_gaussian_npe_n500_x50_seed41_20260426T010115Z/validation_curve.csv,res/gnk_high_budget/runs/gnk_gaussian_npe_n500_x50_seed41_20260426T010115Z/validation_curve.pdf,res/gnk_high_budget/runs/gnk_gaussian_npe_n500_x50_seed41_20260426T010115Z/gaussian_npe_u_posterior.npz,res/gnk_high_budget/runs/gnk_gaussian_npe_n500_x50_seed41_20260426T010115Z/posterior_samples_10k.npz,res/gnk_high_budget/runs/gnk_gaussian_npe_n500_x50_seed41_20260426T010115Z/posterior_samples.pkl,res/gnk_high_budget/runs/gnk_gaussian_npe_n500_x50_seed41_20260426T010115Z/metrics.json,res/gnk_high_budget/runs/gnk_gaussian_npe_n500_x50_seed41_20260426T010115Z/timing_metadata.json,res/gnk_high_budget/runs/gnk_gaussian_npe_n500_x50_seed41_20260426T010115Z/logs/stdout.log,res/gnk_high_budget/runs/gnk_gaussian_npe_n500_x50_seed41_20260426T010115Z/logs/stderr.log,,,,checked-no-collisions,Prepared dry-run row; not submitted.
143,143,run,500,11,50,3025000,42,Gaussian-NPE,empirical_gnk_prior_predictive_octile_summaries,gnk_gaussian_npe_n500_x50_seed42_20260426T010115Z,res/gnk_high_budget/configs/gnk_gaussian_npe_n500_x50_seed42_20260426T010115Z.yaml,res/gnk_high_budget/runs/gnk_gaussian_npe_n500_x50_seed42_20260426T010115Z,res/gnk_high_budget/runs/gnk_gaussian_npe_n500_x50_seed42_20260426T010115Z/validation_curve.csv,res/gnk_high_budget/runs/gnk_gaussian_npe_n500_x50_seed42_20260426T010115Z/validation_curve.pdf,res/gnk_high_budget/runs/gnk_gaussian_npe_n500_x50_seed42_20260426T010115Z/gaussian_npe_u_posterior.npz,res/gnk_high_budget/runs/gnk_gaussian_npe_n500_x50_seed42_20260426T010115Z/posterior_samples_10k.npz,res/gnk_high_budget/runs/gnk_gaussian_npe_n500_x50_seed42_20260426T010115Z/posterior_samples.pkl,res/gnk_high_budget/runs/gnk_gaussian_npe_n500_x50_seed42_20260426T010115Z/metrics.json,res/gnk_high_budget/runs/gnk_gaussian_npe_n500_x50_seed42_20260426T010115Z/timing_metadata.json,res/gnk_high_budget/runs/gnk_gaussian_npe_n500_x50_seed42_20260426T010115Z/logs/stdout.log,res/gnk_high_budget/runs/gnk_gaussian_npe_n500_x50_seed42_20260426T010115Z/logs/stderr.log,,,,checked-no-collisions,Prepared dry-run row; not submitted.
144,144,run,500,11,50,3025000,43,Gaussian-NPE,empirical_gnk_prior_predictive_octile_summaries,gnk_gaussian_npe_n500_x50_seed43_20260426T010115Z,res/gnk_high_budget/configs/gnk_gaussian_npe_n500_x50_seed43_20260426T010115Z.yaml,res/gnk_high_budget/runs/gnk_gaussian_npe_n500_x50_seed43_20260426T010115Z,res/gnk_high_budget/runs/gnk_gaussian_npe_n500_x50_seed43_20260426T010115Z/validation_curve.csv,res/gnk_high_budget/runs/gnk_gaussian_npe_n500_x50_seed43_20260426T010115Z/validation_curve.pdf,res/gnk_high_budget/runs/gnk_gaussian_npe_n500_x50_seed43_20260426T010115Z/gaussian_npe_u_posterior.npz,res/gnk_high_budget/runs/gnk_gaussian_npe_n500_x50_seed43_20260426T010115Z/posterior_samples_10k.npz,res/gnk_high_budget/runs/gnk_gaussian_npe_n500_x50_seed43_20260426T010115Z/posterior_samples.pkl,res/gnk_high_budget/runs/gnk_gaussian_npe_n500_x50_seed43_20260426T010115Z/metrics.json,res/gnk_high_budget/runs/gnk_gaussian_npe_n500_x50_seed43_20260426T010115Z/timing_metadata.json,res/gnk_high_budget/runs/gnk_gaussian_npe_n500_x50_seed43_20260426T010115Z/logs/stdout.log,res/gnk_high_budget/runs/gnk_gaussian_npe_n500_x50_seed43_20260426T010115Z/logs/stderr.log,,,,checked-no-collisions,Prepared dry-run row; not submitted.
145,145,run,500,11,50,3025000,44,Gaussian-NPE,empirical_gnk_prior_predictive_octile_summaries,gnk_gaussian_npe_n500_x50_seed44_20260426T010115Z,res/gnk_high_budget/configs/gnk_gaussian_npe_n500_x50_seed44_20260426T010115Z.yaml,res/gnk_high_budget/runs/gnk_gaussian_npe_n500_x50_seed44_20260426T010115Z,res/gnk_high_budget/runs/gnk_gaussian_npe_n500_x50_seed44_20260426T010115Z/validation_curve.csv,res/gnk_high_budget/runs/gnk_gaussian_npe_n500_x50_seed44_20260426T010115Z/validation_curve.pdf,res/gnk_high_budget/runs/gnk_gaussian_npe_n500_x50_seed44_20260426T010115Z/gaussian_npe_u_posterior.npz,res/gnk_high_budget/runs/gnk_gaussian_npe_n500_x50_seed44_20260426T010115Z/posterior_samples_10k.npz,res/gnk_high_budget/runs/gnk_gaussian_npe_n500_x50_seed44_20260426T010115Z/posterior_samples.pkl,res/gnk_high_budget/runs/gnk_gaussian_npe_n500_x50_seed44_20260426T010115Z/metrics.json,res/gnk_high_budget/runs/gnk_gaussian_npe_n500_x50_seed44_20260426T010115Z/timing_metadata.json,res/gnk_high_budget/runs/gnk_gaussian_npe_n500_x50_seed44_20260426T010115Z/logs/stdout.log,res/gnk_high_budget/runs/gnk_gaussian_npe_n500_x50_seed44_20260426T010115Z/logs/stderr.log,,,,checked-no-collisions,Prepared dry-run row; not submitted.
146,146,run,500,11,50,3025000,45,Gaussian-NPE,empirical_gnk_prior_predictive_octile_summaries,gnk_gaussian_npe_n500_x50_seed45_20260426T010115Z,res/gnk_high_budget/configs/gnk_gaussian_npe_n500_x50_seed45_20260426T010115Z.yaml,res/gnk_high_budget/runs/gnk_gaussian_npe_n500_x50_seed45_20260426T010115Z,res/gnk_high_budget/runs/gnk_gaussian_npe_n500_x50_seed45_20260426T010115Z/validation_curve.csv,res/gnk_high_budget/runs/gnk_gaussian_npe_n500_x50_seed45_20260426T010115Z/validation_curve.pdf,res/gnk_high_budget/runs/gnk_gaussian_npe_n500_x50_seed45_20260426T010115Z/gaussian_npe_u_posterior.npz,res/gnk_high_budget/runs/gnk_gaussian_npe_n500_x50_seed45_20260426T010115Z/posterior_samples_10k.npz,res/gnk_high_budget/runs/gnk_gaussian_npe_n500_x50_seed45_20260426T010115Z/posterior_samples.pkl,res/gnk_high_budget/runs/gnk_gaussian_npe_n500_x50_seed45_20260426T010115Z/metrics.json,res/gnk_high_budget/runs/gnk_gaussian_npe_n500_x50_seed45_20260426T010115Z/timing_metadata.json,res/gnk_high_budget/runs/gnk_gaussian_npe_n500_x50_seed45_20260426T010115Z/logs/stdout.log,res/gnk_high_budget/runs/gnk_gaussian_npe_n500_x50_seed45_20260426T010115Z/logs/stderr.log,,,,checked-no-collisions,Prepared dry-run row; not submitted.
147,147,run,500,11,50,3025000,46,Gaussian-NPE,empirical_gnk_prior_predictive_octile_summaries,gnk_gaussian_npe_n500_x50_seed46_20260426T010115Z,res/gnk_high_budget/configs/gnk_gaussian_npe_n500_x50_seed46_20260426T010115Z.yaml,res/gnk_high_budget/runs/gnk_gaussian_npe_n500_x50_seed46_20260426T010115Z,res/gnk_high_budget/runs/gnk_gaussian_npe_n500_x50_seed46_20260426T010115Z/validation_curve.csv,res/gnk_high_budget/runs/gnk_gaussian_npe_n500_x50_seed46_20260426T010115Z/validation_curve.pdf,res/gnk_high_budget/runs/gnk_gaussian_npe_n500_x50_seed46_20260426T010115Z/gaussian_npe_u_posterior.npz,res/gnk_high_budget/runs/gnk_gaussian_npe_n500_x50_seed46_20260426T010115Z/posterior_samples_10k.npz,res/gnk_high_budget/runs/gnk_gaussian_npe_n500_x50_seed46_20260426T010115Z/posterior_samples.pkl,res/gnk_high_budget/runs/gnk_gaussian_npe_n500_x50_seed46_20260426T010115Z/metrics.json,res/gnk_high_budget/runs/gnk_gaussian_npe_n500_x50_seed46_20260426T010115Z/timing_metadata.json,res/gnk_high_budget/runs/gnk_gaussian_npe_n500_x50_seed46_20260426T010115Z/logs/stdout.log,res/gnk_high_budget/runs/gnk_gaussian_npe_n500_x50_seed46_20260426T010115Z/logs/stderr.log,,,,checked-no-collisions,Prepared dry-run row; not submitted.
148,148,run,500,11,50,3025000,47,Gaussian-NPE,empirical_gnk_prior_predictive_octile_summaries,gnk_gaussian_npe_n500_x50_seed47_20260426T010115Z,res/gnk_high_budget/configs/gnk_gaussian_npe_n500_x50_seed47_20260426T010115Z.yaml,res/gnk_high_budget/runs/gnk_gaussian_npe_n500_x50_seed47_20260426T010115Z,res/gnk_high_budget/runs/gnk_gaussian_npe_n500_x50_seed47_20260426T010115Z/validation_curve.csv,res/gnk_high_budget/runs/gnk_gaussian_npe_n500_x50_seed47_20260426T010115Z/validation_curve.pdf,res/gnk_high_budget/runs/gnk_gaussian_npe_n500_x50_seed47_20260426T010115Z/gaussian_npe_u_posterior.npz,res/gnk_high_budget/runs/gnk_gaussian_npe_n500_x50_seed47_20260426T010115Z/posterior_samples_10k.npz,res/gnk_high_budget/runs/gnk_gaussian_npe_n500_x50_seed47_20260426T010115Z/posterior_samples.pkl,res/gnk_high_budget/runs/gnk_gaussian_npe_n500_x50_seed47_20260426T010115Z/metrics.json,res/gnk_high_budget/runs/gnk_gaussian_npe_n500_x50_seed47_20260426T010115Z/timing_metadata.json,res/gnk_high_budget/runs/gnk_gaussian_npe_n500_x50_seed47_20260426T010115Z/logs/stdout.log,res/gnk_high_budget/runs/gnk_gaussian_npe_n500_x50_seed47_20260426T010115Z/logs/stderr.log,,,,checked-no-collisions,Prepared dry-run row; not submitted.
149,149,run,500,11,50,3025000,48,Gaussian-NPE,empirical_gnk_prior_predictive_octile_summaries,gnk_gaussian_npe_n500_x50_seed48_20260426T010115Z,res/gnk_high_budget/configs/gnk_gaussian_npe_n500_x50_seed48_20260426T010115Z.yaml,res/gnk_high_budget/runs/gnk_gaussian_npe_n500_x50_seed48_20260426T010115Z,res/gnk_high_budget/runs/gnk_gaussian_npe_n500_x50_seed48_20260426T010115Z/validation_curve.csv,res/gnk_high_budget/runs/gnk_gaussian_npe_n500_x50_seed48_20260426T010115Z/validation_curve.pdf,res/gnk_high_budget/runs/gnk_gaussian_npe_n500_x50_seed48_20260426T010115Z/gaussian_npe_u_posterior.npz,res/gnk_high_budget/runs/gnk_gaussian_npe_n500_x50_seed48_20260426T010115Z/posterior_samples_10k.npz,res/gnk_high_budget/runs/gnk_gaussian_npe_n500_x50_seed48_20260426T010115Z/posterior_samples.pkl,res/gnk_high_budget/runs/gnk_gaussian_npe_n500_x50_seed48_20260426T010115Z/metrics.json,res/gnk_high_budget/runs/gnk_gaussian_npe_n500_x50_seed48_20260426T010115Z/timing_metadata.json,res/gnk_high_budget/runs/gnk_gaussian_npe_n500_x50_seed48_20260426T010115Z/logs/stdout.log,res/gnk_high_budget/runs/gnk_gaussian_npe_n500_x50_seed48_20260426T010115Z/logs/stderr.log,,,,checked-no-collisions,Prepared dry-run row; not submitted.
150,150,run,500,11,50,3025000,49,Gaussian-NPE,empirical_gnk_prior_predictive_octile_summaries,gnk_gaussian_npe_n500_x50_seed49_20260426T010115Z,res/gnk_high_budget/configs/gnk_gaussian_npe_n500_x50_seed49_20260426T010115Z.yaml,res/gnk_high_budget/runs/gnk_gaussian_npe_n500_x50_seed49_20260426T010115Z,res/gnk_high_budget/runs/gnk_gaussian_npe_n500_x50_seed49_20260426T010115Z/validation_curve.csv,res/gnk_high_budget/runs/gnk_gaussian_npe_n500_x50_seed49_20260426T010115Z/validation_curve.pdf,res/gnk_high_budget/runs/gnk_gaussian_npe_n500_x50_seed49_20260426T010115Z/gaussian_npe_u_posterior.npz,res/gnk_high_budget/runs/gnk_gaussian_npe_n500_x50_seed49_20260426T010115Z/posterior_samples_10k.npz,res/gnk_high_budget/runs/gnk_gaussian_npe_n500_x50_seed49_20260426T010115Z/posterior_samples.pkl,res/gnk_high_budget/runs/gnk_gaussian_npe_n500_x50_seed49_20260426T010115Z/metrics.json,res/gnk_high_budget/runs/gnk_gaussian_npe_n500_x50_seed49_20260426T010115Z/timing_metadata.json,res/gnk_high_budget/runs/gnk_gaussian_npe_n500_x50_seed49_20260426T010115Z/logs/stdout.log,res/gnk_high_budget/runs/gnk_gaussian_npe_n500_x50_seed49_20260426T010115Z/logs/stderr.log,,,,checked-no-collisions,Prepared dry-run row; not submitted.
151,151,run,500,11,50,3025000,50,Gaussian-NPE,empirical_gnk_prior_predictive_octile_summaries,gnk_gaussian_npe_n500_x50_seed50_20260426T010115Z,res/gnk_high_budget/configs/gnk_gaussian_npe_n500_x50_seed50_20260426T010115Z.yaml,res/gnk_high_budget/runs/gnk_gaussian_npe_n500_x50_seed50_20260426T010115Z,res/gnk_high_budget/runs/gnk_gaussian_npe_n500_x50_seed50_20260426T010115Z/validation_curve.csv,res/gnk_high_budget/runs/gnk_gaussian_npe_n500_x50_seed50_20260426T010115Z/validation_curve.pdf,res/gnk_high_budget/runs/gnk_gaussian_npe_n500_x50_seed50_20260426T010115Z/gaussian_npe_u_posterior.npz,res/gnk_high_budget/runs/gnk_gaussian_npe_n500_x50_seed50_20260426T010115Z/posterior_samples_10k.npz,res/gnk_high_budget/runs/gnk_gaussian_npe_n500_x50_seed50_20260426T010115Z/posterior_samples.pkl,res/gnk_high_budget/runs/gnk_gaussian_npe_n500_x50_seed50_20260426T010115Z/metrics.json,res/gnk_high_budget/runs/gnk_gaussian_npe_n500_x50_seed50_20260426T010115Z/timing_metadata.json,res/gnk_high_budget/runs/gnk_gaussian_npe_n500_x50_seed50_20260426T010115Z/logs/stdout.log,res/gnk_high_budget/runs/gnk_gaussian_npe_n500_x50_seed50_20260426T010115Z/logs/stderr.log,,,,checked-no-collisions,Prepared dry-run row; not submitted.
152,152,run,500,11,50,3025000,51,Gaussian-NPE,empirical_gnk_prior_predictive_octile_summaries,gnk_gaussian_npe_n500_x50_seed51_20260426T010115Z,res/gnk_high_budget/configs/gnk_gaussian_npe_n500_x50_seed51_20260426T010115Z.yaml,res/gnk_high_budget/runs/gnk_gaussian_npe_n500_x50_seed51_20260426T010115Z,res/gnk_high_budget/runs/gnk_gaussian_npe_n500_x50_seed51_20260426T010115Z/validation_curve.csv,res/gnk_high_budget/runs/gnk_gaussian_npe_n500_x50_seed51_20260426T010115Z/validation_curve.pdf,res/gnk_high_budget/runs/gnk_gaussian_npe_n500_x50_seed51_20260426T010115Z/gaussian_npe_u_posterior.npz,res/gnk_high_budget/runs/gnk_gaussian_npe_n500_x50_seed51_20260426T010115Z/posterior_samples_10k.npz,res/gnk_high_budget/runs/gnk_gaussian_npe_n500_x50_seed51_20260426T010115Z/posterior_samples.pkl,res/gnk_high_budget/runs/gnk_gaussian_npe_n500_x50_seed51_20260426T010115Z/metrics.json,res/gnk_high_budget/runs/gnk_gaussian_npe_n500_x50_seed51_20260426T010115Z/timing_metadata.json,res/gnk_high_budget/runs/gnk_gaussian_npe_n500_x50_seed51_20260426T010115Z/logs/stdout.log,res/gnk_high_budget/runs/gnk_gaussian_npe_n500_x50_seed51_20260426T010115Z/logs/stderr.log,,,,checked-no-collisions,Prepared dry-run row; not submitted.
153,153,run,500,11,50,3025000,52,Gaussian-NPE,empirical_gnk_prior_predictive_octile_summaries,gnk_gaussian_npe_n500_x50_seed52_20260426T010115Z,res/gnk_high_budget/configs/gnk_gaussian_npe_n500_x50_seed52_20260426T010115Z.yaml,res/gnk_high_budget/runs/gnk_gaussian_npe_n500_x50_seed52_20260426T010115Z,res/gnk_high_budget/runs/gnk_gaussian_npe_n500_x50_seed52_20260426T010115Z/validation_curve.csv,res/gnk_high_budget/runs/gnk_gaussian_npe_n500_x50_seed52_20260426T010115Z/validation_curve.pdf,res/gnk_high_budget/runs/gnk_gaussian_npe_n500_x50_seed52_20260426T010115Z/gaussian_npe_u_posterior.npz,res/gnk_high_budget/runs/gnk_gaussian_npe_n500_x50_seed52_20260426T010115Z/posterior_samples_10k.npz,res/gnk_high_budget/runs/gnk_gaussian_npe_n500_x50_seed52_20260426T010115Z/posterior_samples.pkl,res/gnk_high_budget/runs/gnk_gaussian_npe_n500_x50_seed52_20260426T010115Z/metrics.json,res/gnk_high_budget/runs/gnk_gaussian_npe_n500_x50_seed52_20260426T010115Z/timing_metadata.json,res/gnk_high_budget/runs/gnk_gaussian_npe_n500_x50_seed52_20260426T010115Z/logs/stdout.log,res/gnk_high_budget/runs/gnk_gaussian_npe_n500_x50_seed52_20260426T010115Z/logs/stderr.log,,,,checked-no-collisions,Prepared dry-run row; not submitted.
154,154,run,500,11,50,3025000,53,Gaussian-NPE,empirical_gnk_prior_predictive_octile_summaries,gnk_gaussian_npe_n500_x50_seed53_20260426T010115Z,res/gnk_high_budget/configs/gnk_gaussian_npe_n500_x50_seed53_20260426T010115Z.yaml,res/gnk_high_budget/runs/gnk_gaussian_npe_n500_x50_seed53_20260426T010115Z,res/gnk_high_budget/runs/gnk_gaussian_npe_n500_x50_seed53_20260426T010115Z/validation_curve.csv,res/gnk_high_budget/runs/gnk_gaussian_npe_n500_x50_seed53_20260426T010115Z/validation_curve.pdf,res/gnk_high_budget/runs/gnk_gaussian_npe_n500_x50_seed53_20260426T010115Z/gaussian_npe_u_posterior.npz,res/gnk_high_budget/runs/gnk_gaussian_npe_n500_x50_seed53_20260426T010115Z/posterior_samples_10k.npz,res/gnk_high_budget/runs/gnk_gaussian_npe_n500_x50_seed53_20260426T010115Z/posterior_samples.pkl,res/gnk_high_budget/runs/gnk_gaussian_npe_n500_x50_seed53_20260426T010115Z/metrics.json,res/gnk_high_budget/runs/gnk_gaussian_npe_n500_x50_seed53_20260426T010115Z/timing_metadata.json,res/gnk_high_budget/runs/gnk_gaussian_npe_n500_x50_seed53_20260426T010115Z/logs/stdout.log,res/gnk_high_budget/runs/gnk_gaussian_npe_n500_x50_seed53_20260426T010115Z/logs/stderr.log,,,,checked-no-collisions,Prepared dry-run row; not submitted.
155,155,run,500,11,50,3025000,54,Gaussian-NPE,empirical_gnk_prior_predictive_octile_summaries,gnk_gaussian_npe_n500_x50_seed54_20260426T010115Z,res/gnk_high_budget/configs/gnk_gaussian_npe_n500_x50_seed54_20260426T010115Z.yaml,res/gnk_high_budget/runs/gnk_gaussian_npe_n500_x50_seed54_20260426T010115Z,res/gnk_high_budget/runs/gnk_gaussian_npe_n500_x50_seed54_20260426T010115Z/validation_curve.csv,res/gnk_high_budget/runs/gnk_gaussian_npe_n500_x50_seed54_20260426T010115Z/validation_curve.pdf,res/gnk_high_budget/runs/gnk_gaussian_npe_n500_x50_seed54_20260426T010115Z/gaussian_npe_u_posterior.npz,res/gnk_high_budget/runs/gnk_gaussian_npe_n500_x50_seed54_20260426T010115Z/posterior_samples_10k.npz,res/gnk_high_budget/runs/gnk_gaussian_npe_n500_x50_seed54_20260426T010115Z/posterior_samples.pkl,res/gnk_high_budget/runs/gnk_gaussian_npe_n500_x50_seed54_20260426T010115Z/metrics.json,res/gnk_high_budget/runs/gnk_gaussian_npe_n500_x50_seed54_20260426T010115Z/timing_metadata.json,res/gnk_high_budget/runs/gnk_gaussian_npe_n500_x50_seed54_20260426T010115Z/logs/stdout.log,res/gnk_high_budget/runs/gnk_gaussian_npe_n500_x50_seed54_20260426T010115Z/logs/stderr.log,,,,checked-no-collisions,Prepared dry-run row; not submitted.
156,156,run,500,11,50,3025000,55,Gaussian-NPE,empirical_gnk_prior_predictive_octile_summaries,gnk_gaussian_npe_n500_x50_seed55_20260426T010115Z,res/gnk_high_budget/configs/gnk_gaussian_npe_n500_x50_seed55_20260426T010115Z.yaml,res/gnk_high_budget/runs/gnk_gaussian_npe_n500_x50_seed55_20260426T010115Z,res/gnk_high_budget/runs/gnk_gaussian_npe_n500_x50_seed55_20260426T010115Z/validation_curve.csv,res/gnk_high_budget/runs/gnk_gaussian_npe_n500_x50_seed55_20260426T010115Z/validation_curve.pdf,res/gnk_high_budget/runs/gnk_gaussian_npe_n500_x50_seed55_20260426T010115Z/gaussian_npe_u_posterior.npz,res/gnk_high_budget/runs/gnk_gaussian_npe_n500_x50_seed55_20260426T010115Z/posterior_samples_10k.npz,res/gnk_high_budget/runs/gnk_gaussian_npe_n500_x50_seed55_20260426T010115Z/posterior_samples.pkl,res/gnk_high_budget/runs/gnk_gaussian_npe_n500_x50_seed55_20260426T010115Z/metrics.json,res/gnk_high_budget/runs/gnk_gaussian_npe_n500_x50_seed55_20260426T010115Z/timing_metadata.json,res/gnk_high_budget/runs/gnk_gaussian_npe_n500_x50_seed55_20260426T010115Z/logs/stdout.log,res/gnk_high_budget/runs/gnk_gaussian_npe_n500_x50_seed55_20260426T010115Z/logs/stderr.log,,,,checked-no-collisions,Prepared dry-run row; not submitted.
157,157,run,500,11,50,3025000,56,Gaussian-NPE,empirical_gnk_prior_predictive_octile_summaries,gnk_gaussian_npe_n500_x50_seed56_20260426T010115Z,res/gnk_high_budget/configs/gnk_gaussian_npe_n500_x50_seed56_20260426T010115Z.yaml,res/gnk_high_budget/runs/gnk_gaussian_npe_n500_x50_seed56_20260426T010115Z,res/gnk_high_budget/runs/gnk_gaussian_npe_n500_x50_seed56_20260426T010115Z/validation_curve.csv,res/gnk_high_budget/runs/gnk_gaussian_npe_n500_x50_seed56_20260426T010115Z/validation_curve.pdf,res/gnk_high_budget/runs/gnk_gaussian_npe_n500_x50_seed56_20260426T010115Z/gaussian_npe_u_posterior.npz,res/gnk_high_budget/runs/gnk_gaussian_npe_n500_x50_seed56_20260426T010115Z/posterior_samples_10k.npz,res/gnk_high_budget/runs/gnk_gaussian_npe_n500_x50_seed56_20260426T010115Z/posterior_samples.pkl,res/gnk_high_budget/runs/gnk_gaussian_npe_n500_x50_seed56_20260426T010115Z/metrics.json,res/gnk_high_budget/runs/gnk_gaussian_npe_n500_x50_seed56_20260426T010115Z/timing_metadata.json,res/gnk_high_budget/runs/gnk_gaussian_npe_n500_x50_seed56_20260426T010115Z/logs/stdout.log,res/gnk_high_budget/runs/gnk_gaussian_npe_n500_x50_seed56_20260426T010115Z/logs/stderr.log,,,,checked-no-collisions,Prepared dry-run row; not submitted.
158,158,run,500,11,50,3025000,57,Gaussian-NPE,empirical_gnk_prior_predictive_octile_summaries,gnk_gaussian_npe_n500_x50_seed57_20260426T010115Z,res/gnk_high_budget/configs/gnk_gaussian_npe_n500_x50_seed57_20260426T010115Z.yaml,res/gnk_high_budget/runs/gnk_gaussian_npe_n500_x50_seed57_20260426T010115Z,res/gnk_high_budget/runs/gnk_gaussian_npe_n500_x50_seed57_20260426T010115Z/validation_curve.csv,res/gnk_high_budget/runs/gnk_gaussian_npe_n500_x50_seed57_20260426T010115Z/validation_curve.pdf,res/gnk_high_budget/runs/gnk_gaussian_npe_n500_x50_seed57_20260426T010115Z/gaussian_npe_u_posterior.npz,res/gnk_high_budget/runs/gnk_gaussian_npe_n500_x50_seed57_20260426T010115Z/posterior_samples_10k.npz,res/gnk_high_budget/runs/gnk_gaussian_npe_n500_x50_seed57_20260426T010115Z/posterior_samples.pkl,res/gnk_high_budget/runs/gnk_gaussian_npe_n500_x50_seed57_20260426T010115Z/metrics.json,res/gnk_high_budget/runs/gnk_gaussian_npe_n500_x50_seed57_20260426T010115Z/timing_metadata.json,res/gnk_high_budget/runs/gnk_gaussian_npe_n500_x50_seed57_20260426T010115Z/logs/stdout.log,res/gnk_high_budget/runs/gnk_gaussian_npe_n500_x50_seed57_20260426T010115Z/logs/stderr.log,,,,checked-no-collisions,Prepared dry-run row; not submitted.
159,159,run,500,11,50,3025000,58,Gaussian-NPE,empirical_gnk_prior_predictive_octile_summaries,gnk_gaussian_npe_n500_x50_seed58_20260426T010115Z,res/gnk_high_budget/configs/gnk_gaussian_npe_n500_x50_seed58_20260426T010115Z.yaml,res/gnk_high_budget/runs/gnk_gaussian_npe_n500_x50_seed58_20260426T010115Z,res/gnk_high_budget/runs/gnk_gaussian_npe_n500_x50_seed58_20260426T010115Z/validation_curve.csv,res/gnk_high_budget/runs/gnk_gaussian_npe_n500_x50_seed58_20260426T010115Z/validation_curve.pdf,res/gnk_high_budget/runs/gnk_gaussian_npe_n500_x50_seed58_20260426T010115Z/gaussian_npe_u_posterior.npz,res/gnk_high_budget/runs/gnk_gaussian_npe_n500_x50_seed58_20260426T010115Z/posterior_samples_10k.npz,res/gnk_high_budget/runs/gnk_gaussian_npe_n500_x50_seed58_20260426T010115Z/posterior_samples.pkl,res/gnk_high_budget/runs/gnk_gaussian_npe_n500_x50_seed58_20260426T010115Z/metrics.json,res/gnk_high_budget/runs/gnk_gaussian_npe_n500_x50_seed58_20260426T010115Z/timing_metadata.json,res/gnk_high_budget/runs/gnk_gaussian_npe_n500_x50_seed58_20260426T010115Z/logs/stdout.log,res/gnk_high_budget/runs/gnk_gaussian_npe_n500_x50_seed58_20260426T010115Z/logs/stderr.log,,,,checked-no-collisions,Prepared dry-run row; not submitted.
160,160,run,500,11,50,3025000,59,Gaussian-NPE,empirical_gnk_prior_predictive_octile_summaries,gnk_gaussian_npe_n500_x50_seed59_20260426T010115Z,res/gnk_high_budget/configs/gnk_gaussian_npe_n500_x50_seed59_20260426T010115Z.yaml,res/gnk_high_budget/runs/gnk_gaussian_npe_n500_x50_seed59_20260426T010115Z,res/gnk_high_budget/runs/gnk_gaussian_npe_n500_x50_seed59_20260426T010115Z/validation_curve.csv,res/gnk_high_budget/runs/gnk_gaussian_npe_n500_x50_seed59_20260426T010115Z/validation_curve.pdf,res/gnk_high_budget/runs/gnk_gaussian_npe_n500_x50_seed59_20260426T010115Z/gaussian_npe_u_posterior.npz,res/gnk_high_budget/runs/gnk_gaussian_npe_n500_x50_seed59_20260426T010115Z/posterior_samples_10k.npz,res/gnk_high_budget/runs/gnk_gaussian_npe_n500_x50_seed59_20260426T010115Z/posterior_samples.pkl,res/gnk_high_budget/runs/gnk_gaussian_npe_n500_x50_seed59_20260426T010115Z/metrics.json,res/gnk_high_budget/runs/gnk_gaussian_npe_n500_x50_seed59_20260426T010115Z/timing_metadata.json,res/gnk_high_budget/runs/gnk_gaussian_npe_n500_x50_seed59_20260426T010115Z/logs/stdout.log,res/gnk_high_budget/runs/gnk_gaussian_npe_n500_x50_seed59_20260426T010115Z/logs/stderr.log,,,,checked-no-collisions,Prepared dry-run row; not submitted.
161,161,run,500,11,50,3025000,60,Gaussian-NPE,empirical_gnk_prior_predictive_octile_summaries,gnk_gaussian_npe_n500_x50_seed60_20260426T010115Z,res/gnk_high_budget/configs/gnk_gaussian_npe_n500_x50_seed60_20260426T010115Z.yaml,res/gnk_high_budget/runs/gnk_gaussian_npe_n500_x50_seed60_20260426T010115Z,res/gnk_high_budget/runs/gnk_gaussian_npe_n500_x50_seed60_20260426T010115Z/validation_curve.csv,res/gnk_high_budget/runs/gnk_gaussian_npe_n500_x50_seed60_20260426T010115Z/validation_curve.pdf,res/gnk_high_budget/runs/gnk_gaussian_npe_n500_x50_seed60_20260426T010115Z/gaussian_npe_u_posterior.npz,res/gnk_high_budget/runs/gnk_gaussian_npe_n500_x50_seed60_20260426T010115Z/posterior_samples_10k.npz,res/gnk_high_budget/runs/gnk_gaussian_npe_n500_x50_seed60_20260426T010115Z/posterior_samples.pkl,res/gnk_high_budget/runs/gnk_gaussian_npe_n500_x50_seed60_20260426T010115Z/metrics.json,res/gnk_high_budget/runs/gnk_gaussian_npe_n500_x50_seed60_20260426T010115Z/timing_metadata.json,res/gnk_high_budget/runs/gnk_gaussian_npe_n500_x50_seed60_20260426T010115Z/logs/stdout.log,res/gnk_high_budget/runs/gnk_gaussian_npe_n500_x50_seed60_20260426T010115Z/logs/stderr.log,,,,checked-no-collisions,Prepared dry-run row; not submitted.
162,162,run,500,11,50,3025000,61,Gaussian-NPE,empirical_gnk_prior_predictive_octile_summaries,gnk_gaussian_npe_n500_x50_seed61_20260426T010115Z,res/gnk_high_budget/configs/gnk_gaussian_npe_n500_x50_seed61_20260426T010115Z.yaml,res/gnk_high_budget/runs/gnk_gaussian_npe_n500_x50_seed61_20260426T010115Z,res/gnk_high_budget/runs/gnk_gaussian_npe_n500_x50_seed61_20260426T010115Z/validation_curve.csv,res/gnk_high_budget/runs/gnk_gaussian_npe_n500_x50_seed61_20260426T010115Z/validation_curve.pdf,res/gnk_high_budget/runs/gnk_gaussian_npe_n500_x50_seed61_20260426T010115Z/gaussian_npe_u_posterior.npz,res/gnk_high_budget/runs/gnk_gaussian_npe_n500_x50_seed61_20260426T010115Z/posterior_samples_10k.npz,res/gnk_high_budget/runs/gnk_gaussian_npe_n500_x50_seed61_20260426T010115Z/posterior_samples.pkl,res/gnk_high_budget/runs/gnk_gaussian_npe_n500_x50_seed61_20260426T010115Z/metrics.json,res/gnk_high_budget/runs/gnk_gaussian_npe_n500_x50_seed61_20260426T010115Z/timing_metadata.json,res/gnk_high_budget/runs/gnk_gaussian_npe_n500_x50_seed61_20260426T010115Z/logs/stdout.log,res/gnk_high_budget/runs/gnk_gaussian_npe_n500_x50_seed61_20260426T010115Z/logs/stderr.log,,,,checked-no-collisions,Prepared dry-run row; not submitted.
163,163,run,500,11,50,3025000,62,Gaussian-NPE,empirical_gnk_prior_predictive_octile_summaries,gnk_gaussian_npe_n500_x50_seed62_20260426T010115Z,res/gnk_high_budget/configs/gnk_gaussian_npe_n500_x50_seed62_20260426T010115Z.yaml,res/gnk_high_budget/runs/gnk_gaussian_npe_n500_x50_seed62_20260426T010115Z,res/gnk_high_budget/runs/gnk_gaussian_npe_n500_x50_seed62_20260426T010115Z/validation_curve.csv,res/gnk_high_budget/runs/gnk_gaussian_npe_n500_x50_seed62_20260426T010115Z/validation_curve.pdf,res/gnk_high_budget/runs/gnk_gaussian_npe_n500_x50_seed62_20260426T010115Z/gaussian_npe_u_posterior.npz,res/gnk_high_budget/runs/gnk_gaussian_npe_n500_x50_seed62_20260426T010115Z/posterior_samples_10k.npz,res/gnk_high_budget/runs/gnk_gaussian_npe_n500_x50_seed62_20260426T010115Z/posterior_samples.pkl,res/gnk_high_budget/runs/gnk_gaussian_npe_n500_x50_seed62_20260426T010115Z/metrics.json,res/gnk_high_budget/runs/gnk_gaussian_npe_n500_x50_seed62_20260426T010115Z/timing_metadata.json,res/gnk_high_budget/runs/gnk_gaussian_npe_n500_x50_seed62_20260426T010115Z/logs/stdout.log,res/gnk_high_budget/runs/gnk_gaussian_npe_n500_x50_seed62_20260426T010115Z/logs/stderr.log,,,,checked-no-collisions,Prepared dry-run row; not submitted.
164,164,run,500,11,50,3025000,63,Gaussian-NPE,empirical_gnk_prior_predictive_octile_summaries,gnk_gaussian_npe_n500_x50_seed63_20260426T010115Z,res/gnk_high_budget/configs/gnk_gaussian_npe_n500_x50_seed63_20260426T010115Z.yaml,res/gnk_high_budget/runs/gnk_gaussian_npe_n500_x50_seed63_20260426T010115Z,res/gnk_high_budget/runs/gnk_gaussian_npe_n500_x50_seed63_20260426T010115Z/validation_curve.csv,res/gnk_high_budget/runs/gnk_gaussian_npe_n500_x50_seed63_20260426T010115Z/validation_curve.pdf,res/gnk_high_budget/runs/gnk_gaussian_npe_n500_x50_seed63_20260426T010115Z/gaussian_npe_u_posterior.npz,res/gnk_high_budget/runs/gnk_gaussian_npe_n500_x50_seed63_20260426T010115Z/posterior_samples_10k.npz,res/gnk_high_budget/runs/gnk_gaussian_npe_n500_x50_seed63_20260426T010115Z/posterior_samples.pkl,res/gnk_high_budget/runs/gnk_gaussian_npe_n500_x50_seed63_20260426T010115Z/metrics.json,res/gnk_high_budget/runs/gnk_gaussian_npe_n500_x50_seed63_20260426T010115Z/timing_metadata.json,res/gnk_high_budget/runs/gnk_gaussian_npe_n500_x50_seed63_20260426T010115Z/logs/stdout.log,res/gnk_high_budget/runs/gnk_gaussian_npe_n500_x50_seed63_20260426T010115Z/logs/stderr.log,,,,checked-no-collisions,Prepared dry-run row; not submitted.
165,165,run,500,11,50,3025000,64,Gaussian-NPE,empirical_gnk_prior_predictive_octile_summaries,gnk_gaussian_npe_n500_x50_seed64_20260426T010115Z,res/gnk_high_budget/configs/gnk_gaussian_npe_n500_x50_seed64_20260426T010115Z.yaml,res/gnk_high_budget/runs/gnk_gaussian_npe_n500_x50_seed64_20260426T010115Z,res/gnk_high_budget/runs/gnk_gaussian_npe_n500_x50_seed64_20260426T010115Z/validation_curve.csv,res/gnk_high_budget/runs/gnk_gaussian_npe_n500_x50_seed64_20260426T010115Z/validation_curve.pdf,res/gnk_high_budget/runs/gnk_gaussian_npe_n500_x50_seed64_20260426T010115Z/gaussian_npe_u_posterior.npz,res/gnk_high_budget/runs/gnk_gaussian_npe_n500_x50_seed64_20260426T010115Z/posterior_samples_10k.npz,res/gnk_high_budget/runs/gnk_gaussian_npe_n500_x50_seed64_20260426T010115Z/posterior_samples.pkl,res/gnk_high_budget/runs/gnk_gaussian_npe_n500_x50_seed64_20260426T010115Z/metrics.json,res/gnk_high_budget/runs/gnk_gaussian_npe_n500_x50_seed64_20260426T010115Z/timing_metadata.json,res/gnk_high_budget/runs/gnk_gaussian_npe_n500_x50_seed64_20260426T010115Z/logs/stdout.log,res/gnk_high_budget/runs/gnk_gaussian_npe_n500_x50_seed64_20260426T010115Z/logs/stderr.log,,,,checked-no-collisions,Prepared dry-run row; not submitted.
166,166,run,500,11,50,3025000,65,Gaussian-NPE,empirical_gnk_prior_predictive_octile_summaries,gnk_gaussian_npe_n500_x50_seed65_20260426T010115Z,res/gnk_high_budget/configs/gnk_gaussian_npe_n500_x50_seed65_20260426T010115Z.yaml,res/gnk_high_budget/runs/gnk_gaussian_npe_n500_x50_seed65_20260426T010115Z,res/gnk_high_budget/runs/gnk_gaussian_npe_n500_x50_seed65_20260426T010115Z/validation_curve.csv,res/gnk_high_budget/runs/gnk_gaussian_npe_n500_x50_seed65_20260426T010115Z/validation_curve.pdf,res/gnk_high_budget/runs/gnk_gaussian_npe_n500_x50_seed65_20260426T010115Z/gaussian_npe_u_posterior.npz,res/gnk_high_budget/runs/gnk_gaussian_npe_n500_x50_seed65_20260426T010115Z/posterior_samples_10k.npz,res/gnk_high_budget/runs/gnk_gaussian_npe_n500_x50_seed65_20260426T010115Z/posterior_samples.pkl,res/gnk_high_budget/runs/gnk_gaussian_npe_n500_x50_seed65_20260426T010115Z/metrics.json,res/gnk_high_budget/runs/gnk_gaussian_npe_n500_x50_seed65_20260426T010115Z/timing_metadata.json,res/gnk_high_budget/runs/gnk_gaussian_npe_n500_x50_seed65_20260426T010115Z/logs/stdout.log,res/gnk_high_budget/runs/gnk_gaussian_npe_n500_x50_seed65_20260426T010115Z/logs/stderr.log,,,,checked-no-collisions,Prepared dry-run row; not submitted.
167,167,run,500,11,50,3025000,66,Gaussian-NPE,empirical_gnk_prior_predictive_octile_summaries,gnk_gaussian_npe_n500_x50_seed66_20260426T010115Z,res/gnk_high_budget/configs/gnk_gaussian_npe_n500_x50_seed66_20260426T010115Z.yaml,res/gnk_high_budget/runs/gnk_gaussian_npe_n500_x50_seed66_20260426T010115Z,res/gnk_high_budget/runs/gnk_gaussian_npe_n500_x50_seed66_20260426T010115Z/validation_curve.csv,res/gnk_high_budget/runs/gnk_gaussian_npe_n500_x50_seed66_20260426T010115Z/validation_curve.pdf,res/gnk_high_budget/runs/gnk_gaussian_npe_n500_x50_seed66_20260426T010115Z/gaussian_npe_u_posterior.npz,res/gnk_high_budget/runs/gnk_gaussian_npe_n500_x50_seed66_20260426T010115Z/posterior_samples_10k.npz,res/gnk_high_budget/runs/gnk_gaussian_npe_n500_x50_seed66_20260426T010115Z/posterior_samples.pkl,res/gnk_high_budget/runs/gnk_gaussian_npe_n500_x50_seed66_20260426T010115Z/metrics.json,res/gnk_high_budget/runs/gnk_gaussian_npe_n500_x50_seed66_20260426T010115Z/timing_metadata.json,res/gnk_high_budget/runs/gnk_gaussian_npe_n500_x50_seed66_20260426T010115Z/logs/stdout.log,res/gnk_high_budget/runs/gnk_gaussian_npe_n500_x50_seed66_20260426T010115Z/logs/stderr.log,,,,checked-no-collisions,Prepared dry-run row; not submitted.
168,168,run,500,11,50,3025000,67,Gaussian-NPE,empirical_gnk_prior_predictive_octile_summaries,gnk_gaussian_npe_n500_x50_seed67_20260426T010115Z,res/gnk_high_budget/configs/gnk_gaussian_npe_n500_x50_seed67_20260426T010115Z.yaml,res/gnk_high_budget/runs/gnk_gaussian_npe_n500_x50_seed67_20260426T010115Z,res/gnk_high_budget/runs/gnk_gaussian_npe_n500_x50_seed67_20260426T010115Z/validation_curve.csv,res/gnk_high_budget/runs/gnk_gaussian_npe_n500_x50_seed67_20260426T010115Z/validation_curve.pdf,res/gnk_high_budget/runs/gnk_gaussian_npe_n500_x50_seed67_20260426T010115Z/gaussian_npe_u_posterior.npz,res/gnk_high_budget/runs/gnk_gaussian_npe_n500_x50_seed67_20260426T010115Z/posterior_samples_10k.npz,res/gnk_high_budget/runs/gnk_gaussian_npe_n500_x50_seed67_20260426T010115Z/posterior_samples.pkl,res/gnk_high_budget/runs/gnk_gaussian_npe_n500_x50_seed67_20260426T010115Z/metrics.json,res/gnk_high_budget/runs/gnk_gaussian_npe_n500_x50_seed67_20260426T010115Z/timing_metadata.json,res/gnk_high_budget/runs/gnk_gaussian_npe_n500_x50_seed67_20260426T010115Z/logs/stdout.log,res/gnk_high_budget/runs/gnk_gaussian_npe_n500_x50_seed67_20260426T010115Z/logs/stderr.log,,,,checked-no-collisions,Prepared dry-run row; not submitted.
169,169,run,500,11,50,3025000,68,Gaussian-NPE,empirical_gnk_prior_predictive_octile_summaries,gnk_gaussian_npe_n500_x50_seed68_20260426T010115Z,res/gnk_high_budget/configs/gnk_gaussian_npe_n500_x50_seed68_20260426T010115Z.yaml,res/gnk_high_budget/runs/gnk_gaussian_npe_n500_x50_seed68_20260426T010115Z,res/gnk_high_budget/runs/gnk_gaussian_npe_n500_x50_seed68_20260426T010115Z/validation_curve.csv,res/gnk_high_budget/runs/gnk_gaussian_npe_n500_x50_seed68_20260426T010115Z/validation_curve.pdf,res/gnk_high_budget/runs/gnk_gaussian_npe_n500_x50_seed68_20260426T010115Z/gaussian_npe_u_posterior.npz,res/gnk_high_budget/runs/gnk_gaussian_npe_n500_x50_seed68_20260426T010115Z/posterior_samples_10k.npz,res/gnk_high_budget/runs/gnk_gaussian_npe_n500_x50_seed68_20260426T010115Z/posterior_samples.pkl,res/gnk_high_budget/runs/gnk_gaussian_npe_n500_x50_seed68_20260426T010115Z/metrics.json,res/gnk_high_budget/runs/gnk_gaussian_npe_n500_x50_seed68_20260426T010115Z/timing_metadata.json,res/gnk_high_budget/runs/gnk_gaussian_npe_n500_x50_seed68_20260426T010115Z/logs/stdout.log,res/gnk_high_budget/runs/gnk_gaussian_npe_n500_x50_seed68_20260426T010115Z/logs/stderr.log,,,,checked-no-collisions,Prepared dry-run row; not submitted.
170,170,run,500,11,50,3025000,69,Gaussian-NPE,empirical_gnk_prior_predictive_octile_summaries,gnk_gaussian_npe_n500_x50_seed69_20260426T010115Z,res/gnk_high_budget/configs/gnk_gaussian_npe_n500_x50_seed69_20260426T010115Z.yaml,res/gnk_high_budget/runs/gnk_gaussian_npe_n500_x50_seed69_20260426T010115Z,res/gnk_high_budget/runs/gnk_gaussian_npe_n500_x50_seed69_20260426T010115Z/validation_curve.csv,res/gnk_high_budget/runs/gnk_gaussian_npe_n500_x50_seed69_20260426T010115Z/validation_curve.pdf,res/gnk_high_budget/runs/gnk_gaussian_npe_n500_x50_seed69_20260426T010115Z/gaussian_npe_u_posterior.npz,res/gnk_high_budget/runs/gnk_gaussian_npe_n500_x50_seed69_20260426T010115Z/posterior_samples_10k.npz,res/gnk_high_budget/runs/gnk_gaussian_npe_n500_x50_seed69_20260426T010115Z/posterior_samples.pkl,res/gnk_high_budget/runs/gnk_gaussian_npe_n500_x50_seed69_20260426T010115Z/metrics.json,res/gnk_high_budget/runs/gnk_gaussian_npe_n500_x50_seed69_20260426T010115Z/timing_metadata.json,res/gnk_high_budget/runs/gnk_gaussian_npe_n500_x50_seed69_20260426T010115Z/logs/stdout.log,res/gnk_high_budget/runs/gnk_gaussian_npe_n500_x50_seed69_20260426T010115Z/logs/stderr.log,,,,checked-no-collisions,Prepared dry-run row; not submitted.
171,171,run,500,11,50,3025000,70,Gaussian-NPE,empirical_gnk_prior_predictive_octile_summaries,gnk_gaussian_npe_n500_x50_seed70_20260426T010115Z,res/gnk_high_budget/configs/gnk_gaussian_npe_n500_x50_seed70_20260426T010115Z.yaml,res/gnk_high_budget/runs/gnk_gaussian_npe_n500_x50_seed70_20260426T010115Z,res/gnk_high_budget/runs/gnk_gaussian_npe_n500_x50_seed70_20260426T010115Z/validation_curve.csv,res/gnk_high_budget/runs/gnk_gaussian_npe_n500_x50_seed70_20260426T010115Z/validation_curve.pdf,res/gnk_high_budget/runs/gnk_gaussian_npe_n500_x50_seed70_20260426T010115Z/gaussian_npe_u_posterior.npz,res/gnk_high_budget/runs/gnk_gaussian_npe_n500_x50_seed70_20260426T010115Z/posterior_samples_10k.npz,res/gnk_high_budget/runs/gnk_gaussian_npe_n500_x50_seed70_20260426T010115Z/posterior_samples.pkl,res/gnk_high_budget/runs/gnk_gaussian_npe_n500_x50_seed70_20260426T010115Z/metrics.json,res/gnk_high_budget/runs/gnk_gaussian_npe_n500_x50_seed70_20260426T010115Z/timing_metadata.json,res/gnk_high_budget/runs/gnk_gaussian_npe_n500_x50_seed70_20260426T010115Z/logs/stdout.log,res/gnk_high_budget/runs/gnk_gaussian_npe_n500_x50_seed70_20260426T010115Z/logs/stderr.log,,,,checked-no-collisions,Prepared dry-run row; not submitted.
172,172,run,500,11,50,3025000,71,Gaussian-NPE,empirical_gnk_prior_predictive_octile_summaries,gnk_gaussian_npe_n500_x50_seed71_20260426T010115Z,res/gnk_high_budget/configs/gnk_gaussian_npe_n500_x50_seed71_20260426T010115Z.yaml,res/gnk_high_budget/runs/gnk_gaussian_npe_n500_x50_seed71_20260426T010115Z,res/gnk_high_budget/runs/gnk_gaussian_npe_n500_x50_seed71_20260426T010115Z/validation_curve.csv,res/gnk_high_budget/runs/gnk_gaussian_npe_n500_x50_seed71_20260426T010115Z/validation_curve.pdf,res/gnk_high_budget/runs/gnk_gaussian_npe_n500_x50_seed71_20260426T010115Z/gaussian_npe_u_posterior.npz,res/gnk_high_budget/runs/gnk_gaussian_npe_n500_x50_seed71_20260426T010115Z/posterior_samples_10k.npz,res/gnk_high_budget/runs/gnk_gaussian_npe_n500_x50_seed71_20260426T010115Z/posterior_samples.pkl,res/gnk_high_budget/runs/gnk_gaussian_npe_n500_x50_seed71_20260426T010115Z/metrics.json,res/gnk_high_budget/runs/gnk_gaussian_npe_n500_x50_seed71_20260426T010115Z/timing_metadata.json,res/gnk_high_budget/runs/gnk_gaussian_npe_n500_x50_seed71_20260426T010115Z/logs/stdout.log,res/gnk_high_budget/runs/gnk_gaussian_npe_n500_x50_seed71_20260426T010115Z/logs/stderr.log,,,,checked-no-collisions,Prepared dry-run row; not submitted.
173,173,run,500,11,50,3025000,72,Gaussian-NPE,empirical_gnk_prior_predictive_octile_summaries,gnk_gaussian_npe_n500_x50_seed72_20260426T010115Z,res/gnk_high_budget/configs/gnk_gaussian_npe_n500_x50_seed72_20260426T010115Z.yaml,res/gnk_high_budget/runs/gnk_gaussian_npe_n500_x50_seed72_20260426T010115Z,res/gnk_high_budget/runs/gnk_gaussian_npe_n500_x50_seed72_20260426T010115Z/validation_curve.csv,res/gnk_high_budget/runs/gnk_gaussian_npe_n500_x50_seed72_20260426T010115Z/validation_curve.pdf,res/gnk_high_budget/runs/gnk_gaussian_npe_n500_x50_seed72_20260426T010115Z/gaussian_npe_u_posterior.npz,res/gnk_high_budget/runs/gnk_gaussian_npe_n500_x50_seed72_20260426T010115Z/posterior_samples_10k.npz,res/gnk_high_budget/runs/gnk_gaussian_npe_n500_x50_seed72_20260426T010115Z/posterior_samples.pkl,res/gnk_high_budget/runs/gnk_gaussian_npe_n500_x50_seed72_20260426T010115Z/metrics.json,res/gnk_high_budget/runs/gnk_gaussian_npe_n500_x50_seed72_20260426T010115Z/timing_metadata.json,res/gnk_high_budget/runs/gnk_gaussian_npe_n500_x50_seed72_20260426T010115Z/logs/stdout.log,res/gnk_high_budget/runs/gnk_gaussian_npe_n500_x50_seed72_20260426T010115Z/logs/stderr.log,,,,checked-no-collisions,Prepared dry-run row; not submitted.
174,174,run,500,11,50,3025000,73,Gaussian-NPE,empirical_gnk_prior_predictive_octile_summaries,gnk_gaussian_npe_n500_x50_seed73_20260426T010115Z,res/gnk_high_budget/configs/gnk_gaussian_npe_n500_x50_seed73_20260426T010115Z.yaml,res/gnk_high_budget/runs/gnk_gaussian_npe_n500_x50_seed73_20260426T010115Z,res/gnk_high_budget/runs/gnk_gaussian_npe_n500_x50_seed73_20260426T010115Z/validation_curve.csv,res/gnk_high_budget/runs/gnk_gaussian_npe_n500_x50_seed73_20260426T010115Z/validation_curve.pdf,res/gnk_high_budget/runs/gnk_gaussian_npe_n500_x50_seed73_20260426T010115Z/gaussian_npe_u_posterior.npz,res/gnk_high_budget/runs/gnk_gaussian_npe_n500_x50_seed73_20260426T010115Z/posterior_samples_10k.npz,res/gnk_high_budget/runs/gnk_gaussian_npe_n500_x50_seed73_20260426T010115Z/posterior_samples.pkl,res/gnk_high_budget/runs/gnk_gaussian_npe_n500_x50_seed73_20260426T010115Z/metrics.json,res/gnk_high_budget/runs/gnk_gaussian_npe_n500_x50_seed73_20260426T010115Z/timing_metadata.json,res/gnk_high_budget/runs/gnk_gaussian_npe_n500_x50_seed73_20260426T010115Z/logs/stdout.log,res/gnk_high_budget/runs/gnk_gaussian_npe_n500_x50_seed73_20260426T010115Z/logs/stderr.log,,,,checked-no-collisions,Prepared dry-run row; not submitted.
175,175,run,500,11,50,3025000,74,Gaussian-NPE,empirical_gnk_prior_predictive_octile_summaries,gnk_gaussian_npe_n500_x50_seed74_20260426T010115Z,res/gnk_high_budget/configs/gnk_gaussian_npe_n500_x50_seed74_20260426T010115Z.yaml,res/gnk_high_budget/runs/gnk_gaussian_npe_n500_x50_seed74_20260426T010115Z,res/gnk_high_budget/runs/gnk_gaussian_npe_n500_x50_seed74_20260426T010115Z/validation_curve.csv,res/gnk_high_budget/runs/gnk_gaussian_npe_n500_x50_seed74_20260426T010115Z/validation_curve.pdf,res/gnk_high_budget/runs/gnk_gaussian_npe_n500_x50_seed74_20260426T010115Z/gaussian_npe_u_posterior.npz,res/gnk_high_budget/runs/gnk_gaussian_npe_n500_x50_seed74_20260426T010115Z/posterior_samples_10k.npz,res/gnk_high_budget/runs/gnk_gaussian_npe_n500_x50_seed74_20260426T010115Z/posterior_samples.pkl,res/gnk_high_budget/runs/gnk_gaussian_npe_n500_x50_seed74_20260426T010115Z/metrics.json,res/gnk_high_budget/runs/gnk_gaussian_npe_n500_x50_seed74_20260426T010115Z/timing_metadata.json,res/gnk_high_budget/runs/gnk_gaussian_npe_n500_x50_seed74_20260426T010115Z/logs/stdout.log,res/gnk_high_budget/runs/gnk_gaussian_npe_n500_x50_seed74_20260426T010115Z/logs/stderr.log,,,,checked-no-collisions,Prepared dry-run row; not submitted.
176,176,run,500,11,50,3025000,75,Gaussian-NPE,empirical_gnk_prior_predictive_octile_summaries,gnk_gaussian_npe_n500_x50_seed75_20260426T010115Z,res/gnk_high_budget/configs/gnk_gaussian_npe_n500_x50_seed75_20260426T010115Z.yaml,res/gnk_high_budget/runs/gnk_gaussian_npe_n500_x50_seed75_20260426T010115Z,res/gnk_high_budget/runs/gnk_gaussian_npe_n500_x50_seed75_20260426T010115Z/validation_curve.csv,res/gnk_high_budget/runs/gnk_gaussian_npe_n500_x50_seed75_20260426T010115Z/validation_curve.pdf,res/gnk_high_budget/runs/gnk_gaussian_npe_n500_x50_seed75_20260426T010115Z/gaussian_npe_u_posterior.npz,res/gnk_high_budget/runs/gnk_gaussian_npe_n500_x50_seed75_20260426T010115Z/posterior_samples_10k.npz,res/gnk_high_budget/runs/gnk_gaussian_npe_n500_x50_seed75_20260426T010115Z/posterior_samples.pkl,res/gnk_high_budget/runs/gnk_gaussian_npe_n500_x50_seed75_20260426T010115Z/metrics.json,res/gnk_high_budget/runs/gnk_gaussian_npe_n500_x50_seed75_20260426T010115Z/timing_metadata.json,res/gnk_high_budget/runs/gnk_gaussian_npe_n500_x50_seed75_20260426T010115Z/logs/stdout.log,res/gnk_high_budget/runs/gnk_gaussian_npe_n500_x50_seed75_20260426T010115Z/logs/stderr.log,,,,checked-no-collisions,Prepared dry-run row; not submitted.
177,177,run,500,11,50,3025000,76,Gaussian-NPE,empirical_gnk_prior_predictive_octile_summaries,gnk_gaussian_npe_n500_x50_seed76_20260426T010115Z,res/gnk_high_budget/configs/gnk_gaussian_npe_n500_x50_seed76_20260426T010115Z.yaml,res/gnk_high_budget/runs/gnk_gaussian_npe_n500_x50_seed76_20260426T010115Z,res/gnk_high_budget/runs/gnk_gaussian_npe_n500_x50_seed76_20260426T010115Z/validation_curve.csv,res/gnk_high_budget/runs/gnk_gaussian_npe_n500_x50_seed76_20260426T010115Z/validation_curve.pdf,res/gnk_high_budget/runs/gnk_gaussian_npe_n500_x50_seed76_20260426T010115Z/gaussian_npe_u_posterior.npz,res/gnk_high_budget/runs/gnk_gaussian_npe_n500_x50_seed76_20260426T010115Z/posterior_samples_10k.npz,res/gnk_high_budget/runs/gnk_gaussian_npe_n500_x50_seed76_20260426T010115Z/posterior_samples.pkl,res/gnk_high_budget/runs/gnk_gaussian_npe_n500_x50_seed76_20260426T010115Z/metrics.json,res/gnk_high_budget/runs/gnk_gaussian_npe_n500_x50_seed76_20260426T010115Z/timing_metadata.json,res/gnk_high_budget/runs/gnk_gaussian_npe_n500_x50_seed76_20260426T010115Z/logs/stdout.log,res/gnk_high_budget/runs/gnk_gaussian_npe_n500_x50_seed76_20260426T010115Z/logs/stderr.log,,,,checked-no-collisions,Prepared dry-run row; not submitted.
178,178,run,500,11,50,3025000,77,Gaussian-NPE,empirical_gnk_prior_predictive_octile_summaries,gnk_gaussian_npe_n500_x50_seed77_20260426T010115Z,res/gnk_high_budget/configs/gnk_gaussian_npe_n500_x50_seed77_20260426T010115Z.yaml,res/gnk_high_budget/runs/gnk_gaussian_npe_n500_x50_seed77_20260426T010115Z,res/gnk_high_budget/runs/gnk_gaussian_npe_n500_x50_seed77_20260426T010115Z/validation_curve.csv,res/gnk_high_budget/runs/gnk_gaussian_npe_n500_x50_seed77_20260426T010115Z/validation_curve.pdf,res/gnk_high_budget/runs/gnk_gaussian_npe_n500_x50_seed77_20260426T010115Z/gaussian_npe_u_posterior.npz,res/gnk_high_budget/runs/gnk_gaussian_npe_n500_x50_seed77_20260426T010115Z/posterior_samples_10k.npz,res/gnk_high_budget/runs/gnk_gaussian_npe_n500_x50_seed77_20260426T010115Z/posterior_samples.pkl,res/gnk_high_budget/runs/gnk_gaussian_npe_n500_x50_seed77_20260426T010115Z/metrics.json,res/gnk_high_budget/runs/gnk_gaussian_npe_n500_x50_seed77_20260426T010115Z/timing_metadata.json,res/gnk_high_budget/runs/gnk_gaussian_npe_n500_x50_seed77_20260426T010115Z/logs/stdout.log,res/gnk_high_budget/runs/gnk_gaussian_npe_n500_x50_seed77_20260426T010115Z/logs/stderr.log,,,,checked-no-collisions,Prepared dry-run row; not submitted.
179,179,run,500,11,50,3025000,78,Gaussian-NPE,empirical_gnk_prior_predictive_octile_summaries,gnk_gaussian_npe_n500_x50_seed78_20260426T010115Z,res/gnk_high_budget/configs/gnk_gaussian_npe_n500_x50_seed78_20260426T010115Z.yaml,res/gnk_high_budget/runs/gnk_gaussian_npe_n500_x50_seed78_20260426T010115Z,res/gnk_high_budget/runs/gnk_gaussian_npe_n500_x50_seed78_20260426T010115Z/validation_curve.csv,res/gnk_high_budget/runs/gnk_gaussian_npe_n500_x50_seed78_20260426T010115Z/validation_curve.pdf,res/gnk_high_budget/runs/gnk_gaussian_npe_n500_x50_seed78_20260426T010115Z/gaussian_npe_u_posterior.npz,res/gnk_high_budget/runs/gnk_gaussian_npe_n500_x50_seed78_20260426T010115Z/posterior_samples_10k.npz,res/gnk_high_budget/runs/gnk_gaussian_npe_n500_x50_seed78_20260426T010115Z/posterior_samples.pkl,res/gnk_high_budget/runs/gnk_gaussian_npe_n500_x50_seed78_20260426T010115Z/metrics.json,res/gnk_high_budget/runs/gnk_gaussian_npe_n500_x50_seed78_20260426T010115Z/timing_metadata.json,res/gnk_high_budget/runs/gnk_gaussian_npe_n500_x50_seed78_20260426T010115Z/logs/stdout.log,res/gnk_high_budget/runs/gnk_gaussian_npe_n500_x50_seed78_20260426T010115Z/logs/stderr.log,,,,checked-no-collisions,Prepared dry-run row; not submitted.
180,180,run,500,11,50,3025000,79,Gaussian-NPE,empirical_gnk_prior_predictive_octile_summaries,gnk_gaussian_npe_n500_x50_seed79_20260426T010115Z,res/gnk_high_budget/configs/gnk_gaussian_npe_n500_x50_seed79_20260426T010115Z.yaml,res/gnk_high_budget/runs/gnk_gaussian_npe_n500_x50_seed79_20260426T010115Z,res/gnk_high_budget/runs/gnk_gaussian_npe_n500_x50_seed79_20260426T010115Z/validation_curve.csv,res/gnk_high_budget/runs/gnk_gaussian_npe_n500_x50_seed79_20260426T010115Z/validation_curve.pdf,res/gnk_high_budget/runs/gnk_gaussian_npe_n500_x50_seed79_20260426T010115Z/gaussian_npe_u_posterior.npz,res/gnk_high_budget/runs/gnk_gaussian_npe_n500_x50_seed79_20260426T010115Z/posterior_samples_10k.npz,res/gnk_high_budget/runs/gnk_gaussian_npe_n500_x50_seed79_20260426T010115Z/posterior_samples.pkl,res/gnk_high_budget/runs/gnk_gaussian_npe_n500_x50_seed79_20260426T010115Z/metrics.json,res/gnk_high_budget/runs/gnk_gaussian_npe_n500_x50_seed79_20260426T010115Z/timing_metadata.json,res/gnk_high_budget/runs/gnk_gaussian_npe_n500_x50_seed79_20260426T010115Z/logs/stdout.log,res/gnk_high_budget/runs/gnk_gaussian_npe_n500_x50_seed79_20260426T010115Z/logs/stderr.log,,,,checked-no-collisions,Prepared dry-run row; not submitted.
181,181,run,500,11,50,3025000,80,Gaussian-NPE,empirical_gnk_prior_predictive_octile_summaries,gnk_gaussian_npe_n500_x50_seed80_20260426T010115Z,res/gnk_high_budget/configs/gnk_gaussian_npe_n500_x50_seed80_20260426T010115Z.yaml,res/gnk_high_budget/runs/gnk_gaussian_npe_n500_x50_seed80_20260426T010115Z,res/gnk_high_budget/runs/gnk_gaussian_npe_n500_x50_seed80_20260426T010115Z/validation_curve.csv,res/gnk_high_budget/runs/gnk_gaussian_npe_n500_x50_seed80_20260426T010115Z/validation_curve.pdf,res/gnk_high_budget/runs/gnk_gaussian_npe_n500_x50_seed80_20260426T010115Z/gaussian_npe_u_posterior.npz,res/gnk_high_budget/runs/gnk_gaussian_npe_n500_x50_seed80_20260426T010115Z/posterior_samples_10k.npz,res/gnk_high_budget/runs/gnk_gaussian_npe_n500_x50_seed80_20260426T010115Z/posterior_samples.pkl,res/gnk_high_budget/runs/gnk_gaussian_npe_n500_x50_seed80_20260426T010115Z/metrics.json,res/gnk_high_budget/runs/gnk_gaussian_npe_n500_x50_seed80_20260426T010115Z/timing_metadata.json,res/gnk_high_budget/runs/gnk_gaussian_npe_n500_x50_seed80_20260426T010115Z/logs/stdout.log,res/gnk_high_budget/runs/gnk_gaussian_npe_n500_x50_seed80_20260426T010115Z/logs/stderr.log,,,,checked-no-collisions,Prepared dry-run row; not submitted.
182,182,run,500,11,50,3025000,81,Gaussian-NPE,empirical_gnk_prior_predictive_octile_summaries,gnk_gaussian_npe_n500_x50_seed81_20260426T010115Z,res/gnk_high_budget/configs/gnk_gaussian_npe_n500_x50_seed81_20260426T010115Z.yaml,res/gnk_high_budget/runs/gnk_gaussian_npe_n500_x50_seed81_20260426T010115Z,res/gnk_high_budget/runs/gnk_gaussian_npe_n500_x50_seed81_20260426T010115Z/validation_curve.csv,res/gnk_high_budget/runs/gnk_gaussian_npe_n500_x50_seed81_20260426T010115Z/validation_curve.pdf,res/gnk_high_budget/runs/gnk_gaussian_npe_n500_x50_seed81_20260426T010115Z/gaussian_npe_u_posterior.npz,res/gnk_high_budget/runs/gnk_gaussian_npe_n500_x50_seed81_20260426T010115Z/posterior_samples_10k.npz,res/gnk_high_budget/runs/gnk_gaussian_npe_n500_x50_seed81_20260426T010115Z/posterior_samples.pkl,res/gnk_high_budget/runs/gnk_gaussian_npe_n500_x50_seed81_20260426T010115Z/metrics.json,res/gnk_high_budget/runs/gnk_gaussian_npe_n500_x50_seed81_20260426T010115Z/timing_metadata.json,res/gnk_high_budget/runs/gnk_gaussian_npe_n500_x50_seed81_20260426T010115Z/logs/stdout.log,res/gnk_high_budget/runs/gnk_gaussian_npe_n500_x50_seed81_20260426T010115Z/logs/stderr.log,,,,checked-no-collisions,Prepared dry-run row; not submitted.
183,183,run,500,11,50,3025000,82,Gaussian-NPE,empirical_gnk_prior_predictive_octile_summaries,gnk_gaussian_npe_n500_x50_seed82_20260426T010115Z,res/gnk_high_budget/configs/gnk_gaussian_npe_n500_x50_seed82_20260426T010115Z.yaml,res/gnk_high_budget/runs/gnk_gaussian_npe_n500_x50_seed82_20260426T010115Z,res/gnk_high_budget/runs/gnk_gaussian_npe_n500_x50_seed82_20260426T010115Z/validation_curve.csv,res/gnk_high_budget/runs/gnk_gaussian_npe_n500_x50_seed82_20260426T010115Z/validation_curve.pdf,res/gnk_high_budget/runs/gnk_gaussian_npe_n500_x50_seed82_20260426T010115Z/gaussian_npe_u_posterior.npz,res/gnk_high_budget/runs/gnk_gaussian_npe_n500_x50_seed82_20260426T010115Z/posterior_samples_10k.npz,res/gnk_high_budget/runs/gnk_gaussian_npe_n500_x50_seed82_20260426T010115Z/posterior_samples.pkl,res/gnk_high_budget/runs/gnk_gaussian_npe_n500_x50_seed82_20260426T010115Z/metrics.json,res/gnk_high_budget/runs/gnk_gaussian_npe_n500_x50_seed82_20260426T010115Z/timing_metadata.json,res/gnk_high_budget/runs/gnk_gaussian_npe_n500_x50_seed82_20260426T010115Z/logs/stdout.log,res/gnk_high_budget/runs/gnk_gaussian_npe_n500_x50_seed82_20260426T010115Z/logs/stderr.log,,,,checked-no-collisions,Prepared dry-run row; not submitted.
184,184,run,500,11,50,3025000,83,Gaussian-NPE,empirical_gnk_prior_predictive_octile_summaries,gnk_gaussian_npe_n500_x50_seed83_20260426T010115Z,res/gnk_high_budget/configs/gnk_gaussian_npe_n500_x50_seed83_20260426T010115Z.yaml,res/gnk_high_budget/runs/gnk_gaussian_npe_n500_x50_seed83_20260426T010115Z,res/gnk_high_budget/runs/gnk_gaussian_npe_n500_x50_seed83_20260426T010115Z/validation_curve.csv,res/gnk_high_budget/runs/gnk_gaussian_npe_n500_x50_seed83_20260426T010115Z/validation_curve.pdf,res/gnk_high_budget/runs/gnk_gaussian_npe_n500_x50_seed83_20260426T010115Z/gaussian_npe_u_posterior.npz,res/gnk_high_budget/runs/gnk_gaussian_npe_n500_x50_seed83_20260426T010115Z/posterior_samples_10k.npz,res/gnk_high_budget/runs/gnk_gaussian_npe_n500_x50_seed83_20260426T010115Z/posterior_samples.pkl,res/gnk_high_budget/runs/gnk_gaussian_npe_n500_x50_seed83_20260426T010115Z/metrics.json,res/gnk_high_budget/runs/gnk_gaussian_npe_n500_x50_seed83_20260426T010115Z/timing_metadata.json,res/gnk_high_budget/runs/gnk_gaussian_npe_n500_x50_seed83_20260426T010115Z/logs/stdout.log,res/gnk_high_budget/runs/gnk_gaussian_npe_n500_x50_seed83_20260426T010115Z/logs/stderr.log,,,,checked-no-collisions,Prepared dry-run row; not submitted.
185,185,run,500,11,50,3025000,84,Gaussian-NPE,empirical_gnk_prior_predictive_octile_summaries,gnk_gaussian_npe_n500_x50_seed84_20260426T010115Z,res/gnk_high_budget/configs/gnk_gaussian_npe_n500_x50_seed84_20260426T010115Z.yaml,res/gnk_high_budget/runs/gnk_gaussian_npe_n500_x50_seed84_20260426T010115Z,res/gnk_high_budget/runs/gnk_gaussian_npe_n500_x50_seed84_20260426T010115Z/validation_curve.csv,res/gnk_high_budget/runs/gnk_gaussian_npe_n500_x50_seed84_20260426T010115Z/validation_curve.pdf,res/gnk_high_budget/runs/gnk_gaussian_npe_n500_x50_seed84_20260426T010115Z/gaussian_npe_u_posterior.npz,res/gnk_high_budget/runs/gnk_gaussian_npe_n500_x50_seed84_20260426T010115Z/posterior_samples_10k.npz,res/gnk_high_budget/runs/gnk_gaussian_npe_n500_x50_seed84_20260426T010115Z/posterior_samples.pkl,res/gnk_high_budget/runs/gnk_gaussian_npe_n500_x50_seed84_20260426T010115Z/metrics.json,res/gnk_high_budget/runs/gnk_gaussian_npe_n500_x50_seed84_20260426T010115Z/timing_metadata.json,res/gnk_high_budget/runs/gnk_gaussian_npe_n500_x50_seed84_20260426T010115Z/logs/stdout.log,res/gnk_high_budget/runs/gnk_gaussian_npe_n500_x50_seed84_20260426T010115Z/logs/stderr.log,,,,checked-no-collisions,Prepared dry-run row; not submitted.
186,186,run,500,11,50,3025000,85,Gaussian-NPE,empirical_gnk_prior_predictive_octile_summaries,gnk_gaussian_npe_n500_x50_seed85_20260426T010115Z,res/gnk_high_budget/configs/gnk_gaussian_npe_n500_x50_seed85_20260426T010115Z.yaml,res/gnk_high_budget/runs/gnk_gaussian_npe_n500_x50_seed85_20260426T010115Z,res/gnk_high_budget/runs/gnk_gaussian_npe_n500_x50_seed85_20260426T010115Z/validation_curve.csv,res/gnk_high_budget/runs/gnk_gaussian_npe_n500_x50_seed85_20260426T010115Z/validation_curve.pdf,res/gnk_high_budget/runs/gnk_gaussian_npe_n500_x50_seed85_20260426T010115Z/gaussian_npe_u_posterior.npz,res/gnk_high_budget/runs/gnk_gaussian_npe_n500_x50_seed85_20260426T010115Z/posterior_samples_10k.npz,res/gnk_high_budget/runs/gnk_gaussian_npe_n500_x50_seed85_20260426T010115Z/posterior_samples.pkl,res/gnk_high_budget/runs/gnk_gaussian_npe_n500_x50_seed85_20260426T010115Z/metrics.json,res/gnk_high_budget/runs/gnk_gaussian_npe_n500_x50_seed85_20260426T010115Z/timing_metadata.json,res/gnk_high_budget/runs/gnk_gaussian_npe_n500_x50_seed85_20260426T010115Z/logs/stdout.log,res/gnk_high_budget/runs/gnk_gaussian_npe_n500_x50_seed85_20260426T010115Z/logs/stderr.log,,,,checked-no-collisions,Prepared dry-run row; not submitted.
187,187,run,500,11,50,3025000,86,Gaussian-NPE,empirical_gnk_prior_predictive_octile_summaries,gnk_gaussian_npe_n500_x50_seed86_20260426T010115Z,res/gnk_high_budget/configs/gnk_gaussian_npe_n500_x50_seed86_20260426T010115Z.yaml,res/gnk_high_budget/runs/gnk_gaussian_npe_n500_x50_seed86_20260426T010115Z,res/gnk_high_budget/runs/gnk_gaussian_npe_n500_x50_seed86_20260426T010115Z/validation_curve.csv,res/gnk_high_budget/runs/gnk_gaussian_npe_n500_x50_seed86_20260426T010115Z/validation_curve.pdf,res/gnk_high_budget/runs/gnk_gaussian_npe_n500_x50_seed86_20260426T010115Z/gaussian_npe_u_posterior.npz,res/gnk_high_budget/runs/gnk_gaussian_npe_n500_x50_seed86_20260426T010115Z/posterior_samples_10k.npz,res/gnk_high_budget/runs/gnk_gaussian_npe_n500_x50_seed86_20260426T010115Z/posterior_samples.pkl,res/gnk_high_budget/runs/gnk_gaussian_npe_n500_x50_seed86_20260426T010115Z/metrics.json,res/gnk_high_budget/runs/gnk_gaussian_npe_n500_x50_seed86_20260426T010115Z/timing_metadata.json,res/gnk_high_budget/runs/gnk_gaussian_npe_n500_x50_seed86_20260426T010115Z/logs/stdout.log,res/gnk_high_budget/runs/gnk_gaussian_npe_n500_x50_seed86_20260426T010115Z/logs/stderr.log,,,,checked-no-collisions,Prepared dry-run row; not submitted.
188,188,run,500,11,50,3025000,87,Gaussian-NPE,empirical_gnk_prior_predictive_octile_summaries,gnk_gaussian_npe_n500_x50_seed87_20260426T010115Z,res/gnk_high_budget/configs/gnk_gaussian_npe_n500_x50_seed87_20260426T010115Z.yaml,res/gnk_high_budget/runs/gnk_gaussian_npe_n500_x50_seed87_20260426T010115Z,res/gnk_high_budget/runs/gnk_gaussian_npe_n500_x50_seed87_20260426T010115Z/validation_curve.csv,res/gnk_high_budget/runs/gnk_gaussian_npe_n500_x50_seed87_20260426T010115Z/validation_curve.pdf,res/gnk_high_budget/runs/gnk_gaussian_npe_n500_x50_seed87_20260426T010115Z/gaussian_npe_u_posterior.npz,res/gnk_high_budget/runs/gnk_gaussian_npe_n500_x50_seed87_20260426T010115Z/posterior_samples_10k.npz,res/gnk_high_budget/runs/gnk_gaussian_npe_n500_x50_seed87_20260426T010115Z/posterior_samples.pkl,res/gnk_high_budget/runs/gnk_gaussian_npe_n500_x50_seed87_20260426T010115Z/metrics.json,res/gnk_high_budget/runs/gnk_gaussian_npe_n500_x50_seed87_20260426T010115Z/timing_metadata.json,res/gnk_high_budget/runs/gnk_gaussian_npe_n500_x50_seed87_20260426T010115Z/logs/stdout.log,res/gnk_high_budget/runs/gnk_gaussian_npe_n500_x50_seed87_20260426T010115Z/logs/stderr.log,,,,checked-no-collisions,Prepared dry-run row; not submitted.
189,,reuse,500,11,50,3025000,88,Gaussian-NPE,empirical_gnk_prior_predictive_octile_summaries,gnk_gaussian_npe_n500_x50_seed88_20260426T010115Z,,res/gnk_hpc_calibration/gnk_gaussian_npe_n500_x50_seed88_20260425T065035Z,res/gnk_hpc_calibration/gnk_gaussian_npe_n500_x50_seed88_20260425T065035Z/validation_curve.csv,res/gnk_hpc_calibration/gnk_gaussian_npe_n500_x50_seed88_20260425T065035Z/validation_curve.pdf,res/gnk_hpc_calibration/gnk_gaussian_npe_n500_x50_seed88_20260425T065035Z/gaussian_npe_u_posterior.npz,res/gnk_hpc_calibration/gnk_gaussian_npe_n500_x50_seed88_20260425T065035Z/posterior_samples_10k.npz,res/gnk_hpc_calibration/gnk_gaussian_npe_n500_x50_seed88_20260425T065035Z/posterior_samples.pkl,res/gnk_hpc_calibration/gnk_gaussian_npe_n500_x50_seed88_20260425T065035Z/metrics.json,res/gnk_hpc_calibration/gnk_gaussian_npe_n500_x50_seed88_20260425T065035Z/timing_metadata.json,res/gnk_hpc_calibration/gnk_gaussian_npe_n500_x50_seed88_20260425T065035Z/logs/stdout.log,res/gnk_hpc_calibration/gnk_gaussian_npe_n500_x50_seed88_20260425T065035Z/logs/stderr.log,res/gnk_hpc_calibration/gnk_gaussian_npe_n500_x50_seed88_20260425T065035Z,res/gnk_high_budget/reuse_markers/gnk_high_budget_n500_x50_seed88_reuse.json,True,checked-no-collisions,Reused completed compatible calibration output; excluded from PBS array.
190,189,run,500,11,50,3025000,89,Gaussian-NPE,empirical_gnk_prior_predictive_octile_summaries,gnk_gaussian_npe_n500_x50_seed89_20260426T010115Z,res/gnk_high_budget/configs/gnk_gaussian_npe_n500_x50_seed89_20260426T010115Z.yaml,res/gnk_high_budget/runs/gnk_gaussian_npe_n500_x50_seed89_20260426T010115Z,res/gnk_high_budget/runs/gnk_gaussian_npe_n500_x50_seed89_20260426T010115Z/validation_curve.csv,res/gnk_high_budget/runs/gnk_gaussian_npe_n500_x50_seed89_20260426T010115Z/validation_curve.pdf,res/gnk_high_budget/runs/gnk_gaussian_npe_n500_x50_seed89_20260426T010115Z/gaussian_npe_u_posterior.npz,res/gnk_high_budget/runs/gnk_gaussian_npe_n500_x50_seed89_20260426T010115Z/posterior_samples_10k.npz,res/gnk_high_budget/runs/gnk_gaussian_npe_n500_x50_seed89_20260426T010115Z/posterior_samples.pkl,res/gnk_high_budget/runs/gnk_gaussian_npe_n500_x50_seed89_20260426T010115Z/metrics.json,res/gnk_high_budget/runs/gnk_gaussian_npe_n500_x50_seed89_20260426T010115Z/timing_metadata.json,res/gnk_high_budget/runs/gnk_gaussian_npe_n500_x50_seed89_20260426T010115Z/logs/stdout.log,res/gnk_high_budget/runs/gnk_gaussian_npe_n500_x50_seed89_20260426T010115Z/logs/stderr.log,,,,checked-no-collisions,Prepared dry-run row; not submitted.
191,190,run,500,11,50,3025000,90,Gaussian-NPE,empirical_gnk_prior_predictive_octile_summaries,gnk_gaussian_npe_n500_x50_seed90_20260426T010115Z,res/gnk_high_budget/configs/gnk_gaussian_npe_n500_x50_seed90_20260426T010115Z.yaml,res/gnk_high_budget/runs/gnk_gaussian_npe_n500_x50_seed90_20260426T010115Z,res/gnk_high_budget/runs/gnk_gaussian_npe_n500_x50_seed90_20260426T010115Z/validation_curve.csv,res/gnk_high_budget/runs/gnk_gaussian_npe_n500_x50_seed90_20260426T010115Z/validation_curve.pdf,res/gnk_high_budget/runs/gnk_gaussian_npe_n500_x50_seed90_20260426T010115Z/gaussian_npe_u_posterior.npz,res/gnk_high_budget/runs/gnk_gaussian_npe_n500_x50_seed90_20260426T010115Z/posterior_samples_10k.npz,res/gnk_high_budget/runs/gnk_gaussian_npe_n500_x50_seed90_20260426T010115Z/posterior_samples.pkl,res/gnk_high_budget/runs/gnk_gaussian_npe_n500_x50_seed90_20260426T010115Z/metrics.json,res/gnk_high_budget/runs/gnk_gaussian_npe_n500_x50_seed90_20260426T010115Z/timing_metadata.json,res/gnk_high_budget/runs/gnk_gaussian_npe_n500_x50_seed90_20260426T010115Z/logs/stdout.log,res/gnk_high_budget/runs/gnk_gaussian_npe_n500_x50_seed90_20260426T010115Z/logs/stderr.log,,,,checked-no-collisions,Prepared dry-run row; not submitted.
192,191,run,500,11,50,3025000,91,Gaussian-NPE,empirical_gnk_prior_predictive_octile_summaries,gnk_gaussian_npe_n500_x50_seed91_20260426T010115Z,res/gnk_high_budget/configs/gnk_gaussian_npe_n500_x50_seed91_20260426T010115Z.yaml,res/gnk_high_budget/runs/gnk_gaussian_npe_n500_x50_seed91_20260426T010115Z,res/gnk_high_budget/runs/gnk_gaussian_npe_n500_x50_seed91_20260426T010115Z/validation_curve.csv,res/gnk_high_budget/runs/gnk_gaussian_npe_n500_x50_seed91_20260426T010115Z/validation_curve.pdf,res/gnk_high_budget/runs/gnk_gaussian_npe_n500_x50_seed91_20260426T010115Z/gaussian_npe_u_posterior.npz,res/gnk_high_budget/runs/gnk_gaussian_npe_n500_x50_seed91_20260426T010115Z/posterior_samples_10k.npz,res/gnk_high_budget/runs/gnk_gaussian_npe_n500_x50_seed91_20260426T010115Z/posterior_samples.pkl,res/gnk_high_budget/runs/gnk_gaussian_npe_n500_x50_seed91_20260426T010115Z/metrics.json,res/gnk_high_budget/runs/gnk_gaussian_npe_n500_x50_seed91_20260426T010115Z/timing_metadata.json,res/gnk_high_budget/runs/gnk_gaussian_npe_n500_x50_seed91_20260426T010115Z/logs/stdout.log,res/gnk_high_budget/runs/gnk_gaussian_npe_n500_x50_seed91_20260426T010115Z/logs/stderr.log,,,,checked-no-collisions,Prepared dry-run row; not submitted.
193,192,run,500,11,50,3025000,92,Gaussian-NPE,empirical_gnk_prior_predictive_octile_summaries,gnk_gaussian_npe_n500_x50_seed92_20260426T010115Z,res/gnk_high_budget/configs/gnk_gaussian_npe_n500_x50_seed92_20260426T010115Z.yaml,res/gnk_high_budget/runs/gnk_gaussian_npe_n500_x50_seed92_20260426T010115Z,res/gnk_high_budget/runs/gnk_gaussian_npe_n500_x50_seed92_20260426T010115Z/validation_curve.csv,res/gnk_high_budget/runs/gnk_gaussian_npe_n500_x50_seed92_20260426T010115Z/validation_curve.pdf,res/gnk_high_budget/runs/gnk_gaussian_npe_n500_x50_seed92_20260426T010115Z/gaussian_npe_u_posterior.npz,res/gnk_high_budget/runs/gnk_gaussian_npe_n500_x50_seed92_20260426T010115Z/posterior_samples_10k.npz,res/gnk_high_budget/runs/gnk_gaussian_npe_n500_x50_seed92_20260426T010115Z/posterior_samples.pkl,res/gnk_high_budget/runs/gnk_gaussian_npe_n500_x50_seed92_20260426T010115Z/metrics.json,res/gnk_high_budget/runs/gnk_gaussian_npe_n500_x50_seed92_20260426T010115Z/timing_metadata.json,res/gnk_high_budget/runs/gnk_gaussian_npe_n500_x50_seed92_20260426T010115Z/logs/stdout.log,res/gnk_high_budget/runs/gnk_gaussian_npe_n500_x50_seed92_20260426T010115Z/logs/stderr.log,,,,checked-no-collisions,Prepared dry-run row; not submitted.
194,193,run,500,11,50,3025000,93,Gaussian-NPE,empirical_gnk_prior_predictive_octile_summaries,gnk_gaussian_npe_n500_x50_seed93_20260426T010115Z,res/gnk_high_budget/configs/gnk_gaussian_npe_n500_x50_seed93_20260426T010115Z.yaml,res/gnk_high_budget/runs/gnk_gaussian_npe_n500_x50_seed93_20260426T010115Z,res/gnk_high_budget/runs/gnk_gaussian_npe_n500_x50_seed93_20260426T010115Z/validation_curve.csv,res/gnk_high_budget/runs/gnk_gaussian_npe_n500_x50_seed93_20260426T010115Z/validation_curve.pdf,res/gnk_high_budget/runs/gnk_gaussian_npe_n500_x50_seed93_20260426T010115Z/gaussian_npe_u_posterior.npz,res/gnk_high_budget/runs/gnk_gaussian_npe_n500_x50_seed93_20260426T010115Z/posterior_samples_10k.npz,res/gnk_high_budget/runs/gnk_gaussian_npe_n500_x50_seed93_20260426T010115Z/posterior_samples.pkl,res/gnk_high_budget/runs/gnk_gaussian_npe_n500_x50_seed93_20260426T010115Z/metrics.json,res/gnk_high_budget/runs/gnk_gaussian_npe_n500_x50_seed93_20260426T010115Z/timing_metadata.json,res/gnk_high_budget/runs/gnk_gaussian_npe_n500_x50_seed93_20260426T010115Z/logs/stdout.log,res/gnk_high_budget/runs/gnk_gaussian_npe_n500_x50_seed93_20260426T010115Z/logs/stderr.log,,,,checked-no-collisions,Prepared dry-run row; not submitted.
195,194,run,500,11,50,3025000,94,Gaussian-NPE,empirical_gnk_prior_predictive_octile_summaries,gnk_gaussian_npe_n500_x50_seed94_20260426T010115Z,res/gnk_high_budget/configs/gnk_gaussian_npe_n500_x50_seed94_20260426T010115Z.yaml,res/gnk_high_budget/runs/gnk_gaussian_npe_n500_x50_seed94_20260426T010115Z,res/gnk_high_budget/runs/gnk_gaussian_npe_n500_x50_seed94_20260426T010115Z/validation_curve.csv,res/gnk_high_budget/runs/gnk_gaussian_npe_n500_x50_seed94_20260426T010115Z/validation_curve.pdf,res/gnk_high_budget/runs/gnk_gaussian_npe_n500_x50_seed94_20260426T010115Z/gaussian_npe_u_posterior.npz,res/gnk_high_budget/runs/gnk_gaussian_npe_n500_x50_seed94_20260426T010115Z/posterior_samples_10k.npz,res/gnk_high_budget/runs/gnk_gaussian_npe_n500_x50_seed94_20260426T010115Z/posterior_samples.pkl,res/gnk_high_budget/runs/gnk_gaussian_npe_n500_x50_seed94_20260426T010115Z/metrics.json,res/gnk_high_budget/runs/gnk_gaussian_npe_n500_x50_seed94_20260426T010115Z/timing_metadata.json,res/gnk_high_budget/runs/gnk_gaussian_npe_n500_x50_seed94_20260426T010115Z/logs/stdout.log,res/gnk_high_budget/runs/gnk_gaussian_npe_n500_x50_seed94_20260426T010115Z/logs/stderr.log,,,,checked-no-collisions,Prepared dry-run row; not submitted.
196,195,run,500,11,50,3025000,95,Gaussian-NPE,empirical_gnk_prior_predictive_octile_summaries,gnk_gaussian_npe_n500_x50_seed95_20260426T010115Z,res/gnk_high_budget/configs/gnk_gaussian_npe_n500_x50_seed95_20260426T010115Z.yaml,res/gnk_high_budget/runs/gnk_gaussian_npe_n500_x50_seed95_20260426T010115Z,res/gnk_high_budget/runs/gnk_gaussian_npe_n500_x50_seed95_20260426T010115Z/validation_curve.csv,res/gnk_high_budget/runs/gnk_gaussian_npe_n500_x50_seed95_20260426T010115Z/validation_curve.pdf,res/gnk_high_budget/runs/gnk_gaussian_npe_n500_x50_seed95_20260426T010115Z/gaussian_npe_u_posterior.npz,res/gnk_high_budget/runs/gnk_gaussian_npe_n500_x50_seed95_20260426T010115Z/posterior_samples_10k.npz,res/gnk_high_budget/runs/gnk_gaussian_npe_n500_x50_seed95_20260426T010115Z/posterior_samples.pkl,res/gnk_high_budget/runs/gnk_gaussian_npe_n500_x50_seed95_20260426T010115Z/metrics.json,res/gnk_high_budget/runs/gnk_gaussian_npe_n500_x50_seed95_20260426T010115Z/timing_metadata.json,res/gnk_high_budget/runs/gnk_gaussian_npe_n500_x50_seed95_20260426T010115Z/logs/stdout.log,res/gnk_high_budget/runs/gnk_gaussian_npe_n500_x50_seed95_20260426T010115Z/logs/stderr.log,,,,checked-no-collisions,Prepared dry-run row; not submitted.
197,196,run,500,11,50,3025000,96,Gaussian-NPE,empirical_gnk_prior_predictive_octile_summaries,gnk_gaussian_npe_n500_x50_seed96_20260426T010115Z,res/gnk_high_budget/configs/gnk_gaussian_npe_n500_x50_seed96_20260426T010115Z.yaml,res/gnk_high_budget/runs/gnk_gaussian_npe_n500_x50_seed96_20260426T010115Z,res/gnk_high_budget/runs/gnk_gaussian_npe_n500_x50_seed96_20260426T010115Z/validation_curve.csv,res/gnk_high_budget/runs/gnk_gaussian_npe_n500_x50_seed96_20260426T010115Z/validation_curve.pdf,res/gnk_high_budget/runs/gnk_gaussian_npe_n500_x50_seed96_20260426T010115Z/gaussian_npe_u_posterior.npz,res/gnk_high_budget/runs/gnk_gaussian_npe_n500_x50_seed96_20260426T010115Z/posterior_samples_10k.npz,res/gnk_high_budget/runs/gnk_gaussian_npe_n500_x50_seed96_20260426T010115Z/posterior_samples.pkl,res/gnk_high_budget/runs/gnk_gaussian_npe_n500_x50_seed96_20260426T010115Z/metrics.json,res/gnk_high_budget/runs/gnk_gaussian_npe_n500_x50_seed96_20260426T010115Z/timing_metadata.json,res/gnk_high_budget/runs/gnk_gaussian_npe_n500_x50_seed96_20260426T010115Z/logs/stdout.log,res/gnk_high_budget/runs/gnk_gaussian_npe_n500_x50_seed96_20260426T010115Z/logs/stderr.log,,,,checked-no-collisions,Prepared dry-run row; not submitted.
198,197,run,500,11,50,3025000,97,Gaussian-NPE,empirical_gnk_prior_predictive_octile_summaries,gnk_gaussian_npe_n500_x50_seed97_20260426T010115Z,res/gnk_high_budget/configs/gnk_gaussian_npe_n500_x50_seed97_20260426T010115Z.yaml,res/gnk_high_budget/runs/gnk_gaussian_npe_n500_x50_seed97_20260426T010115Z,res/gnk_high_budget/runs/gnk_gaussian_npe_n500_x50_seed97_20260426T010115Z/validation_curve.csv,res/gnk_high_budget/runs/gnk_gaussian_npe_n500_x50_seed97_20260426T010115Z/validation_curve.pdf,res/gnk_high_budget/runs/gnk_gaussian_npe_n500_x50_seed97_20260426T010115Z/gaussian_npe_u_posterior.npz,res/gnk_high_budget/runs/gnk_gaussian_npe_n500_x50_seed97_20260426T010115Z/posterior_samples_10k.npz,res/gnk_high_budget/runs/gnk_gaussian_npe_n500_x50_seed97_20260426T010115Z/posterior_samples.pkl,res/gnk_high_budget/runs/gnk_gaussian_npe_n500_x50_seed97_20260426T010115Z/metrics.json,res/gnk_high_budget/runs/gnk_gaussian_npe_n500_x50_seed97_20260426T010115Z/timing_metadata.json,res/gnk_high_budget/runs/gnk_gaussian_npe_n500_x50_seed97_20260426T010115Z/logs/stdout.log,res/gnk_high_budget/runs/gnk_gaussian_npe_n500_x50_seed97_20260426T010115Z/logs/stderr.log,,,,checked-no-collisions,Prepared dry-run row; not submitted.
199,198,run,500,11,50,3025000,98,Gaussian-NPE,empirical_gnk_prior_predictive_octile_summaries,gnk_gaussian_npe_n500_x50_seed98_20260426T010115Z,res/gnk_high_budget/configs/gnk_gaussian_npe_n500_x50_seed98_20260426T010115Z.yaml,res/gnk_high_budget/runs/gnk_gaussian_npe_n500_x50_seed98_20260426T010115Z,res/gnk_high_budget/runs/gnk_gaussian_npe_n500_x50_seed98_20260426T010115Z/validation_curve.csv,res/gnk_high_budget/runs/gnk_gaussian_npe_n500_x50_seed98_20260426T010115Z/validation_curve.pdf,res/gnk_high_budget/runs/gnk_gaussian_npe_n500_x50_seed98_20260426T010115Z/gaussian_npe_u_posterior.npz,res/gnk_high_budget/runs/gnk_gaussian_npe_n500_x50_seed98_20260426T010115Z/posterior_samples_10k.npz,res/gnk_high_budget/runs/gnk_gaussian_npe_n500_x50_seed98_20260426T010115Z/posterior_samples.pkl,res/gnk_high_budget/runs/gnk_gaussian_npe_n500_x50_seed98_20260426T010115Z/metrics.json,res/gnk_high_budget/runs/gnk_gaussian_npe_n500_x50_seed98_20260426T010115Z/timing_metadata.json,res/gnk_high_budget/runs/gnk_gaussian_npe_n500_x50_seed98_20260426T010115Z/logs/stdout.log,res/gnk_high_budget/runs/gnk_gaussian_npe_n500_x50_seed98_20260426T010115Z/logs/stderr.log,,,,checked-no-collisions,Prepared dry-run row; not submitted.
200,199,run,500,11,50,3025000,99,Gaussian-NPE,empirical_gnk_prior_predictive_octile_summaries,gnk_gaussian_npe_n500_x50_seed99_20260426T010115Z,res/gnk_high_budget/configs/gnk_gaussian_npe_n500_x50_seed99_20260426T010115Z.yaml,res/gnk_high_budget/runs/gnk_gaussian_npe_n500_x50_seed99_20260426T010115Z,res/gnk_high_budget/runs/gnk_gaussian_npe_n500_x50_seed99_20260426T010115Z/validation_curve.csv,res/gnk_high_budget/runs/gnk_gaussian_npe_n500_x50_seed99_20260426T010115Z/validation_curve.pdf,res/gnk_high_budget/runs/gnk_gaussian_npe_n500_x50_seed99_20260426T010115Z/gaussian_npe_u_posterior.npz,res/gnk_high_budget/runs/gnk_gaussian_npe_n500_x50_seed99_20260426T010115Z/posterior_samples_10k.npz,res/gnk_high_budget/runs/gnk_gaussian_npe_n500_x50_seed99_20260426T010115Z/posterior_samples.pkl,res/gnk_high_budget/runs/gnk_gaussian_npe_n500_x50_seed99_20260426T010115Z/metrics.json,res/gnk_high_budget/runs/gnk_gaussian_npe_n500_x50_seed99_20260426T010115Z/timing_metadata.json,res/gnk_high_budget/runs/gnk_gaussian_npe_n500_x50_seed99_20260426T010115Z/logs/stdout.log,res/gnk_high_budget/runs/gnk_gaussian_npe_n500_x50_seed99_20260426T010115Z/logs/stderr.log,,,,checked-no-collisions,Prepared dry-run row; not submitted.
201,200,run,500,11,50,3025000,100,Gaussian-NPE,empirical_gnk_prior_predictive_octile_summaries,gnk_gaussian_npe_n500_x50_seed100_20260426T010115Z,res/gnk_high_budget/configs/gnk_gaussian_npe_n500_x50_seed100_20260426T010115Z.yaml,res/gnk_high_budget/runs/gnk_gaussian_npe_n500_x50_seed100_20260426T010115Z,res/gnk_high_budget/runs/gnk_gaussian_npe_n500_x50_seed100_20260426T010115Z/validation_curve.csv,res/gnk_high_budget/runs/gnk_gaussian_npe_n500_x50_seed100_20260426T010115Z/validation_curve.pdf,res/gnk_high_budget/runs/gnk_gaussian_npe_n500_x50_seed100_20260426T010115Z/gaussian_npe_u_posterior.npz,res/gnk_high_budget/runs/gnk_gaussian_npe_n500_x50_seed100_20260426T010115Z/posterior_samples_10k.npz,res/gnk_high_budget/runs/gnk_gaussian_npe_n500_x50_seed100_20260426T010115Z/posterior_samples.pkl,res/gnk_high_budget/runs/gnk_gaussian_npe_n500_x50_seed100_20260426T010115Z/metrics.json,res/gnk_high_budget/runs/gnk_gaussian_npe_n500_x50_seed100_20260426T010115Z/timing_metadata.json,res/gnk_high_budget/runs/gnk_gaussian_npe_n500_x50_seed100_20260426T010115Z/logs/stdout.log,res/gnk_high_budget/runs/gnk_gaussian_npe_n500_x50_seed100_20260426T010115Z/logs/stderr.log,,,,checked-no-collisions,Prepared dry-run row; not submitted.
