method,n,N,N_label,seed,param,replicate_count,seed_mean_bias,seed_mean_abs_bias,seed_rmse_bias,replicate_bias_q05,replicate_bias_q25,replicate_bias_median,replicate_bias_q75,replicate_bias_q95
flow_npe,1000,1000,N=n,0,g,100,2.2338795137405394,2.2338795137405394,2.235933163096866,2.0701659679412843,2.1727033853530884,2.241603136062622,2.3022148609161377,2.3795693159103393
flow_npe,1000,1000,N=n,1,g,100,2.4410985326766967,2.4410985326766967,2.4450170652008416,2.199793076515198,2.363198757171631,2.4463632106781006,2.5351752042770386,2.658475732803345
flow_npe,1000,1000,N=n,2,g,100,2.4998725986480714,2.4998725986480714,2.500840256463239,2.3952388525009156,2.4506967067718506,2.501164197921753,2.5543296337127686,2.5969618558883667
flow_npe,1000,1000,N=n,3,g,100,1.86979421377182,1.86979421377182,1.8716415680559388,1.737374746799469,1.8212217688560486,1.8710352182388306,1.9307186007499695,2.012630748748779
flow_npe,1000,1000,N=n,4,g,100,1.918938126564026,1.918938126564026,1.9255168994357323,1.6827139496803283,1.7975364923477173,1.9145270586013794,2.0329458713531494,2.1675334215164184
flow_npe,1000,1000,N=n,5,g,100,3.2959943532943727,3.2959943532943727,3.2993152378443793,3.0699996948242188,3.1995311975479126,3.298426389694214,3.3942443132400513,3.52271728515625
flow_npe,1000,1000,N=n,6,g,100,2.409933123588562,2.409933123588562,2.4114318070150773,2.282025194168091,2.3408433198928833,2.4082229137420654,2.4769270420074463,2.535214567184448
flow_npe,1000,1000,N=n,7,g,100,2.0507362937927245,2.0507362937927245,2.0518697494921803,1.9578670859336853,1.988659143447876,2.049654960632324,2.0966607332229614,2.161126732826233
flow_npe,1000,1000,N=n,8,g,100,2.442978148460388,2.442978148460388,2.4450170843062216,2.2813029289245605,2.3818053007125854,2.4487557411193848,2.4993555545806885,2.5977731943130493
flow_npe,1000,1000,N=n,9,g,100,3.048655185699463,3.048655185699463,3.049510536309268,2.9326005458831785,3.0062930583953857,3.047151565551758,3.096334218978882,3.155620002746582
flow_npe,1000,1000,N=n,10,g,100,2.057758536338806,2.057758536338806,2.059197225020021,1.9339260697364806,2.0080249309539795,2.0575737953186035,2.111114501953125,2.1747493028640745
flow_npe,1000,1000,N=n,11,g,100,2.589449167251587,2.589449167251587,2.5915498345932546,2.423432993888855,2.514825463294983,2.5916104316711426,2.661013603210449,2.7524529695510864
flow_npe,1000,1000,N=n,12,g,100,1.7562906670570373,1.7562906670570373,1.759526890056341,1.5803605914115906,1.687812864780426,1.7612615823745728,1.8294938802719116,1.9284379839897157
flow_npe,1000,1000,N=n,13,g,100,2.675075445175171,2.675075445175171,2.6753632186066483,2.6142082452774047,2.6490912437438965,2.6710503101348877,2.7021069526672363,2.7456679821014403
flow_npe,1000,1000,N=n,14,g,100,3.033821506500244,3.033821506500244,3.034604229729484,2.918022608757019,2.9887232780456543,3.0401394367218018,3.0702117681503296,3.1435373067855834
flow_npe,1000,1000,N=n,15,g,100,3.380970711708069,3.380970711708069,3.3822017180958515,3.24337522983551,3.3123735189437866,3.376042366027832,3.4494858980178833,3.5314938545227053
flow_npe,1000,1000,N=n,16,g,100,2.2478728008270266,2.2478728008270266,2.249211547720642,2.1294973373413084,2.187729597091675,2.2589213848114014,2.299206018447876,2.361484980583191
flow_npe,1000,1000,N=n,17,g,100,2.4113371658325193,2.4113371658325193,2.4119031498526455,2.330078649520874,2.3787001371383667,2.417125701904297,2.446631908416748,2.492814302444458
flow_npe,1000,1000,N=n,18,g,100,1.8147679543495179,1.8147679543495179,1.824968222593253,1.4898187279701234,1.6923749446868896,1.8215045928955078,1.952561616897583,2.1089513540267943
flow_npe,1000,1000,N=n,19,g,100,2.3905779266357423,2.3905779266357423,2.3943111623901383,2.159807801246643,2.301637887954712,2.382805585861206,2.4821207523345947,2.597886657714844
flow_npe,1000,1000,N=n,20,g,100,2.6807210636138916,2.6807210636138916,2.6832813008942216,2.4814858436584473,2.6151514053344727,2.6994566917419434,2.7637391090393066,2.8377871751785277
flow_npe,1000,1000,N=n,21,g,100,2.28402419090271,2.28402419090271,2.2864628053300997,2.112966251373291,2.227845788002014,2.285106897354126,2.3526335954666138,2.4377055406570434
flow_npe,1000,1000,N=n,22,g,100,2.553853702545166,2.553853702545166,2.554134989040204,2.4872164487838746,2.5299419164657593,2.5565741062164307,2.580536365509033,2.60774564743042
flow_npe,1000,1000,N=n,23,g,100,3.148319511413574,3.148319511413574,3.1486744949576866,3.0700567722320558,3.1186989545822144,3.1462786197662354,3.179091215133667,3.2240787029266356
flow_npe,1000,1000,N=n,24,g,100,3.0008589935302736,3.0008589935302736,3.0023412429662883,2.850914216041565,2.928201675415039,3.003143310546875,3.0652503967285156,3.142249035835266
flow_npe,1000,1000,N=n,25,g,100,2.277707402706146,2.277707402706146,2.2832357503877896,2.024940323829651,2.1651161909103394,2.2691476345062256,2.407406806945801,2.508207321166992
flow_npe,1000,1000,N=n,26,g,100,2.6874358654022217,2.6874358654022217,2.692670804783442,2.4323033809661867,2.566586136817932,2.7037196159362793,2.81166934967041,2.9655145168304444
flow_npe,1000,1000,N=n,27,g,100,2.676544108390808,2.676544108390808,2.678946991072066,2.4670390844345094,2.60809326171875,2.6796743869781494,2.741248846054077,2.867212677001953
flow_npe,1000,1000,N=n,28,g,100,3.125501580238342,3.125501580238342,3.1273142496822324,2.9400626182556153,3.0477997064590454,3.1220083236694336,3.2015538215637207,3.290090227127075
flow_npe,1000,1000,N=n,29,g,100,2.1670803737640383,2.1670803737640383,2.171269186756351,1.9359921932220459,2.0966023206710815,2.17690110206604,2.256977081298828,2.3875569343566894
flow_npe,1000,1000,N=n,30,g,100,2.5118624901771547,2.5118624901771547,2.517871391136053,2.256416392326355,2.4149022102355957,2.508836507797241,2.633393883705139,2.7850447416305544
flow_npe,1000,1000,N=n,31,g,100,3.3776559734344485,3.3776559734344485,3.3785884598755977,3.241173577308655,3.320585250854492,3.3835694789886475,3.4347513914108276,3.5017733812332152
flow_npe,1000,1000,N=n,32,g,100,3.3087847518920896,3.3087847518920896,3.310143356086855,3.1656390190124513,3.2600609064102173,3.30055832862854,3.3788890838623047,3.4509918212890622
flow_npe,1000,1000,N=n,33,g,100,2.0899005842208864,2.0899005842208864,2.093561050157942,1.8705797076225281,2.0232126712799072,2.0943098068237305,2.1692569255828857,2.2680166482925417
flow_npe,1000,1000,N=n,34,g,100,2.6990835666656494,2.6990835666656494,2.701657814665798,2.4915101289749146,2.623284101486206,2.704514503479004,2.7693607807159424,2.893245077133179
flow_npe,1000,1000,N=n,35,g,100,2.705453939437866,2.705453939437866,2.709444674834505,2.4582440137863157,2.6153589487075806,2.705155849456787,2.806646943092346,2.9409016609191894
flow_npe,1000,1000,N=n,36,g,100,2.688126440048218,2.688126440048218,2.6920244606859924,2.431387948989868,2.5875535011291504,2.693993330001831,2.7988771200180054,2.888247275352478
flow_npe,1000,1000,N=n,37,g,100,2.568571844100952,2.568571844100952,2.5712745126061747,2.3654159784317015,2.4909441471099854,2.5736002922058105,2.651797294616699,2.7319987297058104
flow_npe,1000,1000,N=n,38,g,100,2.246804699897766,2.246804699897766,2.2483663483972443,2.1175980091094972,2.195691227912903,2.2442920207977295,2.3007898330688477,2.3977486848831178
flow_npe,1000,1000,N=n,39,g,100,2.240067038536072,2.240067038536072,2.242011900417686,2.0936991214752196,2.1805665493011475,2.2322728633880615,2.293124198913574,2.394772243499756
flow_npe,1000,1000,N=n,40,g,100,2.882681360244751,2.882681360244751,2.8850054062470476,2.715338134765625,2.7948907613754272,2.870161533355713,2.9432454109191895,3.0772338628768923
flow_npe,1000,1000,N=n,41,g,100,1.3970837903022766,1.3970837903022766,1.3984808161603486,1.3009247422218322,1.3518449664115906,1.391695261001587,1.4325485825538635,1.5081659197807311
flow_npe,1000,1000,N=n,42,g,100,2.4157638263702395,2.4157638263702395,2.4164590782050404,2.323669600486755,2.370118260383606,2.4173803329467773,2.4511786699295044,2.504086494445801
flow_npe,1000,1000,N=n,43,g,100,1.5720784735679627,1.5720784735679627,1.5793939454473718,1.3011587500572204,1.479722797870636,1.5756572484970093,1.6792595982551575,1.8005887866020203
flow_npe,1000,1000,N=n,44,g,100,2.6437622022628786,2.6437622022628786,2.644461221519036,2.5333593606948854,2.6089632511138916,2.643763542175293,2.6851062774658203,2.732973885536194
flow_npe,1000,1000,N=n,45,g,100,1.79860182762146,1.79860182762146,1.8019748060955187,1.6312316536903382,1.7309769988059998,1.793720006942749,1.8660313487052917,1.9495545506477356
flow_npe,1000,1000,N=n,46,g,100,2.6254622077941896,2.6254622077941896,2.6277977377542427,2.448458504676819,2.540232539176941,2.6305294036865234,2.7045522928237915,2.8070099353790283
flow_npe,1000,1000,N=n,47,g,100,2.6498231744766234,2.6498231744766234,2.6520990132891673,2.4823412895202637,2.576500415802002,2.6441211700439453,2.7253217697143555,2.8353503942489624
flow_npe,1000,1000,N=n,48,g,100,2.2156194043159485,2.2156194043159485,2.217423626524137,2.065731406211853,2.158341407775879,2.213855028152466,2.2830370664596558,2.346843886375427
flow_npe,1000,1000,N=n,49,g,100,2.741073522567749,2.741073522567749,2.7422090877805516,2.6256723165512086,2.6877715587615967,2.7345752716064453,2.8014642000198364,2.8631824254989624
flow_npe,1000,1000,N=n,50,g,100,3.213737292289734,3.213737292289734,3.2158146114956945,3.0620138168334963,3.1298762559890747,3.210787057876587,3.284576654434204,3.4154091119766234
flow_npe,1000,1000,N=n,51,g,100,2.718079061508179,2.718079061508179,2.7197231571192497,2.5589134454727174,2.659416437149048,2.7162530422210693,2.771278977394104,2.8787107467651367
flow_npe,1000,1000,N=n,52,g,100,2.9575745487213134,2.9575745487213134,2.9580543284852245,2.8818023920059206,2.918987274169922,2.958916664123535,2.9847419261932373,3.0555677890777586
flow_npe,1000,1000,N=n,53,g,100,2.4546961307525637,2.4546961307525637,2.456447518753862,2.3205069065093995,2.3842709064483643,2.4556636810302734,2.5230730772018433,2.6142784118652345
flow_npe,1000,1000,N=n,54,g,100,2.477312459945679,2.477312459945679,2.4778928398325766,2.381471800804138,2.4455584287643433,2.4808506965637207,2.5060683488845825,2.5774422883987427
flow_npe,1000,1000,N=n,55,g,100,3.8344962882995604,3.8344962882995604,3.835659090651479,3.669957137107849,3.773630380630493,3.8466053009033203,3.8971309661865234,3.9637423276901247
flow_npe,1000,1000,N=n,56,g,100,2.6278278732299807,2.6278278732299807,2.631155523488615,2.443705439567566,2.536529541015625,2.637692928314209,2.7193994522094727,2.85981969833374
flow_npe,1000,1000,N=n,57,g,100,2.02805214881897,2.02805214881897,2.032147102108621,1.8261356711387635,1.9352943897247314,2.029136896133423,2.125501871109009,2.2404196739196776
flow_npe,1000,1000,N=n,58,g,100,2.9427247524261473,2.9427247524261473,2.944657790911106,2.7855234861373903,2.8572667837142944,2.937835216522217,3.017516613006592,3.1417027711868286
flow_npe,1000,1000,N=n,59,g,100,2.597249608039856,2.597249608039856,2.598105652449412,2.5024201393127443,2.551138758659363,2.6012837886810303,2.6342045068740845,2.711769390106201
flow_npe,1000,1000,N=n,60,g,100,2.942027974128723,2.942027974128723,2.9438121686832814,2.782773971557617,2.8798322677612305,2.95261549949646,3.003026247024536,3.101730728149414
flow_npe,1000,1000,N=n,61,g,100,2.78675772190094,2.78675772190094,2.7891332166641907,2.580310082435608,2.715489149093628,2.7856945991516113,2.8580238819122314,2.9696579694747927
flow_npe,1000,1000,N=n,62,g,100,3.2526150035858152,3.2526150035858152,3.252810180164845,3.2067522764205934,3.230531930923462,3.2478859424591064,3.27546763420105,3.30768768787384
flow_npe,1000,1000,N=n,63,g,100,2.317088623046875,2.317088623046875,2.3188427482508427,2.1669206857681274,2.261561632156372,2.324934959411621,2.3962109088897705,2.437089133262634
flow_npe,1000,1000,N=n,64,g,100,2.2100022077560424,2.2100022077560424,2.2110355708851324,2.0979931592941283,2.171600103378296,2.2097928524017334,2.254162907600403,2.317541718482971
flow_npe,1000,1000,N=n,65,g,100,2.774673104286194,2.774673104286194,2.7782484477159373,2.5872804880142213,2.669484257698059,2.7422354221343994,2.86090886592865,3.0222341537475588
flow_npe,1000,1000,N=n,66,g,100,2.0926712942123413,2.0926712942123413,2.094476895410516,1.9646401166915894,2.0257285833358765,2.0867159366607666,2.14864981174469,2.237864112854004
flow_npe,1000,1000,N=n,67,g,100,1.54341796875,1.54341796875,1.5499303363911432,1.3131245732307435,1.4367505311965942,1.540693759918213,1.6314436793327332,1.7824400424957276
flow_npe,1000,1000,N=n,68,g,100,2.7557343149185183,2.7557343149185183,2.756471293933593,2.6501068592071535,2.7140157222747803,2.756232976913452,2.8046164512634277,2.8594174861907957
flow_npe,1000,1000,N=n,69,g,100,2.651963014602661,2.651963014602661,2.6542303932962543,2.483891749382019,2.5774691104888916,2.6600356101989746,2.733055591583252,2.8197938442230224
flow_npe,1000,1000,N=n,70,g,100,2.487774772644043,2.487774772644043,2.4896822710861453,2.333543586730957,2.419839382171631,2.4915144443511963,2.5486111640930176,2.636341595649719
flow_npe,1000,1000,N=n,71,g,100,2.4333762168884276,2.4333762168884276,2.434928776675607,2.2943485260009764,2.3812055587768555,2.4294614791870117,2.4803580045700073,2.5969897270202638
flow_npe,1000,1000,N=n,72,g,100,2.9300329446792603,2.9300329446792603,2.932424230693264,2.7591548204421996,2.847393035888672,2.931570053100586,3.0182597637176514,3.1201146602630616
flow_npe,1000,1000,N=n,73,g,100,2.6574526691436766,2.6574526691436766,2.659504026680742,2.5118178844451906,2.584272861480713,2.653874635696411,2.7170387506484985,2.828315997123718
flow_npe,1000,1000,N=n,74,g,100,2.1560750889778135,2.1560750889778135,2.1593340500092273,1.953339695930481,2.089269757270813,2.144357681274414,2.239862084388733,2.331219959259033
flow_npe,1000,1000,N=n,75,g,100,2.8641056632995605,2.8641056632995605,2.864702959425246,2.7570186853408813,2.83186137676239,2.868635892868042,2.9075310230255127,2.959329843521118
flow_npe,1000,1000,N=n,76,g,100,2.9995126819610594,2.9995126819610594,3.0002379038660867,2.8983111143112184,2.955313205718994,2.994253396987915,3.042492389678955,3.111683893203735
flow_npe,1000,1000,N=n,77,g,100,3.07057156085968,3.07057156085968,3.072275868784878,2.8811584234237673,3.020591378211975,3.0724682807922363,3.1225039958953857,3.254187893867493
flow_npe,1000,1000,N=n,78,g,100,3.1586922121047976,3.1586922121047976,3.159356196197101,3.0492944717407227,3.1203900575637817,3.15090012550354,3.197566509246826,3.2763318538665773
flow_npe,1000,1000,N=n,79,g,100,2.9764004135131836,2.9764004135131836,2.9767929433633675,2.904159665107727,2.9491488933563232,2.9705629348754883,3.004625082015991,3.0579774618148803
flow_npe,1000,1000,N=n,80,g,100,2.89359486579895,2.89359486579895,2.8952106136118188,2.7410797357559202,2.8254873752593994,2.8847715854644775,2.959049940109253,3.063804531097412
flow_npe,1000,1000,N=n,81,g,100,2.4326212930679323,2.4326212930679323,2.4344869405903418,2.2589025497436523,2.3672820329666138,2.4376139640808105,2.499159097671509,2.5799826622009276
flow_npe,1000,1000,N=n,82,g,100,2.839439435005188,2.839439435005188,2.8404769444637323,2.7014827966690063,2.7955139875411987,2.8390374183654785,2.888894200325012,2.9712557792663574
flow_npe,1000,1000,N=n,83,g,100,1.7541431999206543,1.7541431999206543,1.75661630608331,1.615589427947998,1.6812955737113953,1.7480911016464233,1.8161225318908691,1.913867175579071
flow_npe,1000,1000,N=n,84,g,100,2.07363112449646,2.07363112449646,2.0765189051388404,1.8904574275016786,2.0017528533935547,2.064380168914795,2.1613967418670654,2.241941976547241
flow_npe,1000,1000,N=n,85,g,100,1.4394047045707703,1.4394047045707703,1.4414971588450094,1.3078946352005005,1.3931018114089966,1.4396040439605713,1.4988162517547607,1.551341187953949
flow_npe,1000,1000,N=n,86,g,100,2.975934834480286,2.975934834480286,2.9768873830042266,2.831537199020386,2.9344613552093506,2.985719919204712,3.025838851928711,3.096898055076599
flow_npe,1000,1000,N=n,87,g,100,2.912372179031372,2.912372179031372,2.9141577986764884,2.739591646194458,2.8388893604278564,2.9209370613098145,2.970453143119812,3.0833499670028686
flow_npe,1000,1000,N=n,88,g,100,2.640362343788147,2.640362343788147,2.6414517578362986,2.508201313018799,2.58907949924469,2.6430020332336426,2.6944490671157837,2.7580156564712524
flow_npe,1000,1000,N=n,89,g,100,3.2946683168411255,3.2946683168411255,3.297321039426196,3.0572751998901366,3.2140753269195557,3.3023762702941895,3.3833749294281006,3.503348207473755
flow_npe,1000,1000,N=n,90,g,100,2.763917956352234,2.763917956352234,2.7647333384622694,2.6407424211502075,2.732234835624695,2.771497964859009,2.8029712438583374,2.876259756088257
flow_npe,1000,1000,N=n,91,g,100,2.6664939880371095,2.6664939880371095,2.668277180245654,2.5282647132873537,2.596559762954712,2.6715426445007324,2.7249183654785156,2.829472780227661
flow_npe,1000,1000,N=n,92,g,100,3.1209851789474485,3.1209851789474485,3.121364486963348,3.0425534725189207,3.096242308616638,3.122997522354126,3.1515034437179565,3.195982503890991
flow_npe,1000,1000,N=n,93,g,100,2.4072497940063475,2.4072497940063475,2.4078310198579085,2.3154083490371704,2.3723291158676147,2.4060404300689697,2.4413955211639404,2.489751768112183
flow_npe,1000,1000,N=n,94,g,100,2.993754496574402,2.993754496574402,2.9958743118380498,2.821770524978638,2.913402795791626,2.9903006553649902,3.074069857597351,3.1827385663986205
flow_npe,1000,1000,N=n,95,g,100,2.5335099029541017,2.5335099029541017,2.53472796659507,2.4077343940734863,2.4814008474349976,2.527599334716797,2.5890620946884155,2.6384602546691895
flow_npe,1000,1000,N=n,96,g,100,2.543561339378357,2.543561339378357,2.5485830379934082,2.2769556522369383,2.4439667463302612,2.542842388153076,2.653346538543701,2.7875048875808717
flow_npe,1000,1000,N=n,97,g,100,2.680681791305542,2.680681791305542,2.685176373448345,2.427346181869507,2.593870162963867,2.683638095855713,2.7782267332077026,2.9420976638793945
flow_npe,1000,1000,N=n,98,g,100,1.9861796474456788,1.9861796474456788,1.9903049385852916,1.7459243416786194,1.9010886549949646,2.0126092433929443,2.0756293535232544,2.182019805908203
flow_npe,1000,1000,N=n,99,g,100,1.9716859531402589,1.9716859531402589,1.9753662697770085,1.7558403611183167,1.9007819890975952,1.9802727699279785,2.0480892658233643,2.1548693418502807
flow_npe,1000,1000,N=n,100,g,100,3.039370827674866,3.039370827674866,3.043154913883865,2.765986943244934,2.9394065141677856,3.0397520065307617,3.1358145475387573,3.291565704345703
flow_npe,1000,6907,N=n log(n),0,g,100,0.7029808962345123,0.7124094617366791,0.7906610811174244,0.10167089700698853,0.4721671938896179,0.7189083099365234,0.953115701675415,1.2247138500213621
flow_npe,1000,6907,N=n log(n),1,g,100,0.7634479033946991,0.7640982830524444,0.8337346988931945,0.2183186650276184,0.5060556530952454,0.7533700466156006,0.982617199420929,1.3601070761680603
flow_npe,1000,6907,N=n log(n),2,g,100,1.0740460467338562,1.0760872435569764,1.1466703182961653,0.5105399131774903,0.7926979064941406,1.1098220348358154,1.365867555141449,1.6701897263526915
flow_npe,1000,6907,N=n log(n),3,g,100,0.6765000665187836,0.6860005486011506,0.7762136991773589,0.09479478597640992,0.42090654373168945,0.6760839223861694,0.911617636680603,1.3525468826293945
flow_npe,1000,6907,N=n log(n),4,g,100,0.844660849571228,0.844660849571228,0.9670154535765098,0.15521254539489746,0.5092279314994812,0.8070082664489746,1.1996939778327942,1.6251733541488647
flow_npe,1000,6907,N=n log(n),5,g,100,1.3552033138275146,1.3552033138275146,1.4162481263301996,0.707230544090271,1.0087762475013733,1.341829538345337,1.6008625030517578,2.043664240837097
flow_npe,1000,6907,N=n log(n),6,g,100,0.6424187600612641,0.6434844458103179,0.724771525754246,0.1647779107093811,0.3602876663208008,0.6016892194747925,0.8953568935394287,1.2028946638107298
flow_npe,1000,6907,N=n log(n),7,g,100,0.9087850666046142,0.9087850666046142,0.9828104311651318,0.3484803557395935,0.6658518314361572,0.8630050420761108,1.1650704145431519,1.5441030025482176
flow_npe,1000,6907,N=n log(n),8,g,100,1.3554645824432372,1.3554645824432372,1.4107359762991238,0.6743885278701782,1.0753604769706726,1.3394858837127686,1.662578046321869,2.035181999206543
flow_npe,1000,6907,N=n log(n),9,g,100,0.7673632562160492,0.7696964848041534,0.8354915186708401,0.21093615293502807,0.546582043170929,0.7808147668838501,0.9651309847831726,1.2719619393348693
flow_npe,1000,6907,N=n log(n),10,g,100,1.0114750981330871,1.0114750981330871,1.0613501519304276,0.5070538759231568,0.8454563021659851,0.9976722002029419,1.233380675315857,1.5163736939430237
flow_npe,1000,6907,N=n log(n),11,g,100,0.26087224602699277,0.3234302318096161,0.41759276322166955,-0.23851394653320312,0.04825711250305176,0.21342551708221436,0.47062528133392334,0.8469443082809448
flow_npe,1000,6907,N=n log(n),12,g,100,0.5312432622909546,0.5425631332397461,0.6404336928679731,0.0005650281906127944,0.27209925651550293,0.5434602499008179,0.766213595867157,1.096828258037567
flow_npe,1000,6907,N=n log(n),13,g,100,1.562183940410614,1.562183940410614,1.5830502784319662,1.1205247044563293,1.4160046577453613,1.5530827045440674,1.7477019429206848,1.9329891443252563
flow_npe,1000,6907,N=n log(n),14,g,100,1.9061050391197205,1.9061050391197205,1.9480513612206574,1.298044753074646,1.721514880657196,1.9007434844970703,2.180997610092163,2.6287047386169435
flow_npe,1000,6907,N=n log(n),15,g,100,1.4556684279441834,1.4556684279441834,1.5104082117551687,0.8665019631385803,1.0917556881904602,1.4560596942901611,1.731067717075348,2.1349238872528074
flow_npe,1000,6907,N=n log(n),16,g,100,0.16682443380355835,0.3314738583564758,0.4056390408746419,-0.4426013231277466,-0.10559490323066711,0.15630674362182617,0.47648125886917114,0.778035819530487
flow_npe,1000,6907,N=n log(n),17,g,100,1.1887335753440857,1.1887335753440857,1.2375325649970585,0.643907082080841,0.9432915449142456,1.17795991897583,1.4310745000839233,1.8641823887825013
flow_npe,1000,6907,N=n log(n),18,g,100,0.9024048137664795,0.9031415224075318,0.9885451935653463,0.21969419717788696,0.6428269743919373,0.8778144121170044,1.1887189149856567,1.520703089237213
flow_npe,1000,6907,N=n log(n),19,g,100,1.2066129851341247,1.2066129851341247,1.2810578045909786,0.5366350889205933,0.882560670375824,1.1570911407470703,1.4880310893058777,1.9800084233283997
flow_npe,1000,6907,N=n log(n),20,g,100,0.4372635054588318,0.542632315158844,0.6382826456502244,-0.3465661287307739,0.15007704496383667,0.46883130073547363,0.7758110761642456,1.1977938055992126
flow_npe,1000,6907,N=n log(n),21,g,100,0.9365310049057007,0.9380438423156738,0.9982986666483782,0.4319894790649414,0.7482816576957703,0.9169865846633911,1.1410637497901917,1.467152154445648
flow_npe,1000,6907,N=n log(n),22,g,100,1.991593451499939,1.991593451499939,1.9996056469728771,1.731444275379181,1.861436128616333,2.005460500717163,2.1089621782302856,2.338064360618591
flow_npe,1000,6907,N=n log(n),23,g,100,0.9577675485610961,0.9577675485610961,1.0301213658848287,0.372568941116333,0.6986525654792786,0.920179009437561,1.1533973813056946,1.5959932684898375
flow_npe,1000,6907,N=n log(n),24,g,100,1.256991229057312,1.256991229057312,1.3002421033771656,0.7700252175331116,0.9996391534805298,1.2357739210128784,1.508890688419342,1.781263494491577
flow_npe,1000,6907,N=n log(n),25,g,100,0.38394114971160886,0.44830281734466554,0.5535967911230562,-0.20449359416961668,0.10598748922348022,0.3497239351272583,0.6791069507598877,1.050483226776123
flow_npe,1000,6907,N=n log(n),26,g,100,-0.18012336134910584,0.3183806264400482,0.3848733334698365,-0.6856302320957184,-0.4463294446468353,-0.19080662727355957,0.03579437732696533,0.4275979161262512
flow_npe,1000,6907,N=n log(n),27,g,100,0.8548491716384887,0.8548491716384887,0.9395896073265159,0.18095076084136963,0.581739604473114,0.8537198305130005,1.0669434666633606,1.45860937833786
flow_npe,1000,6907,N=n log(n),28,g,100,1.118468816280365,1.118468816280365,1.202137370482107,0.4800051212310791,0.75566565990448,1.0931589603424072,1.4850186705589294,1.8777453541755675
flow_npe,1000,6907,N=n log(n),29,g,100,1.0266679191589356,1.0352844285964966,1.1455251362747372,0.15820454359054567,0.7386576533317566,0.9961376190185547,1.345255434513092,1.8832395434379579
flow_npe,1000,6907,N=n log(n),30,g,100,1.5077848029136658,1.5077848029136658,1.5744025844799174,0.8878364443778992,1.207352101802826,1.4831583499908447,1.7635074853897095,2.274540400505066
flow_npe,1000,6907,N=n log(n),31,g,100,1.0518900918960572,1.0518900918960572,1.1176041017975429,0.5090335249900818,0.7781767845153809,1.014816164970398,1.3611555099487305,1.6300518870353697
flow_npe,1000,6907,N=n log(n),32,g,100,0.711039422750473,0.7127033293247222,0.7622363398961646,0.2988331913948059,0.5337260961532593,0.7144216299057007,0.8744487166404724,1.1382039666175843
flow_npe,1000,6907,N=n log(n),33,g,100,1.0138772165775298,1.0206601130962372,1.0971675363343045,0.29624353647232055,0.7839565277099609,0.9996217489242554,1.2943686246871948,1.6304319500923155
flow_npe,1000,6907,N=n log(n),34,g,100,1.142557384967804,1.142557384967804,1.2346540790753362,0.4369843363761902,0.8002349734306335,1.1380764245986938,1.402778685092926,1.977946102619171
flow_npe,1000,6907,N=n log(n),35,g,100,0.6035492646694184,0.631963711977005,0.7320144332411289,-0.07202365398406982,0.327580988407135,0.6263304948806763,0.9034286737442017,1.2146478056907652
flow_npe,1000,6907,N=n log(n),36,g,100,0.49464736819267274,0.5271514332294465,0.6254249508889426,-0.13268275260925294,0.199388325214386,0.48661506175994873,0.7626596689224243,1.1152686238288878
flow_npe,1000,6907,N=n log(n),37,g,100,0.9808702290058136,0.9813743245601654,1.0745034035174672,0.34694814682006836,0.6578814387321472,0.9765105247497559,1.2723413705825806,1.7289939522743225
flow_npe,1000,6907,N=n log(n),38,g,100,0.5228550279140473,0.5441656267642975,0.6335076676366711,0.029195708036422744,0.2896416187286377,0.4858325719833374,0.7529937624931335,1.1346609592437744
flow_npe,1000,6907,N=n log(n),39,g,100,0.6736085832118988,0.6740063726902008,0.761558241523115,0.1039513111114502,0.4201524257659912,0.6436055898666382,0.8939864039421082,1.275282287597656
flow_npe,1000,6907,N=n log(n),40,g,100,1.4558513736724854,1.4558513736724854,1.5163048865083029,0.8566879987716675,1.1109999418258667,1.4056360721588135,1.6966527104377747,2.235016918182373
flow_npe,1000,6907,N=n log(n),41,g,100,1.3738626503944398,1.3738626503944398,1.3821768501253282,1.1532453775405884,1.2556208372116089,1.378495693206787,1.4562420845031738,1.6382043838500975
flow_npe,1000,6907,N=n log(n),42,g,100,1.0157846570014955,1.0180571341514588,1.0960377964169958,0.3276560425758362,0.7153912782669067,1.0391790866851807,1.327733337879181,1.6618288278579711
flow_npe,1000,6907,N=n log(n),43,g,100,0.2912471044063568,0.3965677845478058,0.4893578539629745,-0.3782473146915436,0.04429161548614502,0.2713010311126709,0.5403270721435547,0.8865857362747193
flow_npe,1000,6907,N=n log(n),44,g,100,0.3478217303752899,0.3811254131793976,0.47072793274447794,-0.10283085703849792,0.09854865074157715,0.3378257751464844,0.5629284381866455,0.9193193793296813
flow_npe,1000,6907,N=n log(n),45,g,100,0.34379616260528567,0.4453455543518066,0.5810117116068109,-0.3440769910812378,0.029159069061279297,0.3101816177368164,0.593468427658081,1.0326817154884338
flow_npe,1000,6907,N=n log(n),46,g,100,0.18748008728027343,0.3061133527755737,0.3983903982913396,-0.3154901087284088,-0.06431326270103455,0.12266623973846436,0.4300951361656189,0.8614840149879455
flow_npe,1000,6907,N=n log(n),47,g,100,1.0225159072875976,1.0272198057174682,1.1393718264097346,0.32566219568252563,0.7059797048568726,0.9464492797851562,1.2880792021751404,1.9436641573905944
flow_npe,1000,6907,N=n log(n),48,g,100,0.7572012329101563,0.7572012329101563,0.8215732105411548,0.19767736196517943,0.5380257964134216,0.8131937980651855,0.9951920509338379,1.3312744259834288
flow_npe,1000,6907,N=n log(n),49,g,100,0.643766393661499,0.6437718486785888,0.720108448927096,0.12974514961242675,0.39814502000808716,0.6345078945159912,0.8864814043045044,1.1797316789627073
flow_npe,1000,6907,N=n log(n),50,g,100,1.0105331993103028,1.0105331993103028,1.0587836786385407,0.5554793357849122,0.8125144839286804,0.9460182189941406,1.20667964220047,1.5699378132820128
flow_npe,1000,6907,N=n log(n),51,g,100,1.2555498218536376,1.2555498218536376,1.3117430062404134,0.662590742111206,1.023802101612091,1.2732136249542236,1.4912988543510437,1.9495092511177061
flow_npe,1000,6907,N=n log(n),52,g,100,1.0385339999198913,1.0385339999198913,1.0944687705947478,0.5456303715705871,0.8522612452507019,1.0112216472625732,1.2360826134681702,1.6405318379402156
flow_npe,1000,6907,N=n log(n),53,g,100,1.569756338596344,1.569756338596344,1.6008272385107447,1.150112771987915,1.3250267505645752,1.5098155736923218,1.785908281803131,2.150083255767822
flow_npe,1000,6907,N=n log(n),54,g,100,1.2811180186271667,1.2811180186271667,1.3163645925916219,0.7691713809967041,1.103514015674591,1.2899127006530762,1.4262009859085083,1.7835287451744075
flow_npe,1000,6907,N=n log(n),55,g,100,0.5179309499263763,0.5544520485401153,0.6719934580685674,-0.1357961893081665,0.1847171187400818,0.494076132774353,0.8232659697532654,1.2353585600852965
flow_npe,1000,6907,N=n log(n),56,g,100,1.1603484535217286,1.1603484535217286,1.2043104203706279,0.6383261203765869,0.9067893028259277,1.1855844259262085,1.3831962943077087,1.691139793395996
flow_npe,1000,6907,N=n log(n),57,g,100,0.7369017338752747,0.7382341456413269,0.8195209121468218,0.16130563020706176,0.45915013551712036,0.7128552198410034,1.0273966193199158,1.3238416433334348
flow_npe,1000,6907,N=n log(n),58,g,100,0.7032196950912476,0.7032196950912476,0.7799050230056035,0.26621586084365845,0.4489288926124573,0.6636364459991455,0.8925338983535767,1.3580313444137573
flow_npe,1000,6907,N=n log(n),59,g,100,1.1837452173233032,1.1837452173233032,1.2573622530275683,0.5649637818336487,0.8823802471160889,1.1349730491638184,1.451179027557373,2.0324358463287355
flow_npe,1000,6907,N=n log(n),60,g,100,0.775269136428833,0.7816388416290283,0.8583330481664669,0.18077534437179565,0.5028427839279175,0.8212847709655762,1.0262302160263062,1.323718750476837
flow_npe,1000,6907,N=n log(n),61,g,100,1.0161072826385498,1.0161072826385498,1.0913966683059928,0.47166985273361206,0.7517858147621155,0.9396828413009644,1.2733629941940308,1.611194503307342
flow_npe,1000,6907,N=n log(n),62,g,100,1.684273257255554,1.684273257255554,1.7131892819417789,1.2853853583335877,1.4593768119812012,1.655321717262268,1.8730413913726807,2.3338024377822877
flow_npe,1000,6907,N=n log(n),63,g,100,0.8842050242424011,0.8842050242424011,0.9614098240156369,0.2503635883331299,0.6277390122413635,0.9280915260314941,1.1343238353729248,1.414069378376007
flow_npe,1000,6907,N=n log(n),64,g,100,0.9405238914489746,0.9405238914489746,0.9811356861358673,0.45384792089462284,0.7622511386871338,0.9569942951202393,1.1249626874923706,1.3814528346061705
flow_npe,1000,6907,N=n log(n),65,g,100,1.3984052014350892,1.3984052014350892,1.4687148258745986,0.8643133044242859,1.0185354351997375,1.3454903364181519,1.6353955268859863,2.304604148864746
flow_npe,1000,6907,N=n log(n),66,g,100,0.6813036155700684,0.6826154136657715,0.7520454333418389,0.2295108675956726,0.47759145498275757,0.6647071838378906,0.8473013043403625,1.1769241094589233
flow_npe,1000,6907,N=n log(n),67,g,100,0.45906794428825376,0.5136347687244416,0.6430048051132606,-0.26073241233825684,0.11865639686584473,0.38664376735687256,0.7788776159286499,1.2893589377403258
flow_npe,1000,6907,N=n log(n),68,g,100,0.6684227192401886,0.6820960748195648,0.7705027292156182,-0.02693100571632385,0.431454062461853,0.6710995435714722,0.9479949474334717,1.2366044402122498
flow_npe,1000,6907,N=n log(n),69,g,100,1.4548876261711121,1.4548876261711121,1.5091704026060735,0.821338701248169,1.1435676217079163,1.4446930885314941,1.7256324887275696,2.056099724769592
flow_npe,1000,6907,N=n log(n),70,g,100,1.0221925044059754,1.0221925044059754,1.1198138883851154,0.30716915130615235,0.6775263547897339,1.0616534948349,1.3189294338226318,1.6804953575134267
flow_npe,1000,6907,N=n log(n),71,g,100,0.8580943250656128,0.8580943250656128,0.9089967138941258,0.4013585090637207,0.6533761620521545,0.8577722311019897,1.0239206552505493,1.4157357215881348
flow_npe,1000,6907,N=n log(n),72,g,100,0.8652454769611359,0.8688534772396088,0.9438274304611466,0.27163530588150026,0.6196514964103699,0.7995529174804688,1.0794978141784668,1.5605767130851742
flow_npe,1000,6907,N=n log(n),73,g,100,1.0238977241516114,1.0238977241516114,1.0741258076259528,0.5970721960067749,0.7857191562652588,0.9955581426620483,1.2337209582328796,1.5406367778778076
flow_npe,1000,6907,N=n log(n),74,g,100,0.5246171736717224,0.5528522086143494,0.6402402858659757,0.010091447830200235,0.2689584493637085,0.49896323680877686,0.8000892400741577,1.102516484260559
flow_npe,1000,6907,N=n log(n),75,g,100,0.808286120891571,0.808286120891571,0.8847034880436734,0.1782672643661499,0.5478331446647644,0.8580729961395264,1.0256734490394592,1.3839295625686645
flow_npe,1000,6907,N=n log(n),76,g,100,1.3678800654411316,1.3678800654411316,1.4592477894637972,0.7191387772560119,0.972093939781189,1.3052005767822266,1.6970056295394897,2.266967701911926
flow_npe,1000,6907,N=n log(n),77,g,100,0.5066364300251007,0.5426505315303802,0.6524778655519724,-0.1221364438533783,0.24541568756103516,0.5261884927749634,0.7187157869338989,1.1922398090362543
flow_npe,1000,6907,N=n log(n),78,g,100,1.611810257434845,1.611810257434845,1.665645116975794,0.8788083791732788,1.3214420676231384,1.627967357635498,1.857308804988861,2.28240225315094
flow_npe,1000,6907,N=n log(n),79,g,100,0.7056809139251708,0.7116463804244995,0.8157129454914852,0.1529187321662903,0.4145743250846863,0.6687372922897339,0.9813472032546997,1.4060433387756346
flow_npe,1000,6907,N=n log(n),80,g,100,0.8367818677425385,0.8393319523334504,0.9625922597183976,0.14345239400863646,0.5108222365379333,0.7870218753814697,1.0848572850227356,1.7229399681091309
flow_npe,1000,6907,N=n log(n),81,g,100,1.350973060131073,1.350973060131073,1.3931103077175317,0.7532826662063599,1.1212211847305298,1.3563745021820068,1.585120975971222,1.9260493636131286
flow_npe,1000,6907,N=n log(n),82,g,100,1.3466774106025696,1.3466774106025696,1.3861287210831805,0.8781908750534058,1.1654608845710754,1.3189843893051147,1.5207589268684387,1.9200809240341186
flow_npe,1000,6907,N=n log(n),83,g,100,0.6286556315422058,0.6314502215385437,0.7247739978971508,0.1082223653793335,0.38820987939834595,0.6168509721755981,0.8109567761421204,1.338705813884735
flow_npe,1000,6907,N=n log(n),84,g,100,0.8463337659835816,0.8463337659835816,0.913758906780452,0.22965197563171386,0.6227017045021057,0.8061116933822632,1.1090946793556213,1.3799573898315427
flow_npe,1000,6907,N=n log(n),85,g,100,1.3317265844345092,1.3317265844345092,1.411325786115867,0.5955426216125488,0.984247088432312,1.359576940536499,1.6844434142112732,2.081875944137573
flow_npe,1000,6907,N=n log(n),86,g,100,0.6833715808391571,0.697739087343216,0.7868504417733868,0.04253698587417603,0.4975062608718872,0.6980726718902588,0.9211846590042114,1.302074909210205
flow_npe,1000,6907,N=n log(n),87,g,100,1.1188243889808656,1.1193738436698915,1.2286030840445885,0.26856679916381837,0.7531824111938477,1.1080607175827026,1.3714774250984192,1.942150068283081
flow_npe,1000,6907,N=n log(n),88,g,100,0.8809343218803406,0.8809343218803406,0.9428352637234186,0.34043111801147463,0.6446457505226135,0.8852686882019043,1.1207516193389893,1.3991446495056152
flow_npe,1000,6907,N=n log(n),89,g,100,0.9295963954925537,0.9295963954925537,1.0052560748806696,0.2705650210380554,0.6504924893379211,0.9039459228515625,1.2001258730888367,1.5187606334686279
flow_npe,1000,6907,N=n log(n),90,g,100,1.094494743347168,1.094494743347168,1.1638355235845779,0.4060600519180298,0.8408764600753784,1.0677183866500854,1.2991292476654053,1.904999566078186
flow_npe,1000,6907,N=n log(n),91,g,100,0.7169226014614105,0.7201664841175079,0.8131142388005888,0.18223199844360352,0.4280855655670166,0.7209059000015259,0.9425414800643921,1.3264695644378661
flow_npe,1000,6907,N=n log(n),92,g,100,1.5095601463317871,1.5095601463317871,1.5422503264193352,1.028272795677185,1.2798576951026917,1.503292202949524,1.6594524383544922,2.0720484495162963
flow_npe,1000,6907,N=n log(n),93,g,100,1.1043552327156068,1.1043552327156068,1.1644567391294736,0.5542405962944031,0.8442705273628235,1.0848313570022583,1.3594531416893005,1.7131433248519896
flow_npe,1000,6907,N=n log(n),94,g,100,0.1981753432750702,0.30238374829292297,0.383020623074128,-0.27727445363998415,-0.026687949895858765,0.17154467105865479,0.3907122015953064,0.700089144706726
flow_npe,1000,6907,N=n log(n),95,g,100,1.1868518662452698,1.1868518662452698,1.2444153884887823,0.6057570695877075,0.9505969882011414,1.1570965051651,1.4621067643165588,1.7672686934471131
flow_npe,1000,6907,N=n log(n),96,g,100,0.6389154016971588,0.6693056666851044,0.7875355540451332,-0.10838794112205505,0.3015288710594177,0.6408892869949341,0.925462543964386,1.4507650375366208
flow_npe,1000,6907,N=n log(n),97,g,100,0.5279404044151306,0.5385364937782288,0.6508976918026462,-0.02292923331260681,0.29639381170272827,0.4849841594696045,0.6993028521537781,1.2267959237098691
flow_npe,1000,6907,N=n log(n),98,g,100,1.6002552580833436,1.6002552580833436,1.65226915157699,0.8991556644439698,1.315705955028534,1.6703311204910278,1.859891951084137,2.2253175258636473
flow_npe,1000,6907,N=n log(n),99,g,100,0.5072865426540375,0.5462971460819245,0.6500923105779413,-0.1271017014980316,0.23866212368011475,0.5372298955917358,0.7491642832756042,1.0811632275581358
flow_npe,1000,6907,N=n log(n),100,g,100,1.1565698385238647,1.1565698385238647,1.223151554477225,0.5431654930114747,0.9109588861465454,1.1453551054000854,1.3903181552886963,1.8478108644485474
flow_npe,1000,31622,N=n^(3/2),0,g,100,-0.17078738927841186,0.3671980738639832,0.457207510941991,-0.8934244036674499,-0.4085689187049866,-0.14564162492752075,0.1410219669342041,0.49906986951828003
flow_npe,1000,31622,N=n^(3/2),1,g,100,0.3493185043334961,0.41975605487823486,0.5290597517798303,-0.25902443528175356,0.0518832802772522,0.3409010171890259,0.6180732846260071,1.0833982229232788
flow_npe,1000,31622,N=n^(3/2),2,g,100,-0.04616296172142029,0.24771705985069276,0.3018463089958304,-0.48570290207862854,-0.24973812699317932,-0.06540948152542114,0.19110137224197388,0.42984136343002316
flow_npe,1000,31622,N=n^(3/2),3,g,100,0.28553617238998413,0.4096699595451355,0.5233998853753835,-0.40450526475906373,-0.01821368932723999,0.2753925323486328,0.5370674729347229,0.9962302327156064
flow_npe,1000,31622,N=n^(3/2),4,g,100,0.1181715989112854,0.31716495275497436,0.41076438431297474,-0.4417029321193695,-0.17102006077766418,0.0460047721862793,0.4272773265838623,0.8035799622535705
flow_npe,1000,31622,N=n^(3/2),5,g,100,0.24272804975509643,0.3720418477058411,0.4584094168077369,-0.37354634404182435,-0.0578269362449646,0.2490379810333252,0.5062567591667175,0.9045992493629456
flow_npe,1000,31622,N=n^(3/2),6,g,100,-0.25384500026702883,0.3607343244552612,0.42099040493640427,-0.6954194486141205,-0.5258072912693024,-0.3003126382827759,-0.05570065975189209,0.4136895537376403
flow_npe,1000,31622,N=n^(3/2),7,g,100,-0.06547714352607727,0.35173004746437075,0.43108318236391036,-0.6998561084270477,-0.3742629587650299,-0.11333537101745605,0.22994893789291382,0.6214123249053954
flow_npe,1000,31622,N=n^(3/2),8,g,100,0.014488393068313598,0.3324232518672943,0.41255621743889226,-0.6923579335212707,-0.30920419096946716,-0.0026868581771850586,0.3308630585670471,0.7372412562370299
flow_npe,1000,31622,N=n^(3/2),9,g,100,0.0504654598236084,0.29364595890045164,0.37934610909391525,-0.5338079512119294,-0.20499610900878906,0.0629347562789917,0.2653757333755493,0.6963200449943542
flow_npe,1000,31622,N=n^(3/2),10,g,100,0.4312075579166412,0.4741005885601044,0.5675582312993581,-0.1659930408000946,0.2203161120414734,0.3949230909347534,0.6917547583580017,1.037229585647583
flow_npe,1000,31622,N=n^(3/2),11,g,100,0.41515538454055784,0.4910119462013245,0.620750636951308,-0.3168310821056366,0.12601691484451294,0.3455815315246582,0.7096399068832397,1.23329381942749
flow_npe,1000,31622,N=n^(3/2),12,g,100,-0.20097434759140015,0.35667134523391725,0.4444077762848319,-0.751337879896164,-0.4753235876560211,-0.2119898796081543,0.014757990837097168,0.43142637014389024
flow_npe,1000,31622,N=n^(3/2),13,g,100,0.6386713349819183,0.6480335485935211,0.763656769317423,0.017888355255126952,0.2948762774467468,0.655825138092041,0.9161155819892883,1.2501421213150024
flow_npe,1000,31622,N=n^(3/2),14,g,100,0.08091646194458008,0.3470287704467773,0.45199802742502926,-0.5996537566184997,-0.164777010679245,0.06680536270141602,0.33079957962036133,0.9652006864547729
flow_npe,1000,31622,N=n^(3/2),15,g,100,0.13823031306266784,0.3066043531894684,0.3899640485800254,-0.3988757193088531,-0.13818740844726562,0.09050536155700684,0.4100490212440491,0.8170221805572507
flow_npe,1000,31622,N=n^(3/2),16,g,100,0.23984355688095094,0.3900288033485413,0.49193557992429354,-0.4147815525531769,-0.07877454161643982,0.2316819429397583,0.5608637928962708,0.9659253239631651
flow_npe,1000,31622,N=n^(3/2),17,g,100,0.4211539125442505,0.4799553537368774,0.6197992470882546,-0.2534534513950348,0.08575481176376343,0.36031877994537354,0.7068291902542114,1.1736536502838129
flow_npe,1000,31622,N=n^(3/2),18,g,100,0.1289221489429474,0.30308825373649595,0.3814007841488727,-0.4625368118286133,-0.10639655590057373,0.10971641540527344,0.38619041442871094,0.6948639273643493
flow_npe,1000,31622,N=n^(3/2),19,g,100,0.1015363371372223,0.3991789472103119,0.5030737036870905,-0.598771721124649,-0.2192775011062622,0.06440126895904541,0.38327938318252563,0.9941453576087951
flow_npe,1000,31622,N=n^(3/2),20,g,100,0.17621095418930055,0.40822477102279664,0.498920461845746,-0.5836174070835114,-0.11776086688041687,0.17315411567687988,0.4961552023887634,0.9216554522514342
flow_npe,1000,31622,N=n^(3/2),21,g,100,-0.039468785524368284,0.3015324413776398,0.40398692315922863,-0.6299997448921203,-0.28102582693099976,-0.07509499788284302,0.19547683000564575,0.5868544220924377
flow_npe,1000,31622,N=n^(3/2),22,g,100,0.5168418657779693,0.5488601958751679,0.6746766343301259,-0.07718690037727355,0.2188323736190796,0.5088739395141602,0.7604140043258667,1.3691523790359497
flow_npe,1000,31622,N=n^(3/2),23,g,100,-0.06719085216522216,0.32535644054412843,0.41250632372666807,-0.5855695724487304,-0.3255515694618225,-0.14023345708847046,0.12636971473693848,0.6501583576202392
flow_npe,1000,31622,N=n^(3/2),24,g,100,-0.006219446659088135,0.28695675611495974,0.3451491759727392,-0.5204574704170227,-0.265987753868103,-7.510185241699219e-06,0.225860595703125,0.5383427500724791
flow_npe,1000,31622,N=n^(3/2),25,g,100,0.15618185997009276,0.3556732177734375,0.44467148091787984,-0.5301870405673981,-0.12485593557357788,0.12159204483032227,0.4879767894744873,0.8289914727210997
flow_npe,1000,31622,N=n^(3/2),26,g,100,0.5407143688201904,0.5934438371658325,0.7311078284156389,-0.176751834154129,0.13735175132751465,0.5439634323120117,0.8707849383354187,1.3522434592247006
flow_npe,1000,31622,N=n^(3/2),27,g,100,0.04746974229812622,0.3120085883140564,0.40340379105909707,-0.5788773775100708,-0.2059403657913208,0.03715920448303223,0.2803128957748413,0.6440019488334654
flow_npe,1000,31622,N=n^(3/2),28,g,100,0.18109423995018006,0.37665717720985414,0.46884955893130686,-0.42264777421951294,-0.19092947244644165,0.1276036500930786,0.5216500163078308,0.8894556164741513
flow_npe,1000,31622,N=n^(3/2),29,g,100,0.22134318709373474,0.3460274660587311,0.4326435000965673,-0.3698298990726471,0.013182401657104492,0.20510268211364746,0.4308454394340515,0.870347511768341
flow_npe,1000,31622,N=n^(3/2),30,g,100,0.045685781240463255,0.31230072140693665,0.40672954422169644,-0.5077601373195648,-0.19305089116096497,-0.018580079078674316,0.29337239265441895,0.7932906627655029
flow_npe,1000,31622,N=n^(3/2),31,g,100,0.011509743928909301,0.37845882773399353,0.4652938898104851,-0.6131091594696045,-0.34241625666618347,-0.0051299333572387695,0.38531482219696045,0.7519134402275084
flow_npe,1000,31622,N=n^(3/2),32,g,100,-0.03992796301841736,0.26756898283958436,0.32780178494159184,-0.4802236676216125,-0.2689197063446045,-0.05981725454330444,0.15833157300949097,0.47737866640090937
flow_npe,1000,31622,N=n^(3/2),33,g,100,0.4428681981563568,0.5264423048496246,0.6427032878998817,-0.32956708073616026,0.17866402864456177,0.43781590461730957,0.7659478187561035,1.0979929327964781
flow_npe,1000,31622,N=n^(3/2),34,g,100,-0.16123714089393615,0.3346457397937775,0.4097470585238406,-0.7495886445045471,-0.40354689955711365,-0.16584259271621704,0.04988378286361694,0.5520636558532714
flow_npe,1000,31622,N=n^(3/2),35,g,100,0.13186715722084044,0.39452693819999696,0.476226997943939,-0.5836008787155151,-0.20560181140899658,0.16690552234649658,0.45941656827926636,0.8065324425697322
flow_npe,1000,31622,N=n^(3/2),36,g,100,0.09845329165458679,0.3361132538318634,0.42305194578505306,-0.5489641666412354,-0.22952356934547424,0.0878983736038208,0.3937304615974426,0.7698482155799864
flow_npe,1000,31622,N=n^(3/2),37,g,100,0.4406583607196808,0.49558584570884706,0.6154880590795605,-0.16175264716148374,0.13908874988555908,0.46432268619537354,0.7264807820320129,1.1703966856002808
flow_npe,1000,31622,N=n^(3/2),38,g,100,0.21541553258895874,0.3603768801689148,0.4915207997831741,-0.43882023692131045,-0.07679975032806396,0.15617835521697998,0.4544580578804016,1.0027179837226867
flow_npe,1000,31622,N=n^(3/2),39,g,100,0.25733747601509094,0.35293521761894225,0.45617054962572406,-0.2657598793506622,-0.008190006017684937,0.202886700630188,0.5027104020118713,0.9471607446670529
flow_npe,1000,31622,N=n^(3/2),40,g,100,0.42222504258155824,0.4632693326473236,0.5952751422687671,-0.1740933358669281,0.12658029794692993,0.37494957447052,0.6263673305511475,1.1658771038055415
flow_npe,1000,31622,N=n^(3/2),41,g,100,1.5787659978866577,1.5787659978866577,1.6012884400220984,1.1625216960906983,1.3734492063522339,1.5964934825897217,1.7674606442451477,2.0382328987121583
flow_npe,1000,31622,N=n^(3/2),42,g,100,0.03789155602455139,0.36206045985221863,0.45094544440449424,-0.7329550921916962,-0.26998239755630493,0.027449846267700195,0.35062921047210693,0.8335096001625061
flow_npe,1000,31622,N=n^(3/2),43,g,100,0.47135618567466736,0.5090149796009064,0.6147634127171582,-0.20372072458267212,0.18601053953170776,0.4557145833969116,0.7342728972434998,1.084666669368744
flow_npe,1000,31622,N=n^(3/2),44,g,100,0.22625134587287904,0.3311715638637543,0.41160253024807375,-0.3040556848049164,0.003183692693710327,0.2013453245162964,0.4508988857269287,0.7882102131843565
flow_npe,1000,31622,N=n^(3/2),45,g,100,0.5373756337165833,0.5808663868904114,0.7284734966712005,-0.1556622266769409,0.17507892847061157,0.5086692571640015,0.7969695329666138,1.2903032779693604
flow_npe,1000,31622,N=n^(3/2),46,g,100,0.05496569514274597,0.2960561144351959,0.3772631999940588,-0.3950326323509216,-0.20888420939445496,-0.006077110767364502,0.29226094484329224,0.7873275637626646
flow_npe,1000,31622,N=n^(3/2),47,g,100,-0.12048467636108398,0.41370855808258056,0.5030795500639107,-0.7747328341007232,-0.4503220021724701,-0.19738829135894775,0.14264380931854248,0.8549551725387572
flow_npe,1000,31622,N=n^(3/2),48,g,100,0.3667302882671356,0.4348809540271759,0.5265580968068484,-0.26740129590034484,0.10431599617004395,0.4081205129623413,0.634517252445221,1.0411899089813232
flow_npe,1000,31622,N=n^(3/2),49,g,100,-0.3067019832134247,0.432830308675766,0.5065170652772157,-0.8637099862098694,-0.6153416037559509,-0.3518473505973816,-0.0034082531929016113,0.4521471619606018
flow_npe,1000,31622,N=n^(3/2),50,g,100,0.270363290309906,0.3573697066307068,0.4728645919398029,-0.26924299597740176,0.014872848987579346,0.1869370937347412,0.48029792308807373,0.9729333162307737
flow_npe,1000,31622,N=n^(3/2),51,g,100,0.07787232041358948,0.30680220484733584,0.3966809529640619,-0.4663112878799438,-0.18381327390670776,0.045459747314453125,0.33868443965911865,0.8317446589469909
flow_npe,1000,31622,N=n^(3/2),52,g,100,0.9538679146766662,0.9538679146766662,1.0349513893376368,0.46606394052505495,0.6811486482620239,0.9139976501464844,1.1800279021263123,1.7629628896713254
flow_npe,1000,31622,N=n^(3/2),53,g,100,0.043006263971328736,0.2955170428752899,0.37823839140631127,-0.4596464216709137,-0.20400071144104004,-0.012732267379760742,0.25144779682159424,0.7418659925460815
flow_npe,1000,31622,N=n^(3/2),54,g,100,0.10497862935066223,0.28857406973838806,0.3857027306431736,-0.49211365580558775,-0.08171752095222473,0.12643826007843018,0.29324740171432495,0.6706645965576166
flow_npe,1000,31622,N=n^(3/2),55,g,100,0.2529847609996796,0.39560759663581846,0.5013249322453698,-0.4053726077079773,-0.05438435077667236,0.23007500171661377,0.5794460773468018,1.01126309633255
flow_npe,1000,31622,N=n^(3/2),56,g,100,-0.03425730347633362,0.26684991478919984,0.32095934607177334,-0.5927882075309754,-0.2838454842567444,-0.02818089723587036,0.18393170833587646,0.48404400348663323
flow_npe,1000,31622,N=n^(3/2),57,g,100,0.39038384675979615,0.4619968008995056,0.5790923376036288,-0.2685074806213379,0.1007278561592102,0.382440447807312,0.6801628470420837,1.0978007078170775
flow_npe,1000,31622,N=n^(3/2),58,g,100,0.23009404182434082,0.3249527645111084,0.43918859958545137,-0.2349471628665924,-0.06206977367401123,0.15364038944244385,0.4407064914703369,0.9807175636291504
flow_npe,1000,31622,N=n^(3/2),59,g,100,0.25465365171432497,0.36926305055618286,0.47331163902511375,-0.3128276765346527,-0.008605778217315674,0.2024688720703125,0.4743742346763611,0.9714428544044493
flow_npe,1000,31622,N=n^(3/2),60,g,100,0.2582304191589355,0.4034407615661621,0.4892984198677709,-0.4254510462284088,-0.0471552312374115,0.2764378786087036,0.5697467923164368,0.823389661312103
flow_npe,1000,31622,N=n^(3/2),61,g,100,-0.1238740050792694,0.34453125834465026,0.42834788058353046,-0.6850241303443909,-0.3955633044242859,-0.2057456374168396,0.10383522510528564,0.5053083419799801
flow_npe,1000,31622,N=n^(3/2),62,g,100,0.07352126479148864,0.33469085812568666,0.44669289465081835,-0.4854334592819214,-0.238107830286026,0.0073702335357666016,0.2934606075286865,1.0735216856002807
flow_npe,1000,31622,N=n^(3/2),63,g,100,0.31504668593406676,0.4623468887805939,0.5650250331556412,-0.49777652621269225,-0.04483476281166077,0.34984147548675537,0.5925190448760986,1.026525628566742
flow_npe,1000,31622,N=n^(3/2),64,g,100,0.42786783337593076,0.4597849452495575,0.5500031786156656,-0.10945098996162414,0.20585399866104126,0.3802725076675415,0.6341078877449036,1.0495609641075134
flow_npe,1000,31622,N=n^(3/2),65,g,100,0.4220556914806366,0.47133156418800354,0.6307077175435066,-0.16320571303367615,0.06856423616409302,0.36358726024627686,0.6879862546920776,1.3950913071632385
flow_npe,1000,31622,N=n^(3/2),66,g,100,0.30599918961524963,0.34240699172019956,0.42822575585274264,-0.11465429663658142,0.13849008083343506,0.2905062437057495,0.4771197438240051,0.7747300624847412
flow_npe,1000,31622,N=n^(3/2),67,g,100,0.4897031807899475,0.5357745146751404,0.673126528782856,-0.2184855580329895,0.14388251304626465,0.4273132085800171,0.8184987306594849,1.3194782853126525
flow_npe,1000,31622,N=n^(3/2),68,g,100,0.05382695436477661,0.27229723691940305,0.34369019290268377,-0.5013030350208283,-0.17283469438552856,0.055097222328186035,0.26966404914855957,0.5746585369110107
flow_npe,1000,31622,N=n^(3/2),69,g,100,0.12470991373062133,0.3938278126716614,0.490742645834057,-0.5804049074649811,-0.22835984826087952,0.12377810478210449,0.42594343423843384,0.9023052573204039
flow_npe,1000,31622,N=n^(3/2),70,g,100,0.4811508560180664,0.5383271503448487,0.6794654342556398,-0.2305998682975769,0.12069576978683472,0.4959343671798706,0.8076651096343994,1.3573541045188902
flow_npe,1000,31622,N=n^(3/2),71,g,100,0.2140285551548004,0.3132099711894989,0.3902709474645908,-0.2911127746105194,0.01868116855621338,0.2095932960510254,0.4017888903617859,0.770171582698822
flow_npe,1000,31622,N=n^(3/2),72,g,100,0.16590449452400208,0.3209709966182709,0.43663206288872053,-0.4331164002418518,-0.06473708152770996,0.10372674465179443,0.36690717935562134,0.9129233956336975
flow_npe,1000,31622,N=n^(3/2),73,g,100,0.4510753262042999,0.4737139642238617,0.5804905504895982,-0.05627471208572387,0.16259413957595825,0.456243634223938,0.6575839519500732,1.1164095282554627
flow_npe,1000,31622,N=n^(3/2),74,g,100,0.20063099026679992,0.28186641573905946,0.3729360084887537,-0.2404372215270996,-0.0314197838306427,0.1612635850906372,0.4215475916862488,0.724462020397186
flow_npe,1000,31622,N=n^(3/2),75,g,100,0.01879230260848999,0.28767154455184935,0.354937450547122,-0.5551281154155732,-0.24107059836387634,0.046474575996398926,0.2332180142402649,0.5824426293373107
flow_npe,1000,31622,N=n^(3/2),76,g,100,0.24841541886329652,0.34171621680259706,0.44307605299667974,-0.2387454867362976,-0.04801163077354431,0.19009578227996826,0.4770992398262024,0.8322648882865905
flow_npe,1000,31622,N=n^(3/2),77,g,100,0.24155977249145508,0.37550996780395507,0.4844706744760859,-0.47697644829750063,-0.015872091054916382,0.2636561393737793,0.44959068298339844,0.9111186623573297
flow_npe,1000,31622,N=n^(3/2),78,g,100,0.07719970464706422,0.3495194983482361,0.44377834444622183,-0.5390787124633789,-0.21867406368255615,0.06019449234008789,0.3063114881515503,0.8630206346511841
flow_npe,1000,31622,N=n^(3/2),79,g,100,0.1420378243923187,0.3341074192523956,0.43315604164624766,-0.40794738531112673,-0.184108167886734,0.08980512619018555,0.392741322517395,0.8630401492118835
flow_npe,1000,31622,N=n^(3/2),80,g,100,0.16466275691986085,0.3368551874160767,0.44619162985540206,-0.4236066699028015,-0.13500910997390747,0.11882030963897705,0.39201486110687256,0.9789212465286254
flow_npe,1000,31622,N=n^(3/2),81,g,100,0.14070136189460755,0.34599692702293394,0.4283561968017486,-0.5024687826633453,-0.13826358318328857,0.14573264122009277,0.42801856994628906,0.8156388521194456
flow_npe,1000,31622,N=n^(3/2),82,g,100,0.2502021336555481,0.3565166211128235,0.47252993022622075,-0.3254828155040741,0.009256303310394287,0.1865302324295044,0.4597358703613281,0.9820690155029296
flow_npe,1000,31622,N=n^(3/2),83,g,100,0.39963473200798033,0.47860904335975646,0.6204335918217401,-0.20844606757164,0.044829726219177246,0.36037707328796387,0.6728959083557129,1.3014030218124386
flow_npe,1000,31622,N=n^(3/2),84,g,100,0.13764503955841065,0.33659168720245364,0.4119752506968916,-0.3809070408344269,-0.19016152620315552,0.1604248285293579,0.37539249658584595,0.8715020298957824
flow_npe,1000,31622,N=n^(3/2),85,g,100,0.010576931238174438,0.3662094485759735,0.46899186972068424,-0.6582583308219909,-0.28143590688705444,-0.01914447546005249,0.35009753704071045,0.7013844609260559
flow_npe,1000,31622,N=n^(3/2),86,g,100,0.11697917342185975,0.288838711977005,0.3653912328870134,-0.3727561831474304,-0.11833319067955017,0.11609125137329102,0.3508729338645935,0.7039736986160279
flow_npe,1000,31622,N=n^(3/2),87,g,100,0.2660667645931244,0.3380145800113678,0.42440096620229817,-0.23076655864715576,0.021484076976776123,0.26028454303741455,0.4712473750114441,0.8394741535186767
flow_npe,1000,31622,N=n^(3/2),88,g,100,0.06036550402641296,0.2829920256137848,0.3562799420436944,-0.4247801423072815,-0.1930130124092102,0.02255392074584961,0.29828470945358276,0.6515659809112548
flow_npe,1000,31622,N=n^(3/2),89,g,100,0.05115432262420654,0.32002904891967776,0.3971796546549721,-0.5567392468452453,-0.2178802490234375,0.05165600776672363,0.3267595171928406,0.7142987370491025
flow_npe,1000,31622,N=n^(3/2),90,g,100,-0.026698060035705566,0.36536348819732667,0.47182204155939095,-0.7096845924854278,-0.33206307888031006,-0.12123167514801025,0.22081005573272705,0.7806945085525507
flow_npe,1000,31622,N=n^(3/2),91,g,100,0.2516643679141998,0.40116107821464536,0.5282554787984829,-0.42190163731575014,-0.12362661957740784,0.2315737009048462,0.4997456669807434,1.0095036268234252
flow_npe,1000,31622,N=n^(3/2),92,g,100,0.18828291535377503,0.3732613408565521,0.4874064377217102,-0.45669621229171753,-0.14622491598129272,0.19102907180786133,0.37137043476104736,1.1076822519302365
flow_npe,1000,31622,N=n^(3/2),93,g,100,0.3493813741207123,0.42101510167121886,0.542179778102914,-0.23056424856185911,0.019804656505584717,0.32208144664764404,0.5995228886604309,1.1366843104362487
flow_npe,1000,31622,N=n^(3/2),94,g,100,-0.19704892635345458,0.3506542015075684,0.42463428900442757,-0.7587727427482605,-0.4528101086616516,-0.23116445541381836,0.01234060525894165,0.40199540853500365
flow_npe,1000,31622,N=n^(3/2),95,g,100,0.543818165063858,0.5699250686168671,0.6770168402302559,-0.0677774429321289,0.310585081577301,0.5221078395843506,0.8226833939552307,1.2420121073722838
flow_npe,1000,31622,N=n^(3/2),96,g,100,0.439187650680542,0.5343154525756836,0.6724223144484606,-0.3939847409725189,0.0798107385635376,0.4270528554916382,0.7538149356842041,1.3221900224685665
flow_npe,1000,31622,N=n^(3/2),97,g,100,0.06314280986785889,0.34965121269226074,0.4594007119014206,-0.5388996124267578,-0.2263026237487793,0.013676166534423828,0.2732866406440735,0.9681082367897031
flow_npe,1000,31622,N=n^(3/2),98,g,100,0.2198534393310547,0.418961501121521,0.5146940478567126,-0.4869050085544586,-0.11854720115661621,0.27197718620300293,0.5491780042648315,0.8855940341949459
flow_npe,1000,31622,N=n^(3/2),99,g,100,0.15459769248962402,0.33388902187347413,0.42701814178775166,-0.5190491676330566,-0.10350564122200012,0.1349775791168213,0.4414428472518921,0.7297140359878536
flow_npe,1000,31622,N=n^(3/2),100,g,100,0.13194400072097778,0.2985275149345398,0.3834193096927227,-0.42518105506896975,-0.1120867133140564,0.11208832263946533,0.33483004570007324,0.7334188938140869
flow_npe,1000,1000000,N=n^2,0,g,100,0.08130376100540161,0.18192997694015503,0.23897290381704483,-0.305074018239975,-0.06524407863616943,0.06272470951080322,0.2096235752105713,0.44654926061630246
flow_npe,1000,1000000,N=n^2,1,g,100,0.11135918378829956,0.1823696732521057,0.2343987788503697,-0.19128895401954651,-0.029521137475967407,0.1057882308959961,0.22717636823654175,0.4715418934822082
flow_npe,1000,1000000,N=n^2,2,g,100,-0.05361802101135254,0.16777370929718016,0.2164603285052421,-0.40472768545150756,-0.16729745268821716,-0.061134159564971924,0.05483180284500122,0.23821307420730575
flow_npe,1000,1000000,N=n^2,3,g,100,0.0501925253868103,0.18525559663772584,0.23869727520067288,-0.29110148549079895,-0.08678165078163147,0.03657412528991699,0.20187586545944214,0.43839652538299545
flow_npe,1000,1000000,N=n^2,4,g,100,0.12757416367530822,0.19267731547355652,0.254353830074384,-0.16437051296234131,-0.025967717170715332,0.07369804382324219,0.2801022529602051,0.4904276132583617
flow_npe,1000,1000000,N=n^2,5,g,100,-0.009888168573379517,0.1487666857242584,0.18287098961205586,-0.3296006560325622,-0.13833937048912048,-0.021454334259033203,0.1106840968132019,0.3081989884376526
flow_npe,1000,1000000,N=n^2,6,g,100,-0.12879036068916322,0.1797607147693634,0.21717712929661878,-0.40823161602020264,-0.22607076168060303,-0.14630556106567383,-0.001967132091522217,0.19377747774124146
flow_npe,1000,1000000,N=n^2,7,g,100,0.038832292556762696,0.17594004154205323,0.2252138168982311,-0.2936910569667816,-0.10528171062469482,0.027591943740844727,0.1806802749633789,0.36651600599288925
flow_npe,1000,1000000,N=n^2,8,g,100,-0.029236832857131956,0.18784013390541077,0.23990541380069683,-0.36251252293586733,-0.17528504133224487,-0.05662161111831665,0.0921970009803772,0.38842010498046875
flow_npe,1000,1000000,N=n^2,9,g,100,-0.0018495893478393554,0.17592017650604247,0.21675898821304923,-0.34826831221580506,-0.1373462975025177,-0.01032179594039917,0.1594228744506836,0.3533177971839905
flow_npe,1000,1000000,N=n^2,10,g,100,0.16082751989364624,0.24421743154525757,0.30265182549972564,-0.2970737636089325,0.018113315105438232,0.16154634952545166,0.32661330699920654,0.5552913188934325
flow_npe,1000,1000000,N=n^2,11,g,100,0.01861211895942688,0.15679232001304627,0.19386290497543718,-0.30447086691856384,-0.10157501697540283,0.0073670148849487305,0.16060632467269897,0.3318014740943908
flow_npe,1000,1000000,N=n^2,12,g,100,0.028932676315307618,0.17274850368499756,0.21302836284383567,-0.2987168252468109,-0.1262611746788025,0.02605295181274414,0.18132668733596802,0.36942483186721803
flow_npe,1000,1000000,N=n^2,13,g,100,0.06631235718727112,0.1765560281276703,0.23293571590675555,-0.2523967087268829,-0.07041478157043457,0.04188573360443115,0.19193178415298462,0.4619264125823974
flow_npe,1000,1000000,N=n^2,14,g,100,0.08229028582572936,0.19424060940742494,0.2573318998585995,-0.254410994052887,-0.08576327562332153,0.04576253890991211,0.22626304626464844,0.4681334376335144
flow_npe,1000,1000000,N=n^2,15,g,100,0.008626167774200439,0.18842962980270386,0.2329233792769688,-0.33491111397743223,-0.17202228307724,-0.004833817481994629,0.157198965549469,0.4171001195907592
flow_npe,1000,1000000,N=n^2,16,g,100,0.1051547348499298,0.17098235487937927,0.2160489676999425,-0.1980496823787689,-0.021225780248641968,0.1021735668182373,0.2187720537185669,0.45382277965545637
flow_npe,1000,1000000,N=n^2,17,g,100,0.015548020601272583,0.18025708556175232,0.23177367642713642,-0.38618927597999575,-0.13193145394325256,0.037277817726135254,0.1687694787979126,0.33709220886230457
flow_npe,1000,1000000,N=n^2,18,g,100,0.01162930130958557,0.14216394782066344,0.1754227022403143,-0.28693629503250123,-0.09683239459991455,0.007663369178771973,0.13794952630996704,0.2922201991081237
flow_npe,1000,1000000,N=n^2,19,g,100,0.055362229347229,0.170003719329834,0.20543623011136414,-0.2705595135688782,-0.08736678957939148,0.0365978479385376,0.20200347900390625,0.3481285095214843
flow_npe,1000,1000000,N=n^2,20,g,100,0.006618782281875611,0.1722503983974457,0.20803199145604678,-0.2888441264629364,-0.148313969373703,-0.015624046325683594,0.13228565454483032,0.3725596189498901
flow_npe,1000,1000000,N=n^2,21,g,100,0.04344252586364746,0.15440512657165528,0.20762729069965827,-0.2467730462551117,-0.0973081886768341,0.024247288703918457,0.16307848691940308,0.35916028022766094
flow_npe,1000,1000000,N=n^2,22,g,100,0.05373566389083862,0.21493809461593627,0.2977238505413084,-0.3659751951694489,-0.11605831980705261,0.015707731246948242,0.14138615131378174,0.6905933618545531
flow_npe,1000,1000000,N=n^2,23,g,100,0.10430713772773742,0.1805311620235443,0.2296161152102061,-0.1917160928249359,-0.005465984344482422,0.1208418607711792,0.2173634171485901,0.40569559335708616
flow_npe,1000,1000000,N=n^2,24,g,100,0.2535831344127655,0.2752328884601593,0.3220790961867103,-0.05884878039360046,0.12982338666915894,0.24434363842010498,0.3935163617134094,0.5891134738922119
flow_npe,1000,1000000,N=n^2,25,g,100,0.28462069511413574,0.2930172491073608,0.3394310242828431,-0.0194070816040039,0.16828268766403198,0.26235008239746094,0.4001185894012451,0.5594258189201353
flow_npe,1000,1000000,N=n^2,26,g,100,0.19992375016212463,0.24979836821556092,0.30193700511494576,-0.22241776585578918,0.060411810874938965,0.19657719135284424,0.3476499319076538,0.5193572282791137
flow_npe,1000,1000000,N=n^2,27,g,100,0.0678622543811798,0.18872156500816345,0.24479299784801187,-0.3366380214691162,-0.056631892919540405,0.05509912967681885,0.20511621236801147,0.4205024957656859
flow_npe,1000,1000000,N=n^2,28,g,100,0.04671211004257202,0.19571170091629028,0.23967866639602978,-0.32136365175247195,-0.12431475520133972,0.058565378189086914,0.19800174236297607,0.49570322036743164
flow_npe,1000,1000000,N=n^2,29,g,100,0.15199462532997132,0.22800588011741638,0.2871378063619745,-0.2356222987174988,-0.0305483341217041,0.14954698085784912,0.2930774688720703,0.5911277532577515
flow_npe,1000,1000000,N=n^2,30,g,100,-0.00982641100883484,0.14517645716667174,0.18199412276527838,-0.3644201934337616,-0.13551363348960876,0.00558924674987793,0.11671614646911621,0.25518550872802737
flow_npe,1000,1000000,N=n^2,31,g,100,0.10074730515480042,0.18467560172080993,0.24267078414316598,-0.19279706478118896,-0.04330599308013916,0.08542954921722412,0.2513594627380371,0.43315308094024646
flow_npe,1000,1000000,N=n^2,32,g,100,-0.040561485290527347,0.15423574447631835,0.19165189297509558,-0.3553368628025055,-0.16329166293144226,-0.04314827919006348,0.08899438381195068,0.2902742028236389
flow_npe,1000,1000000,N=n^2,33,g,100,0.136015408039093,0.20395510911941528,0.26547135998134996,-0.17971949577331542,-0.01560366153717041,0.11658060550689697,0.2881539463996887,0.5079261779785156
flow_npe,1000,1000000,N=n^2,34,g,100,0.12381810426712037,0.17092979192733765,0.22230902274387976,-0.16043595671653746,0.010961592197418213,0.09645676612854004,0.25711339712142944,0.46004376411437986
flow_npe,1000,1000000,N=n^2,35,g,100,0.05630716681480408,0.17550655007362365,0.20858959101859023,-0.2427334427833557,-0.11751827597618103,0.06077587604522705,0.20569461584091187,0.3778982043266296
flow_npe,1000,1000000,N=n^2,36,g,100,-0.09617036819458008,0.19186407566070557,0.23709758810992984,-0.45692906379699705,-0.2554450035095215,-0.1033136248588562,0.045806944370269775,0.22277989387512195
flow_npe,1000,1000000,N=n^2,37,g,100,-0.034654299020767214,0.173558851480484,0.21982810579482087,-0.33886298537254333,-0.1648605763912201,-0.05981791019439697,0.10172194242477417,0.32171913385391226
flow_npe,1000,1000000,N=n^2,38,g,100,0.03994680404663086,0.13856499195098876,0.18830807402415956,-0.3065003752708435,-0.054489195346832275,0.02476787567138672,0.15617609024047852,0.37747482061386106
flow_npe,1000,1000000,N=n^2,39,g,100,-0.0033374035358428953,0.18220533013343812,0.22039736339613566,-0.372872406244278,-0.15358853340148926,0.011705398559570312,0.1714516282081604,0.31086189746856685
flow_npe,1000,1000000,N=n^2,40,g,100,-0.05554775953292847,0.22310152292251587,0.2785830318721587,-0.41245206594467165,-0.2725713551044464,-0.09362190961837769,0.09061038494110107,0.4320279598236081
flow_npe,1000,1000000,N=n^2,41,g,100,nan,nan,nan,3.031788778305054,3.0731781721115112,3.098536729812622,3.145817518234253,3.1968245983123778
flow_npe,1000,1000000,N=n^2,42,g,100,0.01587373614311218,0.17558287262916564,0.21567513591383805,-0.32465845346450806,-0.13231569528579712,0.018752574920654297,0.16929179430007935,0.37761307954788204
flow_npe,1000,1000000,N=n^2,43,g,100,0.0583504319190979,0.17250995397567748,0.21431873447783836,-0.29463537931442263,-0.0842399001121521,0.061591386795043945,0.21202337741851807,0.3462675213813781
flow_npe,1000,1000000,N=n^2,44,g,100,0.11043732166290283,0.1879408073425293,0.23139234169961712,-0.18651671409606932,-0.018703430891036987,0.11655735969543457,0.24166756868362427,0.4115804314613342
flow_npe,1000,1000000,N=n^2,45,g,100,0.3946549415588379,0.400906925201416,0.4734821481847182,-0.0019899606704711897,0.21448129415512085,0.40347838401794434,0.5533851981163025,0.7236520409584044
flow_npe,1000,1000000,N=n^2,46,g,100,-0.04688642859458923,0.17633893370628356,0.21424646451369705,-0.3625487506389618,-0.1957029402256012,-0.048718810081481934,0.09371519088745117,0.29826943874359124
flow_npe,1000,1000000,N=n^2,47,g,100,0.10803485989570617,0.23360255599021912,0.29754499332131784,-0.3613247811794281,-0.07965606451034546,0.10790395736694336,0.271854043006897,0.5480472683906553
flow_npe,1000,1000000,N=n^2,48,g,100,0.03891854643821716,0.13238956570625304,0.15849868930320893,-0.2099599063396454,-0.08668014407157898,0.04414772987365723,0.15637826919555664,0.2602895498275757
flow_npe,1000,1000000,N=n^2,49,g,100,-0.033965213298797606,0.17281364679336547,0.22080260985842226,-0.3640412151813507,-0.17730742692947388,-0.05687248706817627,0.08430922031402588,0.3383607864379883
flow_npe,1000,1000000,N=n^2,50,g,100,0.03924533367156982,0.16961971282958985,0.2134733099732499,-0.2803916811943054,-0.08956462144851685,0.0014411211013793945,0.18884509801864624,0.431524646282196
flow_npe,1000,1000000,N=n^2,51,g,100,-0.10584511756896972,0.20307796478271484,0.24336969997897015,-0.44351919889450075,-0.262254536151886,-0.12433725595474243,0.06394928693771362,0.2542019248008727
flow_npe,1000,1000000,N=n^2,52,g,100,0.11743911862373352,0.16484426856040954,0.21228085782943643,-0.13933573365211488,-0.016423910856246948,0.09588766098022461,0.2516125440597534,0.4623644709587097
flow_npe,1000,1000000,N=n^2,53,g,100,0.03553260564804077,0.15590710401535035,0.20594392355984203,-0.2513934731483459,-0.0804876983165741,0.004766225814819336,0.16029798984527588,0.41163259744644165
flow_npe,1000,1000000,N=n^2,54,g,100,-0.12370834708213806,0.18423658728599548,0.22913386073692033,-0.4333558320999146,-0.27302291989326477,-0.09481704235076904,-0.005951821804046631,0.1922425866127014
flow_npe,1000,1000000,N=n^2,55,g,100,0.10208138585090637,0.18997396349906923,0.23507118710589953,-0.24486150741577148,-0.037907958030700684,0.11343324184417725,0.25630074739456177,0.4056588888168335
flow_npe,1000,1000000,N=n^2,56,g,100,0.12939453721046448,0.18634506106376647,0.22763097410794805,-0.1648015558719635,0.005003005266189575,0.12242269515991211,0.28166013956069946,0.4183420538902281
flow_npe,1000,1000000,N=n^2,57,g,100,-0.0517598819732666,0.1623375177383423,0.20595896664855667,-0.3812010169029236,-0.18142220377922058,-0.04075062274932861,0.08509212732315063,0.2501978278160094
flow_npe,1000,1000000,N=n^2,58,g,100,-0.05061792612075806,0.14506603002548218,0.17915360018803103,-0.3138728439807892,-0.1958754062652588,-0.048737168312072754,0.058096468448638916,0.20979489088058462
flow_npe,1000,1000000,N=n^2,59,g,100,0.06829705476760864,0.182906596660614,0.23861449308684887,-0.3098308861255646,-0.07700088620185852,0.06125962734222412,0.2231014370918274,0.43021349906921386
flow_npe,1000,1000000,N=n^2,60,g,100,-0.08453874588012696,0.1870027542114258,0.2268639831179509,-0.4357012391090393,-0.20806699991226196,-0.10388696193695068,0.08215838670730591,0.2728708744049072
flow_npe,1000,1000000,N=n^2,61,g,100,0.0407601523399353,0.17922013998031616,0.2293036023927812,-0.27890939116477964,-0.1254698932170868,0.03516197204589844,0.17659568786621094,0.41913242340087886
flow_npe,1000,1000000,N=n^2,62,g,100,-0.15199655890464783,0.2185373294353485,0.25443542132749586,-0.4531626284122467,-0.29141077399253845,-0.19077050685882568,-0.06349009275436401,0.22541683912277216
flow_npe,1000,1000000,N=n^2,63,g,100,0.25310028076171875,0.2659549140930176,0.3144957505123543,-0.036806559562683104,0.13107824325561523,0.2531229257583618,0.3739534616470337,0.5754063010215759
flow_npe,1000,1000000,N=n^2,64,g,100,0.08776506781578064,0.17188074231147765,0.2168986537610602,-0.22939993143081666,-0.0503520667552948,0.09128034114837646,0.21203815937042236,0.4154582023620605
flow_npe,1000,1000000,N=n^2,65,g,100,0.15361987829208373,0.21487491369247436,0.2793827199267724,-0.16373180747032165,-0.004243135452270508,0.13927686214447021,0.27690833806991577,0.5445396304130552
flow_npe,1000,1000000,N=n^2,66,g,100,0.06373458147048951,0.16164724588394164,0.2122327722917099,-0.213924241065979,-0.0543140172958374,0.05076611042022705,0.18742042779922485,0.4309340476989746
flow_npe,1000,1000000,N=n^2,67,g,100,0.0354194700717926,0.1671617877483368,0.21260936714040915,-0.2685088515281677,-0.12133607268333435,0.030269384384155273,0.15240371227264404,0.41958352327346776
flow_npe,1000,1000000,N=n^2,68,g,100,0.3107501792907715,0.34502511978149414,0.41111095569138323,-0.10281080603599548,0.1270766258239746,0.3136026859283447,0.4676051735877991,0.816390573978424
flow_npe,1000,1000000,N=n^2,69,g,100,0.07870654463768005,0.1798393452167511,0.22423778594907445,-0.2352765619754791,-0.07795867323875427,0.08658599853515625,0.2421395182609558,0.4327418088912963
flow_npe,1000,1000000,N=n^2,70,g,100,0.09512450456619263,0.16363218545913696,0.21164006379177933,-0.19400320649147035,-0.012105673551559448,0.07865393161773682,0.21229034662246704,0.4366347551345825
flow_npe,1000,1000000,N=n^2,71,g,100,0.03876617670059204,0.14670104742050172,0.18183504400659056,-0.2519927442073822,-0.07397425174713135,0.04304397106170654,0.15843892097473145,0.3225918173789978
flow_npe,1000,1000000,N=n^2,72,g,100,0.12812498927116395,0.2083833086490631,0.25839064329668804,-0.2168535590171814,0.012477129697799683,0.11675393581390381,0.28685009479522705,0.48702714443206785
flow_npe,1000,1000000,N=n^2,73,g,100,0.07033395409584045,0.1876672065258026,0.24832763298288799,-0.29770264625549314,-0.08401528000831604,0.056256890296936035,0.20133370161056519,0.4487787246704101
flow_npe,1000,1000000,N=n^2,74,g,100,0.17384748339653014,0.19997973561286927,0.2570728837020013,-0.0815079689025879,0.04069828987121582,0.13931870460510254,0.3007248044013977,0.5094537258148193
flow_npe,1000,1000000,N=n^2,75,g,100,0.08122104167938232,0.19540371417999267,0.2457554054606055,-0.275646036863327,-0.09079873561859131,0.08242177963256836,0.22740161418914795,0.4333330154418945
flow_npe,1000,1000000,N=n^2,76,g,100,-0.2581568384170532,0.2737964963912964,0.3198399842745303,-0.5254869818687439,-0.3945038616657257,-0.27244681119918823,-0.13545703887939453,0.0291014313697814
flow_npe,1000,1000000,N=n^2,77,g,100,0.277569568157196,0.2967853617668152,0.3539833613537305,-0.044286906719207764,0.11818069219589233,0.279471755027771,0.41119474172592163,0.6916521906852722
flow_npe,1000,1000000,N=n^2,78,g,100,0.14686306238174437,0.2061722731590271,0.27835742697501287,-0.16698532700538635,-0.02722373604774475,0.11307299137115479,0.266299307346344,0.6129054307937623
flow_npe,1000,1000000,N=n^2,79,g,100,0.14774797081947327,0.23360710978507995,0.2902975307423855,-0.2137197196483612,-0.0222301185131073,0.15173304080963135,0.31870037317276,0.48445711135864244
flow_npe,1000,1000000,N=n^2,80,g,100,-0.04880258321762085,0.20024765729904176,0.2560648367094265,-0.4440862238407135,-0.22874614596366882,-0.039327383041381836,0.10756820440292358,0.35042614936828603
flow_npe,1000,1000000,N=n^2,81,g,100,0.021056623458862306,0.16282153129577637,0.201412573918885,-0.2699932873249054,-0.1303207278251648,0.02382206916809082,0.17001008987426758,0.324442160129547
flow_npe,1000,1000000,N=n^2,82,g,100,0.058204442262649536,0.16327154040336608,0.20593520699884427,-0.22808236479759217,-0.09504276514053345,0.025838613510131836,0.19685089588165283,0.38453706502914425
flow_npe,1000,1000000,N=n^2,83,g,100,-0.004229773283004761,0.14961642146110535,0.19338211276568132,-0.3122780084609985,-0.12592777609825134,-0.019852280616760254,0.10414540767669678,0.35131335258483887
flow_npe,1000,1000000,N=n^2,84,g,100,0.04071860671043396,0.1566745150089264,0.19064569840518822,-0.2700135767459869,-0.10638424754142761,0.06487572193145752,0.16083133220672607,0.3555992603302002
flow_npe,1000,1000000,N=n^2,85,g,100,0.15462142944335938,0.19938146114349364,0.252340786938939,-0.14971797466278075,0.02299898862838745,0.16081678867340088,0.2800396680831909,0.48319628238677975
flow_npe,1000,1000000,N=n^2,86,g,100,0.04296694755554199,0.16555654525756835,0.20591021668192921,-0.3055114209651947,-0.08343487977981567,0.06328022480010986,0.17477405071258545,0.3314381957054138
flow_npe,1000,1000000,N=n^2,87,g,100,0.16280207753181458,0.21437009692192077,0.27113869867456514,-0.1637686550617218,-0.002323716878890991,0.14404404163360596,0.33653271198272705,0.49421811103820795
flow_npe,1000,1000000,N=n^2,88,g,100,-0.02451132535934448,0.15654523134231568,0.19914925250715668,-0.3689173638820648,-0.1533627212047577,-0.025075078010559082,0.09652149677276611,0.3063580155372618
flow_npe,1000,1000000,N=n^2,89,g,100,0.06573923707008361,0.18997502207756042,0.23583948259306267,-0.33752983808517456,-0.09081393480300903,0.06556534767150879,0.20730191469192505,0.47414258718490593
flow_npe,1000,1000000,N=n^2,90,g,100,0.18384280323982238,0.22327904105186464,0.28447664404374823,-0.1419927656650543,0.045284271240234375,0.1433495283126831,0.3272591233253479,0.49736616611480683
flow_npe,1000,1000000,N=n^2,91,g,100,0.1896741771697998,0.24809486865997316,0.31072859286926846,-0.16730518341064451,0.020595312118530273,0.17885780334472656,0.3585190176963806,0.6227297902107237
flow_npe,1000,1000000,N=n^2,92,g,100,-0.014721834659576416,0.17188027620315552,0.21905665581315625,-0.35646830797195433,-0.16174033284187317,-0.01185452938079834,0.130548894405365,0.3243721723556518
flow_npe,1000,1000000,N=n^2,93,g,100,0.1422115159034729,0.20746405363082887,0.2636400563510252,-0.18336629271507263,-0.03604644536972046,0.11952340602874756,0.32370489835739136,0.4942532658576965
flow_npe,1000,1000000,N=n^2,94,g,100,0.07662529587745666,0.18383615851402282,0.25048320072352315,-0.24126787185668944,-0.07510989904403687,0.029924750328063965,0.23513174057006836,0.5263636231422424
flow_npe,1000,1000000,N=n^2,95,g,100,0.19038662314414978,0.22409809708595277,0.27902217371534727,-0.11823487877845763,0.06399697065353394,0.18690133094787598,0.29651278257369995,0.5133007407188415
flow_npe,1000,1000000,N=n^2,96,g,100,-0.06906515002250671,0.156080664396286,0.18822602672829586,-0.3361616194248199,-0.20178666710853577,-0.0771072506904602,0.07605522871017456,0.20833585262298576
flow_npe,1000,1000000,N=n^2,97,g,100,0.03535849332809448,0.15222360372543334,0.19050640613583203,-0.26260884404182433,-0.10832679271697998,0.02647411823272705,0.15295535326004028,0.3470039606094359
flow_npe,1000,1000000,N=n^2,98,g,100,-0.08908123254776001,0.17937322854995727,0.23207195956678353,-0.43103463649749757,-0.24593347311019897,-0.09497594833374023,0.02703571319580078,0.2724114775657653
flow_npe,1000,1000000,N=n^2,99,g,100,0.04550817251205444,0.17331467390060426,0.22765785387809123,-0.2459102988243103,-0.10952028632164001,0.02967822551727295,0.17194658517837524,0.4229527592658993
flow_npe,1000,1000000,N=n^2,100,g,100,0.025990246534347533,0.17442736744880677,0.2209609497726913,-0.3308107018470764,-0.10891002416610718,0.03693521022796631,0.16017454862594604,0.40287668704986557
flow_npe,5000,5000,N=n,0,g,100,0.24699889302253722,0.2533530843257904,0.31634937953428993,-0.0014173865318298333,0.07311093807220459,0.22726047039031982,0.39117372035980225,0.5678407192230224
flow_npe,5000,5000,N=n,1,g,100,-0.2458803868293762,0.25228373289108275,0.28571800059552105,-0.4911284625530243,-0.3526413142681122,-0.23343706130981445,-0.15583458542823792,-0.017727226018905647
flow_npe,5000,5000,N=n,2,g,100,0.1961594319343567,0.22881315469741823,0.2657226375641818,-0.14204925894737244,0.08337050676345825,0.20109188556671143,0.3326932191848755,0.4797420263290405
flow_npe,5000,5000,N=n,3,g,100,0.2726308834552765,0.28118897318840025,0.3263852089382444,0.02371736764907837,0.13413512706756592,0.2748602628707886,0.3935970067977905,0.5744451999664306
flow_npe,5000,5000,N=n,4,g,100,0.4323125910758972,0.4323125910758972,0.47608544559882054,0.12188669443130494,0.3013959527015686,0.4162489175796509,0.5776423215866089,0.7711375832557678
flow_npe,5000,5000,N=n,5,g,100,0.33071145296096804,0.33628262758255006,0.3637973293074408,0.10382711887359619,0.23699533939361572,0.3399142026901245,0.41038262844085693,0.5804063320159912
flow_npe,5000,5000,N=n,6,g,100,0.4737712025642395,0.4737712025642395,0.5003955393625187,0.21971918344497682,0.353259801864624,0.4777822494506836,0.576415479183197,0.7120736002922057
flow_npe,5000,5000,N=n,7,g,100,0.06812208652496338,0.1519090986251831,0.1936059591894362,-0.22465817928314208,-0.061702191829681396,0.051035404205322266,0.1934797167778015,0.3821072936058044
flow_npe,5000,5000,N=n,8,g,100,0.8601524925231934,0.8601524925231934,0.879368338856071,0.5731414198875427,0.7384003400802612,0.8456108570098877,0.9888916611671448,1.126422882080078
flow_npe,5000,5000,N=n,9,g,100,0.15098021268844605,0.18727960348129272,0.221869785183254,-0.1173151433467865,0.04309272766113281,0.1507495641708374,0.26392197608947754,0.41420270204544063
flow_npe,5000,5000,N=n,10,g,100,0.37769288301467896,0.37769288301467896,0.409161820807273,0.13473773002624512,0.2711961269378662,0.3625929355621338,0.4498005509376526,0.6692718982696533
flow_npe,5000,5000,N=n,11,g,100,0.47995848417282105,0.47995848417282105,0.5122683505123637,0.1870184898376465,0.3644421696662903,0.46434342861175537,0.5979065299034119,0.7845136880874634
flow_npe,5000,5000,N=n,12,g,100,0.14847061276435852,0.17588492274284362,0.2182270417649377,-0.09011426568031311,0.0320664644241333,0.14517295360565186,0.2471063733100891,0.42106031179428083
flow_npe,5000,5000,N=n,13,g,100,1.7943920063972474,1.7943920063972474,1.796800434039072,1.6364036202430725,1.7410396933555603,1.8059741258621216,1.85588139295578,1.921852707862854
flow_npe,5000,5000,N=n,14,g,100,1.0016203379631043,1.0016203379631043,1.0180901390616446,0.7162475347518921,0.8816697597503662,0.979947566986084,1.1255651116371155,1.298944354057312
flow_npe,5000,5000,N=n,15,g,100,0.5927560400962829,0.5927560400962829,0.6198876981558505,0.2932987928390503,0.48007577657699585,0.5826138257980347,0.7018955945968628,0.8867263317108153
flow_npe,5000,5000,N=n,16,g,100,0.4450393772125244,0.4450393772125244,0.4685734121112603,0.23216559886932372,0.3618835210800171,0.42253053188323975,0.5381049513816833,0.7246607780456543
flow_npe,5000,5000,N=n,17,g,100,1.5715176224708558,1.5715176224708558,1.5768704941573224,1.3507320761680603,1.4741519689559937,1.58971107006073,1.665621817111969,1.791007137298584
flow_npe,5000,5000,N=n,18,g,100,-0.1943698048591614,0.21714403867721557,0.25374005267830535,-0.44100694060325624,-0.29882457852363586,-0.18774265050888062,-0.10010534524917603,0.0998674631118774
flow_npe,5000,5000,N=n,19,g,100,0.245938264131546,0.25992270350456237,0.3030416971576019,-0.054158300161361694,0.14886724948883057,0.24798893928527832,0.35699963569641113,0.5157734155654907
flow_npe,5000,5000,N=n,20,g,100,0.34214826464653014,0.34381189942359924,0.3900185145296363,0.06494362354278564,0.1977086067199707,0.33535516262054443,0.4774112105369568,0.6356438636779784
flow_npe,5000,5000,N=n,21,g,100,0.2798242461681366,0.28247103333473206,0.3351709258192374,0.010666871070861816,0.16006678342819214,0.2498248815536499,0.4044288992881775,0.5944775462150573
flow_npe,5000,5000,N=n,22,g,100,1.582310380935669,1.582310380935669,1.5860788227148053,1.3742913603782654,1.511326789855957,1.5913240909576416,1.6671184301376343,1.7312568306922913
flow_npe,5000,5000,N=n,23,g,100,0.7941180109977722,0.7941180109977722,0.8118983058161248,0.5426078319549561,0.6647916436195374,0.7830653190612793,0.9127894043922424,1.058518326282501
flow_npe,5000,5000,N=n,24,g,100,0.5962184619903564,0.5962184619903564,0.6329561236862792,0.3042275786399841,0.44900667667388916,0.5503445863723755,0.7276750206947327,0.9905479431152343
flow_npe,5000,5000,N=n,25,g,100,0.8853199291229248,0.8853199291229248,0.9077388504072996,0.5448151469230652,0.7462470531463623,0.8966120481491089,1.0094702243804932,1.1986390948295593
flow_npe,5000,5000,N=n,26,g,100,0.36883519887924193,0.3789228415489197,0.43578145301804605,-0.019560796022415162,0.23307842016220093,0.35492825508117676,0.5251793265342712,0.7634443879127502
flow_npe,5000,5000,N=n,27,g,100,0.2884160602092743,0.2899005138874054,0.32517485695076115,0.039645624160766606,0.19615823030471802,0.29224586486816406,0.3875647187232971,0.5493982791900633
flow_npe,5000,5000,N=n,28,g,100,0.21858094573020936,0.25501574158668516,0.3182086329635091,-0.11595558524131774,0.04266679286956787,0.20227384567260742,0.37267398834228516,0.5918690800666809
flow_npe,5000,5000,N=n,29,g,100,0.44578545093536376,0.44578545093536376,0.4760235174620455,0.1564666748046875,0.3322247266769409,0.4542187452316284,0.5773618221282959,0.6673331141471862
flow_npe,5000,5000,N=n,30,g,100,0.6966107368469239,0.6966107368469239,0.7247834316804833,0.3688232660293579,0.5573614239692688,0.7083239555358887,0.8384739756584167,1.056359100341797
flow_npe,5000,5000,N=n,31,g,100,0.4359344899654388,0.44142749428749084,0.49016928029187334,0.08129668235778809,0.29116982221603394,0.4371894598007202,0.5936217904090881,0.7475345015525817
flow_npe,5000,5000,N=n,32,g,100,0.030467915534973144,0.13783494472503663,0.1646627801800514,-0.23537258505821226,-0.08688902854919434,0.04459059238433838,0.13407999277114868,0.27513600587844844
flow_npe,5000,5000,N=n,33,g,100,1.0490102219581603,1.0490102219581603,1.0659867222140307,0.771327543258667,0.9103444218635559,1.0307506322860718,1.194715678691864,1.3569654464721677
flow_npe,5000,5000,N=n,34,g,100,0.2350175952911377,0.24834675312042237,0.29269027745277226,-0.025298768281936643,0.09564119577407837,0.24833202362060547,0.3598024845123291,0.49961831569671633
flow_npe,5000,5000,N=n,35,g,100,0.32496984243392946,0.33309181451797487,0.3832444558121696,0.003585708141326906,0.18191838264465332,0.34853434562683105,0.4632883667945862,0.6196395516395569
flow_npe,5000,5000,N=n,36,g,100,0.14542011857032777,0.19603198409080505,0.24838608737926254,-0.17336145043373108,-0.0022429227828979492,0.11792922019958496,0.2823162078857422,0.46979889869689934
flow_npe,5000,5000,N=n,37,g,100,0.04330211162567139,0.17476065158843995,0.21838271277170015,-0.3112481296062469,-0.11001190543174744,0.024857282638549805,0.1812254786491394,0.408638596534729
flow_npe,5000,5000,N=n,38,g,100,0.1733318793773651,0.1892346680164337,0.23037255116560335,-0.041891092061996454,0.06744658946990967,0.1686166524887085,0.27905339002609253,0.4293394923210143
flow_npe,5000,5000,N=n,39,g,100,0.6316422057151795,0.6316422057151795,0.6576530007879727,0.30652124881744386,0.5275264382362366,0.6332665681838989,0.760815441608429,0.9048837304115296
flow_npe,5000,5000,N=n,40,g,100,0.512421213388443,0.5157191121578216,0.5665521287357927,0.12274630069732667,0.3765980005264282,0.4977985620498657,0.65611732006073,0.8817301511764526
flow_npe,5000,5000,N=n,41,g,100,1.0192108917236329,1.0192108917236329,1.0205563082575628,0.9295861601829529,0.9824042916297913,1.0209012031555176,1.0524243712425232,1.1004207611083985
flow_npe,5000,5000,N=n,42,g,100,-0.10441489696502686,0.1869490098953247,0.22611557957381187,-0.3990873217582703,-0.22861814498901367,-0.13603460788726807,0.04310154914855957,0.23847793340682982
flow_npe,5000,5000,N=n,43,g,100,0.4868635833263397,0.4893244278430939,0.5324990104925746,0.18701040744781494,0.32778143882751465,0.4719851016998291,0.6372846364974976,0.8544331908226013
flow_npe,5000,5000,N=n,44,g,100,0.39624991893768313,0.39624991893768313,0.43244437434712724,0.1245809555053711,0.2848823070526123,0.38909709453582764,0.4961531162261963,0.6577608108520507
flow_npe,5000,5000,N=n,45,g,100,0.2538654470443726,0.2700522947311401,0.3129029217805025,-0.042295396327972405,0.14101797342300415,0.2212061882019043,0.38343411684036255,0.5617401599884032
flow_npe,5000,5000,N=n,46,g,100,0.4371770536899567,0.4402830159664154,0.5003060402302848,0.09654232263565064,0.2679033875465393,0.42138242721557617,0.5743187069892883,0.9043259501457214
flow_npe,5000,5000,N=n,47,g,100,0.3499843168258667,0.3503010606765747,0.38323063715292477,0.09518688917160034,0.24877560138702393,0.3449491262435913,0.45352786779403687,0.6147161960601806
flow_npe,5000,5000,N=n,48,g,100,0.3784910130500794,0.37916595220565796,0.41589035864851676,0.08550575971603394,0.2598240375518799,0.36198651790618896,0.4860038161277771,0.6458525776863098
flow_npe,5000,5000,N=n,49,g,100,1.0106047630310058,1.0106047630310058,1.0248680339913578,0.7732711911201477,0.8882124423980713,1.0228197574615479,1.146317183971405,1.2663662672042846
flow_npe,5000,5000,N=n,50,g,100,0.4153219532966614,0.4168149495124817,0.45678824892522474,0.10962094068527221,0.30466771125793457,0.3862943649291992,0.553634524345398,0.7515691399574279
flow_npe,5000,5000,N=n,51,g,100,0.2958020615577698,0.2962007737159729,0.3290231557219095,0.06502220630645753,0.1873173713684082,0.2944033145904541,0.39483046531677246,0.5041936278343199
flow_npe,5000,5000,N=n,52,g,100,1.2785087370872497,1.2785087370872497,1.2961680361671972,0.8716268301010132,1.1406093835830688,1.2840639352798462,1.422289490699768,1.6222308039665223
flow_npe,5000,5000,N=n,53,g,100,1.1878189492225646,1.1878189492225646,1.1995511178830958,0.9100342988967896,1.0852319598197937,1.1978039741516113,1.293768048286438,1.478297221660614
flow_npe,5000,5000,N=n,54,g,100,2.049958128929138,2.049958128929138,2.0566616487637472,1.7700950145721435,1.9472771883010864,2.0652222633361816,2.15959370136261,2.2719513416290282
flow_npe,5000,5000,N=n,55,g,100,0.919393310546875,0.919393310546875,0.9461527324593768,0.5596366405487061,0.779023289680481,0.9346823692321777,1.0538906455039978,1.285150134563446
flow_npe,5000,5000,N=n,56,g,100,0.4331837475299835,0.43327432990074155,0.4707039546437155,0.19259849786758423,0.2970183491706848,0.41340768337249756,0.547407865524292,0.7708701848983764
flow_npe,5000,5000,N=n,57,g,100,0.04599691152572632,0.195603563785553,0.23966104962160187,-0.31644681096076965,-0.11068227887153625,0.03979504108428955,0.21498090028762817,0.42418527603149414
flow_npe,5000,5000,N=n,58,g,100,0.15972049236297609,0.21887866973876954,0.27236862744724366,-0.21094743013381959,-0.00043973326683044434,0.1492621898651123,0.299934446811676,0.5627350687980651
flow_npe,5000,5000,N=n,59,g,100,1.0482051944732667,1.0482051944732667,1.0572200799690503,0.8194310307502747,0.9735459685325623,1.0456360578536987,1.1198656558990479,1.2724785923957824
flow_npe,5000,5000,N=n,60,g,100,0.70955331325531,0.70955331325531,0.7325185884621289,0.4417126655578613,0.5945124626159668,0.7177472114562988,0.8194405436515808,1.022625708580017
flow_npe,5000,5000,N=n,61,g,100,1.0872705268859864,1.0872705268859864,1.1094433833784452,0.7704250931739807,0.9089789390563965,1.0493230819702148,1.2418702840805054,1.4726092219352722
flow_npe,5000,5000,N=n,62,g,100,1.0985336589813233,1.0985336589813233,1.1113080987016537,0.8241952896118164,0.9786862134933472,1.0963913202285767,1.1961970329284668,1.3992599844932556
flow_npe,5000,5000,N=n,63,g,100,0.5592146706581116,0.5592146706581116,0.5790893826799718,0.2968669652938843,0.47889357805252075,0.5588535070419312,0.6487426161766052,0.8285959601402283
flow_npe,5000,5000,N=n,64,g,100,1.0031680345535279,1.0031680345535279,1.029360300681033,0.6483977198600769,0.8543328046798706,1.0100167989730835,1.1756713390350342,1.3488741040229797
flow_npe,5000,5000,N=n,65,g,100,1.1426573824882507,1.1426573824882507,1.165150627099799,0.8136025905609131,0.9731001257896423,1.1671878099441528,1.294609546661377,1.4873844385147095
flow_npe,5000,5000,N=n,66,g,100,0.3996535515785217,0.3996535515785217,0.4331717219056813,0.12821967601776124,0.29166972637176514,0.4071681499481201,0.5130219459533691,0.6685416221618652
flow_npe,5000,5000,N=n,67,g,100,-0.16837586402893068,0.2350444746017456,0.284106226221761,-0.48973662257194517,-0.35148924589157104,-0.17027121782302856,-0.005731374025344849,0.20879342555999755
flow_npe,5000,5000,N=n,68,g,100,0.2887805438041687,0.29798773527145384,0.3512117512367257,-0.017228049039840695,0.12756836414337158,0.271462082862854,0.4066108465194702,0.6401517629623412
flow_npe,5000,5000,N=n,69,g,100,0.37869465470314023,0.37918766379356383,0.42860749153171634,0.07372243404388427,0.2042759656906128,0.36692917346954346,0.5344672203063965,0.7021946310997009
flow_npe,5000,5000,N=n,70,g,100,-0.12650338530540467,0.19254763484001158,0.24335610542474193,-0.44992511868476864,-0.2536950707435608,-0.10371679067611694,-0.0003420710563659668,0.19486055374145506
flow_npe,5000,5000,N=n,71,g,100,0.09095797657966614,0.16684150576591492,0.20131932680650896,-0.18363316655158995,-0.03205767273902893,0.1080625057220459,0.20017391443252563,0.38872495889663683
flow_npe,5000,5000,N=n,72,g,100,0.05872115731239319,0.13138707518577575,0.16959854356190399,-0.19985922574996948,-0.05154299736022949,0.035773277282714844,0.1619085669517517,0.3632910132408142
flow_npe,5000,5000,N=n,73,g,100,0.3567118906974793,0.3621529698371887,0.40830727994383653,-0.0041959166526794375,0.20810538530349731,0.3645819425582886,0.48473411798477173,0.6310648441314697
flow_npe,5000,5000,N=n,74,g,100,0.18979462146759032,0.21377017498016357,0.2539416390210562,-0.09481304287910461,0.09338408708572388,0.17622077465057373,0.3028143644332886,0.45137648582458495
flow_npe,5000,5000,N=n,75,g,100,0.4728188753128052,0.4728188753128052,0.5031428172867687,0.24416013956069946,0.3359924554824829,0.47685062885284424,0.5758713483810425,0.7587122559547425
flow_npe,5000,5000,N=n,76,g,100,0.30537469863891603,0.31965476512908936,0.3645795811971599,0.025487917661666887,0.172102153301239,0.29299914836883545,0.4450051188468933,0.602865207195282
flow_npe,5000,5000,N=n,77,g,100,0.3349540114402771,0.34821878671646117,0.39153973859811997,-0.03246883749961853,0.20792031288146973,0.3481982946395874,0.4849693775177002,0.6388351082801819
flow_npe,5000,5000,N=n,78,g,100,0.8458959817886352,0.8458959817886352,0.8569006936562941,0.6159223079681396,0.7589689493179321,0.8527716398239136,0.9196770191192627,1.0558200001716613
flow_npe,5000,5000,N=n,79,g,100,0.07274517297744751,0.17114864110946656,0.21261165263616902,-0.24354074597358705,-0.055542945861816406,0.0784844160079956,0.20827633142471313,0.36505615711212147
flow_npe,5000,5000,N=n,80,g,100,0.7209167361259461,0.7209167361259461,0.7439631978662588,0.3973511099815369,0.622391939163208,0.7224467992782593,0.8302084803581238,1.0418792486190793
flow_npe,5000,5000,N=n,81,g,100,0.794036180973053,0.794036180973053,0.8078921318604257,0.527956223487854,0.6859761476516724,0.7899417877197266,0.9039403796195984,1.0243682861328125
flow_npe,5000,5000,N=n,82,g,100,1.0119992184638977,1.0119992184638977,1.0218994005806914,0.7890967488288879,0.9268732070922852,1.0114285945892334,1.0938813090324402,1.280597186088562
flow_npe,5000,5000,N=n,83,g,100,0.35327560305595396,0.3558792221546173,0.39134450762387946,0.09230372905731202,0.23246538639068604,0.3608832359313965,0.46373599767684937,0.616473388671875
flow_npe,5000,5000,N=n,84,g,100,0.22402395486831664,0.22854048490524292,0.2661556953760376,0.00772475004196167,0.11260974407196045,0.2203747034072876,0.32220858335494995,0.44542577266693106
flow_npe,5000,5000,N=n,85,g,100,0.6457874250411987,0.6461509656906128,0.6966229361179898,0.23116985559463502,0.4882439374923706,0.6314668655395508,0.8600164651870728,0.9991127252578735
flow_npe,5000,5000,N=n,86,g,100,0.046947586536407473,0.13849685907363893,0.18413238834864346,-0.27607956528663635,-0.04220980405807495,0.03370070457458496,0.1488734483718872,0.3681733727455138
flow_npe,5000,5000,N=n,87,g,100,0.6265864348411561,0.6265864348411561,0.6528742179631366,0.35462034940719606,0.5014377236366272,0.599516749382019,0.7525320649147034,0.9028570413589473
flow_npe,5000,5000,N=n,88,g,100,0.6791860055923462,0.6791860055923462,0.705239511663484,0.40491034984588625,0.5597110986709595,0.6567325592041016,0.7748968601226807,1.028281795978546
flow_npe,5000,5000,N=n,89,g,100,0.5024225854873657,0.5024225854873657,0.5234281255208675,0.2875015139579773,0.39722853899002075,0.5010210275650024,0.6083565354347229,0.7096874237060546
flow_npe,5000,5000,N=n,90,g,100,0.9831033921241761,0.9831033921241761,0.995928827811822,0.754090178012848,0.8805888891220093,0.9812830686569214,1.078815996646881,1.2925081491470336
flow_npe,5000,5000,N=n,91,g,100,0.9820666670799255,0.9820666670799255,0.9913805538837792,0.787153172492981,0.8836870789527893,0.9577392339706421,1.0664112567901611,1.2219757676124572
flow_npe,5000,5000,N=n,92,g,100,0.7468250155448913,0.7468250155448913,0.7656071305123786,0.4746132969856262,0.6346259713172913,0.7523163557052612,0.8697860240936279,1.0059409618377684
flow_npe,5000,5000,N=n,93,g,100,0.20457622647285462,0.22011442065238954,0.271655624604339,-0.09310810565948487,0.06546396017074585,0.19859862327575684,0.3325173258781433,0.5324632048606872
flow_npe,5000,5000,N=n,94,g,100,0.34557599186897275,0.3498435342311859,0.3936906339824691,0.08178662061691284,0.19538581371307373,0.3301577568054199,0.4684663414955139,0.6421730041503905
flow_npe,5000,5000,N=n,95,g,100,0.5797633457183838,0.5797633457183838,0.6225008438157955,0.24629690647125246,0.4279381036758423,0.5679818391799927,0.690399706363678,0.994105327129364
flow_npe,5000,5000,N=n,96,g,100,-0.08125687122344971,0.17057909011840822,0.2144393564501706,-0.4373491406440735,-0.21666443347930908,-0.08382159471511841,0.048763930797576904,0.19660285711288447
flow_npe,5000,5000,N=n,97,g,100,0.04958454966545105,0.11835877537727356,0.15092409003325602,-0.16386247873306276,-0.061581939458847046,0.04092681407928467,0.1354392170906067,0.2876834392547607
flow_npe,5000,5000,N=n,98,g,100,0.2955076050758362,0.301634886264801,0.34980700764239975,0.029731166362762455,0.15546202659606934,0.2947622537612915,0.42724913358688354,0.5856975078582762
flow_npe,5000,5000,N=n,99,g,100,0.10453690767288208,0.18395015001296997,0.24181225056873165,-0.21854452490806578,-0.015124022960662842,0.08040785789489746,0.2491246461868286,0.47591166496276854
flow_npe,5000,5000,N=n,100,g,100,0.5616565299034119,0.5616565299034119,0.5816762107861151,0.33128727674484254,0.45790839195251465,0.5675762891769409,0.674258291721344,0.8248265385627747
flow_npe,5000,42585,N=n log(n),0,g,100,0.1314673066139221,0.17724933862686157,0.2278647690312953,-0.11347256898880005,-0.03446659445762634,0.0989077091217041,0.2556898593902588,0.4379546642303466
flow_npe,5000,42585,N=n log(n),1,g,100,0.1456733238697052,0.1844618308544159,0.2243004282984654,-0.1500134825706482,0.023623287677764893,0.165277361869812,0.2459486722946167,0.4112742185592651
flow_npe,5000,42585,N=n log(n),2,g,100,-0.014835928678512572,0.13567235827445984,0.1697394821323704,-0.3176307201385498,-0.11392736434936523,-0.023937702178955078,0.11818069219589233,0.24205948114395137
flow_npe,5000,42585,N=n log(n),3,g,100,-0.18007529139518738,0.2044602859020233,0.24333549678186547,-0.40086994767189027,-0.30513080954551697,-0.1891334056854248,-0.06928247213363647,0.0852770090103149
flow_npe,5000,42585,N=n log(n),4,g,100,-0.1211331856250763,0.18121684670448304,0.21903243231201874,-0.4056630551815033,-0.24909615516662598,-0.13320523500442505,0.01077812910079956,0.20795865058898924
flow_npe,5000,42585,N=n log(n),5,g,100,0.03661661386489868,0.15327807664871215,0.19854844665001964,-0.25630619525909426,-0.08988580107688904,0.04525625705718994,0.1424681544303894,0.35648485422134396
flow_npe,5000,42585,N=n log(n),6,g,100,-0.2332770037651062,0.2625691294670105,0.3079419481560781,-0.5479275763034821,-0.3729686737060547,-0.22193515300750732,-0.12797993421554565,0.07891460657119746
flow_npe,5000,42585,N=n log(n),7,g,100,0.015141339302062988,0.1430983829498291,0.18034549081021248,-0.2709514319896698,-0.10153299570083618,0.004461169242858887,0.14017772674560547,0.31360743045806877
flow_npe,5000,42585,N=n log(n),8,g,100,0.1592911112308502,0.19277953505516052,0.23565889056956757,-0.10773717761039733,0.03220784664154053,0.16991972923278809,0.28581374883651733,0.44892603158950806
flow_npe,5000,42585,N=n log(n),9,g,100,0.3254298734664917,0.32987298965454104,0.3788735299419896,0.010632669925689698,0.1959887146949768,0.3380089998245239,0.45810961723327637,0.6371286392211913
flow_npe,5000,42585,N=n log(n),10,g,100,-0.1255908465385437,0.18975260019302367,0.22579522770692462,-0.39436880350112913,-0.24146819114685059,-0.15137702226638794,-0.025380373001098633,0.21916180849075315
flow_npe,5000,42585,N=n log(n),11,g,100,-0.057007616758346556,0.16124752879142762,0.19811608262566852,-0.3747357189655304,-0.17823049426078796,-0.08066469430923462,0.0847097635269165,0.25359336137771604
flow_npe,5000,42585,N=n log(n),12,g,100,0.026842327117919923,0.12227323055267333,0.15715441647228104,-0.21928196549415588,-0.0730752944946289,0.029837727546691895,0.11822789907455444,0.2609621286392209
flow_npe,5000,42585,N=n log(n),13,g,100,0.005016078948974609,0.12758078098297118,0.15852368418206308,-0.27444912791252135,-0.10284510254859924,0.02223038673400879,0.15076172351837158,0.21541919708251953
flow_npe,5000,42585,N=n log(n),14,g,100,0.12103622555732726,0.17680582880973816,0.21919624599862886,-0.15495455861091614,-0.0038736164569854736,0.11106812953948975,0.25543296337127686,0.3736274003982543
flow_npe,5000,42585,N=n log(n),15,g,100,-0.16635031938552858,0.2106582713127136,0.25143541589878593,-0.43675559163093564,-0.3021250367164612,-0.1718159317970276,-0.028540432453155518,0.19196109771728512
flow_npe,5000,42585,N=n log(n),16,g,100,-0.06577922582626343,0.14915508508682251,0.18519967293177475,-0.30313894152641296,-0.16890662908554077,-0.0846979022026062,0.03101736307144165,0.2639840960502624
flow_npe,5000,42585,N=n log(n),17,g,100,0.04846520662307739,0.15774076223373412,0.19471046980078438,-0.26003583073616027,-0.079892098903656,0.04867208003997803,0.18665415048599243,0.343362283706665
flow_npe,5000,42585,N=n log(n),18,g,100,-0.012147490978240966,0.15002287149429322,0.19266428935213403,-0.2984909176826477,-0.1316412389278412,-0.005140542984008789,0.10193997621536255,0.3005712628364562
flow_npe,5000,42585,N=n log(n),19,g,100,0.07751402974128724,0.15286810278892518,0.1862319792455256,-0.20690351128578185,-0.019267797470092773,0.07810354232788086,0.17173057794570923,0.3357731461524963
flow_npe,5000,42585,N=n log(n),20,g,100,0.009789034128189086,0.16432258009910583,0.19848895405534947,-0.2886416494846344,-0.14543238282203674,0.0011965036392211914,0.1513350009918213,0.3101132154464721
flow_npe,5000,42585,N=n log(n),21,g,100,0.02285187244415283,0.15394994735717774,0.19175991645281745,-0.24245861768722535,-0.11009618639945984,-0.008717060089111328,0.1570422649383545,0.31704660654067973
flow_npe,5000,42585,N=n log(n),22,g,100,-0.023415759801864625,0.1527459752559662,0.18856876511596826,-0.3790490984916687,-0.12874439358711243,-0.03179699182510376,0.10815799236297607,0.26689895391464225
flow_npe,5000,42585,N=n log(n),23,g,100,0.06609630703926087,0.15791459441184996,0.19721479660845845,-0.2172067642211914,-0.05810561776161194,0.06482863426208496,0.17729204893112183,0.3499483466148376
flow_npe,5000,42585,N=n log(n),24,g,100,0.006589021682739258,0.14852469444274902,0.18595156272645486,-0.2890507996082306,-0.12490978837013245,-0.031509995460510254,0.12263023853302002,0.3423576951026916
flow_npe,5000,42585,N=n log(n),25,g,100,0.24199768543243408,0.2534140491485596,0.2930905095968982,-0.03947073817253113,0.12199431657791138,0.23970746994018555,0.34976285696029663,0.5068361520767212
flow_npe,5000,42585,N=n log(n),26,g,100,0.07981087565422058,0.1687634289264679,0.22003993694819865,-0.23747575283050537,-0.04088717699050903,0.04349827766418457,0.20804476737976074,0.45220950841903684
flow_npe,5000,42585,N=n log(n),27,g,100,0.02774551749229431,0.1268961250782013,0.1628943186117424,-0.23357539772987365,-0.06198054552078247,0.012653589248657227,0.13626480102539062,0.3049031496047972
flow_npe,5000,42585,N=n log(n),28,g,100,-0.12240760326385498,0.20343384742736817,0.24302136808347405,-0.4356053650379181,-0.28335562348365784,-0.13504397869110107,0.028547823429107666,0.23122041225433346
flow_npe,5000,42585,N=n log(n),29,g,100,0.16811953067779542,0.1902785301208496,0.22561819055505092,-0.06922018527984619,0.07304638624191284,0.1759655475616455,0.295154869556427,0.3668171525001525
flow_npe,5000,42585,N=n log(n),30,g,100,0.09106707572937012,0.17616679668426513,0.21609432090629407,-0.2420365810394287,-0.04828575253486633,0.09588789939880371,0.22300642728805542,0.4234798312187194
flow_npe,5000,42585,N=n log(n),31,g,100,-0.008857161998748779,0.1587814736366272,0.19885298025457812,-0.3140940487384796,-0.14312851428985596,-0.0067174434661865234,0.1467323899269104,0.2934842467308044
flow_npe,5000,42585,N=n log(n),32,g,100,-0.024574655294418334,0.14240550398826599,0.17831431791874802,-0.31677533984184264,-0.1617530882358551,0.0003342628479003906,0.09340792894363403,0.25487838983535765
flow_npe,5000,42585,N=n log(n),33,g,100,-0.13169313549995423,0.20757220864295958,0.24620712918274465,-0.47657662630081177,-0.2779981195926666,-0.14591187238693237,0.01893073320388794,0.2274358510971068
flow_npe,5000,42585,N=n log(n),34,g,100,0.011632688045501709,0.13658810377120972,0.16740857428430364,-0.2495754599571228,-0.12004047632217407,0.016831040382385254,0.12938320636749268,0.26438965797424313
flow_npe,5000,42585,N=n log(n),35,g,100,-0.05534751296043396,0.1551322877407074,0.19248296708113632,-0.3640982389450073,-0.20897889137268066,-0.03888148069381714,0.0749242901802063,0.20030401945114135
flow_npe,5000,42585,N=n log(n),36,g,100,0.00960537075996399,0.18974782824516295,0.23352302837986286,-0.369838273525238,-0.1537283957004547,-0.017147600650787354,0.1781417727470398,0.38930265903472894
flow_npe,5000,42585,N=n log(n),37,g,100,0.030452877283096313,0.133233140707016,0.16799567248754455,-0.23217893242836,-0.0890992283821106,0.007896065711975098,0.1178390383720398,0.3174068808555603
flow_npe,5000,42585,N=n log(n),38,g,100,-0.09440009951591492,0.15076334834098815,0.1844306744842986,-0.33080351948738096,-0.20144277811050415,-0.09508401155471802,0.007991194725036621,0.15442061424255366
flow_npe,5000,42585,N=n log(n),39,g,100,0.1813014817237854,0.22448463201522828,0.27086347523082593,-0.17046039700508117,0.07191240787506104,0.17002999782562256,0.3253334164619446,0.46938667297363273
flow_npe,5000,42585,N=n log(n),40,g,100,0.18472303748130797,0.234716979265213,0.28637437731701704,-0.17004482150077818,0.05765146017074585,0.17355823516845703,0.3112497925758362,0.5144037723541259
flow_npe,5000,42585,N=n log(n),41,g,100,1.1748416686058045,1.1748416686058045,1.1827558986706739,0.9685780763626098,1.0682079195976257,1.1497188806533813,1.2884708642959595,1.3987355113029478
flow_npe,5000,42585,N=n log(n),42,g,100,-0.024574363231658937,0.17819156408309936,0.21301939320151303,-0.30694582462310793,-0.17012929916381836,-0.048980712890625,0.12202847003936768,0.3534316778182983
flow_npe,5000,42585,N=n log(n),43,g,100,-0.022144298553466796,0.17074036598205566,0.20899318606784434,-0.31253730654716494,-0.16968321800231934,-0.03762996196746826,0.11106300354003906,0.32945488691329944
flow_npe,5000,42585,N=n log(n),44,g,100,-0.08213145494461059,0.1779824423789978,0.223820881083019,-0.4061423778533936,-0.20635157823562622,-0.09676694869995117,0.04054141044616699,0.22395873069763178
flow_npe,5000,42585,N=n log(n),45,g,100,0.16895548343658448,0.19250458240509033,0.23486019644282724,-0.07034000158309936,0.058680951595306396,0.14729666709899902,0.2874435782432556,0.46230393648147583
flow_npe,5000,42585,N=n log(n),46,g,100,-0.026032543182373045,0.15255692958831787,0.18892425701969062,-0.29444466829299926,-0.14029434323310852,-0.04184907674789429,0.06877708435058594,0.3239668011665344
flow_npe,5000,42585,N=n log(n),47,g,100,0.013277682065963746,0.15863547921180726,0.19737376170337778,-0.29848241806030273,-0.11399972438812256,0.008950471878051758,0.1450175642967224,0.3316464066505431
flow_npe,5000,42585,N=n log(n),48,g,100,-0.15995070934295655,0.2071305990219116,0.24781399391357362,-0.4714857876300812,-0.27268287539482117,-0.1755009889602661,-0.04429197311401367,0.12852733135223382
flow_npe,5000,42585,N=n log(n),49,g,100,0.022657604217529298,0.15663912296295165,0.1888697746817048,-0.2568929731845856,-0.11043298244476318,0.04544258117675781,0.16092795133590698,0.2615245103836059
flow_npe,5000,42585,N=n log(n),50,g,100,-0.12605912923812868,0.1790450072288513,0.21899489836203592,-0.4294321954250336,-0.24341532588005066,-0.1534632444381714,-0.0026830732822418213,0.21612955331802366
flow_npe,5000,42585,N=n log(n),51,g,100,0.1674178969860077,0.1983721649646759,0.24589583204694657,-0.12233884334564209,0.03984653949737549,0.15899038314819336,0.28956735134124756,0.4492563486099242
flow_npe,5000,42585,N=n log(n),52,g,100,-0.09641214489936828,0.17522796750068664,0.21861228507580968,-0.4282093346118927,-0.22993281483650208,-0.08273559808731079,0.02358943223953247,0.21056649684906004
flow_npe,5000,42585,N=n log(n),53,g,100,0.1711687183380127,0.19608352184295655,0.23902363716826727,-0.10741654634475709,0.05953788757324219,0.16585838794708252,0.29197555780410767,0.4561790823936462
flow_npe,5000,42585,N=n log(n),54,g,100,-0.07789167404174804,0.187001633644104,0.2441920270336734,-0.4605459332466125,-0.22874760627746582,-0.06599563360214233,0.0514981746673584,0.26351368427276584
flow_npe,5000,42585,N=n log(n),55,g,100,0.19963154673576355,0.2418635046482086,0.2907560771483717,-0.12589629292488097,0.06421005725860596,0.21715033054351807,0.320698618888855,0.5505441784858703
flow_npe,5000,42585,N=n log(n),56,g,100,0.0926050615310669,0.1556621789932251,0.20102486461110758,-0.14877625107765197,-0.05016329884529114,0.07215583324432373,0.213556706905365,0.4173047542572021
flow_npe,5000,42585,N=n log(n),57,g,100,0.1591208052635193,0.20089516401290894,0.2453801397724873,-0.14072006940841675,0.03180360794067383,0.1518152952194214,0.28920263051986694,0.4569215893745422
flow_npe,5000,42585,N=n log(n),58,g,100,0.06647319316864014,0.17019042015075683,0.22064320554602446,-0.2892984330654144,-0.08501467108726501,0.053156256675720215,0.2008712887763977,0.4542609333992004
flow_npe,5000,42585,N=n log(n),59,g,100,0.08307663083076477,0.12072484850883484,0.15112473583433603,-0.12375361919403076,0.010998070240020752,0.08151507377624512,0.15391123294830322,0.27760422229766846
flow_npe,5000,42585,N=n log(n),60,g,100,0.06902195930480957,0.15497984409332274,0.2005556301552815,-0.2572268009185791,-0.03275156021118164,0.06601965427398682,0.1746279001235962,0.41089602708816525
flow_npe,5000,42585,N=n log(n),61,g,100,0.06410017490386963,0.15797430515289307,0.20258871730142833,-0.1908400774002075,-0.08491861820220947,0.028454303741455078,0.19750571250915527,0.4037561178207397
flow_npe,5000,42585,N=n log(n),62,g,100,0.0544138765335083,0.13391038417816162,0.1751745728999386,-0.21322476267814636,-0.04171401262283325,0.02918541431427002,0.16168707609176636,0.3344866275787353
flow_npe,5000,42585,N=n log(n),63,g,100,-0.042550421953201294,0.16883556485176088,0.21204454034692277,-0.40803645849227904,-0.19262081384658813,-0.03721994161605835,0.09633541107177734,0.3227228164672851
flow_npe,5000,42585,N=n log(n),64,g,100,-0.07822224140167236,0.17203271389007568,0.2214387823248437,-0.44159812927246095,-0.1948682963848114,-0.06825882196426392,0.06565850973129272,0.2574884533882141
flow_npe,5000,42585,N=n log(n),65,g,100,0.17199890851974486,0.21992482900619506,0.2775798870439542,-0.14419897198677062,-0.00903216004371643,0.17798566818237305,0.3262038826942444,0.5127798557281492
flow_npe,5000,42585,N=n log(n),66,g,100,-0.1994109845161438,0.21819811105728149,0.26441365093589814,-0.4690629422664642,-0.3103172481060028,-0.20618462562561035,-0.05860579013824463,0.0922071814537048
flow_npe,5000,42585,N=n log(n),67,g,100,-0.24857850909233092,0.27197178721427917,0.3240245572487182,-0.5457865595817566,-0.42010781168937683,-0.24209046363830566,-0.08983683586120605,0.07885161638259881
flow_npe,5000,42585,N=n log(n),68,g,100,-0.039752066135406494,0.14215903997421264,0.17155684894297848,-0.3078604876995087,-0.1666298508644104,-0.044877469539642334,0.08854472637176514,0.22252086400985707
flow_npe,5000,42585,N=n log(n),69,g,100,-0.12421337366104127,0.2148186135292053,0.2581535970936846,-0.4762571811676025,-0.3301771581172943,-0.1247604489326477,0.02974700927734375,0.2345462918281555
flow_npe,5000,42585,N=n log(n),70,g,100,-0.012837733030319215,0.194325612783432,0.2432672759609954,-0.4067060112953186,-0.1683773696422577,0.022593975067138672,0.13340342044830322,0.3565181732177734
flow_npe,5000,42585,N=n log(n),71,g,100,-0.07783841848373413,0.147119619846344,0.18522358553023688,-0.35336351990699766,-0.1900584101676941,-0.06596332788467407,0.031195223331451416,0.1809126496315001
flow_npe,5000,42585,N=n log(n),72,g,100,0.10607621908187866,0.17138098001480104,0.22476936531762381,-0.18984152078628538,-0.030833691358566284,0.0824275016784668,0.2349226474761963,0.48042931556701657
flow_npe,5000,42585,N=n log(n),73,g,100,0.06489871263504028,0.1817788577079773,0.2205861749813705,-0.3014433443546295,-0.09073218703269958,0.07470941543579102,0.2092496156692505,0.34980038404464714
flow_npe,5000,42585,N=n log(n),74,g,100,-0.15536368250846863,0.18590385794639588,0.2298844616328905,-0.4626760005950928,-0.2678166627883911,-0.14753806591033936,-0.04371514916419983,0.11257921457290648
flow_npe,5000,42585,N=n log(n),75,g,100,-0.044398988485336306,0.1430739676952362,0.17861915650982557,-0.2933409512042999,-0.18693003058433533,-0.037318527698516846,0.0655750036239624,0.22529971599578857
flow_npe,5000,42585,N=n log(n),76,g,100,-0.052657444477081296,0.16139667272567748,0.2027790839726426,-0.35435927510261533,-0.1852026879787445,-0.04294025897979736,0.09357643127441406,0.21874904632568354
flow_npe,5000,42585,N=n log(n),77,g,100,0.017989859580993653,0.17660149097442626,0.22239736063575247,-0.3893000066280365,-0.1153663694858551,0.028424859046936035,0.18398994207382202,0.318757927417755
flow_npe,5000,42585,N=n log(n),78,g,100,0.11116276025772094,0.1653192400932312,0.21066696089603015,-0.1970856010913849,-0.0048933327198028564,0.10905301570892334,0.21052664518356323,0.3907304763793945
flow_npe,5000,42585,N=n log(n),79,g,100,-0.0005251181125640869,0.15742977261543273,0.1918693368156574,-0.3120551586151123,-0.12068921327590942,0.012982845306396484,0.15561836957931519,0.28080672025680536
flow_npe,5000,42585,N=n log(n),80,g,100,0.20043894171714782,0.22906609654426574,0.27067624559189357,-0.11701644659042358,0.09385138750076294,0.20217549800872803,0.3150743842124939,0.47555112838745084
flow_npe,5000,42585,N=n log(n),81,g,100,0.10325887203216552,0.16376806735992433,0.2048509319970151,-0.207541424036026,-0.0239274799823761,0.1025470495223999,0.24283427000045776,0.3515074968338012
flow_npe,5000,42585,N=n log(n),82,g,100,-0.04397921323776245,0.13600996732711793,0.17495691299280489,-0.30067036747932435,-0.1451956033706665,-0.05560171604156494,0.05054861307144165,0.25930628776550285
flow_npe,5000,42585,N=n log(n),83,g,100,0.010359290838241577,0.14699257016181946,0.1842351288088767,-0.32959623336791993,-0.10792878270149231,0.029378056526184082,0.13372623920440674,0.27007116079330434
flow_npe,5000,42585,N=n log(n),84,g,100,-0.0213214910030365,0.17258567214012147,0.21196296796668324,-0.3213313341140747,-0.18967494368553162,-0.018847286701202393,0.14037638902664185,0.3128648161888121
flow_npe,5000,42585,N=n log(n),85,g,100,0.07882013320922851,0.1827886486053467,0.22794196003310105,-0.25956383943557737,-0.06149256229400635,0.07410097122192383,0.2648051381111145,0.3894518136978149
flow_npe,5000,42585,N=n log(n),86,g,100,0.025039991140365602,0.10921385407447814,0.1416513941403246,-0.23240155577659607,-0.048574984073638916,0.020870566368103027,0.1180163025856018,0.27261574268341066
flow_npe,5000,42585,N=n log(n),87,g,100,-0.12410138845443726,0.17649126768112183,0.20907343048624172,-0.3443467855453491,-0.2445911169052124,-0.15328729152679443,-0.025372326374053955,0.18278067111968976
flow_npe,5000,42585,N=n log(n),88,g,100,-0.08543243646621704,0.16944730997085572,0.2117730695423801,-0.39274642467498777,-0.20827996730804443,-0.08752584457397461,0.016923904418945312,0.292273473739624
flow_npe,5000,42585,N=n log(n),89,g,100,-0.01549187421798706,0.12476776361465454,0.15345149750041384,-0.251517242193222,-0.12555554509162903,-0.020118534564971924,0.10220491886138916,0.20254206657409665
flow_npe,5000,42585,N=n log(n),90,g,100,0.16913480401039124,0.2033250081539154,0.2486308986846267,-0.0921292781829834,0.051553308963775635,0.18967723846435547,0.26694655418395996,0.45424323081970214
flow_npe,5000,42585,N=n log(n),91,g,100,-0.058853996992111204,0.1482163894176483,0.17567131265881625,-0.30534121990203855,-0.16810476779937744,-0.08446639776229858,0.02281898260116577,0.2386913299560546
flow_npe,5000,42585,N=n log(n),92,g,100,-0.06854158043861389,0.12803300499916076,0.15972499538752472,-0.292157781124115,-0.1614399254322052,-0.06240355968475342,0.023580849170684814,0.15796086788177488
flow_npe,5000,42585,N=n log(n),93,g,100,0.03883167028427124,0.14143327474594117,0.17356253413424874,-0.24796025156974794,-0.08648189902305603,0.02346789836883545,0.15671473741531372,0.34724228382110595
flow_npe,5000,42585,N=n log(n),94,g,100,-0.1348138964176178,0.17990538239479065,0.2198857727477511,-0.39654006958007815,-0.27039599418640137,-0.14467626810073853,-0.021596550941467285,0.14144471883773785
flow_npe,5000,42585,N=n log(n),95,g,100,-0.15095834255218507,0.20084436893463134,0.23727414183340967,-0.44083388447761535,-0.2723712921142578,-0.16241353750228882,-0.061876386404037476,0.1496208429336546
flow_npe,5000,42585,N=n log(n),96,g,100,-0.1878715920448303,0.20859176874160767,0.2511160780058511,-0.4428461670875549,-0.2894885838031769,-0.1886075735092163,-0.06590422987937927,0.06671156883239743
flow_npe,5000,42585,N=n log(n),97,g,100,-0.01459022879600525,0.1599670445919037,0.19471894221015695,-0.30432519912719724,-0.1549241542816162,-0.03615736961364746,0.11240595579147339,0.31867249011993404
flow_npe,5000,42585,N=n log(n),98,g,100,0.08562554597854614,0.15147122621536255,0.19244162623747538,-0.1779617190361023,-0.034322768449783325,0.07997381687164307,0.1949058175086975,0.36283005475997915
flow_npe,5000,42585,N=n log(n),99,g,100,0.04496910214424133,0.14912038683891296,0.1965142586694891,-0.2487066388130188,-0.06832978129386902,0.020686626434326172,0.17942458391189575,0.35499243736267083
flow_npe,5000,42585,N=n log(n),100,g,100,-0.13062009811401368,0.17791537761688234,0.2155954856881664,-0.3893635392189026,-0.25130075216293335,-0.13633030652999878,-0.018048256635665894,0.17190405130386338
flow_npe,5000,353553,N=n^(3/2),0,g,100,0.1090052580833435,0.1222932744026184,0.1543826574582211,-0.0420792818069458,0.029330551624298096,0.0966423749923706,0.18480795621871948,0.281518268585205
flow_npe,5000,353553,N=n^(3/2),1,g,100,-0.07654650211334228,0.11053285598754883,0.13477911233325549,-0.2540367305278778,-0.15220877528190613,-0.07231700420379639,-0.003365844488143921,0.10111743211746207
flow_npe,5000,353553,N=n^(3/2),2,g,100,0.1471262276172638,0.15515475630760192,0.1776739112748123,-0.029754835367202755,0.07565557956695557,0.1594851016998291,0.21948373317718506,0.2997530579566955
flow_npe,5000,353553,N=n^(3/2),3,g,100,-0.09828349471092224,0.11941570639610291,0.14555285347807184,-0.2612337231636047,-0.16462010145187378,-0.08845973014831543,-0.03260737657546997,0.0714254856109619
flow_npe,5000,353553,N=n^(3/2),4,g,100,-0.009885241985321045,0.11145779848098755,0.13560691334589128,-0.2113684058189392,-0.09463515877723694,-0.03341853618621826,0.08064085245132446,0.22029256820678708
flow_npe,5000,353553,N=n^(3/2),5,g,100,0.02664724111557007,0.08994856595993042,0.11686517003084976,-0.15050365328788756,-0.03151986002922058,0.021530747413635254,0.1089821457862854,0.19830206632614134
flow_npe,5000,353553,N=n^(3/2),6,g,100,0.007936125993728638,0.08710927844047546,0.10876553586248641,-0.17046064138412476,-0.07847186923027039,0.00850522518157959,0.07111239433288574,0.17483522891998288
flow_npe,5000,353553,N=n^(3/2),7,g,100,0.06816969275474548,0.10962269425392152,0.13451414980451076,-0.11333177089691161,-0.02127411961555481,0.07244932651519775,0.14644980430603027,0.2723936915397644
flow_npe,5000,353553,N=n^(3/2),8,g,100,0.1699136996269226,0.17856749773025513,0.21401214651795777,-0.032757169008255003,0.07519149780273438,0.17686140537261963,0.272810697555542,0.38989328145980834
flow_npe,5000,353553,N=n^(3/2),9,g,100,0.09061414480209351,0.13528259992599487,0.16409789550486095,-0.13183206915855408,0.0016053617000579834,0.09216797351837158,0.1866263747215271,0.3021070480346679
flow_npe,5000,353553,N=n^(3/2),10,g,100,0.02744679570198059,0.07548197150230408,0.09931165320464237,-0.12326079607009888,-0.028661221265792847,0.01959681510925293,0.07560956478118896,0.1885656356811523
flow_npe,5000,353553,N=n^(3/2),11,g,100,0.06897847890853882,0.1125409197807312,0.1393697551601687,-0.10435296297073364,-0.024259626865386963,0.06517922878265381,0.1643250584602356,0.27133051156997673
flow_npe,5000,353553,N=n^(3/2),12,g,100,-0.10338550686836243,0.11822544693946839,0.1424086972862876,-0.25177461504936216,-0.17174509167671204,-0.09258776903152466,-0.04211744666099548,0.05516706705093382
flow_npe,5000,353553,N=n^(3/2),13,g,100,0.10715943932533264,0.14232162833213807,0.1700974215695463,-0.13033832907676696,0.021725475788116455,0.10392928123474121,0.2078847885131836,0.3016172647476196
flow_npe,5000,353553,N=n^(3/2),14,g,100,0.0042850542068481445,0.09321923732757569,0.11805345524871863,-0.15998008251190185,-0.07015180587768555,-0.002131223678588867,0.09002363681793213,0.1936303615570068
flow_npe,5000,353553,N=n^(3/2),15,g,100,-0.07507182359695434,0.11503293752670288,0.1403076410280149,-0.2605005085468292,-0.16912344098091125,-0.07528775930404663,-0.006805151700973511,0.14751174449920648
flow_npe,5000,353553,N=n^(3/2),16,g,100,-0.06716998219490052,0.10131395936012268,0.1241377359662907,-0.19452933669090272,-0.14656975865364075,-0.07236498594284058,-0.002570807933807373,0.10482712984085081
flow_npe,5000,353553,N=n^(3/2),17,g,100,-0.08493674039840698,0.10469214677810669,0.12802708054808878,-0.2778274655342102,-0.1447639763355255,-0.08531087636947632,-0.02636134624481201,0.06204935312271114
flow_npe,5000,353553,N=n^(3/2),18,g,100,-0.0056673395633697506,0.09047291398048402,0.11260665641042954,-0.188272225856781,-0.07936596870422363,0.006227850914001465,0.08580899238586426,0.15750939846038817
flow_npe,5000,353553,N=n^(3/2),19,g,100,-0.10623326897621155,0.11753885865211487,0.14429697457272114,-0.2617847561836243,-0.17542558908462524,-0.10138368606567383,-0.030168384313583374,0.04093579053878783
flow_npe,5000,353553,N=n^(3/2),20,g,100,0.015979878902435303,0.09941457986831664,0.12239345495049239,-0.17415050864219667,-0.07063889503479004,0.014944791793823242,0.1021232008934021,0.21705412864685053
flow_npe,5000,353553,N=n^(3/2),21,g,100,0.08663803458213806,0.10356566071510315,0.13087077700052424,-0.06562789082527161,0.017312824726104736,0.08772754669189453,0.13744592666625977,0.2328722834587097
flow_npe,5000,353553,N=n^(3/2),22,g,100,0.001820220947265625,0.09599523544311524,0.1275841574509951,-0.23835427761077882,-0.07293820381164551,0.0008132457733154297,0.06916803121566772,0.22077281475067137
flow_npe,5000,353553,N=n^(3/2),23,g,100,-0.07259573817253112,0.09742418169975281,0.1207519701165747,-0.22853683233261107,-0.13957494497299194,-0.06639528274536133,-0.005179733037948608,0.06419005393981932
flow_npe,5000,353553,N=n^(3/2),24,g,100,0.10921615719795227,0.12538318037986756,0.16075741806605356,-0.0607204794883728,0.020657658576965332,0.09292411804199219,0.19580036401748657,0.3310285210609436
flow_npe,5000,353553,N=n^(3/2),25,g,100,0.019187124967575072,0.07393438458442687,0.09270209774590805,-0.13608213067054747,-0.0348818302154541,0.026556968688964844,0.07080793380737305,0.17259763479232787
flow_npe,5000,353553,N=n^(3/2),26,g,100,0.0025724852085113525,0.08032191634178161,0.10507524534346686,-0.17342299818992615,-0.04892313480377197,-0.00886315107345581,0.05773591995239258,0.19406157732009885
flow_npe,5000,353553,N=n^(3/2),27,g,100,-0.06557287096977234,0.09474258780479432,0.11971879360744414,-0.23868472576141359,-0.12981978058815002,-0.06661218404769897,0.006989181041717529,0.10027545690536495
flow_npe,5000,353553,N=n^(3/2),28,g,100,-0.09961291313171387,0.12744805335998535,0.15423954086372507,-0.27570350766181945,-0.1996382772922516,-0.10022521018981934,-0.013875871896743774,0.09180494546890257
flow_npe,5000,353553,N=n^(3/2),29,g,100,0.10037236571311951,0.13215528130531312,0.1569645468821784,-0.0942518651485443,0.015130221843719482,0.11519181728363037,0.19744187593460083,0.2798343539237976
flow_npe,5000,353553,N=n^(3/2),30,g,100,0.06705720782279968,0.09805273652076721,0.12194283585432246,-0.08949306607246399,0.00357818603515625,0.0640333890914917,0.13686329126358032,0.2384912610054016
flow_npe,5000,353553,N=n^(3/2),31,g,100,0.033348811864852904,0.0991814911365509,0.12270663160402236,-0.16141893863677978,-0.050671398639678955,0.03909707069396973,0.12249106168746948,0.20073325634002684
flow_npe,5000,353553,N=n^(3/2),32,g,100,-0.048569769859313966,0.0997323751449585,0.12706058440240117,-0.2323889434337616,-0.13585492968559265,-0.0418933629989624,0.021213233470916748,0.1456546425819397
flow_npe,5000,353553,N=n^(3/2),33,g,100,0.0413054895401001,0.09929999351501465,0.1199721711665063,-0.14996705651283265,-0.03316688537597656,0.044976115226745605,0.13087666034698486,0.2249542117118835
flow_npe,5000,353553,N=n^(3/2),34,g,100,-0.00658286452293396,0.07458704352378845,0.0905549713738884,-0.13194594383239747,-0.07628738880157471,-0.005192875862121582,0.05835843086242676,0.11974925994873031
flow_npe,5000,353553,N=n^(3/2),35,g,100,0.01074170708656311,0.1024844253063202,0.1257096239566641,-0.20296874046325683,-0.07209360599517822,0.015355825424194336,0.1100541353225708,0.18723660707473755
flow_npe,5000,353553,N=n^(3/2),36,g,100,0.05377155542373657,0.10623908758163453,0.1368962524141506,-0.13648988008499147,-0.033551186323165894,0.038350820541381836,0.14773958921432495,0.26663662195205684
flow_npe,5000,353553,N=n^(3/2),37,g,100,-0.07224774122238159,0.12077507734298706,0.14513724428729383,-0.2661501169204712,-0.16241410374641418,-0.09215760231018066,-0.004944801330566406,0.17072157859802245
flow_npe,5000,353553,N=n^(3/2),38,g,100,0.0691765558719635,0.09676151156425476,0.120776793968938,-0.0931620478630066,-0.0025071799755096436,0.06525611877441406,0.14317327737808228,0.21898223161697383
flow_npe,5000,353553,N=n^(3/2),39,g,100,0.014980777502059936,0.09475957036018372,0.11784946696028065,-0.17132467031478882,-0.07184827327728271,0.022006750106811523,0.09159404039382935,0.18927376270294186
flow_npe,5000,353553,N=n^(3/2),40,g,100,0.00974496603012085,0.12218926668167114,0.1585523772734083,-0.24687910676002503,-0.08787491917610168,0.0013113617897033691,0.107105553150177,0.27290393114089967
flow_npe,5000,353553,N=n^(3/2),41,g,100,nan,nan,nan,-0.27978111505508424,-0.20568448305130005,-0.14223909378051758,-0.0661158561706543,-0.0017810583114624041
flow_npe,5000,353553,N=n^(3/2),42,g,100,0.10547163367271423,0.13005626797676087,0.1592365446439648,-0.087251877784729,0.01946038007736206,0.09772241115570068,0.19634509086608887,0.2950634598731995
flow_npe,5000,353553,N=n^(3/2),43,g,100,-0.019537025690078737,0.09493322014808654,0.11452603798603456,-0.165112441778183,-0.09882968664169312,-0.03811800479888916,0.062284767627716064,0.16308917999267575
flow_npe,5000,353553,N=n^(3/2),44,g,100,-0.0789976453781128,0.10939548015594483,0.13778503907573744,-0.23661192059516906,-0.14134961366653442,-0.08331030607223511,-0.016061127185821533,0.08660414218902586
flow_npe,5000,353553,N=n^(3/2),45,g,100,0.0175274395942688,0.079972984790802,0.10227647062010714,-0.11955068111419678,-0.05048200488090515,0.014104723930358887,0.0733346939086914,0.20335104465484616
flow_npe,5000,353553,N=n^(3/2),46,g,100,0.039320669174194335,0.09988958835601806,0.13577386851500936,-0.14256541132926942,-0.03620493412017822,0.0177915096282959,0.10454976558685303,0.2707829356193542
flow_npe,5000,353553,N=n^(3/2),47,g,100,-0.010765788555145263,0.11308683156967163,0.1386243280919183,-0.21118357181549072,-0.10592705011367798,-0.02475947141647339,0.07746917009353638,0.19800264835357662
flow_npe,5000,353553,N=n^(3/2),48,g,100,-0.005794644355773926,0.09877830505371094,0.1250086162009507,-0.18589105010032653,-0.08872199058532715,-0.009886085987091064,0.06138157844543457,0.19511061906814572
flow_npe,5000,353553,N=n^(3/2),49,g,100,0.021455801725387573,0.11001569390296936,0.13159130877948477,-0.17031441926956176,-0.07091882824897766,0.035402655601501465,0.12006402015686035,0.1800117254257202
flow_npe,5000,353553,N=n^(3/2),50,g,100,-0.07971666932106018,0.11469539761543274,0.13923279620106138,-0.24803441762924194,-0.16409334540367126,-0.08602887392044067,8.910894393920898e-05,0.12152663469314574
flow_npe,5000,353553,N=n^(3/2),51,g,100,-0.012560619115829468,0.09808648467063903,0.1226761401552159,-0.21500735878944396,-0.08738034963607788,-0.00658261775970459,0.06282252073287964,0.22059106826782227
flow_npe,5000,353553,N=n^(3/2),52,g,100,-0.07692769646644593,0.13319111466407776,0.17043076579725966,-0.3463516294956207,-0.17794489860534668,-0.05627119541168213,0.02391904592514038,0.16178455352783203
flow_npe,5000,353553,N=n^(3/2),53,g,100,0.07187187433242798,0.10384705305099487,0.12861171204144373,-0.10389837026596069,0.002034902572631836,0.05166745185852051,0.15669798851013184,0.24314593076705932
flow_npe,5000,353553,N=n^(3/2),54,g,100,0.04450443148612976,0.09643640160560608,0.128833270935221,-0.1366061568260193,-0.025485336780548096,0.037323832511901855,0.11443299055099487,0.2411852240562439
flow_npe,5000,353553,N=n^(3/2),55,g,100,-0.020911505222320558,0.11763633489608764,0.15116522571019955,-0.25808719992637635,-0.1281537115573883,-0.011040568351745605,0.06749141216278076,0.1981694936752319
flow_npe,5000,353553,N=n^(3/2),56,g,100,-0.030051586627960206,0.09440774202346802,0.11286840605262581,-0.20242453813552858,-0.10745096206665039,-0.04515278339385986,0.05125850439071655,0.16252213716506955
flow_npe,5000,353553,N=n^(3/2),57,g,100,-0.036328314542770385,0.10251038908958435,0.12431329583300535,-0.22772822380065919,-0.12445512413978577,-0.03056257963180542,0.061251163482666016,0.1287049770355224
flow_npe,5000,353553,N=n^(3/2),58,g,100,-0.1673855471611023,0.17849481344223023,0.20392228824382924,-0.35777318477630615,-0.2554261386394501,-0.17177444696426392,-0.10945922136306763,0.029231870174407953
flow_npe,5000,353553,N=n^(3/2),59,g,100,-0.025649991035461426,0.07641656398773193,0.09402617706628724,-0.16421917080879211,-0.08663272857666016,-0.032113850116729736,0.036984920501708984,0.09431978464126585
flow_npe,5000,353553,N=n^(3/2),60,g,100,0.0035129261016845705,0.09942736148834229,0.12987265525867855,-0.2362113654613495,-0.07088899612426758,-0.004378855228424072,0.07583022117614746,0.23850402832031245
flow_npe,5000,353553,N=n^(3/2),61,g,100,0.05504617929458618,0.09398104906082154,0.12073554702691976,-0.11396250128746033,-0.02028071880340576,0.04522871971130371,0.12647241353988647,0.2386672019958496
flow_npe,5000,353553,N=n^(3/2),62,g,100,0.07782467007637024,0.10917657256126403,0.13512694806175835,-0.09571785926818847,-0.005250006914138794,0.08130621910095215,0.14825910329818726,0.2664170980453491
flow_npe,5000,353553,N=n^(3/2),63,g,100,0.02025131106376648,0.09959660649299622,0.12080252285302354,-0.17478625774383544,-0.0680035948753357,0.029615163803100586,0.10136550664901733,0.19756979942321773
flow_npe,5000,353553,N=n^(3/2),64,g,100,-0.10457868337631225,0.14084794759750366,0.17120219678610246,-0.31423590779304506,-0.1766391098499298,-0.1056409478187561,-0.036972999572753906,0.12459204196929927
flow_npe,5000,353553,N=n^(3/2),65,g,100,-0.016668951511383055,0.1116032338142395,0.13785388161230014,-0.21636823415756226,-0.1246277391910553,-0.012368977069854736,0.06901103258132935,0.22625691890716548
flow_npe,5000,353553,N=n^(3/2),66,g,100,0.17095770955085754,0.17913006186485292,0.20933173230364507,-0.02631847858428955,0.08232402801513672,0.17530357837677002,0.27072131633758545,0.34504998922348024
flow_npe,5000,353553,N=n^(3/2),67,g,100,0.0739645767211914,0.11027526378631591,0.13781752824722238,-0.11798507571220399,-0.012692242860794067,0.0662083625793457,0.16834425926208496,0.27225699424743655
flow_npe,5000,353553,N=n^(3/2),68,g,100,0.06181249022483826,0.1320635998249054,0.16099126223748222,-0.18763221502304078,-0.04508465528488159,0.05748105049133301,0.16273951530456543,0.3005189895629882
flow_npe,5000,353553,N=n^(3/2),69,g,100,-0.05632841348648071,0.11340669870376587,0.13646434823040673,-0.24192115068435668,-0.14210829138755798,-0.05809485912322998,0.0369877815246582,0.13831984996795654
flow_npe,5000,353553,N=n^(3/2),70,g,100,0.06887962937355041,0.10448556303977967,0.127453926657436,-0.13049412965774534,-0.008395135402679443,0.0758821964263916,0.13719075918197632,0.24482698440551756
flow_npe,5000,353553,N=n^(3/2),71,g,100,-0.04666844129562378,0.07860872983932495,0.09840352212316539,-0.1953495502471924,-0.11130908131599426,-0.04284954071044922,0.01775902509689331,0.08875082731246949
flow_npe,5000,353553,N=n^(3/2),72,g,100,0.04405063152313232,0.09244564056396484,0.11940594760419641,-0.11949607729911804,-0.032260745763778687,0.030657291412353516,0.11640477180480957,0.25206336975097654
flow_npe,5000,353553,N=n^(3/2),73,g,100,-0.008988169431686401,0.0937621533870697,0.11810080187339345,-0.1871765911579132,-0.0958009660243988,-0.014613687992095947,0.06218290328979492,0.18349317312240598
flow_npe,5000,353553,N=n^(3/2),74,g,100,0.01381425142288208,0.07622664213180542,0.09468219407649406,-0.16485874056816102,-0.03746706247329712,0.03243303298950195,0.06880557537078857,0.1640273094177246
flow_npe,5000,353553,N=n^(3/2),75,g,100,0.05663589358329773,0.11685630440711975,0.1404245161536581,-0.13061303496360777,-0.05477297306060791,0.0585254430770874,0.1542879343032837,0.2508414387702942
flow_npe,5000,353553,N=n^(3/2),76,g,100,0.17006954908370972,0.17848968267440796,0.20046119114358857,-0.024137777090072633,0.09864890575408936,0.17807841300964355,0.23522013425827026,0.32119704484939576
flow_npe,5000,353553,N=n^(3/2),77,g,100,0.06404712438583374,0.10527280569076539,0.1292663989372783,-0.13278674483299255,0.0025614798069000244,0.07319247722625732,0.1349223256111145,0.23202521800994869
flow_npe,5000,353553,N=n^(3/2),78,g,100,0.1239169955253601,0.1416342043876648,0.16859711314822667,-0.06157158017158508,0.04809868335723877,0.13181424140930176,0.19853168725967407,0.31571470499038695
flow_npe,5000,353553,N=n^(3/2),79,g,100,0.11669426679611206,0.1427522349357605,0.17147593950494186,-0.07882634997367859,0.03346484899520874,0.1164250373840332,0.20876538753509521,0.3021095037460326
flow_npe,5000,353553,N=n^(3/2),80,g,100,-0.02811343312263489,0.0940069830417633,0.12225588602308751,-0.22767863869667054,-0.10299727320671082,-0.025211095809936523,0.043702542781829834,0.15603156089782708
flow_npe,5000,353553,N=n^(3/2),81,g,100,0.0024241769313812257,0.08502154946327209,0.10380795396569066,-0.1683436155319214,-0.08302825689315796,0.009128451347351074,0.07166767120361328,0.16915210485458373
flow_npe,5000,353553,N=n^(3/2),82,g,100,-0.029459763765335083,0.08244817852973937,0.10254771734845629,-0.163069486618042,-0.089531809091568,-0.042399466037750244,0.023785889148712158,0.13767281770706172
flow_npe,5000,353553,N=n^(3/2),83,g,100,0.03889856815338135,0.1050447702407837,0.1291768709520585,-0.15941721200942993,-0.04359900951385498,0.04120779037475586,0.12648522853851318,0.2372961401939392
flow_npe,5000,353553,N=n^(3/2),84,g,100,0.05455672860145569,0.1082857072353363,0.13261325814629382,-0.11799891591072083,-0.04047751426696777,0.06060779094696045,0.14464104175567627,0.25224636793136596
flow_npe,5000,353553,N=n^(3/2),85,g,100,-0.020443036556243896,0.10089065313339234,0.1286027692118378,-0.21819185018539428,-0.11376762390136719,-0.011531829833984375,0.07590943574905396,0.14688831567764282
flow_npe,5000,353553,N=n^(3/2),86,g,100,0.04074656128883362,0.08058258891105652,0.10811613096472134,-0.12600922584533691,-0.007640182971954346,0.03288853168487549,0.10737979412078857,0.2005372881889343
flow_npe,5000,353553,N=n^(3/2),87,g,100,0.14061527609825134,0.14266033291816713,0.16979180998521198,-7.46190547943115e-05,0.07929188013076782,0.13284718990325928,0.2013397216796875,0.329729425907135
flow_npe,5000,353553,N=n^(3/2),88,g,100,0.04225643038749695,0.0969784414768219,0.12015944913778644,-0.13933741450309753,-0.037910640239715576,0.051219940185546875,0.10587596893310547,0.22155447006225581
flow_npe,5000,353553,N=n^(3/2),89,g,100,-0.022492465972900392,0.07208529472351075,0.09083105835598435,-0.1583177626132965,-0.08491560816764832,-0.02046877145767212,0.030409514904022217,0.11003744602203365
flow_npe,5000,353553,N=n^(3/2),90,g,100,0.06115869045257569,0.08896266460418702,0.11199793634447577,-0.09246339201927185,0.007091164588928223,0.05857205390930176,0.1114620566368103,0.2174416661262512
flow_npe,5000,353553,N=n^(3/2),91,g,100,0.038046308755874635,0.07928295493125916,0.0991546645911703,-0.1025365948677063,-0.024045705795288086,0.040033936500549316,0.10595780611038208,0.2180250883102417
flow_npe,5000,353553,N=n^(3/2),92,g,100,-0.0024986684322357176,0.09089427828788757,0.11327226330340509,-0.18761809468269347,-0.07909873127937317,0.0006945133209228516,0.08418798446655273,0.17988656759262084
flow_npe,5000,353553,N=n^(3/2),93,g,100,0.07162441968917847,0.099929940700531,0.12513181878724614,-0.0706371009349823,-0.003598928451538086,0.05911147594451904,0.1410430669784546,0.23567950725555417
flow_npe,5000,353553,N=n^(3/2),94,g,100,0.1540873682498932,0.15543609976768494,0.1837513859456938,0.015483176708221438,0.07538175582885742,0.16148924827575684,0.20556873083114624,0.3344483256340026
flow_npe,5000,353553,N=n^(3/2),95,g,100,0.024938008785247802,0.08930705785751343,0.11666388013051888,-0.17411046624183654,-0.035736411809921265,0.02068197727203369,0.09214913845062256,0.20113742351531963
flow_npe,5000,353553,N=n^(3/2),96,g,100,0.0545560884475708,0.1068212366104126,0.13628833276945812,-0.11172929406166077,-0.04569727182388306,0.042122840881347656,0.14006948471069336,0.2807526469230652
flow_npe,5000,353553,N=n^(3/2),97,g,100,0.0735057270526886,0.09757919192314148,0.12275714284008331,-0.07975931763648987,0.007445573806762695,0.06802058219909668,0.13050013780593872,0.25334092378616335
flow_npe,5000,353553,N=n^(3/2),98,g,100,0.044391034841537474,0.09085891842842102,0.11979608790483319,-0.10374993681907654,-0.029842078685760498,0.030884265899658203,0.10018652677536011,0.26088829040527345
flow_npe,5000,353553,N=n^(3/2),99,g,100,0.0237621009349823,0.09267689347267151,0.11839864574551007,-0.1506083607673645,-0.048794448375701904,0.021846890449523926,0.08850038051605225,0.2279327154159545
flow_npe,5000,353553,N=n^(3/2),100,g,100,-0.05565217018127441,0.08991403579711914,0.10911476970462584,-0.19063069224357604,-0.11455339193344116,-0.06812524795532227,0.00840216875076294,0.1025472998619079
flow_npe,5000,25000000,N=n^2,36,g,100,-0.014683884382247925,0.08423061728477478,0.10099743800108145,-0.1843501389026642,-0.09765690565109253,0.0027153491973876953,0.06857270002365112,0.11456135511398315
flow_npe,5000,25000000,N=n^2,37,g,100,0.045039916038513185,0.08701169967651368,0.11409095548712735,-0.10079982876777648,-0.00926274061203003,0.05183553695678711,0.09547555446624756,0.2153650164604186
flow_npe,5000,25000000,N=n^2,38,g,100,-0.005790596008300781,0.08373319625854492,0.10430226159602345,-0.14931027293205262,-0.08696162700653076,0.001040339469909668,0.06543165445327759,0.18223593235015867
flow_npe,5000,25000000,N=n^2,39,g,100,0.11516129136085511,0.1274816882610321,0.15714396385524673,-0.03631631731986999,0.032850027084350586,0.11617326736450195,0.18538665771484375,0.3053132653236389
flow_npe,5000,25000000,N=n^2,40,g,100,0.17893558502197265,0.18009758949279786,0.20838880545002597,0.039201414585113524,0.09014612436294556,0.1654435396194458,0.24182915687561035,0.38329513072967525
flow_npe,5000,25000000,N=n^2,41,g,100,2.4131348276138307,2.4131348276138307,2.416824056665837,2.1704393148422243,2.325391173362732,2.4239089488983154,2.5017595291137695,2.6419447898864745
flow_npe,5000,25000000,N=n^2,42,g,100,-0.0184948992729187,0.0912764859199524,0.11165392261534958,-0.19929574728012084,-0.10731381177902222,-0.015128374099731445,0.06321084499359131,0.14869982004165647
flow_npe,5000,25000000,N=n^2,43,g,100,-0.028550434112548827,0.08191522598266601,0.1030659564688812,-0.2076029896736145,-0.10618859529495239,-0.01914358139038086,0.04297369718551636,0.12107379436492918
flow_npe,5000,25000000,N=n^2,44,g,100,-0.0353369152545929,0.08933506608009338,0.1124374640700687,-0.1918627917766571,-0.10707059502601624,-0.05072230100631714,0.02878749370574951,0.1705848455429077
flow_npe,5000,25000000,N=n^2,45,g,100,-0.03316922664642334,0.08183745384216308,0.09849377306864227,-0.18641064167022706,-0.10207071900367737,-0.04173624515533447,0.03708678483963013,0.11094064712524411
flow_npe,5000,25000000,N=n^2,46,g,100,0.023428105115890503,0.09202975869178771,0.11268242922411935,-0.17180811762809753,-0.05622097849845886,0.027301907539367676,0.09657979011535645,0.18907102346420285
flow_npe,5000,25000000,N=n^2,47,g,100,-0.007323509454727173,0.09056849122047424,0.11036097827812907,-0.1792883336544037,-0.07791638374328613,-0.01589256525039673,0.07101714611053467,0.17905697822570799
flow_npe,5000,25000000,N=n^2,48,g,100,-0.08181314587593079,0.10499152779579163,0.1318616704417279,-0.2633828818798065,-0.15994668006896973,-0.07615572214126587,-0.01849663257598877,0.0689252495765686
flow_npe,5000,25000000,N=n^2,49,g,100,-0.039559516906738285,0.07804863452911377,0.09717329758128584,-0.18413162231445312,-0.09923237562179565,-0.03483736515045166,0.02599656581878662,0.09669775962829588
flow_npe,5000,25000000,N=n^2,50,g,100,-0.012637724876403808,0.0843167781829834,0.10489403419618346,-0.174550199508667,-0.08494812250137329,-0.007322251796722412,0.06230658292770386,0.14471912384033203
flow_npe,5000,25000000,N=n^2,51,g,100,0.013649126291275024,0.0674519956111908,0.08310718396776952,-0.1131606638431549,-0.03256255388259888,0.024424195289611816,0.07059329748153687,0.13454229831695555
flow_npe,5000,25000000,N=n^2,52,g,100,0.004714488983154297,0.061268491744995116,0.07740326651366859,-0.10944042205810546,-0.047311753034591675,0.004727959632873535,0.05023378133773804,0.13041356801986692
flow_npe,5000,25000000,N=n^2,53,g,100,-0.020595046281814574,0.09323055863380432,0.11593672282119269,-0.2149515211582184,-0.10258349776268005,-0.012384891510009766,0.06716775894165039,0.1318255901336669
flow_npe,5000,25000000,N=n^2,54,g,100,-0.13607521772384643,0.14412446737289428,0.16746312555557052,-0.2996874988079071,-0.18407166004180908,-0.13201862573623657,-0.08683595061302185,0.03268767595291137
flow_npe,5000,25000000,N=n^2,55,g,100,0.06241397738456726,0.11450538754463196,0.14910388965830315,-0.1820182979106903,-0.025844812393188477,0.041092753410339355,0.15059733390808105,0.28092178106307986
flow_npe,5000,25000000,N=n^2,56,g,100,-0.013814618587493896,0.07752430200576782,0.09946078083845754,-0.1608170211315155,-0.08077624440193176,-0.016198337078094482,0.04687786102294922,0.1548095941543579
flow_npe,5000,25000000,N=n^2,57,g,100,0.015612151622772217,0.08918641805648804,0.10631679728719373,-0.15925984978675842,-0.06073272228240967,0.031049370765686035,0.0831952691078186,0.1747733354568481
flow_npe,5000,25000000,N=n^2,58,g,100,0.056164336204528806,0.0898457145690918,0.11102254379668129,-0.0962830901145935,-0.009148836135864258,0.057599663734436035,0.11984539031982422,0.19740208387374866
flow_npe,5000,25000000,N=n^2,59,g,100,-0.0025482177734375,0.07548715591430664,0.09630551735166942,-0.1666213870048523,-0.06658363342285156,-0.0023156404495239258,0.06082206964492798,0.14110906124114983
flow_npe,5000,25000000,N=n^2,60,g,100,-0.04841705560684204,0.085743567943573,0.1079128191187692,-0.20964266657829284,-0.10999968647956848,-0.04865062236785889,0.020416617393493652,0.09561854600906368
flow_npe,5000,25000000,N=n^2,61,g,100,-0.09026905536651611,0.10987749576568603,0.13131030909464297,-0.24272725582122803,-0.1631225049495697,-0.08946150541305542,-0.02721560001373291,0.058439874649047804
flow_npe,5000,25000000,N=n^2,62,g,100,-0.08418108105659484,0.10701691269874573,0.12589032894816576,-0.20010706782341003,-0.16151630878448486,-0.089560866355896,-0.02811536192893982,0.07836613655090331
flow_npe,5000,25000000,N=n^2,63,g,100,0.008892416954040527,0.07458426475524903,0.09113275302111713,-0.12409137487411499,-0.05347949266433716,0.007504582405090332,0.05908697843551636,0.15683070421218864
flow_npe,5000,25000000,N=n^2,64,g,100,-0.07899076700210571,0.1105056357383728,0.13336093110150699,-0.241010183095932,-0.15957170724868774,-0.07638168334960938,-0.0008809864521026611,0.09573839902877804
flow_npe,5000,25000000,N=n^2,65,g,100,0.026534008979797363,0.08421965599060059,0.10572960373192622,-0.13141035437583923,-0.0428924560546875,0.016889095306396484,0.10150587558746338,0.17583688497543332
flow_npe,5000,25000000,N=n^2,66,g,100,0.08621756076812744,0.11124876976013183,0.13711796176854615,-0.09891257882118225,0.022489547729492188,0.08456766605377197,0.14849764108657837,0.26475116014480593
flow_npe,5000,25000000,N=n^2,67,g,100,-0.08157826066017151,0.10889367699623108,0.12790746641514447,-0.20945023894309997,-0.15616178512573242,-0.0859866738319397,-0.023134440183639526,0.10968030691146848
flow_npe,5000,25000000,N=n^2,68,g,100,0.06033981680870056,0.10161985516548157,0.12295489098191578,-0.11920375227928162,-0.004744023084640503,0.06976580619812012,0.12462466955184937,0.22552424669265744
flow_npe,5000,25000000,N=n^2,69,g,100,-0.02070447564125061,0.0690322458744049,0.0891791206392878,-0.16624960899353028,-0.06544232368469238,-0.02196425199508667,0.025608718395233154,0.1277492880821228
flow_npe,5000,25000000,N=n^2,70,g,100,-0.004812552928924561,0.08392318487167358,0.10537679368538744,-0.18645817041397095,-0.07573840022087097,0.00303727388381958,0.06635302305221558,0.16305518150329587
flow_npe,5000,25000000,N=n^2,71,g,100,0.1077415919303894,0.13055797815322875,0.16081827410384542,-0.08975023031234741,0.019120514392852783,0.1021953821182251,0.1880720853805542,0.30140162706375123
flow_npe,5000,25000000,N=n^2,72,g,100,-0.014021239280700683,0.07881887912750245,0.10034964500580495,-0.17104597091674806,-0.08555406332015991,-0.015574932098388672,0.05578368902206421,0.12635478973388664
flow_npe,5000,25000000,N=n^2,73,g,100,-0.03520419955253601,0.08487494349479675,0.10702727243288103,-0.18761205077171325,-0.10472148656845093,-0.0368729829788208,0.03030616044998169,0.12726210355758663
flow_npe,5000,25000000,N=n^2,74,g,100,-0.06638002634048462,0.09832847833633424,0.1222693455560338,-0.2172348141670227,-0.14035728573799133,-0.06350964307785034,0.004886925220489502,0.07764182090759265
flow_npe,5000,25000000,N=n^2,75,g,100,0.020769873857498167,0.08954634070396424,0.11674053654856764,-0.11531598567962646,-0.061913251876831055,0.0026856660842895508,0.0819556713104248,0.2608602046966552
flow_npe,5000,25000000,N=n^2,76,g,100,0.08232395648956299,0.10872463226318359,0.13701744487996398,-0.0941919445991516,0.008798599243164062,0.0647730827331543,0.15580326318740845,0.28285979032516473
flow_npe,5000,25000000,N=n^2,77,g,100,0.09030544519424438,0.1000811505317688,0.12314951195578802,-0.027207154035568233,0.026859045028686523,0.08711719512939453,0.1512332558631897,0.23988852500915525
flow_npe,5000,25000000,N=n^2,78,g,100,0.14085545063018798,0.14779175758361818,0.1727509485397173,-0.024684005975723268,0.06939297914505005,0.13798320293426514,0.21837764978408813,0.28705669641494747
flow_npe,5000,25000000,N=n^2,79,g,100,0.07370059967041015,0.11385900974273681,0.14159949212279987,-0.11073952913284302,-0.011749863624572754,0.06490325927734375,0.15929299592971802,0.26518667936325074
flow_npe,5000,25000000,N=n^2,80,g,100,-0.15255803346633912,0.15440616369247437,0.17656167068074213,-0.30163483023643495,-0.2021128237247467,-0.14653080701828003,-0.0871191918849945,-0.024948066473007225
flow_npe,5000,25000000,N=n^2,81,g,100,0.19951859712600709,0.201281316280365,0.2244294341592527,0.05340633392333984,0.11763793230056763,0.19179236888885498,0.26313596963882446,0.3693940639495849
flow_npe,5000,25000000,N=n^2,82,g,100,0.08512267827987671,0.09766628980636596,0.12325008878227559,-0.03351477980613708,0.018474280834197998,0.07715380191802979,0.15293407440185547,0.22335499525070185
flow_npe,5000,25000000,N=n^2,83,g,100,0.04149730920791626,0.07469418287277221,0.09369625693055725,-0.0969048023223877,-0.013561129570007324,0.03535771369934082,0.1018783450126648,0.17308369874954224
flow_npe,5000,25000000,N=n^2,84,g,100,0.09538234114646911,0.11640332341194153,0.14294823123610073,-0.07923275232315063,0.0148468017578125,0.09021079540252686,0.16295117139816284,0.26289291381835933
flow_npe,5000,25000000,N=n^2,85,g,100,0.031754523515701294,0.07605203986167908,0.09420205069253197,-0.10783979296684265,-0.029739201068878174,0.037833571434020996,0.09384077787399292,0.17180069684982296
flow_npe,5000,25000000,N=n^2,86,g,100,0.045502761602401735,0.08150951981544495,0.1035825458629176,-0.12933264374732972,-0.012912601232528687,0.04575347900390625,0.11227613687515259,0.19571435451507566
flow_npe,5000,25000000,N=n^2,87,g,100,0.05195842266082764,0.10120031356811524,0.12631328355481808,-0.1369821846485138,-0.015241295099258423,0.03781318664550781,0.12416523694992065,0.2408766150474548
flow_npe,5000,25000000,N=n^2,88,g,100,0.0212973952293396,0.08098676443099975,0.10060711725130213,-0.11925826668739319,-0.04803198575973511,0.018602490425109863,0.08395147323608398,0.18671281337738035
flow_npe,5000,25000000,N=n^2,89,g,100,-0.10989608764648437,0.13123114585876464,0.15598025308491956,-0.28552934527397156,-0.18954995274543762,-0.12034779787063599,-0.03550940752029419,0.09277783632278443
flow_npe,5000,25000000,N=n^2,90,g,100,0.003617626428604126,0.09373371005058288,0.11458164147065031,-0.16591572761535645,-0.07756778597831726,-0.01482534408569336,0.09121805429458618,0.19721232652664178
flow_npe,5000,25000000,N=n^2,91,g,100,0.0019834768772125245,0.0849189269542694,0.10452249642696385,-0.17141809463500976,-0.07025128602981567,-0.008133471012115479,0.07773095369338989,0.17413004636764526
flow_npe,5000,25000000,N=n^2,92,g,100,-0.030740907192230226,0.10214764833450317,0.1262007691141855,-0.2335745394229889,-0.10859596729278564,-0.038837552070617676,0.05406278371810913,0.17809112071990962
flow_npe,5000,25000000,N=n^2,93,g,100,-0.098262939453125,0.12820652961730958,0.15143339897057936,-0.2499281644821167,-0.1829342544078827,-0.10988187789916992,-0.014589875936508179,0.1061669826507568
flow_npe,5000,25000000,N=n^2,94,g,100,0.015381885766983032,0.07705674052238465,0.0964659235548009,-0.1277844488620758,-0.046968668699264526,-0.005201876163482666,0.0795106291770935,0.18918837308883663
flow_npe,5000,25000000,N=n^2,95,g,100,0.05697140097618103,0.09367716431617737,0.11875193175138912,-0.1270478844642639,-0.007805079221725464,0.06019580364227295,0.1343616247177124,0.21990401744842528
flow_npe,5000,25000000,N=n^2,96,g,100,0.06171579718589783,0.0894780695438385,0.10747287368368114,-0.09801121950149536,0.009703218936920166,0.06612908840179443,0.11939835548400879,0.20077542066574094
flow_npe,5000,25000000,N=n^2,97,g,100,0.0022441112995147706,0.082890704870224,0.10325937378025905,-0.18377453684806824,-0.06802880764007568,0.007649540901184082,0.07656991481781006,0.17216596603393552
flow_npe,5000,25000000,N=n^2,98,g,100,0.006708009243011475,0.06852795839309693,0.0891496236017606,-0.13370879888534545,-0.05272969603538513,0.0017595291137695312,0.055788278579711914,0.15447714328765869
flow_npe,5000,25000000,N=n^2,99,g,100,0.07148025512695312,0.08967742919921876,0.11573495313840912,-0.05399668216705322,-0.0037557780742645264,0.06392037868499756,0.1279779076576233,0.22050970792770383
flow_npe,5000,25000000,N=n^2,100,g,100,-0.06175781488418579,0.08376913785934448,0.10384642140172194,-0.19367355108261108,-0.12082469463348389,-0.06377124786376953,-0.008941441774368286,0.0750038981437683
gaussian_npe,1000,1000,N=n,0,g,100,2.442212200164795,2.442212200164795,2.442605618411096,2.363562226295471,2.4092315435409546,2.440779209136963,2.4743317365646362,2.5130788326263427
gaussian_npe,1000,1000,N=n,1,g,100,2.140718629360199,2.140718629360199,2.142445306917888,2.00315397977829,2.0851290225982666,2.1409010887145996,2.1943678855895996,2.296912169456482
gaussian_npe,1000,1000,N=n,2,g,100,2.296688046455383,2.296688046455383,2.2981808141110083,2.175590443611145,2.2341318130493164,2.292142152786255,2.3371338844299316,2.4141077518463137
gaussian_npe,1000,1000,N=n,3,g,100,3.0014653825759887,3.0014653825759887,3.0018095120625348,2.9221795797348022,2.9715824127197266,3.0025970935821533,3.035759687423706,3.0690409183502196
gaussian_npe,1000,1000,N=n,4,g,100,2.25284010887146,2.25284010887146,2.2537644169882456,2.1670428991317747,2.2092829942703247,2.253227710723877,2.2887203693389893,2.35949285030365
gaussian_npe,1000,1000,N=n,5,g,100,3.3323137521743775,3.3323137521743775,3.333505436874019,3.189416217803955,3.2805339097976685,3.338386058807373,3.3763082027435303,3.477857255935669
gaussian_npe,1000,1000,N=n,6,g,100,2.8895652389526365,2.8895652389526365,2.890047647980031,2.8055577278137207,2.8570410013198853,2.8891048431396484,2.9220848083496094,2.9679868698120115
gaussian_npe,1000,1000,N=n,7,g,100,2.382648448944092,2.382648448944092,2.383057043480109,2.312822723388672,2.364925980567932,2.3830087184906006,2.406570553779602,2.457352900505066
gaussian_npe,1000,1000,N=n,8,g,100,2.7742522382736206,2.7742522382736206,2.7750175180106638,2.6523857593536375,2.737030506134033,2.7857749462127686,2.814715027809143,2.8644871950149535
gaussian_npe,1000,1000,N=n,9,g,100,2.9882846450805665,2.9882846450805665,2.989195815067161,2.883224129676819,2.939677596092224,2.989774703979492,3.0371896028518677,3.1155519008636476
gaussian_npe,1000,1000,N=n,10,g,100,2.8379330015182496,2.8379330015182496,2.8382151102053172,2.7770870208740233,2.816354990005493,2.835240125656128,2.858550548553467,2.8979312896728517
gaussian_npe,1000,1000,N=n,11,g,100,2.405920000076294,2.405920000076294,2.4071316453764204,2.285941743850708,2.3487703800201416,2.4045026302337646,2.461310625076294,2.5353555202484133
gaussian_npe,1000,1000,N=n,12,g,100,2.498083834648132,2.498083834648132,2.4988548597425684,2.382123327255249,2.4475531578063965,2.5029373168945312,2.5389293432235718,2.594214653968811
gaussian_npe,1000,1000,N=n,13,g,100,2.9919611644744872,2.9919611644744872,2.992205935087151,2.9312723875045776,2.9650057554244995,2.9959564208984375,3.01399302482605,3.0474524021148683
gaussian_npe,1000,1000,N=n,14,g,100,2.857093105316162,2.857093105316162,2.859088246957887,2.684467148780823,2.792253017425537,2.8529551029205322,2.93131947517395,3.0186472177505492
gaussian_npe,1000,1000,N=n,15,g,100,3.1086285066604615,3.1086285066604615,3.110173689374115,2.9234859943389893,3.0420767068862915,3.113208055496216,3.171857476234436,3.263111400604248
gaussian_npe,1000,1000,N=n,16,g,100,2.3679553365707395,2.3679553365707395,2.3685481885787962,2.283631443977356,2.326577067375183,2.3670554161071777,2.4052287340164185,2.449679899215698
gaussian_npe,1000,1000,N=n,17,g,100,2.8592208671569823,2.8592208671569823,2.859381680863862,2.8081042528152467,2.839336395263672,2.8570168018341064,2.8795875310897827,2.9119426250457763
gaussian_npe,1000,1000,N=n,18,g,100,2.791044998168945,2.791044998168945,2.791665039178414,2.683172345161438,2.7504091262817383,2.789451837539673,2.839651942253113,2.882820701599121
gaussian_npe,1000,1000,N=n,19,g,100,2.4180539798736573,2.4180539798736573,2.4196095403430733,2.2689027547836305,2.354257583618164,2.416435480117798,2.4907959699630737,2.542537546157837
gaussian_npe,1000,1000,N=n,20,g,100,2.851873745918274,2.851873745918274,2.853071896427141,2.7192684173583985,2.7979360818862915,2.841108560562134,2.9122997522354126,2.9835060596466065
gaussian_npe,1000,1000,N=n,21,g,100,2.3581648159027098,2.3581648159027098,2.359441496724239,2.2349226474761963,2.3096866607666016,2.3619823455810547,2.4070959091186523,2.4826900243759153
gaussian_npe,1000,1000,N=n,22,g,100,3.1082654714584352,3.1082654714584352,3.1085083916428866,3.047806143760681,3.0843372344970703,3.1080853939056396,3.1310454607009888,3.172977566719055
gaussian_npe,1000,1000,N=n,23,g,100,2.916918468475342,2.916918468475342,2.9171249578693437,2.8671725034713744,2.8948721885681152,2.9153857231140137,2.946318507194519,2.967979001998901
gaussian_npe,1000,1000,N=n,24,g,100,2.8807657146453858,2.8807657146453858,2.8817697221140492,2.7442546606063845,2.8317030668258667,2.8831965923309326,2.927531361579895,2.9945619106292725
gaussian_npe,1000,1000,N=n,25,g,100,2.1654592418670653,2.1654592418670653,2.166510076612223,2.053539776802063,2.1245018243789673,2.1603105068206787,2.2005395889282227,2.280479335784912
gaussian_npe,1000,1000,N=n,26,g,100,2.3907956171035765,2.3907956171035765,2.3917464291211674,2.269974946975708,2.3454272747039795,2.388976812362671,2.426643133163452,2.514349174499512
gaussian_npe,1000,1000,N=n,27,g,100,2.142032561302185,2.142032561302185,2.142475809488099,2.0790558576583864,2.1142430305480957,2.1405837535858154,2.171213388442993,2.2146111011505125
gaussian_npe,1000,1000,N=n,28,g,100,2.7273189640045166,2.7273189640045166,2.728013618522381,2.620926785469055,2.681972026824951,2.738537549972534,2.7751646041870117,2.8258540630340576
gaussian_npe,1000,1000,N=n,29,g,100,2.4544905042648315,2.4544905042648315,2.4554662844360204,2.3424989938735963,2.409872055053711,2.460670232772827,2.506486654281616,2.551585578918457
gaussian_npe,1000,1000,N=n,30,g,100,2.9437011003494264,2.9437011003494264,2.944226705622866,2.854793381690979,2.9054417610168457,2.951469659805298,2.9759724140167236,3.0345742464065553
gaussian_npe,1000,1000,N=n,31,g,100,2.5149783802032473,2.5149783802032473,2.515741731157763,2.4082435846328734,2.471317172050476,2.5218148231506348,2.557844042778015,2.6016722440719606
gaussian_npe,1000,1000,N=n,32,g,100,2.1000230622291567,2.1000230622291567,2.101481008018879,1.9805641651153565,2.043722152709961,2.0887885093688965,2.150672435760498,2.2382275104522704
gaussian_npe,1000,1000,N=n,33,g,100,2.5128949451446534,2.5128949451446534,2.5145808430603114,2.3564863920211794,2.4577198028564453,2.507537841796875,2.575950503349304,2.6640753507614137
gaussian_npe,1000,1000,N=n,34,g,100,2.210463988780975,2.210463988780975,2.213571159635795,2.020389199256897,2.1424587965011597,2.2088229656219482,2.2794493436813354,2.3966422080993652
gaussian_npe,1000,1000,N=n,35,g,100,2.7530261945724486,2.7530261945724486,2.754002476606717,2.641797137260437,2.708573818206787,2.7550761699676514,2.7993345260620117,2.8854378700256347
gaussian_npe,1000,1000,N=n,36,g,100,3.256248321533203,3.256248321533203,3.256786281260991,3.1657439470291138,3.215806722640991,3.254851818084717,3.302107334136963,3.346440291404724
gaussian_npe,1000,1000,N=n,37,g,100,2.257011046409607,2.257011046409607,2.259075211428904,2.1018551349639893,2.1898409128189087,2.2589871883392334,2.3216434717178345,2.4312581777572633
gaussian_npe,1000,1000,N=n,38,g,100,2.4659065532684328,2.4659065532684328,2.468589331816898,2.2654009103775024,2.3897494077682495,2.456413745880127,2.5349663496017456,2.6490111112594605
gaussian_npe,1000,1000,N=n,39,g,100,2.7951111459732054,2.7951111459732054,2.795453221908081,2.719253659248352,2.7642388343811035,2.798250436782837,2.82376229763031,2.8571732521057127
gaussian_npe,1000,1000,N=n,40,g,100,2.979893751144409,2.979893751144409,2.9803372875765155,2.902875232696533,2.938984513282776,2.981565237045288,3.00406014919281,3.0691749811172486
gaussian_npe,1000,1000,N=n,41,g,100,3.213369302749634,3.213369302749634,3.2135980174053658,3.1504732370376587,3.1851139068603516,3.212024688720703,3.2437984943389893,3.276742625236511
gaussian_npe,1000,1000,N=n,42,g,100,2.3629084730148318,2.3629084730148318,2.3640054905191694,2.2339936971664427,2.3160316944122314,2.3647236824035645,2.4061745405197144,2.4757641553878784
gaussian_npe,1000,1000,N=n,43,g,100,2.042161943912506,2.042161943912506,2.0428603519694946,1.9469179272651673,2.0124179124832153,2.0393118858337402,2.076556086540222,2.1369479656219483
gaussian_npe,1000,1000,N=n,44,g,100,2.1353390502929686,2.1353390502929686,2.1379585926572795,1.9476275086402892,2.0609209537506104,2.1296982765197754,2.223418951034546,2.2897146463394162
gaussian_npe,1000,1000,N=n,45,g,100,2.6341981220245363,2.6341981220245363,2.635016000123809,2.52321310043335,2.58932101726532,2.638627529144287,2.6856610774993896,2.7313871145248414
gaussian_npe,1000,1000,N=n,46,g,100,2.661045470237732,2.661045470237732,2.66185983283186,2.5574849128723143,2.616312861442566,2.6675071716308594,2.7111223936080933,2.7580196142196653
gaussian_npe,1000,1000,N=n,47,g,100,2.445915141105652,2.445915141105652,2.4467653485670584,2.358150506019592,2.40572452545166,2.4450571537017822,2.488165020942688,2.54426109790802
gaussian_npe,1000,1000,N=n,48,g,100,2.962505383491516,2.962505383491516,2.962855478721988,2.8901850938797,2.9261268377304077,2.966864824295044,2.994384288787842,3.0277321100234986
gaussian_npe,1000,1000,N=n,49,g,100,3.2380187273025514,3.2380187273025514,3.2384761483241107,3.1464064836502077,3.2082375288009644,3.2413337230682373,3.2787270545959473,3.313846778869629
gaussian_npe,1000,1000,N=n,50,g,100,2.646225781440735,2.646225781440735,2.6470307214552,2.5495100736618044,2.6063722372055054,2.6421422958374023,2.68833589553833,2.7557907104492188
gaussian_npe,1000,1000,N=n,51,g,100,3.438024950027466,3.438024950027466,3.438187286567261,3.3842090129852296,3.4163612127304077,3.43778395652771,3.460205912590027,3.488192915916443
gaussian_npe,1000,1000,N=n,52,g,100,3.2427657079696655,3.2427657079696655,3.2428721735466532,3.2007110595703123,3.2252811193466187,3.241689443588257,3.261183500289917,3.2862765073776243
gaussian_npe,1000,1000,N=n,53,g,100,3.539159893989563,3.539159893989563,3.5393008549193614,3.4861233949661257,3.5249617099761963,3.5421760082244873,3.55668306350708,3.5876784324645996
gaussian_npe,1000,1000,N=n,54,g,100,3.0568201971054076,3.0568201971054076,3.057427608925041,2.9575629472732543,3.0251964330673218,3.055079221725464,3.0885931253433228,3.180169415473938
gaussian_npe,1000,1000,N=n,55,g,100,3.3385364818573,3.3385364818573,3.338933324951131,3.257910132408142,3.3012120723724365,3.339564085006714,3.368792176246643,3.421791434288025
gaussian_npe,1000,1000,N=n,56,g,100,2.946935214996338,2.946935214996338,2.9473770646981863,2.8679620027542114,2.913604497909546,2.950831413269043,2.9762200117111206,3.0163752317428587
gaussian_npe,1000,1000,N=n,57,g,100,2.6246265029907225,2.6246265029907225,2.6258664219442887,2.49131293296814,2.569177746772766,2.6302285194396973,2.674815535545349,2.754490613937378
gaussian_npe,1000,1000,N=n,58,g,100,2.863542289733887,2.863542289733887,2.8638894681812084,2.7893537282943726,2.8307358026504517,2.860652208328247,2.89728844165802,2.930502915382385
gaussian_npe,1000,1000,N=n,59,g,100,2.8061815690994263,2.8061815690994263,2.80650331104049,2.742205500602722,2.7749420404434204,2.8091416358947754,2.8328351974487305,2.8767903566360475
gaussian_npe,1000,1000,N=n,60,g,100,2.7566044759750366,2.7566044759750366,2.7579652624129833,2.6240899562835693,2.6982611417770386,2.7457714080810547,2.8187462091445923,2.8963078260421753
gaussian_npe,1000,1000,N=n,61,g,100,2.5753374767303465,2.5753374767303465,2.5772535183620486,2.422446060180664,2.5200440883636475,2.565551519393921,2.6406290531158447,2.723533272743225
gaussian_npe,1000,1000,N=n,62,g,100,3.2895483589172363,3.2895483589172363,3.2902016153481215,3.1676716566085816,3.251752495765686,3.2940046787261963,3.334204316139221,3.382951188087463
gaussian_npe,1000,1000,N=n,63,g,100,3.4291445064544677,3.4291445064544677,3.429895797395359,3.3048899173736572,3.3869158029556274,3.427018404006958,3.474308133125305,3.5442192554473877
gaussian_npe,1000,1000,N=n,64,g,100,3.053268384933472,3.053268384933472,3.0540816986539454,2.940227723121643,3.0119930505752563,3.0523619651794434,3.104667067527771,3.1624122142791746
gaussian_npe,1000,1000,N=n,65,g,100,2.780928959846497,2.780928959846497,2.781709044580731,2.6877594232559203,2.736457109451294,2.786651611328125,2.830716371536255,2.8671789169311523
gaussian_npe,1000,1000,N=n,66,g,100,2.8022388553619386,2.8022388553619386,2.8034698887796923,2.680835485458374,2.7393620014190674,2.8028275966644287,2.8660521507263184,2.9322986364364625
gaussian_npe,1000,1000,N=n,67,g,100,1.928457009792328,1.928457009792328,1.931040168017886,1.7402047038078308,1.875291883945465,1.9295682907104492,2.001369893550873,2.068250250816345
gaussian_npe,1000,1000,N=n,68,g,100,2.8001524686813353,2.8001524686813353,2.8013564615249105,2.6709094285964965,2.749377965927124,2.7996528148651123,2.8531795740127563,2.927844738960266
gaussian_npe,1000,1000,N=n,69,g,100,2.597884316444397,2.597884316444397,2.599103197028621,2.4547077894210814,2.549104928970337,2.6080987453460693,2.6440175771713257,2.73565878868103
gaussian_npe,1000,1000,N=n,70,g,100,3.140874671936035,3.140874671936035,3.141048581230983,3.0906495094299316,3.1144981384277344,3.1415135860443115,3.1639679670333862,3.190643072128296
gaussian_npe,1000,1000,N=n,71,g,100,2.4526361274719237,2.4526361274719237,2.454525699750917,2.244920086860657,2.4076794385910034,2.457024097442627,2.5168131589889526,2.5767794609069825
gaussian_npe,1000,1000,N=n,72,g,100,2.409068284034729,2.409068284034729,2.41098507480118,2.265210175514221,2.348686099052429,2.408757209777832,2.469519257545471,2.5608482837677
gaussian_npe,1000,1000,N=n,73,g,100,3.1988672828674316,3.1988672828674316,3.1991501929705395,3.129961395263672,3.169351816177368,3.2003166675567627,3.2292925119400024,3.263340377807617
gaussian_npe,1000,1000,N=n,74,g,100,3.09164484500885,3.09164484500885,3.0919800320869175,3.0174954891204835,3.064707040786743,3.0883781909942627,3.118505358695984,3.1766875267028807
gaussian_npe,1000,1000,N=n,75,g,100,2.740378346443176,2.740378346443176,2.741202956765646,2.6470096349716186,2.702106237411499,2.7389144897460938,2.7760472297668457,2.8627990007400514
gaussian_npe,1000,1000,N=n,76,g,100,2.8009686183929445,2.8009686183929445,2.8019682361822773,2.6768238067626955,2.7482142448425293,2.8056886196136475,2.844712972640991,2.9318838834762575
gaussian_npe,1000,1000,N=n,77,g,100,2.469532837867737,2.469532837867737,2.470658215333278,2.3665974378585815,2.408364415168762,2.4629642963409424,2.517890691757202,2.596473050117493
gaussian_npe,1000,1000,N=n,78,g,100,2.8548425674438476,2.8548425674438476,2.8550852804253415,2.784800481796265,2.8329312801361084,2.85520076751709,2.8807032108306885,2.9076980113983155
gaussian_npe,1000,1000,N=n,79,g,100,2.739771761894226,2.739771761894226,2.7405374906356745,2.6393165826797484,2.69207227230072,2.748551845550537,2.7814143896102905,2.850559401512146
gaussian_npe,1000,1000,N=n,80,g,100,3.3985195541381836,3.3985195541381836,3.398930486917948,3.301332926750183,3.3667070865631104,3.397108316421509,3.4317187070846558,3.4875007390975954
gaussian_npe,1000,1000,N=n,81,g,100,2.4232685947418213,2.4232685947418213,2.42566579915198,2.2563912868499756,2.3572402000427246,2.435482978820801,2.493502616882324,2.595172953605652
gaussian_npe,1000,1000,N=n,82,g,100,2.675897173881531,2.675897173881531,2.6767415503382503,2.578595185279846,2.6214996576309204,2.6713950634002686,2.7288914918899536,2.7864203453063965
gaussian_npe,1000,1000,N=n,83,g,100,2.5634740734100343,2.5634740734100343,2.5641339552625695,2.457903814315796,2.5224746465682983,2.5754292011260986,2.6003258228302,2.6464120864868166
gaussian_npe,1000,1000,N=n,84,g,100,2.589960207939148,2.589960207939148,2.5905263488503807,2.485411763191223,2.5542168617248535,2.5993168354034424,2.6256245374679565,2.6675689220428467
gaussian_npe,1000,1000,N=n,85,g,100,1.9841085839271546,1.9841085839271546,1.9850514659666567,1.8736723065376282,1.942627727985382,1.990208387374878,2.02436900138855,2.073040556907654
gaussian_npe,1000,1000,N=n,86,g,100,2.816637535095215,2.816637535095215,2.8173747783793504,2.7034223318099975,2.7649139165878296,2.81927752494812,2.860774517059326,2.9251197576522827
gaussian_npe,1000,1000,N=n,87,g,100,1.8280083703994752,1.8280083703994752,1.8309328617067944,1.6793670654296875,1.7579880952835083,1.8383280038833618,1.8877291679382324,2.0029090642929077
gaussian_npe,1000,1000,N=n,88,g,100,2.2029876375198363,2.2029876375198363,2.204630247130306,2.0670251846313477,2.1609203815460205,2.2076005935668945,2.262640953063965,2.3336846828460693
gaussian_npe,1000,1000,N=n,89,g,100,3.222502202987671,3.222502202987671,3.2231396500551273,3.121193361282349,3.1714320182800293,3.220806360244751,3.2602920532226562,3.332997703552246
gaussian_npe,1000,1000,N=n,90,g,100,3.0970147037506104,3.0970147037506104,3.097587278569282,3.016299343109131,3.048661470413208,3.1000680923461914,3.129811644554138,3.1974947452545166
gaussian_npe,1000,1000,N=n,91,g,100,2.4761469173431396,2.4761469173431396,2.4770863397661307,2.3585587978363036,2.4345496892929077,2.4690771102905273,2.5237358808517456,2.5814980030059815
gaussian_npe,1000,1000,N=n,92,g,100,3.1310952425003054,3.1310952425003054,3.132155210357646,3.00110502243042,3.0725038051605225,3.130993604660034,3.1888697147369385,3.251969075202942
gaussian_npe,1000,1000,N=n,93,g,100,1.9396089291572571,1.9396089291572571,1.9426466890190013,1.7690983533859252,1.8733383417129517,1.939511775970459,1.9956353306770325,2.1419450759887697
gaussian_npe,1000,1000,N=n,94,g,100,2.649112229347229,2.649112229347229,2.6502324514298907,2.5322429656982424,2.596131443977356,2.6517560482025146,2.6987727880477905,2.7855296611785887
gaussian_npe,1000,1000,N=n,95,g,100,2.056078066825867,2.056078066825867,2.0586971889738384,1.881083881855011,2.0037863850593567,2.0589561462402344,2.1106127500534058,2.2225141525268555
gaussian_npe,1000,1000,N=n,96,g,100,2.5500832986831665,2.5500832986831665,2.550920327221741,2.44872887134552,2.506750702857971,2.545912981033325,2.5928720235824585,2.651579165458679
gaussian_npe,1000,1000,N=n,97,g,100,2.6568267440795896,2.6568267440795896,2.6579690995525795,2.5009460926055906,2.6122289896011353,2.661310911178589,2.715386152267456,2.7728642225265503
gaussian_npe,1000,1000,N=n,98,g,100,2.380879054069519,2.380879054069519,2.3835796311414983,2.1767313480377197,2.307432532310486,2.386230707168579,2.449846863746643,2.559519577026367
gaussian_npe,1000,1000,N=n,99,g,100,2.7042496156692506,2.7042496156692506,2.705000075766989,2.5929245233535765,2.6606720685958862,2.708893299102783,2.75206196308136,2.809756851196289
gaussian_npe,1000,1000,N=n,100,g,100,3.3505172443389895,3.3505172443389895,3.3506695300589913,3.30237500667572,3.3341853618621826,3.34657883644104,3.3696781396865845,3.4007628917694093
gaussian_npe,1000,6907,N=n log(n),0,g,100,1.9015883302688599,1.9015883302688599,1.9354974537639853,1.2632607460021972,1.7011751532554626,1.8836567401885986,2.1428332328796387,2.4942360162734984
gaussian_npe,1000,6907,N=n log(n),1,g,100,1.6233628368377686,1.6233628368377686,1.646711064124003,1.1778710603713989,1.4482423067092896,1.6188784837722778,1.7773626446723938,2.1354613065719605
gaussian_npe,1000,6907,N=n log(n),2,g,100,1.0629427433013916,1.0629427433013916,1.1379958918058366,0.49067914485931396,0.7728047966957092,1.0334519147872925,1.2921568751335144,1.6790891885757444
gaussian_npe,1000,6907,N=n log(n),3,g,100,1.8485129618644713,1.8485129618644713,1.880838147090614,1.229060745239258,1.620077669620514,1.843666672706604,2.0941025018692017,2.4618988275527953
gaussian_npe,1000,6907,N=n log(n),4,g,100,1.5092240405082702,1.5092240405082702,1.5448434627401744,1.0340687870979308,1.2858662605285645,1.4803177118301392,1.7475448846817017,2.059760499000549
gaussian_npe,1000,6907,N=n log(n),5,g,100,0.8880020356178284,0.8880020356178284,0.9732777653512498,0.35004404783248905,0.6445668935775757,0.8300086259841919,1.085864782333374,1.6520464420318604
gaussian_npe,1000,6907,N=n log(n),6,g,100,1.995525667667389,1.995525667667389,2.0165338264762913,1.5212857127189636,1.772462546825409,2.019740581512451,2.1486001014709473,2.4996848583221434
gaussian_npe,1000,6907,N=n log(n),7,g,100,1.0423556661605835,1.0423556661605835,1.0948171062785363,0.5085760712623596,0.7777190804481506,1.0774986743927002,1.2835670113563538,1.551529788970947
gaussian_npe,1000,6907,N=n log(n),8,g,100,1.5009605741500855,1.5009605741500855,1.5379935065822627,0.9070738077163697,1.3014712929725647,1.5222525596618652,1.7498310804367065,1.9244154572486878
gaussian_npe,1000,6907,N=n log(n),9,g,100,1.4841119027137757,1.4841119027137757,1.5110279796785981,1.0637791395187377,1.3020419478416443,1.4611037969589233,1.6666778326034546,1.9274464607238768
gaussian_npe,1000,6907,N=n log(n),10,g,100,0.5361067867279052,0.5487278509140014,0.6227197946222282,0.008365440368652347,0.3374027609825134,0.5416833162307739,0.7354090809822083,1.0087905049324035
gaussian_npe,1000,6907,N=n log(n),11,g,100,1.3679869747161866,1.3679869747161866,1.390446016122558,0.9615924239158631,1.1990309953689575,1.351814866065979,1.5278147459030151,1.7560755014419553
gaussian_npe,1000,6907,N=n log(n),12,g,100,1.8931442856788636,1.8931442856788636,1.9115983850447922,1.4303828239440919,1.742696225643158,1.904417872428894,2.077315330505371,2.280123162269592
gaussian_npe,1000,6907,N=n log(n),13,g,100,1.7211111688613892,1.7211111688613892,1.750640813499376,1.2291030526161193,1.4465400576591492,1.7413514852523804,1.9600623846054077,2.164072299003601
gaussian_npe,1000,6907,N=n log(n),14,g,100,1.4661805939674377,1.4661805939674377,1.5118480565118362,0.8007318377494812,1.2809157967567444,1.4376367330551147,1.7122814059257507,2.059863495826721
gaussian_npe,1000,6907,N=n log(n),15,g,100,1.04232572555542,1.04232572555542,1.1050389612253284,0.5189050316810608,0.7464972138404846,1.011074423789978,1.288905143737793,1.6453508019447325
gaussian_npe,1000,6907,N=n log(n),16,g,100,1.246852707862854,1.246852707862854,1.2774256390059644,0.8487727403640747,1.0058463215827942,1.2628912925720215,1.4584814310073853,1.7255609273910522
gaussian_npe,1000,6907,N=n log(n),17,g,100,1.3915177083015442,1.3915177083015442,1.4442618708049066,0.8096493005752563,1.091321349143982,1.4023224115371704,1.6657784581184387,1.959982991218567
gaussian_npe,1000,6907,N=n log(n),18,g,100,1.4477091717720032,1.4477091717720032,1.5005642380817514,0.7687201023101806,1.1954944133758545,1.4563626050949097,1.7554113268852234,2.0558160305023194
gaussian_npe,1000,6907,N=n log(n),19,g,100,1.294443016052246,1.294443016052246,1.3334262107445003,0.7899428009986877,1.063595950603485,1.303844690322876,1.542286217212677,1.7763334989547728
gaussian_npe,1000,6907,N=n log(n),20,g,100,1.4598258900642396,1.4598258900642396,1.4882852992523377,1.0270872950553893,1.280651867389679,1.456498384475708,1.6433287858963013,1.8895500898361206
gaussian_npe,1000,6907,N=n log(n),21,g,100,0.9196796309947968,0.927748647928238,1.036420040751751,0.16337399482727052,0.6519184112548828,0.8667329549789429,1.2294315695762634,1.6685529112815856
gaussian_npe,1000,6907,N=n log(n),22,g,100,1.3913457226753234,1.3913457226753234,1.4451265486533813,0.8781545639038086,1.1241571307182312,1.321384310722351,1.6727415919303894,2.121559929847717
gaussian_npe,1000,6907,N=n log(n),23,g,100,1.5282634902000427,1.5282634902000427,1.5689493787183502,1.0149832844734192,1.293986439704895,1.5402286052703857,1.7860131859779358,2.0621731281280518
gaussian_npe,1000,6907,N=n log(n),24,g,100,0.5103847789764404,0.5339145755767822,0.637756964643578,-0.0959212303161621,0.2967642545700073,0.5040627717971802,0.7659509181976318,1.1396533131599424
gaussian_npe,1000,6907,N=n log(n),25,g,100,1.0536033749580382,1.0536033749580382,1.1338756273551764,0.3967166543006897,0.8187744617462158,1.0396031141281128,1.3195246458053589,1.7298157095909115
gaussian_npe,1000,6907,N=n log(n),26,g,100,1.2624504828453065,1.2624504828453065,1.3327880894974753,0.581850552558899,0.9965678453445435,1.263803243637085,1.5294677019119263,2.1374594926834107
gaussian_npe,1000,6907,N=n log(n),27,g,100,1.2983202052116394,1.2983202052116394,1.3367731089131836,0.7341211438179016,1.100850522518158,1.2992204427719116,1.545687735080719,1.7869607567787171
gaussian_npe,1000,6907,N=n log(n),28,g,100,1.6529510164260863,1.6529510164260863,1.6862606912832212,1.0450536012649536,1.448559820652008,1.6998069286346436,1.8726451396942139,2.1231021404266355
gaussian_npe,1000,6907,N=n log(n),29,g,100,0.5378084766864777,0.5473354756832123,0.6136084949186408,0.03523318171501161,0.3570975065231323,0.5735611915588379,0.7551292777061462,0.9582284808158873
gaussian_npe,1000,6907,N=n log(n),30,g,100,1.8535832619667054,1.8535832619667054,1.8778451334960975,1.4726823925971986,1.6570804715156555,1.8515174388885498,2.027550220489502,2.3945554733276366
gaussian_npe,1000,6907,N=n log(n),31,g,100,1.0355777096748353,1.0355777096748353,1.1011469901660504,0.4435561776161194,0.8233757615089417,1.0072569847106934,1.2598448991775513,1.6809213876724243
gaussian_npe,1000,6907,N=n log(n),32,g,100,1.2716174077987672,1.2716174077987672,1.3073020451543802,0.826016366481781,1.081631600856781,1.2729451656341553,1.4350464344024658,1.7891935348510741
gaussian_npe,1000,6907,N=n log(n),33,g,100,2.110724768638611,2.110724768638611,2.1203656430590434,1.7740299224853515,1.9666680693626404,2.1043765544891357,2.2513080835342407,2.4479176759719845
gaussian_npe,1000,6907,N=n log(n),34,g,100,1.8322435855865478,1.8322435855865478,1.872572043255565,1.2056504607200622,1.545419991016388,1.84377920627594,2.0663421154022217,2.35693724155426
gaussian_npe,1000,6907,N=n log(n),35,g,100,1.3658005809783935,1.3658005809783935,1.4010209307469357,0.8795860409736633,1.137942135334015,1.3916305303573608,1.5951343774795532,1.9125279903411865
gaussian_npe,1000,6907,N=n log(n),36,g,100,1.862303738594055,1.862303738594055,1.898833644624738,1.2772026419639588,1.599771797657013,1.8433655500411987,2.11301589012146,2.466259694099426
gaussian_npe,1000,6907,N=n log(n),37,g,100,1.8243802905082702,1.8243802905082702,1.8506751407330384,1.3057968854904174,1.5918952822685242,1.8423676490783691,2.0223793983459473,2.3038246870040893
gaussian_npe,1000,6907,N=n log(n),38,g,100,0.9796379041671753,0.9796379041671753,1.094429205936368,0.1704335927963257,0.6007813811302185,0.90813148021698,1.3417786955833435,1.7232504606246946
gaussian_npe,1000,6907,N=n log(n),39,g,100,1.538646366596222,1.538646366596222,1.5778867726030252,0.963315737247467,1.3179824352264404,1.4878830909729004,1.7676709294319153,2.0913919687271116
gaussian_npe,1000,6907,N=n log(n),40,g,100,1.9705961966514587,1.9705961966514587,1.984937625648097,1.5800555229187012,1.8269328474998474,2.001887559890747,2.109024167060852,2.3137642860412595
gaussian_npe,1000,6907,N=n log(n),41,g,100,1.4868680620193482,1.4868680620193482,1.5244267290332962,0.9369765996932984,1.2572872638702393,1.4514501094818115,1.7055975198745728,2.085543155670166
gaussian_npe,1000,6907,N=n log(n),42,g,100,1.6936686754226684,1.6936686754226684,1.725704083133539,1.1048277854919433,1.469805359840393,1.7218055725097656,1.9230028986930847,2.203415608406067
gaussian_npe,1000,6907,N=n log(n),43,g,100,1.2445446681976318,1.2445446681976318,1.2946965602460443,0.6672587037086487,1.0133066177368164,1.2354919910430908,1.4966568350791931,1.802390670776367
gaussian_npe,1000,6907,N=n log(n),44,g,100,1.3484569549560548,1.3484569549560548,1.3936573501061285,0.7898809790611268,1.0875779390335083,1.3359909057617188,1.6217880249023438,1.913534915447235
gaussian_npe,1000,6907,N=n log(n),45,g,100,1.642887499332428,1.642887499332428,1.6810987262363224,1.0274195432662965,1.4051933884620667,1.6796674728393555,1.878353774547577,2.151860570907593
gaussian_npe,1000,6907,N=n log(n),46,g,100,0.6454058802127838,0.6572761189937592,0.7662444422028601,0.06597135663032533,0.2888515591621399,0.6479997634887695,0.9257588982582092,1.340913689136505
gaussian_npe,1000,6907,N=n log(n),47,g,100,1.1443864941596984,1.1443864941596984,1.1936110228760897,0.6200638532638549,0.9166035056114197,1.1512138843536377,1.367934226989746,1.6897284865379334
gaussian_npe,1000,6907,N=n log(n),48,g,100,2.635334210395813,2.635334210395813,2.6422592499511297,2.29039843082428,2.5164254903793335,2.6590912342071533,2.7529947757720947,2.9216501474380494
gaussian_npe,1000,6907,N=n log(n),49,g,100,2.0061036276817323,2.0061036276817323,2.0148940542872396,1.7052850604057312,1.8942238092422485,2.0151474475860596,2.1293479204177856,2.2683027029037475
gaussian_npe,1000,6907,N=n log(n),50,g,100,1.2830403876304626,1.2830403876304626,1.3543949747384283,0.5537211418151855,1.0159596800804138,1.290126919746399,1.557264506816864,2.01298246383667
gaussian_npe,1000,6907,N=n log(n),51,g,100,2.0400652050971986,2.0400652050971986,2.053046105057267,1.6415263652801513,1.9020835757255554,2.05934476852417,2.1863980293273926,2.4256592750549317
gaussian_npe,1000,6907,N=n log(n),52,g,100,1.1766677474975586,1.1766677474975586,1.258871074029487,0.511619508266449,0.8071650266647339,1.1280807256698608,1.5367594957351685,1.8661998748779296
gaussian_npe,1000,6907,N=n log(n),53,g,100,1.6447495889663697,1.6447495889663697,1.6926616508747205,0.9845617055892945,1.3533256649971008,1.6608244180679321,1.8921658396720886,2.2673218965530393
gaussian_npe,1000,6907,N=n log(n),54,g,100,1.9979517340660096,1.9979517340660096,2.010942630768721,1.635151743888855,1.8785197138786316,1.9945969581604004,2.1277432441711426,2.3944087743759153
gaussian_npe,1000,6907,N=n log(n),55,g,100,1.1621405959129334,1.1621405959129334,1.2225255205132532,0.5356003761291503,0.9360846281051636,1.1445825099945068,1.440335988998413,1.7452383756637573
gaussian_npe,1000,6907,N=n log(n),56,g,100,2.166445724964142,2.166445724964142,2.190103227438218,1.6767404198646545,2.012618660926819,2.146622657775879,2.3813343048095703,2.693195843696594
gaussian_npe,1000,6907,N=n log(n),57,g,100,1.6475682401657104,1.6475682401657104,1.6788392647926493,1.1732516884803772,1.402669072151184,1.685098648071289,1.874873399734497,2.0965117454528808
gaussian_npe,1000,6907,N=n log(n),58,g,100,1.8496621870994567,1.8496621870994567,1.8701068094642843,1.410465145111084,1.6450299620628357,1.8525147438049316,2.0648995637893677,2.282264542579651
gaussian_npe,1000,6907,N=n log(n),59,g,100,1.3020912647247314,1.3020912647247314,1.3588959045816595,0.6766923069953918,1.0385099649429321,1.3919757604599,1.5482561588287354,1.810817039012909
gaussian_npe,1000,6907,N=n log(n),60,g,100,1.4376117968559265,1.4376117968559265,1.4928528267390548,0.8551617741584778,1.1092820167541504,1.3947824239730835,1.7432193756103516,2.055787205696106
gaussian_npe,1000,6907,N=n log(n),61,g,100,1.0016629791259766,1.006076455116272,1.0966802679042158,0.2891050577163697,0.7534940838813782,1.0009808540344238,1.3487940430641174,1.6755083203315733
gaussian_npe,1000,6907,N=n log(n),62,g,100,1.2223830246925353,1.2223830246925353,1.2638275776493766,0.6384106755256653,1.0606797337532043,1.23037850856781,1.432374119758606,1.796300435066223
gaussian_npe,1000,6907,N=n log(n),63,g,100,1.588254110813141,1.588254110813141,1.612136722972557,1.13904767036438,1.4067407250404358,1.5897643566131592,1.7273009419441223,2.053820848464966
gaussian_npe,1000,6907,N=n log(n),64,g,100,0.3428882896900177,0.38332870841026306,0.47521640032743107,-0.16999176144599915,0.08992481231689453,0.3421306610107422,0.5724477171897888,0.8865257740020749
gaussian_npe,1000,6907,N=n log(n),65,g,100,1.7231773018836976,1.7231773018836976,1.7570360724115361,1.164195716381073,1.4823850393295288,1.7470221519470215,1.9783256649971008,2.224757170677185
gaussian_npe,1000,6907,N=n log(n),66,g,100,1.655227200984955,1.655227200984955,1.6834449845955837,1.1947373270988464,1.4313023090362549,1.6330885887145996,1.9195590019226074,2.1726260900497434
gaussian_npe,1000,6907,N=n log(n),67,g,100,1.291807975769043,1.291807975769043,1.3623655175424016,0.5366336226463319,1.0351327061653137,1.2605994939804077,1.5716092586517334,1.9123751640319822
gaussian_npe,1000,6907,N=n log(n),68,g,100,1.393498833179474,1.393498833179474,1.4263541281139969,0.9368712186813355,1.176419973373413,1.3977478742599487,1.5894354581832886,1.924873960018158
gaussian_npe,1000,6907,N=n log(n),69,g,100,1.7255724549293519,1.7255724549293519,1.752704055173123,1.1909901261329652,1.5411900877952576,1.7529767751693726,1.9449210166931152,2.175677180290222
gaussian_npe,1000,6907,N=n log(n),70,g,100,1.6115434670448303,1.6115434670448303,1.6700531393201374,0.8991246461868286,1.305233657360077,1.622322678565979,1.9424116015434265,2.2760730981826782
gaussian_npe,1000,6907,N=n log(n),71,g,100,1.3935573196411133,1.3935573196411133,1.452481806596638,0.5440906643867492,1.1714631915092468,1.4476696252822876,1.6759459376335144,1.9302261590957641
gaussian_npe,1000,6907,N=n log(n),72,g,100,1.4605441856384278,1.4605441856384278,1.4955860901822358,1.0117440223693848,1.2252818942070007,1.410457730293274,1.6384180784225464,2.0169413089752197
gaussian_npe,1000,6907,N=n log(n),73,g,100,1.3740619349479675,1.3740619349479675,1.4248321969123512,0.7788200616836548,1.0938735604286194,1.4205174446105957,1.6316723227500916,1.9177476644515987
gaussian_npe,1000,6907,N=n log(n),74,g,100,1.1878342986106873,1.1878342986106873,1.2584714298589712,0.5261908888816833,0.9243417978286743,1.1735310554504395,1.4014395475387573,1.897875916957855
gaussian_npe,1000,6907,N=n log(n),75,g,100,1.4762395191192628,1.4762395191192628,1.5060309012839523,1.069611632823944,1.2892762422561646,1.4261152744293213,1.6367831826210022,2.059643268585205
gaussian_npe,1000,6907,N=n log(n),76,g,100,1.7161305236816407,1.7161305236816407,1.7472215985034536,1.1973454713821412,1.454351782798767,1.7135353088378906,1.9325940012931824,2.339881992340088
gaussian_npe,1000,6907,N=n log(n),77,g,100,1.3238849353790283,1.3238849353790283,1.3707988184859001,0.8281234860420227,1.0305628180503845,1.3121564388275146,1.5685307383537292,1.9175039052963256
gaussian_npe,1000,6907,N=n log(n),78,g,100,1.6477524709701539,1.6477524709701539,1.6810553050459707,1.0987138509750367,1.4170215129852295,1.6631956100463867,1.912800908088684,2.1787097215652462
gaussian_npe,1000,6907,N=n log(n),79,g,100,0.6451042628288269,0.6451042628288269,0.7158182397229422,0.14941521883010864,0.44965147972106934,0.630986213684082,0.8847202658653259,1.109377133846283
gaussian_npe,1000,6907,N=n log(n),80,g,100,1.9133762836456298,1.9133762836456298,1.9458495550459831,1.3787989974021913,1.6788523197174072,1.9331741333007812,2.1731340885162354,2.4332217693328855
gaussian_npe,1000,6907,N=n log(n),81,g,100,1.610218207836151,1.610218207836151,1.653029376328862,0.9412634134292602,1.3974651098251343,1.6473175287246704,1.8842610716819763,2.1374972343444822
gaussian_npe,1000,6907,N=n log(n),82,g,100,1.0351933693885804,1.0351933693885804,1.0958516701856604,0.5227230072021485,0.7373870611190796,1.032858967781067,1.312629520893097,1.6183005094528198
gaussian_npe,1000,6907,N=n log(n),83,g,100,1.4943925833702087,1.4943925833702087,1.5221402545245402,1.0175063252449035,1.3165298104286194,1.511592149734497,1.6666899919509888,1.982307755947113
gaussian_npe,1000,6907,N=n log(n),84,g,100,1.8641144108772278,1.8641144108772278,1.9041922711826242,1.2180107712745667,1.6165351271629333,1.896945595741272,2.1175718307495117,2.4786296129226684
gaussian_npe,1000,6907,N=n log(n),85,g,100,1.1828636860847472,1.1828636860847472,1.2461072105396358,0.4606331706047058,0.9192383289337158,1.1953434944152832,1.4104773998260498,1.8035123348236084
gaussian_npe,1000,6907,N=n log(n),86,g,100,2.252809371948242,2.252809371948242,2.2708236884727975,1.7610960006713867,2.0572885274887085,2.225231170654297,2.4714428186416626,2.7076756238937376
gaussian_npe,1000,6907,N=n log(n),87,g,100,1.894453032016754,1.894453032016754,1.9177792686418347,1.4567665934562684,1.719740867614746,1.9167659282684326,2.061701536178589,2.4727494716644287
gaussian_npe,1000,6907,N=n log(n),88,g,100,2.424862852096558,2.424862852096558,2.4307558013746022,2.1595861196517943,2.3200435638427734,2.45097017288208,2.5409979820251465,2.6684033632278443
gaussian_npe,1000,6907,N=n log(n),89,g,100,1.5816348934173583,1.5816348934173583,1.6155492529554396,1.086553955078125,1.2990646362304688,1.5895506143569946,1.8311911821365356,2.065687251091003
gaussian_npe,1000,6907,N=n log(n),90,g,100,1.7926763939857482,1.7926763939857482,1.8219513150785458,1.2687755227088928,1.5613809823989868,1.7934561967849731,2.006485342979431,2.267789363861084
gaussian_npe,1000,6907,N=n log(n),91,g,100,1.4780770349502563,1.4780770349502563,1.5072237323260378,1.0141225814819337,1.2777296900749207,1.456864833831787,1.6711552143096924,1.9060630440711974
gaussian_npe,1000,6907,N=n log(n),92,g,100,0.9760485029220581,0.9786860275268555,1.0876235016540692,0.23935315608978272,0.6473641991615295,0.993158221244812,1.2718737721443176,1.6640302300453185
gaussian_npe,1000,6907,N=n log(n),93,g,100,1.507497751712799,1.507497751712799,1.542990263379943,0.9892435550689698,1.3053855299949646,1.5110434293746948,1.6741929650306702,2.0786022901535035
gaussian_npe,1000,6907,N=n log(n),94,g,100,1.4651612043380737,1.4651612043380737,1.4941208423550627,0.9952011466026306,1.2615216374397278,1.4492485523223877,1.655032455921173,1.9326569199562074
gaussian_npe,1000,6907,N=n log(n),95,g,100,2.018490490913391,2.018490490913391,2.047944583923573,1.4298340797424316,1.8524850010871887,2.021793842315674,2.205329179763794,2.587106394767761
gaussian_npe,1000,6907,N=n log(n),96,g,100,1.274817156791687,1.274817156791687,1.3415673779759762,0.6729775190353393,0.9680942296981812,1.2781403064727783,1.6174607276916504,1.9421648740768434
gaussian_npe,1000,6907,N=n log(n),97,g,100,2.0485216188430786,2.0485216188430786,2.074103597984534,1.4315446972846986,1.892953097820282,2.077157497406006,2.281531810760498,2.4777527332305906
gaussian_npe,1000,6907,N=n log(n),98,g,100,2.003667929172516,2.003667929172516,2.037045191571427,1.378803789615631,1.7347302436828613,2.0218560695648193,2.2901110649108887,2.546207141876221
gaussian_npe,1000,6907,N=n log(n),99,g,100,1.493717875480652,1.493717875480652,1.5312006683878858,0.8926725506782531,1.2295254468917847,1.5376824140548706,1.7339100241661072,1.9615144848823547
gaussian_npe,1000,6907,N=n log(n),100,g,100,1.745015902519226,1.745015902519226,1.7728926238005196,1.2710199356079102,1.539338767528534,1.718795657157898,1.9354190826416016,2.266421580314636
gaussian_npe,1000,31622,N=n^(3/2),0,g,100,0.41654942512512205,0.4282041025161743,0.5059295680703763,-0.010231828689575192,0.1788528561592102,0.40871286392211914,0.6102192401885986,0.9162883758544922
gaussian_npe,1000,31622,N=n^(3/2),1,g,100,0.08904113411903382,0.3406256377696991,0.45571528795918353,-0.504259991645813,-0.22891360521316528,0.03578925132751465,0.2883908152580261,1.0087130188941955
gaussian_npe,1000,31622,N=n^(3/2),2,g,100,0.2933321976661682,0.4509175181388855,0.5670751591882346,-0.3903494536876678,-0.08878746628761292,0.33742034435272217,0.6068817973136902,0.9821388483047484
gaussian_npe,1000,31622,N=n^(3/2),3,g,100,0.05580464005470276,0.41462533831596377,0.50566904647713,-0.6921241521835327,-0.32891273498535156,-0.00807797908782959,0.41573798656463623,0.9270569562911987
gaussian_npe,1000,31622,N=n^(3/2),4,g,100,0.17509289264678954,0.36059524536132814,0.44643166368986587,-0.46925153136253356,-0.09828707575798035,0.20052528381347656,0.4079328179359436,0.8750443696975707
gaussian_npe,1000,31622,N=n^(3/2),5,g,100,0.1817488479614258,0.2701630306243896,0.3427059524009034,-0.25140284895896914,-0.025930404663085938,0.21368610858917236,0.3607591390609741,0.6000988841056822
gaussian_npe,1000,31622,N=n^(3/2),6,g,100,-0.3545383977890015,0.46052234172821044,0.5335548201555577,-0.8832404971122741,-0.654650866985321,-0.4411323666572571,-0.12672993540763855,0.40025349855422954
gaussian_npe,1000,31622,N=n^(3/2),7,g,100,0.046090996265411376,0.23074345350265502,0.29541944876411447,-0.3573280990123749,-0.13366112112998962,0.021004438400268555,0.23291021585464478,0.5388093948364254
gaussian_npe,1000,31622,N=n^(3/2),8,g,100,0.36066160440444944,0.48368961095809937,0.5790989766380378,-0.502801138162613,0.07798296213150024,0.35823965072631836,0.6756289601325989,1.0271439075469968
gaussian_npe,1000,31622,N=n^(3/2),9,g,100,0.2751933753490448,0.36784879803657533,0.48277921651818556,-0.28343536257743834,0.01972740888595581,0.2014310359954834,0.5284162163734436,0.9451087713241574
gaussian_npe,1000,31622,N=n^(3/2),10,g,100,0.30549782037734985,0.37627310991287233,0.48974631520197376,-0.289351099729538,0.05864536762237549,0.24991178512573242,0.5196672081947327,1.0068551659584046
gaussian_npe,1000,31622,N=n^(3/2),11,g,100,-0.12985702633857726,0.32266006112098694,0.4000221819396437,-0.6751295745372772,-0.36465102434158325,-0.18844419717788696,0.06192904710769653,0.7014900803565979
gaussian_npe,1000,31622,N=n^(3/2),12,g,100,0.1796623432636261,0.3098650014400482,0.3875813656147271,-0.4143447518348694,-0.08089599013328552,0.17278873920440674,0.4017212986946106,0.8002567768096923
gaussian_npe,1000,31622,N=n^(3/2),13,g,100,0.13453405499458312,0.26700852274894715,0.3427932819629012,-0.33968197703361513,-0.09826329350471497,0.13112008571624756,0.3265816569328308,0.6371959686279296
gaussian_npe,1000,31622,N=n^(3/2),14,g,100,0.05749024271965027,0.4322855532169342,0.5388385032711025,-0.702232551574707,-0.2741570770740509,-0.0634225606918335,0.38105320930480957,1.0945868372917176
gaussian_npe,1000,31622,N=n^(3/2),15,g,100,0.008602187633514405,0.40227341890335083,0.4897947862719192,-0.6530601382255554,-0.4066009223461151,0.004398941993713379,0.3428373336791992,0.8348578572273253
gaussian_npe,1000,31622,N=n^(3/2),16,g,100,0.2597366178035736,0.3581338655948639,0.48423631978029763,-0.2784474194049835,-0.06503370404243469,0.18116629123687744,0.528008222579956,1.0911201596260072
gaussian_npe,1000,31622,N=n^(3/2),17,g,100,0.26027661442756655,0.3761644303798676,0.49892637131095946,-0.4207063436508179,-0.015388697385787964,0.22997713088989258,0.5034799575805664,0.811780250072479
gaussian_npe,1000,31622,N=n^(3/2),18,g,100,0.08585317611694336,0.2608423376083374,0.3318195681144668,-0.3913825213909149,-0.12307283282279968,0.01889181137084961,0.304972767829895,0.6594563841819763
gaussian_npe,1000,31622,N=n^(3/2),19,g,100,0.3134694314002991,0.41998674631118776,0.5441475311752453,-0.24160022735595701,-0.07207176089286804,0.24438691139221191,0.6300702691078186,0.9366822600364679
gaussian_npe,1000,31622,N=n^(3/2),20,g,100,0.08755305171012878,0.3407673847675323,0.4426081691191956,-0.5931441247463226,-0.16870653629302979,0.019344449043273926,0.35460519790649414,0.8203994035720825
gaussian_npe,1000,31622,N=n^(3/2),21,g,100,0.16292298436164857,0.37166607260704043,0.4711896356469822,-0.40657920241355894,-0.18734332919120789,0.11718952655792236,0.44029945135116577,0.9550320029258728
gaussian_npe,1000,31622,N=n^(3/2),22,g,100,0.18742958188056946,0.3871728551387787,0.5096380740095497,-0.4804750859737396,-0.1760815978050232,0.11722779273986816,0.4446069002151489,1.1338451147079467
gaussian_npe,1000,31622,N=n^(3/2),23,g,100,0.3275869143009186,0.3907005488872528,0.5135256393192076,-0.17580004334449767,0.06273573637008667,0.2771890163421631,0.5584169626235962,1.0760676264762876
gaussian_npe,1000,31622,N=n^(3/2),24,g,100,0.38880098819732667,0.5095997142791748,0.6318692556974611,-0.37578571438789365,0.05460488796234131,0.3332749605178833,0.7345109581947327,1.1919056415557858
gaussian_npe,1000,31622,N=n^(3/2),25,g,100,0.3320445489883423,0.4035248517990112,0.5179379935401345,-0.29578966498374937,0.07922208309173584,0.3028472661972046,0.5201368927955627,0.9856527686119076
gaussian_npe,1000,31622,N=n^(3/2),26,g,100,0.050341817140579226,0.27916839957237244,0.3826996541985135,-0.45746936202049254,-0.19157207012176514,-0.014470577239990234,0.2603907585144043,0.9160160779953003
gaussian_npe,1000,31622,N=n^(3/2),27,g,100,0.0509362781047821,0.37696924328804016,0.4786816095579995,-0.4927786111831665,-0.3467358350753784,-0.05241811275482178,0.3272339105606079,0.9939420580863951
gaussian_npe,1000,31622,N=n^(3/2),28,g,100,0.5746130049228668,0.6168581664562225,0.7004662304931465,-0.22142778038978578,0.2623158097267151,0.6732561588287354,0.8614996075630188,1.0871949672698975
gaussian_npe,1000,31622,N=n^(3/2),29,g,100,-0.168252569437027,0.4013115799427032,0.4807588403200551,-0.8839019060134887,-0.5020505487918854,-0.18022984266281128,0.1722695231437683,0.6399706840515136
gaussian_npe,1000,31622,N=n^(3/2),30,g,100,0.7125967407226562,0.7261016893386841,0.8109494456725008,0.05786257982254029,0.4444611668586731,0.7534890174865723,0.9502027034759521,1.3233486533164975
gaussian_npe,1000,31622,N=n^(3/2),31,g,100,0.26671548128128053,0.3979707503318787,0.5407953654693263,-0.4249669790267944,-0.03511252999305725,0.18814849853515625,0.48539483547210693,1.0975174665451048
gaussian_npe,1000,31622,N=n^(3/2),32,g,100,-0.12162519693374634,0.33158272981643677,0.4000121672358236,-0.6041060626506806,-0.4031312167644501,-0.1920505166053772,0.10063344240188599,0.5210223078727719
gaussian_npe,1000,31622,N=n^(3/2),33,g,100,0.3134509599208832,0.39340075612068176,0.5262665838866215,-0.2506882607936859,0.010778725147247314,0.25866663455963135,0.5039018392562866,1.052977859973907
gaussian_npe,1000,31622,N=n^(3/2),34,g,100,-0.11513355493545532,0.3292377018928528,0.4381575498178353,-0.6905589401721954,-0.4283934235572815,-0.10182708501815796,0.09177929162979126,0.49494314193725586
gaussian_npe,1000,31622,N=n^(3/2),35,g,100,0.06606310606002808,0.34138342142105105,0.4177266931908084,-0.5673654854297638,-0.22374573349952698,0.08363175392150879,0.32344311475753784,0.711524474620819
gaussian_npe,1000,31622,N=n^(3/2),36,g,100,-0.11437785983085633,0.298876713514328,0.36215758052601277,-0.558553159236908,-0.3736553192138672,-0.1872813105583191,0.08925139904022217,0.5331034183502197
gaussian_npe,1000,31622,N=n^(3/2),37,g,100,0.10317315697669983,0.3023442542552948,0.4094647614000548,-0.4009316623210907,-0.18192684650421143,0.011746644973754883,0.2867184281349182,0.7565385818481436
gaussian_npe,1000,31622,N=n^(3/2),38,g,100,0.1284049081802368,0.44635807037353514,0.5682607142741035,-0.6032374560832977,-0.3305981457233429,0.011165261268615723,0.5045289993286133,1.149894642829895
gaussian_npe,1000,31622,N=n^(3/2),39,g,100,0.27975505471229556,0.33653249621391296,0.44044179778281006,-0.2015913188457489,0.03718358278274536,0.2722797393798828,0.4416491985321045,0.9048823237419128
gaussian_npe,1000,31622,N=n^(3/2),40,g,100,0.2680203092098236,0.4533260643482208,0.5950612449388254,-0.47610785961151125,-0.10497790575027466,0.2229173183441162,0.5362533926963806,1.1527146339416499
gaussian_npe,1000,31622,N=n^(3/2),41,g,100,0.16388324856758119,0.306515291929245,0.40564470729515706,-0.3477679669857025,-0.07797390222549438,0.09003615379333496,0.37947750091552734,0.8741509437561035
gaussian_npe,1000,31622,N=n^(3/2),42,g,100,0.24873095750808716,0.3523745036125183,0.44019991265813957,-0.32734723687171935,-0.013896822929382324,0.24484050273895264,0.4978005290031433,0.8505263447761535
gaussian_npe,1000,31622,N=n^(3/2),43,g,100,0.34207619667053224,0.4866375541687012,0.6027785372912204,-0.3780896484851837,-0.10069677233695984,0.3384554386138916,0.7357085347175598,1.141963744163513
gaussian_npe,1000,31622,N=n^(3/2),44,g,100,0.49307985305786134,0.5546600532531738,0.6613341807389554,-0.23784778118133545,0.16718757152557373,0.5095257759094238,0.7792301177978516,1.18850861787796
gaussian_npe,1000,31622,N=n^(3/2),45,g,100,0.20755449175834656,0.4478101885318756,0.5424492871965205,-0.5441689968109131,-0.13756588101387024,0.24580919742584229,0.5459819436073303,0.9852877140045166
gaussian_npe,1000,31622,N=n^(3/2),46,g,100,0.21565839648246765,0.39203044533729553,0.4971795292099159,-0.44476187229156494,-0.15497326850891113,0.22203338146209717,0.5154625177383423,0.9866253852844238
gaussian_npe,1000,31622,N=n^(3/2),47,g,100,0.554296977519989,0.5844653773307801,0.7156934711736258,-0.09779784083366394,0.17934799194335938,0.5146183967590332,0.8870897889137268,1.3117917895317077
gaussian_npe,1000,31622,N=n^(3/2),48,g,100,0.1966395103931427,0.3293264424800873,0.4202321391118341,-0.4182258307933807,-0.05603891611099243,0.19056737422943115,0.4084594249725342,0.9079460501670837
gaussian_npe,1000,31622,N=n^(3/2),49,g,100,-0.015146526098251343,0.43320650935173033,0.5092058476960957,-0.7120717883110046,-0.41657185554504395,-0.11336547136306763,0.35844212770462036,0.7946674704551696
gaussian_npe,1000,31622,N=n^(3/2),50,g,100,0.3423792934417725,0.4154739809036255,0.5357263055395936,-0.2843887448310852,0.05358767509460449,0.32004261016845703,0.5360559821128845,1.0916804671287537
gaussian_npe,1000,31622,N=n^(3/2),51,g,100,-0.08703495264053344,0.3692968773841858,0.4589403891430959,-0.6905230164527894,-0.3919188380241394,-0.1575758457183838,0.20108920335769653,0.7191433548927307
gaussian_npe,1000,31622,N=n^(3/2),52,g,100,0.2117586588859558,0.377112557888031,0.4694656609838417,-0.4565118432044983,-0.08925503492355347,0.20216286182403564,0.48385924100875854,0.883421754837036
gaussian_npe,1000,31622,N=n^(3/2),53,g,100,0.10393446683883667,0.4138156485557556,0.5169261832344023,-0.6842911958694458,-0.2791024446487427,0.07913076877593994,0.43252235651016235,1.0298946857452393
gaussian_npe,1000,31622,N=n^(3/2),54,g,100,0.030397901535034178,0.28513541698455813,0.3852792770628334,-0.44979347586631774,-0.24166885018348694,-0.02908271551132202,0.1959359049797058,0.8866817831993102
gaussian_npe,1000,31622,N=n^(3/2),55,g,100,-0.23775673389434815,0.436996374130249,0.5285372498952411,-0.7994383811950684,-0.5282296538352966,-0.3768269419670105,0.004308581352233887,0.5947032332420344
gaussian_npe,1000,31622,N=n^(3/2),56,g,100,0.3150944006443024,0.38757127165794375,0.48723952017946753,-0.22949616909027098,0.045869290828704834,0.29448699951171875,0.5713098645210266,0.9354400396347046
gaussian_npe,1000,31622,N=n^(3/2),57,g,100,0.22907957911491394,0.41321906208992004,0.5163137283630174,-0.4446593761444092,-0.14657115936279297,0.20069527626037598,0.5870406031608582,0.9125787496566771
gaussian_npe,1000,31622,N=n^(3/2),58,g,100,0.32036492228507996,0.3965635311603546,0.4675245616548125,-0.24394795298576352,0.10915017127990723,0.35439765453338623,0.5592880249023438,0.8529698491096496
gaussian_npe,1000,31622,N=n^(3/2),59,g,100,0.13053659558296205,0.41571360468864443,0.5140054503914111,-0.5704301059246063,-0.2444690763950348,0.048078298568725586,0.5088624358177185,0.9832966566085815
gaussian_npe,1000,31622,N=n^(3/2),60,g,100,-0.09769336581230163,0.46194932341575623,0.5383097059803145,-0.8357457637786865,-0.505696028470993,-0.20155280828475952,0.30267858505249023,0.7712233424186703
gaussian_npe,1000,31622,N=n^(3/2),61,g,100,-0.09528077960014343,0.30165916323661807,0.36343142382218396,-0.54697944521904,-0.36565354466438293,-0.13536947965621948,0.1481611728668213,0.47521220445632933
gaussian_npe,1000,31622,N=n^(3/2),62,g,100,0.12318491816520691,0.2770207417011261,0.36112822918397625,-0.3861185133457184,-0.09099629521369934,0.10903739929199219,0.3104604482650757,0.834340500831604
gaussian_npe,1000,31622,N=n^(3/2),63,g,100,-0.024477039575576783,0.27096184372901916,0.3700590376612099,-0.5149347364902497,-0.22118300199508667,-0.1016884446144104,0.15121477842330933,0.6421063184738154
gaussian_npe,1000,31622,N=n^(3/2),64,g,100,0.10612576723098754,0.3408110880851746,0.4161328510708166,-0.4902123034000397,-0.2018316686153412,0.13817572593688965,0.34632784128189087,0.7635870933532715
gaussian_npe,1000,31622,N=n^(3/2),65,g,100,-0.34578816771507265,0.4288354289531708,0.5039521102761111,-0.8157984972000122,-0.6261727809906006,-0.3733171224594116,-0.13856446743011475,0.2906634807586669
gaussian_npe,1000,31622,N=n^(3/2),66,g,100,0.2772484111785889,0.42914298057556155,0.5545177640860842,-0.4154258966445923,-0.06313204765319824,0.21752715110778809,0.6056590676307678,1.1704339742660521
gaussian_npe,1000,31622,N=n^(3/2),67,g,100,0.2871040976047516,0.44366352915763857,0.5720674694388849,-0.4931705892086029,-0.022956818342208862,0.24388551712036133,0.5880157351493835,1.0897091031074522
gaussian_npe,1000,31622,N=n^(3/2),68,g,100,0.2525751197338104,0.45792228817939756,0.5798865767003282,-0.6374839961528778,-0.12494012713432312,0.24071919918060303,0.5412740111351013,1.246231174468994
gaussian_npe,1000,31622,N=n^(3/2),69,g,100,0.16699075937271118,0.3327855324745178,0.4619199841853553,-0.3987170696258545,-0.11385539174079895,0.12684094905853271,0.3873971700668335,0.9260447502136226
gaussian_npe,1000,31622,N=n^(3/2),70,g,100,-0.032391278743743895,0.2903363013267517,0.36604900717441374,-0.616719251871109,-0.28577151894569397,-0.06039750576019287,0.20936483144760132,0.7458809256553649
gaussian_npe,1000,31622,N=n^(3/2),71,g,100,0.01238720178604126,0.3681473135948181,0.4623778782044862,-0.7508598983287811,-0.2631950378417969,-0.032649457454681396,0.345004141330719,0.7946360945701596
gaussian_npe,1000,31622,N=n^(3/2),72,g,100,0.021640785932540894,0.3423532831668854,0.442326965502287,-0.5307061553001404,-0.3215310275554657,-0.032570838928222656,0.26208168268203735,0.7701938152313232
gaussian_npe,1000,31622,N=n^(3/2),73,g,100,0.11072340726852417,0.410522997379303,0.517876768266338,-0.5847510099411011,-0.30139458179473877,0.12350881099700928,0.40333056449890137,0.9383604764938349
gaussian_npe,1000,31622,N=n^(3/2),74,g,100,0.12264297127723695,0.343932284116745,0.4569946730683489,-0.49106348752975465,-0.14915791153907776,0.09895741939544678,0.3202285170555115,0.9144786238670349
gaussian_npe,1000,31622,N=n^(3/2),75,g,100,-0.10944567561149597,0.26396053194999697,0.3241358907551139,-0.4816731810569763,-0.3009311258792877,-0.16687506437301636,-0.0005756020545959473,0.5987693071365356
gaussian_npe,1000,31622,N=n^(3/2),76,g,100,-0.13068562388420105,0.3275089681148529,0.41349319054155836,-0.6970576047897339,-0.4444690942764282,-0.05316656827926636,0.08550363779067993,0.5519552707672118
gaussian_npe,1000,31622,N=n^(3/2),77,g,100,0.06532257080078124,0.2925149917602539,0.3741673639613592,-0.3824252724647522,-0.22018882632255554,-0.0013480782508850098,0.2971240282058716,0.7413683295249935
gaussian_npe,1000,31622,N=n^(3/2),78,g,100,0.05248579740524292,0.35790380239486697,0.48454109884251856,-0.6482807457447052,-0.260190486907959,0.002327263355255127,0.2798613905906677,0.9916852116584773
gaussian_npe,1000,31622,N=n^(3/2),79,g,100,0.209415420293808,0.36163176655769347,0.48337242474031017,-0.3812752902507782,-0.100859135389328,0.11724114418029785,0.45259541273117065,0.9732110500335692
gaussian_npe,1000,31622,N=n^(3/2),80,g,100,0.11200958251953125,0.24141539096832276,0.3134104673952439,-0.30121433138847353,-0.08803340792655945,0.060060858726501465,0.32222747802734375,0.581345760822296
gaussian_npe,1000,31622,N=n^(3/2),81,g,100,-0.3193813347816467,0.43741052389144897,0.5145334203279522,-0.8680986046791077,-0.586627334356308,-0.3495684266090393,-0.1088305115699768,0.3166548013687131
gaussian_npe,1000,31622,N=n^(3/2),82,g,100,0.175894775390625,0.36977079391479495,0.5110444435353418,-0.4254403173923492,-0.16695600748062134,0.06699502468109131,0.4535098671913147,1.0405395627021787
gaussian_npe,1000,31622,N=n^(3/2),83,g,100,0.055651555061340334,0.2596930265426636,0.35309338133827645,-0.4491951584815979,-0.1838846504688263,0.013140678405761719,0.2513611912727356,0.7499332666397093
gaussian_npe,1000,31622,N=n^(3/2),84,g,100,0.7295836138725281,0.736495668888092,0.8479331981976242,0.0771846652030945,0.47358644008636475,0.6833245754241943,1.035979986190796,1.527558434009552
gaussian_npe,1000,31622,N=n^(3/2),85,g,100,-0.1585296082496643,0.49136704206466675,0.5831019646359453,-0.9500532805919647,-0.5092090666294098,-0.2793707251548767,0.17662715911865234,0.8218205690383911
gaussian_npe,1000,31622,N=n^(3/2),86,g,100,-0.06726924657821655,0.47268065214157107,0.5683212818110353,-0.8284447193145752,-0.5007739067077637,-0.2325599193572998,0.3058040738105774,1.0192537188529969
gaussian_npe,1000,31622,N=n^(3/2),87,g,100,0.19376405715942382,0.36343294620513916,0.5175517839758197,-0.3830989837646484,-0.12831565737724304,0.11841142177581787,0.37421828508377075,1.289821422100067
gaussian_npe,1000,31622,N=n^(3/2),88,g,100,0.21007320046424866,0.32355128169059755,0.41171784258347377,-0.31311742067337034,-0.04248523712158203,0.1843125820159912,0.4585595726966858,0.8604836583137512
gaussian_npe,1000,31622,N=n^(3/2),89,g,100,-0.20449649453163146,0.40758263230323794,0.49067009028108927,-0.8576457262039184,-0.5724743902683258,-0.22277230024337769,0.09683847427368164,0.6317758202552796
gaussian_npe,1000,31622,N=n^(3/2),90,g,100,-0.14436002492904662,0.5091203999519348,0.6010506816615114,-0.8681897222995758,-0.5437886714935303,-0.3047800064086914,0.1890544295310974,0.9772072553634642
gaussian_npe,1000,31622,N=n^(3/2),91,g,100,0.3940515851974487,0.42364035606384276,0.5449903246345328,-0.12201918363571167,0.15174025297164917,0.36670494079589844,0.568973183631897,0.9401930928230285
gaussian_npe,1000,31622,N=n^(3/2),92,g,100,-0.17691885113716124,0.4075843918323517,0.4835108379634235,-0.737716120481491,-0.5233858823776245,-0.2633233666419983,0.09215956926345825,0.7469417929649352
gaussian_npe,1000,31622,N=n^(3/2),93,g,100,0.14583884596824645,0.36615127205848697,0.47668885826527563,-0.5345544517040253,-0.1653822660446167,0.10118651390075684,0.3991679549217224,0.9638498783111572
gaussian_npe,1000,31622,N=n^(3/2),94,g,100,0.2159631896018982,0.3109844517707825,0.43081558275733656,-0.2765879988670349,-0.04611364006996155,0.13254868984222412,0.43720316886901855,0.816104507446289
gaussian_npe,1000,31622,N=n^(3/2),95,g,100,-0.04952171564102173,0.35225417375564577,0.4524375492068624,-0.6791830003261566,-0.34453848004341125,-0.04916948080062866,0.1600736379623413,0.8287787914276122
gaussian_npe,1000,31622,N=n^(3/2),96,g,100,0.07700791001319886,0.37603267550468444,0.45237600881075346,-0.6036062419414521,-0.26282066106796265,0.06232106685638428,0.4199003577232361,0.797834038734436
gaussian_npe,1000,31622,N=n^(3/2),97,g,100,0.11278422594070435,0.26660595178604124,0.3218810966051203,-0.3595140099525452,-0.12848854064941406,0.14933431148529053,0.31435245275497437,0.5598450303077698
gaussian_npe,1000,31622,N=n^(3/2),98,g,100,0.34987387657165525,0.49779601097106935,0.6130526763636256,-0.4496338784694672,-0.036228030920028687,0.3914515972137451,0.7845913767814636,1.0722803115844726
gaussian_npe,1000,31622,N=n^(3/2),99,g,100,0.341428679227829,0.41928731560707094,0.5510059982711516,-0.2553693771362305,-0.033685535192489624,0.334047794342041,0.5954963564872742,0.9432988762855529
gaussian_npe,1000,31622,N=n^(3/2),100,g,100,0.3782219457626343,0.5277518129348755,0.6613944113210393,-0.42407679557800293,-0.07168269157409668,0.3457505702972412,0.8173012137413025,1.2718158841133114
gaussian_npe,1000,1000000,N=n^2,0,g,100,0.12018728256225586,0.20266650676727294,0.27452586815841534,-0.21900660395622254,-0.060747116804122925,0.06803011894226074,0.2562095522880554,0.6030396580696106
gaussian_npe,1000,1000000,N=n^2,1,g,100,-0.01134987235069275,0.12317287325859069,0.17055155687116155,-0.21264955401420593,-0.11579915881156921,-0.035694658756256104,0.03188520669937134,0.35859684944152825
gaussian_npe,1000,1000000,N=n^2,2,g,100,0.13554234504699708,0.18076905250549316,0.2450179424451883,-0.15968862175941467,0.010066032409667969,0.11770343780517578,0.23736566305160522,0.45766249895095823
gaussian_npe,1000,1000000,N=n^2,3,g,100,0.10999750018119812,0.16957321286201477,0.22171294882375547,-0.1674465537071228,-0.03448024392127991,0.10257995128631592,0.20308947563171387,0.4447376251220703
gaussian_npe,1000,1000000,N=n^2,4,g,100,0.13389990329742432,0.1946217966079712,0.2831384899338143,-0.1661177396774292,-0.007789582014083862,0.09253013134002686,0.2316100001335144,0.5783839821815489
gaussian_npe,1000,1000000,N=n^2,5,g,100,0.15319167375564574,0.18434596300125122,0.2513393625702207,-0.10170978307723999,0.02019953727722168,0.14508044719696045,0.2671284079551697,0.417106807231903
gaussian_npe,1000,1000000,N=n^2,6,g,100,-0.04759351372718811,0.15885200142860412,0.20132656397956136,-0.3124103665351868,-0.17675918340682983,-0.07416528463363647,0.05866897106170654,0.28686190843582143
gaussian_npe,1000,1000000,N=n^2,7,g,100,0.029939032793045044,0.17636446356773378,0.23481456974481643,-0.3269766092300415,-0.11958500742912292,0.0462186336517334,0.13829320669174194,0.36567566394805906
gaussian_npe,1000,1000000,N=n^2,8,g,100,0.0600462543964386,0.17785231471061708,0.23139122126800574,-0.27649053931236267,-0.10193207859992981,0.041944026947021484,0.18500566482543945,0.4850545763969421
gaussian_npe,1000,1000000,N=n^2,9,g,100,0.09134509801864624,0.15823073148727418,0.20420401832728005,-0.19134185910224916,-0.03290671110153198,0.09208095073699951,0.18859606981277466,0.4105600118637085
gaussian_npe,1000,1000000,N=n^2,10,g,100,-0.04493081212043762,0.16208375573158265,0.20363388593442866,-0.3104189932346344,-0.1895652711391449,-0.07043677568435669,0.05472409725189209,0.3605518460273743
gaussian_npe,1000,1000000,N=n^2,11,g,100,0.09726995468139649,0.1872400760650635,0.23418595832627007,-0.2486042320728302,-0.04849514365196228,0.10362839698791504,0.2215191125869751,0.44914561510086054
gaussian_npe,1000,1000000,N=n^2,12,g,100,0.028389891386032106,0.18986536622047423,0.22264284708524143,-0.339109742641449,-0.14867189526557922,0.04228711128234863,0.1980576515197754,0.36110769510269164
gaussian_npe,1000,1000000,N=n^2,13,g,100,0.03204660415649414,0.17063890933990478,0.21813288361128008,-0.2699360489845276,-0.1248173713684082,0.0004070401191711426,0.1556360125541687,0.4359032273292541
gaussian_npe,1000,1000000,N=n^2,14,g,100,0.18826327681541444,0.2273566496372223,0.2871769778451594,-0.16180384755134583,0.07061445713043213,0.1431030035018921,0.3040820360183716,0.6021963953971863
gaussian_npe,1000,1000000,N=n^2,15,g,100,0.06794715642929078,0.1596451449394226,0.20858004231969066,-0.26634126305580136,-0.0436377227306366,0.07614743709564209,0.17342865467071533,0.3238354086875915
gaussian_npe,1000,1000000,N=n^2,16,g,100,-0.16388497948646547,0.22101927399635315,0.2587199685265196,-0.4347269356250763,-0.28690171241760254,-0.20150405168533325,-0.06595104932785034,0.21200584173202514
gaussian_npe,1000,1000000,N=n^2,17,g,100,0.02890988826751709,0.23217889785766602,0.2838142658682785,-0.38860632181167604,-0.18806779384613037,-0.005131363868713379,0.23991239070892334,0.46643291711807244
gaussian_npe,1000,1000000,N=n^2,18,g,100,0.0719402301311493,0.16633355736732483,0.21287072917228708,-0.21195793747901917,-0.07901173830032349,0.04867839813232422,0.19177722930908203,0.45028264522552486
gaussian_npe,1000,1000000,N=n^2,19,g,100,0.049164443016052245,0.13135001182556152,0.165093653537667,-0.19755998849868775,-0.06442433595657349,0.04494798183441162,0.1473681926727295,0.3112470626831055
gaussian_npe,1000,1000000,N=n^2,20,g,100,0.038178836107254026,0.15997079253196717,0.20940831324793266,-0.27798675298690795,-0.08442023396492004,0.02819192409515381,0.16361236572265625,0.3552642941474913
gaussian_npe,1000,1000000,N=n^2,21,g,100,0.05273178815841675,0.1481145453453064,0.18263945931536477,-0.20092965960502623,-0.09535783529281616,0.054883480072021484,0.16850095987319946,0.3506083726882934
gaussian_npe,1000,1000000,N=n^2,22,g,100,0.26948010325431826,0.30072499871253966,0.38293176291030956,-0.14217591881752015,0.06846535205841064,0.24303245544433594,0.4540413022041321,0.7253270626068113
gaussian_npe,1000,1000000,N=n^2,23,g,100,0.41152770519256593,0.41289599895477297,0.4347427499054786,0.18119757175445556,0.3289989233016968,0.38746345043182373,0.5206089019775391,0.6252686381340026
gaussian_npe,1000,1000000,N=n^2,24,g,100,0.2377592170238495,0.24771249890327454,0.2991673950744001,-0.030177581310272216,0.10654932260513306,0.23756158351898193,0.3359678387641907,0.5657355785369873
gaussian_npe,1000,1000000,N=n^2,25,g,100,-0.011579447984695434,0.14679696202278136,0.18365393204380123,-0.28696325421333313,-0.13945534825325012,-0.0019365549087524414,0.10797005891799927,0.2977621793746948
gaussian_npe,1000,1000000,N=n^2,26,g,100,0.1954592776298523,0.2511764550209045,0.32422940134299366,-0.2025910198688507,0.013397216796875,0.17729651927947998,0.3602944016456604,0.6212098598480225
gaussian_npe,1000,1000000,N=n^2,27,g,100,0.1995292592048645,0.25040879011154177,0.3235482703175871,-0.17105483412742614,0.047089338302612305,0.16737806797027588,0.36291205883026123,0.7102332234382629
gaussian_npe,1000,1000000,N=n^2,28,g,100,0.18741599440574647,0.21157140851020814,0.27089441338786435,-0.09420821070671082,0.02624976634979248,0.16206490993499756,0.3355177044868469,0.5107558369636536
gaussian_npe,1000,1000000,N=n^2,29,g,100,0.1767579710483551,0.21850488543510438,0.2769852498211024,-0.14678483009338378,0.03568011522293091,0.14627087116241455,0.3212289810180664,0.5298622608184812
gaussian_npe,1000,1000000,N=n^2,30,g,100,0.3094546258449554,0.3358456814289093,0.384051330603953,-0.11878134608268737,0.18102478981018066,0.313488245010376,0.44951820373535156,0.6517929673194884
gaussian_npe,1000,1000000,N=n^2,31,g,100,-0.05420395493507385,0.18773796677589416,0.2385552651099657,-0.4480515420436859,-0.17758435010910034,-0.07175344228744507,0.06244248151779175,0.3713868975639343
gaussian_npe,1000,1000000,N=n^2,32,g,100,0.08535332202911378,0.19291049480438233,0.2646838466291198,-0.2689605891704559,-0.063799649477005,0.047984957695007324,0.22139275074005127,0.4850708365440368
gaussian_npe,1000,1000000,N=n^2,33,g,100,0.25855737924575806,0.26289366006851195,0.3036631626283844,0.0283461332321167,0.14505910873413086,0.26034247875213623,0.3559582829475403,0.510632586479187
gaussian_npe,1000,1000000,N=n^2,34,g,100,0.26268760800361635,0.2815077435970306,0.3392031179957917,-0.08792724609375,0.12177354097366333,0.26510071754455566,0.37743061780929565,0.6158949732780457
gaussian_npe,1000,1000000,N=n^2,35,g,100,-0.07016133904457092,0.1547575867176056,0.19658247590642022,-0.28787773847579956,-0.183405339717865,-0.08926236629486084,0.02070462703704834,0.2806849598884582
gaussian_npe,1000,1000000,N=n^2,36,g,100,0.12244968175888062,0.15737796068191529,0.20930939804680815,-0.10391691327095032,-0.0027279555797576904,0.11291444301605225,0.1823825240135193,0.378412616252899
gaussian_npe,1000,1000000,N=n^2,37,g,100,0.15706657409667968,0.19632043361663817,0.25677340859046416,-0.16401317715644836,0.01925438642501831,0.1210789680480957,0.29831838607788086,0.5849234342575074
gaussian_npe,1000,1000000,N=n^2,38,g,100,0.06126577854156494,0.16956507205963134,0.21998549469582243,-0.2676049113273621,-0.06595960259437561,0.057172179222106934,0.1773088574409485,0.3964195847511291
gaussian_npe,1000,1000000,N=n^2,39,g,100,0.025321308374404907,0.16018991827964782,0.20772382844858436,-0.34472777843475344,-0.09471917152404785,0.029821157455444336,0.14528703689575195,0.309338903427124
gaussian_npe,1000,1000000,N=n^2,40,g,100,-0.006837913990020752,0.16573997259140014,0.20838903258781907,-0.2903692424297333,-0.16985604166984558,-0.021277308464050293,0.10392844676971436,0.39187211990356446
gaussian_npe,1000,1000000,N=n^2,41,g,100,-0.02752303719520569,0.1872289526462555,0.2311104531180685,-0.38306846618652346,-0.18464207649230957,-0.07085520029067993,0.11196988821029663,0.4109031319618224
gaussian_npe,1000,1000000,N=n^2,42,g,100,0.038851150274276734,0.17861673951148987,0.221815449628323,-0.29346511960029603,-0.11128637194633484,0.015649795532226562,0.20550352334976196,0.41129710674285885
gaussian_npe,1000,1000000,N=n^2,43,g,100,0.11540244698524475,0.23192416071891786,0.28493546598194713,-0.26905744671821596,-0.07512897253036499,0.11974954605102539,0.3193703889846802,0.5038225293159483
gaussian_npe,1000,1000000,N=n^2,44,g,100,0.19315582633018494,0.22344839692115784,0.27851279610804786,-0.11525972485542298,0.03244662284851074,0.19267916679382324,0.335491418838501,0.5450708031654358
gaussian_npe,1000,1000000,N=n^2,45,g,100,0.07127652645111084,0.14880356788635254,0.18443670139613874,-0.20059248208999633,-0.028960496187210083,0.08246254920959473,0.17451614141464233,0.33073040246963487
gaussian_npe,1000,1000000,N=n^2,46,g,100,-0.02094107151031494,0.14102056980133057,0.18094968946058357,-0.3077075660228729,-0.12404367327690125,-0.027499258518218994,0.07466703653335571,0.282530665397644
gaussian_npe,1000,1000000,N=n^2,47,g,100,0.2323894703388214,0.2662455594539642,0.3446685407279889,-0.09801777601242065,-0.0026773810386657715,0.2094593048095703,0.42116910219192505,0.6593201637268066
gaussian_npe,1000,1000000,N=n^2,48,g,100,0.1366383707523346,0.18005387663841246,0.22657626296855193,-0.16370468139648436,0.0016795992851257324,0.13834381103515625,0.2497442364692688,0.3929109573364256
gaussian_npe,1000,1000000,N=n^2,49,g,100,0.045186177492141724,0.15866203665733336,0.20664428561124487,-0.2433364510536194,-0.091401606798172,0.03632009029388428,0.1323244571685791,0.4030297994613647
gaussian_npe,1000,1000000,N=n^2,50,g,100,-0.033954071998596194,0.17210100650787352,0.22379059482396838,-0.4065084934234619,-0.16672345995903015,-0.036418378353118896,0.07664978504180908,0.3911080002784728
gaussian_npe,1000,1000000,N=n^2,51,g,100,0.058654313087463376,0.20427948474884033,0.2514853594278126,-0.23275657892227172,-0.12813827395439148,0.022173523902893066,0.22942334413528442,0.5195984125137328
gaussian_npe,1000,1000000,N=n^2,52,g,100,0.1446429967880249,0.18164537906646727,0.22531084405507273,-0.12770450115203857,0.04643452167510986,0.13490736484527588,0.2371004819869995,0.4821600437164307
gaussian_npe,1000,1000000,N=n^2,53,g,100,-0.059729340076446535,0.1894754147529602,0.23340337546334008,-0.39279242753982546,-0.22995290160179138,-0.06593120098114014,0.06763899326324463,0.3807095766067505
gaussian_npe,1000,1000000,N=n^2,54,g,100,0.0792245888710022,0.1959344458580017,0.272403144091061,-0.24692848324775696,-0.08471658825874329,0.02698218822479248,0.20508205890655518,0.5751568675041197
gaussian_npe,1000,1000000,N=n^2,55,g,100,0.043625648021698,0.13954553842544556,0.18388816033512126,-0.21817654967308045,-0.08744549751281738,0.020618081092834473,0.15354740619659424,0.359282112121582
gaussian_npe,1000,1000000,N=n^2,56,g,100,-0.01327668309211731,0.1260941183567047,0.15753326262688658,-0.2621012330055237,-0.10513314604759216,-0.042418837547302246,0.10237842798233032,0.2570403933525085
gaussian_npe,1000,1000000,N=n^2,57,g,100,0.07155559062957764,0.1731868839263916,0.21509801871062037,-0.21981827020645142,-0.06776207685470581,0.06415343284606934,0.22421276569366455,0.3960684180259705
gaussian_npe,1000,1000000,N=n^2,58,g,100,0.10041237354278565,0.17824466228485109,0.21859698224463375,-0.2168486475944519,-0.03787007927894592,0.11388933658599854,0.21582961082458496,0.41834012269973747
gaussian_npe,1000,1000000,N=n^2,59,g,100,0.18205472826957703,0.23393685460090638,0.2796191279808216,-0.19323452711105346,0.06718099117279053,0.19999980926513672,0.3228856921195984,0.47348901033401486
gaussian_npe,1000,1000000,N=n^2,60,g,100,0.059001864194869996,0.17578066468238832,0.24686263673632886,-0.26068217754364015,-0.09597721695899963,0.043351054191589355,0.15418851375579834,0.4374170184135434
gaussian_npe,1000,1000000,N=n^2,61,g,100,0.1207487142086029,0.1713698399066925,0.20716617656124628,-0.20306017398834228,0.026780247688293457,0.12247848510742188,0.22370028495788574,0.3806407928466797
gaussian_npe,1000,1000000,N=n^2,62,g,100,0.14397210597991944,0.21670658111572266,0.2704394669286761,-0.2182327330112457,-0.01115882396697998,0.14966952800750732,0.2929720878601074,0.5328510046005247
gaussian_npe,1000,1000000,N=n^2,63,g,100,0.08660699009895324,0.16713861346244813,0.22657093693771294,-0.2061934769153595,-0.0508158802986145,0.044361114501953125,0.2060897946357727,0.45916714668273917
gaussian_npe,1000,1000000,N=n^2,64,g,100,0.2285182297229767,0.2350693929195404,0.28293700730863647,-0.013846367597579954,0.08780068159103394,0.2194291353225708,0.3377137780189514,0.5513285279273987
gaussian_npe,1000,1000000,N=n^2,65,g,100,0.26516907691955566,0.2734376049041748,0.3172582164044119,-0.04141824841499329,0.13646060228347778,0.2818739414215088,0.36179256439208984,0.5180643677711486
gaussian_npe,1000,1000000,N=n^2,66,g,100,0.17328740358352662,0.23247392892837523,0.310020086289521,-0.1467371106147766,-0.027809172868728638,0.16147363185882568,0.29972392320632935,0.6456258058547973
gaussian_npe,1000,1000000,N=n^2,67,g,100,0.2762002897262573,0.29572401523590086,0.3438816281409978,-0.05136752128601074,0.15773648023605347,0.28302085399627686,0.40068697929382324,0.5923221826553344
gaussian_npe,1000,1000000,N=n^2,68,g,100,0.36663843631744386,0.3738918495178223,0.421601609802486,0.04087014198303223,0.2652246952056885,0.3612169027328491,0.439659059047699,0.7129156351089474
gaussian_npe,1000,1000000,N=n^2,69,g,100,0.07840069532394409,0.19605005025863648,0.24447195985525716,-0.2944076955318451,-0.09800297021865845,0.06773757934570312,0.229883074760437,0.43804556131362904
gaussian_npe,1000,1000000,N=n^2,70,g,100,-0.0022584867477416994,0.16305829524993898,0.20341327404029919,-0.37402358651161194,-0.14970961213111877,0.024819254875183105,0.12193524837493896,0.315981388092041
gaussian_npe,1000,1000000,N=n^2,71,g,100,-0.11491071939468384,0.17197633504867554,0.20534492386483622,-0.3788851797580719,-0.2223333716392517,-0.1339605450630188,-0.005009263753890991,0.19215092658996583
gaussian_npe,1000,1000000,N=n^2,72,g,100,0.1848009419441223,0.23265241384506224,0.3187143655818389,-0.16217073798179626,0.0017871558666229248,0.14055395126342773,0.3232088088989258,0.633982729911804
gaussian_npe,1000,1000000,N=n^2,73,g,100,0.0223587965965271,0.1334880471229553,0.17234047532527635,-0.23016473054885864,-0.08510082960128784,0.011548757553100586,0.12195062637329102,0.3084995627403258
gaussian_npe,1000,1000000,N=n^2,74,g,100,0.2510694468021393,0.2724909484386444,0.33275717097236135,-0.05396285653114318,0.10516953468322754,0.24452757835388184,0.40184569358825684,0.5879593610763548
gaussian_npe,1000,1000000,N=n^2,75,g,100,0.0877619206905365,0.20271651387214662,0.25309730241593936,-0.27587210536003115,-0.08435037732124329,0.09792768955230713,0.22743892669677734,0.4643506169319152
gaussian_npe,1000,1000000,N=n^2,76,g,100,0.03818182229995728,0.19828290700912476,0.24712103194243173,-0.3429434239864349,-0.12477341294288635,0.06627976894378662,0.19566094875335693,0.4553039073944091
gaussian_npe,1000,1000000,N=n^2,77,g,100,0.3136347258090973,0.32044079184532165,0.3623939423216114,-0.009990066289901733,0.1865246295928955,0.31513726711273193,0.444391131401062,0.6034434556961059
gaussian_npe,1000,1000000,N=n^2,78,g,100,0.17859333395957946,0.1966591465473175,0.26710050661629625,-0.06146664023399352,0.05336636304855347,0.15304911136627197,0.24818038940429688,0.5595666289329528
gaussian_npe,1000,1000000,N=n^2,79,g,100,0.2116605269908905,0.24906591534614564,0.30294577073973866,-0.11161825656890868,0.09445035457611084,0.20575439929962158,0.3364168405532837,0.5060267090797423
gaussian_npe,1000,1000000,N=n^2,80,g,100,0.07168509006500244,0.17335422992706298,0.20980034131924544,-0.24273620247840882,-0.08185553550720215,0.08442950248718262,0.22108328342437744,0.3684626579284668
gaussian_npe,1000,1000000,N=n^2,81,g,100,0.07793525576591492,0.1474319326877594,0.19177391974245653,-0.1642245352268219,-0.05673655867576599,0.04765760898590088,0.2169947624206543,0.38704334497451776
gaussian_npe,1000,1000000,N=n^2,82,g,100,0.22988974928855896,0.2411227285861969,0.29622382154292565,-0.03421992063522338,0.11484003067016602,0.20582616329193115,0.3149871826171875,0.5605390667915344
gaussian_npe,1000,1000000,N=n^2,83,g,100,-0.14260205745697022,0.22815939903259277,0.2681243746270395,-0.49740458726882936,-0.29142963886260986,-0.1582750678062439,-0.043493419885635376,0.28846991062164307
gaussian_npe,1000,1000000,N=n^2,84,g,100,0.23097695231437684,0.2471320164203644,0.30671949128418746,-0.056413197517395014,0.10655629634857178,0.20720267295837402,0.3620166778564453,0.5702603459358213
gaussian_npe,1000,1000000,N=n^2,85,g,100,-0.0023240888118743895,0.17293384432792663,0.2188367279053541,-0.3497021973133087,-0.15515080094337463,-0.02313786745071411,0.12037467956542969,0.35291247367858886
gaussian_npe,1000,1000000,N=n^2,86,g,100,0.34051758885383604,0.35061420798301696,0.4178585450428184,-0.04432592988014221,0.18018686771392822,0.30636119842529297,0.5142635107040405,0.6983044862747192
gaussian_npe,1000,1000000,N=n^2,87,g,100,0.2028900969028473,0.256123183965683,0.3319724641643479,-0.18088271617889404,-0.007804930210113525,0.165840744972229,0.37365180253982544,0.6596675038337707
gaussian_npe,1000,1000000,N=n^2,88,g,100,0.2053986096382141,0.22327121019363402,0.2795408673439128,-0.059882271289825435,0.07168352603912354,0.18516016006469727,0.3067435026168823,0.529433536529541
gaussian_npe,1000,1000000,N=n^2,89,g,100,0.009429137706756591,0.14403120756149293,0.17746259703436856,-0.22188342809677125,-0.11768493056297302,-0.03394126892089844,0.13170111179351807,0.32408292293548574
gaussian_npe,1000,1000000,N=n^2,90,g,100,0.02411249041557312,0.21774012207984925,0.27507690708063304,-0.32068524956703187,-0.17293795943260193,-0.029803574085235596,0.22410368919372559,0.4903737664222717
gaussian_npe,1000,1000000,N=n^2,91,g,100,0.18989540100097657,0.21318492889404297,0.2628667136439212,-0.07732712626457214,0.06398504972457886,0.18391966819763184,0.3269701600074768,0.47007095813751215
gaussian_npe,1000,1000000,N=n^2,92,g,100,0.22256242156028747,0.24414183735847472,0.30005403948496945,-0.08778167366981506,0.07973730564117432,0.2116870880126953,0.3444080352783203,0.572308874130249
gaussian_npe,1000,1000000,N=n^2,93,g,100,0.18648398399353028,0.21133817195892335,0.2636707455435247,-0.07712513208389282,0.09371060132980347,0.16782033443450928,0.26838797330856323,0.5115817427635192
gaussian_npe,1000,1000000,N=n^2,94,g,100,-0.00028266668319702146,0.17302781343460083,0.2154340262151001,-0.32170683741569517,-0.16121429204940796,-0.019980430603027344,0.15394777059555054,0.351569402217865
gaussian_npe,1000,1000000,N=n^2,95,g,100,0.18846487760543823,0.25596354246139524,0.3113756362721904,-0.1880490005016327,0.01789146661758423,0.17982590198516846,0.36106711626052856,0.589108943939209
gaussian_npe,1000,1000000,N=n^2,96,g,100,0.06344541192054748,0.19734927535057067,0.2441638776898286,-0.3214724540710449,-0.08629271388053894,0.07736480236053467,0.21594107151031494,0.43343905210494993
gaussian_npe,1000,1000000,N=n^2,97,g,100,0.13763880729675293,0.2172050094604492,0.2706575259467395,-0.22798499464988708,-0.02208799123764038,0.14227735996246338,0.2907800078392029,0.5342721462249755
gaussian_npe,1000,1000000,N=n^2,98,g,100,0.15921496629714965,0.3715773558616638,0.42960294743766864,-0.6005622684955597,-0.10622841119766235,0.2605389356613159,0.45516401529312134,0.7077167272567748
gaussian_npe,1000,1000000,N=n^2,99,g,100,0.2671715521812439,0.29142733335494997,0.36366440523348526,-0.09258666038513183,0.11253589391708374,0.23646867275238037,0.4365612268447876,0.6274525046348571
gaussian_npe,1000,1000000,N=n^2,100,g,100,0.12036956310272216,0.22972945213317872,0.282737868797322,-0.23704048991203308,-0.1165066659450531,0.11243259906768799,0.31997400522232056,0.5498471498489379
gaussian_npe,5000,5000,N=n,0,g,100,1.2014927434921265,1.2014927434921265,1.2190245259766512,0.8208556652069092,1.0774458646774292,1.2121140956878662,1.337807536125183,1.54100102186203
gaussian_npe,5000,5000,N=n,1,g,100,1.2827581715583802,1.2827581715583802,1.2969595590200678,0.9998234629631042,1.1351552605628967,1.3181933164596558,1.4173955917358398,1.5686858296394348
gaussian_npe,5000,5000,N=n,2,g,100,0.8868539881706238,0.8868539881706238,0.9082090154630102,0.5719574213027954,0.7648584246635437,0.8810861110687256,0.9984754323959351,1.1825488805770872
gaussian_npe,5000,5000,N=n,3,g,100,0.25507646560668945,0.26242173671722413,0.31225494605511517,-0.028606599569320677,0.13016849756240845,0.22691738605499268,0.38048070669174194,0.5469836473464965
gaussian_npe,5000,5000,N=n,4,g,100,2.2168833208084107,2.2168833208084107,2.219775913377588,2.0523872852325438,2.1394004821777344,2.2101478576660156,2.2833127975463867,2.403849911689758
gaussian_npe,5000,5000,N=n,5,g,100,0.4683941853046417,0.46946654677391053,0.5137102711566377,0.1112542748451233,0.32660871744155884,0.4850653409957886,0.6076486706733704,0.7715499758720398
gaussian_npe,5000,5000,N=n,6,g,100,1.0329037022590637,1.0329037022590637,1.0534282725851918,0.6805730581283569,0.9020623564720154,1.0488135814666748,1.181239128112793,1.3628753066062926
gaussian_npe,5000,5000,N=n,7,g,100,-0.05292198181152344,0.13121067523956298,0.1586188587089636,-0.2789335072040558,-0.1672590672969818,-0.06554239988327026,0.038255929946899414,0.22967377901077268
gaussian_npe,5000,5000,N=n,8,g,100,-0.20267121315002443,0.2114346981048584,0.2459515608088025,-0.43997063040733336,-0.3046576678752899,-0.19942766427993774,-0.10258954763412476,0.03652627468109129
gaussian_npe,5000,5000,N=n,9,g,100,0.8578771471977233,0.8578771471977233,0.8806002116813019,0.5341372966766358,0.7219003438949585,0.8832608461380005,0.9915300607681274,1.1776119112968444
gaussian_npe,5000,5000,N=n,10,g,100,1.1368603897094727,1.1368603897094727,1.1535145150908324,0.8074315190315247,1.015371561050415,1.1226893663406372,1.3022911548614502,1.437173306941986
gaussian_npe,5000,5000,N=n,11,g,100,0.5054157018661499,0.5054157018661499,0.5317606629179094,0.26383949518203736,0.3734297752380371,0.50352942943573,0.634133517742157,0.7672748565673828
gaussian_npe,5000,5000,N=n,12,g,100,0.03670867443084717,0.11906111717224122,0.15100573318664268,-0.19100793004035949,-0.06332257390022278,0.025792360305786133,0.13006067276000977,0.2761261701583862
gaussian_npe,5000,5000,N=n,13,g,100,0.436925390958786,0.4379831421375275,0.48221951813937514,0.10081039667129517,0.3183099031448364,0.42400574684143066,0.5454314351081848,0.7717294812202452
gaussian_npe,5000,5000,N=n,14,g,100,0.36051531553268434,0.36619618177413943,0.42054337962372673,0.007418769598007207,0.21125268936157227,0.3822300434112549,0.5049887299537659,0.6958277702331541
gaussian_npe,5000,5000,N=n,15,g,100,0.4563998794555664,0.4563998794555664,0.4893267983783648,0.1832341432571411,0.3478173613548279,0.41072237491607666,0.5599523186683655,0.7963045716285706
gaussian_npe,5000,5000,N=n,16,g,100,0.13274716973304748,0.1667597758769989,0.20115193563551773,-0.10980926156044006,0.009967505931854248,0.13576841354370117,0.24883633852005005,0.3265524983406066
gaussian_npe,5000,5000,N=n,17,g,100,0.550405569076538,0.5516874694824219,0.588317257349743,0.2402955770492554,0.4062798023223877,0.5369354486465454,0.688429594039917,0.8902796864509582
gaussian_npe,5000,5000,N=n,18,g,100,0.8434941077232361,0.8434941077232361,0.8670710368346918,0.45711268186569215,0.7065334320068359,0.8479163646697998,1.0034796595573425,1.1581593990325927
gaussian_npe,5000,5000,N=n,19,g,100,0.6933002209663391,0.6933002209663391,0.7152542524771001,0.4034397482872009,0.5669917464256287,0.7032476663589478,0.8148789405822754,0.922028076648712
gaussian_npe,5000,5000,N=n,20,g,100,1.6335566306114198,1.6335566306114198,1.6425220442418103,1.3580063939094544,1.5353450179100037,1.6170517206192017,1.7706998586654663,1.8734688758850098
gaussian_npe,5000,5000,N=n,21,g,100,1.1222758817672729,1.1222758817672729,1.132731114046828,0.8687784910202027,1.0169960856437683,1.1100283861160278,1.2275466322898865,1.385010015964508
gaussian_npe,5000,5000,N=n,22,g,100,0.6831720924377441,0.6831720924377441,0.7187753146908383,0.2762084364891052,0.5511797666549683,0.700103759765625,0.8452978730201721,1.0262967705726624
gaussian_npe,5000,5000,N=n,23,g,100,1.4698369002342224,1.4698369002342224,1.481032788549586,1.1426916718482971,1.3578500747680664,1.4719958305358887,1.5994293689727783,1.7630563378334045
gaussian_npe,5000,5000,N=n,24,g,100,0.6172163558006286,0.6172163558006286,0.6442751389557446,0.32815214395523074,0.49177610874176025,0.6064434051513672,0.7419868111610413,0.9326774954795837
gaussian_npe,5000,5000,N=n,25,g,100,-0.04748780369758606,0.14786105751991271,0.1827923093473657,-0.3197085499763489,-0.1870597004890442,-0.04122740030288696,0.06517672538757324,0.23839987516403197
gaussian_npe,5000,5000,N=n,26,g,100,1.717575297355652,1.717575297355652,1.7249856742510508,1.4210461497306823,1.609130084514618,1.711403250694275,1.8377217650413513,1.9658415913581848
gaussian_npe,5000,5000,N=n,27,g,100,1.307646017074585,1.307646017074585,1.3152015417645666,1.0502636313438416,1.1991638541221619,1.3143413066864014,1.407678484916687,1.5214156746864318
gaussian_npe,5000,5000,N=n,28,g,100,0.8135194158554078,0.8135194158554078,0.8357929893698635,0.5103950142860413,0.7024361491203308,0.7834086418151855,0.9715887904167175,1.1191750407218932
gaussian_npe,5000,5000,N=n,29,g,100,0.15274453997612,0.19060299992561341,0.23234260199453172,-0.14595001935958862,0.055887043476104736,0.1558765172958374,0.2611427307128906,0.4257170438766479
gaussian_npe,5000,5000,N=n,30,g,100,1.6240626049041749,1.6240626049041749,1.6317169346540576,1.41892831325531,1.51203453540802,1.631339430809021,1.7250723242759705,1.8799447178840636
gaussian_npe,5000,5000,N=n,31,g,100,0.5192962956428527,0.5192962956428527,0.5430791623089865,0.2119588017463684,0.41594624519348145,0.545050859451294,0.6410025358200073,0.7391591191291809
gaussian_npe,5000,5000,N=n,32,g,100,0.8970565676689148,0.8970565676689148,0.9220159464990825,0.5422028779983521,0.733627200126648,0.8991012573242188,1.0659752488136292,1.2445346236228942
gaussian_npe,5000,5000,N=n,33,g,100,1.3352636075019837,1.3352636075019837,1.3436841920712805,1.1118659973144531,1.2233096361160278,1.3238526582717896,1.430893361568451,1.5735029339790345
gaussian_npe,5000,5000,N=n,34,g,100,1.037628676891327,1.037628676891327,1.0647837833569387,0.6152099728584289,0.8573102355003357,1.0445961952209473,1.1994943618774414,1.4195825219154357
gaussian_npe,5000,5000,N=n,35,g,100,0.5780153489112854,0.5780153489112854,0.5908097416434588,0.40764702558517457,0.4999699592590332,0.5760296583175659,0.6650640368461609,0.7907047748565673
gaussian_npe,5000,5000,N=n,36,g,100,0.530548985004425,0.530548985004425,0.5534722950067948,0.24884971380233764,0.42452794313430786,0.5227572917938232,0.6188618540763855,0.8238006711006164
gaussian_npe,5000,5000,N=n,37,g,100,1.1138559341430665,1.1138559341430665,1.129267557139704,0.8039148807525635,0.9875558614730835,1.1373885869979858,1.234540343284607,1.3849887847900388
gaussian_npe,5000,5000,N=n,38,g,100,1.078620843887329,1.078620843887329,1.0884791349993708,0.8603702783584595,0.9617214202880859,1.0551761388778687,1.183709740638733,1.3248496174812316
gaussian_npe,5000,5000,N=n,39,g,100,0.512301549911499,0.512301549911499,0.5485248235041309,0.20537071228027343,0.382790744304657,0.4950824975967407,0.6431083083152771,0.8813021898269653
gaussian_npe,5000,5000,N=n,40,g,100,1.6876486229896546,1.6876486229896546,1.6947391778260887,1.3906423926353455,1.586063802242279,1.7099812030792236,1.7811347246170044,1.916356635093689
gaussian_npe,5000,5000,N=n,41,g,100,0.9982121706008911,0.9982121706008911,1.0147361645802837,0.6873201489448547,0.8782784342765808,1.0074976682662964,1.1005353331565857,1.2937366127967835
gaussian_npe,5000,5000,N=n,42,g,100,0.2251215958595276,0.2348601746559143,0.3024185885494664,-0.0320982813835144,0.08302325010299683,0.182448148727417,0.3480986952781677,0.5980573415756225
gaussian_npe,5000,5000,N=n,43,g,100,0.4766140401363373,0.47804149746894836,0.5224995544865996,0.12485466003417969,0.3067135214805603,0.48199641704559326,0.6310560703277588,0.8027385592460632
gaussian_npe,5000,5000,N=n,44,g,100,0.8669312000274658,0.8669312000274658,0.8863133444876677,0.5997401952743531,0.7427752017974854,0.8515516519546509,0.9697597026824951,1.1951613068580627
gaussian_npe,5000,5000,N=n,45,g,100,1.985376043319702,1.985376043319702,1.9890628773555195,1.7550176501274108,1.921205461025238,1.989038109779358,2.047794222831726,2.2295347929000853
gaussian_npe,5000,5000,N=n,46,g,100,0.8164563083648682,0.8164563083648682,0.8485899038353482,0.48428452014923096,0.6604822874069214,0.7881296873092651,0.9439405202865601,1.2318256258964537
gaussian_npe,5000,5000,N=n,47,g,100,0.1072303295135498,0.11648508548736572,0.1379863257030933,-0.044258928298950194,0.04537695646286011,0.11363184452056885,0.15278685092926025,0.257974100112915
gaussian_npe,5000,5000,N=n,48,g,100,0.5112354016304016,0.5112354016304016,0.5342224700795523,0.2976554274559021,0.3904457688331604,0.4981437921524048,0.6301150321960449,0.74471937417984
gaussian_npe,5000,5000,N=n,49,g,100,1.1066206860542298,1.1066206860542298,1.1187710537400735,0.8039707541465759,0.997154951095581,1.1226078271865845,1.2265955209732056,1.344909107685089
gaussian_npe,5000,5000,N=n,50,g,100,1.6332476902008057,1.6332476902008057,1.6431540813733334,1.3285858988761903,1.516279399394989,1.63694167137146,1.7527731657028198,1.9126020312309264
gaussian_npe,5000,5000,N=n,51,g,100,1.3900016641616821,1.3900016641616821,1.3982289119574727,1.1837366223335266,1.2716097831726074,1.389441728591919,1.5057401061058044,1.6496347188949585
gaussian_npe,5000,5000,N=n,52,g,100,1.1943771934509277,1.1943771934509277,1.2100443847563542,0.9072495222091674,1.0455614924430847,1.1894522905349731,1.3216972351074219,1.509130024909973
gaussian_npe,5000,5000,N=n,53,g,100,1.3120283150672913,1.3120283150672913,1.318278290993577,1.1177918672561646,1.2241123914718628,1.3044276237487793,1.4020671844482422,1.5120583772659302
gaussian_npe,5000,5000,N=n,54,g,100,0.7957239031791687,0.7957239031791687,0.8086072815180223,0.5931301832199096,0.667442262172699,0.78367018699646,0.8978752493858337,1.042526078224182
gaussian_npe,5000,5000,N=n,55,g,100,0.5379178142547607,0.5379178142547607,0.5801004990259139,0.20794185400009155,0.3594297766685486,0.5204576253890991,0.6980665326118469,0.9649268388748169
gaussian_npe,5000,5000,N=n,56,g,100,0.6531731486320496,0.6531731486320496,0.6847221385123715,0.31273202896118163,0.5365615487098694,0.6622931957244873,0.8162264823913574,0.9822006464004517
gaussian_npe,5000,5000,N=n,57,g,100,0.580748884677887,0.580748884677887,0.6040044037150807,0.31492215394973755,0.4663638472557068,0.5902808904647827,0.6934126019477844,0.8453700423240662
gaussian_npe,5000,5000,N=n,58,g,100,0.9187772607803345,0.9187772607803345,0.9317120445040759,0.6658027052879334,0.8188663721084595,0.9327433109283447,1.027141273021698,1.1804535746574403
gaussian_npe,5000,5000,N=n,59,g,100,0.21552000999450682,0.2177162790298462,0.2656092374229412,0.013639533519744874,0.10884922742843628,0.19205427169799805,0.30182379484176636,0.5021923542022704
gaussian_npe,5000,5000,N=n,60,g,100,0.7897565507888794,0.7897565507888794,0.7956430263581058,0.6590157747268677,0.72676020860672,0.7802751064300537,0.8470922112464905,0.9600785732269287
gaussian_npe,5000,5000,N=n,61,g,100,0.6911936783790589,0.6911936783790589,0.7279709307363907,0.3730208992958069,0.511938750743866,0.6542443037033081,0.8550763130187988,1.0932192921638488
gaussian_npe,5000,5000,N=n,62,g,100,0.12587194561958312,0.16143937945365905,0.20474711795538308,-0.09877891540527343,-0.005902528762817383,0.12313807010650635,0.223524808883667,0.39211541414260853
gaussian_npe,5000,5000,N=n,63,g,100,0.4858300542831421,0.4858300542831421,0.5098011536598107,0.26392474174499514,0.3761453628540039,0.45545005798339844,0.5996708869934082,0.755676758289337
gaussian_npe,5000,5000,N=n,64,g,100,2.1571656370162966,2.1571656370162966,2.1612973396293813,1.9451291918754579,2.075548768043518,2.1688740253448486,2.256138801574707,2.377980375289917
gaussian_npe,5000,5000,N=n,65,g,100,0.9177158975601196,0.9177158975601196,0.9388558054691186,0.6020438551902771,0.7767074108123779,0.9176260232925415,1.070455253124237,1.2190828204154966
gaussian_npe,5000,5000,N=n,66,g,100,0.8145984029769897,0.8145984029769897,0.8346211876233642,0.5486542344093323,0.6804205775260925,0.8076229095458984,0.9401930570602417,1.1547753810882568
gaussian_npe,5000,5000,N=n,67,g,100,0.7374865865707397,0.7374865865707397,0.7599526545694046,0.45540155172348024,0.6163825392723083,0.7554097175598145,0.8536535501480103,1.03588387966156
gaussian_npe,5000,5000,N=n,68,g,100,1.0502516055107116,1.0502516055107116,1.0653455050843343,0.8018888831138611,0.9293462038040161,1.0232176780700684,1.1531230211257935,1.41962114572525
gaussian_npe,5000,5000,N=n,69,g,100,1.1449251127243043,1.1449251127243043,1.1603422874813498,0.8144240260124207,1.025913655757904,1.152679443359375,1.2890408635139465,1.4366222262382506
gaussian_npe,5000,5000,N=n,70,g,100,1.0102228426933288,1.0102228426933288,1.0278155158922775,0.6898940920829773,0.8893165588378906,1.0455152988433838,1.1518332958221436,1.2944033980369567
gaussian_npe,5000,5000,N=n,71,g,100,1.4171336698532104,1.4171336698532104,1.4227790337787447,1.2207005977630616,1.3489187359809875,1.4182027578353882,1.515682339668274,1.5928597927093504
gaussian_npe,5000,5000,N=n,72,g,100,1.2821137642860412,1.2821137642860412,1.304850394984387,0.8864117503166199,1.114414632320404,1.2784819602966309,1.4733946919441223,1.622476494312286
gaussian_npe,5000,5000,N=n,73,g,100,0.33472906112670897,0.33472906112670897,0.3668290789306587,0.10367097854614257,0.2364242672920227,0.32748329639434814,0.41409188508987427,0.5740150690078735
gaussian_npe,5000,5000,N=n,74,g,100,0.15274101376533508,0.18360628485679625,0.2346025289692826,-0.11511234641075134,0.05015134811401367,0.13232660293579102,0.23808354139328003,0.4448209166526791
gaussian_npe,5000,5000,N=n,75,g,100,0.8107204008102417,0.8107204008102417,0.8410106555625145,0.40720654726028443,0.6832602620124817,0.8259896039962769,0.956377387046814,1.1382985234260559
gaussian_npe,5000,5000,N=n,76,g,100,0.35598690032958985,0.3560891056060791,0.3829265288479853,0.1801432967185974,0.24756097793579102,0.3364216089248657,0.4489661455154419,0.5960929751396179
gaussian_npe,5000,5000,N=n,77,g,100,1.1816541099548339,1.1816541099548339,1.1989906932407832,0.839449119567871,1.0728432536125183,1.1773488521575928,1.3135734796524048,1.5259439706802367
gaussian_npe,5000,5000,N=n,78,g,100,0.09258140444755554,0.13525776505470277,0.1833462705505659,-0.12332679629325866,-0.014443814754486084,0.08879232406616211,0.15769457817077637,0.3894624471664428
gaussian_npe,5000,5000,N=n,79,g,100,0.29384887099266055,0.2963450253009796,0.33979935068138395,0.03958897590637207,0.18028032779693604,0.27212584018707275,0.39442551136016846,0.5496126770973204
gaussian_npe,5000,5000,N=n,80,g,100,0.8284016156196594,0.8284016156196594,0.8390699179197578,0.6385777592658997,0.7385621070861816,0.8067499399185181,0.905913770198822,1.0360192656517029
gaussian_npe,5000,5000,N=n,81,g,100,0.5737488424777984,0.574358195066452,0.6073786752364885,0.330495023727417,0.43666887283325195,0.5289124250411987,0.717736542224884,0.9638150453567504
gaussian_npe,5000,5000,N=n,82,g,100,0.853979787826538,0.853979787826538,0.8799370614369725,0.53739093542099,0.7077807188034058,0.8157058954238892,0.9915607571601868,1.2377485632896423
gaussian_npe,5000,5000,N=n,83,g,100,0.6086852836608887,0.6086852836608887,0.6246808163927612,0.38732180595397947,0.5198701620101929,0.5917098522186279,0.7096467614173889,0.8217634558677673
gaussian_npe,5000,5000,N=n,84,g,100,1.6464873385429382,1.6464873385429382,1.6609499819858047,1.3130442380905152,1.5049161314964294,1.6237481832504272,1.8052784204483032,2.006751799583435
gaussian_npe,5000,5000,N=n,85,g,100,0.6682704377174378,0.6682704377174378,0.6802652398390644,0.47618314027786257,0.5774180293083191,0.6571338176727295,0.7578681707382202,0.8884912610054015
gaussian_npe,5000,5000,N=n,86,g,100,0.8013947319984436,0.8013947319984436,0.8161481207432739,0.5933903098106384,0.6935588121414185,0.782494306564331,0.8854243755340576,1.062590980529785
gaussian_npe,5000,5000,N=n,87,g,100,0.32559818267822266,0.325829439163208,0.38992870420241554,0.053755342960357666,0.16214638948440552,0.2898547649383545,0.45820677280426025,0.6578471302986142
gaussian_npe,5000,5000,N=n,88,g,100,0.5063525700569153,0.5063525700569153,0.5332042879747325,0.2916709899902344,0.37506103515625,0.47601211071014404,0.6016160845756531,0.8196766018867491
gaussian_npe,5000,5000,N=n,89,g,100,0.4657353591918945,0.4657353591918945,0.5052319349005281,0.17279330492019654,0.3163769841194153,0.44667792320251465,0.6254269480705261,0.7737059235572815
gaussian_npe,5000,5000,N=n,90,g,100,0.5681320977210998,0.5681320977210998,0.6016184431949793,0.23726634979248049,0.4291805028915405,0.5921334028244019,0.7259132266044617,0.8781692028045655
gaussian_npe,5000,5000,N=n,91,g,100,1.6026980447769166,1.6026980447769166,1.6087636565735792,1.4044338583946228,1.503340244293213,1.6105135679244995,1.711475431919098,1.800202763080597
gaussian_npe,5000,5000,N=n,92,g,100,0.9689432239532471,0.9689432239532471,0.9930463396003129,0.6925210237503052,0.8140067458152771,0.9363751411437988,1.091209053993225,1.4127485752105713
gaussian_npe,5000,5000,N=n,93,g,100,0.21431535363197327,0.2178697955608368,0.25775783799722535,0.0137485146522522,0.10503095388412476,0.20111346244812012,0.2913261651992798,0.45456169843673694
gaussian_npe,5000,5000,N=n,94,g,100,0.9029092717170716,0.9029092717170716,0.9279902124830566,0.5436879873275757,0.7579171657562256,0.8946942090988159,1.018300712108612,1.2141283154487605
gaussian_npe,5000,5000,N=n,95,g,100,0.11717660427093506,0.16350529670715333,0.20903421914014,-0.12095719575881958,-0.009307175874710083,0.09614157676696777,0.20154976844787598,0.47365878820419305
gaussian_npe,5000,5000,N=n,96,g,100,1.2269699788093567,1.2269699788093567,1.2466276514435513,0.9205198287963867,1.0349965691566467,1.223143219947815,1.3912813067436218,1.5731656193733214
gaussian_npe,5000,5000,N=n,97,g,100,0.2806041419506073,0.2869162428379059,0.33057273146128535,-0.001312732696533199,0.15347319841384888,0.27944886684417725,0.402474582195282,0.5713984608650206
gaussian_npe,5000,5000,N=n,98,g,100,1.4629682612419128,1.4629682612419128,1.4700550921627051,1.2089503407478333,1.3894148468971252,1.4809861183166504,1.5564777255058289,1.6629910469055176
gaussian_npe,5000,5000,N=n,99,g,100,0.45858595609664915,0.45858595609664915,0.4844757113209462,0.20598819255828857,0.3581376075744629,0.45382118225097656,0.5655148029327393,0.711976933479309
gaussian_npe,5000,5000,N=n,100,g,100,0.4279653561115265,0.4326059186458588,0.48133185375694193,0.05621714591979981,0.29378741979599,0.4233531951904297,0.5554314851760864,0.7912052273750305
gaussian_npe,5000,42585,N=n log(n),0,g,100,-0.18108196973800658,0.18781145334243773,0.22197394615713523,-0.37831695675849913,-0.2536287009716034,-0.1725592017173767,-0.09285032749176025,0.026733911037445036
gaussian_npe,5000,42585,N=n log(n),1,g,100,0.19330329656600953,0.2149452567100525,0.24146128812115203,-0.04900150895118713,0.11070132255554199,0.22599077224731445,0.2910826802253723,0.38981435298919676
gaussian_npe,5000,42585,N=n log(n),2,g,100,0.061296532154083254,0.1293230700492859,0.15855007833582196,-0.2063803434371948,-0.005740225315093994,0.08658623695373535,0.15908443927764893,0.26591820716857906
gaussian_npe,5000,42585,N=n log(n),3,g,100,0.11060001373291016,0.12343733310699463,0.15717676419603813,-0.03589972257614135,0.04005753993988037,0.08774375915527344,0.17799347639083862,0.2898334503173827
gaussian_npe,5000,42585,N=n log(n),4,g,100,0.09692962408065796,0.1938989758491516,0.24629836771171576,-0.2615655720233917,-0.039454758167266846,0.09100568294525146,0.2514181137084961,0.4316566824913023
gaussian_npe,5000,42585,N=n log(n),5,g,100,0.11107083439826965,0.12717304587364198,0.15195403275204844,-0.04263651967048645,0.05429673194885254,0.09929251670837402,0.17904263734817505,0.2627101540565491
gaussian_npe,5000,42585,N=n log(n),6,g,100,-0.31564467191696166,0.3167693448066711,0.34992151788447173,-0.5648296177387238,-0.4214037358760834,-0.29986482858657837,-0.2282092273235321,-0.06333081126213078
gaussian_npe,5000,42585,N=n log(n),7,g,100,0.056668848991394044,0.1767188549041748,0.22330658368101458,-0.2600510835647583,-0.0879148542881012,0.04912996292114258,0.18870025873184204,0.4496935963630676
gaussian_npe,5000,42585,N=n log(n),8,g,100,-0.28736973166465757,0.29854796290397645,0.3351457590767278,-0.5124293625354767,-0.406300812959671,-0.30359554290771484,-0.15900465846061707,-0.0027371108531952836
gaussian_npe,5000,42585,N=n log(n),9,g,100,0.14391772985458373,0.17420472383499144,0.2142772094013487,-0.09024462699890136,0.029657602310180664,0.15277981758117676,0.24641048908233643,0.3831283569335937
gaussian_npe,5000,42585,N=n log(n),10,g,100,0.23481175541877747,0.29220457911491393,0.3287275593038169,-0.2096757411956787,0.12411397695541382,0.26702356338500977,0.4094644784927368,0.5170595288276673
gaussian_npe,5000,42585,N=n log(n),11,g,100,0.07482823371887207,0.1533079719543457,0.18358159982360328,-0.19701541662216185,-0.03497543931007385,0.08444976806640625,0.19549423456192017,0.3440195918083191
gaussian_npe,5000,42585,N=n log(n),12,g,100,0.1309850251674652,0.15373912453651428,0.1726074036911781,-0.07412326335906981,0.0776703953742981,0.14271390438079834,0.19753491878509521,0.27740353345870966
gaussian_npe,5000,42585,N=n log(n),13,g,100,0.2938512396812439,0.3070487809181213,0.35300814393993685,0.0012492775917053315,0.13789582252502441,0.3086034059524536,0.4381842613220215,0.5693423867225647
gaussian_npe,5000,42585,N=n log(n),14,g,100,-0.12136749982833862,0.20558431386947632,0.24001405024155184,-0.410856568813324,-0.27024394273757935,-0.16204065084457397,0.015686869621276855,0.2839179992675781
gaussian_npe,5000,42585,N=n log(n),15,g,100,-0.23716270208358764,0.2552035403251648,0.29316701894275315,-0.4900662302970886,-0.3542552888393402,-0.2526170611381531,-0.11942723393440247,0.04938713312149042
gaussian_npe,5000,42585,N=n log(n),16,g,100,0.02484657406806946,0.09977074980735778,0.12629757601115527,-0.1595917284488678,-0.07782524824142456,0.029779791831970215,0.0993189811706543,0.20833429098129272
gaussian_npe,5000,42585,N=n log(n),17,g,100,-0.17361124992370605,0.29195691108703614,0.3319558985652154,-0.5107294499874115,-0.3678545355796814,-0.25812190771102905,-0.01820436120033264,0.422857403755188
gaussian_npe,5000,42585,N=n log(n),18,g,100,0.09573858857154846,0.19261587500572205,0.2255293414264424,-0.2430077850818634,-0.06777572631835938,0.10211348533630371,0.27348101139068604,0.39107682704925534
gaussian_npe,5000,42585,N=n log(n),19,g,100,-0.25789922118186953,0.27702356219291685,0.3118940497664399,-0.5238821685314179,-0.38605377078056335,-0.2792568802833557,-0.15789178013801575,0.009620785713195707
gaussian_npe,5000,42585,N=n log(n),20,g,100,0.15259089708328247,0.16297962427139281,0.19724121939166578,-0.04833870530128479,0.07010859251022339,0.14190173149108887,0.24761873483657837,0.36367547512054443
gaussian_npe,5000,42585,N=n log(n),21,g,100,-0.027658073902130126,0.11280728578567505,0.15315042690302622,-0.3001259744167328,-0.11942967772483826,0.0015227794647216797,0.06874889135360718,0.19348798990249627
gaussian_npe,5000,42585,N=n log(n),22,g,100,0.2389982223510742,0.2427177095413208,0.26453275639199864,0.09084042310714721,0.1643214225769043,0.2455611228942871,0.3277481198310852,0.40977865457534784
gaussian_npe,5000,42585,N=n log(n),23,g,100,0.24934868454933168,0.2766780650615692,0.3094156178036087,-0.103627610206604,0.1769007444381714,0.27572596073150635,0.3768419027328491,0.47567631006240835
gaussian_npe,5000,42585,N=n log(n),24,g,100,0.1274702048301697,0.2561282801628113,0.2888794895685163,-0.3154196202754974,-0.06727445125579834,0.19537603855133057,0.31687498092651367,0.4907839894294739
gaussian_npe,5000,42585,N=n log(n),25,g,100,-0.30239649772644045,0.3069573974609375,0.3505433104829461,-0.6189234673976898,-0.41575887799263,-0.30049192905426025,-0.17494213581085205,0.004378938674926719
gaussian_npe,5000,42585,N=n log(n),26,g,100,-0.005463172197341919,0.20687291264533997,0.24669285941391586,-0.432517808675766,-0.17032396793365479,-0.002157866954803467,0.21999549865722656,0.34063577651977534
gaussian_npe,5000,42585,N=n log(n),27,g,100,0.23914340734481812,0.24148199319839478,0.2628286593191945,0.07216795682907104,0.16424620151519775,0.23734354972839355,0.31691938638687134,0.39879183769226073
gaussian_npe,5000,42585,N=n log(n),28,g,100,0.23417178988456727,0.24007628083229066,0.2755368516872858,0.001373261213302616,0.11754190921783447,0.23903906345367432,0.35529255867004395,0.4387979626655578
gaussian_npe,5000,42585,N=n log(n),29,g,100,-0.3683972001075745,0.3766830039024353,0.41482427466219995,-0.6290646135807038,-0.5029511749744415,-0.3938026428222656,-0.25477129220962524,-0.034858512878417985
gaussian_npe,5000,42585,N=n log(n),30,g,100,0.14111825585365295,0.20746903300285338,0.2486589384980429,-0.18310682177543638,-0.019948452711105347,0.15701544284820557,0.3098096251487732,0.4372832655906677
gaussian_npe,5000,42585,N=n log(n),31,g,100,0.27680018067359924,0.3032810914516449,0.331158242110199,-0.10720000267028809,0.19862735271453857,0.2993345260620117,0.40948086977005005,0.513862669467926
gaussian_npe,5000,42585,N=n log(n),32,g,100,0.11853180408477783,0.1518650484085083,0.1982151828125669,-0.10969883799552918,0.0008958578109741211,0.08584892749786377,0.23572176694869995,0.3813751935958862
gaussian_npe,5000,42585,N=n log(n),33,g,100,0.2732193553447723,0.2910740339756012,0.31623865227779646,0.03976993560791016,0.1934332251548767,0.2885059118270874,0.36889588832855225,0.525719141960144
gaussian_npe,5000,42585,N=n log(n),34,g,100,0.059230417013168335,0.11395089745521546,0.14167569156057133,-0.14977683424949645,-0.027647674083709717,0.06258821487426758,0.1522235870361328,0.25837954282760617
gaussian_npe,5000,42585,N=n log(n),35,g,100,0.3238221395015717,0.33414634346961974,0.3615557611976496,0.08638178110122681,0.24322998523712158,0.3288513422012329,0.42055726051330566,0.5752609610557555
gaussian_npe,5000,42585,N=n log(n),36,g,100,-0.07043829917907715,0.22860448837280273,0.2710644650261451,-0.5085522770881653,-0.2534671127796173,-0.10865843296051025,0.1280602216720581,0.3322892189025878
gaussian_npe,5000,42585,N=n log(n),37,g,100,0.30176403999328616,0.3270480012893677,0.39180704010407,-0.055016386508941646,0.12075227499008179,0.3381725549697876,0.4858178496360779,0.7001757502555848
gaussian_npe,5000,42585,N=n log(n),38,g,100,0.3673804020881653,0.3673804020881653,0.3895192524716711,0.15136746168136597,0.2885703444480896,0.35743463039398193,0.467271625995636,0.567456829547882
gaussian_npe,5000,42585,N=n log(n),39,g,100,0.16606810212135314,0.24464183688163757,0.2921446615249346,-0.24602823853492736,0.0008671283721923828,0.18190371990203857,0.3734375238418579,0.512439739704132
gaussian_npe,5000,42585,N=n log(n),40,g,100,0.03784827709197998,0.21477970600128174,0.24849888417118418,-0.41346606612205505,-0.13619723916053772,0.09373629093170166,0.22851401567459106,0.34099675416946396
gaussian_npe,5000,42585,N=n log(n),41,g,100,0.05355728030204773,0.15560625195503236,0.19472585608192158,-0.24202462434768676,-0.054865628480911255,0.04457712173461914,0.17542463541030884,0.3401030302047729
gaussian_npe,5000,42585,N=n log(n),42,g,100,-0.11104488849639893,0.1498474359512329,0.17834689162173187,-0.3164890468120575,-0.20490622520446777,-0.1330627202987671,-0.025799185037612915,0.10336778163909902
gaussian_npe,5000,42585,N=n log(n),43,g,100,0.022095781564712525,0.11712605834007263,0.1420553515880404,-0.2688215970993042,-0.05601227283477783,0.05499827861785889,0.11286318302154541,0.19560762643814084
gaussian_npe,5000,42585,N=n log(n),44,g,100,0.16117624640464784,0.20954142689704894,0.25107371891437663,-0.16129915714263915,0.026372671127319336,0.19123101234436035,0.314240038394928,0.4534550666809082
gaussian_npe,5000,42585,N=n log(n),45,g,100,0.2783085823059082,0.2799444389343262,0.29485184657534946,0.13841327428817748,0.22739821672439575,0.27353084087371826,0.3111894726753235,0.4902873277664184
gaussian_npe,5000,42585,N=n log(n),46,g,100,0.050326324701309204,0.11013085722923278,0.14155238809183318,-0.1328240990638733,-0.043377459049224854,0.039658546447753906,0.12721490859985352,0.2970577359199524
gaussian_npe,5000,42585,N=n log(n),47,g,100,0.06344671010971069,0.16172822713851928,0.1997173662108507,-0.24889784455299377,-0.08538785576820374,0.060339927673339844,0.18509167432785034,0.3787616848945617
gaussian_npe,5000,42585,N=n log(n),48,g,100,0.20533445596694946,0.21333942651748658,0.2497168142047068,0.0037682056427001966,0.10696089267730713,0.204176664352417,0.29415667057037354,0.44627920389175413
gaussian_npe,5000,42585,N=n log(n),49,g,100,0.023371371030807494,0.10900489926338196,0.13296507340851704,-0.1851648986339569,-0.07509255409240723,0.02475106716156006,0.11964428424835205,0.2187495946884155
gaussian_npe,5000,42585,N=n log(n),50,g,100,0.05774017572402954,0.174091637134552,0.2061834724828939,-0.30831573605537416,-0.05560344457626343,0.10719513893127441,0.20131021738052368,0.3298913478851318
gaussian_npe,5000,42585,N=n log(n),51,g,100,0.06987285375595093,0.1268053698539734,0.15923344129764744,-0.12886260747909545,-0.03361028432846069,0.06890690326690674,0.17831158638000488,0.2808406949043274
gaussian_npe,5000,42585,N=n log(n),52,g,100,-0.09067439198493958,0.13339534401893616,0.16369805301817203,-0.3089946985244751,-0.18903914093971252,-0.09294188022613525,0.01569998264312744,0.10905280113220214
gaussian_npe,5000,42585,N=n log(n),53,g,100,0.3681407165527344,0.3681407165527344,0.39334436100849896,0.1811256766319275,0.2596113085746765,0.3589138984680176,0.46724724769592285,0.6169960856437683
gaussian_npe,5000,42585,N=n log(n),54,g,100,0.1700474190711975,0.17182885408401488,0.1958936320298874,0.01708061695098877,0.10989463329315186,0.16656064987182617,0.22427397966384888,0.3519066572189331
gaussian_npe,5000,42585,N=n log(n),55,g,100,0.09855972290039063,0.11388117790222169,0.1446724860269152,-0.053077948093414304,0.03455507755279541,0.08724486827850342,0.15358513593673706,0.31446278095245356
gaussian_npe,5000,42585,N=n log(n),56,g,100,-0.045066921710968016,0.19423871755599975,0.23711746559732147,-0.3565213084220886,-0.2291198968887329,-0.05437701940536499,0.09901440143585205,0.38191406726837157
gaussian_npe,5000,42585,N=n log(n),57,g,100,0.13889946818351745,0.16429489254951476,0.19694875059573227,-0.10057417750358581,0.0489656925201416,0.1618351936340332,0.22690623998641968,0.33891754150390624
gaussian_npe,5000,42585,N=n log(n),58,g,100,0.05201359629631042,0.09944267392158508,0.12578459470232714,-0.1336365044116974,-0.017094135284423828,0.05025637149810791,0.13750964403152466,0.21537061929702753
gaussian_npe,5000,42585,N=n log(n),59,g,100,0.2741736114025116,0.27777263283729553,0.2978482781839815,0.0673070788383484,0.21657729148864746,0.27676987648010254,0.3526729345321655,0.45432317256927485
gaussian_npe,5000,42585,N=n log(n),60,g,100,0.1988934051990509,0.2017550551891327,0.21885518697354056,0.08308807611465455,0.14054656028747559,0.19921886920928955,0.24745017290115356,0.346354854106903
gaussian_npe,5000,42585,N=n log(n),61,g,100,0.15552564859390258,0.19215959310531616,0.24218254197613373,-0.10481508374214173,0.020469069480895996,0.14552855491638184,0.28878694772720337,0.4271382451057434
gaussian_npe,5000,42585,N=n log(n),62,g,100,0.06169269442558289,0.1124446451663971,0.14665614333802718,-0.140548038482666,-0.024732083082199097,0.06410098075866699,0.13719135522842407,0.26427201032638536
gaussian_npe,5000,42585,N=n log(n),63,g,100,-0.12985770225524904,0.23478204250335694,0.28405292489695455,-0.5378939568996429,-0.330682635307312,-0.14155131578445435,0.06746608018875122,0.2848525404930114
gaussian_npe,5000,42585,N=n log(n),64,g,100,0.18386617302894592,0.1873480784893036,0.21319044137500853,0.007989823818206789,0.1162104606628418,0.18388986587524414,0.26030433177948,0.36144281625747676
gaussian_npe,5000,42585,N=n log(n),65,g,100,0.0017851924896240235,0.11594269752502441,0.1452587887185349,-0.24362074136734008,-0.10055336356163025,-0.011970162391662598,0.09758764505386353,0.24305022954940794
gaussian_npe,5000,42585,N=n log(n),66,g,100,0.2536717414855957,0.2772329759597778,0.3285561422492389,-0.08080592751502991,0.09638983011245728,0.26492393016815186,0.41370707750320435,0.5921271324157714
gaussian_npe,5000,42585,N=n log(n),67,g,100,0.059278992414474485,0.2306099045276642,0.2603077608305103,-0.41818121671676634,-0.12129107117652893,0.151045560836792,0.2502216696739197,0.37395070791244506
gaussian_npe,5000,42585,N=n log(n),68,g,100,-0.37717710733413695,0.39664291620254516,0.44456597720505997,-0.6757766723632812,-0.5690333843231201,-0.39650624990463257,-0.2351231575012207,0.05779366493225087
gaussian_npe,5000,42585,N=n log(n),69,g,100,0.06724959969520569,0.11946399092674255,0.14100480719685918,-0.15056294798851014,-0.01961424946784973,0.0785672664642334,0.15509843826293945,0.2576795220375061
gaussian_npe,5000,42585,N=n log(n),70,g,100,-0.07029484272003174,0.23387120246887208,0.2798509851872689,-0.5596047878265381,-0.24114617705345154,-0.07054436206817627,0.15397560596466064,0.3357130885124206
gaussian_npe,5000,42585,N=n log(n),71,g,100,-0.06962414026260376,0.11494177103042602,0.138704781060194,-0.25059009790420533,-0.15832850337028503,-0.0835808515548706,0.010679364204406738,0.1171736717224121
gaussian_npe,5000,42585,N=n log(n),72,g,100,0.206516832113266,0.22347400784492494,0.24886487122934542,-0.0784120500087738,0.15260839462280273,0.22982192039489746,0.2896191477775574,0.4067708611488342
gaussian_npe,5000,42585,N=n log(n),73,g,100,0.20718929290771484,0.2197611951828003,0.2576099827917333,-0.03639456033706665,0.11607480049133301,0.20917928218841553,0.2953723073005676,0.4342021465301513
gaussian_npe,5000,42585,N=n log(n),74,g,100,0.14938506603240967,0.17143890380859375,0.19595306529940693,-0.08061675429344177,0.08687496185302734,0.1876661777496338,0.21458548307418823,0.3208350062370299
gaussian_npe,5000,42585,N=n log(n),75,g,100,-0.07884107112884521,0.1783392000198364,0.2218400306892155,-0.4206576347351074,-0.23156264424324036,-0.07528620958328247,0.07468003034591675,0.2366988182067871
gaussian_npe,5000,42585,N=n log(n),76,g,100,0.053144055604934695,0.2547841012477875,0.314443458736854,-0.3329203069210052,-0.1836121380329132,0.004495978355407715,0.28440380096435547,0.6192558765411377
gaussian_npe,5000,42585,N=n log(n),77,g,100,0.27400982260704043,0.2772536051273346,0.3007731692642802,0.09482011795043946,0.1972370147705078,0.2696117162704468,0.35037851333618164,0.5051168084144593
gaussian_npe,5000,42585,N=n log(n),78,g,100,0.15809039354324342,0.21927569150924683,0.2905874869984953,-0.199554044008255,-0.010670125484466553,0.12844359874725342,0.27662986516952515,0.6086046457290649
gaussian_npe,5000,42585,N=n log(n),79,g,100,0.10325184226036072,0.17955690026283264,0.2110855928970302,-0.23108549118041993,-0.0005235373973846436,0.14013540744781494,0.2407582402229309,0.32379301786422726
gaussian_npe,5000,42585,N=n log(n),80,g,100,-0.3149821901321411,0.34650927543640136,0.3968739557891736,-0.6859259188175202,-0.4796648323535919,-0.36410290002822876,-0.16443201899528503,0.019224226474761952
gaussian_npe,5000,42585,N=n log(n),81,g,100,0.16616968274116517,0.1986647880077362,0.23886790657556164,-0.12051920294761657,0.05777430534362793,0.16639602184295654,0.2914157509803772,0.4446140170097351
gaussian_npe,5000,42585,N=n log(n),82,g,100,0.10730706334114075,0.20104871630668641,0.26086682085445095,-0.22238306403160096,-0.060326188802719116,0.0669022798538208,0.2745656967163086,0.5383278846740722
gaussian_npe,5000,42585,N=n log(n),83,g,100,-0.06179579257965088,0.20957430362701415,0.25745532617492256,-0.5049949765205384,-0.2315671443939209,-0.08148413896560669,0.12112665176391602,0.3225092530250548
gaussian_npe,5000,42585,N=n log(n),84,g,100,0.1579186189174652,0.1700420582294464,0.20610647504757482,-0.05030418038368225,0.0631093978881836,0.1529836654663086,0.24853730201721191,0.36538550853729246
gaussian_npe,5000,42585,N=n log(n),85,g,100,-0.17352461338043212,0.2765683603286743,0.32533241911807115,-0.5667038261890411,-0.3739316761493683,-0.22113728523254395,0.03595411777496338,0.3254551768302917
gaussian_npe,5000,42585,N=n log(n),86,g,100,0.2685659885406494,0.28169373512268064,0.3116822723768348,0.032176077365875244,0.16989678144454956,0.294421911239624,0.3627247214317322,0.49863181114196775
gaussian_npe,5000,42585,N=n log(n),87,g,100,0.14806594252586364,0.1795886719226837,0.20736204375260667,-0.093767511844635,0.08655756711959839,0.15564417839050293,0.21924281120300293,0.3599199056625366
gaussian_npe,5000,42585,N=n log(n),88,g,100,0.15256081223487855,0.25906572699546815,0.30801894892457404,-0.32230891585350036,-0.04198861122131348,0.1968245506286621,0.37498724460601807,0.5225705742835998
gaussian_npe,5000,42585,N=n log(n),89,g,100,0.0600872802734375,0.1332211971282959,0.16922712411749863,-0.1593852698802948,-0.04991847276687622,0.03823256492614746,0.16858041286468506,0.330417537689209
gaussian_npe,5000,42585,N=n log(n),90,g,100,-0.1948553991317749,0.23162508487701416,0.2815312875701336,-0.49124760627746583,-0.34762224555015564,-0.176688551902771,-0.05035656690597534,0.14779199361801146
gaussian_npe,5000,42585,N=n log(n),91,g,100,0.07796648025512695,0.22059797286987304,0.2533481306979729,-0.3429637312889099,-0.1017845869064331,0.13472521305084229,0.2647966742515564,0.36040458679199217
gaussian_npe,5000,42585,N=n log(n),92,g,100,0.05887546181678772,0.20059162020683288,0.24440790221294192,-0.29491509199142457,-0.1574479043483734,0.04139888286590576,0.2269268035888672,0.4577495336532592
gaussian_npe,5000,42585,N=n log(n),93,g,100,-0.061787198781967166,0.1871091592311859,0.23418160554950776,-0.3916401505470276,-0.2118692696094513,-0.06741541624069214,0.06988686323165894,0.34373720884323106
gaussian_npe,5000,42585,N=n log(n),94,g,100,0.04522860050201416,0.21239037990570067,0.27157303441439595,-0.4001735210418701,-0.14429104328155518,0.025532007217407227,0.19692522287368774,0.570879566669464
gaussian_npe,5000,42585,N=n log(n),95,g,100,-0.05397374629974365,0.07889082908630371,0.09511233294855337,-0.16299666166305543,-0.1114555299282074,-0.05848640203475952,-0.011022776365280151,0.08373430967330928
gaussian_npe,5000,42585,N=n log(n),96,g,100,0.13712915897369385,0.14254215240478516,0.17611658198469163,-0.020361101627349852,0.053238511085510254,0.13046348094940186,0.21693682670593262,0.32706555128097536
gaussian_npe,5000,42585,N=n log(n),97,g,100,0.07106800675392151,0.19137978434562683,0.2286520206158699,-0.3605492293834686,-0.029692143201828003,0.13299167156219482,0.2218862771987915,0.3469795107841491
gaussian_npe,5000,42585,N=n log(n),98,g,100,-0.0005720722675323487,0.16472352623939515,0.2126810666721619,-0.3730366170406342,-0.125387042760849,0.011531591415405273,0.13371193408966064,0.3661753892898559
gaussian_npe,5000,42585,N=n log(n),99,g,100,-0.06033435225486755,0.18826053500175477,0.2344116294632346,-0.44784297943115237,-0.18683931231498718,-0.08103638887405396,0.07704448699951172,0.3515307903289795
gaussian_npe,5000,42585,N=n log(n),100,g,100,0.058058408498764036,0.1023290503025055,0.12711891248187723,-0.1475415587425232,-0.008609145879745483,0.05809223651885986,0.13549143075942993,0.251969301700592
gaussian_npe,5000,353553,N=n^(3/2),0,g,100,0.07261691808700561,0.11034386873245239,0.138406566359796,-0.11277177929878235,-0.003420203924179077,0.06059896945953369,0.14695888757705688,0.274489152431488
gaussian_npe,5000,353553,N=n^(3/2),1,g,100,0.20560773491859435,0.25625854849815366,0.29666489493080506,-0.16817588806152342,0.05558669567108154,0.2574366331100464,0.3676530718803406,0.479451584815979
gaussian_npe,5000,353553,N=n^(3/2),2,g,100,0.02886898159980774,0.12456525206565856,0.1534767148792626,-0.2191170334815979,-0.0670640766620636,0.0297776460647583,0.13638412952423096,0.26619170904159545
gaussian_npe,5000,353553,N=n^(3/2),3,g,100,0.09536331176757812,0.10552416324615478,0.1319302406121969,-0.039221495389938354,0.0361362099647522,0.08585584163665771,0.16377508640289307,0.26241474151611327
gaussian_npe,5000,353553,N=n^(3/2),4,g,100,0.13589884757995604,0.14652557373046876,0.18138875841227003,-0.034821122884750366,0.056764423847198486,0.13937139511108398,0.20145702362060547,0.3181276202201842
gaussian_npe,5000,353553,N=n^(3/2),5,g,100,0.15316513180732727,0.1705366265773773,0.19557565630548704,-0.06428534388542176,0.07644617557525635,0.1582803726196289,0.24907326698303223,0.31707298755645746
gaussian_npe,5000,353553,N=n^(3/2),6,g,100,-0.16954782247543335,0.17918318033218383,0.21150928221816873,-0.37077115178108216,-0.26741939783096313,-0.18194252252578735,-0.08255138993263245,0.029760181903839084
gaussian_npe,5000,353553,N=n^(3/2),7,g,100,0.25669841647148134,0.2569979202747345,0.2809077947035671,0.07457696199417115,0.17344653606414795,0.2576005458831787,0.33760422468185425,0.4317969799041748
gaussian_npe,5000,353553,N=n^(3/2),8,g,100,0.04981108903884888,0.08496833562850953,0.11186010944406583,-0.09206174612045288,-0.03307217359542847,0.027480244636535645,0.12469828128814697,0.23086636066436764
gaussian_npe,5000,353553,N=n^(3/2),9,g,100,-0.09517904758453369,0.12586896419525145,0.1491826698119729,-0.2623635411262512,-0.18895426392555237,-0.10336172580718994,-0.029019981622695923,0.088702392578125
gaussian_npe,5000,353553,N=n^(3/2),10,g,100,-0.023224732875823974,0.12718053102493287,0.15395862520190076,-0.25051401257514955,-0.13349685072898865,-0.041956543922424316,0.0896294116973877,0.2532729148864746
gaussian_npe,5000,353553,N=n^(3/2),11,g,100,0.03597478866577149,0.1283632516860962,0.1530517146726423,-0.22057877779006957,-0.06074768304824829,0.04787743091583252,0.14198768138885498,0.25569660663604726
gaussian_npe,5000,353553,N=n^(3/2),12,g,100,0.1620824456214905,0.16521408796310424,0.1869077149530769,0.013231122493743898,0.10553628206253052,0.15507805347442627,0.21596157550811768,0.30087417364120467
gaussian_npe,5000,353553,N=n^(3/2),13,g,100,-0.03086017966270447,0.07910425066947938,0.0957526189874223,-0.15153844952583312,-0.0939520001411438,-0.042983055114746094,0.024877727031707764,0.13122802972793576
gaussian_npe,5000,353553,N=n^(3/2),14,g,100,0.11772538423538208,0.13147193670272828,0.15398673473351926,-0.05958781242370605,0.05352288484573364,0.12038373947143555,0.18403315544128418,0.26971610784530636
gaussian_npe,5000,353553,N=n^(3/2),15,g,100,-0.013902243375778198,0.113631089925766,0.1420009979525704,-0.22701238989830017,-0.11983534693717957,-0.019974470138549805,0.06817322969436646,0.2569800019264221
gaussian_npe,5000,353553,N=n^(3/2),16,g,100,-0.029008485078811645,0.1274962294101715,0.15320573694427014,-0.2503145396709442,-0.15199309587478638,-0.03136873245239258,0.08852487802505493,0.2009546279907226
gaussian_npe,5000,353553,N=n^(3/2),17,g,100,0.005609474182128906,0.10647546768188476,0.13639925122210714,-0.1933053493499756,-0.08122047781944275,-0.002646148204803467,0.07337981462478638,0.23061074018478392
gaussian_npe,5000,353553,N=n^(3/2),18,g,100,0.07534396052360534,0.11650012135505676,0.14205780371822035,-0.13736404180526735,-0.01100468635559082,0.07794511318206787,0.15730690956115723,0.2825973153114319
gaussian_npe,5000,353553,N=n^(3/2),19,g,100,0.13623273611068726,0.15909042596817016,0.18945186212771445,-0.10027019381523132,0.034288883209228516,0.13938486576080322,0.22743725776672363,0.31045001745223993
gaussian_npe,5000,353553,N=n^(3/2),20,g,100,0.06813553333282471,0.1132537317276001,0.1402443978671826,-0.1459238588809967,-0.01865294575691223,0.07507514953613281,0.16603821516036987,0.25812582969665526
gaussian_npe,5000,353553,N=n^(3/2),21,g,100,0.030236406326293944,0.10223873615264893,0.125534130308399,-0.14587727785110474,-0.06147077679634094,0.03859400749206543,0.09914445877075195,0.2119691967964172
gaussian_npe,5000,353553,N=n^(3/2),22,g,100,-0.08180637121200561,0.09340708971023559,0.11487526322568059,-0.21256471276283265,-0.13225537538528442,-0.08586335182189941,-0.024303555488586426,0.032357132434844935
gaussian_npe,5000,353553,N=n^(3/2),23,g,100,-0.05713011145591736,0.0966420066356659,0.11437699825211047,-0.21392781734466554,-0.12197926640510559,-0.07102066278457642,0.006047308444976807,0.11541988849639889
gaussian_npe,5000,353553,N=n^(3/2),24,g,100,0.03947606086730957,0.12018883228302002,0.1477401767410867,-0.1740354597568512,-0.07767519354820251,0.04095935821533203,0.12826049327850342,0.3066508173942566
gaussian_npe,5000,353553,N=n^(3/2),25,g,100,-0.007982248067855835,0.08995914340019226,0.11397379071446814,-0.21423723101615905,-0.07981118559837341,-0.0017760396003723145,0.061181843280792236,0.1884533643722534
gaussian_npe,5000,353553,N=n^(3/2),26,g,100,0.10309804677963257,0.12069912195205688,0.14541627947874292,-0.05141440033912658,0.043171226978302,0.10085225105285645,0.16651540994644165,0.2750690340995788
gaussian_npe,5000,353553,N=n^(3/2),27,g,100,0.005804625749588013,0.09308788180351257,0.11618659192236987,-0.17884713411331177,-0.07701966166496277,0.0007835626602172852,0.09737706184387207,0.1732999801635742
gaussian_npe,5000,353553,N=n^(3/2),28,g,100,0.07148225665092468,0.08770864129066468,0.10817441214598666,-0.05421119332313538,0.01592463254928589,0.07143282890319824,0.11767768859863281,0.22224024534225464
gaussian_npe,5000,353553,N=n^(3/2),29,g,100,0.05528426766395569,0.08870243430137634,0.10754279808242478,-0.08797151446342467,-0.008063197135925293,0.0629885196685791,0.1207505464553833,0.20800235271453857
gaussian_npe,5000,353553,N=n^(3/2),30,g,100,0.17123939275741576,0.18869624853134156,0.22596028021371709,-0.06146470308303833,0.07802629470825195,0.17938470840454102,0.2530369162559509,0.42588331699371335
gaussian_npe,5000,353553,N=n^(3/2),31,g,100,0.05137520670890808,0.10529585003852844,0.12763272974357145,-0.16536765694618225,-0.014119148254394531,0.05162858963012695,0.12330871820449829,0.23441227674484252
gaussian_npe,5000,353553,N=n^(3/2),32,g,100,0.004486385583877563,0.13776742815971374,0.1634000552353565,-0.23415870666503907,-0.13331690430641174,-0.013127565383911133,0.10965371131896973,0.2906902909278869
gaussian_npe,5000,353553,N=n^(3/2),33,g,100,-0.020760409832000733,0.12168604135513306,0.14956308503709007,-0.2381645381450653,-0.12417414784431458,-0.0345386266708374,0.0668373703956604,0.2496383786201477
gaussian_npe,5000,353553,N=n^(3/2),34,g,100,-0.11435845136642456,0.13875774145126343,0.16618376266966614,-0.28534820675849915,-0.19560113549232483,-0.1316344141960144,-0.030598700046539307,0.07004920244216917
gaussian_npe,5000,353553,N=n^(3/2),35,g,100,0.14788092255592347,0.14949527621269226,0.1731325327890705,0.028335440158843993,0.078804612159729,0.1419438123703003,0.21555453538894653,0.307743227481842
gaussian_npe,5000,353553,N=n^(3/2),36,g,100,0.15508170366287233,0.16112788915634155,0.1818344891541251,0.001986169815063483,0.09829890727996826,0.15516293048858643,0.21551305055618286,0.3107765197753906
gaussian_npe,5000,353553,N=n^(3/2),37,g,100,0.02994415521621704,0.0950043797492981,0.11688929681170984,-0.155955570936203,-0.04347109794616699,0.038601040840148926,0.10832518339157104,0.20177934169769285
gaussian_npe,5000,353553,N=n^(3/2),38,g,100,-0.02198961853981018,0.09879610180854798,0.12124642257908404,-0.2151808500289917,-0.10215499997138977,-0.02225726842880249,0.05587446689605713,0.1504517316818237
gaussian_npe,5000,353553,N=n^(3/2),39,g,100,0.06834715366363525,0.12215213298797607,0.14892285366754704,-0.1539418876171112,-0.0019621551036834717,0.0769658088684082,0.1616799235343933,0.2712954878807068
gaussian_npe,5000,353553,N=n^(3/2),40,g,100,0.048310437202453614,0.09269001960754394,0.11942173413359437,-0.1165808916091919,-0.021166741847991943,0.04248237609863281,0.11855965852737427,0.21436043977737423
gaussian_npe,5000,353553,N=n^(3/2),41,g,100,0.05336989164352417,0.091946222782135,0.11481701298585903,-0.11708669066429138,-0.009829223155975342,0.04809701442718506,0.12309175729751587,0.21849414110183715
gaussian_npe,5000,353553,N=n^(3/2),42,g,100,0.013145164251327515,0.08924698948860169,0.11416235730951656,-0.17816230058670043,-0.059687525033950806,0.004248857498168945,0.07866102457046509,0.19339005947113036
gaussian_npe,5000,353553,N=n^(3/2),43,g,100,-0.05796702265739441,0.08092398524284362,0.09953068241677084,-0.17049720287322997,-0.12236484885215759,-0.05634653568267822,0.0006213188171386719,0.07950129508972167
gaussian_npe,5000,353553,N=n^(3/2),44,g,100,0.021635918617248534,0.09576415061950684,0.11889386177498659,-0.18100866675376892,-0.06253072619438171,0.025180935859680176,0.10196793079376221,0.22058792114257805
gaussian_npe,5000,353553,N=n^(3/2),45,g,100,0.11214240550994874,0.1181205415725708,0.14245322405171854,-0.01215813159942627,0.056083500385284424,0.10195863246917725,0.1525401473045349,0.2883017539978027
gaussian_npe,5000,353553,N=n^(3/2),46,g,100,0.10872156262397766,0.13558377146720887,0.1614789644763889,-0.1171349585056305,0.03864103555679321,0.11085653305053711,0.18596607446670532,0.3022003293037414
gaussian_npe,5000,353553,N=n^(3/2),47,g,100,-0.06896665573120117,0.09348762035369873,0.11044951807550418,-0.19781777262687683,-0.1321999430656433,-0.07753390073776245,-0.013398796319961548,0.07634235620498653
gaussian_npe,5000,353553,N=n^(3/2),48,g,100,0.10938147068023682,0.13272192001342772,0.1598739237672174,-0.075492262840271,0.027630150318145752,0.11258149147033691,0.1866849660873413,0.2992048740386963
gaussian_npe,5000,353553,N=n^(3/2),49,g,100,0.05885037899017334,0.11450842380523682,0.1470749420895104,-0.1417314291000366,-0.04303926229476929,0.05246400833129883,0.13481062650680542,0.300504207611084
gaussian_npe,5000,353553,N=n^(3/2),50,g,100,0.049141616821289064,0.09945949077606202,0.125575984103267,-0.13315126299858093,-0.02340167760848999,0.03337681293487549,0.12572312355041504,0.23206920623779292
gaussian_npe,5000,353553,N=n^(3/2),51,g,100,0.08108627915382385,0.11121481776237488,0.1374638567050863,-0.11513805985450744,0.0154152512550354,0.07566225528717041,0.15894806385040283,0.24219328165054319
gaussian_npe,5000,353553,N=n^(3/2),52,g,100,-0.015972880125045778,0.09693966746330261,0.1156096756903175,-0.19214919209480286,-0.10148724913597107,-0.027053356170654297,0.07401931285858154,0.1439727067947387
gaussian_npe,5000,353553,N=n^(3/2),53,g,100,0.14715202927589416,0.15681829810142517,0.17730937707019612,-0.03701655864715576,0.08942455053329468,0.16179156303405762,0.2078789472579956,0.299256956577301
gaussian_npe,5000,353553,N=n^(3/2),54,g,100,0.11544773936271667,0.12668563961982726,0.1556847125458962,-0.05608612895011902,0.042837679386138916,0.0968559980392456,0.17259031534194946,0.32194328308105463
gaussian_npe,5000,353553,N=n^(3/2),55,g,100,0.09051267385482788,0.12133174657821655,0.15118014096621532,-0.09363971352577209,-0.006929606199264526,0.09517514705657959,0.170049250125885,0.31390773057937615
gaussian_npe,5000,353553,N=n^(3/2),56,g,100,0.21725085854530335,0.218588627576828,0.251901511690124,0.030910336971282964,0.11237430572509766,0.2112131118774414,0.30343908071517944,0.4522696852684021
gaussian_npe,5000,353553,N=n^(3/2),57,g,100,-0.044054434299468995,0.11419265985488891,0.14125487788814742,-0.25648013353347776,-0.1357193887233734,-0.04491645097732544,0.05291473865509033,0.16491241455078123
gaussian_npe,5000,353553,N=n^(3/2),58,g,100,0.0028965890407562254,0.08372209668159485,0.1066702941387097,-0.14553512930870055,-0.06432852149009705,-0.003339827060699463,0.07588040828704834,0.16081436872482294
gaussian_npe,5000,353553,N=n^(3/2),59,g,100,0.04639749050140381,0.07534299850463867,0.09489842700403918,-0.07669295072555542,-0.0033531785011291504,0.05348014831542969,0.08320146799087524,0.19729298353195185
gaussian_npe,5000,353553,N=n^(3/2),60,g,100,0.04284947395324707,0.10108105659484863,0.13064864644457724,-0.12386464476585388,-0.04293709993362427,0.0391463041305542,0.12735342979431152,0.25390325784683226
gaussian_npe,5000,353553,N=n^(3/2),61,g,100,-0.13265777587890626,0.15903495788574218,0.18489963081118777,-0.2981346547603607,-0.22044172883033752,-0.1569674015045166,-0.041468650102615356,0.10117920637130737
gaussian_npe,5000,353553,N=n^(3/2),62,g,100,-0.005767042636871338,0.10557945013046265,0.13297235970493593,-0.1863279700279236,-0.08993184566497803,-0.019676566123962402,0.07558119297027588,0.20610650777816766
gaussian_npe,5000,353553,N=n^(3/2),63,g,100,0.008297899961471558,0.12160003781318665,0.14695229836890214,-0.22691276669502258,-0.09890773892402649,0.009776949882507324,0.11490774154663086,0.23222872018814078
gaussian_npe,5000,353553,N=n^(3/2),64,g,100,0.07492855668067933,0.1101569640636444,0.12679125557473742,-0.09515038132667542,0.03052765130996704,0.09084653854370117,0.14128369092941284,0.2280829071998596
gaussian_npe,5000,353553,N=n^(3/2),65,g,100,-0.035461171865463256,0.11581984400749207,0.14668451401771368,-0.27927339673042295,-0.13574591279029846,-0.023949861526489258,0.06296789646148682,0.20905663967132568
gaussian_npe,5000,353553,N=n^(3/2),66,g,100,0.12540894150733947,0.13001359820365907,0.15165476908448003,0.008615779876708985,0.061791062355041504,0.12413835525512695,0.18557757139205933,0.2591372966766357
gaussian_npe,5000,353553,N=n^(3/2),67,g,100,-0.027410041093826294,0.09610828518867492,0.1252882224367373,-0.22825958132743834,-0.11459985375404358,-0.005098164081573486,0.04960387945175171,0.14216097593307495
gaussian_npe,5000,353553,N=n^(3/2),68,g,100,0.11597874045372009,0.14038678288459777,0.16612707064780002,-0.08612898588180543,0.04180079698562622,0.1208949089050293,0.20811951160430908,0.28257356882095336
gaussian_npe,5000,353553,N=n^(3/2),69,g,100,0.012247211933135986,0.08231792211532593,0.09980824232868106,-0.15894548296928407,-0.07064440846443176,0.019057631492614746,0.08228182792663574,0.16801201105117797
gaussian_npe,5000,353553,N=n^(3/2),70,g,100,0.060158737897872926,0.10209379315376282,0.12858994041383703,-0.13387797474861146,-0.0053484439849853516,0.057904720306396484,0.14522051811218262,0.23395571708679197
gaussian_npe,5000,353553,N=n^(3/2),71,g,100,0.03933978080749512,0.10887734889984131,0.13841505406806381,-0.14775502681732178,-0.06488469243049622,0.02274942398071289,0.12181645631790161,0.26279188394546504
gaussian_npe,5000,353553,N=n^(3/2),72,g,100,-0.12572009325027467,0.14752079725265502,0.1703175861666118,-0.2971786081790924,-0.20772790908813477,-0.1392034888267517,-0.05811193585395813,0.08113708496093745
gaussian_npe,5000,353553,N=n^(3/2),73,g,100,0.24753326892852784,0.2475646209716797,0.2780067540570765,0.037049949169158936,0.16600561141967773,0.239091157913208,0.33193439245224,0.4775444388389587
gaussian_npe,5000,353553,N=n^(3/2),74,g,100,-0.027190835475921632,0.11340774297714233,0.150836172721193,-0.21781172156333922,-0.15386232733726501,-0.03250688314437866,0.04316985607147217,0.253071343898773
gaussian_npe,5000,353553,N=n^(3/2),75,g,100,0.11528309345245362,0.1363637638092041,0.16123925416509452,-0.07141611576080323,0.029796123504638672,0.12540137767791748,0.191886305809021,0.3097709774971008
gaussian_npe,5000,353553,N=n^(3/2),76,g,100,0.030788642168045045,0.10124321341514587,0.12754293497620747,-0.1603088080883026,-0.041072458028793335,0.023377299308776855,0.11915111541748047,0.23545873165130612
gaussian_npe,5000,353553,N=n^(3/2),77,g,100,0.05270340919494629,0.1004297399520874,0.1254597382127813,-0.1259027361869812,-0.032940685749053955,0.06423830986022949,0.12264358997344971,0.22706736326217652
gaussian_npe,5000,353553,N=n^(3/2),78,g,100,0.01036657691001892,0.10612958073616027,0.13471073469503783,-0.2084873080253601,-0.08283567428588867,0.0030426979064941406,0.08445602655410767,0.22251098155975338
gaussian_npe,5000,353553,N=n^(3/2),79,g,100,-0.09425350308418273,0.13080727219581603,0.15836074253099425,-0.27249677777290343,-0.17080777883529663,-0.10099983215332031,-0.021063268184661865,0.0869465351104736
gaussian_npe,5000,353553,N=n^(3/2),80,g,100,-0.0013566267490386962,0.07345149636268616,0.09263925696695019,-0.13635480403900146,-0.06193900108337402,-0.0038390159606933594,0.06155616044998169,0.1424723148345947
gaussian_npe,5000,353553,N=n^(3/2),81,g,100,0.016184232234954833,0.10371886014938354,0.12860467537997297,-0.1601373553276062,-0.07612872123718262,-0.007219076156616211,0.10046517848968506,0.25033652782440186
gaussian_npe,5000,353553,N=n^(3/2),82,g,100,0.019236910343170165,0.08358417272567749,0.10824281673108348,-0.15051975846290588,-0.04747664928436279,0.014629840850830078,0.08955436944961548,0.1961302280426025
gaussian_npe,5000,353553,N=n^(3/2),83,g,100,-0.012379471063613891,0.10161178708076476,0.12857382773261775,-0.23137874603271483,-0.09568044543266296,-0.016137003898620605,0.07478964328765869,0.18893938064575191
gaussian_npe,5000,353553,N=n^(3/2),84,g,100,0.023294597864151,0.09289160132408142,0.1147437358894704,-0.16935597658157348,-0.05346477031707764,0.015887856483459473,0.108822762966156,0.20159277915954588
gaussian_npe,5000,353553,N=n^(3/2),85,g,100,0.08942842364311218,0.11052745938301087,0.13622702409555645,-0.05938319563865661,0.028667032718658447,0.08146560192108154,0.14793217182159424,0.2696165561676025
gaussian_npe,5000,353553,N=n^(3/2),86,g,100,0.056889108419418334,0.10632355332374573,0.13860588499780213,-0.12792983651161194,-0.02234625816345215,0.051949143409729004,0.13328617811203003,0.2452596545219421
gaussian_npe,5000,353553,N=n^(3/2),87,g,100,-0.13906431674957276,0.14821144580841064,0.16337477039185916,-0.2570522904396057,-0.20447254180908203,-0.14575135707855225,-0.09014332294464111,0.04163419008255005
gaussian_npe,5000,353553,N=n^(3/2),88,g,100,-0.021676164865493775,0.09002766251564026,0.11262073710599069,-0.1932661712169647,-0.11048024892807007,-0.015308678150177002,0.06258690357208252,0.15319589376449574
gaussian_npe,5000,353553,N=n^(3/2),89,g,100,-0.043196738958358766,0.0866753613948822,0.10170532631005612,-0.17367968559265137,-0.1020452082157135,-0.06277155876159668,0.024119973182678223,0.11603245735168455
gaussian_npe,5000,353553,N=n^(3/2),90,g,100,0.12891939401626587,0.13725068807601928,0.16743032149530415,-0.02828695774078369,0.05204814672470093,0.11284101009368896,0.18678057193756104,0.3188980460166931
gaussian_npe,5000,353553,N=n^(3/2),91,g,100,0.016963396072387695,0.08874099731445312,0.11146107686146534,-0.13303824067115783,-0.06099531054496765,0.01854729652404785,0.09613215923309326,0.19611573219299314
gaussian_npe,5000,353553,N=n^(3/2),92,g,100,0.05733481764793396,0.09317070126533508,0.11443880852385649,-0.14643044471740724,0.0033611059188842773,0.06846082210540771,0.12236136198043823,0.21023361682891845
gaussian_npe,5000,353553,N=n^(3/2),93,g,100,0.12852134108543395,0.1498790466785431,0.18082379086679048,-0.08571447134017944,0.05468243360519409,0.13833856582641602,0.18949013948440552,0.36470285654067985
gaussian_npe,5000,353553,N=n^(3/2),94,g,100,-0.005619404315948487,0.10875086545944214,0.14054570916976694,-0.19647350907325745,-0.1001967191696167,-0.02623206377029419,0.060182392597198486,0.2598033070564269
gaussian_npe,5000,353553,N=n^(3/2),95,g,100,0.15415300846099853,0.15662715911865235,0.17722892510977029,0.012175309658050538,0.0952216386795044,0.14424335956573486,0.21117889881134033,0.2938137650489807
gaussian_npe,5000,353553,N=n^(3/2),96,g,100,0.04754913330078125,0.08727337837219239,0.10912448978536622,-0.10538884997367859,-0.02448904514312744,0.0405728816986084,0.1094444990158081,0.19886605739593505
gaussian_npe,5000,353553,N=n^(3/2),97,g,100,-0.029068268537521362,0.10279287695884705,0.12776441681562498,-0.21369508504867554,-0.11303958296775818,-0.03679227828979492,0.06275409460067749,0.16446340084075922
gaussian_npe,5000,353553,N=n^(3/2),98,g,100,0.03323458194732666,0.09311594486236573,0.1170815433134616,-0.1596809446811676,-0.03412356972694397,0.04737436771392822,0.10155892372131348,0.20971258878707882
gaussian_npe,5000,353553,N=n^(3/2),99,g,100,-0.03719961643218994,0.09206822395324707,0.1191578279128064,-0.22840944528579712,-0.10727813839912415,-0.03672134876251221,0.02883601188659668,0.1501596212387085
gaussian_npe,5000,353553,N=n^(3/2),100,g,100,-0.045395843982696533,0.11527417421340942,0.1389199112387451,-0.2639343738555908,-0.14473649859428406,-0.056933820247650146,0.044857144355773926,0.18628110885620117
gaussian_npe,5000,25000000,N=n^2,0,g,100,0.061546781063079835,0.09927107572555542,0.12409555186744599,-0.10747963786125184,-0.005453556776046753,0.05030059814453125,0.13586288690567017,0.24345945119857787
gaussian_npe,5000,25000000,N=n^2,1,g,100,0.12744689702987672,0.13568771600723267,0.15293710315737769,-0.012652999162673944,0.07769179344177246,0.13782167434692383,0.18555736541748047,0.2506962656974792
gaussian_npe,5000,25000000,N=n^2,2,g,100,0.1245454180240631,0.15148515105247498,0.18487342911563948,-0.11715539693832397,0.03552311658859253,0.12850379943847656,0.22644424438476562,0.3391136407852173
gaussian_npe,5000,25000000,N=n^2,3,g,100,0.1546750020980835,0.16223042011260985,0.18909238749216567,-0.0011705994606018024,0.07873821258544922,0.14369845390319824,0.2339785099029541,0.34359487295150754
gaussian_npe,5000,25000000,N=n^2,4,g,100,0.03156372308731079,0.06865374326705932,0.08807986921153302,-0.10342715978622437,-0.016902387142181396,0.026479721069335938,0.08329945802688599,0.18080718517303462
gaussian_npe,5000,25000000,N=n^2,5,g,100,0.050250661373138425,0.07960362195968627,0.10058480578841279,-0.09161674380302429,0.00206834077835083,0.04809880256652832,0.11095398664474487,0.1895327925682068
gaussian_npe,5000,25000000,N=n^2,6,g,100,-0.019920191764831542,0.07386641979217529,0.08900306665955532,-0.1464732825756073,-0.08193692564964294,-0.023100614547729492,0.04681658744812012,0.1113344669342041
gaussian_npe,5000,25000000,N=n^2,7,g,100,0.048944685459136966,0.08066711664199828,0.10440110120102285,-0.08310109376907349,-0.019426017999649048,0.03804969787597656,0.10943573713302612,0.1918786525726318
gaussian_npe,5000,25000000,N=n^2,8,g,100,0.060918190479278565,0.08871066808700562,0.11295108946251926,-0.08638090491294861,-0.01635780930519104,0.053461551666259766,0.13244277238845825,0.22246032953262324
gaussian_npe,5000,25000000,N=n^2,9,g,100,0.0996878457069397,0.1096041464805603,0.13375672995593788,-0.02792895436286926,0.03329211473464966,0.10602772235870361,0.14832651615142822,0.2339115142822265
gaussian_npe,5000,25000000,N=n^2,10,g,100,0.0553585147857666,0.0891132640838623,0.11187238451808326,-0.0922650396823883,-0.019948601722717285,0.049909353256225586,0.1179358959197998,0.21710072755813598
gaussian_npe,5000,25000000,N=n^2,11,g,100,0.00602105975151062,0.08049655556678773,0.09949094357275845,-0.1543251633644104,-0.06212097406387329,0.005988359451293945,0.06903517246246338,0.1689807415008545
gaussian_npe,5000,25000000,N=n^2,12,g,100,-0.04235843181610108,0.06579563140869141,0.08525944048093832,-0.16150647401809692,-0.08968150615692139,-0.038392722606658936,-0.005447596311569214,0.05865026712417589
gaussian_npe,5000,25000000,N=n^2,13,g,100,0.015620310306549073,0.08172399759292602,0.10219573352537883,-0.13101184964179993,-0.06135368347167969,0.018189072608947754,0.07473582029342651,0.19488345384597777
gaussian_npe,5000,25000000,N=n^2,14,g,100,-0.047552797794342044,0.09077716112136841,0.11338583963580284,-0.22263376116752626,-0.12283223867416382,-0.05038273334503174,0.010749578475952148,0.13929231166839598
gaussian_npe,5000,25000000,N=n^2,15,g,100,0.004938442707061768,0.09654858827590942,0.12290249243844727,-0.170141863822937,-0.07804256677627563,-0.004332482814788818,0.07562124729156494,0.24400806427001953
gaussian_npe,5000,25000000,N=n^2,16,g,100,0.05449230670928955,0.08240548610687255,0.10128669003705247,-0.09353597164154052,0.00033661723136901855,0.05469083786010742,0.12026399374008179,0.18251750469207761
gaussian_npe,5000,25000000,N=n^2,17,g,100,0.07346301317214966,0.10510824918746949,0.1364431821735975,-0.08204058408737182,0.0007155835628509521,0.06511926651000977,0.1293095350265503,0.2700961112976074
gaussian_npe,5000,25000000,N=n^2,18,g,100,-0.052651888132095336,0.09396284222602844,0.11233399654338805,-0.178610223531723,-0.13600817322731018,-0.06087428331375122,0.010015547275543213,0.12766554355621335
gaussian_npe,5000,25000000,N=n^2,19,g,100,0.031789125204086305,0.07598933339118957,0.09730759817967076,-0.11559855341911315,-0.027088135480880737,0.03787636756896973,0.0820416808128357,0.1809553265571594
gaussian_npe,5000,25000000,N=n^2,20,g,100,0.13780999422073364,0.14668790102005005,0.1694806170284438,-0.030184394121170043,0.07088971138000488,0.14146769046783447,0.2087135910987854,0.28744528293609617
gaussian_npe,5000,25000000,N=n^2,21,g,100,-0.017221465110778808,0.08664254188537597,0.10637182059732701,-0.20213978886604309,-0.07565197348594666,-0.022333860397338867,0.05838894844055176,0.13218970298767088
gaussian_npe,5000,25000000,N=n^2,22,g,100,0.00631949782371521,0.05156838536262512,0.06579590292940447,-0.0877104640007019,-0.03890398144721985,0.006741762161254883,0.05341041088104248,0.1083682298660278
gaussian_npe,5000,25000000,N=n^2,23,g,100,0.02312429428100586,0.08330082893371582,0.10175972048685221,-0.14632992148399354,-0.05516427755355835,0.01968562602996826,0.10361069440841675,0.18831455707550046
gaussian_npe,5000,25000000,N=n^2,24,g,100,-8.843779563903809e-05,0.08887648940086365,0.10763199448351932,-0.14815222024917601,-0.08056026697158813,0.007632613182067871,0.06013333797454834,0.17943136692047118
gaussian_npe,5000,25000000,N=n^2,25,g,100,0.07843061804771423,0.09348481774330139,0.11317543725514216,-0.061938506364822385,0.021458029747009277,0.08507716655731201,0.1327195167541504,0.2122215390205383
gaussian_npe,5000,25000000,N=n^2,26,g,100,0.04912448406219482,0.08680437564849854,0.10721726916341834,-0.10494500994682311,-0.01731586456298828,0.05729687213897705,0.11193466186523438,0.21276001930236813
gaussian_npe,5000,25000000,N=n^2,27,g,100,0.027382514476776122,0.06167654275894165,0.07817842948770079,-0.08066200017929077,-0.023452073335647583,0.022852540016174316,0.06993293762207031,0.1438231706619262
gaussian_npe,5000,25000000,N=n^2,28,g,100,0.01336045503616333,0.08037593603134155,0.09666087530541989,-0.1338263511657715,-0.058196574449539185,0.02380967140197754,0.07949650287628174,0.17558650970458983
gaussian_npe,5000,25000000,N=n^2,29,g,100,0.02270314931869507,0.08150680780410767,0.10286261511522551,-0.11847853660583496,-0.050193607807159424,0.014631152153015137,0.08643639087677002,0.18436156511306756
gaussian_npe,5000,25000000,N=n^2,30,g,100,0.044984573125839235,0.09470269322395325,0.11910048332975162,-0.13853170871734619,-0.0237007737159729,0.04072010517120361,0.12296503782272339,0.22135516405105585
gaussian_npe,5000,25000000,N=n^2,31,g,100,0.04450536251068115,0.0727862024307251,0.08961175479948473,-0.08893225193023682,0.0010044872760772705,0.046085357666015625,0.08586013317108154,0.18398438692092894
gaussian_npe,5000,25000000,N=n^2,32,g,100,0.043694190979003907,0.11588931560516358,0.14387624723268416,-0.18342590928077698,-0.05955186486244202,0.03550577163696289,0.12747305631637573,0.2684716701507567
gaussian_npe,5000,25000000,N=n^2,33,g,100,0.03970420598983765,0.10820436239242553,0.1339459387532724,-0.1706196904182434,-0.042052894830703735,0.05202341079711914,0.13383150100708008,0.2315188646316528
gaussian_npe,5000,25000000,N=n^2,34,g,100,-0.0037698566913604735,0.07084666848182679,0.089217693371472,-0.12249816060066224,-0.06745660305023193,-0.015740275382995605,0.04605436325073242,0.14898486137390135
gaussian_npe,5000,25000000,N=n^2,35,g,100,0.10774971008300781,0.13640710830688477,0.16601922217576628,-0.08273170590400696,0.011471688747406006,0.10605883598327637,0.20480620861053467,0.31917692422866817
gaussian_npe,5000,25000000,N=n^2,36,g,100,0.18477507710456847,0.19126127600669862,0.21409223571673824,0.009770721197128303,0.11158454418182373,0.1833864450454712,0.2563732862472534,0.3723631143569946
gaussian_npe,5000,25000000,N=n^2,37,g,100,0.0034136033058166505,0.06807151079177856,0.08520029190383017,-0.12150227427482604,-0.05081358551979065,0.0020443201065063477,0.05731397867202759,0.14057352542877194
gaussian_npe,5000,25000000,N=n^2,38,g,100,0.047357579469680784,0.08207925200462342,0.10081444809070711,-0.10146303176879883,-0.012684673070907593,0.05304157733917236,0.10830557346343994,0.17867977619171133
gaussian_npe,5000,25000000,N=n^2,39,g,100,0.06117654800415039,0.12486861228942871,0.14825401053846285,-0.17711493968963624,-0.031178027391433716,0.08019185066223145,0.16506177186965942,0.26011474132537843
gaussian_npe,5000,25000000,N=n^2,40,g,100,-0.04941437363624573,0.09914418339729308,0.11861541318858115,-0.19836568236351013,-0.12767359614372253,-0.06391829252243042,0.015142440795898438,0.13243944644927977
gaussian_npe,5000,25000000,N=n^2,41,g,100,0.04739620923995971,0.09664461374282837,0.12435202102391432,-0.12575094103813172,-0.028642743825912476,0.03423595428466797,0.13013511896133423,0.23631064891815182
gaussian_npe,5000,25000000,N=n^2,42,g,100,-0.058447099924087524,0.12462378621101379,0.14475626536787375,-0.22464572191238402,-0.1584126055240631,-0.08402347564697266,0.019975364208221436,0.17011228799819947
gaussian_npe,5000,25000000,N=n^2,43,g,100,0.09161017060279847,0.10341753363609314,0.12651186307537546,-0.044334942102432245,0.028277993202209473,0.09167981147766113,0.1411515474319458,0.25163788795471187
gaussian_npe,5000,25000000,N=n^2,44,g,100,0.053257153034210206,0.0832700800895691,0.10637762944997957,-0.11386867761611938,-0.004034936428070068,0.05642569065093994,0.10832095146179199,0.21650573015213007
gaussian_npe,5000,25000000,N=n^2,45,g,100,0.08645596146583558,0.10264762759208679,0.1290066996741656,-0.05179802179336548,0.0203324556350708,0.07974088191986084,0.1336379051208496,0.26847798824310304
gaussian_npe,5000,25000000,N=n^2,46,g,100,-0.02196924924850464,0.10837260007858276,0.13391426830742592,-0.2715572416782379,-0.11244705319404602,-0.020041584968566895,0.0627257227897644,0.20084627866744992
gaussian_npe,5000,25000000,N=n^2,47,g,100,0.09190310835838318,0.09953811287879943,0.12409148654132189,-0.02012278437614441,0.03272348642349243,0.08784294128417969,0.15045082569122314,0.23233438730239866
gaussian_npe,5000,25000000,N=n^2,48,g,100,0.05639139533042908,0.07762946724891663,0.10050450176969983,-0.06536799073219299,0.003481447696685791,0.04593455791473389,0.10134541988372803,0.2041880249977112
gaussian_npe,5000,25000000,N=n^2,49,g,100,0.08212507486343384,0.09821105241775513,0.11941016858691282,-0.06675362586975098,0.024031102657318115,0.08756589889526367,0.13253873586654663,0.22993073463439942
gaussian_npe,5000,25000000,N=n^2,50,g,100,-0.11785065174102784,0.12827667236328125,0.14796687240506565,-0.25370699167251587,-0.17430701851844788,-0.13201510906219482,-0.05961501598358154,0.047149193286895694
gaussian_npe,5000,25000000,N=n^2,51,g,100,-0.03737048864364624,0.08222031831741333,0.10484948730797848,-0.1934042692184448,-0.10266697406768799,-0.03930550813674927,0.014165043830871582,0.13971786499023434
gaussian_npe,5000,25000000,N=n^2,52,g,100,0.012029347419738769,0.07297009944915772,0.09111461752905077,-0.12282752990722656,-0.04741284251213074,0.006469130516052246,0.07268691062927246,0.15856051445007321
gaussian_npe,5000,25000000,N=n^2,53,g,100,-0.004642794132232666,0.050659544467926025,0.06416876061494249,-0.11139851212501525,-0.043718039989471436,-0.005805909633636475,0.043585121631622314,0.0867174863815307
gaussian_npe,5000,25000000,N=n^2,54,g,100,0.09225612759590149,0.10784427523612976,0.12610800099461472,-0.06548612117767334,0.03017878532409668,0.09683752059936523,0.1583908200263977,0.2237262964248657
gaussian_npe,5000,25000000,N=n^2,55,g,100,0.03655981659889221,0.07745670199394226,0.09775724953728261,-0.08795956969261169,-0.03752437233924866,0.036803603172302246,0.08831095695495605,0.2179946184158325
gaussian_npe,5000,25000000,N=n^2,56,g,100,0.01813486695289612,0.08096156477928161,0.09745801283008353,-0.145020055770874,-0.05036801099777222,0.024206995964050293,0.09022259712219238,0.16462795734405516
gaussian_npe,5000,25000000,N=n^2,57,g,100,0.02104375958442688,0.08766757369041443,0.10891381262796415,-0.14443976283073426,-0.05345863103866577,0.007396697998046875,0.0970296859741211,0.1983611464500427
gaussian_npe,5000,25000000,N=n^2,58,g,100,0.0008972549438476563,0.0909060525894165,0.1141556447727158,-0.15218672156333923,-0.08401709794998169,-0.014936208724975586,0.08364790678024292,0.17329016923904414
gaussian_npe,5000,25000000,N=n^2,59,g,100,-0.003590080738067627,0.08686341524124146,0.11102149890358311,-0.1904241919517517,-0.07752817869186401,0.008334994316101074,0.05568265914916992,0.19723840951919555
gaussian_npe,5000,25000000,N=n^2,60,g,100,0.11368071794509887,0.12463367223739624,0.1452886046543653,-0.04617642760276794,0.05559587478637695,0.10973894596099854,0.1801513433456421,0.24742939472198486
gaussian_npe,5000,25000000,N=n^2,61,g,100,0.05654142141342163,0.08044248342514038,0.1036599450262607,-0.061382484436035153,-0.0038889944553375244,0.049848079681396484,0.11120617389678955,0.20829823017120358
gaussian_npe,5000,25000000,N=n^2,62,g,100,0.12485222101211547,0.13679326295852662,0.1589804184364918,-0.004144847393035888,0.07919347286224365,0.12662136554718018,0.18470042943954468,0.2694151401519775
gaussian_npe,5000,25000000,N=n^2,63,g,100,0.03461785554885864,0.08192940473556519,0.09771395709047803,-0.11393249630928039,-0.030789345502853394,0.0416332483291626,0.10467588901519775,0.15685675144195554
gaussian_npe,5000,25000000,N=n^2,64,g,100,0.07327516913414002,0.10835682511329651,0.12995533724875508,-0.09815452694892883,0.015881359577178955,0.07866215705871582,0.13676244020462036,0.24187831878662105
gaussian_npe,5000,25000000,N=n^2,65,g,100,0.027025437355041503,0.12837756633758546,0.1570454664800319,-0.2172637343406677,-0.08678963780403137,0.04007112979888916,0.1342715620994568,0.27728135585784913
gaussian_npe,5000,25000000,N=n^2,66,g,100,-0.1697627055644989,0.18134790301322937,0.20950649470467966,-0.35174885392189026,-0.24674835801124573,-0.16760027408599854,-0.10033729672431946,0.0374314427375793
gaussian_npe,5000,25000000,N=n^2,67,g,100,0.09837403297424316,0.10763917446136474,0.12510054058572714,-0.03310655355453491,0.04447382688522339,0.10920774936676025,0.1481418013572693,0.2160074710845947
gaussian_npe,5000,25000000,N=n^2,68,g,100,-0.027203956842422484,0.07572064518928528,0.09124383766135523,-0.16293980479240416,-0.08096206188201904,-0.03722876310348511,0.029619455337524414,0.10829294919967651
gaussian_npe,5000,25000000,N=n^2,69,g,100,0.05550850749015808,0.0763140594959259,0.09472264945962748,-0.06601016521453858,0.007847905158996582,0.05577409267425537,0.10575759410858154,0.18255889415740964
gaussian_npe,5000,25000000,N=n^2,70,g,100,0.10631820201873779,0.1380626630783081,0.1683394313918182,-0.11063641905784606,0.03855609893798828,0.10026359558105469,0.20677167177200317,0.31051084995269773
gaussian_npe,5000,25000000,N=n^2,71,g,100,-0.002258056402206421,0.08995489954948425,0.10909994552677328,-0.1569687843322754,-0.08058735728263855,-0.026616454124450684,0.05916023254394531,0.2178380012512207
gaussian_npe,5000,25000000,N=n^2,72,g,100,-0.0434653913974762,0.07772733807563782,0.0955995961420452,-0.1727415382862091,-0.10509032011032104,-0.04789590835571289,0.010852217674255371,0.09155768156051633
gaussian_npe,5000,25000000,N=n^2,73,g,100,-0.018416048288345338,0.08224678158760071,0.10036235954133867,-0.17843720316886902,-0.08495485782623291,-0.020139038562774658,0.05099332332611084,0.14872243404388427
gaussian_npe,5000,25000000,N=n^2,74,g,100,0.0522386634349823,0.09025388836860657,0.11431253985655564,-0.09362952709197998,-0.01704627275466919,0.052858710289001465,0.10267603397369385,0.24509828090667715
gaussian_npe,5000,25000000,N=n^2,75,g,100,0.112061368227005,0.13632575869560243,0.16038978938448797,-0.07855913639068604,0.033834218978881836,0.12780988216400146,0.19113671779632568,0.3003426432609558
gaussian_npe,5000,25000000,N=n^2,76,g,100,0.033577343225479124,0.07248236536979676,0.08991072129082765,-0.11282113194465637,-0.0065964460372924805,0.04129457473754883,0.08137524127960205,0.16763151884078978
gaussian_npe,5000,25000000,N=n^2,77,g,100,-0.003757408857345581,0.0724954354763031,0.09175899399021911,-0.13915708065032958,-0.07339227199554443,0.0024139881134033203,0.04980820417404175,0.14313066005706784
gaussian_npe,5000,25000000,N=n^2,78,g,100,0.04466782927513122,0.09474250435829162,0.12042460197236016,-0.11827415823936462,-0.03193199634552002,0.03909039497375488,0.1177780032157898,0.22703282833099364
gaussian_npe,5000,25000000,N=n^2,79,g,100,-0.05720942497253418,0.08631927013397217,0.10032817656746315,-0.17177346348762512,-0.11365491151809692,-0.07121723890304565,-0.005833148956298828,0.08093514442443847
gaussian_npe,5000,25000000,N=n^2,80,g,100,0.10583091139793396,0.12270810723304748,0.14624433931289788,-0.048310726881027215,0.04181450605392456,0.11309564113616943,0.17473077774047852,0.2523778796195984
gaussian_npe,5000,25000000,N=n^2,81,g,100,0.17079946398735046,0.17234538197517396,0.20216839144518275,0.00454174280166626,0.1016649603843689,0.15905606746673584,0.24156802892684937,0.35654556751251215
gaussian_npe,5000,25000000,N=n^2,82,g,100,-0.08872845888137817,0.1323958992958069,0.15644007358250334,-0.28640414476394654,-0.17638370394706726,-0.09621649980545044,-0.007865309715270996,0.13144302368164057
gaussian_npe,5000,25000000,N=n^2,83,g,100,0.03726455092430115,0.07006563305854797,0.08567422005012516,-0.10375515222549438,-0.012928307056427002,0.04210519790649414,0.08638286590576172,0.158123242855072
gaussian_npe,5000,25000000,N=n^2,84,g,100,0.10392681002616883,0.12633687138557434,0.1489040993389338,-0.08873449563980103,0.044288694858551025,0.10620748996734619,0.1863175630569458,0.25249476432800294
gaussian_npe,5000,25000000,N=n^2,85,g,100,-0.03683999180793762,0.10166763424873353,0.12205970694071976,-0.19415997862815856,-0.12841641902923584,-0.04818391799926758,0.03798520565032959,0.18539972305297853
gaussian_npe,5000,25000000,N=n^2,86,g,100,-0.006909254789352417,0.0778085744380951,0.10079851230628206,-0.1514388144016266,-0.06622889637947083,-0.016376495361328125,0.055264174938201904,0.15807017087936398
gaussian_npe,5000,25000000,N=n^2,87,g,100,0.10830180525779724,0.11754646897315979,0.13604878085371902,-0.0405766487121582,0.0762680172920227,0.11106479167938232,0.15199804306030273,0.2547134041786193
gaussian_npe,5000,25000000,N=n^2,88,g,100,-0.12437480926513672,0.13376029968261718,0.1582854617688421,-0.28586214780807495,-0.2009081244468689,-0.12114936113357544,-0.05464303493499756,0.03232702016830442
gaussian_npe,5000,25000000,N=n^2,89,g,100,0.09238967657089234,0.12952290296554567,0.1629949385402365,-0.12250533699989319,0.005238354206085205,0.07540488243103027,0.20243072509765625,0.3090282678604126
gaussian_npe,5000,25000000,N=n^2,90,g,100,0.018992432355880738,0.0649249517917633,0.08433792333646298,-0.11412990093231201,-0.03318917751312256,0.008992433547973633,0.06720501184463501,0.17254774570465084
gaussian_npe,5000,25000000,N=n^2,91,g,100,0.012687828540802002,0.07745672941207886,0.09542576452030431,-0.12617020606994628,-0.051704466342926025,0.02117443084716797,0.07106184959411621,0.16470433473587034
gaussian_npe,5000,25000000,N=n^2,92,g,100,-0.05824907183647156,0.11459782004356384,0.13621593940165697,-0.2403482973575592,-0.14341789484024048,-0.06884819269180298,0.008207082748413086,0.17968931198120114
gaussian_npe,5000,25000000,N=n^2,93,g,100,0.041815484762191775,0.0866456139087677,0.10984797614820632,-0.13161146640777588,-0.010700881481170654,0.046741366386413574,0.09426736831665039,0.21804707050323477
gaussian_npe,5000,25000000,N=n^2,94,g,100,0.006257094144821167,0.07615483403205872,0.09850381066550626,-0.127897971868515,-0.061071962118148804,-0.0042909979820251465,0.060978591442108154,0.17673028707504268
gaussian_npe,5000,25000000,N=n^2,95,g,100,-0.11094256281852723,0.1291469466686249,0.15558803783854253,-0.27981449365615846,-0.1955816149711609,-0.11081838607788086,-0.03402283787727356,0.06161880493164058
gaussian_npe,5000,25000000,N=n^2,96,g,100,-0.038154702186584476,0.08314717769622802,0.10272990236712619,-0.18934634923934937,-0.09822067618370056,-0.042874693870544434,0.03489363193511963,0.09360220432281494
gaussian_npe,5000,25000000,N=n^2,97,g,100,0.04628858685493469,0.09227574229240418,0.11673904460689362,-0.11773350834846497,-0.02519872784614563,0.03772544860839844,0.11781150102615356,0.2187488555908203
gaussian_npe,5000,25000000,N=n^2,98,g,100,-0.03959756255149841,0.07577339053153992,0.09654943650318185,-0.18802112340927124,-0.09227994084358215,-0.0467563271522522,0.014378666877746582,0.08202654123306272
gaussian_npe,5000,25000000,N=n^2,99,g,100,-0.008276540040969848,0.07055103898048401,0.08983749277016201,-0.15588860511779784,-0.05724537372589111,-0.015545547008514404,0.05450171232223511,0.12792581319808957
gaussian_npe,5000,25000000,N=n^2,100,g,100,0.02209713101387024,0.08049078822135926,0.10131123515208229,-0.14236063957214357,-0.046298444271087646,0.010904192924499512,0.09545403718948364,0.1983635187149048
