n,N,N_label,standard_paper_grid,seed,scaled_budget,Delta_N_u_total,Delta_N_u_mean_term,Delta_N_u_cov_term,self_consistency_kl_u
100,100,N=n,1,0,0.0082644628099173,5.283320174610162,1.4889349801456266,3.7943851944645353,-0.0325385085269777
100,100,N=n,1,1,0.0082644628099173,8.753511775268278,3.09750344909855,5.656008326169728,0.006163937505573
100,100,N=n,1,2,0.0082644628099173,8.724091184759327,1.7338517068485015,6.990239477910826,0.0167904594354032
100,100,N=n,1,3,0.0082644628099173,6.540757172671459,3.1251213751229296,3.4156357975485294,0.0110135709156536
100,100,N=n,1,4,0.0082644628099173,6.622059325186526,2.33897431262636,4.283085012560166,-0.0798082971254592
100,100,N=n,1,5,0.0082644628099173,6.328642174729881,2.7201740057708403,3.60846816895904,-0.0227216326249697
100,100,N=n,1,6,0.0082644628099173,9.04360849389005,3.6135147725219343,5.430093721368115,0.0079152487889941
100,100,N=n,1,7,0.0082644628099173,6.32568683121053,1.5060759844696667,4.819610846740863,-0.0597145467920076
100,100,N=n,1,8,0.0082644628099173,9.450748655466745,2.834016602701929,6.6167320527648155,-0.0311193653805147
100,100,N=n,1,9,0.0082644628099173,5.09156544716089,1.3332380316473134,3.758327415513576,-0.0231729119535475
100,100,N=n,1,10,0.0082644628099173,10.43114504673579,4.365693467693727,6.065451579042062,-0.009381075105305
100,100,N=n,1,11,0.0082644628099173,10.14298914202845,3.086100610733043,7.056888531295407,-0.0334579434307516
100,100,N=n,1,12,0.0082644628099173,11.61962795503119,5.129905106450568,6.489722848580621,0.0210080017007243
100,100,N=n,1,13,0.0082644628099173,5.2795312511358725,0.4641325842987591,4.815398666837114,-0.0145405855312604
100,100,N=n,1,14,0.0082644628099173,10.392784022800685,6.541914555840978,3.850869466959707,0.0378491118024968
100,100,N=n,1,15,0.0082644628099173,8.86605322507574,2.232792365093033,6.633260859982707,0.0139395245356143
100,100,N=n,1,16,0.0082644628099173,9.762648719829008,5.130107292041642,4.632541427787365,0.0526597839610312
100,100,N=n,1,17,0.0082644628099173,7.975951087019725,2.3674027953344954,5.60854829168523,0.0008363502507509
100,100,N=n,1,18,0.0082644628099173,8.600327382583282,3.469068039240861,5.131259343342421,0.0599151650141125
100,100,N=n,1,19,0.0082644628099173,10.057693290338724,3.2943925876856497,6.7633007026530745,-0.0865857775084166
100,100,N=n,1,20,0.0082644628099173,5.369467144984976,1.2285021392381468,4.140965005746829,-0.0547677684619311
100,100,N=n,1,21,0.0082644628099173,5.230257305891725,1.0801088224398174,4.150148483451908,0.1309821857400482
100,100,N=n,1,22,0.0082644628099173,7.662021062584721,2.525826581701359,5.136194480883361,-0.0093290343614316
100,100,N=n,1,23,0.0082644628099173,8.602712800611812,2.538658063530469,6.064054737081342,-0.0284421053902746
100,100,N=n,1,24,0.0082644628099173,8.417264869413417,3.712772776231392,4.704492093182025,0.0577159931467401
100,100,N=n,1,25,0.0082644628099173,6.927302764295547,2.432374876206388,4.494927888089158,0.0004105407519194
100,100,N=n,1,26,0.0082644628099173,6.247638530015656,0.4963005206026101,5.751338009413045,-0.0293228705950584
100,100,N=n,1,27,0.0082644628099173,9.761555835471375,3.471057792938439,6.290498042532936,-0.0052656480343394
100,100,N=n,1,28,0.0082644628099173,8.09333110070197,2.1381031687066208,5.955227931995349,0.0037303539798438
100,100,N=n,1,29,0.0082644628099173,8.637319812379124,2.1608921299472374,6.476427682431886,-0.0086596521339089
100,100,N=n,1,30,0.0082644628099173,6.243339144865365,0.8811488884479273,5.3621902564174375,-0.0019033595806238
100,100,N=n,1,31,0.0082644628099173,9.934007512341916,3.690313453593147,6.243694058748769,0.0760225162234627
100,100,N=n,1,32,0.0082644628099173,8.457908512398369,3.031321303822149,5.426587208576219,-0.0056079059201297
100,100,N=n,1,33,0.0082644628099173,6.833369073526552,1.5638533097069036,5.269515763819649,0.035351060517801
100,100,N=n,1,34,0.0082644628099173,9.264409566429284,4.9603043960438065,4.304105170385477,-0.1432415454364203
100,100,N=n,1,35,0.0082644628099173,7.075516444156822,1.9693808480422936,5.1061355961145285,0.0555699118610891
100,100,N=n,1,36,0.0082644628099173,6.80871777796855,2.165541929870803,4.643175848097746,0.0646339709273091
100,100,N=n,1,37,0.0082644628099173,9.384832134489484,2.446275743392285,6.938556391097199,0.0425753704693989
100,100,N=n,1,38,0.0082644628099173,9.928480215154758,3.930042525345953,5.998437689808806,-0.0180229143424913
100,100,N=n,1,39,0.0082644628099173,9.454131469990186,3.746476172434537,5.7076552975556485,0.0665063853397984
100,100,N=n,1,40,0.0082644628099173,7.724112577673278,2.5853850283745134,5.138727549298764,-0.0673991451585742
100,100,N=n,1,41,0.0082644628099173,10.756140541451582,4.342191037471485,6.413949503980098,0.0225430730367565
100,100,N=n,1,42,0.0082644628099173,10.029718196877129,3.50657457970681,6.523143617170318,-0.0607393291113873
100,100,N=n,1,43,0.0082644628099173,10.549679819558497,3.621305789885751,6.928374029672743,-0.0199485968497937
100,100,N=n,1,44,0.0082644628099173,9.473631025701737,5.716575144601881,3.7570558810998542,0.1263220373007084
100,100,N=n,1,45,0.0082644628099173,7.672180320700444,2.5098761990686205,5.1623041216318235,0.0274250225634546
100,100,N=n,1,46,0.0082644628099173,9.916516759983583,3.637273833978562,6.27924292600502,-0.0213217008980502
100,100,N=n,1,47,0.0082644628099173,10.353687938751406,4.494052733594017,5.859635205157389,0.1150115307517586
100,100,N=n,1,48,0.0082644628099173,7.412730417015919,2.941575840966576,4.471154576049344,-0.0430271400324786
100,100,N=n,1,49,0.0082644628099173,10.89337044860659,4.867668431521281,6.025702017085308,0.0369064111159066
100,100,N=n,1,50,0.0082644628099173,6.975783012452175,2.385188632205973,4.590594380246202,0.0383403632096494
100,100,N=n,1,51,0.0082644628099173,7.776948761695246,2.324073372572521,5.452875389122726,0.031334450170126
100,100,N=n,1,52,0.0082644628099173,9.904688495762464,3.1093966015327883,6.795291894229675,0.0613326652180427
100,100,N=n,1,53,0.0082644628099173,5.853955731139898,1.0251319259495446,4.828823805190353,0.1123348961223729
100,100,N=n,1,54,0.0082644628099173,11.13124958230351,5.012390497180581,6.1188590851229305,0.0289351874892574
100,100,N=n,1,55,0.0082644628099173,8.464026372859463,1.9015572834212755,6.562469089438187,0.005615159069024
100,100,N=n,1,56,0.0082644628099173,8.500820184129164,2.439123435981971,6.061696748147193,-0.0023513872432797
100,100,N=n,1,57,0.0082644628099173,9.215163135697932,2.7407358777706947,6.474427257927237,-0.0588177858463314
100,100,N=n,1,58,0.0082644628099173,9.12590881506718,3.297906306526452,5.828002508540729,-0.0046121960378714
100,100,N=n,1,59,0.0082644628099173,9.749599593443534,3.5232322537292866,6.2263673397142485,0.0107214015405224
100,100,N=n,1,60,0.0082644628099173,9.156642116475124,3.170236206324611,5.986405910150511,-0.0121657075456675
100,100,N=n,1,61,0.0082644628099173,7.716225270708486,1.9947404213042277,5.721484849404258,0.0018198831626953
100,100,N=n,1,62,0.0082644628099173,10.37980708446336,3.631550705789088,6.74825637867427,0.0221890428177376
100,100,N=n,1,63,0.0082644628099173,10.28418014822269,3.3411257782059987,6.943054370016691,-0.0425458912450088
100,100,N=n,1,64,0.0082644628099173,6.825198975954493,2.2914829083860377,4.533716067568455,-0.046212603805043
100,100,N=n,1,65,0.0082644628099173,10.489679342498931,3.34777577602568,7.1419035664732515,0.0107833352568475
100,100,N=n,1,66,0.0082644628099173,6.602323971480743,3.258498963838323,3.3438250076424203,0.000441578189496
100,100,N=n,1,67,0.0082644628099173,6.036342295556585,1.7827966865914815,4.253545608965103,-0.0053536453422425
100,100,N=n,1,68,0.0082644628099173,7.959843913412893,4.2158604341449895,3.743983479267904,-0.1105183955638904
100,100,N=n,1,69,0.0082644628099173,7.763114774988823,2.62208934461856,5.141025430370263,-0.0233017196423012
100,100,N=n,1,70,0.0082644628099173,6.498766236115082,1.7608723491407343,4.737893886974348,-0.0603451557099776
100,100,N=n,1,71,0.0082644628099173,9.719549418902314,2.5012540468405455,7.218295372061769,-0.0410986618318553
100,100,N=n,1,72,0.0082644628099173,8.812719902906652,2.720440496392896,6.0922794065137555,-0.0189831827562829
100,100,N=n,1,73,0.0082644628099173,6.386352684723027,2.382969658165184,4.003383026557843,-0.0257856557626873
100,100,N=n,1,74,0.0082644628099173,9.653940112987112,3.310505180911492,6.343434932075621,0.0227748934691734
100,100,N=n,1,75,0.0082644628099173,7.445550778194389,2.457743059075847,4.987807719118542,-0.083781630396476
100,100,N=n,1,76,0.0082644628099173,6.682007792238773,1.5908761627645478,5.091131629474225,0.0788411583813114
100,100,N=n,1,77,0.0082644628099173,6.834976900059778,1.6331464760711134,5.201830423988665,0.0374199716329849
100,100,N=n,1,78,0.0082644628099173,9.618563942982764,2.560331668458497,7.058232274524268,-0.0195122292331969
100,100,N=n,1,79,0.0082644628099173,7.591122720259032,1.794015448971283,5.797107271287749,0.0777100964666552
100,100,N=n,1,80,0.0082644628099173,10.358879655185335,3.125875491660164,7.233004163525171,0.0318533817688614
100,100,N=n,1,81,0.0082644628099173,10.534832100370956,3.502438694447442,7.032393405923514,0.0456488881992283
100,100,N=n,1,82,0.0082644628099173,6.104047914254184,1.370292258644613,4.7337556556095715,0.0257223719006254
100,100,N=n,1,83,0.0082644628099173,10.44620356578179,4.02096270427278,6.42524086150901,0.0361812268779011
100,100,N=n,1,84,0.0082644628099173,11.433437068621195,5.399905012283996,6.033532056337198,0.0383121878596568
100,100,N=n,1,85,0.0082644628099173,10.030303766137845,3.8721076766639193,6.158196089473924,-0.0065015432418192
100,100,N=n,1,86,0.0082644628099173,10.642142162651435,3.9112009852945864,6.73094117735685,-0.0765315256931542
100,100,N=n,1,87,0.0082644628099173,8.562501039511957,2.2327392927413516,6.329761746770606,0.0932764974444764
100,100,N=n,1,88,0.0082644628099173,5.389050714764746,1.947843800957446,3.4412069138073007,0.0375616679651922
100,100,N=n,1,89,0.0082644628099173,8.613364652943659,2.9165563866648467,5.696808266278813,0.0042021749133044
100,100,N=n,1,90,0.0082644628099173,5.431457794963611,1.1295904790904263,4.301867315873185,0.0123632973446245
100,100,N=n,1,91,0.0082644628099173,9.936985387258012,4.664857036343407,5.272128350914606,-0.0150541226367966
100,100,N=n,1,92,0.0082644628099173,10.108225691710649,4.14802967506808,5.960196016642567,0.0135634255033682
100,100,N=n,1,93,0.0082644628099173,10.1937903472103,4.1403613636938745,6.053428983516425,-0.0143809108118707
100,100,N=n,1,94,0.0082644628099173,9.234008093450068,2.1330360976731693,7.100971995776899,-0.0394184089408131
100,100,N=n,1,95,0.0082644628099173,5.943851212634353,2.206181434150481,3.737669778483872,-0.0281749228497106
100,100,N=n,1,96,0.0082644628099173,12.022405820381035,5.714042555608521,6.308363264772515,-0.0558833563041701
100,100,N=n,1,97,0.0082644628099173,6.413524004868609,2.125585191378495,4.287938813490114,0.0080089877501309
100,100,N=n,1,98,0.0082644628099173,9.121879574337926,2.75086425737467,6.371015316963256,-0.0775967705346483
100,100,N=n,1,99,0.0082644628099173,6.2474304188989755,1.523556917374596,4.72387350152438,-0.0112830547113455
100,100,N=n,1,100,0.0082644628099173,7.222811238463339,2.6501354285023604,4.5726758099609786,0.0295168799408917
100,460,N=n log(n),1,0,0.0380165289256198,5.400551889333704,1.8975803063749963,3.5029715829587067,0.0889304237353636
100,460,N=n log(n),1,1,0.0380165289256198,8.269401127800958,4.125922683060383,4.143478444740574,0.0923256370896069
100,460,N=n log(n),1,2,0.0380165289256198,6.426639787159706,1.6420898550507936,4.784549932108912,-0.0226878346265736
100,460,N=n log(n),1,3,0.0380165289256198,5.77570312627315,2.984558234635286,2.791144891637864,-0.0731764518031584
100,460,N=n log(n),1,4,0.0380165289256198,4.937890518256144,1.2561041329326674,3.681786385323477,-0.0312939690607492
100,460,N=n log(n),1,5,0.0380165289256198,3.231527141681274,1.7571869346839215,1.4743402069973524,0.0188199453277438
100,460,N=n log(n),1,6,0.0380165289256198,4.933664141252271,1.1550161838279027,3.778647957424368,0.0831319091486854
100,460,N=n log(n),1,7,0.0380165289256198,6.236321789643928,1.9091231139487108,4.327198675695217,0.0051552941099971
100,460,N=n log(n),1,8,0.0380165289256198,5.647745401372028,2.0195362788291287,3.6282091225428994,-0.0189274097160407
100,460,N=n log(n),1,9,0.0380165289256198,8.505597075360608,2.186537653181117,6.319059422179491,-0.0353047081071157
100,460,N=n log(n),1,10,0.0380165289256198,4.963363292730302,1.8388017338095504,3.1245615589207523,-0.0082494485935609
100,460,N=n log(n),1,11,0.0380165289256198,5.790023516090117,1.4738669836761094,4.316156532414007,-0.0025118961778625
100,460,N=n log(n),1,12,0.0380165289256198,9.702925286802463,3.053549234309941,6.6493760524925225,0.056631366653903
100,460,N=n log(n),1,13,0.0380165289256198,5.314385302939764,0.684559379697369,4.629825923242395,0.0055880675171387
100,460,N=n log(n),1,14,0.0380165289256198,4.544396594167028,1.7869083699643775,2.757488224202651,0.034244227112535
100,460,N=n log(n),1,15,0.0380165289256198,6.16309823586575,1.8945076825204628,4.2685905533452875,0.0441953358538434
100,460,N=n log(n),1,16,0.0380165289256198,3.951846636974591,1.5060561048242755,2.445790532150316,-0.0987752181358775
100,460,N=n log(n),1,17,0.0380165289256198,7.193396175064022,1.5684615241496207,5.624934650914401,0.0372600023463761
100,460,N=n log(n),1,18,0.0380165289256198,7.947186812425148,2.410799908128147,5.536386904297001,0.0417790832521159
100,460,N=n log(n),1,19,0.0380165289256198,6.056176457140477,1.8944736940670324,4.161702763073445,0.0165072466597903
100,460,N=n log(n),1,20,0.0380165289256198,6.199762617094925,1.3571873127783345,4.842575304316591,-0.0083559588659506
100,460,N=n log(n),1,21,0.0380165289256198,6.575768814878207,2.354287928109952,4.221480886768255,-0.0642676682836995
100,460,N=n log(n),1,22,0.0380165289256198,10.324622492705908,3.8762220024227543,6.448400490283153,0.0485020996860194
100,460,N=n log(n),1,23,0.0380165289256198,6.149765678828904,1.0596859898899018,5.090079688939002,0.0335146749664612
100,460,N=n log(n),1,24,0.0380165289256198,4.281658468101547,1.0605624436208083,3.2210960244807385,-0.0118621798745436
100,460,N=n log(n),1,25,0.0380165289256198,4.177205398415538,0.6917598642085645,3.4854455342069737,-0.0039371702856774
100,460,N=n log(n),1,26,0.0380165289256198,5.50925412264341,1.8436288137449537,3.6656253088984574,0.0051389006797207
100,460,N=n log(n),1,27,0.0380165289256198,6.154597747911828,1.565701104374824,4.588896643537004,-0.0212314765826943
100,460,N=n log(n),1,28,0.0380165289256198,6.467163921620778,2.360182672179377,4.106981249441401,0.0712201591757196
100,460,N=n log(n),1,29,0.0380165289256198,6.620691924012863,2.5410113270206347,4.079680596992229,-0.0474839095654416
100,460,N=n log(n),1,30,0.0380165289256198,4.755943000861441,1.2238137524322226,3.532129248429218,-0.0023743179409476
100,460,N=n log(n),1,31,0.0380165289256198,6.945015207369131,2.989336144918929,3.9556790624502023,-0.1007540752070498
100,460,N=n log(n),1,32,0.0380165289256198,4.570841697449628,0.7327341950290349,3.838107502420593,0.0334576920511882
100,460,N=n log(n),1,33,0.0380165289256198,3.224739446989685,0.7491893203552256,2.475550126634459,0.0287490451637922
100,460,N=n log(n),1,34,0.0380165289256198,7.108973366614093,1.7248206989726955,5.384152667641397,-0.0329625162035337
100,460,N=n log(n),1,35,0.0380165289256198,5.013331112141821,0.6555978630099114,4.357733249131909,0.0051876638147288
100,460,N=n log(n),1,36,0.0380165289256198,3.0685983737069025,0.8162724043019219,2.2523259694049806,0.0477169656711859
100,460,N=n log(n),1,37,0.0380165289256198,8.87725407581663,3.089730721573002,5.7875233542436275,-0.0375597069647251
100,460,N=n log(n),1,38,0.0380165289256198,5.48693700946446,1.1885810114209514,4.298355998043508,0.0062162263064791
100,460,N=n log(n),1,39,0.0380165289256198,8.70436281563634,2.5221196230422662,6.182243192594074,-0.0523590626975157
100,460,N=n log(n),1,40,0.0380165289256198,6.54630340804875,1.5301698595228952,5.016133548525855,0.0051000717126812
100,460,N=n log(n),1,41,0.0380165289256198,5.053286746261251,1.189493149079724,3.8637935971815263,-0.0457587656338627
100,460,N=n log(n),1,42,0.0380165289256198,5.517621747649149,1.3652514814011658,4.152370266247983,0.0204627413997793
100,460,N=n log(n),1,43,0.0380165289256198,10.11185816618994,2.9191517203350363,7.192706445854903,0.051159087433294
100,460,N=n log(n),1,44,0.0380165289256198,5.861967981267123,1.422463910409983,4.439504070857139,-0.0352198897944828
100,460,N=n log(n),1,45,0.0380165289256198,8.585652039024493,3.420289411601072,5.165362627423422,0.0173961073204296
100,460,N=n log(n),1,46,0.0380165289256198,6.281936675517571,2.285990562497678,3.995946113019892,0.0690436034329298
100,460,N=n log(n),1,47,0.0380165289256198,5.751352731031803,1.684748813872079,4.066603917159724,-0.0095812864247173
100,460,N=n log(n),1,48,0.0380165289256198,3.9755310288569694,1.581194563468893,2.3943364653880765,-0.1110566237326408
100,460,N=n log(n),1,49,0.0380165289256198,6.442633354766295,2.8237430709672107,3.618890283799084,0.036410052883233
100,460,N=n log(n),1,50,0.0380165289256198,9.436480009200372,2.850133861838768,6.586346147361606,-0.0009783995738658
100,460,N=n log(n),1,51,0.0380165289256198,3.9764898687477586,0.902429604617367,3.0740602641303916,0.0600338246009791
100,460,N=n log(n),1,52,0.0380165289256198,9.397580749523447,2.4562456887690782,6.941335060754369,0.0241031979883159
100,460,N=n log(n),1,53,0.0380165289256198,5.520174979408519,1.131459866705625,4.388715112702894,-0.0012588260452368
100,460,N=n log(n),1,54,0.0380165289256198,6.009030198843849,2.0294413273366914,3.9795888715071577,-0.0111194564001677
100,460,N=n log(n),1,55,0.0380165289256198,6.083045284959952,1.197341908469002,4.88570337649095,-0.0336280316212141
100,460,N=n log(n),1,56,0.0380165289256198,8.224408372594267,2.1208600318410693,6.103548340753198,-0.039676204695636
100,460,N=n log(n),1,57,0.0380165289256198,5.396686718000272,1.9242419004002131,3.472444817600059,0.0141682322181674
100,460,N=n log(n),1,58,0.0380165289256198,5.137583756279753,1.8641263427030568,3.273457413576696,-0.1264423220103241
100,460,N=n log(n),1,59,0.0380165289256198,5.87147065785743,1.5925546270692792,4.278916030788151,0.1239937483378385
100,460,N=n log(n),1,60,0.0380165289256198,4.49438996316784,0.8342411264884644,3.660148836679375,0.0266212273635167
100,460,N=n log(n),1,61,0.0380165289256198,4.793737859247479,1.5342395329517124,3.2594983262957657,0.0626805542894126
100,460,N=n log(n),1,62,0.0380165289256198,6.936416982059761,2.588273551952401,4.34814343010736,-0.02483650939216
100,460,N=n log(n),1,63,0.0380165289256198,6.380881393258111,1.29123099554426,5.089650397713851,0.0189405160163955
100,460,N=n log(n),1,64,0.0380165289256198,5.150217237111792,1.0563450813479942,4.093872155763798,-0.031254840426534
100,460,N=n log(n),1,65,0.0380165289256198,5.6258966177616365,1.6997695357327864,3.9261270820288496,0.0484503156830033
100,460,N=n log(n),1,66,0.0380165289256198,4.74414043297964,1.6039227919686505,3.1402176410109903,-0.0054000458652735
100,460,N=n log(n),1,67,0.0380165289256198,8.617105697697351,4.462891888870459,4.154213808826892,-0.0381548316042637
100,460,N=n log(n),1,68,0.0380165289256198,6.480820643419015,1.5790855098178276,4.901735133601187,-0.0359220675351597
100,460,N=n log(n),1,69,0.0380165289256198,3.297643011044591,1.3326850926509826,1.9649579183936083,0.043845625365561
100,460,N=n log(n),1,70,0.0380165289256198,3.938233689852426,0.570472699212021,3.367760990640405,0.0128398178222045
100,460,N=n log(n),1,71,0.0380165289256198,5.0135038248649675,1.054346688000721,3.959157136864247,0.0285946018890605
100,460,N=n log(n),1,72,0.0380165289256198,5.279444882513768,2.045808045125982,3.2336368373877855,-0.0083178588846692
100,460,N=n log(n),1,73,0.0380165289256198,4.519024247279025,1.6482341185360236,2.870790128743001,-0.0212039250855597
100,460,N=n log(n),1,74,0.0380165289256198,5.343682166064956,1.530782318476818,3.812899847588138,-0.0364912820592679
100,460,N=n log(n),1,75,0.0380165289256198,7.162954213239545,2.8300510399085903,4.332903173330955,0.041204909942175
100,460,N=n log(n),1,76,0.0380165289256198,5.302229324768211,1.385591979194292,3.9166373455739194,-0.036399196216477
100,460,N=n log(n),1,77,0.0380165289256198,5.034079971856482,0.971666816710146,4.062413155146336,0.0418256496118268
100,460,N=n log(n),1,78,0.0380165289256198,5.164465082275296,0.7296573880581826,4.434807694217113,0.1004978180115185
100,460,N=n log(n),1,79,0.0380165289256198,3.4909778472563255,0.8894801537055006,2.601497693550825,0.0509165119481668
100,460,N=n log(n),1,80,0.0380165289256198,5.622397393786356,1.2886713953410027,4.333725998445353,-0.0241216087874224
100,460,N=n log(n),1,81,0.0380165289256198,9.858970837940932,3.021624820298149,6.837346017642783,0.098750868196348
100,460,N=n log(n),1,82,0.0380165289256198,6.3028803723731155,2.3247595010711786,3.978120871301937,0.0128533246051673
100,460,N=n log(n),1,83,0.0380165289256198,10.29830343835022,4.168971618158896,6.129331820191325,-0.0007337908545194
100,460,N=n log(n),1,84,0.0380165289256198,7.690254037755721,2.3364549010012263,5.353799136754494,0.0026904127339777
100,460,N=n log(n),1,85,0.0380165289256198,6.210671058479127,1.6705837080228774,4.54008735045625,0.0469462937426063
100,460,N=n log(n),1,86,0.0380165289256198,9.812661853644826,3.4223537346687367,6.390308118976089,0.1347706218969005
100,460,N=n log(n),1,87,0.0380165289256198,8.689703307894414,2.1929574451642604,6.496745862730154,-0.0574970593974264
100,460,N=n log(n),1,88,0.0380165289256198,7.078513931030104,1.94039068763818,5.138123243391924,0.0047842940235713
100,460,N=n log(n),1,89,0.0380165289256198,4.858077708832504,1.474834376427053,3.3832433324054505,0.0058258432909721
100,460,N=n log(n),1,90,0.0380165289256198,4.784178177374095,1.532298923285896,3.251879254088199,0.0245788306354257
100,460,N=n log(n),1,91,0.0380165289256198,9.580842791107626,3.1719434550821854,6.40889933602544,-0.0377720252849047
100,460,N=n log(n),1,92,0.0380165289256198,10.013400412664508,2.7596633320949855,7.253737080569522,0.0148589575542045
100,460,N=n log(n),1,93,0.0380165289256198,8.83755749028084,3.257703202259248,5.579854288021592,0.0696611452916448
100,460,N=n log(n),1,94,0.0380165289256198,7.507667971011974,1.7525486894590196,5.755119281552954,0.0843385550552899
100,460,N=n log(n),1,95,0.0380165289256198,6.224191864748745,1.382099081649599,4.842092783099146,-0.0291529267113003
100,460,N=n log(n),1,96,0.0380165289256198,7.467452845259317,2.574247313883249,4.8932055313760685,-0.0617658804951268
100,460,N=n log(n),1,97,0.0380165289256198,6.5842661476193864,1.9720575765164805,4.612208571102906,0.001488598365816
100,460,N=n log(n),1,98,0.0380165289256198,6.140276725453015,2.6259850656460095,3.5142916598070055,-0.0688414081291133
100,460,N=n log(n),1,99,0.0380165289256198,8.615143937078939,2.447333358074982,6.167810579003956,-0.0574877625915457
100,460,N=n log(n),1,100,0.0380165289256198,6.279567569181445,3.2868575296058284,2.992710039575617,-0.0038173901837567
100,1000,N=n^(3/2),1,0,0.0826446280991735,5.397968592444875,2.0107526899421373,3.3872159025027377,-0.0183276294940946
100,1000,N=n^(3/2),1,1,0.0826446280991735,5.530041210416599,1.8589802045075543,3.6710610059090447,-0.0450660279256643
100,1000,N=n^(3/2),1,2,0.0826446280991735,5.90982207544077,1.275562427967885,4.634259647472885,0.0108975427372619
100,1000,N=n^(3/2),1,3,0.0826446280991735,4.834870041773826,1.5628886509837314,3.271981390790094,0.0563564991709708
100,1000,N=n^(3/2),1,4,0.0826446280991735,4.777372966944471,0.7915151207336195,3.985857846210852,-0.0439277100362746
100,1000,N=n^(3/2),1,5,0.0826446280991735,2.871769966946662,1.015782978337982,1.85598698860868,0.0268387518395105
100,1000,N=n^(3/2),1,6,0.0826446280991735,3.56063952221513,1.257175670823142,2.303463851391988,0.0463197551366249
100,1000,N=n^(3/2),1,7,0.0826446280991735,5.956147173195106,2.062203653123696,3.89394352007141,-0.0223062850189863
100,1000,N=n^(3/2),1,8,0.0826446280991735,5.916720617445727,1.3206349190421554,4.596085698403572,-0.0476565276707775
100,1000,N=n^(3/2),1,9,0.0826446280991735,4.974887670078571,1.9533690753930224,3.021518594685549,0.0310445576331845
100,1000,N=n^(3/2),1,10,0.0826446280991735,5.314056241932199,1.924445178677872,3.3896110632543266,0.001257088688649
100,1000,N=n^(3/2),1,11,0.0826446280991735,5.235694834791599,1.574508333541429,3.66118650125017,0.0111061209280835
100,1000,N=n^(3/2),1,12,0.0826446280991735,5.110779722728811,1.9704891765448371,3.1402905461839734,0.0917411965480052
100,1000,N=n^(3/2),1,13,0.0826446280991735,4.571446318526204,0.640559417477705,3.9308869010485,-0.0703804415169318
100,1000,N=n^(3/2),1,14,0.0826446280991735,4.5310049242871075,1.6302704282232536,2.900734496063854,-0.0271854197124417
100,1000,N=n^(3/2),1,15,0.0826446280991735,6.009548381218529,2.0789107952515993,3.93063758596693,-0.0050982394138635
100,1000,N=n^(3/2),1,16,0.0826446280991735,4.214008813459934,1.9112372955804464,2.3027715178794868,-0.0256092100559992
100,1000,N=n^(3/2),1,17,0.0826446280991735,4.081846795693627,1.2804903375794037,2.8013564581142236,-0.0440839900914264
100,1000,N=n^(3/2),1,18,0.0826446280991735,5.648904472891248,1.7117285311605737,3.937175941730674,0.0322508159711473
100,1000,N=n^(3/2),1,19,0.0826446280991735,6.206696134269606,1.7425938842042006,4.464102250065405,-0.0226065096384509
100,1000,N=n^(3/2),1,20,0.0826446280991735,5.209940884338168,1.343678396185921,3.8662624881522465,-0.0515312477494187
100,1000,N=n^(3/2),1,21,0.0826446280991735,9.317726246617056,2.313159712019063,7.004566534597992,-0.0397432071541913
100,1000,N=n^(3/2),1,22,0.0826446280991735,6.054595991239239,2.191991016069728,3.86260497516951,0.0279918933360799
100,1000,N=n^(3/2),1,23,0.0826446280991735,4.423596451938707,0.6273605856865332,3.796235866252174,0.0213569791724535
100,1000,N=n^(3/2),1,24,0.0826446280991735,4.36634382663478,1.1763201005272157,3.1900237261075644,-0.0133756494249325
100,1000,N=n^(3/2),1,25,0.0826446280991735,3.937944466048728,1.0998706624295895,2.838073803619139,0.1140151233891611
100,1000,N=n^(3/2),1,26,0.0826446280991735,5.690660019949635,1.8590892515759965,3.831570768373638,0.0716880117015193
100,1000,N=n^(3/2),1,27,0.0826446280991735,5.436567050119797,1.3697707835715294,4.066796266548268,0.0677874562695322
100,1000,N=n^(3/2),1,28,0.0826446280991735,5.346908117037583,1.8661710421596651,3.480737074877918,0.0038648185881225
100,1000,N=n^(3/2),1,29,0.0826446280991735,5.101132068071701,1.65908919708416,3.4420428709875406,-0.0634508673135372
100,1000,N=n^(3/2),1,30,0.0826446280991735,4.802106780337099,0.8945354528030939,3.907571327534005,0.0103559807806256
100,1000,N=n^(3/2),1,31,0.0826446280991735,5.938642662177415,2.4082870614166536,3.5303556007607613,-0.0796802246978782
100,1000,N=n^(3/2),1,32,0.0826446280991735,4.186152385088297,1.625651550670547,2.5605008344177502,0.0003768667010819
100,1000,N=n^(3/2),1,33,0.0826446280991735,3.3632444344628407,0.986605769700338,2.376638664762502,0.0376099902691251
100,1000,N=n^(3/2),1,34,0.0826446280991735,6.124060015960459,2.109737838324862,4.014322177635597,0.1248866211325108
100,1000,N=n^(3/2),1,35,0.0826446280991735,8.794135253663,2.015961932380554,6.7781733212824475,0.0049110062082632
100,1000,N=n^(3/2),1,36,0.0826446280991735,3.4174796288665137,1.1710408307033315,2.246438798163182,0.044611356617511
100,1000,N=n^(3/2),1,37,0.0826446280991735,6.585230725768187,2.72194735897969,3.863283366788497,0.0594911139534133
100,1000,N=n^(3/2),1,38,0.0826446280991735,10.20849594111576,3.7009014608813446,6.507594480234415,-0.0206423336014278
100,1000,N=n^(3/2),1,39,0.0826446280991735,3.9819911766960816,1.7335491391783802,2.2484420375177017,0.0299507483453436
100,1000,N=n^(3/2),1,40,0.0826446280991735,4.913335775191042,1.9917810341382651,2.921554741052777,-0.0075714583853576
100,1000,N=n^(3/2),1,41,0.0826446280991735,5.445924399830232,2.2711059271727914,3.1748184726574404,-0.0011407671926005
100,1000,N=n^(3/2),1,42,0.0826446280991735,4.318367437396791,0.9896700509180324,3.3286973864787583,-0.0094466962244806
100,1000,N=n^(3/2),1,43,0.0826446280991735,5.9713824987660225,1.7203541132914442,4.251028385474578,0.0425235736876099
100,1000,N=n^(3/2),1,44,0.0826446280991735,6.820265381153204,3.3427095500193778,3.4775558311338264,-0.0130812870005597
100,1000,N=n^(3/2),1,45,0.0826446280991735,5.163443835747422,2.763559441299792,2.39988439444763,-0.0368427527374552
100,1000,N=n^(3/2),1,46,0.0826446280991735,4.5808624540705045,1.4376476236997155,3.143214830370789,0.020488401044959
100,1000,N=n^(3/2),1,47,0.0826446280991735,6.801731818955481,3.445589358912216,3.3561424600432654,-0.0118098920629152
100,1000,N=n^(3/2),1,48,0.0826446280991735,3.950581307509517,1.860148985310408,2.090432322199109,-0.0824641393567394
100,1000,N=n^(3/2),1,49,0.0826446280991735,6.555348458958086,2.621743645244232,3.9336048137138544,-0.0552635868450758
100,1000,N=n^(3/2),1,50,0.0826446280991735,5.730285032112096,2.2318920953446826,3.498392936767414,-0.0960437486738875
100,1000,N=n^(3/2),1,51,0.0826446280991735,3.3427420619252928,1.0794456282892575,2.2632964336360355,-0.0205359786871819
100,1000,N=n^(3/2),1,52,0.0826446280991735,6.223726310916606,2.2222429935872396,4.001483317329367,0.002034419227634
100,1000,N=n^(3/2),1,53,0.0826446280991735,5.386838925792393,1.4948631995413706,3.891975726251023,0.0607196610765433
100,1000,N=n^(3/2),1,54,0.0826446280991735,9.26230818793987,3.004978868751079,6.257329319188792,-0.0047173410551001
100,1000,N=n^(3/2),1,55,0.0826446280991735,5.8886257258832995,2.1193918519316837,3.7692338739516154,-0.0220822903862146
100,1000,N=n^(3/2),1,56,0.0826446280991735,5.113476043733098,1.8703404888171988,3.2431355549158996,0.0374397137922916
100,1000,N=n^(3/2),1,57,0.0826446280991735,5.324881489077743,1.4444763714249116,3.880405117652832,-0.0302681698198774
100,1000,N=n^(3/2),1,58,0.0826446280991735,5.712324690011622,2.009383822222655,3.702940867788967,-0.0451705560953324
100,1000,N=n^(3/2),1,59,0.0826446280991735,5.757038735026471,2.0779831011528227,3.679055633873648,0.0315200104914071
100,1000,N=n^(3/2),1,60,0.0826446280991735,5.464228467212634,1.2571955529310028,4.207032914281632,0.0017754492065227
100,1000,N=n^(3/2),1,61,0.0826446280991735,4.8778850347778135,0.9704902171414151,3.907394817636398,0.0130415798357871
100,1000,N=n^(3/2),1,62,0.0826446280991735,5.999065948415968,2.344763504876943,3.6543024435390254,-0.0615411563426899
100,1000,N=n^(3/2),1,63,0.0826446280991735,4.995609594443246,0.9412605167498852,4.05434907769336,0.0277509609404267
100,1000,N=n^(3/2),1,64,0.0826446280991735,6.292626096649081,1.1005740522362195,5.192052044412861,0.0214911028224541
100,1000,N=n^(3/2),1,65,0.0826446280991735,5.725951641528902,1.1990888766152896,4.526862764913613,-0.0764420092610995
100,1000,N=n^(3/2),1,66,0.0826446280991735,4.767912285905562,1.0643311228237906,3.703581163081772,0.0439741313372062
100,1000,N=n^(3/2),1,67,0.0826446280991735,6.628053403656304,2.605015750494021,4.023037653162284,-0.0376836018184189
100,1000,N=n^(3/2),1,68,0.0826446280991735,5.317009820837443,2.076427840320514,3.2405819805169287,-0.0113911515732886
100,1000,N=n^(3/2),1,69,0.0826446280991735,3.6919319264803,1.9614650062823211,1.730466920197979,-0.0293672820011616
100,1000,N=n^(3/2),1,70,0.0826446280991735,3.8699241603396968,0.7436751573789083,3.126249002960789,0.0804581519493025
100,1000,N=n^(3/2),1,71,0.0826446280991735,5.286978318494454,1.2748600439728603,4.012118274521594,-0.0020214399090566
100,1000,N=n^(3/2),1,72,0.0826446280991735,4.251976267951143,1.4000371177540314,2.8519391501971114,-0.0458441517428973
100,1000,N=n^(3/2),1,73,0.0826446280991735,3.4632289568022516,0.9570375202637924,2.506191436538459,0.0177144084877602
100,1000,N=n^(3/2),1,74,0.0826446280991735,5.2826196571442265,1.0245015126561725,4.258118144488054,-0.0083888951341092
100,1000,N=n^(3/2),1,75,0.0826446280991735,2.815085410559701,0.8245503792631116,1.9905350312965897,-0.1011799202163289
100,1000,N=n^(3/2),1,76,0.0826446280991735,5.872693960296798,2.639709898209894,3.2329840620869037,0.0313881482064498
100,1000,N=n^(3/2),1,77,0.0826446280991735,4.344907932917357,0.8263136784645799,3.5185942544527764,-0.012106340313795
100,1000,N=n^(3/2),1,78,0.0826446280991735,5.718999615083141,1.1360833206375112,4.58291629444563,-0.0199843274568003
100,1000,N=n^(3/2),1,79,0.0826446280991735,3.9429728769429593,0.7316057352887729,3.2113671416541862,0.0702708002754164
100,1000,N=n^(3/2),1,80,0.0826446280991735,5.030763429975506,1.1721464251594194,3.8586170048160873,0.0356663242958974
100,1000,N=n^(3/2),1,81,0.0826446280991735,6.59946877910842,1.7178850804124717,4.881583698695949,0.0053451868801337
100,1000,N=n^(3/2),1,82,0.0826446280991735,5.494655128041476,1.3676129677574584,4.1270421602840175,-0.0767691080176617
100,1000,N=n^(3/2),1,83,0.0826446280991735,6.76325725341496,3.2846047784912793,3.478652474923681,-0.0061472096348794
100,1000,N=n^(3/2),1,84,0.0826446280991735,5.122672906996812,1.624585555696089,3.498087351300723,-0.036396673290763
100,1000,N=n^(3/2),1,85,0.0826446280991735,6.0048915186146,1.7439159824727497,4.26097553614185,0.029385530268197
100,1000,N=n^(3/2),1,86,0.0826446280991735,7.745357259866659,2.803545552225345,4.941811707641314,0.0273545101657658
100,1000,N=n^(3/2),1,87,0.0826446280991735,5.235803165487097,1.34910949950889,3.8866936659782065,-0.0176583311531046
100,1000,N=n^(3/2),1,88,0.0826446280991735,3.589131729951452,0.9862663380575736,2.6028653918938787,-0.0449022083914347
100,1000,N=n^(3/2),1,89,0.0826446280991735,4.57070649942098,1.7098916812669354,2.8608148181540445,-0.0309367246727037
100,1000,N=n^(3/2),1,90,0.0826446280991735,4.403916072232239,0.988346682341442,3.4155693898907966,-0.0919649313863675
100,1000,N=n^(3/2),1,91,0.0826446280991735,5.339246791527719,1.5273215394174209,3.8119252521102984,0.0177707126893474
100,1000,N=n^(3/2),1,92,0.0826446280991735,5.429918598729966,1.9311161753750712,3.4988024233548947,0.0568532355677482
100,1000,N=n^(3/2),1,93,0.0826446280991735,5.189543490727944,1.5422129821905055,3.647330508537439,0.0817709111790062
100,1000,N=n^(3/2),1,94,0.0826446280991735,4.679820462309361,1.0138386595638167,3.665981802745544,0.0268013839360856
100,1000,N=n^(3/2),1,95,0.0826446280991735,9.398423114404112,2.750062055951992,6.64836105845212,0.0083914236320244
100,1000,N=n^(3/2),1,96,0.0826446280991735,6.211988585692801,2.228288539581632,3.98370004611117,0.0669830811158278
100,1000,N=n^(3/2),1,97,0.0826446280991735,5.715542202624112,2.0319764522539145,3.6835657503701977,-0.1083540425435309
100,1000,N=n^(3/2),1,98,0.0826446280991735,5.142767390399605,1.314784775058618,3.827982615340987,-0.027939829783549
100,1000,N=n^(3/2),1,99,0.0826446280991735,4.583654338041551,1.1716911240421477,3.411963213999403,-0.0233234765734831
100,1000,N=n^(3/2),1,100,0.0826446280991735,6.039782783916962,2.85378545110974,3.185997332807222,0.0609592170408516
100,10000,N=n^2,1,0,0.8264462809917356,3.820814428701005,1.7707429217783586,2.050071506922646,-0.0338687079395975
100,10000,N=n^2,1,1,0.8264462809917356,3.4724899636734667,1.1637941972238055,2.3086957664496612,0.0064224361123562
100,10000,N=n^2,1,2,0.8264462809917356,3.865316057937216,1.0696901049248824,2.7956259530123333,-0.0400269576259219
100,10000,N=n^2,1,3,0.8264462809917356,4.283983300538879,2.517894056766263,1.7660892437726163,-0.0020767526814285
100,10000,N=n^2,1,4,0.8264462809917356,2.5409517072498016,1.038277222042405,1.5026744852073968,-0.0589780262039041
100,10000,N=n^2,1,5,0.8264462809917356,1.2134935246628085,0.619635023840036,0.5938585008227726,-0.0457005537457689
100,10000,N=n^2,1,6,0.8264462809917356,1.6586081269816024,0.5908311548036347,1.0677769721779675,-0.0325961402627258
100,10000,N=n^2,1,7,0.8264462809917356,4.054186172620512,1.946958632580915,2.107227540039597,0.0073316245720737
100,10000,N=n^2,1,8,0.8264462809917356,3.799466888708416,1.1327867182513427,2.6666801704570737,0.039883912038868
100,10000,N=n^2,1,9,0.8264462809917356,4.085575440345416,2.4289384966794243,1.6566369436659911,0.0566443145158365
100,10000,N=n^2,1,10,0.8264462809917356,3.4943104006184864,1.7665418436265516,1.7277685569919343,0.0588033939026583
100,10000,N=n^2,1,11,0.8264462809917356,2.8331823151715576,0.3467175029692683,2.486464812202289,0.0520037726518148
100,10000,N=n^2,1,12,0.8264462809917356,3.3689931792887533,1.102326653755447,2.2666665255333065,-0.0371369186872144
100,10000,N=n^2,1,13,0.8264462809917356,3.110730034868002,0.6522115450805037,2.4585184897874983,0.0618189946694322
100,10000,N=n^2,1,14,0.8264462809917356,1.9603832215837116,0.6403561492114874,1.3200270723722245,-0.0355571161683455
100,10000,N=n^2,1,15,0.8264462809917356,3.1736381198807697,1.0094053377852992,2.1642327820954703,-0.0625073424747813
100,10000,N=n^2,1,16,0.8264462809917356,2.5256207279159164,1.465479616606754,1.0601411113091626,-0.000673379978992
100,10000,N=n^2,1,17,0.8264462809917356,2.453534767609198,0.5068448837506974,1.9466898838585005,0.0530884062791346
100,10000,N=n^2,1,18,0.8264462809917356,4.135375206832056,1.3250458696097729,2.8103293372222833,-0.0466019197301412
100,10000,N=n^2,1,19,0.8264462809917356,3.8079727551351255,1.019758549988625,2.7882142051465006,0.0281804871457639
100,10000,N=n^2,1,20,0.8264462809917356,2.388951296709811,0.6227814986079967,1.7661697981018143,0.0177971383386524
100,10000,N=n^2,1,21,0.8264462809917356,3.207880101334272,0.936007417682536,2.271872683651736,-0.0697865876009957
100,10000,N=n^2,1,22,0.8264462809917356,4.73846887357512,2.487229667398398,2.251239206176722,-0.0940246541796674
100,10000,N=n^2,1,23,0.8264462809917356,1.9599061359281225,0.3345943511049249,1.6253117848231975,0.0750933150167188
100,10000,N=n^2,1,24,0.8264462809917356,1.971598231444404,0.4226565500140604,1.5489416814303434,0.0185492372839754
100,10000,N=n^2,1,25,0.8264462809917356,2.01438119119744,0.5923574638157283,1.4220237273817116,0.0703205159065749
100,10000,N=n^2,1,26,0.8264462809917356,4.805712247515421,2.227108895690354,2.578603351825066,0.0405815223751192
100,10000,N=n^2,1,27,0.8264462809917356,3.3049002118911055,1.500639362079364,1.8042608498117412,-0.0238527760471018
100,10000,N=n^2,1,28,0.8264462809917356,5.528912629682232,2.7848960782304983,2.7440165514517334,-0.023472701344795
100,10000,N=n^2,1,29,0.8264462809917356,3.1771715340705353,0.9326191301556812,2.244552403914854,-0.0071096823451797
100,10000,N=n^2,1,30,0.8264462809917356,2.6947642372229472,0.4129576477754784,2.281806589447469,-0.0326891393951373
100,10000,N=n^2,1,31,0.8264462809917356,3.837739104513106,1.9451637346867816,1.892575369826325,-0.0007728591462466
100,10000,N=n^2,1,32,0.8264462809917356,1.9194632254103197,0.7113656787226376,1.2080975466876822,-0.025861253380473
100,10000,N=n^2,1,33,0.8264462809917356,1.652940467442678,0.8595505029405065,0.7933899645021714,0.0371230597838663
100,10000,N=n^2,1,34,0.8264462809917356,4.676426246710567,1.7917002055515427,2.8847260411590243,-0.0018468411806019
100,10000,N=n^2,1,35,0.8264462809917356,2.824184655838793,0.7844711111169118,2.039713544721881,0.0172557971756067
100,10000,N=n^2,1,36,0.8264462809917356,1.8403744192162343,0.8907605411044812,0.9496138781117534,-0.0817621030326122
100,10000,N=n^2,1,37,0.8264462809917356,5.303586592070438,3.122959403610144,2.180627188460294,-0.0389782529824763
100,10000,N=n^2,1,38,0.8264462809917356,3.5743601860997565,1.4867992240892285,2.087560962010528,-0.0657266781952845
100,10000,N=n^2,1,39,0.8264462809917356,2.430665645699748,0.9916800959285448,1.4389855497712034,-0.021360760640567
100,10000,N=n^2,1,40,0.8264462809917356,4.036023781300154,1.154026499671504,2.8819972816286494,-0.0777625626884695
100,10000,N=n^2,1,41,0.8264462809917356,3.407118821925856,1.282502268911507,2.1246165530143486,0.0277914749987261
100,10000,N=n^2,1,42,0.8264462809917356,2.91494467890071,0.923614191527709,1.9913304873730011,-0.0733604134489291
100,10000,N=n^2,1,43,0.8264462809917356,3.8226550660507095,1.1785935053965404,2.644061560654169,-0.0605111418151284
100,10000,N=n^2,1,44,0.8264462809917356,4.156752821520488,1.7666643069898906,2.3900885145305972,0.0444813741222262
100,10000,N=n^2,1,45,0.8264462809917356,3.4776191190368313,1.7041701517466747,1.7734489672901566,-0.0873163706996104
100,10000,N=n^2,1,46,0.8264462809917356,2.8304157945376387,0.9817657421858516,1.848650052351787,-0.0163770242559109
100,10000,N=n^2,1,47,0.8264462809917356,4.855248359434958,2.725915101734845,2.1293332577001127,-0.097959610087708
100,10000,N=n^2,1,48,0.8264462809917356,2.3510132045871224,1.5570109980328073,0.7940022065543149,0.0155856770820646
100,10000,N=n^2,1,49,0.8264462809917356,3.337669052903752,1.248870920215055,2.088798132688697,-0.076375355136095
100,10000,N=n^2,1,50,0.8264462809917356,3.16984371707059,1.1152858306698623,2.054557886400728,0.124154229567053
100,10000,N=n^2,1,51,0.8264462809917356,1.5993961935297176,0.5528402436834576,1.04655594984626,0.0583113194000698
100,10000,N=n^2,1,52,0.8264462809917356,3.710848864316009,0.8084906790078861,2.902358185308122,-0.0148397210191
100,10000,N=n^2,1,53,0.8264462809917356,3.2855516268992035,0.5339934240836522,2.751558202815551,0.085562815961758
100,10000,N=n^2,1,54,0.8264462809917356,3.4887827694478206,1.180012482607513,2.308770286840308,0.0295281217093772
100,10000,N=n^2,1,55,0.8264462809917356,3.2808212170565976,0.6896535486946119,2.5911676683619858,0.0240130459042963
100,10000,N=n^2,1,56,0.8264462809917356,2.956569211184565,1.0822658442251205,1.8743033669594444,0.0499615574618306
100,10000,N=n^2,1,57,0.8264462809917356,2.9413732581376495,0.8380173338546999,2.10335592428295,0.0366565421311407
100,10000,N=n^2,1,58,0.8264462809917356,2.8303780822512774,1.36408651165884,1.4662915705924373,0.0222692426777563
100,10000,N=n^2,1,59,0.8264462809917356,3.3076064133771053,1.1493933202646232,2.158213093112482,0.011170052068898
100,10000,N=n^2,1,60,0.8264462809917356,2.1435342162900866,0.4725846686797205,1.6709495476103662,0.0453876981504768
100,10000,N=n^2,1,61,0.8264462809917356,3.0954900339983453,1.183790683211919,1.9116993507864264,0.0005429182043949
100,10000,N=n^2,1,62,0.8264462809917356,5.063781486473311,2.625343881536179,2.438437604937132,-0.0985012420841979
100,10000,N=n^2,1,63,0.8264462809917356,3.997132659286935,1.201910385721524,2.795222273565411,0.0556592103777612
100,10000,N=n^2,1,64,0.8264462809917356,3.2165578066772493,0.8323995824835946,2.384158224193655,0.023862328845419
100,10000,N=n^2,1,65,0.8264462809917356,3.394486878630734,0.6481377304246496,2.746349148206084,0.0566107582572157
100,10000,N=n^2,1,66,0.8264462809917356,2.520192768198561,0.8491103833720604,1.6710823848265006,0.008154718638465
100,10000,N=n^2,1,67,0.8264462809917356,5.954716573352502,3.0884229591328527,2.866293614219649,-0.0754920609476681
100,10000,N=n^2,1,68,0.8264462809917356,2.6232100387589243,1.0981478297235914,1.5250622090353332,-0.0330828822802412
100,10000,N=n^2,1,69,0.8264462809917356,1.765194989326986,1.0275322569247878,0.7376627324021983,0.0160728567075666
100,10000,N=n^2,1,70,0.8264462809917356,1.8656823594384735,0.5024243950981611,1.3632579643403124,-0.0274644874554081
100,10000,N=n^2,1,71,0.8264462809917356,3.50427890817293,0.5467199464559054,2.957558961717025,-0.0472559221369436
100,10000,N=n^2,1,72,0.8264462809917356,3.409042572391356,1.3017901569706891,2.1072524154206667,0.0128930963819369
100,10000,N=n^2,1,73,0.8264462809917356,2.406428161764383,1.1342810751003447,1.272147086664038,-0.0202981339610013
100,10000,N=n^2,1,74,0.8264462809917356,3.5446879378049068,0.8943696817466197,2.650318256058287,0.02235809673665
100,10000,N=n^2,1,75,0.8264462809917356,2.601297184505727,1.563709585594175,1.0375875989115515,0.0391713649487005
100,10000,N=n^2,1,76,0.8264462809917356,3.855579805322193,1.7002385581072683,2.155341247214924,-0.0237226046593824
100,10000,N=n^2,1,77,0.8264462809917356,2.4546879262628245,0.7338415605494985,1.7208463657133262,-0.006007986303056
100,10000,N=n^2,1,78,0.8264462809917356,3.5665592784340157,0.8662158439652639,2.700343434468752,0.0013040482725361
100,10000,N=n^2,1,79,0.8264462809917356,2.684587432989992,0.6891750636776848,1.995412369312307,0.0061362964002851
100,10000,N=n^2,1,80,0.8264462809917356,3.2970997518344927,0.8305577866010194,2.466541965233473,0.0237630424816603
100,10000,N=n^2,1,81,0.8264462809917356,3.6933787564403104,0.9426907443563056,2.750688012084005,0.0088676413120697
100,10000,N=n^2,1,82,0.8264462809917356,3.248129322287167,0.9016699589009308,2.346459363386236,0.0680547062992111
100,10000,N=n^2,1,83,0.8264462809917356,4.66232163009758,2.3866505275291376,2.2756711025684417,-0.0609169743481388
100,10000,N=n^2,1,84,0.8264462809917356,2.633506827171957,1.001809234978213,1.6316975921937438,0.0213371557677201
100,10000,N=n^2,1,85,0.8264462809917356,3.771337527337208,1.21246128226579,2.558876245071418,-0.071613574089847
100,10000,N=n^2,1,86,0.8264462809917356,4.294150380629352,1.9697621733145487,2.324388207314803,-0.0545187618569354
100,10000,N=n^2,1,87,0.8264462809917356,3.865040166492456,1.6141343945072446,2.2509057719852112,-0.0092462889016355
100,10000,N=n^2,1,88,0.8264462809917356,1.4026030006989667,0.523621160961025,0.8789818397379419,-0.0190848615033644
100,10000,N=n^2,1,89,0.8264462809917356,2.3554516514328028,0.776200869584455,1.579250781848348,0.0493653618679165
100,10000,N=n^2,1,90,0.8264462809917356,2.0738195213346566,0.3736205555986894,1.700198965735967,0.053220027014439
100,10000,N=n^2,1,91,0.8264462809917356,4.38168941700084,2.3757620074579657,2.005927409542874,0.1297307153936228
100,10000,N=n^2,1,92,0.8264462809917356,3.0401392817900588,0.6424354590255807,2.397703822764478,0.0174979677390539
100,10000,N=n^2,1,93,0.8264462809917356,3.4705030044826324,1.4597895695192693,2.010713434963363,2.4030826359533185e-05
100,10000,N=n^2,1,94,0.8264462809917356,2.9331130499987883,0.3896745818597477,2.5434384681390405,0.0424185339667611
100,10000,N=n^2,1,95,0.8264462809917356,2.92757787096953,0.8862744408875645,2.0413034300819657,0.1247247222000167
100,10000,N=n^2,1,96,0.8264462809917356,4.341494715445982,2.1331745697783355,2.2083201456676465,-0.0256320116188678
100,10000,N=n^2,1,97,0.8264462809917356,3.8477208040339894,1.6766893583530091,2.1710314456809803,0.0282439399711946
100,10000,N=n^2,1,98,0.8264462809917356,3.5337818897194775,1.1457533511328282,2.3880285385866493,-0.0484830143401119
100,10000,N=n^2,1,99,0.8264462809917356,2.810566062363796,1.5112162218543177,1.2993498405094783,0.1034374697637804
100,10000,N=n^2,1,100,0.8264462809917356,3.7086729899499224,1.4085440769492883,2.300128913000634,-0.0554160728779333
500,500,N=n,1,0,0.0082644628099173,8.30942444512038,0.7993254876965084,7.510098957423871,-0.1466331610873027
500,500,N=n,1,1,0.0082644628099173,12.15136632185545,1.7297338083620848,10.421632513493366,0.0354405285065804
500,500,N=n,1,2,0.0082644628099173,8.910806006499605,2.1453202589383613,6.765485747561243,-0.0436320260308827
500,500,N=n,1,3,0.0082644628099173,8.403802928873326,1.342378953558133,7.061423975315192,-0.0329341543737283
500,500,N=n,1,4,0.0082644628099173,7.387478112771895,1.8570120225608584,5.5304660902110365,-0.0402184881012497
500,500,N=n,1,5,0.0082644628099173,9.514377934471447,1.2325496010539214,8.281828333417526,-0.0653826997401507
500,500,N=n,1,6,0.0082644628099173,7.735628666154948,1.6171969914016375,6.11843167475331,0.0647804943794922
500,500,N=n,1,7,0.0082644628099173,8.105415100775963,0.8644144530143338,7.241000647761628,0.0527229721247128
500,500,N=n,1,8,0.0082644628099173,10.224655142954848,3.8943040198894208,6.330351123065427,-0.0461841416505242
500,500,N=n,1,9,0.0082644628099173,7.211688698807532,1.0184272743720415,6.193261424435491,0.0146753092989696
500,500,N=n,1,10,0.0082644628099173,8.192298257695496,1.0039310464243525,7.188367211271143,0.0855957346289533
500,500,N=n,1,11,0.0082644628099173,8.580107363824606,0.5703509317558114,8.009756432068794,0.143701191037667
500,500,N=n,1,12,0.0082644628099173,9.477425944956789,3.5445312335970134,5.932894711359773,0.0374815208717963
500,500,N=n,1,13,0.0082644628099173,8.146128384947474,1.2477947899266644,6.8983335950208104,0.0157417508973957
500,500,N=n,1,14,0.0082644628099173,7.536062251413592,0.936348126514128,6.599714124899464,-0.0081089215269089
500,500,N=n,1,15,0.0082644628099173,7.864880469442477,1.7436860184607743,6.121194450981703,0.00209907230058
500,500,N=n,1,16,0.0082644628099173,10.308162632872046,1.494888011099904,8.813274621772141,0.0165630388496303
500,500,N=n,1,17,0.0082644628099173,8.212567136925205,1.838586599829812,6.3739805370953935,-0.0072921529927811
500,500,N=n,1,18,0.0082644628099173,7.805021233018064,1.4797417931554089,6.325279439862655,-0.0485002352233815
500,500,N=n,1,19,0.0082644628099173,7.224316859545458,0.9148088696692974,6.309507989876161,-0.0036083824251567
500,500,N=n,1,20,0.0082644628099173,8.11371211335763,1.1111778501714349,7.002534263186195,0.0281259235000996
500,500,N=n,1,21,0.0082644628099173,8.663338471480309,2.6499478218842096,6.013390649596099,0.0020449541290203
500,500,N=n,1,22,0.0082644628099173,7.741736655578325,1.7924514553883522,5.949285200189974,-0.0053016824350281
500,500,N=n,1,23,0.0082644628099173,8.50755987997821,0.7279227237692727,7.779637156208937,0.0393898049284938
500,500,N=n,1,24,0.0082644628099173,8.39574344683505,2.168723933365861,6.227019513469189,-0.0026671687238368
500,500,N=n,1,25,0.0082644628099173,7.567216071900235,1.3040958944219174,6.263120177478318,-0.0614438195702917
500,500,N=n,1,26,0.0082644628099173,8.048166277797787,1.8277862494178208,6.220380028379966,-0.0432301320507002
500,500,N=n,1,27,0.0082644628099173,7.453684274802458,1.023517230234324,6.430167044568134,-0.0519139077566653
500,500,N=n,1,28,0.0082644628099173,6.913110722458907,0.9849518560916422,5.928158866367265,-0.0870958173480374
500,500,N=n,1,29,0.0082644628099173,10.053841399521843,1.33561661972611,8.718224779795733,0.0373989847311766
500,500,N=n,1,30,0.0082644628099173,7.172505012262239,1.2492117681835284,5.923293244078711,0.0851620468525736
500,500,N=n,1,31,0.0082644628099173,8.959182637841124,1.9817977060804912,6.977384931760634,-0.0806720941300241
500,500,N=n,1,32,0.0082644628099173,8.11159924068152,1.0075663285920873,7.1040329120894325,0.1000500496134681
500,500,N=n,1,33,0.0082644628099173,8.336445508873588,1.3899039986161044,6.946541510257483,-0.0535621109842174
500,500,N=n,1,34,0.0082644628099173,7.699922478840335,1.2446774902653792,6.455244988574956,-0.0120573858070788
500,500,N=n,1,35,0.0082644628099173,7.441216252482706,1.6758671865511687,5.765349065931537,-0.0028553966276621
500,500,N=n,1,36,0.0082644628099173,6.9768034570569055,0.8887938970975642,6.088009559959342,0.0066405785171595
500,500,N=n,1,37,0.0082644628099173,8.605916504116202,2.03060210835745,6.575314395758752,0.0615352184593993
500,500,N=n,1,38,0.0082644628099173,8.367075640228721,1.4987447698230183,6.868330870405703,0.0336576139415484
500,500,N=n,1,39,0.0082644628099173,7.710436420001234,0.6192387843935048,7.091197635607729,-0.0301237282714318
500,500,N=n,1,40,0.0082644628099173,7.707956605507605,1.2960266983350677,6.411929907172538,0.0324717488438568
500,500,N=n,1,41,0.0082644628099173,8.930254144156759,2.5865412556003733,6.343712888556387,-0.0226000924832717
500,500,N=n,1,42,0.0082644628099173,8.160370406712477,0.9771769856454912,7.183193421066986,-0.0602372109005908
500,500,N=n,1,43,0.0082644628099173,7.776084217826892,1.698396255115343,6.077687962711549,-0.0585572045606623
500,500,N=n,1,44,0.0082644628099173,7.783756626323254,1.2039058114068732,6.579850814916381,-0.0888184000042859
500,500,N=n,1,45,0.0082644628099173,7.953307189983576,2.036215472238298,5.9170917177452775,0.0017539813257843
500,500,N=n,1,46,0.0082644628099173,7.423186097224836,1.5717060951975377,5.851480002027298,0.1282459052509334
500,500,N=n,1,47,0.0082644628099173,7.675052704276412,0.953816061365636,6.721236642910776,0.0592782019011258
500,500,N=n,1,48,0.0082644628099173,8.189971014612365,1.0190360914723615,7.170934923140003,0.0184485648266234
500,500,N=n,1,49,0.0082644628099173,7.773113564391827,0.8496702794382089,6.923443284953618,-0.0235054657528333
500,500,N=n,1,50,0.0082644628099173,8.700351799067215,2.4068785436268785,6.293473255440337,0.0127630025452765
500,500,N=n,1,51,0.0082644628099173,8.743608048281745,1.273357825474052,7.470250222807693,0.0443320728778906
500,500,N=n,1,52,0.0082644628099173,9.486503074169327,4.064224769388984,5.422278304780344,0.0188266106370642
500,500,N=n,1,53,0.0082644628099173,9.352106858489629,1.147842016773986,8.204264841715641,-0.0224472737961456
500,500,N=n,1,54,0.0082644628099173,8.473873971588818,0.9371554657154016,7.536718505873416,0.0246429421073952
500,500,N=n,1,55,0.0082644628099173,8.92713758478791,3.333965884829747,5.593171699958164,-0.0110441529286735
500,500,N=n,1,56,0.0082644628099173,9.5584530218961,1.685911837560616,7.872541184335484,-0.043271404059373
500,500,N=n,1,57,0.0082644628099173,8.436526788587557,1.137814749105504,7.298712039482053,0.1293057014461798
500,500,N=n,1,58,0.0082644628099173,7.401149102297985,1.3608443748485826,6.040304727449403,0.1213586195477752
500,500,N=n,1,59,0.0082644628099173,7.410651397523024,0.7502881309074974,6.660363266615526,0.0280625061303231
500,500,N=n,1,60,0.0082644628099173,6.924647761006361,0.7370958735485361,6.1875518874578255,-0.0725534271889702
500,500,N=n,1,61,0.0082644628099173,7.825943821248846,1.4940969671038955,6.331846854144951,-0.0216415022576558
500,500,N=n,1,62,0.0082644628099173,11.446815320080058,1.908295371946314,9.538519948133745,0.107784952628147
500,500,N=n,1,63,0.0082644628099173,7.4639010191604545,1.019902052427433,6.443998966733021,-0.0263935611939733
500,500,N=n,1,64,0.0082644628099173,7.92574783107983,0.5841527101925931,7.341595120887237,-0.0322372166429262
500,500,N=n,1,65,0.0082644628099173,8.540757352520535,1.9790888442138537,6.561668508306681,-0.0202394309148118
500,500,N=n,1,66,0.0082644628099173,7.732330820813695,1.880160639171532,5.852170181642164,-0.0080445400796585
500,500,N=n,1,67,0.0082644628099173,8.424415353790154,3.1258752009229336,5.29854015286722,0.0240807947285533
500,500,N=n,1,68,0.0082644628099173,7.654746493067168,1.61317792331688,6.041568569750288,-0.0361646102549697
500,500,N=n,1,69,0.0082644628099173,8.584952611439252,1.101728755207298,7.4832238562319535,-0.0034606401088466
500,500,N=n,1,70,0.0082644628099173,7.315798481715886,1.2855763266338551,6.030222155082031,-0.0503145091281356
500,500,N=n,1,71,0.0082644628099173,7.42868733947528,1.9488351669062625,5.479852172569017,0.0035257776989011
500,500,N=n,1,72,0.0082644628099173,7.934642204678853,1.6356368547091045,6.2990053499697485,-0.0336138697508428
500,500,N=n,1,73,0.0082644628099173,12.607252223075324,3.676755625570752,8.930496597504574,-0.1117570249632936
500,500,N=n,1,74,0.0082644628099173,8.315874308414354,0.6866514282884,7.629222880125954,-0.0117686086793332
500,500,N=n,1,75,0.0082644628099173,8.929171305709405,2.5076785492767897,6.421492756432615,-0.0244371622635639
500,500,N=n,1,76,0.0082644628099173,9.457309721466002,1.243458942874535,8.213850778591468,-0.0676780104469604
500,500,N=n,1,77,0.0082644628099173,7.833708720464062,1.1457908217065176,6.6879178987575445,0.0050480739329514
500,500,N=n,1,78,0.0082644628099173,8.277863956308728,1.077662314159291,7.2002016421494375,0.0153709054583154
500,500,N=n,1,79,0.0082644628099173,7.810450664982941,1.4750699391837971,6.335380725799144,0.0320889309468667
500,500,N=n,1,80,0.0082644628099173,7.919810112016523,1.237643674722551,6.682166437293972,0.0223826175893214
500,500,N=n,1,81,0.0082644628099173,12.279874365333686,2.3356913068043785,9.944183058529308,0.0243094580063747
500,500,N=n,1,82,0.0082644628099173,9.379258961393518,2.529725973124841,6.849532988268676,0.0973513467275147
500,500,N=n,1,83,0.0082644628099173,8.439494863108614,1.7956375388954997,6.643857324213114,-0.0591715308571199
500,500,N=n,1,84,0.0082644628099173,7.52892832841753,0.899983953337657,6.6289443750798736,-0.0597547973808652
500,500,N=n,1,85,0.0082644628099173,8.127629250575442,0.8598129726043581,7.267816277971084,0.0166334353003476
500,500,N=n,1,86,0.0082644628099173,8.19814228892449,2.276529216977514,5.921613071946977,0.0035360132232882
500,500,N=n,1,87,0.0082644628099173,8.239531948840847,0.9210533094472968,7.31847863939355,0.0372812481043819
500,500,N=n,1,88,0.0082644628099173,8.628558810634564,2.206032875882922,6.422525934751642,-0.0346498313386488
500,500,N=n,1,89,0.0082644628099173,8.31448649203573,1.2656503890326585,7.048836103003071,0.0016533884075987
500,500,N=n,1,90,0.0082644628099173,8.543343900716676,2.738823539764734,5.804520360951943,0.091570333999578
500,500,N=n,1,91,0.0082644628099173,8.795319823382277,1.2331346575804951,7.5621851658017825,-0.0701300414845266
500,500,N=n,1,92,0.0082644628099173,7.437495078501732,1.362254930586138,6.075240147915594,-0.1193572689388235
500,500,N=n,1,93,0.0082644628099173,11.871664260396786,1.921206141876094,9.950458118520691,-0.0093295897013243
500,500,N=n,1,94,0.0082644628099173,7.391160712431573,0.8318657955116272,6.559294916919946,0.0874861133525552
500,500,N=n,1,95,0.0082644628099173,11.376028615082118,1.5724395458563858,9.803589069225731,0.0133464325665935
500,500,N=n,1,96,0.0082644628099173,8.724067012343085,2.147557343553192,6.576509668789892,0.1074172356584725
500,500,N=n,1,97,0.0082644628099173,7.11569535564622,0.6568233996148714,6.458871956031349,-0.045709498420552
500,500,N=n,1,98,0.0082644628099173,7.835766017872686,0.7038726814630505,7.131893336409636,0.073345633514217
500,500,N=n,1,99,0.0082644628099173,7.4162587782578,1.1483629050371869,6.267895873220613,0.0955464517903529
500,500,N=n,1,100,0.0082644628099173,8.913096079975679,2.8214607813754715,6.091635298600207,0.0759268353654601
500,3107,N=n log(n),1,0,0.0513553719008264,6.489316648836684,0.7103762596169665,5.778940389219717,0.0746178768566056
500,3107,N=n log(n),1,1,0.0513553719008264,7.446664365417534,1.9664199092213677,5.480244456196166,-0.0116865665870568
500,3107,N=n log(n),1,2,0.0513553719008264,6.621558602626974,1.629627543911268,4.991931058715706,-0.0271488874756611
500,3107,N=n log(n),1,3,0.0513553719008264,7.334792954613338,2.3424164668138503,4.992376487799487,0.0185792971953977
500,3107,N=n log(n),1,4,0.0513553719008264,6.490346775562156,1.3146322596756708,5.175714515886485,0.0212116365956086
500,3107,N=n log(n),1,5,0.0513553719008264,6.6931517803360885,1.6946449122385168,4.9985068680975715,0.045632975548212
500,3107,N=n log(n),1,6,0.0513553719008264,6.436283704142595,0.9167062915925106,5.519577412550085,-0.0251852621134141
500,3107,N=n log(n),1,7,0.0513553719008264,6.540311044755818,0.9303636499021248,5.609947394853693,0.0078567051826939
500,3107,N=n log(n),1,8,0.0513553719008264,6.8433647799676764,1.0586877137592836,5.784677066208393,-0.0132968399830622
500,3107,N=n log(n),1,9,0.0513553719008264,6.487579000410267,0.9070312723005728,5.580547728109694,0.0139759720331079
500,3107,N=n log(n),1,10,0.0513553719008264,8.200103089288268,1.9942252868685928,6.205877802419675,0.0136315962289274
500,3107,N=n log(n),1,11,0.0513553719008264,6.165336268908014,0.9555076011470818,5.209828667760932,-0.0424896710631374
500,3107,N=n log(n),1,12,0.0513553719008264,6.436081010077209,1.6748750270842825,4.7612059829929265,0.0159785964701132
500,3107,N=n log(n),1,13,0.0513553719008264,5.846011076986492,1.590752640703445,4.255258436283047,0.012030394702803
500,3107,N=n log(n),1,14,0.0513553719008264,7.422581098264824,1.8150039705755407,5.607577127689283,0.0119218860550478
500,3107,N=n log(n),1,15,0.0513553719008264,6.562845333656506,1.124572692850156,5.438272640806351,-0.0378387776296401
500,3107,N=n log(n),1,16,0.0513553719008264,7.392019077625349,1.4214549305573492,5.970564147068,0.0395256247685377
500,3107,N=n log(n),1,17,0.0513553719008264,7.530615020115401,2.075629388172084,5.454985631943317,0.0012712788447613
500,3107,N=n log(n),1,18,0.0513553719008264,6.532143962688062,1.5101033944852966,5.022040568202765,0.0217113159668973
500,3107,N=n log(n),1,19,0.0513553719008264,6.728256733721529,1.8112956430223128,4.916961090699216,0.034605637906779
500,3107,N=n log(n),1,20,0.0513553719008264,7.400496343583217,1.9628166533197375,5.437679690263479,-0.1243580847641771
500,3107,N=n log(n),1,21,0.0513553719008264,6.591821599393606,1.0530259998113003,5.538795599582306,0.1779540564335058
500,3107,N=n log(n),1,22,0.0513553719008264,6.832252807519213,1.876702608634384,4.955550198884829,0.010867257755756
500,3107,N=n log(n),1,23,0.0513553719008264,7.086161470922519,1.5402707105532425,5.545890760369277,0.0136025827225785
500,3107,N=n log(n),1,24,0.0513553719008264,5.768957115200034,0.8614822951067291,4.907474820093305,-0.1604505249704328
500,3107,N=n log(n),1,25,0.0513553719008264,6.911515379421036,1.677383375527411,5.234132003893626,-0.0957362823621576
500,3107,N=n log(n),1,26,0.0513553719008264,6.806435403952446,2.065563616384657,4.740871787567789,0.0659391847359756
500,3107,N=n log(n),1,27,0.0513553719008264,8.013091987711334,3.3482315994565974,4.664860388254738,0.0124823666316812
500,3107,N=n log(n),1,28,0.0513553719008264,6.837068609786105,1.227257233629493,5.609811376156612,-0.0354962295885946
500,3107,N=n log(n),1,29,0.0513553719008264,6.371089822200811,1.4072673922305148,4.963822429970296,-0.1167401216850713
500,3107,N=n log(n),1,30,0.0513553719008264,6.972526283906835,1.8526723478940277,5.119853936012808,-0.128340003304545
500,3107,N=n log(n),1,31,0.0513553719008264,7.882088563468666,1.9154413161052328,5.966647247363433,-0.0010317280461423
500,3107,N=n log(n),1,32,0.0513553719008264,6.275689023200722,1.1338892784597805,5.141799744740942,0.0260887458303922
500,3107,N=n log(n),1,33,0.0513553719008264,7.171506526162977,1.4771181930716923,5.694388333091285,0.0717276658309411
500,3107,N=n log(n),1,34,0.0513553719008264,6.374914819009446,1.030476442417974,5.344438376591471,-0.0415983685129284
500,3107,N=n log(n),1,35,0.0513553719008264,7.6582339295597155,2.2760403896780583,5.382193539881657,-0.0510893729017071
500,3107,N=n log(n),1,36,0.0513553719008264,6.751485244091357,1.366092559299207,5.38539268479215,-0.0995612869610311
500,3107,N=n log(n),1,37,0.0513553719008264,6.900606755711527,1.9203521763826024,4.980254579328924,0.0494107949624927
500,3107,N=n log(n),1,38,0.0513553719008264,6.2499154426762065,1.1632619417422183,5.086653500933988,0.0491772099845929
500,3107,N=n log(n),1,39,0.0513553719008264,7.0891322091392635,1.5696116714889763,5.519520537650287,0.0081220049834359
500,3107,N=n log(n),1,40,0.0513553719008264,7.768921588029411,2.15796441430477,5.610957173724641,0.0032344123916257
500,3107,N=n log(n),1,41,0.0513553719008264,6.59098051283663,1.0150040096512107,5.575976503185419,0.0008341125605598
500,3107,N=n log(n),1,42,0.0513553719008264,6.992689622080891,2.2894000100453376,4.703289612035554,-0.0624966005403474
500,3107,N=n log(n),1,43,0.0513553719008264,6.3835603582312945,1.1388647149948548,5.24469564323644,0.0874925206235275
500,3107,N=n log(n),1,44,0.0513553719008264,6.974281461056079,1.5730512639257954,5.401230197130284,-0.0432374498018512
500,3107,N=n log(n),1,45,0.0513553719008264,6.597904655984173,1.219127691043088,5.3787769649410855,-0.0148068945279319
500,3107,N=n log(n),1,46,0.0513553719008264,6.0513134367370895,1.2817699291633764,4.769543507573713,-0.0381989036059614
500,3107,N=n log(n),1,47,0.0513553719008264,7.149350518840244,1.211974478047926,5.9373760407923175,-0.0574910067705133
500,3107,N=n log(n),1,48,0.0513553719008264,6.531732452579825,1.0978478396951514,5.433884612884674,-0.045308347364629
500,3107,N=n log(n),1,49,0.0513553719008264,7.029341778934146,1.475035814434841,5.554305964499305,-0.1120866014906366
500,3107,N=n log(n),1,50,0.0513553719008264,7.84898443476827,2.3789243562697937,5.470060078498476,0.0854017962449287
500,3107,N=n log(n),1,51,0.0513553719008264,7.431855409696608,1.7886858193409805,5.643169590355627,0.0232186846333344
500,3107,N=n log(n),1,52,0.0513553719008264,6.738835259607838,2.2337666704514474,4.505068589156391,-0.0445955834760686
500,3107,N=n log(n),1,53,0.0513553719008264,6.711224711873987,1.3439149976932427,5.367309714180744,0.1011097106697968
500,3107,N=n log(n),1,54,0.0513553719008264,7.312737192482822,1.3386888951653306,5.974048297317491,0.0189532346845504
500,3107,N=n log(n),1,55,0.0513553719008264,7.267065277524168,1.8532541524710224,5.4138111250531455,-0.0313202766732673
500,3107,N=n log(n),1,56,0.0513553719008264,7.051348796345144,1.491280897314736,5.5600678990304075,-0.0616346834904202
500,3107,N=n log(n),1,57,0.0513553719008264,7.142110065769402,1.626117365218806,5.515992700550596,-0.0398127789495934
500,3107,N=n log(n),1,58,0.0513553719008264,8.50066949592631,3.5180343875465763,4.982635108379734,0.0486217990582849
500,3107,N=n log(n),1,59,0.0513553719008264,6.518556712476945,1.253404936769369,5.265151775707577,-0.0982425771602736
500,3107,N=n log(n),1,60,0.0513553719008264,6.007848111358062,0.9225229222530372,5.085325189105025,0.0117029927840452
500,3107,N=n log(n),1,61,0.0513553719008264,7.292329551907473,2.0312845824565486,5.261044969450925,-0.0652057056179179
500,3107,N=n log(n),1,62,0.0513553719008264,7.465057873005695,2.002898105108703,5.462159767896992,0.0678417155525575
500,3107,N=n log(n),1,63,0.0513553719008264,6.860108672331372,1.8084447285103689,5.051663943821003,0.0058514758834954
500,3107,N=n log(n),1,64,0.0513553719008264,6.946360007195961,1.3121183293873555,5.634241677808605,-0.014292865393464
500,3107,N=n log(n),1,65,0.0513553719008264,7.317322458468134,1.6340966907215146,5.683225767746619,0.0798106350731857
500,3107,N=n log(n),1,66,0.0513553719008264,7.1393182957678665,2.431597946752969,4.707720349014898,-0.0194458487607779
500,3107,N=n log(n),1,67,0.0513553719008264,8.518081145667816,3.236667937268472,5.281413208399345,-0.0027008701617142
500,3107,N=n log(n),1,68,0.0513553719008264,6.678818710384361,2.1518445931402197,4.526974117244141,-0.096123118710784
500,3107,N=n log(n),1,69,0.0513553719008264,6.807249222810633,0.6485440273762628,6.15870519543437,-0.0190727768078102
500,3107,N=n log(n),1,70,0.0513553719008264,6.4883182600381355,2.097477351021623,4.390840909016513,-0.041635443413357
500,3107,N=n log(n),1,71,0.0513553719008264,6.97431179312478,1.5332419908583788,5.4410698022664015,0.0773085156424974
500,3107,N=n log(n),1,72,0.0513553719008264,6.792550452724649,1.580530811112942,5.2120196416117075,0.1131790583657429
500,3107,N=n log(n),1,73,0.0513553719008264,8.487081330562981,4.001443097405025,4.485638233157957,-0.0574698258512267
500,3107,N=n log(n),1,74,0.0513553719008264,6.518395111678609,1.2114615855265265,5.306933526152083,-0.0809403313814586
500,3107,N=n log(n),1,75,0.0513553719008264,6.280921053655007,1.397845015782058,4.883076037872949,-0.0478600785454661
500,3107,N=n log(n),1,76,0.0513553719008264,7.1533801175372425,1.3711283268976495,5.7822517906395925,0.0774565087017946
500,3107,N=n log(n),1,77,0.0513553719008264,6.622233902114681,1.750041086575974,4.872192815538707,0.0733254936181415
500,3107,N=n log(n),1,78,0.0513553719008264,7.563150856058536,2.091331383013903,5.471819473044634,-0.0668371719307121
500,3107,N=n log(n),1,79,0.0513553719008264,7.822720457562435,2.627939351124975,5.19478110643746,-0.0682339599780285
500,3107,N=n log(n),1,80,0.0513553719008264,8.748537440175296,2.7998801881494804,5.948657252025815,-0.0324910471821408
500,3107,N=n log(n),1,81,0.0513553719008264,6.196073075398436,1.0704273092604135,5.125645766138023,0.1610274069512158
500,3107,N=n log(n),1,82,0.0513553719008264,5.655361220956256,0.7805691142423106,4.8747921067139455,0.0953246655097228
500,3107,N=n log(n),1,83,0.0513553719008264,8.048145923186066,2.627877648966783,5.420268274219284,-0.100589318207409
500,3107,N=n log(n),1,84,0.0513553719008264,6.187954621757201,1.0807808383793909,5.10717378337781,0.0168622612408997
500,3107,N=n log(n),1,85,0.0513553719008264,7.196733321696394,1.5069340645707414,5.689799257125653,-0.0619387084113112
500,3107,N=n log(n),1,86,0.0513553719008264,8.253001209690417,3.075626658348734,5.177374551341684,0.0257029302419669
500,3107,N=n log(n),1,87,0.0513553719008264,7.496577480831337,1.0377414647003005,6.458836016131037,0.0077336899531295
500,3107,N=n log(n),1,88,0.0513553719008264,6.7093616977796575,1.78842973701951,4.920931960760147,0.0376233525949541
500,3107,N=n log(n),1,89,0.0513553719008264,7.582890757046566,1.2804631748173003,6.3024275822292655,0.0406605683523231
500,3107,N=n log(n),1,90,0.0513553719008264,8.07481825939953,2.682943704780551,5.391874554618979,0.0467572749182884
500,3107,N=n log(n),1,91,0.0513553719008264,7.016780587003766,2.561839052972111,4.454941534031655,-0.0790395079760369
500,3107,N=n log(n),1,92,0.0513553719008264,6.423758896568558,2.1938709368875715,4.229887959680987,0.0450876916042044
500,3107,N=n log(n),1,93,0.0513553719008264,7.035286016523143,2.145607159172249,4.889678857350894,-0.0495412298915167
500,3107,N=n log(n),1,94,0.0513553719008264,6.965204813010911,1.4312985447054924,5.533906268305419,0.048520316187513
500,3107,N=n log(n),1,95,0.0513553719008264,5.799328326764072,1.1882115690820596,4.611116757682012,0.0773620736974459
500,3107,N=n log(n),1,96,0.0513553719008264,7.196438760319436,2.0840752557804536,5.112363504538983,0.0639997933618287
500,3107,N=n log(n),1,97,0.0513553719008264,6.522277748500574,0.8669435056862331,5.655334242814341,0.0757401907698858
500,3107,N=n log(n),1,98,0.0513553719008264,6.597269410545314,1.3606346511896017,5.236634759355712,0.0428514883937913
500,3107,N=n log(n),1,99,0.0513553719008264,6.614448884110609,1.0246041909120498,5.589844693198559,-0.0194316430115096
500,3107,N=n log(n),1,100,0.0513553719008264,6.6680841577306715,1.513293052199015,5.154791105531656,-0.0502604748105385
500,11180,N=n^(3/2),1,0,0.184793388429752,3.967366782394296,0.3076083976634639,3.659758384730832,0.0497236686069693
500,11180,N=n^(3/2),1,1,0.184793388429752,6.024201674335501,1.1340764821976008,4.8901251921379005,0.0371693544730774
500,11180,N=n^(3/2),1,2,0.184793388429752,4.311448012873761,0.4872529883082721,3.8241950245654888,0.0141178530318918
500,11180,N=n^(3/2),1,3,0.184793388429752,4.9646281729846296,0.9396819264430726,4.024946246541557,0.035173835528785
500,11180,N=n^(3/2),1,4,0.184793388429752,4.540208273417017,0.546771717179859,3.9934365562371577,0.1957058657979818
500,11180,N=n^(3/2),1,5,0.184793388429752,4.4201749991410075,0.8271338282926486,3.593041170848359,0.0638206432071654
500,11180,N=n^(3/2),1,6,0.184793388429752,4.73896356078785,0.6241662024167173,4.114797358371133,0.0218173755419396
500,11180,N=n^(3/2),1,7,0.184793388429752,4.621413250007509,0.463022886952281,4.158390363055228,0.0255514335290503
500,11180,N=n^(3/2),1,8,0.184793388429752,4.081803426651415,0.1706212905057531,3.911182136145662,-0.0656311954058922
500,11180,N=n^(3/2),1,9,0.184793388429752,4.51240595586257,0.523951315303729,3.9884546405588406,0.0108683358668889
500,11180,N=n^(3/2),1,10,0.184793388429752,4.477829629373206,0.7786649021821679,3.6991647271910377,0.0577063748069743
500,11180,N=n^(3/2),1,11,0.184793388429752,4.153327933438847,0.3554894186761516,3.797838514762695,-0.0602645392654793
500,11180,N=n^(3/2),1,12,0.184793388429752,4.353876468731678,0.2940888233514466,4.059787645380231,-0.0303405670703589
500,11180,N=n^(3/2),1,13,0.184793388429752,4.547652603607308,1.179564384753415,3.3680882188538934,-0.0636861562874205
500,11180,N=n^(3/2),1,14,0.184793388429752,5.056415744743629,1.2805357906069608,3.775879954136668,-0.0731968287506469
500,11180,N=n^(3/2),1,15,0.184793388429752,4.246524987255825,0.6801631539862572,3.5663618332695677,0.1013649246569235
500,11180,N=n^(3/2),1,16,0.184793388429752,4.451443068378006,0.6519736177347697,3.799469450643236,-0.0001510168867281
500,11180,N=n^(3/2),1,17,0.184793388429752,5.0464874654846055,0.9647982786692536,4.0816891868153515,-0.0116982608045647
500,11180,N=n^(3/2),1,18,0.184793388429752,4.975440430601861,1.2071965273309364,3.7682439032709247,-0.0313882721183318
500,11180,N=n^(3/2),1,19,0.184793388429752,5.342591472262498,1.4949362824507295,3.847655189811769,-0.0699741053576168
500,11180,N=n^(3/2),1,20,0.184793388429752,3.8751320696971705,0.0423808692609348,3.832751200436235,-0.0523419453395477
500,11180,N=n^(3/2),1,21,0.184793388429752,4.058370977095803,0.2377445008014386,3.8206264762943647,0.0308971572356238
500,11180,N=n^(3/2),1,22,0.184793388429752,3.900558119138316,0.6348192512340478,3.2657388679042683,-0.0321407963928793
500,11180,N=n^(3/2),1,23,0.184793388429752,4.20247291681875,0.6688073938571162,3.533665522961634,0.0004600310383935
500,11180,N=n^(3/2),1,24,0.184793388429752,3.84926511314208,0.2620405040957387,3.5872246090463413,-0.0852022567877142
500,11180,N=n^(3/2),1,25,0.184793388429752,3.6777933224613113,0.2128813693905204,3.464911953070791,0.019475924695636
500,11180,N=n^(3/2),1,26,0.184793388429752,5.201202766118912,1.4763793503908351,3.7248234157280766,0.0586629265717278
500,11180,N=n^(3/2),1,27,0.184793388429752,4.124324836230806,0.9482691409511236,3.1760556952796826,-0.0027605602920078
500,11180,N=n^(3/2),1,28,0.184793388429752,4.954220949922931,0.909395850305898,4.044825099617033,-0.0555451843357478
500,11180,N=n^(3/2),1,29,0.184793388429752,4.338906190733013,0.5892330425043755,3.749673148228638,-0.0140900329573099
500,11180,N=n^(3/2),1,30,0.184793388429752,3.962416737685799,0.2183081596260001,3.744108578059799,-0.0019589793608953
500,11180,N=n^(3/2),1,31,0.184793388429752,4.6918169882201095,0.7488200632666087,3.9429969249535017,0.0204846822244949
500,11180,N=n^(3/2),1,32,0.184793388429752,4.679570586966976,0.8150176261566124,3.864552960810365,-0.0261761737192838
500,11180,N=n^(3/2),1,33,0.184793388429752,4.791438822807863,0.548164159703366,4.243274663104497,0.0148903657618986
500,11180,N=n^(3/2),1,34,0.184793388429752,4.08009486529938,0.5097631591809147,3.5703317061184645,0.0061038658482723
500,11180,N=n^(3/2),1,35,0.184793388429752,4.090794187012401,1.0883143084982048,3.0024798785141957,0.0530307171864838
500,11180,N=n^(3/2),1,36,0.184793388429752,4.686786221897071,0.9360617735364436,3.750724448360628,-0.0097488636872566
500,11180,N=n^(3/2),1,37,0.184793388429752,4.494641135473675,0.9365208864235294,3.5581202490501456,-0.075116398710618
500,11180,N=n^(3/2),1,38,0.184793388429752,4.3592314775833465,0.5824939807123707,3.776737496870976,0.0134238219513844
500,11180,N=n^(3/2),1,39,0.184793388429752,3.9037104559005713,0.3097431365871608,3.5939673193134105,-0.118563220628001
500,11180,N=n^(3/2),1,40,0.184793388429752,4.653617782910022,1.4032248588185694,3.250392924091453,-0.0396633578985946
500,11180,N=n^(3/2),1,41,0.184793388429752,3.9880751006871376,0.2071020319889309,3.7809730686982066,-0.0446960471769752
500,11180,N=n^(3/2),1,42,0.184793388429752,4.551963054128709,0.9732868487886012,3.578676205340108,0.0412682064160111
500,11180,N=n^(3/2),1,43,0.184793388429752,4.737812544541017,1.0776455520003636,3.6601669925406535,0.0480715227321329
500,11180,N=n^(3/2),1,44,0.184793388429752,4.253757974136475,0.2410343589547619,4.012723615181713,-0.0137962389133146
500,11180,N=n^(3/2),1,45,0.184793388429752,4.246637907632947,0.4348832827829876,3.81175462484996,-0.043007495080389
500,11180,N=n^(3/2),1,46,0.184793388429752,3.499801532369944,0.3040070184582454,3.1957945139116983,0.0024801269229263
500,11180,N=n^(3/2),1,47,0.184793388429752,3.7737120986440353,0.1037762275893194,3.669935871054716,0.0645914129049915
500,11180,N=n^(3/2),1,48,0.184793388429752,4.871099755623828,0.6348202113564896,4.236279544267338,-0.0050833218526416
500,11180,N=n^(3/2),1,49,0.184793388429752,4.133020501355706,0.4656747371892181,3.667345764166488,0.0318451228826478
500,11180,N=n^(3/2),1,50,0.184793388429752,4.375412731725842,0.5112741507849323,3.86413858094091,-0.0109506735444441
500,11180,N=n^(3/2),1,51,0.184793388429752,4.366455075167956,0.8480704866080004,3.5183845885599556,-0.0376018474419796
500,11180,N=n^(3/2),1,52,0.184793388429752,3.634459125657896,0.5332177239031995,3.101241401754696,-0.0629488776879062
500,11180,N=n^(3/2),1,53,0.184793388429752,4.279002467724727,0.4884799960666677,3.790522471658059,-0.0685385822652519
500,11180,N=n^(3/2),1,54,0.184793388429752,4.321641708539793,0.4918703088157318,3.829771399724061,-0.002129495792427
500,11180,N=n^(3/2),1,55,0.184793388429752,4.834013927181148,1.1349923848829309,3.699021542298217,-0.0268314195249215
500,11180,N=n^(3/2),1,56,0.184793388429752,3.8797610628832695,0.4027222447737895,3.47703881810948,-0.0608234638497683
500,11180,N=n^(3/2),1,57,0.184793388429752,4.271751836959523,0.4720274283494163,3.799724408610107,0.0614097750598112
500,11180,N=n^(3/2),1,58,0.184793388429752,3.825483027601187,0.4790145661029847,3.346468461498202,0.0136078316877668
500,11180,N=n^(3/2),1,59,0.184793388429752,4.144978523784159,0.2929788370117203,3.851999686772439,0.0546374071085891
500,11180,N=n^(3/2),1,60,0.184793388429752,5.74664841669669,1.5934464271619933,4.153201989534697,0.0772623021888297
500,11180,N=n^(3/2),1,61,0.184793388429752,4.424505826638431,0.5253765327286606,3.8991292939097706,0.0141899123693944
500,11180,N=n^(3/2),1,62,0.184793388429752,4.608201510135142,0.8716720972028197,3.736529412932323,-0.0063837584966111
500,11180,N=n^(3/2),1,63,0.184793388429752,4.233035751881961,0.4363694170354639,3.7966663348464977,0.0264245833517057
500,11180,N=n^(3/2),1,64,0.184793388429752,4.33561307854102,0.8233960401030053,3.512217038438015,0.025351834822957
500,11180,N=n^(3/2),1,65,0.184793388429752,5.297522442652611,0.8483046524893952,4.449217790163216,-0.0207872451762802
500,11180,N=n^(3/2),1,66,0.184793388429752,5.0039744106406605,1.2659234305356897,3.738050980104971,0.0190490181387552
500,11180,N=n^(3/2),1,67,0.184793388429752,6.107500212625986,2.850552695563882,3.2569475170621036,0.0899450127900514
500,11180,N=n^(3/2),1,68,0.184793388429752,4.579894224684033,1.31587669161897,3.2640175330650623,0.0552262318358373
500,11180,N=n^(3/2),1,69,0.184793388429752,5.99613806651883,1.832863641141071,4.163274425377759,0.0530521137552583
500,11180,N=n^(3/2),1,70,0.184793388429752,4.673289852386244,0.944064778121702,3.7292250742645416,0.0286322895371229
500,11180,N=n^(3/2),1,71,0.184793388429752,4.848818783436019,1.2134625108057937,3.635356272630225,0.0035022080044902
500,11180,N=n^(3/2),1,72,0.184793388429752,4.960413094823591,1.6286366901208875,3.331776404702703,0.0087974493336974
500,11180,N=n^(3/2),1,73,0.184793388429752,4.815561227813984,1.8817911460510397,2.933770081762945,0.0420853298412578
500,11180,N=n^(3/2),1,74,0.184793388429752,4.099907446949232,0.2513538197449959,3.848553627204236,0.0899293416517069
500,11180,N=n^(3/2),1,75,0.184793388429752,4.098027074819644,0.7056532911721898,3.3923737836474537,0.0669124757618555
500,11180,N=n^(3/2),1,76,0.184793388429752,4.619946762544371,0.943318263315016,3.676628499229355,-0.0778328464448759
500,11180,N=n^(3/2),1,77,0.184793388429752,4.196184035647812,0.5036548686131536,3.6925291670346585,-0.08460484280407
500,11180,N=n^(3/2),1,78,0.184793388429752,4.286019826125215,0.4726907584209593,3.813329067704256,0.0678007660740348
500,11180,N=n^(3/2),1,79,0.184793388429752,5.265749583459924,1.2751097529679527,3.990639830491972,-0.0029357938157435
500,11180,N=n^(3/2),1,80,0.184793388429752,4.074510544319807,0.4476523952193334,3.6268581491004737,0.0738464428277705
500,11180,N=n^(3/2),1,81,0.184793388429752,4.590009373990735,0.664907606965291,3.925101767025444,-0.1239240044560545
500,11180,N=n^(3/2),1,82,0.184793388429752,3.8299040489410623,0.1564212879119717,3.673482761029091,0.0717413341571656
500,11180,N=n^(3/2),1,83,0.184793388429752,4.2046538368396,0.4222949660287719,3.782358870810828,-0.0378266715970154
500,11180,N=n^(3/2),1,84,0.184793388429752,4.3016808740461885,0.4484644436656969,3.853216430380492,0.0191814162024549
500,11180,N=n^(3/2),1,85,0.184793388429752,4.749670685267769,0.5103085917432173,4.2393620935245515,0.0014459600216284
500,11180,N=n^(3/2),1,86,0.184793388429752,4.77936332496311,1.1215365835806863,3.657826741382423,0.0128289611487688
500,11180,N=n^(3/2),1,87,0.184793388429752,4.839066700108044,0.7092442295873708,4.129822470520674,-0.0235898844503096
500,11180,N=n^(3/2),1,88,0.184793388429752,5.458550857019566,2.324904669809057,3.133646187210509,0.0714352667183652
500,11180,N=n^(3/2),1,89,0.184793388429752,5.545330265506394,1.48341547491701,4.061914790589383,0.0049511958306744
500,11180,N=n^(3/2),1,90,0.184793388429752,4.550217621696331,0.7257098730624333,3.8245077486338976,0.0009063684249319
500,11180,N=n^(3/2),1,91,0.184793388429752,3.8825149173568247,1.0860006027322948,2.79651431462453,0.0792719339244146
500,11180,N=n^(3/2),1,92,0.184793388429752,5.37445177875468,1.575680442080528,3.798771336674152,-0.0659335046275002
500,11180,N=n^(3/2),1,93,0.184793388429752,4.4411823394520615,0.7109560056868174,3.730226333765244,-0.0116845231816523
500,11180,N=n^(3/2),1,94,0.184793388429752,4.532170697169003,0.6743056899915316,3.8578650071774714,-0.0577851224921319
500,11180,N=n^(3/2),1,95,0.184793388429752,4.506564100609028,0.6952920123591313,3.811272088249897,-0.0322132704098654
500,11180,N=n^(3/2),1,96,0.184793388429752,5.72555604444678,2.1939011907118986,3.5316548537348806,-0.0217445168923962
500,11180,N=n^(3/2),1,97,0.184793388429752,4.4639017690284435,0.4950399387245931,3.96886183030385,0.0194189350587703
500,11180,N=n^(3/2),1,98,0.184793388429752,4.024759930470321,0.2875621249786618,3.7371978054916593,0.0287610785214799
500,11180,N=n^(3/2),1,99,0.184793388429752,3.833460606605537,0.777344923163636,3.0561156834419005,0.0007244451525108
500,11180,N=n^(3/2),1,100,0.184793388429752,4.058137613796505,0.498421706638353,3.559715907158152,-0.0615348701502832
500,250000,N=n^2,1,0,4.132231404958677,2.6971908657227206,0.3686984314177794,2.328492434304941,0.0119338183991161
500,250000,N=n^2,1,1,4.132231404958677,4.268177967178497,1.5766494658034418,2.691528501375055,-0.0082982634565937
500,250000,N=n^2,1,2,4.132231404958677,2.6707352138021347,0.158849756113386,2.5118854576887486,0.0465070808844995
500,250000,N=n^2,1,3,4.132231404958677,2.32185081511451,0.4361333312207321,1.885717483893778,0.0445693086606576
500,250000,N=n^2,1,4,4.132231404958677,2.2905148710540866,0.2160054014130714,2.074509469641015,-0.0096804481814958
500,250000,N=n^2,1,5,4.132231404958677,2.932830083896342,0.3853160884717187,2.547513995424623,-0.0135067625110024
500,250000,N=n^2,1,6,4.132231404958677,2.8719903527821486,0.6616200638132896,2.210370288968859,-0.0599974849572662
500,250000,N=n^2,1,7,4.132231404958677,3.4771068447143296,0.3121537914240146,3.164953053290315,0.045219439070687
500,250000,N=n^2,1,8,4.132231404958677,2.925059145995926,0.1614610786736238,2.7635980673223024,0.0093591686571649
500,250000,N=n^2,1,9,4.132231404958677,2.121626343685677,0.0209360906281995,2.100690253057478,-0.0441369437066206
500,250000,N=n^2,1,10,4.132231404958677,2.6764873125501563,0.5980224768968154,2.0784648356533406,-0.040257003077812
500,250000,N=n^2,1,11,4.132231404958677,2.6991026341304947,0.326705569326399,2.3723970648040957,0.0542078950811746
500,250000,N=n^2,1,12,4.132231404958677,2.147992863378851,0.3764744004767541,1.7715184629020977,-0.0477728578803398
500,250000,N=n^2,1,13,4.132231404958677,2.1656207140607053,0.5660383523825037,1.599582361678202,-0.047582221460021
500,250000,N=n^2,1,14,4.132231404958677,2.1207004310441793,0.340940271107536,1.779760159936643,0.0386172557154677
500,250000,N=n^2,1,15,4.132231404958677,3.0119427931320875,0.6749134379906343,2.3370293551414534,-0.1023237127961559
500,250000,N=n^2,1,16,4.132231404958677,2.8313863910895525,0.6457409341886433,2.185645456900909,-0.0341975213268954
500,250000,N=n^2,1,17,4.132231404958677,2.8439790865857404,0.2360793743605762,2.607899712225164,0.0184952446078036
500,250000,N=n^2,1,18,4.132231404958677,3.3771457033148025,0.8021744613265129,2.5749712419882895,-0.0711329883988801
500,250000,N=n^2,1,19,4.132231404958677,3.041884967149432,1.286889661213202,1.7549953059362302,-0.0116321499954449
500,250000,N=n^2,1,20,4.132231404958677,3.636856940383917,0.3749632013696722,3.261893739014244,0.0504674655187068
500,250000,N=n^2,1,21,4.132231404958677,2.9381331818906062,0.4725280274240828,2.465605154466523,-0.1035369009540068
500,250000,N=n^2,1,22,4.132231404958677,2.6782150307568084,0.6445438554031495,2.0336711753536587,0.0822971729960192
500,250000,N=n^2,1,23,4.132231404958677,2.561778375758899,0.6703588926222815,1.8914194831366176,-0.0510129857854758
500,250000,N=n^2,1,24,4.132231404958677,3.2432821097641793,0.4258634366699271,2.8174186730942523,-0.058710273379795
500,250000,N=n^2,1,25,4.132231404958677,4.768611701350128,0.567534882589428,4.2010768187607,0.0992052137702392
500,250000,N=n^2,1,26,4.132231404958677,2.9500418796407386,1.2308471633887352,1.7191947162520034,0.0368511413076616
500,250000,N=n^2,1,27,4.132231404958677,4.5450826088535345,1.5341779975419785,3.010904611311556,0.0149579159304903
500,250000,N=n^2,1,28,4.132231404958677,3.186487783411562,1.2937748315284494,1.8927129518831125,-0.0297148337798687
500,250000,N=n^2,1,29,4.132231404958677,2.109810021456606,0.2033677968709966,1.906442224585609,-0.0344789948676606
500,250000,N=n^2,1,30,4.132231404958677,2.240453273737123,0.0777135463143913,2.162739727422732,0.0162338638930612
500,250000,N=n^2,1,31,4.132231404958677,3.034719838046608,0.8865751317319586,2.1481447063146497,0.0685129978470483
500,250000,N=n^2,1,32,4.132231404958677,3.2545455434112425,0.6446032330437736,2.609942310367469,-0.0183464956292183
500,250000,N=n^2,1,33,4.132231404958677,2.3020051219913733,0.1988903696241383,2.103114752367235,0.048674660928865
500,250000,N=n^2,1,34,4.132231404958677,2.3115976183453903,0.1171191810663453,2.194478437279045,0.0272181929955015
500,250000,N=n^2,1,35,4.132231404958677,1.988919415742272,0.176910498681721,1.812008917060551,0.0704014893804734
500,250000,N=n^2,1,36,4.132231404958677,3.237575056748917,1.848900334235432,1.3886747225134854,-0.0101193786946016
500,250000,N=n^2,1,37,4.132231404958677,3.7797318883261473,0.9956704126643092,2.7840614756618383,0.083253941777221
500,250000,N=n^2,1,38,4.132231404958677,2.456808531867649,0.1712315182013649,2.285577013666284,0.0215665573049242
500,250000,N=n^2,1,39,4.132231404958677,2.7236160997255077,1.106989957119609,1.6166261426058988,-0.0054317625885425
500,250000,N=n^2,1,40,4.132231404958677,2.1840248798973843,0.2080215189049142,1.97600336099247,0.0460516282255134
500,250000,N=n^2,1,41,4.132231404958677,2.559767333668096,0.1868460071397682,2.372921326528328,0.0300951843726947
500,250000,N=n^2,1,42,4.132231404958677,3.67867936113504,1.4074403216208158,2.2712390395142243,-0.0473674827942121
500,250000,N=n^2,1,43,4.132231404958677,2.0860302651676035,0.1930252693677489,1.8930049957998545,0.0429948957346379
500,250000,N=n^2,1,44,4.132231404958677,2.7027393944363975,0.3211851673076077,2.38155422712879,-0.0776388515785562
500,250000,N=n^2,1,45,4.132231404958677,2.5086820679108417,0.3417289523803093,2.166953115530532,-0.0392294564657883
500,250000,N=n^2,1,46,4.132231404958677,3.163060120493587,0.5483695014363987,2.614690619057188,0.0337584835740402
500,250000,N=n^2,1,47,4.132231404958677,2.306893424424442,0.3180491995127024,1.9888442249117393,0.005184481623045
500,250000,N=n^2,1,48,4.132231404958677,2.5426597538120568,0.0405549318919666,2.5021048219200903,0.0379416519376451
500,250000,N=n^2,1,49,4.132231404958677,3.864590595440648,0.7156953986132137,3.148895196827434,0.0283660674363544
500,250000,N=n^2,1,50,4.132231404958677,2.5590065970743225,0.5054364448511282,2.0535701522231946,-0.0716461072386641
500,250000,N=n^2,1,51,4.132231404958677,2.866021348444388,1.316752811482111,1.549268536962277,-0.0422377018489142
500,250000,N=n^2,1,52,4.132231404958677,2.3395194135027344,0.4372945279825206,1.902224885520214,-0.0292180023655353
500,250000,N=n^2,1,53,4.132231404958677,2.452215707189509,0.3255134336334745,2.1267022735560346,0.0192895755398479
500,250000,N=n^2,1,54,4.132231404958677,2.520623086654733,0.1980166963107744,2.3226063903439584,-0.1142189285089644
500,250000,N=n^2,1,55,4.132231404958677,2.115336399165096,0.1770879593735954,1.9382484397915007,0.0152946986617176
500,250000,N=n^2,1,56,4.132231404958677,2.5268530119001182,0.477981098423384,2.0488719134767344,0.0025361132403803
500,250000,N=n^2,1,57,4.132231404958677,3.432615333721231,1.5880163562740148,1.844598977447216,-0.0190545639147456
500,250000,N=n^2,1,58,4.132231404958677,3.038645670176494,1.1385929374585024,1.9000527327179917,-0.1505359988450132
500,250000,N=n^2,1,59,4.132231404958677,2.110365797191883,0.1485783404279701,1.961787456763913,0.0239147087726169
500,250000,N=n^2,1,60,4.132231404958677,2.2157454974897552,0.4916106186855727,1.7241348788041826,0.0260773662345184
500,250000,N=n^2,1,61,4.132231404958677,3.7794199810777185,0.7548596806122985,3.02456030046542,0.0217229477759971
500,250000,N=n^2,1,62,4.132231404958677,2.291100703958869,0.1543063048214861,2.136794399137383,-0.0080257165580371
500,250000,N=n^2,1,63,4.132231404958677,2.210958187914026,0.1202537218626605,2.090704466051365,0.0234881911808594
500,250000,N=n^2,1,64,4.132231404958677,3.363741436941736,0.891332573376949,2.4724088635647874,0.1468064722781294
500,250000,N=n^2,1,65,4.132231404958677,2.112719297058339,0.0445327087551969,2.068186588303142,-0.0832116004084955
500,250000,N=n^2,1,66,4.132231404958677,2.6432510938085403,0.3414357063387467,2.3018153874697935,0.0476704361786537
500,250000,N=n^2,1,67,4.132231404958677,2.5160546185450956,0.9412518072428664,1.574802811302229,-0.1511314758616626
500,250000,N=n^2,1,68,4.132231404958677,2.422258176702651,0.1442607689732868,2.277997407729364,-0.0303921511747434
500,250000,N=n^2,1,69,4.132231404958677,3.2872001727992513,1.667097314025796,1.6201028587734552,-0.1038783417998917
500,250000,N=n^2,1,70,4.132231404958677,2.888881231821025,0.8936597710376679,1.9952214607833572,-0.0318600143973449
500,250000,N=n^2,1,71,4.132231404958677,2.2089825053149745,0.6608106035672139,1.5481719017477609,-0.0144993527909733
500,250000,N=n^2,1,72,4.132231404958677,2.186761936004922,0.4161051344738103,1.7706568015311124,-0.0245317726771496
500,250000,N=n^2,1,73,4.132231404958677,3.728304489237056,2.0904685432156143,1.6378359460214416,0.0280569979000195
500,250000,N=n^2,1,74,4.132231404958677,1.8311267131790143,0.0230159730063257,1.8081107401726888,-0.0176952131386937
500,250000,N=n^2,1,75,4.132231404958677,2.274571450068033,0.2489803880451356,2.0255910620228974,-0.0670400314746272
500,250000,N=n^2,1,76,4.132231404958677,2.542906172999432,0.5371151220636178,2.005791050935814,-0.0196881313602311
500,250000,N=n^2,1,77,4.132231404958677,2.360556609628383,0.2372835002268578,2.123273109401526,0.061354836087939
500,250000,N=n^2,1,78,4.132231404958677,2.3114109205829054,0.1203603261548139,2.1910505944280914,-0.0468654390111024
500,250000,N=n^2,1,79,4.132231404958677,4.217833669362026,2.5176216376621277,1.7002120316998983,-0.0525958626491938
500,250000,N=n^2,1,80,4.132231404958677,3.913570410936087,1.0900276590517597,2.823542751884327,-0.0030896612451911
500,250000,N=n^2,1,81,4.132231404958677,3.255482849395509,0.7796015145273993,2.4758813348681095,0.0370682490017632
500,250000,N=n^2,1,82,4.132231404958677,2.1395432656448827,0.1208794033821414,2.0186638622627413,0.0026900799030683
500,250000,N=n^2,1,83,4.132231404958677,3.4167830266468924,0.87450437149059,2.542278655156302,-0.0462774515967212
500,250000,N=n^2,1,84,4.132231404958677,2.1741349972231663,0.3726764207617255,1.8014585764614408,0.0589556577219921
500,250000,N=n^2,1,85,4.132231404958677,2.546538754554515,0.2636685041297057,2.282870250424809,0.0092801588903055
500,250000,N=n^2,1,86,4.132231404958677,2.475599506346843,0.2317197258238494,2.2438797805229935,-0.0602350734063164
500,250000,N=n^2,1,87,4.132231404958677,2.43896189762156,0.5917544292641332,1.8472074683574269,-0.0660216840274929
500,250000,N=n^2,1,88,4.132231404958677,2.634332000648568,0.8149022169175668,1.8194297837310016,-0.055180825871611
500,250000,N=n^2,1,89,4.132231404958677,2.9071824972275246,1.0196443599744078,1.8875381372531168,-0.0026442622482837
500,250000,N=n^2,1,90,4.132231404958677,2.80951244311733,0.5098032919685422,2.2997091511487877,0.022479114690048
500,250000,N=n^2,1,91,4.132231404958677,2.63114071970789,0.3108457095345179,2.320295010173372,-0.0369605807561756
500,250000,N=n^2,1,92,4.132231404958677,2.7585716845770514,1.0773730240357833,1.681198660541268,0.0511935326960125
500,250000,N=n^2,1,93,4.132231404958677,3.18378271083923,0.4298923645551973,2.7538903462840327,-0.005437658804644
500,250000,N=n^2,1,94,4.132231404958677,4.8166947421778445,1.746645944890396,3.0700487972874484,-0.0532192284588126
500,250000,N=n^2,1,95,4.132231404958677,2.4685116120130344,0.9618376858289353,1.5066739261840991,-0.0250413280917391
500,250000,N=n^2,1,96,4.132231404958677,2.1072182613246504,0.3677226917718281,1.7394955695528225,0.0579340366170774
500,250000,N=n^2,1,97,4.132231404958677,3.4796313188597376,1.114479548325368,2.3651517705343696,0.0729324473937281
500,250000,N=n^2,1,98,4.132231404958677,2.276817628420873,0.1806822647279319,2.096135363692941,0.0363955898418909
500,250000,N=n^2,1,99,4.132231404958677,2.5931742647284657,0.6203521663631313,1.9728220983653344,0.1287714470935773
500,250000,N=n^2,1,100,4.132231404958677,2.3457608491079545,0.0471493136424201,2.2986115354655343,0.0176050576821347
1000,1000,N=n,1,0,0.0082644628099173,8.214080339607696,0.8943355708156261,7.319744768792069,0.0837878919569444
1000,1000,N=n,1,1,0.0082644628099173,9.714579765420186,3.1648140208100504,6.549765744610137,0.0162149058883676
1000,1000,N=n,1,2,0.0082644628099173,8.933121180622631,1.3321795426176717,7.600941638004961,0.0330153934919836
1000,1000,N=n,1,3,0.0082644628099173,8.469940313196892,1.2781901472349355,7.191750165961956,-0.1108699265025849
1000,1000,N=n,1,4,0.0082644628099173,8.183471509767985,1.5388079882815309,6.644663521486454,-0.0140619843825962
1000,1000,N=n,1,5,0.0082644628099173,9.108375493678258,2.3043016071161575,6.804073886562101,-0.0119502492491954
1000,1000,N=n,1,6,0.0082644628099173,8.446837821972407,1.427190925454935,7.019646896517472,0.0219529634397894
1000,1000,N=n,1,7,0.0082644628099173,9.101766730081913,1.6418605018510566,7.459906228230856,0.0548659885738623
1000,1000,N=n,1,8,0.0082644628099173,8.225787253487027,0.9715495030882012,7.254237750398826,-0.0391616426039807
1000,1000,N=n,1,9,0.0082644628099173,8.401215209474712,1.5329842085097898,6.868231000964922,-0.0481866059720644
1000,1000,N=n,1,10,0.0082644628099173,9.225755593720647,1.3576685896263707,7.868087004094277,0.0264561484625018
1000,1000,N=n,1,11,0.0082644628099173,8.536137082719899,2.0377095995595753,6.498427483160323,0.0389837720914867
1000,1000,N=n,1,12,0.0082644628099173,8.228472859401794,1.4164743472758077,6.811998512125986,0.0396407587741721
1000,1000,N=n,1,13,0.0082644628099173,8.905107840994896,1.3460063558190367,7.559101485175859,-0.0391652884683812
1000,1000,N=n,1,14,0.0082644628099173,8.686507959843622,1.89119322349186,6.795314736351763,-0.0048335821716016
1000,1000,N=n,1,15,0.0082644628099173,8.80350774913139,1.762633988504431,7.040873760626958,-0.0226076532128222
1000,1000,N=n,1,16,0.0082644628099173,8.342863389758019,1.0725599833124009,7.270303406445619,0.0597421162022753
1000,1000,N=n,1,17,0.0082644628099173,8.661460808025197,0.4564600239659369,8.20500078405926,0.0674185855501032
1000,1000,N=n,1,18,0.0082644628099173,8.652672582375267,1.6418400376619156,7.010832544713351,-0.0214804228918924
1000,1000,N=n,1,19,0.0082644628099173,8.553432576433664,1.9983870450033243,6.5550455314303395,0.0463560453658322
1000,1000,N=n,1,20,0.0082644628099173,9.292282708263564,2.1854316950409576,7.106851013222606,-0.0594443979952945
1000,1000,N=n,1,21,0.0082644628099173,9.031298612810684,2.72745691905724,6.3038416937534425,0.0146957519177325
1000,1000,N=n,1,22,0.0082644628099173,8.697415368965817,1.0089297086369555,7.688485660328861,0.02845168537393
1000,1000,N=n,1,23,0.0082644628099173,9.34579607248347,1.286850287521632,8.058945784961837,0.0978522832730952
1000,1000,N=n,1,24,0.0082644628099173,8.688739127056737,1.6063449656292268,7.082394161427509,-0.0387774110783963
1000,1000,N=n,1,25,0.0082644628099173,8.298588026344667,0.8704172185912776,7.428170807753389,0.0589300700513742
1000,1000,N=n,1,26,0.0082644628099173,8.57054221457772,1.369951839529394,7.200590375048328,-0.0334052523512882
1000,1000,N=n,1,27,0.0082644628099173,8.544580935713194,0.997171624932917,7.547409310780276,0.0064624643461627
1000,1000,N=n,1,28,0.0082644628099173,8.681802316394467,1.6011650347056507,7.080637281688816,0.0511303938572413
1000,1000,N=n,1,29,0.0082644628099173,8.713543809321697,1.402670514726459,7.310873294595239,0.0674311050068777
1000,1000,N=n,1,30,0.0082644628099173,10.097181982502258,2.4696284073000885,7.627553575202169,-0.0234561192341438
1000,1000,N=n,1,31,0.0082644628099173,8.503393122832144,1.19182233579973,7.311570787032413,0.02018855235206
1000,1000,N=n,1,32,0.0082644628099173,10.717895263858562,4.048325075491324,6.669570188367238,-0.0028763920753326
1000,1000,N=n,1,33,0.0082644628099173,8.502991534278404,1.4202537601654337,7.082737774112971,0.0632956493720729
1000,1000,N=n,1,34,0.0082644628099173,8.74431337242793,1.6003867102930531,7.143926662134877,0.01678979991216
1000,1000,N=n,1,35,0.0082644628099173,9.07617546591235,1.9626654530035472,7.113510012908803,0.0545296928849231
1000,1000,N=n,1,36,0.0082644628099173,9.479284145127348,2.0043649920040716,7.474919153123277,0.0659717252119748
1000,1000,N=n,1,37,0.0082644628099173,9.118357904685102,1.9843597169895129,7.13399818769559,0.0411479484275514
1000,1000,N=n,1,38,0.0082644628099173,8.417354702688026,1.9545023798169647,6.462852322871061,-0.0972887937835414
1000,1000,N=n,1,39,0.0082644628099173,8.695615724219476,1.3328807468408392,7.362734977378637,-0.0709562802689182
1000,1000,N=n,1,40,0.0082644628099173,8.805932815936359,2.11302954188107,6.69290327405529,0.0129744866143522
1000,1000,N=n,1,41,0.0082644628099173,8.913484412880123,1.1089048274133062,7.804579585466818,-0.0758378145381975
1000,1000,N=n,1,42,0.0082644628099173,8.580650403158936,1.7796497898502228,6.801000613308712,0.0592748312282755
1000,1000,N=n,1,43,0.0082644628099173,9.100670505516764,1.3914335375283695,7.709236967988394,0.0205510979245769
1000,1000,N=n,1,44,0.0082644628099173,9.165240280815594,2.287720959747838,6.877519321067756,0.0211290203704004
1000,1000,N=n,1,45,0.0082644628099173,8.733940575508447,0.9568349433917722,7.777105632116674,-0.0138648338081962
1000,1000,N=n,1,46,0.0082644628099173,8.702751721743192,1.156806334886779,7.545945386856414,-0.0484251735606494
1000,1000,N=n,1,47,0.0082644628099173,8.966917681169884,1.7634305010861848,7.203487180083698,0.0196638106441853
1000,1000,N=n,1,48,0.0082644628099173,8.971913543696918,1.4751533104177452,7.496760233279172,0.0419217173509506
1000,1000,N=n,1,49,0.0082644628099173,9.203396197739025,1.7481965830474877,7.455199614691535,-0.0094526562648586
1000,1000,N=n,1,50,0.0082644628099173,9.040785674309676,1.4283195205590324,7.612466153750644,-0.0071522337029797
1000,1000,N=n,1,51,0.0082644628099173,9.382715569654696,1.2042927720101195,8.178422797644576,0.006423565354179
1000,1000,N=n,1,52,0.0082644628099173,14.307030340164712,2.661712037848867,11.645318302315845,0.0529398570817263
1000,1000,N=n,1,53,0.0082644628099173,9.807169357202644,1.0488338134714108,8.758335543731231,0.0591452656743348
1000,1000,N=n,1,54,0.0082644628099173,8.538668418214964,1.4744714179690677,7.064197000245898,0.051609620561707
1000,1000,N=n,1,55,0.0082644628099173,9.959529589216425,2.7870989468868625,7.172430642329562,0.0034524070127407
1000,1000,N=n,1,56,0.0082644628099173,8.106064226177569,1.420924553566773,6.685139672610797,-0.0357491291882277
1000,1000,N=n,1,57,0.0082644628099173,8.688009416830404,1.3874119041092032,7.3005975127212,-0.0954001868194907
1000,1000,N=n,1,58,0.0082644628099173,8.781541716302769,2.158563240950624,6.622978475352145,-0.0238481974827398
1000,1000,N=n,1,59,0.0082644628099173,8.446086499948306,0.9104448048641192,7.535641695084187,-0.0190897242486056
1000,1000,N=n,1,60,0.0082644628099173,9.080627416916158,1.578130670716656,7.502496746199502,-0.0282543896345551
1000,1000,N=n,1,61,0.0082644628099173,8.075060438460838,1.2160128412523032,6.859047597208535,-0.0768673045520578
1000,1000,N=n,1,62,0.0082644628099173,8.581243942259091,1.4565362918822022,7.124707650376889,0.0521976239120186
1000,1000,N=n,1,63,0.0082644628099173,8.26299615969078,1.0230682374128992,7.239927922277882,0.0008063310313414
1000,1000,N=n,1,64,0.0082644628099173,8.566999008210075,1.357780962457109,7.209218045752967,-0.0799092398255394
1000,1000,N=n,1,65,0.0082644628099173,8.381491001699038,1.487004385692439,6.894486616006599,0.0012937706236821
1000,1000,N=n,1,66,0.0082644628099173,8.984556946838275,0.9857217443503732,7.998835202487901,-0.0499377681414201
1000,1000,N=n,1,67,0.0082644628099173,9.256289087853972,2.220302362640229,7.035986725213743,-0.058302523785936
1000,1000,N=n,1,68,0.0082644628099173,9.516666261125437,2.530271438485489,6.986394822639947,-0.0858762641605743
1000,1000,N=n,1,69,0.0082644628099173,8.965583645879699,2.0087872669476146,6.956796378932085,-0.1326054998782444
1000,1000,N=n,1,70,0.0082644628099173,11.540990540485474,1.8429874287099757,9.6980031117755,0.0369619901373184
1000,1000,N=n,1,71,0.0082644628099173,9.784748149480007,2.853209422219241,6.931538727260767,-0.114639779366223
1000,1000,N=n,1,72,0.0082644628099173,8.79225274791236,1.9083153052343893,6.88393744267797,-0.0100024174781633
1000,1000,N=n,1,73,0.0082644628099173,8.597623844957798,0.9215477977766082,7.676076047181191,-0.0263923537542604
1000,1000,N=n,1,74,0.0082644628099173,8.499296830702175,1.0329788123339858,7.466318018368189,-0.0085516343416097
1000,1000,N=n,1,75,0.0082644628099173,8.650556968064253,1.329991429005077,7.320565539059176,0.0596669955414234
1000,1000,N=n,1,76,0.0082644628099173,8.560422882483083,1.7046809114420736,6.8557419710410095,0.0820774458108314
1000,1000,N=n,1,77,0.0082644628099173,8.643752521416516,1.6696312105063065,6.97412131091021,0.0258810607875506
1000,1000,N=n,1,78,0.0082644628099173,8.843731420385263,1.3960940631439889,7.447637357241273,-0.02532397133533
1000,1000,N=n,1,79,0.0082644628099173,8.694026580718795,1.7221147794365566,6.971911801282239,-0.0291734131217434
1000,1000,N=n,1,80,0.0082644628099173,8.75974671430081,1.6955561383243172,7.064190575976492,-0.0243247076671228
1000,1000,N=n,1,81,0.0082644628099173,7.948227001362293,1.3500188819625816,6.598208119399712,-0.06008482928828
1000,1000,N=n,1,82,0.0082644628099173,8.333542585142341,0.7118596973772418,7.6216828877650995,-0.0510675621446367
1000,1000,N=n,1,83,0.0082644628099173,8.795873530589157,0.7980758988020944,7.997797631787062,0.0259396499256627
1000,1000,N=n,1,84,0.0082644628099173,8.931002697123468,1.374138810122284,7.556863887001184,0.0505436630823054
1000,1000,N=n,1,85,0.0082644628099173,8.950090076396972,0.7823514042623422,8.167738672134629,-0.0188798372612739
1000,1000,N=n,1,86,0.0082644628099173,8.712334593322101,1.501434681460032,7.21089991186207,-0.006126463197354
1000,1000,N=n,1,87,0.0082644628099173,8.751589393507734,2.2495293124811875,6.5020600810265465,-0.0297610257148791
1000,1000,N=n,1,88,0.0082644628099173,8.712788295441026,1.570104857312422,7.142683438128604,0.0677705440283047
1000,1000,N=n,1,89,0.0082644628099173,9.403376503111549,1.6356169371151568,7.767759565996393,0.0268850568972809
1000,1000,N=n,1,90,0.0082644628099173,8.499093427759716,1.496368116945416,7.0027253108142995,-0.0857504250750443
1000,1000,N=n,1,91,0.0082644628099173,9.005615124611442,1.318476335093366,7.687138789518075,-0.0261327407910434
1000,1000,N=n,1,92,0.0082644628099173,8.983004730612178,1.736554519048137,7.246450211564041,-0.0276229864237231
1000,1000,N=n,1,93,0.0082644628099173,8.501502132295396,1.1014614732064267,7.400040659088969,0.0498951102979336
1000,1000,N=n,1,94,0.0082644628099173,9.363848973757095,2.191930093792257,7.1719188799648395,0.003402400744436
1000,1000,N=n,1,95,0.0082644628099173,9.399843023501514,2.8559334417718913,6.543909581729623,-0.0099701671372481
1000,1000,N=n,1,96,0.0082644628099173,8.891319979481018,1.3171040085262462,7.574215970954772,-0.0008772282118905
1000,1000,N=n,1,97,0.0082644628099173,9.130486876445405,1.659712723737164,7.470774152708241,-0.0488152503826485
1000,1000,N=n,1,98,0.0082644628099173,7.344284916326227,1.031483151578892,6.312801764747334,0.0334953729561532
1000,1000,N=n,1,99,0.0082644628099173,8.34275777305246,1.354550205057634,6.9882075679948255,-0.117557273039523
1000,1000,N=n,1,100,0.0082644628099173,9.563466182853194,2.3778665405150936,7.1855996423381,0.0788193045027047
1000,6907,N=n log(n),1,0,0.0570826446280991,5.951619857516265,1.5408115013806118,4.410808356135654,0.0521510120431167
1000,6907,N=n log(n),1,1,0.0570826446280991,6.230394792767511,0.9817652942037548,5.248629498563756,0.0262254680548626
1000,6907,N=n log(n),1,2,0.0570826446280991,5.580484686863252,1.0449785310129271,4.5355061558503245,-0.0404228591065353
1000,6907,N=n log(n),1,3,0.0570826446280991,5.519562545656523,0.7297353833542829,4.78982716230224,-0.03334646878546
1000,6907,N=n log(n),1,4,0.0570826446280991,5.901759158028596,1.0456025410154597,4.856156617013136,0.0336281901219395
1000,6907,N=n log(n),1,5,0.0570826446280991,5.652751902244259,1.0561213951355608,4.596630507108698,-0.0844816715656809
1000,6907,N=n log(n),1,6,0.0570826446280991,5.5693245060010055,0.8845624269849355,4.68476207901607,-0.0417791242942411
1000,6907,N=n log(n),1,7,0.0570826446280991,6.1101828145910915,0.9720390063194132,5.138143808271678,0.0163910978177396
1000,6907,N=n log(n),1,8,0.0570826446280991,5.869494903214114,1.0369902553310288,4.832504647883085,-0.0419837308874441
1000,6907,N=n log(n),1,9,0.0570826446280991,5.513092510291052,0.7883446471262177,4.7247478631648345,0.0800030567864366
1000,6907,N=n log(n),1,10,0.0570826446280991,5.435007095723114,1.5712462787027652,3.863760817020348,0.0557291745482501
1000,6907,N=n log(n),1,11,0.0570826446280991,5.472590031327738,0.9253879003967612,4.547202130930977,-0.0049502252250888
1000,6907,N=n log(n),1,12,0.0570826446280991,5.72274229620082,0.4943284977301152,5.228413798470704,-0.0053794281027709
1000,6907,N=n log(n),1,13,0.0570826446280991,5.737364553630248,1.549685500429846,4.187679053200402,0.0120575938390001
1000,6907,N=n log(n),1,14,0.0570826446280991,5.365813988846423,0.6983303276645569,4.6674836611818655,-0.0658472954182445
1000,6907,N=n log(n),1,15,0.0570826446280991,5.440763030201931,0.7449728514610017,4.695790178740929,0.0505709381476703
1000,6907,N=n log(n),1,16,0.0570826446280991,4.90038274173973,0.5530921805589879,4.347290561180742,-0.0266400701063142
1000,6907,N=n log(n),1,17,0.0570826446280991,5.749929763362585,1.1028675264472856,4.6470622369153,0.0023602366374457
1000,6907,N=n log(n),1,18,0.0570826446280991,5.695676785871125,0.4449243112228079,5.250752474648317,-0.0072471131420008
1000,6907,N=n log(n),1,19,0.0570826446280991,5.245473290855962,0.4270088897887094,4.818464401067253,0.043715790481508
1000,6907,N=n log(n),1,20,0.0570826446280991,5.438412970264767,0.4162456046639392,5.022167365600827,0.0165544626255597
1000,6907,N=n log(n),1,21,0.0570826446280991,4.5295448167357275,0.4226951443207463,4.106849672414981,-0.0584260953785995
1000,6907,N=n log(n),1,22,0.0570826446280991,5.4580203655451855,0.9083417737676658,4.5496785917775195,-0.0309258867119287
1000,6907,N=n log(n),1,23,0.0570826446280991,5.8475798890998405,0.7969551854016381,5.050624703698203,0.1257835272379051
1000,6907,N=n log(n),1,24,0.0570826446280991,4.919510302055731,0.6745616881784382,4.244948613877293,-0.0428971257172647
1000,6907,N=n log(n),1,25,0.0570826446280991,5.079947713313186,0.512076815495761,4.567870897817425,0.0065345159185585
1000,6907,N=n log(n),1,26,0.0570826446280991,5.206801971683322,0.8395660653227954,4.367235906360526,0.0099179968467616
1000,6907,N=n log(n),1,27,0.0570826446280991,5.425812851320981,0.463837095171316,4.961975756149665,-0.0266098136708071
1000,6907,N=n log(n),1,28,0.0570826446280991,5.113048057230003,0.9149258806594398,4.198122176570563,-0.0259164781638356
1000,6907,N=n log(n),1,29,0.0570826446280991,5.030757483985308,0.8782890700567949,4.1524684139285135,0.0042659775618056
1000,6907,N=n log(n),1,30,0.0570826446280991,6.153337101703077,0.8282571093965795,5.325079992306497,-0.034158850821308
1000,6907,N=n log(n),1,31,0.0570826446280991,5.844619029878536,0.9450734562014124,4.899545573677123,-0.0299659988662491
1000,6907,N=n log(n),1,32,0.0570826446280991,6.188772401446271,1.2167945755194935,4.9719778259267775,0.0291583363615779
1000,6907,N=n log(n),1,33,0.0570826446280991,6.302067690585471,1.0685602301580643,5.233507460427407,0.011613546416437
1000,6907,N=n log(n),1,34,0.0570826446280991,5.55798361731327,0.664278215092847,4.893705402220423,0.0672094151608278
1000,6907,N=n log(n),1,35,0.0570826446280991,6.013047100193193,1.513884390376989,4.499162709816204,-0.0483269539676513
1000,6907,N=n log(n),1,36,0.0570826446280991,6.020031415369748,0.729773479636129,5.290257935733619,-0.0090937196169673
1000,6907,N=n log(n),1,37,0.0570826446280991,6.5813943449886505,1.6154201893683235,4.9659741556203265,0.0991875084786524
1000,6907,N=n log(n),1,38,0.0570826446280991,5.705326893540709,1.5821543624052763,4.123172531135433,-0.0515344787829243
1000,6907,N=n log(n),1,39,0.0570826446280991,5.683852377953465,1.0215396046431724,4.662312773310292,-0.024361880443325
1000,6907,N=n log(n),1,40,0.0570826446280991,6.810439095216261,1.8069951050139437,5.003443990202317,0.044180779855862
1000,6907,N=n log(n),1,41,0.0570826446280991,6.124415691309173,1.1758972971783332,4.94851839413084,-0.0883699309450869
1000,6907,N=n log(n),1,42,0.0570826446280991,6.341127436243243,1.4437681175918884,4.897359318651354,0.0089498754088001
1000,6907,N=n log(n),1,43,0.0570826446280991,6.368501751098162,0.4569610732656365,5.911540677832525,-0.0107757079376296
1000,6907,N=n log(n),1,44,0.0570826446280991,5.504393446125645,0.6519899761953386,4.852403469930307,-0.0098570109644431
1000,6907,N=n log(n),1,45,0.0570826446280991,6.282772499512538,1.023275029777431,5.259497469735107,-0.0834570345915204
1000,6907,N=n log(n),1,46,0.0570826446280991,5.17617046747357,0.406108762758318,4.770061704715252,0.0788459206997351
1000,6907,N=n log(n),1,47,0.0570826446280991,5.108734397935864,0.5433373278513031,4.565397070084561,0.0156953402928142
1000,6907,N=n log(n),1,48,0.0570826446280991,6.9833960656595,1.6976614338113167,5.285734631848183,0.065968058333378
1000,6907,N=n log(n),1,49,0.0570826446280991,7.144869333072682,1.1134112986806992,6.031458034391983,-0.0163053102810334
1000,6907,N=n log(n),1,50,0.0570826446280991,5.152074693202741,0.3954670554068247,4.756607637795916,0.0293247580170013
1000,6907,N=n log(n),1,51,0.0570826446280991,6.997787480173727,1.272540995161158,5.725246485012569,0.0195289743438312
1000,6907,N=n log(n),1,52,0.0570826446280991,5.553955506276532,0.7374926376214105,4.816462868655122,-0.028260251096012
1000,6907,N=n log(n),1,53,0.0570826446280991,6.530563715453483,1.205749546176944,5.324814169276539,0.0098303982579685
1000,6907,N=n log(n),1,54,0.0570826446280991,6.3265441942212854,0.6689063669324601,5.657637827288825,0.0352665247917635
1000,6907,N=n log(n),1,55,0.0570826446280991,5.357242015269694,0.4359254014661469,4.921316613803548,-0.0954492282648715
1000,6907,N=n log(n),1,56,0.0570826446280991,5.580678592160898,0.8905584076025291,4.690120184558369,-0.0231660515271237
1000,6907,N=n log(n),1,57,0.0570826446280991,7.095850063202883,1.5757728004387253,5.520077262764158,0.0464036250842407
1000,6907,N=n log(n),1,58,0.0570826446280991,6.151341583371474,1.201767279473133,4.949574303898341,-0.0527748781472545
1000,6907,N=n log(n),1,59,0.0570826446280991,5.667429760025941,0.9811681271858804,4.68626163284006,0.1036713991516615
1000,6907,N=n log(n),1,60,0.0570826446280991,5.846033103825093,1.100234570526022,4.745798533299071,0.1543636491270807
1000,6907,N=n log(n),1,61,0.0570826446280991,5.191698331164178,0.6081911231716494,4.583507207992528,-0.0222100484132534
1000,6907,N=n log(n),1,62,0.0570826446280991,5.131232520487054,0.4999112491886001,4.631321271298454,0.0836022993318157
1000,6907,N=n log(n),1,63,0.0570826446280991,6.920525861757423,0.9664487925470796,5.954077069210344,0.0812306253595857
1000,6907,N=n log(n),1,64,0.0570826446280991,4.860321441240419,0.3809219316878136,4.479399509552605,0.0495271487354838
1000,6907,N=n log(n),1,65,0.0570826446280991,5.303417105802366,1.0130702065908066,4.290346899211559,0.0076198451624013
1000,6907,N=n log(n),1,66,0.0570826446280991,6.6720471236522165,0.9588095690283134,5.713237554623903,-0.0753920221965603
1000,6907,N=n log(n),1,67,0.0570826446280991,5.073401578551782,0.5133787395275478,4.560022839024234,-0.0412949868016458
1000,6907,N=n log(n),1,68,0.0570826446280991,5.809913710739927,0.760997502548554,5.048916208191373,-0.026671946629934
1000,6907,N=n log(n),1,69,0.0570826446280991,5.389070820959128,0.7762423317184084,4.612828489240719,-0.0279741570825819
1000,6907,N=n log(n),1,70,0.0570826446280991,6.236721237883183,1.5426226244221373,4.694098613461046,0.054234392406129
1000,6907,N=n log(n),1,71,0.0570826446280991,5.793219521733828,0.8884504809069346,4.904769040826894,-0.0570908084913532
1000,6907,N=n log(n),1,72,0.0570826446280991,5.4720102606591094,0.5777982528209015,4.894212007838208,-0.0719725705239997
1000,6907,N=n log(n),1,73,0.0570826446280991,5.284596420972541,0.975204225467005,4.309392195505536,0.0671765567292352
1000,6907,N=n log(n),1,74,0.0570826446280991,4.676035236216129,0.476205067740512,4.199830168475617,-0.0526589210733136
1000,6907,N=n log(n),1,75,0.0570826446280991,5.5432613390059835,0.7261590623134051,4.817102276692578,-0.0984576906874608
1000,6907,N=n log(n),1,76,0.0570826446280991,6.632220967616819,1.5584199539408787,5.07380101367594,-0.0525093630028835
1000,6907,N=n log(n),1,77,0.0570826446280991,6.217696266656094,1.002027676495877,5.215668590160217,0.044688973597793
1000,6907,N=n log(n),1,78,0.0570826446280991,5.4028526682196185,0.6879904981179966,4.714862170101622,0.0091970064672249
1000,6907,N=n log(n),1,79,0.0570826446280991,5.381931681435191,0.7747538376162113,4.607177843818979,0.0170983251259206
1000,6907,N=n log(n),1,80,0.0570826446280991,5.299509094227808,0.3867039548550147,4.912805139372794,-0.0497660116733648
1000,6907,N=n log(n),1,81,0.0570826446280991,6.155817582027019,0.924960150941622,5.230857431085397,-0.0154800142187996
1000,6907,N=n log(n),1,82,0.0570826446280991,5.396574605350307,0.8239842239402962,4.572590381410011,-0.0553865480176102
1000,6907,N=n log(n),1,83,0.0570826446280991,5.763607965966909,0.9058949993363352,4.857712966630573,-0.016896748432039
1000,6907,N=n log(n),1,84,0.0570826446280991,5.765173259476855,0.6685124873773557,5.096660772099499,-0.0025312783391598
1000,6907,N=n log(n),1,85,0.0570826446280991,5.07526388825588,0.5561894858803411,4.519074402375539,-0.0126429145589144
1000,6907,N=n log(n),1,86,0.0570826446280991,6.1378637390429285,0.9918358535134368,5.146027885529492,0.0022360391755322
1000,6907,N=n log(n),1,87,0.0570826446280991,7.375961795141181,2.230213016041756,5.145748779099425,-0.0235635377517969
1000,6907,N=n log(n),1,88,0.0570826446280991,8.44047756238203,2.2001656575499973,6.240311904832033,0.0775801043749895
1000,6907,N=n log(n),1,89,0.0570826446280991,5.990899798348981,0.8422885247102239,5.148611273638758,0.0997525397455592
1000,6907,N=n log(n),1,90,0.0570826446280991,6.8559166317525175,1.4169021017926036,5.439014529959914,-0.0113462374744178
1000,6907,N=n log(n),1,91,0.0570826446280991,5.5848883946173045,0.8305480080447356,4.754340386572569,-0.020250383860984
1000,6907,N=n log(n),1,92,0.0570826446280991,5.4891506513889095,0.5633895644642631,4.925761086924647,-0.0174742735114925
1000,6907,N=n log(n),1,93,0.0570826446280991,6.73327189041119,1.558571721560957,5.174700168850233,0.010520801223837
1000,6907,N=n log(n),1,94,0.0570826446280991,5.451610172371699,0.700561805585023,4.751048366786676,0.0180344833593596
1000,6907,N=n log(n),1,95,0.0570826446280991,6.100779641778441,1.3993464807930796,4.701433160985362,0.0918150508289857
1000,6907,N=n log(n),1,96,0.0570826446280991,6.0273345166723615,0.994356922587074,5.032977594085287,0.0171385854423298
1000,6907,N=n log(n),1,97,0.0570826446280991,5.887350413954804,1.0487143854304173,4.838636028524387,0.0268240930892916
1000,6907,N=n log(n),1,98,0.0570826446280991,6.3762178856515686,1.676612824755027,4.699605060896542,0.1138769953018202
1000,6907,N=n log(n),1,99,0.0570826446280991,6.000498246391672,1.419290163387819,4.581208083003853,-0.0303994898986605
1000,6907,N=n log(n),1,100,0.0570826446280991,6.4770436999060745,1.5106405686619362,4.966403131244139,-0.0234294832466268
1000,31622,N=n^(3/2),1,0,0.2613388429752066,3.714482554437364,0.7898879992242237,2.9245945552131403,0.0587707407366689
1000,31622,N=n^(3/2),1,1,0.2613388429752066,3.9020280573031743,1.1075848881830277,2.7944431691201466,0.0060416892323372
1000,31622,N=n^(3/2),1,2,0.2613388429752066,3.1025625745275516,0.2431327509606246,2.859429823566927,0.0618735858826633
1000,31622,N=n^(3/2),1,3,0.2613388429752066,3.661740225051509,0.7358901161855591,2.9258501088659497,0.0870167592321702
1000,31622,N=n^(3/2),1,4,0.2613388429752066,3.3352407752253814,0.3052181423714497,3.0300226328539317,0.0424523375596782
1000,31622,N=n^(3/2),1,5,0.2613388429752066,3.685985273319362,0.7214465312404221,2.9645387420789397,0.0054403207129451
1000,31622,N=n^(3/2),1,6,0.2613388429752066,3.644396005969505,0.4975325045618288,3.146863501407676,-0.0602684355954357
1000,31622,N=n^(3/2),1,7,0.2613388429752066,4.159959185318625,0.3021407571718516,3.857818428146773,0.0447734893261655
1000,31622,N=n^(3/2),1,8,0.2613388429752066,4.386872891432588,1.170590390849715,3.216282500582873,-0.0327222285197731
1000,31622,N=n^(3/2),1,9,0.2613388429752066,3.408261341217635,0.5881200475406362,2.8201412936769987,0.0576266786028848
1000,31622,N=n^(3/2),1,10,0.2613388429752066,3.85293100918778,1.0691808052179226,2.7837502039698574,0.0977186860455463
1000,31622,N=n^(3/2),1,11,0.2613388429752066,4.208927472686888,0.6029415116964001,3.605985960990488,0.0633929710987586
1000,31622,N=n^(3/2),1,12,0.2613388429752066,3.4892127785561393,0.0981094988725728,3.3911032796835663,0.0455155018228965
1000,31622,N=n^(3/2),1,13,0.2613388429752066,4.085762312111931,1.462133604093366,2.6236287080185647,0.0636096087771102
1000,31622,N=n^(3/2),1,14,0.2613388429752066,4.1202285761851485,0.7924586579345125,3.3277699182506364,-0.0231570098703316
1000,31622,N=n^(3/2),1,15,0.2613388429752066,3.414038569353473,0.0726782222758031,3.3413603470776696,-0.0321254502517806
1000,31622,N=n^(3/2),1,16,0.2613388429752066,3.2090393297731175,0.1067492841174389,3.1022900456556783,-0.0818755400867558
1000,31622,N=n^(3/2),1,17,0.2613388429752066,3.1341596294311955,0.8625644281645342,2.2715952012666616,0.0246635295048021
1000,31622,N=n^(3/2),1,18,0.2613388429752066,3.853398429421124,0.5858407652051756,3.267557664215948,0.07230782570718
1000,31622,N=n^(3/2),1,19,0.2613388429752066,3.703729827969791,0.0756612104222949,3.628068617547497,0.0307918817986286
1000,31622,N=n^(3/2),1,20,0.2613388429752066,3.5880651877063303,0.2548888648284318,3.3331763228778986,-0.1128227038846019
1000,31622,N=n^(3/2),1,21,0.2613388429752066,3.6595754823022095,0.1050291388996247,3.554546343402585,0.0081414250660622
1000,31622,N=n^(3/2),1,22,0.2613388429752066,3.8826507893187014,0.5547915108148095,3.327859278503892,-0.0638079010619219
1000,31622,N=n^(3/2),1,23,0.2613388429752066,3.7671924035718822,0.4849458656900161,3.282246537881866,0.0324848393219165
1000,31622,N=n^(3/2),1,24,0.2613388429752066,3.657270996002292,0.2786515009389554,3.3786194950633366,0.0060536358933324
1000,31622,N=n^(3/2),1,25,0.2613388429752066,3.361810743829732,0.2620374647641125,3.0997732790656194,0.0371033881140131
1000,31622,N=n^(3/2),1,26,0.2613388429752066,3.812943845865662,0.1721020118343913,3.6408418340312703,0.02123346616327
1000,31622,N=n^(3/2),1,27,0.2613388429752066,3.9524749817408464,0.5506049914944482,3.4018699902463982,-0.101448526852795
1000,31622,N=n^(3/2),1,28,0.2613388429752066,3.678294758225769,0.4078514502729483,3.270443307952821,-0.0083500001497461
1000,31622,N=n^(3/2),1,29,0.2613388429752066,3.6910560642432904,0.1280148396867462,3.563041224556544,-0.1351971386611636
1000,31622,N=n^(3/2),1,30,0.2613388429752066,4.121605289772723,0.7402535895572936,3.381351700215429,0.0247713086871488
1000,31622,N=n^(3/2),1,31,0.2613388429752066,4.049265292562115,0.7556107883916353,3.2936545041704797,-0.0031109290062817
1000,31622,N=n^(3/2),1,32,0.2613388429752066,4.9077213558629005,1.0741376216569294,3.833583734205971,0.0370174186926659
1000,31622,N=n^(3/2),1,33,0.2613388429752066,3.4389458315508112,0.113943797130814,3.325002034419997,0.0287187773581353
1000,31622,N=n^(3/2),1,34,0.2613388429752066,3.560568466878779,0.1583470310201278,3.4022214358586513,0.0202739146492073
1000,31622,N=n^(3/2),1,35,0.2613388429752066,3.8414862721696705,0.3913675573487075,3.450118714820963,0.0180438857723898
1000,31622,N=n^(3/2),1,36,0.2613388429752066,3.6287651054793617,0.1410401292339161,3.4877249762454454,0.0350820867895318
1000,31622,N=n^(3/2),1,37,0.2613388429752066,3.6479264593223895,0.3987958012510257,3.2491306580713637,0.0126721911969238
1000,31622,N=n^(3/2),1,38,0.2613388429752066,3.25662041948429,0.10477785128237,3.1518425682019195,-0.1242963822803728
1000,31622,N=n^(3/2),1,39,0.2613388429752066,3.4918468365497626,0.0824927999282456,3.409354036621517,-0.0273120843645406
1000,31622,N=n^(3/2),1,40,0.2613388429752066,3.789607241590798,0.6788909130407474,3.110716328550051,-0.0185844091086317
1000,31622,N=n^(3/2),1,41,0.2613388429752066,3.613896765775661,0.3339606037270668,3.2799361620485943,-0.1119577399681916
1000,31622,N=n^(3/2),1,42,0.2613388429752066,3.6016080943601283,0.2895336376720856,3.312074456688043,0.0327304996869928
1000,31622,N=n^(3/2),1,43,0.2613388429752066,3.98502598539452,0.8418761719556183,3.1431498134389013,0.0354252263019655
1000,31622,N=n^(3/2),1,44,0.2613388429752066,3.607872106077624,0.7393234029181536,2.8685487031594707,-0.056256927707118
1000,31622,N=n^(3/2),1,45,0.2613388429752066,3.7772417870163353,0.7623361306187832,3.014905656397552,0.0127687300359521
1000,31622,N=n^(3/2),1,46,0.2613388429752066,3.2250423956173178,0.2282831210353226,2.9967592745819953,0.0865327194479603
1000,31622,N=n^(3/2),1,47,0.2613388429752066,3.7812875079538184,0.2876350862264268,3.4936524217273917,-0.0017442340598041
1000,31622,N=n^(3/2),1,48,0.2613388429752066,4.266983569316061,0.3604296945031871,3.9065538748128734,-0.006597263013343
1000,31622,N=n^(3/2),1,49,0.2613388429752066,4.655645878795306,1.202163687304368,3.453482191490938,-0.0133107878876929
1000,31622,N=n^(3/2),1,50,0.2613388429752066,3.946035336694352,0.6097453664027703,3.336289970291581,-0.0856151195239941
1000,31622,N=n^(3/2),1,51,0.2613388429752066,3.619976096045636,0.0865270397261902,3.533449056319446,-0.0461253003549295
1000,31622,N=n^(3/2),1,52,0.2613388429752066,3.5094007177285285,0.3833595173835534,3.126041200344975,0.003471668404285
1000,31622,N=n^(3/2),1,53,0.2613388429752066,8.052435151766726,4.718565074834389,3.333870076932337,-0.0390008394931546
1000,31622,N=n^(3/2),1,54,0.2613388429752066,3.777168290640808,0.4195620581545566,3.3576062324862512,0.0020748915705165
1000,31622,N=n^(3/2),1,55,0.2613388429752066,4.455204622515851,0.5303316508467032,3.924872971669147,0.0308849409952109
1000,31622,N=n^(3/2),1,56,0.2613388429752066,4.27660637052219,0.2654169873925732,4.011189383129617,0.0112573765236082
1000,31622,N=n^(3/2),1,57,0.2613388429752066,5.738977139174867,2.394265294772948,3.3447118444019193,0.0310971260182259
1000,31622,N=n^(3/2),1,58,0.2613388429752066,3.284934137635698,0.2196014724499074,3.0653326651857906,-0.0533498839260153
1000,31622,N=n^(3/2),1,59,0.2613388429752066,3.5485473410157713,0.6534209678676588,2.8951263731481127,0.052817644721529
1000,31622,N=n^(3/2),1,60,0.2613388429752066,4.125101672018879,0.7454776298644411,3.379624042154438,0.0531793723688912
1000,31622,N=n^(3/2),1,61,0.2613388429752066,3.996946122486543,0.5946486013756652,3.402297521110878,-0.0076661435793302
1000,31622,N=n^(3/2),1,62,0.2613388429752066,3.942052606345882,0.2105466128719809,3.7315059934739008,0.0612993173279413
1000,31622,N=n^(3/2),1,63,0.2613388429752066,3.307357052399892,0.072419625415753,3.234937426984139,0.0244201307012868
1000,31622,N=n^(3/2),1,64,0.2613388429752066,3.6550114806491703,0.2850252808956115,3.3699861997535585,-0.0475803628750498
1000,31622,N=n^(3/2),1,65,0.2613388429752066,3.663812829987104,0.3435990804386893,3.320213749548415,-0.0166107580279603
1000,31622,N=n^(3/2),1,66,0.2613388429752066,4.08824370697936,1.1459903830754117,2.942253323903948,-0.0496573926489993
1000,31622,N=n^(3/2),1,67,0.2613388429752066,4.0551059535605765,0.6075581979364177,3.447547755624159,-0.027122936914615
1000,31622,N=n^(3/2),1,68,0.2613388429752066,3.7216726484668814,0.3332421320755592,3.388430516391322,0.0546425347946521
1000,31622,N=n^(3/2),1,69,0.2613388429752066,4.075221921318745,0.1493703986062173,3.9258515227125272,-0.0627739064701227
1000,31622,N=n^(3/2),1,70,0.2613388429752066,3.867351731007608,0.7355933093032732,3.131758421704335,0.0274495590658531
1000,31622,N=n^(3/2),1,71,0.2613388429752066,3.650615455851707,0.5438383572576021,3.106777098594105,0.016224203538667
1000,31622,N=n^(3/2),1,72,0.2613388429752066,4.695134688147282,0.9066302659143328,3.7885044222329487,0.0468294299395135
1000,31622,N=n^(3/2),1,73,0.2613388429752066,3.630881138867207,0.1507326446517012,3.4801484942155057,0.0181679122465244
1000,31622,N=n^(3/2),1,74,0.2613388429752066,3.708866392967381,0.4374542100457209,3.27141218292166,0.0168636687336846
1000,31622,N=n^(3/2),1,75,0.2613388429752066,3.881918050083156,0.5979600238418392,3.283958026241317,0.0273732420685774
1000,31622,N=n^(3/2),1,76,0.2613388429752066,3.74669699588164,0.4287308962828875,3.3179660995987525,0.0481578581170758
1000,31622,N=n^(3/2),1,77,0.2613388429752066,3.6259778464063266,0.1285729226327096,3.497404923773617,0.0060337478989579
1000,31622,N=n^(3/2),1,78,0.2613388429752066,3.8122356510994857,0.2783745649426915,3.5338610861567936,0.0453902928186455
1000,31622,N=n^(3/2),1,79,0.2613388429752066,4.077644344146824,0.7990156074913309,3.278628736655494,-0.0402560517175775
1000,31622,N=n^(3/2),1,80,0.2613388429752066,3.499895905063437,0.2173121197995487,3.2825837852638884,0.0112890624632786
1000,31622,N=n^(3/2),1,81,0.2613388429752066,4.436616476742077,0.9641591238074778,3.4724573529345992,-0.0805141823856677
1000,31622,N=n^(3/2),1,82,0.2613388429752066,3.9503290871352847,0.1748880817895244,3.77544100534576,-0.0653962760393003
1000,31622,N=n^(3/2),1,83,0.2613388429752066,3.5930789316176104,0.5769024139392749,3.0161765176783355,0.0125493515708977
1000,31622,N=n^(3/2),1,84,0.2613388429752066,4.166105559249022,0.5288858906537471,3.637219668595275,-0.0522592813279543
1000,31622,N=n^(3/2),1,85,0.2613388429752066,3.4608254346401357,0.110743009593309,3.350082425046826,-0.0068895828195657
1000,31622,N=n^(3/2),1,86,0.2613388429752066,4.116904419204554,0.6481362290209067,3.4687681901836473,0.1198650857503301
1000,31622,N=n^(3/2),1,87,0.2613388429752066,3.7218899920008455,0.0889794802656306,3.632910511735215,-0.0812386817817732
1000,31622,N=n^(3/2),1,88,0.2613388429752066,4.609918231443189,1.326010399562255,3.283907831880933,-0.0594650935296988
1000,31622,N=n^(3/2),1,89,0.2613388429752066,4.8314992934751135,1.3392497494309965,3.4922495440441175,-0.0571694457671094
1000,31622,N=n^(3/2),1,90,0.2613388429752066,3.952960503825317,0.5255548080165712,3.427405695808746,0.0220003908793569
1000,31622,N=n^(3/2),1,91,0.2613388429752066,3.933201260591761,0.1260868059146341,3.8071144546771265,0.0710925214428247
1000,31622,N=n^(3/2),1,92,0.2613388429752066,4.175533181321651,0.581155293994216,3.5943778873274344,0.053001814330264
1000,31622,N=n^(3/2),1,93,0.2613388429752066,3.205505217820578,0.1211175963659256,3.0843876214546526,-0.0122083579168865
1000,31622,N=n^(3/2),1,94,0.2613388429752066,3.806110899017449,0.2411648737768187,3.56494602524063,-0.0492680485945185
1000,31622,N=n^(3/2),1,95,0.2613388429752066,4.223414423941489,0.9098534897257362,3.3135609342157526,0.0052129626625155
1000,31622,N=n^(3/2),1,96,0.2613388429752066,3.642686697997296,0.429032686379459,3.213654011617838,-0.0022360191764407
1000,31622,N=n^(3/2),1,97,0.2613388429752066,3.4943426440584027,0.1851560316802311,3.3091866123781717,-0.0370697591962906
1000,31622,N=n^(3/2),1,98,0.2613388429752066,3.4164021256040913,0.192916211861889,3.223485913742202,0.0110210780925339
1000,31622,N=n^(3/2),1,99,0.2613388429752066,4.829902474007309,1.2832995862889138,3.546602887718395,0.1349298218794857
1000,31622,N=n^(3/2),1,100,0.2613388429752066,4.450743730924797,1.1980173289204736,3.252726402004324,0.0203725540311422
1000,1000000,N=n^2,1,0,8.264462809917354,4.1909845397208905,2.88559620635527,1.3053883333656202,-0.0492737959983664
1000,1000000,N=n^2,1,1,8.264462809917354,2.292794936172008,0.439252487421884,1.853542448750124,0.0283222317602882
1000,1000000,N=n^2,1,2,8.264462809917354,2.1748651398364283,0.4281832222661539,1.7466819175702746,-0.0210811451557289
1000,1000000,N=n^2,1,3,8.264462809917354,2.567542098591325,1.1909940002916497,1.3765480982996756,0.0357139508664273
1000,1000000,N=n^2,1,4,8.264462809917354,2.1874498059472667,0.4915077678498849,1.6959420380973818,-0.012032901258815
1000,1000000,N=n^2,1,5,8.264462809917354,4.121152293012305,2.7187373267722745,1.4024149662400305,-0.0206761404244321
1000,1000000,N=n^2,1,6,8.264462809917354,1.6240618919602974,0.2795694423146925,1.344492449645605,0.0373285116868524
1000,1000000,N=n^2,1,7,8.264462809917354,2.286164418115526,0.1483738924864773,2.1377905256290486,0.0196721015145752
1000,1000000,N=n^2,1,8,8.264462809917354,2.4948798863088344,0.3181358046281657,2.1767440816806687,-0.0435836167804074
1000,1000000,N=n^2,1,9,8.264462809917354,3.009098366100756,1.766361423084045,1.2427369430167108,-0.0268900855813504
1000,1000000,N=n^2,1,10,8.264462809917354,1.70741294041044,0.1029624780601041,1.6044504623503355,0.0067899747176697
1000,1000000,N=n^2,1,11,8.264462809917354,2.985090252826881,0.9631062939563256,2.021983958870555,0.0030008435047376
1000,1000000,N=n^2,1,12,8.264462809917354,2.0362983924296394,0.6653541883822971,1.3709442040473423,-0.0483416193464033
1000,1000000,N=n^2,1,13,8.264462809917354,2.711791806425305,1.1729421394052564,1.5388496670200489,0.0254274057242555
1000,1000000,N=n^2,1,14,8.264462809917354,2.3131674330642458,0.470810263435901,1.842357169628345,0.1057766748857643
1000,1000000,N=n^2,1,15,8.264462809917354,3.1263977348500323,0.9860727166130586,2.1403250182369735,-0.093783234514756
1000,1000000,N=n^2,1,16,8.264462809917354,2.863187507335732,0.490549967000106,2.372637540335626,-0.0606973238710086
1000,1000000,N=n^2,1,17,8.264462809917354,2.085372901503379,0.8346851311552534,1.2506877703481258,0.0263851405180873
1000,1000000,N=n^2,1,18,8.264462809917354,1.6663273725775924,0.2284737982922544,1.437853574285338,-0.0422870569522323
1000,1000000,N=n^2,1,19,8.264462809917354,2.016833220104999,0.2343361260140585,1.7824970940909406,0.0711477108714855
1000,1000000,N=n^2,1,20,8.264462809917354,1.8196273856658287,0.3396895778810903,1.4799378077847385,-0.0309194176212334
1000,1000000,N=n^2,1,21,8.264462809917354,2.5878898496430978,0.4201091487007141,2.1677807009423837,0.019583454459542
1000,1000000,N=n^2,1,22,8.264462809917354,1.7240216236053596,0.1411911439930777,1.5828304796122818,-0.1037162441237397
1000,1000000,N=n^2,1,23,8.264462809917354,3.495833155296999,1.2075106975411294,2.2883224577558696,0.0344762435077288
1000,1000000,N=n^2,1,24,8.264462809917354,3.3075230163854914,0.7684588587339661,2.539064157651526,-0.0400560051216299
1000,1000000,N=n^2,1,25,8.264462809917354,2.081523089926951,0.6199712442972263,1.4615518456297245,-0.0134468908947649
1000,1000000,N=n^2,1,26,8.264462809917354,3.5439157356811526,0.7106290234904843,2.8332867121906684,0.027441944548
1000,1000000,N=n^2,1,27,8.264462809917354,2.6734930918147644,0.630154224061144,2.0433388677536204,-0.0211155266490028
1000,1000000,N=n^2,1,28,8.264462809917354,2.386605734202342,0.0807003486050001,2.3059053855973417,-0.0975441396376397
1000,1000000,N=n^2,1,29,8.264462809917354,2.304254379546306,0.1520698606654147,2.152184518880892,-0.0295163204557062
1000,1000000,N=n^2,1,30,8.264462809917354,2.678391077708101,1.106175940017824,1.5722151376902769,0.012759008649347
1000,1000000,N=n^2,1,31,8.264462809917354,2.9952028245467877,0.9345517977815044,2.0606510267652833,-0.0185505692606431
1000,1000000,N=n^2,1,32,8.264462809917354,1.9997266498985773,0.042291885288592,1.9574347646099852,0.0264904132803702
1000,1000000,N=n^2,1,33,8.264462809917354,1.8697398554989135,0.3228212352443515,1.5469186202545622,-0.0865060266676926
1000,1000000,N=n^2,1,34,8.264462809917354,1.9178998920632704,0.2447122794633042,1.6731876125999658,-0.0636267995943971
1000,1000000,N=n^2,1,35,8.264462809917354,2.7298131535610706,0.2712149726140441,2.4585981809470265,-0.0456249180525137
1000,1000000,N=n^2,1,36,8.264462809917354,2.056495853338971,0.1476733322386414,1.9088225211003296,-0.1259509310978723
1000,1000000,N=n^2,1,37,8.264462809917354,2.990209601896391,0.5723422766181837,2.4178673252782072,0.055684358946907
1000,1000000,N=n^2,1,38,8.264462809917354,2.1968792563739905,0.1122707685878259,2.0846084877861646,0.0776846888463972
1000,1000000,N=n^2,1,39,8.264462809917354,1.9923033530631085,0.2920454520707818,1.7002579009923269,0.0089782915819517
1000,1000000,N=n^2,1,40,8.264462809917354,2.1821177972333397,0.4629930232959751,1.7191247739373647,0.0394796255284125
1000,1000000,N=n^2,1,41,8.264462809917354,2.4491192801321984,0.630167083777549,1.818952196354649,-0.0504569289388481
1000,1000000,N=n^2,1,42,8.264462809917354,1.995770606859516,0.2490039492999298,1.7467666575595864,0.0589280545263949
1000,1000000,N=n^2,1,43,8.264462809917354,2.2327398561284233,0.8231584223884699,1.4095814337399537,-0.0699711639245021
1000,1000000,N=n^2,1,44,8.264462809917354,2.08911136433401,0.5323785600490513,1.5567328042849589,-0.0416412824701611
1000,1000000,N=n^2,1,45,8.264462809917354,1.8010203937066995,0.0267441989869707,1.7742761947197287,-0.0693022109736666
1000,1000000,N=n^2,1,46,8.264462809917354,1.9237879887583813,0.0412852898844193,1.882502698873962,0.0788978936426319
1000,1000000,N=n^2,1,47,8.264462809917354,2.2413075744374265,0.3994009911990586,1.8419065832383676,0.0445836339776042
1000,1000000,N=n^2,1,48,8.264462809917354,1.9653092796631837,0.0969557418008058,1.8683535378623777,0.0090259394396868
1000,1000000,N=n^2,1,49,8.264462809917354,2.4568646835019345,0.7788518843883263,1.678012799113608,-0.019817859748759
1000,1000000,N=n^2,1,50,8.264462809917354,3.1231816781181174,0.7292810359385878,2.3939006421795295,-0.0115629693499374
1000,1000000,N=n^2,1,51,8.264462809917354,2.72760974885803,0.3834370482024194,2.3441727006556103,0.035104171945578
1000,1000000,N=n^2,1,52,8.264462809917354,1.9223994548827583,0.2317831401375327,1.6906163147452258,-0.0249955533778744
1000,1000000,N=n^2,1,53,8.264462809917354,3.6087502367349504,1.5890266062753735,2.019723630459577,0.0005795820502229
1000,1000000,N=n^2,1,54,8.264462809917354,1.8256789204416188,0.2342636820691561,1.591415238372463,0.0163808773776081
1000,1000000,N=n^2,1,55,8.264462809917354,2.2171321413229244,0.1791595999978136,2.037972541325111,-0.0543679756169976
1000,1000000,N=n^2,1,56,8.264462809917354,1.9366425324054692,0.2686230414995638,1.6680194909059054,-0.0106782455756578
1000,1000000,N=n^2,1,57,8.264462809917354,4.037644375377239,2.557333306557696,1.4803110688195424,-0.0407921637234802
1000,1000000,N=n^2,1,58,8.264462809917354,1.8680537630815004,0.1240748412873799,1.7439789217941204,0.0613608573513323
1000,1000000,N=n^2,1,59,8.264462809917354,2.5784141861420404,0.9527438370606072,1.6256703490814337,0.0273295212783545
1000,1000000,N=n^2,1,60,8.264462809917354,3.048432111274372,1.5186388949270198,1.5297932163473522,0.0464435484078073
1000,1000000,N=n^2,1,61,8.264462809917354,1.8790751580727816,0.2313131837684637,1.647761974304318,-0.0072419235096591
1000,1000000,N=n^2,1,62,8.264462809917354,2.446303247793015,0.2511109867409795,2.1951922610520356,0.0315863649123336
1000,1000000,N=n^2,1,63,8.264462809917354,1.8159986710769689,0.3771680443310574,1.4388306267459114,0.0551641898373035
1000,1000000,N=n^2,1,64,8.264462809917354,1.9394814269156624,0.1204257539447243,1.8190556729709384,-0.0239089541087902
1000,1000000,N=n^2,1,65,8.264462809917354,3.970288369781546,1.2809634485216572,2.689324921259889,0.048402791064022
1000,1000000,N=n^2,1,66,8.264462809917354,2.723068516046146,0.8787232808446337,1.844345235201512,-0.0780187021613313
1000,1000000,N=n^2,1,67,8.264462809917354,3.070997544277447,0.7846364116536937,2.286361132623753,0.0240826041204698
1000,1000000,N=n^2,1,68,8.264462809917354,2.719039323413153,0.9263277853794496,1.7927115380337035,0.1236674697371374
1000,1000000,N=n^2,1,69,8.264462809917354,2.6694419635329987,0.2238198926023788,2.44562207093062,-0.036975244894007
1000,1000000,N=n^2,1,70,8.264462809917354,2.5355160336174394,0.7275356450300666,1.8079803885873729,0.0036522939249299
1000,1000000,N=n^2,1,71,8.264462809917354,1.7798410213757794,0.2447640569383924,1.535076964437387,-0.1432209548221157
1000,1000000,N=n^2,1,72,8.264462809917354,3.327996280388245,0.7098799098982554,2.6181163704899895,-0.0103542651807734
1000,1000000,N=n^2,1,73,8.264462809917354,2.040395307544874,0.0742610432533009,1.9661342642915736,0.0713990233851075
1000,1000000,N=n^2,1,74,8.264462809917354,2.7707970305533784,0.9843553987202538,1.7864416318331244,0.0127941063365292
1000,1000000,N=n^2,1,75,8.264462809917354,2.7858942121979564,0.3080007663018312,2.4778934458961253,0.011693275946762
1000,1000000,N=n^2,1,76,8.264462809917354,2.657248323984502,0.2721126282950367,2.385135695689465,0.0309094497765377
1000,1000000,N=n^2,1,77,8.264462809917354,2.360391486124205,0.284958278115371,2.0754332080088336,-0.0511098599769709
1000,1000000,N=n^2,1,78,8.264462809917354,2.923938907785113,0.6668522926341167,2.257086615150996,-0.0431691373099964
1000,1000000,N=n^2,1,79,8.264462809917354,3.127353102772177,1.7994238420759254,1.3279292606962514,0.0250630634368215
1000,1000000,N=n^2,1,80,8.264462809917354,2.6638345513293005,0.6074089929630877,2.0564255583662128,-0.0317747250975746
1000,1000000,N=n^2,1,81,8.264462809917354,1.8926977755998928,0.1545502722788194,1.7381475033210734,0.0550250253938619
1000,1000000,N=n^2,1,82,8.264462809917354,2.3697506763698857,0.2956557479025698,2.074094928467316,-0.040058364327619
1000,1000000,N=n^2,1,83,8.264462809917354,1.9089358972586232,0.6006358192834211,1.3083000779752023,0.0407801090722286
1000,1000000,N=n^2,1,84,8.264462809917354,2.535317718776344,0.3892978535717667,2.146019865204577,-0.003547368771776
1000,1000000,N=n^2,1,85,8.264462809917354,2.015486899085878,0.2332422584054249,1.782244640680453,-0.0600834184649772
1000,1000000,N=n^2,1,86,8.264462809917354,2.1754084441678043,0.1930305742388173,1.9823778699289871,0.0103722466298662
1000,1000000,N=n^2,1,87,8.264462809917354,3.499816942466908,0.722651408007116,2.777165534459792,-0.0669372608704437
1000,1000000,N=n^2,1,88,8.264462809917354,2.728051965827052,1.114631371617846,1.613420594209206,0.0735349367313811
1000,1000000,N=n^2,1,89,8.264462809917354,2.39733574988739,0.324775795019136,2.072559954868254,-0.0044155596185657
1000,1000000,N=n^2,1,90,8.264462809917354,2.3961856051791504,0.4840402350886153,1.9121453700905349,0.1283411227078601
1000,1000000,N=n^2,1,91,8.264462809917354,2.367957887360391,0.3768966984002386,1.9910611889601528,0.0025318864376811
1000,1000000,N=n^2,1,92,8.264462809917354,2.400068336327749,0.5952863214791895,1.8047820148485592,0.0625243142252267
1000,1000000,N=n^2,1,93,8.264462809917354,2.4108442049488232,0.4174566862148057,1.9933875187340175,0.0121503308715845
1000,1000000,N=n^2,1,94,8.264462809917354,2.043307755217666,0.1829660082313318,1.860341746986334,0.0040583820905407
1000,1000000,N=n^2,1,95,8.264462809917354,1.8584844942871597,0.2244474376382046,1.634037056648955,-9.720712454536108e-05
1000,1000000,N=n^2,1,96,8.264462809917354,2.1337940017301418,0.3818325739626921,1.7519614277674496,-0.0129173210880654
1000,1000000,N=n^2,1,97,8.264462809917354,2.0005590498990413,0.2415899622910349,1.7589690876080066,0.0667005954002233
1000,1000000,N=n^2,1,98,8.264462809917354,3.0392807394835386,0.2129966870255477,2.826284052457991,-0.037753925702442
1000,1000000,N=n^2,1,99,8.264462809917354,2.8733574214564492,0.8536128554521237,2.0197445660043254,-0.076035844321698
1000,1000000,N=n^2,1,100,8.264462809917354,3.720186931544632,1.935191568643145,1.784995362901487,-0.0485422045620632
5000,5000,N=n,1,0,0.0082644628099173,7.536436166108517,1.2189295951075536,6.317506571000964,-0.0544080810035146
5000,5000,N=n,1,1,0.0082644628099173,7.759902113394498,1.3605956187381023,6.399306494656395,0.0104833602066978
5000,5000,N=n,1,2,0.0082644628099173,7.0599387824223365,0.3078129985738238,6.752125783848513,0.0327101328030806
5000,5000,N=n,1,3,0.0082644628099173,8.073798582936028,1.2636941620887483,6.81010442084728,-0.0100227344051791
5000,5000,N=n,1,4,0.0082644628099173,7.8725781467091025,0.7643513739657454,7.1082267727433575,-0.0258355631917641
5000,5000,N=n,1,5,0.0082644628099173,6.724479245680773,0.9770254991758032,5.74745374650497,0.0150000625020252
5000,5000,N=n,1,6,0.0082644628099173,8.48170852428286,1.3171586940083522,7.164549830274508,-0.0301034879174637
5000,5000,N=n,1,7,0.0082644628099173,7.098055306780293,0.4420351521563456,6.656020154623947,-0.0898363202222493
5000,5000,N=n,1,8,0.0082644628099173,7.644290355762672,1.877680651696894,5.766609704065779,0.0097369321359763
5000,5000,N=n,1,9,0.0082644628099173,7.450162338246749,1.192137169327734,6.258025168919016,0.0294100677643994
5000,5000,N=n,1,10,0.0082644628099173,8.301627710959588,1.5703492736690114,6.731278437290577,-0.022458063929002
5000,5000,N=n,1,11,0.0082644628099173,6.468313996102375,0.5098831475283039,5.958430848574071,0.0101148052622963
5000,5000,N=n,1,12,0.0082644628099173,6.813333357308932,0.3022159191206708,6.511117438188261,0.019782078462759
5000,5000,N=n,1,13,0.0082644628099173,7.19194768232358,0.4273934074112033,6.764554274912376,-0.0007859728208342
5000,5000,N=n,1,14,0.0082644628099173,6.322597070540319,0.4886687572926669,5.833928313247652,0.0396958108844091
5000,5000,N=n,1,15,0.0082644628099173,7.168737063112513,0.4492638191152343,6.719473243997278,0.0416103292009415
5000,5000,N=n,1,16,0.0082644628099173,7.04882858163328,0.3077842247387886,6.741044356894491,0.0550361877587193
5000,5000,N=n,1,17,0.0082644628099173,8.944229326714721,2.3151622869172024,6.629067039797519,-0.040905723273885
5000,5000,N=n,1,18,0.0082644628099173,6.879350030864362,0.532010210613908,6.347339820250454,3.0451323854453424e-05
5000,5000,N=n,1,19,0.0082644628099173,7.386591394904247,1.0523186797670854,6.334272715137162,0.035307872854818
5000,5000,N=n,1,20,0.0082644628099173,7.678293861996236,0.4940065525096685,7.184287309486567,0.0237671806357164
5000,5000,N=n,1,21,0.0082644628099173,7.699542906918692,1.0426760136356887,6.656866893283004,-0.0596907114493417
5000,5000,N=n,1,22,0.0082644628099173,6.941713605377505,0.4228709482289105,6.5188426571485945,-0.0369761555061103
5000,5000,N=n,1,23,0.0082644628099173,8.111046655597882,0.9846146619263724,7.12643199367151,-0.0232404970400393
5000,5000,N=n,1,24,0.0082644628099173,7.717277838928071,0.4827145666467846,7.234563272281287,-0.0373735257030408
5000,5000,N=n,1,25,0.0082644628099173,6.92180893549233,0.9973808817749186,5.924428053717412,0.063830597884199
5000,5000,N=n,1,26,0.0082644628099173,8.060056920140985,1.0631841418457608,6.996872778295224,0.0188779619138662
5000,5000,N=n,1,27,0.0082644628099173,8.011108385625976,0.5627072929089371,7.448401092717038,-0.0832093784132939
5000,5000,N=n,1,28,0.0082644628099173,7.111214681302353,0.6011577044727913,6.510056976829562,-0.0350542914677606
5000,5000,N=n,1,29,0.0082644628099173,7.167123336820852,1.1067260912113797,6.060397245609472,0.028153438880685
5000,5000,N=n,1,30,0.0082644628099173,8.697533429496536,0.8432536088829743,7.854279820613562,0.0595665684467089
5000,5000,N=n,1,31,0.0082644628099173,7.9077111398666755,0.987136681803662,6.9205744580630135,0.0234291217158726
5000,5000,N=n,1,32,0.0082644628099173,7.18372150121689,0.790537229848485,6.393184271368405,0.0876865240290862
5000,5000,N=n,1,33,0.0082644628099173,7.655133953722246,0.5968200705179026,7.0583138832043435,-0.0190526992752101
5000,5000,N=n,1,34,0.0082644628099173,7.574725593688838,0.7411390262176077,6.8335865674712295,-0.0763906673613025
5000,5000,N=n,1,35,0.0082644628099173,7.434187134586039,1.540295697776887,5.893891436809152,0.0154958757764552
5000,5000,N=n,1,36,0.0082644628099173,8.726163109853818,3.0251594961537096,5.701003613700109,-0.1235799405530084
5000,5000,N=n,1,37,0.0082644628099173,8.011413637619412,1.2358409600225726,6.7755726775968395,-0.0094168312875496
5000,5000,N=n,1,38,0.0082644628099173,7.802969300301351,0.7060732879682001,7.096896012333151,0.0373277570315398
5000,5000,N=n,1,39,0.0082644628099173,8.27944807537124,1.4319661462759543,6.847481929095286,0.0121326789178334
5000,5000,N=n,1,40,0.0082644628099173,8.585747536723135,0.8116569169447745,7.77409061977836,0.0718848604464111
5000,5000,N=n,1,41,0.0082644628099173,7.531546675645021,0.9250579605580724,6.6064887150869485,0.0919619883550684
5000,5000,N=n,1,42,0.0082644628099173,7.225214897922551,1.2855244258777008,5.93969047204485,-0.0161100069370402
5000,5000,N=n,1,43,0.0082644628099173,7.6900203716487665,0.4438740007440165,7.24614637090475,0.0324508620833826
5000,5000,N=n,1,44,0.0082644628099173,7.271593451664344,1.269647099045356,6.0019463526189885,0.0238827852375304
5000,5000,N=n,1,45,0.0082644628099173,8.346219042455772,1.8393680928922969,6.506850949563475,0.0530438435006345
5000,5000,N=n,1,46,0.0082644628099173,6.624895224763256,0.5266641229418979,6.098231101821359,-0.0064429798263696
5000,5000,N=n,1,47,0.0082644628099173,7.095299310698158,0.3559555319207859,6.739343778777371,0.0894517678391012
5000,5000,N=n,1,48,0.0082644628099173,6.722499832009946,0.6743668860925531,6.048132945917393,-0.0038571035127255
5000,5000,N=n,1,49,0.0082644628099173,8.082303248865125,1.2826868367755409,6.799616412089584,0.0579796588224642
5000,5000,N=n,1,50,0.0082644628099173,8.014209370465199,1.0147212767882254,6.999488093676973,0.0587936557594536
5000,5000,N=n,1,51,0.0082644628099173,10.17569084294198,2.095189688852215,8.080501154089763,-0.0609007074926771
5000,5000,N=n,1,52,0.0082644628099173,7.866655625411967,1.283746881581528,6.582908743830439,-0.0253076829820851
5000,5000,N=n,1,53,0.0082644628099173,8.780411326876592,1.3466957680094975,7.433715558867094,0.1204434949405367
5000,5000,N=n,1,54,0.0082644628099173,8.151133609867347,1.0137049464285723,7.137428663438776,0.0161251788531536
5000,5000,N=n,1,55,0.0082644628099173,7.972125006787147,1.835524595645572,6.1366004111415755,-0.0548610303121521
5000,5000,N=n,1,56,0.0082644628099173,7.4765246757303006,1.061421678887217,6.415102996843084,-0.117713120583316
5000,5000,N=n,1,57,0.0082644628099173,7.791152051594744,0.7561577308571144,7.0349943207376295,-0.0426812139568014
5000,5000,N=n,1,58,0.0082644628099173,8.12632622793779,1.0589596492071194,7.06736657873067,-0.0394281196670398
5000,5000,N=n,1,59,0.0082644628099173,6.122884061910001,0.2244558230787481,5.898428238831253,0.054808202331362
5000,5000,N=n,1,60,0.0082644628099173,7.024791270087366,0.9373831911567032,6.087408078930663,0.0187756061444419
5000,5000,N=n,1,61,0.0082644628099173,8.119259606894383,2.0938456260349323,6.025413980859451,-0.0662656530732839
5000,5000,N=n,1,62,0.0082644628099173,6.2365585472672045,0.435549208795248,5.801009338471957,-0.0650804409913482
5000,5000,N=n,1,63,0.0082644628099173,8.324261403323293,1.478923069910616,6.845338333412677,0.0248190871854922
5000,5000,N=n,1,64,0.0082644628099173,9.558879707582404,1.358880030405375,8.199999677177027,-0.0699617101581907
5000,5000,N=n,1,65,0.0082644628099173,8.081379771964624,1.1031893221664872,6.978190449798136,0.0170295922347672
5000,5000,N=n,1,66,0.0082644628099173,8.312115090807616,1.146100897748689,7.166014193058928,0.0537909851947009
5000,5000,N=n,1,67,0.0082644628099173,7.170838822050648,0.5400098779536384,6.63082894409701,0.0024426520354806
5000,5000,N=n,1,68,0.0082644628099173,7.485681390554628,0.857504548854028,6.628176841700601,-0.0947386301896452
5000,5000,N=n,1,69,0.0082644628099173,7.537063917576451,0.4284256244257462,7.108638293150705,-0.0434484890939486
5000,5000,N=n,1,70,0.0082644628099173,7.873232809915239,0.6766619581730906,7.196570851742148,0.0165648663977103
5000,5000,N=n,1,71,0.0082644628099173,9.061036970485231,0.9560752548010248,8.104961715684208,0.1097340003966372
5000,5000,N=n,1,72,0.0082644628099173,7.551446428299184,1.0743587139559445,6.47708771434324,0.1312991239279012
5000,5000,N=n,1,73,0.0082644628099173,7.536315861871831,1.485367312370231,6.0509485495016,-0.0051050293113455
5000,5000,N=n,1,74,0.0082644628099173,7.979879784023368,1.6128202891590149,6.367059494864353,0.0338774969198262
5000,5000,N=n,1,75,0.0082644628099173,7.3898167523865474,0.8479022917300636,6.541914460656484,-0.0635000736348547
5000,5000,N=n,1,76,0.0082644628099173,7.886424344036144,1.6614001111391226,6.225024232897022,0.0502001538394453
5000,5000,N=n,1,77,0.0082644628099173,7.711576417559252,0.8379246966299365,6.873651720929315,0.0220463144758525
5000,5000,N=n,1,78,0.0082644628099173,7.145916857403729,0.8933431340672467,6.252573723336482,-0.0170053478729067
5000,5000,N=n,1,79,0.0082644628099173,7.0746789724307275,0.7662635814649593,6.308415390965768,0.0650421617266533
5000,5000,N=n,1,80,0.0082644628099173,7.1525707325864145,0.6228019182258903,6.529768814360525,0.0313863356319457
5000,5000,N=n,1,81,0.0082644628099173,7.593674491609233,1.1210691490792128,6.47260534253002,-0.0640483525174166
5000,5000,N=n,1,82,0.0082644628099173,7.458877988221029,0.9823778403006896,6.476500147920339,-0.0192550053320072
5000,5000,N=n,1,83,0.0082644628099173,7.958605811297446,1.347281260724994,6.611324550572451,0.0472012078451968
5000,5000,N=n,1,84,0.0082644628099173,7.104992518576796,0.7510289444936861,6.35396357408311,-0.0388402547678303
5000,5000,N=n,1,85,0.0082644628099173,6.811826522132165,0.8605249315941452,5.951301590538019,0.0113905849669986
5000,5000,N=n,1,86,0.0082644628099173,8.20514261524744,1.573880496366722,6.631262118880718,0.0109148815402841
5000,5000,N=n,1,87,0.0082644628099173,6.688435230098611,0.991443893335281,5.696991336763331,0.0327177210767862
5000,5000,N=n,1,88,0.0082644628099173,7.207913442926567,0.6645251194045722,6.543388323521995,-0.0710077742552684
5000,5000,N=n,1,89,0.0082644628099173,7.231233150054161,1.3058380555224358,5.925395094531725,-0.0081223757773685
5000,5000,N=n,1,90,0.0082644628099173,7.2689800810072285,0.7704681745978554,6.498511906409373,0.0199253188813524
5000,5000,N=n,1,91,0.0082644628099173,8.315367864517267,0.9059265023797488,7.409441362137517,0.0892435301167262
5000,5000,N=n,1,92,0.0082644628099173,7.745816480302704,0.7222576859081471,7.023558794394557,-0.0447456434390135
5000,5000,N=n,1,93,0.0082644628099173,7.517980752439896,0.727377572638708,6.790603179801188,0.0310468705572099
5000,5000,N=n,1,94,0.0082644628099173,7.083900091496209,0.5376612774494683,6.54623881404674,0.0792409648655841
5000,5000,N=n,1,95,0.0082644628099173,6.785852165090885,0.901815911030854,5.884036254060032,-0.1180746598536006
5000,5000,N=n,1,96,0.0082644628099173,6.847951324440749,0.5546252708258121,6.293326053614937,0.0267575205395478
5000,5000,N=n,1,97,0.0082644628099173,6.651314261076923,0.8006203308707462,5.850693930206177,0.0056692938510398
5000,5000,N=n,1,98,0.0082644628099173,7.26465611722237,0.74708025199186,6.51757586523051,0.0180646146661235
5000,5000,N=n,1,99,0.0082644628099173,7.576940939331042,1.220576992611333,6.356363946719709,0.0205732030194544
5000,5000,N=n,1,100,0.0082644628099173,6.465216134566666,0.4579580239080726,6.007258110658594,0.0483767584877229
5000,42585,N=n log(n),1,0,0.0703884297520661,4.418035543708347,0.4981823138384093,3.919853229869938,-0.0603468925730733
5000,42585,N=n log(n),1,1,0.0703884297520661,4.933457992234016,0.953014771456215,3.9804432207778007,0.0647819178106771
5000,42585,N=n log(n),1,2,0.0703884297520661,4.284283572314354,0.6465839200713146,3.63769965224304,0.0048802383740111
5000,42585,N=n log(n),1,3,0.0703884297520661,4.3833741208348,1.0484988092261212,3.3348753116086787,-0.0167962245383368
5000,42585,N=n log(n),1,4,0.0703884297520661,5.070413804654432,1.3033791149781595,3.767034689676272,-0.0203582550668482
5000,42585,N=n log(n),1,5,0.0703884297520661,4.238695492683817,0.3811781972555312,3.857517295428286,-0.0779113337649055
5000,42585,N=n log(n),1,6,0.0703884297520661,4.618674139319526,0.9404694394877734,3.678204699831753,-0.007807813797864
5000,42585,N=n log(n),1,7,0.0703884297520661,4.396253701294939,0.6723240070436958,3.723929694251243,-0.0644691530388464
5000,42585,N=n log(n),1,8,0.0703884297520661,5.44950762243188,1.104458620687777,4.345049001744103,-0.0829227627551608
5000,42585,N=n log(n),1,9,0.0703884297520661,5.1187446258948475,1.2370005337470031,3.881744092147844,-0.0851765969756695
5000,42585,N=n log(n),1,10,0.0703884297520661,4.729660644703466,0.5609200132682116,4.168740631435254,-0.0375930575910263
5000,42585,N=n log(n),1,11,0.0703884297520661,4.291978532142439,0.536358496733735,3.755620035408704,-0.0338646436191667
5000,42585,N=n log(n),1,12,0.0703884297520661,4.900387966745087,1.5633339275704694,3.3370540391746175,-0.0801882330177048
5000,42585,N=n log(n),1,13,0.0703884297520661,3.899563780077183,0.7553151227107382,3.144248657366445,0.0015394809048969
5000,42585,N=n log(n),1,14,0.0703884297520661,4.249700346542957,0.2165416706786376,4.033158675864319,-0.0991295074788439
5000,42585,N=n log(n),1,15,0.0703884297520661,6.061994636596157,1.4802276342828558,4.581767002313301,0.1215096497610124
5000,42585,N=n log(n),1,16,0.0703884297520661,3.93410876301001,0.4245513331670373,3.509557429842973,-0.0671958808212303
5000,42585,N=n log(n),1,17,0.0703884297520661,3.972803942989379,0.2198279150615121,3.7529760279278666,0.0267005408992676
5000,42585,N=n log(n),1,18,0.0703884297520661,4.602410120440815,0.6822001554081131,3.9202099650327025,-0.0237058930411713
5000,42585,N=n log(n),1,19,0.0703884297520661,4.955173498960015,0.7876067162786613,4.167566782681353,0.0095962620842783
5000,42585,N=n log(n),1,20,0.0703884297520661,3.640968734792852,0.5883157157658845,3.052653019026968,0.0147873520597661
5000,42585,N=n log(n),1,21,0.0703884297520661,4.093800272418117,0.1865660444703243,3.907234227947793,0.0516308080049635
5000,42585,N=n log(n),1,22,0.0703884297520661,4.464259572116561,0.5772090998668677,3.887050472249694,0.0308479420631597
5000,42585,N=n log(n),1,23,0.0703884297520661,4.2764888909553065,0.5492965449897632,3.727192345965543,-0.0589214746909105
5000,42585,N=n log(n),1,24,0.0703884297520661,3.949174209320894,0.7921727053124973,3.157001504008397,0.0380677487277466
5000,42585,N=n log(n),1,25,0.0703884297520661,5.637232889269959,1.5624169766679392,4.07481591260202,0.116708508906251
5000,42585,N=n log(n),1,26,0.0703884297520661,4.459929099642573,1.4950192206224395,2.9649098790201336,-0.0169854141642048
5000,42585,N=n log(n),1,27,0.0703884297520661,4.273000440555128,0.62726579082153,3.6457346497335976,-0.0155851146183989
5000,42585,N=n log(n),1,28,0.0703884297520661,4.189210362327275,0.5631832038328817,3.6260271584943937,0.0184674681997076
5000,42585,N=n log(n),1,29,0.0703884297520661,5.0087259431887885,1.1809750250897444,3.827750918099044,0.0021048641652208
5000,42585,N=n log(n),1,30,0.0703884297520661,4.0251355372816855,0.3577335026579707,3.6674020346237146,-0.0759507589804076
5000,42585,N=n log(n),1,31,0.0703884297520661,4.152940200632196,0.8677577755084249,3.2851824251237716,0.0095136522959104
5000,42585,N=n log(n),1,32,0.0703884297520661,3.931350701508624,0.2266159936313964,3.7047347078772273,-0.0477343875765841
5000,42585,N=n log(n),1,33,0.0703884297520661,5.346938698685271,1.4865627880977854,3.8603759105874857,-0.0375013085429161
5000,42585,N=n log(n),1,34,0.0703884297520661,3.228438974749455,0.0185842174752244,3.209854757274231,0.0185708966829011
5000,42585,N=n log(n),1,35,0.0703884297520661,4.465863027569998,0.7384052580726279,3.72745776949737,-0.0644108671765696
5000,42585,N=n log(n),1,36,0.0703884297520661,4.947734351601987,1.3626003661814023,3.585133985420585,0.0322674366749474
5000,42585,N=n log(n),1,37,0.0703884297520661,5.682055130611152,2.1791646635846607,3.502890467026491,0.0379284719357042
5000,42585,N=n log(n),1,38,0.0703884297520661,4.547346672569688,1.2161375554961489,3.3312091170735396,-0.0755735316063769
5000,42585,N=n log(n),1,39,0.0703884297520661,4.788573485738317,1.0645147697015065,3.7240587160368097,0.0262173318344197
5000,42585,N=n log(n),1,40,0.0703884297520661,6.29725796768808,2.4653177556117507,3.8319402120763297,-0.0058054078552166
5000,42585,N=n log(n),1,41,0.0703884297520661,4.148498723359597,0.4850832383374835,3.6634154850221137,-0.0041635143424076
5000,42585,N=n log(n),1,42,0.0703884297520661,3.822235602085245,0.0729017209785018,3.749333881106743,-0.0179268412153408
5000,42585,N=n log(n),1,43,0.0703884297520661,5.338634771462703,1.2876519420739898,4.050982829388714,-0.0068626904253099
5000,42585,N=n log(n),1,44,0.0703884297520661,3.772618680091469,0.1732163114734762,3.599402368617993,0.0209122708980135
5000,42585,N=n log(n),1,45,0.0703884297520661,6.196751865894422,2.917869946758968,3.278881919135454,-0.0341420174847503
5000,42585,N=n log(n),1,46,0.0703884297520661,3.930242047324114,0.2410400534994574,3.689201993824657,0.116011215891058
5000,42585,N=n log(n),1,47,0.0703884297520661,4.2374706198312415,0.1379861055539895,4.099484514277252,0.0213881874399517
5000,42585,N=n log(n),1,48,0.0703884297520661,3.6735139656902938,0.8016977260000253,2.8718162396902684,0.0660920152255693
5000,42585,N=n log(n),1,49,0.0703884297520661,4.205671944295064,0.8654863577883116,3.3401855865067525,0.092709139742102
5000,42585,N=n log(n),1,50,0.0703884297520661,4.011409894610999,0.5713793239316982,3.4400305706793013,-0.0151952566643684
5000,42585,N=n log(n),1,51,0.0703884297520661,4.879570984231771,0.973584329304209,3.9059866549275615,-0.0941759847308265
5000,42585,N=n log(n),1,52,0.0703884297520661,4.5012843959847455,0.5098068479934811,3.991477547991265,-0.0807626349975941
5000,42585,N=n log(n),1,53,0.0703884297520661,5.992410673010957,1.910670788009229,4.081739885001728,0.0223658582007843
5000,42585,N=n log(n),1,54,0.0703884297520661,6.405149464222151,2.950410764775774,3.454738699446377,0.0474478273282448
5000,42585,N=n log(n),1,55,0.0703884297520661,3.393210264639386,0.2789986263260605,3.114211638313325,-0.0108110828172788
5000,42585,N=n log(n),1,56,0.0703884297520661,4.0014532968332315,0.4168646501020079,3.5845886467312233,0.0518124030633739
5000,42585,N=n log(n),1,57,0.0703884297520661,4.015981370499241,0.3201009316534909,3.69588043884575,-0.0001568726514233
5000,42585,N=n log(n),1,58,0.0703884297520661,4.697445801915004,1.1447670166042223,3.552678785310782,-0.0123873009813765
5000,42585,N=n log(n),1,59,0.0703884297520661,4.497820356087012,0.7878111410902691,3.7100092149967434,-0.0525271301332375
5000,42585,N=n log(n),1,60,0.0703884297520661,4.592475807073764,0.6172758291013175,3.975199977972446,0.0146187213958553
5000,42585,N=n log(n),1,61,0.0703884297520661,4.869376624549926,1.2877764025898992,3.581600221960027,0.0300448608034301
5000,42585,N=n log(n),1,62,0.0703884297520661,3.518105352116678,0.4467459999391771,3.0713593521775007,0.0169170917781435
5000,42585,N=n log(n),1,63,0.0703884297520661,4.8000610621933335,0.2039072258971941,4.596153836296139,-0.0827166693571296
5000,42585,N=n log(n),1,64,0.0703884297520661,3.85460251302308,0.3072554138719162,3.547347099151164,-0.0793112684084082
5000,42585,N=n log(n),1,65,0.0703884297520661,4.208818207999961,0.36938859775238,3.839429610247582,-0.0446669030553781
5000,42585,N=n log(n),1,66,0.0703884297520661,4.642143109164731,1.4218333919460804,3.220309717218651,0.0545991841456398
5000,42585,N=n log(n),1,67,0.0703884297520661,4.419457483181686,0.6016717131354419,3.817785770046244,0.0169336190740608
5000,42585,N=n log(n),1,68,0.0703884297520661,4.780791411589073,1.473783661773639,3.3070077498154333,-0.0843969679450062
5000,42585,N=n log(n),1,69,0.0703884297520661,3.9634476845180826,0.3815283358050071,3.5819193487130754,0.0208140250516969
5000,42585,N=n log(n),1,70,0.0703884297520661,5.54946558508958,1.8261304740909483,3.7233351109986312,0.0185112347038355
5000,42585,N=n log(n),1,71,0.0703884297520661,4.413002372048558,0.6026533553464212,3.810349016702137,-0.1136601331514306
5000,42585,N=n log(n),1,72,0.0703884297520661,6.151606501735082,2.8165702188538733,3.335036282881209,-0.0652718073458865
5000,42585,N=n log(n),1,73,0.0703884297520661,4.391787087259483,0.8808776402325965,3.5109094470268865,-0.1249068171913497
5000,42585,N=n log(n),1,74,0.0703884297520661,4.5026591355532,1.3666655516156232,3.1359935839375765,-0.045211713078217
5000,42585,N=n log(n),1,75,0.0703884297520661,4.213878236566288,0.1556264801319603,4.058251756434327,-0.0011196582005361
5000,42585,N=n log(n),1,76,0.0703884297520661,4.46804947182682,0.460733540438277,4.007315931388543,-0.0140564531940499
5000,42585,N=n log(n),1,77,0.0703884297520661,4.287876371165117,0.946542931046269,3.3413334401188486,-0.0246129298871501
5000,42585,N=n log(n),1,78,0.0703884297520661,4.332254120820885,0.7420334041992295,3.590220716621655,0.0851268068862892
5000,42585,N=n log(n),1,79,0.0703884297520661,3.446772090943595,0.2437639092881554,3.2030081816554397,-0.0958333321386914
5000,42585,N=n log(n),1,80,0.0703884297520661,5.116396916507642,0.918300560676143,4.198096355831499,-0.0320127386733682
5000,42585,N=n log(n),1,81,0.0703884297520661,3.5096216583568496,0.2910798788779485,3.218541779478901,-0.0129627405894996
5000,42585,N=n log(n),1,82,0.0703884297520661,4.520879133138995,0.8025330771142791,3.718346056024716,-0.0080916281545275
5000,42585,N=n log(n),1,83,0.0703884297520661,5.800706728280474,1.9827245777653173,3.817982150515157,0.0230815894325013
5000,42585,N=n log(n),1,84,0.0703884297520661,3.685618080961342,0.1652156481389376,3.5204024328224044,-0.0421568818286187
5000,42585,N=n log(n),1,85,0.0703884297520661,4.930101481234667,0.9449088478616844,3.985192633372982,0.0625003927642492
5000,42585,N=n log(n),1,86,0.0703884297520661,4.055275951256866,0.1809958121334805,3.8742801391233854,-0.0034741206315833
5000,42585,N=n log(n),1,87,0.0703884297520661,4.878148303273393,0.976534216842698,3.901614086430696,0.0382807773385897
5000,42585,N=n log(n),1,88,0.0703884297520661,6.021785149314112,2.575453311138705,3.446331838175407,0.0230409663686323
5000,42585,N=n log(n),1,89,0.0703884297520661,4.29451630905646,0.2368169369158383,4.057699372140622,-0.0072638842352078
5000,42585,N=n log(n),1,90,0.0703884297520661,4.5662805391689965,0.6675497660366454,3.898730773132351,-0.0992439754435168
5000,42585,N=n log(n),1,91,0.0703884297520661,4.313856156106449,0.7284851014889486,3.5853710546175,-0.1006063777559263
5000,42585,N=n log(n),1,92,0.0703884297520661,3.948095439403863,0.7416733652827312,3.206422074121132,0.0002822651602201
5000,42585,N=n log(n),1,93,0.0703884297520661,5.947450204091115,1.781513466626378,4.165936737464737,0.036779819406372
5000,42585,N=n log(n),1,94,0.0703884297520661,4.271614090968504,0.2095283780358491,4.062085712932655,0.0195366760199134
5000,42585,N=n log(n),1,95,0.0703884297520661,4.008710337542208,0.4529562562166553,3.555754081325553,0.0762745514515143
5000,42585,N=n log(n),1,96,0.0703884297520661,3.760135763013743,0.3354080901765197,3.424727672837223,0.0055098463661259
5000,42585,N=n log(n),1,97,0.0703884297520661,4.507749515007668,0.6182577278080383,3.8894917871996295,-0.0024460807765815
5000,42585,N=n log(n),1,98,0.0703884297520661,4.498754246600875,0.5075424858234372,3.991211760777438,0.033261525543525
5000,42585,N=n log(n),1,99,0.0703884297520661,4.920630106424675,1.385234978416736,3.5353951280079396,-0.0209910182852787
5000,42585,N=n log(n),1,100,0.0703884297520661,3.934159280127605,0.2768190874761153,3.657340192651489,0.1371059073153011
5000,353553,N=n^(3/2),1,0,0.5843851239669422,2.904066556212893,0.8864041969100322,2.017662359302861,0.0533453342161647
5000,353553,N=n^(3/2),1,1,0.5843851239669422,5.213064239160804,1.4673126297223256,3.745751609438478,0.031076361874451
5000,353553,N=n^(3/2),1,2,0.5843851239669422,2.918378384885533,0.8297221688736737,2.0886562160118594,0.0042881764714904
5000,353553,N=n^(3/2),1,3,0.5843851239669422,3.489080990752657,1.361051978201094,2.128029012551563,0.0018321925780507
5000,353553,N=n^(3/2),1,4,0.5843851239669422,2.8327311932482626,0.5227015365203425,2.31002965672792,-0.0089328189157126
5000,353553,N=n^(3/2),1,5,0.5843851239669422,2.4016804259887214,0.4459821257967008,1.9556983001920203,-0.1080670521837881
5000,353553,N=n^(3/2),1,6,0.5843851239669422,2.819056087176798,0.6484329084158925,2.1706231787609056,0.0152892660265708
5000,353553,N=n^(3/2),1,7,0.5843851239669422,4.455649487262816,2.3075490517587465,2.1481004355040696,-0.000413178858329
5000,353553,N=n^(3/2),1,8,0.5843851239669422,2.9125975588167456,0.2763507968851363,2.6362467619316092,0.0381427921609626
5000,353553,N=n^(3/2),1,9,0.5843851239669422,2.664090339723605,0.100047673620366,2.564042666103239,0.0779959809513569
5000,353553,N=n^(3/2),1,10,0.5843851239669422,4.49057550153533,1.1381015887241452,3.3524739128111847,0.1140579533834379
5000,353553,N=n^(3/2),1,11,0.5843851239669422,2.6441568763684424,0.0856945084162114,2.558462367952231,-0.0409424139040895
5000,353553,N=n^(3/2),1,12,0.5843851239669422,2.702229540870198,0.5518614330110183,2.1503681078591796,0.0062729689292763
5000,353553,N=n^(3/2),1,13,0.5843851239669422,2.79281219522975,0.4121596904313521,2.380652504798398,-0.0047819802482264
5000,353553,N=n^(3/2),1,14,0.5843851239669422,2.933238938971805,0.2965416100795529,2.636697328892252,0.0031970822392924
5000,353553,N=n^(3/2),1,15,0.5843851239669422,4.3131842878933355,1.2216789993063588,3.0915052885869763,0.062539327965582
5000,353553,N=n^(3/2),1,16,0.5843851239669422,3.2170995750834748,0.9689777833409372,2.2481217917425376,0.0482930111402256
5000,353553,N=n^(3/2),1,17,0.5843851239669422,2.9867450694315045,0.9518967676023168,2.0348483018291876,-0.0306329589470352
5000,353553,N=n^(3/2),1,18,0.5843851239669422,2.584397839642012,0.2135306349617174,2.3708672046802945,-0.1295485593977835
5000,353553,N=n^(3/2),1,19,0.5843851239669422,4.444670471823267,1.631708578402758,2.8129618934205087,0.0385459615265679
5000,353553,N=n^(3/2),1,20,0.5843851239669422,2.7323022464233726,0.2934296812723571,2.4388725651510157,-0.0349670329440075
5000,353553,N=n^(3/2),1,21,0.5843851239669422,3.0213511863106888,0.5025184026511164,2.5188327836595725,0.1159703229497216
5000,353553,N=n^(3/2),1,22,0.5843851239669422,4.339123134901187,1.1792636092123834,3.1598595256888036,-0.0512426998293855
5000,353553,N=n^(3/2),1,23,0.5843851239669422,3.108471065332766,0.2201003860749212,2.8883706792578447,0.0811515438076274
5000,353553,N=n^(3/2),1,24,0.5843851239669422,3.182968950622106,1.1430392629286297,2.0399296876934763,-0.0270687356185519
5000,353553,N=n^(3/2),1,25,0.5843851239669422,2.732305163417096,0.1614920298980571,2.5708131335190387,-0.0148786830791038
5000,353553,N=n^(3/2),1,26,0.5843851239669422,2.455679317656693,0.1618274951792219,2.293851822477471,0.0262506056221865
5000,353553,N=n^(3/2),1,27,0.5843851239669422,3.2227480477805055,0.5473290616294437,2.6754189861510618,-0.063816612892177
5000,353553,N=n^(3/2),1,28,0.5843851239669422,2.792651015983447,0.226004873448268,2.5666461425351788,0.0016936906326964
5000,353553,N=n^(3/2),1,29,0.5843851239669422,2.398915542955055,0.1677882273087041,2.2311273156463507,0.0436210889938423
5000,353553,N=n^(3/2),1,30,0.5843851239669422,2.9163268498677164,0.6306364912623518,2.2856903586053647,-0.0303623733947733
5000,353553,N=n^(3/2),1,31,0.5843851239669422,3.187019512242263,0.2858518298514106,2.9011676823908523,0.053301734953762
5000,353553,N=n^(3/2),1,32,0.5843851239669422,2.921889936265133,0.2588805411291996,2.6630093951359335,0.0038735799226512
5000,353553,N=n^(3/2),1,33,0.5843851239669422,4.412503179429928,1.3704750473956988,3.042028132034229,-0.0962101931608724
5000,353553,N=n^(3/2),1,34,0.5843851239669422,5.126900337562009,2.4329313108498267,2.693969026712182,0.0601883669570877
5000,353553,N=n^(3/2),1,35,0.5843851239669422,2.586011438017289,0.185636850503039,2.40037458751425,-0.0638823794029349
5000,353553,N=n^(3/2),1,36,0.5843851239669422,2.7727046760455414,0.4449732842162202,2.327731391829321,-0.0234349632618954
5000,353553,N=n^(3/2),1,37,0.5843851239669422,2.556600924253757,0.3951306727213679,2.161470251532389,0.0112563342356926
5000,353553,N=n^(3/2),1,38,0.5843851239669422,2.649587316581694,0.3455326659804475,2.3040546506012465,0.0080968739972747
5000,353553,N=n^(3/2),1,39,0.5843851239669422,2.789677385089949,0.71931907996229,2.070358305127659,-0.0630679555488859
5000,353553,N=n^(3/2),1,40,0.5843851239669422,2.7849113062635587,0.513285204299783,2.2716261019637756,-0.0430237102056888
5000,353553,N=n^(3/2),1,41,0.5843851239669422,3.206702048499302,0.5571771039273455,2.649524944571956,-0.0225680619885257
5000,353553,N=n^(3/2),1,42,0.5843851239669422,2.561986455471702,0.3506871954290171,2.2112992600426846,0.0195884623611993
5000,353553,N=n^(3/2),1,43,0.5843851239669422,3.66106357507787,0.8636090031617504,2.79745457191612,0.040724397894194
5000,353553,N=n^(3/2),1,44,0.5843851239669422,2.5716586883442942,0.1968841950889069,2.374774493255387,0.0286147727353901
5000,353553,N=n^(3/2),1,45,0.5843851239669422,4.436737015751763,2.478514496291307,1.958222519460456,0.0282441231816893
5000,353553,N=n^(3/2),1,46,0.5843851239669422,3.6908930848977097,0.962892730383542,2.728000354514167,0.0995877710976039
5000,353553,N=n^(3/2),1,47,0.5843851239669422,4.022463923651797,0.86458396810564,3.157879955546157,0.0240669732401662
5000,353553,N=n^(3/2),1,48,0.5843851239669422,2.966246060952806,0.8230026365943394,2.1432434243584666,0.0483084657166279
5000,353553,N=n^(3/2),1,49,0.5843851239669422,4.626451126604088,2.4907391116755324,2.135712014928556,-0.0735632731682794
5000,353553,N=n^(3/2),1,50,0.5843851239669422,2.343033573903586,0.0948749146007266,2.2481586593028595,0.0177613444134185
5000,353553,N=n^(3/2),1,51,0.5843851239669422,3.4976272350408784,0.8517576818572378,2.6458695531836405,0.0002729288287511
5000,353553,N=n^(3/2),1,52,0.5843851239669422,2.8477795318390813,0.3297226889690464,2.5180568428700347,-0.0272829206220463
5000,353553,N=n^(3/2),1,53,0.5843851239669422,3.717040733226508,1.7073463888285187,2.009694344397989,-0.0285486504879307
5000,353553,N=n^(3/2),1,54,0.5843851239669422,3.4703973467858225,1.1679046644894369,2.3024926822963856,-0.0204709259971839
5000,353553,N=n^(3/2),1,55,0.5843851239669422,4.217217272763837,1.078006154705851,3.139211118057986,-0.0005947075911105
5000,353553,N=n^(3/2),1,56,0.5843851239669422,2.816722705245859,0.4632097523462826,2.3535129528995764,0.0054251004656584
5000,353553,N=n^(3/2),1,57,0.5843851239669422,2.9798903993008756,0.4152602883415545,2.564630110959321,0.048139780517425
5000,353553,N=n^(3/2),1,58,0.5843851239669422,2.4479151644142663,0.2332507478559256,2.2146644165583407,0.0561811634600593
5000,353553,N=n^(3/2),1,59,0.5843851239669422,2.6312007684316137,0.3380451064045524,2.2931556620270612,-0.0532491751520753
5000,353553,N=n^(3/2),1,60,0.5843851239669422,3.8618682558071766,1.234253996472222,2.6276142593349547,0.0110622505911914
5000,353553,N=n^(3/2),1,61,0.5843851239669422,2.6125529786679795,0.0410282462386054,2.571524732429374,0.0232200439175644
5000,353553,N=n^(3/2),1,62,0.5843851239669422,2.952248781677447,0.6921894761296523,2.260059305547795,0.0374793446424367
5000,353553,N=n^(3/2),1,63,0.5843851239669422,3.0950218387481137,0.4150523809190927,2.6799694578290207,0.0346438268406362
5000,353553,N=n^(3/2),1,64,0.5843851239669422,2.2343098525196488,0.1945220381342909,2.039787814385358,-0.0034229740377098
5000,353553,N=n^(3/2),1,65,0.5843851239669422,3.9536506313923425,0.7386619347641137,3.214988696628229,-0.0374689142487289
5000,353553,N=n^(3/2),1,66,0.5843851239669422,2.9913372524661463,0.8999547694107342,2.091382483055412,-0.0182334286196079
5000,353553,N=n^(3/2),1,67,0.5843851239669422,2.956662572393977,0.7340508472531878,2.222611725140789,0.009121955592957
5000,353553,N=n^(3/2),1,68,0.5843851239669422,4.036935507902784,1.9622420435344097,2.0746934643683748,0.067280981689317
5000,353553,N=n^(3/2),1,69,0.5843851239669422,2.496410594704536,0.2963451492122683,2.2000654454922675,-0.0091156245898128
5000,353553,N=n^(3/2),1,70,0.5843851239669422,2.371750378498031,0.0424524920473172,2.329297886450714,0.0183521546393455
5000,353553,N=n^(3/2),1,71,0.5843851239669422,2.7092715676486483,0.1010137569339136,2.6082578107147345,0.0335375945942203
5000,353553,N=n^(3/2),1,72,0.5843851239669422,3.796180698289171,1.4804622744636808,2.31571842382549,0.0080605754454749
5000,353553,N=n^(3/2),1,73,0.5843851239669422,4.415998614808753,2.331829931550254,2.0841686832584987,-0.0694858343104737
5000,353553,N=n^(3/2),1,74,0.5843851239669422,2.673958621709885,0.0583407629903129,2.615617858719572,-0.068780363684864
5000,353553,N=n^(3/2),1,75,0.5843851239669422,2.873471070826278,0.5834985186825512,2.289972552143727,0.0084961928422996
5000,353553,N=n^(3/2),1,76,0.5843851239669422,2.9250966529243554,0.2192006304372507,2.7058960224871047,0.0009143746456988
5000,353553,N=n^(3/2),1,77,0.5843851239669422,2.3262867820388036,0.2032115716664441,2.1230752103723596,-0.0460991080567866
5000,353553,N=n^(3/2),1,78,0.5843851239669422,2.497969301481937,0.3725346992821909,2.1254346021997463,-0.0155539432082895
5000,353553,N=n^(3/2),1,79,0.5843851239669422,2.865235233627722,0.5413134965861697,2.3239217370415517,-0.0672158809527525
5000,353553,N=n^(3/2),1,80,0.5843851239669422,2.6164055728457813,0.0473899216291411,2.56901565121664,0.0538099139210374
5000,353553,N=n^(3/2),1,81,0.5843851239669422,3.412384395465162,1.3095750699692283,2.102809325495933,0.0626327385854021
5000,353553,N=n^(3/2),1,82,0.5843851239669422,2.5555249979100245,0.3131099269120583,2.242415070997966,-0.0713916288178233
5000,353553,N=n^(3/2),1,83,0.5843851239669422,3.0504001331169626,0.7347428352679692,2.3156572978489933,0.0514858704305993
5000,353553,N=n^(3/2),1,84,0.5843851239669422,2.917363058164485,0.3269678473501849,2.5903952108143,-0.0410589779943581
5000,353553,N=n^(3/2),1,85,0.5843851239669422,3.3933600208890695,0.9666287864913838,2.4267312343976855,0.0071124544410578
5000,353553,N=n^(3/2),1,86,0.5843851239669422,2.586108136869269,0.4420420187148954,2.144066118154374,0.0890561598880717
5000,353553,N=n^(3/2),1,87,0.5843851239669422,4.637500904058044,1.4527872649346345,3.1847136391234088,-0.0209299587378144
5000,353553,N=n^(3/2),1,88,0.5843851239669422,2.982352095774913,0.9852972034519004,1.9970548923230125,0.008104338477604
5000,353553,N=n^(3/2),1,89,0.5843851239669422,3.105791243156682,0.2980295070927352,2.807761736063947,0.0029869439883609
5000,353553,N=n^(3/2),1,90,0.5843851239669422,3.2147145218114215,0.6638931503945623,2.550821371416859,-0.0052332424383092
5000,353553,N=n^(3/2),1,91,0.5843851239669422,2.712034525504279,0.1459856730269365,2.5660488524773424,-0.0158486134904792
5000,353553,N=n^(3/2),1,92,0.5843851239669422,3.1514471936662054,1.1255093498990596,2.025937843767146,0.0376411511266271
5000,353553,N=n^(3/2),1,93,0.5843851239669422,2.5477721878844775,0.4499718357518295,2.097800352132648,-0.0103105831068138
5000,353553,N=n^(3/2),1,94,0.5843851239669422,3.624338510138169,0.4678008862303419,3.156537623907827,-0.0527289552731655
5000,353553,N=n^(3/2),1,95,0.5843851239669422,3.3308950406620905,1.2606691452585923,2.0702258954034978,-0.0199947083208628
5000,353553,N=n^(3/2),1,96,0.5843851239669422,2.9362040055605085,0.5570347036039094,2.3791693019565994,0.0374070906776214
5000,353553,N=n^(3/2),1,97,0.5843851239669422,2.9089238603454,0.1751018883094987,2.7338219720359014,-0.0153615693501515
5000,353553,N=n^(3/2),1,98,0.5843851239669422,3.9443392657790226,1.3426128582644004,2.6017264075146223,0.0164491108840349
5000,353553,N=n^(3/2),1,99,0.5843851239669422,3.296424099420855,0.9123929946378228,2.3840311047830323,-0.0026543360154078
5000,353553,N=n^(3/2),1,100,0.5843851239669422,2.6074037625668716,0.3106094207468254,2.2967943418200463,-0.0477749507658928
5000,25000000,N=n^2,1,0,41.32231404958678,2.473204642196824,0.3653750783609124,2.107829563835912,0.0181286819896342
5000,25000000,N=n^2,1,1,41.32231404958678,3.0606947357326666,0.7600180074536729,2.3006767282789937,0.1187174734451477
5000,25000000,N=n^2,1,2,41.32231404958678,3.094047689590317,0.7955248452092808,2.2985228443810364,-0.0101568858167441
5000,25000000,N=n^2,1,3,41.32231404958678,4.023479275162478,2.2560801240334794,1.7673991511289984,-0.0160652027645863
5000,25000000,N=n^2,1,4,41.32231404958678,2.246292443896155,0.6027537165680237,1.6435387273281314,0.0358489617681034
5000,25000000,N=n^2,1,5,41.32231404958678,1.989425167471345,0.0440479491436631,1.9453772183276816,0.0194216927087915
5000,25000000,N=n^2,1,6,41.32231404958678,4.355836026708433,2.642692185057552,1.713143841650881,0.0420503001800953
5000,25000000,N=n^2,1,7,41.32231404958678,2.6070224590265507,0.4911643268173389,2.115858132209212,0.0742578184461753
5000,25000000,N=n^2,1,8,41.32231404958678,2.6025125845063917,0.23980946365275,2.3627031208536415,-0.026336381218211
5000,25000000,N=n^2,1,9,41.32231404958678,2.910321059496909,0.6643937057456353,2.2459273537512736,0.0917613784375156
5000,25000000,N=n^2,1,10,41.32231404958678,3.7370569584739295,1.1959317990555298,2.541125159418399,0.0396045839641748
5000,25000000,N=n^2,1,11,41.32231404958678,2.4364157652066294,0.2222069567707787,2.214208808435851,-0.0264702817412438
5000,25000000,N=n^2,1,12,41.32231404958678,2.3223536132141884,0.4054806347298427,1.9168729784843457,-0.0057504115052628
5000,25000000,N=n^2,1,13,41.32231404958678,2.01578171386104,0.2916650214490931,1.7241166924119469,-0.0682822506516062
5000,25000000,N=n^2,1,14,41.32231404958678,1.8171493827493204,0.0487801639195998,1.7683692188297204,-0.0271675468963794
5000,25000000,N=n^2,1,15,41.32231404958678,3.514111932053657,0.6205110942325655,2.893600837821092,-0.1323440571476646
5000,25000000,N=n^2,1,16,41.32231404958678,2.2491319446715323,0.6303637797422397,1.6187681649292929,-0.0096119534018736
5000,25000000,N=n^2,1,17,41.32231404958678,3.2749303880283778,1.581151756802749,1.6937786312256282,-0.002838275412877
5000,25000000,N=n^2,1,18,41.32231404958678,2.4486092889608235,0.3628379636134859,2.085771325347338,0.0748146021726042
5000,25000000,N=n^2,1,19,41.32231404958678,3.5352677668741923,1.136590540448163,2.398677226426029,-0.028540965150212
5000,25000000,N=n^2,1,20,41.32231404958678,3.4848059418130086,1.5583970637098183,1.9264088781031905,0.0446043214497823
5000,25000000,N=n^2,1,21,41.32231404958678,2.1081920978532716,0.0760543314448019,2.0321377664084697,-0.0219920829796895
5000,25000000,N=n^2,1,22,41.32231404958678,3.416312853062244,1.1632744383547489,2.253038414707495,0.0107058017311436
5000,25000000,N=n^2,1,23,41.32231404958678,1.8662872336760508,0.2011043432596579,1.6651828904163928,-0.1025366052681606
5000,25000000,N=n^2,1,24,41.32231404958678,3.551713904141952,1.6576513131413273,1.8940625910006244,0.0765489900618394
5000,25000000,N=n^2,1,25,41.32231404958678,2.674093050650689,0.3168434488879236,2.3572496017627653,0.0242893632492328
5000,25000000,N=n^2,1,26,41.32231404958678,2.249257893089773,0.1310129347657563,2.1182449583240164,-0.0201894512113012
5000,25000000,N=n^2,1,27,41.32231404958678,2.547803667147845,0.0613492694333647,2.48645439771448,0.0557308673398522
5000,25000000,N=n^2,1,28,41.32231404958678,3.72225872401638,0.7449657787018559,2.977292945314524,-0.1242931849139111
5000,25000000,N=n^2,1,29,41.32231404958678,2.3310466743665557,0.1435565303702436,2.187490143996312,-0.0309562961535741
5000,25000000,N=n^2,1,30,41.32231404958678,1.7868248862147165,0.1741259192681616,1.6126989669465548,0.0737839326676013
5000,25000000,N=n^2,1,31,41.32231404958678,2.824698506476931,0.3106275425604518,2.5140709639164793,-0.0195588574910031
5000,25000000,N=n^2,1,32,41.32231404958678,3.2902261105516626,1.0095518729827384,2.280674237568924,-0.0008573527231512
5000,25000000,N=n^2,1,33,41.32231404958678,3.044063919421648,0.6285164268077481,2.4155474926139,-0.0094808274060897
5000,25000000,N=n^2,1,34,41.32231404958678,2.520688306940549,0.4603759786677995,2.060312328272749,-0.03517355534651
5000,25000000,N=n^2,1,35,41.32231404958678,2.4890904301092607,0.1905590906890741,2.2985313394201867,-0.0294683865147583
5000,25000000,N=n^2,1,36,41.32231404958678,3.203886482866744,1.371952656260214,1.83193382660653,0.0585912555840189
5000,25000000,N=n^2,1,37,41.32231404958678,2.8638925741100327,0.4226031781666786,2.441289395943354,0.0255724275422692
5000,25000000,N=n^2,1,38,41.32231404958678,2.1306692752530068,0.1019486233491389,2.0287206519038676,0.0006451338584057
5000,25000000,N=n^2,1,39,41.32231404958678,2.4445581179642653,0.2210016102426187,2.2235565077216464,0.0595515191319631
5000,25000000,N=n^2,1,40,41.32231404958678,2.6027766435958126,0.9500755955582848,1.6527010480375282,-0.0113986713112789
5000,25000000,N=n^2,1,41,41.32231404958678,3.275336379511363,0.5302413755146979,2.7450950039966653,-0.0063119128081772
5000,25000000,N=n^2,1,42,41.32231404958678,2.910188802038305,0.8538170476755618,2.0563717543627433,-0.0557666162912914
5000,25000000,N=n^2,1,43,41.32231404958678,2.4703301314827932,0.0333910797479824,2.436939051734811,-0.0138240122797959
5000,25000000,N=n^2,1,44,41.32231404958678,2.5016894982431275,0.1853785316840089,2.3163109665591186,-0.0680052664815387
5000,25000000,N=n^2,1,45,41.32231404958678,3.5482668887686,1.3685205583630256,2.179746330405574,-0.0123156617404587
5000,25000000,N=n^2,1,46,41.32231404958678,2.5588446727676173,0.2441280932325618,2.3147165795350553,0.0630326988270966
5000,25000000,N=n^2,1,47,41.32231404958678,3.171682117758734,0.5179050098119945,2.6537771079467394,-0.0233614572456349
5000,25000000,N=n^2,1,48,41.32231404958678,3.6429800041139697,2.3168268052857055,1.3261531988282638,0.0029800571670282
5000,25000000,N=n^2,1,49,41.32231404958678,2.9237702448627285,0.9194074773246328,2.0043627675380957,-0.0078478581498402
5000,25000000,N=n^2,1,50,41.32231404958678,3.0099082052713344,0.7263197453811359,2.2835884598901988,0.025573057750439
5000,25000000,N=n^2,1,51,41.32231404958678,3.204616976554851,1.2246602487937606,1.97995672776109,-0.047326444716025
5000,25000000,N=n^2,1,52,41.32231404958678,2.2185914195515357,0.165366838211681,2.053224581339854,0.0242101211368462
5000,25000000,N=n^2,1,53,41.32231404958678,2.167072600394532,0.3698770163966132,1.7971955839979188,0.0025517747227901
5000,25000000,N=n^2,1,54,41.32231404958678,3.72143876880778,1.6853484511639794,2.0360903176438008,-0.0693311212642304
5000,25000000,N=n^2,1,55,41.32231404958678,2.6669162930689123,0.6742606388938096,1.9926556541751024,0.1043368728361321
5000,25000000,N=n^2,1,56,41.32231404958678,2.3161893098506545,0.1453656745034892,2.1708236353471655,-0.002054311125279
5000,25000000,N=n^2,1,57,41.32231404958678,2.0621515960300085,0.3909622329375352,1.6711893630924737,-0.0475789279164721
5000,25000000,N=n^2,1,58,41.32231404958678,2.569553312945227,0.398392755767431,2.171160557177796,-0.0205994252483168
5000,25000000,N=n^2,1,59,41.32231404958678,2.52869819586961,0.4931239624532638,2.0355742334163462,0.0274788229684915
5000,25000000,N=n^2,1,60,41.32231404958678,2.794656901418734,0.8574944985473796,1.9371624028713548,0.0188626782785163
5000,25000000,N=n^2,1,61,41.32231404958678,2.2805866001666546,0.5144478330715352,1.7661387670951196,0.0842058573714548
5000,25000000,N=n^2,1,62,41.32231404958678,2.8821581472632953,1.1834582589736478,1.6986998882896476,-0.0013031154386787
5000,25000000,N=n^2,1,63,41.32231404958678,2.6638682266092872,0.6031083442760664,2.0607598823332207,0.0740321936024895
5000,25000000,N=n^2,1,64,41.32231404958678,2.4496403247503067,0.6128069849952859,1.836833339755021,-0.0694596102332689
5000,25000000,N=n^2,1,65,41.32231404958678,3.582093629408872,0.8156385212310708,2.7664551081778015,0.0735151003048349
5000,25000000,N=n^2,1,66,41.32231404958678,3.5227687000874663,1.4292874105862283,2.093481289501238,0.0205577864621365
5000,25000000,N=n^2,1,67,41.32231404958678,2.6599848321571544,1.049081372897654,1.6109034592595002,-0.0118380368274928
5000,25000000,N=n^2,1,68,41.32231404958678,4.2485435867938675,2.660345388544603,1.5881981982492643,-0.039427860459549
5000,25000000,N=n^2,1,69,41.32231404958678,2.1565734958007665,0.3855324557306609,1.7710410400701058,0.028396589772953
5000,25000000,N=n^2,1,70,41.32231404958678,2.3784387321755096,0.3087372453127372,2.069701486862773,-0.0261535591063165
5000,25000000,N=n^2,1,71,41.32231404958678,1.8867060708132035,0.0451387930477774,1.8415672777654264,0.0149844140044385
5000,25000000,N=n^2,1,72,41.32231404958678,2.5132332356445524,0.9584039800422136,1.554829255602339,-0.0300820643842076
5000,25000000,N=n^2,1,73,41.32231404958678,2.3865385106056873,0.7433320671672626,1.6432064434384248,0.042278717216542
5000,25000000,N=n^2,1,74,41.32231404958678,2.312666811484679,0.2255712774230259,2.0870955340616533,0.0465339353992055
5000,25000000,N=n^2,1,75,41.32231404958678,2.456763134927268,0.2056185931609297,2.2511445417663385,-0.0734177717911187
5000,25000000,N=n^2,1,76,41.32231404958678,3.270165330581116,0.7635095138844856,2.50665581669663,0.070025051840718
5000,25000000,N=n^2,1,77,41.32231404958678,2.0619124607019543,0.052566548982817,2.0093459117191372,0.0218651882876265
5000,25000000,N=n^2,1,78,41.32231404958678,2.220839786792141,0.7188485783866648,1.5019912084054765,0.016378989017223
5000,25000000,N=n^2,1,79,41.32231404958678,1.9216466224037363,0.2799795476281923,1.641667074775544,-0.0328058322972711
5000,25000000,N=n^2,1,80,41.32231404958678,2.9419146851906817,0.4834632567845904,2.458451428406091,0.0218393146587536
5000,25000000,N=n^2,1,81,41.32231404958678,3.2193098406807463,0.9761616621718466,2.2431481785089,0.0112180126680788
5000,25000000,N=n^2,1,82,41.32231404958678,2.6692525347879323,0.3983766160465433,2.270875918741389,-0.0335064962622579
5000,25000000,N=n^2,1,83,41.32231404958678,3.2714694686585117,1.8031427819918089,1.4683266866667033,0.0256280315751502
5000,25000000,N=n^2,1,84,41.32231404958678,2.547946245826741,0.3011806710087416,2.2467655748179993,-0.0147487988968135
5000,25000000,N=n^2,1,85,41.32231404958678,2.4529288572739376,0.5310837382959267,1.9218451189780108,-0.0726854411760644
5000,25000000,N=n^2,1,86,41.32231404958678,2.8313872520624885,0.8650018382600503,1.9663854138024384,0.1024562395827877
5000,25000000,N=n^2,1,87,41.32231404958678,2.3563760826010296,0.1620041478855901,2.1943719347154396,-0.0675754952424335
5000,25000000,N=n^2,1,88,41.32231404958678,3.3177484347319695,1.287580465986782,2.0301679687451877,-0.0376291130674804
5000,25000000,N=n^2,1,89,41.32231404958678,2.4764105371151404,0.2927173585870272,2.183693178528113,0.0099624954382551
5000,25000000,N=n^2,1,90,41.32231404958678,2.688634851183637,0.797214298062003,1.891420553121634,-0.0223949986694595
5000,25000000,N=n^2,1,91,41.32231404958678,2.6355642070114995,0.0842744097896867,2.5512897972218127,0.1208665611317936
5000,25000000,N=n^2,1,92,41.32231404958678,2.5602189076241917,0.1670581286082537,2.393160779015938,-0.0887780620002479
5000,25000000,N=n^2,1,93,41.32231404958678,2.7828612282941205,0.2923792951022865,2.490481933191834,-0.004168796541839
5000,25000000,N=n^2,1,94,41.32231404958678,2.7775555071428495,0.3055081266720444,2.472047380470805,-0.019321452060475
5000,25000000,N=n^2,1,95,41.32231404958678,2.857129905690095,0.2777693953843529,2.579360510305742,-0.011250376305102
5000,25000000,N=n^2,1,96,41.32231404958678,3.0487340317858176,0.5467628938017426,2.501971137984075,0.0548759826668963
5000,25000000,N=n^2,1,97,41.32231404958678,2.1731638083786677,0.2302641902322976,1.9428996181463705,-0.0412966417913408
5000,25000000,N=n^2,1,98,41.32231404958678,2.4247815955378265,0.6878414478379238,1.736940147699903,-0.0565562456763568
5000,25000000,N=n^2,1,99,41.32231404958678,2.330211476725405,0.5144678702912975,1.8157436064341077,0.0107370728750338
5000,25000000,N=n^2,1,100,41.32231404958678,2.5723434375995504,0.4288244258490181,2.1435190117505325,0.0091171609637102
